b0154,GCF_000005845.2,NP_414696.1,426,1-426,426,COG0001,COG0001,0,631.0,1.0e-200,432,4-429
b3958,GCF_000005845.2,NP_418393.1,334,1-334,334,COG0002,COG0002,0,415.0,1.2e-145,349,2-342
b0451,GCF_000005845.2,NP_414985.1,428,1-428,428,COG0004,COG0004,0,404.0,5.41e-139,409,2-403
b2407,GCF_000005845.2,NP_416902.1,277,1-277,277,COG0005,COG0005,0,249.0,7.24e-83,262,1-262
b2385,GCF_000005845.2,NP_416886.1,361,1-361,361,COG0006,COG0006,0,287.0,1.38e-94,384,11-382
b2908,GCF_000005845.2,NP_417384.1,441,1-441,441,COG0006,COG0006,0,284.0,1.81e-92,384,2-375
b3847,GCF_000005845.2,NP_418289.1,443,1-443,443,COG0006,COG0006,0,172.0,3.91e-49,384,9-375
b3368,GCF_000005845.2,NP_417827.1,457,212-457,246,COG0007,COG0007,1,329.0,3.48e-112,244,1-243
b0144,GCF_000005845.2,NP_414686.3,308,1-308,308,COG0008,COG0008,2,304.0,1.05e-100,472,1-317
b0680,GCF_000005845.2,NP_415206.1,554,1-554,554,COG0008,COG0008,0,425.0,1.99e-144,472,1-472
b2400,GCF_000005845.2,NP_416899.1,471,1-471,471,COG0008,COG0008,0,526.0,1.0e-200,472,9-472
b1267,GCF_000005845.2,NP_415783.6,206,1-206,206,COG0009,COG0009,0,241.0,3.03e-81,211,1-204
b3282,GCF_000005845.2,NP_417741.1,190,1-190,190,COG0009,COG0009,0,197.0,3.67e-64,211,8-197
b2937,GCF_000005845.2,NP_417412.1,306,1-306,306,COG0010,COG0010,0,241.0,2.02e-78,305,1-305
b1203,GCF_000005845.2,NP_415721.1,363,1-363,363,COG0012,COG0012,0,515.0,1.0e-200,372,1-372
b2697,GCF_000005845.2,NP_417177.1,876,1-876,876,COG0013,COG0013,0,1198.0,1.0e-200,879,4-879
b0243,GCF_000005845.2,NP_414778.1,417,1-417,417,COG0014,COG0014,0,600.0,1.0e-200,417,4-417
b1131,GCF_000005845.2,NP_415649.1,456,1-456,456,COG0015,COG0015,0,418.0,1.33e-143,438,1-436
b1714,GCF_000005845.2,NP_416229.1,327,1-327,327,COG0016,COG0016,0,458.0,5.19e-163,335,3-335
b0930,GCF_000005845.2,NP_415450.1,466,1-466,466,COG0017,COG0017,0,535.0,1.0e-200,435,2-435
b1876,GCF_000005845.2,NP_416390.1,577,1-577,577,COG0018,COG0018,0,636.0,1.0e-200,577,1-577
b2838,GCF_000005845.2,NP_417315.1,420,1-420,420,COG0019,COG0019,0,362.0,7.41e-123,394,1-394
b0174,GCF_000005845.2,NP_414716.1,253,1-253,253,COG0020,COG0020,0,342.0,5.68e-120,245,1-245
b2465,GCF_000005845.2,NP_416960.1,667,1-667,667,COG0021,COG0021,0,1041.0,1.0e-200,663,5-662
b2935,GCF_000005845.2,YP_026188.1,663,1-663,663,COG0021,COG0021,0,1055.0,1.0e-200,663,3-662
b1282,GCF_000005845.2,NP_415798.2,108,1-108,108,COG0023,COG0023,0,100.0,7.37e-29,104,1-102
b0168,GCF_000005845.2,NP_414710.1,264,1-264,264,COG0024,COG0024,0,356.0,4.64e-125,255,1-255
b4065,GCF_000005845.2,NP_418489.1,549,1-449,449,COG0025,COG0025,1,246.0,8.31e-76,429,6-429
b0522,GCF_000005845.2,NP_415055.1,355,1-355,355,COG0026,COG0026,0,421.0,1.42e-147,375,1-375
b1849,GCF_000005845.2,NP_416363.1,392,1-392,392,COG0027,COG0027,0,622.0,1.0e-200,394,1-394
b0871,GCF_000005845.2,NP_415392.1,572,1-572,572,COG0028,COG0028,0,463.0,5.92e-158,550,1-547
b2373,GCF_000005845.2,NP_416874.1,564,1-564,564,COG0028,COG0028,0,393.0,1.33e-130,550,1-534
b3671,GCF_000005845.2,NP_418127.1,562,1-562,562,COG0028,COG0028,0,611.0,1.0e-200,550,3-549
b0077,GCF_000005845.2,YP_025294.2,574,1-574,574,COG0028,COG0028,0,660.0,1.0e-200,550,1-549
b2574,GCF_000005845.2,NP_417069.1,540,1-540,540,COG0029,COG0029,0,717.0,1.0e-200,518,1-518
b0051,GCF_000005845.2,NP_414593.1,273,1-273,273,COG0030,COG0030,0,333.0,6.68e-116,259,4-259
b2414,GCF_000005845.2,NP_416909.1,323,1-323,323,COG0031,COG0031,0,366.0,1.94e-127,300,1-300
b2421,GCF_000005845.2,NP_416916.1,303,1-303,303,COG0031,COG0031,0,377.0,4.31e-132,300,2-300
b0688,GCF_000005845.2,NP_415214.1,546,1-546,546,COG0033,COG0033,0,729.0,1.0e-200,524,1-523
b2312,GCF_000005845.2,NP_416815.1,505,1-505,505,COG0034,COG0034,0,618.0,1.0e-200,470,4-470
b2498,GCF_000005845.2,NP_416993.2,208,1-208,208,COG0035,COG0035,0,285.0,8.31e-99,210,2-210
b3386,GCF_000005845.2,NP_417845.1,225,1-225,225,COG0036,COG0036,0,309.0,9.59e-108,220,1-220
b4085,GCF_000005845.2,NP_418509.1,231,1-231,231,COG0036,COG0036,0,252.0,5.06e-85,220,4-220
b4301,GCF_000005845.2,NP_418721.1,210,1-210,210,COG0036,COG0036,0,223.0,5.11e-74,220,4-216
b0188,GCF_000005845.2,NP_414730.1,432,1-293,293,COG0037,COG0037,1,196.0,1.4e-59,298,13-287
b1344,GCF_000005845.2,NP_415860.1,311,1-311,311,COG0037,COG0037,0,205.0,2.36e-64,298,1-270
b0155,GCF_000005845.2,NP_414697.1,473,1-473,473,COG0038,COG0038,0,234.0,9.0e-72,443,15-439
b1592,GCF_000005845.2,NP_416109.2,418,1-418,418,COG0038,COG0038,0,204.0,5.45e-61,443,14-432
b2389,GCF_000005845.2,NP_416890.1,418,1-418,418,COG0038,COG0038,0,131.0,1.21e-33,443,5-431
b3236,GCF_000005845.2,NP_417703.1,312,1-312,312,COG0039,COG0039,0,247.0,1.97e-80,313,1-313
b2019,GCF_000005845.2,NP_416523.1,299,1-299,299,COG0040,COG0040,0,351.0,6.99e-122,290,1-290
b0523,GCF_000005845.2,NP_415056.1,169,1-169,169,COG0041,COG0041,0,203.0,1.62e-67,162,1-162
b2140,GCF_000005845.2,NP_416645.1,315,1-315,315,COG0042,COG0042,0,301.0,9.17e-102,323,11-322
b3260,GCF_000005845.2,NP_417726.1,321,1-321,321,COG0042,COG0042,0,353.0,3.64e-122,323,2-322
b4049,GCF_000005845.2,NP_418473.3,345,1-345,345,COG0042,COG0042,0,308.0,5.31e-104,323,1-301
b3843,GCF_000005845.2,NP_418285.1,497,1-497,497,COG0043,COG0043,0,672.0,1.0e-200,477,1-477
b0512,GCF_000005845.2,NP_415045.1,453,1-453,453,COG0044,COG0044,0,450.0,1.66e-156,430,1-430
b2873,GCF_000005845.2,NP_417349.4,461,1-461,461,COG0044,COG0044,0,373.0,4.58e-126,430,1-430
b0728,GCF_000005845.2,NP_415256.1,388,1-388,388,COG0045,COG0045,0,520.0,1.0e-200,387,1-387
b2557,GCF_000005845.2,YP_026170.1,1295,159-1005,847,COG0046,COG0046,1,775.0,1.0e-200,743,1-730
b2557,GCF_000005845.2,YP_026170.1,1295,1006-1295,290,COG0047,COG0047,1,277.0,8.89e-86,231,1-231
b3342,GCF_000005845.2,NP_417801.1,124,1-124,124,COG0048,COG0048,0,184.0,2.34e-61,129,7-129
b3341,GCF_000005845.2,NP_417800.1,179,1-179,179,COG0049,COG0049,0,206.0,5.38e-69,148,1-148
b3339,GCF_000005845.2,NP_417798.1,394,1-394,394,COG0050,COG0050,0,682.0,1.0e-200,394,1-393
b3980,GCF_000005845.2,NP_418407.1,394,1-394,394,COG0050,COG0050,0,683.0,1.0e-200,394,1-393
b3321,GCF_000005845.2,NP_417780.1,103,1-103,103,COG0051,COG0051,0,157.0,2.15e-51,104,1-102
b0169,GCF_000005845.2,NP_414711.1,241,1-241,241,COG0052,COG0052,0,345.0,2.42e-121,252,1-234
b3915,GCF_000005845.2,NP_418350.1,300,1-300,300,COG0053,COG0053,0,272.0,9.8e-91,304,3-300
b0415,GCF_000005845.2,NP_414949.1,156,1-156,156,COG0054,COG0054,0,190.0,6.49e-63,152,1-151
b3732,GCF_000005845.2,NP_418188.1,460,1-460,460,COG0055,COG0055,0,829.0,1.0e-200,468,1-465
b3734,GCF_000005845.2,NP_418190.1,513,1-513,513,COG0056,COG0056,0,812.0,1.0e-200,504,1-502
b1779,GCF_000005845.2,NP_416293.1,331,1-331,331,COG0057,COG0057,0,477.0,1.24e-170,335,1-332
b2927,GCF_000005845.2,NP_417402.1,339,1-339,339,COG0057,COG0057,0,426.0,2.12e-150,335,1-335
b3428,GCF_000005845.2,NP_417886.1,815,1-815,815,COG0058,COG0058,0,887.0,1.0e-200,750,1-750
b3417,GCF_000005845.2,YP_026218.1,797,1-797,797,COG0058,COG0058,0,847.0,1.0e-200,750,5-750
b3774,GCF_000005845.2,NP_418222.1,491,1-351,351,COG0059,COG0059,1,419.0,2.94e-145,338,1-338
b3774,GCF_000005845.2,NP_418222.1,491,352-491,140,COG0059,COG0059,3,84.9,5.31e-18,338,184-326
b0026,GCF_000005845.2,NP_414567.1,938,1-938,938,COG0060,COG0060,0,1301.0,1.0e-200,933,1-933
b2615,GCF_000005845.2,NP_417105.1,292,1-292,292,COG0061,COG0061,0,295.0,4.72e-100,281,1-281
b4167,GCF_000005845.2,NP_418588.1,515,1-218,218,COG0062,COG0062,1,210.0,1.06e-65,203,1-203
b4167,GCF_000005845.2,NP_418588.1,515,219-515,297,COG0063,COG0063,1,268.0,7.2e-87,284,1-284
b0072,GCF_000005845.2,NP_414614.1,466,1-466,466,COG0065,COG0065,0,635.0,1.0e-200,423,1-423
b0071,GCF_000005845.2,NP_414613.1,201,1-201,201,COG0066,COG0066,0,285.0,5.22e-99,191,2-190
b3212,GCF_000005845.2,NP_417679.2,1486,1-377,377,COG0067,COG0067,1,467.0,8.11e-153,371,2-371
b2712,GCF_000005845.2,NP_417192.1,750,1-750,750,COG0068,COG0068,0,871.0,1.0e-200,750,1-748
b3212,GCF_000005845.2,NP_417679.2,1486,693-1176,484,COG0069,COG0069,1,608.0,1.0e-200,485,1-485
b3212,GCF_000005845.2,NP_417679.2,1486,1177-1486,310,COG0070,COG0070,1,348.0,7.83e-110,301,1-301
b3686,GCF_000005845.2,NP_418141.2,142,1-142,142,COG0071,COG0071,0,112.0,2.3e-32,146,7-146
b3687,GCF_000005845.2,NP_418142.1,137,1-137,137,COG0071,COG0071,0,114.0,2.52e-33,146,7-146
b1713,GCF_000005845.2,NP_416228.1,795,145-795,651,COG0072,COG0072,1,715.0,1.0e-200,650,1-650
b1713,GCF_000005845.2,NP_416228.1,795,1-144,144,COG0073,COG0073,1,116.0,2.74e-31,123,1-123
b2114,GCF_000005845.2,NP_416617.1,677,556-677,122,COG0073,COG0073,1,99.8,2.45e-25,123,5-123
b3074,GCF_000005845.2,NP_417545.1,110,1-110,110,COG0073,COG0073,0,95.2,2.07e-26,123,8-123
b0320,GCF_000005845.2,NP_414854.1,515,1-372,372,COG0074,COG0074,1,191.0,5.02e-57,293,1-293
b0518,GCF_000005845.2,NP_415051.1,555,1-362,362,COG0074,COG0074,1,202.0,9.89e-61,293,1-272
b0729,GCF_000005845.2,NP_415257.1,289,1-289,289,COG0074,COG0074,0,426.0,9.18e-152,293,1-290
b1493,GCF_000005845.2,NP_416010.1,466,1-466,466,COG0076,COG0076,0,401.0,1.03e-136,460,7-456
b3517,GCF_000005845.2,NP_417974.1,466,1-466,466,COG0076,COG0076,0,401.0,1.22e-136,460,7-456
b2599,GCF_000005845.2,NP_417090.1,386,100-386,287,COG0077,COG0077,1,347.0,2.74e-119,279,4-279
b0273,GCF_000005845.2,NP_414807.1,334,1-334,334,COG0078,COG0078,0,453.0,1.67e-161,310,1-310
b4254,GCF_000005845.2,NP_418675.1,334,1-334,334,COG0078,COG0078,0,455.0,4.84e-162,310,1-310
b2870,GCF_000005845.2,YP_026185.1,396,1-396,396,COG0078,COG0078,0,288.0,1.59e-95,310,1-310
b2021,GCF_000005845.2,NP_416525.1,356,1-356,356,COG0079,COG0079,0,347.0,1.42e-118,356,1-350
b3983,GCF_000005845.2,NP_418410.1,142,1-142,142,COG0080,COG0080,0,198.0,1.38e-66,141,1-139
b3984,GCF_000005845.2,NP_418411.1,234,1-234,234,COG0081,COG0081,0,272.0,1.08e-92,228,1-228
b2329,GCF_000005845.2,NP_416832.1,361,1-361,361,COG0082,COG0082,0,525.0,1.0e-200,369,1-366
b0003,GCF_000005845.2,NP_414544.1,310,1-310,310,COG0083,COG0083,0,360.0,2.38e-125,299,3-299
b1100,GCF_000005845.2,NP_415618.1,265,1-265,265,COG0084,COG0084,0,308.0,3.05e-106,256,1-256
b4483,GCF_000005845.2,YP_026271.1,260,1-260,260,COG0084,COG0084,0,279.0,1.29e-94,256,3-256
b4378,GCF_000005845.2,YP_026291.2,259,1-259,259,COG0084,COG0084,0,296.0,1.37e-101,256,2-256
b3987,GCF_000005845.2,NP_418414.1,1342,1-252=360-934=1038-1342,1132,COG0085,COG0085,1,1337.1,1.0e-200,1060,1-224=225-806=807-1057
b3988,GCF_000005845.2,NP_418415.1,1407,1-853,853,COG0086,COG0086,1,902.0,1.0e-200,808,7-808
b3320,GCF_000005845.2,NP_417779.1,209,1-209,209,COG0087,COG0087,0,277.0,3.1e-95,218,1-212
b3319,GCF_000005845.2,NP_417778.1,201,1-201,201,COG0088,COG0088,0,199.0,7.29e-65,214,2-211
b3318,GCF_000005845.2,NP_417777.1,100,1-100,100,COG0089,COG0089,0,109.0,1.01e-32,94,1-94
b3317,GCF_000005845.2,NP_417776.1,273,1-273,273,COG0090,COG0090,0,396.0,2.05e-140,275,1-275
b3315,GCF_000005845.2,NP_417774.1,110,1-110,110,COG0091,COG0091,0,138.0,1.41e-43,120,9-118
b3314,GCF_000005845.2,NP_417773.1,233,1-233,233,COG0092,COG0092,0,291.0,2.51e-100,233,1-223
b3310,GCF_000005845.2,NP_417769.1,123,1-123,123,COG0093,COG0093,0,183.0,5.66e-61,122,1-122
b3308,GCF_000005845.2,NP_417767.1,179,1-179,179,COG0094,COG0094,0,268.0,6.54e-93,180,1-179
b4386,GCF_000005845.2,NP_418803.1,338,1-248,248,COG0095,COG0095,1,220.0,9.63e-71,248,1-248
b3306,GCF_000005845.2,NP_417765.1,130,1-130,130,COG0096,COG0096,0,174.0,3.93e-57,132,1-131
b3305,GCF_000005845.2,NP_417764.1,177,1-177,177,COG0097,COG0097,0,225.0,6.01e-76,178,1-176
b3303,GCF_000005845.2,NP_417762.1,167,1-167,167,COG0098,COG0098,0,211.0,1.95e-70,181,17-181
b3298,GCF_000005845.2,NP_417757.1,118,1-118,118,COG0099,COG0099,0,158.0,2.44e-51,121,1-119
b3297,GCF_000005845.2,NP_417756.1,129,1-129,129,COG0100,COG0100,0,195.0,1.32e-65,129,1-129
b2318,GCF_000005845.2,NP_416821.1,270,1-270,270,COG0101,COG0101,0,358.0,2.07e-125,266,1-262
b3231,GCF_000005845.2,NP_417698.1,142,1-142,142,COG0102,COG0102,0,209.0,8.28e-71,148,1-143
b3230,GCF_000005845.2,NP_417697.1,130,1-130,130,COG0103,COG0103,0,174.0,2.96e-57,130,1-130
b4177,GCF_000005845.2,NP_418598.1,432,1-432,432,COG0104,COG0104,0,659.0,1.0e-200,430,1-430
b2518,GCF_000005845.2,NP_417013.1,143,1-143,143,COG0105,COG0105,0,203.0,1.68e-68,135,1-134
b2024,GCF_000005845.2,NP_416528.2,245,1-245,245,COG0106,COG0106,0,274.0,3.99e-93,241,3-241
b2025,GCF_000005845.2,NP_416529.1,258,1-258,258,COG0107,COG0107,0,397.0,2.04e-141,256,1-256
b3041,GCF_000005845.2,NP_417513.1,217,1-217,217,COG0108,COG0108,0,289.0,2.03e-100,203,1-203
b0428,GCF_000005845.2,NP_414962.1,296,1-296,296,COG0109,COG0109,0,286.0,4.48e-96,304,16-303
b0342,GCF_000005845.2,NP_414876.1,203,1-203,203,COG0110,COG0110,0,133.0,4.25e-39,190,9-190
b0459,GCF_000005845.2,NP_414992.1,183,1-183,183,COG0110,COG0110,0,138.0,1.55e-41,190,8-177
b2033,GCF_000005845.2,NP_416537.1,196,1-196,196,COG0110,COG0110,0,97.8,1.91e-25,190,16-187
b2054,GCF_000005845.2,NP_416558.1,182,1-182,182,COG0110,COG0110,0,125.0,2.56e-36,190,5-178
b1033,GCF_000005845.2,NP_415551.2,312,1-312,312,COG0111,COG0111,0,247.0,1.45e-80,324,3-324
b2320,GCF_000005845.2,NP_416823.1,378,1-296,296,COG0111,COG0111,1,190.0,9.71e-58,324,2-322
b2913,GCF_000005845.2,NP_417388.1,410,1-336,336,COG0111,COG0111,1,312.0,1.44e-104,324,1-324
b2551,GCF_000005845.2,NP_417046.1,417,1-417,417,COG0112,COG0112,0,647.0,1.0e-200,413,4-412
b0369,GCF_000005845.2,NP_414903.4,324,1-324,324,COG0113,COG0113,0,475.0,4.1e-170,330,3-326
b1611,GCF_000005845.2,NP_416128.1,467,1-467,467,COG0114,COG0114,0,800.0,1.0e-200,462,1-462
b1096,GCF_000005845.2,NP_415614.1,269,1-269,269,COG0115,COG0115,0,192.0,3.68e-60,284,3-278
b3770,GCF_000005845.2,YP_026247.1,309,1-309,309,COG0115,COG0115,0,279.0,8.83e-94,284,1-284
b0948,GCF_000005845.2,NP_415468.1,702,1-351,351,COG0116,COG0116,1,458.0,5.98e-157,381,2-378
b0414,GCF_000005845.2,NP_414948.1,367,1-143,143,COG0117,COG0117,1,240.0,4.78e-80,146,5-146
b2023,GCF_000005845.2,NP_416527.1,196,1-196,196,COG0118,COG0118,0,295.0,3.42e-103,204,2-202
b0074,GCF_000005845.2,NP_414616.1,523,1-414,414,COG0119,COG0119,1,427.0,1.14e-146,409,1-409
b0352,GCF_000005845.2,NP_414886.1,337,1-337,337,COG0119,COG0119,2,204.0,3.32e-62,409,1-337
b2914,GCF_000005845.2,NP_417389.1,219,1-219,219,COG0120,COG0120,0,278.0,1.04e-95,227,1-227
b0223,GCF_000005845.2,NP_414758.1,255,1-255,255,COG0121,COG0121,0,299.0,8.7e-103,252,1-248
b2068,GCF_000005845.2,NP_416572.1,282,1-282,282,COG0122,COG0122,0,213.0,2.96e-68,285,1-272
b2514,GCF_000005845.2,NP_417009.1,424,1-424,424,COG0124,COG0124,0,509.0,5.88e-180,429,1-428
b1098,GCF_000005845.2,NP_415616.1,213,1-213,213,COG0125,COG0125,0,218.0,2.57e-72,208,1-207
b2984,GCF_000005845.2,NP_417458.1,252,1-252,252,COG0125,COG0125,0,51.5,8.47e-08,208,5-202
b2986,GCF_000005845.2,NP_417460.1,230,1-230,230,COG0125,COG0125,0,65.0,1.27e-12,208,5-206
b2926,GCF_000005845.2,NP_417401.1,387,1-387,387,COG0126,COG0126,0,492.0,9.69e-175,395,2-395
b2954,GCF_000005845.2,NP_417429.1,197,1-197,197,COG0127,COG0127,0,252.0,3.0e-86,194,1-192
b0908,GCF_000005845.2,NP_415428.1,427,1-427,427,COG0128,COG0128,0,472.0,9.06e-166,428,1-425
b0269,GCF_000005845.2,NP_414803.1,655,1-655,655,COG0129,COG0129,0,518.0,6.48e-178,575,1-575
b1851,GCF_000005845.2,NP_416365.1,603,1-603,603,COG0129,COG0129,0,635.0,1.0e-200,575,4-570
b4297,GCF_000005845.2,NP_418717.1,655,1-655,655,COG0129,COG0129,0,522.0,2.37e-179,575,1-575
b3771,GCF_000005845.2,YP_026248.1,616,1-616,616,COG0129,COG0129,0,799.0,1.0e-200,575,8-575
b3166,GCF_000005845.2,NP_417635.1,314,1-314,314,COG0130,COG0130,0,261.0,1.21e-86,271,4-271
b2022,GCF_000005845.2,NP_416526.4,355,172-355,184,COG0131,COG0131,1,303.0,6.86e-104,195,1-195
b0778,GCF_000005845.2,NP_415299.1,225,1-225,225,COG0132,COG0132,0,274.0,5.29e-94,223,1-221
b1593,GCF_000005845.2,NP_416110.4,231,1-231,231,COG0132,COG0132,0,240.0,2.59e-80,223,1-222
b1261,GCF_000005845.2,NP_415777.1,397,1-397,397,COG0133,COG0133,0,693.0,1.0e-200,396,1-396
b1262,GCF_000005845.2,NP_415778.3,453,1-255,255,COG0134,COG0134,1,322.0,3.72e-109,254,1-253
b1262,GCF_000005845.2,NP_415778.3,453,256-453,198,COG0135,COG0135,1,217.0,9.86e-69,208,1-208
b2319,GCF_000005845.2,NP_416822.1,337,1-337,337,COG0136,COG0136,0,348.0,1.7e-119,334,1-334
b3433,GCF_000005845.2,NP_417891.1,367,1-367,367,COG0136,COG0136,0,357.0,1.09e-122,334,1-334
b3172,GCF_000005845.2,NP_417640.1,447,1-447,447,COG0137,COG0137,0,456.0,3.13e-159,403,1-403
b4006,GCF_000005845.2,NP_418434.1,529,1-529,529,COG0138,COG0138,0,776.0,1.0e-200,515,1-515
b2026,GCF_000005845.2,NP_416530.1,203,1-112,112,COG0139,COG0139,1,162.0,8.42e-52,111,2-111
b2026,GCF_000005845.2,NP_416530.1,203,113-203,91,COG0140,COG0140,1,124.0,2.11e-37,92,1-89
b2020,GCF_000005845.2,NP_416524.1,434,1-434,434,COG0141,COG0141,0,567.0,1.0e-200,425,1-425
b0421,GCF_000005845.2,NP_414955.1,299,1-299,299,COG0142,COG0142,0,236.0,2.35e-76,322,1-322
b3187,GCF_000005845.2,NP_417654.1,323,1-323,323,COG0142,COG0142,0,308.0,2.73e-104,322,1-321
b2114,GCF_000005845.2,NP_416617.1,677,1-555,555,COG0143,COG0143,1,673.0,1.0e-200,558,1-558
b1835,GCF_000005845.2,NP_416349.2,479,1-325,325,COG0144,COG0144,1,292.0,2.85e-95,355,49-355
b3289,GCF_000005845.2,NP_417747.1,429,103-429,327,COG0144,COG0144,1,362.0,2.46e-123,355,1-354
b1264,GCF_000005845.2,NP_415780.1,520,1-520,520,COG0147,COG0147,0,465.0,5.22e-161,462,2-462
b1812,GCF_000005845.2,NP_416326.1,453,1-453,453,COG0147,COG0147,0,482.0,1.76e-168,462,12-455
b2779,GCF_000005845.2,NP_417259.1,432,1-432,432,COG0148,COG0148,0,597.0,1.0e-200,423,1-423
b3919,GCF_000005845.2,NP_418354.1,255,1-255,255,COG0149,COG0149,0,307.0,7.19e-106,251,1-251
b2499,GCF_000005845.2,NP_416994.1,345,1-345,345,COG0150,COG0150,0,518.0,1.0e-200,345,1-343
b4005,GCF_000005845.2,NP_418433.1,429,1-429,429,COG0151,COG0151,0,656.0,1.0e-200,428,1-428
b2476,GCF_000005845.2,NP_416971.1,237,1-237,237,COG0152,COG0152,0,282.0,1.73e-96,247,1-235
b0757,GCF_000005845.2,NP_415278.1,382,1-382,382,COG0153,COG0153,0,500.0,8.07e-178,390,3-389
b2763,GCF_000005845.2,NP_417243.1,570,1-570,570,COG0155,COG0155,0,524.0,1.0e-200,510,8-509
b0776,GCF_000005845.2,NP_415297.1,384,1-384,384,COG0156,COG0156,0,399.0,5.25e-138,388,1-388
b3617,GCF_000005845.2,NP_418074.1,398,1-398,398,COG0156,COG0156,0,442.0,9.17e-155,388,2-388
b0109,GCF_000005845.2,NP_414651.1,297,1-297,297,COG0157,COG0157,0,322.0,1.25e-110,280,1-278
b4232,GCF_000005845.2,NP_418653.1,332,1-332,332,COG0158,COG0158,0,489.0,1.75e-175,326,1-326
b1260,GCF_000005845.2,NP_415776.1,268,1-268,268,COG0159,COG0159,0,316.0,5.69e-109,265,1-265
b1302,GCF_000005845.2,NP_415818.1,421,1-421,421,COG0160,COG0160,0,490.0,1.33e-172,447,16-445
b2662,GCF_000005845.2,NP_417148.1,426,1-426,426,COG0160,COG0160,0,524.0,1.0e-200,447,15-447
b0774,GCF_000005845.2,NP_415295.1,429,1-429,429,COG0161,COG0161,0,545.0,1.0e-200,449,1-449
b1637,GCF_000005845.2,NP_416154.1,424,1-424,424,COG0162,COG0162,0,475.0,4.07e-167,401,2-401
b2311,GCF_000005845.2,NP_416814.1,189,1-189,189,COG0163,COG0163,0,279.0,7.87e-97,191,2-188
b0183,GCF_000005845.2,NP_414725.1,198,1-198,198,COG0164,COG0164,0,257.0,7.0e-88,199,1-192
b3960,GCF_000005845.2,NP_418395.1,457,1-457,457,COG0165,COG0165,0,649.0,1.0e-200,459,3-458
b4025,GCF_000005845.2,NP_418449.1,549,1-549,549,COG0166,COG0166,0,555.0,1.0e-200,446,3-446
b0945,GCF_000005845.2,NP_415465.1,336,1-336,336,COG0167,COG0167,0,320.0,4.0e-109,310,3-288
b2147,GCF_000005845.2,NP_416652.4,411,1-328,328,COG0167,COG0167,1,284.0,5.38e-94,310,1-310
b2878,GCF_000005845.2,NP_417354.1,1032,188-366,179,COG0167,COG0167,3,48.0,7.24e-06,310,60-249
b1363,GCF_000005845.2,NP_415881.1,485,1-485,485,COG0168,COG0168,0,321.0,2.15e-104,499,2-488
b3849,GCF_000005845.2,YP_026273.1,483,1-483,483,COG0168,COG0168,0,379.0,3.82e-127,499,1-488
b1692,GCF_000005845.2,NP_416207.1,288,1-288,288,COG0169,COG0169,0,292.0,3.98e-99,283,2-277
b3281,GCF_000005845.2,NP_417740.1,272,1-272,272,COG0169,COG0169,0,296.0,4.69e-101,283,6-283
b1740,GCF_000005845.2,NP_416254.1,275,1-275,275,COG0171,COG0171,0,276.0,4.07e-93,268,1-263
b0893,GCF_000005845.2,NP_415413.1,430,1-430,430,COG0172,COG0172,0,586.0,1.0e-200,429,1-426
b1866,GCF_000005845.2,NP_416380.1,590,1-590,590,COG0173,COG0173,0,948.0,1.0e-200,585,1-585
b1297,GCF_000005845.2,NP_415813.4,472,1-472,472,COG0174,COG0174,0,385.0,2.57e-130,443,1-443
b3870,GCF_000005845.2,NP_418306.1,469,1-469,469,COG0174,COG0174,0,542.0,1.0e-200,443,1-443
b2752,GCF_000005845.2,NP_417232.1,302,1-302,302,COG0175,COG0175,0,222.0,1.25e-71,261,11-261
b2762,GCF_000005845.2,NP_417242.1,244,1-244,244,COG0175,COG0175,0,210.0,6.21e-68,261,3-243
b0008,GCF_000005845.2,NP_414549.1,317,1-317,317,COG0176,COG0176,0,234.0,1.76e-76,239,1-237
b0825,GCF_000005845.2,NP_415346.4,220,1-220,220,COG0176,COG0176,0,197.0,3.35e-63,239,8-239
b2464,GCF_000005845.2,NP_416959.1,316,1-316,316,COG0176,COG0176,0,243.0,3.37e-80,239,1-239
b3946,GCF_000005845.2,NP_418381.1,220,1-220,220,COG0176,COG0176,0,193.0,9.55e-62,239,8-239
b1633,GCF_000005845.2,NP_416150.1,211,1-211,211,COG0177,COG0177,0,305.0,9.54e-107,211,1-210
b4058,GCF_000005845.2,NP_418482.1,940,1-940,940,COG0178,COG0178,0,1542.0,1.0e-200,935,3-933
b1180,GCF_000005845.2,NP_415698.1,219,1-219,219,COG0179,COG0179,0,253.0,6.45e-85,266,46-263
b3384,GCF_000005845.2,NP_417843.1,334,1-334,334,COG0180,COG0180,0,418.0,1.16e-147,314,3-314
b3805,GCF_000005845.2,YP_026260.1,313,1-313,313,COG0181,COG0181,0,434.0,2.85e-154,307,2-307
b1397,GCF_000005845.2,NP_415915.1,401,1-401,401,COG0183,COG0183,0,327.0,2.09e-109,392,1-392
b2224,GCF_000005845.2,NP_416728.1,394,1-394,394,COG0183,COG0183,0,318.0,3.25e-106,392,1-392
b2342,GCF_000005845.2,NP_416844.1,436,1-436,436,COG0183,COG0183,0,238.0,1.38e-74,392,2-365
b2844,GCF_000005845.2,NP_417321.2,393,1-393,393,COG0183,COG0183,0,340.0,1.1e-114,392,1-392
b3845,GCF_000005845.2,YP_026272.1,387,1-387,387,COG0183,COG0183,0,336.0,3.58e-113,392,1-392
b3165,GCF_000005845.2,NP_417634.1,89,1-89,89,COG0184,COG0184,0,113.0,1.68e-34,89,1-89
b3316,GCF_000005845.2,NP_417775.1,92,1-92,92,COG0185,COG0185,0,144.0,1.64e-46,93,1-83
b3311,GCF_000005845.2,NP_417770.1,84,1-84,84,COG0186,COG0186,0,104.0,3.63e-31,87,4-86
b3030,GCF_000005845.2,NP_417502.1,630,1-630,630,COG0187,COG0187,0,883.0,1.0e-200,635,2-632
b3699,GCF_000005845.2,YP_026241.1,804,1-558=728-804,635,COG0187,COG0187,1,1029.0,1.0e-200,635,2-554=560-635
b2231,GCF_000005845.2,NP_416734.1,875,1-875,875,COG0188,COG0188,0,1003.0,1.0e-200,804,1-803
b3019,GCF_000005845.2,NP_417491.1,752,1-752,752,COG0188,COG0188,2,762.0,1.0e-200,804,4-742
b0852,GCF_000005845.2,NP_415373.1,300,1-300,300,COG0189,COG0189,0,248.0,6.92e-81,318,1-314
b2947,GCF_000005845.2,NP_417422.1,316,1-316,316,COG0189,COG0189,0,287.0,2.41e-96,318,1-318
b0529,GCF_000005845.2,NP_415062.1,288,1-288,288,COG0190,COG0190,0,407.0,2.02e-144,283,1-281
b1773,GCF_000005845.2,NP_416287.1,278,1-278,278,COG0191,COG0191,0,307.0,4.51e-105,286,2-286
b2096,GCF_000005845.2,NP_416599.2,284,1-284,284,COG0191,COG0191,0,364.0,2.6e-127,286,1-286
b2925,GCF_000005845.2,NP_417400.1,359,1-359,359,COG0191,COG0191,0,313.0,2.74e-106,286,5-284
b3137,GCF_000005845.2,NP_417606.1,286,1-286,286,COG0191,COG0191,0,369.0,1.45e-129,286,1-286
b2942,GCF_000005845.2,NP_417417.1,384,1-384,384,COG0192,COG0192,0,706.0,1.0e-200,388,3-388
b1204,GCF_000005845.2,NP_415722.1,194,1-194,194,COG0193,COG0193,0,249.0,5.16e-85,190,1-190
b3648,GCF_000005845.2,NP_418105.1,207,1-207,207,COG0194,COG0194,0,291.0,2.58e-101,191,1-187
b3169,GCF_000005845.2,NP_417638.1,495,157-351,195,COG0195,COG0195,1,191.0,1.13e-58,190,3-182
b0025,GCF_000005845.2,NP_414566.1,313,1-313,313,COG0196,COG0196,0,361.0,9.34e-126,304,1-304
b3313,GCF_000005845.2,NP_417772.1,136,1-136,136,COG0197,COG0197,0,179.0,4.75e-59,146,2-138
b3309,GCF_000005845.2,NP_417768.1,104,1-104,104,COG0198,COG0198,0,91.3,2.81e-25,104,1-103
b3307,GCF_000005845.2,NP_417766.1,101,1-101,101,COG0199,COG0199,1,82.2,1.93e-22,61,1-61
b3301,GCF_000005845.2,NP_417760.1,144,1-144,144,COG0200,COG0200,0,134.0,7.01e-41,152,1-149
b3300,GCF_000005845.2,NP_417759.1,443,1-443,443,COG0201,COG0201,0,398.0,5.94e-136,436,11-427
b3295,GCF_000005845.2,NP_417754.1,329,1-329,329,COG0202,COG0202,0,343.0,4.28e-118,317,1-314
b3294,GCF_000005845.2,NP_417753.1,127,1-127,127,COG0203,COG0203,0,176.0,2.56e-58,116,1-116
b2836,GCF_000005845.2,NP_417313.1,719,1-203,203,COG0204,COG0204,1,123.0,8.04e-32,255,37-255
b3018,GCF_000005845.2,NP_417490.1,245,1-245,245,COG0204,COG0204,0,143.0,1.55e-41,255,1-235
b3862,GCF_000005845.2,NP_418299.1,310,1-310,310,COG0204,COG0204,0,121.0,8.1e-33,255,1-255
b3916,GCF_000005845.2,NP_418351.1,320,1-320,320,COG0205,COG0205,0,389.0,8.18e-136,347,1-341
b0095,GCF_000005845.2,NP_414637.1,383,1-383,383,COG0206,COG0206,1,308.0,4.6e-103,338,25-315
b2827,GCF_000005845.2,NP_417304.1,264,1-264,264,COG0207,COG0207,0,409.0,6.05e-146,268,3-268
b2235,GCF_000005845.2,NP_416738.1,376,1-376,376,COG0208,COG0208,0,323.0,4.48e-109,348,1-347
b2676,GCF_000005845.2,NP_417162.1,319,1-319,319,COG0208,COG0208,0,339.0,3.23e-116,348,24-348
b2234,GCF_000005845.2,NP_416737.1,761,1-761,761,COG0209,COG0209,0,551.0,1.0e-200,651,1-645
b2675,GCF_000005845.2,NP_417161.1,714,1-714,714,COG0209,COG0209,0,569.0,1.0e-200,651,14-651
b3813,GCF_000005845.2,NP_418258.1,720,1-653,653,COG0210,COG0210,1,632.0,1.0e-200,655,1-655
b3778,GCF_000005845.2,YP_026251.1,673,1-673,673,COG0210,COG0210,0,611.0,1.0e-200,655,1-655
b3185,GCF_000005845.2,NP_417652.1,85,1-85,85,COG0211,COG0211,0,127.0,7.7e-40,87,1-84
b2912,GCF_000005845.2,NP_417387.3,182,1-182,182,COG0212,COG0212,0,185.0,4.37e-60,191,11-190
b4382,GCF_000005845.2,NP_418799.1,440,1-440,440,COG0213,COG0213,0,520.0,1.0e-200,435,1-435
b0526,GCF_000005845.2,NP_415059.1,461,1-461,461,COG0215,COG0215,0,686.0,1.0e-200,464,1-464
b1211,GCF_000005845.2,NP_415729.1,360,1-360,360,COG0216,COG0216,0,557.0,1.0e-200,363,1-363
b1864,GCF_000005845.2,NP_416378.1,246,1-246,246,COG0217,COG0217,0,345.0,3.2e-121,241,1-241
b1983,GCF_000005845.2,NP_416490.1,238,1-238,238,COG0217,COG0217,0,290.0,1.17e-99,241,6-239
b3865,GCF_000005845.2,NP_418301.3,210,1-210,210,COG0218,COG0218,0,278.0,5.88e-96,200,1-200
b3606,GCF_000005845.2,NP_418063.1,157,1-157,157,COG0219,COG0219,0,243.0,1.12e-83,155,2-155
b2960,GCF_000005845.2,NP_417435.1,239,1-239,239,COG0220,COG0220,0,266.0,2.9e-90,227,1-226
b4226,GCF_000005845.2,NP_418647.1,176,1-176,176,COG0221,COG0221,0,217.0,5.02e-73,171,1-171
b3986,GCF_000005845.2,NP_418413.1,121,1-121,121,COG0222,COG0222,0,127.0,6.63e-39,124,1-124
b2255,GCF_000005845.2,NP_416758.1,660,1-311,311,COG0223,COG0223,1,335.0,8.09e-111,307,2-307
b3288,GCF_000005845.2,NP_417746.1,315,1-315,315,COG0223,COG0223,0,429.0,3.25e-152,307,1-302
b3733,GCF_000005845.2,NP_418189.1,287,1-287,287,COG0224,COG0224,0,381.0,5.46e-134,287,1-286
b4219,GCF_000005845.2,NP_418640.1,212,1-212,212,COG0225,COG0225,0,258.0,1.26e-88,174,3-170
b3728,GCF_000005845.2,NP_418184.1,346,1-346,346,COG0226,COG0226,0,223.0,1.43e-70,318,33-318
b3637,GCF_000005845.2,NP_418094.1,78,1-78,78,COG0227,COG0227,0,101.0,5.36e-30,77,1-77
b2609,GCF_000005845.2,NP_417100.1,82,1-82,82,COG0228,COG0228,0,109.0,2.96e-33,87,1-81
b1778,GCF_000005845.2,NP_416292.1,137,1-137,137,COG0229,COG0229,0,228.0,2.67e-78,140,2-134
b3703,GCF_000005845.2,NP_418158.1,46,1-46,46,COG0230,COG0230,0,55.5,8.94e-13,44,1-44
b2171,GCF_000005845.2,NP_416676.4,190,1-190,190,COG0231,COG0231,1,118.0,1.9e-34,131,3-131
b4147,GCF_000005845.2,NP_418571.1,188,1-188,188,COG0231,COG0231,1,163.0,6.01e-52,131,1-131
b0160,GCF_000005845.2,NP_414702.1,505,1-505,505,COG0232,COG0232,0,382.0,3.22e-129,412,1-412
b0172,GCF_000005845.2,NP_414714.1,185,1-185,185,COG0233,COG0233,0,245.0,1.16e-83,187,3-187
b4142,GCF_000005845.2,NP_418566.1,97,1-97,97,COG0234,COG0234,0,114.0,1.05e-34,96,1-96
b0061,GCF_000005845.2,NP_414603.1,231,1-231,231,COG0235,COG0235,0,219.0,5.06e-72,219,4-218
b2738,GCF_000005845.2,NP_417218.1,212,1-212,212,COG0235,COG0235,0,179.0,1.45e-56,219,1-208
b2800,GCF_000005845.2,NP_417280.1,215,1-215,215,COG0235,COG0235,0,192.0,4.99e-62,219,3-219
b3583,GCF_000005845.2,NP_418040.1,231,1-231,231,COG0235,COG0235,0,210.0,1.42e-68,219,4-218
b3902,GCF_000005845.2,NP_418338.1,274,1-274,274,COG0235,COG0235,0,130.0,8.38e-37,219,1-214
b4198,GCF_000005845.2,NP_418619.1,228,1-228,228,COG0235,COG0235,0,214.0,4.29e-70,219,5-219
b1094,GCF_000005845.2,NP_415612.1,78,1-78,78,COG0236,COG0236,0,99.4,4.17e-29,80,3-75
b0103,GCF_000005845.2,NP_414645.1,206,1-206,206,COG0237,COG0237,0,206.0,7.38e-68,201,1-201
b4202,GCF_000005845.2,NP_418623.1,75,1-75,75,COG0238,COG0238,0,103.0,5.41e-31,75,9-75
b0624,GCF_000005845.2,NP_415157.1,127,1-127,127,COG0239,COG0239,0,90.2,2.86e-24,126,1-124
b3608,GCF_000005845.2,NP_418065.1,339,1-339,339,COG0240,COG0240,0,440.0,5.37e-156,329,3-329
b0200,GCF_000005845.2,NP_414742.1,191,1-191,191,COG0241,COG0241,0,211.0,2.39e-70,181,1-181
b2022,GCF_000005845.2,NP_416526.4,355,1-171,171,COG0241,COG0241,1,206.0,4.75e-66,181,3-164
b3287,GCF_000005845.2,NP_417745.1,169,1-169,169,COG0242,COG0242,0,212.0,4.93e-71,168,1-168
b0894,GCF_000005845.2,NP_415414.4,814,1-814,814,COG0243,COG0243,0,636.0,1.0e-200,765,1-764
b0997,GCF_000005845.2,NP_415517.1,848,1-848,848,COG0243,COG0243,0,538.0,2.41e-180,765,1-765
b1474,GCF_000005845.2,NP_415991.1,1015,1-744=848-1015,912,COG0243,COG0243,1,488.9,3.83e-119,765,1-599=600-764
b1501,GCF_000005845.2,NP_416018.1,759,1-759,759,COG0243,COG0243,0,375.0,1.11e-118,765,28-765
b1587,GCF_000005845.2,NP_416104.1,808,1-808,808,COG0243,COG0243,0,633.0,1.0e-200,765,2-764
b1588,GCF_000005845.2,NP_416105.4,807,1-807,807,COG0243,COG0243,0,618.0,1.0e-200,765,1-764
b1872,GCF_000005845.2,NP_416386.4,809,1-809,809,COG0243,COG0243,0,549.0,1.0e-200,765,2-765
b2206,GCF_000005845.2,NP_416710.1,828,1-828,828,COG0243,COG0243,0,581.0,1.0e-200,765,1-764
b3551,GCF_000005845.2,NP_418007.3,777,1-777,777,COG0243,COG0243,0,539.0,1.0e-200,765,36-765
b3894,GCF_000005845.2,NP_418330.1,1016,1-733=845-1016,905,COG0243,COG0243,1,481.8,7.38e-117,765,1-595=596-764
b3985,GCF_000005845.2,NP_418412.1,165,1-165,165,COG0244,COG0244,0,137.0,1.85e-41,175,1-162
b2746,GCF_000005845.2,NP_417226.1,159,1-159,159,COG0245,COG0245,0,227.0,2.13e-77,159,1-159
b1542,GCF_000005845.2,NP_416060.1,486,1-486,486,COG0246,COG0246,0,559.0,1.0e-200,473,1-473
b2172,GCF_000005845.2,NP_416677.1,488,1-488,488,COG0246,COG0246,0,563.0,1.0e-200,473,1-470
b3600,GCF_000005845.2,NP_418057.1,382,1-382,382,COG0246,COG0246,0,326.0,3.48e-108,473,17-455
b4323,GCF_000005845.2,NP_418743.1,486,1-486,486,COG0246,COG0246,0,574.0,1.0e-200,473,4-473
b1521,GCF_000005845.2,YP_025302.1,483,1-483,483,COG0246,COG0246,0,428.0,9.37e-147,473,1-473
b0306,GCF_000005845.2,NP_414840.1,239,1-239,239,COG0247,COG0247,2,145.0,5.64e-41,388,148-384
b1687,GCF_000005845.2,NP_416202.1,1018,558-1018,461,COG0247,COG0247,1,189.0,6.31e-53,388,1-386
b2243,GCF_000005845.2,NP_416746.1,396,1-396,396,COG0247,COG0247,0,229.0,1.96e-71,388,7-386
b4467,GCF_000005845.2,YP_026190.1,407,1-407,407,COG0247,COG0247,0,225.0,9.74e-70,388,2-388
b2502,GCF_000005845.2,NP_416997.1,513,1-513,513,COG0248,COG0248,0,489.0,4.2e-170,492,2-492
b3779,GCF_000005845.2,YP_026252.1,494,1-494,494,COG0248,COG0248,0,454.0,2.18e-156,492,1-492
b2733,GCF_000005845.2,NP_417213.1,853,1-853,853,COG0249,COG0249,0,993.0,1.0e-200,843,1-843
b3842,GCF_000005845.2,NP_418284.1,162,1-162,162,COG0250,COG0250,0,124.0,3.23e-36,178,2-177
b3982,GCF_000005845.2,NP_418409.1,181,1-181,181,COG0250,COG0250,0,216.0,2.04e-72,178,2-176
b1010,GCF_000005845.2,NP_415530.1,128,1-128,128,COG0251,COG0251,0,116.0,2.94e-34,130,2-130
b1809,GCF_000005845.2,NP_416323.4,114,1-114,114,COG0251,COG0251,0,103.0,1.39e-29,130,8-128
b3113,GCF_000005845.2,NP_417583.4,129,1-129,129,COG0251,COG0251,0,138.0,6.87e-43,130,3-128
b4243,GCF_000005845.2,NP_418664.2,128,1-128,128,COG0251,COG0251,0,134.0,1.49e-41,130,3-129
b4248,GCF_000005845.2,NP_418669.1,131,1-131,131,COG0251,COG0251,0,117.0,7.05e-35,130,1-130
b1767,GCF_000005845.2,NP_416281.1,338,1-338,338,COG0252,COG0252,0,313.0,1.56e-105,351,17-351
b2957,GCF_000005845.2,NP_417432.1,348,1-348,348,COG0252,COG0252,0,319.0,8.13e-108,351,6-347
b3809,GCF_000005845.2,NP_418254.2,274,1-274,274,COG0253,COG0253,0,370.0,2.02e-130,272,1-272
b0296,GCF_000005845.2,NP_414830.1,87,1-87,87,COG0254,COG0254,0,87.3,2.11e-24,75,1-75
b3936,GCF_000005845.2,NP_418371.1,70,1-70,70,COG0254,COG0254,0,93.5,5.29e-27,75,1-73
b3312,GCF_000005845.2,NP_417771.1,63,1-63,63,COG0255,COG0255,0,59.3,1.34e-13,69,4-62
b3304,GCF_000005845.2,NP_417763.1,117,1-117,117,COG0256,COG0256,0,105.0,4.09e-30,125,24-125
b3299,GCF_000005845.2,NP_417758.1,38,1-38,38,COG0257,COG0257,0,55.8,4.18e-13,38,1-38
b4506,GCF_000005845.2,YP_588437.1,46,1-46,46,COG0257,COG0257,1,43.5,4.29e-08,38,6-38
b2798,GCF_000005845.2,NP_417278.4,251,1-251,251,COG0258,COG0258,0,217.0,9.15e-70,310,12-267
b3863,GCF_000005845.2,NP_418300.1,928,1-314,314,COG0258,COG0258,1,295.0,8.33e-93,310,5-301
b1638,GCF_000005845.2,NP_416155.1,218,1-218,218,COG0259,COG0259,0,322.0,5.62e-113,214,1-214
b2523,GCF_000005845.2,NP_417018.4,427,1-427,427,COG0260,COG0260,0,420.0,2.73e-144,485,24-480
b4260,GCF_000005845.2,NP_418681.1,503,1-503,503,COG0260,COG0260,0,564.0,1.0e-200,485,1-485
b3186,GCF_000005845.2,NP_417653.1,103,1-103,103,COG0261,COG0261,0,133.0,4.96e-42,103,1-103
b0048,GCF_000005845.2,NP_414590.1,159,1-159,159,COG0262,COG0262,0,159.0,2.6e-50,167,1-167
b0242,GCF_000005845.2,NP_414777.1,367,1-367,367,COG0263,COG0263,0,479.0,2.41e-170,369,3-367
b0170,GCF_000005845.2,NP_414712.1,283,1-283,283,COG0264,COG0264,0,330.0,8.99e-114,296,1-296
b0161,GCF_000005845.2,NP_414703.1,474,1-389,389,COG0265,COG0265,1,292.0,1.07e-95,347,16-342
b3234,GCF_000005845.2,NP_417701.1,455,1-367,367,COG0265,COG0265,1,312.0,1.5e-103,347,3-338
b3235,GCF_000005845.2,NP_417702.1,355,1-355,355,COG0265,COG0265,0,238.0,9.03e-76,347,1-340
b0714,GCF_000005845.2,NP_415242.1,263,1-263,263,COG0266,COG0266,0,244.0,1.31e-80,273,1-273
b3635,GCF_000005845.2,NP_418092.1,269,1-269,269,COG0266,COG0266,0,372.0,4.77e-131,273,1-273
b3636,GCF_000005845.2,NP_418093.1,55,1-55,55,COG0267,COG0267,0,63.9,7.29e-16,50,3-50
b0023,GCF_000005845.2,NP_414564.1,87,1-87,87,COG0268,COG0268,0,103.0,9.52e-31,88,1-87
b3581,GCF_000005845.2,NP_418038.1,220,1-220,220,COG0269,COG0269,0,255.0,1.24e-86,217,1-217
b4196,GCF_000005845.2,NP_418617.1,216,1-216,216,COG0269,COG0269,0,252.0,2.3e-85,217,1-217
b1961,GCF_000005845.2,NP_416470.1,472,84-472,389,COG0270,COG0270,1,235.0,1.23e-73,328,1-328
b0435,GCF_000005845.2,NP_414969.4,105,1-105,105,COG0271,COG0271,0,111.0,1.76e-33,90,5-89
b2411,GCF_000005845.2,NP_416906.1,671,1-671,671,COG0272,COG0272,0,988.0,1.0e-200,667,4-667
b3647,GCF_000005845.2,NP_418104.2,560,1-560,560,COG0272,COG0272,2,529.0,1.0e-200,667,1-581
b4381,GCF_000005845.2,NP_418798.1,259,1-259,259,COG0274,COG0274,0,206.0,1.87e-66,228,1-211
b0082,GCF_000005845.2,NP_414624.1,313,1-313,313,COG0275,COG0275,0,433.0,1.02e-153,314,1-314
b0475,GCF_000005845.2,NP_415008.1,320,1-320,320,COG0276,COG0276,0,382.0,1.22e-133,320,1-318
b1687,GCF_000005845.2,NP_416202.1,1018,1-557,557,COG0277,COG0277,1,305.0,9.31e-94,459,8-459
b2133,GCF_000005845.2,NP_416637.1,571,1-571,571,COG0277,COG0277,0,182.0,2.87e-51,459,1-459
b2979,GCF_000005845.2,NP_417453.1,499,1-499,499,COG0277,COG0277,0,341.0,7.2e-113,459,1-459
b4463,GCF_000005845.2,YP_026183.1,484,1-484,484,COG0277,COG0277,0,233.0,3.79e-71,459,1-459
b4468,GCF_000005845.2,YP_026191.1,350,1-350,350,COG0277,COG0277,0,160.0,4.98e-45,459,42-459
b1654,GCF_000005845.2,NP_416171.1,115,1-115,115,COG0278,COG0278,0,167.0,3.91e-55,105,1-105
b0222,GCF_000005845.2,NP_414757.1,192,1-192,192,COG0279,COG0279,0,229.0,2.25e-77,176,1-176
b3149,GCF_000005845.2,NP_417618.1,196,1-196,196,COG0279,COG0279,0,245.0,8.79e-84,176,1-176
b2297,GCF_000005845.2,NP_416800.1,714,387-714,328,COG0280,COG0280,1,390.0,5.47e-131,327,1-327
b2458,GCF_000005845.2,NP_416953.1,338,1-338,338,COG0280,COG0280,0,337.0,2.19e-115,327,1-327
b2463,GCF_000005845.2,NP_416958.1,759,432-759,328,COG0280,COG0280,1,366.0,1.52e-121,327,1-326
b1479,GCF_000005845.2,NP_415996.2,565,1-565,565,COG0281,COG0281,0,444.0,1.99e-152,432,1-432
b2463,GCF_000005845.2,NP_416958.1,759,1-431,431,COG0281,COG0281,1,592.0,1.0e-200,432,13-432
b2296,GCF_000005845.2,NP_416799.1,400,1-400,400,COG0282,COG0282,0,560.0,1.0e-200,396,1-393
b3115,GCF_000005845.2,NP_417585.2,402,1-402,402,COG0282,COG0282,0,515.0,1.0e-200,396,1-396
b0910,GCF_000005845.2,NP_415430.1,227,1-227,227,COG0283,COG0283,0,280.0,1.83e-96,222,1-222
b1281,GCF_000005845.2,NP_415797.1,245,1-245,245,COG0284,COG0284,0,246.0,3.27e-82,240,10-238
b2315,GCF_000005845.2,NP_416818.1,422,1-422,422,COG0285,COG0285,0,448.0,3.02e-156,427,1-425
b4349,GCF_000005845.2,NP_418769.1,529,1-529,529,COG0286,COG0286,0,281.0,1.08e-88,489,2-488
b2600,GCF_000005845.2,NP_417091.1,373,97-373,277,COG0287,COG0287,1,215.0,5.9e-68,279,2-279
b0126,GCF_000005845.2,NP_414668.1,220,1-220,220,COG0288,COG0288,0,233.0,3.55e-78,207,1-206
b0339,GCF_000005845.2,NP_414873.1,219,1-219,219,COG0288,COG0288,0,195.0,3.17e-63,207,4-205
b0031,GCF_000005845.2,NP_414572.1,273,1-273,273,COG0289,COG0289,0,327.0,2.79e-113,266,3-266
b1718,GCF_000005845.2,NP_416233.1,180,1-180,180,COG0290,COG0290,0,227.0,8.18e-77,176,1-176
b1717,GCF_000005845.2,NP_416232.3,65,1-65,65,COG0291,COG0291,0,77.0,9.27e-21,65,1-65
b1716,GCF_000005845.2,NP_416231.1,118,1-118,118,COG0292,COG0292,0,161.0,1.6e-52,118,1-118
b3179,GCF_000005845.2,NP_417646.1,209,1-209,209,COG0293,COG0293,0,266.0,5.2e-91,205,1-203
b3177,GCF_000005845.2,NP_417644.4,282,1-282,282,COG0294,COG0294,0,298.0,1.38e-101,274,8-274
b2143,GCF_000005845.2,NP_416648.1,294,1-180,180,COG0295,COG0295,1,134.0,1.72e-39,134,21-134
b2143,GCF_000005845.2,NP_416648.1,294,181-294,114,COG0295,COG0295,3,42.3,3.69e-05,134,3-54
b3432,GCF_000005845.2,NP_417890.1,728,100-728,629,COG0296,COG0296,1,801.0,1.0e-200,628,1-626
b3429,GCF_000005845.2,NP_417887.1,477,1-477,477,COG0297,COG0297,0,525.0,1.0e-200,487,1-479
b2728,GCF_000005845.2,NP_417208.1,90,1-90,90,COG0298,COG0298,0,88.6,1.18e-24,82,1-82
b2990,GCF_000005845.2,NP_417464.1,82,1-82,82,COG0298,COG0298,0,80.1,1.81e-21,82,1-71
b2500,GCF_000005845.2,NP_416995.1,212,1-212,212,COG0299,COG0299,0,290.0,5.54e-101,200,1-200
b0493,GCF_000005845.2,NP_415026.1,269,1-269,269,COG0300,COG0300,0,169.0,2.53e-51,265,2-256
b0423,GCF_000005845.2,NP_414957.1,482,1-396,396,COG0301,COG0301,1,409.0,9.34e-141,383,2-383
b2153,GCF_000005845.2,NP_416658.1,222,1-222,222,COG0302,COG0302,0,227.0,6.87e-76,195,3-195
b0827,GCF_000005845.2,NP_415348.1,411,1-411,411,COG0303,COG0303,0,451.0,6.72e-158,404,5-389
b1095,GCF_000005845.2,NP_415613.1,413,1-413,413,COG0304,COG0304,0,469.0,1.07e-164,412,1-411
b2323,GCF_000005845.2,NP_416826.1,406,1-406,406,COG0304,COG0304,0,415.0,1.09e-143,412,2-410
b4052,GCF_000005845.2,NP_418476.1,471,1-471,471,COG0305,COG0305,0,536.0,1.0e-200,435,1-435
b2987,GCF_000005845.2,NP_417461.1,499,1-247=384-499,363,COG0306,COG0306,1,235.4,6.13e-40,326,15-211=212-326
b3493,GCF_000005845.2,NP_417950.1,499,1-247=384-499,363,COG0306,COG0306,1,242.1,9.5e-43,326,14-211=212-326
b1662,GCF_000005845.2,NP_416179.1,213,1-213,213,COG0307,COG0307,0,258.0,4.0e-88,204,1-201
b0932,GCF_000005845.2,NP_415452.1,870,1-870,870,COG0308,COG0308,0,716.0,1.0e-200,859,5-859
b2730,GCF_000005845.2,NP_417210.2,336,1-336,336,COG0309,COG0309,0,359.0,9.96e-124,339,1-339
b3244,GCF_000005845.2,NP_417711.1,481,1-481,481,COG0312,COG0312,0,422.0,1.52e-144,454,2-454
b4235,GCF_000005845.2,NP_418656.1,450,1-450,450,COG0312,COG0312,0,353.0,3.0e-118,454,2-448
b3146,GCF_000005845.2,NP_417615.1,286,1-286,286,COG0313,COG0313,0,368.0,2.31e-129,275,1-275
b0785,GCF_000005845.2,NP_415306.1,150,1-150,150,COG0314,COG0314,0,190.0,4.39e-63,149,1-149
b0783,GCF_000005845.2,NP_415304.1,161,1-161,161,COG0315,COG0315,0,231.0,5.06e-79,157,1-157
b0156,GCF_000005845.2,NP_414698.1,114,1-114,114,COG0316,COG0316,0,152.0,3.9e-49,110,2-110
b1684,GCF_000005845.2,NP_416199.1,122,1-122,122,COG0316,COG0316,0,141.0,1.22e-44,110,1-110
b2528,GCF_000005845.2,NP_417023.1,107,1-107,107,COG0316,COG0316,0,145.0,2.0e-46,110,3-110
b3414,GCF_000005845.2,NP_417873.1,191,1-102,102,COG0316,COG0316,1,117.0,1.52e-34,110,4-110
b2784,GCF_000005845.2,NP_417264.1,744,1-744,744,COG0317,COG0317,0,899.0,1.0e-200,701,1-701
b3650,GCF_000005845.2,NP_418107.1,702,1-702,702,COG0317,COG0317,0,915.0,1.0e-200,701,6-701
b0037,GCF_000005845.2,NP_414579.4,517,1-517,517,COG0318,COG0318,0,384.0,5.08e-128,534,13-522
b1701,GCF_000005845.2,NP_416216.5,566,1-566,566,COG0318,COG0318,0,422.0,2.56e-142,534,8-533
b1805,GCF_000005845.2,NP_416319.1,561,1-561,561,COG0318,COG0318,0,483.0,3.38e-166,534,1-528
b2260,GCF_000005845.2,NP_416763.1,451,1-451,451,COG0318,COG0318,0,283.0,7.54e-90,534,14-529
b2836,GCF_000005845.2,NP_417313.1,719,204-719,516,COG0318,COG0318,1,308.0,3.17e-96,534,2-533
b0659,GCF_000005845.2,NP_415192.1,155,1-155,155,COG0319,COG0319,0,157.0,1.09e-49,153,1-153
b0628,GCF_000005845.2,NP_415161.1,321,1-321,321,COG0320,COG0320,0,510.0,1.0e-200,306,1-306
b0630,GCF_000005845.2,NP_415163.2,213,1-213,213,COG0321,COG0321,0,298.0,9.41e-104,221,11-214
b1741,GCF_000005845.2,NP_416255.1,295,1-208,208,COG0322,COG0322,3,107.0,1.26e-25,581,2-191
b1913,GCF_000005845.2,NP_416423.4,610,1-610,610,COG0322,COG0322,0,695.0,1.0e-200,581,1-581
b4170,GCF_000005845.2,NP_418591.1,615,1-615,615,COG0323,COG0323,0,615.0,1.0e-200,638,1-637
b4171,GCF_000005845.2,NP_418592.1,316,1-316,316,COG0324,COG0324,0,380.0,5.35e-133,308,1-308
b2951,GCF_000005845.2,NP_417426.1,234,1-234,234,COG0325,COG0325,0,309.0,1.76e-107,228,1-228
b0473,GCF_000005845.2,NP_415006.1,624,1-624,624,COG0326,COG0326,0,868.0,1.0e-200,623,1-618
b0710,GCF_000005845.2,NP_415238.1,247,1-247,247,COG0327,COG0327,0,263.0,6.68e-89,250,1-250
b0214,GCF_000005845.2,NP_414750.1,155,1-155,155,COG0328,COG0328,0,206.0,3.68e-69,154,2-154
b0268,GCF_000005845.2,NP_414802.2,302,1-302,302,COG0329,COG0329,0,288.0,4.1e-97,299,1-284
b2478,GCF_000005845.2,NP_416973.1,292,1-292,292,COG0329,COG0329,0,343.0,7.57e-119,299,4-296
b3225,GCF_000005845.2,NP_417692.1,297,1-297,297,COG0329,COG0329,0,287.0,6.4e-97,299,1-295
b4298,GCF_000005845.2,NP_418718.4,301,1-301,301,COG0329,COG0329,0,297.0,8.69e-101,299,2-286
b0489,GCF_000005845.2,NP_415022.1,305,1-305,305,COG0330,COG0330,0,216.0,6.36e-69,291,2-289
b4174,GCF_000005845.2,NP_418595.1,419,77-419,343,COG0330,COG0330,1,177.0,1.44e-52,291,19-290
b4175,GCF_000005845.2,NP_418596.1,334,1-334,334,COG0330,COG0330,0,158.0,5.51e-46,291,20-285
b1092,GCF_000005845.2,NP_415610.1,309,1-309,309,COG0331,COG0331,0,365.0,4.28e-127,310,1-309
b1091,GCF_000005845.2,NP_415609.1,317,1-317,317,COG0332,COG0332,0,400.0,8.92e-141,323,2-322
b1089,GCF_000005845.2,NP_415607.1,57,1-57,57,COG0333,COG0333,0,55.7,1.63e-12,57,1-57
b1761,GCF_000005845.2,NP_416275.1,447,1-447,447,COG0334,COG0334,0,509.0,2.54e-180,411,1-411
b2606,GCF_000005845.2,NP_417097.1,115,1-115,115,COG0335,COG0335,0,162.0,6.84e-53,115,5-114
b2607,GCF_000005845.2,NP_417098.1,255,1-255,255,COG0336,COG0336,0,368.0,2.08e-130,240,1-240
b3389,GCF_000005845.2,NP_417848.1,362,1-362,362,COG0337,COG0337,0,490.0,7.38e-175,360,1-360
b3387,GCF_000005845.2,NP_417846.1,278,1-278,278,COG0338,COG0338,0,285.0,2.0e-96,274,1-273
b1538,GCF_000005845.2,NP_416056.1,681,1-681,681,COG0339,COG0339,0,819.0,1.0e-200,683,1-682
b3498,GCF_000005845.2,NP_417955.1,680,1-680,680,COG0339,COG0339,0,974.0,1.0e-200,683,8-683
b3973,GCF_000005845.2,NP_418404.1,321,82-321,240,COG0340,COG0340,1,238.0,4.63e-78,238,1-238
b0409,GCF_000005845.2,NP_414943.1,323,1-323,323,COG0341,COG0341,0,309.0,9.88e-105,305,1-304
b0408,GCF_000005845.2,NP_414942.1,615,75-615,541,COG0342,COG0342,1,502.0,2.54e-173,506,1-506
b0406,GCF_000005845.2,NP_414940.1,375,1-375,375,COG0343,COG0343,0,559.0,1.0e-200,372,1-369
b3059,GCF_000005845.2,NP_417531.1,205,1-205,205,COG0344,COG0344,0,192.0,4.86e-62,200,1-200
b0386,GCF_000005845.2,NP_414920.1,269,1-269,269,COG0345,COG0345,0,289.0,2.27e-98,266,1-266
b0187,GCF_000005845.2,NP_414729.4,129,1-129,129,COG0346,COG0346,0,60.3,2.44e-12,138,1-138
b1651,GCF_000005845.2,NP_416168.1,135,1-135,135,COG0346,COG0346,0,76.9,1.31e-18,138,1-138
b0450,GCF_000005845.2,NP_414984.1,112,1-112,112,COG0347,COG0347,0,154.0,7.42e-50,112,1-112
b2553,GCF_000005845.2,NP_417048.1,112,1-112,112,COG0347,COG0347,0,160.0,3.48e-52,112,1-112
b0992,GCF_000005845.2,NP_415512.1,357,1-357,357,COG0348,COG0348,2,137.0,5.1e-37,386,2-320
b2204,GCF_000005845.2,NP_416708.1,287,1-287,287,COG0348,COG0348,2,163.0,2.51e-47,386,1-269
b1804,GCF_000005845.2,NP_416318.1,375,1-375,375,COG0349,COG0349,0,412.0,1.24e-143,361,1-361
b1335,GCF_000005845.2,NP_415851.1,171,1-171,171,COG0350,COG0350,0,178.0,1.88e-57,168,1-167
b2213,GCF_000005845.2,NP_416717.1,354,189-354,166,COG0350,COG0350,1,173.0,2.2e-53,168,2-167
b2103,GCF_000005845.2,NP_416606.1,266,1-266,266,COG0351,COG0351,0,334.0,2.43e-116,263,1-263
b3993,GCF_000005845.2,NP_418421.1,211,1-211,211,COG0352,COG0352,0,196.0,1.18e-63,211,3-205
b0472,GCF_000005845.2,NP_415005.1,201,1-201,201,COG0353,COG0353,0,297.0,1.22e-103,198,1-198
b2898,GCF_000005845.2,NP_417374.1,326,1-326,326,COG0354,COG0354,0,274.0,3.28e-91,305,1-305
b3731,GCF_000005845.2,NP_418187.1,139,1-139,139,COG0355,COG0355,0,143.0,8.88e-45,135,5-135
b3738,GCF_000005845.2,NP_418194.1,271,1-271,271,COG0356,COG0356,0,192.0,1.16e-60,246,4-246
b3740,GCF_000005845.2,NP_418196.1,207,1-207,207,COG0357,COG0357,0,232.0,1.19e-77,215,1-215
b3066,GCF_000005845.2,NP_417538.1,581,1-581,581,COG0358,COG0358,0,544.0,1.0e-200,568,1-566
b4203,GCF_000005845.2,NP_418624.1,149,1-149,149,COG0359,COG0359,0,163.0,2.12e-52,148,1-147
b4200,GCF_000005845.2,NP_418621.5,131,1-131,131,COG0360,COG0360,0,134.0,1.13e-41,112,1-112
b0884,GCF_000005845.2,NP_415404.1,72,1-72,72,COG0361,COG0361,0,108.0,5.54e-33,75,1-72
b2029,GCF_000005845.2,NP_416533.1,468,1-468,468,COG0362,COG0362,0,794.0,1.0e-200,473,1-469
b0678,GCF_000005845.2,NP_415204.1,266,1-266,266,COG0363,COG0363,0,239.0,1.88e-79,238,1-238
b3141,GCF_000005845.2,NP_417610.1,251,1-251,251,COG0363,COG0363,0,168.0,9.13e-52,238,2-229
b3718,GCF_000005845.2,YP_026242.1,240,1-240,240,COG0363,COG0363,0,192.0,4.66e-61,238,1-227
b1852,GCF_000005845.2,NP_416366.1,491,1-491,491,COG0364,COG0364,0,712.0,1.0e-200,483,2-482
b0335,GCF_000005845.2,NP_414869.1,628,1-628,628,COG0365,COG0365,0,512.0,6.16e-177,528,1-528
b4069,GCF_000005845.2,NP_418493.1,652,68-652,585,COG0365,COG0365,1,659.0,1.0e-200,528,1-528
b0403,GCF_000005845.2,NP_414937.2,604,123-604,482,COG0366,COG0366,1,203.0,4.53e-58,505,1-504
b1309,GCF_000005845.2,NP_415825.4,559,1-559,559,COG0366,COG0366,0,156.0,3.45e-41,505,1-499
b1927,GCF_000005845.2,NP_416437.1,495,1-495,495,COG0366,COG0366,2,126.0,6.34e-31,505,1-443
b3571,GCF_000005845.2,NP_418028.1,676,189-676,488,COG0366,COG0366,1,159.0,5.85e-42,505,1-468
b4239,GCF_000005845.2,NP_418660.1,551,1-551,551,COG0366,COG0366,0,410.0,2.85e-138,505,1-488
b0674,GCF_000005845.2,NP_415200.1,554,1-554,554,COG0367,COG0367,0,471.0,2.37e-161,542,1-542
b1992,GCF_000005845.2,NP_416496.1,247,1-247,247,COG0368,COG0368,0,179.0,4.98e-56,246,1-239
b2764,GCF_000005845.2,NP_417244.1,599,1-599,599,COG0369,COG0369,0,662.0,1.0e-200,587,1-587
b3409,GCF_000005845.2,NP_417868.1,773,1-773,773,COG0370,COG0370,0,663.0,1.0e-200,653,1-653
b0599,GCF_000005845.2,NP_415132.1,362,1-362,362,COG0371,COG0371,0,311.0,2.81e-104,360,1-359
b3945,GCF_000005845.2,NP_418380.4,367,1-367,367,COG0371,COG0371,0,358.0,7.16e-123,360,1-360
b0333,GCF_000005845.2,NP_414867.1,389,1-389,389,COG0372,COG0372,0,422.0,6.21e-147,390,8-390
b0720,GCF_000005845.2,NP_415248.1,427,1-427,427,COG0372,COG0372,0,494.0,6.02e-175,390,2-390
b1210,GCF_000005845.2,NP_415728.1,418,1-418,418,COG0373,COG0373,0,444.0,5.5e-155,414,1-412
b0973,GCF_000005845.2,NP_415492.1,597,1-597,597,COG0374,COG0374,0,759.0,1.0e-200,545,1-545
b2994,GCF_000005845.2,NP_417468.1,567,1-567,567,COG0374,COG0374,0,701.0,1.0e-200,545,1-545
b2726,GCF_000005845.2,NP_417206.1,116,1-116,116,COG0375,COG0375,0,125.0,2.09e-38,115,1-115
b2991,GCF_000005845.2,NP_417465.1,113,1-113,113,COG0375,COG0375,0,141.0,8.56e-45,115,1-113
b3942,GCF_000005845.2,NP_418377.1,726,1-726,726,COG0376,COG0376,0,1128.0,1.0e-200,730,3-729
b2287,GCF_000005845.2,NP_416790.1,220,1-220,220,COG0377,COG0377,0,270.0,8.66e-93,194,1-194
b2727,GCF_000005845.2,NP_417207.1,290,86-290,205,COG0378,COG0378,1,229.0,9.7e-76,202,1-201
b0750,GCF_000005845.2,NP_415271.1,347,1-347,347,COG0379,COG0379,0,421.0,2.57e-148,324,1-324
b1896,GCF_000005845.2,NP_416410.1,474,1-474,474,COG0380,COG0380,0,525.0,1.0e-200,486,14-486
b3786,GCF_000005845.2,YP_026253.1,376,1-376,376,COG0381,COG0381,0,496.0,2.13e-176,383,4-375
b4040,GCF_000005845.2,NP_418464.1,290,1-290,290,COG0382,COG0382,0,208.0,3.75e-66,289,8-287
b0732,GCF_000005845.2,NP_415260.1,877,1-877,877,COG0383,COG0383,0,567.0,1.0e-200,943,5-942
b1464,GCF_000005845.2,NP_415981.1,297,1-297,297,COG0384,COG0384,0,291.0,1.43e-98,291,2-291
b2410,GCF_000005845.2,NP_416905.1,332,1-332,332,COG0385,COG0385,0,217.0,2.06e-68,319,1-319
b1710,GCF_000005845.2,NP_416225.1,183,1-183,183,COG0386,COG0386,0,241.0,1.92e-82,162,1-162
b1216,GCF_000005845.2,NP_415734.1,366,1-366,366,COG0387,COG0387,0,261.0,8.7e-85,368,6-365
b0219,GCF_000005845.2,NP_414754.1,256,1-256,256,COG0388,COG0388,0,184.0,2.29e-57,274,3-268
b1843,GCF_000005845.2,NP_416357.1,218,1-218,218,COG0388,COG0388,0,83.4,6.44e-19,274,1-235
b0231,GCF_000005845.2,NP_414766.1,351,1-351,351,COG0389,COG0389,0,337.0,1.03e-114,354,1-354
b1184,GCF_000005845.2,NP_415702.1,422,1-360,360,COG0389,COG0389,1,273.0,1.66e-88,354,2-354
b0491,GCF_000005845.2,NP_415024.4,259,1-259,259,COG0390,COG0390,0,298.0,3.23e-102,256,1-254
b0780,GCF_000005845.2,NP_415301.1,302,1-302,302,COG0391,COG0391,0,263.0,8.32e-87,323,1-309
b0788,GCF_000005845.2,NP_415309.1,318,1-318,318,COG0392,COG0392,0,145.0,5.11e-41,322,14-322
b0866,GCF_000005845.2,NP_415387.1,107,1-107,107,COG0393,COG0393,0,123.0,8.14e-38,108,1-107
b0982,GCF_000005845.2,NP_415502.4,148,1-148,148,COG0394,COG0394,0,128.0,1.02e-38,139,1-138
b2061,GCF_000005845.2,NP_416565.1,147,1-147,147,COG0394,COG0394,0,143.0,1.13e-44,139,1-139
b1312,GCF_000005845.2,NP_415828.1,280,1-280,280,COG0395,COG0395,0,205.0,5.39e-65,281,2-281
b3451,GCF_000005845.2,NP_417908.1,281,1-281,281,COG0395,COG0395,0,199.0,1.1e-62,281,7-276
b1682,GCF_000005845.2,NP_416197.1,248,1-248,248,COG0396,COG0396,0,354.0,1.39e-124,251,3-247
b1706,GCF_000005845.2,NP_416221.1,478,1-478,478,COG0397,COG0397,0,659.0,1.0e-200,488,6-488
b1750,GCF_000005845.2,NP_416264.4,236,1-236,236,COG0398,COG0398,0,154.0,9.05e-47,223,6-222
b1752,GCF_000005845.2,NP_416266.1,235,1-235,235,COG0398,COG0398,0,126.0,8.8e-36,223,33-221
b2253,GCF_000005845.2,NP_416756.6,385,1-385,385,COG0399,COG0399,0,429.0,5.06e-150,374,1-373
b3791,GCF_000005845.2,NP_418238.1,376,1-376,376,COG0399,COG0399,0,408.0,2.97e-142,374,5-372
b2473,GCF_000005845.2,NP_416968.2,232,1-232,232,COG0400,COG0400,0,135.0,1.18e-39,207,3-207
b2666,GCF_000005845.2,NP_417152.1,52,1-52,52,COG0401,COG0401,0,66.2,1.04e-16,56,4-56
b0324,GCF_000005845.2,NP_414858.1,460,1-460,460,COG0402,COG0402,0,162.0,7.53e-45,421,2-398
b0337,GCF_000005845.2,NP_414871.1,427,1-427,427,COG0402,COG0402,0,263.0,1.16e-83,421,9-410
b2879,GCF_000005845.2,NP_417355.4,442,1-442,442,COG0402,COG0402,0,233.0,4.95e-72,421,3-412
b2883,GCF_000005845.2,NP_417359.1,439,1-439,439,COG0402,COG0402,0,336.0,6.82e-112,421,20-420
b2903,GCF_000005845.2,NP_417379.1,957,1-450,450,COG0403,COG0403,1,570.0,1.0e-200,450,1-450
b2905,GCF_000005845.2,NP_417381.1,364,1-364,364,COG0404,COG0404,0,385.0,7.14e-133,379,4-375
b3447,GCF_000005845.2,NP_417904.1,580,1-580,580,COG0405,COG0405,0,655.0,1.0e-200,539,11-539
b0638,GCF_000005845.2,NP_415171.1,203,1-203,203,COG0406,COG0406,0,175.0,2.76e-55,208,3-205
b4395,GCF_000005845.2,NP_418812.1,215,1-215,215,COG0406,COG0406,0,175.0,2.61e-55,208,2-195
b3997,GCF_000005845.2,NP_418425.1,354,1-354,354,COG0407,COG0407,0,457.0,6.57e-162,352,2-352
b2436,GCF_000005845.2,NP_416931.1,299,1-299,299,COG0408,COG0408,0,505.0,1.0e-200,303,3-303
b2729,GCF_000005845.2,NP_417209.1,373,1-373,373,COG0409,COG0409,0,515.0,1.0e-200,364,1-364
b3454,GCF_000005845.2,NP_417911.4,237,1-237,237,COG0410,COG0410,0,345.0,9.17e-122,237,3-237
b3455,GCF_000005845.2,NP_417912.1,255,1-255,255,COG0411,COG0411,0,342.0,6.27e-120,250,1-250
b3830,GCF_000005845.2,YP_026268.1,271,1-271,271,COG0412,COG0412,0,233.0,7.22e-77,236,1-236
b0134,GCF_000005845.2,NP_414676.1,264,1-264,264,COG0413,COG0413,0,376.0,1.03e-132,268,1-264
b0133,GCF_000005845.2,NP_414675.1,283,1-283,283,COG0414,COG0414,0,409.0,2.11e-145,285,1-285
b0708,GCF_000005845.2,NP_415236.1,472,1-472,472,COG0415,COG0415,0,550.0,1.0e-200,461,1-461
b1090,GCF_000005845.2,NP_415608.2,356,1-356,356,COG0416,COG0416,0,431.0,5.03e-152,338,1-338
b0060,GCF_000005845.2,NP_414602.1,783,1-783,783,COG0417,COG0417,0,637.0,1.0e-200,792,4-788
b1062,GCF_000005845.2,NP_415580.1,348,1-348,348,COG0418,COG0418,0,563.0,1.0e-200,344,1-344
b0397,GCF_000005845.2,NP_414931.1,1048,1-1048,1048,COG0419,COG0419,0,287.0,2.97e-82,908,1-900
b0398,GCF_000005845.2,NP_414932.1,400,1-400,400,COG0420,COG0420,0,251.0,9.85e-80,390,1-390
b0121,GCF_000005845.2,NP_414663.1,288,1-288,288,COG0421,COG0421,0,324.0,1.2e-111,282,2-280
b3994,GCF_000005845.2,NP_418422.1,631,145-631,487,COG0422,COG0422,1,733.0,1.0e-200,432,1-432
b1087,GCF_000005845.2,NP_415605.2,194,1-194,194,COG0424,COG0424,0,242.0,4.86e-82,193,2-191
b3248,GCF_000005845.2,NP_417714.1,197,1-197,197,COG0424,COG0424,0,247.0,2.66e-84,193,2-189
b1930,GCF_000005845.2,NP_416440.1,77,1-77,77,COG0425,COG0425,0,80.9,8.38e-22,78,1-76
b2012,GCF_000005845.2,NP_416516.1,75,1-75,75,COG0425,COG0425,0,68.5,4.84e-17,78,3-77
b3470,GCF_000005845.2,NP_417927.1,81,1-81,81,COG0425,COG0425,0,97.0,2.78e-28,78,2-78
b2710,GCF_000005845.2,NP_417190.1,479,1-406,406,COG0426,COG0426,1,445.0,9.22e-155,388,7-388
b2920,GCF_000005845.2,NP_417395.1,492,1-492,492,COG0427,COG0427,0,538.0,1.0e-200,501,9-501
b3040,GCF_000005845.2,NP_417512.1,257,1-257,257,COG0428,COG0428,0,142.0,6.73e-41,266,11-264
b3353,GCF_000005845.2,NP_417812.1,340,1-340,340,COG0429,COG0429,0,428.0,1.0e-150,345,1-345
b4475,GCF_000005845.2,YP_026219.1,338,1-338,338,COG0430,COG0430,0,389.0,1.59e-135,341,1-333
b0937,GCF_000005845.2,NP_415457.1,191,1-191,191,COG0431,COG0431,0,118.0,8.66e-34,184,1-182
b3713,GCF_000005845.2,NP_418169.1,188,1-188,188,COG0431,COG0431,0,154.0,7.72e-48,184,1-177
b4056,GCF_000005845.2,NP_418480.1,138,1-138,138,COG0432,COG0432,0,158.0,5.91e-51,137,2-137
b4263,GCF_000005845.2,NP_418684.1,500,1-500,500,COG0433,COG0433,0,158.0,2.81e-42,520,3-520
b4303,GCF_000005845.2,NP_418723.1,268,1-268,268,COG0434,COG0434,0,319.0,3.24e-110,263,1-262
b3102,GCF_000005845.2,NP_417573.1,328,1-328,328,COG0435,COG0435,0,530.0,1.0e-200,324,1-324
b0600,GCF_000005845.2,NP_415133.1,386,1-386,386,COG0436,COG0436,0,333.0,6.62e-112,393,20-388
b2290,GCF_000005845.2,NP_416793.1,405,1-405,405,COG0436,COG0436,0,359.0,4.11e-122,393,1-392
b2379,GCF_000005845.2,NP_416880.1,412,1-412,412,COG0436,COG0436,0,378.0,1.67e-129,393,4-391
b0895,GCF_000005845.2,NP_415415.1,205,1-205,205,COG0437,COG0437,0,211.0,1.69e-69,203,7-203
b1475,GCF_000005845.2,NP_415992.1,294,1-294,294,COG0437,COG0437,1,211.0,1.98e-68,203,3-202
b1589,GCF_000005845.2,NP_416106.1,205,1-205,205,COG0437,COG0437,0,209.0,5.19e-69,203,7-203
b1671,GCF_000005845.2,NP_416186.4,222,1-222,222,COG0437,COG0437,0,189.0,8.47e-61,203,1-202
b1674,GCF_000005845.2,NP_416189.1,208,1-208,208,COG0437,COG0437,1,126.0,4.89e-36,203,10-162
b2205,GCF_000005845.2,NP_416709.1,231,1-155,155,COG0437,COG0437,3,45.4,9.52e-06,203,17-113
b2996,GCF_000005845.2,NP_417470.1,328,1-252,252,COG0437,COG0437,1,162.0,3.71e-49,203,1-180
b3893,GCF_000005845.2,NP_418329.1,300,1-239,239,COG0437,COG0437,1,217.0,8.96e-71,203,1-202
b4072,GCF_000005845.2,NP_418496.1,223,1-223,223,COG0437,COG0437,0,208.0,2.84e-68,203,1-200
b2032,GCF_000005845.2,NP_416536.1,372,1-372,372,COG0438,COG0438,0,88.0,5.38e-19,381,24-341
b2044,GCF_000005845.2,NP_416548.1,406,150-406,257,COG0438,COG0438,3,130.0,5.75e-34,381,126-377
b2050,GCF_000005845.2,NP_416554.1,407,1-407,407,COG0438,COG0438,0,78.3,1.26e-15,381,1-375
b2057,GCF_000005845.2,NP_416561.1,405,1-405,405,COG0438,COG0438,0,83.7,1.68e-17,381,1-377
b3628,GCF_000005845.2,NP_418085.2,359,1-359,359,COG0438,COG0438,0,102.0,5.02e-24,381,35-381
b3631,GCF_000005845.2,NP_418088.1,374,1-374,374,COG0438,COG0438,0,116.0,6.63e-29,381,2-360
b3256,GCF_000005845.2,NP_417722.1,449,1-449,449,COG0439,COG0439,0,590.0,1.0e-200,449,1-445
b0078,GCF_000005845.2,NP_414620.1,163,1-163,163,COG0440,COG0440,0,184.0,2.73e-60,163,3-163
b3670,GCF_000005845.2,NP_418126.1,96,1-96,96,COG0440,COG0440,2,96.6,1.36e-26,163,1-92
b1719,GCF_000005845.2,NP_416234.1,642,1-642,642,COG0441,COG0441,0,786.0,1.0e-200,589,1-589
b0194,GCF_000005845.2,NP_414736.1,572,1-572,572,COG0442,COG0442,0,568.0,1.0e-200,500,1-498
b0014,GCF_000005845.2,NP_414555.1,638,1-638,638,COG0443,COG0443,0,712.0,1.0e-200,579,6-574
b0650,GCF_000005845.2,NP_415183.1,556,1-556,556,COG0443,COG0443,0,437.0,9.82e-148,579,1-571
b2069,GCF_000005845.2,NP_416573.4,450,1-450,450,COG0443,COG0443,2,258.0,7.06e-80,579,6-418
b2526,GCF_000005845.2,NP_417021.1,616,1-616,616,COG0443,COG0443,0,540.0,1.0e-200,579,4-579
b1247,GCF_000005845.2,NP_415763.1,334,1-334,334,COG0444,COG0444,0,355.0,9.17e-123,316,1-313
b1484,GCF_000005845.2,NP_416001.1,328,1-328,328,COG0444,COG0444,0,419.0,4.41e-148,316,1-315
b3479,GCF_000005845.2,NP_417936.1,254,1-254,254,COG0444,COG0444,0,268.0,8.48e-90,316,19-260
b3541,GCF_000005845.2,NP_417998.1,327,1-327,327,COG0444,COG0444,0,445.0,2.55e-158,316,1-315
b1246,GCF_000005845.2,YP_025300.1,337,1-337,337,COG0444,COG0444,0,452.0,8.02e-161,316,1-316
b3741,GCF_000005845.2,NP_418197.1,629,1-629,629,COG0445,COG0445,0,1040.0,1.0e-200,621,1-621
b2542,GCF_000005845.2,NP_417037.1,400,1-338,338,COG0446,COG0446,3,166.0,5.52e-47,415,1-339
b2262,GCF_000005845.2,NP_416765.1,285,1-285,285,COG0447,COG0447,0,496.0,8.68e-180,282,1-282
b3430,GCF_000005845.2,NP_417888.1,431,1-431,431,COG0448,COG0448,0,554.0,1.0e-200,393,1-393
b3729,GCF_000005845.2,NP_418185.1,609,1-609,609,COG0449,COG0449,0,818.0,1.0e-200,597,1-597
b0605,GCF_000005845.2,NP_415138.1,187,1-187,187,COG0450,COG0450,0,234.0,5.92e-79,194,2-188
b0868,GCF_000005845.2,NP_415389.2,337,1-337,337,COG0451,COG0451,0,170.0,2.33e-50,314,1-314
b2016,GCF_000005845.2,NP_416520.1,274,1-274,274,COG0451,COG0451,0,113.0,2.65e-29,314,1-296
b2052,GCF_000005845.2,NP_416556.1,321,1-321,321,COG0451,COG0451,0,184.0,5.56e-56,314,2-314
b2255,GCF_000005845.2,NP_416758.1,660,312-660,349,COG0451,COG0451,1,177.0,2.16e-50,314,1-314
b3619,GCF_000005845.2,NP_418076.1,310,1-310,310,COG0451,COG0451,0,185.0,1.37e-56,314,2-308
b3639,GCF_000005845.2,NP_418096.4,406,1-406,406,COG0452,COG0452,0,390.0,4.73e-134,392,1-392
b0234,GCF_000005845.2,NP_414769.1,150,1-150,150,COG0456,COG0456,3,44.3,7.96e-06,177,59-172
b2434,GCF_000005845.2,NP_416929.4,141,1-141,141,COG0456,COG0456,0,60.1,1.03e-11,177,12-150
b3550,GCF_000005845.2,NP_418006.1,146,1-146,146,COG0456,COG0456,0,50.8,2.75e-08,177,13-152
b4012,GCF_000005845.2,NP_418436.1,147,1-147,147,COG0456,COG0456,0,53.1,3.89e-09,177,12-156
b4373,GCF_000005845.2,NP_418790.1,148,1-148,148,COG0456,COG0456,0,97.1,7.47e-26,177,11-175
b0033,GCF_000005845.2,NP_414574.1,1073,1-415,415,COG0458,COG0458,1,582.0,1.0e-200,400,1-393
b0033,GCF_000005845.2,NP_414574.1,1073,565-948,384,COG0458,COG0458,1,280.0,4.23e-85,400,1-383
b4143,GCF_000005845.2,NP_418567.1,548,1-548,548,COG0459,COG0459,0,478.0,1.09e-164,524,1-519
b0002,GCF_000005845.2,NP_414543.1,820,463-820,358,COG0460,COG0460,1,299.0,7.33e-95,333,17-333
b3940,GCF_000005845.2,NP_418375.1,810,456-810,355,COG0460,COG0460,1,303.0,1.55e-96,333,1-330
b3642,GCF_000005845.2,NP_418099.1,213,1-213,213,COG0461,COG0461,0,192.0,4.66e-62,201,1-201
b1207,GCF_000005845.2,NP_415725.1,315,1-315,315,COG0462,COG0462,0,419.0,3.85e-148,314,2-314
b2055,GCF_000005845.2,NP_416559.1,248,1-185,185,COG0463,COG0463,3,65.0,4.89e-12,291,3-180
b2059,GCF_000005845.2,NP_416563.1,279,1-279,279,COG0463,COG0463,0,90.4,6.58e-21,291,1-267
b2254,GCF_000005845.2,NP_416757.1,322,1-322,322,COG0463,COG0463,0,121.0,2.96e-32,291,4-274
b2351,GCF_000005845.2,NP_416852.1,306,1-306,306,COG0463,COG0463,0,105.0,2.77e-26,291,3-277
b3615,GCF_000005845.2,NP_418072.1,344,1-344,344,COG0463,COG0463,1,98.9,1.53e-23,291,1-250
b3178,GCF_000005845.2,NP_417645.1,644,1-644,644,COG0465,COG0465,0,751.0,1.0e-200,596,1-593
b0439,GCF_000005845.2,NP_414973.1,784,1-784,784,COG0466,COG0466,0,1256.0,1.0e-200,782,1-781
b2699,GCF_000005845.2,NP_417179.1,353,1-283,283,COG0468,COG0468,1,348.0,4.36e-120,279,1-278
b1676,GCF_000005845.2,NP_416191.1,470,1-470,470,COG0469,COG0469,0,589.0,1.0e-200,477,4-477
b1854,GCF_000005845.2,NP_416368.1,480,1-480,480,COG0469,COG0469,0,575.0,1.0e-200,477,1-477
b1099,GCF_000005845.2,NP_415617.1,334,1-334,334,COG0470,COG0470,0,167.0,6.07e-49,325,1-325
b0612,GCF_000005845.2,NP_415145.1,487,1-487,487,COG0471,COG0471,0,252.0,2.67e-78,461,7-461
b0770,GCF_000005845.2,NP_415291.1,477,1-477,477,COG0471,COG0471,0,250.0,7.79e-78,461,22-459
b2292,GCF_000005845.2,NP_416795.1,610,1-610,610,COG0471,COG0471,0,150.0,2.38e-39,461,4-458
b3063,GCF_000005845.2,NP_417535.1,487,1-487,487,COG0471,COG0471,0,243.0,1.13e-74,461,9-459
b0087,GCF_000005845.2,NP_414629.1,360,1-360,360,COG0472,COG0472,0,253.0,3.9e-82,319,2-316
b3784,GCF_000005845.2,NP_418231.1,367,1-367,367,COG0472,COG0472,0,145.0,1.25e-40,319,1-315
b0073,GCF_000005845.2,NP_414615.4,363,1-363,363,COG0473,COG0473,0,456.0,2.14e-161,348,1-348
b1800,GCF_000005845.2,NP_416314.1,361,1-361,361,COG0473,COG0473,0,460.0,3.06e-163,348,1-345
b4242,GCF_000005845.2,NP_418663.1,898,1-898,898,COG0474,COG0474,0,722.0,1.0e-200,917,4-917
b0047,GCF_000005845.2,NP_414589.1,620,1-386,386,COG0475,COG0475,1,233.0,1.33e-70,397,3-397
b3350,GCF_000005845.2,NP_417809.1,601,1-386,386,COG0475,COG0475,1,247.0,5.06e-76,397,2-397
b0826,GCF_000005845.2,NP_415347.1,249,1-249,249,COG0476,COG0476,0,257.0,4.21e-86,254,2-254
b3992,GCF_000005845.2,NP_418420.4,251,1-251,251,COG0476,COG0476,0,229.0,2.1e-75,254,3-253
b0724,GCF_000005845.2,NP_415252.1,238,1-238,238,COG0479,COG0479,0,297.0,1.48e-102,234,1-231
b4153,GCF_000005845.2,NP_418577.1,244,1-244,244,COG0479,COG0479,0,299.0,3.08e-103,234,1-234
b3340,GCF_000005845.2,NP_417799.1,704,1-704,704,COG0480,COG0480,0,958.0,1.0e-200,697,1-693
b2569,GCF_000005845.2,NP_417064.1,599,1-599,599,COG0481,COG0481,0,1055.0,1.0e-200,603,6-603
b1133,GCF_000005845.2,NP_415651.4,368,1-368,368,COG0482,COG0482,0,495.0,6.02e-177,356,4-355
b2533,GCF_000005845.2,NP_417028.1,267,1-267,267,COG0483,COG0483,0,292.0,1.19e-99,260,1-260
b0015,GCF_000005845.2,NP_414556.1,376,1-376,376,COG0484,COG0484,0,490.0,1.33e-174,371,1-371
b1000,GCF_000005845.2,NP_415520.1,306,1-306,306,COG0484,COG0484,0,223.0,1.35e-70,371,1-370
b3706,GCF_000005845.2,NP_418162.1,454,1-454,454,COG0486,COG0486,0,586.0,1.0e-200,454,1-454
b0820,GCF_000005845.2,NP_415341.1,530,1-530,530,COG0488,COG0488,0,595.0,1.0e-200,530,3-530
b0949,GCF_000005845.2,NP_415469.1,635,1-533,533,COG0488,COG0488,1,544.0,1.0e-200,530,1-530
b3352,GCF_000005845.2,NP_417811.1,637,1-522,522,COG0488,COG0488,1,564.0,1.0e-200,530,3-529
b4391,GCF_000005845.2,NP_418808.1,555,1-555,555,COG0488,COG0488,0,577.0,1.0e-200,530,1-529
b0981,GCF_000005845.2,NP_415501.1,726,464-726,263,COG0489,COG0489,1,170.0,2.74e-48,265,26-229
b2060,GCF_000005845.2,NP_416564.4,720,463-720,258,COG0489,COG0489,1,174.0,7.4e-50,265,30-247
b2113,GCF_000005845.2,NP_416616.4,369,1-369,369,COG0489,COG0489,0,229.0,1.62e-73,265,1-265
b0212,GCF_000005845.2,NP_414748.1,251,1-251,251,COG0491,COG0491,0,101.0,1.52e-25,252,19-244
b0927,GCF_000005845.2,NP_415447.1,215,1-215,215,COG0491,COG0491,0,142.0,1.02e-41,252,12-233
b0888,GCF_000005845.2,NP_415408.1,321,1-321,321,COG0492,COG0492,0,343.0,1.91e-118,305,2-305
b2146,GCF_000005845.2,NP_416651.1,412,1-412,412,COG0493,COG0493,0,339.0,5.08e-113,457,2-456
b2468,GCF_000005845.2,NP_416963.1,659,188-659,472,COG0493,COG0493,1,493.0,7.97e-170,457,1-446
b2878,GCF_000005845.2,NP_417354.1,1032,428-873,446,COG0493,COG0493,1,263.0,2.29e-78,457,27-454
b2887,GCF_000005845.2,NP_417363.2,639,175-639,465,COG0493,COG0493,1,471.0,1.63e-161,457,1-444
b3081,GCF_000005845.2,NP_417552.1,672,371-672,302,COG0493,COG0493,3,79.7,1.48e-15,457,124-388
b3213,GCF_000005845.2,NP_417680.1,472,1-472,472,COG0493,COG0493,0,486.0,6.53e-170,457,2-446
b1865,GCF_000005845.2,NP_416379.1,150,1-150,150,COG0494,COG0494,0,67.5,1.14e-14,161,9-141
b2467,GCF_000005845.2,NP_416962.1,191,1-191,191,COG0494,COG0494,0,52.8,8.35e-09,161,1-161
b2830,GCF_000005845.2,NP_417307.1,176,1-176,176,COG0494,COG0494,0,67.5,2.1e-14,161,4-150
b3034,GCF_000005845.2,NP_417506.1,209,1-209,209,COG0494,COG0494,1,44.3,1.06e-05,161,3-159
b3397,GCF_000005845.2,NP_417856.1,186,1-186,186,COG0494,COG0494,0,47.4,7.23e-07,161,1-161
b0642,GCF_000005845.2,NP_415175.1,860,1-860,860,COG0495,COG0495,0,1090.0,1.0e-200,814,1-814
b2744,GCF_000005845.2,NP_417224.1,253,1-253,253,COG0496,COG0496,0,336.0,2.97e-117,252,1-251
b4159,GCF_000005845.2,NP_418583.1,1107,1-198,198,COG0497,COG0497,3,49.1,9.57e-06,557,143-387
b2616,GCF_000005845.2,YP_026172.1,553,1-553,553,COG0497,COG0497,0,650.0,1.0e-200,557,1-554
b0004,GCF_000005845.2,NP_414545.1,428,1-428,428,COG0498,COG0498,0,344.0,2.03e-115,411,1-411
b0909,GCF_000005845.2,NP_415429.2,254,1-254,254,COG0501,COG0501,0,126.0,1.79e-34,302,26-301
b1829,GCF_000005845.2,NP_416343.1,293,1-293,293,COG0501,COG0501,0,152.0,5.07e-44,302,25-294
b2936,GCF_000005845.2,NP_417411.2,252,1-252,252,COG0501,COG0501,0,116.0,1.27e-30,302,32-302
b0775,GCF_000005845.2,NP_415296.1,346,1-346,346,COG0502,COG0502,0,428.0,5.24e-151,335,8-335
b0238,GCF_000005845.2,NP_414773.1,152,1-152,152,COG0503,COG0503,0,101.0,9.36e-28,179,14-179
b0469,GCF_000005845.2,NP_415002.1,183,1-183,183,COG0503,COG0503,0,188.0,2.74e-61,179,3-179
b2780,GCF_000005845.2,NP_417260.1,545,1-545,545,COG0504,COG0504,0,886.0,1.0e-200,533,1-533
b0032,GCF_000005845.2,NP_414573.1,382,1-382,382,COG0505,COG0505,0,591.0,1.0e-200,368,2-368
b1014,GCF_000005845.2,NP_415534.1,1320,73-526,454,COG0506,COG0506,1,399.0,5.93e-128,391,1-391
b2819,GCF_000005845.2,NP_417296.1,608,1-608,608,COG0507,COG0507,0,373.0,1.78e-120,696,35-692
b0115,GCF_000005845.2,NP_414657.1,630,1-90,90,COG0508,COG0508,3,79.2,1.42e-15,404,1-76
b0115,GCF_000005845.2,NP_414657.1,630,195-630,436,COG0508,COG0508,1,303.0,2.75e-97,404,4-403
b0115,GCF_000005845.2,NP_414657.1,630,91-194,104,COG0508,COG0508,3,79.6,9.91e-16,404,4-78
b0727,GCF_000005845.2,NP_415255.1,405,1-405,405,COG0508,COG0508,0,392.0,7.69e-135,404,2-404
b2904,GCF_000005845.2,NP_417380.1,129,1-129,129,COG0509,COG0509,0,169.0,1.97e-55,131,4-131
b1106,GCF_000005845.2,NP_415624.1,274,1-274,274,COG0510,COG0510,0,165.0,1.31e-49,269,15-267
b2875,GCF_000005845.2,NP_417351.1,541,437-541,105,COG0511,COG0511,3,40.2,2.93e-04,140,73-140
b3255,GCF_000005845.2,NP_417721.1,156,1-156,156,COG0511,COG0511,0,105.0,1.42e-29,140,1-139
b1263,GCF_000005845.2,NP_415779.1,531,1-193,193,COG0512,COG0512,1,257.0,1.07e-83,191,1-191
b3360,GCF_000005845.2,NP_417819.1,187,1-187,187,COG0512,COG0512,0,320.0,2.7e-113,191,3-189
b0797,GCF_000005845.2,NP_415318.1,454,1-454,454,COG0513,COG0513,0,439.0,5.72e-151,513,29-472
b1343,GCF_000005845.2,NP_415859.1,457,1-377,377,COG0513,COG0513,3,419.0,4.01e-143,513,28-410
b2576,GCF_000005845.2,NP_417071.1,444,1-444,444,COG0513,COG0513,0,374.0,1.73e-125,513,26-470
b3162,GCF_000005845.2,NP_417631.2,629,1-483,483,COG0513,COG0513,1,457.0,1.64e-155,513,26-500
b3780,GCF_000005845.2,NP_418227.1,421,1-421,421,COG0513,COG0513,2,409.0,1.18e-139,513,21-437
b3822,GCF_000005845.2,YP_026263.3,609,1-609,609,COG0514,COG0514,0,768.0,1.0e-200,590,5-590
b0104,GCF_000005845.2,NP_414646.1,347,138-347,210,COG0516,COG0516,1,91.0,5.33e-22,170,2-169
b2508,GCF_000005845.2,NP_417003.1,488,1-168,168,COG0516,COG0516,1,117.0,3.63e-31,170,7-138
b2508,GCF_000005845.2,NP_417003.1,488,257-488,232,COG0516,COG0516,1,92.5,3.46e-22,170,1-169
b2708,GCF_000005845.2,NP_417188.4,321,204-321,118,COG0517,COG0517,1,58.2,5.72e-11,117,1-117
b2507,GCF_000005845.2,NP_417002.1,525,1-206,206,COG0518,COG0518,1,238.0,2.22e-76,198,1-198
b2507,GCF_000005845.2,NP_417002.1,525,207-525,319,COG0519,COG0519,1,561.0,1.0e-200,315,2-315
b1680,GCF_000005845.2,NP_416195.1,406,1-406,406,COG0520,COG0520,0,486.0,1.25e-171,405,1-404
b2810,GCF_000005845.2,NP_417290.1,401,1-401,401,COG0520,COG0520,0,423.0,4.65e-147,405,1-404
b0009,GCF_000005845.2,NP_414550.1,195,1-195,195,COG0521,COG0521,0,173.0,1.7e-55,169,7-169
b0782,GCF_000005845.2,NP_415303.1,170,1-170,170,COG0521,COG0521,0,195.0,3.38e-64,169,2-168
b3296,GCF_000005845.2,NP_417755.1,206,1-206,206,COG0522,COG0522,0,247.0,6.78e-84,205,1-205
b2173,GCF_000005845.2,NP_416678.1,328,1-328,328,COG0523,COG0523,0,249.0,5.23e-81,323,1-319
b4352,GCF_000005845.2,NP_418772.4,318,1-318,318,COG0523,COG0523,0,279.0,5.36e-93,323,1-317
b0477,GCF_000005845.2,NP_415010.1,434,1-434,434,COG0524,COG0524,0,118.0,4.75e-30,311,2-311
b1772,GCF_000005845.2,NP_416286.4,315,1-315,315,COG0524,COG0524,0,196.0,7.76e-61,311,1-311
b2100,GCF_000005845.2,NP_416603.1,321,1-321,321,COG0524,COG0524,0,158.0,1.0e-45,311,1-310
b2160,GCF_000005845.2,NP_416665.1,362,57-362,306,COG0524,COG0524,0,158.0,2.72e-45,311,3-306
b2166,GCF_000005845.2,NP_416671.1,313,1-313,313,COG0524,COG0524,0,159.0,1.76e-46,311,2-311
b3374,GCF_000005845.2,NP_417833.1,261,1-261,261,COG0524,COG0524,0,153.0,1.2e-44,311,2-293
b3526,GCF_000005845.2,NP_417983.2,309,1-309,309,COG0524,COG0524,0,190.0,1.94e-58,311,1-296
b3752,GCF_000005845.2,NP_418208.1,309,1-309,309,COG0524,COG0524,0,212.0,4.08e-67,311,1-311
b3883,GCF_000005845.2,NP_418319.2,298,1-298,298,COG0524,COG0524,0,176.0,5.23e-53,311,1-308
b4258,GCF_000005845.2,NP_418679.1,951,1-951,951,COG0525,COG0525,0,1226.0,1.0e-200,877,1-877
b2195,GCF_000005845.2,NP_416699.1,185,1-185,185,COG0526,COG0526,1,63.0,4.72e-13,127,15-127
b0002,GCF_000005845.2,NP_414543.1,820,1-462,462,COG0527,COG0527,1,454.0,7.33e-153,447,3-446
b3940,GCF_000005845.2,NP_418375.1,810,1-455,455,COG0527,COG0527,1,365.0,1.52e-118,447,3-447
b4024,GCF_000005845.2,NP_418448.1,449,1-449,449,COG0527,COG0527,0,387.0,1.09e-131,447,3-446
b0171,GCF_000005845.2,NP_414713.1,241,1-241,241,COG0528,COG0528,0,316.0,5.48e-110,238,1-238
b2750,GCF_000005845.2,NP_417230.1,201,1-201,201,COG0529,COG0529,0,312.0,1.34e-109,197,1-197
b3196,GCF_000005845.2,NP_417663.1,325,1-325,325,COG0530,COG0530,0,243.0,1.02e-78,320,26-320
b0486,GCF_000005845.2,NP_415019.1,430,1-430,430,COG0531,COG0531,0,129.0,9.93e-33,466,5-451
b0692,GCF_000005845.2,NP_415219.1,439,1-439,439,COG0531,COG0531,0,156.0,1.66e-42,466,6-445
b0899,GCF_000005845.2,NP_415419.2,476,1-476,476,COG0531,COG0531,0,83.4,7.63e-17,466,17-427
b1296,GCF_000005845.2,NP_415812.4,461,1-461,461,COG0531,COG0531,2,147.0,2.88e-39,466,7-405
b1492,GCF_000005845.2,NP_416009.1,511,71-434,364,COG0531,COG0531,3,106.0,1.5e-24,466,74-427
b1605,GCF_000005845.2,NP_416122.1,460,1-460,460,COG0531,COG0531,0,152.0,1.09e-40,466,10-443
b2014,GCF_000005845.2,NP_416518.2,452,1-452,452,COG0531,COG0531,0,150.0,2.99e-40,466,9-440
b3370,GCF_000005845.2,NP_417829.2,445,1-445,445,COG0531,COG0531,0,184.0,6.38e-53,466,5-442
b4115,GCF_000005845.2,NP_418539.1,445,1-445,445,COG0531,COG0531,0,184.0,4.87e-53,466,5-451
b4132,GCF_000005845.2,NP_418556.1,444,1-339,339,COG0531,COG0531,3,127.0,6.7e-32,466,6-356
b4141,GCF_000005845.2,NP_418565.1,418,1-418,418,COG0531,COG0531,2,106.0,6.8e-25,466,8-382
b4156,GCF_000005845.2,NP_418580.2,500,1-425,425,COG0531,COG0531,3,84.7,2.59e-17,466,61-397
b3078,GCF_000005845.2,YP_026200.1,477,1-477,477,COG0531,COG0531,0,73.3,1.03e-13,466,6-458
b3168,GCF_000005845.2,NP_417637.1,890,387-890,504,COG0532,COG0532,1,671.0,1.0e-200,509,2-508
b3064,GCF_000005845.2,NP_417536.1,337,1-337,337,COG0533,COG0533,0,463.0,8.27e-165,342,1-339
b1985,GCF_000005845.2,NP_416491.3,547,76-547,472,COG0534,COG0534,1,257.0,1.52e-79,455,15-455
b4044,GCF_000005845.2,NP_418468.3,459,1-459,459,COG0534,COG0534,0,202.0,1.68e-59,455,17-452
b1663,GCF_000005845.2,YP_025307.1,457,1-457,457,COG0534,COG0534,0,254.0,1.33e-79,455,10-455
b3183,GCF_000005845.2,NP_417650.1,390,1-390,390,COG0536,COG0536,0,491.0,1.75e-174,369,1-361
b1103,GCF_000005845.2,NP_415621.3,119,1-119,119,COG0537,COG0537,0,97.8,4.62e-27,138,1-115
b1136,GCF_000005845.2,NP_415654.1,416,1-416,416,COG0538,COG0538,0,611.0,1.0e-200,407,2-406
b0911,GCF_000005845.2,NP_415431.1,557,1-557,557,COG0539,COG0539,0,626.0,1.0e-200,541,3-536
b4245,GCF_000005845.2,NP_418666.1,311,1-311,311,COG0540,COG0540,0,411.0,5.46e-145,316,1-312
b2610,GCF_000005845.2,NP_417101.1,453,1-453,453,COG0541,COG0541,0,632.0,1.0e-200,451,1-451
b0882,GCF_000005845.2,NP_415403.1,758,1-758,758,COG0542,COG0542,0,843.0,1.0e-200,786,1-786
b2592,GCF_000005845.2,NP_417083.1,857,1-857,857,COG0542,COG0542,0,933.0,1.0e-200,786,1-783
b3844,GCF_000005845.2,NP_418286.1,233,1-233,233,COG0543,COG0543,0,178.0,1.66e-55,252,5-215
b0436,GCF_000005845.2,NP_414970.1,432,1-432,432,COG0544,COG0544,0,410.0,6.27e-141,441,1-439
b3347,GCF_000005845.2,NP_417806.1,270,1-270,270,COG0545,COG0545,0,206.0,6.89e-67,205,2-205
b4207,GCF_000005845.2,NP_418628.4,206,1-206,206,COG0545,COG0545,0,233.0,2.21e-78,205,1-205
b3385,GCF_000005845.2,NP_417844.1,252,1-252,252,COG0546,COG0546,0,189.0,5.11e-60,220,1-220
b0800,GCF_000005845.2,NP_415321.1,320,1-320,320,COG0547,COG0547,0,275.0,4.0e-91,338,2-320
b1263,GCF_000005845.2,NP_415779.1,531,194-531,338,COG0547,COG0547,1,366.0,6.97e-124,338,2-334
b2818,GCF_000005845.2,NP_417295.1,443,1-293,293,COG0548,COG0548,1,280.0,8.23e-93,265,1-265
b3959,GCF_000005845.2,NP_418394.3,258,1-258,258,COG0548,COG0548,0,216.0,7.03e-70,265,1-264
b0323,GCF_000005845.2,NP_414857.1,316,1-316,316,COG0549,COG0549,0,391.0,3.64e-137,312,1-312
b0521,GCF_000005845.2,NP_415054.1,297,1-297,297,COG0549,COG0549,0,398.0,2.73e-140,312,1-312
b2874,GCF_000005845.2,NP_417350.1,310,1-310,310,COG0549,COG0549,0,412.0,1.26e-145,312,1-312
b1274,GCF_000005845.2,NP_415790.1,865,1-628,628,COG0550,COG0550,1,702.0,1.0e-200,570,1-569
b1763,GCF_000005845.2,NP_416277.1,653,1-653,653,COG0550,COG0550,0,556.0,1.0e-200,570,1-561
b1274,GCF_000005845.2,NP_415790.1,865,629-750,122,COG0551,COG0551,3,67.8,6.39e-14,140,5-105
b3283,GCF_000005845.2,YP_026210.1,180,1-180,180,COG0551,COG0551,0,102.0,4.08e-28,140,7-139
b3464,GCF_000005845.2,NP_417921.1,497,163-497,335,COG0552,COG0552,1,388.0,3.66e-133,340,11-340
b0059,GCF_000005845.2,NP_414601.1,968,1-785,785,COG0553,COG0553,3,277.0,1.43e-79,866,1-688
b3926,GCF_000005845.2,NP_418361.1,502,1-502,502,COG0554,COG0554,0,844.0,1.0e-200,499,1-499
b2424,GCF_000005845.2,NP_416919.1,277,1-277,277,COG0555,COG0555,0,267.0,1.27e-89,274,7-272
b0779,GCF_000005845.2,NP_415300.1,673,1-673,673,COG0556,COG0556,0,1096.0,1.0e-200,663,1-663
b4179,GCF_000005845.2,NP_418600.4,813,1-727,727,COG0557,COG0557,1,764.0,1.0e-200,706,1-706
b1408,GCF_000005845.2,NP_415926.4,201,1-201,201,COG0558,COG0558,0,68.6,2.21e-14,192,1-185
b1758,GCF_000005845.2,NP_416272.2,206,1-206,206,COG0558,COG0558,0,55.9,1.26e-09,192,1-190
b1912,GCF_000005845.2,NP_416422.1,182,1-182,182,COG0558,COG0558,0,122.0,5.34e-35,192,13-184
b3457,GCF_000005845.2,NP_417914.1,308,1-308,308,COG0559,COG0559,0,248.0,3.82e-81,297,5-297
b2560,GCF_000005845.2,NP_417055.4,211,1-211,211,COG0560,COG0560,0,118.0,2.98e-33,212,3-194
b4388,GCF_000005845.2,NP_418805.1,322,106-322,217,COG0560,COG0560,1,218.0,9.97e-71,212,1-212
b0446,GCF_000005845.2,NP_414980.2,272,1-272,272,COG0561,COG0561,0,194.0,4.09e-61,264,2-264
b0766,GCF_000005845.2,NP_415287.1,272,1-272,272,COG0561,COG0561,0,201.0,6.5e-64,264,1-262
b0822,GCF_000005845.2,NP_415343.1,271,1-271,271,COG0561,COG0561,0,192.0,2.85e-60,264,1-263
b0844,GCF_000005845.2,NP_415365.4,271,1-271,271,COG0561,COG0561,0,189.0,2.13e-59,264,1-264
b3697,GCF_000005845.2,NP_418152.1,270,1-270,270,COG0561,COG0561,0,215.0,1.62e-69,264,1-263
b3826,GCF_000005845.2,YP_026267.1,266,1-266,266,COG0561,COG0561,0,222.0,2.86e-72,264,2-262
b2036,GCF_000005845.2,NP_416540.1,367,1-367,367,COG0562,COG0562,0,482.0,3.48e-171,374,1-374
b0474,GCF_000005845.2,NP_415007.1,214,1-214,214,COG0563,COG0563,0,193.0,8.78e-63,178,1-178
b0058,GCF_000005845.2,NP_414600.1,219,1-219,219,COG0564,COG0564,2,232.0,1.81e-76,289,72-289
b1086,GCF_000005845.2,NP_415604.1,319,1-319,319,COG0564,COG0564,0,282.0,1.23e-94,289,6-289
b2594,GCF_000005845.2,NP_417085.1,326,1-326,326,COG0564,COG0564,0,299.0,4.27e-101,289,1-289
b2791,GCF_000005845.2,NP_417271.1,260,1-260,260,COG0564,COG0564,2,210.0,4.9e-67,289,78-289
b2532,GCF_000005845.2,NP_417027.1,246,1-246,246,COG0565,COG0565,0,313.0,1.54e-108,242,1-242
b4403,GCF_000005845.2,NP_418820.1,228,1-228,228,COG0565,COG0565,0,235.0,5.47e-78,242,3-238
b2581,GCF_000005845.2,NP_417076.1,345,87-345,259,COG0566,COG0566,1,216.0,8.52e-69,260,15-259
b3651,GCF_000005845.2,NP_418108.1,229,1-168,168,COG0566,COG0566,3,159.0,4.85e-48,260,92-260
b4180,GCF_000005845.2,NP_418601.1,243,1-243,243,COG0566,COG0566,0,258.0,9.07e-87,260,20-258
b0726,GCF_000005845.2,NP_415254.1,933,1-933,933,COG0567,COG0567,0,1324.0,1.0e-200,906,1-906
b2741,GCF_000005845.2,NP_417221.1,330,1-330,330,COG0568,COG0568,0,270.0,4.25e-89,342,1-342
b3067,GCF_000005845.2,NP_417539.1,613,256-613,358,COG0568,COG0568,1,356.0,6.15e-119,342,1-342
b3461,GCF_000005845.2,NP_417918.1,284,1-284,284,COG0568,COG0568,2,246.0,2.6e-80,342,62-333
b1250,GCF_000005845.2,NP_415766.1,417,246-417,172,COG0569,COG0569,3,64.7,5.05e-12,225,3-144
b3290,GCF_000005845.2,NP_417748.1,458,1-231,231,COG0569,COG0569,1,186.0,1.61e-56,225,1-225
b3290,GCF_000005845.2,NP_417748.1,458,232-458,227,COG0569,COG0569,1,111.0,3.19e-28,225,1-223
b2567,GCF_000005845.2,NP_417062.1,226,1-226,226,COG0571,COG0571,0,267.0,7.23e-91,235,3-230
b2066,GCF_000005845.2,NP_416570.2,213,1-213,213,COG0572,COG0572,0,272.0,2.12e-93,218,1-209
b3727,GCF_000005845.2,NP_418183.1,319,1-319,319,COG0573,COG0573,0,263.0,5.55e-87,310,15-309
b1702,GCF_000005845.2,NP_416217.1,792,1-792,792,COG0574,COG0574,0,718.0,1.0e-200,740,3-739
b0175,GCF_000005845.2,NP_414717.2,285,1-285,285,COG0575,COG0575,0,134.0,7.6e-38,265,1-265
b2614,GCF_000005845.2,NP_417104.1,197,1-197,197,COG0576,COG0576,0,167.0,9.6e-53,193,1-191
b0879,GCF_000005845.2,NP_415400.1,648,259-648,390,COG0577,COG0577,1,163.0,3.13e-44,419,1-419
b2241,GCF_000005845.2,NP_416744.1,542,1-542,542,COG0578,COG0578,0,464.0,4.69e-159,532,10-532
b3426,GCF_000005845.2,NP_417884.1,501,1-501,501,COG0578,COG0578,0,543.0,1.0e-200,532,36-515
b2210,GCF_000005845.2,NP_416714.1,548,1-548,548,COG0579,COG0579,0,384.0,2.66e-129,429,1-429
b2660,GCF_000005845.2,NP_417146.2,422,1-422,422,COG0579,COG0579,0,413.0,2.37e-142,429,3-429
b0875,GCF_000005845.2,NP_415396.1,231,1-231,231,COG0580,COG0580,0,141.0,3.16e-41,241,4-241
b3927,GCF_000005845.2,NP_418362.1,281,1-281,281,COG0580,COG0580,0,199.0,1.78e-63,241,2-241
b3726,GCF_000005845.2,NP_418182.1,296,1-296,296,COG0581,COG0581,0,259.0,5.51e-86,292,4-287
b1345,GCF_000005845.2,NP_415861.1,411,168-411,244,COG0582,COG0582,3,64.7,1.69e-11,309,86-287
b2349,GCF_000005845.2,NP_416850.1,385,78-385,308,COG0582,COG0582,1,84.0,4.87e-18,309,15-291
b2442,GCF_000005845.2,NP_416937.2,402,90-402,313,COG0582,COG0582,1,70.5,2.23e-13,309,16-266
b2622,GCF_000005845.2,NP_417111.1,413,92-413,322,COG0582,COG0582,1,75.9,4.11e-15,309,2-287
b0020,GCF_000005845.2,NP_414561.1,301,1-301,301,COG0583,COG0583,0,113.0,3.94e-29,297,1-282
b0076,GCF_000005845.2,NP_414618.4,314,1-314,314,COG0583,COG0583,0,134.0,3.67e-37,297,2-293
b0208,GCF_000005845.2,NP_414744.1,304,1-304,304,COG0583,COG0583,0,189.0,1.79e-58,297,4-292
b0254,GCF_000005845.2,NP_414788.1,297,1-297,297,COG0583,COG0583,0,141.0,1.22e-39,297,2-291
b0316,GCF_000005845.2,NP_414850.1,310,1-310,310,COG0583,COG0583,0,144.0,6.91e-41,297,4-292
b0338,GCF_000005845.2,NP_414872.3,299,1-299,299,COG0583,COG0583,0,172.0,1.27e-51,297,1-292
b0504,GCF_000005845.2,NP_415037.1,308,1-308,308,COG0583,COG0583,0,159.0,6.92e-47,297,1-272
b0603,GCF_000005845.2,NP_415136.1,300,1-300,300,COG0583,COG0583,0,125.0,1.35e-33,297,1-291
b0629,GCF_000005845.2,NP_415162.4,317,1-317,317,COG0583,COG0583,0,129.0,3.73e-35,297,1-291
b0768,GCF_000005845.2,NP_415289.4,317,1-317,317,COG0583,COG0583,0,183.0,6.03e-56,297,1-287
b0900,GCF_000005845.2,NP_415420.1,302,1-302,302,COG0583,COG0583,0,173.0,3.56e-52,297,1-288
b1275,GCF_000005845.2,NP_415791.1,324,1-324,324,COG0583,COG0583,0,171.0,7.06e-51,297,1-294
b1328,GCF_000005845.2,NP_415844.1,299,1-299,299,COG0583,COG0583,0,162.0,7.46e-48,297,2-288
b1339,GCF_000005845.2,NP_415855.1,302,1-302,302,COG0583,COG0583,0,184.0,2.24e-56,297,2-292
b1422,GCF_000005845.2,NP_415939.2,307,1-307,307,COG0583,COG0583,0,153.0,1.95e-44,297,1-288
b1526,GCF_000005845.2,NP_416043.1,293,1-293,293,COG0583,COG0583,0,169.0,9.19e-51,297,1-287
b1595,GCF_000005845.2,NP_416112.1,297,1-297,297,COG0583,COG0583,0,161.0,1.03e-47,297,1-292
b1659,GCF_000005845.2,NP_416176.1,310,1-310,310,COG0583,COG0583,0,146.0,7.71e-42,297,6-287
b1799,GCF_000005845.2,NP_416313.4,307,1-307,307,COG0583,COG0583,0,154.0,1.25e-44,297,3-296
b1987,GCF_000005845.2,NP_416492.1,316,1-316,316,COG0583,COG0583,0,147.0,4.96e-42,297,1-294
b1988,GCF_000005845.2,NP_416493.1,305,1-305,305,COG0583,COG0583,0,156.0,1.52e-45,297,1-294
b2015,GCF_000005845.2,NP_416519.4,309,1-309,309,COG0583,COG0583,0,130.0,1.16e-35,297,3-289
b2157,GCF_000005845.2,NP_416662.1,293,1-293,293,COG0583,COG0583,0,161.0,1.1e-47,297,1-286
b2289,GCF_000005845.2,NP_416792.1,312,1-312,312,COG0583,COG0583,0,126.0,4.37e-34,297,1-287
b2364,GCF_000005845.2,NP_416865.1,311,1-311,311,COG0583,COG0583,0,151.0,1.48e-43,297,3-292
b2405,GCF_000005845.2,NP_416900.1,294,1-294,294,COG0583,COG0583,0,151.0,1.22e-43,297,2-289
b2409,GCF_000005845.2,NP_416904.1,308,1-308,308,COG0583,COG0583,0,169.0,2.27e-50,297,2-297
b2537,GCF_000005845.2,NP_417032.1,296,1-296,296,COG0583,COG0583,0,171.0,2.56e-51,297,1-296
b2577,GCF_000005845.2,NP_417072.4,293,1-293,293,COG0583,COG0583,0,167.0,8.36e-50,297,1-291
b2808,GCF_000005845.2,NP_417288.1,305,1-305,305,COG0583,COG0583,0,167.0,1.2e-49,297,1-297
b2839,GCF_000005845.2,NP_417316.1,311,1-311,311,COG0583,COG0583,0,149.0,1.32e-42,297,2-294
b2916,GCF_000005845.2,NP_417391.1,297,1-297,297,COG0583,COG0583,0,112.0,7.76e-29,297,1-290
b2921,GCF_000005845.2,NP_417396.4,298,1-298,298,COG0583,COG0583,0,100.0,1.33e-24,297,6-289
b3060,GCF_000005845.2,NP_417532.1,310,1-310,310,COG0583,COG0583,0,162.0,7.58e-48,297,4-297
b3105,GCF_000005845.2,NP_417576.1,298,1-298,298,COG0583,COG0583,0,122.0,8.24e-33,297,1-286
b3118,GCF_000005845.2,NP_417588.1,312,1-312,312,COG0583,COG0583,0,159.0,1.52e-46,297,1-290
b3243,GCF_000005845.2,NP_417710.1,309,1-309,309,COG0583,COG0583,0,173.0,5.79e-52,297,2-296
b3521,GCF_000005845.2,NP_417978.2,299,1-299,299,COG0583,COG0583,0,167.0,6.6e-50,297,1-296
b3585,GCF_000005845.2,NP_418042.1,324,1-324,324,COG0583,COG0583,0,121.0,6.01e-32,297,1-297
b3711,GCF_000005845.2,NP_418167.1,319,1-319,319,COG0583,COG0583,0,106.0,1.49e-26,297,13-295
b3773,GCF_000005845.2,NP_418221.1,297,1-297,297,COG0583,COG0583,0,166.0,1.1e-49,297,1-290
b3828,GCF_000005845.2,NP_418272.1,317,1-317,317,COG0583,COG0583,0,154.0,1.24e-44,297,1-296
b3961,GCF_000005845.2,NP_418396.1,305,1-305,305,COG0583,COG0583,0,183.0,8.92e-56,297,1-297
b4327,GCF_000005845.2,NP_418747.1,303,1-303,303,COG0583,COG0583,0,133.0,1.09e-36,297,1-289
b0282,GCF_000005845.2,YP_009518746.1,136,1-136,136,COG0583,COG0583,2,50.9,8.16e-08,297,164-295
b4480,GCF_000005845.2,YP_026246.1,279,1-279,279,COG0583,COG0583,0,127.0,6.45e-35,297,1-284
b2239,GCF_000005845.2,NP_416742.1,358,1-358,358,COG0584,COG0584,0,200.0,1.91e-62,257,7-256
b3449,GCF_000005845.2,NP_417906.1,247,1-247,247,COG0584,COG0584,0,178.0,1.77e-55,257,5-257
b2745,GCF_000005845.2,NP_417225.1,349,1-349,349,COG0585,COG0585,0,339.0,1.62e-114,406,6-401
b0065,GCF_000005845.2,NP_414607.1,254,1-254,254,COG0586,COG0586,0,130.0,2.84e-37,208,8-208
b2136,GCF_000005845.2,NP_416640.2,192,1-192,192,COG0586,COG0586,0,123.0,3.31e-35,208,16-208
b2317,GCF_000005845.2,NP_416820.1,219,1-219,219,COG0586,COG0586,0,148.0,1.68e-44,208,1-187
b3009,GCF_000005845.2,NP_417482.1,219,1-219,219,COG0586,COG0586,0,127.0,2.64e-36,208,14-204
b3095,GCF_000005845.2,NP_417566.1,220,1-220,220,COG0586,COG0586,0,128.0,5.64e-37,208,5-208
b0184,GCF_000005845.2,NP_414726.1,1160,1-1160,1160,COG0587,COG0587,0,1351.0,1.0e-200,1139,1-1139
b0755,GCF_000005845.2,NP_415276.1,250,1-250,250,COG0588,COG0588,0,354.0,7.36e-125,230,1-230
b0607,GCF_000005845.2,NP_415140.1,142,1-142,142,COG0589,COG0589,0,67.4,9.93e-15,154,4-151
b1333,GCF_000005845.2,NP_415849.1,316,1-152,152,COG0589,COG0589,1,48.6,3.62e-07,154,2-154
b1333,GCF_000005845.2,NP_415849.1,316,153-316,164,COG0589,COG0589,1,70.5,7.25e-15,154,14-154
b1376,GCF_000005845.2,NP_415894.4,144,1-144,144,COG0589,COG0589,0,66.3,2.63e-14,154,4-151
b1895,GCF_000005845.2,NP_416409.1,142,1-142,142,COG0589,COG0589,0,55.1,4.65e-10,154,3-154
b3495,GCF_000005845.2,NP_417952.1,144,1-144,144,COG0589,COG0589,0,60.1,5.18e-12,154,3-154
b3923,GCF_000005845.2,NP_418358.1,142,1-142,142,COG0589,COG0589,0,57.4,5.87e-11,154,3-151
b2559,GCF_000005845.2,NP_417054.2,167,1-167,167,COG0590,COG0590,0,194.0,3.63e-64,152,1-151
b1015,GCF_000005845.2,NP_415535.1,502,1-502,502,COG0591,COG0591,0,404.0,5.75e-137,493,5-491
b3701,GCF_000005845.2,NP_418156.1,366,1-366,366,COG0592,COG0592,0,372.0,4.9e-128,364,1-364
b2496,GCF_000005845.2,NP_416991.2,233,1-233,233,COG0593,COG0593,2,214.0,1.35e-67,408,68-311
b3702,GCF_000005845.2,NP_418157.1,467,1-467,467,COG0593,COG0593,0,502.0,6.25e-177,408,1-408
b3704,GCF_000005845.2,NP_418159.1,119,1-119,119,COG0594,COG0594,0,100.0,2.82e-28,117,1-115
b0349,GCF_000005845.2,NP_414883.5,288,1-288,288,COG0596,COG0596,0,132.0,9.45e-37,282,6-282
b0686,GCF_000005845.2,NP_415212.1,254,1-254,254,COG0596,COG0596,0,96.5,2.27e-23,282,21-279
b1009,GCF_000005845.2,NP_415529.1,266,1-266,266,COG0596,COG0596,0,94.6,1.37e-22,282,19-273
b2263,GCF_000005845.2,NP_416766.1,252,1-252,252,COG0596,COG0596,0,86.1,1.61e-19,282,15-280
b3412,GCF_000005845.2,NP_417871.1,256,1-256,256,COG0596,COG0596,0,107.0,1.75e-27,282,9-282
b0027,GCF_000005845.2,NP_414568.1,164,1-164,164,COG0597,COG0597,0,145.0,6.0e-45,167,2-164
b1342,GCF_000005845.2,NP_415858.1,327,1-327,327,COG0598,COG0598,0,232.0,1.73e-74,322,1-322
b3816,GCF_000005845.2,NP_418260.1,316,1-316,316,COG0598,COG0598,0,238.0,6.23e-77,322,4-322
b0367,GCF_000005845.2,NP_414901.1,275,1-275,275,COG0600,COG0600,0,186.0,3.78e-58,258,17-258
b0934,GCF_000005845.2,NP_415454.4,263,1-263,263,COG0600,COG0600,0,210.0,1.19e-67,258,5-258
b0831,GCF_000005845.2,NP_415352.1,306,1-306,306,COG0601,COG0601,0,341.0,1.6e-117,317,1-316
b1244,GCF_000005845.2,NP_415760.1,306,1-306,306,COG0601,COG0601,0,299.0,5.81e-101,317,1-315
b1486,GCF_000005845.2,NP_416003.1,340,1-340,340,COG0601,COG0601,0,288.0,1.97e-96,317,2-317
b3477,GCF_000005845.2,NP_417934.1,314,1-314,314,COG0601,COG0601,0,309.0,5.35e-105,317,1-317
b3543,GCF_000005845.2,NP_418000.1,339,1-339,339,COG0601,COG0601,0,345.0,1.03e-118,317,1-317
b2777,GCF_000005845.2,NP_417257.1,223,1-223,223,COG0602,COG0602,0,189.0,1.69e-60,212,2-212
b4237,GCF_000005845.2,NP_418658.1,154,1-154,154,COG0602,COG0602,0,139.0,9.57e-42,212,2-167
b0444,GCF_000005845.2,NP_414978.1,231,1-231,231,COG0603,COG0603,0,280.0,2.94e-96,222,2-217
b3253,GCF_000005845.2,NP_417719.1,324,1-324,324,COG0604,COG0604,0,216.0,2.67e-68,326,1-326
b4051,GCF_000005845.2,NP_418475.1,327,1-327,327,COG0604,COG0604,0,275.0,3.56e-91,326,1-326
b1656,GCF_000005845.2,NP_416173.1,193,1-193,193,COG0605,COG0605,0,272.0,5.12e-94,204,2-200
b3908,GCF_000005845.2,NP_418344.3,206,1-206,206,COG0605,COG0605,0,270.0,5.07e-93,204,2-202
b3765,GCF_000005845.2,NP_418214.2,506,1-506,506,COG0606,COG0606,0,630.0,1.0e-200,490,1-490
b0423,GCF_000005845.2,NP_414957.1,482,397-482,86,COG0607,COG0607,3,56.6,1.97e-10,110,18-93
b1308,GCF_000005845.2,NP_415824.1,104,1-104,104,COG0607,COG0607,0,70.4,6.11e-17,110,1-97
b2668,GCF_000005845.2,NP_417154.1,174,1-107,107,COG0607,COG0607,1,61.6,7.18e-13,110,3-107
b3425,GCF_000005845.2,NP_417883.1,108,1-108,108,COG0607,COG0607,0,82.4,1.47e-21,110,1-103
b3611,GCF_000005845.2,NP_418068.1,143,1-143,143,COG0607,COG0607,0,84.3,6.48e-22,110,1-110
b2892,GCF_000005845.2,NP_417368.1,577,1-577,577,COG0608,COG0608,0,402.0,4.92e-135,491,4-491
b0153,GCF_000005845.2,NP_414695.1,660,1-336,336,COG0609,COG0609,1,117.0,1.08e-28,334,55-319
b0153,GCF_000005845.2,NP_414695.1,660,337-660,324,COG0609,COG0609,1,172.0,3.21e-48,334,5-331
b0590,GCF_000005845.2,NP_415122.1,334,1-334,334,COG0609,COG0609,0,194.0,1.27e-59,334,32-331
b4288,GCF_000005845.2,NP_418708.1,318,1-318,318,COG0609,COG0609,0,214.0,2.8e-67,334,43-330
b4289,GCF_000005845.2,NP_418709.1,332,1-332,332,COG0609,COG0609,0,194.0,2.91e-59,334,5-329
b0417,GCF_000005845.2,NP_414951.1,325,1-325,325,COG0611,COG0611,0,358.0,8.12e-124,317,1-317
b1494,GCF_000005845.2,NP_416011.1,931,1-497,497,COG0612,COG0612,1,227.0,5.0e-66,438,5-409
b1494,GCF_000005845.2,NP_416011.1,931,498-931,434,COG0612,COG0612,1,112.0,3.99e-26,438,3-431
b3527,GCF_000005845.2,NP_417984.1,498,1-498,498,COG0612,COG0612,0,188.0,4.09e-54,438,6-409
b1266,GCF_000005845.2,NP_415782.1,293,1-293,293,COG0613,COG0613,0,248.0,4.7e-82,258,5-254
b0152,GCF_000005845.2,NP_414694.1,296,1-296,296,COG0614,COG0614,0,130.0,2.85e-35,319,52-301
b0158,GCF_000005845.2,NP_414700.1,266,1-266,266,COG0614,COG0614,0,131.0,3.35e-36,319,54-314
b1272,GCF_000005845.2,NP_415788.1,349,1-349,349,COG0616,COG0616,0,241.0,1.23e-77,317,2-317
b1766,GCF_000005845.2,NP_416280.1,618,281-618,338,COG0616,COG0616,1,262.0,7.34e-83,317,4-317
b1766,GCF_000005845.2,NP_416280.1,618,85-280,196,COG0616,COG0616,3,80.7,1.45e-16,317,70-274
b0143,GCF_000005845.2,NP_414685.4,465,1-465,465,COG0617,COG0617,0,337.0,1.96e-112,412,1-399
b3056,GCF_000005845.2,NP_417528.1,412,1-412,412,COG0617,COG0617,0,314.0,5.9e-104,412,23-405
b3829,GCF_000005845.2,NP_418273.1,753,1-350,350,COG0620,COG0620,1,73.5,3.77e-14,330,13-315
b3829,GCF_000005845.2,NP_418273.1,753,422-753,332,COG0620,COG0620,1,442.0,8.88e-151,330,1-329
b0661,GCF_000005845.2,NP_415194.1,474,1-474,474,COG0621,COG0621,0,565.0,1.0e-200,437,1-436
b0835,GCF_000005845.2,NP_415356.1,441,1-441,441,COG0621,COG0621,0,489.0,6.42e-172,437,1-436
b2300,GCF_000005845.2,NP_416803.3,184,1-184,184,COG0622,COG0622,0,151.0,1.05e-46,172,1-172
b1288,GCF_000005845.2,NP_415804.1,262,1-262,262,COG0623,COG0623,0,385.0,1.38e-136,259,1-259
b0516,GCF_000005845.2,NP_415049.1,411,1-411,411,COG0624,COG0624,0,211.0,3.8e-64,409,2-409
b2472,GCF_000005845.2,NP_416967.1,375,1-375,375,COG0624,COG0624,0,315.0,7.47e-105,409,11-406
b2872,GCF_000005845.2,NP_417348.1,403,1-403,403,COG0624,COG0624,0,216.0,5.65e-66,409,4-408
b3957,GCF_000005845.2,NP_418392.1,383,1-383,383,COG0624,COG0624,0,262.0,3.24e-84,409,8-409
b0838,GCF_000005845.2,NP_415359.4,208,1-208,208,COG0625,COG0625,0,139.0,3.12e-41,211,1-201
b1454,GCF_000005845.2,NP_415971.1,205,1-205,205,COG0625,COG0625,0,97.2,6.42e-25,211,1-201
b1635,GCF_000005845.2,NP_416152.1,201,1-201,201,COG0625,COG0625,0,121.0,2.5e-34,211,1-201
b2301,GCF_000005845.2,NP_416804.1,214,1-214,214,COG0625,COG0625,0,92.2,7.17e-23,211,1-201
b2302,GCF_000005845.2,NP_416805.1,215,1-215,215,COG0625,COG0625,0,149.0,4.32e-45,211,1-197
b2989,GCF_000005845.2,NP_417463.4,288,1-288,288,COG0625,COG0625,1,129.0,1.39e-36,211,1-200
b3229,GCF_000005845.2,NP_417696.1,212,1-212,212,COG0625,COG0625,0,138.0,1.05e-40,211,1-208
b3592,GCF_000005845.2,NP_418049.1,202,1-202,202,COG0625,COG0625,0,108.0,2.41e-29,211,1-206
b3008,GCF_000005845.2,NP_417481.1,395,1-395,395,COG0626,COG0626,0,423.0,4.1e-147,396,3-395
b3939,GCF_000005845.2,NP_418374.1,386,1-386,386,COG0626,COG0626,0,472.0,1.74e-166,396,9-396
b0355,GCF_000005845.2,NP_414889.1,277,1-277,277,COG0627,COG0627,0,261.0,2.3e-86,316,7-314
b2154,GCF_000005845.2,NP_416659.1,278,1-278,278,COG0627,COG0627,0,263.0,2.01e-87,316,7-312
b1601,GCF_000005845.2,NP_416118.1,344,1-344,344,COG0628,COG0628,0,126.0,3.12e-33,355,4-352
b1688,GCF_000005845.2,NP_416203.1,370,1-370,370,COG0628,COG0628,0,118.0,6.7e-30,355,3-351
b2493,GCF_000005845.2,NP_416988.1,353,1-353,353,COG0628,COG0628,0,186.0,9.71e-56,355,1-348
b3474,GCF_000005845.2,NP_417931.4,349,1-349,349,COG0628,COG0628,0,146.0,1.72e-40,355,7-353
b4059,GCF_000005845.2,NP_418483.1,178,1-178,178,COG0629,COG0629,0,155.0,9.88e-49,167,2-167
b1861,GCF_000005845.2,NP_416375.1,203,1-203,203,COG0632,COG0632,0,224.0,6.83e-75,201,1-201
b0872,GCF_000005845.2,NP_415393.1,322,249-322,74,COG0633,COG0633,1,69.1,4.11e-15,102,15-93
b0947,GCF_000005845.2,NP_415467.1,369,280-369,90,COG0633,COG0633,1,73.0,1.96e-16,102,5-93
b1392,GCF_000005845.2,NP_415910.1,356,275-356,82,COG0633,COG0633,1,73.0,2.24e-16,102,3-94
b1803,GCF_000005845.2,NP_416317.1,321,253-321,69,COG0633,COG0633,3,42.6,1.2e-05,102,14-89
b2236,GCF_000005845.2,NP_416739.1,84,1-84,84,COG0633,COG0633,0,61.1,1.53e-13,102,4-94
b2525,GCF_000005845.2,NP_417020.1,111,1-111,111,COG0633,COG0633,0,88.0,6.41e-24,102,1-102
b0125,GCF_000005845.2,NP_414667.4,178,1-178,178,COG0634,COG0634,0,237.0,9.53e-81,178,4-174
b2955,GCF_000005845.2,NP_417430.1,378,1-378,378,COG0635,COG0635,0,424.0,1.22e-147,416,33-412
b3867,GCF_000005845.2,NP_418303.2,457,1-457,457,COG0635,COG0635,0,456.0,6.21e-159,416,1-416
b1317,GCF_000005845.2,NP_415833.1,219,1-219,219,COG0637,COG0637,0,161.0,1.42e-49,221,1-216
b1727,GCF_000005845.2,NP_416241.1,222,1-222,222,COG0637,COG0637,0,153.0,1.94e-46,221,1-215
b2293,GCF_000005845.2,NP_416796.2,216,1-216,216,COG0637,COG0637,0,151.0,1.95e-45,221,1-214
b2690,GCF_000005845.2,NP_417175.1,188,1-188,188,COG0637,COG0637,0,168.0,7.33e-53,221,1-185
b3715,GCF_000005845.2,NP_418171.1,221,1-221,221,COG0637,COG0637,0,161.0,9.84e-50,221,1-221
b0049,GCF_000005845.2,NP_414591.1,280,113-280,168,COG0639,COG0639,1,59.8,4.85e-11,155,34-155
b2667,GCF_000005845.2,NP_417153.1,99,1-99,99,COG0640,COG0640,0,61.0,3.35e-13,110,2-99
b3501,GCF_000005845.2,NP_417958.1,117,1-117,117,COG0640,COG0640,0,67.2,1.57e-15,110,10-106
b1497,GCF_000005845.2,NP_416014.4,385,1-385,385,COG0641,COG0641,0,413.0,1.0e-143,378,8-378
b3674,GCF_000005845.2,NP_418130.1,165,1-165,165,COG0641,COG0641,2,102.0,1.15e-25,378,163-376
b3800,GCF_000005845.2,YP_026259.1,411,1-411,411,COG0641,COG0641,0,446.0,2.23e-156,378,1-376
b0993,GCF_000005845.2,NP_415513.2,914,331-672,342,COG0642,COG0642,1,166.0,1.25e-45,336,16-335
b1129,GCF_000005845.2,NP_415647.1,486,155-486,332,COG0642,COG0642,1,129.0,1.15e-33,336,21-334
b1609,GCF_000005845.2,NP_416126.1,433,99-433,335,COG0642,COG0642,1,144.0,3.18e-39,336,12-335
b2216,GCF_000005845.2,NP_416720.1,890,348-683,336,COG0642,COG0642,1,83.4,2.66e-17,336,21-334
b2218,GCF_000005845.2,NP_416722.2,949,452-696,245,COG0642,COG0642,3,181.0,9.72e-51,336,97-335
b2370,GCF_000005845.2,NP_416871.1,1197,708-948,241,COG0642,COG0642,3,163.0,2.02e-44,336,111-336
b2556,GCF_000005845.2,NP_417051.2,475,135-475,341,COG0642,COG0642,1,151.0,1.12e-41,336,14-328
b2786,GCF_000005845.2,NP_417266.1,918,261-519,259,COG0642,COG0642,3,175.0,1.15e-48,336,75-327
b3026,GCF_000005845.2,NP_417498.1,449,123-449,327,COG0642,COG0642,1,131.0,1.62e-34,336,6-327
b3404,GCF_000005845.2,NP_417863.1,450,120-450,331,COG0642,COG0642,1,145.0,2.11e-39,336,15-335
b3911,GCF_000005845.2,NP_418347.1,457,126-457,332,COG0642,COG0642,1,160.0,4.77e-45,336,6-329
b4003,GCF_000005845.2,NP_418431.1,465,235-465,231,COG0642,COG0642,3,159.0,1.04e-44,336,105-336
b4112,GCF_000005845.2,NP_418536.1,363,1-363,363,COG0642,COG0642,0,122.0,1.13e-31,336,2-335
b4399,GCF_000005845.2,NP_418816.1,474,144-474,331,COG0642,COG0642,1,149.0,6.39e-41,336,39-327
b3210,GCF_000005845.2,YP_026207.1,778,270-516,247,COG0642,COG0642,3,170.0,2.47e-47,336,101-335
b1888,GCF_000005845.2,NP_416402.1,654,1-654,654,COG0643,COG0643,0,616.0,1.0e-200,716,2-715
b0043,GCF_000005845.2,NP_414585.1,428,1-428,428,COG0644,COG0644,0,237.0,3.87e-74,396,1-396
b1699,GCF_000005845.2,NP_416214.1,429,1-429,429,COG0644,COG0644,0,249.0,8.08e-79,396,1-396
b2766,GCF_000005845.2,NP_417246.4,423,1-423,423,COG0644,COG0644,0,209.0,2.28e-63,396,11-396
b3690,GCF_000005845.2,NP_418145.2,354,1-354,354,COG0644,COG0644,0,170.0,4.11e-49,396,1-356
b4019,GCF_000005845.2,NP_418443.1,1227,1-327,327,COG0646,COG0646,1,399.0,7.86e-130,311,1-311
b0675,GCF_000005845.2,NP_415201.1,250,1-250,250,COG0647,COG0647,0,259.0,8.46e-87,269,6-262
b2159,GCF_000005845.2,NP_416664.1,285,1-285,285,COG0648,COG0648,0,327.0,8.01e-113,280,1-279
b2286,GCF_000005845.2,NP_416789.2,596,198-596,399,COG0649,COG0649,1,578.0,1.0e-200,398,1-398
b2483,GCF_000005845.2,NP_416978.4,315,1-315,315,COG0650,COG0650,0,221.0,2.08e-70,309,7-308
b2722,GCF_000005845.2,NP_417202.1,307,1-307,307,COG0650,COG0650,0,290.0,1.68e-97,309,5-308
b2482,GCF_000005845.2,NP_416977.1,672,67-520,454,COG0651,COG0651,3,298.0,2.69e-93,504,66-501
b2486,GCF_000005845.2,NP_416981.1,526,1-526,526,COG0651,COG0651,0,277.0,5.93e-87,504,26-489
b2723,GCF_000005845.2,NP_417203.1,608,1-506,506,COG0651,COG0651,1,228.0,1.8e-67,504,14-491
b0525,GCF_000005845.2,NP_415058.1,164,1-164,164,COG0652,COG0652,0,201.0,4.43e-67,158,1-158
b3363,GCF_000005845.2,NP_417822.1,190,1-190,190,COG0652,COG0652,0,198.0,2.17e-65,158,1-158
b0098,GCF_000005845.2,NP_414640.1,901,1-901,901,COG0653,COG0653,0,1080.0,1.0e-200,822,1-821
b0347,GCF_000005845.2,NP_414881.1,554,1-397,397,COG0654,COG0654,1,235.0,5.46e-72,387,1-383
b0662,GCF_000005845.2,NP_415195.1,391,1-391,391,COG0654,COG0654,0,307.0,4.6e-102,387,1-385
b2906,GCF_000005845.2,NP_417382.1,400,1-400,400,COG0654,COG0654,0,312.0,1.48e-103,387,1-385
b2907,GCF_000005845.2,NP_417383.1,392,1-392,392,COG0654,COG0654,0,283.0,1.52e-92,387,3-387
b1004,GCF_000005845.2,NP_415524.1,198,1-198,198,COG0655,COG0655,0,147.0,2.24e-44,207,3-205
b0207,GCF_000005845.2,NP_414743.1,267,1-267,267,COG0656,COG0656,0,309.0,3.16e-106,280,14-278
b1781,GCF_000005845.2,NP_416295.1,284,1-284,284,COG0656,COG0656,0,272.0,1.85e-91,280,1-268
b3012,GCF_000005845.2,NP_417485.4,275,1-275,275,COG0656,COG0656,0,349.0,1.07e-121,280,1-280
b0476,GCF_000005845.2,NP_415009.1,319,1-319,319,COG0657,COG0657,0,200.0,4.46e-62,312,14-311
b0913,GCF_000005845.2,NP_415433.4,754,1-438,438,COG0658,COG0658,1,140.0,9.17e-36,453,9-432
b1206,GCF_000005845.2,NP_415724.2,559,1-559,559,COG0659,COG0659,0,331.0,1.4e-106,554,12-547
b3625,GCF_000005845.2,NP_418082.1,232,1-232,232,COG0661,COG0661,2,46.2,2.19e-05,517,154-374
b3835,GCF_000005845.2,NP_418279.1,546,1-546,546,COG0661,COG0661,0,525.0,1.0e-200,517,2-517
b1735,GCF_000005845.2,NP_416249.1,280,1-81,81,COG0662,COG0662,3,39.4,3.51e-04,127,40-94
b2049,GCF_000005845.2,NP_416553.1,478,347-478,132,COG0662,COG0662,1,138.0,7.53e-40,127,1-127
b0035,GCF_000005845.2,NP_414577.2,196,1-196,196,COG0663,COG0663,0,202.0,9.77e-67,176,2-176
b1400,GCF_000005845.2,NP_415918.1,196,1-196,196,COG0663,COG0663,0,207.0,2.09e-68,176,2-176
b3279,GCF_000005845.2,NP_417738.4,184,1-184,184,COG0663,COG0663,0,214.0,1.3e-71,176,1-176
b1334,GCF_000005845.2,NP_415850.1,250,1-250,250,COG0664,COG0664,0,147.0,7.87e-44,214,7-214
b2163,GCF_000005845.2,NP_416668.3,219,1-219,219,COG0664,COG0664,0,87.0,6.71e-21,214,9-214
b3357,GCF_000005845.2,NP_417816.1,210,1-210,210,COG0664,COG0664,0,149.0,5.88e-45,214,13-214
b1059,GCF_000005845.2,NP_415577.1,372,1-372,372,COG0665,COG0665,0,172.0,6.46e-50,387,3-382
b1189,GCF_000005845.2,NP_415707.1,432,1-432,432,COG0665,COG0665,0,201.0,2.77e-60,387,5-384
b1301,GCF_000005845.2,NP_415817.1,426,1-426,426,COG0665,COG0665,0,227.0,1.84e-70,387,2-387
b2324,GCF_000005845.2,NP_416827.4,668,260-668,409,COG0665,COG0665,1,116.0,6.59e-28,387,1-378
b0318,GCF_000005845.2,NP_414852.1,201,1-131,131,COG0666,COG0666,3,70.4,1.47e-14,235,71-206
b0419,GCF_000005845.2,NP_414953.2,324,1-324,324,COG0667,COG0667,0,321.0,2.78e-109,316,1-315
b1406,GCF_000005845.2,NP_415924.1,286,1-286,286,COG0667,COG0667,0,198.0,6.2e-62,316,12-310
b1771,GCF_000005845.2,NP_416285.1,326,1-326,326,COG0667,COG0667,0,271.0,6.94e-90,316,1-310
b2834,GCF_000005845.2,NP_417311.1,346,1-346,346,COG0667,COG0667,0,292.0,1.26e-97,316,1-316
b3001,GCF_000005845.2,NP_417474.1,346,1-346,346,COG0667,COG0667,0,278.0,2.14e-92,316,1-310
b0577,GCF_000005845.2,NP_415109.1,415,1-415,415,COG0668,COG0668,0,99.8,2.64e-23,316,1-316
b0808,GCF_000005845.2,NP_415329.4,741,428-741,314,COG0668,COG0668,1,102.0,9.0e-24,316,1-312
b1330,GCF_000005845.2,NP_415846.1,343,1-343,343,COG0668,COG0668,0,134.0,1.6e-36,316,8-307
b2924,GCF_000005845.2,NP_417399.1,286,1-286,286,COG0668,COG0668,0,195.0,1.87e-60,316,30-305
b3634,GCF_000005845.2,NP_418091.1,159,1-159,159,COG0669,COG0669,0,256.0,7.01e-89,159,1-159
b0786,GCF_000005845.2,NP_415307.1,234,1-234,234,COG0670,COG0670,0,176.0,6.63e-55,233,1-233
b0787,GCF_000005845.2,NP_415308.1,237,1-237,237,COG0670,COG0670,0,82.0,1.27e-18,233,5-233
b0970,GCF_000005845.2,NP_415490.1,219,1-219,219,COG0670,COG0670,0,127.0,4.14e-36,233,5-230
b0841,GCF_000005845.2,NP_415362.1,198,76-198,123,COG0671,COG0671,3,48.5,7.94e-07,232,114-216
b1278,GCF_000005845.2,NP_415794.1,254,144-254,111,COG0671,COG0671,3,47.4,2.8e-06,232,121-212
b1411,GCF_000005845.2,NP_415929.1,430,1-173,173,COG0671,COG0671,3,62.0,4.77e-11,232,1-114
b1068,GCF_000005845.2,NP_415586.1,307,1-307,307,COG0673,COG0673,0,168.0,1.43e-49,342,1-334
b1315,GCF_000005845.2,NP_415831.1,351,1-351,351,COG0673,COG0673,0,232.0,1.0e-73,342,1-340
b1624,GCF_000005845.2,NP_416141.4,346,1-346,346,COG0673,COG0673,0,207.0,5.85e-64,342,4-341
b3087,GCF_000005845.2,NP_417558.2,328,1-328,328,COG0673,COG0673,0,190.0,1.41e-57,342,3-340
b3440,GCF_000005845.2,NP_417897.1,345,1-345,345,COG0673,COG0673,0,196.0,6.33e-60,342,2-332
b4280,GCF_000005845.2,NP_418700.2,372,1-372,372,COG0673,COG0673,0,201.0,1.48e-61,342,3-342
b1378,GCF_000005845.2,NP_415896.1,1174,1-402,402,COG0674,COG0674,1,342.0,5.62e-108,365,3-362
b1432,GCF_000005845.2,NP_415949.2,382,1-382,382,COG0675,COG0675,0,167.0,4.95e-48,364,19-343
b1780,GCF_000005845.2,NP_416294.4,294,1-294,294,COG0676,COG0676,0,377.0,1.92e-132,287,1-287
b3787,GCF_000005845.2,YP_026254.1,420,1-420,420,COG0677,COG0677,0,573.0,1.0e-200,436,10-424
b2372,GCF_000005845.2,NP_416873.1,314,1-314,314,COG0679,COG0679,0,119.0,3.12e-31,311,1-306
b0975,GCF_000005845.2,NP_415494.1,195,1-195,195,COG0680,COG0680,0,151.0,7.0e-47,160,1-160
b2717,GCF_000005845.2,NP_417197.1,156,1-156,156,COG0680,COG0680,0,101.0,8.25e-28,160,2-160
b2993,GCF_000005845.2,NP_417467.1,164,1-164,164,COG0680,COG0680,0,114.0,7.13e-33,160,2-160
b2568,GCF_000005845.2,NP_417063.1,324,1-240,240,COG0681,COG0681,1,68.7,5.6e-14,166,19-149
b2828,GCF_000005845.2,NP_417305.1,291,1-291,291,COG0682,COG0682,0,242.0,1.44e-79,287,1-280
b3458,GCF_000005845.2,NP_417915.1,369,1-369,369,COG0683,COG0683,0,268.0,2.55e-87,366,1-356
b3460,GCF_000005845.2,YP_026223.1,367,1-367,367,COG0683,COG0683,0,259.0,1.42e-83,366,1-356
b3929,GCF_000005845.2,NP_418364.1,161,1-161,161,COG0684,COG0684,0,170.0,4.98e-54,210,12-174
b3941,GCF_000005845.2,NP_418376.1,296,1-296,296,COG0685,COG0685,0,292.0,1.34e-98,291,1-291
b0854,GCF_000005845.2,NP_415375.1,370,1-370,370,COG0687,COG0687,0,348.0,1.29e-118,363,3-363
b1123,GCF_000005845.2,NP_415641.1,348,1-348,348,COG0687,COG0687,0,317.0,1.44e-106,363,23-363
b1440,GCF_000005845.2,NP_415957.1,381,1-381,381,COG0687,COG0687,0,210.0,1.7e-64,363,1-319
b4160,GCF_000005845.2,NP_418584.1,322,1-322,322,COG0688,COG0688,0,213.0,3.57e-68,239,2-239
b3643,GCF_000005845.2,YP_009518822.1,228,1-228,228,COG0689,COG0689,0,257.0,5.59e-87,230,8-204
b3981,GCF_000005845.2,NP_418408.1,127,1-127,127,COG0690,COG0690,1,79.0,1.23e-20,73,1-73
b2620,GCF_000005845.2,NP_417110.1,160,1-160,160,COG0691,COG0691,0,217.0,1.12e-73,153,2-153
b2580,GCF_000005845.2,NP_417075.1,229,1-229,229,COG0692,COG0692,0,378.0,4.35e-135,223,1-223
b0424,GCF_000005845.2,NP_414958.4,196,1-196,196,COG0693,COG0693,0,100.0,1.5e-26,188,1-188
b1967,GCF_000005845.2,NP_416476.1,283,61-283,223,COG0693,COG0693,1,75.8,1.52e-16,188,2-187
b3153,GCF_000005845.2,NP_417622.2,172,1-172,172,COG0693,COG0693,0,146.0,8.09e-45,188,1-183
b3414,GCF_000005845.2,NP_417873.1,191,103-191,89,COG0694,COG0694,1,115.0,5.73e-34,93,1-93
b0849,GCF_000005845.2,NP_415370.1,85,1-85,85,COG0695,COG0695,0,75.8,7.9e-20,80,1-78
b2673,GCF_000005845.2,NP_417159.1,81,1-81,81,COG0695,COG0695,0,67.7,1.11e-16,80,1-80
b3610,GCF_000005845.2,NP_418067.1,83,1-83,83,COG0695,COG0695,0,96.6,6.27e-28,80,1-80
b3612,GCF_000005845.2,NP_418069.1,514,1-514,514,COG0696,COG0696,0,741.0,1.0e-200,509,2-508
b1473,GCF_000005845.2,NP_415990.5,293,1-293,293,COG0697,COG0697,0,66.2,2.49e-12,292,2-291
b1533,GCF_000005845.2,NP_416050.4,299,1-299,299,COG0697,COG0697,0,73.2,1.09e-14,292,19-291
b1959,GCF_000005845.2,NP_416468.1,306,1-306,306,COG0697,COG0697,0,66.9,2.07e-12,292,2-289
b3184,GCF_000005845.2,NP_417651.1,321,1-321,321,COG0697,COG0697,0,55.7,1.08e-08,292,1-291
b3660,GCF_000005845.2,NP_418116.1,307,1-307,307,COG0697,COG0697,0,63.4,2.92e-11,292,2-292
b3827,GCF_000005845.2,NP_418271.1,299,1-299,299,COG0697,COG0697,0,62.6,4.52e-11,292,9-292
b3943,GCF_000005845.2,NP_418378.4,301,1-301,301,COG0697,COG0697,0,72.6,1.73e-14,292,3-290
b4210,GCF_000005845.2,NP_418631.2,321,1-321,321,COG0697,COG0697,0,54.5,2.89e-08,292,5-289
b4090,GCF_000005845.2,NP_418514.1,149,1-149,149,COG0698,COG0698,0,183.0,2.22e-60,151,1-150
b4329,GCF_000005845.2,NP_418749.1,153,1-153,153,COG0700,COG0700,0,121.0,1.5e-35,162,13-161
b3151,GCF_000005845.2,NP_417620.1,346,1-346,346,COG0701,COG0701,1,142.0,1.09e-39,317,15-315
b0869,GCF_000005845.2,NP_415390.4,476,1-282,282,COG0702,COG0702,1,141.0,1.6e-38,275,2-275
b3152,GCF_000005845.2,NP_417621.2,211,1-211,211,COG0702,COG0702,2,105.0,3.95e-27,275,1-197
b4211,GCF_000005845.2,NP_418632.1,286,1-286,286,COG0702,COG0702,0,131.0,1.98e-36,275,2-275
b0388,GCF_000005845.2,NP_414922.1,174,1-174,174,COG0703,COG0703,0,189.0,7.53e-62,172,1-172
b3390,GCF_000005845.2,YP_026215.2,173,1-173,173,COG0703,COG0703,0,207.0,6.32e-69,172,2-169
b3724,GCF_000005845.2,NP_418180.1,241,1-241,241,COG0704,COG0704,0,168.0,7.97e-52,240,5-237
b3424,GCF_000005845.2,YP_026220.1,276,78-276,199,COG0705,COG0705,1,85.0,1.55e-19,228,15-216
b3705,GCF_000005845.2,NP_418161.1,548,246-548,303,COG0706,COG0706,1,290.0,1.94e-94,314,3-309
b0090,GCF_000005845.2,NP_414632.1,355,1-355,355,COG0707,COG0707,0,364.0,2.55e-125,357,1-356
b1749,GCF_000005845.2,NP_416263.1,268,1-268,268,COG0708,COG0708,0,341.0,5.64e-119,261,1-260
b1764,GCF_000005845.2,NP_416278.1,347,1-347,347,COG0709,COG0709,0,487.0,3.47e-174,346,1-345
b1693,GCF_000005845.2,NP_416208.1,252,1-252,252,COG0710,COG0710,0,231.0,1.78e-76,231,1-231
b3736,GCF_000005845.2,NP_418192.1,156,1-156,156,COG0711,COG0711,0,128.0,2.58e-38,161,2-158
b4350,GCF_000005845.2,NP_418770.2,1170,150-239,90,COG0711,COG0711,3,41.7,1.39e-04,161,42-159
b3735,GCF_000005845.2,NP_418191.1,177,1-177,177,COG0712,COG0712,0,154.0,9.33e-48,178,1-178
b2279,GCF_000005845.2,NP_416782.1,100,1-100,100,COG0713,COG0713,0,118.0,6.16e-36,100,1-100
b2119,GCF_000005845.2,NP_416623.2,362,1-362,362,COG0714,COG0714,0,139.0,3.2e-38,329,1-326
b3746,GCF_000005845.2,NP_418202.4,498,1-317,317,COG0714,COG0714,1,186.0,7.1e-55,329,5-308
b0936,GCF_000005845.2,NP_415456.4,319,1-319,319,COG0715,COG0715,0,191.0,2.66e-58,335,3-331
b0684,GCF_000005845.2,NP_415210.1,176,1-176,176,COG0716,COG0716,0,136.0,2.33e-41,151,1-151
b2790,GCF_000005845.2,NP_417270.1,149,1-149,149,COG0716,COG0716,0,110.0,1.4e-31,151,1-151
b2895,GCF_000005845.2,NP_417371.1,173,1-173,173,COG0716,COG0716,0,117.0,3.85e-34,151,2-151
b3742,GCF_000005845.2,NP_418198.1,147,1-147,147,COG0716,COG0716,0,103.0,1.14e-28,151,1-151
b2065,GCF_000005845.2,NP_416569.1,193,1-193,193,COG0717,COG0717,0,184.0,2.58e-59,183,1-183
b0471,GCF_000005845.2,NP_415004.1,109,1-109,109,COG0718,COG0718,0,133.0,6.33e-42,105,9-105
b1681,GCF_000005845.2,NP_416196.1,423,1-423,423,COG0719,COG0719,0,289.0,5.86e-94,412,33-410
b1683,GCF_000005845.2,NP_416198.2,495,1-495,495,COG0719,COG0719,0,422.0,4.81e-145,412,1-412
b2765,GCF_000005845.2,NP_417245.1,121,1-121,121,COG0720,COG0720,0,123.0,2.0e-37,127,1-127
b0754,GCF_000005845.2,NP_415275.1,350,1-350,350,COG0722,COG0722,0,622.0,1.0e-200,351,1-350
b1704,GCF_000005845.2,NP_416219.1,348,1-348,348,COG0722,COG0722,0,600.0,1.0e-200,351,2-350
b2601,GCF_000005845.2,NP_417092.1,356,1-356,356,COG0722,COG0722,0,582.0,1.0e-200,351,1-351
b0763,GCF_000005845.2,NP_415284.1,257,1-257,257,COG0725,COG0725,0,223.0,9.7e-73,258,4-255
b0130,GCF_000005845.2,NP_414672.1,409,170-409,240,COG0726,COG0726,1,91.7,6.38e-21,267,3-258
b1023,GCF_000005845.2,NP_415542.1,672,1-321,321,COG0726,COG0726,1,94.4,1.53e-21,267,1-267
b2256,GCF_000005845.2,NP_416759.1,296,1-296,296,COG0726,COG0726,0,63.6,2.01e-11,267,19-258
b0288,GCF_000005845.2,NP_414822.1,109,1-109,109,COG0727,COG0727,0,67.2,2.76e-15,132,7-114
b1069,GCF_000005845.2,NP_415587.1,511,1-511,511,COG0728,COG0728,0,533.0,1.0e-200,518,7-518
b4220,GCF_000005845.2,NP_418641.1,577,1-577,577,COG0729,COG0729,0,592.0,1.0e-200,594,10-594
b2327,GCF_000005845.2,NP_416830.1,269,1-269,269,COG0730,COG0730,0,114.0,1.81e-30,258,9-256
b4348,GCF_000005845.2,NP_418768.1,464,1-464,464,COG0732,COG0732,0,121.0,4.07e-30,391,1-391
b0683,GCF_000005845.2,NP_415209.1,148,1-148,148,COG0735,COG0735,0,155.0,3.72e-49,145,5-144
b4046,GCF_000005845.2,NP_418470.4,171,1-171,171,COG0735,COG0735,0,138.0,2.54e-42,145,1-145
b2563,GCF_000005845.2,NP_417058.1,126,1-126,126,COG0736,COG0736,0,146.0,2.14e-46,127,2-125
b0480,GCF_000005845.2,NP_415013.1,550,1-550,550,COG0737,COG0737,0,329.0,9.56e-107,517,2-512
b4213,GCF_000005845.2,NP_418634.1,647,1-564,564,COG0737,COG0737,1,396.0,1.8e-131,517,8-517
b0845,GCF_000005845.2,NP_415366.1,402,1-402,402,COG0738,COG0738,0,88.2,8.84e-19,422,2-400
b2801,GCF_000005845.2,NP_417281.1,438,1-438,438,COG0738,COG0738,0,363.0,7.03e-123,422,3-412
b3364,GCF_000005845.2,NP_417823.1,393,1-393,393,COG0738,COG0738,0,71.3,3.38e-13,422,22-407
b1856,GCF_000005845.2,NP_416370.2,440,188-440,253,COG0739,COG0739,3,157.0,9.57e-45,277,67-277
b2742,GCF_000005845.2,NP_417222.1,379,120-379,260,COG0739,COG0739,1,137.0,1.14e-37,277,1-262
b2865,GCF_000005845.2,NP_417341.4,251,1-251,251,COG0739,COG0739,0,131.0,9.7e-37,277,1-272
b0437,GCF_000005845.2,NP_414971.1,207,1-207,207,COG0740,COG0740,0,322.0,1.97e-113,200,1-193
b0211,GCF_000005845.2,NP_414747.1,452,1-314,314,COG0741,COG0741,1,72.8,3.95e-14,296,14-296
b1193,GCF_000005845.2,NP_415711.2,203,1-203,203,COG0741,COG0741,2,90.9,1.11e-21,296,93-296
b2963,GCF_000005845.2,NP_417438.2,359,1-359,359,COG0741,COG0741,0,152.0,1.22e-43,296,1-296
b4392,GCF_000005845.2,NP_418809.4,645,346-645,300,COG0741,COG0741,1,127.0,1.05e-32,296,1-292
b3465,GCF_000005845.2,NP_417922.1,198,1-198,198,COG0742,COG0742,0,234.0,3.42e-79,187,1-187
b0173,GCF_000005845.2,NP_414715.1,398,1-398,398,COG0743,COG0743,0,560.0,1.0e-200,385,1-384
b0149,GCF_000005845.2,NP_414691.1,844,137-844,708,COG0744,COG0744,1,560.0,1.0e-200,661,30-647
b3208,GCF_000005845.2,NP_417675.1,242,1-242,242,COG0744,COG0744,2,256.0,1.11e-80,661,14-254
b0399,GCF_000005845.2,NP_414933.1,229,1-229,229,COG0745,COG0745,0,256.0,1.45e-86,229,2-228
b0571,GCF_000005845.2,NP_415103.1,227,1-227,227,COG0745,COG0745,0,236.0,7.16e-79,229,1-229
b0694,GCF_000005845.2,NP_415222.1,225,1-225,225,COG0745,COG0745,0,226.0,7.73e-75,229,1-225
b0995,GCF_000005845.2,NP_415515.1,230,1-230,230,COG0745,COG0745,0,185.0,1.28e-58,229,1-228
b1130,GCF_000005845.2,NP_415648.1,223,1-223,223,COG0745,COG0745,0,212.0,2.09e-69,229,1-226
b1608,GCF_000005845.2,NP_416125.2,239,1-239,239,COG0745,COG0745,0,191.0,9.53e-61,229,3-229
b1969,GCF_000005845.2,NP_416478.2,223,1-223,223,COG0745,COG0745,0,239.0,5.45e-80,229,1-229
b2079,GCF_000005845.2,NP_416583.1,240,1-240,240,COG0745,COG0745,0,233.0,2.17e-77,229,1-229
b3025,GCF_000005845.2,NP_417497.1,219,1-219,219,COG0745,COG0745,0,231.0,5.96e-77,229,1-228
b3405,GCF_000005845.2,NP_417864.1,239,1-239,239,COG0745,COG0745,0,243.0,1.62e-81,229,1-229
b3912,GCF_000005845.2,NP_418348.1,232,1-232,232,COG0745,COG0745,0,228.0,2.32e-75,229,2-226
b4113,GCF_000005845.2,NP_418537.1,222,1-222,222,COG0745,COG0745,0,225.0,1.49e-74,229,1-229
b4398,GCF_000005845.2,NP_418815.1,229,1-229,229,COG0745,COG0745,0,226.0,8.42e-75,229,3-227
b4401,GCF_000005845.2,NP_418818.1,238,1-238,238,COG0745,COG0745,0,208.0,1.43e-67,229,1-228
b3857,GCF_000005845.2,NP_418294.1,194,1-194,194,COG0746,COG0746,0,200.0,1.54e-65,192,1-192
b0830,GCF_000005845.2,NP_415351.1,512,1-512,512,COG0747,COG0747,0,346.0,5.85e-113,556,28-551
b1294,GCF_000005845.2,NP_415810.1,547,1-547,547,COG0747,COG0747,0,296.0,3.51e-93,556,8-554
b1487,GCF_000005845.2,NP_416004.1,516,1-516,516,COG0747,COG0747,0,319.0,2.06e-102,556,22-554
b3476,GCF_000005845.2,NP_417933.1,524,1-524,524,COG0747,COG0747,0,323.0,3.93e-104,556,47-556
b3544,GCF_000005845.2,NP_418001.1,535,1-535,535,COG0747,COG0747,0,395.0,8.88e-132,556,22-553
b3863,GCF_000005845.2,NP_418300.1,928,315-928,614,COG0749,COG0749,1,792.0,1.0e-200,593,3-593
b0176,GCF_000005845.2,NP_414718.1,450,1-450,450,COG0750,COG0750,0,308.0,7.29e-102,375,1-373
b3559,GCF_000005845.2,NP_418016.1,689,1-689,689,COG0751,COG0751,0,924.0,1.0e-200,691,1-690
b3560,GCF_000005845.2,NP_418017.1,303,1-303,303,COG0752,COG0752,0,549.0,1.0e-200,298,1-298
b1732,GCF_000005845.2,YP_025308.1,753,64-570,507,COG0753,COG0753,1,721.0,1.0e-200,496,1-495
b2988,GCF_000005845.2,NP_417462.1,619,222-619,398,COG0754,COG0754,1,417.0,4.44e-142,387,1-387
b3038,GCF_000005845.2,NP_417510.1,386,1-386,386,COG0754,COG0754,0,528.0,1.0e-200,387,1-387
b4186,GCF_000005845.2,NP_418607.1,387,1-387,387,COG0754,COG0754,0,545.0,1.0e-200,387,1-387
b2199,GCF_000005845.2,NP_416703.1,245,1-245,245,COG0755,COG0755,2,181.0,5.96e-56,281,34-218
b3640,GCF_000005845.2,NP_418097.1,151,1-151,151,COG0756,COG0756,0,196.0,2.78e-65,148,1-148
b4473,GCF_000005845.2,YP_026211.1,374,1-374,374,COG0758,COG0758,0,367.0,2.08e-126,350,1-350
b4557,GCF_000005845.2,YP_588472.1,85,1-85,85,COG0759,COG0759,0,105.0,3.77e-31,92,1-75
b0053,GCF_000005845.2,NP_414595.1,428,1-340,340,COG0760,COG0760,1,82.9,2.13e-17,320,1-320
b0441,GCF_000005845.2,NP_414975.1,623,1-314,314,COG0760,COG0760,1,139.0,1.37e-36,320,1-320
b3775,GCF_000005845.2,NP_418223.1,93,1-93,93,COG0760,COG0760,2,85.6,9.23e-21,320,165-262
b0029,GCF_000005845.2,NP_414570.1,316,1-316,316,COG0761,COG0761,0,442.0,8.35e-158,294,2-294
b2952,GCF_000005845.2,NP_417427.1,188,1-80,80,COG0762,COG0762,3,43.5,2.97e-06,96,17-83
b2952,GCF_000005845.2,NP_417427.1,188,81-188,108,COG0762,COG0762,1,62.0,4.2e-13,96,1-83
b0182,GCF_000005845.2,NP_414724.1,382,1-382,382,COG0763,COG0763,0,462.0,4.04e-163,381,1-380
b0180,GCF_000005845.2,NP_414722.1,151,1-151,151,COG0764,COG0764,0,172.0,5.08e-56,147,2-147
b0954,GCF_000005845.2,NP_415474.1,172,1-172,172,COG0764,COG0764,0,136.0,1.26e-41,147,1-147
b0653,GCF_000005845.2,NP_415186.1,224,1-224,224,COG0765,COG0765,0,185.0,9.14e-59,222,1-219
b0654,GCF_000005845.2,NP_415187.1,246,1-246,246,COG0765,COG0765,0,186.0,5.81e-59,222,3-222
b0810,GCF_000005845.2,NP_415331.1,219,1-219,219,COG0765,COG0765,0,207.0,8.95e-68,222,1-220
b1918,GCF_000005845.2,NP_416428.1,222,1-222,222,COG0765,COG0765,0,247.0,3.37e-83,222,13-221
b3270,GCF_000005845.2,NP_417736.2,367,138-367,230,COG0765,COG0765,1,199.0,1.5e-62,222,1-222
b3189,GCF_000005845.2,NP_417656.1,419,1-419,419,COG0766,COG0766,0,656.0,1.0e-200,421,1-421
b3194,GCF_000005845.2,NP_417661.1,260,1-260,260,COG0767,COG0767,0,231.0,7.63e-76,267,7-264
b0084,GCF_000005845.2,NP_414626.1,588,1-588,588,COG0768,COG0768,0,476.0,3.01e-162,599,1-598
b0635,GCF_000005845.2,NP_415168.1,633,1-633,633,COG0768,COG0768,0,479.0,1.03e-162,599,3-599
b0085,GCF_000005845.2,NP_414627.1,495,1-495,495,COG0769,COG0769,0,441.0,1.16e-151,475,9-475
b0086,GCF_000005845.2,NP_414628.1,452,1-452,452,COG0770,COG0770,0,452.0,4.33e-157,451,1-451
b0088,GCF_000005845.2,NP_414630.1,438,1-438,438,COG0771,COG0771,0,478.0,2.42e-167,448,2-447
b0089,GCF_000005845.2,NP_414631.1,414,1-414,414,COG0772,COG0772,0,301.0,3.17e-99,381,13-373
b0634,GCF_000005845.2,NP_415167.1,370,1-370,370,COG0772,COG0772,0,267.0,9.38e-87,381,4-378
b0091,GCF_000005845.2,NP_414633.1,491,1-491,491,COG0773,COG0773,0,533.0,1.0e-200,459,1-455
b4233,GCF_000005845.2,NP_418654.1,457,1-457,457,COG0773,COG0773,0,539.0,1.0e-200,459,9-459
b0096,GCF_000005845.2,NP_414638.1,305,1-305,305,COG0774,COG0774,0,484.0,2.49e-174,300,1-300
b0159,GCF_000005845.2,NP_414701.1,232,1-232,232,COG0775,COG0775,0,226.0,1.14e-74,234,3-233
b1982,GCF_000005845.2,NP_416489.1,484,204-484,281,COG0775,COG0775,1,179.0,1.19e-53,234,1-233
b0440,GCF_000005845.2,NP_414974.1,90,1-90,90,COG0776,COG0776,0,116.0,2.21e-35,94,2-91
b0912,GCF_000005845.2,NP_415432.1,94,1-94,94,COG0776,COG0776,0,120.0,5.71e-37,94,2-93
b1712,GCF_000005845.2,NP_416227.1,99,1-99,99,COG0776,COG0776,0,120.0,4.04e-37,94,1-93
b4000,GCF_000005845.2,NP_418428.1,90,1-90,90,COG0776,COG0776,0,113.0,2.25e-34,94,2-91
b2316,GCF_000005845.2,NP_416819.1,304,1-304,304,COG0777,COG0777,0,447.0,1.38e-159,294,1-290
b0578,GCF_000005845.2,NP_415110.1,217,1-217,217,COG0778,COG0778,0,105.0,8.67e-28,207,3-205
b0851,GCF_000005845.2,NP_415372.1,240,1-240,240,COG0778,COG0778,1,91.3,2.7e-22,207,6-207
b1008,GCF_000005845.2,NP_415528.1,196,1-196,196,COG0778,COG0778,0,87.1,3.68e-21,207,4-205
b1765,GCF_000005845.2,NP_416279.1,183,1-183,183,COG0778,COG0778,0,94.0,6.83e-24,207,3-204
b3170,GCF_000005845.2,NP_417639.6,150,1-150,150,COG0779,COG0779,0,182.0,6.26e-60,153,4-153
b2794,GCF_000005845.2,NP_417274.1,282,140-282,143,COG0780,COG0780,1,177.0,5.11e-56,149,1-149
b0416,GCF_000005845.2,NP_414950.1,139,1-139,139,COG0781,COG0781,0,136.0,7.43e-42,151,15-150
b3289,GCF_000005845.2,NP_417747.1,429,1-102,102,COG0781,COG0781,1,43.1,2.53e-05,151,7-148
b0610,GCF_000005845.2,NP_415143.1,136,1-136,136,COG0782,COG0782,0,114.0,3.02e-33,151,21-151
b3181,GCF_000005845.2,NP_417648.4,158,1-158,158,COG0782,COG0782,0,175.0,6.42e-57,151,1-150
b3406,GCF_000005845.2,YP_026216.2,158,1-158,158,COG0782,COG0782,0,161.0,2.36e-51,151,1-150
b0812,GCF_000005845.2,NP_415333.1,167,1-167,167,COG0783,COG0783,0,149.0,1.49e-46,156,1-156
b0993,GCF_000005845.2,NP_415513.2,914,673-803,131,COG0784,COG0784,1,78.1,1.38e-17,130,2-128
b1235,GCF_000005845.2,NP_415751.1,337,1-130,130,COG0784,COG0784,1,100.0,4.56e-26,130,1-124
b1882,GCF_000005845.2,NP_416396.1,129,1-129,129,COG0784,COG0784,0,92.0,9.13e-25,130,1-126
b2218,GCF_000005845.2,NP_416722.2,949,820-949,130,COG0784,COG0784,1,110.0,6.53e-29,130,8-128
b2370,GCF_000005845.2,NP_416871.1,1197,949-1079,131,COG0784,COG0784,1,99.7,3.18e-25,130,1-123
b2786,GCF_000005845.2,NP_417266.1,918,664-796,133,COG0784,COG0784,1,100.0,2.45e-25,130,5-123
b3210,GCF_000005845.2,YP_026207.1,778,517-654,138,COG0784,COG0784,1,87.8,4.45e-21,130,1-130
b3653,GCF_000005845.2,NP_418110.1,401,1-401,401,COG0786,COG0786,0,444.0,3.5e-155,404,4-404
b1190,GCF_000005845.2,NP_415708.1,356,1-356,356,COG0787,COG0787,0,429.0,8.56e-151,360,1-359
b4053,GCF_000005845.2,NP_418477.1,359,1-359,359,COG0787,COG0787,0,445.0,6.63e-157,360,2-360
b1232,GCF_000005845.2,NP_415748.1,280,1-280,280,COG0788,COG0788,0,395.0,6.85e-140,287,3-286
b0487,GCF_000005845.2,NP_415020.1,135,1-135,135,COG0789,COG0789,0,98.7,1.69e-27,124,1-106
b1162,GCF_000005845.2,NP_415680.1,243,1-88,88,COG0789,COG0789,3,77.5,3.37e-18,124,1-85
b2127,GCF_000005845.2,NP_416631.1,243,1-93,93,COG0789,COG0789,3,74.8,3.33e-17,124,1-90
b3292,GCF_000005845.2,NP_417751.1,141,1-141,141,COG0789,COG0789,0,100.0,3.89e-28,124,1-111
b4063,GCF_000005845.2,NP_418487.1,154,1-154,154,COG0789,COG0789,1,81.0,3.0e-20,124,1-106
b0644,GCF_000005845.2,NP_415177.4,325,62-325,264,COG0790,COG0790,1,145.0,5.74e-41,292,1-282
b0647,GCF_000005845.2,NP_415180.1,184,1-184,184,COG0790,COG0790,2,88.4,5.59e-21,292,109-281
b4078,GCF_000005845.2,NP_418502.1,229,1-229,229,COG0790,COG0790,0,82.6,1.78e-18,292,49-281
b0227,GCF_000005845.2,NP_414762.1,249,101-249,149,COG0791,COG0791,3,135.0,1.65e-39,197,57-197
b1655,GCF_000005845.2,NP_416172.1,271,68-271,204,COG0791,COG0791,1,142.0,7.4e-42,197,4-197
b1708,GCF_000005845.2,NP_416223.1,154,1-154,154,COG0791,COG0791,2,116.0,5.77e-33,197,54-197
b2175,GCF_000005845.2,NP_416680.1,188,1-188,188,COG0791,COG0791,0,121.0,1.51e-34,197,16-197
b3148,GCF_000005845.2,NP_417617.1,131,1-131,131,COG0792,COG0792,0,138.0,2.67e-43,114,1-114
b1830,GCF_000005845.2,NP_416344.1,682,123-576,454,COG0793,COG0793,1,347.0,2.29e-113,406,1-405
b2708,GCF_000005845.2,NP_417188.4,321,1-203,203,COG0794,COG0794,1,224.0,2.6e-73,202,1-201
b3197,GCF_000005845.2,NP_417664.1,328,1-215,215,COG0794,COG0794,1,247.0,2.7e-82,202,1-202
b4261,GCF_000005845.2,NP_418682.1,366,1-366,366,COG0795,COG0795,0,202.0,9.69e-62,364,2-364
b4262,GCF_000005845.2,NP_418683.4,360,1-360,360,COG0795,COG0795,0,223.0,4.78e-70,364,1-362
b3967,GCF_000005845.2,NP_418402.2,285,1-285,285,COG0796,COG0796,0,307.0,2.97e-105,269,1-267
b0633,GCF_000005845.2,NP_415166.1,362,1-250,250,COG0797,COG0797,1,176.0,1.48e-53,233,1-233
b0637,GCF_000005845.2,NP_415170.4,105,1-105,105,COG0799,COG0799,0,141.0,8.45e-45,115,1-105
b1850,GCF_000005845.2,NP_416364.1,213,1-213,213,COG0800,COG0800,0,212.0,5.08e-70,211,2-210
b4477,GCF_000005845.2,YP_026238.1,205,1-205,205,COG0800,COG0800,0,202.0,6.62e-66,211,7-210
b0142,GCF_000005845.2,NP_414684.1,159,1-159,159,COG0801,COG0801,0,203.0,7.53e-68,160,1-158
b4168,GCF_000005845.2,NP_418589.1,153,1-153,153,COG0802,COG0802,0,193.0,2.78e-64,149,1-149
b3839,GCF_000005845.2,NP_418282.1,258,1-258,258,COG0805,COG0805,0,283.0,1.83e-96,255,4-255
b2608,GCF_000005845.2,NP_417099.4,182,1-182,182,COG0806,COG0806,0,206.0,1.4e-68,174,2-172
b1277,GCF_000005845.2,NP_415793.1,196,1-196,196,COG0807,COG0807,0,267.0,4.31e-92,193,1-193
b0405,GCF_000005845.2,NP_414939.1,356,1-356,356,COG0809,COG0809,0,520.0,1.0e-200,348,1-348
b1252,GCF_000005845.2,NP_415768.1,239,1-239,239,COG0810,COG0810,0,92.1,3.26e-22,244,1-243
b0737,GCF_000005845.2,NP_415265.1,230,1-230,230,COG0811,COG0811,0,188.0,8.76e-60,216,1-215
b3006,GCF_000005845.2,NP_417479.1,244,1-244,244,COG0811,COG0811,0,177.0,9.97e-56,216,1-214
b3972,GCF_000005845.2,NP_418403.1,342,1-342,342,COG0812,COG0812,0,325.0,4.04e-111,291,5-291
b4384,GCF_000005845.2,NP_418801.1,239,1-239,239,COG0813,COG0813,0,380.0,2.97e-135,236,1-236
b1907,GCF_000005845.2,NP_416420.1,403,1-403,403,COG0814,COG0814,0,231.0,6.63e-72,415,9-415
b2796,GCF_000005845.2,NP_417276.1,429,1-429,429,COG0814,COG0814,0,231.0,2.28e-71,415,1-412
b2845,GCF_000005845.2,NP_417322.1,409,1-409,409,COG0814,COG0814,0,191.0,1.54e-56,415,3-410
b3116,GCF_000005845.2,NP_417586.1,443,1-443,443,COG0814,COG0814,0,209.0,4.33e-63,415,2-412
b3161,GCF_000005845.2,NP_417630.1,414,1-414,414,COG0814,COG0814,0,213.0,1.59e-64,415,30-415
b3539,GCF_000005845.2,NP_417996.1,423,1-423,423,COG0814,COG0814,0,158.0,6.05e-44,415,3-412
b3709,GCF_000005845.2,NP_418165.1,415,1-415,415,COG0814,COG0814,0,218.0,8.68e-67,415,3-415
b3110,GCF_000005845.2,YP_026203.3,443,1-443,443,COG0814,COG0814,0,161.0,1.07e-44,415,1-410
b0657,GCF_000005845.2,NP_415190.1,512,1-512,512,COG0815,COG0815,0,425.0,3.08e-144,518,5-516
b2949,GCF_000005845.2,NP_417424.1,138,1-138,138,COG0816,COG0816,0,175.0,1.33e-57,141,2-136
b1863,GCF_000005845.2,NP_416377.1,173,1-173,173,COG0817,COG0817,0,195.0,1.16e-64,160,1-160
b4042,GCF_000005845.2,NP_418466.1,122,1-122,122,COG0818,COG0818,0,148.0,2.6e-47,123,1-117
b2517,GCF_000005845.2,NP_417012.1,384,1-384,384,COG0820,COG0820,0,471.0,5.37e-167,349,1-349
b2515,GCF_000005845.2,NP_417010.1,372,1-372,372,COG0821,COG0821,0,531.0,1.0e-200,361,1-361
b2529,GCF_000005845.2,NP_417024.1,128,1-128,128,COG0822,COG0822,0,145.0,1.47e-45,150,7-146
b0740,GCF_000005845.2,NP_415268.1,430,1-430,430,COG0823,COG0823,0,398.0,1.99e-136,425,13-425
b3689,GCF_000005845.2,NP_418144.3,415,290-415,126,COG0823,COG0823,3,46.5,2.96e-05,425,229-341
b0443,GCF_000005845.2,NP_414977.1,132,1-132,132,COG0824,COG0824,0,119.0,1.69e-35,137,6-136
b0736,GCF_000005845.2,NP_415264.1,134,1-134,134,COG0824,COG0824,0,135.0,1.21e-41,137,1-133
b0185,GCF_000005845.2,NP_414727.1,319,1-319,319,COG0825,COG0825,0,484.0,1.18e-173,317,1-314
b1435,GCF_000005845.2,NP_415952.2,653,1-346,346,COG0826,COG0826,1,301.0,3.42e-97,347,1-346
b2081,GCF_000005845.2,NP_416585.1,453,1-389,389,COG0826,COG0826,1,375.0,1.49e-128,347,4-346
b3158,GCF_000005845.2,NP_417627.1,331,1-331,331,COG0826,COG0826,0,300.0,1.31e-100,347,7-312
b3159,GCF_000005845.2,NP_417628.2,292,1-292,292,COG0826,COG0826,0,211.0,1.95e-66,347,1-304
b3065,GCF_000005845.2,NP_417537.1,71,1-71,71,COG0828,COG0828,0,80.5,4.88e-22,67,1-66
b0260,GCF_000005845.2,NP_414794.4,467,1-467,467,COG0833,COG0833,0,480.0,2.01e-166,541,34-511
b2156,GCF_000005845.2,NP_416661.1,489,1-489,489,COG0833,COG0833,0,581.0,1.0e-200,541,32-516
b0655,GCF_000005845.2,NP_415188.1,302,1-302,302,COG0834,COG0834,0,151.0,4.96e-44,275,25-275
b0811,GCF_000005845.2,NP_415332.1,248,1-248,248,COG0834,COG0834,0,159.0,7.73e-48,275,13-266
b0860,GCF_000005845.2,NP_415381.1,243,1-243,243,COG0834,COG0834,0,186.0,3.64e-58,275,4-263
b0863,GCF_000005845.2,NP_415384.1,243,1-243,243,COG0834,COG0834,0,170.0,5.64e-52,275,4-263
b1920,GCF_000005845.2,NP_416430.1,266,1-266,266,COG0834,COG0834,0,189.0,4.02e-59,275,1-267
b2309,GCF_000005845.2,NP_416812.1,260,1-260,260,COG0834,COG0834,0,170.0,8.43e-52,275,36-268
b2310,GCF_000005845.2,NP_416813.1,260,1-260,260,COG0834,COG0834,0,157.0,1.44e-46,275,9-270
b2370,GCF_000005845.2,NP_416871.1,1197,1-278,278,COG0834,COG0834,1,52.5,2.22e-07,275,30-263
b2370,GCF_000005845.2,NP_416871.1,1197,279-531,253,COG0834,COG0834,1,53.1,1.23e-07,275,30-262
b1887,GCF_000005845.2,NP_416401.1,167,1-167,167,COG0835,COG0835,0,153.0,6.0e-48,165,2-165
b2049,GCF_000005845.2,NP_416553.1,478,1-346,346,COG0836,COG0836,1,477.0,3.47e-168,333,1-333
b2388,GCF_000005845.2,NP_416889.1,321,1-321,321,COG0837,COG0837,0,447.0,3.1e-159,320,4-320
b2288,GCF_000005845.2,NP_416791.3,147,1-147,147,COG0838,COG0838,0,121.0,2.88e-36,123,2-122
b2280,GCF_000005845.2,NP_416783.1,184,1-184,184,COG0839,COG0839,0,104.0,1.14e-28,166,7-166
b1421,GCF_000005845.2,NP_415938.1,546,143-546,404,COG0840,COG0840,1,225.0,3.42e-68,408,61-408
b1885,GCF_000005845.2,NP_416399.1,533,131-533,403,COG0840,COG0840,1,210.0,1.33e-62,408,38-408
b1886,GCF_000005845.2,NP_416400.1,553,214-553,340,COG0840,COG0840,3,216.0,1.65e-64,408,82-408
b3072,GCF_000005845.2,NP_417543.1,506,126-506,381,COG0840,COG0840,1,177.0,3.28e-50,408,1-404
b4355,GCF_000005845.2,NP_418775.1,551,134-551,418,COG0840,COG0840,1,226.0,1.33e-68,408,44-408
b0462,GCF_000005845.2,NP_414995.1,1049,1-1049,1049,COG0841,COG0841,0,1112.0,1.0e-200,1009,4-996
b2075,GCF_000005845.2,NP_416579.1,1040,1-1040,1040,COG0841,COG0841,0,906.0,1.0e-200,1009,3-1009
b2076,GCF_000005845.2,NP_416580.1,1025,1-1025,1025,COG0841,COG0841,0,920.0,1.0e-200,1009,1-1009
b2470,GCF_000005845.2,NP_416965.1,1037,1-1037,1037,COG0841,COG0841,0,1093.0,1.0e-200,1009,3-1008
b3266,GCF_000005845.2,NP_417732.1,1034,1-1034,1034,COG0841,COG0841,0,1134.0,1.0e-200,1009,3-996
b3514,GCF_000005845.2,NP_417971.1,1037,1-1037,1037,COG0841,COG0841,0,1071.0,1.0e-200,1009,2-1009
b0128,GCF_000005845.2,NP_414670.1,256,1-256,256,COG0842,COG0842,0,96.3,2.98e-23,286,30-285
b0792,GCF_000005845.2,NP_415313.1,368,71-368,298,COG0842,COG0842,1,139.0,1.92e-38,286,4-282
b0793,GCF_000005845.2,NP_415314.1,377,77-377,301,COG0842,COG0842,1,109.0,1.98e-27,286,2-285
b3485,GCF_000005845.2,NP_417942.6,374,72-374,303,COG0842,COG0842,1,87.4,2.19e-19,286,1-281
b3486,GCF_000005845.2,YP_026225.1,911,597-911,315,COG0842,COG0842,1,120.0,2.28e-30,286,1-283
b0431,GCF_000005845.2,NP_414965.1,663,1-663,663,COG0843,COG0843,0,601.0,1.0e-200,566,1-566
b0463,GCF_000005845.2,NP_414996.1,397,1-397,397,COG0845,COG0845,0,169.0,1.58e-48,372,13-365
b0574,GCF_000005845.2,NP_415106.1,407,1-407,407,COG0845,COG0845,1,100.0,2.0e-23,372,41-365
b0878,GCF_000005845.2,NP_415399.4,371,1-371,371,COG0845,COG0845,0,144.0,2.16e-39,372,35-353
b2074,GCF_000005845.2,NP_416578.2,415,1-415,415,COG0845,COG0845,1,148.0,1.01e-40,372,59-367
b3265,GCF_000005845.2,NP_417731.1,385,1-385,385,COG0845,COG0845,0,180.0,4.94e-53,372,2-365
b3513,GCF_000005845.2,NP_417970.1,385,1-385,385,COG0845,COG0845,0,187.0,1.31e-55,372,7-362
b1120,GCF_000005845.2,NP_415638.3,279,1-279,279,COG0846,COG0846,0,274.0,1.76e-92,250,1-250
b0215,GCF_000005845.2,NP_414751.1,243,1-243,243,COG0847,COG0847,0,193.0,2.16e-61,243,8-241
b1652,GCF_000005845.2,NP_416169.1,215,1-215,215,COG0847,COG0847,0,113.0,1.38e-30,243,3-234
b1844,GCF_000005845.2,NP_416358.1,220,1-220,220,COG0847,COG0847,0,137.0,1.02e-39,243,17-243
b0738,GCF_000005845.2,NP_415266.1,142,1-142,142,COG0848,COG0848,0,86.1,2.81e-22,137,1-135
b3005,GCF_000005845.2,NP_417478.1,141,1-141,141,COG0848,COG0848,0,145.0,2.15e-45,137,1-136
b0094,GCF_000005845.2,NP_414636.1,420,1-420,420,COG0849,COG0849,0,454.0,1.2e-158,418,1-418
b1176,GCF_000005845.2,NP_415694.1,231,1-231,231,COG0850,COG0850,0,233.0,1.22e-77,219,1-218
b1174,GCF_000005845.2,NP_415692.1,88,1-88,88,COG0851,COG0851,0,108.0,1.3e-32,88,1-85
b2286,GCF_000005845.2,NP_416789.2,596,1-197,197,COG0852,COG0852,1,201.0,1.16e-61,176,1-176
b0131,GCF_000005845.2,NP_414673.1,126,1-126,126,COG0853,COG0853,0,182.0,1.91e-60,126,1-125
b2564,GCF_000005845.2,NP_417059.1,243,1-243,243,COG0854,COG0854,0,371.0,1.53e-131,243,1-242
b2501,GCF_000005845.2,NP_416996.1,688,1-688,688,COG0855,COG0855,0,854.0,1.0e-200,696,6-693
b2297,GCF_000005845.2,NP_416800.1,714,1-386,386,COG0857,COG0857,1,358.0,4.18e-118,354,1-354
b3167,GCF_000005845.2,NP_417636.1,133,1-133,133,COG0858,COG0858,0,120.0,3.07e-36,118,1-118
b3620,GCF_000005845.2,NP_418077.1,348,1-348,348,COG0859,COG0859,0,295.0,1.14e-98,334,2-334
b3621,GCF_000005845.2,NP_418078.1,319,1-319,319,COG0859,COG0859,0,253.0,2.38e-82,334,2-329
b3623,GCF_000005845.2,NP_418080.1,357,1-357,357,COG0859,COG0859,0,146.0,9.11e-41,334,1-334
b3632,GCF_000005845.2,NP_418089.1,344,1-344,344,COG0859,COG0859,0,243.0,3.28e-78,334,9-333
b2435,GCF_000005845.2,NP_416930.1,289,1-289,289,COG0860,COG0860,0,203.0,4.17e-65,231,32-230
b2817,GCF_000005845.2,NP_417294.4,417,146-417,272,COG0860,COG0860,1,204.0,1.1e-63,231,28-231
b4169,GCF_000005845.2,NP_418590.1,445,152-445,294,COG0860,COG0860,1,205.0,5.34e-64,231,22-228
b2832,GCF_000005845.2,NP_417309.1,237,1-237,237,COG0861,COG0861,0,218.0,4.07e-71,254,10-246
b3088,GCF_000005845.2,YP_026201.1,321,1-321,321,COG0861,COG0861,0,144.0,2.47e-41,254,1-253
b3262,GCF_000005845.2,NP_417728.4,294,1-294,294,COG0863,COG0863,0,155.0,2.83e-45,302,3-277
b3481,GCF_000005845.2,NP_417938.1,133,1-133,133,COG0864,COG0864,0,109.0,1.94e-31,136,4-136
b3665,GCF_000005845.2,NP_418121.1,588,1-588,588,COG1001,COG1001,0,655.0,1.0e-200,584,1-584
b2903,GCF_000005845.2,NP_417379.1,957,451-957,507,COG1003,COG1003,1,711.0,1.0e-200,496,1-493
b2028,GCF_000005845.2,NP_416532.1,388,1-388,388,COG1004,COG1004,0,446.0,2.17e-156,414,1-414
b2282,GCF_000005845.2,NP_416785.1,325,1-325,325,COG1005,COG1005,0,358.0,7.33e-124,332,9-328
b2276,GCF_000005845.2,NP_416779.2,485,1-485,485,COG1007,COG1007,0,381.0,2.88e-128,475,3-466
b2277,GCF_000005845.2,NP_416780.1,509,1-509,509,COG1008,COG1008,0,481.0,6.73e-167,497,4-493
b2278,GCF_000005845.2,NP_416781.1,613,1-613,613,COG1009,COG1009,0,417.0,6.99e-139,606,1-599
b2484,GCF_000005845.2,NP_416979.1,479,1-479,479,COG1009,COG1009,2,281.0,8.96e-88,606,1-473
b3399,GCF_000005845.2,NP_417858.4,222,1-222,222,COG1011,COG1011,0,97.4,1.39e-24,229,1-226
b3812,GCF_000005845.2,NP_418257.1,238,1-238,238,COG1011,COG1011,0,112.0,5.43e-30,229,3-226
b3885,GCF_000005845.2,NP_418321.4,199,1-199,199,COG1011,COG1011,0,94.7,1.02e-23,229,5-201
b4374,GCF_000005845.2,NP_418791.1,225,1-225,225,COG1011,COG1011,0,148.0,2.81e-44,229,2-228
b0312,GCF_000005845.2,NP_414846.1,490,1-490,490,COG1012,COG1012,0,503.0,5.55e-176,472,1-470
b1241,GCF_000005845.2,NP_415757.1,891,1-446,446,COG1012,COG1012,1,217.0,3.28e-62,472,30-472
b1300,GCF_000005845.2,NP_415816.1,495,1-495,495,COG1012,COG1012,0,507.0,2.01e-177,472,1-469
b1385,GCF_000005845.2,NP_415903.4,499,1-499,499,COG1012,COG1012,0,502.0,2.08e-175,472,1-469
b1387,GCF_000005845.2,NP_415905.1,681,1-506,506,COG1012,COG1012,1,231.0,2.19e-68,472,2-440
b1415,GCF_000005845.2,NP_415933.1,479,1-479,479,COG1012,COG1012,0,479.0,9.72e-167,472,3-468
b1444,GCF_000005845.2,NP_415961.1,474,1-474,474,COG1012,COG1012,0,469.0,8.36e-163,472,1-469
b1525,GCF_000005845.2,NP_416042.2,462,1-462,462,COG1012,COG1012,0,431.0,3.33e-148,472,10-466
b1746,GCF_000005845.2,NP_416260.1,492,1-492,492,COG1012,COG1012,0,387.0,1.63e-130,472,3-455
b2455,GCF_000005845.2,NP_416950.1,467,1-467,467,COG1012,COG1012,0,180.0,4.49e-51,472,55-432
b2661,GCF_000005845.2,NP_417147.1,482,1-482,482,COG1012,COG1012,0,552.0,1.0e-200,472,1-469
b3588,GCF_000005845.2,NP_418045.4,512,1-512,512,COG1012,COG1012,0,514.0,5.18e-180,472,1-472
b1378,GCF_000005845.2,NP_415896.1,1174,805-892=955-1174,308,COG1013,COG1013,1,275.1,4.1e-56,294,1-88=89-294
b1378,GCF_000005845.2,NP_415896.1,1174,403-658,256,COG1014,COG1014,1,149.0,1.82e-41,203,3-203
b3380,GCF_000005845.2,NP_417839.1,408,1-408,408,COG1015,COG1015,0,420.0,8.91e-146,397,1-397
b4383,GCF_000005845.2,NP_418800.1,407,1-407,407,COG1015,COG1015,0,612.0,1.0e-200,397,1-393
b2552,GCF_000005845.2,NP_417047.1,396,1-148,148,COG1017,COG1017,1,219.0,2.17e-71,150,1-150
b0872,GCF_000005845.2,NP_415393.1,322,1-248,248,COG1018,COG1018,0,229.0,2.98e-74,266,1-266
b1392,GCF_000005845.2,NP_415910.1,356,1-274,274,COG1018,COG1018,1,210.0,2.48e-66,266,5-266
b1803,GCF_000005845.2,NP_416317.1,321,1-252,252,COG1018,COG1018,1,226.0,7.82e-73,266,4-266
b2552,GCF_000005845.2,NP_417047.1,396,149-396,248,COG1018,COG1018,1,236.0,8.73e-76,266,1-233
b3924,GCF_000005845.2,NP_418359.1,248,1-248,248,COG1018,COG1018,0,189.0,2.34e-59,266,2-266
b0586,GCF_000005845.2,NP_415118.1,1293,228-880,653,COG1020,COG1020,1,381.0,5.29e-118,642,8-642
b0594,GCF_000005845.2,NP_415126.1,536,1-536,536,COG1021,COG1021,0,823.0,1.0e-200,542,4-542
b0036,GCF_000005845.2,NP_414578.2,261,1-261,261,COG1024,COG1024,0,197.0,1.05e-62,257,3-257
b1393,GCF_000005845.2,NP_415911.1,255,1-255,255,COG1024,COG1024,0,209.0,1.92e-67,257,4-257
b1394,GCF_000005845.2,NP_415912.1,262,1-262,262,COG1024,COG1024,0,202.0,1.62e-64,257,3-257
b2341,GCF_000005845.2,NP_416843.1,714,1-281,281,COG1024,COG1024,1,174.0,7.1e-50,257,1-200
b2919,GCF_000005845.2,NP_417394.4,261,1-261,261,COG1024,COG1024,0,179.0,1.04e-55,257,2-257
b3846,GCF_000005845.2,NP_418288.1,729,1-282,282,COG1024,COG1024,1,164.0,2.37e-46,257,8-200
b2821,GCF_000005845.2,NP_417298.1,962,1-962,962,COG1025,COG1025,0,1120.0,1.0e-200,937,2-937
b4139,GCF_000005845.2,NP_418562.4,478,1-478,478,COG1027,COG1027,0,754.0,1.0e-200,471,1-471
b0596,GCF_000005845.2,NP_415128.1,248,1-248,248,COG1028,COG1028,0,163.0,1.89e-49,251,1-249
b1093,GCF_000005845.2,NP_415611.1,244,1-244,244,COG1028,COG1028,0,202.0,8.44e-65,251,1-250
b1271,GCF_000005845.2,NP_415787.1,252,1-252,252,COG1028,COG1028,0,158.0,1.6e-47,251,3-250
b1606,GCF_000005845.2,NP_416123.1,240,1-240,240,COG1028,COG1028,0,105.0,1.92e-27,251,8-250
b1619,GCF_000005845.2,NP_416136.1,255,1-255,255,COG1028,COG1028,0,171.0,1.72e-52,251,1-249
b2137,GCF_000005845.2,NP_416641.1,253,1-253,253,COG1028,COG1028,0,189.0,1.5e-59,251,6-250
b2426,GCF_000005845.2,NP_416921.4,263,1-263,263,COG1028,COG1028,0,196.0,5.09e-62,251,1-249
b2541,GCF_000005845.2,NP_417036.1,270,1-270,270,COG1028,COG1028,0,109.0,2.99e-28,251,2-251
b2705,GCF_000005845.2,NP_417185.1,259,1-259,259,COG1028,COG1028,0,147.0,3.36e-43,251,4-251
b2774,GCF_000005845.2,NP_417254.4,261,1-261,261,COG1028,COG1028,0,186.0,1.54e-58,251,1-251
b2842,GCF_000005845.2,NP_417319.1,253,1-253,253,COG1028,COG1028,0,184.0,6.94e-58,251,1-251
b2902,GCF_000005845.2,NP_417378.1,247,1-247,247,COG1028,COG1028,0,174.0,5.01e-54,251,5-249
b3003,GCF_000005845.2,NP_417476.1,294,1-294,294,COG1028,COG1028,0,196.0,5.63e-62,251,1-249
b4249,GCF_000005845.2,NP_418670.1,237,1-237,237,COG1028,COG1028,0,143.0,8.24e-42,251,3-250
b4266,GCF_000005845.2,NP_418687.1,254,1-254,254,COG1028,COG1028,0,186.0,1.32e-58,251,1-251
b4469,GCF_000005845.2,YP_026196.1,739,1-250=360-666,557,COG1032,COG1032,1,223.2,2.11e-38,490,1-186=187-475
b2283,GCF_000005845.2,NP_416786.4,908,1-783,783,COG1034,COG1034,1,655.0,1.0e-200,693,1-693
b3413,GCF_000005845.2,NP_417872.2,227,1-227,227,COG1040,COG1040,0,179.0,1.76e-56,225,7-224
b2584,GCF_000005845.2,NP_417079.1,886,1-625,625,COG1042,COG1042,1,549.0,1.0e-200,598,1-598
b0181,GCF_000005845.2,NP_414723.1,262,1-262,262,COG1043,COG1043,0,393.0,8.16e-140,260,1-260
b0179,GCF_000005845.2,NP_414721.1,341,1-341,341,COG1044,COG1044,0,379.0,1.14e-131,338,1-338
b1428,GCF_000005845.2,NP_415945.1,326,99-326,228,COG1044,COG1044,3,45.5,3.57e-05,338,116-305
b2058,GCF_000005845.2,NP_416562.1,162,1-162,162,COG1045,COG1045,0,162.0,3.03e-51,194,7-173
b3607,GCF_000005845.2,NP_418064.1,273,75-273,199,COG1045,COG1045,1,256.0,2.03e-86,194,2-194
b0028,GCF_000005845.2,NP_414569.1,149,1-149,149,COG1047,COG1047,0,162.0,9.17e-52,174,2-145
b3349,GCF_000005845.2,NP_417808.1,196,1-196,196,COG1047,COG1047,0,162.0,5.91e-51,174,1-149
b0771,GCF_000005845.2,NP_415292.2,753,1-753,753,COG1048,COG1048,0,593.0,1.0e-200,861,23-860
b1276,GCF_000005845.2,NP_415792.1,891,1-891,891,COG1048,COG1048,0,1207.0,1.0e-200,861,2-861
b0118,GCF_000005845.2,NP_414660.1,865,1-865,865,COG1049,COG1049,0,1500.0,1.0e-200,852,1-852
b0099,GCF_000005845.2,NP_414641.1,129,1-129,129,COG1051,COG1051,0,68.7,1.48e-15,145,6-133
b1134,GCF_000005845.2,NP_415652.1,153,1-153,153,COG1051,COG1051,0,64.0,1.69e-13,145,9-143
b1759,GCF_000005845.2,NP_416273.1,135,1-135,135,COG1051,COG1051,0,59.4,6.9e-12,145,12-143
b2051,GCF_000005845.2,NP_416555.2,159,1-159,159,COG1051,COG1051,0,62.1,1.13e-12,145,2-123
b2251,GCF_000005845.2,NP_416754.1,141,1-141,141,COG1051,COG1051,0,55.9,1.83e-10,145,13-128
b1380,GCF_000005845.2,NP_415898.1,329,1-329,329,COG1052,COG1052,0,329.0,1.29e-112,324,1-321
b3553,GCF_000005845.2,NP_418009.2,324,1-324,324,COG1052,COG1052,0,336.0,2.02e-115,324,1-323
b0723,GCF_000005845.2,NP_415251.1,588,1-588,588,COG1053,COG1053,0,574.0,1.0e-200,562,2-551
b4154,GCF_000005845.2,NP_418578.1,602,1-602,602,COG1053,COG1053,0,576.0,1.0e-200,562,31-562
b1055,GCF_000005845.2,NP_415573.1,350,1-350,350,COG1054,COG1054,0,383.0,1.0e-133,308,1-308
b0818,GCF_000005845.2,NP_415339.1,372,1-372,372,COG1055,COG1055,0,97.0,5.99e-22,424,53-423
b3502,GCF_000005845.2,NP_417959.4,429,1-429,429,COG1055,COG1055,0,314.0,1.29e-103,424,3-424
b4390,GCF_000005845.2,NP_418807.4,410,61-223,163,COG1056,COG1056,1,156.0,3.0e-46,172,1-172
b0639,GCF_000005845.2,NP_415172.1,213,1-213,213,COG1057,COG1057,0,200.0,3.6e-65,197,1-196
b2249,GCF_000005845.2,NP_416752.1,400,1-252,252,COG1058,COG1058,1,273.0,1.45e-90,255,1-244
b3990,GCF_000005845.2,NP_418417.1,377,1-377,377,COG1060,COG1060,0,288.0,6.7e-95,370,3-359
b2184,GCF_000005845.2,NP_416689.1,586,1-410,410,COG1061,COG1061,1,277.0,3.79e-87,442,35-406
b0356,GCF_000005845.2,NP_414890.1,369,1-369,369,COG1062,COG1062,0,494.0,3.91e-176,366,1-366
b0608,GCF_000005845.2,NP_415141.1,412,1-412,412,COG1063,COG1063,0,273.0,1.09e-88,350,1-350
b1313,GCF_000005845.2,NP_415829.1,350,1-350,350,COG1063,COG1063,0,138.0,1.14e-37,350,1-350
b1580,GCF_000005845.2,NP_416097.1,339,1-339,339,COG1063,COG1063,0,250.0,6.45e-81,350,2-350
b1774,GCF_000005845.2,NP_416288.1,347,1-347,347,COG1063,COG1063,0,260.0,1.15e-84,350,5-349
b1776,GCF_000005845.2,NP_416290.1,358,1-358,358,COG1063,COG1063,0,233.0,4.8e-74,350,1-349
b2091,GCF_000005845.2,NP_416594.1,346,1-346,346,COG1063,COG1063,0,227.0,5.79e-72,350,1-350
b2545,GCF_000005845.2,NP_417040.2,353,1-353,353,COG1063,COG1063,0,236.0,2.21e-75,350,1-350
b3616,GCF_000005845.2,NP_418073.1,341,1-341,341,COG1063,COG1063,0,281.0,4.11e-93,350,1-350
b4267,GCF_000005845.2,NP_418688.1,343,1-343,343,COG1063,COG1063,0,239.0,1.67e-76,350,8-350
b4358,GCF_000005845.2,NP_418778.4,340,1-340,340,COG1063,COG1063,0,241.0,2.09e-77,350,1-350
b4465,GCF_000005845.2,YP_026187.1,425,1-425,425,COG1063,COG1063,1,137.0,6.87e-37,350,1-342
b0325,GCF_000005845.2,NP_414859.1,349,1-349,349,COG1064,COG1064,0,369.0,1.54e-127,339,2-339
b1478,GCF_000005845.2,NP_415995.4,336,1-336,336,COG1064,COG1064,0,336.0,1.09e-114,339,4-338
b4269,GCF_000005845.2,NP_418690.4,339,1-339,339,COG1064,COG1064,0,333.0,1.23e-113,339,1-339
b4389,GCF_000005845.2,NP_418806.1,460,1-460,460,COG1066,COG1066,0,676.0,1.0e-200,456,1-456
b0955,GCF_000005845.2,NP_415475.1,586,1-586,586,COG1067,COG1067,0,567.0,1.0e-200,647,25-647
b0063,GCF_000005845.2,NP_414605.1,566,1-566,566,COG1069,COG1069,0,593.0,1.0e-200,544,2-533
b1511,GCF_000005845.2,NP_416028.3,530,1-530,530,COG1070,COG1070,0,384.0,2.01e-128,502,1-500
b2776,GCF_000005845.2,NP_417256.1,492,1-492,492,COG1070,COG1070,0,284.0,4.27e-90,502,1-502
b2803,GCF_000005845.2,NP_417283.2,472,1-472,472,COG1070,COG1070,0,368.0,6.51e-123,502,1-475
b3564,GCF_000005845.2,NP_418021.1,484,1-484,484,COG1070,COG1070,0,437.0,7.83e-150,502,5-499
b3580,GCF_000005845.2,NP_418037.1,498,1-498,498,COG1070,COG1070,0,422.0,5.56e-144,502,2-502
b3904,GCF_000005845.2,NP_418340.1,489,1-489,489,COG1070,COG1070,0,337.0,1.31e-110,502,1-502
b2928,GCF_000005845.2,NP_417403.1,237,1-237,237,COG1072,COG1072,0,241.0,1.22e-79,283,43-280
b3974,GCF_000005845.2,NP_418405.1,316,1-316,316,COG1072,COG1072,0,375.0,3.2e-131,283,3-283
b1327,GCF_000005845.2,NP_415843.2,306,1-306,306,COG1073,COG1073,0,116.0,3.3e-30,299,24-298
b2534,GCF_000005845.2,NP_417029.4,284,1-284,284,COG1073,COG1073,0,119.0,1.14e-31,299,1-298
b4190,GCF_000005845.2,NP_418611.1,249,1-249,249,COG1073,COG1073,0,103.0,8.4e-26,299,30-298
b0962,GCF_000005845.2,NP_415482.1,684,195-285=369-684,407,COG1074,COG1074,3,201.8,7.08e-15,1139,2-93=310-468=681-831
b2820,GCF_000005845.2,NP_417297.1,1180,1-1180,1180,COG1074,COG1074,0,870.0,1.0e-200,1139,1-1139
b0055,GCF_000005845.2,NP_414597.1,271,68-271,204,COG1076,COG1076,1,124.0,2.8e-35,174,1-174
b2527,GCF_000005845.2,NP_417022.1,171,1-171,171,COG1076,COG1076,0,134.0,4.33e-40,174,2-168
b3251,GCF_000005845.2,NP_417717.2,347,1-347,347,COG1077,COG1077,0,478.0,2.16e-170,342,1-334
b1198,GCF_000005845.2,NP_415716.4,472,244-472,229,COG1080,COG1080,3,211.0,1.05e-61,574,1-231
b2383,GCF_000005845.2,NP_416884.1,831,102-682,581,COG1080,COG1080,1,660.0,1.0e-200,574,1-574
b2416,GCF_000005845.2,NP_416911.1,575,1-575,575,COG1080,COG1080,0,791.0,1.0e-200,574,2-574
b3947,GCF_000005845.2,YP_026278.1,833,103-685,583,COG1080,COG1080,1,692.0,1.0e-200,574,1-574
b1314,GCF_000005845.2,NP_415830.2,262,1-262,262,COG1082,COG1082,0,131.0,9.73e-37,274,3-271
b3873,GCF_000005845.2,NP_418309.1,326,1-244,244,COG1082,COG1082,3,47.3,6.81e-06,274,44-244
b4474,GCF_000005845.2,YP_026213.1,276,1-276,276,COG1082,COG1082,0,146.0,3.85e-42,274,3-274
b0758,GCF_000005845.2,NP_415279.1,348,1-348,348,COG1085,COG1085,0,415.0,6.34e-146,338,1-338
b2047,GCF_000005845.2,NP_416551.1,464,1-236,236,COG1086,COG1086,3,48.0,1.61e-05,588,5-226
b0759,GCF_000005845.2,NP_415280.3,338,1-338,338,COG1087,COG1087,0,494.0,2.3e-177,329,1-329
b2041,GCF_000005845.2,NP_416545.1,361,1-361,361,COG1088,COG1088,0,564.0,1.0e-200,340,1-340
b3788,GCF_000005845.2,YP_026255.1,355,1-355,355,COG1088,COG1088,0,589.0,1.0e-200,340,1-340
b2053,GCF_000005845.2,NP_416557.1,373,1-373,373,COG1089,COG1089,0,588.0,1.0e-200,345,1-345
b2304,GCF_000005845.2,NP_416807.1,297,1-297,297,COG1090,COG1090,0,442.0,9.54e-158,297,1-295
b2040,GCF_000005845.2,NP_416544.1,299,1-299,299,COG1091,COG1091,0,331.0,1.51e-114,281,1-281
b0948,GCF_000005845.2,NP_415468.1,702,352-702,351,COG1092,COG1092,1,349.0,2.78e-114,393,1-387
b0967,GCF_000005845.2,NP_415487.4,396,1-396,396,COG1092,COG1092,0,439.0,1.44e-153,393,1-393
b2530,GCF_000005845.2,YP_026169.1,404,1-404,404,COG1104,COG1104,0,577.0,1.0e-200,386,1-386
b1723,GCF_000005845.2,NP_416237.3,309,1-309,309,COG1105,COG1105,0,309.0,2.91e-105,310,1-305
b2168,GCF_000005845.2,NP_416673.1,312,1-312,312,COG1105,COG1105,0,360.0,4.87e-125,310,1-310
b1859,GCF_000005845.2,NP_416373.1,261,1-261,261,COG1108,COG1108,0,194.0,5.67e-61,274,19-265
b2048,GCF_000005845.2,NP_416552.1,456,1-456,456,COG1109,COG1109,0,381.0,8.27e-129,464,4-459
b3176,GCF_000005845.2,NP_417643.1,445,1-445,445,COG1109,COG1109,0,413.0,1.35e-141,464,4-460
b0112,GCF_000005845.2,NP_414654.1,457,1-457,457,COG1113,COG1113,0,507.0,1.75e-178,462,1-458
b0402,GCF_000005845.2,NP_414936.1,457,1-457,457,COG1113,COG1113,0,473.0,6.25e-165,462,3-459
b0576,GCF_000005845.2,NP_415108.1,458,1-458,458,COG1113,COG1113,0,497.0,1.73e-174,462,2-452
b1453,GCF_000005845.2,NP_415970.4,499,1-499,499,COG1113,COG1113,0,466.0,1.14e-161,462,1-461
b2663,GCF_000005845.2,NP_417149.1,466,1-466,466,COG1113,COG1113,0,422.0,6.88e-145,462,3-461
b4208,GCF_000005845.2,NP_418629.1,470,1-470,470,COG1113,COG1113,0,497.0,2.77e-174,462,2-459
b3795,GCF_000005845.2,YP_026258.1,461,1-461,461,COG1113,COG1113,0,480.0,1.31e-167,462,1-459
b0401,GCF_000005845.2,NP_414935.1,439,1-439,439,COG1114,COG1114,0,482.0,3.25e-169,431,1-431
b0007,GCF_000005845.2,NP_414548.1,476,1-476,476,COG1115,COG1115,0,465.0,1.72e-161,452,4-451
b0933,GCF_000005845.2,NP_415453.1,255,1-255,255,COG1116,COG1116,0,275.0,1.56e-93,248,1-248
b3725,GCF_000005845.2,NP_418181.1,257,1-257,257,COG1117,COG1117,0,455.0,2.33e-164,253,2-253
b2422,GCF_000005845.2,NP_416917.1,365,1-365,365,COG1118,COG1118,0,427.0,2.9e-150,345,1-345
b0760,GCF_000005845.2,NP_415281.1,490,1-222,222,COG1119,COG1119,1,111.0,5.54e-28,257,32-257
b0760,GCF_000005845.2,NP_415281.1,490,223-490,268,COG1119,COG1119,1,321.0,3.36e-108,257,1-257
b0151,GCF_000005845.2,NP_414693.1,265,1-265,265,COG1120,COG1120,0,332.0,1.01e-115,258,1-256
b0588,GCF_000005845.2,NP_415120.1,271,1-271,271,COG1120,COG1120,0,350.0,1.49e-122,258,1-258
b4287,GCF_000005845.2,NP_418707.1,255,1-255,255,COG1120,COG1120,0,329.0,1.77e-114,258,1-254
b1858,GCF_000005845.2,NP_416372.1,251,1-251,251,COG1121,COG1121,0,273.0,1.54e-92,254,1-254
b0829,GCF_000005845.2,NP_415350.2,623,1-623,623,COG1123,COG1123,0,706.0,1.0e-200,539,2-539
b1483,GCF_000005845.2,NP_416000.1,308,1-308,308,COG1123,COG1123,2,300.0,3.63e-98,539,277-538
b3480,GCF_000005845.2,NP_417937.1,268,1-268,268,COG1124,COG1124,0,270.0,2.99e-91,252,1-252
b2129,GCF_000005845.2,NP_416633.1,308,1-308,308,COG1125,COG1125,0,436.0,3.93e-155,309,1-309
b0652,GCF_000005845.2,NP_415185.1,241,1-241,241,COG1126,COG1126,0,377.0,3.74e-134,240,2-240
b0809,GCF_000005845.2,NP_415330.1,240,1-240,240,COG1126,COG1126,0,378.0,2.43e-134,240,2-239
b1917,GCF_000005845.2,NP_416427.1,250,1-250,250,COG1126,COG1126,0,377.0,1.05e-133,240,1-240
b3271,GCF_000005845.2,NP_417737.1,252,1-252,252,COG1126,COG1126,0,414.0,2.75e-148,240,1-239
b3195,GCF_000005845.2,NP_417662.1,269,1-269,269,COG1127,COG1127,0,344.0,3.0e-120,263,1-263
b1513,GCF_000005845.2,NP_416030.1,511,1-511,511,COG1129,COG1129,0,546.0,1.0e-200,500,7-500
b1900,GCF_000005845.2,NP_416413.1,504,1-504,504,COG1129,COG1129,0,628.0,1.0e-200,500,2-500
b2149,GCF_000005845.2,NP_416654.1,506,1-506,506,COG1129,COG1129,0,660.0,1.0e-200,500,1-498
b2547,GCF_000005845.2,NP_417042.1,503,1-503,503,COG1129,COG1129,0,545.0,1.0e-200,500,1-497
b3567,GCF_000005845.2,NP_418024.1,513,1-513,513,COG1129,COG1129,0,635.0,1.0e-200,500,5-500
b3749,GCF_000005845.2,NP_418205.1,501,1-501,501,COG1129,COG1129,0,677.0,1.0e-200,500,5-500
b4087,GCF_000005845.2,NP_418511.1,510,1-510,510,COG1129,COG1129,0,624.0,1.0e-200,500,4-500
b4485,GCF_000005845.2,YP_026286.1,500,1-500,500,COG1129,COG1129,0,620.0,1.0e-200,500,1-499
b0127,GCF_000005845.2,NP_414669.1,308,1-308,308,COG1131,COG1131,0,271.0,1.57e-90,293,1-293
b0794,GCF_000005845.2,NP_415315.4,578,1-308,308,COG1131,COG1131,1,241.0,2.33e-75,293,1-261
b0794,GCF_000005845.2,NP_415315.4,578,309-578,270,COG1131,COG1131,3,269.0,3.85e-86,293,3-232
b3486,GCF_000005845.2,YP_026225.1,911,1-285,285,COG1131,COG1131,1,218.0,1.37e-64,293,3-274
b3486,GCF_000005845.2,YP_026225.1,911,286-596,311,COG1131,COG1131,1,271.0,2.05e-84,293,4-245
b0448,GCF_000005845.2,NP_414982.1,590,1-590,590,COG1132,COG1132,0,459.0,6.83e-156,567,1-567
b0449,GCF_000005845.2,NP_414983.1,593,1-593,593,COG1132,COG1132,0,414.0,1.51e-138,567,1-567
b0914,GCF_000005845.2,NP_415434.1,582,1-582,582,COG1132,COG1132,0,476.0,1.28e-162,567,1-567
b0377,GCF_000005845.2,NP_414911.1,406,1-406,406,COG1133,COG1133,0,689.0,1.0e-200,405,1-402
b0199,GCF_000005845.2,NP_414741.1,343,1-343,343,COG1135,COG1135,0,496.0,8.46e-178,339,1-339
b0879,GCF_000005845.2,NP_415400.1,648,1-258,258,COG1136,COG1136,1,310.0,2.12e-102,226,1-224
b1117,GCF_000005845.2,NP_415635.4,233,1-233,233,COG1136,COG1136,0,297.0,1.09e-102,226,1-223
b3201,GCF_000005845.2,NP_417668.1,241,1-241,241,COG1137,COG1137,0,382.0,5.64e-136,243,2-243
b2196,GCF_000005845.2,NP_416700.1,647,1-647,647,COG1138,COG1138,0,700.0,1.0e-200,648,1-641
b4074,GCF_000005845.2,NP_418498.1,552,1-552,552,COG1138,COG1138,2,462.8,1.28e-115,648,18-423=497-634
b0307,GCF_000005845.2,NP_414841.1,475,1-475,475,COG1139,COG1139,0,629.0,1.0e-200,459,1-459
b1225,GCF_000005845.2,NP_415743.1,512,1-512,512,COG1140,COG1140,0,959.0,1.0e-200,513,1-513
b1467,GCF_000005845.2,NP_415984.1,514,1-514,514,COG1140,COG1140,0,958.0,1.0e-200,513,1-513
b2468,GCF_000005845.2,NP_416963.1,659,1-187,187,COG1142,COG1142,1,192.0,3.31e-58,165,1-164
b2481,GCF_000005845.2,NP_416976.4,205,1-205,205,COG1142,COG1142,0,141.0,9.54e-43,165,1-162
b2713,GCF_000005845.2,NP_417193.1,175,1-175,175,COG1142,COG1142,0,181.0,6.86e-59,165,1-156
b2724,GCF_000005845.2,NP_417204.1,203,1-203,203,COG1142,COG1142,0,167.0,3.79e-53,165,1-164
b2886,GCF_000005845.2,NP_417362.4,162,1-162,162,COG1142,COG1142,0,166.0,4.28e-53,165,1-160
b2887,GCF_000005845.2,NP_417363.2,639,1-174,174,COG1142,COG1142,1,163.0,1.2e-47,165,1-163
b3573,GCF_000005845.2,NP_418030.1,157,1-157,157,COG1142,COG1142,0,166.0,3.62e-53,165,1-150
b1378,GCF_000005845.2,NP_415896.1,1174,659-804,146,COG1143,COG1143,3,51.7,5.5e-08,172,50-153
b2281,GCF_000005845.2,NP_416784.1,180,1-180,180,COG1143,COG1143,0,162.0,3.22e-51,172,12-170
b2488,GCF_000005845.2,NP_416983.1,181,1-181,181,COG1143,COG1143,0,99.9,1.13e-26,172,19-172
b2720,GCF_000005845.2,NP_417200.1,180,1-180,180,COG1143,COG1143,1,122.0,1.36e-35,172,19-156
b2208,GCF_000005845.2,NP_416712.1,164,1-104,104,COG1145,COG1145,1,37.7,4.25e-04,99,10-99
b2878,GCF_000005845.2,NP_417354.1,1032,874-949,76,COG1145,COG1145,3,38.1,5.2e-04,99,24-76
b2147,GCF_000005845.2,NP_416652.4,411,329-411,83,COG1146,COG1146,1,61.8,7.14e-13,68,1-68
b2208,GCF_000005845.2,NP_416712.1,164,105-164,60,COG1149,COG1149,3,48.9,5.18e-07,284,72-119
b0873,GCF_000005845.2,NP_415394.4,550,1-550,550,COG1151,COG1151,0,632.0,1.0e-200,576,4-561
b0420,GCF_000005845.2,NP_414954.1,620,1-620,620,COG1154,COG1154,0,961.0,1.0e-200,627,2-623
b1941,GCF_000005845.2,NP_416451.1,457,1-457,457,COG1157,COG1157,0,604.0,1.0e-200,441,10-441
b3783,GCF_000005845.2,NP_418230.1,419,1-419,419,COG1158,COG1158,0,729.0,1.0e-200,422,4-421
b2566,GCF_000005845.2,NP_417061.1,301,1-301,301,COG1159,COG1159,0,408.0,2.38e-144,298,1-298
b2511,GCF_000005845.2,NP_417006.2,490,1-490,490,COG1160,COG1160,0,592.0,1.0e-200,444,2-444
b4161,GCF_000005845.2,NP_418585.4,350,1-350,350,COG1162,COG1162,0,358.0,1.04e-123,301,1-301
b2264,GCF_000005845.2,NP_416767.1,556,1-556,556,COG1165,COG1165,0,701.0,1.0e-200,566,1-564
b2938,GCF_000005845.2,NP_417413.1,658,1-658,658,COG1166,COG1166,0,1006.0,1.0e-200,652,1-652
b1439,GCF_000005845.2,NP_415956.1,468,1-468,468,COG1167,COG1167,0,419.0,1.4e-143,459,3-457
b3376,GCF_000005845.2,NP_417835.1,361,1-361,361,COG1167,COG1167,2,58.9,2.92e-09,459,111-448
b4340,GCF_000005845.2,NP_418760.1,470,1-470,470,COG1167,COG1167,0,405.0,2.69e-138,459,3-458
b1622,GCF_000005845.2,NP_416139.1,390,1-390,390,COG1168,COG1168,0,479.0,9.79e-170,388,1-388
b0593,GCF_000005845.2,NP_415125.1,391,1-391,391,COG1169,COG1169,0,454.0,3.75e-159,423,22-422
b2265,GCF_000005845.2,NP_416768.4,431,1-431,431,COG1169,COG1169,0,447.0,8.26e-156,423,1-422
b2871,GCF_000005845.2,NP_417347.1,398,1-398,398,COG1171,COG1171,0,255.0,4.86e-82,347,1-345
b3117,GCF_000005845.2,NP_417587.1,329,1-329,329,COG1171,COG1171,0,342.0,2.08e-117,347,1-325
b3772,GCF_000005845.2,NP_418220.1,514,1-351,351,COG1171,COG1171,1,396.0,7.58e-136,347,2-347
b1514,GCF_000005845.2,NP_416031.1,342,1-342,342,COG1172,COG1172,0,191.0,2.38e-58,316,1-315
b1515,GCF_000005845.2,NP_416032.1,330,1-330,330,COG1172,COG1172,0,179.0,6.39e-54,316,4-316
b2546,GCF_000005845.2,NP_417041.1,332,1-332,332,COG1172,COG1172,0,252.0,3.39e-82,316,6-314
b3750,GCF_000005845.2,NP_418206.1,321,1-321,321,COG1172,COG1172,0,284.0,8.46e-95,316,8-310
b4086,GCF_000005845.2,NP_418510.1,326,1-326,326,COG1172,COG1172,0,214.0,1.88e-67,316,9-306
b4230,GCF_000005845.2,NP_418651.3,341,1-341,341,COG1172,COG1172,1,171.0,1.08e-50,316,39-292
b4231,GCF_000005845.2,NP_418652.2,331,1-331,331,COG1172,COG1172,0,192.0,4.86e-59,316,9-306
b4460,GCF_000005845.2,YP_026162.2,328,1-328,328,COG1172,COG1172,0,209.0,9.28e-66,316,1-314
b0832,GCF_000005845.2,NP_415353.1,303,1-303,303,COG1173,COG1173,0,276.0,1.47e-92,289,6-288
b1245,GCF_000005845.2,NP_415761.1,302,1-302,302,COG1173,COG1173,0,228.0,7.39e-74,289,11-287
b1485,GCF_000005845.2,NP_416002.1,298,1-298,298,COG1173,COG1173,0,268.0,3.35e-89,289,21-285
b3478,GCF_000005845.2,NP_417935.1,277,1-277,277,COG1173,COG1173,0,233.0,5.7e-76,289,14-286
b3542,GCF_000005845.2,NP_417999.1,300,1-300,300,COG1173,COG1173,0,250.0,3.07e-82,289,3-288
b2128,GCF_000005845.2,NP_416632.1,243,1-243,243,COG1174,COG1174,0,172.0,1.96e-53,221,1-215
b2130,GCF_000005845.2,NP_416634.1,385,150-385,236,COG1174,COG1174,1,181.0,1.32e-55,221,1-219
b1311,GCF_000005845.2,NP_415827.1,293,1-293,293,COG1175,COG1175,0,189.0,1.91e-58,295,27-293
b3452,GCF_000005845.2,NP_417909.1,295,1-295,295,COG1175,COG1175,0,214.0,3.32e-68,295,2-294
b4033,GCF_000005845.2,NP_418457.1,514,202-514,313,COG1175,COG1175,1,205.0,2.27e-62,295,34-290
b0856,GCF_000005845.2,NP_415377.1,317,1-317,317,COG1176,COG1176,0,262.0,7.32e-87,287,8-286
b1125,GCF_000005845.2,NP_415643.3,275,1-275,275,COG1176,COG1176,0,253.0,7.17e-84,287,19-274
b1442,GCF_000005845.2,NP_415959.1,313,1-313,313,COG1176,COG1176,0,178.0,4.05e-54,287,18-280
b0857,GCF_000005845.2,NP_415378.1,281,1-281,281,COG1177,COG1177,0,201.0,1.28e-63,267,23-265
b1124,GCF_000005845.2,NP_415642.1,264,1-264,264,COG1177,COG1177,0,231.0,1.09e-75,267,35-267
b1443,GCF_000005845.2,NP_415960.1,264,1-264,264,COG1177,COG1177,0,170.0,7.4e-52,267,8-260
b0067,GCF_000005845.2,NP_414609.1,536,1-536,536,COG1178,COG1178,0,301.0,1.07e-95,540,1-535
b2812,GCF_000005845.2,NP_417292.1,268,1-268,268,COG1179,COG1179,0,373.0,1.82e-131,263,1-262
b0824,GCF_000005845.2,NP_415345.2,299,1-299,299,COG1180,COG1180,0,138.0,2.87e-39,260,20-260
b0902,GCF_000005845.2,NP_415422.1,246,1-246,246,COG1180,COG1180,0,269.0,5.56e-91,260,15-255
b3952,GCF_000005845.2,NP_418387.3,292,1-292,292,COG1180,COG1180,0,193.0,1.47e-60,260,1-255
b4379,GCF_000005845.2,NP_418796.1,287,1-287,287,COG1180,COG1180,0,194.0,4.95e-61,260,14-255
b0092,GCF_000005845.2,NP_414634.1,306,1-306,306,COG1181,COG1181,0,318.0,2.61e-108,317,1-317
b0381,GCF_000005845.2,NP_414915.1,364,1-364,364,COG1181,COG1181,0,331.0,1.03e-112,317,1-317
b1412,GCF_000005845.2,NP_415930.1,201,1-201,201,COG1182,COG1182,0,257.0,4.05e-88,202,1-202
b3164,GCF_000005845.2,NP_417633.4,711,1-711,711,COG1185,COG1185,0,991.0,1.0e-200,692,1-692
b0191,GCF_000005845.2,NP_414733.1,140,1-140,140,COG1186,COG1186,2,113.0,1.5e-31,239,99-238
b2891,GCF_000005845.2,NP_417367.1,365,128-365,238,COG1186,COG1186,1,343.0,1.34e-118,239,1-239
b1135,GCF_000005845.2,NP_415653.4,217,1-217,217,COG1187,COG1187,2,196.0,9.29e-63,248,55-235
b1269,GCF_000005845.2,NP_415785.1,291,1-291,291,COG1187,COG1187,0,261.0,2.31e-87,248,1-248
b2183,GCF_000005845.2,NP_416688.1,231,1-231,231,COG1187,COG1187,0,258.0,4.65e-87,248,3-241
b4022,GCF_000005845.2,NP_418446.1,290,1-290,290,COG1187,COG1187,0,218.0,1.54e-70,248,1-248
b3400,GCF_000005845.2,NP_417859.1,133,1-133,133,COG1188,COG1188,1,129.0,6.63e-40,100,1-99
b2890,GCF_000005845.2,NP_417366.1,505,1-505,505,COG1190,COG1190,0,750.0,1.0e-200,502,4-502
b4129,GCF_000005845.2,NP_418553.1,505,1-505,505,COG1190,COG1190,0,753.0,1.0e-200,502,4-502
b1922,GCF_000005845.2,NP_416432.3,239,1-239,239,COG1191,COG1191,0,213.0,2.85e-69,247,17-246
b2961,GCF_000005845.2,NP_417436.1,350,1-350,350,COG1194,COG1194,0,433.0,8.1e-153,342,7-341
b3700,GCF_000005845.2,NP_418155.1,357,1-357,357,COG1195,COG1195,0,392.0,3.06e-136,363,1-363
b1114,GCF_000005845.2,NP_415632.1,1148,1-1148,1148,COG1197,COG1197,0,1511.0,1.0e-200,1139,7-1139
b3935,GCF_000005845.2,NP_418370.1,732,1-732,732,COG1198,COG1198,0,896.0,1.0e-200,730,1-729
b0799,GCF_000005845.2,NP_415320.1,716,1-716,716,COG1199,COG1199,0,436.0,4.23e-144,654,1-653
b1808,GCF_000005845.2,NP_416322.1,636,1-636,636,COG1199,COG1199,0,518.0,5.31e-177,654,1-649
b3652,GCF_000005845.2,NP_418109.1,693,1-693,693,COG1200,COG1200,0,904.0,1.0e-200,677,1-677
b1653,GCF_000005845.2,NP_416170.1,1538,1-912,912,COG1201,COG1201,1,727.0,1.0e-200,814,1-811
b2761,GCF_000005845.2,NP_417241.1,888,94-888,795,COG1203,COG1203,1,448.0,1.47e-145,733,1-733
b2627,GCF_000005845.2,NP_417116.1,729,68-729,662,COG1204,COG1204,1,357.0,3.13e-112,766,1-734
b3730,GCF_000005845.2,NP_418186.1,456,1-456,456,COG1207,COG1207,0,670.0,1.0e-200,460,1-459
b2039,GCF_000005845.2,NP_416543.1,293,1-293,293,COG1209,COG1209,0,418.0,7.87e-149,286,1-285
b3789,GCF_000005845.2,NP_418236.1,293,1-293,293,COG1209,COG1209,0,419.0,3.86e-149,286,1-286
b1236,GCF_000005845.2,NP_415752.1,302,1-302,302,COG1210,COG1210,0,409.0,8.64e-145,291,1-289
b2042,GCF_000005845.2,NP_416546.1,297,1-297,297,COG1210,COG1210,0,386.0,1.16e-135,291,2-290
b2747,GCF_000005845.2,NP_417227.1,236,1-236,236,COG1211,COG1211,0,267.0,1.08e-90,230,1-230
b0918,GCF_000005845.2,NP_415438.1,248,1-248,248,COG1212,COG1212,0,366.0,1.45e-129,247,2-243
b1807,GCF_000005845.2,NP_416321.1,231,1-231,231,COG1214,COG1214,0,206.0,5.5e-67,220,1-220
b0363,GCF_000005845.2,NP_414897.1,398,1-398,398,COG1215,COG1215,0,137.0,4.08e-36,439,24-400
b0569,GCF_000005845.2,NP_415101.1,745,1-428,428,COG1215,COG1215,3,65.6,3.74e-11,439,20-371
b1022,GCF_000005845.2,NP_415541.1,441,1-441,441,COG1215,COG1215,0,212.0,7.86e-64,439,10-431
b3533,GCF_000005845.2,NP_417990.4,872,222-694,473,COG1215,COG1215,1,207.0,6.0e-59,439,1-430
b3871,GCF_000005845.2,YP_026274.1,607,1-607,607,COG1217,COG1217,0,1054.0,1.0e-200,603,1-603
b4214,GCF_000005845.2,NP_418635.1,246,1-246,246,COG1218,COG1218,0,292.0,9.52e-100,276,8-262
b0438,GCF_000005845.2,NP_414972.1,424,1-424,424,COG1219,COG1219,0,743.0,1.0e-200,408,1-403
b3931,GCF_000005845.2,NP_418366.1,443,1-443,443,COG1220,COG1220,0,725.0,1.0e-200,444,1-444
b1303,GCF_000005845.2,NP_415819.4,325,1-325,325,COG1221,COG1221,2,337.0,2.48e-114,403,73-398
b2480,GCF_000005845.2,NP_416975.1,156,1-156,156,COG1225,COG1225,0,221.0,5.89e-75,157,1-156
b0047,GCF_000005845.2,NP_414589.1,620,387-620,234,COG1226,COG1226,1,112.0,1.21e-28,212,24-208
b0478,GCF_000005845.2,NP_415011.1,558,412-558,147,COG1226,COG1226,3,93.6,5.81e-22,212,18-138
b3350,GCF_000005845.2,NP_417809.1,601,387-601,215,COG1226,COG1226,1,99.8,4.01e-24,212,21-181
b0752,GCF_000005845.2,NP_415273.1,313,1-313,313,COG1230,COG1230,0,256.0,1.72e-84,296,16-296
b2268,GCF_000005845.2,NP_416771.4,305,1-305,305,COG1234,COG1234,0,296.0,3.67e-100,292,2-291
b4092,GCF_000005845.2,NP_418516.1,252,1-252,252,COG1235,COG1235,0,144.0,7.46e-42,269,14-263
b2689,GCF_000005845.2,NP_417174.1,142,1-142,142,COG1238,COG1238,0,120.0,1.57e-35,161,13-156
b3211,GCF_000005845.2,NP_417678.1,309,1-309,309,COG1242,COG1242,0,430.0,9.27e-153,312,2-312
b1932,GCF_000005845.2,NP_416442.1,159,1-159,159,COG1246,COG1246,3,40.5,1.29e-04,153,42-141
b2818,GCF_000005845.2,NP_417295.1,443,294-443,150,COG1246,COG1246,1,189.0,3.7e-59,153,1-148
b3888,GCF_000005845.2,NP_418324.1,329,1-156,156,COG1246,COG1246,3,51.6,3.31e-08,153,15-118
b4093,GCF_000005845.2,NP_418517.1,144,1-144,144,COG1246,COG1246,0,50.5,2.55e-08,153,3-120
b4256,GCF_000005845.2,YP_026287.1,167,1-167,167,COG1246,COG1246,0,46.6,9.25e-07,153,1-122
b1448,GCF_000005845.2,NP_415965.1,172,1-172,172,COG1247,COG1247,0,201.0,9.82e-67,169,2-169
b0116,GCF_000005845.2,NP_414658.1,474,1-474,474,COG1249,COG1249,0,490.0,1.08e-171,454,1-454
b0304,GCF_000005845.2,NP_414838.2,441,1-441,441,COG1249,COG1249,0,395.0,1.02e-134,454,2-454
b3500,GCF_000005845.2,NP_417957.1,450,1-450,450,COG1249,COG1249,0,433.0,1.72e-149,454,1-454
b3962,GCF_000005845.2,NP_418397.2,466,1-466,466,COG1249,COG1249,0,463.0,3.53e-161,454,2-454
b1395,GCF_000005845.2,NP_415913.1,475,1-341,341,COG1250,COG1250,1,333.0,2.33e-112,307,3-296
b1395,GCF_000005845.2,NP_415913.1,475,342-475,134,COG1250,COG1250,3,77.8,9.45e-16,307,161-270
b2341,GCF_000005845.2,NP_416843.1,714,282-610,329,COG1250,COG1250,1,292.0,1.36e-93,307,19-292
b3846,GCF_000005845.2,NP_418288.1,729,283-614,332,COG1250,COG1250,1,301.0,9.2e-97,307,20-302
b3846,GCF_000005845.2,NP_418288.1,729,615-729,115,COG1250,COG1250,3,44.9,7.31e-05,307,160-266
b2711,GCF_000005845.2,NP_417191.1,377,1-377,377,COG1251,COG1251,2,184.0,1.73e-51,793,6-370
b3365,GCF_000005845.2,NP_417824.1,847,1-847,847,COG1251,COG1251,0,934.0,1.0e-200,793,1-793
b1109,GCF_000005845.2,NP_415627.1,434,1-434,434,COG1252,COG1252,0,396.0,6.18e-136,405,4-405
b1816,GCF_000005845.2,NP_416330.1,518,76-518,443,COG1253,COG1253,1,270.0,3.4e-85,429,1-429
b2063,GCF_000005845.2,NP_416567.4,527,76-527,452,COG1253,COG1253,1,291.0,3.49e-93,429,1-429
b4218,GCF_000005845.2,NP_418639.1,447,1-447,447,COG1253,COG1253,0,350.0,1.49e-117,429,3-428
b0968,GCF_000005845.2,NP_415488.1,92,1-92,92,COG1254,COG1254,0,117.0,6.66e-36,92,1-91
b1082,GCF_000005845.2,NP_415600.1,547,1-547,547,COG1256,COG1256,0,439.0,6.97e-149,552,3-550
b1072,GCF_000005845.2,NP_415590.1,219,1-219,219,COG1261,COG1261,0,201.0,4.33e-65,220,1-216
b0679,GCF_000005845.2,NP_415205.1,648,1-383,383,COG1263,COG1263,1,232.0,6.01e-70,393,3-388
b1101,GCF_000005845.2,NP_415619.1,477,1-397,397,COG1263,COG1263,1,235.0,5.14e-73,393,1-393
b1621,GCF_000005845.2,NP_416138.1,530,1-442,442,COG1263,COG1263,1,209.0,3.41e-62,393,8-393
b2429,GCF_000005845.2,NP_416924.1,474,100-474,375,COG1263,COG1263,1,189.0,1.96e-55,393,1-380
b3722,GCF_000005845.2,NP_418178.1,625,90-470,381,COG1263,COG1263,1,225.0,1.81e-67,393,4-392
b4240,GCF_000005845.2,NP_418661.1,473,96-473,378,COG1263,COG1263,1,225.0,3.72e-69,393,1-348
b3682,GCF_000005845.2,YP_009518824.1,161,1-60,60,COG1263,COG1263,3,44.2,4.37e-05,393,343-393
b3683,GCF_000005845.2,YP_009518825.1,368,1-368,368,COG1263,COG1263,0,142.0,1.41e-38,393,12-336
b2715,GCF_000005845.2,YP_026182.1,485,95-485,391,COG1263,COG1263,1,185.0,7.03e-54,393,12-388
b0679,GCF_000005845.2,NP_415205.1,648,384-484,101,COG1264,COG1264,1,85.8,5.64e-21,88,1-83
b1101,GCF_000005845.2,NP_415619.1,477,398-477,80,COG1264,COG1264,1,92.7,1.52e-23,88,1-81
b1621,GCF_000005845.2,NP_416138.1,530,443-530,88,COG1264,COG1264,1,90.0,1.62e-22,88,4-78
b2429,GCF_000005845.2,NP_416924.1,474,1-99,99,COG1264,COG1264,1,81.9,1.14e-19,88,1-88
b3722,GCF_000005845.2,NP_418178.1,625,1-89,89,COG1264,COG1264,1,92.7,1.62e-23,88,1-88
b4240,GCF_000005845.2,NP_418661.1,473,1-95,95,COG1264,COG1264,1,85.0,8.39e-21,88,1-88
b3682,GCF_000005845.2,YP_009518824.1,161,61-161,101,COG1264,COG1264,1,81.2,6.73e-21,88,2-88
b2715,GCF_000005845.2,YP_026182.1,485,1-94,94,COG1264,COG1264,1,92.7,1.74e-23,88,3-88
b0418,GCF_000005845.2,NP_414952.1,172,1-172,172,COG1267,COG1267,0,148.0,9.46e-46,160,4-160
b0733,GCF_000005845.2,NP_415261.2,522,1-522,522,COG1271,COG1271,0,481.0,4.26e-167,457,1-442
b0978,GCF_000005845.2,NP_415497.1,514,1-514,514,COG1271,COG1271,0,455.0,2.96e-157,457,1-451
b2899,GCF_000005845.2,NP_417375.1,219,1-219,219,COG1272,COG1272,0,223.0,7.36e-74,226,13-223
b1429,GCF_000005845.2,NP_415946.1,330,1-330,330,COG1275,COG1275,0,165.0,2.11e-48,329,1-328
b1840,GCF_000005845.2,NP_416354.1,290,1-290,290,COG1276,COG1276,0,295.0,5.26e-100,289,1-286
b0623,GCF_000005845.2,NP_415156.1,69,1-69,69,COG1278,COG1278,0,111.0,3.41e-34,67,1-67
b0880,GCF_000005845.2,NP_415401.1,74,1-74,74,COG1278,COG1278,0,100.0,4.19e-30,67,1-67
b0989,GCF_000005845.2,NP_415509.1,70,1-70,70,COG1278,COG1278,0,87.1,1.3e-24,67,1-67
b0990,GCF_000005845.2,NP_415510.1,70,1-70,70,COG1278,COG1278,0,111.0,2.31e-34,67,1-67
b1552,GCF_000005845.2,NP_416070.1,70,1-70,70,COG1278,COG1278,0,107.0,1.71e-32,67,1-67
b1557,GCF_000005845.2,NP_416075.1,71,1-71,71,COG1278,COG1278,0,106.0,3.25e-32,67,1-66
b1558,GCF_000005845.2,NP_416076.1,70,1-70,70,COG1278,COG1278,0,83.2,3.85e-23,67,1-67
b1823,GCF_000005845.2,NP_416337.1,69,1-69,69,COG1278,COG1278,0,104.0,1.73e-31,67,1-67
b3556,GCF_000005845.2,NP_418012.1,70,1-70,70,COG1278,COG1278,0,109.0,1.43e-33,67,1-67
b2923,GCF_000005845.2,NP_417398.1,211,1-211,211,COG1279,COG1279,0,211.0,1.4e-69,202,1-202
b0328,GCF_000005845.2,NP_414862.1,223,1-223,223,COG1280,COG1280,0,111.0,4.75e-30,208,2-208
b1798,GCF_000005845.2,NP_416312.1,212,1-212,212,COG1280,COG1280,0,121.0,3.02e-34,208,5-204
b2578,GCF_000005845.2,NP_417073.1,195,1-195,195,COG1280,COG1280,0,87.6,2.39e-21,208,1-205
b3823,GCF_000005845.2,YP_026264.1,206,1-206,206,COG1280,COG1280,0,113.0,2.66e-31,208,2-207
b3824,GCF_000005845.2,YP_026265.1,206,1-206,206,COG1280,COG1280,0,131.0,3.21e-38,208,1-208
b3401,GCF_000005845.2,NP_417860.2,292,1-292,292,COG1281,COG1281,0,341.0,3.51e-118,286,1-286
b1602,GCF_000005845.2,NP_416119.1,462,1-462,462,COG1282,COG1282,0,593.0,1.0e-200,463,1-463
b4020,GCF_000005845.2,NP_418444.1,543,1-543,543,COG1283,COG1283,0,464.0,5.81e-159,533,5-532
b3508,GCF_000005845.2,NP_417965.1,215,1-215,215,COG1285,COG1285,0,167.0,3.36e-52,221,6-220
b2313,GCF_000005845.2,NP_416816.1,162,1-162,162,COG1286,COG1286,0,113.0,6.06e-32,182,4-157
b2298,GCF_000005845.2,NP_416801.2,506,1-506,506,COG1288,COG1288,0,511.0,7.88e-179,481,3-481
b0960,GCF_000005845.2,NP_415480.2,717,1-717,717,COG1289,COG1289,0,394.0,1.05e-127,674,1-674
b1645,GCF_000005845.2,NP_416162.1,670,1-670,670,COG1289,COG1289,0,296.0,1.15e-90,674,1-668
b2008,GCF_000005845.2,NP_416512.1,352,1-352,352,COG1289,COG1289,2,137.0,2.19e-35,674,331-674
b3240,GCF_000005845.2,NP_417707.1,655,1-655,655,COG1289,COG1289,0,333.0,4.45e-105,674,1-664
b3358,GCF_000005845.2,NP_417817.2,700,1-700,700,COG1289,COG1289,0,342.0,8.45e-108,674,1-672
b4081,GCF_000005845.2,NP_418505.2,683,1-683,683,COG1289,COG1289,0,175.0,1.51e-46,674,14-674
b1890,GCF_000005845.2,NP_416404.1,295,1-295,295,COG1291,COG1291,0,266.0,7.39e-89,266,3-266
b0040,GCF_000005845.2,NP_414582.1,504,1-504,504,COG1292,COG1292,0,423.0,2.26e-143,537,1-501
b0314,GCF_000005845.2,NP_414848.1,677,1-562,562,COG1292,COG1292,1,536.0,1.0e-200,537,1-537
b1801,GCF_000005845.2,NP_416315.1,481,1-481,481,COG1292,COG1292,0,410.0,1.22e-138,537,58-525
b0734,GCF_000005845.2,NP_415262.1,379,1-379,379,COG1294,COG1294,0,330.0,8.5e-112,346,1-346
b0979,GCF_000005845.2,NP_415498.1,378,1-378,378,COG1294,COG1294,0,306.0,2.1e-102,346,1-346
b3522,GCF_000005845.2,NP_417979.1,337,1-337,337,COG1295,COG1295,0,168.0,8.92e-50,303,1-291
b3886,GCF_000005845.2,NP_418322.1,290,1-290,290,COG1295,COG1295,0,155.0,4.33e-45,303,8-302
b2682,GCF_000005845.2,NP_417167.1,245,1-245,245,COG1296,COG1296,0,169.0,6.6e-52,238,10-229
b1879,GCF_000005845.2,NP_416393.1,692,1-692,692,COG1298,COG1298,0,851.0,1.0e-200,696,1-696
b0731,GCF_000005845.2,NP_415259.1,658,305-658,354,COG1299,COG1299,1,287.0,1.33e-91,343,1-338
b2167,GCF_000005845.2,NP_416672.1,563,225-563,339,COG1299,COG1299,1,388.0,3.94e-132,343,3-340
b2386,GCF_000005845.2,NP_416887.1,415,1-415,415,COG1299,COG1299,0,203.0,9.76e-62,343,1-338
b3899,GCF_000005845.2,NP_418335.4,483,128-483,356,COG1299,COG1299,1,249.0,9.68e-79,343,1-343
b3949,GCF_000005845.2,NP_418384.1,359,1-359,359,COG1299,COG1299,0,288.0,1.22e-95,343,4-314
b3528,GCF_000005845.2,NP_417985.1,428,1-428,428,COG1301,COG1301,0,418.0,2.31e-144,415,7-413
b4077,GCF_000005845.2,NP_418501.1,437,1-437,437,COG1301,COG1301,0,397.0,2.63e-136,415,2-412
b3605,GCF_000005845.2,NP_418062.1,396,1-396,396,COG1304,COG1304,0,366.0,2.83e-125,360,2-351
b0313,GCF_000005845.2,NP_414847.3,195,1-195,195,COG1309,COG1309,0,67.9,4.77e-14,201,4-184
b0464,GCF_000005845.2,NP_414997.1,215,1-215,215,COG1309,COG1309,0,76.8,4.23e-17,201,2-199
b0796,GCF_000005845.2,NP_415317.4,223,1-155,155,COG1309,COG1309,3,56.4,1.31e-09,201,1-150
b1013,GCF_000005845.2,NP_415533.1,212,1-212,212,COG1309,COG1309,0,73.7,5.17e-16,201,5-182
b1111,GCF_000005845.2,NP_415629.4,210,1-210,210,COG1309,COG1309,0,72.9,1.05e-15,201,3-201
b1618,GCF_000005845.2,NP_416135.1,196,1-196,196,COG1309,COG1309,0,67.9,5.6e-14,201,2-185
b1649,GCF_000005845.2,NP_416166.3,199,1-199,199,COG1309,COG1309,0,79.5,2.78e-18,201,5-201
b3264,GCF_000005845.2,NP_417730.1,220,1-220,220,COG1309,COG1309,0,68.3,4.98e-14,201,2-201
b3641,GCF_000005845.2,NP_418098.4,198,1-198,198,COG1309,COG1309,0,54.1,6.5e-09,201,3-201
b3963,GCF_000005845.2,NP_418398.3,234,1-234,234,COG1309,COG1309,0,56.4,1.21e-09,201,3-196
b4135,GCF_000005845.2,NP_418558.2,191,1-191,191,COG1309,COG1309,0,44.4,1.66e-05,201,14-201
b4251,GCF_000005845.2,NP_418672.4,197,1-197,197,COG1309,COG1309,0,56.8,6.5e-10,201,4-191
b4322,GCF_000005845.2,NP_418742.1,394,1-394,394,COG1312,COG1312,0,528.0,1.0e-200,362,1-361
b3175,GCF_000005845.2,NP_417642.1,110,1-110,110,COG1314,COG1314,0,85.9,2.15e-23,86,1-86
b1940,GCF_000005845.2,NP_416450.2,228,1-228,228,COG1317,COG1317,0,160.0,1.1e-48,234,9-228
b0285,GCF_000005845.2,NP_414819.1,318,1-318,318,COG1319,COG1319,0,213.0,1.68e-67,284,1-283
b2867,GCF_000005845.2,NP_417343.1,292,1-292,292,COG1319,COG1319,0,259.0,4.13e-86,284,1-284
b2880,GCF_000005845.2,NP_417356.1,259,1-259,259,COG1319,COG1319,0,162.0,1.65e-48,284,5-284
b0817,GCF_000005845.2,NP_415338.1,155,1-155,155,COG1321,COG1321,0,113.0,1.62e-32,154,1-123
b3832,GCF_000005845.2,NP_418276.1,475,1-475,475,COG1322,COG1322,0,340.0,1.2e-112,448,3-435
b4137,GCF_000005845.2,NP_418560.1,112,1-112,112,COG1324,COG1324,0,130.0,1.37e-40,104,1-104
b0413,GCF_000005845.2,NP_414947.1,149,1-149,149,COG1327,COG1327,0,222.0,2.27e-75,156,1-149
b4238,GCF_000005845.2,NP_418659.1,712,1-712,712,COG1328,COG1328,0,799.0,1.0e-200,700,1-699
b2822,GCF_000005845.2,NP_417299.1,1122,1-1122,1122,COG1330,COG1330,0,1240.0,1.0e-200,1078,1-1078
b0897,GCF_000005845.2,NP_415417.1,208,1-208,208,COG1335,COG1335,0,87.0,4.8e-21,205,1-178
b1011,GCF_000005845.2,NP_415531.2,230,1-230,230,COG1335,COG1335,0,142.0,4.31e-42,205,1-205
b1768,GCF_000005845.2,NP_416282.4,213,1-213,213,COG1335,COG1335,0,145.0,1.71e-43,205,3-201
b1867,GCF_000005845.2,NP_416381.2,188,1-188,188,COG1335,COG1335,0,117.0,6.23e-33,205,1-177
b1948,GCF_000005845.2,NP_416458.1,245,1-245,245,COG1338,COG1338,0,290.0,1.81e-99,248,1-247
b1083,GCF_000005845.2,NP_415601.1,317,1-317,317,COG1344,COG1344,0,137.0,1.69e-37,360,1-358
b1923,GCF_000005845.2,NP_416433.1,498,1-139=396-498,242,COG1344,COG1344,3,216.2,2.74e-39,360,3-137=246-360
b1924,GCF_000005845.2,NP_416434.1,468,1-468,468,COG1345,COG1345,0,381.0,2.82e-128,483,3-483
b2142,GCF_000005845.2,NP_416647.1,231,1-231,231,COG1346,COG1346,0,248.0,2.58e-83,230,9-229
b0840,GCF_000005845.2,NP_415361.1,252,1-252,252,COG1349,COG1349,0,244.0,3.66e-81,253,1-251
b1284,GCF_000005845.2,NP_415800.1,249,1-249,249,COG1349,COG1349,0,227.0,1.96e-74,253,3-253
b1770,GCF_000005845.2,NP_416284.1,252,1-252,252,COG1349,COG1349,0,224.0,2.63e-73,253,1-250
b2707,GCF_000005845.2,NP_417187.1,257,1-257,257,COG1349,COG1349,0,267.0,2.26e-90,253,1-253
b2735,GCF_000005845.2,NP_417215.2,255,1-255,255,COG1349,COG1349,0,254.0,6.85e-85,253,1-253
b2805,GCF_000005845.2,NP_417285.1,243,1-243,243,COG1349,COG1349,0,212.0,6.67e-69,253,2-232
b3131,GCF_000005845.2,NP_417600.1,269,1-269,269,COG1349,COG1349,0,244.0,6.75e-81,253,3-253
b3884,GCF_000005845.2,NP_418320.2,261,1-261,261,COG1349,COG1349,0,239.0,2.97e-79,253,4-253
b4191,GCF_000005845.2,NP_418612.1,251,1-251,251,COG1349,COG1349,0,213.0,4.46e-69,253,1-252
b4300,GCF_000005845.2,NP_418720.1,260,1-260,260,COG1349,COG1349,0,226.0,7.16e-74,253,2-249
b1884,GCF_000005845.2,NP_416398.1,286,1-286,286,COG1352,COG1352,0,288.0,7.63e-98,268,1-268
b4066,GCF_000005845.2,NP_418490.1,430,114-362,249,COG1357,COG1357,1,83.6,2.77e-18,238,12-228
b1518,GCF_000005845.2,NP_416035.1,96,1-96,96,COG1359,COG1359,0,88.6,2.75e-24,100,3-94
b3029,GCF_000005845.2,NP_417501.1,104,1-104,104,COG1359,COG1359,0,79.4,1.32e-20,100,1-96
b1889,GCF_000005845.2,NP_416403.1,308,1-308,308,COG1360,COG1360,0,192.0,2.27e-60,244,1-244
b2384,GCF_000005845.2,NP_416885.1,345,1-345,345,COG1363,COG1363,0,328.0,3.09e-111,355,3-355
b3898,GCF_000005845.2,NP_418334.1,356,1-356,356,COG1363,COG1363,0,370.0,1.18e-127,355,3-355
b4305,GCF_000005845.2,NP_418725.4,373,1-373,373,COG1363,COG1363,0,354.0,3.49e-121,355,1-345
b4359,GCF_000005845.2,NP_418779.2,763,1-763,763,COG1368,COG1368,0,240.0,3.52e-69,650,1-650
b0819,GCF_000005845.2,NP_415340.1,306,1-237,237,COG1376,COG1376,1,167.0,1.09e-50,232,2-232
b1113,GCF_000005845.2,NP_415631.1,320,1-244,244,COG1376,COG1376,1,148.0,4.69e-43,232,4-232
b1678,GCF_000005845.2,NP_416193.1,334,1-236,236,COG1376,COG1376,1,156.0,5.8e-46,232,1-232
b1990,GCF_000005845.2,NP_416494.1,310,1-234,234,COG1376,COG1376,1,162.0,1.39e-48,232,4-232
b1880,GCF_000005845.2,NP_416394.1,382,1-382,382,COG1377,COG1377,0,438.0,6.65e-154,363,2-363
b2141,GCF_000005845.2,NP_416646.1,132,1-132,132,COG1380,COG1380,0,109.0,1.12e-31,128,6-126
b2565,GCF_000005845.2,NP_417060.1,242,1-242,242,COG1381,COG1381,0,198.0,2.48e-63,251,8-251
b2946,GCF_000005845.2,NP_417421.4,243,1-243,243,COG1385,COG1385,0,269.0,4.13e-91,246,1-246
b1034,GCF_000005845.2,NP_415552.1,245,1-245,245,COG1387,COG1387,0,176.0,7.5e-55,237,1-237
b0211,GCF_000005845.2,NP_414747.1,452,315-452,138,COG1388,COG1388,1,58.5,6.59e-11,124,1-112
b3053,GCF_000005845.2,NP_417525.1,946,1-946,946,COG1391,COG1391,0,1123.0,1.0e-200,963,7-957
b2471,GCF_000005845.2,NP_416966.1,118,1-118,118,COG1393,COG1393,0,118.0,2.3e-35,117,2-117
b2495,GCF_000005845.2,NP_416990.1,119,1-119,119,COG1393,COG1393,0,121.0,7.83e-37,117,1-114
b3503,GCF_000005845.2,NP_417960.1,141,1-141,141,COG1393,COG1393,0,133.0,3.46e-41,117,1-116
b2638,GCF_000005845.2,YP_009518807.1,104,1-104,104,COG1393,COG1393,0,79.5,2.04e-20,117,1-100
b1299,GCF_000005845.2,NP_415815.1,185,1-94,94,COG1396,COG1396,3,57.5,4.69e-11,120,3-86
b1434,GCF_000005845.2,NP_415951.1,178,1-83,83,COG1396,COG1396,3,62.9,4.34e-13,120,2-78
b1570,GCF_000005845.2,NP_416088.1,135,1-135,135,COG1396,COG1396,0,46.7,2.74e-07,120,1-118
b4390,GCF_000005845.2,NP_418807.4,410,1-60,60,COG1396,COG1396,3,44.0,8.56e-06,120,4-58
b2099,GCF_000005845.2,NP_416602.1,334,1-334,334,COG1397,COG1397,0,310.0,6.77e-105,314,6-314
b1088,GCF_000005845.2,NP_415606.1,173,1-173,173,COG1399,COG1399,0,134.0,2.08e-40,176,1-176
b4346,GCF_000005845.2,NP_418766.4,459,1-459,459,COG1401,COG1401,2,217.0,8.52e-64,601,45-537
b0164,GCF_000005845.2,NP_414706.2,270,1-270,270,COG1408,COG1408,0,180.0,1.85e-55,284,5-282
b3032,GCF_000005845.2,NP_417504.1,275,1-275,275,COG1409,COG1409,0,151.0,9.29e-44,301,1-270
b4019,GCF_000005845.2,NP_418443.1,1227,328-1227,900,COG1410,COG1410,1,1150.0,1.0e-200,842,1-842
b3594,GCF_000005845.2,NP_418051.1,280,1-280,280,COG1413,COG1413,0,118.0,4.89e-31,335,38-301
b0272,GCF_000005845.2,NP_414806.1,252,1-252,252,COG1414,COG1414,0,239.0,1.98e-79,246,1-246
b0346,GCF_000005845.2,NP_414880.2,277,1-277,277,COG1414,COG1414,0,130.0,2.01e-36,246,1-244
b0506,GCF_000005845.2,NP_415039.1,271,1-271,271,COG1414,COG1414,0,237.0,3.05e-78,246,1-245
b1827,GCF_000005845.2,NP_416341.1,263,1-263,263,COG1414,COG1414,0,254.0,4.58e-85,246,1-246
b2248,GCF_000005845.2,NP_416751.1,260,1-260,260,COG1414,COG1414,0,214.0,1.52e-69,246,1-246
b3574,GCF_000005845.2,NP_418031.1,282,1-282,282,COG1414,COG1414,0,244.0,4.99e-81,246,1-245
b4018,GCF_000005845.2,NP_418442.2,274,1-274,274,COG1414,COG1414,0,240.0,2.8e-79,246,1-246
b4299,GCF_000005845.2,NP_418719.1,262,1-262,262,COG1414,COG1414,0,203.0,3.95e-65,246,2-246
b1962,GCF_000005845.2,NP_416471.1,231,1-231,231,COG1418,COG1418,0,125.0,3.12e-35,222,11-219
b2516,GCF_000005845.2,NP_417011.1,337,1-337,337,COG1426,COG1426,0,212.0,4.56e-67,284,3-284
b0920,GCF_000005845.2,NP_415440.1,259,1-259,259,COG1434,COG1434,0,120.0,3.55e-33,223,10-223
b1414,GCF_000005845.2,NP_415932.1,266,1-266,266,COG1434,COG1434,0,89.3,3.56e-21,223,1-223
b1238,GCF_000005845.2,NP_415754.1,205,1-205,205,COG1435,COG1435,0,277.0,1.47e-95,201,3-201
b3237,GCF_000005845.2,NP_417704.1,156,1-156,156,COG1438,COG1438,0,161.0,2.21e-51,150,1-150
b1738,GCF_000005845.2,NP_416252.1,106,1-106,106,COG1440,COG1440,0,109.0,1.86e-32,102,1-93
b2261,GCF_000005845.2,NP_416764.1,320,1-320,320,COG1441,COG1441,0,567.0,1.0e-200,321,1-321
b3626,GCF_000005845.2,NP_418083.1,338,1-338,338,COG1442,COG1442,0,230.0,1.63e-73,325,1-320
b3627,GCF_000005845.2,NP_418084.1,339,1-339,339,COG1442,COG1442,0,247.0,3.8e-80,325,2-319
b2299,GCF_000005845.2,NP_416802.1,180,1-180,180,COG1443,COG1443,0,43.6,1.88e-05,185,3-172
b2889,GCF_000005845.2,NP_417365.1,182,1-182,182,COG1443,COG1443,0,251.0,3.04e-86,185,1-185
b2474,GCF_000005845.2,NP_416969.1,671,1-671,671,COG1444,COG1444,0,640.0,1.0e-200,758,15-753
b0731,GCF_000005845.2,NP_415259.1,658,178-304,127,COG1445,COG1445,1,144.0,2.05e-41,122,1-122
b2167,GCF_000005845.2,NP_416672.1,563,104-224,121,COG1445,COG1445,1,152.0,1.77e-44,122,1-122
b2387,GCF_000005845.2,NP_416888.1,108,1-108,108,COG1445,COG1445,0,114.0,6.1e-34,122,1-107
b3899,GCF_000005845.2,NP_418335.4,483,1-127,127,COG1445,COG1445,1,150.0,2.18e-44,122,3-122
b3950,GCF_000005845.2,NP_418385.1,106,1-106,106,COG1445,COG1445,0,124.0,4.71e-38,122,1-97
b3953,GCF_000005845.2,NP_418388.1,113,1-113,113,COG1445,COG1445,0,132.0,3.49e-41,122,1-113
b0828,GCF_000005845.2,NP_415349.1,321,1-321,321,COG1446,COG1446,0,327.0,5.42e-112,307,1-307
b1736,GCF_000005845.2,NP_416250.1,116,1-116,116,COG1447,COG1447,0,117.0,1.76e-35,105,3-104
b0928,GCF_000005845.2,NP_415448.1,396,1-396,396,COG1448,COG1448,0,630.0,1.0e-200,396,1-396
b4054,GCF_000005845.2,NP_418478.1,397,1-397,397,COG1448,COG1448,0,606.0,1.0e-200,396,1-396
b3325,GCF_000005845.2,NP_417784.4,650,1-650,650,COG1450,COG1450,0,387.0,7.1e-127,587,8-587
b3085,GCF_000005845.2,NP_417556.2,167,1-167,167,COG1451,COG1451,0,117.0,5.29e-33,223,51-220
b0054,GCF_000005845.2,NP_414596.1,784,1-784,784,COG1452,COG1452,0,689.0,1.0e-200,784,1-784
b1241,GCF_000005845.2,NP_415757.1,891,447-891,445,COG1454,COG1454,1,432.0,2.01e-144,377,1-377
b2453,GCF_000005845.2,NP_416948.4,395,1-395,395,COG1454,COG1454,0,410.0,1.62e-142,377,1-376
b2799,GCF_000005845.2,NP_417279.2,382,1-382,382,COG1454,COG1454,0,417.0,2.05e-145,377,2-377
b3589,GCF_000005845.2,YP_026233.1,383,1-383,383,COG1454,COG1454,0,432.0,3.64e-151,377,3-377
b1737,GCF_000005845.2,NP_416251.1,452,1-452,452,COG1455,COG1455,0,374.0,1.37e-126,432,1-432
b0336,GCF_000005845.2,NP_414870.1,419,1-419,419,COG1457,COG1457,0,250.0,1.06e-78,442,4-412
b0106,GCF_000005845.2,NP_414648.1,400,1-400,400,COG1459,COG1459,0,330.0,9.58e-111,397,1-397
b3327,GCF_000005845.2,NP_417786.1,398,1-398,398,COG1459,COG1459,0,352.0,2.76e-119,397,2-396
b1037,GCF_000005845.2,NP_415555.1,277,1-277,277,COG1462,COG1462,0,229.0,4.55e-75,252,1-252
b3193,GCF_000005845.2,NP_417660.1,183,1-183,183,COG1463,COG1463,2,137.0,9.86e-39,359,1-176
b0197,GCF_000005845.2,NP_414739.1,271,1-271,271,COG1464,COG1464,0,336.0,9.61e-117,268,1-268
b3661,GCF_000005845.2,NP_418117.1,272,1-272,272,COG1464,COG1464,0,309.0,4.1e-106,268,24-268
b0640,GCF_000005845.2,NP_415173.1,343,1-343,343,COG1466,COG1466,0,232.0,5.72e-74,334,1-334
b1107,GCF_000005845.2,NP_415625.1,341,1-341,341,COG1472,COG1472,0,311.0,3.6e-104,397,5-355
b2132,GCF_000005845.2,NP_416636.1,765,1-460,460,COG1472,COG1472,1,297.0,1.6e-93,397,1-389
b1337,GCF_000005845.2,NP_415853.1,481,1-481,481,COG1473,COG1473,0,227.0,7.5e-70,392,9-392
b1338,GCF_000005845.2,NP_415854.4,436,1-436,436,COG1473,COG1473,0,265.0,7.73e-85,392,8-388
b0601,GCF_000005845.2,NP_415134.1,209,1-209,209,COG1475,COG1475,0,83.3,3.41e-19,240,21-231
b1365,GCF_000005845.2,NP_415883.1,87,1-87,87,COG1475,COG1475,2,60.5,5.79e-12,240,2-85
b1508,GCF_000005845.2,NP_416025.1,88,1-88,88,COG1476,COG1476,1,44.6,1.28e-07,68,1-57
b2214,GCF_000005845.2,NP_416718.1,351,1-351,351,COG1477,COG1477,0,351.0,1.82e-120,337,3-336
b1613,GCF_000005845.2,NP_416130.3,391,1-154=225-391,321,COG1482,COG1482,1,356.9,8.45e-60,312,3-145=146-312
b1360,GCF_000005845.2,NP_415878.1,248,1-248,248,COG1484,COG1484,0,186.0,1.37e-58,254,8-248
b4361,GCF_000005845.2,NP_418781.1,245,1-245,245,COG1484,COG1484,0,171.0,7.17e-53,254,7-253
b3232,GCF_000005845.2,NP_417699.1,375,1-375,375,COG1485,COG1485,0,499.0,5.46e-178,367,6-367
b1734,GCF_000005845.2,NP_416248.1,450,1-450,450,COG1486,COG1486,0,506.0,2.94e-178,442,2-442
b4119,GCF_000005845.2,NP_418543.1,451,1-451,451,COG1486,COG1486,0,486.0,1.52e-170,442,1-442
b3681,GCF_000005845.2,YP_009518823.1,212,1-212,212,COG1486,COG1486,2,280.0,5.05e-93,442,1-209
b0931,GCF_000005845.2,NP_415451.1,400,1-400,400,COG1488,COG1488,0,353.0,8.99e-120,405,3-381
b0146,GCF_000005845.2,NP_414688.1,234,1-234,234,COG1489,COG1489,0,320.0,7.04e-112,235,1-230
b3887,GCF_000005845.2,NP_418323.1,145,1-145,145,COG1490,COG1490,0,231.0,1.55e-79,145,1-145
b2930,GCF_000005845.2,NP_417405.1,321,1-321,321,COG1494,COG1494,0,434.0,1.11e-153,332,2-321
b3925,GCF_000005845.2,NP_418360.1,336,1-336,336,COG1494,COG1494,0,473.0,6.27e-169,332,1-332
b1185,GCF_000005845.2,NP_415703.3,176,1-176,176,COG1495,COG1495,0,129.0,3.42e-38,170,1-170
b2593,GCF_000005845.2,NP_417084.1,243,1-243,243,COG1496,COG1496,0,320.0,4.02e-111,249,1-248
b3656,GCF_000005845.2,NP_418113.1,772,1-772,772,COG1501,COG1501,0,731.0,1.0e-200,772,1-772
b3878,GCF_000005845.2,NP_418314.1,678,1-678,678,COG1501,COG1501,2,550.0,1.0e-200,772,15-678
b0789,GCF_000005845.2,NP_415310.1,413,1-413,413,COG1502,COG1502,0,231.0,3.77e-71,438,55-423
b1046,GCF_000005845.2,NP_415564.2,473,1-473,473,COG1502,COG1502,0,214.0,3.07e-64,438,52-421
b1249,GCF_000005845.2,NP_415765.1,486,1-486,486,COG1502,COG1502,0,300.0,2.73e-97,438,1-438
b2585,GCF_000005845.2,NP_417080.4,451,1-451,451,COG1502,COG1502,0,200.0,3.35e-59,438,31-421
b0239,GCF_000005845.2,NP_414774.1,414,1-414,414,COG1506,COG1506,2,58.9,5.93e-09,620,229-617
b3202,GCF_000005845.2,NP_417669.1,477,1-477,477,COG1508,COG1508,0,503.0,1.28e-176,444,1-443
b4146,GCF_000005845.2,NP_418570.1,342,1-342,342,COG1509,COG1509,0,455.0,5.49e-161,369,1-344
b1121,GCF_000005845.2,NP_415639.1,262,1-262,262,COG1512,COG1512,0,55.2,1.13e-08,271,6-251
b2778,GCF_000005845.2,NP_417258.4,290,1-207,207,COG1512,COG1512,3,216.0,2.59e-69,271,6-210
b0340,GCF_000005845.2,NP_414874.1,156,1-156,156,COG1513,COG1513,0,239.0,2.23e-82,151,1-151
b0147,GCF_000005845.2,NP_414689.4,176,1-176,176,COG1514,COG1514,0,152.0,4.86e-47,180,1-180
b3998,GCF_000005845.2,NP_418426.2,223,1-223,223,COG1515,COG1515,0,246.0,3.93e-83,212,4-212
b1925,GCF_000005845.2,NP_416435.1,136,1-136,136,COG1516,COG1516,0,115.0,3.84e-34,132,1-128
b2755,GCF_000005845.2,NP_417235.1,305,1-305,305,COG1518,COG1518,0,200.0,3.76e-62,327,1-322
b3633,GCF_000005845.2,NP_418090.1,425,1-425,425,COG1519,COG1519,0,529.0,1.0e-200,419,1-419
b2512,GCF_000005845.2,NP_417007.1,392,1-392,392,COG1520,COG1520,0,193.0,1.23e-57,370,23-370
b0447,GCF_000005845.2,NP_414981.4,152,1-152,152,COG1522,COG1522,0,148.0,1.34e-46,154,5-154
b0889,GCF_000005845.2,NP_415409.1,164,1-164,164,COG1522,COG1522,0,153.0,2.01e-48,154,2-154
b2160,GCF_000005845.2,NP_416665.1,362,1-56,56,COG1522,COG1522,3,41.9,7.74e-05,154,6-59
b3743,GCF_000005845.2,NP_418199.1,152,1-152,152,COG1522,COG1522,0,122.0,4.18e-36,154,1-153
b3431,GCF_000005845.2,NP_417889.1,657,1-657,657,COG1523,COG1523,0,801.0,1.0e-200,697,9-691
b3895,GCF_000005845.2,NP_418331.1,277,1-277,277,COG1526,COG1526,0,321.0,5.34e-111,266,1-264
b1902,GCF_000005845.2,NP_416415.1,167,1-167,167,COG1528,COG1528,0,174.0,5.51e-56,167,1-167
b1905,GCF_000005845.2,NP_416418.1,165,1-165,165,COG1528,COG1528,0,201.0,1.27e-66,167,1-165
b0284,GCF_000005845.2,NP_414818.1,732,1-732,732,COG1529,COG1529,0,536.0,1.0e-200,731,1-731
b2866,GCF_000005845.2,NP_417342.1,752,1-752,752,COG1529,COG1529,0,605.0,1.0e-200,731,11-730
b2881,GCF_000005845.2,NP_417357.1,956,162-956,795,COG1529,COG1529,1,556.0,1.0e-200,731,1-731
b1084,GCF_000005845.2,NP_415602.1,1061,1-493,493,COG1530,COG1530,1,534.0,1.66e-180,487,1-487
b3247,GCF_000005845.2,NP_417713.2,489,1-489,489,COG1530,COG1530,0,485.0,9.6e-169,487,3-483
b3180,GCF_000005845.2,NP_417647.1,97,1-97,97,COG1534,COG1534,0,109.0,8.8e-33,97,2-97
b0595,GCF_000005845.2,NP_415127.1,285,1-217,217,COG1535,COG1535,1,360.0,3.79e-127,218,1-209
b1939,GCF_000005845.2,NP_416449.1,331,1-331,331,COG1536,COG1536,0,309.0,3.15e-104,339,8-339
b0572,GCF_000005845.2,NP_415104.1,457,1-457,457,COG1538,COG1538,0,253.0,6.43e-79,457,1-445
b3035,GCF_000005845.2,NP_417507.2,493,1-493,493,COG1538,COG1538,0,195.0,8.42e-57,457,45-454
b4080,GCF_000005845.2,NP_418504.1,488,1-488,488,COG1538,COG1538,0,210.0,3.47e-62,457,1-448
b2303,GCF_000005845.2,NP_416806.1,120,1-120,120,COG1539,COG1539,0,98.1,2.04e-27,121,5-118
b3058,GCF_000005845.2,NP_417530.2,122,1-122,122,COG1539,COG1539,0,133.0,1.58e-41,121,2-121
b0713,GCF_000005845.2,NP_415241.1,244,1-244,244,COG1540,COG1540,0,343.0,3.77e-120,252,2-250
b1398,GCF_000005845.2,NP_415916.1,437,1-437,437,COG1541,COG1541,0,526.0,1.0e-200,438,5-438
b2597,GCF_000005845.2,NP_417088.1,113,1-113,113,COG1544,COG1544,0,110.0,1.44e-32,110,1-110
b3203,GCF_000005845.2,NP_417670.1,95,1-95,95,COG1544,COG1544,0,107.0,8.82e-32,110,1-97
b1537,GCF_000005845.2,NP_416055.1,172,1-172,172,COG1546,COG1546,0,163.0,6.91e-52,162,1-151
b2700,GCF_000005845.2,NP_417180.1,165,1-165,165,COG1546,COG1546,0,198.0,5.67e-66,162,1-162
b2696,GCF_000005845.2,NP_417176.1,61,1-61,61,COG1551,COG1551,0,97.1,1.36e-28,73,1-59
b1219,GCF_000005845.2,NP_415737.1,117,1-117,117,COG1553,COG1553,0,134.0,1.13e-41,126,1-126
b3345,GCF_000005845.2,NP_417804.1,128,1-128,128,COG1553,COG1553,0,156.0,3.97e-50,126,1-126
b1316,GCF_000005845.2,NP_415832.1,755,1-755,755,COG1554,COG1554,0,806.0,1.0e-200,772,7-772
b0442,GCF_000005845.2,NP_414976.1,123,1-123,123,COG1555,COG1555,0,89.6,1.38e-23,149,19-149
b0308,GCF_000005845.2,NP_414842.4,231,1-231,231,COG1556,COG1556,0,220.0,1.18e-72,218,1-218
b1074,GCF_000005845.2,NP_415592.1,134,1-134,134,COG1558,COG1558,0,179.0,2.88e-59,137,1-137
b1097,GCF_000005845.2,NP_415615.1,340,1-340,340,COG1559,COG1559,0,387.0,5.58e-135,342,21-342
b1054,GCF_000005845.2,NP_415572.1,306,1-306,306,COG1560,COG1560,0,353.0,1.6e-122,308,3-307
b1855,GCF_000005845.2,NP_416369.1,323,1-323,323,COG1560,COG1560,0,318.0,1.39e-108,308,1-308
b2378,GCF_000005845.2,NP_416879.4,306,1-306,306,COG1560,COG1560,0,336.0,1.34e-115,308,1-307
b3644,GCF_000005845.2,NP_418101.1,287,1-287,287,COG1561,COG1561,0,317.0,1.04e-108,290,1-290
b0795,GCF_000005845.2,NP_415316.1,332,1-332,332,COG1566,COG1566,0,131.0,2.7e-35,352,32-345
b1644,GCF_000005845.2,NP_416161.4,285,1-285,285,COG1566,COG1566,0,256.0,3.87e-84,352,13-337
b2368,GCF_000005845.2,NP_416869.1,387,1-387,387,COG1566,COG1566,0,326.0,4.82e-110,352,2-344
b2685,GCF_000005845.2,NP_417170.1,390,1-390,390,COG1566,COG1566,0,329.0,3.32e-111,352,1-344
b3241,GCF_000005845.2,NP_417708.1,310,1-310,310,COG1566,COG1566,0,236.0,1.24e-75,352,9-345
b3487,GCF_000005845.2,NP_417944.1,355,1-277,277,COG1566,COG1566,3,107.0,5.3e-26,352,12-274
b3586,GCF_000005845.2,NP_418043.1,378,1-378,378,COG1566,COG1566,0,262.0,3.7e-85,352,8-344
b3597,GCF_000005845.2,NP_418054.1,378,1-378,378,COG1566,COG1566,0,260.0,5.23e-84,352,8-344
b4082,GCF_000005845.2,NP_418506.1,343,1-343,343,COG1566,COG1566,0,245.0,9.88e-79,352,7-335
b2509,GCF_000005845.2,NP_417004.1,456,1-456,456,COG1570,COG1570,0,566.0,1.0e-200,440,1-440
b3930,GCF_000005845.2,NP_418365.1,308,1-308,308,COG1575,COG1575,0,261.0,1.99e-86,303,2-301
b0636,GCF_000005845.2,NP_415169.1,155,1-155,155,COG1576,COG1576,0,220.0,9.97e-75,155,1-155
b1944,GCF_000005845.2,NP_416454.1,154,1-154,154,COG1580,COG1580,0,135.0,4.55e-41,159,5-159
b0010,GCF_000005845.2,NP_414551.1,188,1-188,188,COG1584,COG1584,0,232.0,3.37e-78,207,16-207
b0488,GCF_000005845.2,NP_415021.2,152,1-152,152,COG1585,COG1585,0,95.5,9.01e-26,140,19-140
b0120,GCF_000005845.2,NP_414662.1,264,1-182,182,COG1586,COG1586,1,137.0,3.97e-41,136,1-135
b3804,GCF_000005845.2,NP_418248.1,246,1-246,246,COG1587,COG1587,0,188.0,3.89e-59,248,2-241
b0093,GCF_000005845.2,NP_414635.1,276,1-276,276,COG1589,COG1589,0,199.0,6.67e-63,269,3-265
b3578,GCF_000005845.2,YP_026232.1,425,1-425,425,COG1593,COG1593,0,329.0,4.72e-110,379,3-370
b2573,GCF_000005845.2,NP_417068.1,191,1-191,191,COG1595,COG1595,0,134.0,4.68e-40,182,1-181
b4293,GCF_000005845.2,NP_418713.1,173,1-173,173,COG1595,COG1595,0,124.0,4.84e-36,182,5-171
b0983,GCF_000005845.2,NP_415503.1,379,1-286,286,COG1596,COG1596,1,205.0,2.3e-64,239,1-239
b2062,GCF_000005845.2,NP_416566.1,379,1-286,286,COG1596,COG1596,1,217.0,3.72e-69,239,1-239
b2086,GCF_000005845.2,NP_416590.1,299,1-299,299,COG1597,COG1597,0,249.0,9.54e-82,301,2-301
b1438,GCF_000005845.2,NP_415955.2,138,1-74,74,COG1598,COG1598,1,61.0,1.77e-13,73,2-72
b4166,GCF_000005845.2,NP_418587.1,379,1-379,379,COG1600,COG1600,0,406.0,9.61e-142,337,1-337
b2599,GCF_000005845.2,NP_417090.1,386,1-99,99,COG1605,COG1605,1,88.3,7.3e-22,101,4-101
b2600,GCF_000005845.2,NP_417091.1,373,1-96,96,COG1605,COG1605,1,91.8,2.92e-23,101,6-101
b1253,GCF_000005845.2,NP_415769.1,132,1-132,132,COG1607,COG1607,0,170.0,3.07e-55,157,3-131
b0080,GCF_000005845.2,NP_414622.1,334,1-334,334,COG1609,COG1609,0,245.0,2.74e-79,333,1-327
b0345,GCF_000005845.2,NP_414879.3,360,1-360,360,COG1609,COG1609,0,272.0,2.48e-89,333,1-333
b1320,GCF_000005845.2,NP_415836.1,332,1-332,332,COG1609,COG1609,0,279.0,1.01e-92,333,1-318
b1620,GCF_000005845.2,NP_416137.1,342,1-342,342,COG1609,COG1609,0,256.0,1.63e-83,333,1-324
b1658,GCF_000005845.2,NP_416175.1,341,1-341,341,COG1609,COG1609,0,362.0,4.96e-125,333,1-333
b2151,GCF_000005845.2,NP_416656.1,346,1-346,346,COG1609,COG1609,0,319.0,3.53e-108,333,1-333
b2714,GCF_000005845.2,NP_417194.2,336,1-336,336,COG1609,COG1609,0,302.0,1.0e-101,333,1-333
b2837,GCF_000005845.2,NP_417314.1,343,1-343,343,COG1609,COG1609,0,329.0,5.03e-112,333,1-333
b3075,GCF_000005845.2,NP_417546.1,327,1-327,327,COG1609,COG1609,0,225.0,1.99e-71,333,1-330
b3569,GCF_000005845.2,NP_418026.1,392,1-269,269,COG1609,COG1609,3,144.0,1.37e-39,333,64-329
b3753,GCF_000005845.2,NP_418209.1,330,1-330,330,COG1609,COG1609,0,365.0,2.62e-126,333,1-328
b3934,GCF_000005845.2,NP_418369.1,341,1-341,341,COG1609,COG1609,0,373.0,3.41e-129,333,1-333
b4241,GCF_000005845.2,NP_418662.1,315,1-315,315,COG1609,COG1609,0,234.0,2.7e-75,333,2-323
b4264,GCF_000005845.2,NP_418685.1,332,1-332,332,COG1609,COG1609,0,271.0,1.64e-89,333,1-329
b3438,GCF_000005845.2,YP_026222.1,331,1-331,331,COG1609,COG1609,0,292.0,1.27e-97,333,3-329
b2795,GCF_000005845.2,NP_417275.1,454,133-342,210,COG1611,COG1611,1,168.0,6.15e-50,205,1-197
b3917,GCF_000005845.2,NP_418352.1,329,1-329,329,COG1613,COG1613,0,522.0,1.0e-200,348,28-346
b1192,GCF_000005845.2,NP_415710.1,304,1-304,304,COG1619,COG1619,0,300.0,1.12e-101,313,10-313
b2975,GCF_000005845.2,NP_417449.1,560,1-560,560,COG1620,COG1620,0,546.0,1.0e-200,522,1-522
b3603,GCF_000005845.2,NP_418060.1,551,1-551,551,COG1620,COG1620,0,579.0,1.0e-200,522,1-522
b0432,GCF_000005845.2,NP_414966.1,315,1-315,315,COG1622,COG1622,0,252.0,1.55e-83,247,2-247
b1197,GCF_000005845.2,NP_415715.1,565,1-565,565,COG1626,COG1626,0,690.0,1.0e-200,558,14-558
b3519,GCF_000005845.2,NP_417976.1,549,1-549,549,COG1626,COG1626,0,653.0,1.0e-200,558,1-555
b0150,GCF_000005845.2,NP_414692.1,747,1-747,747,COG1629,COG1629,0,304.0,6.5e-92,768,10-744
b1451,GCF_000005845.2,NP_415968.1,700,1-700,700,COG1629,COG1629,0,198.0,8.66e-54,768,35-768
b3579,GCF_000005845.2,NP_418036.1,328,1-328,328,COG1638,COG1638,0,366.0,9.06e-127,332,2-330
b3416,GCF_000005845.2,NP_417875.1,694,131-694,564,COG1640,COG1640,1,553.0,1.0e-200,520,1-513
b0148,GCF_000005845.2,NP_414690.4,809,1-809,809,COG1643,COG1643,0,773.0,1.0e-200,845,46-845
b1413,GCF_000005845.2,NP_415931.4,1300,1-961,961,COG1643,COG1643,1,872.0,1.0e-200,845,1-845
b3368,GCF_000005845.2,NP_417827.1,457,1-211,211,COG1648,COG1648,1,226.0,3.41e-72,210,1-210
b1491,GCF_000005845.2,NP_416008.1,439,1-439,439,COG1649,COG1649,0,369.0,3.0e-125,418,30-406
b0604,GCF_000005845.2,NP_415137.2,248,1-248,248,COG1651,COG1651,0,110.0,4.17e-29,244,25-242
b2893,GCF_000005845.2,NP_417369.1,236,1-236,236,COG1651,COG1651,0,136.0,5.12e-39,244,4-244
b3860,GCF_000005845.2,NP_418297.1,208,1-208,208,COG1651,COG1651,3,44.7,2.15e-05,244,84-234
b2665,GCF_000005845.2,NP_417151.1,149,1-149,149,COG1652,COG1652,0,71.3,4.44e-15,269,53-264
b1310,GCF_000005845.2,NP_415826.1,430,1-430,430,COG1653,COG1653,0,163.0,2.21e-45,433,1-433
b3453,GCF_000005845.2,NP_417910.1,438,1-438,438,COG1653,COG1653,0,194.0,3.18e-57,433,27-433
b3973,GCF_000005845.2,NP_418404.1,321,1-81,81,COG1654,COG1654,1,96.3,1.39e-25,79,1-79
b3205,GCF_000005845.2,NP_417672.1,284,1-284,284,COG1660,COG1660,0,398.0,6.08e-141,286,1-286
b0021,GCF_000005845.2,NP_414562.1,167,1-167,167,COG1662,COG1662,1,126.0,5.25e-38,121,1-118
b0264,GCF_000005845.2,NP_414798.1,167,1-167,167,COG1662,COG1662,1,127.0,3.22e-38,121,1-118
b0274,GCF_000005845.2,NP_414808.1,167,1-167,167,COG1662,COG1662,1,127.0,3.22e-38,121,1-118
b0988,GCF_000005845.2,NP_415508.1,167,1-167,167,COG1662,COG1662,1,127.0,2.95e-38,121,1-118
b1893,GCF_000005845.2,NP_416407.1,167,1-167,167,COG1662,COG1662,1,126.0,5.25e-38,121,1-118
b3445,GCF_000005845.2,NP_417902.1,167,1-167,167,COG1662,COG1662,1,126.0,5.25e-38,121,1-118
b4710,GCF_000005845.2,YP_009518739.1,167,1-167,167,COG1662,COG1662,1,126.0,5.25e-38,121,1-118
b0915,GCF_000005845.2,NP_415435.1,328,1-328,328,COG1663,COG1663,0,387.0,6.72e-135,336,4-328
b0426,GCF_000005845.2,NP_414960.2,163,1-163,163,COG1666,COG1666,0,234.0,3.5e-80,165,4-165
b1066,GCF_000005845.2,NP_415584.1,194,1-194,194,COG1670,COG1670,0,121.0,8.22e-35,187,4-186
b1427,GCF_000005845.2,NP_415944.1,179,1-179,179,COG1670,COG1670,0,106.0,7.45e-29,187,6-180
b1584,GCF_000005845.2,NP_416101.1,186,1-186,186,COG1670,COG1670,0,108.0,8.3e-30,187,12-187
b2584,GCF_000005845.2,NP_417079.1,886,717-886,170,COG1670,COG1670,1,59.9,1.41e-10,187,8-164
b3441,GCF_000005845.2,NP_417898.1,162,1-162,162,COG1670,COG1670,0,82.7,5.5e-20,187,9-179
b0387,GCF_000005845.2,NP_414921.2,152,1-152,152,COG1671,COG1671,0,199.0,1.9e-66,150,2-150
b0890,GCF_000005845.2,NP_415410.1,1329,1-379=832-1329,877,COG1674,COG1674,1,586.5,3.17e-161,858,9-374=375-857
b1937,GCF_000005845.2,NP_416447.1,104,1-104,104,COG1677,COG1677,0,88.6,3.55e-24,105,1-105
b2948,GCF_000005845.2,NP_417423.4,187,1-187,187,COG1678,COG1678,0,246.0,1.1e-83,194,11-194
b0376,GCF_000005845.2,NP_414910.1,385,1-385,385,COG1680,COG1680,0,178.0,4.25e-52,390,3-375
b2430,GCF_000005845.2,NP_416925.2,434,1-434,434,COG1680,COG1680,0,198.0,2.94e-59,390,1-390
b4150,GCF_000005845.2,NP_418574.1,377,1-377,377,COG1680,COG1680,0,178.0,3.16e-52,390,18-380
b1950,GCF_000005845.2,NP_416460.1,261,1-261,261,COG1684,COG1684,0,228.0,9.33e-75,258,1-255
b0632,GCF_000005845.2,NP_415165.1,403,1-403,403,COG1686,COG1686,0,419.0,1.68e-145,389,1-389
b0839,GCF_000005845.2,NP_415360.1,400,1-400,400,COG1686,COG1686,0,433.0,3.55e-151,389,5-389
b2010,GCF_000005845.2,NP_416514.4,388,1-388,388,COG1686,COG1686,0,420.0,2.09e-146,389,4-385
b2134,GCF_000005845.2,NP_416638.4,310,1-310,310,COG1686,COG1686,2,244.0,2.81e-78,389,1-292
b3421,GCF_000005845.2,NP_417879.1,408,1-408,408,COG1690,COG1690,0,366.0,3.68e-124,432,6-432
b3071,GCF_000005845.2,NP_417542.1,207,1-207,207,COG1695,COG1695,1,97.0,8.25e-26,138,7-138
b0660,GCF_000005845.2,NP_415193.2,346,1-346,346,COG1702,COG1702,0,422.0,3.41e-148,348,9-348
b1020,GCF_000005845.2,NP_415539.1,354,1-354,354,COG1702,COG1702,0,342.0,7.21e-117,348,1-329
b2918,GCF_000005845.2,NP_417393.1,331,1-331,331,COG1703,COG1703,0,377.0,3.89e-131,323,1-323
b1080,GCF_000005845.2,NP_415598.3,365,1-365,365,COG1706,COG1706,0,428.0,2.58e-150,365,2-365
b4351,GCF_000005845.2,NP_418771.1,304,1-304,304,COG1715,COG1715,0,344.0,4.46e-119,308,1-306
b0195,GCF_000005845.2,NP_414737.1,235,1-163,163,COG1720,COG1720,1,197.0,1.31e-64,156,4-153
b0422,GCF_000005845.2,NP_414956.1,80,1-80,80,COG1722,COG1722,2,78.2,1.14e-20,81,11-70
b4357,GCF_000005845.2,YP_026290.1,304,1-71,71,COG1725,COG1725,3,38.8,4.04e-04,125,16-80
b0742,GCF_000005845.2,NP_415270.1,263,1-263,263,COG1729,COG1729,0,218.0,1.3e-70,262,1-260
b2131,GCF_000005845.2,NP_416635.1,305,1-305,305,COG1732,COG1732,0,321.0,5.14e-110,300,5-300
b4212,GCF_000005845.2,NP_418633.4,126,1-126,126,COG1733,COG1733,0,117.0,4.83e-35,120,5-115
b0145,GCF_000005845.2,NP_414687.1,151,1-151,151,COG1734,COG1734,0,125.0,7.37e-38,120,1-117
b0803,GCF_000005845.2,NP_415324.1,88,1-88,88,COG1734,COG1734,2,64.1,1.68e-14,120,36-120
b3379,GCF_000005845.2,NP_417838.1,292,1-292,292,COG1735,COG1735,0,335.0,1.6e-115,316,11-313
b1853,GCF_000005845.2,NP_416367.1,289,1-289,289,COG1737,COG1737,0,256.0,5.32e-85,281,3-281
b2427,GCF_000005845.2,NP_416922.1,285,1-285,285,COG1737,COG1737,0,205.0,5.2e-65,281,3-280
b2561,GCF_000005845.2,NP_417056.2,282,1-282,282,COG1737,COG1737,0,223.0,4.45e-72,281,3-279
b4089,GCF_000005845.2,NP_418513.4,296,1-296,296,COG1737,COG1737,0,212.0,8.31e-68,281,5-279
b3471,GCF_000005845.2,NP_417928.1,221,1-221,221,COG1738,COG1738,0,157.0,8.47e-48,233,16-233
b3848,GCF_000005845.2,NP_418290.4,204,1-204,204,COG1739,COG1739,0,176.0,7.91e-56,203,1-203
b0972,GCF_000005845.2,NP_415491.1,372,1-372,372,COG1740,COG1740,0,490.0,7.17e-175,355,1-355
b2997,GCF_000005845.2,NP_417471.1,372,1-372,372,COG1740,COG1740,0,400.0,2.93e-139,355,1-355
b3106,GCF_000005845.2,NP_417577.1,233,1-233,233,COG1741,COG1741,0,177.0,6.82e-55,276,1-244
b3439,GCF_000005845.2,NP_417896.1,231,1-231,231,COG1741,COG1741,0,222.0,2.26e-72,276,1-245
b1582,GCF_000005845.2,NP_416099.1,108,1-108,108,COG1742,COG1742,0,108.0,8.52e-32,109,1-105
b1076,GCF_000005845.2,NP_415594.1,402,1-402,402,COG1749,COG1749,0,359.0,1.48e-121,423,4-422
b1234,GCF_000005845.2,NP_415750.2,301,1-301,301,COG1752,COG1752,0,202.0,5.0e-63,306,7-288
b3649,GCF_000005845.2,NP_418106.1,91,1-91,91,COG1758,COG1758,1,66.2,4.72e-16,74,1-65
b1814,GCF_000005845.2,NP_416328.1,454,1-80,80,COG1760,COG1760,3,45.4,3.03e-05,262,35-113
b1814,GCF_000005845.2,NP_416328.1,454,169-454,286,COG1760,COG1760,1,314.0,8.25e-106,262,1-262
b2797,GCF_000005845.2,NP_417277.1,455,1-80,80,COG1760,COG1760,3,46.5,1.16e-05,262,35-113
b2797,GCF_000005845.2,NP_417277.1,455,169-455,287,COG1760,COG1760,1,304.0,5.55e-102,262,1-262
b4471,GCF_000005845.2,YP_026204.1,454,1-80,80,COG1760,COG1760,3,43.4,1.09e-04,262,35-113
b4471,GCF_000005845.2,YP_026204.1,454,170-454,285,COG1760,COG1760,1,314.0,1.19e-105,262,2-262
b0731,GCF_000005845.2,NP_415259.1,658,1-177,177,COG1762,COG1762,1,121.0,1.42e-32,152,2-149
b2094,GCF_000005845.2,NP_416597.1,150,1-150,150,COG1762,COG1762,0,85.9,8.77e-22,152,6-152
b2383,GCF_000005845.2,NP_416884.1,831,683-831,149,COG1762,COG1762,1,118.0,2.05e-31,152,1-150
b2934,GCF_000005845.2,NP_417409.1,147,1-147,147,COG1762,COG1762,0,81.2,3.62e-20,152,1-148
b3204,GCF_000005845.2,NP_417671.1,163,1-163,163,COG1762,COG1762,0,125.0,4.47e-37,152,1-152
b3897,GCF_000005845.2,NP_418333.1,582,446-582,137,COG1762,COG1762,1,78.9,1.34e-17,152,9-146
b3900,GCF_000005845.2,NP_418336.1,148,1-148,148,COG1762,COG1762,0,104.0,2.66e-29,152,6-152
b4195,GCF_000005845.2,NP_418616.1,154,1-154,154,COG1762,COG1762,0,112.0,2.28e-32,152,3-151
b4302,GCF_000005845.2,NP_418722.1,143,1-143,143,COG1762,COG1762,0,100.0,1.61e-27,152,10-148
b3947,GCF_000005845.2,YP_026278.1,833,686-833,148,COG1762,COG1762,1,113.0,1.14e-29,152,5-151
b3856,GCF_000005845.2,NP_418293.2,175,1-175,175,COG1763,COG1763,0,168.0,7.94e-54,161,1-161
b1482,GCF_000005845.2,NP_415999.1,143,1-143,143,COG1764,COG1764,0,117.0,1.64e-34,143,1-143
b3356,GCF_000005845.2,NP_417815.1,134,1-134,134,COG1765,COG1765,0,148.0,7.14e-47,137,2-136
b1938,GCF_000005845.2,NP_416448.1,552,1-552,552,COG1766,COG1766,0,504.0,1.7e-174,545,14-545
b0613,GCF_000005845.2,NP_415146.1,292,1-292,292,COG1767,COG1767,0,269.0,5.94e-90,288,7-283
b1845,GCF_000005845.2,NP_416359.1,686,1-686,686,COG1770,COG1770,0,936.0,1.0e-200,682,7-682
b2710,GCF_000005845.2,NP_417190.1,479,407-479,73,COG1773,COG1773,1,86.5,5.53e-22,55,2-55
b4335,GCF_000005845.2,NP_418755.4,383,1-383,383,COG1775,COG1775,0,398.0,8.81e-138,379,3-378
b3198,GCF_000005845.2,NP_417665.1,188,1-188,188,COG1778,COG1778,0,234.0,2.57e-79,170,1-167
b2674,GCF_000005845.2,NP_417160.1,136,1-136,136,COG1780,COG1780,0,213.0,2.04e-72,141,1-136
b4244,GCF_000005845.2,NP_418665.1,153,1-153,153,COG1781,COG1781,0,203.0,4.28e-68,153,1-153
b0383,GCF_000005845.2,NP_414917.2,471,1-471,471,COG1785,COG1785,0,423.0,1.01e-144,482,1-480
b2221,GCF_000005845.2,NP_416725.1,220,1-220,220,COG1788,COG1788,0,275.0,2.27e-94,220,1-220
b3250,GCF_000005845.2,NP_417716.1,367,1-285,285,COG1792,COG1792,1,227.0,2.26e-72,284,1-258
b2840,GCF_000005845.2,NP_417317.1,230,1-230,230,COG1794,COG1794,0,306.0,1.85e-106,230,1-229
b1868,GCF_000005845.2,NP_416382.1,272,1-272,272,COG1801,COG1801,0,205.0,1.87e-65,263,2-263
b1450,GCF_000005845.2,NP_415967.2,221,1-221,221,COG1802,COG1802,0,147.0,4.11e-44,230,6-224
b1540,GCF_000005845.2,NP_416058.1,228,1-228,228,COG1802,COG1802,0,169.0,2.13e-52,230,5-230
b2664,GCF_000005845.2,NP_417150.4,220,1-220,220,COG1802,COG1802,0,137.0,8.2e-40,230,22-225
b4357,GCF_000005845.2,YP_026290.1,304,72-304,233,COG1802,COG1802,1,117.0,2.51e-31,230,10-230
b0963,GCF_000005845.2,NP_415483.2,152,1-152,152,COG1803,COG1803,0,230.0,7.64e-79,142,1-142
b0038,GCF_000005845.2,NP_414580.1,405,1-405,405,COG1804,COG1804,0,333.0,5.55e-112,396,1-394
b2371,GCF_000005845.2,NP_416872.4,381,1-381,381,COG1804,COG1804,0,435.0,4.21e-152,396,1-380
b2374,GCF_000005845.2,NP_416875.1,416,1-416,416,COG1804,COG1804,0,367.0,7.87e-125,396,4-396
b1703,GCF_000005845.2,NP_416218.1,277,1-277,277,COG1806,COG1806,0,330.0,2.57e-114,273,4-273
b2257,GCF_000005845.2,NP_416760.1,550,1-550,550,COG1807,COG1807,0,285.0,2.19e-89,535,1-535
b2966,GCF_000005845.2,NP_417441.1,235,1-235,235,COG1811,COG1811,0,174.0,3.26e-54,228,1-227
b1073,GCF_000005845.2,NP_415591.1,138,1-138,138,COG1815,COG1815,0,134.0,1.43e-41,133,1-133
b1623,GCF_000005845.2,NP_416140.1,333,1-333,333,COG1816,COG1816,0,339.0,9.21e-116,345,6-340
b0677,GCF_000005845.2,NP_415203.1,382,1-382,382,COG1820,COG1820,0,440.0,1.14e-154,380,1-380
b4328,GCF_000005845.2,NP_418748.1,390,1-125=309-390,207,COG1820,COG1820,3,96.5,1.21e-07,380,21-112=311-377
b1729,GCF_000005845.2,NP_416243.1,463,1-463,463,COG1823,COG1823,0,692.0,1.0e-200,458,2-458
b2185,GCF_000005845.2,NP_416690.1,94,1-94,94,COG1825,COG1825,0,102.0,8.91e-30,93,1-92
b0627,GCF_000005845.2,NP_415160.1,67,1-67,67,COG1826,COG1826,2,35.7,6.61e-04,94,1-52
b3836,GCF_000005845.2,NP_418280.4,89,1-89,89,COG1826,COG1826,0,63.4,1.29e-14,94,1-94
b3838,GCF_000005845.2,YP_026270.1,171,1-102,102,COG1826,COG1826,1,73.2,1.19e-17,94,1-85
b1517,GCF_000005845.2,NP_416034.1,291,1-291,291,COG1830,COG1830,0,270.0,1.16e-90,265,1-265
b2097,GCF_000005845.2,NP_416600.4,350,1-350,350,COG1830,COG1830,0,222.0,2.85e-71,265,1-265
b0965,GCF_000005845.2,NP_415485.4,137,1-137,137,COG1832,COG1832,0,197.0,2.68e-66,140,4-140
b1612,GCF_000005845.2,NP_416129.1,548,351-548,198,COG1838,COG1838,1,241.0,2.29e-77,184,1-177
b3062,GCF_000005845.2,NP_417534.1,201,1-201,201,COG1838,COG1838,0,212.0,1.72e-70,184,1-178
b4122,GCF_000005845.2,NP_418546.1,548,352-548,197,COG1838,COG1838,1,239.0,1.23e-76,184,1-180
b3302,GCF_000005845.2,NP_417761.1,59,1-59,59,COG1841,COG1841,0,66.0,1.29e-16,55,1-55
b1304,GCF_000005845.2,NP_415820.1,222,1-222,222,COG1842,COG1842,0,167.0,5.45e-52,225,1-221
b4182,GCF_000005845.2,NP_418603.1,232,1-232,232,COG1842,COG1842,0,87.2,1.2e-20,225,1-225
b1075,GCF_000005845.2,NP_415593.1,231,1-231,231,COG1843,COG1843,0,193.0,8.27e-62,222,31-221
b0430,GCF_000005845.2,NP_414964.1,204,1-204,204,COG1845,COG1845,0,188.0,1.73e-60,209,16-209
b1530,GCF_000005845.2,NP_416047.4,144,1-144,144,COG1846,COG1846,0,76.9,8.49e-19,126,8-124
b1642,GCF_000005845.2,NP_416159.2,144,1-144,144,COG1846,COG1846,0,63.0,1.88e-13,126,5-123
b2684,GCF_000005845.2,NP_417169.1,176,1-176,176,COG1846,COG1846,0,68.9,1.78e-15,126,4-126
b1007,GCF_000005845.2,NP_415527.4,164,1-164,164,COG1853,COG1853,0,143.0,4.9e-44,176,1-166
b1462,GCF_000005845.2,NP_415979.2,189,1-189,189,COG1853,COG1853,0,113.0,7.52e-32,176,1-176
b2687,GCF_000005845.2,NP_417172.1,171,1-171,171,COG1854,COG1854,0,253.0,1.83e-87,161,1-161
b3518,GCF_000005845.2,NP_417975.1,465,125-465,341,COG1858,COG1858,1,396.0,4.72e-136,364,1-358
b4331,GCF_000005845.2,NP_418751.4,184,1-184,184,COG1859,COG1859,0,215.0,1.83e-71,211,24-205
b0407,GCF_000005845.2,NP_414941.1,110,1-110,110,COG1862,COG1862,0,102.0,8.34e-30,97,1-97
b3403,GCF_000005845.2,NP_417862.1,540,1-540,540,COG1866,COG1866,0,835.0,1.0e-200,529,1-529
b1945,GCF_000005845.2,NP_416455.1,334,1-334,334,COG1868,COG1868,0,345.0,1.95e-118,332,1-332
b3748,GCF_000005845.2,NP_418204.2,139,1-139,139,COG1869,COG1869,0,202.0,4.11e-68,135,1-135
b2953,GCF_000005845.2,NP_417428.2,96,1-96,96,COG1872,COG1872,0,106.0,2.1e-31,102,3-102
b1897,GCF_000005845.2,NP_416411.1,266,1-266,266,COG1877,COG1877,0,257.0,6.76e-86,266,5-265
b0994,GCF_000005845.2,NP_415514.1,342,1-342,342,COG1879,COG1879,0,124.0,7.14e-33,322,24-313
b1516,GCF_000005845.2,NP_416033.1,340,1-340,340,COG1879,COG1879,0,166.0,8.28e-49,322,4-321
b1901,GCF_000005845.2,NP_416414.1,329,1-329,329,COG1879,COG1879,0,140.0,7.09e-39,322,13-322
b2150,GCF_000005845.2,NP_416655.1,332,1-332,332,COG1879,COG1879,0,171.0,9.61e-51,322,14-318
b2548,GCF_000005845.2,NP_417043.1,327,1-327,327,COG1879,COG1879,0,155.0,9.71e-45,322,1-322
b3751,GCF_000005845.2,NP_418207.1,296,1-296,296,COG1879,COG1879,0,229.0,7.79e-74,322,1-309
b4088,GCF_000005845.2,NP_418512.1,311,1-311,311,COG1879,COG1879,0,195.0,4.99e-60,322,11-308
b4227,GCF_000005845.2,NP_418648.1,318,1-318,318,COG1879,COG1879,0,184.0,6.12e-56,322,33-320
b0545,GCF_000005845.2,NP_415077.1,183,1-183,183,COG1881,COG1881,0,185.0,4.08e-60,174,1-174
b0773,GCF_000005845.2,NP_415294.1,158,1-158,158,COG1881,COG1881,0,177.0,2.29e-57,174,23-172
b0823,GCF_000005845.2,NP_415344.1,810,1-810,810,COG1882,COG1882,0,787.0,1.0e-200,755,1-755
b0903,GCF_000005845.2,NP_415423.1,760,1-760,760,COG1882,COG1882,0,1055.0,1.0e-200,755,2-754
b3951,GCF_000005845.2,NP_418386.1,765,1-765,765,COG1882,COG1882,0,719.0,1.0e-200,755,2-755
b3114,GCF_000005845.2,YP_026205.1,764,1-764,764,COG1882,COG1882,0,1021.0,1.0e-200,755,1-755
b2917,GCF_000005845.2,NP_417392.1,714,1-559,559,COG1884,COG1884,1,701.0,1.0e-200,548,3-547
b1946,GCF_000005845.2,NP_416456.1,137,1-137,137,COG1886,COG1886,0,105.0,8.21e-30,136,23-136
b0425,GCF_000005845.2,NP_414959.1,303,1-303,303,COG1893,COG1893,0,263.0,4.24e-87,307,1-307
b2284,GCF_000005845.2,NP_416787.1,445,1-445,445,COG1894,COG1894,0,647.0,1.0e-200,424,12-422
b2291,GCF_000005845.2,NP_416794.1,199,1-199,199,COG1896,COG1896,0,154.0,1.56e-47,193,3-193
b2361,GCF_000005845.2,NP_416862.2,178,1-178,178,COG1896,COG1896,0,96.5,3.99e-25,193,3-190
b4013,GCF_000005845.2,NP_418437.1,309,1-309,309,COG1897,COG1897,0,482.0,2.61e-173,307,1-307
b2038,GCF_000005845.2,NP_416542.1,185,1-185,185,COG1898,COG1898,0,220.0,8.25e-74,173,1-173
b1650,GCF_000005845.2,NP_416167.1,365,1-365,365,COG1902,COG1902,0,341.0,4.45e-116,363,1-358
b3081,GCF_000005845.2,NP_417552.1,672,1-370,370,COG1902,COG1902,1,388.0,2.52e-130,363,1-363
b3092,GCF_000005845.2,NP_417563.1,470,1-470,470,COG1904,COG1904,0,682.0,1.0e-200,463,1-463
b2285,GCF_000005845.2,NP_416788.1,166,1-166,166,COG1905,COG1905,0,207.0,3.54e-69,160,1-157
b2392,GCF_000005845.2,NP_416893.1,412,1-412,412,COG1914,COG1914,0,343.0,2.9e-115,416,1-415
b1299,GCF_000005845.2,NP_415815.1,185,95-185,91,COG1917,COG1917,3,47.4,4.02e-07,131,33-118
b1696,GCF_000005845.2,NP_416211.1,303,1-89,89,COG1917,COG1917,3,46.2,1.33e-06,131,40-110
b3906,GCF_000005845.2,NP_418342.2,282,1-81,81,COG1917,COG1917,3,43.5,1.16e-05,131,52-107
b3408,GCF_000005845.2,NP_417867.1,75,1-75,75,COG1918,COG1918,0,74.6,1.99e-19,75,2-75
b3591,GCF_000005845.2,NP_418048.1,463,62-463,402,COG1921,COG1921,1,385.0,3.19e-131,395,19-389
b3794,GCF_000005845.2,NP_418242.1,246,1-246,246,COG1922,COG1922,0,264.0,3.4e-89,253,1-230
b4172,GCF_000005845.2,NP_418593.1,102,1-102,102,COG1923,COG1923,1,121.0,1.17e-37,77,1-73
b4334,GCF_000005845.2,NP_418754.2,255,1-255,255,COG1924,COG1924,2,280.0,4.63e-93,396,134-395
b1198,GCF_000005845.2,NP_415716.4,472,144-243,100,COG1925,COG1925,1,89.9,1.58e-22,88,1-87
b2169,GCF_000005845.2,NP_416674.1,376,285-376,92,COG1925,COG1925,1,101.0,7.5e-27,88,2-87
b2383,GCF_000005845.2,NP_416884.1,831,1-101,101,COG1925,COG1925,1,89.9,1.67e-22,88,1-88
b2415,GCF_000005845.2,NP_416910.1,85,1-85,85,COG1925,COG1925,0,105.0,2.74e-31,88,1-83
b3206,GCF_000005845.2,NP_417673.1,90,1-90,90,COG1925,COG1925,0,86.5,1.0e-23,88,1-88
b3947,GCF_000005845.2,YP_026278.1,833,1-102,102,COG1925,COG1925,1,84.5,1.22e-20,88,1-88
b0514,GCF_000005845.2,NP_415047.1,381,1-381,381,COG1929,COG1929,0,474.0,9.86e-168,378,1-377
b3124,GCF_000005845.2,NP_417593.4,381,1-381,381,COG1929,COG1929,0,488.0,3.72e-173,378,1-376
b0907,GCF_000005845.2,NP_415427.1,362,1-362,362,COG1932,COG1932,0,520.0,1.0e-200,365,3-365
b3200,GCF_000005845.2,NP_417667.1,185,1-185,185,COG1934,COG1934,0,181.0,1.6e-58,173,1-171
b0357,GCF_000005845.2,NP_414891.4,91,1-91,91,COG1937,COG1937,0,89.0,1.13e-24,89,1-89
b2105,GCF_000005845.2,NP_416608.1,90,1-90,90,COG1937,COG1937,0,86.5,8.91e-24,89,1-89
b0394,GCF_000005845.2,NP_414928.2,302,1-302,302,COG1940,COG1940,0,203.0,9.15e-64,314,7-308
b0676,GCF_000005845.2,NP_415202.1,406,81-406,326,COG1940,COG1940,1,205.0,4.08e-63,314,1-314
b1119,GCF_000005845.2,NP_415637.1,303,1-303,303,COG1940,COG1940,0,213.0,1.27e-67,314,7-306
b1594,GCF_000005845.2,NP_416111.1,406,80-406,327,COG1940,COG1940,1,191.0,1.36e-57,314,1-303
b2550,GCF_000005845.2,NP_417045.4,397,76-397,322,COG1940,COG1940,1,155.0,3.68e-44,314,1-313
b3222,GCF_000005845.2,NP_417689.4,291,1-291,291,COG1940,COG1940,0,148.0,1.57e-42,314,6-255
b4084,GCF_000005845.2,NP_418508.1,309,1-309,309,COG1940,COG1940,0,163.0,6.85e-48,314,1-314
b1461,GCF_000005845.2,NP_415978.1,77,1-77,77,COG1942,COG1942,0,65.9,3.58e-16,69,1-69
b0228,GCF_000005845.2,NP_414763.1,165,1-165,165,COG1943,COG1943,0,114.0,3.84e-33,136,1-136
b0905,GCF_000005845.2,NP_415425.4,586,1-420,420,COG1944,COG1944,1,395.0,1.31e-133,398,4-396
b0452,GCF_000005845.2,NP_414986.1,286,1-286,286,COG1946,COG1946,0,393.0,9.0e-139,289,1-286
b1208,GCF_000005845.2,NP_415726.1,283,1-283,283,COG1947,COG1947,0,313.0,1.6e-107,289,2-288
b4162,GCF_000005845.2,NP_418586.4,181,1-181,181,COG1949,COG1949,0,314.0,7.01e-111,184,1-180
b1612,GCF_000005845.2,NP_416129.1,548,1-350,350,COG1951,COG1951,1,349.0,9.42e-118,297,1-297
b3061,GCF_000005845.2,NP_417533.1,303,1-303,303,COG1951,COG1951,0,314.0,3.43e-107,297,1-297
b4122,GCF_000005845.2,NP_418546.1,548,1-351,351,COG1951,COG1951,1,357.0,5.85e-121,297,2-297
b3609,GCF_000005845.2,NP_418066.1,155,1-155,155,COG1952,COG1952,0,210.0,1.09e-70,157,5-157
b0511,GCF_000005845.2,NP_415044.4,484,1-484,484,COG1953,COG1953,0,417.0,6.64e-142,497,15-496
b2768,GCF_000005845.2,NP_417248.1,191,1-191,191,COG1954,COG1954,0,220.0,1.28e-73,181,1-181
b1832,GCF_000005845.2,NP_416346.4,165,1-165,165,COG1956,COG1956,0,222.0,4.52e-75,163,10-163
b0030,GCF_000005845.2,NP_414571.1,304,1-304,304,COG1957,COG1957,0,334.0,4.05e-115,311,1-308
b0651,GCF_000005845.2,NP_415184.1,311,1-311,311,COG1957,COG1957,0,390.0,1.06e-136,311,1-311
b2162,GCF_000005845.2,NP_416667.1,313,1-313,313,COG1957,COG1957,0,371.0,1.83e-129,311,1-310
b2531,GCF_000005845.2,NP_417026.1,162,1-162,162,COG1959,COG1959,0,144.0,1.39e-44,150,1-141
b4178,GCF_000005845.2,NP_418599.1,141,1-141,141,COG1959,COG1959,0,137.0,5.31e-42,150,1-144
b0039,GCF_000005845.2,NP_414581.1,380,1-380,380,COG1960,COG1960,0,274.0,3.82e-89,393,1-391
b0221,GCF_000005845.2,NP_414756.2,814,109-518,410,COG1960,COG1960,1,174.0,5.7e-48,393,9-379
b1695,GCF_000005845.2,NP_416210.4,383,1-383,383,COG1960,COG1960,0,297.0,8.15e-98,393,1-390
b4187,GCF_000005845.2,NP_418608.6,541,1-446,446,COG1960,COG1960,1,214.0,3.93e-64,393,23-393
b0278,GCF_000005845.2,NP_414812.1,232,1-232,232,COG1961,COG1961,0,49.6,4.3e-07,222,1-203
b0544,GCF_000005845.2,NP_415076.1,508,1-250,250,COG1961,COG1961,1,83.5,2.05e-18,222,1-222
b1158,GCF_000005845.2,NP_415676.1,184,1-184,184,COG1961,COG1961,0,155.0,1.23e-47,222,4-196
b1374,GCF_000005845.2,NP_415892.1,196,1-196,196,COG1961,COG1961,0,134.0,3.42e-39,222,2-204
b1545,GCF_000005845.2,NP_416063.1,196,1-196,196,COG1961,COG1961,0,134.0,3.11e-39,222,2-204
b3807,GCF_000005845.2,NP_418251.1,106,1-106,106,COG1965,COG1965,0,140.0,9.66e-45,106,1-105
b0598,GCF_000005845.2,NP_415130.1,701,1-701,701,COG1966,COG1966,0,531.0,1.0e-200,575,1-574
b4354,GCF_000005845.2,NP_418774.2,716,1-716,716,COG1966,COG1966,0,506.0,2.43e-172,575,1-574
b3057,GCF_000005845.2,NP_417529.1,273,1-273,273,COG1968,COG1968,0,296.0,3.0e-101,270,2-268
b0974,GCF_000005845.2,NP_415493.1,235,1-235,235,COG1969,COG1969,0,334.0,1.87e-117,227,1-227
b3291,GCF_000005845.2,NP_417749.1,136,1-136,136,COG1970,COG1970,0,174.0,5.45e-57,130,1-130
b1821,GCF_000005845.2,NP_416335.4,188,1-188,188,COG1971,COG1971,0,202.0,1.34e-66,190,1-187
b2161,GCF_000005845.2,NP_416666.1,416,1-416,416,COG1972,COG1972,0,436.0,6.53e-152,404,1-404
b2164,GCF_000005845.2,NP_416669.1,416,1-416,416,COG1972,COG1972,0,426.0,5.95e-148,404,1-404
b2393,GCF_000005845.2,NP_416894.1,400,1-400,400,COG1972,COG1972,0,361.0,1.22e-122,404,2-403
b1145,GCF_000005845.2,NP_415663.1,224,1-224,224,COG1974,COG1974,0,138.0,1.12e-40,201,1-201
b1183,GCF_000005845.2,NP_415701.1,139,1-139,139,COG1974,COG1974,2,128.0,8.73e-38,201,66-201
b4043,GCF_000005845.2,NP_418467.1,202,1-202,202,COG1974,COG1974,0,214.0,5.36e-71,201,1-199
b0283,GCF_000005845.2,NP_414817.1,318,1-318,318,COG1975,COG1975,0,190.0,1.45e-58,278,1-263
b2875,GCF_000005845.2,NP_417351.1,541,1-272,272,COG1975,COG1975,1,219.0,1.67e-67,278,1-278
b0784,GCF_000005845.2,NP_415305.1,81,1-81,81,COG1977,COG1977,0,87.0,4.01e-24,84,1-84
b3011,GCF_000005845.2,NP_417484.1,387,1-387,387,COG1979,COG1979,0,597.0,1.0e-200,384,1-384
b0186,GCF_000005845.2,NP_414728.1,713,121-713,593,COG1982,COG1982,1,609.0,1.0e-200,557,1-550
b0693,GCF_000005845.2,NP_415220.1,732,100-732,633,COG1982,COG1982,1,627.0,1.0e-200,557,1-557
b2965,GCF_000005845.2,NP_417440.4,711,92-711,620,COG1982,COG1982,1,649.0,1.0e-200,557,1-557
b4117,GCF_000005845.2,NP_418541.2,755,131-755,625,COG1982,COG1982,1,573.0,1.0e-200,557,1-557
b4131,GCF_000005845.2,NP_418555.1,715,121-715,595,COG1982,COG1982,1,601.0,1.0e-200,557,1-550
b1306,GCF_000005845.2,NP_415822.1,119,1-119,119,COG1983,COG1983,1,72.3,3.97e-18,70,1-70
b0712,GCF_000005845.2,NP_415240.1,310,1-310,310,COG1984,COG1984,0,425.0,8.28e-151,314,1-314
b0414,GCF_000005845.2,NP_414948.1,367,144-367,224,COG1985,COG1985,1,217.0,1.04e-69,218,1-214
b4394,GCF_000005845.2,NP_418811.2,170,1-170,170,COG1986,COG1986,0,191.0,1.0e-62,175,1-172
b1949,GCF_000005845.2,NP_416459.1,89,1-89,89,COG1987,COG1987,0,80.9,1.31e-21,89,1-89
b0527,GCF_000005845.2,NP_415060.1,173,1-173,173,COG1988,COG1988,0,67.7,3.58e-14,190,1-179
b1728,GCF_000005845.2,NP_416242.6,196,1-196,196,COG1988,COG1988,0,101.0,9.66e-27,190,1-190
b2972,GCF_000005845.2,NP_417446.4,269,1-269,269,COG1989,COG1989,0,161.0,1.65e-48,254,11-244
b3335,GCF_000005845.2,NP_417794.1,225,1-225,225,COG1989,COG1989,0,102.0,4.21e-26,254,6-239
b0052,GCF_000005845.2,NP_414594.1,329,1-329,329,COG1995,COG1995,0,429.0,2.0e-151,332,2-330
b0081,GCF_000005845.2,NP_414623.1,152,1-152,152,COG2001,COG2001,0,181.0,1.64e-59,146,1-146
b3129,GCF_000005845.2,NP_417598.1,111,1-111,111,COG2002,COG2002,0,48.4,1.25e-08,89,1-89
b0247,GCF_000005845.2,NP_414781.1,158,1-158,158,COG2003,COG2003,2,169.0,1.65e-53,224,65-224
b2002,GCF_000005845.2,NP_416506.1,148,1-148,148,COG2003,COG2003,2,167.0,6.71e-53,224,78-224
b2644,GCF_000005845.2,NP_417131.1,160,1-160,160,COG2003,COG2003,2,167.0,1.53e-52,224,65-224
b3638,GCF_000005845.2,NP_418095.4,222,1-222,222,COG2003,COG2003,0,271.0,1.75e-92,224,3-224
b0761,GCF_000005845.2,NP_415282.1,262,1-128,128,COG2005,COG2005,1,126.0,8.96e-37,130,1-130
b0870,GCF_000005845.2,NP_415391.1,333,1-333,333,COG2008,COG2008,0,370.0,2.85e-128,342,1-342
b0721,GCF_000005845.2,NP_415249.1,129,1-129,129,COG2009,COG2009,0,94.4,1.13e-25,132,1-127
b0198,GCF_000005845.2,NP_414740.1,217,1-217,217,COG2011,COG2011,0,223.0,5.7e-74,222,6-222
b4083,GCF_000005845.2,NP_418507.2,661,1-661,661,COG2015,COG2015,0,1004.0,1.0e-200,655,1-655
b0756,GCF_000005845.2,NP_415277.1,346,1-346,346,COG2017,COG2017,0,251.0,6.87e-82,308,6-305
b2544,GCF_000005845.2,NP_417039.1,290,1-290,290,COG2017,COG2017,0,198.0,1.32e-61,308,14-307
b3879,GCF_000005845.2,NP_418315.3,308,1-308,308,COG2017,COG2017,0,188.0,1.45e-57,308,1-304
b3991,GCF_000005845.2,NP_418418.2,256,1-256,256,COG2022,COG2022,0,371.0,5.8e-131,262,7-262
b0042,GCF_000005845.2,NP_414584.1,313,1-313,313,COG2025,COG2025,0,284.0,5.17e-95,313,1-312
b1698,GCF_000005845.2,NP_416213.1,312,1-312,312,COG2025,COG2025,0,294.0,4.79e-99,313,2-312
b2769,GCF_000005845.2,NP_417249.4,286,1-286,286,COG2025,COG2025,0,229.0,4.36e-74,313,30-313
b1563,GCF_000005845.2,NP_416081.1,95,1-95,95,COG2026,COG2026,0,67.4,4.27e-16,90,1-88
b3182,GCF_000005845.2,NP_417649.1,477,1-477,477,COG2027,COG2027,0,491.0,1.28e-171,470,1-470
b1387,GCF_000005845.2,NP_415905.1,681,507-681,175,COG2030,COG2030,1,126.0,3.92e-34,159,2-157
b2223,GCF_000005845.2,NP_416727.1,440,1-440,440,COG2031,COG2031,0,503.0,3.53e-177,446,1-445
b1646,GCF_000005845.2,NP_416163.1,173,1-173,173,COG2032,COG2032,0,190.0,3.28e-62,179,2-179
b1991,GCF_000005845.2,NP_416495.1,359,1-359,359,COG2038,COG2038,0,293.0,2.38e-97,347,1-336
b0261,GCF_000005845.2,NP_414795.1,310,1-310,310,COG2040,COG2040,0,339.0,4.97e-117,300,1-295
b1971,GCF_000005845.2,NP_416480.1,334,1-334,334,COG2041,COG2041,0,252.0,4.11e-83,271,1-270
b0711,GCF_000005845.2,NP_415239.1,218,1-218,218,COG2049,COG2049,0,274.0,5.94e-94,223,1-216
b0597,GCF_000005845.2,NP_415129.1,137,1-137,137,COG2050,COG2050,0,111.0,3.02e-32,141,1-138
b1396,GCF_000005845.2,NP_415914.1,140,1-140,140,COG2050,COG2050,0,93.7,3.74e-25,141,3-139
b1686,GCF_000005845.2,NP_416201.1,136,1-136,136,COG2050,COG2050,0,117.0,1.03e-34,141,1-137
b3820,GCF_000005845.2,NP_418264.4,155,1-155,155,COG2050,COG2050,0,82.5,1.31e-20,141,1-136
b3888,GCF_000005845.2,NP_418324.1,329,157-329,173,COG2050,COG2050,1,40.1,2.75e-04,141,8-141
b0517,GCF_000005845.2,NP_415050.1,349,1-349,349,COG2055,COG2055,0,402.0,2.38e-140,349,4-349
b0801,GCF_000005845.2,NP_415322.1,361,1-361,361,COG2055,COG2055,0,373.0,1.1e-128,349,1-349
b3575,GCF_000005845.2,NP_418032.1,332,1-332,332,COG2055,COG2055,0,389.0,1.85e-135,349,4-339
b2222,GCF_000005845.2,NP_416726.1,216,1-216,216,COG2057,COG2057,0,277.0,5.11e-95,225,5-218
b0698,GCF_000005845.2,NP_415226.1,557,1-557,557,COG2060,COG2060,0,728.0,1.0e-200,560,1-559
b2340,GCF_000005845.2,NP_416842.1,161,1-161,161,COG2062,COG2062,0,163.0,5.2e-52,163,2-163
b1079,GCF_000005845.2,NP_415597.1,232,1-232,232,COG2063,COG2063,0,241.0,1.46e-80,230,2-230
b0485,GCF_000005845.2,NP_415018.1,310,1-310,310,COG2066,COG2066,0,403.0,3.53e-142,309,1-309
b1524,GCF_000005845.2,NP_416041.1,308,1-308,308,COG2066,COG2066,0,462.0,1.37e-165,309,1-309
b2344,GCF_000005845.2,NP_416846.2,446,1-446,446,COG2067,COG2067,0,454.0,5.46e-158,440,2-440
b2877,GCF_000005845.2,NP_417353.1,192,1-192,192,COG2068,COG2068,0,181.0,7.27e-58,199,3-199
b1298,GCF_000005845.2,NP_415814.4,254,1-254,254,COG2071,COG2071,0,259.0,3.97e-87,243,1-243
b0543,GCF_000005845.2,NP_415075.1,110,1-110,110,COG2076,COG2076,0,103.0,8.39e-30,106,1-106
b1599,GCF_000005845.2,NP_416116.1,109,1-109,109,COG2076,COG2076,0,72.9,5.54e-18,106,1-104
b1600,GCF_000005845.2,NP_416117.1,121,1-121,121,COG2076,COG2076,0,76.0,5.67e-19,106,2-106
b4148,GCF_000005845.2,NP_418572.4,105,1-105,105,COG2076,COG2076,0,102.0,1.5e-29,106,2-106
b1324,GCF_000005845.2,NP_415840.1,168,1-168,168,COG2077,COG2077,0,238.0,9.85e-82,158,2-158
b0334,GCF_000005845.2,NP_414868.1,483,1-483,483,COG2079,COG2079,0,459.0,3.34e-159,453,1-453
b0286,GCF_000005845.2,NP_414820.1,229,1-229,229,COG2080,COG2080,1,211.0,4.31e-70,156,2-156
b2868,GCF_000005845.2,NP_417344.1,159,1-159,159,COG2080,COG2080,0,170.0,4.21e-55,156,1-154
b2881,GCF_000005845.2,NP_417357.1,956,1-161,161,COG2080,COG2080,1,154.0,7.83e-44,156,2-154
b3492,GCF_000005845.2,NP_417949.1,400,1-400,400,COG2081,COG2081,0,528.0,1.0e-200,408,1-408
b0509,GCF_000005845.2,NP_415042.1,292,1-292,292,COG2084,COG2084,0,315.0,4.75e-108,286,1-286
b2736,GCF_000005845.2,NP_417216.1,302,1-302,302,COG2084,COG2084,0,235.0,2.47e-76,286,2-285
b3125,GCF_000005845.2,NP_417594.3,294,1-294,294,COG2084,COG2084,0,295.0,3.91e-100,286,1-286
b3882,GCF_000005845.2,NP_418318.1,298,1-298,298,COG2084,COG2084,0,273.0,1.61e-91,286,3-286
b0041,GCF_000005845.2,NP_414583.2,256,1-256,256,COG2086,COG2086,0,212.0,2.97e-68,260,2-255
b1697,GCF_000005845.2,NP_416212.1,254,1-254,254,COG2086,COG2086,0,209.0,2.65e-67,260,1-256
b2770,GCF_000005845.2,NP_417250.4,259,1-259,259,COG2086,COG2086,0,169.0,1.53e-51,260,1-260
b1993,GCF_000005845.2,NP_416497.1,181,1-181,181,COG2087,COG2087,0,232.0,1.35e-78,175,1-174
b3475,GCF_000005845.2,NP_417932.1,195,1-195,195,COG2091,COG2091,0,172.0,3.91e-54,223,3-214
b3712,GCF_000005845.2,NP_418168.2,249,1-249,249,COG2091,COG2091,0,188.0,1.26e-59,223,2-223
b1242,GCF_000005845.2,NP_415758.1,215,1-215,215,COG2095,COG2095,0,164.0,4.62e-51,203,11-203
b1529,GCF_000005845.2,NP_416046.1,221,1-221,221,COG2095,COG2095,0,132.0,2.13e-38,203,1-203
b3434,GCF_000005845.2,NP_417892.1,197,1-197,197,COG2095,COG2095,0,162.0,1.6e-50,203,7-202
b2428,GCF_000005845.2,NP_416923.1,298,1-298,298,COG2103,COG2103,0,415.0,4.58e-147,298,2-296
b4407,GCF_000005845.2,YP_026279.1,66,1-66,66,COG2104,COG2104,0,73.4,3.12e-19,68,3-68
b4222,GCF_000005845.2,NP_418643.1,113,1-113,113,COG2105,COG2105,0,119.0,5.03e-36,120,4-119
b1270,GCF_000005845.2,NP_415786.1,196,1-196,196,COG2109,COG2109,0,280.0,3.7e-97,198,1-198
b1045,GCF_000005845.2,NP_415563.1,177,1-177,177,COG2110,COG2110,0,193.0,3.2e-63,179,1-177
b2679,GCF_000005845.2,NP_417165.1,330,1-330,330,COG2113,COG2113,0,220.0,6.02e-70,302,3-301
b3565,GCF_000005845.2,NP_418022.1,440,1-440,440,COG2115,COG2115,0,783.0,1.0e-200,438,2-438
b0904,GCF_000005845.2,NP_415424.1,285,1-285,285,COG2116,COG2116,0,283.0,6.36e-96,265,4-264
b2347,GCF_000005845.2,NP_416849.1,310,1-310,310,COG2116,COG2116,0,192.0,1.18e-59,265,1-265
b2492,GCF_000005845.2,NP_416987.1,282,1-282,282,COG2116,COG2116,0,211.0,1.09e-67,265,4-261
b3367,GCF_000005845.2,YP_026212.2,268,1-268,268,COG2116,COG2116,0,192.0,1.58e-60,265,4-265
b0364,GCF_000005845.2,NP_414898.4,185,1-185,185,COG2120,COG2120,0,131.0,7.51e-38,237,3-193
b0881,GCF_000005845.2,NP_415402.1,106,1-106,106,COG2127,COG2127,0,134.0,2.94e-42,107,1-107
b1287,GCF_000005845.2,NP_415803.2,375,202-375,174,COG2128,COG2128,1,72.1,5.31e-15,177,1-175
b1753,GCF_000005845.2,NP_416267.1,182,1-182,182,COG2128,COG2128,0,92.1,1.65e-23,177,1-176
b1449,GCF_000005845.2,NP_415966.6,345,1-345,345,COG2130,COG2130,0,514.0,1.0e-200,340,2-340
b0123,GCF_000005845.2,NP_414665.1,516,1-516,516,COG2132,COG2132,0,300.0,9.17e-97,451,1-448
b3017,GCF_000005845.2,NP_417489.1,470,1-470,470,COG2132,COG2132,0,305.0,3.87e-99,451,1-450
b0837,GCF_000005845.2,NP_415358.1,371,1-371,371,COG2133,COG2133,0,358.0,9.77e-122,399,52-398
b3918,GCF_000005845.2,NP_418353.1,251,1-251,251,COG2134,COG2134,0,412.0,1.84e-147,252,1-251
b1931,GCF_000005845.2,YP_025310.1,222,1-222,222,COG2135,COG2135,0,214.0,3.42e-70,226,1-223
b2698,GCF_000005845.2,NP_417178.1,166,1-166,166,COG2137,COG2137,0,129.0,1.7e-38,174,9-166
b0935,GCF_000005845.2,NP_415455.1,381,1-381,381,COG2141,COG2141,0,196.0,1.71e-59,336,1-332
b1012,GCF_000005845.2,NP_415532.3,382,1-382,382,COG2141,COG2141,0,172.0,1.65e-50,336,18-336
b3160,GCF_000005845.2,NP_417629.1,335,1-335,335,COG2141,COG2141,0,178.0,3.94e-53,336,1-332
b0722,GCF_000005845.2,NP_415250.1,115,1-115,115,COG2142,COG2142,0,86.3,5.61e-23,117,2-116
b2104,GCF_000005845.2,NP_416607.1,262,1-262,262,COG2145,COG2145,0,298.0,7.19e-102,265,1-255
b2540,GCF_000005845.2,NP_417035.1,106,1-106,106,COG2146,COG2146,0,104.0,1.53e-30,106,3-106
b3366,GCF_000005845.2,NP_417825.1,108,1-108,108,COG2146,COG2146,0,83.2,6.73e-22,106,2-105
b2047,GCF_000005845.2,NP_416551.1,464,237-464,228,COG2148,COG2148,1,279.0,1.45e-92,226,1-226
b3676,GCF_000005845.2,NP_418132.1,115,1-115,115,COG2149,COG2149,0,117.0,4.4e-35,120,6-119
b1391,GCF_000005845.2,NP_415909.4,165,1-165,165,COG2151,COG2151,1,97.5,7.01e-27,111,3-111
b2267,GCF_000005845.2,NP_416770.1,153,1-153,153,COG2153,COG2153,0,221.0,3.19e-75,155,2-155
b0696,GCF_000005845.2,NP_415224.1,190,1-190,190,COG2156,COG2156,0,241.0,4.22e-82,190,2-190
b0062,GCF_000005845.2,NP_414604.1,500,1-500,500,COG2160,COG2160,0,815.0,1.0e-200,497,1-497
b0232,GCF_000005845.2,NP_414767.1,97,1-97,97,COG2161,COG2161,0,42.3,2.52e-06,86,1-86
b2017,GCF_000005845.2,NP_416521.2,83,1-83,83,COG2161,COG2161,0,70.1,2.2e-17,86,3-84
b1463,GCF_000005845.2,NP_415980.1,281,1-281,281,COG2162,COG2162,0,357.0,8.68e-125,275,1-275
b2826,GCF_000005845.2,NP_417303.1,156,1-156,156,COG2165,COG2165,0,82.6,1.81e-20,149,4-149
b3328,GCF_000005845.2,NP_417787.1,145,1-145,145,COG2165,COG2165,0,88.2,7.71e-23,149,1-147
b3329,GCF_000005845.2,NP_417788.1,169,1-169,169,COG2165,COG2165,0,57.9,6.26e-11,149,4-145
b3330,GCF_000005845.2,NP_417789.4,125,1-125,125,COG2165,COG2165,0,54.5,4.62e-10,149,4-122
b1679,GCF_000005845.2,NP_416194.1,138,1-138,138,COG2166,COG2166,0,169.0,8.49e-55,144,5-131
b2811,GCF_000005845.2,NP_417291.1,147,1-147,147,COG2166,COG2166,0,171.0,1.04e-55,144,1-141
b3343,GCF_000005845.2,NP_417802.1,95,1-95,95,COG2168,COG2168,0,139.0,2.62e-44,96,1-96
b2213,GCF_000005845.2,NP_416717.1,354,1-188,188,COG2169,COG2169,1,221.0,7.49e-72,187,4-187
b0581,GCF_000005845.2,NP_415113.1,372,1-372,372,COG2170,COG2170,0,475.0,1.73e-168,369,1-365
b0166,GCF_000005845.2,NP_414708.1,274,1-274,274,COG2171,COG2171,0,277.0,1.55e-93,271,1-271
b1488,GCF_000005845.2,NP_416005.1,193,1-193,193,COG2173,COG2173,0,229.0,9.02e-77,211,27-210
b0368,GCF_000005845.2,NP_414902.1,283,1-283,283,COG2175,COG2175,0,318.0,3.11e-109,286,1-286
b3462,GCF_000005845.2,NP_417919.1,352,1-352,352,COG2177,COG2177,0,268.0,1.38e-88,297,1-297
b1226,GCF_000005845.2,NP_415744.1,236,1-236,236,COG2180,COG2180,0,183.0,1.05e-58,179,4-179
b1466,GCF_000005845.2,NP_415983.1,231,1-231,231,COG2180,COG2180,1,186.0,7.92e-60,179,4-179
b1227,GCF_000005845.2,NP_415745.1,225,1-225,225,COG2181,COG2181,0,265.0,2.88e-90,228,2-225
b1465,GCF_000005845.2,NP_415982.1,226,1-226,226,COG2181,COG2181,0,266.0,1.65e-90,228,2-225
b4034,GCF_000005845.2,NP_418458.1,396,1-396,396,COG2182,COG2182,0,383.0,3.39e-131,420,7-412
b3407,GCF_000005845.2,NP_417866.4,773,1-773,773,COG2183,COG2183,0,1043.0,1.0e-200,780,5-767
b3361,GCF_000005845.2,NP_417820.1,200,1-200,200,COG2184,COG2184,0,204.0,4.34e-67,201,1-199
b2917,GCF_000005845.2,NP_417392.1,714,560-714,155,COG2185,COG2185,1,174.0,1.33e-51,143,6-142
b0113,GCF_000005845.2,NP_414655.1,254,1-254,254,COG2186,COG2186,0,171.0,1.3e-52,241,1-233
b1187,GCF_000005845.2,NP_415705.1,239,1-239,239,COG2186,COG2186,0,143.0,4.93e-42,241,1-239
b2980,GCF_000005845.2,NP_417454.1,254,1-254,254,COG2186,COG2186,0,164.0,3.73e-50,241,7-240
b3094,GCF_000005845.2,NP_417565.2,258,1-258,258,COG2186,COG2186,0,179.0,7.24e-56,241,3-238
b3226,GCF_000005845.2,NP_417693.3,263,1-263,263,COG2186,COG2186,0,182.0,9.4e-57,241,1-241
b3604,GCF_000005845.2,NP_418061.1,258,1-258,258,COG2186,COG2186,0,185.0,4.27e-58,241,8-240
b4324,GCF_000005845.2,NP_418744.1,257,1-257,257,COG2186,COG2186,0,192.0,6.4e-61,241,2-235
b4479,GCF_000005845.2,YP_026239.1,229,1-229,229,COG2186,COG2186,0,181.0,4.44e-57,241,8-235
b3755,GCF_000005845.2,YP_026245.1,230,1-230,230,COG2186,COG2186,0,188.0,8.92e-60,241,2-229
b0730,GCF_000005845.2,NP_415258.1,240,1-240,240,COG2188,COG2188,0,234.0,7.56e-78,236,3-236
b2101,GCF_000005845.2,NP_416604.1,248,1-248,248,COG2188,COG2188,0,200.0,2.3e-64,236,3-235
b3375,GCF_000005845.2,NP_417834.6,243,1-243,243,COG2188,COG2188,0,220.0,2.31e-72,236,1-236
b3684,GCF_000005845.2,NP_418139.1,238,1-238,238,COG2188,COG2188,0,194.0,5.56e-62,236,8-233
b3872,GCF_000005845.2,NP_418308.1,236,1-236,236,COG2188,COG2188,0,156.0,4.94e-47,236,13-236
b4102,GCF_000005845.2,NP_418526.1,241,1-241,241,COG2188,COG2188,0,198.0,1.22e-63,236,2-236
b0679,GCF_000005845.2,NP_415205.1,648,485-648,164,COG2190,COG2190,1,191.0,2.46e-58,156,7-156
b2417,GCF_000005845.2,NP_416912.1,169,1-169,169,COG2190,COG2190,0,181.0,3.51e-59,156,1-156
b3722,GCF_000005845.2,NP_418178.1,625,471-625,155,COG2190,COG2190,1,183.0,2.47e-55,156,1-155
b3336,GCF_000005845.2,NP_417795.1,158,1-158,158,COG2193,COG2193,0,218.0,5.67e-74,157,1-157
b0815,GCF_000005845.2,NP_415336.1,527,1-527,527,COG2194,COG2194,0,355.0,2.52e-116,555,29-555
b3173,GCF_000005845.2,NP_417641.4,541,1-541,541,COG2194,COG2194,0,329.0,2.51e-106,555,7-555
b3546,GCF_000005845.2,NP_418002.2,563,1-563,563,COG2194,COG2194,0,457.0,1.33e-155,555,4-555
b3955,GCF_000005845.2,NP_418390.1,577,1-577,577,COG2194,COG2194,0,406.0,1.8e-135,555,1-555
b4114,GCF_000005845.2,NP_418538.2,547,1-547,547,COG2194,COG2194,0,522.0,1.0e-200,555,1-549
b0237,GCF_000005845.2,NP_414772.1,485,1-485,485,COG2195,COG2195,0,376.0,2.13e-127,414,1-414
b1127,GCF_000005845.2,NP_415645.1,408,1-408,408,COG2195,COG2195,0,439.0,6.12e-153,414,4-414
b0535,GCF_000005845.2,NP_415068.1,210,1-210,210,COG2197,COG2197,0,190.0,4.11e-61,211,3-209
b1040,GCF_000005845.2,NP_415558.1,216,1-216,216,COG2197,COG2197,0,101.0,2.45e-26,211,3-206
b1221,GCF_000005845.2,NP_415739.1,216,1-216,216,COG2197,COG2197,0,179.0,1.11e-56,211,3-208
b1914,GCF_000005845.2,NP_416424.1,218,1-218,218,COG2197,COG2197,0,215.0,7.92e-71,211,1-211
b1916,GCF_000005845.2,NP_416426.1,240,108-240,133,COG2197,COG2197,3,66.5,3.35e-13,211,86-209
b2193,GCF_000005845.2,NP_416697.1,215,1-215,215,COG2197,COG2197,0,205.0,3.23e-67,211,2-207
b2217,GCF_000005845.2,NP_416721.1,216,1-216,216,COG2197,COG2197,0,164.0,7.12e-51,211,1-202
b2369,GCF_000005845.2,NP_416870.1,204,1-204,204,COG2197,COG2197,0,171.0,1.09e-53,211,1-208
b3520,GCF_000005845.2,NP_417977.1,200,1-200,200,COG2197,COG2197,0,130.0,8.3e-38,211,1-202
b3669,GCF_000005845.2,NP_418125.1,196,1-196,196,COG2197,COG2197,0,191.0,7.72e-62,211,1-205
b4365,GCF_000005845.2,NP_418785.1,241,1-241,241,COG2197,COG2197,0,96.9,1.7e-24,211,4-202
b4366,GCF_000005845.2,NP_418786.4,225,1-225,225,COG2197,COG2197,0,95.7,3.85e-24,211,2-203
b0993,GCF_000005845.2,NP_415513.2,914,804-914,111,COG2198,COG2198,1,63.1,1.98e-12,122,1-105
b2216,GCF_000005845.2,NP_416720.1,890,810-890,81,COG2198,COG2198,3,43.5,1.1e-05,122,28-101
b2370,GCF_000005845.2,NP_416871.1,1197,1080-1197,118,COG2198,COG2198,1,78.5,6.35e-18,122,1-122
b2786,GCF_000005845.2,NP_417266.1,918,797-918,122,COG2198,COG2198,3,75.4,8.9e-17,122,1-88
b3210,GCF_000005845.2,YP_026207.1,778,655-778,124,COG2198,COG2198,1,85.1,3.17e-20,122,1-122
b0385,GCF_000005845.2,NP_414919.1,371,191-371,181,COG2199,COG2199,1,188.0,1.04e-58,181,7-181
b0834,GCF_000005845.2,NP_415355.1,442,276-442,167,COG2199,COG2199,1,128.0,4.26e-35,181,20-180
b1025,GCF_000005845.2,NP_415544.1,452,263-452,190,COG2199,COG2199,1,183.0,2.95e-56,181,1-180
b1341,GCF_000005845.2,NP_415857.2,410,238-410,173,COG2199,COG2199,1,182.0,4.04e-56,181,2-178
b1489,GCF_000005845.2,NP_416006.4,799,357-534,178,COG2199,COG2199,1,118.0,4.84e-31,181,2-181
b1490,GCF_000005845.2,NP_416007.3,460,276-460,185,COG2199,COG2199,1,173.0,2.18e-52,181,3-181
b1522,GCF_000005845.2,NP_416039.1,315,127-315,189,COG2199,COG2199,1,165.0,2.18e-50,181,1-177
b1535,GCF_000005845.2,NP_416052.1,296,110-296,187,COG2199,COG2199,1,150.0,4.17e-45,181,16-180
b1785,GCF_000005845.2,NP_416299.1,491,309-491,183,COG2199,COG2199,1,152.0,3.69e-44,181,1-181
b1786,GCF_000005845.2,NP_416300.2,496,325-496,172,COG2199,COG2199,1,131.0,3.3e-36,181,1-177
b1794,GCF_000005845.2,NP_416308.4,341,158-341,184,COG2199,COG2199,1,155.0,3.46e-46,181,4-172
b1956,GCF_000005845.2,NP_416465.2,564,379-564,186,COG2199,COG2199,1,185.0,6.09e-56,181,1-178
b2067,GCF_000005845.2,NP_416571.1,1105,667-853,187,COG2199,COG2199,1,184.0,5.56e-54,181,1-181
b2395,GCF_000005845.2,NP_416896.4,729,307-479,173,COG2199,COG2199,1,66.8,4.23e-13,181,1-155
b2503,GCF_000005845.2,NP_416998.1,747,311-486,176,COG2199,COG2199,1,59.9,1.14e-10,181,1-143
b2604,GCF_000005845.2,NP_417095.1,408,230-408,179,COG2199,COG2199,1,145.0,4.02e-42,181,7-173
b3252,GCF_000005845.2,NP_417718.1,646,205-390,186,COG2199,COG2199,1,103.0,1.23e-25,181,1-181
b3529,GCF_000005845.2,NP_417986.4,662,223-401,179,COG2199,COG2199,1,85.3,1.98e-19,181,9-181
b0315,GCF_000005845.2,NP_414849.1,362,94-362,269,COG2200,COG2200,1,253.0,2.92e-83,256,8-245
b0833,GCF_000005845.2,NP_415354.1,782,527-782,256,COG2200,COG2200,1,243.0,3.41e-75,256,2-247
b1163,GCF_000005845.2,NP_415681.1,403,156-403,248,COG2200,COG2200,1,161.0,5.02e-47,256,18-239
b1168,GCF_000005845.2,NP_415686.2,507,246-507,262,COG2200,COG2200,1,252.0,3.57e-81,256,5-252
b1489,GCF_000005845.2,NP_416006.4,799,535-799,265,COG2200,COG2200,1,280.0,4.55e-89,256,1-251
b1707,GCF_000005845.2,NP_416222.1,237,1-237,237,COG2200,COG2200,0,100.0,2.21e-25,256,20-251
b1815,GCF_000005845.2,NP_416329.4,532,266-532,267,COG2200,COG2200,1,257.0,6.39e-83,256,1-256
b2067,GCF_000005845.2,NP_416571.1,1105,854-1105,252,COG2200,COG2200,1,126.0,1.5e-32,256,3-245
b2176,GCF_000005845.2,NP_416681.1,518,261-518,258,COG2200,COG2200,1,262.0,1.33e-84,256,1-255
b2395,GCF_000005845.2,NP_416896.4,729,480-729,250,COG2200,COG2200,1,230.0,1.41e-70,256,4-244
b2503,GCF_000005845.2,NP_416998.1,747,487-747,261,COG2200,COG2200,1,239.0,6.41e-74,256,1-244
b3252,GCF_000005845.2,NP_417718.1,646,391-646,256,COG2200,COG2200,1,146.0,5.67e-40,256,3-253
b3525,GCF_000005845.2,NP_417982.2,255,1-255,255,COG2200,COG2200,0,130.0,9.01e-37,256,16-249
b3529,GCF_000005845.2,NP_417986.4,662,402-662,261,COG2200,COG2200,1,246.0,2.35e-77,256,1-253
b1883,GCF_000005845.2,NP_416397.1,349,1-349,349,COG2201,COG2201,0,400.0,1.23e-139,350,1-345
b1285,GCF_000005845.2,NP_415801.1,661,1-225,225,COG2202,COG2202,1,48.3,2.75e-06,232,21-232
b1341,GCF_000005845.2,NP_415857.2,410,136-237,102,COG2202,COG2202,3,45.6,1.61e-05,232,117-232
b1489,GCF_000005845.2,NP_416006.4,799,1-255,255,COG2202,COG2202,1,66.2,2.22e-12,232,3-230
b2067,GCF_000005845.2,NP_416571.1,1105,441-666,226,COG2202,COG2202,1,87.2,1.72e-19,232,1-231
b3072,GCF_000005845.2,NP_417543.1,506,1-125,125,COG2202,COG2202,3,58.0,1.48e-09,232,124-231
b3210,GCF_000005845.2,YP_026207.1,778,1-269,269,COG2202,COG2202,1,62.2,5.37e-11,232,1-230
b1794,GCF_000005845.2,NP_416308.4,341,1-157,157,COG2203,COG2203,1,55.4,2.86e-09,175,4-175
b2220,GCF_000005845.2,NP_416724.1,461,1-461,461,COG2204,COG2204,0,563.0,1.0e-200,464,1-461
b2554,GCF_000005845.2,NP_417049.1,444,1-444,444,COG2204,COG2204,0,485.0,6.14e-170,464,1-463
b3868,GCF_000005845.2,NP_418304.1,469,1-469,469,COG2204,COG2204,0,556.0,1.0e-200,464,2-457
b4004,GCF_000005845.2,NP_418432.1,441,1-441,441,COG2204,COG2204,0,533.0,1.0e-200,464,1-453
b0695,GCF_000005845.2,NP_415223.1,894,1-894,894,COG2205,COG2205,0,1141.0,1.0e-200,890,1-890
b1968,GCF_000005845.2,NP_416477.1,452,205-452,248,COG2205,COG2205,3,120.0,1.01e-28,890,621-880
b0064,GCF_000005845.2,NP_414606.1,292,158-292,135,COG2207,COG2207,1,102.0,4.05e-27,127,7-121
b0305,GCF_000005845.2,NP_414839.1,284,158-284,127,COG2207,COG2207,1,105.0,1.47e-28,127,3-126
b0546,GCF_000005845.2,NP_415078.1,265,143-265,123,COG2207,COG2207,1,83.6,2.61e-20,127,14-124
b0564,GCF_000005845.2,NP_415096.1,249,140-249,110,COG2207,COG2207,3,94.0,1.93e-24,127,24-118
b0566,GCF_000005845.2,NP_415098.1,253,127-253,127,COG2207,COG2207,1,77.8,3.38e-18,127,25-125
b1384,GCF_000005845.2,NP_415902.1,301,177-301,125,COG2207,COG2207,1,86.7,2.92e-21,127,9-123
b1499,GCF_000005845.2,NP_416016.1,253,115-253,139,COG2207,COG2207,1,91.7,1.52e-23,127,24-123
b1531,GCF_000005845.2,NP_416048.2,127,1-127,127,COG2207,COG2207,0,95.6,2.48e-26,127,18-119
b1696,GCF_000005845.2,NP_416211.1,303,161-303,143,COG2207,COG2207,1,97.5,2.66e-25,127,21-124
b1735,GCF_000005845.2,NP_416249.1,280,192-280,89,COG2207,COG2207,3,83.6,2.77e-20,127,39-127
b1790,GCF_000005845.2,NP_416304.1,273,139-273,135,COG2207,COG2207,1,84.0,1.87e-20,127,1-122
b2382,GCF_000005845.2,NP_416883.1,285,162-285,124,COG2207,COG2207,1,103.0,1.09e-27,127,1-123
b2437,GCF_000005845.2,NP_416932.1,350,221-350,130,COG2207,COG2207,1,76.7,2.39e-17,127,1-116
b3010,GCF_000005845.2,NP_417483.2,318,191-318,128,COG2207,COG2207,1,107.0,5.71e-29,127,7-126
b3515,GCF_000005845.2,NP_417972.1,242,140-242,103,COG2207,COG2207,3,81.7,1.07e-19,127,24-118
b3516,GCF_000005845.2,NP_417973.1,274,123-274,152,COG2207,COG2207,1,90.2,8.79e-23,127,24-125
b3569,GCF_000005845.2,NP_418026.1,392,270-392,123,COG2207,COG2207,1,97.5,6.75e-25,127,18-119
b3680,GCF_000005845.2,NP_418136.2,297,165-297,133,COG2207,COG2207,1,94.0,5.18e-24,127,16-126
b3906,GCF_000005845.2,NP_418342.2,282,157-282,126,COG2207,COG2207,1,98.6,5.53e-26,127,1-126
b3954,GCF_000005845.2,NP_418389.1,283,150-283,134,COG2207,COG2207,1,102.0,3.17e-27,127,1-124
b4062,GCF_000005845.2,NP_418486.1,107,1-107,107,COG2207,COG2207,0,97.1,3.84e-27,127,16-122
b4116,GCF_000005845.2,NP_418540.1,253,127-253,127,COG2207,COG2207,1,89.4,1.26e-22,127,25-125
b4118,GCF_000005845.2,NP_418542.1,302,172-302,131,COG2207,COG2207,1,94.8,2.34e-24,127,9-127
b4396,GCF_000005845.2,NP_418813.1,289,1-122,122,COG2207,COG2207,1,100.0,2.04e-26,127,22-121
b0270,GCF_000005845.2,NP_414804.1,460,1-460,460,COG2211,COG2211,0,385.0,3.65e-130,467,6-460
b1616,GCF_000005845.2,NP_416133.1,457,1-457,457,COG2211,COG2211,0,341.0,4.61e-113,467,7-459
b1981,GCF_000005845.2,NP_416488.1,438,78-370,293,COG2211,COG2211,3,51.9,6.85e-07,467,66-354
b3657,GCF_000005845.2,NP_418114.4,460,1-460,460,COG2211,COG2211,0,403.0,1.59e-137,467,4-467
b3877,GCF_000005845.2,NP_418313.4,461,1-461,461,COG2211,COG2211,0,389.0,5.59e-132,467,1-455
b4120,GCF_000005845.2,NP_418544.2,473,1-473,473,COG2211,COG2211,0,350.0,2.76e-116,467,7-467
b3876,GCF_000005845.2,YP_026275.1,467,1-467,467,COG2211,COG2211,0,384.0,8.49e-130,467,1-462
b2933,GCF_000005845.2,NP_417408.1,462,1-462,462,COG2213,COG2213,0,572.0,1.0e-200,472,1-472
b3599,GCF_000005845.2,NP_418056.1,637,1-483,483,COG2213,COG2213,1,745.0,1.0e-200,472,2-472
b2106,GCF_000005845.2,NP_416609.1,274,1-274,274,COG2215,COG2215,0,180.0,4.47e-55,303,41-302
b0697,GCF_000005845.2,NP_415225.1,682,1-682,682,COG2216,COG2216,0,1007.0,1.0e-200,681,1-681
b0484,GCF_000005845.2,NP_415017.1,834,81-834,754,COG2217,COG2217,1,710.0,1.0e-200,713,3-713
b3469,GCF_000005845.2,NP_417926.1,732,1-732,732,COG2217,COG2217,0,614.0,1.0e-200,713,3-709
b4192,GCF_000005845.2,NP_418613.2,354,1-354,354,COG2220,COG2220,0,147.0,4.08e-42,258,1-251
b3136,GCF_000005845.2,NP_417605.1,384,1-384,384,COG2222,COG2222,0,254.0,4.22e-82,340,3-340
b3371,GCF_000005845.2,NP_417830.4,340,1-340,340,COG2222,COG2222,0,288.0,8.57e-96,340,1-337
b0479,GCF_000005845.2,NP_415012.1,406,1-334,334,COG2223,COG2223,3,78.5,1.2e-15,417,15-325
b1223,GCF_000005845.2,NP_415741.1,463,1-463,463,COG2223,COG2223,0,314.0,2.99e-103,417,1-406
b1469,GCF_000005845.2,NP_415986.1,462,1-462,462,COG2223,COG2223,0,304.0,1.68e-99,417,1-405
b2775,GCF_000005845.2,NP_417255.1,425,1-425,425,COG2223,COG2223,0,67.4,5.49e-12,417,11-416
b3547,GCF_000005845.2,NP_418003.1,402,1-315,315,COG2223,COG2223,3,53.9,1.27e-07,417,6-319
b4015,GCF_000005845.2,NP_418439.1,434,1-434,434,COG2224,COG2224,0,706.0,1.0e-200,433,1-433
b2976,GCF_000005845.2,NP_417450.1,723,1-158=250-723,632,COG2225,COG2225,1,537.2,2.42e-162,545,7-101=105-545
b4014,GCF_000005845.2,NP_418438.1,533,1-533,533,COG2225,COG2225,0,637.0,1.0e-200,545,5-542
b0210,GCF_000005845.2,NP_414746.1,207,1-207,207,COG2226,COG2226,3,84.3,9.32e-20,238,78-219
b0213,GCF_000005845.2,NP_414749.2,240,77-139,63,COG2226,COG2226,3,50.0,3.43e-07,238,106-168
b0777,GCF_000005845.2,NP_415298.1,251,1-152,152,COG2226,COG2226,3,89.7,2.06e-21,238,34-168
b1822,GCF_000005845.2,NP_416336.1,269,61-192,132,COG2226,COG2226,3,65.8,1.55e-12,238,30-170
b1870,GCF_000005845.2,NP_416384.1,247,1-247,247,COG2226,COG2226,3,53.1,3.55e-08,238,48-218
b3833,GCF_000005845.2,YP_026269.1,251,1-251,251,COG2226,COG2226,0,312.0,2.71e-108,238,1-238
b0921,GCF_000005845.2,NP_415441.1,261,1-261,261,COG2227,COG2227,0,84.8,1.99e-19,243,9-217
b1137,GCF_000005845.2,NP_415655.1,221,1-221,221,COG2227,COG2227,3,46.6,4.93e-06,243,64-200
b1871,GCF_000005845.2,NP_416385.1,323,88-227,140,COG2227,COG2227,3,47.8,2.91e-06,243,26-162
b2232,GCF_000005845.2,NP_416735.1,240,1-240,240,COG2227,COG2227,0,339.0,1.04e-118,243,1-242
b1430,GCF_000005845.2,NP_415947.1,197,1-134,134,COG2230,COG2230,3,45.3,1.53e-05,283,70-176
b1661,GCF_000005845.2,NP_416178.1,382,97-382,286,COG2230,COG2230,1,347.0,1.81e-119,283,1-283
b4306,GCF_000005845.2,NP_418726.1,248,1-154,154,COG2230,COG2230,3,58.8,6.88e-10,283,60-193
b0513,GCF_000005845.2,NP_415046.4,433,1-433,433,COG2233,COG2233,0,238.0,1.02e-73,451,9-437
b1006,GCF_000005845.2,NP_415526.4,442,1-442,442,COG2233,COG2233,0,267.0,7.13e-85,451,10-445
b2497,GCF_000005845.2,NP_416992.1,429,1-429,429,COG2233,COG2233,0,277.0,5.57e-89,451,9-450
b2882,GCF_000005845.2,NP_417358.2,466,1-466,466,COG2233,COG2233,0,299.0,9.74e-97,451,3-451
b2888,GCF_000005845.2,NP_417364.2,482,1-482,482,COG2233,COG2233,0,353.0,1.42e-117,451,5-438
b3654,GCF_000005845.2,NP_418111.1,463,1-463,463,COG2233,COG2233,0,324.0,8.46e-107,451,2-438
b2271,GCF_000005845.2,NP_416774.2,323,1-323,323,COG2234,COG2234,2,130.0,5.74e-34,435,92-432
b2753,GCF_000005845.2,NP_417233.1,345,1-345,345,COG2234,COG2234,2,152.0,4.76e-42,435,74-427
b1636,GCF_000005845.2,NP_416153.1,287,1-287,287,COG2240,COG2240,0,348.0,4.56e-121,281,1-280
b2418,GCF_000005845.2,NP_416913.1,283,1-283,283,COG2240,COG2240,0,287.0,2.5e-97,281,1-267
b2037,GCF_000005845.2,NP_416541.1,415,1-415,415,COG2244,COG2244,2,96.9,1.66e-21,480,1-415
b2046,GCF_000005845.2,NP_416550.1,492,1-492,492,COG2244,COG2244,1,163.0,1.33e-44,480,3-424
b3792,GCF_000005845.2,NP_418239.1,416,1-416,416,COG2244,COG2244,2,60.6,1.1e-09,480,6-414
b2983,GCF_000005845.2,YP_026192.1,355,1-355,355,COG2244,COG2244,2,66.0,1.67e-11,480,3-334
b2350,GCF_000005845.2,NP_416851.1,120,1-120,120,COG2246,COG2246,0,49.0,3.91e-08,139,9-139
b0046,GCF_000005845.2,NP_414588.1,176,1-176,176,COG2249,COG2249,0,169.0,6.1e-54,189,2-189
b0901,GCF_000005845.2,NP_415421.1,196,1-196,196,COG2249,COG2249,0,145.0,3.08e-44,189,2-189
b3028,GCF_000005845.2,NP_417500.1,193,1-193,193,COG2249,COG2249,0,169.0,2.87e-53,189,2-189
b3351,GCF_000005845.2,NP_417810.1,184,1-184,184,COG2249,COG2249,0,170.0,4.15e-54,189,1-189
b3664,GCF_000005845.2,NP_418120.2,444,1-444,444,COG2252,COG2252,0,512.0,1.0e-200,436,2-435
b3714,GCF_000005845.2,NP_418170.1,445,1-445,445,COG2252,COG2252,0,501.0,1.44e-176,436,3-435
b4064,GCF_000005845.2,NP_418488.1,449,1-449,449,COG2252,COG2252,0,353.0,2.1e-118,436,4-432
b4464,GCF_000005845.2,YP_026186.1,455,1-455,455,COG2252,COG2252,0,329.0,5.85e-109,436,1-436
b1860,GCF_000005845.2,NP_416374.1,336,1-336,336,COG2255,COG2255,0,552.0,1.0e-200,332,1-331
b0892,GCF_000005845.2,NP_415412.1,447,1-447,447,COG2256,COG2256,0,640.0,1.0e-200,436,1-435
b3910,GCF_000005845.2,NP_418346.2,224,1-224,224,COG2258,COG2258,0,238.0,4.39e-80,210,1-210
b2543,GCF_000005845.2,NP_417038.4,140,1-140,140,COG2259,COG2259,0,81.6,2.02e-20,142,16-136
b3101,GCF_000005845.2,NP_417572.2,130,1-130,130,COG2259,COG2259,0,83.2,4.07e-21,142,8-139
b1195,GCF_000005845.2,NP_415713.1,84,1-84,84,COG2261,COG2261,0,79.0,5.19e-21,82,1-80
b1795,GCF_000005845.2,NP_416309.1,82,1-82,82,COG2261,COG2261,0,64.7,2.11e-15,82,1-80
b4173,GCF_000005845.2,NP_418594.1,426,1-426,426,COG2262,COG2262,0,476.0,1.58e-167,411,2-410
b3259,GCF_000005845.2,NP_417725.1,293,1-293,293,COG2264,COG2264,0,315.0,5.58e-108,300,2-300
b0859,GCF_000005845.2,NP_415380.1,375,1-375,375,COG2265,COG2265,2,340.0,1.43e-114,432,65-432
b2785,GCF_000005845.2,NP_417265.1,433,1-433,433,COG2265,COG2265,0,419.0,1.66e-144,432,1-432
b3965,GCF_000005845.2,NP_418400.1,366,1-366,366,COG2265,COG2265,2,306.0,3.34e-101,432,75-432
b1410,GCF_000005845.2,NP_415928.1,585,1-286,286,COG2267,COG2267,1,206.0,3.41e-62,298,3-298
b3825,GCF_000005845.2,YP_026266.1,340,1-340,340,COG2267,COG2267,0,237.0,1.65e-76,298,1-298
b3051,GCF_000005845.2,NP_417523.1,553,1-553,553,COG2268,COG2268,0,375.0,4.87e-124,548,1-543
b4155,GCF_000005845.2,NP_418579.2,325,1-325,325,COG2269,COG2269,0,494.0,1.14e-177,322,1-322
b1065,GCF_000005845.2,NP_415583.4,402,1-176,176,COG2270,COG2270,3,47.4,1.45e-05,438,258-420
b0045,GCF_000005845.2,NP_414587.1,443,1-443,443,COG2271,COG2271,0,76.9,7.15e-15,448,49-434
b1690,GCF_000005845.2,NP_416205.1,404,1-404,404,COG2271,COG2271,0,47.3,1.7e-05,448,32-447
b1691,GCF_000005845.2,NP_416206.6,421,1-421,421,COG2271,COG2271,0,53.0,2.51e-07,448,19-442
b1769,GCF_000005845.2,NP_416283.1,452,1-452,452,COG2271,COG2271,0,61.5,5.41e-10,448,25-444
b1775,GCF_000005845.2,NP_416289.1,459,73-459,387,COG2271,COG2271,3,64.6,6.23e-11,448,79-419
b2240,GCF_000005845.2,NP_416743.1,452,1-452,452,COG2271,COG2271,0,501.0,3.97e-176,448,1-448
b2246,GCF_000005845.2,NP_416749.4,429,1-429,429,COG2271,COG2271,0,87.7,1.73e-18,448,19-447
b2789,GCF_000005845.2,NP_417269.1,450,1-450,450,COG2271,COG2271,0,115.0,5.7e-28,448,27-433
b3093,GCF_000005845.2,NP_417564.2,432,1-432,432,COG2271,COG2271,0,119.0,2.77e-29,448,24-447
b3127,GCF_000005845.2,NP_417596.1,444,1-444,444,COG2271,COG2271,0,130.0,3.16e-33,448,27-442
b3666,GCF_000005845.2,NP_418122.1,463,1-463,463,COG2271,COG2271,0,399.0,3.83e-136,448,1-448
b3667,GCF_000005845.2,NP_418123.2,439,1-439,439,COG2271,COG2271,0,482.0,4.56e-169,448,3-441
b3691,GCF_000005845.2,NP_418146.4,430,1-430,430,COG2271,COG2271,0,130.0,2.59e-33,448,25-433
b3874,GCF_000005845.2,NP_418310.1,421,1-421,421,COG2271,COG2271,0,84.2,2.29e-17,448,54-447
b4356,GCF_000005845.2,NP_418776.1,453,1-453,453,COG2271,COG2271,0,140.0,1.04e-36,448,18-438
b1543,GCF_000005845.2,YP_009518786.1,427,1-427,427,COG2271,COG2271,2,57.7,1.02e-08,448,74-431
b0616,GCF_000005845.2,NP_415149.4,302,1-302,302,COG2301,COG2301,0,285.0,3.26e-96,283,1-283
b0311,GCF_000005845.2,NP_414845.1,556,1-556,556,COG2303,COG2303,0,519.0,2.0e-180,542,6-539
b2270,GCF_000005845.2,NP_416773.1,575,178-575,398,COG2304,COG2304,1,180.0,5.11e-51,399,1-399
b2152,GCF_000005845.2,NP_416657.1,385,1-385,385,COG2311,COG2311,0,310.0,5.08e-103,394,11-392
b2165,GCF_000005845.2,NP_416670.1,312,1-312,312,COG2313,COG2313,0,449.0,2.54e-160,310,1-310
b0579,GCF_000005845.2,NP_415111.1,122,1-122,122,COG2315,COG2315,0,135.0,1.81e-42,118,2-118
b4057,GCF_000005845.2,NP_418481.1,118,1-118,118,COG2315,COG2315,0,134.0,7.01e-42,118,1-117
b2475,GCF_000005845.2,NP_416970.1,287,1-287,287,COG2321,COG2321,0,384.0,2.99e-135,295,1-293
b0906,GCF_000005845.2,NP_415426.1,230,1-230,230,COG2323,COG2323,0,185.0,5.22e-59,224,2-224
b2045,GCF_000005845.2,NP_416549.1,426,1-426,426,COG2327,COG2327,0,307.0,1.54e-101,385,1-385
b2197,GCF_000005845.2,NP_416701.1,159,1-159,159,COG2332,COG2332,0,208.0,5.33e-70,153,1-153
b0913,GCF_000005845.2,NP_415433.4,754,439-754,316,COG2333,COG2333,1,270.0,3.35e-85,293,4-292
b3859,GCF_000005845.2,NP_418296.1,328,1-328,328,COG2334,COG2334,0,257.0,3.72e-84,331,1-331
b2783,GCF_000005845.2,NP_417263.1,82,1-82,82,COG2336,COG2336,0,89.1,5.0e-25,82,1-82
b4224,GCF_000005845.2,NP_418645.2,83,1-83,83,COG2336,COG2336,0,85.6,1.16e-23,82,1-82
b2782,GCF_000005845.2,NP_417262.1,111,1-111,111,COG2337,COG2337,0,94.5,3.01e-26,112,1-111
b4225,GCF_000005845.2,NP_418646.1,116,1-116,116,COG2337,COG2337,0,75.7,7.79e-19,112,3-110
b1251,GCF_000005845.2,NP_415767.2,98,1-98,98,COG2350,COG2350,0,108.0,1.85e-32,92,1-92
b1970,GCF_000005845.2,NP_416479.1,137,1-137,137,COG2351,COG2351,0,160.0,1.19e-51,124,3-124
b3956,GCF_000005845.2,NP_418391.1,883,1-883,883,COG2352,COG2352,0,1154.0,1.0e-200,910,3-910
b1056,GCF_000005845.2,NP_415574.1,191,1-191,191,COG2353,COG2353,0,189.0,3.25e-61,192,1-192
b1958,GCF_000005845.2,NP_416467.1,305,1-305,305,COG2354,COG2354,0,358.0,1.12e-124,303,1-302
b2945,GCF_000005845.2,NP_417420.1,235,1-235,235,COG2356,COG2356,0,388.0,2.04e-138,237,1-237
b0885,GCF_000005845.2,NP_415405.1,234,1-234,234,COG2360,COG2360,0,335.0,1.28e-117,221,1-221
b2807,GCF_000005845.2,NP_417287.1,131,1-131,131,COG2363,COG2363,0,115.0,4.2e-34,124,1-123
b1841,GCF_000005845.2,NP_416355.1,124,1-124,124,COG2372,COG2372,0,140.0,4.49e-44,127,1-124
b2520,GCF_000005845.2,NP_417015.1,1653,1-1653,1653,COG2373,COG2373,0,1431.0,1.0e-200,1621,1-1621
b3070,GCF_000005845.2,NP_417541.1,254,1-254,254,COG2375,COG2375,0,234.0,5.99e-77,265,1-260
b1199,GCF_000005845.2,NP_415717.1,210,1-210,210,COG2376,COG2376,2,140.0,2.34e-40,323,12-235
b1200,GCF_000005845.2,NP_415718.6,356,1-356,356,COG2376,COG2376,0,346.0,1.18e-118,323,1-322
b1640,GCF_000005845.2,NP_416157.1,369,1-369,369,COG2377,COG2377,0,463.0,7.21e-164,371,2-371
b2634,GCF_000005845.2,NP_417123.1,233,1-233,233,COG2378,COG2378,0,118.0,1.78e-31,311,1-254
b0585,GCF_000005845.2,NP_415117.2,400,97-400,304,COG2382,COG2382,1,313.0,1.83e-105,299,1-299
b3719,GCF_000005845.2,NP_418175.3,389,70-389,320,COG2382,COG2382,1,248.0,2.95e-80,299,2-297
b2200,GCF_000005845.2,NP_416704.1,220,1-220,220,COG2386,COG2386,0,238.0,1.56e-79,221,2-221
b4127,GCF_000005845.2,NP_418551.1,90,1-90,90,COG2388,COG2388,0,88.7,1.85e-24,99,8-98
b1512,GCF_000005845.2,NP_416029.1,317,1-317,317,COG2390,COG2390,0,298.0,1.82e-100,321,1-318
b4295,GCF_000005845.2,NP_418715.2,328,1-328,328,COG2390,COG2390,0,296.0,1.4e-99,321,11-320
b1929,GCF_000005845.2,NP_416439.1,401,133-401,269,COG2391,COG2391,1,55.8,3.72e-09,198,1-196
b2013,GCF_000005845.2,NP_416517.1,352,1-145,145,COG2391,COG2391,3,46.5,5.32e-06,198,32-173
b2802,GCF_000005845.2,NP_417282.1,591,1-591,591,COG2407,COG2407,0,372.0,2.49e-123,470,1-470
b1673,GCF_000005845.2,NP_416188.1,700,1-700,700,COG2414,COG2414,0,512.0,1.36e-174,614,2-614
b3745,GCF_000005845.2,YP_026243.1,483,1-483,483,COG2425,COG2425,0,401.0,8.18e-137,437,1-427
b0874,GCF_000005845.2,NP_415395.2,299,1-299,299,COG2431,COG2431,0,376.0,9.25e-132,297,1-297
b0044,GCF_000005845.2,NP_414586.1,95,1-95,95,COG2440,COG2440,0,130.0,4.8e-41,99,5-99
b1700,GCF_000005845.2,NP_416215.1,97,1-97,97,COG2440,COG2440,0,131.0,2.01e-41,99,1-99
b2767,GCF_000005845.2,NP_417247.2,86,1-86,86,COG2440,COG2440,0,111.0,1.78e-33,99,17-99
b1411,GCF_000005845.2,NP_415929.1,430,265-430,166,COG2453,COG2453,1,105.0,1.11e-26,180,25-167
b0528,GCF_000005845.2,NP_415061.2,70,1-70,70,COG2501,COG2501,0,89.6,1.72e-25,73,1-70
b3744,GCF_000005845.2,NP_418200.1,330,1-330,330,COG2502,COG2502,0,570.0,1.0e-200,330,1-330
b0331,GCF_000005845.2,NP_414865.1,296,1-296,296,COG2513,COG2513,0,355.0,1.37e-123,289,4-288
b1919,GCF_000005845.2,NP_416429.4,328,1-328,328,COG2515,COG2515,0,425.0,4.27e-150,323,1-323
b2743,GCF_000005845.2,NP_417223.1,208,1-208,208,COG2518,COG2518,0,251.0,3.9e-85,209,1-207
b0503,GCF_000005845.2,NP_415036.1,364,1-364,364,COG2603,COG2603,0,479.0,4.62e-171,334,2-334
b0481,GCF_000005845.2,NP_415014.1,159,1-159,159,COG2606,COG2606,0,172.0,1.59e-55,155,1-152
b1787,GCF_000005845.2,NP_416301.1,167,1-167,167,COG2606,COG2606,0,108.0,1.4e-30,155,2-154
b0484,GCF_000005845.2,NP_415017.1,834,1-80,80,COG2608,COG2608,1,52.1,1.78e-09,71,2-71
b0114,GCF_000005845.2,NP_414656.1,887,1-887,887,COG2609,COG2609,0,1462.0,1.0e-200,887,1-887
b2365,GCF_000005845.2,NP_416866.1,445,1-445,445,COG2610,COG2610,0,347.0,4.37e-116,442,11-442
b2740,GCF_000005845.2,NP_417220.1,454,1-454,454,COG2610,COG2610,0,308.0,9.69e-101,442,4-432
b4265,GCF_000005845.2,NP_418686.1,439,1-439,439,COG2610,COG2610,0,443.0,6.78e-154,442,2-442
b4296,GCF_000005845.2,NP_418716.1,449,1-449,449,COG2610,COG2610,0,361.0,1.75e-121,442,2-442
b4321,GCF_000005845.2,NP_418741.1,447,1-447,447,COG2610,COG2610,0,367.0,5.63e-124,442,4-441
b3415,GCF_000005845.2,YP_026217.1,438,1-438,438,COG2610,COG2610,0,468.0,1.37e-163,442,2-442
b4476,GCF_000005845.2,YP_026221.1,446,1-446,446,COG2610,COG2610,0,333.0,1.43e-110,442,11-440
b4123,GCF_000005845.2,NP_418547.1,446,1-446,446,COG2704,COG2704,0,455.0,2.02e-158,436,37-434
b4138,GCF_000005845.2,NP_418561.1,433,1-433,433,COG2704,COG2704,0,504.0,5.73e-178,436,1-436
b0767,GCF_000005845.2,NP_415288.1,331,1-331,331,COG2706,COG2706,0,384.0,1.92e-133,346,1-346
b1789,GCF_000005845.2,NP_416303.1,148,1-148,148,COG2707,COG2707,0,171.0,2.44e-55,151,1-147
b2479,GCF_000005845.2,NP_416974.4,190,1-190,190,COG2716,COG2716,0,223.0,5.17e-75,176,3-176
b1972,GCF_000005845.2,NP_416481.1,211,1-211,211,COG2717,COG2717,0,213.0,4.86e-70,209,1-209
b1784,GCF_000005845.2,NP_416298.1,427,1-427,427,COG2718,COG2718,0,615.0,1.0e-200,423,1-420
b1188,GCF_000005845.2,NP_415706.1,510,1-510,510,COG2719,COG2719,0,785.0,1.0e-200,495,3-491
b3091,GCF_000005845.2,NP_417562.1,495,102-495,394,COG2721,COG2721,1,520.0,1.0e-200,381,1-381
b3128,GCF_000005845.2,NP_417597.1,523,114-523,410,COG2721,COG2721,1,446.0,8.94e-155,381,1-381
b2716,GCF_000005845.2,NP_417196.1,474,1-474,474,COG2723,COG2723,0,576.0,1.0e-200,460,1-456
b2901,GCF_000005845.2,NP_417377.1,479,1-479,479,COG2723,COG2723,0,587.0,1.0e-200,460,1-455
b3721,GCF_000005845.2,NP_418177.1,470,1-470,470,COG2723,COG2723,0,574.0,1.0e-200,460,1-456
b3077,GCF_000005845.2,NP_417548.1,149,1-149,149,COG2731,COG2731,0,132.0,4.72e-40,154,1-154
b3221,GCF_000005845.2,NP_417688.1,154,1-154,154,COG2731,COG2731,0,167.0,8.12e-54,154,1-142
b3576,GCF_000005845.2,NP_418033.1,155,1-155,155,COG2731,COG2731,0,177.0,8.68e-58,154,1-154
b4252,GCF_000005845.2,NP_418673.4,150,1-150,150,COG2731,COG2731,0,185.0,4.39e-61,154,1-152
b3239,GCF_000005845.2,NP_417706.1,90,1-90,90,COG2732,COG2732,0,115.0,5.56e-35,91,1-90
b4336,GCF_000005845.2,NP_418756.1,426,1-426,426,COG2733,COG2733,0,470.0,5.18e-165,415,1-415
b1071,GCF_000005845.2,NP_415589.1,97,1-97,97,COG2747,COG2747,0,91.3,1.46e-25,93,1-92
b0494,GCF_000005845.2,NP_415027.1,208,1-208,208,COG2755,COG2755,0,127.0,2.92e-36,216,1-215
b4107,GCF_000005845.2,NP_418531.1,147,1-147,147,COG2764,COG2764,0,135.0,1.62e-41,136,1-136
b1783,GCF_000005845.2,NP_416297.1,644,1-644,644,COG2766,COG2766,0,956.0,1.0e-200,649,1-649
b0294,GCF_000005845.2,NP_414828.1,196,145-196,52,COG2771,COG2771,3,46.4,1.08e-07,65,5-51
b0315,GCF_000005845.2,NP_414849.1,362,1-93,93,COG2771,COG2771,1,35.2,0.001,65,1-51
b1951,GCF_000005845.2,NP_416461.1,207,134-207,74,COG2771,COG2771,1,40.2,2.2e-05,65,2-55
b2846,GCF_000005845.2,NP_417323.2,210,148-210,63,COG2771,COG2771,1,36.7,3.23e-04,65,5-57
b3507,GCF_000005845.2,NP_417964.1,176,112-176,65,COG2771,COG2771,1,39.4,3.09e-05,65,3-57
b0267,GCF_000005845.2,NP_414801.1,384,1-307,307,COG2801,COG2801,1,57.2,2.13e-09,232,12-230
b0299,GCF_000005845.2,NP_414833.1,288,1-288,288,COG2801,COG2801,0,123.0,6.33e-34,232,1-229
b0361,GCF_000005845.2,NP_414895.1,301,1-301,301,COG2801,COG2801,0,57.2,1.94e-09,232,1-230
b0372,GCF_000005845.2,NP_414906.1,288,1-288,288,COG2801,COG2801,0,123.0,6.33e-34,232,1-229
b0541,GCF_000005845.2,NP_415073.1,288,1-288,288,COG2801,COG2801,0,123.0,6.33e-34,232,1-229
b1026,GCF_000005845.2,NP_415545.1,288,1-288,288,COG2801,COG2801,0,123.0,6.33e-34,232,1-229
b1402,GCF_000005845.2,NP_415920.1,301,1-301,301,COG2801,COG2801,0,57.2,1.94e-09,232,1-230
b1996,GCF_000005845.2,NP_416500.1,301,1-301,301,COG2801,COG2801,0,57.2,1.94e-09,232,1-230
b2089,GCF_000005845.2,NP_416593.1,288,1-288,288,COG2801,COG2801,0,123.0,6.33e-34,232,1-229
b2860,GCF_000005845.2,NP_417337.1,301,1-301,301,COG2801,COG2801,0,57.2,1.94e-09,232,1-230
b3045,GCF_000005845.2,NP_417517.1,301,1-301,301,COG2801,COG2801,0,57.2,1.94e-09,232,1-230
b3558,GCF_000005845.2,NP_418015.1,283,1-283,283,COG2801,COG2801,0,122.0,2.35e-33,232,9-225
b4273,GCF_000005845.2,NP_418693.1,301,1-301,301,COG2801,COG2801,0,57.2,1.94e-09,232,1-230
b0107,GCF_000005845.2,NP_414649.1,461,1-461,461,COG2804,COG2804,0,536.0,1.0e-200,500,21-500
b3326,GCF_000005845.2,NP_417785.1,493,1-493,493,COG2804,COG2804,0,558.0,1.0e-200,500,21-497
b2950,GCF_000005845.2,NP_417425.2,326,1-326,326,COG2805,COG2805,0,456.0,5.39e-162,353,3-332
b0341,GCF_000005845.2,NP_414875.1,384,1-384,384,COG2807,COG2807,0,275.0,1.58e-89,395,13-395
b1791,GCF_000005845.2,NP_416305.1,393,1-393,393,COG2807,COG2807,0,346.0,5.76e-117,395,7-391
b0470,GCF_000005845.2,NP_415003.1,643,1-556,556,COG2812,COG2812,1,484.0,6.24e-166,515,1-511
b3084,GCF_000005845.2,NP_417555.4,378,70-378,309,COG2813,COG2813,1,325.0,1.06e-110,300,2-299
b4371,GCF_000005845.2,NP_418788.1,343,1-343,343,COG2813,COG2813,0,357.0,1.13e-123,300,4-300
b0353,GCF_000005845.2,NP_414887.2,403,1-403,403,COG2814,COG2814,0,76.5,4.99e-15,394,43-390
b0396,GCF_000005845.2,NP_414930.3,394,1-394,394,COG2814,COG2814,0,213.0,2.67e-65,394,11-394
b0427,GCF_000005845.2,NP_414961.4,454,1-454,454,COG2814,COG2814,1,85.8,6.18e-18,394,30-382
b0842,GCF_000005845.2,NP_415363.1,410,1-335,335,COG2814,COG2814,3,61.1,4.91e-10,394,53-322
b0898,GCF_000005845.2,NP_415418.1,382,1-382,382,COG2814,COG2814,0,53.4,1.73e-07,394,31-394
b1053,GCF_000005845.2,NP_415571.1,408,1-408,408,COG2814,COG2814,0,86.5,2.65e-18,394,20-390
b1528,GCF_000005845.2,NP_416045.1,396,1-396,396,COG2814,COG2814,0,229.0,1.68e-71,394,1-388
b1534,GCF_000005845.2,NP_416051.1,395,1-395,395,COG2814,COG2814,0,53.0,1.87e-07,394,39-390
b1596,GCF_000005845.2,NP_416113.1,417,1-417,417,COG2814,COG2814,0,109.0,2.57e-26,394,9-388
b1657,GCF_000005845.2,NP_416174.1,389,1-389,389,COG2814,COG2814,0,237.0,1.06e-74,394,15-394
b1828,GCF_000005845.2,NP_416342.4,457,1-363,363,COG2814,COG2814,1,70.4,6.73e-13,394,14-390
b2077,GCF_000005845.2,NP_416581.1,471,1-471,471,COG2814,COG2814,0,62.3,2.52e-10,394,8-367
b2170,GCF_000005845.2,NP_416675.1,393,1-393,393,COG2814,COG2814,0,61.5,3.48e-10,394,19-383
b2182,GCF_000005845.2,NP_416687.1,396,1-396,396,COG2814,COG2814,0,84.2,1.28e-17,394,4-391
b2322,GCF_000005845.2,NP_416825.1,392,1-392,392,COG2814,COG2814,0,62.3,2.12e-10,394,5-389
b2367,GCF_000005845.2,NP_416868.1,512,1-213,213,COG2814,COG2814,3,71.1,3.69e-13,394,1-208
b2587,GCF_000005845.2,NP_417082.1,432,78-432,355,COG2814,COG2814,3,47.3,1.43e-05,394,63-390
b2686,GCF_000005845.2,NP_417171.1,512,1-189,189,COG2814,COG2814,3,77.7,2.85e-15,394,16-188
b2771,GCF_000005845.2,NP_417251.2,445,1-445,445,COG2814,COG2814,0,52.3,4.61e-07,394,22-390
b2841,GCF_000005845.2,NP_417318.1,472,1-472,472,COG2814,COG2814,0,77.3,3.76e-15,394,1-384
b2943,GCF_000005845.2,NP_417418.1,464,1-464,464,COG2814,COG2814,0,84.6,1.18e-17,394,16-391
b3224,GCF_000005845.2,NP_417691.4,496,1-234,234,COG2814,COG2814,3,77.3,4.03e-15,394,8-225
b3473,GCF_000005845.2,NP_417930.2,405,1-405,405,COG2814,COG2814,0,52.3,3.99e-07,394,2-394
b3659,GCF_000005845.2,NP_418115.1,394,1-394,394,COG2814,COG2814,0,57.7,7.17e-09,394,7-386
b3662,GCF_000005845.2,NP_418118.2,396,1-396,396,COG2814,COG2814,0,243.0,6.97e-77,394,9-390
b3673,GCF_000005845.2,NP_418129.2,394,1-394,394,COG2814,COG2814,0,80.4,2.85e-16,394,27-394
b3710,GCF_000005845.2,NP_418166.1,391,1-391,391,COG2814,COG2814,0,70.0,6.48e-13,394,36-390
b3754,GCF_000005845.2,NP_418210.1,475,1-187,187,COG2814,COG2814,3,64.2,5.74e-11,394,3-189
b4111,GCF_000005845.2,NP_418535.1,500,1-500,500,COG2814,COG2814,0,65.7,1.95e-11,394,8-394
b4279,GCF_000005845.2,NP_418699.4,405,1-405,405,COG2814,COG2814,0,98.9,1.39e-22,394,8-389
b4337,GCF_000005845.2,NP_418757.1,410,1-330,330,COG2814,COG2814,3,71.5,2.19e-13,394,17-321
b0070,GCF_000005845.2,YP_025293.1,392,1-392,392,COG2814,COG2814,0,61.1,4.96e-10,394,9-382
b1660,GCF_000005845.2,YP_025306.1,403,1-403,403,COG2814,COG2814,0,70.8,3.48e-13,394,8-391
b3996,GCF_000005845.2,YP_026280.1,257,1-257,257,COG2816,COG2816,0,338.0,8.64e-118,279,10-274
b3549,GCF_000005845.2,NP_418005.1,187,1-187,187,COG2818,COG2818,0,292.0,2.99e-102,188,1-187
b3831,GCF_000005845.2,NP_418275.1,253,1-253,253,COG2820,COG2820,0,329.0,8.03e-115,248,1-248
b2813,GCF_000005845.2,NP_417293.1,365,1-365,365,COG2821,COG2821,0,430.0,6.52e-151,373,1-373
b1018,GCF_000005845.2,NP_415537.1,375,1-375,375,COG2822,COG2822,0,591.0,1.0e-200,376,1-376
b3150,GCF_000005845.2,NP_417619.1,191,1-191,191,COG2823,COG2823,0,183.0,8.41e-59,196,11-188
b4376,GCF_000005845.2,NP_418793.1,201,1-201,201,COG2823,COG2823,0,122.0,7.39e-35,196,1-195
b4108,GCF_000005845.2,NP_418532.1,111,1-111,111,COG2824,COG2824,0,190.0,3.68e-64,112,1-111
b0178,GCF_000005845.2,NP_414720.1,161,1-161,161,COG2825,COG2825,0,115.0,2.89e-33,170,19-165
b0256,GCF_000005845.2,NP_414790.1,383,1-383,383,COG2826,COG2826,0,334.0,1.36e-113,318,1-318
b1404,GCF_000005845.2,NP_415922.1,383,1-383,383,COG2826,COG2826,0,333.0,2.1e-113,318,1-318
b4284,GCF_000005845.2,NP_418704.1,383,1-383,383,COG2826,COG2826,0,333.0,2.1e-113,318,1-318
b3155,GCF_000005845.2,NP_417624.1,100,1-100,100,COG2827,COG2827,0,106.0,1.88e-31,95,2-95
b0769,GCF_000005845.2,NP_415290.1,350,1-350,350,COG2828,COG2828,0,444.0,1.43e-156,378,3-374
b3821,GCF_000005845.2,NP_418265.1,289,1-289,289,COG2829,COG2829,0,419.0,1.68e-148,317,11-317
b0468,GCF_000005845.2,NP_415001.1,125,1-125,125,COG2832,COG2832,0,121.0,1.06e-36,119,1-105
b0891,GCF_000005845.2,NP_415411.2,203,1-203,203,COG2834,COG2834,0,173.0,1.58e-54,211,5-210
b0917,GCF_000005845.2,NP_415437.1,60,1-60,60,COG2835,COG2835,0,83.6,2.11e-23,60,1-58
b1019,GCF_000005845.2,NP_415538.1,423,1-423,423,COG2837,COG2837,0,332.0,5.62e-112,352,1-352
b2431,GCF_000005845.2,NP_416926.4,299,1-299,299,COG2837,COG2837,0,329.0,2.23e-112,352,22-343
b1340,GCF_000005845.2,NP_415856.1,187,1-187,187,COG2840,COG2840,0,178.0,3.89e-57,184,7-184
b2331,GCF_000005845.2,NP_416834.1,183,1-183,183,COG2840,COG2840,0,204.0,9.8e-68,184,1-184
b1426,GCF_000005845.2,NP_415943.4,74,1-74,74,COG2841,COG2841,0,77.8,9.48e-21,72,1-68
b0167,GCF_000005845.2,NP_414709.1,890,1-890,890,COG2844,COG2844,0,1118.0,1.0e-200,867,1-867
b4209,GCF_000005845.2,NP_418630.1,220,1-220,220,COG2846,COG2846,0,348.0,4.03e-123,221,1-221
b1128,GCF_000005845.2,NP_415646.4,373,1-373,373,COG2850,COG2850,0,497.0,5.67e-177,383,9-383
b1289,GCF_000005845.2,NP_415805.1,117,1-117,117,COG2852,COG2852,0,150.0,3.96e-48,129,11-127
b2346,GCF_000005845.2,NP_416848.1,251,1-251,251,COG2853,COG2853,0,299.0,6.86e-103,250,5-250
b3192,GCF_000005845.2,NP_417659.1,211,1-211,211,COG2854,COG2854,0,243.0,2.81e-82,202,3-202
b2158,GCF_000005845.2,NP_416663.1,349,1-349,349,COG2855,COG2855,0,343.0,2.76e-117,334,8-333
b0157,GCF_000005845.2,NP_414699.1,207,1-207,207,COG2860,COG2860,0,185.0,3.48e-59,209,4-209
b3646,GCF_000005845.2,NP_418103.4,205,1-205,205,COG2860,COG2860,0,213.0,1.93e-70,209,4-207
b3614,GCF_000005845.2,NP_418071.4,319,1-244,244,COG2861,COG2861,1,277.0,2.04e-93,250,24-248
b3002,GCF_000005845.2,NP_417475.1,164,1-164,164,COG2862,COG2862,0,201.0,7.18e-67,169,4-166
b1476,GCF_000005845.2,NP_415993.1,217,1-217,217,COG2864,COG2864,0,254.0,3.76e-86,218,2-217
b3892,GCF_000005845.2,NP_418328.1,211,1-211,211,COG2864,COG2864,0,271.0,5.46e-93,218,5-214
b1326,GCF_000005845.2,NP_415842.2,242,1-242,242,COG2866,COG2866,2,173.0,1.22e-51,374,99-372
b2619,GCF_000005845.2,NP_417109.1,158,1-158,158,COG2867,COG2867,0,204.0,2.72e-68,146,1-146
b3052,GCF_000005845.2,NP_417524.1,477,1-477,477,COG2870,COG2870,0,717.0,1.0e-200,467,1-467
b1215,GCF_000005845.2,NP_415733.1,284,1-284,284,COG2877,COG2877,0,455.0,1.99e-163,279,2-279
b1628,GCF_000005845.2,NP_416145.1,192,1-192,192,COG2878,COG2878,0,304.0,8.99e-107,198,1-192
b4353,GCF_000005845.2,NP_418773.1,67,1-67,67,COG2879,COG2879,0,99.8,1.09e-29,65,1-65
b4512,GCF_000005845.2,YP_588442.1,65,1-65,65,COG2879,COG2879,0,114.0,1.07e-35,65,1-65
b1942,GCF_000005845.2,NP_416452.1,147,1-147,147,COG2882,COG2882,0,124.0,4.99e-37,148,1-145
b3463,GCF_000005845.2,NP_417920.1,222,1-222,222,COG2884,COG2884,0,343.0,3.85e-121,223,1-222
b0741,GCF_000005845.2,NP_415269.1,173,1-173,173,COG2885,COG2885,0,145.0,2.46e-44,190,3-187
b0957,GCF_000005845.2,NP_415477.1,346,152-346,195,COG2885,COG2885,1,139.0,5.86e-40,190,1-190
b2605,GCF_000005845.2,NP_417096.1,160,1-160,160,COG2885,COG2885,2,125.0,8.77e-37,190,53-189
b3552,GCF_000005845.2,YP_026228.1,219,1-219,219,COG2885,COG2885,0,151.0,4.23e-46,190,1-189
b1212,GCF_000005845.2,NP_415730.1,277,1-277,277,COG2890,COG2890,0,290.0,1.32e-98,280,1-278
b2330,GCF_000005845.2,NP_416833.4,310,1-310,310,COG2890,COG2890,0,243.0,1.07e-79,280,1-280
b3249,GCF_000005845.2,NP_417715.1,162,1-162,162,COG2891,COG2891,0,137.0,1.45e-41,167,10-163
b0129,GCF_000005845.2,NP_414671.1,146,1-146,146,COG2893,COG2893,0,136.0,8.01e-42,143,1-143
b1817,GCF_000005845.2,NP_416331.1,323,1-151,151,COG2893,COG2893,1,152.0,3.26e-46,143,2-132
b1175,GCF_000005845.2,NP_415693.1,270,1-270,270,COG2894,COG2894,0,426.0,2.82e-152,272,1-269
b2751,GCF_000005845.2,NP_417231.1,475,1-475,475,COG2895,COG2895,0,690.0,1.0e-200,431,1-431
b0781,GCF_000005845.2,NP_415302.1,329,1-329,329,COG2896,COG2896,0,390.0,1.24e-136,322,1-322
b1757,GCF_000005845.2,NP_416271.4,435,134-435,302,COG2897,COG2897,1,231.0,2.56e-73,285,2-285
b2521,GCF_000005845.2,NP_417016.4,281,1-281,281,COG2897,COG2897,0,309.0,6.62e-106,285,7-282
b3348,GCF_000005845.2,NP_417807.1,72,1-72,72,COG2900,COG2900,0,90.9,6.39e-26,72,1-72
b3261,GCF_000005845.2,NP_417727.1,98,1-98,98,COG2901,COG2901,0,188.0,7.28e-64,98,1-97
b2794,GCF_000005845.2,NP_417274.1,282,1-139,139,COG2904,COG2904,1,228.0,2.68e-76,137,1-137
b3197,GCF_000005845.2,NP_417664.1,328,216-328,113,COG2905,COG2905,3,58.6,5.8e-09,610,160-268
b3337,GCF_000005845.2,NP_417796.1,64,1-64,64,COG2906,COG2906,0,81.3,1.69e-22,63,1-63
b0524,GCF_000005845.2,NP_415057.1,240,1-240,240,COG2908,COG2908,0,271.0,3.79e-92,237,1-236
b3418,GCF_000005845.2,NP_417877.1,901,1-901,901,COG2909,COG2909,0,936.0,1.0e-200,894,6-894
b4221,GCF_000005845.2,NP_418642.1,1259,1-1259,1259,COG2911,COG2911,0,1175.0,1.0e-200,1278,8-1278
b1214,GCF_000005845.2,NP_415732.1,269,1-269,269,COG2912,COG2912,0,304.0,2.48e-104,269,2-269
b2617,GCF_000005845.2,NP_417107.2,113,1-113,113,COG2913,COG2913,0,132.0,1.02e-40,147,4-120
b2618,GCF_000005845.2,NP_417108.4,96,1-96,96,COG2914,COG2914,0,143.0,3.71e-46,99,1-93
b1132,GCF_000005845.2,NP_415650.1,213,1-213,213,COG2915,COG2915,0,343.0,8.75e-122,207,2-207
b1237,GCF_000005845.2,NP_415753.1,137,1-137,137,COG2916,COG2916,0,138.0,4.91e-43,128,1-128
b2669,GCF_000005845.2,NP_417155.1,134,1-134,134,COG2916,COG2916,0,135.0,8.48e-42,128,2-127
b1254,GCF_000005845.2,NP_415770.1,179,1-179,179,COG2917,COG2917,0,241.0,3.53e-82,180,1-179
b2688,GCF_000005845.2,NP_417173.1,518,1-518,518,COG2918,COG2918,0,799.0,1.0e-200,518,1-518
b2748,GCF_000005845.2,NP_417228.1,103,1-103,103,COG2919,COG2919,2,88.2,8.44e-24,117,39-116
b0969,GCF_000005845.2,NP_415489.4,109,1-109,109,COG2920,COG2920,0,187.0,4.03e-63,111,3-111
b0631,GCF_000005845.2,NP_415164.1,87,1-87,87,COG2921,COG2921,0,133.0,2.63e-42,90,3-90
b3284,GCF_000005845.2,NP_417743.1,157,1-157,157,COG2922,COG2922,0,266.0,7.43e-93,157,1-157
b3344,GCF_000005845.2,NP_417803.1,119,1-119,119,COG2923,COG2923,0,162.0,6.64e-53,118,1-118
b2962,GCF_000005845.2,NP_417437.1,91,1-91,91,COG2924,COG2924,0,166.0,3.04e-55,90,1-90
b2011,GCF_000005845.2,NP_416515.1,475,1-475,475,COG2925,COG2925,0,817.0,1.0e-200,475,1-475
b2007,GCF_000005845.2,NP_416511.4,109,1-109,109,COG2926,COG2926,0,193.0,1.25e-65,109,1-105
b4259,GCF_000005845.2,NP_418680.1,147,1-147,147,COG2927,COG2927,0,159.0,3.8e-51,144,1-142
b2806,GCF_000005845.2,NP_417286.1,366,1-366,366,COG2933,COG2933,0,660.0,1.0e-200,358,1-358
b4041,GCF_000005845.2,NP_418465.4,807,1-807,807,COG2937,COG2937,0,1127.0,1.0e-200,810,1-803
b2897,GCF_000005845.2,NP_417373.1,88,1-88,88,COG2938,COG2938,0,105.0,3.18e-31,94,10-94
b3880,GCF_000005845.2,NP_418316.4,413,1-413,413,COG2942,COG2942,0,362.0,4.96e-123,388,1-388
b1049,GCF_000005845.2,NP_415567.1,847,1-847,847,COG2943,COG2943,0,1147.0,1.0e-200,736,1-735
b3021,GCF_000005845.2,NP_417493.1,131,1-131,131,COG2944,COG2944,0,46.4,1.97e-07,104,4-102
b3555,GCF_000005845.2,NP_418011.1,96,1-96,96,COG2944,COG2944,0,86.4,2.12e-23,104,11-104
b2144,GCF_000005845.2,NP_416649.1,239,1-239,239,COG2949,COG2949,0,288.0,5.07e-99,235,13-235
b3086,GCF_000005845.2,NP_417557.1,230,1-230,230,COG2949,COG2949,0,321.0,3.81e-112,235,1-235
b2701,GCF_000005845.2,NP_417181.1,361,1-361,361,COG2951,COG2951,0,304.0,9.66e-102,343,1-339
b1280,GCF_000005845.2,NP_415796.1,389,1-389,389,COG2956,COG2956,0,597.0,1.0e-200,389,10-389
b3803,GCF_000005845.2,NP_418247.1,393,1-393,393,COG2959,COG2959,0,449.0,1.35e-157,391,1-389
b3042,GCF_000005845.2,NP_417514.4,96,1-96,96,COG2960,COG2960,0,92.3,9.57e-26,103,10-103
b3499,GCF_000005845.2,NP_417956.1,280,1-280,280,COG2961,COG2961,0,434.0,2.11e-155,279,1-279
b3819,GCF_000005845.2,YP_026262.1,296,1-296,296,COG2962,COG2962,0,352.0,1.55e-122,293,2-292
b0298,GCF_000005845.2,NP_414832.2,99,1-99,99,COG2963,COG2963,0,47.4,5.73e-08,116,5-95
b0360,GCF_000005845.2,NP_414894.2,121,1-121,121,COG2963,COG2963,0,51.4,3.4e-09,116,1-108
b0373,GCF_000005845.2,NP_414907.2,99,1-99,99,COG2963,COG2963,0,47.4,5.73e-08,116,5-95
b0540,GCF_000005845.2,NP_415072.2,99,1-99,99,COG2963,COG2963,0,47.4,5.73e-08,116,5-95
b1027,GCF_000005845.2,NP_415546.2,99,1-99,99,COG2963,COG2963,0,47.4,5.73e-08,116,5-95
b1403,GCF_000005845.2,NP_415921.2,121,1-121,121,COG2963,COG2963,0,51.4,3.4e-09,116,1-108
b2088,GCF_000005845.2,NP_416592.2,99,1-99,99,COG2963,COG2963,0,47.4,5.73e-08,116,5-95
b2861,GCF_000005845.2,NP_417338.3,121,1-121,121,COG2963,COG2963,0,51.4,3.4e-09,116,1-108
b3044,GCF_000005845.2,NP_417516.3,121,1-121,121,COG2963,COG2963,0,51.4,3.4e-09,116,1-108
b3557,GCF_000005845.2,NP_418014.1,173,1-173,173,COG2963,COG2963,1,62.2,6.25e-13,116,3-116
b4272,GCF_000005845.2,NP_418692.2,121,1-121,121,COG2963,COG2963,0,51.4,3.4e-09,116,1-108
b1997,GCF_000005845.2,YP_026163.2,121,1-121,121,COG2963,COG2963,0,51.4,3.4e-09,116,1-108
b3346,GCF_000005845.2,NP_417805.4,240,1-240,240,COG2964,COG2964,0,276.0,1.05e-94,220,2-218
b4201,GCF_000005845.2,NP_418622.1,104,1-104,104,COG2965,COG2965,0,156.0,5.79e-51,103,3-103
b4364,GCF_000005845.2,NP_418784.4,256,1-256,256,COG2966,COG2966,0,223.0,8.74e-73,250,7-250
b0050,GCF_000005845.2,NP_414592.1,125,1-125,125,COG2967,COG2967,0,198.0,5.49e-67,126,2-126
b2922,GCF_000005845.2,NP_417397.1,246,1-246,246,COG2968,COG2968,0,200.0,3.72e-64,243,4-243
b3228,GCF_000005845.2,NP_417695.1,165,1-165,165,COG2969,COG2969,0,205.0,1.74e-68,155,1-127
b4393,GCF_000005845.2,NP_418810.1,108,1-108,108,COG2973,COG2973,0,147.0,1.61e-47,103,1-102
b0393,GCF_000005845.2,NP_414927.1,303,1-303,303,COG2974,COG2974,0,456.0,2.73e-163,303,1-302
b2524,GCF_000005845.2,NP_417019.1,66,1-66,66,COG2975,COG2975,0,115.0,6.35e-36,64,1-64
b2513,GCF_000005845.2,NP_417008.1,206,1-206,206,COG2976,COG2976,0,246.0,1.68e-83,207,1-206
b0583,GCF_000005845.2,NP_415115.2,206,1-206,206,COG2977,COG2977,0,216.0,2.4e-71,228,4-215
b1336,GCF_000005845.2,NP_415852.2,508,1-508,508,COG2978,COG2978,0,507.0,6.39e-177,516,14-515
b1846,GCF_000005845.2,NP_416360.1,219,1-219,219,COG2979,COG2979,0,194.0,2.24e-62,225,5-225
b0641,GCF_000005845.2,NP_415174.1,193,1-193,193,COG2980,COG2980,0,201.0,3.67e-66,178,1-169
b2413,GCF_000005845.2,NP_416908.1,253,1-253,253,COG2981,COG2981,0,332.0,1.02e-115,250,7-249
b2064,GCF_000005845.2,NP_416568.1,617,1-617,617,COG2982,COG2982,0,433.0,3.24e-144,648,4-629
b3524,GCF_000005845.2,NP_417981.2,686,1-686,686,COG2982,COG2982,0,470.0,9.28e-158,648,1-627
b1181,GCF_000005845.2,NP_415699.5,153,1-153,153,COG2983,COG2983,0,227.0,2.02e-77,153,1-152
b0847,GCF_000005845.2,NP_415368.1,561,1-561,561,COG2985,COG2985,0,519.0,4.35e-180,544,1-544
b3685,GCF_000005845.2,NP_418140.4,553,1-553,553,COG2985,COG2985,0,564.0,1.0e-200,544,1-541
b1744,GCF_000005845.2,NP_416258.1,322,1-322,322,COG2988,COG2988,0,469.0,1.02e-167,324,1-321
b0925,GCF_000005845.2,NP_415445.1,615,1-615,615,COG2989,COG2989,0,625.0,1.0e-200,561,1-561
b0877,GCF_000005845.2,NP_415398.1,330,1-330,330,COG2990,COG2990,0,309.0,8.73e-105,300,1-300
b1081,GCF_000005845.2,NP_415599.1,313,169-313,145,COG2992,COG2992,3,49.1,1.49e-06,262,136-253
b3570,GCF_000005845.2,YP_026230.1,274,1-274,274,COG2992,COG2992,0,414.0,5.74e-148,262,1-262
b0950,GCF_000005845.2,NP_415470.1,417,1-417,417,COG2995,COG2995,0,441.0,1.82e-153,418,1-417
b1833,GCF_000005845.2,NP_416347.1,427,1-427,427,COG2995,COG2995,0,491.0,2.0e-173,418,7-418
b1064,GCF_000005845.2,NP_415582.1,215,1-215,215,COG2999,COG2999,0,365.0,5.27e-130,215,1-215
b1725,GCF_000005845.2,NP_416239.1,286,1-286,286,COG3001,COG3001,0,438.0,1.2e-156,286,1-285
b0019,GCF_000005845.2,NP_414560.1,388,1-388,388,COG3004,COG3004,0,499.0,2.76e-177,390,4-389
b0996,GCF_000005845.2,NP_415516.1,390,1-191,191,COG3005,COG3005,1,255.0,8.7e-85,190,1-190
b1873,GCF_000005845.2,NP_416387.1,366,1-182,182,COG3005,COG3005,1,215.0,1.99e-69,190,9-189
b2202,GCF_000005845.2,NP_416706.1,200,1-200,200,COG3005,COG3005,0,290.0,5.06e-101,190,1-190
b0922,GCF_000005845.2,NP_415442.1,440,1-440,440,COG3006,COG3006,0,862.0,1.0e-200,440,1-440
b0951,GCF_000005845.2,NP_415471.1,546,1-546,546,COG3008,COG3008,0,681.0,1.0e-200,553,5-553
b1834,GCF_000005845.2,NP_416348.2,877,1-568,568,COG3008,COG3008,1,669.0,1.0e-200,553,1-553
b1834,GCF_000005845.2,NP_416348.2,877,631-877,247,COG3008,COG3008,3,166.0,1.93e-43,553,43-277
b0952,GCF_000005845.2,NP_415472.2,187,1-187,187,COG3009,COG3009,0,228.0,1.13e-76,190,1-190
b3223,GCF_000005845.2,NP_417690.1,229,1-229,229,COG3010,COG3010,0,306.0,3.51e-106,229,1-229
b1233,GCF_000005845.2,NP_415749.1,152,1-152,152,COG3012,COG3012,0,238.0,5.0e-82,151,1-151
b2294,GCF_000005845.2,NP_416797.2,164,1-164,164,COG3013,COG3013,0,317.0,1.22e-112,168,5-168
b0192,GCF_000005845.2,NP_414734.1,236,1-236,236,COG3015,COG3015,0,257.0,9.44e-88,178,1-178
b1209,GCF_000005845.2,NP_415727.1,207,1-207,207,COG3017,COG3017,0,250.0,6.61e-85,206,1-206
b0209,GCF_000005845.2,NP_414745.1,266,1-266,266,COG3021,COG3021,0,234.0,4.33e-76,309,41-309
b0006,GCF_000005845.2,NP_414547.1,258,1-258,258,COG3022,COG3022,0,365.0,1.33e-128,253,1-253
b0110,GCF_000005845.2,NP_414652.1,183,1-183,183,COG3023,COG3023,2,232.0,1.78e-77,257,1-174
b0867,GCF_000005845.2,NP_415388.1,276,1-276,276,COG3023,COG3023,0,277.0,8.29e-94,257,11-257
b0101,GCF_000005845.2,NP_414643.1,65,1-65,65,COG3024,COG3024,0,95.1,8.18e-28,65,6-63
b3054,GCF_000005845.2,NP_417526.1,433,1-433,433,COG3025,COG3025,0,541.0,1.0e-200,432,1-432
b2571,GCF_000005845.2,NP_417066.1,318,1-318,318,COG3026,COG3026,0,483.0,2.8e-173,320,1-320
b2910,GCF_000005845.2,NP_417386.1,109,1-109,109,COG3027,COG3027,0,86.7,2.26e-23,105,4-92
b4234,GCF_000005845.2,NP_418655.1,183,1-183,183,COG3028,COG3028,0,248.0,1.29e-84,187,1-184
b4152,GCF_000005845.2,NP_418576.1,131,1-131,131,COG3029,COG3029,0,214.0,4.58e-73,129,1-128
b4140,GCF_000005845.2,NP_418564.2,158,1-158,158,COG3030,COG3030,0,127.0,7.27e-38,158,1-158
b3324,GCF_000005845.2,NP_417783.1,271,1-271,271,COG3031,COG3031,0,281.0,5.26e-95,275,1-275
b3708,GCF_000005845.2,NP_418164.4,471,1-471,471,COG3033,COG3033,0,762.0,1.0e-200,471,2-470
b0224,GCF_000005845.2,NP_414759.1,246,1-246,246,COG3034,COG3034,0,286.0,4.76e-97,298,5-256
b4550,GCF_000005845.2,YP_588467.1,72,1-72,72,COG3036,COG3036,0,95.5,7.23e-28,66,4-66
b4193,GCF_000005845.2,NP_418614.4,465,1-465,465,COG3037,COG3037,0,461.0,1.09e-159,481,1-481
b1057,GCF_000005845.2,NP_415575.1,188,1-188,188,COG3038,COG3038,0,181.0,2.42e-58,181,1-181
b1418,GCF_000005845.2,NP_415935.2,176,1-176,176,COG3038,COG3038,0,120.0,1.19e-34,181,4-181
b1974,GCF_000005845.2,NP_416483.4,176,1-176,176,COG3038,COG3038,0,158.0,1.38e-49,181,5-181
b0259,GCF_000005845.2,NP_414793.1,338,75-338,264,COG3039,COG3039,1,136.0,3.54e-38,230,1-230
b0552,GCF_000005845.2,NP_415084.1,338,75-338,264,COG3039,COG3039,1,136.0,3.54e-38,230,1-230
b0656,GCF_000005845.2,NP_415189.1,338,75-338,264,COG3039,COG3039,1,136.0,3.54e-38,230,1-230
b1331,GCF_000005845.2,NP_415847.1,338,75-338,264,COG3039,COG3039,1,136.0,3.54e-38,230,1-230
b1370,GCF_000005845.2,NP_415888.1,326,63-326,264,COG3039,COG3039,1,134.0,8.18e-38,230,1-230
b1994,GCF_000005845.2,NP_416498.1,338,75-338,264,COG3039,COG3039,1,138.0,5.49e-39,230,1-230
b2030,GCF_000005845.2,NP_416535.1,338,75-338,264,COG3039,COG3039,1,136.0,3.54e-38,230,1-230
b2192,GCF_000005845.2,NP_416696.1,338,75-338,264,COG3039,COG3039,1,136.0,3.54e-38,230,1-230
b2982,GCF_000005845.2,NP_417456.1,338,75-338,264,COG3039,COG3039,1,136.0,3.54e-38,230,1-230
b3218,GCF_000005845.2,NP_417685.1,338,75-338,264,COG3039,COG3039,1,136.0,3.54e-38,230,1-230
b3505,GCF_000005845.2,NP_417962.1,338,75-338,264,COG3039,COG3039,1,136.0,3.54e-38,230,1-230
b4711,GCF_000005845.2,YP_009518770.1,338,75-338,264,COG3039,COG3039,1,136.0,3.54e-38,230,1-230
b4149,GCF_000005845.2,NP_418573.1,177,1-177,177,COG3040,COG3040,0,230.0,6.01e-78,174,1-174
b0225,GCF_000005845.2,NP_414760.1,92,1-92,92,COG3041,COG3041,0,110.0,2.57e-33,91,1-91
b1793,GCF_000005845.2,NP_416307.1,84,1-84,84,COG3042,COG3042,0,91.9,4.69e-26,85,1-85
b4529,GCF_000005845.2,YP_588453.1,88,1-88,88,COG3042,COG3042,0,56.5,5.7e-12,85,1-85
b2203,GCF_000005845.2,NP_416707.4,149,1-149,149,COG3043,COG3043,0,225.0,1.42e-76,155,2-155
b4397,GCF_000005845.2,NP_418814.1,157,1-157,157,COG3045,COG3045,0,221.0,6.1e-75,165,19-157
b1256,GCF_000005845.2,NP_415772.1,212,1-212,212,COG3047,COG3047,0,269.0,3.53e-92,213,1-213
b2366,GCF_000005845.2,NP_416867.1,442,1-442,442,COG3048,COG3048,0,786.0,1.0e-200,443,1-443
b4372,GCF_000005845.2,NP_418789.1,137,1-137,137,COG3050,COG3050,0,205.0,2.03e-69,133,2-133
b0615,GCF_000005845.2,NP_415148.1,510,1-510,510,COG3051,COG3051,0,929.0,1.0e-200,513,1-513
b0617,GCF_000005845.2,NP_415150.1,98,1-98,98,COG3052,COG3052,0,169.0,2.89e-56,98,1-98
b0618,GCF_000005845.2,NP_415151.4,352,1-352,352,COG3053,COG3053,0,570.0,1.0e-200,352,1-352
b4216,GCF_000005845.2,NP_418637.1,184,1-184,184,COG3054,COG3054,0,326.0,9.24e-116,184,1-184
b4310,GCF_000005845.2,NP_418730.4,368,1-368,368,COG3055,COG3055,0,430.0,1.47e-150,381,9-381
b0434,GCF_000005845.2,NP_414968.4,192,1-192,192,COG3056,COG3056,0,288.0,4.12e-100,204,14-203
b0687,GCF_000005845.2,NP_415213.1,181,1-181,181,COG3057,COG3057,0,358.0,1.4e-128,181,1-181
b3891,GCF_000005845.2,NP_418327.1,309,1-309,309,COG3058,COG3058,0,483.0,8.4e-174,308,1-307
b0301,GCF_000005845.2,NP_414835.2,197,1-197,197,COG3059,COG3059,0,257.0,2.14e-88,182,2-182
b3938,GCF_000005845.2,NP_418373.1,105,1-105,105,COG3060,COG3060,0,214.0,7.77e-74,105,1-105
b1856,GCF_000005845.2,NP_416370.2,440,1-187,187,COG3061,COG3061,3,49.2,1.19e-06,242,89-238
b4206,GCF_000005845.2,NP_418627.4,212,1-212,212,COG3061,COG3061,0,233.0,1.4e-77,242,34-242
b2207,GCF_000005845.2,NP_416711.1,87,1-87,87,COG3062,COG3062,0,115.0,2.85e-35,94,3-87
b0739,GCF_000005845.2,NP_415267.1,421,1-421,421,COG3064,COG3064,0,186.0,1.05e-54,387,1-387
b3168,GCF_000005845.2,NP_417637.1,890,86-277,192,COG3064,COG3064,3,49.7,3.68e-06,387,76-263
b1806,GCF_000005845.2,NP_416320.1,193,1-193,193,COG3065,COG3065,0,242.0,3.68e-82,191,2-191
b3506,GCF_000005845.2,NP_417963.4,188,1-188,188,COG3065,COG3065,0,209.0,1.66e-69,191,5-191
b2831,GCF_000005845.2,NP_417308.1,229,1-229,229,COG3066,COG3066,0,416.0,6.38e-150,229,1-229
b1186,GCF_000005845.2,NP_415704.1,513,1-513,513,COG3067,COG3067,0,921.0,1.0e-200,516,1-516
b3999,GCF_000005845.2,NP_418427.1,196,1-196,196,COG3068,COG3068,0,381.0,3.77e-137,194,1-194
b0621,GCF_000005845.2,NP_415154.1,461,1-461,461,COG3069,COG3069,0,520.0,1.0e-200,451,18-434
b3227,GCF_000005845.2,NP_417694.1,455,1-455,455,COG3069,COG3069,0,484.0,2.49e-169,451,1-449
b0959,GCF_000005845.2,NP_415479.1,209,1-121,121,COG3070,COG3070,1,120.0,3.44e-35,121,1-121
b3802,GCF_000005845.2,NP_418246.1,398,1-398,398,COG3071,COG3071,0,453.0,4.57e-159,400,12-397
b3806,GCF_000005845.2,NP_418250.1,848,1-848,848,COG3072,COG3072,0,1474.0,1.0e-200,853,1-853
b2572,GCF_000005845.2,NP_417067.1,216,1-216,216,COG3073,COG3073,0,286.0,8.66e-99,213,5-213
b3928,GCF_000005845.2,NP_418363.1,81,1-81,81,COG3074,COG3074,0,139.0,4.98e-45,79,1-79
b2242,GCF_000005845.2,NP_416745.1,419,1-419,419,COG3075,COG3075,0,610.0,1.0e-200,421,1-421
b4255,GCF_000005845.2,NP_418676.1,138,1-138,138,COG3076,COG3076,0,212.0,3.03e-72,135,1-117
b0226,GCF_000005845.2,NP_414761.1,86,1-86,86,COG3077,COG3077,0,85.9,1.63e-23,88,1-87
b1564,GCF_000005845.2,NP_416082.1,79,1-79,79,COG3077,COG3077,0,60.5,1.08e-13,88,4-76
b3866,GCF_000005845.2,NP_418302.1,169,1-169,169,COG3078,COG3078,0,209.0,4.16e-70,169,11-149
b2909,GCF_000005845.2,NP_417385.4,192,1-192,192,COG3079,COG3079,0,251.0,4.32e-86,186,1-186
b4151,GCF_000005845.2,NP_418575.1,119,1-119,119,COG3080,COG3080,0,192.0,6.41e-65,118,1-118
b2186,GCF_000005845.2,NP_416691.1,335,1-335,335,COG3081,COG3081,0,612.0,1.0e-200,335,1-335
b2187,GCF_000005845.2,NP_416692.1,75,1-75,75,COG3082,COG3082,0,139.0,2.67e-45,74,1-74
b2188,GCF_000005845.2,NP_416693.1,586,1-586,586,COG3083,COG3083,0,846.0,1.0e-200,600,1-600
b3858,GCF_000005845.2,NP_418295.1,89,1-89,89,COG3084,COG3084,0,173.0,3.96e-58,88,1-88
b3764,GCF_000005845.2,NP_418213.1,112,1-112,112,COG3085,COG3085,0,211.0,2.18e-72,112,1-112
b2570,GCF_000005845.2,NP_417065.1,159,1-159,159,COG3086,COG3086,0,199.0,3.1e-66,150,1-149
b0633,GCF_000005845.2,NP_415166.1,362,251-362,112,COG3087,COG3087,3,45.8,1.58e-05,264,160-251
b3933,GCF_000005845.2,NP_418368.1,319,1-319,319,COG3087,COG3087,0,234.0,2.75e-76,264,2-264
b4075,GCF_000005845.2,NP_418499.1,127,1-127,127,COG3088,COG3088,3,134.0,2.89e-41,153,15-105
b3354,GCF_000005845.2,NP_417813.1,72,1-72,72,COG3089,COG3089,0,134.0,3.64e-43,72,1-71
b3577,GCF_000005845.2,NP_418034.1,157,1-157,157,COG3090,COG3090,0,106.0,2.68e-29,177,12-168
b2944,GCF_000005845.2,NP_417419.1,165,1-165,165,COG3091,COG3091,0,189.0,2.46e-62,156,1-153
b2295,GCF_000005845.2,NP_416798.1,151,1-151,151,COG3092,COG3092,0,270.0,1.54e-94,149,1-149
b0483,GCF_000005845.2,NP_415016.4,113,1-113,113,COG3093,COG3093,0,112.0,1.07e-33,104,1-102
b1477,GCF_000005845.2,NP_415994.4,94,1-94,94,COG3093,COG3093,0,86.4,2.05e-23,104,2-89
b1213,GCF_000005845.2,NP_415731.1,130,1-130,130,COG3094,COG3094,0,152.0,7.75e-49,129,9-129
b0923,GCF_000005845.2,NP_415443.2,234,1-234,234,COG3095,COG3095,0,446.0,2.4e-161,238,2-237
b0924,GCF_000005845.2,NP_415444.1,1486,1-1486,1486,COG3096,COG3096,0,2815.0,1.0e-200,1480,1-1480
b2900,GCF_000005845.2,NP_417376.1,103,1-103,103,COG3097,COG3097,0,180.0,2.07e-60,106,1-101
b2792,GCF_000005845.2,NP_417272.1,109,1-109,109,COG3098,COG3098,0,144.0,7.37e-46,109,1-109
b1248,GCF_000005845.2,NP_415764.4,109,1-109,109,COG3099,COG3099,0,179.0,6.51e-60,108,1-108
b1179,GCF_000005845.2,NP_415697.5,108,1-108,108,COG3100,COG3100,0,166.0,4.59e-55,103,1-103
b2326,GCF_000005845.2,NP_416829.1,182,1-182,182,COG3101,COG3101,0,340.0,3.86e-121,180,2-180
b1875,GCF_000005845.2,NP_416389.4,188,1-188,188,COG3102,COG3102,0,297.0,2.84e-104,185,1-185
b3055,GCF_000005845.2,NP_417527.1,206,1-206,206,COG3103,COG3103,0,214.0,8.35e-71,205,1-204
b0709,GCF_000005845.2,NP_415237.1,493,1-493,493,COG3104,COG3104,0,398.0,1.39e-134,498,13-498
b1634,GCF_000005845.2,NP_416151.1,500,1-500,500,COG3104,COG3104,0,410.0,4.95e-139,498,1-495
b3496,GCF_000005845.2,NP_417953.1,489,1-489,489,COG3104,COG3104,0,402.0,4.77e-136,498,8-498
b4130,GCF_000005845.2,NP_418554.1,485,1-485,485,COG3104,COG3104,0,384.0,3.53e-129,498,14-498
b3233,GCF_000005845.2,NP_417700.2,132,1-132,132,COG3105,COG3105,0,200.0,1.83e-67,138,6-138
b1321,GCF_000005845.2,NP_415837.1,465,1-465,465,COG3106,COG3106,0,753.0,1.0e-200,467,2-467
b3147,GCF_000005845.2,NP_417616.1,678,1-678,678,COG3107,COG3107,0,729.0,1.0e-200,604,1-604
b0926,GCF_000005845.2,NP_415446.1,182,1-182,182,COG3108,COG3108,0,243.0,9.09e-83,185,1-182
b1831,GCF_000005845.2,YP_026161.1,232,1-232,232,COG3109,COG3109,0,335.0,3.23e-118,208,1-208
b0964,GCF_000005845.2,NP_415484.1,220,1-220,220,COG3110,COG3110,0,276.0,9.61e-95,216,2-216
b1536,GCF_000005845.2,NP_416054.1,130,1-130,130,COG3111,COG3111,0,145.0,1.02e-45,128,1-126
b3024,GCF_000005845.2,NP_417496.1,130,1-130,130,COG3111,COG3111,0,177.0,1.49e-58,128,1-127
b0119,GCF_000005845.2,NP_414661.2,120,1-120,120,COG3112,COG3112,0,200.0,5.54e-68,121,1-121
b3191,GCF_000005845.2,NP_417658.4,97,1-97,97,COG3113,COG3113,0,94.0,1.73e-26,99,1-99
b2198,GCF_000005845.2,NP_416702.1,69,1-69,69,COG3114,COG3114,0,93.2,4.25e-27,67,2-66
b2412,GCF_000005845.2,NP_416907.1,328,1-328,328,COG3115,COG3115,0,396.0,6.76e-139,324,1-324
b0083,GCF_000005845.2,NP_414625.1,121,1-121,121,COG3116,COG3116,0,153.0,1.88e-49,105,1-103
b3199,GCF_000005845.2,NP_417666.1,191,1-191,191,COG3117,COG3117,0,196.0,3.69e-64,188,1-188
b0492,GCF_000005845.2,NP_415025.4,284,1-284,284,COG3118,COG3118,0,294.0,2.46e-99,304,20-304
b2582,GCF_000005845.2,NP_417077.1,139,1-139,139,COG3118,COG3118,3,103.0,5.17e-27,304,45-130
b3781,GCF_000005845.2,NP_418228.2,109,1-109,109,COG3118,COG3118,2,98.3,1.72e-25,304,24-127
b3530,GCF_000005845.2,YP_026226.4,1157,600-732,133,COG3118,COG3118,3,52.1,3.38e-07,304,131-257
b1498,GCF_000005845.2,NP_416015.2,560,1-560,560,COG3119,COG3119,0,293.0,3.68e-93,475,1-475
b3678,GCF_000005845.2,NP_418134.1,497,1-497,497,COG3119,COG3119,0,269.0,1.62e-84,475,3-463
b3801,GCF_000005845.2,NP_418245.1,551,82-551,470,COG3119,COG3119,1,269.0,7.61e-84,475,3-475
b0956,GCF_000005845.2,NP_415476.1,150,1-150,150,COG3120,COG3120,0,265.0,7.41e-93,149,1-149
b0140,GCF_000005845.2,NP_414682.1,246,1-246,246,COG3121,COG3121,0,233.0,3.8e-77,235,3-235
b0531,GCF_000005845.2,NP_415064.1,230,1-230,230,COG3121,COG3121,0,200.0,2.33e-64,235,3-230
b0717,GCF_000005845.2,NP_415245.1,242,1-242,242,COG3121,COG3121,0,205.0,2.3e-66,235,14-235
b0939,GCF_000005845.2,NP_415459.1,233,1-233,233,COG3121,COG3121,0,199.0,7.68e-64,235,8-231
b0944,GCF_000005845.2,NP_415464.4,236,1-236,236,COG3121,COG3121,0,170.0,8.94e-53,235,7-235
b2110,GCF_000005845.2,NP_416613.1,239,1-239,239,COG3121,COG3121,0,207.0,3.88e-67,235,2-233
b2336,GCF_000005845.2,NP_416839.1,250,1-250,250,COG3121,COG3121,0,188.0,1.41e-59,235,29-235
b3047,GCF_000005845.2,NP_417519.4,249,1-249,249,COG3121,COG3121,0,177.0,2.17e-55,235,3-235
b3143,GCF_000005845.2,NP_417612.1,231,1-231,231,COG3121,COG3121,0,218.0,2.66e-71,235,4-235
b3215,GCF_000005845.2,NP_417682.1,224,1-224,224,COG3121,COG3121,0,129.0,9.8e-37,235,8-234
b4316,GCF_000005845.2,NP_418736.3,241,1-241,241,COG3121,COG3121,0,199.0,7.83e-64,235,9-235
b0354,GCF_000005845.2,NP_414888.4,179,1-179,179,COG3122,COG3122,0,297.0,1.02e-103,215,40-215
b0391,GCF_000005845.2,NP_414925.1,94,1-94,94,COG3123,COG3123,0,161.0,3.43e-53,94,1-94
b0404,GCF_000005845.2,NP_414938.1,193,1-193,193,COG3124,COG3124,0,338.0,5.15e-120,193,1-193
b0429,GCF_000005845.2,NP_414963.1,109,1-109,109,COG3125,COG3125,0,142.0,2.52e-45,111,7-109
b0453,GCF_000005845.2,NP_414987.3,190,1-190,190,COG3126,COG3126,0,180.0,2.9e-58,158,1-158
b0496,GCF_000005845.2,NP_415029.1,804,1-804,804,COG3127,COG3127,0,845.0,1.0e-200,829,6-829
b0804,GCF_000005845.2,NP_415325.4,225,1-225,225,COG3128,COG3128,0,345.0,9.54e-122,229,3-229
b0807,GCF_000005845.2,NP_415328.4,308,1-308,308,COG3129,COG3129,0,489.0,1.32e-176,292,2-287
b0953,GCF_000005845.2,NP_415473.1,55,1-55,55,COG3130,COG3130,0,110.0,1.74e-34,55,1-55
b1048,GCF_000005845.2,NP_415566.1,511,1-511,511,COG3131,COG3131,0,769.0,1.0e-200,534,22-530
b1424,GCF_000005845.2,NP_415941.5,551,1-551,551,COG3131,COG3131,0,769.0,1.0e-200,534,1-534
b1067,GCF_000005845.2,NP_415585.1,215,1-215,215,COG3132,COG3132,0,359.0,8.17e-128,215,1-215
b2505,GCF_000005845.2,NP_417000.1,172,1-93,93,COG3133,COG3133,3,48.5,1.68e-07,154,3-83
b1641,GCF_000005845.2,YP_025304.1,155,1-155,155,COG3133,COG3133,0,207.0,1.78e-69,154,1-153
b1110,GCF_000005845.2,NP_415628.1,179,1-179,179,COG3134,COG3134,0,328.0,1.52e-116,179,1-178
b1433,GCF_000005845.2,NP_415950.4,391,1-391,391,COG3135,COG3135,0,478.0,1.04e-168,402,13-402
b1607,GCF_000005845.2,NP_416124.1,111,1-111,111,COG3136,COG3136,0,179.0,8.19e-60,111,1-111
b1722,GCF_000005845.2,NP_416236.1,252,1-252,252,COG3137,COG3137,0,387.0,1.59e-137,262,8-262
b1747,GCF_000005845.2,NP_416261.1,344,1-344,344,COG3138,COG3138,0,529.0,1.0e-200,336,1-336
b1777,GCF_000005845.2,NP_416291.4,90,1-90,90,COG3139,COG3139,0,174.0,2.06e-58,90,1-90
b1811,GCF_000005845.2,NP_416325.1,59,1-59,59,COG3140,COG3140,0,105.0,2.2e-32,60,1-60
b1848,GCF_000005845.2,NP_416362.1,96,1-96,96,COG3141,COG3141,0,167.0,1.76e-55,97,1-97
b1874,GCF_000005845.2,YP_025309.2,248,1-248,248,COG3142,COG3142,0,301.0,7.03e-104,241,1-241
b1881,GCF_000005845.2,NP_416395.1,214,1-214,214,COG3143,COG3143,0,343.0,1.98e-121,217,1-217
b1943,GCF_000005845.2,NP_416453.1,375,1-375,375,COG3144,COG3144,0,230.0,1.02e-71,417,29-417
b2212,GCF_000005845.2,NP_416716.1,216,1-216,216,COG3145,COG3145,0,190.0,1.5e-61,194,1-182
b2314,GCF_000005845.2,NP_416817.2,220,1-220,220,COG3147,COG3147,0,237.0,2.9e-79,226,1-226
b2583,GCF_000005845.2,NP_417078.4,232,1-232,232,COG3148,COG3148,0,362.0,2.17e-128,231,1-231
b2968,GCF_000005845.2,NP_417442.1,178,1-178,178,COG3149,COG3149,0,192.0,8.28e-63,181,1-180
b3334,GCF_000005845.2,NP_417793.2,153,1-153,153,COG3149,COG3149,0,48.4,2.78e-07,181,24-165
b1108,GCF_000005845.2,NP_415626.4,180,1-180,180,COG3150,COG3150,0,231.0,4.49e-78,191,1-189
b3031,GCF_000005845.2,NP_417503.1,193,1-193,193,COG3150,COG3150,0,270.0,1.92e-93,191,1-191
b3033,GCF_000005845.2,NP_417505.1,140,1-140,140,COG3151,COG3151,0,259.0,1.2e-90,147,7-144
b3103,GCF_000005845.2,NP_417574.1,121,1-121,121,COG3152,COG3152,0,121.0,1.38e-36,125,1-120
b3104,GCF_000005845.2,NP_417575.1,118,1-118,118,COG3152,COG3152,0,123.0,2.32e-37,125,1-120
b3921,GCF_000005845.2,NP_418356.1,146,1-146,146,COG3152,COG3152,0,78.9,1.36e-19,125,5-125
b3156,GCF_000005845.2,NP_417625.1,167,1-167,167,COG3153,COG3153,0,169.0,3.2e-54,171,4-171
b4307,GCF_000005845.2,NP_418727.1,181,1-181,181,COG3153,COG3153,0,160.0,2.39e-50,171,1-171
b3157,GCF_000005845.2,NP_417626.1,174,1-174,174,COG3154,COG3154,0,213.0,2.59e-71,168,1-164
b3209,GCF_000005845.2,NP_417676.2,217,1-217,217,COG3155,COG3155,0,406.0,3.64e-146,217,1-217
b3332,GCF_000005845.2,NP_417791.1,327,1-327,327,COG3156,COG3156,0,288.0,2.03e-96,323,1-321
b3442,GCF_000005845.2,NP_417899.1,392,1-158,158,COG3157,COG3157,1,134.0,3.54e-38,162,1-152
b3747,GCF_000005845.2,YP_026244.1,622,1-622,622,COG3158,COG3158,0,846.0,1.0e-200,627,7-627
b3810,GCF_000005845.2,NP_418255.1,235,1-235,235,COG3159,COG3159,0,238.0,8.6e-80,218,1-217
b3995,GCF_000005845.2,NP_418423.1,158,1-158,158,COG3160,COG3160,0,280.0,2.25e-98,162,1-162
b4039,GCF_000005845.2,NP_418463.4,165,1-165,165,COG3161,COG3161,0,143.0,6.38e-44,174,1-171
b4068,GCF_000005845.2,NP_418492.1,104,1-104,104,COG3162,COG3162,0,144.0,2.7e-46,102,1-102
b4472,GCF_000005845.2,YP_026208.1,1266,1-1266,1266,COG3164,COG3164,0,1659.0,1.0e-200,1271,1-1270
b3834,GCF_000005845.2,NP_418278.1,201,1-201,201,COG3165,COG3165,0,247.0,5.58e-84,204,1-201
b3394,GCF_000005845.2,NP_417853.1,179,1-179,179,COG3166,COG3166,0,89.6,2.86e-22,206,5-187
b2959,GCF_000005845.2,NP_417434.4,108,1-108,108,COG3171,COG3171,0,162.0,6.1e-53,119,9-116
b4390,GCF_000005845.2,NP_418807.4,410,224-410,187,COG3172,COG3172,1,308.0,2.13e-105,187,2-186
b0715,GCF_000005845.2,NP_415243.4,348,1-348,348,COG3180,COG3180,0,315.0,3.14e-106,352,8-352
b1159,GCF_000005845.2,NP_415677.1,277,102-277,176,COG3183,COG3183,3,54.2,2.48e-08,272,94-268
b1379,GCF_000005845.2,NP_415897.1,140,1-140,140,COG3187,COG3187,0,118.0,5.88e-35,142,1-142
b0139,GCF_000005845.2,NP_414681.1,865,1-865,865,COG3188,COG3188,0,721.0,1.0e-200,835,9-835
b0291,GCF_000005845.2,NP_414825.1,841,487-841,355,COG3188,COG3188,3,68.9,1.17e-11,835,497-834
b0532,GCF_000005845.2,NP_415065.1,867,1-867,867,COG3188,COG3188,0,821.0,1.0e-200,835,14-834
b0718,GCF_000005845.2,NP_415246.2,815,1-815,815,COG3188,COG3188,0,683.0,1.0e-200,835,5-835
b0940,GCF_000005845.2,NP_415460.1,866,1-866,866,COG3188,COG3188,0,864.0,1.0e-200,835,11-835
b2109,GCF_000005845.2,NP_416612.1,826,1-826,826,COG3188,COG3188,0,767.0,1.0e-200,835,7-835
b3144,GCF_000005845.2,NP_417613.1,838,1-838,838,COG3188,COG3188,0,784.0,1.0e-200,835,1-835
b3216,GCF_000005845.2,NP_417683.1,793,1-793,793,COG3188,COG3188,0,524.0,8.55e-175,835,4-835
b4317,GCF_000005845.2,NP_418737.1,878,1-878,878,COG3188,COG3188,0,873.0,1.0e-200,835,1-835
b1505,GCF_000005845.2,YP_009518785.1,382,1-382,382,COG3188,COG3188,2,337.0,3.3e-108,835,484-835
b1792,GCF_000005845.2,NP_416306.2,115,1-115,115,COG3189,COG3189,0,150.0,3.31e-48,117,4-117
b1947,GCF_000005845.2,NP_416457.4,121,1-121,121,COG3190,COG3190,0,82.0,7.67e-21,137,10-136
b2452,GCF_000005845.2,NP_416947.1,408,1-408,408,COG3192,COG3192,0,610.0,1.0e-200,389,1-389
b2977,GCF_000005845.2,NP_417451.1,134,1-134,134,COG3193,COG3193,0,116.0,3.4e-34,141,2-123
b0505,GCF_000005845.2,NP_415038.1,160,1-160,160,COG3194,COG3194,0,235.0,2.72e-80,168,2-162
b3717,GCF_000005845.2,NP_418173.1,195,1-195,195,COG3196,COG3196,0,270.0,1.39e-93,183,1-183
b0751,GCF_000005845.2,NP_415272.1,239,1-239,239,COG3201,COG3201,0,197.0,3.08e-63,222,13-221
b0241,GCF_000005845.2,NP_414776.1,351,1-351,351,COG3203,COG3203,0,390.0,1.54e-135,354,1-354
b0929,GCF_000005845.2,NP_415449.1,362,1-362,362,COG3203,COG3203,0,356.0,6.24e-122,354,1-354
b1377,GCF_000005845.2,NP_415895.1,377,1-377,377,COG3203,COG3203,0,395.0,3.51e-137,354,1-354
b2215,GCF_000005845.2,NP_416719.1,367,1-367,367,COG3203,COG3203,0,388.0,1.18e-134,354,1-354
b1472,GCF_000005845.2,YP_009518782.1,96,1-96,96,COG3203,COG3203,2,109.0,1.64e-29,354,1-89
b4333,GCF_000005845.2,NP_418753.3,286,1-286,286,COG3204,COG3204,0,354.0,4.1e-123,316,37-315
b0981,GCF_000005845.2,NP_415501.1,726,1-463,463,COG3206,COG3206,1,232.0,1.66e-68,458,1-457
b2060,GCF_000005845.2,NP_416564.4,720,1-462,462,COG3206,COG3206,1,256.0,9.02e-78,458,3-458
b0497,GCF_000005845.2,NP_415030.1,1426,540-1426,887,COG3209,COG3209,1,368.0,1.04e-110,796,1-784
b0700,GCF_000005845.2,NP_415229.1,1397,536-1251,716,COG3209,COG3209,3,391.0,4.81e-119,796,1-664
b3593,GCF_000005845.2,NP_418050.1,1377,536-1377,842,COG3209,COG3209,1,389.0,2.36e-118,796,1-767
b3482,GCF_000005845.2,YP_026224.1,1411,536-1411,876,COG3209,COG3209,1,399.0,5.16e-122,796,1-791
b0916,GCF_000005845.2,NP_415436.1,410,1-410,410,COG3214,COG3214,0,489.0,4.78e-173,400,1-400
b0947,GCF_000005845.2,NP_415467.1,369,1-279,279,COG3217,COG3217,1,359.0,1.15e-124,270,1-269
b4105,GCF_000005845.2,NP_418529.1,338,1-338,338,COG3221,COG3221,0,253.0,5.38e-83,299,7-291
b4030,GCF_000005845.2,NP_418454.1,136,1-136,136,COG3223,COG3223,0,166.0,4.62e-54,138,1-137
b0846,GCF_000005845.2,NP_415367.1,178,1-178,178,COG3226,COG3226,0,248.0,1.54e-84,204,7-183
b1976,GCF_000005845.2,NP_416484.2,265,1-265,265,COG3228,COG3228,0,380.0,2.37e-134,266,5-266
b2229,GCF_000005845.2,NP_416732.4,207,1-207,207,COG3234,COG3234,0,392.0,1.01e-140,215,10-215
b0798,GCF_000005845.2,NP_415319.1,160,1-160,160,COG3236,COG3236,0,231.0,5.59e-79,162,1-162
b4045,GCF_000005845.2,NP_418469.1,69,1-69,69,COG3237,COG3237,0,51.6,1.27e-10,67,5-66
b1447,GCF_000005845.2,NP_415964.1,149,1-149,149,COG3238,COG3238,0,86.3,5.39e-22,150,1-146
b4176,GCF_000005845.2,NP_418597.1,65,1-65,65,COG3242,COG3242,0,60.5,3.43e-14,62,1-62
b3511,GCF_000005845.2,NP_417968.1,190,1-190,190,COG3247,COG3247,0,94.7,1.91e-24,185,1-185
b0411,GCF_000005845.2,NP_414945.1,294,1-294,294,COG3248,COG3248,0,452.0,3.62e-162,284,5-284
b0344,GCF_000005845.2,NP_414878.1,1024,1-918,918,COG3250,COG3250,1,709.0,1.0e-200,808,5-808
b1617,GCF_000005845.2,NP_416134.1,603,1-603,603,COG3250,COG3250,2,527.0,1.0e-178,808,1-610
b3076,GCF_000005845.2,YP_026199.1,1030,1-888,888,COG3250,COG3250,1,650.0,1.0e-200,808,1-807
b4511,GCF_000005845.2,YP_588441.1,72,1-72,72,COG3251,COG3251,0,97.2,1.87e-28,71,1-71
b3901,GCF_000005845.2,NP_418337.1,104,1-104,104,COG3254,COG3254,0,135.0,1.41e-42,105,1-105
b0515,GCF_000005845.2,NP_415048.1,261,1-261,261,COG3257,COG3257,0,356.0,4.09e-125,264,1-263
b2489,GCF_000005845.2,NP_416984.1,252,1-173,173,COG3260,COG3260,1,215.0,2.19e-71,148,1-148
b2719,GCF_000005845.2,NP_417199.1,255,1-177,177,COG3260,COG3260,1,217.0,4.19e-72,148,1-148
b2487,GCF_000005845.2,NP_416982.1,555,172-555,384,COG3261,COG3261,1,452.0,1.02e-156,382,1-382
b2721,GCF_000005845.2,NP_417201.1,569,170-569,400,COG3261,COG3261,1,484.0,7.88e-169,382,1-382
b2487,GCF_000005845.2,NP_416982.1,555,1-171,171,COG3262,COG3262,1,236.0,8.23e-76,165,1-165
b2721,GCF_000005845.2,NP_417201.1,569,1-169,169,COG3262,COG3262,1,244.0,7.88e-79,165,1-165
b1191,GCF_000005845.2,NP_415709.2,578,1-578,578,COG3263,COG3263,0,809.0,1.0e-200,574,1-574
b0465,GCF_000005845.2,NP_414998.1,1120,233-1120,888,COG3264,COG3264,1,758.0,1.0e-200,835,1-833
b4159,GCF_000005845.2,NP_418583.1,1107,199-1107,909,COG3264,COG3264,1,683.0,1.0e-200,835,1-830
b3437,GCF_000005845.2,NP_417894.2,175,1-175,175,COG3265,COG3265,0,241.0,2.26e-82,161,1-161
b4268,GCF_000005845.2,NP_418689.1,187,1-187,187,COG3265,COG3265,0,243.0,3.24e-83,161,1-161
b3388,GCF_000005845.2,NP_417847.1,428,89-428,340,COG3266,COG3266,1,341.0,2.92e-116,292,1-292
b1835,GCF_000005845.2,NP_416349.2,479,326-479,154,COG3270,COG3270,1,154.0,1.09e-45,127,1-127
b0707,GCF_000005845.2,NP_415235.1,169,1-169,169,COG3272,COG3272,0,231.0,6.52e-79,163,3-163
b3561,GCF_000005845.2,NP_418018.1,331,1-331,331,COG3274,COG3274,0,377.0,5.22e-131,332,1-331
b2126,GCF_000005845.2,NP_416630.1,561,1-561,561,COG3275,COG3275,0,715.0,1.0e-200,557,2-555
b2380,GCF_000005845.2,NP_416881.1,565,1-565,565,COG3275,COG3275,0,612.0,1.0e-200,557,1-557
b3590,GCF_000005845.2,NP_418047.1,614,1-452,452,COG3276,COG3276,1,482.0,3.01e-166,447,1-447
b2125,GCF_000005845.2,NP_416629.4,239,1-239,239,COG3279,COG3279,0,230.0,6.16e-76,244,1-243
b2381,GCF_000005845.2,NP_416882.1,244,1-244,244,COG3279,COG3279,0,194.0,1.23e-61,244,2-243
b1323,GCF_000005845.2,NP_415839.1,513,1-513,513,COG3283,COG3283,0,915.0,1.0e-200,511,1-511
b1201,GCF_000005845.2,NP_415719.2,639,1-639,639,COG3284,COG3284,0,521.0,7.42e-179,606,11-606
b1603,GCF_000005845.2,NP_416120.1,510,1-387,387,COG3288,COG3288,1,464.0,1.43e-162,356,1-356
b1603,GCF_000005845.2,NP_416120.1,510,388-510,123,COG3288,COG3288,3,84.4,1.27e-17,356,77-200
b0619,GCF_000005845.2,NP_415152.1,552,1-552,552,COG3290,COG3290,0,600.0,1.0e-200,537,1-537
b4125,GCF_000005845.2,NP_418549.1,543,1-543,543,COG3290,COG3290,0,603.0,1.0e-200,537,1-537
b3333,GCF_000005845.2,NP_417792.2,387,1-387,387,COG3297,COG3297,0,363.0,6.3e-124,390,2-390
b4073,GCF_000005845.2,NP_418497.1,318,1-318,318,COG3301,COG3301,0,354.0,1.43e-122,305,1-305
b0896,GCF_000005845.2,NP_415416.1,287,1-287,287,COG3302,COG3302,0,302.0,3.75e-103,281,1-280
b1590,GCF_000005845.2,NP_416107.1,284,1-284,284,COG3302,COG3302,0,302.0,3.24e-103,281,1-281
b4070,GCF_000005845.2,NP_418494.1,478,1-478,478,COG3303,COG3303,0,877.0,1.0e-200,501,17-497
b0961,GCF_000005845.2,NP_415481.1,148,1-148,148,COG3304,COG3304,0,195.0,4.42e-65,145,1-133
b3622,GCF_000005845.2,NP_418079.1,419,1-419,419,COG3307,COG3307,0,70.1,9.34e-13,424,1-405
b2624,GCF_000005845.2,NP_417113.1,70,1-70,70,COG3311,COG3311,0,69.5,1.62e-17,70,5-66
b4501,GCF_000005845.2,YP_588463.1,66,1-66,66,COG3311,COG3311,0,37.5,5.06e-05,70,6-70
b3739,GCF_000005845.2,NP_418195.2,126,1-126,126,COG3312,COG3312,0,102.0,4.65e-29,128,2-127
b1648,GCF_000005845.2,NP_416165.2,79,1-79,79,COG3313,COG3313,0,99.8,2.05e-29,74,1-74
b4330,GCF_000005845.2,NP_418750.2,227,1-227,227,COG3314,COG3314,2,119.0,6.0e-31,427,94-342
b2477,GCF_000005845.2,NP_416972.4,344,1-344,344,COG3317,COG3317,0,395.0,9.29e-138,342,2-341
b1908,GCF_000005845.2,NP_416421.1,221,1-221,221,COG3318,COG3318,0,229.0,2.55e-76,216,1-216
b0586,GCF_000005845.2,NP_415118.1,1293,1066-1293,228,COG3319,COG3319,1,199.0,4.87e-58,257,1-251
b1399,GCF_000005845.2,NP_415917.1,316,1-316,316,COG3327,COG3327,0,343.0,1.72e-118,291,1-291
b4021,GCF_000005845.2,NP_418445.1,229,1-229,229,COG3340,COG3340,0,250.0,2.31e-84,224,1-224
b0258,GCF_000005845.2,YP_009518741.1,381,1-300,300,COG3344,COG3344,1,195.0,2.84e-59,328,23-328
b0998,GCF_000005845.2,NP_415518.1,199,1-199,199,COG3381,COG3381,0,139.0,2.71e-41,204,1-195
b1035,GCF_000005845.2,NP_415553.1,184,1-184,184,COG3381,COG3381,0,176.0,4.46e-56,204,7-202
b1591,GCF_000005845.2,NP_416108.2,204,1-204,204,COG3381,COG3381,0,193.0,9.82e-63,204,1-204
b4079,GCF_000005845.2,NP_418503.1,715,1-715,715,COG3383,COG3383,2,680.0,1.0e-200,978,261-939
b3039,GCF_000005845.2,NP_417511.3,271,1-271,271,COG3384,COG3384,0,316.0,6.89e-109,268,1-267
b4278,GCF_000005845.2,NP_418698.1,442,71-442,372,COG3385,COG3385,1,75.6,4.39e-15,292,14-292
b1452,GCF_000005845.2,NP_415969.1,353,1-353,353,COG3391,COG3391,0,141.0,3.04e-38,381,2-333
b1733,GCF_000005845.2,NP_416247.1,249,1-249,249,COG3394,COG3394,0,320.0,5.55e-111,257,1-257
b2737,GCF_000005845.2,NP_417217.1,388,1-388,388,COG3395,COG3395,0,411.0,1.4e-142,413,1-380
b1388,GCF_000005845.2,NP_415906.1,309,1-309,309,COG3396,COG3396,0,314.0,7.94e-108,265,1-265
b1390,GCF_000005845.2,NP_415908.1,248,1-248,248,COG3396,COG3396,0,250.0,3.64e-83,265,18-265
b3531,GCF_000005845.2,NP_417988.1,368,1-368,368,COG3405,COG3405,0,476.0,2.29e-169,360,2-360
b3080,GCF_000005845.2,NP_417551.1,783,1-458=536-783,706,COG3408,COG3408,1,91.5,8.13e-07,641,29-382=387-603
b1198,GCF_000005845.2,NP_415716.4,472,1-143,143,COG3412,COG3412,1,137.0,2.21e-39,129,2-129
b2093,GCF_000005845.2,NP_416596.1,94,1-94,94,COG3414,COG3414,0,77.4,4.99e-20,93,1-93
b4194,GCF_000005845.2,NP_418615.1,101,1-101,101,COG3414,COG3414,0,88.5,2.38e-24,93,1-93
b4565,GCF_000005845.2,YP_588476.1,92,1-92,92,COG3414,COG3414,0,73.5,1.72e-18,93,1-93
b1105,GCF_000005845.2,NP_415623.1,213,1-213,213,COG3417,COG3417,0,209.0,1.1e-68,200,1-200
b1070,GCF_000005845.2,NP_415588.1,138,1-138,138,COG3418,COG3418,0,190.0,2.43e-63,146,2-146
b2080,GCF_000005845.2,NP_416584.4,110,1-56,56,COG3422,COG3422,1,68.2,6.94e-17,59,1-59
b2080,GCF_000005845.2,NP_416584.4,110,57-110,54,COG3422,COG3422,1,47.0,1.63e-08,59,4-59
b3188,GCF_000005845.2,NP_417655.1,92,1-92,92,COG3423,COG3423,0,122.0,3.62e-38,82,1-81
b0595,GCF_000005845.2,NP_415127.1,285,218-285,68,COG3433,COG3433,1,92.8,1.66e-24,74,1-71
b1973,GCF_000005845.2,NP_416482.1,216,1-216,216,COG3443,COG3443,0,305.0,8.99e-107,193,2-193
b1817,GCF_000005845.2,NP_416331.1,323,152-323,172,COG3444,COG3444,1,216.0,9.7e-71,159,1-159
b3133,GCF_000005845.2,NP_417602.4,157,1-157,157,COG3444,COG3444,0,179.0,2.61e-58,159,1-157
b3138,GCF_000005845.2,NP_417607.1,158,1-158,158,COG3444,COG3444,0,147.0,9.85e-46,159,1-155
b2579,GCF_000005845.2,NP_417074.1,127,1-127,127,COG3445,COG3445,0,256.0,6.0e-90,127,1-127
b2067,GCF_000005845.2,NP_416571.1,1105,1-302,302,COG3447,COG3447,1,345.0,1.33e-110,308,1-307
b2009,GCF_000005845.2,NP_416513.1,157,1-157,157,COG3449,COG3449,0,167.0,1.28e-53,154,1-154
b3023,GCF_000005845.2,YP_026197.1,160,1-160,160,COG3449,COG3449,0,187.0,1.13e-61,154,1-154
b4095,GCF_000005845.2,NP_418519.1,378,1-378,378,COG3454,COG3454,0,538.0,1.0e-200,377,1-377
b3381,GCF_000005845.2,NP_417840.1,387,1-387,387,COG3457,COG3457,0,375.0,2.88e-129,353,7-353
b1389,GCF_000005845.2,NP_415907.1,95,1-95,95,COG3460,COG3460,0,139.0,2.93e-44,117,5-109
b1202,GCF_000005845.2,NP_415720.1,955,694-955,262,COG3468,COG3468,3,69.3,5.96e-12,592,312-572
b1664,GCF_000005845.2,NP_416181.1,418,1-418,418,COG3468,COG3468,2,72.6,2.44e-13,592,163-570
b2233,GCF_000005845.2,NP_416736.1,1250,831-1250,420,COG3468,COG3468,3,147.0,1.06e-36,592,135-592
b2000,GCF_000005845.2,YP_026164.1,1039,222-440,219,COG3468,COG3468,3,89.7,2.79e-18,592,159-376
b0287,GCF_000005845.2,NP_414821.1,204,1-204,204,COG3477,COG3477,0,229.0,3.49e-77,176,1-176
b0271,GCF_000005845.2,NP_414805.1,536,1-536,536,COG3507,COG3507,0,599.0,1.0e-200,549,19-549
b4326,GCF_000005845.2,NP_418746.4,130,1-130,130,COG3518,COG3518,3,43.7,5.65e-06,157,24-125
b4551,GCF_000005845.2,YP_588468.1,66,1-66,66,COG3529,COG3529,0,120.0,6.35e-38,66,1-66
b4546,GCF_000005845.2,YP_588464.1,72,1-72,72,COG3530,COG3530,0,107.0,1.57e-32,71,1-71
b0135,GCF_000005845.2,NP_414677.1,412,268-412,145,COG3539,COG3539,3,56.5,1.6e-09,184,51-184
b0136,GCF_000005845.2,NP_414678.1,198,1-198,198,COG3539,COG3539,0,51.9,2.75e-08,184,2-184
b0137,GCF_000005845.2,NP_414679.1,201,1-201,201,COG3539,COG3539,0,42.7,5.02e-05,184,1-184
b0138,GCF_000005845.2,NP_414680.4,189,1-189,189,COG3539,COG3539,0,55.4,1.56e-09,184,11-184
b0141,GCF_000005845.2,NP_414683.1,194,1-194,194,COG3539,COG3539,0,63.9,1.01e-12,184,1-184
b0530,GCF_000005845.2,NP_415063.4,180,1-180,180,COG3539,COG3539,0,97.0,2.39e-25,184,1-184
b0533,GCF_000005845.2,NP_415066.2,327,150-327,178,COG3539,COG3539,1,67.3,2.3e-13,184,2-184
b0534,GCF_000005845.2,NP_415067.1,171,1-171,171,COG3539,COG3539,0,105.0,5.89e-29,184,3-184
b0719,GCF_000005845.2,NP_415247.1,188,1-188,188,COG3539,COG3539,0,114.0,4.08e-32,184,1-184
b0938,GCF_000005845.2,NP_415458.2,179,1-179,179,COG3539,COG3539,0,97.4,1.21e-25,184,1-183
b0941,GCF_000005845.2,NP_415461.1,356,180-356,177,COG3539,COG3539,1,76.6,1.6e-16,184,19-184
b0942,GCF_000005845.2,NP_415462.1,180,1-180,180,COG3539,COG3539,0,91.2,3.33e-23,184,1-184
b0943,GCF_000005845.2,NP_415463.2,171,1-171,171,COG3539,COG3539,0,101.0,3.67e-27,184,2-184
b1503,GCF_000005845.2,NP_416020.1,167,1-167,167,COG3539,COG3539,0,66.2,8.41e-14,184,1-184
b1504,GCF_000005845.2,NP_416021.1,176,1-176,176,COG3539,COG3539,0,113.0,5.41e-32,184,1-184
b2111,GCF_000005845.2,NP_416614.1,180,1-180,180,COG3539,COG3539,0,68.9,1.38e-14,184,1-184
b2333,GCF_000005845.2,NP_416836.1,179,1-179,179,COG3539,COG3539,0,89.7,1.65e-22,184,1-183
b2334,GCF_000005845.2,NP_416837.1,162,1-162,162,COG3539,COG3539,0,65.0,2.14e-13,184,11-184
b2335,GCF_000005845.2,NP_416838.1,170,1-170,170,COG3539,COG3539,0,58.5,6.65e-11,184,1-184
b2339,GCF_000005845.2,NP_416841.1,187,1-187,187,COG3539,COG3539,0,82.0,1.55e-19,184,1-183
b3043,GCF_000005845.2,NP_417515.1,183,1-183,183,COG3539,COG3539,0,93.5,5.47e-24,184,1-184
b3142,GCF_000005845.2,NP_417611.1,194,1-194,194,COG3539,COG3539,0,101.0,6.4e-27,184,2-184
b3145,GCF_000005845.2,NP_417614.1,363,181-363,183,COG3539,COG3539,1,54.2,7.99e-09,184,16-182
b4314,GCF_000005845.2,NP_418734.1,182,1-182,182,COG3539,COG3539,0,91.3,3.46e-23,184,28-184
b4315,GCF_000005845.2,NP_418735.2,179,1-179,179,COG3539,COG3539,0,132.0,2.83e-39,184,2-184
b4318,GCF_000005845.2,NP_418738.1,176,1-176,176,COG3539,COG3539,0,115.0,2.12e-32,184,1-184
b4319,GCF_000005845.2,NP_418739.1,167,1-167,167,COG3539,COG3539,0,59.6,2.99e-11,184,25-183
b1507,GCF_000005845.2,NP_416024.1,440,1-440,440,COG3550,COG3550,0,352.0,7.27e-119,392,1-392
b4385,GCF_000005845.2,NP_418802.1,443,173-443,271,COG3550,COG3550,3,52.1,4.52e-07,392,105-379
b2121,GCF_000005845.2,NP_416625.1,378,1-378,378,COG3552,COG3552,0,48.7,4.56e-06,395,49-347
b0790,GCF_000005845.2,NP_415311.1,253,1-253,253,COG3568,COG3568,0,237.0,2.88e-78,259,1-257
b0761,GCF_000005845.2,NP_415282.1,262,129-192,64,COG3585,COG3585,1,37.3,2.61e-04,69,1-69
b1598,GCF_000005845.2,NP_416115.1,273,1-273,273,COG3591,COG3591,0,226.0,7.68e-74,251,1-251
b4126,GCF_000005845.2,NP_418550.1,76,1-76,76,COG3592,COG3592,0,132.0,3.38e-42,74,1-74
b0876,GCF_000005845.2,NP_415397.1,552,1-552,552,COG3593,COG3593,0,527.0,1.0e-200,581,1-580
b0253,GCF_000005845.2,NP_414787.4,287,1-287,287,COG3596,COG3596,0,321.0,1.97e-110,296,1-295
b2632,GCF_000005845.2,YP_026173.1,287,1-287,287,COG3596,COG3596,0,324.0,1.45e-111,296,1-295
b2491,GCF_000005845.2,NP_416986.4,670,118-670,553,COG3604,COG3604,1,620.0,1.0e-200,550,1-550
b2709,GCF_000005845.2,NP_417189.2,504,1-504,504,COG3604,COG3604,0,587.0,1.0e-200,550,23-547
b2731,GCF_000005845.2,NP_417211.1,692,151-692,542,COG3604,COG3604,1,633.0,1.0e-200,550,1-550
b2829,GCF_000005845.2,NP_417306.1,748,1-748,748,COG3605,COG3605,0,993.0,1.0e-200,756,1-756
b4363,GCF_000005845.2,NP_418783.2,157,1-157,157,COG3610,COG3610,0,123.0,2.34e-36,156,1-155
b1797,GCF_000005845.2,NP_416311.1,119,1-119,119,COG3615,COG3615,0,132.0,3.47e-41,99,1-99
b0508,GCF_000005845.2,NP_415041.1,258,1-258,258,COG3622,COG3622,0,393.0,8.59e-140,260,1-258
b2739,GCF_000005845.2,NP_417219.1,258,1-258,258,COG3622,COG3622,0,385.0,1.51e-136,260,1-258
b3582,GCF_000005845.2,NP_418039.2,286,1-286,286,COG3623,COG3623,0,486.0,2.21e-175,287,2-287
b4197,GCF_000005845.2,NP_418618.1,284,1-284,284,COG3623,COG3623,0,435.0,1.81e-155,287,2-287
b4101,GCF_000005845.2,NP_418525.1,150,1-150,150,COG3624,COG3624,0,175.0,4.85e-57,151,1-151
b4100,GCF_000005845.2,NP_418524.1,194,1-194,194,COG3625,COG3625,0,241.0,6.71e-82,196,4-196
b4099,GCF_000005845.2,NP_418523.1,354,1-354,354,COG3626,COG3626,0,590.0,1.0e-200,367,1-356
b4098,GCF_000005845.2,NP_418522.1,281,1-281,281,COG3627,COG3627,0,550.0,1.0e-200,291,6-282
b3089,GCF_000005845.2,NP_417560.1,414,1-414,414,COG3633,COG3633,0,660.0,1.0e-200,407,1-407
b0606,GCF_000005845.2,NP_415139.2,521,1-521,521,COG3634,COG3634,0,828.0,1.0e-200,520,1-520
b0814,GCF_000005845.2,NP_415335.1,171,1-171,171,COG3637,COG3637,0,104.0,3.27e-28,199,1-199
b0957,GCF_000005845.2,NP_415477.1,346,1-151,151,COG3637,COG3637,1,49.1,5.84e-07,199,1-199
b4106,GCF_000005845.2,NP_418530.1,262,1-262,262,COG3638,COG3638,0,306.0,3.65e-105,258,1-246
b4121,GCF_000005845.2,NP_418545.1,209,1-209,209,COG3647,COG3647,0,266.0,3.9e-91,205,1-205
b3068,GCF_000005845.2,NP_417540.1,168,1-168,168,COG3663,COG3663,0,190.0,2.24e-62,169,1-169
b0022,GCF_000005845.2,NP_414563.1,91,1-91,91,COG3677,COG3677,2,80.9,7.35e-21,129,26-117
b0265,GCF_000005845.2,NP_414799.1,91,1-91,91,COG3677,COG3677,2,81.3,5.72e-21,129,26-117
b0275,GCF_000005845.2,NP_414809.1,91,1-91,91,COG3677,COG3677,2,81.3,5.72e-21,129,26-117
b1894,GCF_000005845.2,NP_416408.1,91,1-91,91,COG3677,COG3677,2,80.9,7.35e-21,129,26-117
b3444,GCF_000005845.2,NP_417901.1,91,1-91,91,COG3677,COG3677,2,80.9,7.35e-21,129,26-117
b4294,GCF_000005845.2,NP_418714.1,91,1-91,91,COG3677,COG3677,2,78.2,7.13e-20,129,26-117
b4709,GCF_000005845.2,YP_009518740.1,91,1-91,91,COG3677,COG3677,2,80.9,7.35e-21,129,26-117
b4516,GCF_000005845.2,YP_588445.1,91,1-91,91,COG3677,COG3677,2,81.3,5.72e-21,129,26-117
b1743,GCF_000005845.2,NP_416257.1,161,1-161,161,COG3678,COG3678,0,112.0,3.57e-32,160,2-159
b4002,GCF_000005845.2,NP_418430.2,141,1-141,141,COG3678,COG3678,0,73.9,3.45e-17,160,13-134
b4484,GCF_000005845.2,YP_026277.1,166,1-166,166,COG3678,COG3678,0,99.0,1.05e-26,160,2-149
b4470,GCF_000005845.2,YP_026202.1,436,1-436,436,COG3681,COG3681,0,714.0,1.0e-200,433,1-433
b3881,GCF_000005845.2,NP_418317.1,292,1-292,292,COG3684,COG3684,0,367.0,3.04e-128,306,6-305
b1257,GCF_000005845.2,NP_415773.1,168,1-168,168,COG3685,COG3685,0,169.0,2.03e-54,167,4-167
b1258,GCF_000005845.2,NP_415774.1,166,1-166,166,COG3685,COG3685,0,174.0,2.7e-56,167,1-165
b2343,GCF_000005845.2,NP_416845.2,94,1-94,94,COG3691,COG3691,0,142.0,1.66e-45,98,5-98
b3922,GCF_000005845.2,NP_418357.1,99,1-99,99,COG3691,COG3691,0,106.0,2.68e-31,98,1-98
b0454,GCF_000005845.2,NP_414988.1,129,1-129,129,COG3695,COG3695,0,148.0,1.43e-47,103,5-103
b0575,GCF_000005845.2,NP_415107.1,1047,1-1047,1047,COG3696,COG3696,0,1254.0,1.0e-200,1027,1-1027
b0614,GCF_000005845.2,NP_415147.1,183,1-183,183,COG3697,COG3697,0,284.0,5.15e-99,182,1-182
b4482,GCF_000005845.2,YP_026261.1,254,1-254,254,COG3698,COG3698,0,325.0,3.04e-113,250,1-250
b4055,GCF_000005845.2,NP_418479.1,237,1-237,237,COG3700,COG3700,0,412.0,7.33e-148,237,1-237
b1218,GCF_000005845.2,NP_415736.2,231,1-231,231,COG3703,COG3703,0,226.0,3.23e-75,190,1-190
b4396,GCF_000005845.2,NP_418813.1,289,123-289,167,COG3708,COG3708,1,44.8,8.44e-06,157,2-156
b4094,GCF_000005845.2,NP_418518.1,185,1-185,185,COG3709,COG3709,0,231.0,8.8e-78,192,4-192
b2847,GCF_000005845.2,NP_417324.1,269,1-149,149,COG3710,COG3710,1,123.0,2.62e-35,148,1-148
b2852,GCF_000005845.2,NP_417329.1,458,1-147,147,COG3710,COG3710,1,116.0,2.33e-31,148,1-148
b4133,GCF_000005845.2,NP_418557.1,512,1-146,146,COG3710,COG3710,1,135.0,4.68e-38,148,4-148
b2535,GCF_000005845.2,NP_417030.2,426,1-426,426,COG3711,COG3711,0,142.0,2.27e-37,491,9-472
b3723,GCF_000005845.2,NP_418179.1,278,1-278,278,COG3711,COG3711,2,158.0,8.16e-45,491,199-488
b3897,GCF_000005845.2,NP_418333.1,582,1-445,445,COG3711,COG3711,1,140.0,1.45e-35,491,5-491
b4292,GCF_000005845.2,NP_418712.1,317,1-317,317,COG3712,COG3712,0,270.0,2.57e-89,322,4-322
b1782,GCF_000005845.2,NP_416296.1,248,1-248,248,COG3713,COG3713,0,250.0,1.18e-83,258,13-258
b3584,GCF_000005845.2,NP_418041.1,246,1-246,246,COG3713,COG3713,0,220.0,7.26e-72,258,9-258
b3468,GCF_000005845.2,NP_417925.1,208,1-208,208,COG3714,COG3714,0,158.0,8.7e-49,212,2-211
b1818,GCF_000005845.2,NP_416332.1,266,1-266,266,COG3715,COG3715,0,242.0,3.87e-80,265,1-265
b3139,GCF_000005845.2,NP_417608.1,267,1-267,267,COG3715,COG3715,0,218.0,1.07e-70,265,1-265
b1819,GCF_000005845.2,NP_416333.4,283,1-283,283,COG3716,COG3716,0,368.0,1.66e-129,269,1-269
b3140,GCF_000005845.2,NP_417609.1,263,1-263,263,COG3716,COG3716,0,276.0,1.6e-93,269,5-269
b2843,GCF_000005845.2,NP_417320.1,278,1-278,278,COG3717,COG3717,0,472.0,1.69e-170,278,1-278
b0611,GCF_000005845.2,NP_415144.1,268,1-268,268,COG3719,COG3719,0,226.0,5.58e-74,249,16-249
b2929,GCF_000005845.2,NP_417404.1,169,1-169,169,COG3722,COG3722,0,180.0,3.0e-58,174,4-174
b3601,GCF_000005845.2,NP_418058.1,195,1-195,195,COG3722,COG3722,0,285.0,1.71e-99,174,1-173
b1349,GCF_000005845.2,NP_415865.1,269,1-269,269,COG3723,COG3723,0,269.0,2.26e-90,276,1-259
b1745,GCF_000005845.2,NP_416259.1,447,1-447,447,COG3724,COG3724,0,820.0,1.0e-200,442,1-441
b0111,GCF_000005845.2,NP_414653.1,284,1-284,284,COG3725,COG3725,0,338.0,3.22e-117,282,1-282
b4387,GCF_000005845.2,NP_418804.1,214,1-214,214,COG3726,COG3726,0,290.0,1.74e-100,214,1-204
b1960,GCF_000005845.2,NP_416469.1,156,1-156,156,COG3727,COG3727,0,239.0,2.29e-82,150,1-150
b4518,GCF_000005845.2,NP_415525.2,57,1-57,57,COG3729,COG3729,2,90.5,5.5e-26,73,13-66
b1259,GCF_000005845.2,NP_415775.4,59,1-59,59,COG3729,COG3729,3,77.8,5.58e-21,73,13-56
b2702,GCF_000005845.2,YP_026180.1,187,1-187,187,COG3730,COG3730,0,284.0,3.49e-99,176,1-176
b2704,GCF_000005845.2,NP_417184.1,123,1-123,123,COG3731,COG3731,0,177.0,7.83e-59,123,1-123
b2703,GCF_000005845.2,YP_026181.1,319,1-319,319,COG3732,COG3732,0,475.0,4.48e-170,328,2-328
b1386,GCF_000005845.2,NP_415904.3,757,1-75,75,COG3733,COG3733,3,50.4,4.4e-06,654,1-27
b1386,GCF_000005845.2,NP_415904.3,757,76-757,682,COG3733,COG3733,1,828.0,1.0e-200,654,2-654
b3693,GCF_000005845.2,NP_418148.1,292,1-292,292,COG3734,COG3734,0,334.0,2.44e-115,306,5-304
b0482,GCF_000005845.2,NP_415015.1,264,1-264,264,COG3735,COG3735,0,270.0,2.65e-90,299,10-289
b3944,GCF_000005845.2,NP_418379.1,205,1-205,205,COG3738,COG3738,0,327.0,1.25e-115,200,14-200
b3698,GCF_000005845.2,NP_418153.4,132,1-132,132,COG3753,COG3753,0,106.0,4.05e-30,143,20-143
b1877,GCF_000005845.2,NP_416391.4,162,1-162,162,COG3755,COG3755,0,115.0,9.47e-34,127,1-127
b1359,GCF_000005845.2,NP_415877.1,285,1-173,173,COG3756,COG3756,1,182.0,5.44e-58,153,1-153
b2102,GCF_000005845.2,NP_416605.2,272,1-272,272,COG3757,COG3757,0,232.0,4.05e-76,269,1-266
b1742,GCF_000005845.2,NP_416256.2,191,1-191,191,COG3758,COG3758,0,183.0,4.61e-59,193,10-193
b0587,GCF_000005845.2,NP_415119.1,377,1-377,377,COG3765,COG3765,0,342.0,1.51e-116,347,1-347
b2027,GCF_000005845.2,NP_416531.4,326,1-326,326,COG3765,COG3765,0,290.0,7.86e-97,347,2-347
b3785,GCF_000005845.2,NP_418232.2,348,1-348,348,COG3765,COG3765,0,378.0,6.81e-131,347,2-342
b4184,GCF_000005845.2,NP_418605.1,132,1-132,132,COG3766,COG3766,0,179.0,2.78e-59,133,2-133
b1322,GCF_000005845.2,NP_415838.1,353,1-353,353,COG3768,COG3768,0,416.0,8.65e-146,350,1-350
b1955,GCF_000005845.2,NP_416464.1,271,1-271,271,COG3769,COG3769,0,402.0,5.22e-143,274,1-274
b2328,GCF_000005845.2,NP_416831.1,274,1-274,274,COG3770,COG3770,0,412.0,1.89e-146,284,3-278
b1279,GCF_000005845.2,NP_415795.1,102,1-102,102,COG3771,COG3771,0,159.0,2.3e-52,97,1-97
b0555,GCF_000005845.2,NP_415087.1,165,1-165,165,COG3772,COG3772,0,155.0,5.44e-49,152,6-152
b1554,GCF_000005845.2,NP_416072.1,177,1-177,177,COG3772,COG3772,0,157.0,1.21e-49,152,1-152
b4304,GCF_000005845.2,NP_418724.1,437,1-437,437,COG3775,COG3775,0,433.0,1.08e-149,446,7-417
b3466,GCF_000005845.2,NP_417923.1,89,1-89,89,COG3776,COG3776,0,125.0,4.53e-39,91,3-90
b1153,GCF_000005845.2,NP_415671.1,194,1-194,194,COG3778,COG3778,0,246.0,9.61e-84,188,1-188
b2071,GCF_000005845.2,NP_416575.1,153,1-153,153,COG3779,COG3779,0,210.0,7.79e-71,151,1-149
b1520,GCF_000005845.2,NP_416037.2,304,1-304,304,COG3781,COG3781,0,410.0,3.26e-145,306,1-306
b1383,GCF_000005845.2,NP_415901.2,108,1-108,108,COG3784,COG3784,0,166.0,7.8e-55,109,3-109
b0966,GCF_000005845.2,NP_415486.4,105,1-105,105,COG3785,COG3785,0,141.0,5.39e-45,116,10-114
b3154,GCF_000005845.2,NP_417623.1,147,1-147,147,COG3787,COG3787,0,238.0,3.51e-82,145,2-145
b1869,GCF_000005845.2,NP_416383.4,131,1-131,131,COG3788,COG3788,0,216.0,5.08e-74,131,5-131
b4181,GCF_000005845.2,NP_418602.1,133,1-133,133,COG3789,COG3789,0,208.0,2.23e-70,146,5-143
b0735,GCF_000005845.2,NP_415263.1,97,1-97,97,COG3790,COG3790,0,166.0,3.11e-55,97,1-96
b4566,GCF_000005845.2,YP_588477.1,85,1-85,85,COG3811,COG3811,0,102.0,4.98e-30,85,1-85
b0330,GCF_000005845.2,NP_414864.1,528,176-528,353,COG3829,COG3829,3,354.0,4.99e-116,560,203-555
b2869,GCF_000005845.2,NP_417345.1,592,1-592,592,COG3829,COG3829,0,563.0,1.0e-200,560,1-559
b2420,GCF_000005845.2,NP_416915.1,244,1-77,77,COG3831,COG3831,1,92.9,1.02e-24,85,1-79
b2115,GCF_000005845.2,YP_009518799.1,274,1-82,82,COG3831,COG3831,1,89.5,3.56e-23,85,2-83
b4032,GCF_000005845.2,NP_418456.1,296,1-296,296,COG3833,COG3833,0,279.0,9.53e-94,282,1-282
b0162,GCF_000005845.2,NP_414704.4,385,1-385,385,COG3835,COG3835,0,471.0,2.01e-166,376,2-376
b2245,GCF_000005845.2,NP_416748.1,267,1-267,267,COG3836,COG3836,0,363.0,9.06e-128,255,1-255
b3126,GCF_000005845.2,NP_417595.1,256,1-256,256,COG3836,COG3836,0,341.0,3.3e-119,255,1-255
b3450,GCF_000005845.2,NP_417907.2,356,1-356,356,COG3839,COG3839,0,442.0,2.23e-156,338,1-338
b4035,GCF_000005845.2,NP_418459.1,371,1-371,371,COG3839,COG3839,0,429.0,8.01e-151,338,1-338
b0066,GCF_000005845.2,NP_414608.1,232,1-232,232,COG3840,COG3840,0,345.0,1.24e-121,231,1-230
b0262,GCF_000005845.2,NP_414796.2,348,1-348,348,COG3842,COG3842,0,392.0,1.28e-136,352,1-352
b0855,GCF_000005845.2,NP_415376.4,377,1-377,377,COG3842,COG3842,0,414.0,8.34e-145,352,3-352
b1126,GCF_000005845.2,NP_415644.1,378,1-378,378,COG3842,COG3842,0,398.0,1.58e-138,352,3-352
b1441,GCF_000005845.2,NP_415958.1,337,1-337,337,COG3842,COG3842,0,376.0,3.09e-130,352,2-352
b1222,GCF_000005845.2,NP_415740.1,598,1-598,598,COG3850,COG3850,0,633.0,1.0e-200,574,1-574
b2469,GCF_000005845.2,NP_416964.1,566,1-566,566,COG3850,COG3850,0,632.0,1.0e-200,574,1-574
b2786,GCF_000005845.2,NP_417266.1,918,146-260,115,COG3850,COG3850,3,54.3,2.47e-07,574,113-247
b3668,GCF_000005845.2,NP_418124.4,500,1-500,500,COG3851,COG3851,0,669.0,1.0e-200,497,1-497
b2219,GCF_000005845.2,NP_416723.1,608,256-608,353,COG3852,COG3852,1,178.0,2.24e-50,363,5-357
b3869,GCF_000005845.2,NP_418305.1,349,1-349,349,COG3852,COG3852,0,456.0,1.9e-161,363,1-356
b1639,GCF_000005845.2,NP_416156.4,109,1-109,109,COG3895,COG3895,0,116.0,6.74e-35,112,18-112
b1014,GCF_000005845.2,NP_415534.1,1320,1-72,72,COG3905,COG3905,3,39.8,7.62e-05,83,3-41
b0467,GCF_000005845.2,NP_415000.1,175,1-175,175,COG3923,COG3923,0,217.0,6.76e-73,175,1-175
b3257,GCF_000005845.2,NP_417723.1,80,1-80,80,COG3924,COG3924,0,145.0,2.83e-47,80,1-80
b2167,GCF_000005845.2,NP_416672.1,563,1-103,103,COG3925,COG3925,1,156.0,2.53e-46,103,1-103
b1081,GCF_000005845.2,NP_415599.1,313,1-168,168,COG3951,COG3951,1,225.0,3.65e-74,166,1-166
b3355,GCF_000005845.2,NP_417814.1,289,1-289,289,COG3954,COG3954,0,592.0,1.0e-200,289,1-289
b2781,GCF_000005845.2,NP_417261.1,263,1-263,263,COG3956,COG3956,2,230.0,2.66e-72,488,232-487
b0507,GCF_000005845.2,NP_415040.1,593,1-593,593,COG3960,COG3960,0,1154.0,1.0e-200,592,1-592
b0602,GCF_000005845.2,NP_415135.1,406,1-406,406,COG3969,COG3969,0,556.0,1.0e-200,407,1-407
b0350,GCF_000005845.2,NP_414884.2,269,1-269,269,COG3971,COG3971,0,296.0,4.35e-101,264,2-264
b3572,GCF_000005845.2,YP_026231.1,417,1-417,417,COG3977,COG3977,0,753.0,1.0e-200,417,1-417
b3769,GCF_000005845.2,NP_418217.1,87,1-87,87,COG3978,COG3978,0,132.0,6.63e-42,86,1-86
b4350,GCF_000005845.2,NP_418770.2,1170,240-1170,931,COG4096,COG4096,1,821.0,1.0e-200,875,1-875
b2595,GCF_000005845.2,NP_417086.1,245,1-245,245,COG4105,COG4105,0,247.0,1.67e-82,254,1-237
b1519,GCF_000005845.2,NP_416036.1,252,1-252,252,COG4106,COG4106,0,355.0,8.76e-125,257,1-257
b4097,GCF_000005845.2,YP_026282.1,252,1-252,252,COG4107,COG4107,0,425.0,9.78e-153,258,2-258
b4375,GCF_000005845.2,NP_418792.1,529,1-529,529,COG4108,COG4108,0,916.0,1.0e-200,528,3-528
b4367,GCF_000005845.2,NP_418787.1,262,1-262,262,COG4114,COG4114,0,404.0,5.65e-144,251,1-250
b4539,GCF_000005845.2,YP_588458.1,84,1-84,84,COG4115,COG4115,0,110.0,1.38e-33,84,1-84
b1670,GCF_000005845.2,NP_416185.1,261,1-261,261,COG4117,COG4117,0,173.0,7.82e-54,221,1-221
b2324,GCF_000005845.2,NP_416827.4,668,1-259,259,COG4121,COG4121,1,321.0,2.92e-106,252,1-252
b2575,GCF_000005845.2,NP_417070.2,245,1-245,245,COG4123,COG4123,0,244.0,2.89e-81,248,1-248
b2201,GCF_000005845.2,NP_416705.2,207,1-207,207,COG4133,COG4133,0,276.0,2.34e-95,209,2-208
b1754,GCF_000005845.2,NP_416268.2,388,1-388,388,COG4134,COG4134,0,484.0,2.12e-171,384,3-383
b1755,GCF_000005845.2,NP_416269.4,511,1-511,511,COG4135,COG4135,0,582.0,1.0e-200,551,1-550
b1756,GCF_000005845.2,NP_416270.1,217,1-217,217,COG4136,COG4136,0,373.0,3.48e-133,213,2-213
b2611,GCF_000005845.2,NP_417102.4,263,1-263,263,COG4137,COG4137,0,298.0,5.72e-102,265,2-262
b1709,GCF_000005845.2,NP_416224.1,249,1-249,249,COG4138,COG4138,0,471.0,9.53e-171,248,1-248
b1711,GCF_000005845.2,NP_416226.1,326,1-326,326,COG4139,COG4139,0,609.0,1.0e-200,326,1-326
b0068,GCF_000005845.2,NP_414610.1,327,1-327,327,COG4143,COG4143,0,435.0,7.87e-154,336,24-336
b3258,GCF_000005845.2,NP_417724.4,483,1-483,483,COG4145,COG4145,0,744.0,1.0e-200,473,1-473
b3679,GCF_000005845.2,NP_418135.1,571,1-571,571,COG4146,COG4146,0,987.0,1.0e-200,571,1-571
b4067,GCF_000005845.2,NP_418491.1,549,1-549,549,COG4147,COG4147,0,593.0,1.0e-200,529,1-529
b0765,GCF_000005845.2,NP_415286.1,352,1-352,352,COG4148,COG4148,0,517.0,1.0e-200,352,1-352
b0764,GCF_000005845.2,NP_415285.1,229,1-229,229,COG4149,COG4149,0,236.0,8.15e-79,225,1-225
b2425,GCF_000005845.2,NP_416920.1,338,1-338,338,COG4150,COG4150,0,582.0,1.0e-200,341,1-341
b2804,GCF_000005845.2,NP_417284.1,140,1-140,140,COG4154,COG4154,0,182.0,2.55e-60,144,1-142
b0861,GCF_000005845.2,NP_415382.1,222,1-222,222,COG4160,COG4160,0,232.0,2.36e-77,228,8-228
b2307,GCF_000005845.2,NP_416810.1,238,1-238,238,COG4160,COG4160,0,266.0,1.74e-90,228,1-228
b0864,GCF_000005845.2,NP_415385.1,242,1-242,242,COG4161,COG4161,0,493.0,7.52e-180,242,1-242
b1243,GCF_000005845.2,NP_415759.1,543,1-543,543,COG4166,COG4166,0,454.0,1.02e-154,562,1-562
b1329,GCF_000005845.2,NP_415845.2,537,1-537,537,COG4166,COG4166,0,438.0,1.79e-148,562,4-562
b2177,GCF_000005845.2,NP_416682.4,604,1-604,604,COG4166,COG4166,0,347.0,4.35e-112,562,5-562
b3020,GCF_000005845.2,NP_417492.1,535,1-535,535,COG4166,COG4166,0,409.0,1.77e-137,562,11-562
b1290,GCF_000005845.2,NP_415806.1,268,1-268,268,COG4167,COG4167,0,514.0,1.0e-200,267,1-267
b1293,GCF_000005845.2,NP_415809.1,321,1-321,321,COG4168,COG4168,0,537.0,1.0e-200,321,1-321
b1291,GCF_000005845.2,NP_415807.1,330,1-330,330,COG4170,COG4170,0,660.0,1.0e-200,330,1-330
b1292,GCF_000005845.2,NP_415808.1,296,1-296,296,COG4171,COG4171,0,530.0,1.0e-200,296,1-296
b2180,GCF_000005845.2,NP_416685.1,529,1-529,529,COG4172,COG4172,0,823.0,1.0e-200,534,2-530
b2178,GCF_000005845.2,NP_416683.1,364,1-364,364,COG4174,COG4174,0,583.0,1.0e-200,364,1-363
b2677,GCF_000005845.2,NP_417163.1,400,1-400,400,COG4175,COG4175,0,562.0,1.0e-200,386,1-386
b2678,GCF_000005845.2,NP_417164.1,354,1-354,354,COG4176,COG4176,1,341.0,3.16e-117,290,11-289
b3456,GCF_000005845.2,NP_417913.1,425,84-425,342,COG4177,COG4177,1,249.0,6.89e-80,314,29-311
b1496,GCF_000005845.2,NP_416013.1,561,1-561,561,COG4178,COG4178,0,566.0,1.0e-200,604,17-590
b0495,GCF_000005845.2,NP_415028.1,228,1-228,228,COG4181,COG4181,0,369.0,3.49e-131,228,1-228
b1357,GCF_000005845.2,NP_415875.1,98,1-98,98,COG4197,COG4197,0,132.0,8.54e-42,96,1-96
b3966,GCF_000005845.2,NP_418401.1,614,1-614,614,COG4206,COG4206,0,795.0,1.0e-200,608,1-608
b2423,GCF_000005845.2,YP_026168.2,291,1-291,291,COG4208,COG4208,0,368.0,8.57e-129,287,2-287
b2148,GCF_000005845.2,NP_416653.1,336,1-336,336,COG4211,COG4211,0,546.0,1.0e-200,336,1-336
b3566,GCF_000005845.2,NP_418023.1,330,1-330,330,COG4213,COG4213,0,426.0,4.61e-150,341,1-338
b3568,GCF_000005845.2,NP_418025.1,393,1-393,393,COG4214,COG4214,0,406.0,1.03e-140,394,7-394
b0862,GCF_000005845.2,NP_415383.1,238,1-238,238,COG4215,COG4215,0,239.0,1.54e-79,230,4-230
b2308,GCF_000005845.2,NP_416811.1,228,1-228,228,COG4215,COG4215,0,269.0,1.41e-91,230,2-229
b0560,GCF_000005845.2,NP_415092.1,181,1-181,181,COG4220,COG4220,0,247.0,1.12e-84,174,6-173
b1548,GCF_000005845.2,YP_009518788.1,189,1-189,189,COG4220,COG4220,0,244.0,1.48e-83,174,6-169
b1539,GCF_000005845.2,NP_416057.1,248,1-248,248,COG4221,COG4221,0,316.0,1.63e-109,246,7-246
b1014,GCF_000005845.2,NP_415534.1,1320,527-1320,794,COG4230,COG4230,1,1139.0,1.0e-200,769,1-769
b4136,GCF_000005845.2,NP_418559.1,565,1-565,565,COG4232,COG4232,0,629.0,1.0e-200,569,1-569
b2194,GCF_000005845.2,NP_416698.1,350,1-350,350,COG4235,COG4235,0,232.0,9.99e-75,287,1-284
b4076,GCF_000005845.2,NP_418500.1,198,1-198,198,COG4235,COG4235,2,166.0,1.12e-50,287,84-281
b2485,GCF_000005845.2,NP_416980.1,216,1-216,216,COG4237,COG4237,0,224.0,3.11e-74,218,2-218
b1677,GCF_000005845.2,NP_416192.1,78,1-78,78,COG4238,COG4238,0,131.0,4.67e-42,78,1-78
b3014,GCF_000005845.2,NP_417487.1,85,1-85,85,COG4238,COG4238,0,83.8,7.2e-23,78,3-78
b2179,GCF_000005845.2,NP_416684.1,341,1-341,341,COG4239,COG4239,0,511.0,1.0e-200,341,1-340
b2073,GCF_000005845.2,NP_416577.1,219,1-219,219,COG4245,COG4245,0,243.0,7.87e-82,207,1-207
b2070,GCF_000005845.2,NP_416574.1,648,1-648,648,COG4248,COG4248,0,1103.0,1.0e-200,637,5-637
b1705,GCF_000005845.2,NP_416220.1,63,1-63,63,COG4256,COG4256,0,107.0,1.2e-32,63,1-63
b4345,GCF_000005845.2,NP_418765.1,348,1-348,348,COG4268,COG4268,2,324.0,2.17e-108,439,94-438
b4257,GCF_000005845.2,YP_026288.1,398,1-398,398,COG4269,COG4269,0,275.0,2.02e-89,364,3-364
b2440,GCF_000005845.2,NP_416935.1,295,1-295,295,COG4302,COG4302,0,439.0,1.07e-156,294,1-294
b2441,GCF_000005845.2,NP_416936.4,453,1-453,453,COG4303,COG4303,0,818.0,1.0e-200,453,1-453
b4400,GCF_000005845.2,NP_418817.1,450,1-450,450,COG4452,COG4452,0,651.0,1.0e-200,443,1-443
b0365,GCF_000005845.2,NP_414899.2,320,1-320,320,COG4521,COG4521,0,520.0,1.0e-200,334,7-330
b0366,GCF_000005845.2,NP_414900.1,255,1-255,255,COG4525,COG4525,0,409.0,5.74e-146,259,3-259
b1668,GCF_000005845.2,NP_416183.1,534,1-534,534,COG4529,COG4529,0,348.0,7.11e-115,474,1-474
b1857,GCF_000005845.2,NP_416371.4,310,1-310,310,COG4531,COG4531,0,424.0,2.21e-150,318,2-316
b0069,GCF_000005845.2,NP_414611.1,551,1-551,551,COG4533,COG4533,0,623.0,1.0e-200,564,1-564
b0445,GCF_000005845.2,NP_414979.1,566,1-566,566,COG4533,COG4533,0,593.0,1.0e-200,564,1-563
b0658,GCF_000005845.2,NP_415191.1,292,1-292,292,COG4535,COG4535,0,480.0,3.52e-173,293,1-292
b4461,GCF_000005845.2,YP_026171.3,428,1-428,428,COG4536,COG4536,0,575.0,1.0e-200,423,17-423
b0620,GCF_000005845.2,NP_415153.1,226,1-226,226,COG4565,COG4565,0,304.0,8.93e-106,224,1-222
b4124,GCF_000005845.2,NP_418548.1,239,1-239,239,COG4565,COG4565,0,297.0,1.04e-102,224,1-224
b0189,GCF_000005845.2,NP_414731.2,84,1-84,84,COG4568,COG4568,0,149.0,7.63e-49,84,1-84
b0351,GCF_000005845.2,NP_414885.1,316,1-316,316,COG4569,COG4569,0,575.0,1.0e-200,310,3-310
b0550,GCF_000005845.2,NP_415082.1,120,1-120,120,COG4570,COG4570,0,113.0,3.24e-33,132,2-132
b0565,GCF_000005845.2,NP_415097.1,317,1-317,317,COG4571,COG4571,0,423.0,9.34e-150,314,1-314
b1217,GCF_000005845.2,NP_415735.1,76,1-76,76,COG4572,COG4572,0,133.0,1.03e-42,76,1-76
b2095,GCF_000005845.2,NP_416598.1,420,1-420,420,COG4573,COG4573,0,677.0,1.0e-200,426,4-424
b3132,GCF_000005845.2,NP_417601.1,426,1-426,426,COG4573,COG4573,0,680.0,1.0e-200,426,1-422
b2209,GCF_000005845.2,NP_416713.1,162,1-162,162,COG4574,COG4574,0,324.0,1.26e-115,162,1-162
b2266,GCF_000005845.2,NP_416769.1,101,1-101,101,COG4575,COG4575,0,82.4,9.81e-22,104,1-87
b2672,GCF_000005845.2,NP_417158.4,109,1-109,109,COG4575,COG4575,0,104.0,1.52e-30,104,1-104
b3098,GCF_000005845.2,NP_417569.1,101,1-101,101,COG4575,COG4575,0,118.0,4.15e-36,104,1-104
b2456,GCF_000005845.2,NP_416951.1,95,1-95,95,COG4576,COG4576,0,120.0,3.49e-37,89,1-89
b2438,GCF_000005845.2,NP_416933.4,166,1-166,166,COG4577,COG4577,0,127.0,5.24e-38,150,1-150
b2457,GCF_000005845.2,NP_416952.2,97,1-97,97,COG4577,COG4577,2,103.0,3.0e-29,150,2-89
b2706,GCF_000005845.2,NP_417186.1,119,1-119,119,COG4578,COG4578,0,143.0,2.64e-45,128,7-126
b4016,GCF_000005845.2,NP_418440.1,578,1-578,578,COG4579,COG4579,0,1118.0,1.0e-200,578,1-578
b3720,GCF_000005845.2,NP_418176.1,538,96-538,443,COG4580,COG4580,1,402.0,1.64e-136,429,1-429
b4036,GCF_000005845.2,NP_418460.1,446,1-446,446,COG4580,COG4580,0,567.0,1.0e-200,429,1-429
b0102,GCF_000005845.2,NP_414644.1,247,1-247,247,COG4582,COG4582,0,452.0,1.65e-163,244,1-244
b1409,GCF_000005845.2,NP_415927.1,298,1-298,298,COG4589,COG4589,0,406.0,1.79e-143,303,2-303
b1116,GCF_000005845.2,NP_415634.1,399,1-399,399,COG4591,COG4591,0,337.0,3.74e-113,408,1-408
b1118,GCF_000005845.2,NP_415636.1,414,1-414,414,COG4591,COG4591,0,353.0,1.69e-119,408,1-408
b0592,GCF_000005845.2,NP_415124.1,318,1-318,318,COG4592,COG4592,0,533.0,1.0e-200,319,1-318
b4290,GCF_000005845.2,NP_418710.4,300,1-300,300,COG4594,COG4594,0,410.0,4.68e-145,310,5-310
b3269,GCF_000005845.2,YP_026209.1,393,1-393,393,COG4597,COG4597,0,533.0,1.0e-200,397,6-397
b2306,GCF_000005845.2,NP_416809.1,257,1-257,257,COG4598,COG4598,0,407.0,2.08e-145,256,3-256
b3540,GCF_000005845.2,NP_417997.1,334,1-334,334,COG4608,COG4608,0,338.0,1.46e-116,268,1-266
b2211,GCF_000005845.2,NP_416715.1,547,1-547,547,COG4615,COG4615,0,900.0,1.0e-200,546,1-546
b0490,GCF_000005845.2,NP_415023.1,225,1-225,225,COG4619,COG4619,0,392.0,1.7e-140,223,1-223
b2558,GCF_000005845.2,NP_417053.2,518,1-518,518,COG4623,COG4623,0,725.0,1.0e-200,473,4-465
b2647,GCF_000005845.2,NP_417134.2,1526,957-1464,508,COG4625,COG4625,3,51.5,2.11e-06,577,11-508
b1149,GCF_000005845.2,YP_009518764.1,455,1-455,455,COG4626,COG4626,2,415.0,7.53e-141,546,116-546
b3850,GCF_000005845.2,NP_418292.1,181,1-181,181,COG4635,COG4635,0,267.0,1.47e-92,175,1-174
b1802,GCF_000005845.2,NP_416316.1,374,1-374,374,COG4638,COG4638,0,230.0,2.83e-72,367,4-362
b2538,GCF_000005845.2,NP_417033.1,453,1-453,453,COG4638,COG4638,0,184.0,7.23e-54,367,1-367
b3422,GCF_000005845.2,NP_417880.1,532,1-532,532,COG4650,COG4650,0,1060.0,1.0e-200,531,1-531
b0478,GCF_000005845.2,NP_415011.1,558,1-411,411,COG4651,COG4651,1,623.0,1.0e-200,408,1-390
b1629,GCF_000005845.2,NP_416146.1,740,1-534,534,COG4656,COG4656,1,685.0,1.0e-200,529,2-529
b1627,GCF_000005845.2,NP_416144.1,193,1-193,193,COG4657,COG4657,0,344.0,1.68e-122,193,1-193
b1630,GCF_000005845.2,NP_416147.1,352,1-352,352,COG4658,COG4658,0,488.0,2.51e-174,338,1-337
b1631,GCF_000005845.2,NP_416148.1,206,1-206,206,COG4659,COG4659,0,286.0,2.17e-99,195,1-195
b1632,GCF_000005845.2,NP_416149.1,231,1-231,231,COG4660,COG4660,0,327.0,1.12e-114,212,1-212
b4377,GCF_000005845.2,NP_418794.1,357,1-357,357,COG4667,COG4667,0,395.0,1.03e-138,292,1-292
b2169,GCF_000005845.2,NP_416674.1,376,1-143,143,COG4668,COG4668,1,185.0,2.85e-58,142,1-142
b3599,GCF_000005845.2,NP_418056.1,637,484-637,154,COG4668,COG4668,1,189.0,1.77e-57,142,1-142
b1694,GCF_000005845.2,NP_416209.1,531,1-531,531,COG4670,COG4670,0,703.0,1.0e-200,527,1-524
b2225,GCF_000005845.2,NP_416729.1,258,1-258,258,COG4676,COG4676,0,394.0,4.62e-140,268,6-268
b0772,GCF_000005845.2,NP_415293.1,427,1-427,427,COG4677,COG4677,0,620.0,1.0e-200,405,1-403
b3083,GCF_000005845.2,NP_417554.1,104,1-104,104,COG4680,COG4680,0,127.0,1.47e-39,98,1-98
b0190,GCF_000005845.2,NP_414732.1,181,1-181,181,COG4681,COG4681,0,317.0,4.27e-112,181,1-174
b3562,GCF_000005845.2,NP_418019.4,145,1-145,145,COG4682,COG4682,0,188.0,1.1e-62,128,1-128
b3563,GCF_000005845.2,NP_418020.2,113,1-113,113,COG4682,COG4682,0,102.0,2.94e-29,128,9-125
b2230,GCF_000005845.2,NP_416733.4,562,1-562,562,COG4685,COG4685,0,867.0,1.0e-200,571,17-571
b1151,GCF_000005845.2,YP_009518765.1,157,1-157,157,COG4695,COG4695,2,159.0,3.16e-47,398,12-163
b0011,GCF_000005845.2,NP_414552.1,237,1-237,237,COG4735,COG4735,0,175.0,9.16e-55,211,1-210
b1115,GCF_000005845.2,NP_415633.1,357,1-357,357,COG4763,COG4763,0,528.0,1.0e-200,388,19-379
b2460,GCF_000005845.2,NP_416955.1,233,1-233,233,COG4766,COG4766,0,260.0,6.8e-89,176,1-176
b0584,GCF_000005845.2,NP_415116.1,746,1-746,746,COG4771,COG4771,0,807.0,1.0e-200,699,1-699
b1495,GCF_000005845.2,NP_416012.1,790,1-790,790,COG4771,COG4771,0,66.3,6.87e-11,699,12-699
b2155,GCF_000005845.2,NP_416660.1,663,1-663,663,COG4771,COG4771,0,748.0,1.0e-200,699,1-699
b4291,GCF_000005845.2,NP_418711.1,774,1-774,774,COG4772,COG4772,0,752.0,1.0e-200,753,1-753
b1102,GCF_000005845.2,NP_415620.1,729,1-729,729,COG4773,COG4773,0,848.0,1.0e-200,719,3-719
b0805,GCF_000005845.2,NP_415326.1,760,1-760,760,COG4774,COG4774,0,1006.0,1.0e-200,750,11-750
b0177,GCF_000005845.2,NP_414719.1,810,1-810,810,COG4775,COG4775,0,755.0,1.0e-200,766,1-766
b1286,GCF_000005845.2,NP_415802.1,644,1-644,644,COG4776,COG4776,0,1165.0,1.0e-200,645,1-645
b4096,GCF_000005845.2,NP_418520.1,226,1-226,226,COG4778,COG4778,0,365.0,1.35e-129,235,4-229
b0589,GCF_000005845.2,NP_415121.1,330,1-330,330,COG4779,COG4779,0,401.0,2.82e-140,346,19-346
b2494,GCF_000005845.2,NP_416989.1,487,1-487,487,COG4783,COG4783,0,533.0,1.0e-200,484,1-484
b3163,GCF_000005845.2,NP_417632.1,294,1-294,294,COG4785,COG4785,0,556.0,1.0e-200,297,1-297
b1078,GCF_000005845.2,NP_415596.1,260,1-260,260,COG4786,COG4786,0,304.0,1.17e-104,265,1-263
b1077,GCF_000005845.2,NP_415595.1,251,1-251,251,COG4787,COG4787,0,404.0,3.77e-144,251,1-251
b2825,GCF_000005845.2,NP_417302.1,187,1-187,187,COG4795,COG4795,0,160.0,5.38e-50,194,1-194
b3331,GCF_000005845.2,NP_417790.1,195,1-195,195,COG4795,COG4795,0,108.0,1.13e-29,194,1-191
b3391,GCF_000005845.2,NP_417850.1,412,1-412,412,COG4796,COG4796,2,313.0,9.25e-100,709,285-707
b3220,GCF_000005845.2,NP_417687.1,375,141-299,159,COG4804,COG4804,1,202.0,1.28e-64,159,2-159
b3903,GCF_000005845.2,YP_026276.1,419,1-419,419,COG4806,COG4806,0,832.0,1.0e-200,419,1-419
b2124,GCF_000005845.2,NP_416628.1,156,1-156,156,COG4807,COG4807,0,282.0,3.72e-99,155,1-155
b2123,GCF_000005845.2,NP_416627.2,153,1-153,153,COG4808,COG4808,0,239.0,2.14e-82,152,1-152
b2462,GCF_000005845.2,NP_416957.4,111,1-111,111,COG4810,COG4810,0,183.0,3.22e-61,121,10-121
b1820,GCF_000005845.2,NP_416334.1,152,1-152,152,COG4811,COG4811,0,271.0,5.7e-95,152,1-152
b2459,GCF_000005845.2,NP_416954.1,267,1-267,267,COG4812,COG4812,0,383.0,1.13e-135,255,1-255
b2439,GCF_000005845.2,NP_416934.1,219,1-219,219,COG4816,COG4816,0,317.0,9.57e-111,219,1-217
b2451,GCF_000005845.2,NP_416946.1,467,1-467,467,COG4819,COG4819,0,697.0,1.0e-200,473,2-473
b2454,GCF_000005845.2,NP_416949.1,278,1-278,278,COG4820,COG4820,0,436.0,4.08e-156,277,1-277
b2420,GCF_000005845.2,NP_416915.1,244,78-244,167,COG4884,COG4884,1,246.0,2.17e-83,176,1-174
b4515,GCF_000005845.2,YP_588444.1,37,1-37,37,COG4890,COG4890,0,51.6,1.74e-11,37,1-35
b2461,GCF_000005845.2,NP_416956.1,159,1-159,159,COG4917,COG4917,0,207.0,1.48e-69,148,1-148
b4538,GCF_000005845.2,YP_009518798.1,118,1-118,118,COG4917,COG4917,0,137.0,1.87e-42,148,4-148
b0465,GCF_000005845.2,NP_414998.1,1120,1-232,232,COG4942,COG4942,3,50.3,2.6e-06,420,15-284
b3613,GCF_000005845.2,NP_418070.6,419,1-419,419,COG4942,COG4942,0,402.0,2.45e-138,420,7-420
b0457,GCF_000005845.2,NP_414990.2,516,1-516,516,COG4943,COG4943,0,667.0,1.0e-200,524,3-518
b4061,GCF_000005845.2,NP_418485.1,528,1-528,528,COG4943,COG4943,0,695.0,1.0e-200,524,1-524
b1325,GCF_000005845.2,NP_415841.4,321,1-321,321,COG4948,COG4948,0,184.0,3.78e-55,372,3-348
b1581,GCF_000005845.2,NP_416098.1,404,1-404,404,COG4948,COG4948,0,280.0,2.28e-91,372,4-371
b2247,GCF_000005845.2,NP_416750.2,401,1-401,401,COG4948,COG4948,1,224.0,1.18e-69,372,32-370
b2787,GCF_000005845.2,NP_417267.1,446,1-446,446,COG4948,COG4948,0,215.0,1.09e-65,372,1-372
b2788,GCF_000005845.2,NP_417268.1,446,1-446,446,COG4948,COG4948,0,209.0,3.06e-63,372,1-372
b4478,GCF_000005845.2,YP_026237.1,382,1-382,382,COG4948,COG4948,0,288.0,4.98e-95,372,4-372
b1287,GCF_000005845.2,NP_415803.2,375,1-201,201,COG4950,COG4950,1,227.0,6.15e-74,193,1-193
b2519,GCF_000005845.2,NP_417014.1,770,1-770,770,COG4953,COG4953,0,883.0,1.0e-200,733,1-732
b2568,GCF_000005845.2,NP_417063.1,324,241-324,84,COG4959,COG4959,3,41.3,1.97e-04,173,120-169
b2823,GCF_000005845.2,NP_417300.1,107,1-107,107,COG4967,COG4967,2,73.5,2.31e-17,162,2-118
b0108,GCF_000005845.2,NP_414650.1,146,1-146,146,COG4969,COG4969,0,113.0,4.7e-33,125,1-125
b3395,GCF_000005845.2,NP_417854.4,259,1-174,174,COG4972,COG4972,3,47.1,8.64e-06,354,13-185
b0281,GCF_000005845.2,NP_414815.1,466,201-404,204,COG4973,COG4973,3,48.9,3.13e-06,299,50-250
b3811,GCF_000005845.2,NP_418256.1,298,1-298,298,COG4973,COG4973,0,469.0,1.94e-168,299,8-298
b0537,GCF_000005845.2,NP_415069.1,387,1-387,387,COG4974,COG4974,1,69.9,2.94e-13,300,17-291
b2894,GCF_000005845.2,NP_417370.1,298,1-298,298,COG4974,COG4974,0,414.0,7.02e-147,300,2-300
b4312,GCF_000005845.2,NP_418732.1,200,1-200,200,COG4974,COG4974,2,108.0,2.81e-28,300,106-299
b4313,GCF_000005845.2,NP_418733.1,198,1-198,198,COG4974,COG4974,2,111.0,2.45e-29,300,113-295
b3905,GCF_000005845.2,NP_418341.1,278,158-278,121,COG4977,COG4977,3,108.0,1.59e-27,328,207-320
b0886,GCF_000005845.2,NP_415406.1,573,1-573,573,COG4987,COG4987,0,715.0,1.0e-200,573,1-571
b0887,GCF_000005845.2,NP_415407.1,588,1-588,588,COG4988,COG4988,0,605.0,1.0e-200,559,1-557
b1647,GCF_000005845.2,YP_025305.1,298,1-298,298,COG4989,COG4989,0,482.0,1.78e-173,298,1-298
b1748,GCF_000005845.2,NP_416262.1,406,1-406,406,COG4992,COG4992,0,552.0,1.0e-200,404,4-404
b3073,GCF_000005845.2,NP_417544.5,459,1-459,459,COG4992,COG4992,0,458.0,8.33e-160,404,1-404
b3359,GCF_000005845.2,NP_417818.1,406,1-406,406,COG4992,COG4992,0,560.0,1.0e-200,404,1-402
b0124,GCF_000005845.2,NP_414666.1,796,1-796,796,COG4993,COG4993,0,1033.0,1.0e-200,773,1-773
b2786,GCF_000005845.2,NP_417266.1,918,520-663,144,COG4999,COG4999,1,242.0,7.64e-76,140,1-140
b1285,GCF_000005845.2,NP_415801.1,661,226-661,436,COG5001,COG5001,3,294.0,4.71e-90,663,216-644
b0400,GCF_000005845.2,NP_414934.1,431,98-431,334,COG5002,COG5002,3,184.0,5.19e-53,459,111-447
b0570,GCF_000005845.2,NP_415102.1,480,159-480,322,COG5002,COG5002,3,183.6,5.93e-36,459,4-101=228-447
b2078,GCF_000005845.2,NP_416582.1,467,187-467,281,COG5002,COG5002,3,183.0,2.63e-40,459,52-103=223-455
b0813,GCF_000005845.2,NP_415334.1,295,1-295,295,COG5006,COG5006,0,394.0,3.65e-139,292,1-292
b3190,GCF_000005845.2,NP_417657.2,84,1-84,84,COG5007,COG5007,0,128.0,1.7e-40,80,1-80
b3396,GCF_000005845.2,NP_417855.4,850,1-850,850,COG5009,COG5009,0,1075.0,1.0e-200,797,2-786
b0568,GCF_000005845.2,NP_415100.1,990,480-732,253,COG5010,COG5010,1,51.2,4.5e-07,257,52-253
b3530,GCF_000005845.2,YP_026226.4,1157,167-440,274,COG5010,COG5010,1,60.8,2.6e-10,257,45-251
b1224,GCF_000005845.2,NP_415742.1,1247,1-1247,1247,COG5013,COG5013,0,2125.0,1.0e-200,1227,1-1227
b1468,GCF_000005845.2,NP_415985.1,1246,1-1246,1246,COG5013,COG5013,0,2093.0,1.0e-200,1227,1-1227
b1614,GCF_000005845.2,NP_416131.1,502,1-502,502,COG5339,COG5339,0,512.0,2.58e-179,479,1-478
b3861,GCF_000005845.2,NP_418298.4,476,1-476,476,COG5339,COG5339,0,450.0,1.57e-155,479,1-479
b1423,GCF_000005845.2,NP_415940.1,447,1-263,263,COG5383,COG5383,1,227.0,3.14e-71,295,1-290
b1423,GCF_000005845.2,NP_415940.1,447,264-447,184,COG5383,COG5383,3,232.0,1.66e-73,295,108-287
b3099,GCF_000005845.2,NP_417570.1,134,1-134,134,COG5393,COG5393,0,176.0,6.94e-58,131,1-131
b0958,GCF_000005845.2,NP_415478.1,169,1-169,169,COG5404,COG5404,0,260.0,3.38e-90,169,1-169
b3932,GCF_000005845.2,NP_418367.1,176,1-176,176,COG5405,COG5405,0,275.0,1.19e-95,178,4-175
b0706,GCF_000005845.2,NP_415234.1,253,1-130,130,COG5433,COG5433,1,107.0,1.63e-29,121,1-121
b0706,GCF_000005845.2,NP_415234.1,253,131-253,123,COG5433,COG5433,1,93.6,2.82e-24,121,1-106
b1460,GCF_000005845.2,NP_415977.1,378,1-131,131,COG5433,COG5433,1,109.0,1.58e-29,121,1-121
b1460,GCF_000005845.2,NP_415977.1,378,132-258,127,COG5433,COG5433,1,98.6,2.3e-25,121,1-117
b1460,GCF_000005845.2,NP_415977.1,378,259-378,120,COG5433,COG5433,1,80.9,6.31e-19,121,1-117
b3484,GCF_000005845.2,NP_417941.1,378,1-131,131,COG5433,COG5433,1,108.0,2.61e-29,121,1-121
b3484,GCF_000005845.2,NP_417941.1,378,132-258,127,COG5433,COG5433,1,98.2,3.04e-25,121,1-117
b3484,GCF_000005845.2,NP_417941.1,378,259-378,120,COG5433,COG5433,1,79.7,1.75e-18,121,1-116
b4514,GCF_000005845.2,YP_009518758.1,84,1-84,84,COG5433,COG5433,2,73.9,2.63e-18,121,1-79
b2226,GCF_000005845.2,NP_416730.1,549,1-276,276,COG5445,COG5445,1,356.0,9.12e-121,268,1-267
b2226,GCF_000005845.2,NP_416730.1,549,277-549,273,COG5445,COG5445,1,288.0,2.3e-94,268,5-268
b2107,GCF_000005845.2,NP_416610.4,112,1-112,112,COG5455,COG5455,0,104.0,5.56e-30,129,29-129
b4341,GCF_000005845.2,NP_418761.1,54,1-54,54,COG5457,COG5457,0,45.6,1.96e-08,63,1-54
b3037,GCF_000005845.2,NP_417509.3,223,1-223,223,COG5463,COG5463,0,194.0,5.4e-63,198,2-194
b4185,GCF_000005845.2,NP_418606.1,212,1-212,212,COG5463,COG5463,0,199.0,1.0e-64,198,1-198
b0132,GCF_000005845.2,NP_414674.1,300,1-300,300,COG5464,COG5464,0,317.0,1.76e-108,289,1-288
b2244,GCF_000005845.2,NP_416747.1,299,1-299,299,COG5464,COG5464,0,370.0,1.9e-129,289,1-285
b2305,GCF_000005845.2,NP_416808.1,296,1-296,296,COG5464,COG5464,0,392.0,4.31e-138,289,1-285
b3411,GCF_000005845.2,NP_417870.1,292,1-292,292,COG5464,COG5464,0,377.0,1.75e-132,289,1-286
b1957,GCF_000005845.2,NP_416466.1,60,1-60,60,COG5475,COG5475,0,90.5,3.91e-26,60,3-60
b4568,GCF_000005845.2,YP_588479.2,53,1-53,53,COG5487,COG5487,0,43.1,1.1e-07,54,1-52
b3082,GCF_000005845.2,NP_417553.1,138,1-138,138,COG5499,COG5499,0,147.0,1.12e-46,120,1-120
b0456,GCF_000005845.2,NP_414989.1,117,1-117,117,COG5507,COG5507,0,200.0,4.77e-68,117,1-117
b4410,GCF_000005845.2,YP_026283.1,41,1-41,41,COG5510,COG5510,0,47.0,1.97e-09,44,1-44
b4411,GCF_000005845.2,YP_026284.1,48,1-48,48,COG5510,COG5510,0,51.2,4.76e-11,44,1-43
b2539,GCF_000005845.2,NP_417034.1,172,1-172,172,COG5517,COG5517,0,165.0,1.49e-52,164,1-164
b1373,GCF_000005845.2,NP_415891.1,191,1-191,191,COG5525,COG5525,3,91.1,8.6e-21,611,93-247
b1546,GCF_000005845.2,NP_416064.1,191,1-191,191,COG5525,COG5525,3,91.5,4.97e-21,611,93-247
b0561,GCF_000005845.2,YP_009518755.1,187,1-187,187,COG5525,COG5525,2,164.0,3.01e-47,611,56-250
b4362,GCF_000005845.2,NP_418782.1,179,85-179,95,COG5529,COG5529,3,48.0,1.72e-06,326,196-291
b2360,GCF_000005845.2,NP_416861.1,274,1-274,274,COG5532,COG5532,0,325.0,2.16e-112,269,1-269
b2586,GCF_000005845.2,NP_417081.2,107,1-107,107,COG5544,COG5544,0,147.0,2.36e-47,101,6-101
b2995,GCF_000005845.2,NP_417469.1,392,1-392,392,COG5557,COG5557,0,470.0,1.07e-165,401,1-401
b0558,GCF_000005845.2,NP_415090.2,136,1-136,136,COG5562,COG5562,0,153.0,1.29e-48,137,4-137
b1161,GCF_000005845.2,NP_415679.1,134,1-134,134,COG5562,COG5562,0,163.0,1.26e-52,137,4-137
b1549,GCF_000005845.2,NP_416067.2,136,1-136,136,COG5562,COG5562,0,153.0,6.7e-49,137,4-137
b4558,GCF_000005845.2,YP_588473.1,67,1-67,67,COG5567,COG5567,0,95.1,5.05e-28,58,1-58
b0573,GCF_000005845.2,NP_415105.1,110,1-110,110,COG5569,COG5569,0,128.0,1.08e-39,108,1-108
b3548,GCF_000005845.2,NP_418004.4,232,1-232,232,COG5571,COG5571,0,246.0,2.75e-82,239,3-239
b1194,GCF_000005845.2,NP_415712.1,244,1-244,244,COG5581,COG5581,0,248.0,4.31e-83,233,1-233
b1104,GCF_000005845.2,NP_415622.1,125,1-125,125,COG5633,COG5633,0,160.0,3.97e-52,123,1-123
b1050,GCF_000005845.2,NP_415568.1,75,1-75,75,COG5645,COG5645,0,87.1,2.6e-24,80,1-78
b3688,GCF_000005845.2,NP_418143.2,110,1-110,110,COG5645,COG5645,0,94.4,1.02e-26,80,1-80
NP_417238.1,GCF_000005845.2,NP_417238.1,363,1-363,363,COG5934,COG5934,0,368,2.67E-127,325,1-325
NP_417240.1,GCF_000005845.2,NP_417240.1,502,1-502,502,COG5942,COG5942,0,416,1.19E-141,477,1-477
NP_417239.1,GCF_000005845.2,NP_417239.1,160,1-160,160,COG5949,COG5949,0,88.5,8.55E-23,152,1-152
