gene,essential,gene_ori,gene_left,gene_right,median_coding,median_template,mad_coding,mad_template,coding,template,operon
cdsA,TRUE,+,195677,196534,-10.237777348698,-0.414289068360119,0.348848753326889,0.343418345827866,2,8,cdsA
rplC,TRUE,-,3450319,3450948,-10.187935617585,-0.457930653365433,0.313256029349371,0.237982127091306,6,3,rpsJ-rplCDWB-rpsS-rplV-rpsC-rplP-rpmC-rpsQ
lpxC,TRUE,+,106557,107474,-10.1797402291151,-0.942935416660002,0.58046305430989,0.486129785838569,7,6,mraZ-rsmH-ftsLI-murEF-mraY-murD-ftsW-murGC-ddlB-ftsQAZ-lpxC
rplS,TRUE,-,2742205,2742552,-9.90987864868175,-0.199266280719947,0.828414444870667,0.527807511451056,2,3,rpsP-rimM-trmD-rplS
lspA,TRUE,+,25207,25701,-9.86077366904992,-0.50849592605277,0,0.578026932514171,1,7,ribF-ileS-lspA-fkpB-ispH
tmk,TRUE,+,1154347,1154988,-9.66609969636709,-0.684629797707256,0.227790600202693,0.608099760797312,4,6,pabC-mltG-tmk-holB-ycfH
rpsB,TRUE,+,189874,190599,-9.47448646625143,-0.50913373335502,0,0.44314295374748,1,5,tff-rpsB-tsf
lptE,TRUE,-,670828,671409,-9.35509300111908,NA,1.72120141237352,NA,2,0,leuS-lptE-holA-nadD-cobC
rplD,TRUE,-,3449703,3450308,-9.32848381555734,-0.794459465652237,0,0.212097710333391,1,4,rpsJ-rplCDWB-rpsS-rplV-rpsC-rplP-rpmC-rpsQ
rpsP,TRUE,-,2743959,2744207,-9.30500042109181,-0.879827896461389,0.0148635690485266,0.12149143631354,2,2,rpsP-rimM-trmD-rplS
ibaG,FALSE,-,3334571,3334825,-9.19918623774552,-0.578044142828828,0.333313177867132,0,2,1,ibaG-murA
rplV,TRUE,-,3447923,3448255,-9.19363651106824,-0.123195524028268,0.391742662009451,0.322521297225528,4,3,rpsJ-rplCDWB-rpsS-rplV-rpsC-rplP-rpmC-rpsQ
ftsZ,TRUE,+,105305,106456,-9.18514547368582,-1.04849962983204,0,1.22721849507695,1,9,mraZ-rsmH-ftsLI-murEF-mraY-murD-ftsW-murGC-ddlB-ftsQAZ-lpxC
rpsN,TRUE,-,3444601,3444906,-9.1511442813703,-0.191278598923257,1.0629925608841,0,2,1,rplNXE-rpsNH-rplFR-rpsE-rpmD-rplO-secY-rpmJ
serV,FALSE,-,2816575,2816667,-9.08481781940117,NA,0,NA,1,0,serV-argVYZQ
infA,TRUE,-,925448,925666,-9.06970608981515,-0.340434469400422,0.0621841482717524,0,3,1,infA
ssb,TRUE,+,4272148,4272684,-9.04836947965572,-0.444547822893418,0,0.481635159228603,1,8,ssb
accA,TRUE,+,208621,209580,-9.02425464751641,-3.74979350421409,0.673862583768543,5.16888395288271,5,2,accA
msbA,TRUE,+,965844,967592,-8.94414420600529,-0.626677800300205,1.34910683517573,0.237755088181067,4,12,ycaI-msbA-lpxK-ycaQ
gltX,TRUE,-,2517279,2518694,-8.89379496782525,-0.551066203930015,0.45325013062371,0.470281872056584,6,8,gltX
rplK,FALSE,+,4176470,4176898,-8.72076513470101,-1.62425339629593,0.789487945583986,1.23436772403461,3,5,rplKAJL-rpoBC
aspS,TRUE,-,1946774,1948546,-8.69854871246974,-1.01844108566128,1.11945635187371,1.12352956048505,10,20,aspS
ftsA,TRUE,+,103982,105244,-8.64581056372205,-6.24756843429029,1.28495301662687,3.11773467085698,5,14,mraZ-rsmH-ftsLI-murEF-mraY-murD-ftsW-murGC-ddlB-ftsQAZ-lpxC
rpsH,TRUE,-,3444175,3444567,-8.55888535499386,-0.412737407777583,0.0436782481783755,0.445033816928728,3,5,rplNXE-rpsNH-rplFR-rpsE-rpmD-rplO-secY-rpmJ
rpsS,TRUE,-,3448270,3448548,-8.50224448578411,-0.451077072569295,0.82030970671755,0.834716361901237,4,3,rpsJ-rplCDWB-rpsS-rplV-rpsC-rplP-rpmC-rpsQ
rplF,TRUE,-,3443629,3444162,-8.46760218459834,-0.380548727388068,0.854046310822138,0.322707567686135,2,4,rplNXE-rpsNH-rplFR-rpsE-rpmD-rplO-secY-rpmJ
priB,FALSE,+,4423543,4423857,-8.46500816473663,-0.256491254247594,0,0.0835933268294459,1,3,rpsF-priB-rpsR-rplI
rffT,TRUE,+,3976624,3977976,-8.39609211398673,-0.304388828899704,1.60469091075342,0.166686959831297,3,9,rfe-wzzE-wecBC-rffGHC-wecE-wzxE-wecF-rffT-rffM
pheM,FALSE,-,1797250,1797294,-8.3684397598521,NA,0,NA,1,0,thrS-infC-rpmI-rplT-pheMST-ihfA
rrlH,FALSE,+,225759,228662,-8.35638147218733,0.154207435781525,0,0.39294578907528,1,2,rrsH-ileV-alaV-rrlH-rrfH
lptB,TRUE,+,3341966,3342691,-8.32270650722424,-0.200054731877508,0.875389324987294,0.300825546099582,3,4,yrbG-kdsDC-lptCAB-rpoN-hpf-ptsN-rapZ-npr
def,TRUE,+,3431712,3432221,-8.30975295833445,-0.790498295253022,0,0.247664466243996,1,4,def-fmt
glyQ,TRUE,-,3722430,3723341,-8.28114198829107,-4.32228873354458,0.914625509798375,3.74745192450003,9,16,glyQS
rpsF,FALSE,+,4423141,4423536,-8.27437300509281,-0.362093020388306,0.971436683420337,0.396035151702021,3,3,rpsF-priB-rpsR-rplI
accC,TRUE,+,3403939,3405288,-8.27169727935949,-0.359229304861078,0.27967674173453,0.22884333648746,8,10,accBC
dnaC,TRUE,-,4598261,4598998,-8.23156142814955,-0.166075433536364,0.446096716202352,0.0780473515751328,4,2,yjjB-dnaTC-yjjA
rpmB,TRUE,-,3809461,3809697,-8.23134249594279,-2.80074737557826,0.635456402698396,0.0369068894165026,5,3,yicR-rpmBG-mutM
glyS,TRUE,-,3720351,3722420,-8.22804879859696,-5.43375150671161,1.44078556458208,3.54276521903515,9,13,glyQS
serS,TRUE,+,938651,939943,-8.22751415771784,-0.939679401148926,1.54480898533936,0.700620529104481,6,10,serS
murA,TRUE,-,3333257,3334516,-8.20728485652275,-0.498419673284894,1.11936029364018,0.603643148703603,11,12,ibaG-murA
ftsW,TRUE,+,98403,99647,-8.15697682195903,-1.4207971790645,1.31555111268803,1.20452109245208,4,10,mraZ-rsmH-ftsLI-murEF-mraY-murD-ftsW-murGC-ddlB-ftsQAZ-lpxC
rpsJ,TRUE,-,3450981,3451292,-8.12636238561124,-0.254979108383179,0.274580050206916,0.174111895346776,3,2,rpsJ-rplCDWB-rpsS-rplV-rpsC-rplP-rpmC-rpsQ
rpsK,TRUE,-,3439731,3440120,-8.08637633730114,-1.22595339656957,1.21902983669136,0,2,1,rpsMKD-rpoA-rplQ
secY,TRUE,-,3440788,3442119,-8.07629325028165,-0.644139067012934,1.81606460467244,0.538567612148996,3,10,rplNXE-rpsNH-rplFR-rpsE-rpmD-rplO-secY-rpmJ
lolC,TRUE,+,1174650,1175849,-8.06554815845221,-0.956200657920422,0.661713425730836,1.13974167797726,6,6,lolCDE
gmk,TRUE,+,3819451,3820074,-8.03303056909645,-0.921274889240144,0.634884833528279,0.232909278077559,6,2,gmk
infC,TRUE,-,1798120,1798662,-8.03170221748923,-0.651692397839013,0.805000568850366,0.414971202878164,4,6,thrS-infC-rpmI-rplT-pheMST-ihfA
lolE,TRUE,+,1176543,1177787,-8.01727257970086,-0.626480283439925,1.94443901205585,0.848267076400523,9,11,lolCDE
lptA,TRUE,+,3341402,3341959,-8.0114547548224,-0.634834735003836,1.18588476033173,0.199950395650904,6,4,yrbG-kdsDC-lptCAB-rpoN-hpf-ptsN-rapZ-npr
ypaB,FALSE,-,2342616,2342759,-7.96483608775675,-7.90633071138903,0,0,1,1,ypaB
rplJ,TRUE,+,4178019,4178516,-7.96423137868567,-1.00922057929313,0.884328630966296,0.883258594952499,3,4,rplKAJL-rpoBC
leuU,FALSE,-,3320094,3320180,-7.92862350736527,-0.166906664800109,0,0.10416893021286,1,2,secG-leuU
rpsE,TRUE,-,3442748,3443251,-7.83283758302449,-0.597566203691228,0.8866101042114,0.859340996001812,6,2,rplNXE-rpsNH-rplFR-rpsE-rpmD-rplO-secY-rpmJ
accD,TRUE,-,2431034,2431948,-7.83031890482453,-0.271977110197366,1.57444603349701,0.0369468408042879,2,3,accD
lpxA,TRUE,+,202560,203348,-7.83025504960066,-1.29420932851174,2.41106172693884,0.631392653878789,6,7,bamA-skp-lpxD-fabZ-lpxAB-rnhB-dnaE
lpxD,TRUE,+,200971,201996,-7.8243273973157,-0.435587756753071,1.27868032836463,0.509454520724682,4,5,bamA-skp-lpxD-fabZ-lpxAB-rnhB-dnaE
fabG,TRUE,+,1149893,1150627,-7.73686467362425,-0.268765726563728,0.0121295383280255,0.05808802142048,3,6,yceD-rpmF-plsX-fabHDG-acpP-fabF
rpmA,TRUE,-,3330884,3331141,-7.70324715165199,0.056334089830535,0.311844303084412,0.380994737832469,2,3,rplU-rpmA-yhbE-obgE
dnaN,TRUE,-,3879244,3880344,-7.62022965443592,-0.586826698511428,1.05429743247874,0.257017105913095,3,9,dnaAN-recF
tyrS,TRUE,-,1713972,1715246,-7.61790639109035,-0.178047765621037,0,0.277787646713697,1,7,pdxH-tyrS-pdxY
rplX,TRUE,-,3445475,3445789,-7.60665468246069,-2.02812024165253,0,2.00134785839418,1,2,rplNXE-rpsNH-rplFR-rpsE-rpmD-rplO-secY-rpmJ
rpsL,TRUE,-,3472200,3472574,-7.57039000523556,-2.37373440651631,1.60108726512785,0,3,1,rpsLG-fusA-tufA
gyrA,TRUE,-,2334815,2337442,-7.55571161242928,-0.552898037024241,1.87962794269588,0.276935791129525,15,15,gyrA
kdsC,FALSE,+,3340295,3340861,-7.55182727744991,-0.649704834651387,0.872272986133141,0.0490108173592623,2,3,yrbG-kdsDC-lptCAB-rpoN-hpf-ptsN-rapZ-npr
rpsQ,FALSE,-,3446336,3446590,-7.51720279914302,NA,0.547422415154284,NA,2,0,rpsJ-rplCDWB-rpsS-rplV-rpsC-rplP-rpmC-rpsQ
ddlB,FALSE,+,102233,103153,-7.50821170685739,-1.6182482624985,0.538946221828267,1.17777542911065,8,13,mraZ-rsmH-ftsLI-murEF-mraY-murD-ftsW-murGC-ddlB-ftsQAZ-lpxC
yejL,FALSE,+,2282151,2282378,-7.47394358727095,-7.85711366884,0.383192681542448,3.50970014055961,2,3,yejLM
murI,TRUE,+,4163451,4164308,-7.47310237961106,-0.25961798651168,0.768514242170934,0.407798164402306,3,8,btuB-murI
ispU,TRUE,+,194903,195664,-7.45890318598378,-0.267039904359401,0.428218181088805,0.248269159378413,3,5,ispU
ftsH,TRUE,-,3323023,3324957,-7.40509302479323,-0.506249761294033,1.79915923118677,0.447924627289137,15,22,rlmE-ftsH
skp,FALSE,+,200482,200967,-7.39086636752971,-0.460986259710781,1.4793792998793,0,2,1,bamA-skp-lpxD-fabZ-lpxAB-rnhB-dnaE
murF,TRUE,+,94650,96008,-7.38042314217269,-0.286337638990385,2.01266332199964,0.478296172973648,13,8,mraZ-rsmH-ftsLI-murEF-mraY-murD-ftsW-murGC-ddlB-ftsQAZ-lpxC
fusA,TRUE,-,3469422,3471536,-7.37422778070977,-0.751680828654635,0.773282252773456,0.285639985007051,5,18,rpsLG-fusA-tufA
glnU,FALSE,-,696088,696162,-7.37326829704304,-0.378287406149516,0,0,1,1,metT-leuW-glnUW-metU-glnVX
lpxB,TRUE,+,203348,204496,-7.35383935040907,-0.65784694559327,1.42948327658289,0.195584563870001,5,5,bamA-skp-lpxD-fabZ-lpxAB-rnhB-dnaE
rpsG,TRUE,-,3471564,3472103,-7.34004068619047,-0.835851668186416,1.47260841853332,0.0300731467240805,7,2,rpsLG-fusA-tufA
thrS,TRUE,-,1798666,1800594,-7.31473899338979,-0.654978060309252,1.30039428960189,0.624193530478309,14,10,thrS-infC-rpmI-rplT-pheMST-ihfA
trpS,TRUE,-,3510656,3511660,-7.28253582129388,-0.236741059802717,1.45130010246988,0.218825766983611,10,4,aroKB-damX-dam-rpe-gph-trpS
trmD,TRUE,-,2742594,2743361,-7.27316117542274,-0.411938005992637,0.828000108753675,0.71854644280821,6,9,rpsP-rimM-trmD-rplS
hisS,TRUE,-,2637323,2638597,-7.26875829673149,-0.436300441260126,1.73313747087603,0.451502373759068,10,12,hisS
mraY,TRUE,+,96002,97084,-7.26062594835388,-0.602921408378888,1.29530030343404,0.476369337963577,3,10,mraZ-rsmH-ftsLI-murEF-mraY-murD-ftsW-murGC-ddlB-ftsQAZ-lpxC
rpoA,TRUE,-,3438062,3439051,-7.25093581605101,-0.842412780739049,1.46407548818968,0.298402943056558,2,7,rpsMKD-rpoA-rplQ
alaS,TRUE,-,2817403,2820033,-7.23693038804644,-2.27065005315575,1.14422373527793,1.64223944265434,13,15,alaS
dnaG,TRUE,+,3209129,3210874,-7.18462291463884,-0.569360800928379,0.985104003650738,0.416278774512321,13,8,rpsU-dnaG-rpoD
rplB,TRUE,-,3448565,3449386,-7.17947716469835,-0.61835605571601,1.13106941363346,0.365801207641154,9,6,rpsJ-rplCDWB-rpsS-rplV-rpsC-rplP-rpmC-rpsQ
rimM,FALSE,-,2743392,2743940,-7.17045728850708,-0.791868069680781,1.0622876995902,0.366791582658876,4,7,rpsP-rimM-trmD-rplS
ftsQ,TRUE,+,103155,103985,-7.16717300386012,-5.23292671109871,0.804213388581943,3.6104556457935,3,4,mraZ-rsmH-ftsLI-murEF-mraY-murD-ftsW-murGC-ddlB-ftsQAZ-lpxC
argS,TRUE,+,1958086,1959819,-7.15946550194292,-0.471248799260061,1.20310398235221,0.513457720165365,10,14,argS
leuS,TRUE,-,671424,674006,-7.12899152742791,-0.501307777358615,1.0657878882868,0.626176934101434,22,23,leuS-lptE-holA-nadD-cobC
rpsO,FALSE,-,3309437,3309706,-7.11609965611152,NA,0.738327804730766,NA,3,0,metY-rimP-nusA-infB-rbfA-truB-rpsO-pnp
orn,TRUE,+,4389627,4390172,-7.09395349058011,-0.468844072896155,0.373452421110731,0.471074665818881,2,5,orn
lptC,TRUE,+,3340858,3341433,-7.0863489222745,-3.94386846222456,1.97956510625284,0.967527525544831,3,2,yrbG-kdsDC-lptCAB-rpoN-hpf-ptsN-rapZ-npr
ileS,TRUE,+,22391,25207,-7.06795502973237,-1.49622797841719,0.775372658701457,1.5264457351339,18,21,ribF-ileS-lspA-fkpB-ispH
metG,TRUE,+,2192322,2194355,-7.01288687755635,-0.451226455866232,1.3435714507133,0.353025444441237,11,18,metG
secG,FALSE,-,3320195,3320527,-6.96837602494098,-0.73603153254345,2.55919871976465,0.248793411663971,1,3,secG-leuU
dnaT,FALSE,-,4599001,4599540,-6.95083318562411,-0.780289338053908,0.506785085110929,0.872856589954122,3,3,yjjB-dnaTC-yjjA
waaA,TRUE,+,3806563,3807840,-6.94818855524427,-0.756242935565327,1.76525934753376,0.383741984616453,9,9,waaA-coaD
zipA,TRUE,-,2528269,2529255,-6.94195841125128,-0.370462421701381,1.14614131635191,0.596957008859634,5,5,zipA
lptD,TRUE,-,54755,57109,-6.93577617299744,-0.311111495115385,2.19415551484817,0.21673240601159,12,16,lptD-surA-pdxA-rsmA-apaGH
murE,TRUE,+,93166,94653,-6.90051178744124,-0.392421018518804,1.18603846289725,0.921677853515117,8,15,mraZ-rsmH-ftsLI-murEF-mraY-murD-ftsW-murGC-ddlB-ftsQAZ-lpxC
tsf,TRUE,+,190857,191708,-6.88290273258734,-0.644127367331316,0.097141021868802,0.372450771826089,2,4,tff-rpsB-tsf
rplQ,TRUE,-,3437638,3438021,-6.87827096674234,NA,0.222109057306791,NA,2,0,rpsMKD-rpoA-rplQ
rimP,FALSE,-,3315576,3316028,-6.86745453997745,NA,2.2017876795362,NA,3,0,metY-rimP-nusA-infB-rbfA-truB-rpsO-pnp
rsmH,FALSE,+,90094,91035,-6.86013198400444,-0.326961099388904,0.616412544261503,0.45753306989467,5,8,mraZ-rsmH-ftsLI-murEF-mraY-murD-ftsW-murGC-ddlB-ftsQAZ-lpxC
rplN,TRUE,-,3445800,3446171,-6.83851879467866,-0.884992260100225,0,0.873799614529357,1,3,rplNXE-rpsNH-rplFR-rpsE-rpmD-rplO-secY-rpmJ
murG,TRUE,+,99644,100711,-6.82840785579643,-0.663551387690989,1.47561219695394,0.785483543347043,5,10,mraZ-rsmH-ftsLI-murEF-mraY-murD-ftsW-murGC-ddlB-ftsQAZ-lpxC
yidC,TRUE,+,3883099,3884745,-6.82642892451752,-0.737489602494806,1.20246543604536,0.519732035381848,8,12,yidC
lolB,TRUE,-,1262100,1262723,-6.77682901441271,-2.79683130071783,1.86337755751784,0,7,1,lolB-ispE-prs
csrA,TRUE,-,2816983,2817168,-6.77052048013262,-1.47366808790922,1.05491641279907,0.324835733213783,4,3,csrA
rpsM,FALSE,-,3440137,3440493,-6.75904035067362,-1.36460876771209,0.851780067004124,0.720572000381037,4,2,rpsMKD-rpoA-rplQ
lptG,TRUE,+,4485341,4486423,-6.75431804255689,-0.359265419435386,2.03211378222245,0.453051264761795,10,5,lptFG
cysS,TRUE,+,553834,555219,-6.74318575287686,-0.447694393648351,0.864789081628983,0.320484019814651,9,12,cysS
prs,TRUE,-,1260151,1261098,-6.69791782643763,-0.389783890078295,1.55098896492169,0.144611679823693,8,6,lolB-ispE-prs
glnS,TRUE,+,705316,706980,-6.68456029097064,-0.534212318556655,1.15348025484352,0.334643993583815,11,13,glnS
adk,TRUE,+,496399,497043,-6.66407564028485,-1.16576935440619,2.16698887726945,1.21487329640711,4,5,adk
dnaB,TRUE,+,4262337,4263752,-6.66027698093642,-0.377927167001146,0.831045825224727,0.268543544222749,12,10,dnaB
murB,TRUE,+,4170080,4171108,-6.6596922928863,-0.236000440524401,0.837173022957083,0.373228115229032,4,6,murB-birA
ftsI,TRUE,+,91413,93179,-6.64651889617321,-0.285043403026848,1.10031222121516,0.307551639633222,7,19,mraZ-rsmH-ftsLI-murEF-mraY-murD-ftsW-murGC-ddlB-ftsQAZ-lpxC
lolD,TRUE,+,1175842,1176543,-6.64506537617808,-0.460456905065461,0.719747367872203,0.255189616476872,4,5,lolCDE
dxs,TRUE,-,437539,439401,-6.61784541594408,-0.393527802615315,1.68922754708726,0.235760287529654,11,15,xseB-ispA-dxs-yajO
gyrB,TRUE,-,3875728,3878142,-6.61633465976346,-0.318988465576499,1.79662669218401,0.218017665178644,13,13,gyrB
holB,TRUE,+,1154985,1155989,-6.61522271239038,-0.201181816708466,1.91289951460644,0.154402801655664,2,9,pabC-mltG-tmk-holB-ycfH
prfB,TRUE,-,3033206,3034304,-6.58088521250814,-1.31519932921192,0.868123543750466,1.4960310899671,12,7,xerD-dsbC-recJ-prfB-lysS
murD,TRUE,+,97087,98403,-6.57216792153053,-0.33840808698453,1.36635579754591,0.328149560503865,6,11,mraZ-rsmH-ftsLI-murEF-mraY-murD-ftsW-murGC-ddlB-ftsQAZ-lpxC
pheS,TRUE,-,1795983,1796966,-6.55172481602257,-0.603283640222282,1.73656298938296,0.376854545744213,9,3,thrS-infC-rpmI-rplT-pheMST-ihfA
rpsU,TRUE,+,3208803,3209018,-6.54409241937225,NA,2.23320519991245,NA,1,0,rpsU-dnaG-rpoD
murC,TRUE,+,100765,102240,-6.53184618645481,-0.259075881525713,1.59342585136378,0.445527093295636,10,13,mraZ-rsmH-ftsLI-murEF-mraY-murD-ftsW-murGC-ddlB-ftsQAZ-lpxC
ispH,TRUE,+,26277,27227,-6.51778627091864,-0.505239512595393,0,0.0643622296204904,1,5,ribF-ileS-lspA-fkpB-ispH
lgt,TRUE,-,2963184,2964059,-6.46313269431004,-0.240101989186767,2.27461400355804,0.23151989046537,8,16,lgt-thyA
rplR,TRUE,-,3443266,3443619,-6.40835797023511,-0.812651695451957,0.410688910992751,0.129998902944997,3,5,rplNXE-rpsNH-rplFR-rpsE-rpmD-rplO-secY-rpmJ
asnS,TRUE,-,986808,988208,-6.40825833236843,-0.626181272166017,1.2720998814815,0.413501347477021,11,12,asnS
proM,FALSE,+,3980758,3980834,-6.39671051575717,NA,0,NA,1,0,argX-hisR-leuT-proM
ftsB,TRUE,-,2870531,2870842,-6.36573211774078,-0.150351987032101,3.12916261774351,0.00158515754443027,1,3,ftsB
fabI,TRUE,-,1348275,1349063,-6.35406834741434,-0.607417618825698,1.10695003215658,0.345707408805971,2,4,fabI
valS,TRUE,-,4479005,4481860,-6.35004083881352,-0.677875177263928,1.32642339357675,0.690020409444933,17,20,holC-valS
ribF,TRUE,+,21407,22348,-6.34475251440646,-0.78542415178597,0.918250820086113,0.739129843672736,6,6,ribF-ileS-lspA-fkpB-ispH
fabZ,TRUE,+,202101,202556,-6.32711506572608,-1.62235790856196,3.55655177812921,1.89403214137621,2,2,bamA-skp-lpxD-fabZ-lpxAB-rnhB-dnaE
kdsB,TRUE,+,970075,970821,-6.29675740744682,-0.318026837355821,0.811605424795586,0.207204411976945,4,4,ycaR-kdsB
rplI,FALSE,+,4424131,4424580,-6.28497277527918,-0.294294473723542,0.149144560932279,0.603701780801113,3,5,rpsF-priB-rpsR-rplI
ftsL,TRUE,+,91032,91397,-6.26700498625369,-0.237715680133751,0.277239407837378,0.0774417909454221,2,3,mraZ-rsmH-ftsLI-murEF-mraY-murD-ftsW-murGC-ddlB-ftsQAZ-lpxC
rpsC,TRUE,-,3447204,3447905,-6.26536050571912,-0.597846728987735,0.200805951854347,0.20403734856213,3,2,rpsJ-rplCDWB-rpsS-rplV-rpsC-rplP-rpmC-rpsQ
rplY,FALSE,+,2280539,2280823,-6.17247918844272,NA,3.80883760638928,NA,2,0,rplY
hemA,TRUE,+,1262937,1264193,-6.16955780300982,-0.244247257351353,0.664422646404334,0.105238008468698,4,7,hemA-prfA-prmC
dnaX,TRUE,+,491316,493247,-6.16773846344667,-0.979906008676014,0.897605584819942,1.27168588995441,13,9,dnaX
ftsY,TRUE,-,3600773,3602266,-6.15260601769433,-0.306981486164493,1.31750005048774,0.417510565749298,8,19,ftsYEX
rfaD,FALSE,+,3792010,3792942,-6.0845684047752,-0.546589579225117,0.584834881585242,0.388235200205235,7,13,rfaD-waaFCL
rnpB,FALSE,-,3268238,3268614,-6.08294504933469,-0.639533421591615,0,0.413571367175066,1,7,garPLRK-rnpB
infB,TRUE,-,3311364,3314036,-6.08220020044855,-1.04931753463142,1.20814591840098,0.646185225081889,14,15,metY-rimP-nusA-infB-rbfA-truB-rpsO-pnp
nusG,TRUE,+,4175766,4176311,-6.07214586182891,-0.735520574238747,0.878006118321863,0,6,1,secE-nusG
ispE,TRUE,-,1261249,1262100,-6.01509833123826,-0.70345320219297,0.185757619776829,0.865025850822735,2,5,lolB-ispE-prs
rsfS,FALSE,-,667942,668259,-6.00522563417184,-1.51786933963315,0,1.56714258143284,1,2,rsfS-rlmH-mrdAB-rlpA
rpmE,FALSE,+,4125036,4125248,-5.94599954729692,NA,0.649992525823233,NA,2,0,rpmE
rplA,FALSE,+,4176902,4177606,-5.92389839039445,-0.307221178413093,1.73580782593209,0.388897442143654,3,7,rplKAJL-rpoBC
ubiB,TRUE,+,4018249,4019889,-5.9010200428857,-1.28217830348525,0.803028407043707,0.594114254620385,11,12,ubiEJB
lpxH,TRUE,-,552441,553163,-5.89721321683504,-0.295360840588829,0,0.208539227359368,1,8,ppiB-lpxH
holA,TRUE,-,669797,670828,-5.89654423251924,-0.684059750348214,0.966740505479017,0.298003897397297,6,5,leuS-lptE-holA-nadD-cobC
proS,TRUE,-,217057,218775,-5.88110562067886,-0.328523180012207,1.7761436233991,0.401895248001393,9,8,proS
secM,TRUE,+,107705,108217,-5.83203989422912,-0.644809545032721,0.825347040736946,0.510582577593691,4,3,secMA-mutT
rpsA,TRUE,+,961218,962891,-5.82970873060774,-0.50623253565461,1.30811959638985,0.16849340431428,12,9,cmk-rpsA-ihfB
dnaK,FALSE,+,12163,14079,-5.82711087461185,-0.34075618170075,1.07074536401065,0.287003327651844,10,8,dnaK-tpke11-dnaJ
yejM,TRUE,+,2282398,2284158,-5.81693848963306,-3.23881232331278,2.25896955282759,4.23113659368795,13,13,yejLM
acpP,TRUE,+,1150838,1151074,-5.78070952773905,NA,0,NA,1,0,yceD-rpmF-plsX-fabHDG-acpP-fabF
serT,FALSE,-,1030848,1030935,-5.76377778765245,NA,0,NA,1,0,serT
pheT,TRUE,-,1793581,1795968,-5.71597318013138,-0.533035162770858,1.8714099583631,0.367715033417763,19,14,thrS-infC-rpmI-rplT-pheMST-ihfA
yrfF,TRUE,+,3524491,3526626,-5.6955858963631,-0.471326283567219,0.728331193460863,0.45290270268227,14,12,yrfF
plsC,TRUE,-,3160766,3161503,-5.6706057467116,0.274043806101906,2.65681317792531,0,5,1,plsC
dnaA,TRUE,-,3880349,3881752,-5.6634830989493,-0.732001017736523,2.32929271585452,0.512779289513614,11,12,dnaAN-recF
prfA,TRUE,+,1264235,1265317,-5.63166787330084,-0.330242288799766,0.462524240156044,0.40002199325196,7,6,hemA-prfA-prmC
era,TRUE,-,2700503,2701408,-5.61640049515396,-0.437372805723455,0.486314711986852,0.410593901839011,4,8,rnc-era-recO-pdxJ-acpS
ffs,FALSE,+,475672,475785,-5.54799350844904,-0.456411508541066,1.06007959006571,0,3,1,ffs
nadD,TRUE,-,669154,669795,-5.52082984378567,-0.114381252269082,0.561860417018574,0.0466677619795453,2,3,leuS-lptE-holA-nadD-cobC
dicA,TRUE,+,1645958,1646365,-5.51266811828037,-0.705620127669506,1.04057588521094,0.446463829930852,3,3,dicA
folA,TRUE,+,49823,50302,-5.50406164211279,-0.360088901518997,1.79511160090821,0.216894917638702,7,4,folA
pnp,FALSE,-,3307055,3309190,-5.49826625950426,-0.664381275014126,1.0262108592586,0.464610155335468,18,16,metY-rimP-nusA-infB-rbfA-truB-rpsO-pnp
metK,TRUE,+,3084728,3085882,-5.49211400242281,-0.443910032442349,1.69770350014888,0.0973794053407984,6,2,metK
rpoC,TRUE,+,4183373,4187596,-5.48875822615943,-0.51130512716722,1.46176489972324,0.463090419119444,17,35,rplKAJL-rpoBC
dfp,TRUE,+,3810754,3811974,-5.47363837079981,-0.498001827693798,0.306024907583434,0.209944782733691,11,4,dfp
waaF,FALSE,+,3792952,3793998,-5.43967252960708,-0.835295027153177,0.84571424501069,0.815828669913492,4,9,rfaD-waaFCL
acpS,TRUE,-,2698640,2699020,-5.43117124412824,-0.242362761982397,0,0.0223461369755674,1,3,rnc-era-recO-pdxJ-acpS
rfaE,FALSE,-,3193342,3194775,-5.40151694211315,-0.469277305101285,0.922635035977754,0.316904058489018,10,17,rfaE
accB,TRUE,+,3403458,3403928,-5.39729613984226,-0.485749730176612,0.508852203601664,0.0733518706946777,2,2,accBC
eno,TRUE,-,2904665,2905963,-5.38319429725462,-0.471277759139691,2.29745804482982,0.298754548425203,5,11,pyrG-eno
fkpB,FALSE,+,25826,26275,-5.36894533202847,-0.602540623529087,0.0123352370324921,0.641816345504612,2,4,ribF-ileS-lspA-fkpB-ispH
frr,TRUE,+,192872,193429,-5.36218399375523,-0.541845806477624,0.233790614943854,0,2,1,frr
thyA,FALSE,-,2962383,2963177,-5.35689144757132,-0.627008239883505,0.807750228185361,0.397435995827249,5,7,lgt-thyA
secE,TRUE,+,4175381,4175764,-5.3509594280362,-0.4064452965363,1.06806502245106,0.657043189159925,2,5,secE-nusG
pyrH,TRUE,+,191855,192580,-5.33261556271831,-0.637848315786338,1.18334537155163,0.558097950650673,5,9,pyrH
kdsD,FALSE,+,3339288,3340274,-5.3235207871971,-1.20726736957984,1.14769130991742,0.931700834681302,6,7,yrbG-kdsDC-lptCAB-rpoN-hpf-ptsN-rapZ-npr
rpsT,FALSE,-,20815,21078,-5.3217264463629,-0.754613405279559,0,0,1,1,rpsT
nrdA,TRUE,+,2342887,2345172,-5.31294676979221,-0.207266421631264,1.04326331799667,0.407811365213227,19,11,nrdAB-yfaE
lpxK,TRUE,+,967589,968575,-5.29336567057844,-0.450969347952628,0.629814962549848,0.308818856643242,9,7,ycaI-msbA-lpxK-ycaQ
mnmA,FALSE,-,1191890,1192996,-5.28445685086359,-0.438434700762297,1.20587337653861,0.334328119715198,6,9,mnmA
cydA,TRUE,+,770681,772249,-5.25642442999883,-0.508512632927544,0.573050791895897,0.224470800653321,7,14,cydAB
cydB,FALSE,+,772265,773404,-5.22409581007836,-0.326946590493772,0.187921182637872,0.113492854417854,9,9,cydAB
secA,TRUE,+,108279,110984,-5.20069824175837,-0.449584387113626,1.85960193607053,0.367822820614534,13,17,secMA-mutT
rpoZ,FALSE,+,3820129,3820404,-5.19486972922608,-0.366196177721255,1.13524225778681,0.188303766130311,2,4,rpoZ-spoT-trmH-recG
ffh,TRUE,-,2744456,2745817,-5.14964360959983,-0.224036985586349,0.530868922753152,0.154310999645908,6,11,ffh
fabD,TRUE,+,1148951,1149880,-5.12505448418113,-0.197651602594003,1.48922754625777,0.338612863865455,4,11,yceD-rpmF-plsX-fabHDG-acpP-fabF
mukE,TRUE,+,974872,975549,-5.11962598619563,-0.473660893100574,0.33280738570442,0.224263199463761,3,5,cmoM-mukFEB
bamA,TRUE,+,197928,200360,-5.10657067492668,-0.448270881146576,1.22634918498034,0.600238016273445,16,22,bamA-skp-lpxD-fabZ-lpxAB-rnhB-dnaE
ubiE,FALSE,+,4016878,4017633,-5.09656474011635,-0.877152864359197,0.276310716063417,0.733848420657174,5,3,ubiEJB
rpoD,TRUE,+,3211069,3212910,-5.08469870624972,-0.716541279744329,1.4452655944669,0.323120223016874,12,14,rpsU-dnaG-rpoD
fabB,TRUE,-,2438407,2439627,-5.08348665725821,-0.430956176921478,1.61430685725211,0.437886353839001,8,11,fabB
yihA,TRUE,-,4048156,4048752,-5.07925532649806,-0.510830029273119,0.454442724482119,0.664904717008226,2,5,yihA
nadK,TRUE,+,2748853,2749731,-5.0370128593479,-0.337818888165319,1.81552042101344,0.101458965361784,10,5,nadK
thrU,FALSE,+,4173411,4173486,-5.03552846657004,NA,0,NA,1,0,thrU-tyrU-glyT-thrT-tufB
rlmE,FALSE,-,3325057,3325686,-5.03513975355355,-0.312195828199463,0.84221621322089,0.367419434199665,4,5,rlmE-ftsH
yfaZ,FALSE,-,2361755,2362297,-5.02018566693619,-0.326448071476359,1.37140823741904,0.0635009161663751,1,6,yfaZ
parC,TRUE,-,3161737,3163995,-4.96406706486931,-0.343538005307195,1.45783800716298,0.355782812867297,12,17,parC
obgE,TRUE,-,3328604,3329776,-4.95754300907384,-0.540534019535196,1.71984049042254,0.324495422299795,4,14,rplU-rpmA-yhbE-obgE
mreB,TRUE,-,3398066,3399109,-4.91760037258469,-0.52997068413351,1.17840194318338,0.334341540129408,5,8,mreBCD
leuW,FALSE,-,696186,696270,-4.91359986570316,NA,0,NA,1,0,metT-leuW-glnUW-metU-glnVX
parE,TRUE,-,3171526,3173418,-4.909980223691,-0.231884766516715,0.460179596906688,0.199850126655186,10,17,nudF-yqiB-cpdA-yqiA-parE
rpmC,TRUE,-,3446590,3446781,-4.90782734419538,NA,0,NA,1,0,rpsJ-rplCDWB-rpsS-rplV-rpsC-rplP-rpmC-rpsQ
der,TRUE,-,2633906,2635378,-4.90712241721105,-0.536144227148583,0.625218436930182,0.196581917129347,6,8,bamB-der
tsaD,TRUE,-,3207552,3208565,-4.90466254711998,-0.223438353963564,0.579295650607456,0.100686436700571,8,4,tsaD
yceD,FALSE,+,1146017,1146538,-4.84422984083417,-0.399053389765246,0,0.198957163296581,1,4,yceD-rpmF-plsX-fabHDG-acpP-fabF
nusB,FALSE,+,434361,434780,-4.8148088336477,-0.458311162679817,0.586791792054671,0.11690277382526,7,2,nrdR-ribDE-nusB-thiL-pgpA
rplM,TRUE,-,3376245,3376673,-4.76809589005568,-0.113256428616301,0.914996583281921,0.105779315189716,2,5,rplM-rpsI
rpsD,TRUE,-,3439077,3439697,-4.75377462287779,-1.29354935563699,0.625630079214615,0.506009261460365,4,6,rpsMKD-rpoA-rplQ
lptF,TRUE,+,4484241,4485341,-4.68498533522167,-0.637583545812535,1.81580551003391,0.502851348421056,7,11,lptFG
nusA,TRUE,-,3314061,3315548,-4.67518528539834,-0.307135925066449,0.530555179638576,0.105556887150979,7,4,metY-rimP-nusA-infB-rbfA-truB-rpsO-pnp
lpcA,FALSE,+,243543,244121,-4.67038536074055,-0.430369893007397,3.26411603119405,0,3,1,lpcA
ribE,TRUE,+,433871,434341,-4.657056675781,-0.694452312413974,1.32592381131217,0.669180683247768,5,2,nrdR-ribDE-nusB-thiL-pgpA
mreD,TRUE,-,3396409,3396897,-4.63458483649433,-0.320223769895655,0.823261084292673,0.0773704583529408,4,6,mreBCD
tsaB,TRUE,-,1888596,1889291,-4.60153440789857,-0.682717413401532,1.39465554588998,0.572277285382696,5,6,tsaB-yeaY
glmU,TRUE,-,3911853,3913223,-4.59560078886166,-0.305876327174047,1.90237491278703,0.197616780790412,8,8,glmUS
rplO,TRUE,-,3442127,3442561,-4.57529408031835,-1.74991954643699,0,1.33645890432276,1,2,rplNXE-rpsNH-rplFR-rpsE-rpmD-rplO-secY-rpmJ
rpoE,TRUE,-,2707459,2708034,-4.57424866081845,-1.35157428473497,1.66215909513683,0.975055352618179,8,4,rpoE-rseABC
hemH,TRUE,+,497279,498241,-4.55654212708758,-0.00254302817894678,0.931724706456282,0.276439142341396,8,4,hemH
rnpA,TRUE,+,3882516,3882875,-4.52505825429996,-0.113912488532308,1.77262232489027,0.0324781505239059,7,3,rpmH-rnpA
pyrG,TRUE,-,2906051,2907688,-4.52118652357295,-0.496944998025491,0.981042819677016,0.288233532838323,8,13,pyrG-eno
glmM,TRUE,-,3320755,3322092,-4.5181652617677,-0.303008069371355,0.640130492860111,0.219917725173044,4,13,folP-glmM
rpoB,TRUE,+,4179268,4183296,-4.516174644927,-0.434017330244126,1.11866135095348,0.334261435098936,24,28,rplKAJL-rpoBC
mreC,TRUE,-,3396897,3398000,-4.43443185860434,-0.630312771934362,0.870988418071009,0.359354082492199,6,12,mreBCD
hemE,FALSE,+,4195739,4196803,-4.36673330523845,-0.890185804676713,0.544455129639831,0.709507257606248,8,7,nudC-hemE-nfi
valZ,FALSE,+,780291,780366,-4.34258606756065,NA,2.17846649385167,NA,1,0,valZ-lysY
hda,FALSE,-,2616097,2616798,-4.31537140735319,-0.41008892807852,0.197420025027118,0.293447484254777,3,8,hda
prmC,TRUE,+,1265317,1266150,-4.31348045656952,-0.458284028644354,0.801383496087112,0.228064589279146,3,9,hemA-prfA-prmC
guaA,FALSE,-,2628980,2630557,-4.29265590858613,-0.33962948084776,1.04761257139231,0.331654072956883,14,22,guaBA
hflD,FALSE,-,1191213,1191854,-4.29092442919207,-0.576006592567217,0.964354200034969,0.117388642144976,4,3,hflD-purB
racR,TRUE,-,1417789,1418265,-4.27901273220582,-0.216712440355828,1.65198359554707,0.0238775860672498,4,3,racR
dnaE,TRUE,+,205126,208608,-4.26221644119716,-0.604753281948176,1.76541779772718,0.523262129711078,25,37,bamA-skp-lpxD-fabZ-lpxAB-rnhB-dnaE
lnt,TRUE,-,688566,690104,-4.2587005175732,-0.389663141463203,2.69212051272855,0.265970566781279,9,14,ybeZYX-lnt
lepB,TRUE,-,2702357,2703331,-4.25358138501999,-0.284365434956146,1.39766344019388,0.215000716731044,9,6,lepAB
flgC,FALSE,+,1130661,1131065,-4.23862417452618,-0.302428545444087,3.59349391327561,0.117644669971023,2,6,flgBCDEFGHIJ
rpmI,FALSE,-,1797826,1798023,-4.2129324944842,NA,0,NA,1,0,thrS-infC-rpmI-rplT-pheMST-ihfA
rplE,TRUE,-,3444921,3445460,-4.21097509651584,-0.574328288402371,3.51090312676928,0.772192723941762,2,3,rplNXE-rpsNH-rplFR-rpsE-rpmD-rplO-secY-rpmJ
rne,TRUE,-,1140405,1143590,-4.19093311475143,-0.751669647491528,1.54621885047683,0.333101080742649,18,12,rne
mukB,TRUE,+,975549,980009,-4.18198717667115,-0.460554242984972,0.75328661292464,0.410855491217726,20,30,cmoM-mukFEB
ybeY,FALSE,-,691097,691564,-4.17167649208982,-0.567984903717511,0.339529503859731,0.220550023737986,3,3,ybeZYX-lnt
ribA,TRUE,-,1336594,1337184,-4.15207831328714,-1.09975140531171,1.62761042575084,0.955117491793143,4,5,ribA
pdxJ,FALSE,-,2699020,2699751,-4.14752813408983,-0.672034796987429,0.47228503993744,0.550333705107533,7,4,rnc-era-recO-pdxJ-acpS
lepA,FALSE,-,2703347,2705146,-4.12518530895929,-0.412548586101916,1.66308958225696,0.348557814258281,13,7,lepAB
lpd,FALSE,+,127912,129336,-4.10690205843093,-0.642232183524411,0.419876327798711,0.748181373692906,8,15,pdhR-aceEF-lpd
plsB,TRUE,-,4252066,4254489,-4.10283781433633,-0.136242218740775,2.39725000310588,0.2128971003665,26,14,plsB
yrdA,FALSE,+,3427258,3427812,-4.02980190493892,-0.48969813099347,3.25616358707696,0.332452117021184,2,3,yrdA
rseP,TRUE,+,196546,197898,-4.02116149951119,-0.280712530996354,3.03957529037437,0.199838406192204,8,13,rseP
rnc,FALSE,-,2701405,2702085,-4.0162555963328,-0.407308761280533,2.26640957674888,0.226566565518801,2,7,rnc-era-recO-pdxJ-acpS
mqsA,TRUE,-,3165873,3166268,-3.97877294420805,-0.477441065748448,0,0.077747991682318,1,2,mqsRA
rlmH,FALSE,-,667471,667938,-3.91988372944946,-0.254825090450035,1.65846264922451,0.251062320604909,6,6,rsfS-rlmH-mrdAB-rlpA
cydC,TRUE,-,926697,928418,-3.91262979889937,-0.218319105793895,1.16445157296048,0.201897666415442,13,14,cydDC
suhB,TRUE,+,2661464,2662267,-3.90701234753741,-0.423092578341237,0.528250767153118,0.395285968963132,6,8,suhB
fabA,TRUE,-,1015175,1015693,-3.8970757793282,-0.387848810816072,2.52778354686768,0.196962320186777,4,5,fabA
yqiA,FALSE,-,3173447,3174028,-3.89443941703831,-0.571341622820182,1.08658249676756,0.236023727957663,3,3,nudF-yqiB-cpdA-yqiA-parE
ispB,TRUE,+,3331732,3332703,-3.89076150945099,-0.380332618431998,1.1403268194709,0.273290366335984,7,8,ispB
acnB,FALSE,+,131615,134212,-3.89072135069443,-0.421270093916551,0.94495582967509,0.36038152531479,23,23,acnB
ispA,TRUE,-,439426,440325,-3.85834667342986,-0.331652188669603,1.87945328509184,0.33408295473726,5,10,xseB-ispA-dxs-yajO
ubiG,FALSE,+,2337589,2338311,-3.85564745949184,-0.474070160730249,0.421766505261396,0.468260629281386,3,5,ubiG
fmt,TRUE,+,3432236,3433183,-3.83523724742065,-0.812420558637335,0.808442093579998,0.0344224658863884,4,5,def-fmt
leuZ,FALSE,-,1989839,1989925,-3.8350635264483,0.110061757282102,0.172055935421787,0,2,1,glyW-cysT-leuZ-3'ETS<sup><i>leuZ</i></sup>
ygfB,FALSE,-,3052888,3053466,-3.82605115457947,-0.625710844352467,0.725251333965845,0.465992807903239,1,4,ygfB-pepP-ubiHI
ispG,TRUE,-,2638708,2639826,-3.82135827787321,-0.405886095895954,1.64013167237355,0.216068181693334,1,12,ispG-sroE
yheO,FALSE,-,3473740,3474462,-3.8093173719826,-0.394091004172153,0.388251195000012,0.164082263679,3,3,yheO-tusDCB
pgsA,TRUE,-,1990293,1990841,-3.78913615261721,-0.206032695425129,2.14962851869081,0.22436042934254,2,4,pgsA
hemC,TRUE,-,3987848,3988789,-3.78439045284118,-0.522146163984961,1.02897740664083,0.351708424912781,7,9,hemCDXY
bamB,FALSE,-,2635496,2636674,-3.78147058938899,-0.677955721107003,1.41469099584748,0.568426742702373,6,14,bamB-der
kdsA,TRUE,+,1267388,1268242,-3.76735718422122,-0.481639817061436,1.76604788979757,0.432802697634093,6,7,ychQA-kdsA
tusD,FALSE,-,3473354,3473740,-3.73685678978572,-0.649737577412841,0.0659184487012787,0.75522885269967,2,8,yheO-tusDCB
lpxL,FALSE,-,1114885,1115805,-3.69136909245355,-0.342652402483925,0.932207695681393,0.33859247228269,8,11,lpxL
rnt,FALSE,+,1726371,1727018,-3.68146277615271,-1.0713283592391,0.19682876591814,0.383469101988628,5,4,rnt-lhr
rluD,FALSE,-,2733053,2734033,-3.66895229491589,-0.439412442861683,1.20372126169944,0.316216349612624,5,12,rluD-yfiH
ispD,TRUE,-,2869802,2870512,-3.66530071511741,-0.258791203560878,1.56593576506266,0.140081042997475,2,4,ispDF
tsaE,TRUE,+,4393608,4394069,-3.65003482458128,-0.665232979012225,0.833384436017633,0.117519474705864,4,2,yjeF-tsaE-amiB-mutL-miaA-hfq-hflXKC
cmk,FALSE,+,960424,961107,-3.63394820419182,-0.634465812645319,0.441387460073233,0.644001336831941,8,10,cmk-rpsA-ihfB
folE,FALSE,-,2241006,2241674,-3.61857445586218,NA,1.66497439583998,NA,6,0,folE-yeiB
ratA,FALSE,-,2752310,2752786,-3.60072239703866,-0.403439052202904,0.0074026707856838,0.272404855757975,2,5,ratAB
iscU,FALSE,-,2657925,2658311,-3.5327446760859,-0.732401786011408,0,0,1,1,iscRSUA
tsaC,TRUE,-,3428865,3429437,-3.4406514470573,-0.648025728536234,0.401230820614067,0.361238906379955,5,5,yrdD-tsaC-aroE-yrdB
bamD,TRUE,+,2734168,2734905,-3.43571917537207,-0.0615094181672924,0.766132035194369,0.0178028506518505,3,3,bamD
aceF,FALSE,+,125695,127587,-3.43077462837334,-0.430809018680923,0.423089876949323,0.269297157331837,9,19,pdhR-aceEF-lpd
purB,TRUE,-,1189839,1191209,-3.39865635727989,-0.598019623486906,1.16053273912169,0.278052586052942,8,6,hflD-purB
yqgF,TRUE,+,3091522,3091938,-3.37636075465824,-0.624183523804796,0.0830354787481618,0.460993487180014,3,3,yqgEF
mtn,FALSE,-,178455,179153,-3.3730194980148,-0.690317397343385,0.181014138620557,0.577128079403859,6,5,mtn-btuF-yadS
nrdR,FALSE,+,432226,432675,-3.37226070504081,-0.541128691733633,0.216628327149156,0.040012190745204,1,3,nrdR-ribDE-nusB-thiL-pgpA
ybeD,FALSE,-,661602,661865,-3.34785696064492,-0.538203931222906,0,0.297884112019154,1,4,ybeD-lipB
bluR,FALSE,-,1212551,1213282,-3.32619405511674,-0.520243216252545,0.440364653976037,0.0341276308448566,2,5,bluR
ribC,TRUE,-,1740625,1741266,-3.32388533264208,-0.588071638920199,0.873134818764527,0.155361647047082,4,5,ribC
ubiD,TRUE,+,4023011,4024504,-3.323799513645,-0.483205340544883,0.722334102527907,0.0958426282551898,8,5,ubiD
ppa,TRUE,-,4447145,4447675,-3.28897735181509,-0.546992388207788,2.59399773192624,0.012248818224588,4,3,ppa
waaQ,FALSE,-,3805087,3806121,-3.24212828575722,-0.413062372481629,0.935500004918913,0.262274966307468,5,10,waaQGPSBOJYZU
waaC,FALSE,+,3794002,3794961,-3.23854641333156,-0.331808719392677,1.3157197213254,0.15187101604045,6,4,rfaD-waaFCL
mukF,TRUE,+,973542,974864,-3.2329875644971,-0.43630361648727,0.406395688396282,0.146233635165892,9,8,cmoM-mukFEB
atpC,FALSE,-,3913576,3913995,-3.2328142253289,-1.31598498386899,0.632108338172337,0,3,1,atpIBEFHAGDC
waaP,FALSE,-,3803176,3803973,-3.21531501606851,-0.44681917504996,0.904850665599438,0.256532771566239,3,6,waaQGPSBOJYZU
gmhB,FALSE,+,222833,223408,-3.18189112400429,-0.503635405690109,0.322259492515732,0.477965504493434,4,4,gmhB
ribD,TRUE,+,432679,433782,-3.18101935934289,-0.38197027080375,1.79678972276302,0.237446226959169,8,12,nrdR-ribDE-nusB-thiL-pgpA
pstB,FALSE,-,3905616,3906389,-3.16859001905832,-0.335140447371198,0.292043441736711,0.525748613598504,4,6,pstSCAB-phoU
hipB,FALSE,-,1590200,1590466,-3.15519995223196,-0.132928581811654,0,0,1,1,hipBA
ackA,FALSE,+,2411492,2412694,-3.15480139519975,-0.78060960061023,0.175696784412176,0.280379239085611,8,8,ackA-pta
ssrA,FALSE,+,2753615,2753977,-3.15433991611724,-2.5418219949683,0.151834307949312,0,2,1,ssrA
lapB,FALSE,+,1338582,1339751,-3.13100590425523,-0.14121656127831,2.18511980666715,0.183916554548654,6,11,lapAB-pyrF-yciH
nanE,FALSE,-,3368369,3369058,-3.13031625847488,-0.196838700745902,2.58090937105392,0.261256068182873,2,5,nanATEK-yhcH
waaG,FALSE,-,3803966,3805090,-3.11501739835969,-0.378094689422896,0.647785712316948,0.131693890947941,8,5,waaQGPSBOJYZU
hscA,FALSE,-,2655107,2656957,-3.08496927656274,-0.30644361728258,0.603828228110364,0.288034188844692,9,16,hscBA-fdx-iscX
rnhB,FALSE,+,204493,205089,-3.07934173075174,-0.49595405533078,1.3294991836125,0.248881582897769,2,6,bamA-skp-lpxD-fabZ-lpxAB-rnhB-dnaE
icd,FALSE,+,1194346,1195596,-3.03772506124933,-0.273553386181809,0.268280510941189,0.364864500894616,3,10,icd
spoT,TRUE,+,3820423,3822531,-3.0267792169156,-0.367985683077684,1.60600550684006,0.252404487050179,17,14,rpoZ-spoT-trmH-recG
ykgE,FALSE,+,320832,321551,-3.00577455502693,-0.434881479913806,0.776852887489995,0.523009083610577,4,6,ykgEFG
fdx,FALSE,-,2654770,2655105,-3.00000359316253,-0.502818763382705,0.0670990364863411,0.0561245021656879,2,2,hscBA-fdx-iscX
pepP,FALSE,-,3051537,3052862,-2.97249939813298,-0.739155905927922,0.967341220012968,0.41347269772291,9,3,ygfB-pepP-ubiHI
iscR,FALSE,-,2659665,2660153,-2.95588089328051,-0.33961427228327,0.937009006091972,0.525970671716047,6,5,iscRSUA
ynfL,FALSE,-,1666723,1667616,-2.89907048952646,-0.529009430329139,2.23112321134379,0.265913714397821,2,5,ynfL
lapA,FALSE,+,1338267,1338575,-2.86533046776024,0.0846478130353942,0.42256739726501,0.0929676089993476,2,4,lapAB-pyrF-yciH
priA,FALSE,-,4122635,4124833,-2.84437061999974,-0.17978834243576,1.69773922794539,0.328835647659179,19,24,priA
rsgA,FALSE,-,4388480,4389532,-2.83295210630553,-0.322530793771974,0.859756987332827,0.438126780964586,11,3,rsgA
yfaE,FALSE,+,2346536,2346790,-2.80530072921001,-0.242059947069589,0.585504125864375,0.245265908044337,2,2,nrdAB-yfaE
nrdB,TRUE,+,2345406,2346536,-2.80267007589087,-0.341539843812658,1.2261669064878,0.675619241402213,5,7,nrdAB-yfaE
dcd,FALSE,-,2139658,2140239,-2.73045522512338,-0.390409816753473,0.163808661245603,0.424006325652641,5,2,udk-dcd
guaB,FALSE,-,2630626,2632092,-2.71891456204536,-0.562707931478781,0.923407059675125,0.290392489110418,12,13,guaBA
yhbE,FALSE,-,3329792,3330757,-2.70671874886656,-0.431214712623699,0.695500016850514,0.272889615386389,5,5,rplU-rpmA-yhbE-obgE
iscA,FALSE,-,2657585,2657908,-2.69752061491787,NA,0,NA,1,0,iscRSUA
mdfA,FALSE,+,882896,884128,-2.68793209070623,-0.346212321783384,1.65314116599927,0.245705640143392,2,9,mdfA
yfgM,FALSE,-,2636685,2637305,-2.68614230958009,-0.210930354285411,0.638725136030836,0.36993472526135,2,5,yfgM
lipA,FALSE,-,658474,659439,-2.66827033416288,-0.275275769244765,0.615069698395372,0.452002191384539,7,7,lipA
aceE,FALSE,+,123017,125680,-2.64931636572972,-0.472792235141542,0.306181034087657,0.0985831736204033,12,11,pdhR-aceEF-lpd
iscS,FALSE,-,2658339,2659553,-2.6478360237618,-0.505690053442389,0.723873253891722,0.372965188278164,11,10,iscRSUA
tpx,FALSE,-,1386329,1386835,-2.63324316637137,-0.412113169238828,0,0.619539000979368,1,3,tpx
atpG,FALSE,-,3915425,3916288,-2.6311637974232,-1.06897685086544,0.371749371573354,0.0973328630542846,12,4,atpIBEFHAGDC
crp,FALSE,+,3484142,3484774,-2.62938735920907,-0.423856970947326,0.0806091025888933,0.405991840581478,3,4,crp
gapA,FALSE,+,1860795,1861790,-2.61231870864744,-0.450958154992231,0.893910068849011,0.288678781277745,8,7,gapA-yeaD
sroG,FALSE,-,3182592,3182740,-2.5868687569185,-3.7781564092593,0.144889889094842,5.01723282863914,2,2,sroG-ribB
pdxH,FALSE,-,1715375,1716031,-2.58640261764997,-0.682945546897309,0.117502911613971,0.291488034196231,5,8,pdxH-tyrS-pdxY
yqgE,FALSE,+,3090959,3091522,-2.58076161166415,-0.310672942953576,0.979184752734552,0.0905994784246474,5,5,yqgEF
atpD,FALSE,-,3914016,3915398,-2.55192855868831,-1.51661371109731,0.193969187500303,0.258229773750948,13,7,atpIBEFHAGDC
atpH,FALSE,-,3917893,3918426,-2.54932240142753,-1.24252555896203,0.154720173553679,1.27661529979237,5,2,atpIBEFHAGDC
topA,TRUE,+,1329072,1331669,-2.53598347945809,-0.464637561433088,0.787573797884539,0.365458315121618,15,21,topA
ptsN,FALSE,+,3344600,3345091,-2.53315893065792,-1.36767605324649,0,0.273668714492854,1,2,yrbG-kdsDC-lptCAB-rpoN-hpf-ptsN-rapZ-npr
pta,FALSE,+,2412769,2414913,-2.4997683530758,-0.581279283116206,0.643800879733744,0.343475723036171,15,12,ackA-pta
dam,FALSE,-,3513099,3513935,-2.42344367175208,-0.820956979331181,0.266047644262136,0.818456224320535,2,7,aroKB-damX-dam-rpe-gph-trpS
cydD,FALSE,-,928419,930185,-2.41247134433116,-0.43281056409997,1.21064867275733,0.169215573359779,13,19,cydDC
atpI,FALSE,-,3920083,3920463,-2.41213395071251,-1.02243741178204,0,0.716005487110184,1,4,atpIBEFHAGDC
ptsI,FALSE,+,2532088,2533815,-2.39831790532594,-0.706537666430053,0.558850852194434,0.470741012775424,6,8,ptsHI-crr
ubiX,FALSE,-,2426079,2426648,-2.38679614766477,-0.423472416502454,0.37577960674065,0.370178320444569,4,5,cvpA-purF-ubiX
trkA,FALSE,+,3434540,3435916,-2.37462966563762,-0.420345364802759,0.365337968515441,0.101531042866607,9,6,trkA
ybeZ,FALSE,-,691561,692640,-2.33500787797695,-0.299975371633516,0.56731207070403,0.116954081618458,6,8,ybeZYX-lnt
rnhA,FALSE,-,235535,236002,-2.33163700548034,-0.343820213968973,0.56671406777988,0.359706132757682,4,6,rnhA
sapC,FALSE,-,1351652,1352542,-2.32837183941356,-0.994095425138815,0.597391106710742,0.381978505028982,5,9,sapABCDF
atpF,FALSE,-,3918441,3918911,-2.32544655114924,-0.735075866608397,0.405990607705279,0.178360824222689,2,4,atpIBEFHAGDC
pcnB,FALSE,-,157729,159126,-2.29367610185661,-0.639509388385756,0.636945716848612,0.531660393624591,16,6,pcnB-folK
pgk,TRUE,-,3069481,3070644,-2.2728166212854,-0.453289035759501,1.5587465720816,0.259867729473886,11,7,epd-pgk-fbaA
tilS,TRUE,+,212331,213629,-2.27021481129488,-0.547573392098819,1.3915971133631,0.700089781330935,11,10,tilS
atpA,FALSE,-,3916339,3917880,-2.26743890155883,-0.634217901401958,0.350672164248162,0.231886327920458,17,9,atpIBEFHAGDC
pfkA,FALSE,+,4105575,4106537,-2.26674365030808,-0.490098787173962,0.311555817715282,0.763630029577585,2,11,pfkA
pdhR,FALSE,+,122092,122856,-2.24747547600181,-0.455198775776189,0.253564501576017,0.0908371022729062,6,2,pdhR-aceEF-lpd
dxr,TRUE,+,193521,194717,-2.22821331179084,-0.407880053902145,1.51716216752299,0.176043926409392,5,8,dxr
acrB,FALSE,-,480478,483627,-2.22676247809915,-0.859343037947758,0.235269622089241,0.481823046288514,14,27,acrAB
mrdA,TRUE,-,665539,667440,-2.21737324136391,-0.164153008442004,1.33497124956263,0.177671919776662,11,14,rsfS-rlmH-mrdAB-rlpA
hemD,TRUE,-,3987111,3987851,-2.21152821689893,-0.305236750356555,1.20608313394541,0.220023851993886,3,10,hemCDXY
atpB,FALSE,-,3919259,3920074,-2.19838274990826,-0.383915897516641,0.332008424565978,0.36111197437405,7,10,atpIBEFHAGDC
galU,FALSE,+,1290680,1291588,-2.19816797147139,-0.309236041060537,0.276552488979154,0.19852738099113,3,8,galU
folP,FALSE,-,3322085,3322933,-2.19340451853637,-0.358366982891572,0.487717203478318,0.262569449621627,4,7,folP-glmM
groL,TRUE,+,4369048,4370694,-2.19154820868791,-0.471695014169076,1.1804915665248,0.259676401554845,14,15,groSL
lysS,FALSE,-,3031679,3033196,-2.18948077027886,-0.753999986449027,1.35013340348076,0.355265534951327,6,7,xerD-dsbC-recJ-prfB-lysS
hemB,TRUE,-,387977,388951,-2.17096444429517,-0.366600657109307,1.39988390051545,0.328217179654389,5,9,hemB
recA,FALSE,-,2820730,2821791,-2.16727582200455,-0.479345835719642,0.0973019588902524,0.3504176241343,7,14,recAX
yjhP,FALSE,-,4530460,4531206,-2.14699406561834,-0.202272487977499,0,0.0591529724279458,1,5,yjhP
map,TRUE,-,188712,189506,-2.13674584459139,-0.593273631097418,1.4275828932194,0.543857966692345,8,6,map-glnD-dapD
hslV,FALSE,-,4119780,4120310,-2.1243120008746,-0.122398212651895,0.260863312245269,0.0478289328075988,2,4,hslVU
fabH,FALSE,+,1147982,1148935,-2.11558734492991,-0.244091054208861,2.09845482857445,0.275564376153288,5,9,yceD-rpmF-plsX-fabHDG-acpP-fabF
ispF,TRUE,-,2869323,2869802,-2.1118897788443,-0.399874513548855,0.532544453533886,0.00673029974515824,3,2,ispDF
pssA,TRUE,+,2720749,2722104,-2.06178748608419,-0.459596037696336,1.20468758572849,0.10933098154025,10,7,pssA
ihfA,FALSE,-,1793277,1793576,-2.05675108813308,-0.0882237223964224,0.650457540422812,0.231691743422239,4,5,thrS-infC-rpmI-rplT-pheMST-ihfA
acrA,FALSE,-,483650,484843,-2.04831433322326,-0.964735949009607,0.534166201889377,0.122048994109692,4,7,acrAB
mrdB,TRUE,-,664424,665536,-2.04203991837812,-0.28956684093001,0.726561931903634,0.138751090197783,4,6,rsfS-rlmH-mrdAB-rlpA
tusA,FALSE,-,3606774,3607019,-2.0328880631443,0.206006529113361,0.177398601267572,0,3,1,tusA
arcA,FALSE,-,4637613,4638329,-2.01969576097422,NA,0.265585479587691,NA,4,0,arcA
rodZ,FALSE,-,2639853,2640866,-2.01383828069657,-0.10016734019257,0.046702755319012,0.187885735859825,3,2,rodZ
flhD,FALSE,-,1975871,1976221,-2.01312628883985,-0.737869433444625,0.0649871328979122,0,2,1,flhDC
mobA,FALSE,-,4039438,4040022,-2.0009748506697,-0.22180256374845,1.59693751378993,0.165644125234866,2,3,mobAB
can,TRUE,-,142008,142670,-1.99022629548989,-0.254782873906349,1.39680544799174,0.0838772807026368,4,3,can
tolC,FALSE,+,3176137,3177618,-1.98378465461438,-0.328491042053376,0.202973488959288,0.32147002533656,8,5,tolC-ygiABC
tusC,FALSE,-,3472995,3473354,-1.96772853539533,-0.642724470480377,1.66574602509697,0.475857805476686,2,4,yheO-tusDCB
nuoA,FALSE,-,2402651,2403094,-1.96734982878135,-1.05557231695959,0.306441111644382,0,1,1,nuoABCEFGHIJKLMN
nadE,TRUE,+,1820482,1821309,-1.95464063923209,-0.473629834434514,0.931730413316727,0.0592698601266888,7,5,nadE
pstA,FALSE,-,3906572,3907462,-1.94925784271924,-0.448548154715659,0.916997058675884,0.542386121026078,6,10,pstSCAB-phoU
stfE,FALSE,-,1208342,1208878,-1.93758201705625,-0.436935153715376,0,0.140809743768038,1,6,stfE-tfaE
tpiA,FALSE,-,4108763,4109530,-1.93749092124657,-0.595037639178614,1.22704976817392,0.361292231839899,2,6,tpiA
sapF,FALSE,-,1349852,1350658,-1.930830757434,-0.500917152492428,0.240062990847177,0.270205650013961,7,7,sapABCDF
sxy,FALSE,+,1020361,1020990,-1.91925446025114,-0.283043157977616,0,0.646325631028039,1,6,sxy
fixX,FALSE,+,45463,45750,-1.91083804313537,-0.569796414692292,1.66819757142193,0.51757913501546,3,5,fixABCX
fur,FALSE,-,709423,709869,-1.90578138115377,NA,0.208812187073262,NA,4,0,fldA-uof-fur
yijE,FALSE,+,4134131,4135036,-1.90401037429144,-0.469143716395644,0.657305102064422,0.383706570435254,1,6,yijE
nuoK,FALSE,-,2393065,2393367,-1.88072194138496,-0.500473159891417,1.43682898275932e-05,0,2,1,nuoABCEFGHIJKLMN
rimI,FALSE,+,4606208,4606654,-1.87015597715807,-1.04862504574762,0,0.125778972272004,1,3,holD-rimI-yjjG
nuoJ,FALSE,-,2393364,2393918,-1.86609781711501,-0.844608691172221,0.311467537539577,0.293456906729624,2,6,nuoABCEFGHIJKLMN
glnD,FALSE,-,185978,188650,-1.85502176069134,-0.183618886578293,1.00054622824833,0.196029468517443,20,14,map-glnD-dapD
ubiH,FALSE,-,3050362,3051540,-1.83451380008988,-0.10649659219966,0.935840600809153,0.261763990058219,6,11,ygfB-pepP-ubiHI
ydcA,FALSE,+,1489701,1489874,-1.83322089917559,-0.337544277702751,0,0,1,1,ydcA
sapD,FALSE,-,1350660,1351652,-1.83205313568715,-0.882374275326975,0.279697063001191,0.0591351090373553,12,8,sapABCDF
tktA,FALSE,-,3077666,3079657,-1.82400219252941,-0.286954775675972,0.56463982368769,0.258509856146144,11,16,tktA
nuoM,FALSE,-,2389534,2391063,-1.80372023222073,-0.998352051056289,0.212121058838368,0.270068634992103,10,15,nuoABCEFGHIJKLMN
sspA,FALSE,-,3374804,3375442,-1.76680897418469,-0.460680220616431,0.251562656766745,0.138928548297607,3,2,sspAB
ytfP,FALSE,+,4445917,4446258,-1.75679929562657,NA,0,NA,1,0,tamAB-ytfP
rppH,FALSE,-,2966469,2966999,-1.75646088617863,-0.370436798843287,0.229744483246954,0.444070228637534,5,7,rppH-ptsP
nuoI,FALSE,-,2393930,2394472,-1.74993307821671,-0.912692008913905,0.298743375072484,0.312196682298102,6,4,nuoABCEFGHIJKLMN
epmA,FALSE,+,4380666,4381643,-1.74546818484576,-0.450527021491592,0.138574138281846,0.262435746174372,4,7,epmA
purA,FALSE,+,4402710,4404008,-1.74437903485871,-0.426902756176525,1.03192447410536,0.371645865919456,8,10,purA
aroK,FALSE,-,3516565,3517086,-1.74120082599653,-0.531519278778878,0,0.00311848955524441,1,2,aroKB-damX-dam-rpe-gph-trpS
hemL,TRUE,-,173602,174882,-1.72902530301499,-0.210576310115155,0.608498414338259,0.244828503944179,8,8,hemL
hpf,FALSE,+,3344195,3344482,-1.71916075207454,-0.22035771930221,0.298387614765555,0,2,1,yrbG-kdsDC-lptCAB-rpoN-hpf-ptsN-rapZ-npr
yjiX,FALSE,-,4586899,4587102,-1.71875058610434,0.00705100112140049,1.29200302784706,0.123193451758808,2,2,yjiXA
dapA,TRUE,-,2596904,2597782,-1.71869840301944,-0.487424817193056,1.73451771324757,0.200183502503192,3,4,dapA-bamC
xerC,FALSE,+,3994310,3995206,-1.71841303087722,-0.463397846142332,0.161527433463762,0.465331636007136,3,7,yifL-dapF-yigA-xerC-yigB
nuoC,FALSE,-,2400077,2401867,-1.71696294303587,-1.04587493104857,0.317878336973451,0.584702510707597,19,17,nuoABCEFGHIJKLMN
rfaH,FALSE,-,4022356,4022844,-1.70347242949386,-0.414523111615146,0.735361736085534,0.325283789726725,3,2,rfaH
holC,FALSE,-,4481860,4482303,-1.69822953567359,-0.727026637741332,0.629466277784076,0.412164129468441,3,5,holC-valS
rsxE,FALSE,+,1708852,1709547,-1.6980592040174,-0.119050688601699,1.13906365291139,0.0947659661820704,2,8,ydgK-rsxABCDGE-nth
putP,FALSE,+,1078528,1080036,-1.69164090574266,-0.300692870499706,1.2095444443192,0.333474130671794,4,12,putP
nuoN,FALSE,-,2388070,2389527,-1.68401054914104,-0.746732179550472,0.35083752687387,0.321321466103942,11,18,nuoABCEFGHIJKLMN
cyaA,FALSE,+,3989176,3991722,-1.67844635816661,-0.689034167691632,0.845097602507672,0.472862946443733,17,11,cyaA
argR,FALSE,+,3382725,3383195,-1.66823852178374,-0.597912395574537,0.0993936982840609,0.300324986014557,1,2,argR
yhcB,FALSE,+,3378213,3378611,-1.66656043211162,-0.311722091550422,0,0.119237681189245,1,4,yhcB
metZ,FALSE,+,2945409,2945485,-1.66179658481409,NA,1.86866973027407,NA,1,0,metZWV
potB,FALSE,-,1182840,1183667,-1.65465784668353,-0.47314534405613,0.121778744792764,0.36246505646464,3,7,potABCD
crr,FALSE,+,2533856,2534365,-1.65180449593457,-0.51962140802361,0.0320036372981228,0.36441354289584,2,6,ptsHI-crr
rttR,FALSE,-,1286289,1286459,-1.62163800155512,NA,0,NA,1,0,rttR
nuoH,FALSE,-,2394487,2395464,-1.61248525213924,-0.668029849655641,0.0704051648989994,0.359124443989196,7,14,nuoABCEFGHIJKLMN
nuoE,FALSE,-,2399574,2400074,-1.60890141719231,-0.612911464611718,0.0640189617778588,0.160277809205885,4,7,nuoABCEFGHIJKLMN
nuoL,FALSE,-,2391227,2393068,-1.60719289757342,-1.02338789107625,0.101678670647407,0.455720831281581,12,22,nuoABCEFGHIJKLMN
cyaY,FALSE,-,3991762,3992082,-1.5926930355752,-0.526420921521611,0.893616373994762,0,2,1,cyaY
clpX,FALSE,+,456650,457924,-1.57949848712466,-0.287621072056366,0.50505079481238,0.0813119291544163,2,3,clpPX-lon
folC,TRUE,-,2429696,2430964,-1.57315133884217,-0.46889865787353,0.787792042836773,0.329436470527255,9,10,folC-dedD
seqA,FALSE,+,712210,712755,-1.56992442125778,-0.0627023502146813,0.254395514283419,0.299048526751531,3,4,seqA-pgm
yafQ,FALSE,-,245961,246239,-1.5697912833303,NA,0,NA,1,0,dinJ-yafQ
secD,TRUE,+,426871,428718,-1.55633610217939,-0.287644237021759,0.513320905740266,0.164426066678474,12,7,tgt-yajC-secDF
lipB,FALSE,-,660860,661501,-1.54698283984204,-0.290476185841853,0.568802868075514,0.165184616939906,5,6,ybeD-lipB
nlpI,FALSE,-,3306062,3306946,-1.54405479859577,-0.382971052983888,0.292873942326968,0.360082747425149,6,10,nlpI
polA,TRUE,+,4044989,4047775,-1.54170126962237,-0.523355880382361,1.12598742186258,0.258249209101494,11,21,polA
rseA,FALSE,-,2706776,2707426,-1.54035390610064,-0.221764938810846,0.531675791190732,0.488663636227999,3,4,rpoE-rseABC
nuoF,FALSE,-,2398240,2399577,-1.51771792852269,-0.762250266162966,0.164881112514539,0.404419569707734,17,12,nuoABCEFGHIJKLMN
pstS,FALSE,-,3908508,3909548,-1.51147949905775,-0.230854356046444,1.09242701165926,0.260719520035862,4,7,pstSCAB-phoU
rnr,FALSE,+,4404677,4407118,-1.50038632625165,-0.403451821174726,0.241983776177444,0.386248875265158,11,15,nsrR-rnr-rlmB-yjfIJ
hscB,FALSE,-,2656974,2657489,-1.49035470013601,-0.547121875532858,0.359051349948495,0.294258180806569,3,4,hscBA-fdx-iscX
pitA,FALSE,+,3635665,3637164,-1.48849582265605,-0.714714768777815,0.217688717020676,0.265617343516514,9,18,pitA
secB,FALSE,-,3781684,3782151,-1.48065470759324,-0.385483929444718,0.403491240397533,0.0917643237717862,5,3,yibN-grxC-secB-gpsA
cysZ,FALSE,+,2529485,2530246,-1.47935666157008,-0.550422065156903,0,0.250413038003898,1,6,cysZ
sapA,FALSE,-,1353491,1355134,-1.47764326359428,-0.615808589036778,0.218788184628821,0.540561824012589,12,9,sapABCDF
nuoB,FALSE,-,2401973,2402635,-1.47025739463754,-0.844604281750664,0.237107432406085,0.465452046444852,8,8,nuoABCEFGHIJKLMN
aroB,FALSE,-,3515420,3516508,-1.4694765470479,-0.778004615006756,0.493284606204951,0.334360311697194,7,6,aroKB-damX-dam-rpe-gph-trpS
cyoC,FALSE,-,447270,447884,-1.46686037795085,-0.344333803244779,1.03484455635052,0.312972134252529,3,5,cyoABCDE
rsmA,FALSE,-,51609,52430,-1.46336642700137,-0.481678368595077,0.337314109455038,0.361970029997741,7,10,lptD-surA-pdxA-rsmA-apaGH
sucB,FALSE,+,760745,761962,-1.46210652111304,-0.398781963083932,0.364168661767274,0.32189693105971,5,12,sdhCDAB-sucABCD
pepA,FALSE,-,4482463,4483974,-1.45554665274972,-0.635784042095312,0.742509196204491,0.105151548398253,8,9,pepA
ribB,TRUE,-,3181835,3182488,-1.45505071980609,0.0561370189535583,0.944761301226719,0.353500869756255,5,4,sroG-ribB
treB,FALSE,-,4462782,4464203,-1.43102268493548,-0.361808979096214,0.143662281877494,0.325473833804362,12,8,treBC
nuoG,FALSE,-,2395461,2398187,-1.4290300977923,-0.923629607010906,0.15004203067294,0.380333933766094,20,31,nuoABCEFGHIJKLMN
sucA,FALSE,+,757929,760730,-1.42513446615261,-0.46296454842139,0.565795969203738,0.370266712448972,24,21,sdhCDAB-sucABCD
yjbE,FALSE,+,4233929,4234171,-1.42119129861426,-0.49259547956738,0.261931806136468,0.109475007989875,1,3,yjbEFGH
ndh,FALSE,+,1165308,1166612,-1.42062645767602,-0.384082077848398,0.426873340885887,0.108318788874541,7,7,ndh
tusB,FALSE,-,3472700,3472987,-1.39966659544798,-1.46164357338853,0.654745476586579,0,5,1,yheO-tusDCB
damX,FALSE,-,3514042,3515328,-1.39472736915902,-0.476114444126229,0.223373983320985,0.0479458532120154,10,7,aroKB-damX-dam-rpe-gph-trpS
yddM,FALSE,-,1550422,1550784,-1.39468873034632,-0.0907087617766031,0,0.0652607595722052,1,2,yddM
asmA,FALSE,-,2137783,2139636,-1.39198106524399,-0.403143623340394,0.367198835363533,0.289079340152992,7,22,asmA
ompR,FALSE,-,3533887,3534606,-1.38012384447092,-0.639671587932422,0.239480037379458,0.527155503813202,6,11,ompR-envZ
rusA,FALSE,+,572594,572956,-1.37641342885074,-0.494051540719653,0.996400125780185,0.228650135738756,2,2,ybcN-ninE-ybcO-rusA-ylcG
rsmB,FALSE,+,3433229,3434518,-1.37441431521664,-0.587975462669972,0.30577265954818,0.548953226743549,5,6,rsmB
ruvA,FALSE,-,1943389,1944000,-1.37166494289701,-0.301588856889073,0.313118490404814,0.407178106962088,5,6,ruvAB
prfC,FALSE,+,4607437,4609026,-1.36655440788639,-0.518920821289095,0.343889969042048,0.256856632465776,14,12,prfC
clpP,FALSE,+,455901,456524,-1.36442790819563,-0.411531386944955,0.158627973513108,0.316667502910141,3,3,clpPX-lon
phoU,FALSE,-,3904876,3905601,-1.3572657932425,-0.430611227363595,0.764642494597085,0.385912752858026,3,7,pstSCAB-phoU
mnmE,FALSE,+,3884851,3886215,-1.35082305539994,-0.250634921210749,0.581993893929634,0.182768590806529,14,8,mnmE
arsR,FALSE,+,3646551,3646904,-1.34658483093586,-0.493602104171402,0.464161100849824,0.0693636278422852,3,2,arsRBC
zapB,FALSE,+,4116538,4116783,-1.34318813467507,-0.312388015818907,0.535905187854002,0.203065441753037,1,2,zapB
feoA,FALSE,+,3538185,3538412,-1.3278751791553,-0.287250123069383,0,0,1,1,feoABC
yceQ,TRUE,+,1143725,1144045,-1.32691534483932,-7.75110267896864,0.776870803626156,1.54170711795892,3,4,yceQ
folB,FALSE,-,3202243,3202611,-1.32628773730492,-0.329712882414046,0.787823732355263,0.155731505161177,1,3,folB
yihD,FALSE,+,4040092,4040361,-1.31947625989107,0.0133779611143764,0,0.101804285840204,1,2,yihD
ogrK,FALSE,-,2165326,2165544,-1.31794032069935,-0.454905398434163,0,0,1,1,ogrK
ruvB,FALSE,-,1942370,1943380,-1.31734676770963,-0.3776717454617,0.240671966856528,0.166118513681662,7,6,ruvAB
mtgA,FALSE,-,3347103,3347831,-1.3163447807093,-0.24624695983785,0,0.285588667498387,1,7,elbB-mtgA
ubiA,TRUE,+,4251039,4251911,-1.3152229289252,-0.409878795980821,0.200097621915715,0.268685144791364,3,13,ubiCA
ftsK,TRUE,+,932447,936436,-1.30891907970011,-0.245203827147166,0.854536571491211,0.203969140527011,26,23,ftsK
ybcF,FALSE,+,549662,550555,-1.30721010307654,-0.433888464282277,0.784627250250782,0.362883137834087,2,7,fdrA-ylbEF-ybcF
ychA,FALSE,+,1266543,1267352,-1.29903479950835,-0.214404245123613,1.22170387994161,0.065040245890387,6,3,ychQA-kdsA
bfd,FALSE,-,3464819,3465013,-1.28666161967277,-0.42151871641346,0.207223037074284,0,2,1,bfd-bfr
lysW,FALSE,+,780066,780141,-1.28174303103038,-0.201306053725466,0.0857410237577328,0,2,1,lysT-valT-lysW
fre,FALSE,+,4024550,4025251,-1.28103859202668,-0.453921724411496,0.227500952747955,0.26928194175956,3,8,fre
ygdB,FALSE,-,2960771,2961178,-1.28077305621677,-0.117435719066202,0.932216019093863,0.140113902088114,2,2,ppdAB-ygdB-ppdC-recC
ycaK,FALSE,+,948891,949481,-1.27597518048208,-0.489625475362724,0,0.168336136047265,1,6,ycaK
tfaX,FALSE,+,582098,582283,-1.27386918414752,NA,0.422844003400992,NA,2,0,tfaX
sapB,FALSE,-,1352529,1353494,-1.27380516750791,-0.559936261478114,0.239849695914712,0.391319412264762,4,9,sapABCDF
dnaQ,FALSE,+,236067,236798,-1.27139637896903,-0.453501972696938,0.217180766792109,0.025329789050897,4,3,dnaQ
yjdC,FALSE,-,4360756,4361331,-1.26994739958378,-0.344074401866393,0,0.23706771594128,1,6,dsbD-yjdC
metV,FALSE,+,2945629,2945705,-1.26422652059831,NA,0,NA,1,0,metZWV
degS,TRUE,+,3380222,3381289,-1.26285772973755,-0.357006320311297,0.841412003112074,0.239038018001807,14,17,degQS
metJ,FALSE,-,4126101,4126418,-1.2610950277478,-0.684275249852584,0.71020673169755,0.284242565454372,2,4,metJ
yraN,FALSE,+,3293416,3293811,-1.25902534700254,-0.422878897456947,0,0.481544392318969,1,5,yraN
ybcO,FALSE,+,572307,572597,-1.25547833223395,-1.01882721723096,0,0,1,1,ybcN-ninE-ybcO-rusA-ylcG
slyX,FALSE,+,3475662,3475880,-1.24608322682492,-0.365895175030229,0,0.441723416828334,1,2,slyX
ghoT,FALSE,+,4350931,4351104,-1.24600430150528,-0.561829752164374,0,0,1,1,ghoST
sspB,FALSE,-,3374301,3374798,-1.24501266116339,-0.126550873333249,0.472278288801243,0.13617248322435,2,4,sspAB
apaG,FALSE,-,51229,51606,-1.23653026929993,-0.172032991284383,0.159944969747077,0.0443952666653787,6,3,lptD-surA-pdxA-rsmA-apaGH
lpxM,FALSE,-,1937246,1938217,-1.23138582272774,-0.492474472620213,0.171570125259672,0.196955226621535,3,7,lpxM
sixA,FALSE,-,2454349,2454834,-1.22099590672569,-1.02089947245262,0.223971032898668,0.0369470090584256,4,2,sixA
glpD,FALSE,+,3560036,3561541,-1.21328021356709,-0.458183677752259,0.28016260847714,0.323500787409932,15,14,glpD
upp,FALSE,-,2618268,2618894,-1.21169341869075,-0.765029748299028,0.32698890074805,0.267207516272805,2,4,upp-uraA
srmB,FALSE,+,2710918,2712252,-1.21005871868991,-0.213002156807187,0.627057104198042,0.171040099939313,5,5,srmB
sthA,FALSE,-,4157413,4158813,-1.20908227442758,-0.572990343823255,0.337060136211048,0.615048573607768,9,9,sthA
G0-10702,FALSE,+,3352086,3352191,-1.20112238632417,NA,0.644896254807159,NA,2,0,G0-10702
nrfF,FALSE,+,4291186,4291569,-1.20033238515327,-0.574437895999372,0,0.277087961620007,1,3,nrfABCDEFG
gltK,FALSE,-,684478,685152,-1.19942304783483,-0.202777843813121,0.550298645082311,0.0727891658541435,2,4,gltI-sroC-gltJKL
pgm,FALSE,+,712781,714421,-1.19653778129,-0.535391939830718,1.017751755326,0.250707977317364,9,8,seqA-pgm
prmB,FALSE,-,2445530,2446462,-1.17825743026268,-0.428001141542337,0.349344802359833,0.132889218035735,9,9,prmB-aroC-mepA-yfcA-epmC-yfcL
fldA,TRUE,-,710158,710688,-1.1744863747417,-0.220907543202488,0.974608588145085,0.0117508663209458,4,3,fldA-uof-fur
yadK,FALSE,-,151003,151599,-1.17321421732434,-0.571293382715586,0.813616573297351,0.259935762092016,3,4,yadMLKC
pstC,FALSE,-,3907462,3908421,-1.16147550568889,-0.383339032098229,0.345056187886191,0.245923864051275,5,10,pstSCAB-phoU
dapF,FALSE,+,3992785,3993609,-1.16004911201987,-0.302585638990394,0.191183609353156,0.248535856296398,2,6,yifL-dapF-yigA-xerC-yigB
ynfB,FALSE,+,1653832,1654173,-1.15681944170744,NA,0.545061232839496,NA,2,0,ynfB-speG
truA,FALSE,-,2432846,2433658,-1.15130999420606,-0.384533235251248,0.113134523466011,0.127972835183709,5,6,pdxB-usg-truA-dedA
rnlB,FALSE,+,2765006,2765377,-1.14956074911277,-0.535712502477271,0,0.400720136831071,1,3,rnlAB
treC,FALSE,-,4461077,4462732,-1.14432397923359,-0.0953811692219301,0.595349058240124,0.368419093782209,15,12,treBC
yjdI,FALSE,+,4349866,4350096,-1.14001251510714,-0.857992742405939,0,0,1,1,yjdIJ
gshB,FALSE,+,3089900,3090850,-1.13298938068505,-0.366185138799272,0.279083318869628,0.218095616898886,6,9,rsmE-gshB
deaD,FALSE,-,3303993,3305882,-1.13015795287232,-0.347613316661207,0.290667519589376,0.322449473315402,11,18,yrbN-deaD
yjaG,FALSE,+,4197527,4198117,-1.12558784347481,-0.600860823519145,0.252626610333454,0.123044929321991,4,4,yjaG
hha,FALSE,-,479314,479532,-1.12313696651384,NA,0.278328413132448,NA,3,0,tomB-hha
mtlR,FALSE,+,3773595,3774182,-1.12046719491744,NA,0.53657658927148,NA,2,0,mtlADR
zur,FALSE,-,4257511,4258026,-1.11824687448991,-0.455505865275122,0.277281564572329,0,2,1,zur
yafP,FALSE,+,252709,253161,-1.11203814889949,-0.343172195919997,0.309030667553451,0.189705705411547,2,4,dinB-yafNOP
trkH,FALSE,+,4031168,4032619,-1.11008049334675,-0.381931971089372,0.645931344829297,0.238033052611479,6,16,pepQ-yigZ-trkH-hemG
yjhD,FALSE,-,4504649,4504879,-1.10321625723883,-0.0238780634059519,0.210948962644903,0.399205933939278,1,3,yjhD
ygeF,FALSE,+,2988576,2989022,-1.09802986659558,-0.785209090133615,0,0,1,1,ygeF
gpp,FALSE,-,3960768,3962252,-1.09731508502012,-0.437974487070715,0.0820187796253574,0.382243595890947,7,13,gpp
mlaD,FALSE,-,3335932,3336483,-1.09718688338106,-0.4391268998574,0.117898211310675,0.129187401191309,2,3,mlaFEDCB
tolR,FALSE,+,775072,775500,-1.09042108120881,-0.330034768999873,0.438190458814469,0.097228542319785,3,5,ybgC-tolQRA
minD,TRUE,-,1223772,1224584,-1.08798361643502,-0.302817401497503,0.276943685199283,0.207948374964046,5,6,minCDE
rpoN,FALSE,+,3342739,3344172,-1.08648938442987,-0.821682742634049,0.245984083936642,0.523582126200514,7,7,yrbG-kdsDC-lptCAB-rpoN-hpf-ptsN-rapZ-npr
glyY,FALSE,+,4390606,4390681,-1.08633883773133,NA,0,NA,1,0,glyVXY
yifE,FALSE,+,3946109,3946447,-1.086124357117,-0.597646586570996,0.261688198341032,0.296421413123638,3,2,yifE
yecM,FALSE,-,1957304,1957870,-1.08474246161356,-0.243781275378863,0,0.0367392594506232,1,2,yecM-cutC
ubiC,FALSE,+,4250529,4251026,-1.08426190625703,-0.27284956830731,1.24910119503275,0.15169956753668,6,5,ubiCA
tatB,FALSE,+,4020241,4020756,-1.08415760169064,-0.356997087795947,0.547193356961967,0.450069955256766,6,6,tatABCD
yfdK,FALSE,-,2469099,2469539,-1.07501799711223,-0.523868773765005,0.669886796977582,0,2,1,yfdONMLK
yahM,FALSE,+,344628,344873,-1.07256331629238,-0.0629069670474195,0.040708755837689,0.249744341230367,1,2,yahM
sdhE,FALSE,-,3038826,3039092,-1.07118962187065,NA,0.0647150477358145,NA,1,0,sdhE-cptA
tdh,FALSE,-,3788343,3789368,-1.06411637795757,-0.441078154754596,0.119346720919297,0.245746993580527,8,4,kbl-tdh
yjbF,FALSE,+,4234285,4234923,-1.06369219205275,-0.141225726210946,0.651952984057477,0.17120564023483,2,7,yjbEFGH
tolA,FALSE,+,775565,776830,-1.05024027978211,-0.309748913608172,0.329408856303264,0.34966710342319,4,11,ybgC-tolQRA
C0343,FALSE,+,1407387,1407461,-1.04887370107762,NA,0.664804050104513,NA,5,0,C0343
cysG,FALSE,+,3495850,3497223,-1.04828669668505,-0.341581205377044,0.714900471001167,0.292260243067858,4,16,nirBDC-cysG
zwf,FALSE,-,1932863,1934338,-1.04575855406713,-0.460854440559604,0.233404878736722,0.289861353888378,9,14,zwf
gcvB,FALSE,+,2940718,2940922,-1.043364425647,-1.21694654751341,0.0045981083325477,0,1,1,gcvB
coaD,TRUE,+,3807848,3808327,-1.04179041875669,-0.0510901476386005,1.062574915118,0.0364384647513192,3,4,waaA-coaD
mdh,FALSE,-,3381352,3382290,-1.03965272325951,-0.0122354042785483,0.63182561420522,0.334466216967616,4,6,mdh
hrpA,FALSE,+,1481142,1484987,-1.03721193316763,-0.597488787402454,0.252003533241343,0.605757549677103,25,33,hrpA
serA,FALSE,-,3055200,3056432,-1.03443742105789,-0.585663480131854,0.538664587306111,0.263598393639488,6,10,serA
kbl,FALSE,-,3789378,3790574,-1.03415565844189,-0.84259480856501,0.0593392847719714,0.276647670968497,5,11,kbl-tdh
yhdN,FALSE,-,3437163,3437531,-1.02765053333002,-0.968088119976224,0,0,1,1,yhdN-zntR
ubiF,FALSE,+,694324,695499,-1.02555490928329,-0.530318673630423,0.850052042644892,0.501103582191159,6,13,ubiF
psd,TRUE,-,4387415,4388383,-1.01752051046828,-0.194072297927807,0.538533102388345,0.258213203965783,4,11,psd-mscM
ychF,FALSE,-,1255944,1257035,-1.01740830410082,-0.40424667012301,0.232792123992519,0.114849459529157,6,6,pth-ychF
tadA,TRUE,-,2695376,2695879,-1.01220572970986,-0.292804516421029,0.603675129062481,0.324127433235842,2,3,pgpC-tadA
yhdH,FALSE,+,3401506,3402480,-1.00952420828046,-0.45280718731598,0.423033952183198,0.468344319718238,5,13,yhdH
sdhC,FALSE,+,754400,754789,-1.00609607421472,-0.42433284771439,0.046924348093945,0.335400667857099,2,3,sdhCDAB-sucABCD
ttdR,FALSE,-,3203346,3204278,-0.995521986479066,-0.312291048770945,0.0951105164175288,0.418451254241443,5,5,ttdR
fbaA,TRUE,-,3068187,3069266,-0.994813672830119,-0.329459787023256,0.425716480956562,0.187085663563003,4,14,epd-pgk-fbaA
yjbT,FALSE,-,4237800,4238078,-0.99435654588604,-0.468290297369384,0,0.0548769001433878,1,3,yjbT
yffB,FALSE,+,2589269,2589625,-0.985423524086457,NA,0.394954413734288,NA,3,0,yffB-dapE-ypfN
glnA,FALSE,-,4054648,4056057,-0.98500237072668,-0.548293575169775,0.423086790572822,0.397724869245751,17,10,glnALG
hns,FALSE,-,1291732,1292145,-0.97559641244538,-0.0700805038658782,0.184828324239038,0,2,1,hns
yieE,FALSE,+,3891892,3892653,-0.973139097312111,-0.258415278640853,0.363886155266383,0.246923148187885,3,5,yieEF
yghR,FALSE,-,3130476,3131234,-0.969471696338289,-0.396807586620667,0.162866792246592,0.210003203999739,5,7,yghSR
yicN,FALSE,-,3839973,3840425,-0.968039943912054,-0.284442575382236,0,0,1,1,yicN
smtA,FALSE,+,972760,973545,-0.967884364226056,-0.579832373779438,0.301211009249986,0.60765391733491,3,4,smtA
rapZ,FALSE,+,3345137,3345991,-0.964916867646932,-0.202840863273883,0.204945483858069,0.198824572434617,7,3,yrbG-kdsDC-lptCAB-rpoN-hpf-ptsN-rapZ-npr
glxK,FALSE,+,541112,542257,-0.96222714344128,-0.29070515197672,0.55591183118659,0.266694757529187,4,16,gcl-hyi-glxR-ybbW-allB-ybbY-glxK
eamA,FALSE,-,1618262,1619161,-0.959917354286435,-0.334156354385948,0.0762584615049317,0.2811524028819,2,12,eamA
hdhA,FALSE,-,1695297,1696064,-0.958855125182065,-0.103603419400536,0.67934623844512,0.167637023738726,4,3,hdhA
yidZ,FALSE,+,3890788,3891747,-0.95768951736532,-0.389792723971934,0.439718749856138,0.303486399159775,7,9,yidZ
waaO,FALSE,-,3800062,3801081,-0.956104284288114,-0.164701881382114,0.111409083609287,0.290755402025458,3,5,waaQGPSBOJYZU
oppC,FALSE,+,1301858,1302766,-0.952185111238775,-0.36194563118809,0.642496325258211,0.288304705948886,4,14,oppABCDF
tgt,FALSE,+,425361,426488,-0.947023796557052,-0.322673400908809,0.279860166890434,0.248920750941699,2,9,tgt-yajC-secDF
cca,TRUE,+,3199913,3201151,-0.946479555539968,-0.687341448769609,0.639930439900882,0.231040240052726,16,15,ygiM-cca
trxB,FALSE,-,930308,931273,-0.945879393529929,-0.42296070147923,0.219350854086545,0.351786704474063,8,7,trxB
gltA,FALSE,-,752408,753691,-0.941959240363907,-0.457055475714206,0.229182005123871,0.28297868431612,9,7,gltA
mprA,FALSE,+,2808792,2809322,-0.940065837604143,-1.17435285398537,0.403899342411051,0,2,1,mprA-emrAB
dapE,FALSE,+,2589629,2590756,-0.938127845992079,-0.44241687766739,0.678825517302576,0.282129348667224,10,14,yffB-dapE-ypfN
pepD,FALSE,-,254259,255716,-0.937585429698541,-0.489179370435489,0.146992359195219,0.356352385368649,9,11,pepD
ycdY,FALSE,+,1098863,1099417,-0.936445211695953,-0.128815881632631,0.24799085769213,0.0696507341717266,3,4,ycdXY
yhbQ,FALSE,+,3297988,3298290,-0.932977185835978,-0.298286041602847,0,0.442992338503093,1,2,yhbQ
rluB,FALSE,+,1324876,1325751,-0.931447880515687,-0.311419725132882,0.321537506656153,0.1476247826819,7,6,rluB
racC,FALSE,-,1415512,1415787,-0.919824299764406,-0.474759962110658,0,0,1,1,racC
ppdC,FALSE,-,2960463,2960786,-0.918694982405903,-0.23145579215262,0.297692580245068,0.358698752711313,4,3,ppdAB-ygdB-ppdC-recC
ftsX,TRUE,-,3599051,3600109,-0.914653784495884,-0.250679635296231,0.106345376102643,0.173635080567493,4,9,ftsYEX
yqiJ,FALSE,+,3190230,3190859,-0.911038527748656,-0.232318525014278,0,0.000924749846846861,1,2,yqiJK
recB,FALSE,-,2950483,2954025,-0.90809209289399,-0.320860476096091,0.405035091921271,0.222952733110877,22,29,ptrA-recBD
waaB,FALSE,-,3801081,3802190,-0.908048227504375,-0.0676688711940969,0.357253101991854,0.380038425850713,6,3,waaQGPSBOJYZU
yohC,FALSE,-,2223066,2223653,-0.907597931402683,-0.275776459067589,0.232553776605348,0.253948286588459,4,9,yohC
yafD,FALSE,+,231122,231922,-0.90741472889504,-0.381617007437356,0.207978412167795,0.284996568652583,2,5,yafDE
rsd,FALSE,-,4194355,4194831,-0.905686146523653,-0.392187632227828,0.128027757873739,0.625404341777653,2,3,rsd
minC,FALSE,-,1224608,1225303,-0.905135162357553,-0.130249652073623,0.161041686271365,0.111502379822912,3,7,minCDE
rssB,FALSE,+,1289465,1290478,-0.903142956334389,-0.410498409628543,0.274941781061227,0.309461522707625,7,9,rssAB
pykF,FALSE,+,1753722,1755134,-0.894065329525135,-0.809694387612459,0.207101337704783,0.364625398907802,12,9,pykF
ydiR,FALSE,+,1778425,1779363,-0.893509920480856,-0.310698302760987,0.290096232875694,0.148677492302116,5,8,ydiQRST-fadK
ybcN,FALSE,+,571689,572144,-0.890879223095391,-0.325548123867008,0.405738581507135,0.377724850548739,2,5,ybcN-ninE-ybcO-rusA-ylcG
frlR,FALSE,+,3502074,3502805,-0.889992639217943,-0.593740389802014,0.0394440652700327,0.437852045018278,5,4,frlABCDR
sdhB,FALSE,+,756912,757628,-0.889606204867964,-0.122838765928732,0.384684927526963,0.133683062475736,5,3,sdhCDAB-sucABCD
coaA,TRUE,-,4172099,4173049,-0.889515642247028,-0.404879441183254,0.302270161081396,0.287506633717676,8,8,coaA
ugd,FALSE,-,2096471,2097637,-0.887323346935565,-0.469980918362001,0.178000994704901,0.259096726408327,6,6,ugd
lgoR,FALSE,-,4592960,4593874,-0.885854561984625,-0.432542566408383,0.359619278152016,0.0744333298130174,6,5,lgoR
rob,FALSE,-,4632464,4633333,-0.884039604589565,-0.731171564858477,0.0659220207340029,0.558587073144646,9,9,rob
yebB,FALSE,+,1944275,1944877,-0.88383948340836,-0.191380851553622,0,0.40887969578439,1,6,yebB
yiaW,FALSE,-,3752128,3752451,-0.882070189106716,-0.165826911383814,0,0.044455129710395,1,3,yiaWV
yadV,FALSE,-,155461,156201,-0.879385968322472,-0.360955055934684,0.513243302917165,0.426317914802326,2,2,yadV-htrE
selC,FALSE,+,3834245,3834339,-0.873064405840795,-0.465596646653801,0.35629822739481,0.320081524946317,2,5,selC
gcvR,FALSE,+,2597928,2598500,-0.870081272929572,-0.378829002224685,0.244941818441634,0.246562542367019,4,3,gcvR
yeiW,FALSE,-,2263063,2263317,-0.869875998930856,-0.511681084786638,0,0.913817331865058,1,2,yeiW
nfsA,FALSE,+,890407,891129,-0.869396075633325,-0.191938394177169,0,0.27537220837711,1,7,ybjC-nfsA-rimK-ybjN
setB,FALSE,+,2261885,2263066,-0.869142011407738,-0.251779679102775,0.464295290537371,0.356448218361663,6,9,setB
ydgK,FALSE,+,1703274,1703714,-0.868548235524923,-0.439804876157119,0.265067582255489,0.115278882305356,1,3,ydgK-rsxABCDGE-nth
ymfJ,FALSE,-,1200999,1201307,-0.864768650100757,NA,0,NA,1,0,ymfJ
potC,FALSE,-,1182049,1182843,-0.864705468068841,-0.48551972082387,0.0353400513158243,0.207636189682341,5,8,potABCD
dusB,FALSE,+,3408302,3409267,-0.864224795172854,-0.332712321176748,0.199283392537051,0.317121649980306,7,5,dusB-fis
rpoH,FALSE,-,3597952,3598806,-0.862205605614983,-0.194556900043276,0.847571716122427,0.241612508770973,9,7,rpoH
yaiE,FALSE,+,407401,407685,-0.861613361875209,-0.394834919171854,0.371357166904949,0,2,1,yaiE
nsrR,FALSE,+,4404213,4404638,-0.858264403150665,-0.412581852367091,0.318327588466015,0.403039180289154,1,3,nsrR-rnr-rlmB-yjfIJ
xisE,FALSE,-,1200010,1200255,-0.857914446816513,-0.0091448641815743,0,0.0900795580163013,1,3,ymfH-xisE-intE
yqjF,FALSE,+,3248584,3248976,-0.857025712625504,-0.445403235415803,0,0.136172102871688,1,2,yqjF
tolQ,FALSE,+,774376,775068,-0.854368863034456,-0.27194886971746,0.266963550580829,0.198404592012071,3,7,ybgC-tolQRA
tatC,FALSE,+,4020759,4021535,-0.853242651532567,-0.379025908732338,0.119457786634159,0.377267514888202,7,4,tatABCD
ghxP,FALSE,+,4276502,4277851,-0.850608669534824,-0.413256470831055,0.308830420128464,0.358846827532602,8,17,ghxP
envC,FALSE,+,3784861,3786120,-0.850188347655202,-0.482025573432682,0.314639203805852,0.222023155596118,10,12,gpmM-envC-yibQ
cybB,FALSE,+,1488926,1489456,-0.850094215141499,-0.398372482583221,0.535613416546382,0.311622507094412,2,3,cybB
manX,FALSE,+,1900072,1901043,-0.849539743349613,-0.299177991309018,0.0504321108323546,0.391382184836802,2,7,manXYZ
ydjY,FALSE,+,1832140,1832817,-0.847122974465323,-0.446200485475927,0.522582882629344,0.547031072290265,2,3,ydjXYZ-ynjABCD
yidD,FALSE,+,3882839,3883096,-0.847069345770727,-1.70932948425047,0,1.75280753186145,1,2,yidD
holD,FALSE,+,4605826,4606239,-0.846424160159798,-0.0811069863609116,0.106114293063289,0.0389918219954495,2,5,holD-rimI-yjjG
rpe,FALSE,-,3512404,3513081,-0.845754889381501,-0.18716211443979,0.0121864132393196,0.14038278526776,3,5,aroKB-damX-dam-rpe-gph-trpS
wzzB,FALSE,-,2095345,2096325,-0.844366407235244,-0.344319895691473,0.607171574745683,0.0602310902909552,4,4,wzzB
ileY,FALSE,-,2783784,2783859,-0.843407135889498,NA,0,NA,1,0,ileY
leuE,FALSE,-,1878145,1878783,-0.843004005744661,-0.361664769093364,0.356903389898593,0.28477079696502,2,9,leuE
psrO,FALSE,+,3309247,3309420,-0.842662350007806,-6.14268405880183,0,0,1,1,psrO
ytfG,FALSE,-,4431187,4432047,-0.841425321227457,-0.322121002518794,0.587165181569286,0.240226879000594,4,7,ytfG
typA,FALSE,+,4056430,4058253,-0.840718442816806,-0.396772677494396,0.150107473682485,0.282414831920841,14,11,typA
caiE,FALSE,-,34781,35371,-0.837501119977063,-0.270766208550406,0.684592383145282,0.309540959523592,2,12,caiTABCDE
tolB,FALSE,+,776963,778255,-0.836117318806767,-0.381196438048929,0.224694640019901,0.307484806299754,12,14,tolB-pal-cpoB
tdcA,FALSE,-,3264149,3265087,-0.835170440260636,-0.379611086399567,0.565012917635066,0.112673644886088,4,9,tdcABCDEFG
fadM,FALSE,+,463626,464024,-0.83393874019615,-0.397290342982124,0,0,1,1,fadM
truB,FALSE,-,3309855,3310799,-0.831518962885046,-0.368867008726912,0.108752365334239,0.317177850334692,7,7,metY-rimP-nusA-infB-rbfA-truB-rpsO-pnp
mzrA,FALSE,+,3246461,3246844,-0.830283557605248,-0.531906095789837,0.207161464222145,0.453677019179976,3,6,yqjA-mzrA
epmB,FALSE,-,4372652,4373680,-0.82947389845627,-0.156091522609112,0.269652741576457,0.0795305002743312,5,4,epmB
ybeX,FALSE,-,690129,691007,-0.828980055930633,-0.368313938921971,0.343894849642153,0.0479292515584579,5,5,ybeZYX-lnt
trmA,FALSE,-,4160193,4161293,-0.827797538240818,-0.868794215834876,0.3974467326445,0.704032920698762,8,7,trmA
yhaL,FALSE,+,3253065,3253229,-0.825259011240071,-0.408699385965042,0,0.390762103570994,1,2,yhaKL
miaA,FALSE,+,4397275,4398225,-0.824670059685414,-0.696686043436112,0.223022196322882,0.64062027261123,6,8,yjeF-tsaE-amiB-mutL-miaA-hfq-hflXKC
marA,FALSE,+,1617598,1617981,-0.82387876325749,-0.766595698504153,0.0125012251021698,0.139921371176515,3,3,marRAB
yajD,FALSE,+,429829,430176,-0.820047481626561,-0.18068562638733,0.14813365958178,0.151267464734336,2,2,yajD
hslO,FALSE,+,3527796,3528674,-0.82000260935785,-0.550082951167279,0.119155460665533,0.390729568192824,10,5,yrfG-hslRO
yfjY,FALSE,+,2774408,2774890,-0.819913419171089,-0.467747066950903,0.473044564759354,0.102142159788962,6,3,yfjXY-ypjJ-yfjZ-ypjF
pgi,FALSE,+,4231781,4233430,-0.819212199871976,-0.518793613473786,0.246850520843733,0.125955876672238,11,12,pgi
potA,FALSE,-,1183681,1184817,-0.817895902277477,-0.385667781838499,0.346718009658963,0.288726263903896,4,8,potABCD
yefM,TRUE,-,2087486,2087737,-0.817164878789435,NA,0.689311334814281,NA,5,0,yefM-yoeB
rhaR,FALSE,+,4096669,4097517,-0.815142575462592,-0.852558480004683,0,0.553294662572923,1,6,rhaSR
pmrD,FALSE,-,2371294,2371560,-0.81353619819583,-0.47245799277286,0,0.227804159740995,1,3,pmrD
rnb,FALSE,-,1345002,1346936,-0.81351925835755,-0.806889478645858,0.306089251244506,0.621924124523506,12,16,rnb
idi,FALSE,+,3031087,3031635,-0.811144630157774,-0.7077986204552,0.358854907489961,0.138137204196783,2,3,idi
yhiJ,FALSE,-,3628991,3630613,-0.811121319951419,-0.443128929795771,0.415104502538744,0.297981528299241,2,7,yhiJ
lon,FALSE,+,458112,460466,-0.807890713872079,-0.396683804186145,0.198799012548802,0.288537784313509,16,20,clpPX-lon
ccmE,FALSE,-,2292923,2293402,-0.807837032196384,-0.72444211793132,0.265244804406457,0.469617673167023,3,4,napFDAGHBC-ccmABCDEFGH
yffS,FALSE,+,2562515,2563354,-0.803589631001854,-0.409927502645691,0.0629016426761375,0.139538875600209,1,12,yffS
sseB,FALSE,-,2652179,2652955,-0.801912868899208,-0.273890841018021,0.0652163287236502,0.136575221092691,2,4,sseB
fryB,FALSE,-,2505938,2506264,-0.797688773580763,-0.00105086818588877,0.393234340912699,0,4,1,fryBC-ypdFE-fryA
yccE,FALSE,+,1063259,1064515,-0.796207312154181,-0.180694426013569,0,0.171752609320348,1,4,yccE
ruvC,FALSE,-,1944879,1945400,-0.794958798257526,-0.244826593959743,0.07162696308453,0.216160121924815,2,9,nudB-yebC-ruvC
dapD,FALSE,-,185123,185947,-0.79304819112865,-0.271954627289679,0.622543989731826,0.0981890138701408,5,9,map-glnD-dapD
moaC,FALSE,+,817793,818278,-0.79055909004978,-0.454283352756079,0.0600016533703864,0.364752720281987,4,11,moaABCDE
yfiN,FALSE,+,2740405,2741631,-0.789829845990746,-0.664651818918633,0.416788064381433,0.488639009679994,5,4,yfiN
ygaZ,FALSE,+,2807639,2808376,-0.789034359279003,-0.563111586001086,0.0715057379344478,0.237948678291857,2,3,ygaZH
ydfV,FALSE,+,1643921,1644226,-0.786950464563271,-0.402196888704075,0,0.258341095528823,1,4,ydfV
yfgI,FALSE,+,2628348,2628887,-0.783396581087045,-0.545199702149564,0.668062949300861,0.00722583939778735,2,3,yfgHI
ghoS,FALSE,+,4350607,4350903,-0.781871547279723,-0.0229874260010792,0,0,1,1,ghoST
yqjA,FALSE,+,3245795,3246457,-0.780961018944009,-0.368425678019256,0.243938952811885,0.282924247530176,1,6,yqjA-mzrA
rdoA,FALSE,+,4040438,4041424,-0.780738645444496,-0.0351961360041658,0.41431484701512,0.266498390650649,8,6,rdoA-dsbA
ompC,FALSE,-,2309668,2310771,-0.778853021628619,-0.258160766147567,0.36536480054689,0.389150413429499,8,7,ompC
cra,FALSE,+,88028,89032,-0.777919008324458,-0.0625575646558081,0.243792326036479,0.0804651720939051,7,8,cra
sodA,FALSE,+,4098833,4099453,-0.777788029848928,-0.312844249794963,0.288929221397303,0.385540506904088,5,3,sodA
manA,FALSE,+,1686600,1687775,-0.776442903172029,-0.266137790145542,0.402867495637842,0.170774279140415,6,4,manA
yfaT,FALSE,-,2332358,2332981,-0.77552384571928,-0.323516648176522,0,0.173758308025964,1,5,yfaATS_1S_2QP
zapD,FALSE,-,111856,112599,-0.774672342853426,-0.130432871895614,0.22655630686209,0.119584027813698,9,3,coaE-zapD-yacG
emrK,FALSE,-,2480198,2481361,-0.77014202044235,-0.0389603798695067,0.378850659723127,0.276343102588532,4,9,emrKY
yqiC,FALSE,+,3182862,3183152,-0.769366920985743,NA,0.247592367636852,NA,5,0,yqiC
modE,FALSE,-,793079,793867,-0.769224675212273,-0.312829093684551,0.483021478312613,0.210168891376217,3,2,modEF
narV,FALSE,-,1533961,1534641,-0.768529267426812,-0.32865926925383,0.578160572608603,0.170808202954648,3,4,narZYWV
yebZ,FALSE,-,1921743,1922615,-0.768370515949438,-0.497814859204731,0.0740032055847734,0.285310748108886,4,9,yobA-yebZY
selD,FALSE,-,1844989,1846032,-0.768272976783027,-0.430739340404166,0.333440319596374,0.255034013364156,13,9,ydjA-selD-topB
hpt,FALSE,+,141431,141967,-0.768021876436891,-0.381228088601379,0.771755071489705,0.330879249775813,2,2,hpt
ytfK,FALSE,+,4437610,4437816,-0.766773523622479,-0.0114940910311576,0.809058454327068,0,2,1,ytfK
mioC,FALSE,-,3924035,3924478,-0.766740666441602,-0.415687203517323,0.117102372062599,0.341162393622271,3,2,asnC-mioC-mnmG-rsmG
ivy,FALSE,+,240343,240816,-0.76671729319714,-0.448326013348635,0.309659605632589,0.253661581536061,1,8,ivy
usg,FALSE,-,2433658,2434671,-0.765869425175999,-0.599902941931063,0.0609146785120492,0.695838021087988,7,7,pdxB-usg-truA-dedA
yneH,FALSE,-,1610349,1611275,-0.763696561060455,-0.168962827154184,0.0627841109175034,0.228967375701207,1,9,yneHG
fsaA,FALSE,+,862865,863527,-0.763523720901522,-0.369696843918283,0.534059010527398,0.369169898571166,2,10,fsaA
rsmD,FALSE,+,3602416,3603012,-0.76306033369183,-0.386120672762876,0,0.205478859798031,1,6,rsmD-yhhL
gadA,FALSE,-,3664203,3665603,-0.761565470308247,-0.101893082737234,0.147995493461461,0,3,1,gadAXW
nudB,FALSE,-,1946204,1946656,-0.761334999458271,-0.409013761360254,0,0.79468732679945,1,3,nudB-yebC-ruvC
fliQ,FALSE,+,2020640,2020909,-0.759925237890967,0.00245216647947635,0.119188015122633,0.194437697296602,4,2,fliLMNOPQR
rsxA,FALSE,+,1703791,1704372,-0.759639940041674,-0.255941490775143,0.0879401485144768,0.223651674127824,2,6,ydgK-rsxABCDGE-nth
cyoB,FALSE,-,447874,449865,-0.759166905215298,-0.452411751641149,0.145345232780223,0.212231325790888,11,18,cyoABCDE
chbR,FALSE,-,1816629,1817471,-0.759036479036074,-0.247784383517705,0.206110121201041,0.203825129356108,2,5,chbBCARFG
yrfG,FALSE,+,3526691,3527359,-0.756506428785058,-0.240167026494697,0.33371864657664,0.212697951983823,6,4,yrfG-hslRO
ybjD,FALSE,+,915696,917354,-0.756368849427175,-0.479822813904449,0.164604553849404,0.441563447289945,7,13,ybjD
clsA,FALSE,-,1305209,1306669,-0.756142714210531,-0.228975064412677,0.342926822255179,0.281240611037943,8,11,clsA-yciU
menA,FALSE,-,4117446,4118372,-0.754220253362332,-0.331337052722508,0.675993848079867,0.195998187591482,4,8,menA-rraA
baeS,FALSE,+,2160900,2162303,-0.751796591736461,-0.137986935492473,0,0.311643241487403,1,5,mdtABCD-baeSR
ydeR,FALSE,-,1585817,1586320,-0.751519959439087,-0.520372331223589,0,0,1,1,ydeTSR
ppiC,FALSE,-,3957555,3957836,-0.750035978694479,-1.04014470834292,0.30445810311646,0.584346351574822,3,2,ppiC
diaA,FALSE,+,3293831,3294421,-0.748648391239037,-0.370117612424369,0.0579517835450631,0.109023537797864,4,4,diaA
gspK,FALSE,+,3460946,3461929,-0.746550630237137,-0.271509483216501,0.574099313201643,0.157206847274457,7,8,gspCDEFGHIJKLMO
stpA,FALSE,-,2796113,2796517,-0.745991831777606,-0.286676374224496,0.283196457477456,0.159228034725487,3,3,stpA
yciU,FALSE,-,1304845,1305174,-0.74506964883322,0.204682513827158,0.502156803877205,0,2,1,clsA-yciU
secF,TRUE,+,428729,429700,-0.745036049459204,-0.502779761102712,0.261652508852214,0.476443434335263,5,7,tgt-yajC-secDF
gspG,FALSE,+,3459045,3459482,-0.744088762497889,-0.0698639559432137,0.231068521219199,0.0822505532242644,4,3,gspCDEFGHIJKLMO
recC,FALSE,-,2957082,2960450,-0.743800766304451,-0.364319231869778,0.354898818189533,0.345957048659418,20,30,ppdAB-ygdB-ppdC-recC
ptsG,FALSE,+,1157092,1158525,-0.743011802101123,-0.305241087291344,0.244440753059412,0.218085737301911,15,10,ptsG
glnL,FALSE,-,4053313,4054362,-0.742994267642061,-0.217427599395749,0.20823708702228,0.222577190629495,10,10,glnALG
rhtB,FALSE,-,4006462,4007082,-0.742942101895402,-0.434399601181102,0.0824704859606012,0.148756893847119,2,7,rhtB
xerD,FALSE,-,3036869,3037765,-0.742744522938505,-0.362841523658606,0.55844994019007,0.336225504605609,2,10,xerD-dsbC-recJ-prfB-lysS
tyrR,FALSE,+,1384744,1386285,-0.738078120039661,-0.365602847586677,0.533584354220872,0.245645431389595,7,14,ycjXF-tyrR
cbrB,FALSE,+,3895529,3895996,-0.73740394612183,-0.493651339594172,0.0392946629795837,0.0939696576708138,1,3,cbrBC
nirD,FALSE,+,3494573,3494899,-0.737332406403637,-0.308095163546317,0.241705915180576,0.408336398592994,2,2,nirBDC-cysG
grpE,TRUE,-,2748137,2748730,-0.737249105643575,-0.176681572312716,0.122989792260375,0.191354091931598,4,5,grpE
frlC,FALSE,+,3500362,3501192,-0.735562995370299,-0.352908142980673,0.560022918282287,0.0996906746225849,3,9,frlABCDR
ftsE,TRUE,-,3600102,3600770,-0.732677330376061,-0.310863171623243,0.18607983833913,0.188778632807497,7,7,ftsYEX
surA,FALSE,-,53416,54702,-0.731628458280423,-0.315454249693852,0.36836432044018,0.2114920514312,6,10,lptD-surA-pdxA-rsmA-apaGH
fbp,FALSE,-,4452634,4453632,-0.730710676177581,-0.457882104622349,0.391989721735112,0.279413864268196,6,8,fbp
ihfB,FALSE,+,963051,963335,-0.730425589155847,-0.0273588318978258,0.115684679429883,0,4,1,cmk-rpsA-ihfB
ftnA,FALSE,+,1986740,1987237,-0.729101763584477,-0.0449426723338544,0.179166373628908,0.471572200386335,2,2,ftnA
yfcR,FALSE,-,2449094,2449606,-0.728465595115071,-0.293114781652517,0.0587027545125675,0.45541508864023,3,5,yfcUTSRQPO
hofO,FALSE,-,3519031,3519471,-0.727189170645095,-0.293074537308964,0.329755229023589,0.0268672839848322,3,2,hofMNOP
ypfH,FALSE,-,2591094,2591792,-0.725942488020504,-0.436924857016137,0,0.693633839156923,1,5,ypfH
yohH,FALSE,-,2226571,2226708,-0.725040896561342,NA,0,NA,1,0,yohH
hemN,FALSE,+,4050068,4051441,-0.72434189956503,-0.348114084168218,0.153942444279785,0.390519828361735,7,12,hemN
ybcI,FALSE,-,555255,555776,-0.722176226200146,-0.833671321113529,0,0.0577408973826923,1,3,ybcI
serC,FALSE,+,956876,957964,-0.72152770780506,-0.442365686277855,0.14844179501048,0.220737745860927,4,9,serC-aroA
hicA,FALSE,+,1507310,1507486,-0.721178862962765,0.306111869432472,0.342640176116243,0,1,1,hicAB
yfjR,FALSE,+,2767725,2768426,-0.720203670826597,-0.286436500450169,0.612748874360819,0.417559120884854,6,5,yfjR-ypjK-yfjST
aroC,FALSE,-,2444410,2445495,-0.719160941588458,-0.497343274034267,0.136445078775377,0.65132402204857,6,13,prmB-aroC-mepA-yfcA-epmC-yfcL
ygiB,FALSE,+,3177862,3178437,-0.718897092954119,-0.27132259907881,0.453719076442284,0.630410531751153,10,7,tolC-ygiABC
mgtL,FALSE,+,4465454,4465507,-0.71767483592737,NA,0.357731539937836,NA,2,0,mgtLA
yifK,FALSE,+,3978910,3980295,-0.717329669522987,-0.387223004871054,0.535217325011752,0.31077213548605,7,15,yifK
yadN,FALSE,-,156299,156883,-0.716787031044777,0.291928681931432,0.271947484078205,0,5,1,yadN
srlR,FALSE,+,2827069,2827842,-0.715513818096734,-0.0204515179223895,0.116996789370518,0.179686909644093,6,2,srlAEBD-gutM-srlR-gutQ
yfeX,FALSE,-,2547668,2548567,-0.714846288872346,-0.43950062224573,0.413648769611725,0.188823784497871,3,12,yfeYX
mlaE,FALSE,-,3336488,3337270,-0.711396055308962,-0.316530964080685,0.0192309171171978,0.188512173752023,3,7,mlaFEDCB
leuO,FALSE,+,84368,85312,-0.711261369477008,-0.432249618577516,0.357923577617187,0.384991915393174,2,5,leuO
ygcP,FALSE,+,2892218,2892793,-0.711170239814136,NA,0.0702802757149152,NA,3,0,ygcNOP
yfdH,FALSE,+,2466236,2467156,-0.709734444574529,-0.202032808058729,0.0980451027456338,0.350308119343594,2,4,yfdGHI
glpF,FALSE,-,4115268,4116113,-0.70932061147568,-0.42568008180561,0.155770938278968,0.0834624702943575,8,9,glpFKX
ndk,FALSE,-,2642455,2642886,-0.70928164168153,-0.0901550158592944,0.12827798408335,0.0689104172028896,4,3,ndk
ydhX,FALSE,-,1748369,1749088,-0.709173335119142,-0.378410920135732,0.212088833042909,0.175913768148798,6,10,ydhYVWXUT
ycgL,FALSE,+,1226904,1227230,-0.706502664525134,-0.106355069188468,0.0932493395805737,0.018088583923215,3,3,ycgL
ypjM_2,FALSE,-,2770858,2771058,-0.706169452246237,-0.0843066499919849,0.347087932974824,0.00235340394812094,2,2,ypjM_1M_2
lysA,FALSE,-,2975659,2976921,-0.705473582253075,-0.387189438282434,0.28972884750894,0.334190691367209,7,8,lysA
potD,FALSE,-,1181006,1182052,-0.705335877287894,-0.541285262542882,0.27191161457887,0.547573591174724,10,10,potABCD
yedI,FALSE,-,2026473,2027390,-0.705253744072596,-0.597449150543104,0.262472608306137,0.107632780775955,2,3,yedI
cmoB,FALSE,+,1951466,1952437,-0.703455861439959,-0.260986255106939,0.285302243304452,0.190807359981456,6,8,yecN-cmoAB
yciF,FALSE,-,1313294,1313794,-0.702730056978218,NA,0.0827945972836303,NA,2,0,yciGFE
yqeG,FALSE,+,2983869,2985098,-0.702141461084644,-0.178924906888405,0.180109051043,0.146558269669369,7,5,yqeG
mppA,FALSE,+,1391251,1392864,-0.701245549126019,-0.226037939893415,0.466126990269723,0.174075069243088,7,11,mppA
yzfA,FALSE,-,4445999,4446268,-0.698218078595257,-0.69408562842942,0.148481465321031,0.125254850044456,2,5,yzfA
yafX,FALSE,-,263972,264430,-0.698195363184458,NA,0.717118604377168,NA,5,0,yafY-ykfBF-yafX-ykfGH-yafW-ykfI
ydaF,FALSE,-,1417180,1417335,-0.698096198118225,-0.286881766379968,0,0.166554896187001,1,2,ydaGF
yhaK,FALSE,+,3252341,3253042,-0.696670076002332,-0.318575072495509,0.37539926778664,0.13769681555502,2,4,yhaKL
dksA,FALSE,-,160149,160604,-0.695766784077831,NA,0.530847855533614,NA,2,0,sfsA-dksA-gluQ
ytfB,FALSE,-,4426102,4426740,-0.694792175853758,-0.402838917295668,0.386074443826433,0.56842910020097,5,7,ytfB
cyoA,FALSE,-,449887,450834,-0.694302611885205,-0.436072567035274,0.159670157072345,0.31910236091711,5,8,cyoABCDE
yddL,FALSE,-,1543762,1544052,-0.693186187233901,-0.441928838793303,0,0,1,1,yddLKJ
rng,FALSE,-,3394348,3395817,-0.689718133705253,-0.351245092726097,0.2113343033932,0.136797185046771,12,15,rng
yfiE,FALSE,-,2712461,2713342,-0.688843261211886,-0.252799420958644,0.0461391633804866,0.450217601316336,2,5,yfiE
asd,TRUE,-,3571798,3572901,-0.686893575855723,-0.27714428366077,0.630851372626783,0.0703520145041106,7,6,asd
ompA,FALSE,-,1018236,1019276,-0.686635163643069,-0.220614567072563,0.256238216831388,0.270381110873534,13,9,ompA
cpxP,FALSE,+,4103843,4104343,-0.685053325432037,-0.216875912925117,0.17498113077232,0.175550440410741,3,2,cpxPQ
hslR,FALSE,+,3527370,3527771,-0.683654931212091,-0.338117012573499,0.146261526492937,0.312874216083035,3,2,yrfG-hslRO
agaI,FALSE,+,3284292,3285047,-0.683304263573949,-0.399879701432338,0.31543029182205,0.127482358275585,5,6,agaS-kbaY-agaBCDI
yeaW,FALSE,+,1882689,1883813,-0.681278251961528,-0.245563834448993,0.328137667926709,0.441144107625178,8,5,yeaVW
yffR,FALSE,+,2562002,2562394,-0.680990267162325,-0.0318040277526281,0,0.222599700750961,1,3,yffQR
yihM,FALSE,+,4059188,4060168,-0.680541773352125,-0.371365949207902,0.480439179502008,0.147651679558376,3,8,yihLM
ychJ,FALSE,-,1287897,1288355,-0.679827101758739,-0.291876722083573,0.383034252655413,0.0309309461603022,3,3,ychJ
sgcA,FALSE,-,4525572,4526003,-0.679739949635441,-0.333661374692055,0.0404845142145413,0.210056189760136,4,3,sgcXBCQAER
yciK,FALSE,-,1326378,1327136,-0.679677358731327,-0.396302034965347,0.189172069590631,0.630692723167231,8,5,yciK-btuR
hflX,FALSE,+,4398695,4399975,-0.678867743081317,-0.280621898401831,0.304529911584708,0.435334196563167,12,12,yjeF-tsaE-amiB-mutL-miaA-hfq-hflXKC
paaZ,FALSE,-,1449621,1451666,-0.678380011323745,-0.271389062065192,0.250424813417305,0.259980823553752,10,27,paaZ
rlmM,FALSE,-,2938165,2939265,-0.677520765503686,-0.549793158987666,0.0732694488812524,0.451812758488823,7,9,rlmM
ymjA,FALSE,-,1355447,1355692,-0.67642959369233,-0.32342252274002,0,0,1,1,ymjA
ubiI,FALSE,-,3049137,3050339,-0.675767613380236,-0.254860818385672,0.328831587063727,0.229543821773025,6,12,ygfB-pepP-ubiHI
tauC,FALSE,+,386195,387022,-0.675219849263237,-0.366105834475029,0.409767661297214,0.54484440238839,4,12,tauABCD
dcuD,FALSE,+,3372891,3374258,-0.67460203372064,-0.47907509349694,0.365446539265,0.21738630247681,6,17,dcuD
kbaY,FALSE,+,3281165,3282025,-0.67400530451661,-0.628397336542405,0.357729451527528,0.38721460367198,4,2,agaS-kbaY-agaBCDI
dhaM,FALSE,-,1246919,1248337,-0.67325436295006,-0.377617622717694,0.163016570483288,0.426064367697211,7,11,dhaKLM
appX,FALSE,+,1039668,1039760,-0.673113713188446,NA,0,NA,1,0,appCBXA
moeA,FALSE,-,864352,865587,-0.670885370439355,-0.511511577548219,0.150503140408566,0.208392128029427,8,15,moeAB
ydjF,FALSE,-,1852120,1852878,-0.670659337327203,-0.294596171654659,0.0696896832318238,0,2,1,ydjF
yagM,FALSE,-,293169,294023,-0.669595640920495,-0.120067823993823,0.134485802545242,0.320429347290627,4,5,yagML
rdgB,FALSE,+,3094703,3095296,-0.669076607323509,-0.492690313118454,0.520857859039084,0.32472229077297,6,7,yggSTU-rdgB-yggW
yfiM,FALSE,+,2722201,2722473,-0.668566149213971,-0.742810894890237,0.00487987984526811,0.362131997186951,1,5,yfiM
phnF,FALSE,-,4319720,4320445,-0.66839381337318,-0.399981980654571,0.591051438882821,0.0604502341693326,4,2,phnCDE_1E_2FGHIJKLMNOP
wecF,FALSE,+,3975548,3976627,-0.66640684334735,-0.34381703100822,0.332063027171338,0.246866598459674,7,13,rfe-wzzE-wecBC-rffGHC-wecE-wzxE-wecF-rffT-rffM
feaR,FALSE,-,1444402,1445307,-0.66571212947225,-0.401114365412454,0.385202006920402,0.450717264202042,3,10,feaR
ycgI,FALSE,+,1222918,1223130,-0.665089526986566,-0.15229864015335,0,0.311936878955675,1,5,ymgH-ycgI
ryfA,FALSE,+,2651877,2652180,-0.664954850343516,-0.540614154015747,0,0.472341564793391,1,5,ryfA
ydcO,FALSE,-,1502929,1504104,-0.663080781969669,-0.238110358749573,0.0620524507779974,0.273518747598943,5,13,ydcO
fliT,FALSE,+,2003737,2004102,-0.662877582128876,-0.55042939895927,0,0.150259421815879,1,2,fliDST
fcl,FALSE,-,2124249,2125214,-0.661728311450167,-0.272791913571427,0.107729793768332,0.117960524968471,3,5,wcaCDEF-gmd-fcl-gmm-wcaI-cpsBG-wcaJ-wzxC
mocA,FALSE,+,3013182,3013760,-0.660384216015091,-0.0658985626238208,0.431095987184771,0.0804017224197821,3,5,mocA
dppB,FALSE,-,3702794,3703813,-0.658441326029189,-0.449894128611843,0.32458644992444,0.204955925998499,3,15,dppABCDF
glnG,FALSE,-,4051892,4053301,-0.658391556911855,-0.278424257358254,0.0947391822040318,0.334950222183838,6,6,glnALG
ygaH,FALSE,+,2808366,2808701,-0.65776426379235,-0.552212038021441,0,0.34982590466059,1,6,ygaZH
rcnA,FALSE,+,2183939,2184763,-0.657356299833109,-0.327653297857604,0.0194081702975978,0.290616613143762,3,11,rcnAB
ivbL,FALSE,-,3850913,3851011,-0.657188606909691,NA,0.0897020161658976,NA,1,0,ivbL-ilvBN-uhpABC
speD,FALSE,-,134788,135582,-0.657035359671512,-0.272969738145044,0.199489440467142,0.205377468703145,8,3,yacC-speED
yjiG,FALSE,-,4557562,4558023,-0.656869446371146,-0.232672046294845,0.0653265747074817,0.180121362754348,5,5,yjiHG-iadA
ydhP,FALSE,-,1734145,1735314,-0.656853970027456,-0.700611094655242,0.525649562457721,0.382373068030181,3,10,ydhP
paaY,FALSE,+,1462495,1463085,-0.656556290672724,-0.103512951954756,0.16383164635312,0.151730934487493,2,6,paaXY
xapA,FALSE,-,2522067,2522900,-0.656340781854326,-0.380362882095673,0.189385088343533,0.198465215140081,9,9,xapAB
melR,FALSE,-,4338743,4339651,-0.655751145110216,-0.186679941773701,0.180484756406095,0.168571848071118,8,6,melR
ycgN,FALSE,+,1228053,1228499,-0.654744995944932,-0.345132718403239,0,0.0743647929686196,1,3,ycgN
truD,FALSE,-,2868277,2869326,-0.652389736821838,-0.406559760902347,0.261023618495122,0.119011834754127,7,7,truD
yhfL,FALSE,+,3497470,3497637,-0.651893303512976,0.150463385779336,0,0,1,1,yhfL
garP,FALSE,-,3271595,3272929,-0.651306393448567,-0.397432769007955,0.202339199477129,0.247826906986352,4,15,garPLRK-rnpB
yggC,FALSE,-,3071998,3072711,-0.651298201011049,-0.209845763032915,0.528766725135832,0.209320231998965,5,3,cmtBA-yggPFDC
rhtC,FALSE,+,4005780,4006400,-0.650776101414623,-0.368116721965545,0.15787219944301,0.400871188548673,1,7,rhtC
sfmA,FALSE,+,557435,557977,-0.649986933476776,-0.124315457504891,0.224698182052205,0.228917780893901,4,4,sfmA
epd,FALSE,-,3070694,3071713,-0.649504116944117,-0.39632763364541,0.295175212455401,0.400023265068619,8,7,epd-pgk-fbaA
priC,FALSE,-,489509,490036,-0.647657089292708,-0.356063892995447,0.366756295298863,0.453578369603718,2,4,priC-ybaM
mglB,FALSE,-,2237372,2238370,-0.646325977763159,-0.469837725992078,0.568384941402835,0.136328898920975,5,13,mglBAC
yddJ,FALSE,-,1542408,1542743,-0.644980514822117,-0.274950656536878,0.0869659697033759,0,2,1,yddLKJ
sdhA,FALSE,+,755130,756896,-0.644525614323631,-0.402266807651838,0.214406583805875,0.227297202981347,13,12,sdhCDAB-sucABCD
yeaR,FALSE,-,1877613,1877972,-0.64431781885491,-0.300263267619753,0.165682285753971,0.135054480029775,2,2,yeaR-yoaG
yegX,FALSE,-,2180855,2181673,-0.644134070811934,-0.182858721449409,0.413010313116066,0.183059102331074,2,8,yegX
yhaM,FALSE,-,3253363,3254673,-0.643786844852924,-0.170296296166949,0.214601059467924,0.309866203667685,6,7,yhaOM
yidP,FALSE,+,3861922,3862638,-0.64378405434251,-0.692069108243546,0.402047961396144,0.384172312193061,5,4,yidP
htpX,FALSE,-,1909719,1910600,-0.643245081423137,-0.444469807022891,0.621344005773757,0.348867321236676,7,5,htpX
yieP,FALSE,-,3938658,3939350,-0.643043738715497,-0.27250949145108,0.0215895160825026,0.250721598138732,2,4,yieP-hsrA
dgoK,FALSE,-,3871619,3872497,-0.642472982629801,-0.449824515912503,0.266344449342914,0.575494370844936,6,11,dgoRKADT
yagA,FALSE,-,280053,281207,-0.641971751015721,-0.397166474256224,0.244302386855555,0.271761920089155,9,16,yagAB-ykgN
ybdD,FALSE,+,631405,631602,-0.640988218104708,-0.231895088077426,0.227216756611246,0,1,1,ybdD
lysY,FALSE,+,780370,780445,-0.640908735190011,NA,0,NA,1,0,valZ-lysY
rssA,FALSE,+,1288429,1289373,-0.64066736218861,-0.352026915180144,0.16582626275491,0.380542092267367,7,11,rssAB
bglB,FALSE,-,3900312,3901724,-0.640413309296707,-0.632253177553972,0.179712187432609,0.41505184379421,11,10,bglGFB
yeaM,FALSE,-,1872779,1873600,-0.638957749555979,-0.154227311754537,0.0808132043717658,0.412103612682048,4,7,yeaM
yjiA,FALSE,-,4585932,4586888,-0.638123445845423,-0.496620813685888,0.118074287617955,0.556852457836732,6,9,yjiXA
asnA,FALSE,+,3925178,3926170,-0.638006254937678,-0.327411389649551,0.0795316373195687,0.585784399340235,5,11,asnA
yjhR,FALSE,+,4533038,4534054,-0.637957373975299,-0.246820950956063,0.203398668551982,0.110320251615248,1,10,yjhR
yihW,FALSE,+,4072692,4073477,-0.637687386712206,-0.112412534399499,0.419581042623444,0.0702944978412368,5,2,yihVW
adiY,FALSE,-,4335191,4335952,-0.637558586784852,NA,0.119334473404936,NA,3,0,adiY
macA,FALSE,+,918458,919573,-0.637293574335994,-0.529541558693832,0.197119056649065,0.672377887640142,4,12,macAB
dsbA,FALSE,+,4041441,4042067,-0.636697424387576,-0.623565312143187,0.200400964682201,0.704667631795034,2,3,rdoA-dsbA
yjfY,FALSE,-,4422539,4422814,-0.635032212187112,NA,0.19682429284125,NA,1,0,yjfY
selA,FALSE,-,3757881,3759272,-0.634825645519954,-0.51990507929874,0.144486269337002,0.429585637370525,9,13,selAB
crl,FALSE,+,257829,258230,-0.633130428036479,-0.00354397190155671,0.268164296528919,0.010933781404884,1,3,crl
ebgR,FALSE,+,3219488,3220471,-0.632922180002184,-0.30488784824883,0.0573637658106151,0.0420837663035323,4,5,ebgR
uspC,FALSE,+,1977777,1978205,-0.632879792628412,-0.348291395060338,0.516329374063768,0.126007788867788,2,2,uspC
gluQ,FALSE,-,159186,160112,-0.63212316164672,-0.220712921097141,0.16100512563984,0.265197511149579,3,6,sfsA-dksA-gluQ
yehK,FALSE,+,2201994,2202311,-0.632075298583055,-0.456782746195945,0,0,1,1,yehK
yegS,FALSE,+,2166736,2167635,-0.631327468292808,-0.341175396897938,0.334369950214654,0.400940239203114,7,9,yegS
yciQ,FALSE,+,1322770,1324665,-0.631063168272576,-0.296454578392537,0.172050087954294,0.301854493965403,11,15,yciVOQ
ybdJ,FALSE,-,605174,605422,-0.630085552598021,-0.065896966103904,0.00675178396864728,0.0557992824830712,2,5,ybdJ
yneE,FALSE,-,1606132,1607046,-0.629690797900689,-0.667073289656371,0.198995757412056,0.0533023780502918,4,4,yneE
dtpA,FALSE,+,1710793,1712295,-0.629463611818494,-0.460336995998127,0.163040643079286,0.279154067087336,7,18,dtpA
ymgD,FALSE,-,1221528,1221857,-0.629386587054678,NA,0,NA,1,0,ymgGD
ybiA,FALSE,-,831691,832173,-0.628571650398192,-0.537124084017673,0.27112828605511,0.428774170507912,4,7,ybiA
yedP,FALSE,+,2023535,2024350,-0.628527716388667,-0.432404003877621,0,0.200801487071015,1,5,yedP
yihP,FALSE,-,4063832,4065238,-0.628331963111652,-0.386019027097579,0.102291428647442,0.291589966058648,8,16,yihPO
mrp,FALSE,-,2191081,2192190,-0.627939626807024,-0.162011713327589,0.191126270612684,0.21368559771292,12,12,mrp
yhhN,FALSE,+,3603774,3604400,-0.62668815326744,-0.659450867003384,0.195432239174607,0.538521199251575,4,4,yhhN
ygaV,FALSE,+,2795233,2795532,-0.626560089565622,-0.480260671758359,0.495905591611255,0.159670751418886,3,2,ygaVP
yfaH,FALSE,+,2347709,2347915,-0.626522517181013,NA,0,NA,1,0,yfaH
tesA,FALSE,-,518363,518989,-0.626264059376423,-0.289328753724521,0.202870298505734,0.188266016457686,3,3,tesA-ybbO
sufE,FALSE,-,1756898,1757314,-0.626075982107466,-0.535428270446203,0.350284456420059,0.0950431775938758,2,4,sufABCDSE
zapE,FALSE,-,3376892,3378019,-0.625595229653501,-0.523458523936085,0.197421677956067,0.216656026886652,5,6,zapE
trpC,FALSE,-,1316451,1317809,-0.625539729651294,-0.440230259119633,0.186023912468168,0.477573597571266,10,15,trpLEDCBA
sanA,FALSE,+,2230900,2231619,-0.624784798468953,-0.135837446938096,0.27678809361476,0,7,1,sanA-yeiS
ybjN,FALSE,+,892180,892656,-0.623142751360461,-0.217766275454788,0.0924032022776805,0,2,1,ybjC-nfsA-rimK-ybjN
ycfZ,FALSE,-,1179702,1180490,-0.623024132313533,-0.343573778923563,0.304872894418171,0.384454924385217,8,7,ymfA-ycfZ
fimB,FALSE,+,4538980,4539582,-0.622960321469096,-0.163346016398799,0.300719859730412,0.394793323669126,5,5,fimB
yqeA,FALSE,+,3009483,3010415,-0.622564663777982,-0.652038087108595,0.122805621886089,0.1467354280951,5,4,yqeA
nlpC,FALSE,-,1790291,1790755,-0.621195667989582,-0.314841102539713,0.470434584758861,0.345578619916986,2,2,nlpC
yfdQ,FALSE,+,2472054,2472878,-0.620963392401951,-0.16421598757364,0.0784637742006941,0.00972166416964565,8,3,yfdPQ
yaiO,FALSE,-,379293,380066,-0.620942516575003,-0.28275545321686,0.0406759774601365,0.43627430118685,3,7,yaiXO
flgI,FALSE,+,1135497,1136594,-0.620592564665964,-0.354450346743095,0.585680283884901,0.297497404024444,4,6,flgBCDEFGHIJ
nanS,FALSE,-,4534637,4535617,-0.619366692133035,-0.409160974741187,0.133406222030548,0.178163975224017,3,7,nanCMS
speB,FALSE,-,3080899,3081819,-0.618704631345904,-0.431985838337858,0.168725717329113,0.374443027284273,7,10,speAB
yejE,FALSE,+,2273295,2274320,-0.618167362080815,-0.206219091810208,0.0633881713684365,0.208891874939311,2,12,yejABEF
purN,FALSE,+,2620256,2620894,-0.617726356796295,-0.29316324051484,0,0.211416831514752,1,4,purMN
yidA,FALSE,-,3874163,3874975,-0.617399961108135,-0.454633623948909,0.294150414880631,0.0925461167629652,5,5,yidA
gntR,FALSE,-,3575754,3576749,-0.616663053233405,-0.352824473345008,0.0439046747439455,0.448599649018235,6,8,gntRKU
ydiO,FALSE,+,1775220,1776371,-0.61644213705469,-0.255982149378328,0.237846070504343,0.36372360125421,6,13,ydiFO
inaA,FALSE,-,2346844,2347494,-0.615423749766096,-0.332051300011473,0.294578205568842,0.182117753100433,3,4,inaA
yjfJ,FALSE,+,4408576,4409274,-0.615339700625926,-0.137740181463871,0.0727439396642033,0.529780262236348,2,4,nsrR-rnr-rlmB-yjfIJ
yiaD,FALSE,+,3714570,3715229,-0.614948107712922,-0.318595045593343,0.249888231554077,0.24410283908344,4,5,yiaD
ycaQ,FALSE,+,968612,969844,-0.614923437094502,-0.293277164545903,0.509531079815174,0.195878655092256,5,14,ycaI-msbA-lpxK-ycaQ
yraP,FALSE,+,3294431,3295006,-0.613434828562519,-0.242850273128777,0.164129045497749,0.529893713044833,3,3,yraP
rayT,FALSE,+,247637,248134,-0.613407236445055,-0.280250614324888,0.361443618488396,0.34786889120536,3,5,rayT
ynfE,FALSE,+,1656093,1658519,-0.613096292464356,-0.270422764997,0.266172173897169,0.332041808396641,11,23,ynfEFGH-dmsD
pagP,FALSE,+,655780,656340,-0.611890536654592,-0.896884742978876,0.0163144912797347,0.383146298652772,3,2,pagP
dtpC,FALSE,-,4352977,4354434,-0.61037611450764,-0.383323865271728,0.123899939621732,0.359403078449309,9,8,dtpC
kdpE,FALSE,-,720279,720956,-0.608420936886484,-0.206525272649972,0.272153285433184,0.274161863697228,5,5,kdpDE
envZ,FALSE,-,3532538,3533890,-0.608288150601713,-0.268074418609751,0.17767646305997,0.457936705937558,6,16,ompR-envZ
hemX,FALSE,-,3985908,3987089,-0.607868620739716,-0.311937520259836,0.213686260824585,0.296124446706516,9,12,hemCDXY
murJ,TRUE,+,1127062,1128597,-0.607636734437398,-0.227537679826185,0.408314478591185,0.343340350200084,7,12,murJ
wbbH,FALSE,-,2104084,2105250,-0.607363405141393,-0.455249081102771,0.141512424167526,0.0898486808502619,3,5,glf-wbbH
xylG,FALSE,+,3730224,3731765,-0.607201003343008,-0.305785257990395,0.204339571725759,0.064973752482312,8,5,xylFGHR
phoB,FALSE,+,416366,417055,-0.607200747173991,-0.149856541115881,0.191483272561323,0.278203496585204,4,9,phoBR
mdtM,FALSE,-,4565310,4566542,-0.606660843698931,-0.326868733877669,0.420683011871817,0.161503745926366,8,14,mdtM-yjiN
apaH,FALSE,-,50380,51222,-0.605947775324985,-0.358415081620767,0.317972364166154,0.155499784036436,8,8,lptD-surA-pdxA-rsmA-apaGH
tsgA,FALSE,+,3490590,3491771,-0.605644148339042,-0.389322721243688,0.333688865282929,0.187020526695309,6,8,tsgA
fliZ,FALSE,-,1998497,1999048,-0.605532667563136,-0.184041541619165,0.238721842312896,0.257242529121225,5,4,fliAZ-tcyJ
metR,FALSE,-,4009886,4010839,-0.603785803031625,-0.377887680550805,0.245170464425784,0.354556582763622,13,5,metR
fliM,FALSE,+,2018111,2019115,-0.603075616592758,-0.149761886462997,0.272056277276853,0.0347219584547846,8,6,fliLMNOPQR
nfi,FALSE,+,4196813,4197484,-0.602987693694258,-0.133915397339139,0.256963530419093,0.0704166052315372,9,5,nudC-hemE-nfi
yhfT,FALSE,-,3504054,3505358,-0.602759738370958,-0.392683359062503,0.241685569146157,0.387914796378796,4,12,yhfXW-php-yhfUTS
yghT,FALSE,+,3132153,3132845,-0.602580483086276,-0.438647966925088,0.11606110641743,0,6,1,yghT
fadR,FALSE,+,1234161,1234880,-0.601724459377618,-0.24138361172951,0.218846087046976,0.146439203211346,6,4,fadR
ydeS,FALSE,-,1586333,1586863,-0.600587255937162,-0.360293892954937,0.481153185602267,0.177121650906116,3,3,ydeTSR
dapB,FALSE,+,28374,29195,-0.59897190024326,-0.598004246635861,0.460803599817951,1.0626720198844,7,8,dapB
rhsC,FALSE,+,728806,732999,-0.598680644580955,-0.488345453685161,0.180076757923457,0.297583128429093,8,21,rhsC-ybfB
ypdF,FALSE,-,2503569,2504654,-0.598607792723816,-0.371184226476173,0.363129009400711,0.116049359391666,9,9,fryBC-ypdFE-fryA
ymfH,FALSE,-,1200292,1200603,-0.598027553986546,-0.413749244627752,0.0623436688865381,0.125655950199177,2,4,ymfH-xisE-intE
gspH,FALSE,+,3459490,3459999,-0.596859465532187,-0.264967098785399,0.275434679162989,0,2,1,gspCDEFGHIJKLMO
eutS,FALSE,-,2573492,2573827,-0.5967250859133,-0.188675545868427,0.436913172712923,0.413412038197719,2,4,eutSPQTDM
dsbG,FALSE,-,637050,637796,-0.595678932094357,-0.206459556969104,0.095885477299262,0.0972234074911059,4,4,dsbG
rspA,FALSE,-,1651951,1653165,-0.59514532849659,-0.327361029168538,0.197369051800322,0.171446103229808,7,10,rspAB
fimZ,FALSE,-,563071,563703,-0.594749275868205,-0.49621453607244,0,0.215641041135845,1,2,fimZ
glmS,TRUE,-,3909862,3911691,-0.594549225528871,-0.461896091850712,0.534456102620798,0.144260024771926,6,12,glmUS
pcm,FALSE,-,2866915,2867541,-0.594430378476787,-0.415327631761497,0.225450694102947,0.621849927887483,4,7,umpG-pcm
yebK,FALSE,+,1934676,1935545,-0.594181086175089,-0.291671852330361,0.102768687811948,0.349138585455952,2,5,yebK
garR,FALSE,-,3269889,3270779,-0.59413627590045,-0.299664906197311,0.0355634167196712,0.224969300700282,3,10,garPLRK-rnpB
yqeB,FALSE,-,3010636,3012261,-0.593232702055138,-0.419481400463557,0.187654685817604,0.478134777936032,4,12,yqeB
bssS,FALSE,-,1119924,1120178,-0.592434655003923,-0.435118278901567,0,0.0286050274890456,1,2,bssS
araF,FALSE,-,1983163,1984152,-0.592027083167725,-0.288858224690591,0.0816917159560359,0.131599643240678,5,6,araFGH
cptA,FALSE,-,3038438,3038845,-0.591987959623485,-0.528289048072969,0.216741220636988,0.188208035591519,2,3,sdhE-cptA
ddpF,FALSE,-,1555136,1556062,-0.591956536029543,-0.539359740214763,0.0356787010542947,0.513543395130931,3,9,ddpXABCDF
fdoH,FALSE,-,4079880,4080782,-0.591576111726675,-0.542263658758546,0.31549784379304,0.288234854021682,4,6,fdoGHI-fdhE
ttdT,FALSE,+,3206046,3207509,-0.591168980543714,-0.268093491867492,0.412489668399436,0.226099736889795,15,15,ttdABT
prlC,FALSE,-,3641163,3643205,-0.590974419133213,-0.184880530417587,0.199556468908296,0.156916369776556,14,9,prlC-rsmJ
speA,FALSE,-,3081957,3083933,-0.590747285390931,-0.511159695466713,0.129989305222118,0.441282532444912,15,16,speAB
yfjP,FALSE,+,2765732,2766595,-0.590720280605296,-0.250934892860256,0.345931003504727,0.170120006422835,2,4,yfjPQ
ulaC,FALSE,+,4419731,4420195,-0.590237910614077,-0.264075564567075,0.184454158503035,0.177110013242562,3,5,ulaABCDEF
smrB,FALSE,+,2446628,2447179,-0.589428258534359,-0.377860209086816,0.601182848627376,0.0612122281791877,2,5,smrB
yagN,FALSE,-,294363,294803,-0.588892197482423,-0.555850779627888,0,0.163598450498482,1,2,yagN
aroH,FALSE,+,1786459,1787505,-0.588627738143574,-0.40939398003046,0.160177260350215,0.115907489783114,9,4,aroH
ulaE,FALSE,+,4420869,4421723,-0.588545430845822,-0.3996401069739,0.36270867855938,0.216576941872034,2,11,ulaABCDEF
yecA,FALSE,-,1988978,1989643,-0.587687689438458,-0.955920989405547,0.323542335954925,0.571612507078309,7,6,yecA
fdrA,FALSE,+,545904,547571,-0.586839667224365,-0.361517943043911,0.309189676361487,0.358153096372394,17,14,fdrA-ylbEF-ybcF
hofB,FALSE,-,115714,117099,-0.586455513681128,-0.135193795365642,0.150070441854709,0.177854349943535,9,14,ppdD-hofBC
yqeI,FALSE,+,2986524,2987333,-0.586247070552353,-0.0116637869948043,0.422326371413866,0.109247729457595,8,3,yqeIJ
ybhA,FALSE,-,796836,797654,-0.585363398107472,-0.205848370378332,0.381106849329518,0.202132903324112,6,7,ybhA
yfeK,FALSE,+,2535364,2535738,-0.584449944529983,-0.24783804209243,0.0108732751574472,0.189618251956959,3,2,yfeKS
eutM,FALSE,-,2570179,2570472,-0.584208255752363,-0.426329917915809,0.136948356438762,0.559346024189441,3,3,eutSPQTDM
metN,FALSE,-,221614,222645,-0.583867231705352,-0.353192879991569,0.100661928887979,0.358016057707692,6,10,metNIQ
metF,FALSE,+,4130639,4131529,-0.583327116598895,-0.403948975530024,0.224135367980429,0.163381378857781,8,5,metF
mlaF,FALSE,-,3337278,3338087,-0.583122219691404,-0.153285244910297,0.024356070284539,0.17781111567911,5,5,mlaFEDCB
ulaR,FALSE,-,4415721,4416476,-0.582951941778684,-0.244621036513694,0.120145572205322,0.626619118410183,4,8,ulaR
nanR,FALSE,-,3371720,3372511,-0.582233473103623,-0.208431019738608,0.219833714924563,0.0411255772923702,7,2,nanR
ppk,FALSE,+,2621066,2623132,-0.582125469797012,-0.520365220697329,0.262389905636786,0.345915532426278,16,6,ppk-ppx
wcaE,FALSE,-,2126928,2127674,-0.581323063036113,-0.173354763172044,0.381340160832291,0.241546380860646,2,6,wcaCDEF-gmd-fcl-gmm-wcaI-cpsBG-wcaJ-wzxC
yhfZ,FALSE,-,3509461,3510366,-0.581051853212111,-0.301485761560494,0.30187599071606,0.334580618180213,8,4,yhfZY
yjiR,FALSE,-,4568185,4569597,-0.580948432209809,-0.301347771139166,0.27670374329578,0.123008712989874,9,6,yjiR
yjgA,FALSE,-,4455337,4455888,-0.579688320543354,-0.32151290382511,0.073585544207306,0.317413641074807,2,5,yjgA
mltA,FALSE,-,2944103,2945200,-0.57900034111529,-0.523720690159621,0.268117503820005,0.531666264110493,8,16,mltA
yecR,FALSE,+,1986246,1986569,-0.578623540734044,NA,0.27103312255894,NA,2,0,yecR
lrhA,FALSE,-,2403725,2404663,-0.578416286548514,-0.526607592540131,0.113298667903721,0.0740606657004271,13,6,lrhA
dtpD,FALSE,-,740298,741779,-0.577696332250711,-0.333708229644842,0,0.332177014661757,1,11,dtpD
appC,FALSE,+,1036963,1038507,-0.577020978255757,-0.31045853456723,0.271737442294771,0.543291656238305,12,12,appCBXA
rluA,FALSE,-,59687,60346,-0.576709179783752,-0.678172351505674,0.167553875843485,0.246416815028707,4,7,rapA-rluA
ynaJ,FALSE,+,1395389,1395646,-0.576628317800057,-0.947654549477262,0.0685631283555385,0.589348237161194,1,2,ynaJ
cyoD,FALSE,-,446941,447270,-0.57603400358038,-1.20327861176472,0.0220135454772167,0.848279799008176,3,3,cyoABCDE
gpsA,TRUE,-,3780665,3781684,-0.575755119242884,-0.325062189785316,0.0996542948720031,0.189479029847391,7,13,yibN-grxC-secB-gpsA
fliC,FALSE,-,2000134,2001630,-0.57563471852632,-0.391677029497791,0.275868801833013,0.27879266370969,10,13,fliC
luxS,FALSE,-,2812240,2812755,-0.574838667364898,-0.652557992653339,0.0700861280434152,0.767134832872486,3,2,luxS
yfcD,FALSE,-,2416656,2417198,-0.574261872695924,-0.745299153869406,0.0880144882238863,0.330356826628027,2,3,yfcD
yjiN,FALSE,-,4563989,4565269,-0.573886061919996,-0.314018550727764,0.35559238586037,0.221891145519204,7,9,mdtM-yjiN
yiiX,FALSE,-,4125309,4125917,-0.573524307947621,-0.385208031378465,0.108920870954162,0.481364660734065,3,5,yiiX
yihT,FALSE,-,4069796,4070674,-0.573388758078612,-0.123744041980842,0.267317387110082,0.0452696841278572,4,5,yihUTS
yifL,FALSE,+,3992545,3992748,-0.573171911985061,-0.714272991909221,0,0,1,1,yifL-dapF-yigA-xerC-yigB
ydiB,FALSE,+,1771813,1772679,-0.572427961925808,-0.373332113723815,0.351435995209675,0.24382471999351,6,12,ydiNB-aroD
yagH,FALSE,+,286013,287623,-0.572253942308714,-0.171816246340915,0.389002594452714,0.152909134970061,13,20,yagGH
fucR,FALSE,+,2937390,2938121,-0.57181135615093,-0.441186735719159,0.147487363792784,0.36210268786187,6,4,fucPIKUR
ygeY,FALSE,+,3006786,3007997,-0.571280063275148,-0.267319521316359,0.146627434310287,0.265760851856632,5,9,ygeY
gcvA,FALSE,-,2939672,2940589,-0.571179517505563,-0.315598208753651,0.129767378858205,0.234207343799004,8,6,gcvA
fruA,FALSE,-,2257741,2259432,-0.569856395257518,-0.258343243138939,0.155465906744449,0.232068528741589,10,20,fruBKA
paoC,FALSE,-,297960,300158,-0.568805562106009,-0.279252911498811,0.137941809884233,0.333501354150872,24,31,paoABCD
dtpB,FALSE,+,3638885,3640354,-0.568687863721937,-0.320552983830769,0.104890201669552,0.236553767291199,5,13,dtpB
torR,FALSE,-,1056485,1057177,-0.568470265528122,-0.49169116024526,0.147057876399429,0.149203016601032,6,5,torR
rbsB,FALSE,+,3934301,3935191,-0.568460734346733,-0.302031072859269,0.244594279546786,0.208257026780307,3,4,rbsDACBKR
yjfI,FALSE,+,4408156,4408557,-0.568006380305509,-0.28582304493312,0.0580763911635273,0.250360693145834,2,2,nsrR-rnr-rlmB-yjfIJ
patA,FALSE,+,3217516,3218895,-0.567909040763257,-0.442527272069043,0.252120518126932,0.16072647025377,10,11,patA
ilvI,FALSE,+,85630,87354,-0.567695526442805,-0.505524977541528,0.275674424201371,0.493243867459841,10,14,ilvIH
nrdI,FALSE,+,2798987,2799397,-0.567420224383925,-0.246873460989309,0.288990721632222,0.208522752090393,4,3,nrdHIEF
yieK,FALSE,-,3896694,3897416,-0.567029837256243,-0.747593126213424,0.0928150880014555,0.306637117500524,4,7,bglH-yieLK
ydfN,FALSE,-,1632909,1633871,-0.566927317344902,-0.260475235842581,0.0723017739021047,0.631625868567541,5,5,nohA-ydfN-tfaQ
gspF,FALSE,+,3457839,3459035,-0.566361320794889,-0.214731902346467,0.142538236856825,0.389582329679644,9,5,gspCDEFGHIJKLMO
ynfH,FALSE,+,1661633,1662487,-0.566299381039753,-0.280109249421725,0.197107882460852,0.163812863238679,6,8,ynfEFGH-dmsD
ccmF,FALSE,-,2290983,2292926,-0.566187411964142,-0.252280457243888,0.3167532940748,0.221839498435203,9,17,napFDAGHBC-ccmABCDEFGH
yibN,FALSE,-,3782607,3783038,-0.566152643245828,-1.86350658591241,0,0,1,1,yibN-grxC-secB-gpsA
rsxG,FALSE,+,1708228,1708848,-0.566049054325081,-0.398569597957219,0.221797655392688,0.221256865979737,3,4,ydgK-rsxABCDGE-nth
bglF,FALSE,-,3901743,3903620,-0.565816079996855,-0.484826256104018,0.296133337333883,0.388169780187668,15,20,bglGFB
araH,FALSE,-,1980578,1981567,-0.565799122495753,-0.526673208825877,0.0186686654560918,0.428382927949964,2,14,araFGH
eutP,FALSE,-,2573000,2573479,-0.565455841616001,-0.499605315672924,0,0.0655298989052748,1,4,eutSPQTDM
phnG,FALSE,-,4319267,4319719,-0.565159235859328,-0.195494765067506,0.741341847212263,0.089805475922188,5,3,phnCDE_1E_2FGHIJKLMNOP
treA,FALSE,-,1244902,1246599,-0.564044093481922,-0.49252487912108,0.163949009303377,0.290231892854869,8,9,treA
rpiA,FALSE,-,3056688,3057347,-0.56400492199012,-0.251711570117234,0.0306272251354581,0.247377948875617,2,3,rpiA
dgoA,FALSE,-,3871018,3871635,-0.56329126133102,-0.52836811446271,0,0.525013920486817,1,7,dgoRKADT
wecC,FALSE,+,3969283,3970545,-0.562518304369901,-0.497997483446389,0.107734420097622,0.427772820800801,8,9,rfe-wzzE-wecBC-rffGHC-wecE-wzxE-wecF-rffT-rffM
viaA,FALSE,-,3926175,3927626,-0.562383510251443,-0.245952111165195,0.033973216560096,0.189003425778937,3,14,ravA-viaA
lsrC,FALSE,+,1601043,1602071,-0.562228126243891,-0.351615738625873,0.228299267865375,0.329535205041899,4,16,lsrACDBFG-tam
argE,FALSE,-,4151719,4152870,-0.560776431085165,-0.312269962090905,0.201323716013068,0.237914741516787,4,13,argE
sgbH,FALSE,+,3746600,3747262,-0.560545878425097,-0.543263618089208,0.254098587821803,0.493916650890594,3,6,yiaKLMNO-lyxK-sgbHUE
murR,FALSE,-,2542774,2543631,-0.560526720520694,-0.718986839826379,0.22071914875256,0,3,1,murR
ybfF,FALSE,-,711261,712025,-0.559878249384998,-0.405050316448476,0.0290744661171471,0.46887291977725,3,6,ybfF
thrB,FALSE,+,2801,3733,-0.559679072729212,-0.484386367628033,0.301774030461716,0.350844889576249,3,13,thrLABC
plsX,FALSE,+,1146844,1147914,-0.559527713582219,-0.29398516871543,0.781832587008884,0.159407739328303,5,7,yceD-rpmF-plsX-fabHDG-acpP-fabF
hisD,FALSE,+,2089121,2090425,-0.559320099140793,-0.331673381862137,0.183301997105482,0.294583800671449,13,6,hisLGDCBHAFI
cysI,FALSE,-,2886409,2888121,-0.55890340004014,-0.237626606331956,0.221539848121747,0.276280239137201,16,13,cysJIH
wcaF,FALSE,-,2126364,2126912,-0.558813226367804,-0.211841432312304,0,0.182745581751937,1,5,wcaCDEF-gmd-fcl-gmm-wcaI-cpsBG-wcaJ-wzxC
lexA,TRUE,+,4255138,4255746,-0.558536106542657,-0.46836723711935,0.310934084272371,0.0657686479377208,4,4,lexA-dinF
ytjB,FALSE,-,4622168,4622812,-0.558416995399306,-0.268981329293931,0.0593503341811138,0.208263103478719,4,7,ytjB-lplA
ydjI,FALSE,-,1854957,1855793,-0.557724048063146,-0.389830468995408,0.451760125068993,0.320703552086223,3,7,ydjLKJIHG
citT,FALSE,-,644340,645803,-0.557372562421355,-0.238520657042727,0.299917396433808,0.286275935906329,10,12,citT
rho,TRUE,+,3964440,3965699,-0.556338328802082,-0.168767231555446,0.345332577983434,0.272224950397999,9,4,rhoL-rho
pepB,FALSE,-,2653097,2654380,-0.555038234600292,-0.248338034676407,0.168484619996911,0.225426436510218,4,12,pepB
kdgR,FALSE,-,1907332,1908123,-0.554210000873812,-0.32974887895722,0.477084470226385,0.0498579399273806,2,2,kdgR
lsrG,FALSE,+,1605023,1605313,-0.553645343281465,-0.614929726395782,0.0132043319327031,0.572704417306341,2,2,lsrACDBFG-tam
yehT,FALSE,-,2210265,2210984,-0.553578846727109,-0.0612734632664608,0.211206482485214,0.125075463632018,5,3,yehUT
dnaJ,FALSE,+,14168,15298,-0.553443028139828,0.0382883478389285,0.328144812711662,0.173145419381128,11,16,dnaK-tpke11-dnaJ
yceH,FALSE,+,1125380,1126027,-0.552582010358295,-0.464158255458704,0.143059001093875,0.143039745619357,4,6,yceH
yjbQ,FALSE,+,4268261,4268677,-0.552196256388459,-0.601702634141813,0.0861218130110817,0.683550280546245,3,3,yjbQR
hemG,TRUE,+,4032631,4033176,-0.552148062106856,-0.371651393233374,0.189959581652827,0.0658110886415037,4,3,pepQ-yigZ-trkH-hemG
yhbX,FALSE,-,3318010,3319635,-0.55210848729085,-0.355227769623269,0.143227595622625,0.408515283539862,8,9,yhbX
glyA,FALSE,-,2682276,2683529,-0.552081593668593,-0.413895626345435,0.209417077179655,0.477243871328833,10,8,glyA
pgaA,FALSE,-,1089089,1091512,-0.552064889792668,-0.505058034386529,0.120706672172773,0.383540682174323,7,20,pgaABCD
yhbW,FALSE,+,3301470,3302477,-0.551680437448462,-0.490910280904859,0.166561699623226,0.0955193332078689,7,5,yhbW
yeaE,FALSE,-,1862806,1863660,-0.550438544507129,-0.311324160603779,0.0406989855773097,0.290496261476305,4,5,yeaE
yhhA,FALSE,+,3584966,3585406,-0.550285657304972,-0.388490671925735,0.233565103825916,0.0933414315316876,2,2,yhhA
ycjV,FALSE,+,1378845,1379813,-0.550210322715237,-0.290715775950283,0.18486406185511,0.189681803103843,8,9,ycjMNOPQRSTUV-ymjB
yphC,FALSE,-,2672722,2673783,-0.549757149928277,-0.418974036134978,0.177904205611112,0.331537129083989,13,10,yphCB
hsdM,FALSE,-,4579482,4581071,-0.549680961139258,-0.48488708842281,0.17942995378151,0.163669821870692,9,12,hsdRMS
appY,FALSE,+,582904,583653,-0.549377971284868,-0.0611374674191757,0,0.0526893087405546,1,2,appY
mutS,FALSE,+,2855115,2857676,-0.549330013927958,-0.311017235688653,0.213284002459531,0.173803037661273,13,14,mutS
moeB,FALSE,-,863603,864352,-0.548806165729847,-0.673664904296954,0.128954401733936,0.324888760473386,7,13,moeAB
fliS,FALSE,+,2003327,2003737,-0.548561386713343,-0.631622965802988,0.4280944440448,0.264956665492,5,3,fliDST
selB,FALSE,-,3756040,3757884,-0.548439289999885,-0.395824351175446,0.0736337468096824,0.342631870407056,10,9,selAB
hlyE,FALSE,-,1228706,1229617,-0.548230034263464,-0.158903868951436,0.435831552354149,0.496837681999624,8,7,hlyE
fliG,FALSE,+,2012904,2013899,-0.547905959782787,-0.397690811484753,0.287764682611108,0.13330877131096,8,6,fliFGHIJK
fhuE,FALSE,-,1158585,1160774,-0.54773459021776,-0.282990582378671,0.381567376460564,0.289028548611323,14,14,fhuE
ligB,FALSE,-,3817511,3819193,-0.547346964439344,-0.337116017991162,0.259138887283166,0.212930971640801,8,19,ligB
yjjG,FALSE,+,4606669,4607346,-0.546341688048577,-0.127575957382764,0.228710983459829,0.0850239707620983,4,4,holD-rimI-yjjG
rbn,FALSE,+,2379630,2380547,-0.546215553845051,-0.264765556107905,0.289663247850726,0.0630810078625723,6,9,rbn
puuR,FALSE,+,1359935,1360492,-0.545812410334348,-0.562058391207826,0,0.158361170104712,1,5,puuDRCBE
yhcH,FALSE,-,3367036,3367500,-0.545674703861641,-0.626137094716498,0,0.799751224381644,1,2,nanATEK-yhcH
grxC,FALSE,-,3782214,3782465,-0.545289199521864,-1.34176879391361,0.0514884913372321,0,3,1,yibN-grxC-secB-gpsA
yacL,FALSE,+,134388,134750,-0.54528781506354,-0.5103040886645,0.044869404386235,0.479139933918668,2,5,yacL
ydjG,FALSE,-,1853015,1853995,-0.543534723957718,-0.426043955542739,0.124249231060146,0.24693551333559,6,10,ydjLKJIHG
yiiR,FALSE,+,4110338,4110778,-0.543336083284918,NA,0,NA,1,0,yiiR
pyrE,FALSE,-,3813150,3813791,-0.543253688831191,-0.542442316249243,0.132357443772257,0.275727223520145,6,7,rph-pyrE
ymfR,FALSE,+,1204772,1204954,-0.54303095706561,-0.290335892844195,0.0383535893185259,0.0025431630363345,2,3,ymfTLMNROPQ-ycfK-ymfS
aspC,FALSE,-,983742,984932,-0.542584055721495,-0.300959749462519,0.0283735088923343,0.34530136654569,3,7,aspC
abpA,FALSE,-,2761559,2763175,-0.542417143707812,-0.138737170469484,0.218481402489609,0.107073552006772,10,6,abpAB
ybiV,FALSE,-,858436,859251,-0.542209094052156,-0.426758273456302,0.0608627492023253,0.402452973285016,3,3,ybiV
ybjH,FALSE,-,884169,884453,-0.542002655739341,NA,0.0673856745962977,NA,2,0,ybjH
ybjG,FALSE,-,882015,882611,-0.541974946357598,-0.244952877222979,0.213223609403519,0.116667482060428,2,3,ybjG
yfcZ,FALSE,-,2458672,2458956,-0.541341234444242,-0.203099491993315,0.146208641939963,0,3,1,yfcZ
ygdT,FALSE,-,2967352,2967498,-0.541339593396547,-0.380796449193608,0.26037780800635,0.0164971046979945,2,2,ygdT
ytfJ,FALSE,-,4436731,4437285,-0.541172966405611,-0.18925504906494,0.095348159048354,0.210079027616324,2,6,ytfJ
rihB,FALSE,-,2252267,2253208,-0.540344329369647,-0.225913317384722,0.110677807149803,0.256818043531471,8,9,rihB
wcaM,FALSE,-,2112526,2113920,-0.539549320589843,-0.355243449044293,0.0894942782038465,0.363525592828767,4,9,wcaKLM
elyC,FALSE,-,971845,972624,-0.538418439120475,-0.491035546035237,0.349049878203888,0.204550174384161,8,4,elyC
deoA,FALSE,+,4616252,4617574,-0.538347517673552,-0.394233823424197,0.235968439980536,0.348854853170634,8,7,deoCABD
rhlB,FALSE,-,3962388,3963653,-0.538162635976003,-0.290736363089097,0.269287094446542,0.390088347007636,10,7,rhlB
yfeR,FALSE,-,2523952,2524878,-0.538055692076797,-0.532221070567962,0.171483752762706,0.644571625481174,5,8,yfeR
dppF,FALSE,-,3699887,3700891,-0.537668809342271,-0.408772649077478,0.224399693329433,0.348815535946519,10,7,dppABCDF
dsdA,FALSE,+,2477224,2478552,-0.537400548383908,-0.292107973845467,0.473029744127801,0.218779959430909,6,13,dsdXA
ymfQ,FALSE,+,1206136,1206720,-0.537233004884192,-0.442211431435533,0.185554912277269,0.228028908819834,4,4,ymfTLMNROPQ-ycfK-ymfS
yggW,FALSE,+,3095289,3096425,-0.536592663253091,-0.316925002626538,0.276172540301461,0.273129401111591,10,12,yggSTU-rdgB-yggW
ves,FALSE,-,1822386,1822961,-0.536470931808913,-0.0931349523596077,0.0905296538960843,0.217765865438944,5,6,ves
yhjX,FALSE,-,3708822,3710030,-0.536301679224994,-0.255364967717612,0.120990580868178,0.364604812459874,5,13,yhjX
paaD,FALSE,+,1453949,1454446,-0.536018321431344,-0.128546682053071,0.159167503017085,0.0573714001817574,7,5,paaABCDEFGHIJK
yejA,FALSE,+,2270386,2272200,-0.535604711987439,-0.180590473129547,0.159246841466589,0.188689792144426,9,12,yejABEF
hydN,FALSE,-,2835600,2836127,-0.534976095022037,-0.472054524185497,0.262821706840435,0.284493734110697,4,5,hydN-hypF
yicC,FALSE,+,3814699,3815562,-0.53481977977871,-0.331597639907446,0.584692994224515,0.0871594034921368,6,6,yicC
mlaC,FALSE,-,3335278,3335913,-0.53480215296933,-0.520236696531663,0.193877058818024,0,9,1,mlaFEDCB
ytfL,FALSE,-,4437895,4439238,-0.534611287589702,-0.364911678898596,0.104429260021507,0.223674152599789,7,9,ytfL
bdcA,FALSE,-,4471363,4472076,-0.534435536817791,-0.202804024453077,0.142473572104495,0.221526011806577,6,10,bdcA
yfdO,FALSE,-,2470900,2471268,-0.534434679303433,-0.193795194454398,0.180532435744947,0.154869298449717,2,3,yfdONMLK
nanM,FALSE,-,4535682,4536788,-0.534358268869111,-0.197818268615893,0.368495339748091,0.168229113394278,5,10,nanCMS
ybfD,FALSE,+,737315,738076,-0.533735393249741,NA,0.310787062873107,NA,2,0,ybfD
yqfE,FALSE,-,3057403,3057633,-0.533170403457144,-0.805839949332391,0,0.200894720001052,1,3,yqfE
aslB,FALSE,+,3980981,3982216,-0.532101708387309,-0.508008831148058,0.26772257468742,0.346348947563309,4,11,aslB
yhdX,FALSE,+,3418156,3419337,-0.531485742992312,-0.258480679831513,0.23116787580876,0.265849044600754,14,8,yhdWXYZ
ybfP,FALSE,+,714635,715129,-0.531431264284445,-0.312457731532395,0.232292787552532,0.307823270516216,5,3,ybfP
gspO,FALSE,+,3463565,3464242,-0.531186650317464,-0.425457501312989,0.037354300103922,0.112972123038703,3,6,gspCDEFGHIJKLMO
betI,FALSE,-,327971,328558,-0.530840769688407,-0.230527905954874,0.14977284999382,0.249003271481924,4,7,betIBA
pck,FALSE,+,3530840,3532462,-0.530280112706425,-0.427466278972418,0.370450990060977,0.326867950009459,11,9,pck
yicH,FALSE,+,3828480,3830189,-0.5300410104613,-0.78686582303641,0.229091514754147,0.785844678519704,9,7,yicH
frwC,FALSE,+,4140553,4141632,-0.529399828416183,-0.38412541932015,0.262770839996703,0.177777164990957,3,11,frwCB
nfuA,FALSE,+,3543646,3544221,-0.529122844174203,-0.165690278293596,0.221525708019261,0,9,1,gntX-nfuA
arnF,FALSE,+,2370914,2371300,-0.529024837197968,-0.251417239206154,0.424089310973819,0.055798051208197,3,2,arnBCADTEF
blc,FALSE,-,4375212,4375745,-0.528925409141594,-0.680287121449986,0.242372483224684,0.283321890486809,5,2,blc
ybfE,FALSE,-,710828,711121,-0.528003861899899,-0.634648978010191,0.0889992398330672,0.0239281857283001,1,2,ybfE
yfaU,FALSE,-,2356064,2356867,-0.527810732770614,-0.220509526822281,0.0587762160186726,0.453876637206369,9,7,yfaX-rhmD-yfaVU
yqcG,FALSE,+,2903579,2903719,-0.527784937344786,NA,0,NA,1,0,yqcG
lsrD,FALSE,+,1602071,1603063,-0.52773458802687,-0.351326674724315,0.22737848455112,0.577120495068358,4,9,lsrACDBFG-tam
ompT,FALSE,-,583903,584856,-0.527503009370571,-0.436249932132236,0.0655122258190197,0.0432259340942895,5,6,envY-ompT
glyU,FALSE,-,2997006,2997079,-0.527459764868764,NA,0,NA,1,0,glyU
phnL,FALSE,-,4315238,4315918,-0.527407471631733,-0.548193390561449,0.147747767677479,0.174907579749182,6,3,phnCDE_1E_2FGHIJKLMNOP
narP,FALSE,+,2288522,2289169,-0.52740478872463,-0.0964040863670354,0.115457848114604,0.382201542792085,3,7,narP
nanK,FALSE,-,3367497,3368372,-0.527069043224416,-0.313666621958425,0,0.224533927559182,1,8,nanATEK-yhcH
mtlD,FALSE,+,3772447,3773595,-0.526930397022341,-0.40103937229934,0.181013353500721,0.247629433647907,5,9,mtlADR
pyrC,FALSE,-,1120784,1121830,-0.525736484664037,-0.218413598508692,0.176091787189834,0.237446411084461,6,7,pyrC
yggN,FALSE,-,3098926,3099645,-0.525391480450465,-0.166290843062518,0.175953839984384,0.0731011053067686,3,3,yggN
fliO,FALSE,+,2019528,2019893,-0.525250525473318,-0.347108660716918,0,0.272942517375261,1,5,fliLMNOPQR
ycbZ,FALSE,-,1015762,1017522,-0.525020362380477,-0.348106924935205,0.175325668308635,0.256667042429837,9,14,ycbZ
agaV,FALSE,+,3278239,3278712,-0.52495261355025,-0.437241542671737,0.261961935914363,0.195666010771867,2,8,kbaZ-agaVWA
ugpB,FALSE,-,3589032,3590348,-0.524875553613965,-0.182460615914193,0.332434154705481,0.0841013473878524,4,10,ugpBAECQ
yobB,FALSE,+,1923464,1924120,-0.52464629485064,-0.235668995223737,0.240497068399514,0.145641237115568,4,4,yobB-exoX
yeeZ,FALSE,-,2086328,2087152,-0.523946394119143,-0.16383959519139,0.298597456602672,0.131416592875151,6,5,yeeZ
ppiA,FALSE,-,3489747,3490319,-0.523678583340658,-0.81662700400004,0.11687103349919,0,5,1,ppiA
cmoA,FALSE,+,1950726,1951469,-0.523421764720274,-0.509033519655771,0.0540053932588285,0.460946080277364,4,4,yecN-cmoAB
tig,FALSE,+,454357,455655,-0.523331609314604,-0.345236718359006,0.388126216409809,0.180794838400339,9,9,tig
eutH,FALSE,-,2564903,2566129,-0.522725887468694,-0.356840057165742,0.192779976527942,0.395072308120808,6,9,eutHA
phr,FALSE,+,738730,740148,-0.522087660512917,-0.290281333386377,0.107295113929245,0.328084094818999,9,20,ybgA-phr
adeD,FALSE,+,3841987,3843753,-0.521787828666727,-0.391658547162159,0.203791812539659,0.339072686538732,18,14,adeD
yiiG,FALSE,+,4085025,4086080,-0.521037207032398,-0.247263324435105,0.0586164391748287,0.106131445744202,6,6,yiiG
yniC,FALSE,+,1807404,1808072,-0.520737267878429,-0.293175495118394,0.188956362319004,0.0351605286046463,4,4,yniC
ydcY,FALSE,+,1515672,1515905,-0.520523959863395,NA,0,NA,1,0,ydcY
mnmC,FALSE,+,2439786,2441792,-0.52050326202274,-0.422495759128531,0.197117084117784,0.343288274983406,8,21,mnmC
rutA,FALSE,-,1072086,1073234,-0.52033195037356,-0.494292834477311,0.461379618146293,0.462762499510168,8,12,rutABCDEFG
gfcB,FALSE,-,1047911,1048555,-0.520317230920506,-0.267509380632364,0.238544079447451,0.37057454674723,5,6,gfcBCD
pgpA,FALSE,+,435813,436331,-0.520067720770089,-0.281796279310063,0.0150106403256009,0.247450909847332,2,7,nrdR-ribDE-nusB-thiL-pgpA
gshA,FALSE,-,2812905,2814461,-0.519934201755554,-0.429927214465358,0.14785691576074,0.370578359343305,7,15,gshA
lacI,FALSE,-,365652,366734,-0.519897625794809,-0.363324264924061,0.201795409578408,0.312536894567536,6,7,mhpR-lacI
gstB,FALSE,-,879077,879703,-0.519506640656395,-0.297457467075572,0.0437330250383293,0.217197709765458,2,7,gstB
ppdA,FALSE,-,2961729,2962199,-0.518981483635256,-0.336624385932813,0.0657912098447317,0.362537921354623,2,5,ppdAB-ygdB-ppdC-recC
gspM,FALSE,+,3463104,3463565,-0.518928513756253,-0.259159042528544,0.447660289581359,0.189958183728462,5,2,gspCDEFGHIJKLMO
casD,FALSE,-,2878396,2879070,-0.518698455844592,-0.48919983512887,0.0795430698158443,0.471520367284844,4,2,casABCDE12
hyfD,FALSE,+,2602833,2604272,-0.51829191685091,-0.34152208496762,0.232960634480458,0.245041330689584,8,14,hyfABCDEFGHIJR-focB
focB,FALSE,+,2611956,2612804,-0.518273121535057,-0.67266350110058,0.226840923439921,0.672749167534838,5,4,hyfABCDEFGHIJR-focB
ydjJ,FALSE,-,1855814,1856857,-0.517328184848604,-0.140022549271047,0.247348040498626,0.170129612094086,5,4,ydjLKJIHG
dmlR,FALSE,-,1878910,1879833,-0.517217801635092,-0.25870350365903,0.224860160646958,0.118412379652682,4,9,dmlR
erpA,TRUE,+,176610,176954,-0.516943580812282,-0.298199873161328,0.437369330186178,0.133390347976574,6,4,erpA
aroP,FALSE,-,120178,121551,-0.516687282761398,-0.353624127935339,0.18224266423208,0.354146659755583,7,21,aroP
yccS,FALSE,-,1020953,1023106,-0.516421753646964,-0.27849017439351,0.275590645221766,0.283694899399621,10,19,yccFS
sdhD,FALSE,+,754783,755130,-0.516295749047533,-0.764930709531638,0,0,1,1,sdhCDAB-sucABCD
glpR,FALSE,-,3557870,3558628,-0.515859621236968,-0.379851714592116,0.250117983679325,0.0523070115742735,8,3,glpEGR
yohK,FALSE,+,2229041,2229736,-0.515829472129105,-0.355198405943349,0.150059299605653,0.220134334188703,4,8,yohJK
hypB,FALSE,+,2849023,2849895,-0.515692672640614,-0.454826216529127,0.216180760943623,0.311419550694472,6,5,hypABCDE-fhlA
yccA,FALSE,-,1029982,1030641,-0.515540626158078,-0.375337698043964,0.305356642040987,0.387114658020778,5,6,yccA
ykfM,FALSE,-,238257,238736,-0.5152660225335,-0.302455901461578,0,0,1,1,ykfM
ykfI,FALSE,-,262552,262893,-0.515179090762787,-0.227135419800486,0.218162033923583,0.286127294133357,4,5,yafY-ykfBF-yafX-ykfGH-yafW-ykfI
fliP,FALSE,+,2019893,2020630,-0.515107963134334,-0.523971512126024,0.502685995792357,0.301380186221713,6,7,fliLMNOPQR
ycfK,FALSE,+,1206724,1207353,-0.515058099418008,-0.254994083927026,0.108347707099602,0.227136660660338,3,6,ymfTLMNROPQ-ycfK-ymfS
yhgF,FALSE,+,3535407,3537728,-0.514961138872628,-0.368716336070605,0.19914837393047,0.32429511140391,21,17,yhgF
fepA,FALSE,-,609477,611717,-0.514530158841068,-0.293239547979181,0.176518625557307,0.303783064551187,16,20,fepA-entD
rutR,FALSE,+,1073465,1074103,-0.514427204199052,-0.255030274689548,0.342532502882942,0.239578906324682,4,8,rutR
frsA,FALSE,+,256527,257771,-0.513933131384144,-0.208200430432572,0.208435879714913,0.306533879923231,9,9,frsA
wbbJ,FALSE,-,2102518,2103108,-0.513597840178919,-0.626613525157195,0.278187170959157,0.251084021075745,3,2,wbbIJK
nudL,FALSE,+,1894194,1894772,-0.513570568117835,-0.581321118468854,0.0792715305433652,0.122627411946159,4,3,pabB-nudL
cysU,FALSE,-,2539701,2540534,-0.513100817178724,-0.307312223284704,0.195923922568118,0.267253656411862,5,8,cysPUWAM
degP,FALSE,+,180884,182308,-0.512913623556541,-0.356597270042168,0.0762377838440674,0.356082019094626,10,13,degP
ydfJ,FALSE,-,1629026,1630309,-0.512651751858187,-0.0729508232907297,0.00972171890633067,0.0874403682994463,3,8,ydfJ
yfjW,FALSE,+,2771340,2773043,-0.512480398529929,-0.255659070910704,0.136762146751478,0.0894526946756688,7,5,yfjW
ydbD,FALSE,+,1473168,1475474,-0.512351026707621,-0.46100332898881,0.169072009462654,0.33440874728667,9,15,ydbD
ypdA,FALSE,+,2496693,2498390,-0.512241042001893,-0.227925035439016,0.405081287921508,0.0962508197247666,8,10,ypdABC
malE,FALSE,-,4243252,4244442,-0.511840720627474,-0.385265313848669,0.253375809243924,0.128732575826184,8,8,malEFG
yeaK,FALSE,+,1871598,1872101,-0.511587667571088,-0.459136820304473,0.20367256071705,0.276978165847965,4,5,yeaK
ppdB,FALSE,-,2961175,2961738,-0.511192375127849,-0.242709932569496,0.146049538387019,0.331919628231266,4,8,ppdAB-ygdB-ppdC-recC
ecpA,FALSE,-,309308,309895,-0.509808266556239,-0.25347579677025,0.323385541794873,0.303201459241501,6,5,ecpA
ycjO,FALSE,+,1371246,1372127,-0.509543725620262,-0.410575877363991,0.131229825651628,0.195584376939187,4,9,ycjMNOPQRSTUV-ymjB
ybjL,FALSE,-,887357,889042,-0.509389146126789,-0.258813782158362,0.17266240438326,0.228585542262743,8,16,ybjL
ycfH,FALSE,+,1156000,1156797,-0.508985157823261,-0.699028934589573,0.0302328672610817,0.358928516225859,2,6,pabC-mltG-tmk-holB-ycfH
yfeC,FALSE,+,2516489,2516833,-0.508538363409062,-0.246030306251902,0.326177743116067,0.184670345588389,4,3,yfeCD
ygiS,FALSE,-,3164133,3165740,-0.508372102958137,-0.271343734172505,0.114915396423298,0.248722597631187,5,17,ygiS
yfbS,FALSE,-,2407542,2409374,-0.508294069068958,-0.250165357620429,0.12503647343511,0.244303407400351,10,18,yfbS
fecC,FALSE,-,4510434,4511432,-0.508206741820575,-0.408418228572426,0.234926649363873,0.468495392611082,6,10,fecABCDE
srlA,FALSE,+,2823854,2824417,-0.508051924673272,-0.262020201857346,0.195636940959345,0.0561091462542125,4,6,srlAEBD-gutM-srlR-gutQ
paaG,FALSE,+,1456288,1457076,-0.507890858636358,-0.320183561954799,0.324044236792893,0.157697656231229,4,11,paaABCDEFGHIJK
yajC,FALSE,+,426511,426843,-0.507596940599033,-0.0855682788253649,0,0,1,1,tgt-yajC-secDF
pspF,FALSE,-,1364959,1365936,-0.507566728450281,-0.422422645252784,0.29755725224318,0.268070080405942,7,9,pspF
ydiV,FALSE,-,1789331,1790044,-0.50679713509293,-0.233658562853817,0.0919457606212533,0.0984703457406506,4,3,ydiV
lacY,FALSE,-,361150,362403,-0.506208653278317,-0.231410230547667,0.145245300662217,0.330164738456187,5,15,lacZYA
yjdP,FALSE,+,4311891,4312220,-0.505811473644392,-0.302593858284601,0,0.157449857692492,1,4,yjdP
mglC,FALSE,-,2234765,2235775,-0.505679544655598,-0.404956698193521,0.375568105313246,0.363874254542905,2,11,mglBAC
rsmJ,FALSE,-,3640403,3641155,-0.50530063679146,-0.127554245985662,0.273120787391375,0.193893634287742,7,5,prlC-rsmJ
radD,FALSE,+,2278654,2280414,-0.504945841940225,-0.454850776175863,0.352820477086124,0.351599774622069,13,13,radD
ycbU,FALSE,+,1002112,1002654,-0.504803347641333,-0.20771079007199,0,0.342402106074845,1,7,elfDCG-ycbUVF
yebC,FALSE,-,1945435,1946175,-0.504666919511102,-0.517216688065398,0.0227295865517342,0.263647312637437,4,6,nudB-yebC-ruvC
csrD,FALSE,-,3399414,3401354,-0.504418218848478,-0.283078200973017,0.119457289041921,0.420248370378013,13,14,csrD
exuR,FALSE,+,3244674,3245450,-0.504340425759516,-0.605499018080785,0.322623457958065,0.606952633716037,2,5,exuR
gltS,FALSE,-,3825483,3826688,-0.504158230102298,-0.189276786626807,0.374917701541582,0.153876182173249,4,18,gltS
ybhG,FALSE,-,828197,829195,-0.504077903183017,-0.570732541859016,0.103837945883859,0.266500397306526,5,6,cecR-ybhGFSR
puuA,FALSE,-,1357514,1358932,-0.504044818113429,-0.058507209686788,0.214312919887131,0.441719738310489,12,11,puuAP
xylA,FALSE,-,3727466,3728788,-0.503898937573463,-0.266173552354798,0.399000602904763,0.247311155799625,9,10,xylAB
cysA,FALSE,-,2537739,2538836,-0.503857674305351,-0.145540668243925,0.0756218824443029,0.184327044469753,9,10,cysPUWAM
rlmN,FALSE,-,2641151,2642305,-0.503833743462676,-0.2890744288936,0.209978163506665,0.252203379097785,8,7,rlmN
rluC,FALSE,+,1144163,1145122,-0.503024991541555,-0.337227792244401,0.293090804474179,0.283304144240661,3,7,rluC
manZ,FALSE,+,1901919,1902770,-0.502346063951949,-0.666640179040757,0.151808446075886,0.33338616100356,4,12,manXYZ
ydiP,FALSE,-,1776414,1777325,-0.50173608625821,-0.276949953798493,0.222856341253855,0.229866827227438,4,6,ydiP
ybjP,FALSE,-,903175,903690,-0.50136614901394,-0.507058145300616,0.276222265268062,0.0441988366467982,4,3,ybjP
yciT,FALSE,-,1341621,1342370,-0.501220563901102,-1.37414819924686,0.07876221995448,1.37901123037099,6,2,yciZT
ydcV,FALSE,+,1512786,1513580,-0.50097931279666,-0.338456831111856,0.13035204634283,0.172715218401108,7,11,ydcSTUV-patD
rlmL,FALSE,+,1007067,1009175,-0.500879486419902,-0.350191976338934,0.318114886806668,0.21447128126955,14,15,rlmL-uup
allB,FALSE,+,538371,539732,-0.500794450853596,-0.484881263381643,0.424296472447104,0.207761381941446,9,10,gcl-hyi-glxR-ybbW-allB-ybbY-glxK
ilvE,FALSE,+,3950507,3951436,-0.5006991358441,-0.570250046019902,0.144871829591687,0.247005606115945,6,7,ilvLXG_1G_2MEDA
ydhC,FALSE,+,1737935,1739146,-0.500595072847173,-0.122777117654283,0.237487883602626,0.136834374363655,8,5,ydhC
hspQ,FALSE,-,1027627,1027944,-0.500329678074808,-1.74837857998769,0.348246009169355,0.524556214073785,4,2,hspQ
yjfZ,FALSE,-,4424651,4425445,-0.500267331721658,-0.360164562462335,0.176083024303849,0.272917970796751,5,2,yjfZ
glnP,FALSE,-,845683,846342,-0.500175335730461,-0.177515091505649,0.382952513164568,0.123953782193888,6,5,glnHPQ
yoaA,FALSE,-,1889349,1891259,-0.499910294323643,-0.545517179109918,0.16385608550025,0.221010061613913,22,9,yoaA
yabP,FALSE,+,58474,59124,-0.499770389441596,-0.433723143422386,0.470000336553985,0.596572022511417,2,3,yabPQ
dinJ,FALSE,-,246242,246502,-0.499505935059553,-0.599832791265838,0.0474299341673609,0.247382508075328,1,5,dinJ-yafQ
rrrQ,FALSE,-,1637548,1638081,-0.499342641652657,-0.488686528168514,0.00473774886499212,0.335531583379419,3,10,essQ-ydfR-rrrQ-ydfP
moaB,FALSE,+,817278,817790,-0.498994228487247,-0.280765937955691,0.224612460939579,0.158151057748325,5,4,moaABCDE
mrcA,FALSE,+,3520893,3523445,-0.498952668177366,-0.404949748065225,0.227423104278578,0.31449885254769,12,23,mrcA
yaaU,FALSE,+,45807,47138,-0.498752357614759,-0.222952941244384,0.0800465599818414,0.211121913855136,4,14,yaaU
purK,FALSE,-,550750,551817,-0.498741942623932,-0.396971712060647,0.120040758516073,0.0482288763794157,6,6,purEK
fldB,FALSE,+,3037877,3038398,-0.498721215516748,-0.0694279451477931,0.208667945071512,0.60378778760171,9,5,fldB
thiL,TRUE,+,434858,435835,-0.498711774623109,-0.48271385637276,0.189250502532985,0.596762445481397,7,9,nrdR-ribDE-nusB-thiL-pgpA
ravA,FALSE,-,3927620,3929116,-0.498599252493594,-0.367535530672058,0.137309855447361,0.308822028765787,9,4,ravA-viaA
bdm,FALSE,-,1554089,1554304,-0.498175924476372,-0.419953211890684,0.062005430409023,0.413604457313475,3,2,bdm-sra
artQ,FALSE,-,900757,901473,-0.49773708637622,-0.299556920420467,0.117750654518021,0.24126521676454,4,8,artPIQM
msrA,FALSE,-,4439561,4440199,-0.497276606450351,-0.408700883601091,0.140558616949472,0.390141852027792,8,3,msrA
yjgM,FALSE,-,4477057,4477560,-0.497028267435388,-0.542484814860726,0,0.0927828054748912,1,3,yjgM
yqeC,FALSE,-,3012309,3013079,-0.497013750113889,-0.280162538397348,0.101492360962425,0.153043255629874,3,4,yqeC
rsuA,FALSE,-,2277810,2278505,-0.496917415690018,-0.281093091551093,0.0800828184264452,0.100885945739003,1,8,rsuA
mtr,FALSE,-,3302595,3303839,-0.49684620225286,-0.490019832201685,0.171394028612721,0.338089120376226,9,11,mtr
ydcJ,FALSE,+,1493312,1494655,-0.496543264982885,-0.328442962685152,0.305615706639292,0.352267012502191,8,13,ydcJ
yliF,FALSE,+,874558,875886,-0.496540061701059,-0.517072647975693,0.112226895418096,0.189093674698504,5,7,yliF
fadJ,FALSE,-,2455037,2457181,-0.495878648400874,-0.251387005258207,0.309208735474646,0.247896470869788,10,23,fadIJ
cvpA,FALSE,-,2428297,2428785,-0.495808053063192,-0.258689098508619,0.016144752807639,0.133218007576072,2,5,cvpA-purF-ubiX
trg,FALSE,+,1490494,1492134,-0.494982111752204,-0.326739353623215,0.211683797574724,0.239066465300715,8,11,trg
yadD,FALSE,+,146968,147870,-0.494741401291335,-0.433719053692505,0,0.351027596268137,1,4,yadD
queA,FALSE,+,424235,425305,-0.494588027773787,-0.192422299157949,0.191309755994984,0.193976997322475,6,9,queA
gutM,FALSE,+,2826643,2827002,-0.494451054877581,-0.260196731010859,0.0335488024748355,0.175385844616155,5,4,srlAEBD-gutM-srlR-gutQ
entC,FALSE,+,624108,625283,-0.494319811028599,-0.439695091789748,0.107016338148091,0.395340612812529,7,9,entCEBAH
kup,FALSE,+,3929339,3931207,-0.494251286922687,-0.443258072603024,0.176405361378848,0.348868044287751,10,22,kup
lpoA,FALSE,+,3291422,3293458,-0.493772478402043,-0.314023248524786,0.293261522570557,0.51205160277632,15,7,lpoA
cpxR,FALSE,-,4102995,4103693,-0.493651119062038,-0.121566183144875,0.199979443332554,0.103853269352891,6,4,cpxRA
mcrC,FALSE,-,4574935,4575981,-0.493549943848493,-0.372200982056022,0.178450340171985,0.284423659473688,3,4,mcrBC
ygeO,FALSE,-,2993984,2994409,-0.493329396554119,-0.204584533730213,0,0,1,1,insCD-4C-4D-4-ygeONM
alaE,FALSE,+,2797186,2797635,-0.493191995841726,-0.582460341038778,0.116273792643685,0.417745414246845,3,3,alaE
trpB,FALSE,-,1315246,1316439,-0.492498453407647,-0.218281379345413,0.196428622119308,0.364747061539511,8,7,trpLEDCBA
aroG,FALSE,+,784856,785908,-0.492458713762752,-0.501790891399722,0.250452063369218,0.14141998606816,7,8,aroG
ssrS,FALSE,+,3054005,3054187,-0.491893447882624,-0.475506453641033,0.0969427009741134,0.126714790499277,4,2,ssrS-fau
ybcJ,FALSE,-,555884,556096,-0.491781139421897,-0.556894906054118,0.420262386255072,0.388902113567866,2,4,folD-ybcJ
glgP,FALSE,-,3562157,3564604,-0.491699249791445,-0.335655716700432,0.287969165686181,0.182426100745475,15,12,glgBXCAP
glcE,FALSE,-,3123492,3124544,-0.491539161325505,-0.283185912515194,0.100838216586136,0.377211176551986,5,7,glcDEFGBA
yobA,FALSE,-,1922619,1922993,-0.491066874675578,-0.557799908579814,0,0.0819666215686795,1,2,yobA-yebZY
ygdD,FALSE,-,2939258,2939653,-0.490923922513113,-0.282305824242513,0,0.16272392775433,1,6,ygdD
lsrR,FALSE,-,1598312,1599265,-0.490841464437051,-0.283787942741957,0.0300532720702661,0.126979939249204,3,12,lsrRK
glpK,FALSE,-,4113737,4115245,-0.490662200258077,-0.302724349580123,0.0566791791312065,0.322097141077678,11,12,glpFKX
bisC,FALSE,-,3712084,3714417,-0.489125223760838,-0.283744168677464,0.0797036192204789,0.162893267405459,13,21,bisC
amiC,FALSE,-,2945779,2947032,-0.488668415987615,-0.357317094967565,0.169938061441744,0.253164002794098,9,15,amiC
cpdA,FALSE,-,3174028,3174855,-0.48840595981429,-0.313995890081739,0.131161815865321,0.173425168295158,4,5,nudF-yqiB-cpdA-yqiA-parE
pgl,FALSE,+,797809,798804,-0.488374658212573,-0.513929658427,0.19616299717904,0.535465424283131,9,7,pgl
yccT,FALSE,-,1026334,1026996,-0.488269025704269,-0.350365531304161,0.142125823532792,0.137618781306634,4,6,yccT
yfiR,FALSE,+,2739897,2740415,-0.48732725979569,-0.375003159099075,0.0885462233457336,0.171903867818667,4,3,yfiR-dgcN-yfiB
btuD,FALSE,-,1790833,1791582,-0.48731360771442,-0.39436828929092,0.205270248764927,0.206624464202034,5,7,btuCED
gldA,FALSE,-,4135955,4137058,-0.487125388457544,-0.640540747252251,0.196015270492456,0.186964068570698,6,5,ptsA-fsaB-gldA
yqjI,FALSE,+,3214801,3215424,-0.48710095389719,-0.622943465028526,0.120035169106963,0.551191441146771,2,4,yqjI
ycgG,FALSE,+,1216551,1218074,-0.486979733658689,-0.33979843034135,0.075932149192163,0.056966210009774,4,11,ycgG
yaiA,FALSE,+,406203,406394,-0.486687759936145,-0.216989226657371,0.143836681460185,0.0236397210638486,3,2,aroL-yaiA-aroM
ybhI,FALSE,+,801110,802543,-0.486577426499041,-0.344388901095204,0.447727418437348,0.127775946324315,6,15,ybhI
ygeV,FALSE,-,3002030,3003808,-0.486540060478243,-0.651430515555836,0.209227536217044,0.531489576869707,9,7,ygeV
htpG,FALSE,+,494344,496218,-0.486514425365687,-0.406491090614641,0.190392077864641,0.131444877288271,10,7,htpG
narU,FALSE,-,1540696,1542084,-0.486444572928359,-0.250774002689809,0.150377121337848,0.149636886778005,5,11,narU
yidX,FALSE,+,3873461,3874117,-0.486117850760726,-0.270680008791276,0,0.0483305059523171,1,3,yidX
yjbS,FALSE,-,4266832,4267035,-0.485928544305499,NA,0,NA,1,0,yjbS
frmA,FALSE,-,377686,378795,-0.485865402736694,-0.360655807669817,0.394353104353801,0.230284128760272,13,12,frmRAB
yqgA,FALSE,+,3107575,3108282,-0.485332337901025,-0.354579908452319,0.12492461582312,0.0605733029620969,5,2,yqgA
yqhD,FALSE,+,3153377,3154540,-0.485309644011643,-0.200068882348549,0.280128395904578,0.466341126048846,9,11,yqhD-dkgA
yliI,FALSE,+,877965,879080,-0.485190050803218,-0.345672075700708,0.288442379019208,0.19970041850134,7,6,yliI
dusA,FALSE,+,4259692,4260729,-0.484784959013824,-0.402057845452395,0.0538043335205515,0.23262733637828,5,13,dusA
glvG,FALSE,-,3859372,3860010,-0.484725036468553,-0.0983323721606263,0,0.0805548800764747,1,2,glvCBG-ysdC
osmF,FALSE,-,2216586,2217503,-0.484666787301224,-0.383273010397157,0.426628016601245,0.198738488497727,4,11,osmF-yehYXW
ymbA,FALSE,+,1014134,1014682,-0.484247577438614,-1.10212291713391,0.103782789355404,0.482082590674518,5,4,ymbA
moaE,FALSE,+,818518,818970,-0.483716741221711,-1.22182785430408,0.0528973049645215,1.81181979180892,2,2,moaABCDE
cspD,FALSE,-,921589,921813,-0.48331039207273,-0.619597213006637,0,0.540726216190814,1,2,cspD
ylbF,FALSE,+,548850,549665,-0.483039367998536,-0.356145943719179,0.182661145134182,0.212269525605183,7,10,fdrA-ylbEF-ybcF
ycaP,FALSE,+,955985,956677,-0.483030097007815,-0.61227201912919,0,0.255474000348485,1,8,ycaP
fadK,FALSE,+,1781001,1782701,-0.482779177098595,-0.291794162773636,0.219630874039798,0.412370807574929,11,6,ydiQRST-fadK
clsB,FALSE,-,821721,822962,-0.482711830098086,-0.194890922046797,0.168545965759115,0.167683941212263,12,8,ybhP-clsB-ybhN
recF,FALSE,-,3878171,3879244,-0.482285697021303,-0.145228017476426,0.127747829327479,0.384448032738766,7,8,dnaAN-recF
mfd,FALSE,-,1169741,1173187,-0.482213821140213,-0.452423431586118,0.188439975477714,0.244380771976549,23,12,mfd
wecB,FALSE,+,3968156,3969286,-0.482072381566758,-0.146941682785397,0.250053296390687,0.164786012424572,14,9,rfe-wzzE-wecBC-rffGHC-wecE-wzxE-wecF-rffT-rffM
ygaX,FALSE,+,2806338,2806604,-0.48206441382297,-0.370001570600493,0.00649273985011567,0.252807028393793,3,4,ygaXY
yggP,FALSE,-,3074201,3075478,-0.481970141887786,-0.360121118288447,0.134740231490113,0.325097675499331,6,9,cmtBA-yggPFDC
moaA,FALSE,+,816267,817256,-0.481758130069513,-0.377022521490341,0.133422605731236,0.010059840980745,6,3,moaABCDE
ydhS,FALSE,+,1745155,1746759,-0.481637989261434,-0.185233475826191,0.179085005789661,0.274933089423415,7,10,ydhS
iraM,FALSE,-,1210903,1211226,-0.481601160166817,-0.559293322653268,0.284018990783906,0,2,1,iraM
ymfN,FALSE,+,1203393,1204760,-0.481499896534665,-0.460775868155493,0.0969134596613651,0.497602213834876,9,11,ymfTLMNROPQ-ycfK-ymfS
alsK,TRUE,-,4304893,4305822,-0.481004727045917,-0.477677268417956,0.321890437691007,0.58030879118604,6,10,alsK
gpt,FALSE,+,255977,256435,-0.480485703281583,-0.337976707337123,0.0758518119964204,0.380451164951162,2,7,gpt
ybbP,FALSE,+,519640,522054,-0.480343762423417,-0.3396034160504,0.167373893696116,0.287101062961978,10,25,ybbAP
yigA,FALSE,+,3993606,3994313,-0.479955783183088,-0.550838634440144,0.179204269794995,0.32757728725584,4,8,yifL-dapF-yigA-xerC-yigB
ycgR,FALSE,-,1243016,1243750,-0.479806503218607,-0.755078650348443,0.110946167962066,0.45309944236985,7,7,ycgR
fdoG,FALSE,-,4080795,4083845,-0.479167486193897,-0.442496733396241,0.136996607506167,0.382152118285745,26,21,fdoGHI-fdhE
yeaI,FALSE,+,1868409,1869884,-0.478784822242123,0.00462961947506115,0.101453638322622,0.0989398436462746,5,3,yeaI
lsrA,FALSE,+,1599514,1601049,-0.47860026538583,-0.235904391116678,0.181818217783145,0.158036184924008,7,12,lsrACDBFG-tam
ybgP,FALSE,-,748202,748930,-0.478191227773953,-0.37725970640983,0.118239562530414,0.0995086071317031,6,7,ybgQPO
frc,FALSE,-,2490026,2491276,-0.4780452602194,-0.428190218606462,0.325665227509801,0.439054429092699,7,15,yfdX-frc-oxc-yfdVE
phoH,FALSE,+,1084215,1085279,-0.477950853941468,-0.237709834747238,0.152517053161827,0.299901150323732,7,7,phoH
yggD,FALSE,-,3072708,3073217,-0.477817909605358,-0.530354768804213,0.0691317455456811,0,3,1,cmtBA-yggPFDC
ybjX,FALSE,-,917351,918307,-0.477792380324257,-0.662848670483693,0.0779399158911129,0,3,1,ybjX
ygbI,FALSE,-,2858489,2859286,-0.476989819383851,-0.143015730448212,0.222850836304367,0.236355695782167,3,4,ygbI
yceJ,FALSE,-,1117703,1118269,-0.476455734112751,-0.0960103039403463,0.0436683062789895,0.14684618818292,1,2,yceJI
ydcP,FALSE,+,1504805,1506766,-0.476311588891524,-0.301083636935378,0.308959617207827,0.29310029563018,7,15,ydcP
fepB,FALSE,-,622777,623733,-0.476256071658785,-0.260697888725402,0.0577609953458062,0.203298941101102,2,6,fepB
tynA,FALSE,-,1447100,1449373,-0.475839743319944,-0.193890187874548,0.193203569453074,0.134186994817691,10,5,tynA
hyaF,FALSE,+,1035972,1036829,-0.475771944425694,-0.415667239369488,0.336524061818754,0.171858642419204,3,6,hyaABCDEF
yhjY,FALSE,-,3710259,3710957,-0.475143710851217,-0.144866085715107,0.146177952144586,0.337930652306609,3,8,yhjY
pncC,FALSE,-,2821871,2822368,-0.47497311204477,-0.21878650866511,0.0457071368113317,0.243066454025369,2,6,pncC
gspL,FALSE,+,3461944,3463107,-0.474908665799157,-0.241611929176417,0.169330721373495,0.225341395336075,6,8,gspCDEFGHIJKLMO
ygeX,FALSE,+,3005532,3006728,-0.474366892523876,-0.460618120069112,0.136349304331478,0.41117048955002,9,8,ygeX
wzzE,FALSE,+,3967054,3968100,-0.474251688313377,-0.374648119664028,0.258663081660365,0.322281292218523,7,10,rfe-wzzE-wecBC-rffGHC-wecE-wzxE-wecF-rffT-rffM
csdA,FALSE,+,2941359,2942564,-0.474066746719251,-0.294763953622064,0.228811128755921,0.266555923248474,11,5,csdAE
waaJ,FALSE,-,3799006,3800022,-0.473819431233179,-0.358535676250879,0.120929614560214,0.199779728893588,2,4,waaQGPSBOJYZU
ghxQ,FALSE,+,3025143,3026510,-0.473663210245598,-0.355960225228372,0.162475435336014,0.113452917206574,9,11,xanQ-guaD-ghxQ
yjgN,FALSE,+,4477753,4478949,-0.47324339129926,-0.21131781143477,0.0445698939107567,0.26248290711927,2,5,yjgN
glnB,FALSE,-,2685092,2685430,-0.47320299946346,-0.240840733958345,0.120078320500202,0.0912340839684447,3,2,glrR-glnB
hycD,FALSE,-,2844511,2845434,-0.473109886166445,-0.31816196285034,0.41214091661961,0.231766617400881,6,8,hycABCDEFGHI
appA,FALSE,+,1039840,1041138,-0.472997858368415,-0.203705517970512,0.148179594369363,0.275155031203233,11,10,appCBXA
yraJ,FALSE,+,3286836,3289352,-0.472652799441609,-0.310435955508174,0.314581753969104,0.266004088215688,7,10,yraIJK
fabF,FALSE,+,1151162,1152403,-0.472444609095283,-0.256263106637182,0.290078954519264,0.369240281935094,7,9,yceD-rpmF-plsX-fabHDG-acpP-fabF
pheA,FALSE,+,2735767,2736927,-0.472213870118071,-0.181914116081965,0.265064651664021,0.219864247321439,7,8,pheLA
iraP,FALSE,+,400610,400870,-0.472188509627097,-1.17258415076014,0.174274459801133,0,1,1,iraP
yfcP,FALSE,-,2448073,2448612,-0.472185842200069,-0.58926388682018,0.363074510712569,0.218398778608494,2,2,yfcUTSRQPO
degQ,FALSE,+,3378765,3380132,-0.472008820172314,-0.398033629169628,0.145940793755888,0.111129329388712,6,14,degQS
nrdD,FALSE,-,4458545,4460683,-0.471878975932417,-0.472144434906366,0.184290564983129,0.360037475083632,15,13,nrdDG
uspB,FALSE,-,3637408,3637743,-0.471681237464142,-1.70681358672599,0.0351821941463363,0,2,1,uspB
sfmC,FALSE,+,558197,558889,-0.471529843903853,-0.282108244808854,0.174708674019194,0.223109841147206,3,7,sfmCD
fliN,FALSE,+,2019112,2019525,-0.471395616585617,-0.229694253252469,0.184122922169712,0,4,1,fliLMNOPQR
nikC,FALSE,+,3614205,3615038,-0.47092643151459,-0.437270570698166,0.221271796428927,0.287535904227477,6,12,nikABCDER
pncA,FALSE,+,1849911,1850552,-0.470805597490053,-0.465417381598564,0.184322853001937,0.237658035575198,4,6,ansA-pncA
ybhS,FALSE,-,825342,826475,-0.470803403303921,-0.307052057780113,0.0827480710781401,0.148542651804943,8,8,cecR-ybhGFSR
rhsB,FALSE,+,3617215,3621450,-0.47066080909306,-0.431816852970672,0.243783597810685,0.13520520059261,7,7,rhsB
yhbO,FALSE,+,3296996,3297514,-0.470639056077944,-0.303566004476816,0.234523486081776,0.113166431614356,2,3,yhbO
waaH,FALSE,-,3787070,3788104,-0.470256929617693,-0.152533001523687,0.23378520552944,0.0830468298435813,9,5,waaH
yjiY,FALSE,-,4587152,4589302,-0.470132407144755,-0.222854650706292,0.184182287064043,0.25670159527881,14,21,yjiY
ulaD,FALSE,+,4420209,4420859,-0.47013234094598,-0.322549808483254,0.351963949436506,0.207892590871805,4,7,ulaABCDEF
yjhX,FALSE,-,4531819,4532076,-0.470091745129515,-0.116008950307333,0.0212645873549505,0,2,1,yjhX
livM,FALSE,-,3592226,3593503,-0.46976746841959,-0.366138735604407,0.2352423937932,0.219583970667731,13,18,livKHMGF
yeeW,FALSE,+,2075964,2076158,-0.469268673307881,-0.246018894875319,0.0332761950835116,0.14431275177341,2,3,yeeRST-cbeA-cbtA-yeeW
barA,FALSE,+,2913079,2915835,-0.469097138542561,-0.380287199105121,0.314261940091351,0.168099300185472,18,15,barA
yjiJ,FALSE,-,4559520,4560698,-0.468914709152204,-0.484777353132129,0.124199618295911,0.276040712148298,10,9,yjiJ
deoD,FALSE,+,4618906,4619625,-0.468860440670849,-0.256052228086759,0.167888306257884,0.211045213479532,2,7,deoCABD
ycdZ,FALSE,+,1099519,1100010,-0.468834232068494,-0.357957720246035,0.152913336424931,0.301441501024248,5,5,ycdZ
rsxD,FALSE,+,1707166,1708224,-0.468734527865555,-0.27144542400897,0.0738595678345171,0.119050155057059,3,10,ydgK-rsxABCDGE-nth
ampG,FALSE,-,451294,452769,-0.468702390319469,-0.50726838158257,0.376630921769149,0.552113934978655,11,12,yajG-ampG
yhaH,FALSE,+,3250326,3250691,-0.468681726902288,0.225379023779439,0,0.320579611826257,1,2,yhaH
wrbA,FALSE,-,1066335,1066931,-0.46863726367867,-0.406973028163148,0.146758303114716,0.401370698441056,7,5,wrbA-yccJ
cheZ,FALSE,-,1964417,1965061,-0.46861285627791,-0.541410605077306,0.137074451450843,0.386891667458044,4,7,tar-tap-cheRBYZ
paoA,FALSE,-,301108,301797,-0.468605038998246,-0.280282969404684,0.216799877913035,0.0558616184313034,5,6,paoABCD
yaaJ,FALSE,-,6529,7959,-0.468490768180263,-0.431951693548133,0.138206512361817,0.384948822680195,12,16,yaaJ
rrrD,FALSE,+,576836,577333,-0.468355057135282,-0.410068662551504,0.20365560923016,0.118389038386405,4,4,essD-rrrD-rzpD
yggF,FALSE,-,3073239,3074204,-0.468291697339866,-0.253898427218106,0.0471348650390553,0.224775857806763,5,10,cmtBA-yggPFDC
flxA,FALSE,+,1644429,1644761,-0.468129027408429,0.00209376747663126,0,0.419501976260193,1,2,flxA
trpE,FALSE,-,1319408,1320970,-0.467931155501733,-0.31308980937841,0.115026365378097,0.270929609392692,12,6,trpLEDCBA
cspI,FALSE,-,1636479,1636691,-0.467894569633134,-0.0746179305990343,0.192366657257312,0,1,1,cspI
folX,FALSE,+,2419347,2419709,-0.467877312548255,-0.442250754952387,0,0.151980469018833,1,3,folX-yfcH
ydiN,FALSE,+,1770536,1771801,-0.467839568809,-0.441967409272691,0.227004356567223,0.11190189253063,6,7,ydiNB-aroD
araD,FALSE,-,65855,66550,-0.467546739554734,-0.279592359399566,0.238164511620881,0.162047592079359,5,2,araBAD
ymfO,FALSE,+,1204954,1205427,-0.467465946696869,-0.465247042801561,0.0362291902926821,0.49748676162079,3,4,ymfTLMNROPQ-ycfK-ymfS
bolA,FALSE,+,453696,454013,-0.467146895612226,NA,0,NA,1,0,bolA
cutC,FALSE,-,1956544,1957290,-0.467127084277632,-0.238304326889389,0.0981804168110157,0.116626495819399,3,5,yecM-cutC
thiP,FALSE,-,72911,74521,-0.466983980830789,-0.228091196491174,0.135360925102558,0.204097871664156,9,16,sgrR-sroA-tbpA-thiPQ
malK,FALSE,+,4244807,4245922,-0.466733121395075,-0.310704194979643,0.118659006668772,0.180423734692203,7,9,malK-lamB-malM
dbpA,FALSE,+,1407535,1408908,-0.466614774215623,-0.343648913708518,0.239633520170964,0.252264479377362,8,8,dbpA
btuE,FALSE,-,1791582,1792133,-0.46661471148431,-0.262115443253129,0.24003635687784,0.136296877712854,2,4,btuCED
malT,FALSE,+,3551107,3553812,-0.466549911524612,-0.245671708385615,0.182103648929478,0.195511400766538,13,16,malT
yfbP,FALSE,+,2387138,2387986,-0.466464914870986,-0.318245342320341,0.0741506189028696,0.206880581541594,4,6,yfbP
menC,FALSE,-,2373022,2373984,-0.466424166889819,-0.388041268573235,0.192141441133605,0.275955802804093,2,9,menFDHBCE
chbC,FALSE,-,1817880,1819238,-0.466217504484589,-0.104026338140812,0.168769099615493,0.232912865944903,6,16,chbBCARFG
yjdJ,FALSE,+,4350108,4350380,-0.465431670699967,-0.480101905108042,0.172225838222321,0.151679664331962,4,2,yjdIJ
yfaP,FALSE,-,2325389,2326165,-0.465128466986095,-0.198058748243303,0.33439441297424,0.183474837166782,8,6,yfaATS_1S_2QP
nupX,FALSE,-,2250917,2252167,-0.465076977428411,-0.465112119447998,0.15320513419838,0.316272457334462,2,11,nupX
prpC,FALSE,+,349236,350405,-0.464908944160709,-0.299126084414951,0.287624199847177,0.282193617017491,6,12,prpBCDE
yicS,FALSE,+,3838238,3838531,-0.46488044476153,-0.739981034612644,0,0.577907515432362,1,2,yicS
ybhL,FALSE,+,819107,819811,-0.464849637433847,-0.286414817294302,0.119751974426215,0.133486388933357,4,5,ybhL
eamB,FALSE,+,2713445,2714032,-0.464414684896347,-0.388636290314036,0,0.324796447265242,1,4,eamB
ghrB,FALSE,+,3715333,3716307,-0.464349489722475,-0.450439914936019,0.308369213949429,0.240549764964234,4,6,ghrB
ybgJ,FALSE,+,742816,743472,-0.464245944752165,-0.222008594539635,0.24668050259612,0.0567811726526489,5,6,ybgIJKL-nei
nemR,FALSE,+,1724047,1724646,-0.464072851333408,-0.403558654642244,0.121799374273937,0.119285380466027,3,2,nemRA-gloA
yhcF,FALSE,+,3364948,3365664,-0.463668170236726,-0.270323686206512,0.130372986136224,0.0637389997328976,5,4,ychE_2-yhcF
yagP,FALSE,-,296605,297015,-0.463649171833551,-0.277130848078179,0,0.183223961553128,1,4,yagP
ahpF,FALSE,+,638976,640541,-0.463069112890932,-0.421588800321029,0.0504765441615865,0.319717137837105,7,13,ahpCF
yghJ,FALSE,-,3112572,3117134,-0.462954831285925,-0.337019350331848,0.122684279578743,0.277548250454668,23,35,yghJ
yggS,FALSE,+,3093120,3093824,-0.462396607215161,-0.310750964774487,0.116304878838035,0.221894889454909,5,4,yggSTU-rdgB-yggW
betA,FALSE,-,324801,326471,-0.462273985676542,-0.265597691139714,0.188271480702085,0.239138805530482,14,14,betIBA
cyoE,FALSE,-,446039,446929,-0.462223570410201,-0.392871351496118,0.0315558903715659,0.173236196877578,3,12,cyoABCDE
dsbB,FALSE,-,1231723,1232253,-0.461546443899689,-0.44230170416813,0.237450898164238,0.124038281106845,8,3,dsbB
sbmC,FALSE,-,2078813,2079286,-0.461455589131664,-0.2507595040779,0.174070887649153,0.317260468439398,2,6,sbmC
torS,FALSE,-,1052657,1055401,-0.461449828920554,-0.381020001919798,0.273519341499523,0.501490647565656,19,19,torS
aroE,FALSE,-,3428042,3428860,-0.461428303033869,-0.34264793200036,0.305869116948118,0.234375297129906,2,12,yrdD-tsaC-aroE-yrdB
tnaB,TRUE,+,3888259,3889506,-0.461323732793742,-0.318535815950604,0.203987425489472,0.177629110178214,4,10,tnaCAB
ypdC,FALSE,+,2499152,2500009,-0.461066183556293,-0.384622442730934,0,0.193172708439159,1,9,ypdABC
ybfC,FALSE,+,734873,735442,-0.461061624678932,-0.536181987059521,0.290061074081887,0.515048549364035,2,2,ybfOC
gspB,FALSE,-,3451530,3451949,-0.460958027644699,NA,0.0317571588430706,NA,3,0,gspAB
creB,FALSE,+,4634030,4634719,-0.460900792522447,-0.533220324646507,0.0528068213101599,0.100779822986724,3,5,creABCD
araJ,FALSE,-,410521,411705,-0.460640426383039,-0.176861533335937,0.0899753324816011,0.285539176625013,5,14,araJ
mtlA,FALSE,+,3770304,3772217,-0.460557290421023,-0.453554074206358,0.227961651080586,0.27578598754373,15,15,mtlADR
bglJ,FALSE,+,4602183,4602860,-0.460350115625053,-0.260690073734067,0.0909947661329066,0,3,1,yjjQ-bglJ
bamE,FALSE,+,2751627,2751968,-0.460228587981267,-0.411180251884657,0,0.106498074402925,1,3,bamE
sohB,FALSE,+,1327356,1328405,-0.460056653028084,-0.51458133296405,0.137636095503212,0.473433724571118,4,6,sohB
aroA,FALSE,+,958035,959318,-0.45927666633251,-0.364440390070564,0.195694911615381,0.241244046260593,9,8,serC-aroA
oppF,FALSE,+,1303788,1304792,-0.459112021998077,-0.505661216920944,0.117692755833771,0.484886999732812,8,7,oppABCDF
ytjC,FALSE,+,4631820,4632467,-0.45907364027778,-0.595584665670558,0.222335904083986,0.0922213450155084,6,6,ytjC
yfbV,FALSE,-,2410699,2411154,-0.459038500084998,-0.789328022715114,0.282464460881256,0.0974127019624598,3,5,yfbV
artJ,FALSE,-,899067,899798,-0.459016807205079,-0.170553856531827,0.149073628366385,0.0701200006156851,6,6,artJ
yjdM,FALSE,-,4324422,4324757,-0.458969866691248,-1.12796693532939,0.0245565852166968,1.06423143726756,3,2,yjdM
rsmE,FALSE,+,3089156,3089887,-0.458729501674458,-0.977833388355226,0.147051788447457,0.5734174907265,4,6,rsmE-gshB
arpA,FALSE,-,4218324,4220510,-0.458704845704758,-0.465877596060124,0.158401294477524,0.290025438190784,8,5,arpA
umuD,FALSE,+,1229990,1230409,-0.458671218627881,-0.497476717449274,0.230182242880418,0.373629513941493,2,2,umuDC
ycjS,FALSE,+,1374856,1375911,-0.458616509928197,-0.237461121991341,0.0898093387872639,0.242867732659896,5,13,ycjMNOPQRSTUV-ymjB
yjjA,FALSE,-,4597718,4598212,-0.458507448325702,-0.3205516252198,0.199676205785431,0.0786886709891306,3,4,yjjB-dnaTC-yjjA
gatR_2,FALSE,-,2169419,2169757,-0.457380174233883,-0.360074392620745,0.281759694163668,0.182075529967563,2,4,gatR_2
clcB,FALSE,+,1663339,1664595,-0.456923434906785,-0.44265663406031,0.337690441917595,0.385354594846499,9,19,clcB
yebV,FALSE,+,1919804,1920040,-0.456354513935554,-0.157037562521764,0.102624606087946,0.218969615625077,4,2,yebV
adiA,FALSE,-,4336277,4338544,-0.456348059153208,-0.362435634425539,0.21067366232743,0.271170883081571,16,16,adiA
rimO,FALSE,-,875933,877258,-0.456143872773167,-0.336634205405118,0.0766591095710626,0.190700708758264,10,9,rimO
modB,FALSE,+,795085,795774,-0.456041899095176,-0.441166593515305,0.109934975672877,0.157652570642791,2,3,modABC
nagA,FALSE,-,700826,701974,-0.45602462632885,-0.225509124751887,0.261682205274127,0.147943864418903,9,4,nagBAC-umpH
uvrA,FALSE,-,4269072,4271894,-0.455928795110721,-0.248355700673955,0.231519221652439,0.377595578585049,19,20,uvrA
ybjS,FALSE,-,904963,905976,-0.455896722789232,-0.314533487847683,0.0816987585348581,0.309265069922589,7,10,ybjS
hyfJ,FALSE,+,2609479,2609892,-0.455843930190457,-0.344851840729143,0.12967773245741,0.133671703094099,4,3,hyfABCDEFGHIJR-focB
dgkA,FALSE,+,4254660,4255028,-0.45566354949453,-0.675672780149696,0,0,1,1,dgkA
purU,FALSE,-,1287005,1287847,-0.455213064665487,-1.20131065273615,0.0770141242962495,0,4,1,purU
argF,FALSE,-,288525,289529,-0.455104756646422,-0.323386345897205,0.219531168931615,0.431206374390992,9,8,argF
yhjV,FALSE,+,3698586,3699857,-0.454885667766149,-0.228673407469967,0.3610014178866,0.410741978958842,6,9,yhjV
psiE,FALSE,+,4238348,4238758,-0.454816629748907,-0.167292545713954,0.265248599614128,0.0142712108803946,1,2,psiE
ilvM,FALSE,+,3950224,3950487,-0.454590201821085,NA,0.20822778518787,NA,4,0,ilvLXG_1G_2MEDA
tsr,FALSE,+,4589680,4591335,-0.454589245003919,-0.366090789317924,0.335307869293287,0.383100845425275,5,17,tsr
clpA,FALSE,+,922487,924763,-0.454216426309084,-0.290343076415838,0.185296809091221,0.345462382174906,16,21,clpA
aroD,FALSE,+,1772710,1773468,-0.454111581286496,NA,0.310716112860458,NA,3,0,ydiNB-aroD
yfiP,FALSE,+,2717245,2717943,-0.454001945506511,-0.123685184631528,0.261162293312381,0.109504019205895,5,3,yfiP-patZ
ydgI,FALSE,+,1677581,1678963,-0.453938903928112,-0.438823850772955,0.330362025326558,0.221387647572304,9,12,ydgI-folM
yhjH,FALSE,-,3676443,3677210,-0.453927979780996,-0.239799413216969,0.0669127100765457,0.233769121941764,5,4,yhjH
yeiH,FALSE,+,2247739,2248788,-0.453556457372652,-0.210590016926975,0.428309379835485,0.291105640432699,10,7,yeiH
idnT,FALSE,-,4489229,4490548,-0.453485761160791,-0.218073935015238,0.234287805878234,0.0687617629599311,4,10,idnDOTR
yeaH,FALSE,+,1866979,1868262,-0.453325205068888,-0.324839199606099,0.109083432869441,0.159780208030441,11,11,yeaGH
ybcK,FALSE,+,568125,569651,-0.453240979391283,-0.432279485254003,0.0140150658853159,0.0214343515709452,3,4,ybcK
znuC,FALSE,+,1940686,1941441,-0.453090359272291,-0.0151190427187999,0.15486084386857,0.0730813178424976,6,6,znuCB
yjhH,FALSE,-,4522128,4523033,-0.453042988977461,-0.202903590931682,0.192666569451723,0.213386790303599,11,4,yjhIHG
caiT,FALSE,-,40417,41931,-0.453026990602269,-0.253921511271482,0.159037951937889,0.290659219362911,6,16,caiTABCDE
hepA,FALSE,-,60358,63264,-0.453005200687926,-0.291348144303264,0.134250259953642,0.246798287384299,15,22,hepA
ycjF,FALSE,+,1383535,1384596,-0.452784899411462,-0.299766319768049,0.155027465525958,0.144348916768861,4,8,ycjXF-tyrR
yidB,FALSE,-,3875090,3875488,-0.452765691592076,-0.485358467678907,3.25659493464192e-05,0.484289892731755,2,5,yidB
dusC,FALSE,-,2227460,2228407,-0.45223429814094,-0.821798299053629,0.146295365630522,0.529418879285259,7,5,dusC
hcr,FALSE,-,910405,911373,-0.452212499190786,-0.335192196462166,0.347723315604788,0.211423002444118,9,6,hcp-hcr
lysR,FALSE,+,2977043,2977978,-0.452020052141756,-0.421147318769985,0.15587957312822,0.140511237148039,8,4,lysR
rtcA,FALSE,-,3553855,3554871,-0.451868459701663,-0.421555518816694,0.0756253084329662,0.129911852610982,3,10,rtcBA
purD,FALSE,-,4202665,4203954,-0.451554298166112,-0.261925733979231,0.297451494193607,0.170647694708827,12,20,purHD
lpxT,FALSE,+,2266876,2267589,-0.45153588592305,-0.357861776003767,0.22443922326875,0.308567965124848,3,4,yeiR-lpxT
dcuS,FALSE,-,4348054,4349685,-0.451236263928367,-0.269577198721437,0.112388011894876,0.237816215841115,6,14,dcuSR
srlB,FALSE,+,2825384,2825755,-0.450937350760855,-0.867000843539744,0,0.275435245355918,1,3,srlAEBD-gutM-srlR-gutQ
mdtG,FALSE,-,1113487,1114713,-0.450863517137614,-0.380560430916376,0.230576559387571,0.331894280500399,11,10,mdtG
yafY,FALSE,-,265334,265777,-0.450713467139736,-0.251053638078404,0.103849308484125,0.404437095166329,4,3,yafY-ykfBF-yafX-ykfGH-yafW-ykfI
nupC,FALSE,+,2511064,2512266,-0.450712390283064,-0.467934659231115,0.145692741061704,0.12470318841994,8,10,nupC
paaE,FALSE,+,1454454,1455524,-0.450584611467854,-0.562846400401344,0.352990443356202,0.307955214230926,7,7,paaABCDEFGHIJK
elfA,FALSE,+,997091,997630,-0.450557020428617,-0.194243479124627,0.0153422275104781,0,3,1,elfA
yigM,FALSE,+,4009099,4009998,-0.450428765466248,-0.251937462142248,0.174385785677302,0.353056625761743,8,8,yigM
ylcI,FALSE,-,579474,579668,-0.449613661984591,NA,0,NA,1,0,ylcI
yebT,FALSE,+,1915534,1918167,-0.449349933390499,-0.327352374764114,0.225896903033198,0.294866874590103,9,27,yebST
cynT,FALSE,+,358023,358682,-0.44933648085491,-0.35124171581161,0.294641280995525,0.250755180115317,4,3,cynTSX
narH,FALSE,+,1282827,1284365,-0.448919820039136,-0.303451335557565,0.17078245579412,0.120273388389862,7,11,narGHJI
norW,FALSE,+,2831934,2833067,-0.448889452399222,-0.309355195355367,0.115614785490082,0.380337972693287,6,12,norVW
pgrR,FALSE,+,1390015,1390914,-0.448604689650949,-0.453966763992069,0.201987036668373,0.160576665871505,6,5,pgrR
rlmG,FALSE,-,3232761,3233897,-0.448541601167317,-0.240208555979768,0.16080396544086,0.126669142699562,6,6,rlmG
fhuB,FALSE,+,171462,173444,-0.448412571507504,-0.403708800925598,0.259406668448726,0.216837579436007,4,22,fhuACDB
trmL,FALSE,+,3779238,3779711,-0.448384044093123,-0.798503947932814,0.106034261612414,0.641461577025196,2,4,trmL
ycfL,FALSE,+,1161470,1161847,-0.448266393928009,-0.248004381498505,0.024704769168505,0.126271536592068,3,7,hinT-ycfL-lpoB-thiK-nagZ-ycfP
yebO,FALSE,-,1906285,1906572,-0.448190130560487,-0.231099380265192,0.0263026085093695,0,1,1,yebO
nudG,FALSE,+,1839514,1839921,-0.448160026496158,-0.271918394259093,0.14157046451739,0.463024697358021,3,3,nudG
dcuB,FALSE,-,4345427,4346767,-0.447965417361483,-0.108045352944795,0.281390126869159,0.150863498154498,7,10,dcuB-fumB
pepT,FALSE,+,1185067,1186293,-0.447667255128935,-0.37055259976182,0.0230765140197707,0.186694644924968,3,8,pepT
yrhB,FALSE,+,3582782,3583066,-0.447538135495676,-0.515255502362509,0,0,1,1,yrhB
manY,FALSE,+,1901106,1901906,-0.447512475218212,-0.505632247661508,0.1285209003815,0.195569654985124,5,4,manXYZ
yhjA,FALSE,-,3665814,3667211,-0.447418379915858,-0.245767123704775,0.475202837248912,0.404134792954079,5,17,yhjA
scpB,FALSE,+,3062015,3062800,-0.447386765638328,-0.499618535798197,0.31543457495744,0.0685685208265547,3,5,scpA-argK-scpBC
ulaA,FALSE,+,4418003,4419400,-0.44733850611045,-0.260272261838262,0.295998014164463,0.22240256770729,14,10,ulaABCDEF
ydiF,FALSE,+,1773611,1775206,-0.447278263420982,-0.522893342184564,0.177054818677664,0.868268019136278,8,6,ydiFO
pncB,FALSE,-,988377,989579,-0.447235985547872,-0.135920659745817,0.179440548371091,0.277971927470147,11,3,pncB
ygfI,FALSE,-,3064299,3065195,-0.447228968604655,-0.137250061864964,0.345929107239808,0,6,1,ygfI
soxS,FALSE,-,4275083,4275406,-0.447115541526392,NA,0.0364439417276868,NA,3,0,soxS
tmcA,FALSE,-,2591866,2593881,-0.446919010846088,-0.337226895977119,0.144466451667679,0.263250604859784,8,18,ypfJ-tmcA
hcp,FALSE,-,911385,913037,-0.446502604847879,-0.33240204728269,0.065877081727698,0.350280304751611,11,7,hcp-hcr
paoD,FALSE,-,296994,297950,-0.446501047132336,-0.271844047236988,0.138283908497176,0.406948068671479,7,18,paoABCD
msrB,FALSE,-,1860040,1860453,-0.445992649292895,0.0980092304039694,0.122352802641003,0.239386290566611,3,3,msrB
agaA,FALSE,+,3279144,3279647,-0.445810006519043,-0.662702391766799,0.154595379762749,0.61144106887267,2,6,kbaZ-agaVWA
yqfA,FALSE,-,3040511,3041170,-0.445767580480937,-0.312821220103338,0.105492689737482,0.182736718336047,3,6,yqfA
yqgB,FALSE,-,3083942,3084073,-0.445705064571375,0.106938155566664,0.095846004434078,0,2,1,yqgB
yajR,FALSE,-,444526,445890,-0.445541068066622,-0.288477103610969,0.0859312774084356,0.322536196677374,5,15,yajR
hybA,FALSE,-,3142176,3143162,-0.445348737384414,-0.515561071182796,0.142550226532397,0.543837093015991,5,6,hybOABCDEFG
nudJ,FALSE,-,1193050,1193511,-0.445184026019319,NA,0,NA,1,0,rluE-nudJ
yheU,FALSE,+,3482240,3482458,-0.445014922545477,-0.229664238589416,0.0969254744511295,0.0387315139531271,2,2,yheSTU
rlmI,FALSE,-,1028002,1029192,-0.44430017219791,-0.318187870809945,0.395155826760873,0.3889017197939,5,13,rlmI
torY,FALSE,-,1955056,1956156,-0.444236926111071,-0.153950177229853,0.188634342205593,0.134218151856101,7,4,torYZ
pldA,FALSE,+,4002885,4003754,-0.443684496909775,-0.352471478651629,0.248908545900859,0.255414979529121,4,14,pldA
rarA,FALSE,+,937217,938560,-0.443559389513442,-0.604519253559746,0.278310813480046,0.496810906279525,6,10,lolA-rarA
yncG,FALSE,+,1524271,1524888,-0.443513990415967,-0.236936275899593,0.0247930745774704,0.0960823692356832,3,4,yncG
eutQ,FALSE,-,2572324,2573025,-0.443458120149355,-0.333284464840219,0.121542918027345,0.476925093417329,5,8,eutSPQTDM
kefB,FALSE,-,3476824,3478629,-0.443402491509835,-0.388975619773431,0.21318146971939,0.208806662764221,8,23,kefGB-yheV
yheT,FALSE,+,3481224,3482246,-0.443179661793853,-0.264777514833329,0.224769597204026,0.185691488390254,8,4,yheSTU
opgB,FALSE,-,4595173,4597464,-0.443101433898686,-0.322211430091935,0.245209026107143,0.174845733073309,10,15,opgB
yeiE,FALSE,-,2246759,2247640,-0.442835777415085,-0.434778281591662,0.13819745474787,0.334461908986647,3,9,yeiE
pppA,FALSE,-,3111565,3112374,-0.44208377586079,-0.0922968626146825,0.0744141778498572,0.291033318400332,6,3,pppA
metE,FALSE,+,4011076,4013337,-0.441900353025628,-0.355202275992486,0.226892710473985,0.237757481305766,15,19,metE
wzxE,FALSE,+,3974301,3975551,-0.44188581847347,-0.349559739435271,0.198464671137484,0.33747049937606,7,14,rfe-wzzE-wecBC-rffGHC-wecE-wzxE-wecF-rffT-rffM
yihX,FALSE,+,4073576,4074175,-0.441877278047931,-0.340036687874909,0.0281896025735364,0.210083245299381,4,2,yihXY-dtd-yiiD
nadC,FALSE,-,117752,118645,-0.441670044042736,-0.136324209459154,0.0793646808598663,0.347112384839468,4,8,nadC
yceA,FALSE,+,1116030,1117082,-0.441668070635151,-0.358763856254209,0.0803733124564672,0.12051222678238,4,5,yceA
yeaP,FALSE,+,1875739,1876764,-0.441605542595958,-0.41600403174443,0.317551353336729,0.0791961772865235,6,6,yeaP
ccmG,FALSE,-,2290429,2290986,-0.441567023383951,-0.341053111227512,0.0538858252824118,0.0664713434174072,2,5,napFDAGHBC-ccmABCDEFGH
gcvT,FALSE,-,3047595,3048689,-0.441255299209666,-0.313384209279257,0.107847783886742,0.256431460702578,7,12,gcvTHP
malF,FALSE,-,4241554,4243098,-0.440803395717083,-0.255876069590969,0.160159795495296,0.307242487028363,6,13,malEFG
thiD,FALSE,-,2181738,2182538,-0.440766766529346,-0.418925799471513,0.207998672446804,0.169025771136599,6,4,thiMD
mdtK,FALSE,+,1741481,1742854,-0.440585077559361,-0.451353625726546,0.195810732700413,0.231065149386405,10,14,mdtK
gutQ,FALSE,+,2827835,2828800,-0.440350753299954,-0.35656478821157,0.265047860141084,0.384546799928496,6,7,srlAEBD-gutM-srlR-gutQ
uxaB,FALSE,-,1607253,1608704,-0.440257601254151,-0.589834507704124,0.261469130545743,0.790863743477922,7,9,uxaB
purT,FALSE,+,1928905,1930083,-0.440016440945083,-0.599017367540473,0.115811193488427,0.447853023005378,12,8,purT
flgN,FALSE,-,1128637,1129053,-0.440007306452845,-0.152173138274353,0.166678474156037,0.191098282994443,3,4,flgAMN
ttdA,FALSE,+,3204485,3205396,-0.439961210207015,-0.406619109635127,0.144996914378032,0.461478372206182,9,7,ttdABT
nfsB,FALSE,-,603994,604647,-0.439887565905906,-0.687163334570341,0.108557371939965,0.213436493150146,4,2,nfsB
aaeR,FALSE,+,3387542,3388471,-0.439764049694755,-0.236656177079974,0.0621189824230349,0.206181770774333,5,6,aaeR
kgtP,FALSE,-,2722470,2723768,-0.439742542433035,-0.178822657834101,0.21900878959954,0.0898567427266078,5,12,kgtP
ynjD,FALSE,+,1836771,1837424,-0.439723798947293,-0.195262478440781,0.232885205044582,0.2590280680984,7,3,ydjXYZ-ynjABCD
mpaA,FALSE,-,1387894,1388622,-0.439700141554608,-0.204818651054262,0.128523682984846,0.0186520800102196,7,3,ycjY-ymjDC-mpaA
hisA,FALSE,+,2093149,2093886,-0.43966390927287,-0.293355733541301,0.0497434504032192,0.274521025020726,2,6,hisLGDCBHAFI
agaR,FALSE,-,3275878,3276687,-0.439596230810647,-0.46594728714376,0,0.212307894686412,1,8,agaR
yafN,TRUE,+,252005,252298,-0.439595130845141,-0.0412787688080392,0.129119641753452,0,3,1,dinB-yafNOP
eutA,FALSE,-,2563503,2564906,-0.439168867761808,-0.495828244205087,0.267391882938562,0.296594848330735,11,14,eutHA
cysN,FALSE,-,2872014,2873441,-0.438719485418504,-0.320977992166153,0.297115317060512,0.222990509772803,6,11,cysDNC
abgA,FALSE,-,1401279,1402589,-0.438642448271216,-0.299820909088307,0.266204015615962,0.219637489540084,7,10,abgABT-ogt
yeaX,FALSE,+,1883869,1884834,-0.438207504408652,-0.425298905467606,0.0532397979589201,0.24015628392067,4,6,yeaX
yqgD,FALSE,-,3084421,3084672,-0.438182741804198,-0.883924936206842,0,0,1,1,yqgD
ypfJ,FALSE,-,2593896,2594759,-0.437879652525851,-0.200754317813562,0.394178210858869,0.151362930740087,8,7,ypfJ-tmcA
symE,FALSE,-,4577522,4577863,-0.437867721523683,-0.488117294385676,0.0240078444552494,0.156818115332333,3,2,symE
tdcF,TRUE,-,3257743,3258132,-0.437670350428811,-0.210772681535727,0.0416489678468757,0.11760628196914,7,3,tdcABCDEFG
ccmA,FALSE,-,2295043,2295666,-0.437587997900935,-0.575930340215988,0.122629516653012,0.0747136985627235,3,3,napFDAGHBC-ccmABCDEFGH
rnd,FALSE,-,1884888,1886015,-0.437558292436665,-0.318328650982215,0.267286965542074,0.0533571203838104,6,8,rnd
radA,FALSE,+,4623935,4625317,-0.437238687744683,-0.245977347581671,0.121873589978841,0.286959773978792,6,16,serB-radA-nadR
proW,FALSE,+,2804032,2805096,-0.437147224691707,-0.397092133880594,0.285783185536888,0.309904528659216,10,10,proVWX
mnaT,FALSE,-,1516352,1516870,-0.43687310351467,-0.311684397525116,0.0347288283211179,0.103595599594757,4,8,mnaT-ydcZ
yghF,FALSE,-,3110076,3110942,-0.436559727972738,-0.464992065872136,0.297183096644832,0.58138963023384,6,8,yghF
psuK,FALSE,-,2256377,2257318,-0.436467772853765,-0.295029423803553,0.134679179884923,0.117230135391989,4,7,psuKG
grxD,FALSE,-,1731778,1732125,-0.43642888476483,-0.121761149325443,0.197950226752622,0.104459574969946,6,3,grxD
pdxA,FALSE,-,52427,53416,-0.436107228250034,-0.44286918051336,0.468723542921814,0.15078427028974,11,9,lptD-surA-pdxA-rsmA-apaGH
creA,FALSE,+,4633544,4634017,-0.435978788088289,-0.198241254323519,0.0540435913450685,0.111963108106466,2,5,creABCD
yfdE,FALSE,-,2486045,2487190,-0.435964826962392,-0.637579694449318,0.23583706254866,0.39028321059405,6,6,yfdX-frc-oxc-yfdVE
ydfT,FALSE,-,1640513,1641265,-0.435963184417354,-0.181873450895662,0.0599307792416073,0.283880073619993,3,6,ydfUT
paaJ,FALSE,+,1458917,1460122,-0.435755867860152,-0.357173198352942,0.264861176806979,0.24170798484446,10,16,paaABCDEFGHIJK
yicL,FALSE,+,3836271,3837194,-0.435717791485383,-0.14290238918121,0.0312995095848124,0.200853008079398,2,8,yicL
fdoI,FALSE,-,4079248,4079883,-0.435674307405923,-0.368858859614628,0.108284765793329,0.112494123599077,3,6,fdoGHI-fdhE
fixC,FALSE,+,44180,45466,-0.435574749648873,-0.274737803401992,0.382283319309855,0.161565844345958,12,4,fixABCX
corA,FALSE,+,3999449,4000399,-0.435496056350558,-0.235919499980971,0.169974805688027,0.309984833996511,5,11,corA
frdB,FALSE,-,4377806,4378540,-0.435478576207501,-0.514321158911831,0.176510897130385,0.529858758835593,7,6,frdABCD
metQ,FALSE,-,220113,220928,-0.434793687957852,-0.202731040270759,0.128341104533555,0.278656317421485,8,2,metNIQ
hypF,FALSE,-,2833195,2835447,-0.434632214570182,-0.359478799924606,0.122813270628203,0.340711195521951,15,19,hydN-hypF
yhbV,TRUE,+,3300511,3301389,-0.434523162090734,-0.170672277784637,0.0812342550420235,0.237868767446255,5,5,yhbUV
ydjN,FALSE,+,1808958,1810349,-0.434493793899157,-0.379932946900357,0.16856206183499,0.245463612388535,4,7,ydjN
yfjU,FALSE,-,2769862,2770176,-0.434410320825429,NA,0.12000340966312,NA,3,0,ypjM_3-yfjU
leuD,FALSE,-,78848,79453,-0.434362308656075,-0.492644168561149,0.174810094267376,0.200508590280611,5,5,leuLABCD
ilvB,FALSE,-,3849119,3850807,-0.434297130992023,-0.321376349129517,0.142629085805793,0.191864943983731,18,6,ivbL-ilvBN-uhpABC
sutR,FALSE,+,1504196,1504732,-0.434160338176325,-0.307139913349371,0.348403077811835,0.667176113122164,3,6,sutR
rimK,FALSE,+,891190,892092,-0.434146173192532,-0.322933544597876,0.313203720007584,0.223475067445141,3,10,ybjC-nfsA-rimK-ybjN
yhjC,FALSE,+,3670365,3671336,-0.433905638164452,-0.257334910105297,0.147519940230819,0.0898933019241286,10,4,yhjC
nrdG,FALSE,-,4457923,4458387,-0.433460047490667,-0.165003275969702,0.364530838367573,0.0879325778490334,4,2,nrdDG
cynS,FALSE,+,358713,359183,-0.433140474516844,-0.551598309973203,0.204871732880306,0.04012226138159,5,2,cynTSX
higB,FALSE,-,3232163,3232477,-0.432899448586391,-0.398201504738532,0,0.0472437260857348,1,3,higBA
bglA,FALSE,+,3041684,3043123,-0.432874585783969,-0.414570794570543,0.214848534617929,0.31007405747043,9,8,bglA
rpiR,FALSE,-,4310124,4311014,-0.432712522441806,-0.468824047179082,0.250204953649418,0.152649225058383,2,5,rpiR-alsBACE
ymdA,FALSE,+,1104637,1104948,-0.432701821003178,-0.31278429590249,0,0.0851991264396483,1,2,ymdA
argD,FALSE,-,3486982,3488202,-0.432506057420602,-0.273051098752991,0.193275679160691,0.34594506458506,10,14,argD
leuB,FALSE,-,80867,81958,-0.432500207693604,-0.350416332903994,0.198138606201716,0.179471768962879,8,8,leuLABCD
cusB,FALSE,+,596702,597925,-0.432332150592935,-0.240978687102762,0.180374938576714,0.257800506009754,14,9,cusCFBA
hypT,FALSE,-,4555401,4556312,-0.43223223443075,-0.298527874996865,0.192715627278317,0.245149295134937,5,7,hypT
yafV,FALSE,-,239419,240189,-0.432100167910914,-0.439523010023235,0.150968971259319,0.0667674995453663,5,7,yafV
rutF,FALSE,-,1069083,1069577,-0.431852996971785,-0.220020654810759,0.110678737310575,0.0916040072964157,5,5,rutABCDEFG
uspE,FALSE,-,1395696,1396646,-0.431501752815901,-0.350333253018737,0.0958817416972255,0.273309599772088,8,9,uspE
clsC,FALSE,+,1105578,1106999,-0.431319386366655,-0.303545745280028,0.158331225679141,0.223482562910446,9,16,ymdB-clsC
sdaA,FALSE,+,1894956,1896320,-0.431302265886002,-0.358956718770451,0.139838051670137,0.38523179481028,5,9,sdaA
xseA,FALSE,+,2632254,2633624,-0.431170128608444,-0.334221171875053,0.0994965321343118,0.240058853837247,12,8,xseA
uxuR,FALSE,+,4552599,4553372,-0.431132531258156,-0.596990017712848,0.30470447888,0.590405389387746,7,5,uxuR
roxA,FALSE,-,1186342,1187463,-0.43107936055769,-0.365824013878398,0.172833493486272,0.381108084495401,7,13,roxA
hycI,FALSE,-,2840595,2841065,-0.431060079300522,-0.554792364560974,0.166891116776871,0.533034738501985,2,3,hycABCDEFGHI
yciH,FALSE,+,1340682,1341008,-0.430817598346604,-0.875273571746321,0,0.0149274191822434,1,3,lapAB-pyrF-yciH
ychN,FALSE,-,1272469,1272822,-0.430703668853632,-0.125684956308678,0.0140256130691677,0.0862764837012191,2,3,ychN
rhsA,FALSE,+,3760206,3764339,-0.430685886998919,-0.584134856603692,0.120090072003774,0.322945932876348,2,2,rhsA-yibA
napF,FALSE,-,2301025,2301519,-0.430639917724585,-0.390995713358335,0.10790244701101,0.14637016463177,3,5,napFDAGHBC-ccmABCDEFGH
yeeS,FALSE,+,2074332,2074778,-0.430259366198306,-1.94062783824553,0.0462202186359997,2.99736921178737,10,2,yeeRST-cbeA-cbtA-yeeW
yraH,FALSE,+,3285448,3286032,-0.430124648068029,-0.413661110839084,0,0.14802242302638,1,4,yraH
gltB,FALSE,+,3352654,3357207,-0.430065657005868,-0.280374262505417,0.20930428882426,0.203308607512519,32,36,gltBDF
yieL,FALSE,-,3897431,3898627,-0.429975545515401,-0.464613999299366,0.102787509835928,0.376335865760046,11,10,bglH-yieLK
appB,FALSE,+,1038519,1039655,-0.429845808101797,-0.508140470283224,0.339717828161724,0.602003304838215,5,8,appCBXA
hisG,FALSE,+,2088216,2089115,-0.429834267885385,-0.364262964084192,0.150450276153973,0.0833954668171926,7,4,hisLGDCBHAFI
fdnG,FALSE,+,1545425,1548472,-0.429701728398358,-0.457511526232177,0.263064739399624,0.359579105993717,16,25,fdnGHI
tktB,FALSE,+,2577658,2579661,-0.429645306514744,-0.269959089451736,0.244608844901356,0.273137228409819,16,26,talA-tktB
ycjT,FALSE,+,1375908,1378175,-0.429272907022625,-0.250022869891958,0.167236661451841,0.220022060180409,9,15,ycjMNOPQRSTUV-ymjB
yjbJ,FALSE,+,4257260,4257469,-0.429057881676854,-0.585826844489925,0,0,1,1,yjbJ
ycgY,FALSE,+,1244383,1244823,-0.428874010985398,-0.327642047111241,0.167753653261415,0.204094114904363,4,2,ycgY
frdA,FALSE,-,4378533,4380341,-0.428834150643655,-0.216375135219916,0.262946646996827,0.282709426869683,11,22,frdABCD
galK,FALSE,-,788054,789202,-0.428802881118869,-0.551146118886071,0.166207642530831,0.217890364021981,8,7,galETKM
glcA,FALSE,-,3117619,3119301,-0.428721045692583,-0.288387818081345,0.114997578251745,0.222657141995064,9,18,glcDEFGBA
ygiM,FALSE,+,3199229,3199849,-0.428664017308862,-0.191978276332166,0.371078988286877,0.37536303498498,5,4,ygiM-cca
galM,FALSE,-,787020,788060,-0.428411165794798,-0.425377396260968,0.122345930949173,0.27210591551864,12,13,galETKM
yhjD,FALSE,+,3671385,3672398,-0.428133771771651,-0.430765019957053,0.178135281099301,0.211457159614652,15,8,yhjD
yiaM,FALSE,+,3742351,3742824,-0.427994985700597,-0.246508701064845,0.306368572902142,0.0860164933135672,3,2,yiaKLMNO-lyxK-sgbHUE
ldtD,FALSE,+,980270,982117,-0.427802366734982,-0.200751133328669,0.167749346324241,0.274305103345222,15,10,ldtD
ansB,FALSE,-,3097704,3098750,-0.427758634829681,-0.479974876160716,0.379603313743564,0.545512970011832,5,9,ansB
tyrA,FALSE,-,2736970,2738091,-0.42766043188158,-0.788509767704925,0.0510023638771617,0.515036298350989,3,6,aroF-tyrA
rlmC,FALSE,+,897741,898868,-0.427072497278625,-0.43682058644301,0.147421832329325,0.132056107268443,8,6,ybjO-rlmC
tdcE,FALSE,-,3258146,3260440,-0.42707129812337,-0.454289133548853,0.250493237352149,0.187073664688562,10,14,tdcABCDEFG
yfiB,FALSE,+,2741647,2742129,-0.426872985286604,-0.568695271756912,0.0581352842706885,0.184585131034402,3,7,yfiR-dgcN-yfiB
hsrA,FALSE,-,3937208,3938635,-0.426577950372847,-0.18660349256682,0.149041845273058,0.0734395318209245,8,10,yieP-hsrA
eutJ,FALSE,-,2567523,2568359,-0.426374179706711,-0.57342608346777,0.270257753246796,0.514065165184714,8,12,eutNEJG
glcB,FALSE,-,3119656,3121827,-0.425847056388596,-0.184900146931128,0.117038538519539,0.200987676419701,18,19,glcDEFGBA
yegK,FALSE,-,2149735,2150496,-0.425841408316466,-0.2013496780533,0.20836264242064,0.295159899868103,4,11,yegLK
yehU,FALSE,-,2210981,2212666,-0.425826046940211,-0.269429472356286,0.437294117848123,0.331144935957035,8,17,yehUT
rmf,FALSE,+,1014938,1015105,-0.425736538659843,NA,0.0583639058533411,NA,2,0,rmf
rbsR,FALSE,+,3936250,3937242,-0.425631009534849,-0.570845040890925,0.181773202898019,0.309674228382465,3,7,rbsDACBKR
yhbS,FALSE,-,3298277,3298780,-0.425470163526545,-0.676603447442748,0,0.790181808280992,1,7,yhbTS
hisB,FALSE,+,2091492,2092559,-0.425433320198839,-0.464718922440125,0.121557994825092,0.29589203925092,2,7,hisLGDCBHAFI
umpH,FALSE,-,698797,699549,-0.425026906757376,-0.617250001547898,0.242395769857793,0.384681173923772,3,3,nagBAC-umpH
fhuA,FALSE,+,167484,169727,-0.424973797231285,-0.409405874749192,0.332403540443419,0.249939603464147,25,21,fhuACDB
sroH,FALSE,-,4188350,4188510,-0.424687572974379,NA,0,NA,1,0,sroH
yceK,FALSE,+,1112802,1113029,-0.424587316654036,-0.57786910688701,0,0.612579647409708,1,2,yceK
proC,FALSE,-,404059,404868,-0.424519003554147,-0.231115567639575,0.160666485886503,0.193741397647396,4,6,proC
ugpC,FALSE,-,3586133,3587203,-0.424358083127984,-0.270154179395171,0.180941419725823,0.325147588770642,6,10,ugpBAECQ
yccX,FALSE,+,1029287,1029565,-0.424338127425036,-0.71537492010472,0.198778050130696,0.143463764523765,5,5,yccX
ycaD,FALSE,+,945094,946242,-0.424338057811717,-0.0686890010504947,0.149448497033115,0.100207982189774,5,7,ycaD
sgbE,FALSE,+,3748109,3748804,-0.42428985473571,-0.625622592979591,0.131281205348713,0.281283786224604,3,2,yiaKLMNO-lyxK-sgbHUE
acpH,FALSE,-,423561,424142,-0.424255331219894,-0.367494747167178,0.115175791726383,0.143153491318058,7,5,acpH
yneG,FALSE,-,1609990,1610349,-0.424205044759096,-0.272685765572791,0.161598274668353,0.270552650905183,3,5,yneHG
ydcS,FALSE,+,1509678,1510823,-0.423984531887643,-0.353972285982651,0.162773723893068,0.151830590842832,8,11,ydcSTUV-patD
btuR,FALSE,-,1325791,1326381,-0.423812214002975,-0.409218078206564,0.204073875227887,0.433265681143225,2,8,yciK-btuR
dsdX,FALSE,+,2475869,2477206,-0.42379107847581,-0.344696421481082,0.122871624264971,0.258336677847485,7,14,dsdXA
garK,FALSE,-,3268647,3269873,-0.423590763197467,-0.387082058540762,0.120724417263901,0.32852268036347,6,16,garPLRK-rnpB
mak,FALSE,+,409368,410276,-0.423458215085027,-0.440575293017919,0.210164093020488,0.345230061767071,2,10,mak
yecN,FALSE,+,1950290,1950685,-0.423337778657739,-0.464419015806258,0.0804510404187992,0.245684425430786,3,2,yecN-cmoAB
ampE,FALSE,+,119281,120135,-0.422949692620338,-0.337449665002058,0.178702321703955,0.510430971287231,4,3,ampDE
purR,FALSE,+,1735868,1736893,-0.422716916838331,-0.38535121871741,0.325161145853803,0.451604376938584,8,9,purR
wcaJ,FALSE,-,2118184,2119578,-0.422664652814908,-0.366761607095027,0.109297591463683,0.301714340361676,3,15,wcaCDEF-gmd-fcl-gmm-wcaI-cpsBG-wcaJ-wzxC
purH,FALSE,-,4203966,4205555,-0.422633388986515,-0.424646610114904,0.296187863893204,0.462453175154681,16,10,purHD
satP,FALSE,-,9928,10494,-0.422572551469802,-0.217258277460662,0.0185986972075968,0.098026710246473,2,8,satP
ygcO,FALSE,+,2891941,2892201,-0.422525827604975,-0.596964240933664,0.236464614602213,0.142159565722056,5,2,ygcNOP
ascB,FALSE,+,2839012,2840436,-0.422522854071181,-0.445019218134529,0.340497881613339,0.291396323843061,7,11,ascFB
dkgB,FALSE,+,229167,229970,-0.422176236253342,-0.45510471173164,0.0248702156762778,0.15897439854262,2,5,dkgB
yneM,FALSE,+,1620670,1620765,-0.422056319455061,NA,0.137327209739489,NA,1,0,yneM
norV,FALSE,+,2830498,2831937,-0.421929275741637,-0.333521717605688,0.20405273185619,0.275254759675895,5,14,norVW
mutL,FALSE,+,4395435,4397282,-0.421764914433741,-0.240081019635403,0.222562573235981,0.224292230970519,11,16,yjeF-tsaE-amiB-mutL-miaA-hfq-hflXKC
allR,FALSE,+,532235,533050,-0.421624064093829,-0.460880508021874,0.372847420125328,0.285392088969685,5,11,allR
gadC,FALSE,-,1566978,1568513,-0.421151668266842,-0.421527295558779,0.255847311021582,0.381021291470128,8,14,gadBC
serB,FALSE,+,4622918,4623886,-0.421063174914144,-0.299791605344167,0.146594670374061,0.0609329726939603,7,6,serB-radA-nadR
copA,FALSE,-,508099,510603,-0.420729996080977,-0.428184815105383,0.145119114504936,0.399150950605046,17,27,copA
ydjO,FALSE,-,1810353,1811168,-0.42032943283206,-0.144493607397221,0.131453326229359,0.0666555225679241,3,3,ydjO
ypfG,FALSE,-,2579756,2580799,-0.419988555803892,-0.324040768233467,0.22438831525071,0.0920661026962958,6,8,ypfG
phnO,FALSE,-,4313127,4313561,-0.419775976118822,-0.231096547831282,0.178012176097179,0.22832437481079,5,5,phnCDE_1E_2FGHIJKLMNOP
yajG,FALSE,-,452813,453391,-0.419697115938581,-0.461255940659724,0.37414975972252,0.503522750337275,7,2,yajG-ampG
yhfK,FALSE,+,3484813,3486915,-0.419646244319584,-0.309601718764698,0.205673743842291,0.233554613171188,18,20,yhfK
paaC,FALSE,+,1453188,1453934,-0.41959355919448,-0.299104575360777,0.20807833383938,0.147800213102563,5,11,paaABCDEFGHIJK
hyfG,FALSE,+,2606509,2608176,-0.419442912124377,-0.417462474739427,0.187856374886076,0.27782288848389,15,17,hyfABCDEFGHIJR-focB
ydeK,FALSE,-,1592133,1596110,-0.419417619369572,-0.413095885876671,0.223872026083254,0.350939772094439,24,29,ydeK
yehI,FALSE,+,2198301,2201933,-0.419231768047908,-0.455155083482129,0.266649003311376,0.319374232703248,25,23,molR_3-yehI
yiiQ,FALSE,-,4109638,4110237,-0.419095528169617,-1.1029150023395,0.138584490584932,1.00204591548439,8,2,yiiQ
fimG,FALSE,+,4546308,4546811,-0.418994980411505,-0.669104916940958,0.296904389380828,0.323471687823411,6,5,fimAICDFGH
uxaC,FALSE,-,3241351,3242763,-0.418926152912091,-0.396498848902179,0.21788272883147,0.380900689366011,9,11,uxaCA
pepN,FALSE,+,989845,992457,-0.418878017388914,-0.516501005980945,0.19054831648875,0.224026856326952,18,12,pepN
ynjF,FALSE,-,1838807,1839427,-0.418695955571612,-0.135822306770075,0.117961846299566,0.122836630576597,4,5,ynjF
yhjG,FALSE,-,3674313,3676388,-0.418690342965676,-0.381129061315496,0.159671761678498,0.577530488937941,13,22,yhjG
yegD,FALSE,+,2145698,2147050,-0.418570334952336,-0.353524343488555,0.151107046793704,0.162207310662863,10,9,yegD
tas,FALSE,+,2969619,2970659,-0.418536711459302,-0.261780847912149,0.0976525055045443,0.0539086156764459,8,7,tas
treR,FALSE,-,4464322,4465269,-0.418405268030908,-0.119231618727518,0.290520048664782,0,9,1,treR
alsC,FALSE,-,4306512,4307492,-0.418349151045428,-0.344861493592411,0.0787341449069089,0.102169750988816,5,11,rpiR-alsBACE
gspE,FALSE,+,3456361,3457842,-0.418309035826926,-0.224286968068177,0.234940069064229,0.161328265297961,10,13,gspCDEFGHIJKLMO
mnmG,FALSE,-,3921767,3923656,-0.418258902869383,-0.654678990124839,0.193605893351615,0.49698454543538,7,17,asnC-mioC-mnmG-rsmG
dmsC,FALSE,+,943256,944119,-0.417936119261357,-0.246872116668832,0.218953706733438,0.165636278003724,10,11,dmsABC
uvrC,FALSE,-,1990898,1992730,-0.417932285943268,-0.346745773131788,0.170688140849489,0.214920135440534,7,17,uvrYC
recR,FALSE,+,493629,494234,-0.417889833655919,-0.4002896886173,0.133367222941294,0.00489898820721176,6,3,ybaB-recR
fliA,FALSE,-,1999094,1999813,-0.417659527504691,-0.331788324747284,0.139213052387216,0.140329581752636,5,5,fliAZ-tcyJ
ybhM,FALSE,+,820016,820729,-0.417577217636706,-0.110349983295523,0.0140719065009216,0.0938952956230466,3,5,ybhM
ybgI,FALSE,+,742050,742793,-0.417523740335116,-0.129669265320298,0.204454816224196,0.176232299760612,5,6,ybgIJKL-nei
tbpA,FALSE,-,74497,75480,-0.417419285432884,-0.300887882717073,0.235722846941668,0.328269727045998,8,7,sgrR-sroA-tbpA-thiPQ
ybhC,FALSE,-,805221,806504,-0.417336865057293,-0.364612917692794,0.194456021304309,0.195002111465103,10,13,ybhC
yeaG,FALSE,+,1864932,1866866,-0.416779470501548,-0.341848635595686,0.185770759656866,0.14449888071953,15,11,yeaGH
ybiH,FALSE,-,829195,829866,-0.416779251960055,-0.207144933202601,0.267511162431753,0.0328837983863491,4,4,ybiH
apt,FALSE,+,490636,491187,-0.416296195138534,-0.4355651088747,0.197949421990029,0.438511160582617,2,6,apt
ddpA,FALSE,-,1558955,1560505,-0.416292307473539,-0.399287828502301,0.131479197931494,0.300335640357509,9,6,ddpXABCDF
nudC,FALSE,+,4194926,4195699,-0.41603692591186,-0.405260488926402,0.0353254335709874,0.303489546142197,4,12,nudC-hemE-nfi
mltF,FALSE,+,2693823,2695379,-0.416004960838136,-0.361396820146203,0.235199311640477,0.199329418436436,12,14,mltF
nikA,FALSE,+,3611690,3613264,-0.41597068310654,-0.548500175128511,0.153863322709435,0.429555654933233,16,6,nikABCDER
ybdM,FALSE,-,633970,634599,-0.415878957187466,-0.685428721163723,0.225599123894338,0.202708547668669,7,5,ybdM
G0-10704,FALSE,+,3999214,3999357,-0.415594848249771,NA,0.00182139695081346,NA,3,0,G0-10704
gcvP,FALSE,-,3044190,3047063,-0.415545066556367,-0.263403782405854,0.309728167841379,0.32936287930873,22,16,gcvTHP
aidB,FALSE,+,4412298,4413923,-0.415397289391014,-0.381849330422566,0.0753479286259911,0.14941153952584,8,18,aidB
ylbH,FALSE,+,527173,527883,-0.415271813171801,-0.359356142404853,0.186700289415318,0.0287285531908665,2,3,rhsD-ybbC-ylbH-ybbD
galT,FALSE,-,789206,790252,-0.415107401956212,-0.513927541924634,0.375509655088059,0.288622480565354,8,4,galETKM
pgaD,FALSE,-,1085329,1085742,-0.415092808591944,-0.444587530491612,0.108315646917882,0,5,1,pgaABCD
ycjU,FALSE,+,1378172,1378831,-0.415074934613565,-0.249133196189503,0.462975196975158,0.197580148530909,7,9,ycjMNOPQRSTUV-ymjB
yceB,FALSE,-,1121936,1122496,-0.415004338211234,-0.0201599423712682,0.0550483825522946,0.335995158824727,4,2,yceB
menH,FALSE,-,2374856,2375614,-0.414980376465256,-0.717215009694544,0.206843764783121,0.38260174750446,5,13,menFDHBCE
yneL,FALSE,-,1588381,1588560,-0.41494869890421,NA,0.17838025295758,NA,1,0,yneL
rsmI,TRUE,-,3290497,3291357,-0.414917638287993,-0.499506417645424,0.187941070627413,0.464515021017147,4,7,rsmI
yehA,FALSE,-,2185402,2186436,-0.414809748140193,-0.607384375070079,0.162622075425153,0.107862438440158,4,4,yehDCBA
aldB,FALSE,-,3752996,3754534,-0.414628969927437,-0.357763925664607,0.0679375254686841,0.323774632785805,4,20,aldB
yijO,FALSE,-,4145489,4146340,-0.414477946990917,-0.101426146968967,0.220495698980639,0.0457502126813821,9,3,yijO
yahN,FALSE,-,344890,345561,-0.414454832050923,-0.25775317399017,0.158082226965434,0.668850482592442,7,4,yahN
ilvD,FALSE,+,3951501,3953351,-0.414414957090065,-0.323863888912862,0.172365054348078,0.26478471365897,13,18,ilvLXG_1G_2MEDA
argO,FALSE,-,3066195,3066830,-0.414272303957474,-1.07473269044212,0.223441382318141,1.2193470040395,3,5,argO
mdtF,FALSE,+,3658437,3661550,-0.414266789849992,-0.368232137360512,0.19636227921346,0.285254641842022,20,27,gadE-mdtEF
galE,FALSE,-,790262,791278,-0.414220721527417,-0.347967291099672,0.117285388258646,0.4167996772201,4,7,galETKM
yejB,FALSE,+,2272201,2273295,-0.414216396206223,-0.23350500744022,0.266151579941064,0.0443993364275016,7,4,yejABEF
ydhF,FALSE,-,1722760,1723656,-0.414149523601864,-0.503986191304884,0.0873737351564057,0.380680672540407,5,7,ydhF
ydiY,FALSE,-,1803349,1804107,-0.413899355879365,-0.177492572905182,0.237158816343176,0.394736249686069,4,3,ydiY
grxA,FALSE,-,889719,889976,-0.413736941738173,-0.785683507287273,0.119663947568675,0,2,1,grxA
greB,FALSE,+,3534834,3535310,-0.413665857967431,-0.334513859327738,0.0794152734005196,0.0818927845125533,3,4,greB
abgT,FALSE,-,1398271,1399797,-0.413630109996462,-0.614650828473691,0.19432693491556,0.304891561579821,11,16,abgABT-ogt
ppdD,FALSE,-,117109,117549,-0.413064335478519,-0.217977378472861,0,0.0677253313906001,1,2,ppdD-hofBC
yoaE,FALSE,-,1898053,1899609,-0.412695898923295,-0.431431397199102,0.125591968804759,0.232923975539379,10,16,yoaE
ygcG,FALSE,+,2903733,2904605,-0.412678826406842,-0.388964530735276,0.1197637434358,0.198927325320486,2,5,ygcG
pbpG,FALSE,-,2221960,2222892,-0.41253527247106,-0.228304065051275,0.110466999844292,0.0781105058711543,8,6,pbpG
yiiD,FALSE,+,4075472,4076461,-0.412447616318271,-0.29464867909808,0.202072374962359,0.18784639108061,7,11,yihXY-dtd-yiiD
ydgJ,FALSE,-,1701292,1702332,-0.41242822157714,-0.293323975140375,0.149752727177995,0.271847938009266,5,10,ydgJ
btuC,FALSE,-,1792196,1793176,-0.412421249462337,-0.285187804613648,0.0396274724991675,0.133652523833074,4,6,btuCED
ygcE,FALSE,+,2899918,2901396,-0.412204095598626,-0.240859872798518,0.116499723037851,0.0992975041885421,8,11,yqcE-ygcE
hyaE,FALSE,+,1035577,1035975,-0.412153829447148,-0.245495855105891,0.00145492274015935,0.200434664299261,5,2,hyaABCDEF
flhC,FALSE,-,1975290,1975868,-0.412081249477378,-0.0894005959445785,0.050042170165699,0.0465510253928763,4,2,flhDC
bioF,FALSE,+,809604,810758,-0.412035944497683,-0.214943715777809,0.243667658003752,0.293422281730629,9,11,bioBFCD
exuT,FALSE,+,3243246,3244544,-0.411788021607004,-0.222711419770028,0.0949988835799106,0.201461717252314,7,11,exuT
uidR,FALSE,-,1694486,1695076,-0.411764760053469,-0.274880648460835,0.146367676733131,0.369052055918807,5,2,uidR
ygeQ,FALSE,-,2996056,2996850,-0.411746425400712,-0.414198872532116,0.261449272398959,0.263391105208758,7,7,ygeQ
gntT,FALSE,+,3544581,3545897,-0.411297078599916,-0.529830282275847,0.0766364462260557,0.382757849494159,4,9,gntT
phnI,FALSE,-,4317622,4318686,-0.411173106384043,-0.341845269872262,0.0915026806740925,0.0696730928438425,10,9,phnCDE_1E_2FGHIJKLMNOP
ybgO,FALSE,-,747144,748205,-0.411071810301282,-0.29726706192584,0.280497697060411,0.169580038423423,8,6,ybgQPO
insK,FALSE,+,3719177,3720072,-0.411057134141897,-0.4997544446435,0,0.258550552901074,1,4,insK
arcZ,FALSE,+,3348599,3348719,-0.411047034352603,-0.387700530826271,0,0.176133650552425,1,2,arcZ
yeaY,FALSE,-,1887975,1888556,-0.410992563402943,-0.285865344556504,0.301037535087838,0.191349203840294,7,9,tsaB-yeaY
basS,FALSE,-,4330204,4331295,-0.410932511063108,-0.202137671137895,0.0903672204358305,0.272486682718601,6,10,basRS
caiD,FALSE,-,35377,36162,-0.410927050412146,-0.529007180017868,0.109187983816596,0.358816384231982,4,8,caiTABCDE
arsC,FALSE,+,3648260,3648685,-0.4107059204344,-1.25440686457524,0.0300587122109883,0.943564996559633,3,2,arsRBC
hicB,FALSE,+,1507511,1507948,-0.41051879729566,-0.837295367574908,0,0.246467865406082,1,2,hicAB
ydjM,FALSE,+,1808235,1808825,-0.410504512577445,-0.3574671756303,0.135169994842433,0.239075967737796,3,2,ydjM
yddA,FALSE,-,1575681,1577366,-0.410413441334887,-0.131206836707436,0.170095243620361,0.105035560252427,9,11,yddAB
arnD,FALSE,+,2368040,2368930,-0.410116044022973,-0.285886819572411,0.376471985973945,0.0226118195955061,7,3,arnBCADTEF
dhaR,FALSE,+,1250289,1252208,-0.410106417761863,-0.275888352226544,0.269749274603791,0.188110924627285,7,17,dhaR
folM,FALSE,+,1679000,1679722,-0.41003326938262,-0.245432005251153,0.239555666277959,0.372127203635738,8,2,ydgI-folM
epmC,FALSE,-,2442225,2442773,-0.409826385260235,-0.511660065562197,0.0418366866066185,0.158223665552832,4,4,prmB-aroC-mepA-yfcA-epmC-yfcL
mltG,FALSE,+,1153335,1154357,-0.409822493289826,-0.388516785465725,0.0682750186774285,0.0999848311280123,5,7,pabC-mltG-tmk-holB-ycfH
ycfP,FALSE,+,1164366,1164908,-0.409679862273664,NA,0.0985486364798138,NA,2,0,hinT-ycfL-lpoB-thiK-nagZ-ycfP
intQ,FALSE,+,1649536,1650732,-0.409288780108568,-0.467899786142713,0.0263500929267615,0.354228331503144,5,5,dicB-ydfDE-insD-intQ
bglG,FALSE,-,3903754,3904590,-0.409114719635816,-0.487454995034932,0,0.638604694283481,1,8,bglGFB
pliG,FALSE,-,1226294,1226695,-0.408900995330387,-0.34606786449266,0.0530763442664317,0.0161107610813636,5,2,pliG
rarD,FALSE,-,4001311,4002201,-0.408707231120728,-0.388668681400482,0.0625182785884623,0.477372864862116,5,6,rarD
mcrA,FALSE,+,1209569,1210402,-0.408701508020512,-0.53462402750422,0.0945636557396494,0.150781293552936,4,4,mcrA
napG,FALSE,-,2297587,2298282,-0.408484332277856,-0.438075614439477,0.170565464998765,0.57607369408326,7,5,napFDAGHBC-ccmABCDEFGH
atoD,FALSE,+,2321469,2322131,-0.40847814062162,-0.543685972834809,0.117974501787881,0.262583521676666,4,3,atoDAEB
grxB,FALSE,-,1122630,1123277,-0.4084779740909,-0.485793863852699,0.0105713138724243,0.0979064814571302,3,2,grxB
uup,FALSE,+,1009187,1011094,-0.408473599457595,-0.170017355664819,0.13574418774497,0.163707620400853,12,10,rlmL-uup
etp,FALSE,-,1043453,1043899,-0.40845567428907,-0.36631496632354,0.0680291645572883,0.782111674041666,2,9,gfcE-etp-etk
yfcA,FALSE,-,2442773,2443582,-0.408398648481363,-0.184139060773858,0.040749884227622,0.149054762911916,6,15,prmB-aroC-mepA-yfcA-epmC-yfcL
yaiW,FALSE,+,397096,398190,-0.408277828403807,-0.604913787835608,0.0683494907762465,0.337718505497259,9,6,sbmA-yaiW
djlC,FALSE,+,679435,680886,-0.408233477367262,-0.514293444864373,0.106921945604763,0.35295523963964,7,7,ybeU-djlC
nhaB,FALSE,-,1232399,1233940,-0.408207667488905,-0.243296558831199,0.20650510937489,0.286365389765572,13,12,nhaB
yafE,FALSE,+,231926,232549,-0.408158783234988,-0.394344935446105,0.304023102495635,0.292402645646771,3,5,yafDE
atoA,FALSE,+,2322131,2322781,-0.408124849178091,-0.245984089409487,0.29014635719492,0.282013665343761,3,2,atoDAEB
yihI,FALSE,+,4049370,4049879,-0.407865592733465,-0.444117197324367,0.1254867033999,0.421495427241125,2,4,yihI
citF,FALSE,-,647262,648794,-0.407657816535823,-0.199542409171472,0.288569474977545,0.162617015015828,14,9,citCDEFXG
yeeP,FALSE,+,2068810,2069235,-0.407619691306583,-0.27342845101989,0.345065156221525,0.268541162396486,9,3,yeeP
yqcC,FALSE,-,2921806,2922135,-0.407578123712147,-0.0709891908896408,0.293344822381368,0.284244889631029,3,2,yqcC-truC-yqcA
argC,FALSE,+,4153024,4154028,-0.407574358627198,-0.240296917269795,0.202293375716092,0.179981456563428,7,3,argCBH
emrY,FALSE,-,2478660,2480198,-0.407462493040627,-0.258926594749817,0.293063767836904,0.330650302334426,5,14,emrKY
exbD,FALSE,-,3148840,3149265,-0.407419307264005,-0.32011506887921,0.172724247125699,0.100990295726457,3,3,exbBD
yfeH,FALSE,+,2524968,2525966,-0.407413553475039,-0.385798618183718,0.0845683762363186,0.179968321456664,4,10,yfeH
exbB,FALSE,-,3149272,3150006,-0.407348200479991,-0.37907135426357,0.249984747557788,0.187755083390861,4,6,exbBD
ybjQ,FALSE,+,903816,904139,-0.407147108094572,-0.46176794849792,0.154433972146208,0.279975592097136,1,5,ybjQ-amiD
yciE,FALSE,-,1312742,1313248,-0.406852058067796,-0.271390334061899,0.189480154874829,0,4,1,yciGFE
yjdN,FALSE,-,4323321,4323764,-0.406845500080283,-0.0561135823085215,0,0.174181117114072,1,4,yjdN
nadR,FALSE,+,4625338,4626570,-0.406804146305143,-0.594635995013819,0.0773003256994845,0.536241888515405,10,10,serB-radA-nadR
ybaL,FALSE,-,500786,502462,-0.406793608935379,-0.31500531879692,0.261291810770105,0.194390895757986,11,17,ybaL
yaeR,FALSE,+,211877,212266,-0.406699068894251,-0.30868800305296,0.628491501469316,0.0218487121495989,2,3,yaeR
yraK,FALSE,+,3289363,3290454,-0.40666481582785,-0.164851975875294,0.159001360580161,0.142375088329064,6,8,yraIJK
glgS,FALSE,-,3189761,3189961,-0.406576681669264,NA,0.267864407613037,NA,1,0,glgS
yeeO,FALSE,-,2056227,2057870,-0.406181983684253,-0.382059944203508,0.128296950358798,0.263729886554856,9,17,yeeO
yeeJ,FALSE,+,2042935,2050038,-0.40612425816381,-0.33685994898191,0.191060211511323,0.27102060325292,58,58,yeeJ
queE,FALSE,-,2902769,2903440,-0.406022411234351,-0.260007648001771,0.107984744434002,0.167674236099515,5,4,queE
ygjI,FALSE,+,3224256,3225689,-0.406005775630851,-0.255855416158939,0.123484989199691,0.307099616817398,11,14,ygjI
ynjA,FALSE,+,1833539,1834087,-0.405958438407248,-0.323040016613586,0.121022247804616,0.376920851248289,4,3,ydjXYZ-ynjABCD
fucI,FALSE,+,2933606,2935381,-0.405871661346689,-0.304154790371627,0.243722962485634,0.23979102097557,20,17,fucPIKUR
dmlA,FALSE,+,1879936,1881021,-0.405855581729404,-0.399325507449096,0.165664425070367,0.204154891236114,9,8,dmlA
yhhQ,TRUE,+,3607240,3607905,-0.405815961408465,-1.23854278488287,0.163500630685659,0.446617484140835,4,4,yhhQ
yfaL,FALSE,-,2338439,2342191,-0.405813791870037,-0.390407514414098,0.16612559113288,0.315338927546941,15,43,yfaL
tamA,FALSE,+,4440405,4442138,-0.405475262743645,-0.312261998907724,0.116987278346195,0.296422510146947,11,15,tamAB-ytfP
hyi,FALSE,+,534934,535710,-0.405423854017098,-0.43858318339021,0.0144214391979017,0.255821904123927,3,8,gcl-hyi-glxR-ybbW-allB-ybbY-glxK
kduD,FALSE,-,2980519,2981280,-0.405347013824942,-0.47795583452058,0.0291729009972619,0.301982894904228,3,8,kduD
efp,FALSE,+,4373722,4374288,-0.405338506690291,-0.355157489463566,0,0.664998252100784,1,3,efp
tpke11,FALSE,+,14080,14168,-0.405250236779316,0.103680773307091,0,0,1,1,dnaK-tpke11-dnaJ
yfcQ,FALSE,-,2448609,2449097,-0.405243513293779,-0.145691680598425,0.149506072830542,0,4,1,yfcUTSRQPO
yfeZ,FALSE,-,2549299,2549748,-0.405142742290395,-0.201429235107623,0,0.158412338800454,1,6,ypeA-yfeZ
lpoB,FALSE,+,1161861,1162502,-0.404927260983221,-1.1338339102391,0.137485901510014,0.776641223765466,5,3,hinT-ycfL-lpoB-thiK-nagZ-ycfP
xapR,FALSE,-,2519615,2520499,-0.404862692201334,-0.0786571152694114,0.079227305474755,0.044796224106076,3,4,xapR
yjjU,FALSE,+,4610434,4611507,-0.404803933751832,-0.234963719414599,0.151964287522461,0.0791111896812019,5,7,yjjUV
ldcA,FALSE,-,1241389,1242303,-0.404736413710982,-0.535197454196504,0.310212060466309,0.316358664761092,4,5,ldcA
rcsF,FALSE,-,219591,219995,-0.404676505438047,-0.451557133755825,0.0980705369915561,0,3,1,rcsF-trmO
adrA,FALSE,+,402927,404042,-0.404535464363897,-0.211208969911307,0.104944372554232,0.193734047334136,4,12,adrA
ydaV,FALSE,+,1420007,1420753,-0.404479425004163,-0.234858443882308,0.184691967479571,0.297738705821453,5,6,ydaSTUVW-rzpR
wzxC,FALSE,-,2116704,2118182,-0.404327110196754,-0.360150643228814,0.226759008568065,0.269187594425404,7,17,wcaCDEF-gmd-fcl-gmm-wcaI-cpsBG-wcaJ-wzxC
cmtA,FALSE,-,3075493,3076881,-0.404195674443712,-0.291422725144691,0.2653730082076,0.254626492218792,9,15,cmtBA-yggPFDC
sbcD,FALSE,-,414974,416176,-0.403656289683135,-0.278644034983826,0.163888380274391,0.225217034802246,7,6,sbcDC
prkB,FALSE,+,3482512,3483381,-0.402959924477922,-0.173821421355123,0.0979975015096916,0.18030768898779,4,7,prkB
ymgA,FALSE,+,1215291,1215563,-0.402955623394934,-1.47762052050819,0,1.25819572835542,1,2,ycgZ-ymgA-ariR-ymgC
ydgD,FALSE,+,1669984,1670805,-0.402784481203346,-0.55164029632259,0.355611328085277,0.568919926375159,6,8,ydgD
lpp,FALSE,+,1755445,1755681,-0.402636501080304,-0.337894769232968,0,0.101263733511779,1,2,lpp
allA,FALSE,+,531675,532157,-0.402318086417848,-0.567464444455133,0.052890990142251,0.170950493746969,2,3,allA
iap,FALSE,+,2874603,2875640,-0.402246963643878,-0.106317126493737,0.0491259910098219,0.133289360173781,5,9,iap
arfB,FALSE,+,214833,215255,-0.402175034319447,-0.276099071574528,0.317220087366313,0.0170337391394028,2,3,yaeQ-arfB-nlpE
xapB,FALSE,-,2520751,2522007,-0.401857162080952,-0.241818493821546,0.258009757183655,0.293354013974511,7,11,xapAB
yebG,FALSE,-,1928481,1928771,-0.401670380350362,-0.345064965447327,0.141144667489522,0.179311391568234,7,2,yebG
gntU,FALSE,-,3573744,3575084,-0.401337760349216,-0.293074521715934,0.311612291624173,0.177143054733906,5,7,gntRKU
yhhS,FALSE,-,3608539,3609756,-0.401203055717683,-0.148370483399468,0.31847692441899,0.363338197479987,11,16,yhhS
psuT,FALSE,-,2254107,2255357,-0.401146075767445,-0.379242437781836,0.0506015912353229,0.186390059243437,4,17,psuT
nrfG,FALSE,+,4291566,4292162,-0.401141051955301,-0.295538991576331,0.104511301652015,0.28075869083265,3,5,nrfABCDEFG
yciV,FALSE,+,1321244,1322125,-0.401091719564103,-0.38902422773197,0.282320390451285,0.659780441676948,7,11,yciVOQ
yahD,FALSE,+,334504,335109,-0.401049329326042,-0.0980281020619634,0.105668795706679,0.336075610499035,2,4,yahDEFG
dkgA,FALSE,+,3154645,3155472,-0.400925721929545,-0.250963668450459,0.274427371473551,0.183026282714957,5,7,yqhD-dkgA
yfjX,FALSE,+,2773941,2774399,-0.400850836865243,-0.304587315694091,0.257084999974648,0.144769811351749,3,2,yfjXY-ypjJ-yfjZ-ypjF
pal,FALSE,+,778290,778811,-0.400673717043076,-0.810886309142042,0.160340635097641,0.308112960503231,2,2,tolB-pal-cpoB
gatR_1,FALSE,-,2167717,2168163,-0.400672917942946,-0.462136045350758,0.232388896332509,0.682129352913871,2,2,gatR_1
zinT,FALSE,+,2039399,2040049,-0.400315836240045,-0.288309203094793,0.00444819246849848,0,3,1,zinT
ygeA,FALSE,-,2977965,2978657,-0.400059356953545,-0.362612039942236,0,0.255500885136765,1,4,araE-ygeA
lhgO,FALSE,+,2788004,2789272,-0.399705507816265,-0.372886893995482,0.0612890324355888,0.255326863507013,7,11,csiD-lhgO-gabDTP
xylF,FALSE,+,3729154,3730146,-0.399534979797968,-0.467707064915016,0.207465560216399,0.0789837096500313,3,7,xylFGHR
argT,FALSE,-,2425031,2425813,-0.399335277981238,-0.474467500201715,0.0883851480511482,0.163030340874359,5,4,argT-hisJQMP
cysK,FALSE,+,2530431,2531402,-0.399328084864605,-0.219070550173117,0.216858635719549,0.409803542841454,9,8,cysK
uspG,FALSE,-,640662,641090,-0.399131143840284,-0.041586076968311,0.187740228107211,0,5,1,uspG
nrfE,FALSE,+,4289535,4291193,-0.399101374656464,-0.20691401687233,0.146721777158543,0.242136007385588,12,16,nrfABCDEFG
ycjM,FALSE,+,1368240,1369919,-0.399016550745342,-0.153030253839162,0.115597583105861,0.212053222362954,6,11,ycjMNOPQRSTUV-ymjB
waaY,FALSE,-,3798290,3798988,-0.398959185852974,-0.98907102690376,0.37253002968355,0.962498250664354,4,3,waaQGPSBOJYZU
avtA,FALSE,+,3737728,3738981,-0.398783621771503,-0.195862175488259,0.154003153436563,0.303473080981488,8,6,avtA
yfeN,FALSE,+,2523149,2523913,-0.398750041997527,-0.545294462937804,0.0520427054177049,0.195663342515315,4,7,yfeN
aroM,FALSE,+,406652,407329,-0.398743810292083,-0.256403308826812,0.0945931713355396,0.174375310411627,4,3,aroL-yaiA-aroM
yegW,FALSE,-,2180057,2180803,-0.398624817216235,-0.672155304519075,0.0869923659319089,0.525225258920061,1,4,yegW
ycjR,FALSE,+,1374058,1374846,-0.398570780925145,-0.19923350822943,0.293833181423705,0.354017610723783,8,7,ycjMNOPQRSTUV-ymjB
mrcB,FALSE,+,164730,167264,-0.398388586185572,-0.326045003898661,0.1667338765193,0.265169735182038,17,24,mrcB
yjiC,FALSE,-,4553513,4554343,-0.39835284919624,-0.520306531714514,0.210338042056191,0.0789048921320258,7,5,yjiC
glgC,FALSE,-,3566056,3567351,-0.398350423215977,-0.306998723473452,0.257421777884909,0.198721609258998,18,13,glgBXCAP
nupG,FALSE,+,3103736,3104992,-0.3982265429834,-0.398435341016701,0.0919262865512918,0.198664714876303,8,10,mutY-yggX-mltC-nupG
ydeA,FALSE,+,1615052,1616242,-0.39810564107546,-0.259957278889478,0.24849314312806,0.218457773682108,7,11,ydeA
dgt,FALSE,+,179237,180754,-0.397261411434332,-0.274287427035163,0.209836984649262,0.293308624991666,8,14,dgt
sgcC,FALSE,-,4526953,4528266,-0.397222159307359,-0.424130187984952,0.0714626214212897,0.326023903946714,9,14,sgcXBCQAER
eutC,FALSE,-,2554432,2555319,-0.397127435374097,-0.249306207802508,0.177617227471748,0.143952592265945,9,6,eutBCLKR
prpR,FALSE,-,346081,347667,-0.396998442535225,-0.463551804243275,0.208342339343084,0.266765470990475,14,18,prpR
htrE,FALSE,-,152829,155426,-0.396599456841905,-0.534665547699857,0.235114539106403,0.553006279872278,13,10,yadV-htrE
feoB,FALSE,+,3538429,3540750,-0.396464020268598,-0.447023706831499,0.202818760499253,0.219120571314405,9,18,feoABC
yfbK,FALSE,-,2382017,2383744,-0.396135506393915,-0.253953487337437,0.135248069258902,0.350221335842616,7,9,yfbK
ybdR,FALSE,+,641311,642549,-0.396124241859035,-0.245366474441137,0.153563864260792,0.15728869795583,4,15,ybdR
dctA,FALSE,-,3680184,3681470,-0.396079290908888,-0.686336908246163,0.151215410436861,0.280654834122918,7,16,dctA
carB,FALSE,+,30817,34038,-0.396065686913834,-0.596388447535364,0.191986786520802,0.431188163591385,13,21,carAB
yfeD,FALSE,+,2516835,2517227,-0.395978087726149,-0.256334715942913,0.352212229594211,0,3,1,yfeCD
ppsA,FALSE,-,1782758,1785136,-0.395867801269376,-0.327806220126537,0.283183629448126,0.275098728109863,17,21,ppsA
perR,FALSE,-,268513,269406,-0.395853479819881,-0.378337164788949,0.257126366052268,0.226227680764876,10,8,perR
yggT,FALSE,+,3093842,3094408,-0.395775988270548,-0.19637719689148,0.0418806654083327,0.380382812128586,3,5,yggSTU-rdgB-yggW
ydbL,FALSE,+,1443904,1444230,-0.395760468319712,-0.432835693734647,0,0.160415786201099,1,3,ydbH-ynbE-ydbL
ninE,FALSE,+,572144,572314,-0.395746474172697,-0.334977131492395,0,0.240018517294404,1,3,ybcN-ninE-ybcO-rusA-ylcG
yqgC,FALSE,+,3084209,3084424,-0.395447490204405,-0.378137701185677,0,0.429254083090341,1,2,yqgC
yihS,FALSE,-,4068538,4069779,-0.395428438496726,-0.601099036244394,0.135529372119876,0.492303816493312,6,13,yihUTS
abgR,FALSE,+,1402765,1403673,-0.395393129981678,-0.0561940145344383,0.0710766178242894,0.0495123525391675,6,2,abgR
fucO,FALSE,-,2929887,2931035,-0.395262486485597,-0.51119919275946,0.167607367101962,0.390283979563849,6,14,fucAO
bcsG,FALSE,+,3696237,3697916,-0.395159607389642,-0.250811475848578,0.282167196032632,0.0803860269241049,11,11,bcsEFG
sfsB,FALSE,+,3332931,3333209,-0.39509279324837,-0.34972737202095,0.184347720167547,0.101605671170455,5,4,sfsB
oxc,FALSE,-,2488278,2489972,-0.394981872758556,-0.207971292839953,0.10815956689633,0.176135004475681,13,11,yfdX-frc-oxc-yfdVE
hdeB,FALSE,-,3653989,3654315,-0.394767739861681,-0.278478342736923,0.207177959688489,0,2,1,hdeAB-yhiD
glpC,FALSE,+,2353543,2354733,-0.394753737223949,-0.386749573943966,0.152073153453569,0.374393411839473,11,6,glpABC
yagF,FALSE,+,282425,284392,-0.394674086066744,-0.20874547301642,0.144931562554013,0.221677408913123,21,27,yagEF
malZ,FALSE,+,421742,423556,-0.394482138916572,-0.37473781400109,0.270127137570135,0.231975061547598,12,14,malZ
pheP,FALSE,+,601182,602558,-0.394242490244953,-0.158325394712705,0.276701491922861,0.239422051415769,2,12,pheP
ssuD,FALSE,-,994066,995211,-0.394062084233107,-0.349762607160747,0.206356553482458,0.156116118343118,11,16,ssuEADCB
yhjK,FALSE,-,3681653,3683602,-0.393955286464711,-0.259436562738722,0.160884351382235,0.209771129925842,23,10,yhjK
gabD,FALSE,+,2789295,2790743,-0.393859772060252,-0.377223417440045,0.195381757265811,0.368584149265462,13,16,csiD-lhgO-gabDTP
glcD,FALSE,-,3124544,3126043,-0.393568780397219,-0.438278592402664,0.151637810164994,0.39701458342475,11,16,glcDEFGBA
ygdR,FALSE,+,2969293,2969511,-0.393478571428108,-0.10221697401065,0,0.0477134700087564,1,2,ygdR
ynbA,FALSE,+,1475645,1476250,-0.393477149067905,-0.246605638992778,0.048996724468908,0.264706557317612,4,6,ynbABCD
zntR,FALSE,-,3436727,3437152,-0.39328744106019,-0.686910936510729,0.105101013719937,0.856658092909067,3,3,yhdN-zntR
cobU,FALSE,-,2063243,2063788,-0.393135469464841,-0.338160288384214,0.067608441626021,0.466813191189646,3,6,cobUST
csiR,FALSE,+,2793696,2794358,-0.39305274440192,-0.724344278805857,0.0796123431794095,0.616693354589871,4,9,csiR
trpA,FALSE,-,1314440,1315246,-0.393042979697221,-0.25075241589369,0.108296837244202,0.210644655355642,5,6,trpLEDCBA
tdcD,FALSE,-,3260474,3261694,-0.392879489401359,-0.217134250451861,0.17267853070475,0.33390102534387,10,7,tdcABCDEFG
mazF,FALSE,-,2908778,2909113,-0.392584166144735,-0.494276112965221,0.0692305257479697,0,4,1,relA-mazEFG
galR,FALSE,+,2974621,2975652,-0.392574692320667,-0.637512244860835,0.242386988001711,0.575281779318292,7,7,galR
ssuA,FALSE,-,995208,996167,-0.392487998974309,-0.263728237105555,0.230810954743795,0.084093598996748,9,8,ssuEADCB
yfaY,FALSE,-,2360453,2361655,-0.392477597220908,-0.599641861344967,0.179613685226702,0.394277735228885,6,8,yfaY
ynfG,FALSE,+,1661014,1661631,-0.39242414436595,-0.312693177249554,0.110602018460285,0.243505248710147,10,6,ynfEFGH-dmsD
napH,FALSE,-,2296737,2297600,-0.392323542294852,-0.383900771183571,0.196743395729482,0.336465668783905,7,7,napFDAGHBC-ccmABCDEFGH
ahpC,FALSE,+,638168,638731,-0.392284238494429,-0.605086525562284,0.218388284336242,0.140021938220978,5,4,ahpCF
acrD,FALSE,+,2585617,2588730,-0.392227113825913,-0.498805526513469,0.189492155984641,0.293271682585577,24,19,acrD
ycgX,FALSE,-,1211926,1212330,-0.39208019282138,-0.228337118941819,0,0,1,1,ycgX
yigZ,FALSE,+,4030515,4031129,-0.391939049288946,-0.2914436044777,0.00985645026422832,0.334475434261827,3,9,pepQ-yigZ-trkH-hemG
arsB,FALSE,+,3646958,3648247,-0.391921089669911,-0.371389331793215,0.0594114338571739,0.264273442482639,10,19,arsRBC
yqjG,FALSE,+,3249046,3250032,-0.391740339994591,-0.118292952414437,0.219101521600266,0.124588210778354,8,7,yqjG
clpB,FALSE,-,2729622,2732195,-0.391616106070508,-0.445208997488068,0.14092500322463,0.21054757567648,9,15,clpB
pdxB,FALSE,-,2434737,2435873,-0.391467569726216,-0.557201995465669,0.152660829753174,0.315974116910233,10,9,pdxB-usg-truA-dedA
ymdB,FALSE,+,1105043,1105576,-0.391394045751499,-0.0392314989592485,0.107657224820283,0.0887367945665859,5,5,ymdB-clsC
ygcR,FALSE,-,2893798,2894577,-0.391319704059553,-0.24526858279574,0.095191296699118,0.247446019699859,6,13,ygcRQ
yeaV,FALSE,+,1881212,1882657,-0.391186080059681,-0.304969328519307,0.213286229301533,0.295079869495679,9,9,yeaVW
yjaZ,FALSE,+,4187809,4188348,-0.390871009543815,-0.205296250966099,0.174518619162334,0.290716807050027,4,6,yjaZ
pflB,FALSE,-,950495,952777,-0.390745179030122,-0.243644461537678,0.146332418032882,0.220671206646411,20,24,focA-pflB
ahr,FALSE,-,4493213,4494232,-0.390505046185524,-0.303087407746251,0.324820056907119,0.149364259377689,5,11,ahr
ugpA,FALSE,-,3588047,3588934,-0.39034593378088,-0.22026347830309,0.2556931055178,0.15809908543013,8,4,ugpBAECQ
mscK,FALSE,+,485760,489122,-0.390221153477635,-0.335135521365782,0.228919151182331,0.213916398314701,22,21,mscK
dinG,FALSE,+,832293,834443,-0.389880330307851,-0.5043065823877,0.122700862025531,0.471965997641184,19,15,dinG
qmcA,FALSE,-,514080,514997,-0.389767705122958,-0.511480498506707,0.280607597965999,0.0834731527548313,10,4,qmcA-ybbJ
intF,FALSE,-,294920,296320,-0.389660652260607,-0.303205173377506,0.313429332897599,0.436028993246133,10,7,intF
bcsQ,FALSE,-,3693256,3693984,-0.389555221522614,-0.158997520361445,0.122652181142362,0.0338425663409754,4,5,bcsQ
rstB,FALSE,+,1680906,1682207,-0.389271741972505,-0.340575975192903,0.304157567957853,0.0445808204274581,6,14,rstAB
yigI,FALSE,-,4002253,4002720,-0.389008448707105,-0.298324669765243,0.0981373879071086,0.0988382489566295,3,4,yigI
ypeA,FALSE,-,2549735,2550160,-0.388998476629326,-0.269089058622998,0.0556337104403569,0.331387516055273,1,5,ypeA-yfeZ
fecD,FALSE,-,4509481,4510437,-0.388983770561938,-0.104239119347586,0.325474693640092,0.0505041061739402,8,6,fecABCDE
ygjH,FALSE,-,3218937,3219269,-0.38892044992186,-0.207123564540438,0.631625380486672,0.0147208715442568,1,3,ygjH
chpB,FALSE,+,4446715,4447065,-0.388745635962305,-0.691056199768663,0,0.338178636141506,1,6,chpSB
mgsA,FALSE,-,1025780,1026238,-0.388310249540738,-0.312427209269476,0.138249849490259,0.177028874841205,4,5,mgsA
yrbG,FALSE,+,3338297,3339274,-0.388299086366884,-0.294052561499031,0.45519391507088,0.202960546192275,3,13,yrbG-kdsDC-lptCAB-rpoN-hpf-ptsN-rapZ-npr
prmA,FALSE,+,3407092,3407973,-0.387858813889548,-0.224239177963346,0.0778119723556613,0.134783694439485,7,8,yhdT-panF-prmA
ymfM,FALSE,+,1203045,1203383,-0.387857061586115,-0.430633709913758,0.00247440255067738,0.0700186832972699,3,3,ymfTLMNROPQ-ycfK-ymfS
queD,FALSE,+,2890236,2890601,-0.387821327539524,-0.497346434447657,0.0842578222683702,0.0429299837607096,3,2,queD
glpB,FALSE,+,2352287,2353546,-0.38765403501536,-0.215025590097952,0.161279897590221,0.344651643101974,6,11,glpABC
ydhB,FALSE,-,1736890,1737822,-0.387633040980426,-0.423784216217246,0.153436767032922,0.607138721807696,4,8,ydhB
yfdC,FALSE,+,2463323,2464255,-0.387578863676556,-0.322825710059688,0.156107626370542,0.193379610487561,6,6,yfdC
paaX,FALSE,+,1461563,1462513,-0.387258067580643,-0.599232157233059,0.411929450556276,0.505149770153359,3,11,paaXY
yafU,FALSE,-,238746,239084,-0.387229545956772,-0.505668290529116,0,0,1,1,yafU
agp,FALSE,+,1064808,1066049,-0.387228726717669,-0.531826364381982,0.0336522001852471,0.204892872878322,5,7,agp
thiM,FALSE,-,2182535,2183323,-0.38708588653974,-0.537339882360096,0.203751643097282,0.0136834458103421,4,4,thiMD
ybaS,FALSE,+,510865,511797,-0.3869440670981,-0.353763936258093,0.366992052180984,0.350518513956473,4,12,ybaST
rnk,FALSE,-,642780,643190,-0.386773631977139,-0.268229461193878,0.47903303546994,0.160845227573843,5,4,rnk
opgG,FALSE,+,1108558,1110093,-0.386667399345758,-0.00173612903846171,0.167593054772435,0.130119992281322,11,6,opgGH
ppx,FALSE,+,2623137,2624678,-0.386118709530163,-0.570258033594958,0.147351851494151,0.317816440170734,6,10,ppk-ppx
ykgM,FALSE,-,311738,312001,-0.386113180971904,-0.475196460356638,0.161560940979128,0,3,1,ykgMO
yjeM,FALSE,+,4381862,4383364,-0.385687233232173,-0.423669802101373,0,0.373247713876932,1,12,yjeM
dld,FALSE,+,2220207,2221922,-0.385677341533435,-0.291878124856491,0.153281862258397,0.133982270366767,10,19,dld
purM,FALSE,+,2619219,2620256,-0.385515595771121,-0.450686685157251,0.140337439128126,0.21164375500011,7,4,purMN
astA,FALSE,-,1827755,1828789,-0.385327432833909,-0.358294137578553,0.184948283932844,0.290340760165829,7,9,astCADBE
idnO,FALSE,-,4490610,4491374,-0.385112075704639,-0.265984359121278,0.10643587529999,0.298374366044934,5,8,idnDOTR
cadC,FALSE,-,4358419,4359957,-0.384996879177629,-0.325887237097088,0.247367803141712,0.255513394906787,8,6,cadC
yqiH,FALSE,+,3187903,3188652,-0.384909412597329,-1.76516867104934,0.272360027318382,2.05436947117804,3,2,insC-5CD-5D-5-yqiGHI
ycdT,FALSE,+,1092099,1093457,-0.384763710077624,-0.3112376920238,0,0.280317462837904,1,5,ycdT
ybhR,FALSE,-,824225,825331,-0.384555802824185,-0.601158791581816,0.176252216365619,0.495182083518962,10,5,cecR-ybhGFSR
rsmF,FALSE,+,1918247,1919686,-0.384342583323787,-0.332539545143111,0.181328871807686,0.215836010232027,10,14,rsmF
alsB,FALSE,-,4309130,4310065,-0.384179304522947,-0.250672292903119,0.256695543453774,0.253848352904461,5,6,rpiR-alsBACE
frlA,FALSE,+,3497932,3499269,-0.383973415376314,-0.343733139029855,0.234257304977673,0.221352174503409,12,14,frlABCDR
malQ,FALSE,-,3546008,3548092,-0.383836903526544,-0.432774968877044,0.164109725164428,0.246295318900975,15,15,malPQ
recO,FALSE,-,2699763,2700491,-0.383819566145964,-0.378729814771965,0.0717490017424405,0.356578554686314,6,4,rnc-era-recO-pdxJ-acpS
argG,FALSE,+,3316659,3318002,-0.383768706803895,-0.320082426492583,0.152583982671836,0.213078365031924,7,10,argG
yoaB,FALSE,+,1891391,1891735,-0.38370707281023,-0.675183885542459,0.0201798565196957,0.656918843073571,2,3,yoaB
yddE,FALSE,-,1532989,1533882,-0.383674038139351,-0.278883199565869,0.148578310298854,0.311936962683395,6,12,yddE
pflA,FALSE,-,949563,950303,-0.383364863178608,-0.239593560784875,0.0958505737974106,0.177609758992043,7,5,pflA
cheR,FALSE,-,1966528,1967388,-0.383299329334517,-0.538062553880968,0.0193327236752352,0.250231097803126,3,5,tar-tap-cheRBYZ
yahK,FALSE,+,342108,343157,-0.383033073400994,-0.368994318926663,0.15992216784078,0.199143549285808,4,16,yahK
arnE,FALSE,+,2370579,2370914,-0.382977262591003,-0.287133906801746,0.00387014274709269,0.26594201577123,2,5,arnBCADTEF
abrB,FALSE,-,745946,746992,-0.382838893677649,-0.287394463717817,0.125732773012289,0.214959536491199,4,11,abrB
ompN,FALSE,-,1433784,1434917,-0.382471434736719,-0.425995031446377,0.19229218826346,0.271065821760373,5,7,ydbK-ompN
yffM,FALSE,+,2559390,2559635,-0.382098069372834,-0.382764966896904,0.059311458865608,0.00269018574802346,3,3,yffMN
cdd,FALSE,+,2229866,2230750,-0.382023031258253,-0.417750881040849,0.197403960901104,0.331674112186477,4,10,cdd
yodB,FALSE,+,2040392,2040922,-0.381701260878656,-0.746851880516516,0,0,1,1,yodB
ucpA,FALSE,-,2541854,2542645,-0.381678000074606,-0.225789125947895,0.254734830899983,0.348975612613171,8,7,ucpA
livF,FALSE,-,3590747,3591460,-0.38164974193866,-0.423379461632693,0.554535796538687,0.11615151932689,3,4,livKHMGF
mqo,FALSE,-,2303130,2304776,-0.381301481402641,-0.346440242955903,0.283548628858432,0.392139888249388,10,19,mqo
preA,FALSE,+,2233287,2234522,-0.381219147087062,-0.39733149655757,0.145232235562423,0.360975329720275,8,12,preTA
hsdR,FALSE,-,4581272,4584838,-0.381136476575122,-0.362259604081544,0.153179450428532,0.451807380859185,27,29,hsdRMS
yibQ,FALSE,+,3786124,3787083,-0.380922992131009,-0.269888505973502,0.11903027432329,0.111183838946973,11,7,gpmM-envC-yibQ
rtn,FALSE,+,2268748,2270304,-0.380865023519113,-0.210240477398859,0.16506802853143,0.183484939554962,11,7,rtn
fdhF,FALSE,-,4295242,4297389,-0.380775283341685,-0.3090746145463,0.277310282900196,0.178230406397481,12,19,fdhF
yfbM,FALSE,+,2384956,2385459,-0.380396644331427,-0.042782754823788,0,0.39753393282894,1,3,yfbM
malI,FALSE,-,1696176,1697204,-0.380380209707752,-0.213089670050955,0.383210798750062,0.283629834267124,6,11,malI
nepI,FALSE,-,3838572,3839762,-0.380339710564032,-0.382555964202738,0.0784190948514397,0.192436611033698,4,9,nepI
ydhW,FALSE,-,1749101,1749748,-0.380169718685953,-0.126030971464342,0.0775565133749242,0.216004429768066,4,5,ydhYVWXUT
ydiJ,FALSE,-,1763653,1766709,-0.380005715222622,-0.487877041233813,0.0981286564515455,0.383804068510801,14,27,ydiJ-menI-ydiH
livK,FALSE,-,3594474,3595583,-0.379948866407839,-0.396977743307576,0.136371147181193,0.165463652608037,9,11,livKHMGF
hofN,FALSE,-,3519455,3519994,-0.379854777598806,-0.532282663266746,0.118789026051994,0.186575022647149,4,2,hofMNOP
soxR,FALSE,+,4275492,4275956,-0.379806689734612,-1.375377690329,0.199053660866955,0,5,1,soxR
thrC,FALSE,+,3734,5020,-0.379804698712323,-0.781369341359439,0.273462319576294,0.620723579739026,3,6,thrLABC
nirB,FALSE,+,3492033,3494576,-0.379742053329451,-0.362769099996331,0.244618035240837,0.312016840247316,17,15,nirBDC-cysG
gstA,FALSE,+,1712401,1713006,-0.379610476108633,-0.555043216185407,0.0404073667868801,0.0713379319378616,6,4,gstA
mdtB,FALSE,+,2153287,2156409,-0.379187463190495,-0.391378786328304,0.177033290660874,0.280107726220679,33,26,mdtABCD-baeSR
ydaM,FALSE,-,1404587,1405819,-0.379170693523122,-0.200160982272378,0.134531907794682,0.373573766771852,6,6,ydaM
pyrB,FALSE,-,4469483,4470418,-0.378944257305043,-0.492214732913368,0.111168727585263,0.254900297578675,12,4,pyrLBI
sufD,FALSE,-,1758544,1759815,-0.378833564023418,-0.286483872179076,0.244882057035342,0.191491573706815,10,15,sufABCDSE
ybiU,FALSE,-,857019,858284,-0.378688077728276,-0.220800359038977,0.171267484914856,0.15302424504483,7,7,ybiU
ydfD,FALSE,+,1647818,1648009,-0.378678314109359,-0.277066568608798,0.115232718739884,0.00802216671747608,2,2,dicB-ydfDE-insD-intQ
yfjJ,FALSE,+,2758569,2759195,-0.378676903080696,-0.472789453371363,0.0956457904356109,0.195584050217447,3,2,yfjJ
yniA,FALSE,+,1805820,1806680,-0.378354421629808,-0.262258347609717,0.154073177970936,0.651131324944489,6,7,yniA
yfgF,FALSE,-,2624717,2626960,-0.377957563246302,-0.308487450515701,0.108542879693501,0.184042073496852,10,14,yfgF
yrdB,FALSE,-,3427788,3428045,-0.3776591411752,-0.440676492560932,0,0.127843839591178,1,5,yrdD-tsaC-aroE-yrdB
ydeP,FALSE,-,1582231,1584510,-0.37757146242549,-0.193188483116375,0.171684305101727,0.162148782471912,14,19,ydeP
yegR,FALSE,-,2166013,2166330,-0.377484162556823,-0.380507620020929,0.0310439861684133,0.139675874921002,1,4,yegRZ
kefG,FALSE,-,3478629,3479183,-0.377310515005198,-0.20470246711278,0.148900438741188,0.214595499059592,3,9,kefGB-yheV
fkpA,FALSE,-,3474629,3475441,-0.377286434898073,-0.468941512616541,0.203276064490293,0.268455917648219,3,7,fkpA
panD,FALSE,-,146314,146694,-0.377086377018077,-0.147245036880244,0.360140156216798,0.183872483928245,2,2,panD
ydbH,FALSE,+,1441075,1443714,-0.376837754391435,-0.492441392860635,0.147870147759951,0.197212470487508,13,22,ydbH-ynbE-ydbL
galS,FALSE,-,2238650,2239690,-0.376678196441183,-0.217242291489899,0.250775627472265,0.271816121335978,7,6,galS
yedE,FALSE,+,2006301,2007506,-0.376455760328549,-0.257116398773497,0.372995291334932,0.259561182254344,6,24,yedEF
yibF,FALSE,-,3759370,3759978,-0.376400508758861,0.471504581553024,0.161278527696601,0,4,1,yibF
abpB,FALSE,-,2759373,2761562,-0.376191885728332,-0.377979476076787,0.0639959945469092,0.269509290052967,11,11,abpAB
csgF,FALSE,-,1100934,1101350,-0.376179966586288,-0.418672613947878,0.136975975197833,0,4,1,csgDEFG
dinF,FALSE,+,4255765,4257144,-0.375904804115998,-0.301314548794278,0.2443953522361,0.187917125216767,10,18,lexA-dinF
yegQ,FALSE,+,2163692,2165053,-0.375787472135033,-0.361588878647729,0.17859746094407,0.274323842895966,13,9,yegQ
pepQ,FALSE,+,4029184,4030515,-0.375778210125965,-0.303213215527049,0.0650725931249577,0.249827089245212,3,17,pepQ-yigZ-trkH-hemG
yadC,FALSE,-,149715,150953,-0.375722326490537,-0.157064795692586,0.134976783668562,0.116879679827888,9,4,yadMLKC
thiE,FALSE,-,4191592,4192227,-0.375499815111264,-0.47955568186755,0.0239768035441573,0.327511219330154,3,8,thiCEFSGH
hycE,FALSE,-,2842784,2844493,-0.375419644427927,-0.311581609531392,0.27998332789301,0.479638370400386,10,13,hycABCDEFGHI
yfeO,FALSE,+,2507652,2508908,-0.375380355004212,-0.458688037414886,0.197264803175666,0.236904709034757,7,9,yfeO
narQ,FALSE,+,2583753,2585453,-0.375366847274707,-0.342041888627652,0.21795467588834,0.349832595751666,13,15,narQ
moaD,FALSE,+,818271,818516,-0.37535296366677,-0.327526903580592,0,0.0545544057165246,1,3,moaABCDE
fryC,FALSE,-,2504669,2505916,-0.375081231318211,-0.398315318232486,0.109108271514775,0.574532643549744,10,13,fryBC-ypdFE-fryA
yjhC,FALSE,+,4503310,4504428,-0.374819903501315,-0.827018362390503,0.0699137476343787,0.133823517450597,5,3,yjhBC
tauD,FALSE,+,387019,387870,-0.374763124065954,-0.325544236459974,0.0491014280403839,0.349228916135625,6,6,tauABCD
sufB,FALSE,-,1760546,1762033,-0.374642117853691,-0.268422063045852,0.203257074404209,0.277942518873932,6,10,sufABCDSE
yfdN,FALSE,-,2470409,2470903,-0.374517320142616,-0.558550727427797,0,0.370233051852797,1,6,yfdONMLK
ygiF,FALSE,-,3197686,3198987,-0.374411725831109,-0.528209939918883,0.181480578085658,0.441970462128926,4,9,ygiF-glnE
puuP,FALSE,-,1355826,1357211,-0.374196587485824,-0.437675777751567,0.155014654076774,0.226650664301252,13,6,puuAP
yedY,FALSE,+,2037502,2038506,-0.373953362787942,-0.351161116786733,0.230516591180029,0.229208830832318,7,5,yedY
mepH,FALSE,+,1732459,1733274,-0.373912742790103,-0.0714831538022257,0.0860934656259446,0.0801192662149927,7,3,mepH
ybcH,FALSE,-,586314,587204,-0.373792076982029,-0.460100197625629,0.168782873059462,0.33242951708371,3,4,ybcH
slyD,FALSE,-,3475929,3476519,-0.373515967944726,-0.268593894248938,0.335877409471516,0.0192703821327013,4,6,slyD
gltL,FALSE,-,683753,684478,-0.373488565218561,-0.17968895247988,0.0824579439436113,0.217467963424605,5,5,gltI-sroC-gltJKL
ilvC,FALSE,+,3955993,3957468,-0.373358541820039,-0.354916656711572,0.19492268152376,0.285913590755221,6,16,ilvC
ygjK,FALSE,+,3226910,3229261,-0.373340974017603,-0.308993696796043,0.23798347585466,0.0951193270936278,25,19,ygjJK
yfaA,FALSE,-,2332978,2334666,-0.372974261443992,-0.327341210182278,0.0753873538841096,0.424988492880743,8,6,yfaATS_1S_2QP
gfcD,FALSE,-,1045072,1047168,-0.37276822021632,-0.392546084197453,0.239771487510772,0.292131645345696,9,21,gfcBCD
yphA,FALSE,+,2671296,2671790,-0.372695188940081,-0.250933194273625,0.148953572742599,0.180027116387531,5,8,yphA
ybaT,FALSE,+,511800,513092,-0.37260234181489,-0.282982399236544,0.170577647527829,0.210533235744201,4,18,ybaST
fumB,FALSE,-,4343703,4345349,-0.372590450651094,-0.269986742674371,0.221445665709434,0.319398630798218,13,7,dcuB-fumB
ydcK,FALSE,-,1497493,1498473,-0.372585617868547,-0.400002776082075,0.113690604647096,0.175829978867746,6,9,ydcK
fdhE,FALSE,-,4078322,4079251,-0.3725596171194,-0.189239398804053,0.0877316888852374,0.414191078930754,4,5,fdoGHI-fdhE
rbsK,FALSE,+,3935317,3936246,-0.372553626105436,-0.449766701632394,0.107391962896837,0.209175370806395,6,8,rbsDACBKR
yjiM,FALSE,-,4562722,4563873,-0.372519457383131,-0.312150022219864,0.144101219353647,0.309247726537513,6,7,yjiML
nrdF,FALSE,+,2801524,2802483,-0.372511211060346,-0.372979686466334,0.313433948392919,0.387912903370583,8,6,nrdHIEF
frlB,FALSE,+,3499290,3500312,-0.372502420752639,-0.311770513716899,0.133982795264489,0.280170909906092,9,5,frlABCDR
uidB,FALSE,-,1690914,1692287,-0.372171168409953,-0.246023654281356,0.380502134845303,0.228915269762541,7,13,uidABC
yecC,FALSE,-,1995086,1995838,-0.371864153424242,-0.393280094232425,0.176810849707784,0.271112766852515,3,6,yecC
ddpC,FALSE,-,1557038,1557934,-0.371777350154766,-0.427955258894463,0.197998941482889,0.417025682020854,8,8,ddpXABCDF
bioH,FALSE,-,3542096,3542866,-0.371664584154915,-0.557149051386229,0.115732037450722,0.203205512887236,4,9,bioH
rlmF,FALSE,+,841555,842481,-0.371576092529879,-0.225493187886624,0.192897942741353,0.438195014565062,5,9,rlmF
hflK,FALSE,+,4400061,4401320,-0.371126986596377,-0.381021902977578,0.078284901039577,0.368698183648035,15,16,yjeF-tsaE-amiB-mutL-miaA-hfq-hflXKC
yafK,FALSE,-,245065,245805,-0.370884515740171,-0.614339907107379,0.13798081884443,0.312163022909083,4,5,yafK
hyaD,FALSE,+,1034993,1035580,-0.370852179337746,-0.115786462061437,0.260653497997334,0.198583647339429,5,8,hyaABCDEF
ssuB,FALSE,-,992500,993267,-0.370582781484857,-0.227853308137591,0.23628050014054,0.306467456160195,2,7,ssuEADCB
dmsD,FALSE,+,1662530,1663144,-0.370549876847543,-0.425553739645103,0,0.00134204978579712,1,3,ynfEFGH-dmsD
nrdH,FALSE,+,2798745,2798990,-0.370468997716643,-0.307764921251018,0.0600570469366173,0.102942087208255,2,3,nrdHIEF
ansP,FALSE,-,1522505,1524004,-0.370397895543187,-0.51096095410405,0.490248820253527,0.496400823501871,11,9,ansP
ydiU,FALSE,-,1787832,1789268,-0.370291110669375,-0.165930140757352,0.13389485037416,0.131411280552621,7,7,ydiU
zraR,FALSE,+,4201343,4202668,-0.370238358900478,-0.259627917850883,0.155591353568019,0.205595459476143,4,15,zraSR
proK,FALSE,-,3706639,3706715,-0.370114029083466,NA,0.0328992975262015,NA,1,0,proK
pspG,FALSE,+,4260863,4261105,-0.369959886591075,NA,0.15176066244098,NA,2,0,pspG
ypjM_3,FALSE,-,2770189,2770707,-0.369785439099323,-0.169362416843983,0.0592882668049304,0.0330629400295624,2,7,ypjM_3-yfjU
ynjC,FALSE,+,1835281,1836771,-0.369717823107277,-0.479729197344577,0.167706443804135,0.231940108040051,12,21,ydjXYZ-ynjABCD
ygeR,FALSE,-,2997158,2997913,-0.369711662302864,-0.151198099338147,0.0717683341555994,0.212480287142601,3,7,ygeR
fsr,FALSE,-,502700,503920,-0.36967290943968,-0.231847217408057,0.16049078539887,0.222998122793257,4,8,fsr
uvrB,FALSE,+,812749,814770,-0.369448316750624,-0.387743908044742,0.173447062304658,0.197202363993507,17,16,uvrB
gcvH,FALSE,-,3047182,3047571,-0.369382700102024,-0.352662727852273,0,0.160015347660473,1,2,gcvTHP
uhpT,FALSE,-,3843799,3845190,-0.36932184954515,-0.560836175052898,0.115949506418125,0.400542860611324,4,17,uhpT
hcaT,FALSE,-,2664729,2665868,-0.369303702178848,-0.305376070101696,0.0603750610566735,0.121464712412016,3,14,hcaT
gspD,FALSE,+,3454399,3456351,-0.369292027115075,-0.427852814960052,0.220796501332071,0.310692688703744,10,16,gspCDEFGHIJKLMO
lsrK,FALSE,-,1596641,1598233,-0.369106785307271,-0.32572557611447,0.135446954740031,0.412564632014173,11,16,lsrRK
citE,FALSE,-,648805,649713,-0.368888402471462,-0.277054466167201,0.268075748746606,0.341860257918773,10,2,citCDEFXG
sad,FALSE,-,1611339,1612727,-0.36887708626868,-0.258250976127436,0.20059227545422,0.19624539770265,6,16,sad
insO-2,FALSE,+,4506981,4507577,-0.368790678559974,-0.245443614446554,0.138669067407171,0.15088247324576,6,6,insO-2-yjhWV
yneJ,FALSE,+,1612828,1613709,-0.36878371342806,-0.255918777866287,0.115731956174983,0.224069381699775,15,8,yneJ
argA,FALSE,+,2947264,2948595,-0.368723181557813,-0.347191298945292,0.183054977331366,0.353589865111931,9,10,argA
yqcE,FALSE,+,2898614,2899891,-0.368582827143901,-0.347900277500453,0.176919002770532,0.304743720823328,10,7,yqcE-ygcE
yfiF,FALSE,-,2715513,2716550,-0.368567384205989,-0.425760055455494,0.0793057738463609,0.336411185761563,8,10,yfiF
ydhK,FALSE,+,1720145,1722157,-0.3685577971137,-0.309347563636156,0.254965842844472,0.248438351555377,12,12,ydhIJK
mlrA,FALSE,+,2212888,2213619,-0.368410325893294,-0.55691953798471,0.19126215758792,0.366014028756042,7,7,mlrA
idnD,FALSE,-,4491398,4492429,-0.368397142297229,-0.281155248223703,0.101289156725935,0.134440701793345,6,9,idnDOTR
yggU,FALSE,+,3094405,3094695,-0.36837791922734,-0.474360959662214,0.146696440370937,0.303792767365345,2,2,yggSTU-rdgB-yggW
ybhN,FALSE,-,820765,821721,-0.368295010652224,-0.308900654328099,0.277459204986279,0.322500674813212,3,9,ybhP-clsB-ybhN
ybgF,FALSE,+,778821,779612,-0.368226417198456,-0.523739448366496,0.116707488717762,0.358375948409072,4,7,ybgF
rseC,FALSE,-,2705344,2705823,-0.368224220189523,-0.230517865647416,0.213187200489391,0.312691213583237,4,2,rpoE-rseABC
yjjV,FALSE,+,4611504,4612283,-0.367983149510713,-0.495705761499802,0,0.150517308152657,1,5,yjjUV
bfr,FALSE,-,3464271,3464747,-0.367929021511404,-0.369201895311843,0.167790686036575,0.357143768954141,2,4,bfd-bfr
ygiV,FALSE,-,3166771,3167253,-0.367920536896051,-0.309200738130307,0.0284971509990197,0,7,1,ygiV
ypeC,FALSE,+,2509023,2509349,-0.367472958334655,-0.366836914546619,0,0.0803341999148617,1,2,ypeC
panZ,FALSE,+,3596007,3596390,-0.367471978834906,-0.25443507843071,0.270178623715887,0.256207675480516,3,8,panZ
murP,FALSE,+,2544695,2546119,-0.367456680462877,-0.23209863799348,0.284592172793071,0.193637754203605,15,16,murQP-yfeW
ygjJ,FALSE,+,3225823,3226893,-0.367350290229811,-0.230415085758337,0.207210367150326,0.224736070918017,2,11,ygjJK
nmpC,FALSE,-,574981,576048,-0.367269598090145,-0.200373975812936,0.0875284098998214,0.167622075562156,5,6,nmpC
mhpR,FALSE,-,366811,367644,-0.367144206468447,-0.327063676325473,0.0289232566292181,0.2554623058283,3,14,mhpR-lacI
glpQ,FALSE,-,2347957,2349033,-0.367029691400318,-0.234447008518709,0.113878236959777,0.185592089675068,7,12,glpTQ
fecE,FALSE,-,4508713,4509480,-0.366967934406075,-0.480685821458119,0.165200092684193,0.181055343286122,6,6,fecABCDE
yggL,FALSE,-,3099829,3100155,-0.366830781337999,-0.130474755221006,0.202581251363232,0.47903845879104,3,3,trmI-yggL
fucU,FALSE,+,2936910,2937332,-0.36676185551509,-1.33412640415478,0.107280934214048,1.11940948251102,8,2,fucPIKUR
thiK,FALSE,+,1162483,1163307,-0.366510846984099,-0.318076674900736,0.0921380662870213,0.23288995903917,3,13,hinT-ycfL-lpoB-thiK-nagZ-ycfP
acrR,FALSE,+,484985,485632,-0.366441078012242,-1.39751975146179,0.165634539533254,1.09130157127987,3,2,acrR
yiaJ,FALSE,-,3739707,3740555,-0.366387098619175,-0.230420846278617,0.115031214046381,0.18457181502099,9,8,yiaJ
caiC,FALSE,-,36271,37824,-0.366269679823869,-0.195957026887482,0.252826276945124,0.157142162641743,7,12,caiTABCDE
yjfF,FALSE,+,4451606,4452601,-0.366236836445251,-0.31010517312124,0.407338643392402,0.297610923441665,3,12,ytfQRT-yjfF
afuC,FALSE,-,276980,278026,-0.365786702432935,-0.384715109578934,0.197623380129876,0.219069713557984,8,9,insAB-2A-2B-2-afuBC
ycfJ,FALSE,+,1166822,1167361,-0.365735681390123,-0.480813041492167,0,0.361597584182072,1,6,ycfJ
fetB,FALSE,+,515807,516586,-0.365722333652149,-0.407151180764015,0.00684622525485967,0.25305164391879,4,4,fetAB
slyB,FALSE,+,1717900,1718367,-0.36571335397705,-0.400987023492533,0.123063541331139,0.0461894751616286,4,3,slyB
yagU,FALSE,+,302215,302829,-0.365687497746439,-0.510553486671159,0,0.130032748411665,1,5,yagU
ymgF,FALSE,+,1218206,1218424,-0.365635733705509,-0.215630345853619,0,0.219883491161637,1,4,ymgF
trmH,FALSE,+,3822538,3823227,-0.365300288253787,-0.178782654963906,0.16806631406514,0.342213854153736,3,7,rpoZ-spoT-trmH-recG
yjjW,FALSE,-,4612703,4613566,-0.36514402568669,-0.282733157103356,0.124194979826023,0.189557942589244,7,4,yjjW
rbsA,FALSE,+,3931801,3933306,-0.365141662306663,-0.285378667056229,0.237646828510931,0.376290754705456,10,17,rbsDACBKR
tehA,FALSE,+,1498597,1499589,-0.364930921560548,-0.190601584869012,0.0343443119418402,0.19052671956059,4,9,tehAB
entD,TRUE,-,608682,609302,-0.364891089365591,-0.225028961127064,0.106343347451747,0.309231283883031,3,7,fepA-entD
pitB,FALSE,-,3132894,3134393,-0.364014465374475,-0.410121361403075,0.196096629796312,0.471130744284662,9,17,pitB
cpsG,FALSE,-,2119633,2121003,-0.363839446882473,-0.441424591666096,0.0770726880533556,0.0871191500758673,6,4,wcaCDEF-gmd-fcl-gmm-wcaI-cpsBG-wcaJ-wzxC
rhaD,FALSE,-,4091471,4092295,-0.363610757225563,-0.461555622330024,0.167550177700714,0.440717142506562,9,6,rhaBAD
yhgE,FALSE,-,3528737,3530461,-0.36345565820328,-0.455467588647635,0.138012852031316,0.400571890617737,8,17,yhgE
yjiH,FALSE,-,4558020,4558703,-0.363417880416153,-0.358094974855511,0.21193919967332,0.120646748877022,6,3,yjiHG-iadA
ascF,FALSE,+,2837546,2839003,-0.363388806444933,-0.282049914687582,0.140374054400461,0.306645352374473,9,12,ascFB
cirA,FALSE,-,2242800,2244791,-0.363372540929781,-0.178906849457258,0.12273066137053,0.303281628281944,9,21,cirA
fsaB,FALSE,-,4137069,4137731,-0.363318342562495,-0.335328747156987,0.147788500760815,0.0978906495515951,3,4,ptsA-fsaB-gldA
ybjC,FALSE,+,890136,890423,-0.363276003467353,-0.161428371979904,0.146060219886786,0.159216719316292,4,3,ybjC-nfsA-rimK-ybjN
rpiB,FALSE,+,4311373,4311822,-0.363233811978855,-0.558971125071888,0.126064398861876,0.228088245805477,2,3,rpiB
thiF,FALSE,-,4190844,4191599,-0.363193209912474,-0.582954616407088,0.184248335136566,0.677354330314365,3,7,thiCEFSGH
aer,FALSE,-,3215578,3217098,-0.363161700475827,-0.605578229357817,0.0642801622743484,0.48370164065164,13,7,aer
fimH,FALSE,+,4546831,4547733,-0.363134226778275,-0.0147523252829693,0.120136380610596,0.106308030049904,5,7,fimAICDFGH
preT,FALSE,+,2232055,2233293,-0.362581086572097,-0.198021594954071,0.168992201049317,0.215826795179575,11,6,preTA
ycfT,FALSE,-,1173315,1174388,-0.362416222979511,-0.859696798221822,0.13281913942022,0.0845964619840845,8,3,ycfT
anmK,FALSE,-,1716517,1717626,-0.362401701429802,-0.763332047688055,0.0993986219984929,0.712256725358398,4,4,anmK
ychO,FALSE,+,1273148,1274401,-0.362314090931408,-0.532458411110753,0.291249398804087,0.341911054262993,5,16,ychO
pgpB,FALSE,+,1337354,1338118,-0.362098789780909,-0.38941839213929,0.163584413351008,0.453515360925377,7,5,pgpB
oxyR,FALSE,+,4156513,4157430,-0.361978128210837,-0.442610361670052,0.147886087220642,0.103474627268323,9,6,oxyR
fpr,FALSE,-,4111749,4112495,-0.361940619458691,-0.130436632798206,0.146267399581744,0.0890303903698769,5,7,fpr
talA,FALSE,+,2576688,2577638,-0.361880562476733,-0.376745828750588,0.159489797133188,0.229058325891218,4,9,talA-tktB
yghS,FALSE,-,3131266,3131979,-0.361853464197412,-0.18995104111938,0.183557787678921,0.133011870730333,10,4,yghSR
yphG,FALSE,-,2677486,2680767,-0.36179163679323,-0.314790174802283,0.158111025849324,0.171516751561198,19,27,yphG
csiE,FALSE,+,2663457,2664737,-0.3617602040378,-0.156278352763031,0.227303768367597,0.112241641267879,8,6,csiE
yhbT,FALSE,-,3298774,3299298,-0.361615341511527,-0.189407574720026,0.053467418379578,0.230983396700199,2,4,yhbTS
fdhD,FALSE,+,4084039,4084872,-0.3614513638684,-0.472768604589144,0.185339380605818,0.353640455776351,6,7,fdhD
flk,FALSE,+,2435972,2436967,-0.361272999494787,-0.159621701484268,0.140761981524792,0.290828779766447,4,9,flk
fhuC,FALSE,+,169778,170575,-0.361158942780145,-0.520249229114041,0.290479204814636,0.324967050355179,8,7,fhuACDB
ypdI,FALSE,+,2492720,2492995,-0.361144961156069,-0.351544555581254,0.0515821509382147,0,1,1,ypdI
malY,FALSE,+,1698981,1700153,-0.361093475107198,-0.749749147950611,0.251224275373817,0.421029753722274,5,12,malXY
ycaC,FALSE,-,944154,944780,-0.360991687723999,-0.429132519741067,0.202112948497355,0.300648936775067,5,4,ycaC
bcp,FALSE,+,2598500,2598970,-0.360909792765651,-0.230682730142612,0.182699929620798,0.386553911612145,6,3,bcp
narG,FALSE,+,1279087,1282830,-0.360884017289996,-0.2313569573588,0.193658199734838,0.32202104529566,27,24,narGHJI
ssnA,FALSE,+,3017183,3018511,-0.360842308335949,-0.364210894314274,0.0602581407604949,0.195707404845361,5,13,ygfK-ssnA
melA,FALSE,+,4339934,4341289,-0.360557701068156,-0.672015428805416,0.0680161887765406,0.434305759784077,7,6,melAB
yhcO,FALSE,-,3383879,3384151,-0.360520542318834,-0.320824498277118,0.14485589525746,0.554652027373951,1,2,yhcO
clcA,FALSE,+,175107,176528,-0.359607781549491,-0.260679468048648,0.102556067738749,0.196684629916497,7,19,clcA
ygcU,FALSE,-,2895986,2897440,-0.359574600830222,-0.160372421136189,0.218840565764724,0.301702307756133,7,5,ygcU
btuB,FALSE,+,4161662,4163506,-0.359421394526195,-0.295416891492808,0.135625537230183,0.292133654448835,8,9,btuB-murI
yeaO,FALSE,+,1874933,1875280,-0.35920729197309,-0.0573955358668614,0.111617212280577,0.00576258660344467,5,2,yeaO
ydiT,FALSE,+,1780705,1780998,-0.359135238861713,-0.332776809337145,0,0.252197842207518,1,4,ydiQRST-fadK
tyrP,FALSE,+,1987705,1988916,-0.359026184360134,-0.20612682346983,0.271340769308942,0.349860859242427,9,18,tyrP
intZ,FALSE,+,2556793,2558088,-0.359021745993686,-0.306441338022311,0.182042839811212,0.144316406756858,10,11,intZ
pka,FALSE,+,2717975,2720635,-0.359002650577645,-0.246670336072994,0.268750317095536,0.388027138182084,18,22,pka
araC,FALSE,+,70387,71265,-0.358990212100413,-0.256944398739848,0.0651721658274118,0.373803643703753,4,11,araC
ygcQ,FALSE,-,2892941,2893801,-0.3589708167235,-0.476274272624958,0.0681778719467646,0.319224894779573,8,10,ygcRQ
ptsA,FALSE,-,4137743,4140244,-0.358893507937029,-0.29066924937409,0.329142485974793,0.268094169170108,15,27,ptsA-fsaB-gldA
yadG,FALSE,+,142779,143705,-0.358890095453492,-0.288025652326801,0.11738863983926,0.324119443386899,4,13,yadGH
btuF,FALSE,-,177662,178462,-0.358605347074143,-0.47358891620796,0.294291366906992,0.393395448184386,9,5,mtn-btuF-yadS
ompX,FALSE,+,849673,850188,-0.358586674636227,-0.240526471090294,0.262002069547801,0.349430047876153,2,8,ompX
oppA,FALSE,+,1299206,1300837,-0.358507642391414,-0.0707567423022178,0.150418547805498,0.156800364465522,7,7,oppABCDF
lyxK,FALSE,+,3745107,3746603,-0.358301394857269,-0.52441436439084,0.121747330135276,0.439339559716096,10,6,yiaKLMNO-lyxK-sgbHUE
dctR,FALSE,+,3652706,3653236,-0.358238671940365,-0.363319787851499,0.213372497327838,0,2,1,slp-dctR
yidE,FALSE,-,3862635,3864296,-0.358211846185954,-0.389173116845771,0.138349226868886,0.264241403171859,12,25,yidE
puuE,FALSE,+,1363574,1364839,-0.358168502966182,-0.657419294503503,0.215712997083436,0.42624473538838,12,9,puuDRCBE
yehM,FALSE,+,2203717,2205996,-0.3581669933379,-0.539766165476413,0.238816257389082,0.669481154594391,18,17,yehLMPQ
ycjX,FALSE,+,1382141,1383538,-0.358110899773994,-0.422351344496231,0.209296193408549,0.0908180366294862,7,9,ycjXF-tyrR
hyaA,FALSE,+,1031362,1032480,-0.358083519300473,-0.248814659705449,0.202934354706942,0.29095924908248,13,9,hyaABCDEF
tauB,FALSE,+,385431,386198,-0.357967644675678,-0.459496668299023,0.136699452457546,0.298155325093669,5,7,tauABCD
yegE,FALSE,+,2141290,2144607,-0.357964716331593,-0.292656315134749,0.188451994919688,0.293533198242967,26,28,yegE
gatD,FALSE,-,2169857,2170897,-0.357924663315166,-0.253506223469453,0,0.206163484775985,1,15,gatYZABCD
yedW,FALSE,-,2036176,2036847,-0.357851598785066,-0.440390547190011,0.0607012317213668,0.494528874598389,2,8,yedWV
isrC,FALSE,+,2069341,2069535,-0.357813347626428,-0.498181122383454,0.154166447788634,0,3,1,isrC-flu
ybiJ,FALSE,-,836888,837148,-0.357686977697183,-1.47879699933211,0,0,1,1,ybiJ
ynfF,FALSE,+,1658580,1661003,-0.357538609019545,-0.384245297562789,0.159716776413385,0.237224647160878,14,28,ynfEFGH-dmsD
ypjA,FALSE,-,2776168,2780748,-0.357516361467393,-0.2578495756804,0.178939489313602,0.214894293057084,18,31,ypjA
ansA,FALSE,+,1848884,1849900,-0.357445806059864,-0.262652436218729,0.0581597697856591,0.192732340416253,6,4,ansA-pncA
edd,FALSE,-,1930817,1932628,-0.357154432472245,-0.321535403697046,0.317204943608267,0.368420212569675,11,18,edd-eda
casB,FALSE,-,2880177,2880659,-0.357011971761685,-0.279105311155312,0.223441990371735,0.0176121186682381,4,3,casABCDE12
hcaR,FALSE,-,2666028,2666918,-0.357001043396308,-0.11805679366514,0.17597808746392,0.343496378149501,3,6,hcaR
yfjD,FALSE,+,2746796,2748082,-0.356544109266604,-0.13301173633786,0.333547188783461,0.191954377163233,5,9,yfjD
cysW,FALSE,-,2538826,2539701,-0.356539810734362,-0.511483238471964,0.140796777732197,0.312204870346959,4,7,cysPUWAM
eutG,FALSE,-,2566346,2567533,-0.355791346098299,-0.341522614164154,0.122805509058292,0.13145100024251,7,14,eutNEJG
cbl,FALSE,-,2057988,2058938,-0.355761746293108,-0.497611090372531,0.0625933414514597,0.219204282543581,2,6,cbl
yphF,FALSE,-,2676406,2677389,-0.355741069618184,-0.469271262476578,0.0943537870998756,0.0425777808928016,2,3,yphFED
yiiM,FALSE,+,4100845,4101519,-0.355706254295407,-0.309638438797303,0.0435463559054565,0.232692349037135,2,5,yiiM
ytfF,FALSE,-,4430114,4431088,-0.355668831308708,-0.338401943837534,0.0803857342411855,0.214498665297029,9,8,ytfF
yjbB,FALSE,+,4225754,4227385,-0.355643926370509,-0.167994778724673,0.216153182208846,0.253595446648586,12,6,yjbB
yhdY,FALSE,+,3419347,3420450,-0.355564256172857,-0.504876060177559,0.142819363816321,0.344086166485277,8,12,yhdWXYZ
fdnI,FALSE,+,1549362,1550015,-0.355524616808266,-0.292885256251076,0.0766191765176908,0.155260174688898,7,6,fdnGHI
yacH,FALSE,-,129407,131260,-0.355298968481453,-0.346507816014046,0.196965265979824,0.221025489133104,10,11,yacH
fecB,FALSE,-,4511429,4512331,-0.355114137459977,-0.345849006824478,0.388125296145014,0.241768043175307,6,13,fecABCDE
csgD,FALSE,-,1101769,1102419,-0.355072340632412,-0.40519680925751,0.104622636885819,0.352002098243409,2,3,csgDEFG
yjhF,FALSE,-,4518694,4520043,-0.354780764990044,-0.527250941353849,0.130125298111514,0.246122753632348,10,6,yjhF
ypdB,FALSE,+,2498405,2499139,-0.354768179278956,-0.249400233450812,0.161860230078474,0.208815575986271,4,4,ypdABC
yfbT,FALSE,-,2409461,2410111,-0.354578518878181,-0.324321149602262,0.233937880927068,0.0646251313186415,4,4,yfbUT
recT,FALSE,-,1412008,1412817,-0.354148045933348,-0.415727069997737,0.0815021130179688,0.0525448613983247,4,3,recET-ralR-ydaC-xisR-intR
astC,FALSE,-,1828786,1830006,-0.353747355866475,-0.144342609499406,0.0572972224036029,0.0723719043086239,7,5,astCADBE
hofC,FALSE,-,114522,115724,-0.353693922662508,-0.406378361868098,0.00700294354678097,0.296782609290786,2,9,ppdD-hofBC
ynjH,FALSE,-,1839887,1840159,-0.353674075974558,-0.439266875673746,0,0,1,1,ynjH
mltB,FALSE,-,2822513,2823598,-0.353583244845049,-0.398015620564348,0.109983979047201,0.192764786964458,5,7,mltB
ycgB,FALSE,-,1234932,1236464,-0.353507991079682,-0.362040824244373,0.122497254593845,0.111683277428404,6,4,ycgB
glpT,FALSE,-,2349038,2350396,-0.352959058075925,-0.33919821844063,0.0637301960053088,0.473647052721679,6,13,glpTQ
fliI,FALSE,+,2014578,2015951,-0.352945549547047,-0.314717232158258,0.216092151641431,0.275814899730561,15,12,fliFGHIJK
wza,FALSE,-,2134128,2135267,-0.352918680498173,-0.312148833409981,0.211974147883264,0.112606856077379,10,9,wza-wzb-wzc-wcaAB
argI,FALSE,-,4475330,4476334,-0.352913916726561,-0.254371819667316,0.169464558990478,0.196289344525201,6,10,argI
ylaC,FALSE,-,478005,478475,-0.352825915293516,-0.893120194913728,0.145319739257086,1.06502482567909,3,2,ylaC
yhaV,FALSE,+,3275359,3275823,-0.352731892226438,-0.333701995880314,0.0954133983867274,0.255024885094677,3,2,prlF-yhaV
ynfD,FALSE,+,1655589,1655894,-0.352589131006766,-0.374004121138581,0.0935837412193372,0,5,1,ynfD
prpD,FALSE,+,350439,351890,-0.352294023316387,-0.226347232272448,0.087151298763381,0.227556589826085,15,13,prpBCDE
hslJ,FALSE,-,1439345,1439767,-0.352280412457055,-0.159189912296366,0.302617471232546,0.0706145726774125,3,3,hslJ
dedD,FALSE,-,2429044,2429706,-0.352048619336733,-0.589262070551459,0.221769468444597,0.684327563178555,5,13,folC-dedD
csgC,FALSE,+,1104184,1104516,-0.352000520223123,NA,0,NA,1,0,csgBAC
hemY,FALSE,-,3984709,3985905,-0.351942378960708,-0.280624612176516,0.383132874555782,0.13447017654352,9,12,hemCDXY
rspB,FALSE,-,1650920,1651939,-0.351826560905789,-0.45531084605981,0.105265720665834,0.397464930324647,5,5,rspAB
sgcX,FALSE,-,4528553,4529674,-0.351778273987743,-0.322696463731214,0.0421114282973918,0.177349820991324,4,5,sgcXBCQAER
pgaB,FALSE,-,1087062,1089080,-0.351750871583712,-0.41253469850451,0.346502822533361,0.266901125845313,10,11,pgaABCD
yhhJ,FALSE,-,3623702,3624826,-0.351727487690976,-0.454410583442965,0.158867154877534,0.26984916414492,9,8,yhiI-rbbA-yhhJ
pabC,FALSE,+,1152523,1153332,-0.351686276819567,-0.16650233533411,0.221736200758608,0.131223581285316,4,7,pabC-mltG-tmk-holB-ycfH
ppc,FALSE,-,4148470,4151121,-0.351686175822428,-0.226954612590958,0.234111046112215,0.287997663495811,16,22,ppc
leuA,FALSE,-,81958,83529,-0.351449378625412,-0.194915219780417,0.254237391990396,0.241635450537515,13,11,leuLABCD
phoR,FALSE,+,417113,418408,-0.351123692652543,-0.460687442198624,0.106014077366123,0.572003645060923,5,15,phoBR
mdtJ,FALSE,-,1671160,1671525,-0.351116228034976,-0.285527566486638,0.192421271347115,0.191523967270453,2,2,mdtJI
chaA,FALSE,-,1269972,1271072,-0.351051070009982,-0.518645353609086,0.244833364590813,0.264404619656314,5,4,chaA
xylH,FALSE,+,3731743,3732924,-0.350989205157441,-0.376691476445946,0.169126856695753,0.392566055683865,8,10,xylFGHR
deoB,FALSE,+,4617626,4618849,-0.350898812722454,-0.493887444095092,0.368590355490421,0.351588386443569,5,14,deoCABD
glrK,FALSE,-,2687693,2689120,-0.350655889821998,-0.197905378160057,0.258413932954709,0.23618632778102,8,15,glrK
yqfB,FALSE,-,3041334,3041645,-0.350534379892736,NA,0,NA,1,0,yqfB
opgC,FALSE,-,1107007,1108164,-0.35050033241147,-0.560869431554709,0.129752002835435,0.507353376388171,4,7,opgC
mhpB,FALSE,+,369501,370445,-0.350487860576295,-0.332270439238175,0.0599299519385608,0.472247473540877,8,11,mhpABCDFE
G0-10706,FALSE,-,4439248,4439353,-0.350096040767267,-0.885680708501488,0.035135548833936,0,2,1,G0-10706
pphA,FALSE,-,1920337,1920993,-0.350024339482736,-0.14430396525316,0.0974659376473094,0.174518081135237,5,5,pphA
yehL,FALSE,+,2202618,2203706,-0.350019609966289,-0.279896123135897,0.127229652795407,0.352476758996033,8,7,yehLMPQ
yaiF,FALSE,-,381728,382114,-0.349957759298369,-0.453188708386812,0,0,1,1,yaiF
gntP,FALSE,-,4547976,4549319,-0.349609269202243,-0.356799742043154,0.0717324960645748,0.228697239133242,10,10,gntP
bcsB,TRUE,-,3688291,3690630,-0.349562264021284,-0.299561527437943,0.162420863784878,0.18777466834367,21,17,bcsABZC
ydeT,FALSE,-,1586877,1588025,-0.349419822663246,-0.39074873713421,0.185748007210068,0.0850382936799451,6,14,ydeTSR
ybiT,FALSE,+,855186,856778,-0.34936010261213,-0.442806803741118,0.288270527848861,0.279499868991847,10,9,ybiT
glmZ,FALSE,+,3984455,3984626,-0.34910312566952,-0.240649116622557,0.0278263994187575,0.0227633888664754,3,2,glmZ
cbtA,FALSE,+,2075593,2075967,-0.349092551956644,NA,0.15303869464974,NA,4,0,yeeRST-cbeA-cbtA-yeeW
sroC,FALSE,-,685904,686066,-0.349005354974492,-0.17260689911455,0,0.177707206340459,1,2,gltI-sroC-gltJKL
yjhV,FALSE,+,4507743,4508156,-0.34895566936967,-0.550998678888334,0.215824871288797,0.0912284143484375,2,3,insO-2-yjhWV
ynfK,FALSE,-,1664548,1665243,-0.348945749558697,-0.274633021802079,0.118712478613096,0.426972027767294,3,4,mlc-ynfK
pyrF,FALSE,+,1339945,1340682,-0.348864767960439,-0.458964030597179,0.0657443797742251,0.237384948126032,4,5,lapAB-pyrF-yciH
nagC,FALSE,-,699597,700817,-0.348826440988351,-0.23698730199928,0.0343517455250459,0.165807464150829,4,7,nagBAC-umpH
cysH,FALSE,-,2885600,2886334,-0.34864631810168,-0.527450611314759,0.115273173401245,0.466930041108703,4,7,cysJIH
ttdB,FALSE,+,3205393,3205998,-0.348226198288285,-0.403582446933403,0.0723107298013168,0.157135297510339,4,4,ttdABT
udp,FALSE,+,4014454,4015215,-0.348110820265173,-0.327600640921721,0.0249373898357147,0.357670069583975,6,6,udp
ypjM_1,FALSE,-,2770998,2771180,-0.347662788653549,NA,0.0788602260159552,NA,1,0,ypjM_1M_2
lgoD,FALSE,+,4594013,4595035,-0.347630202963348,-0.265253051788243,0.452789531871692,0.176772427568706,5,6,lgoD
pspA,FALSE,+,1366103,1366771,-0.347624817801043,-0.352236569964639,0.284372478424261,0.222785444253244,1,3,pspABCDE
aceB,FALSE,+,4213501,4215102,-0.347547511967372,-0.420689760942314,0.13974365137939,0.518758033914789,14,14,aceBAK
rhsD,FALSE,+,522485,526765,-0.347546342101827,-0.394951022145545,0.246876408746402,0.346517364785822,18,45,rhsD-ybbC-ylbH-ybbD
fliH,FALSE,+,2013892,2014578,-0.347294061020305,-0.335733203602879,0.144059106065733,0.325294318636145,7,8,fliFGHIJK
alaA,FALSE,+,2405583,2406800,-0.347250067878849,-0.158496397341817,0.127573999134958,0.0798855515115595,8,5,alaA-yfbR
gspA,FALSE,-,3451951,3453420,-0.347169313685366,-0.373309976304825,0.156621316738695,0.350536754013268,7,17,gspAB
yadH,FALSE,+,143702,144472,-0.347104740628622,-0.420425749193831,0.293976714120208,0.32636445148797,5,6,yadGH
yhjR,FALSE,-,3694020,3694208,-0.34706910827704,NA,0.273299800316745,NA,3,0,yhjR
ymcE,FALSE,+,1051070,1051300,-0.346990760693572,-0.38612778594595,0,0,1,1,ymcE-gnsA
nhaR,FALSE,+,18715,19620,-0.346858296632331,-0.120695014963856,0.261244714687585,0.334457261689482,2,6,nhaAR
panC,FALSE,-,147944,148795,-0.346794741305817,-0.354456698345036,0.123012257031128,0.0494310136953535,5,3,panBC
pntA,FALSE,-,1674395,1675927,-0.346783856095078,-0.566728933305326,0.21745761846666,0.434860983532434,8,7,pntAB
ibpA,FALSE,-,3865032,3865445,-0.346427804710864,-0.237578958475215,0.228852389630163,0.323241229936229,5,3,ibpAB
fadI,FALSE,-,2457181,2458491,-0.346306186148055,-0.537313210692787,0.268916316983958,0.290150129252442,13,11,fadIJ
entH,FALSE,+,628523,628936,-0.345877791001451,-0.249049009446514,0.171585275445801,0.174861119756145,2,2,entCEBAH
citG,FALSE,-,645854,646732,-0.345853364944982,-0.28945779002179,0.334162877845866,0.160286797231958,6,10,citCDEFXG
folK,TRUE,-,157253,157732,-0.34582515723199,-0.0887408821453682,0,0.353178079212787,1,5,pcnB-folK
dcuR,FALSE,-,4347338,4348057,-0.345614805761714,-0.482629230578568,0.251119653494883,0,10,1,dcuSR
tsx,FALSE,-,430353,431237,-0.345551219437689,-0.323429937730403,0.19452321429344,0.34270169525669,5,6,tsx
xylR,FALSE,+,3733002,3734180,-0.345151534099053,-0.536468594479783,0.227483843378266,0.17438368338574,7,5,xylFGHR
wzb,FALSE,-,2133679,2134122,-0.344642752507423,-0.179837763540897,0.0919784297759006,0.251366138403134,4,5,wza-wzb-wzc-wcaAB
rlmJ,FALSE,+,3643408,3644250,-0.344403779887004,-0.39706405409877,0.125168708308677,0.157558871995454,10,3,rlmJ
hybC,FALSE,-,3139308,3141011,-0.344379578553062,-0.409602956570862,0.21291747971447,0.303778328118924,12,13,hybOABCDEFG
hcaB,FALSE,+,2669247,2670059,-0.344151579190216,-0.334740971794034,0.0218891660544982,0.279375010347435,5,12,hcaEFCBD
yicI,FALSE,-,3830242,3832560,-0.34410751618115,-0.398840522415229,0.320570541346429,0.405411023918309,13,18,yicJI
yafS,FALSE,+,234816,235538,-0.344081918256446,-0.245835275851542,0.213459545658912,0.142907958368442,4,5,yafS
yhfS,FALSE,-,3502957,3504042,-0.344049033507232,-0.371997188374651,0.158748806320741,0.12618486546219,5,12,yhfXW-php-yhfUTS
ecpR,FALSE,-,309970,310560,-0.343995350963826,-0.205612918242619,0.424502850077621,0.0024930136378252,1,2,ecpR
cysM,FALSE,-,2536694,2537605,-0.343842050678532,-0.408213295192324,0.364119969477209,0.387325770305079,5,16,cysPUWAM
fadA,FALSE,-,4025632,4026795,-0.343723973076791,-0.207415202960361,0.109182952214708,0.205876494637995,5,15,fadBA
fryA,FALSE,-,2500012,2502507,-0.343665991414775,-0.409810247771188,0.103226410780403,0.280868910259348,9,28,fryBC-ypdFE-fryA
katG,FALSE,+,4131858,4134038,-0.343464812183933,-0.482664942037243,0.144730263277589,0.487107887904246,12,23,katG
ptrB,FALSE,-,1924803,1926863,-0.343389611181825,-0.409670155073718,0.257289422668204,0.259201882375501,17,14,ptrB
entF,FALSE,+,613380,617261,-0.34338823593111,-0.435776090410207,0.160144207930878,0.244102905442832,37,39,fes-ybdZ-entF-fepE
lysU,FALSE,-,4351223,4352740,-0.343286963158238,-0.45574391204608,0.22369540857751,0.331523584699214,9,5,lysU
trmJ,FALSE,-,2660605,2661345,-0.343197882630928,-0.276145175842605,0.0536355594975901,0.246833987897063,4,10,trmJ
yeeD,FALSE,-,2082250,2082477,-0.343131265005959,-0.226961335443394,0.293208859815806,0,2,1,yeeED
ghrA,FALSE,+,1097109,1098047,-0.343046793158806,-0.427479642259038,0.0855812648951775,0.200716164560522,9,3,ghrA
ybjE,FALSE,-,913181,914080,-0.342921163239435,-0.58514257246764,0.0870781444770849,0.0831404509041879,10,5,ybjE
osmE,FALSE,-,1819942,1820280,-0.342856925053783,-0.146656028364193,0.173543222550497,0.0707427867982297,3,4,osmE
csgB,FALSE,+,1103174,1103629,-0.34273298666564,-0.311785532050488,0.202599250403055,0.00238498794210373,4,3,csgBAC
katE,FALSE,+,1811891,1814152,-0.342614573152594,-0.481986184676033,0.210432591266535,0.330829226711848,21,22,katE
xylE,FALSE,-,4238802,4240277,-0.34245983570995,-0.561850635130175,0.141490836716551,0.376809205657796,9,10,xylE
livH,FALSE,-,3593500,3594426,-0.342436093456157,-0.385653094690569,0.0791160020456129,0.295126746783532,9,10,livKHMGF
yfaX,FALSE,-,2359451,2360233,-0.342328892577617,-0.676837168225321,0.173225946322427,0.32712290796977,7,5,yfaX-rhmD-yfaVU
htrL,FALSE,-,3790849,3791706,-0.342270690496813,-0.176070006888702,0.153673848616291,0.286908697967379,5,9,htrL
ydbK,FALSE,-,1435284,1438808,-0.342270018807569,-0.372454506861215,0.128856556029086,0.377256661296096,30,29,ydbK-ompN
yfhR,FALSE,+,2662385,2663266,-0.3422205005864,-0.287933010909855,0.347495476723145,0.141921935383171,5,10,yfhR
yohF,FALSE,-,2224531,2225292,-0.342196250480069,-0.23396799203128,0.188787973894445,0.200205244869108,3,10,yohF
yjeH,FALSE,-,4367179,4368435,-0.342145363908965,-0.505878879106424,0.290868848193693,0.498858754119982,4,11,yjeH
gor,FALSE,+,3644322,3645674,-0.342032867407558,-0.597359543795634,0.253258717262723,0.44704056701409,6,11,gor
yhdP,FALSE,-,3390480,3394280,-0.341946211301116,-0.408608261924466,0.168805090553357,0.287849338011402,21,37,yhdP
potG,FALSE,+,894214,895347,-0.341905139525933,-0.20387903570678,0.214584341047398,0.174586929573571,9,11,potFGHI
hchA,FALSE,+,2033859,2034710,-0.341843045231692,-0.675725405251666,0.232233087161061,0.0560319976269108,10,5,hchA
yhgA,FALSE,+,3541189,3542067,-0.34149791640407,-0.0661062113690235,0.123773863989719,0,4,1,yhgA
phnH,FALSE,-,4318686,4319270,-0.341268782581337,-0.10020553608396,0.168127436657182,0.336986387602166,8,2,phnCDE_1E_2FGHIJKLMNOP
setA,FALSE,+,77621,78799,-0.341261759834963,-0.338970004046089,0.236294161275114,0.402470638210009,5,13,sgrST-setA
yaiU,FALSE,+,392239,393642,-0.341179649132804,-0.486703020844189,0.230899457059564,0.432994056960708,11,12,yaiU
fadL,FALSE,+,2459322,2460668,-0.341119326797291,-0.172565235697507,0.145649422543665,0.136084696139278,6,17,fadL
carA,FALSE,+,29651,30799,-0.341079184435394,-0.278635391692228,0.290233073311872,0.115511766951186,10,10,carAB
syd,FALSE,-,2922757,2923302,-0.340868401097248,-0.073849654983576,0.126227738919988,0.209375241646023,2,6,syd
yjaH,FALSE,+,4198589,4199284,-0.340853034331895,-0.349691533277636,0.210049677065395,0.0581517411597592,5,3,yjaH
opgH,FALSE,+,1110086,1112629,-0.340841622936126,-0.277961700878497,0.139407115202919,0.266470052576332,30,26,opgGH
ydiK,FALSE,+,1767098,1768210,-0.340766862027723,-0.457277003571753,0.159367405410895,0.389805926186204,9,11,ydiK
putA,FALSE,-,1074143,1078105,-0.340758475163337,-0.382747525964265,0.165870376735158,0.291420792867526,30,39,putA
ydeM,FALSE,-,1577657,1578814,-0.340350608611353,-0.268526108403737,0.16818370306927,0.197518733218359,5,9,ydeNM
trmO,FALSE,-,218887,219594,-0.340051748287227,-0.323061384201051,0.179329345929857,0.59517317787346,10,3,rcsF-trmO
phnJ,FALSE,-,4316784,4317629,-0.340015953926109,-0.759108812403322,0.295289587573313,0.705579585219771,10,2,phnCDE_1E_2FGHIJKLMNOP
recX,FALSE,-,2820161,2820661,-0.339872239920967,-0.722149339167315,0.120785097643133,0.392265992014056,4,2,recAX
exoX,FALSE,+,1924144,1924806,-0.339747547625122,-0.328039577860808,0.0808357701026028,0.496247776949999,11,2,yobB-exoX
shiA,FALSE,+,2051667,2052983,-0.33967368117302,-0.392955968536418,0.0970808167042315,0.282736779987415,2,14,shiA
yahG,FALSE,+,337549,338967,-0.339331803751291,-0.23798125754621,0.119339671988873,0.401325353128928,13,16,yahDEFG
tfaE,FALSE,-,1207740,1208342,-0.339317523520263,-0.217506680147205,0.127660359471953,0.14350246489542,2,4,stfE-tfaE
gadE,FALSE,+,3656389,3656916,-0.339291840847275,NA,0.186879244231582,NA,2,0,gadE-mdtEF
ybbY,FALSE,+,539789,541090,-0.339176187809306,-0.722956319614139,0.0987057250073074,0.752475654948695,10,9,gcl-hyi-glxR-ybbW-allB-ybbY-glxK
patD,FALSE,+,1513602,1515026,-0.339026350523577,-0.26057634015146,0.0952983776974707,0.325554665081217,7,13,ydcSTUV-patD
fixA,FALSE,+,42403,43173,-0.338938864781572,-0.464129099376647,0.210814621636075,0.361855215769117,8,7,fixABCX
menE,FALSE,-,2371670,2373025,-0.338701777834499,-0.47675173382218,0.0537906758092961,0.288143162502192,3,18,menFDHBCE
zupT,FALSE,+,3180572,3181345,-0.338632865245148,-0.64010149689788,0.0628769105095393,0.349256096271108,4,13,zupT
yihQ,FALSE,-,4065263,4067299,-0.338607534380372,-0.314572283498878,0.264191838061566,0.198180583337865,17,11,yihQ
motA,FALSE,-,1974276,1975163,-0.338414749716821,-0.229244329972928,0.0778451257261792,0.243812209161447,3,9,motAB-cheAW
motB,FALSE,-,1973353,1974279,-0.338335046116222,-0.313640473842236,0.165736363265932,0.504178185355281,13,5,motAB-cheAW
idnR,FALSE,-,4488164,4489162,-0.338194382381033,-0.342588916288488,0.2366795591543,0.0817270756515944,7,5,idnDOTR
grcA,FALSE,-,2714088,2714471,-0.338188587579768,-0.40824029122951,0,0,1,1,grcA
pabB,FALSE,+,1892829,1894190,-0.337790872078992,-0.32535124171062,0.0558791158545402,0.38899106013055,10,7,pabB-nudL
intS,FALSE,+,2464567,2465724,-0.337685867547599,-0.590264292553966,0.174000120973769,0.422244016027439,8,9,intS
flgF,FALSE,+,1133025,1133780,-0.337642764694002,-0.265452896956691,0.131461084245674,0.250649200890031,5,6,flgBCDEFGHIJ
flgD,FALSE,+,1131077,1131772,-0.33739512498677,-0.246962231644615,0.154649511222816,0.340791656575605,5,7,flgBCDEFGHIJ
menB,FALSE,-,2373984,2374841,-0.337352178285838,-0.424986257832437,0.319094234817475,0.333450977231947,12,8,menFDHBCE
narI,FALSE,+,1285072,1285749,-0.337336468418712,-0.201838965897043,0.263792206898211,0.346562633978086,4,7,narGHJI
yigB,FALSE,+,3995206,3995922,-0.337195555773853,-0.778171843467456,0.0457108280671857,0.397009542795139,3,4,yifL-dapF-yigA-xerC-yigB
yjbH,FALSE,+,4235657,4237753,-0.33718685102187,-0.368057668930728,0.226229867190304,0.343625050112339,14,12,yjbEFGH
ydfG,FALSE,+,1625541,1626287,-0.33712058353257,-0.245097769185886,0.0612358429350395,0.034782816528526,4,4,ydfG
add,FALSE,+,1700257,1701258,-0.336875588404885,-0.202273030128659,0.132489894252477,0.180166480126278,17,6,add
hdeD,FALSE,+,3655018,3655590,-0.336765411398044,-0.222400877343558,0.203151040964591,0.252865079322827,2,2,hdeD
uxaA,FALSE,-,3239849,3241336,-0.336655368245124,-0.450814482568586,0.151863322929488,0.277276258856246,10,16,uxaCA
lhr,FALSE,+,1727111,1731727,-0.33664657972373,-0.347979701269617,0.248078033380509,0.262898831210425,28,41,rnt-lhr
rpoS,FALSE,-,2864581,2865573,-0.336544248160155,-0.291653097470058,0.164597601543474,0.341051374600336,4,10,nlpD-rpoS
htgA,FALSE,+,10830,11315,-0.336519785652869,NA,0.250499542162565,NA,5,0,htgA
livG,FALSE,-,3591462,3592229,-0.336430090536592,-0.208890969907682,0.370370631794817,0.279941800497841,6,10,livKHMGF
hokB,FALSE,-,1489946,1490095,-0.336068951747694,-2.27880956829231,0,2.7601546365035,1,3,hokB
dmsB,FALSE,+,942637,943254,-0.336018203155813,-0.275736596563003,0.149619948511984,0.0719295843128336,5,2,dmsABC
yjcS,FALSE,-,4302635,4304620,-0.335968953953072,-0.236778178732083,0.229636759690989,0.2906084114979,29,10,yjcS
ygbL,FALSE,+,2861615,2862253,-0.335925320398467,-0.392703812830109,0.15327877018406,0.178353626693551,4,5,ygbLM
yjiQ,FALSE,+,4567381,4567941,-0.335782361586266,NA,0,NA,1,0,yjiPQ
pgpC,FALSE,-,2695937,2696572,-0.335743987445211,-0.331648366082852,0.476183663451719,0.248116192301071,4,9,pgpC-tadA
araB,FALSE,-,68348,70048,-0.335728921489318,-0.355179952759489,0.0945851399392613,0.268111879665098,9,9,araBAD
nikB,FALSE,+,3613264,3614208,-0.33550837798743,-0.463249903242463,0.0307688575782988,0.324534623727852,6,5,nikABCDER
cobS,FALSE,-,2062503,2063246,-0.335494647586741,-0.352927016333764,0.193520463642766,0.168341765605943,3,10,cobUST
ygiA,FALSE,+,3177618,3177878,-0.335486678235154,NA,0.158345367348556,NA,4,0,tolC-ygiABC
uhpC,FALSE,-,3845328,3846647,-0.335437494082375,-0.0642402757663496,0.128621147496542,0.158268049039835,7,16,ivbL-ilvBN-uhpABC
ydeE,FALSE,+,1619356,1620543,-0.335390787364217,-0.301804427282793,0.0730695349004449,0.383836900857368,6,4,ydeE
pdxY,FALSE,-,1713050,1713913,-0.335291952801676,-0.411572479149592,0.187147260217894,0.156910216753948,5,8,pdxH-tyrS-pdxY
cysE,FALSE,-,3779764,3780585,-0.335205497259266,-0.662579235480781,0.139114053667444,0.794283310739103,3,9,cysE
tcdA,FALSE,-,2943058,2943864,-0.335122920183742,-0.397188369467914,0.0283024226889222,0.365867466133914,6,10,tcdA
yafO,FALSE,+,252301,252699,-0.335102318994197,-0.321386270925309,0,0.193295663080417,1,2,dinB-yafNOP
tdcB,FALSE,-,3263061,3264050,-0.335077791248168,-0.431347494430283,0.13115314682507,0.1219717722497,8,8,tdcABCDEFG
yfcH,FALSE,+,2419730,2420623,-0.3350109810658,-0.454611244579118,0.240933096477119,0.467353295069734,7,11,folX-yfcH
mobB,FALSE,-,4038929,4039456,-0.334661281312284,-0.0752437359405468,0.203117706015005,0.120611323944969,4,4,mobAB
abgB,FALSE,-,1399834,1401279,-0.334498123808482,-0.28113660469577,0.253541844194701,0.241017861084641,14,11,abgABT-ogt
dacA,FALSE,-,661975,663186,-0.334466912813001,-0.173438663652639,0.124664424869514,0.258513073309505,9,9,dacA
yhcC,FALSE,-,3351143,3352072,-0.334149079530969,-0.557531744066799,0.150275528617002,0.61850663991335,10,14,yhcC
ybgA,FALSE,+,738224,738733,-0.334146363543662,-0.17842397817042,0.0343399562855144,0.226208934953591,3,2,ybgA-phr
scpC,FALSE,+,3062824,3064302,-0.334113093280125,-0.359110759170646,0.278769406504323,0.184748338845818,12,13,scpA-argK-scpBC
thiC,FALSE,-,4192227,4194122,-0.334080067755667,-0.290392747127899,0.213940714501446,0.211904727893443,10,14,thiCEFSGH
recQ,FALSE,+,4003887,4005716,-0.333575431084956,-0.172497069478965,0.10750512540198,0.183857864379663,10,8,recQ
hslU,FALSE,-,4118439,4119770,-0.333401835108704,-0.578826694722127,0.210041351980473,0.421248376656843,12,8,hslVU
ybaY,FALSE,+,474603,475175,-0.333211827094628,-0.293504449121446,0.163597007781453,0,2,1,ybaY
hisI,FALSE,+,2094638,2095249,-0.333193491106387,NA,0.171310009829681,NA,4,0,hisLGDCBHAFI
ltaE,FALSE,-,907516,908517,-0.333163302765217,-0.38374450823117,0.133618299677987,0.110207028691475,5,4,poxB-ltaE-ybjT
rep,FALSE,+,3958700,3960721,-0.332980285651109,-0.361678190168912,0.273756935980414,0.311355148832321,12,18,rep
yaeF,FALSE,-,216179,217003,-0.332934287608218,-0.164351228234833,0.175932124259952,0.151258542030331,7,8,yaeF
ddpB,FALSE,-,1557931,1558953,-0.332931064093677,-0.31717215877462,0.243852542129005,0.175399793433895,4,9,ddpXABCDF
fliK,FALSE,+,2016410,2017537,-0.332811470637156,-0.323020813190343,0.170980080889295,0.118652974144664,5,3,fliFGHIJK
sgcQ,FALSE,-,4526134,4526940,-0.332689573833194,-0.100284793515062,0.0527448614652634,0.102923404995456,6,3,sgcXBCQAER
gsiC,FALSE,+,870190,871110,-0.332520694382652,-0.561279368905045,0.138171800083936,0.814032198101786,3,9,iaaA-gsiABCD
yeiR,FALSE,+,2265851,2266837,-0.332495685108504,-0.400445644803604,0.0575778438580909,0.268129230579233,9,5,yeiR-lpxT
talB,FALSE,+,8238,9191,-0.332482015085405,-0.504430321864693,0.343596775776673,0.482462037563569,7,10,talB
glk,FALSE,-,2506483,2507448,-0.332293245374223,-0.509568134265585,0.224343371639939,0.306962148392028,2,7,glk
deoC,FALSE,+,4615346,4616125,-0.332218004876771,-0.336101680079773,0.213516087528096,0.27294350841123,8,7,deoCABD
malP,FALSE,-,3548102,3550495,-0.332109297290243,-0.487578565614809,0.22143791139474,0.271099369531139,9,11,malPQ
ynjE,FALSE,+,1837491,1838798,-0.332103497866268,-0.282833449642445,0.257884626913007,0.301619854880898,9,8,ynjE
caiB,FALSE,-,37898,39115,-0.332020003132858,-0.556957735950399,0.175555316332791,0.33966603334191,15,13,caiTABCDE
ulaG,FALSE,-,4416584,4417648,-0.331967449787198,-0.366482306294475,0.180185039267487,0.267508241836775,8,11,ulaG
ydgA,FALSE,+,1687876,1689384,-0.331926408559075,-0.273750887043534,0.114766065122036,0.18088186385995,6,12,ydgA
pgaC,FALSE,-,1085744,1087069,-0.331925780375593,-0.147362079321284,0.108638610251706,0.141744476219837,14,9,pgaABCD
yfaQ,FALSE,-,2326170,2327819,-0.331882527563677,-0.427552725836092,0.340401741747442,0.407082785334927,6,13,yfaATS_1S_2QP
hsdS,FALSE,-,4578091,4579485,-0.331874624012167,-0.68052982515533,0.0792062374934565,0.603217324862835,10,6,hsdRMS
pspE,FALSE,+,1367713,1368027,-0.331833978680629,-0.405866806979172,0,0.458905085932597,1,3,pspABCDE
rcsD,FALSE,+,2311510,2314182,-0.331725252083083,-0.406642326379326,0.145618944800871,0.118332924753041,19,16,rcsDB
dcm,FALSE,-,2028923,2030341,-0.33159182949054,-0.317619253659273,0.206760670428165,0.21945329671862,10,18,dcm-vsr
purC,FALSE,-,2594927,2595640,-0.33158516323985,-0.346880115460495,0.134428820324058,0.216058990631037,4,6,purC
yjfM,FALSE,+,4410410,4411048,-0.331427311317679,-0.525409045065903,0.0370208166553847,0.117615725890051,4,5,yjfKLMC
fixB,FALSE,+,43188,44129,-0.33139076820075,-0.454247864673777,0.0528773313280868,0.436466426302236,3,8,fixABCX
narZ,FALSE,-,1536874,1540614,-0.331341022555719,-0.355079692459587,0.20171709998433,0.253173265728675,28,28,narZYWV
glrR,FALSE,-,2685491,2686825,-0.331177320884229,-0.380849555349854,0.270323461293581,0.295343640810426,7,15,glrR-glnB
yiaV,FALSE,-,3750986,3752122,-0.331125960334494,-0.395282519264461,0.0204350491450341,0.236277676198618,2,8,yiaWV
mpl,FALSE,+,4453808,4455181,-0.330954786316659,-0.534352242802102,0.265096527664138,0.327595440831874,7,11,mpl
fklB,FALSE,+,4426958,4427578,-0.330848607316031,-0.173899271680725,0.167325931167324,0.240069837911467,8,3,fklB
proA,FALSE,+,260727,261980,-0.33081354443441,-0.433319064343142,0.229734887953004,0.440785330208843,12,10,proBA
flu,FALSE,+,2069563,2072682,-0.330810830508811,-0.363065490854513,0.203048577370076,0.318086565562256,28,32,isrC-flu
sodC,FALSE,-,1722158,1722679,-0.33071198070219,-1.26251226174107,0.124441359898603,1.35054219718721,4,2,sodC
yqcA,FALSE,-,2920557,2921006,-0.330608219236005,0.147511517709251,0.201720048783958,0,2,1,yqcC-truC-yqcA
ybiY,FALSE,-,861835,862761,-0.33039704647147,-0.236297444521577,0.0564041277376312,0.00251039321420418,4,2,ybiYW
yfcS,FALSE,-,2449606,2450358,-0.330216792168198,-0.293044288268378,0.101941508823471,0,5,1,yfcUTSRQPO
yggI,FALSE,+,3087777,3088274,-0.330057132150232,-0.547922982933929,0.0786937903606455,0.105403175757945,5,3,yggI
ydaN,FALSE,+,1406074,1407057,-0.329853935572596,-0.461533631893431,0.113324013550265,0.376529552258307,10,14,ydaN
yhdT,FALSE,+,3405397,3405639,-0.329679234069183,-0.231146939437461,0.13584815492487,0.115641259350929,1,2,yhdT-panF-prmA
yegL,FALSE,-,2150493,2151152,-0.329663442522621,-0.610697251304229,0.20282415815903,0.149849037027204,9,3,yegLK
rdgC,FALSE,-,408332,409243,-0.329610704891071,-0.226557378284868,0.129829572616466,0.078148220835169,6,5,rdgC
ybiR,FALSE,+,852870,853988,-0.329606811260357,-0.423036134786918,0.435724576040844,0.424757193702012,6,9,mntR-ybiR
xdhC,FALSE,+,3001511,3001990,-0.329538932545295,-0.602260548951878,0.157622115859415,0.339672293727131,5,4,xdhABC
ygbM,FALSE,+,2862258,2863034,-0.32952487667095,-1.60669449094004,0.159491504059272,2.28455859146881,3,2,ygbLM
yahF,FALSE,+,336002,337549,-0.329483432831883,-0.33920848053918,0.119129340694514,0.351921154065921,7,9,yahDEFG
maeA,FALSE,-,1551996,1553693,-0.329426163152474,-0.432695426145805,0.333332844805018,0.295679172084117,18,11,maeA
sstT,FALSE,+,3237966,3239210,-0.329309541418132,-0.319260615779948,0.082308013080417,0.558135331037966,10,12,sstT
yzcX,FALSE,+,3991873,3992358,-0.329216580028059,-0.233200321321327,0.0895864994947933,0.0360168889719396,2,3,yzcX
fucK,FALSE,+,2935460,2936908,-0.329167282089491,-0.349197794604704,0.232325560377232,0.230483948907575,12,6,fucPIKUR
yhjB,FALSE,-,3669315,3669917,-0.329060265946638,-0.377749397768364,0,0.370408640243578,1,6,yhjB
agaS,FALSE,+,3279998,3281152,-0.329037593458197,-0.408312438416351,0.0522063179001179,0.240412293131191,4,8,agaS-kbaY-agaBCDI
ybhF,FALSE,-,826468,828204,-0.328940513014432,-0.476376520991141,0.0672402219953831,0.423270086244069,10,22,cecR-ybhGFSR
sgrR,FALSE,-,75644,77299,-0.328487262446385,-0.359394836167214,0.0956380587589909,0.505406631497137,11,15,sgrR-sroA-tbpA-thiPQ
paaH,FALSE,+,1457078,1458505,-0.328324514307858,-0.276331702070056,0.143169130193348,0.32160579816082,9,15,paaABCDEFGHIJK
yhhX,FALSE,-,3577791,3578828,-0.328123130604857,-0.261054364681609,0.110919567594109,0.0422598798721466,6,5,yhhX
yfdT,FALSE,+,2473895,2474200,-0.328074293766847,NA,0,NA,1,0,yfdRST
ysgA,FALSE,-,4013377,4014192,-0.327992843038936,-0.337132775148698,0.267551727300073,0.281114329366341,7,10,ysgA
msyB,FALSE,-,1113030,1113404,-0.327752844214409,-0.432343632350143,0.0684627001509919,0.0977128869336348,2,3,msyB
speC,FALSE,-,3105042,3107177,-0.327526332427916,-0.2500348051864,0.244175933262953,0.248390363709641,14,27,speC
cusR,FALSE,-,593983,594666,-0.32752624543031,-0.459507698069776,0.0701494922205588,0.193170751247463,6,6,cusRS
tesB,FALSE,-,473525,474385,-0.327525822859473,-0.0195747391007149,0.265825898066622,0.0778596569093349,6,3,tesB
yfaW,FALSE,-,2358231,2359448,-0.327016063232181,-0.291961108924386,0.0365318364370016,0.265821219050997,7,8,yfaW
intA,FALSE,+,2754181,2755422,-0.326734667986744,-0.407367689555535,0.2381250868291,0.26415545844455,7,9,intA
dacD,FALSE,-,2079405,2080571,-0.326649222773996,-0.499776497978922,0.182735670431576,0.381573258084336,4,13,dacD
sucD,FALSE,+,763403,764272,-0.326611009395805,-0.411752883650602,0.140400989297828,0.160816201752992,10,7,sdhCDAB-sucABCD
xthA,FALSE,+,1830452,1831258,-0.326436594139619,-0.414306208829126,0.281409989524332,0.200576684580788,7,5,xthA
agaB,FALSE,+,3282192,3282668,-0.326408538989281,-0.289287866515395,0,0.0561464907695363,1,3,agaS-kbaY-agaBCDI
yddW,FALSE,-,1565528,1566847,-0.32613336232546,-0.399910708003926,0.138314850581134,0.459946547197679,17,11,yddW
ybhP,FALSE,-,822959,823720,-0.325867678437646,-0.431391104149813,0.0991201633478171,0.54181049451538,6,7,ybhP-clsB-ybhN
dgoD,FALSE,-,3869873,3871021,-0.325830035216378,-0.350207623767628,0.095395059714954,0.213443571054725,9,11,dgoRKADT
pflD,FALSE,+,4142018,4144315,-0.325769567309866,-0.218041340357297,0.13961258896367,0.332259500854666,10,21,pflDC
yqiB,FALSE,-,3174880,3175302,-0.325641520777629,-1.16107488556167,0.151566804165812,1.39362842857438,2,2,nudF-yqiB-cpdA-yqiA-parE
ydhJ,FALSE,+,1719288,1720145,-0.325597400049993,-0.296680017479249,0.195286780803778,0.112967836452162,11,4,ydhIJK
waaL,FALSE,+,3794971,3796230,-0.325425839394046,-0.3607929720865,0.0582627195134158,0.33001743062514,3,2,rfaD-waaFCL
ybbW,FALSE,+,536857,538311,-0.325359966874437,-0.225986250973923,0.067481047915824,0.221333742819633,8,11,gcl-hyi-glxR-ybbW-allB-ybbY-glxK
yiaN,FALSE,+,3742827,3744104,-0.325278895958244,-0.119167750103643,0.0285178425947069,0.144746404811196,3,11,yiaKLMNO-lyxK-sgbHUE
marR,FALSE,+,1617144,1617578,-0.325223858406891,-0.264309773575681,0.0236169743368646,0.0314651898257616,2,3,marRAB
lpxP,FALSE,+,2493667,2494587,-0.325118813402173,-0.249319434097703,0.220138984326606,0.159573680263595,9,7,lpxP
fecA,FALSE,-,4512376,4514700,-0.325075837747791,-0.229384337128699,0.180266187634629,0.262781489619707,19,16,fecABCDE
yneF,FALSE,-,1608931,1609878,-0.325007741003292,-0.529364239644823,0.0235754369479888,0.191003686078667,3,3,yneF
trxA,FALSE,+,3963784,3964113,-0.324802615125336,-0.496940605747006,0.224642216750144,0.517568489917399,1,6,trxA
glvB,FALSE,-,3860010,3860495,-0.324788333555805,-0.621299360672096,0.075014217812904,0.100837349063496,3,2,glvCBG-ysdC
dppD,FALSE,-,3700888,3701871,-0.324404320694061,-0.3800525422354,0.136498904774939,0.357529201682203,9,11,dppABCDF
trxC,FALSE,+,2716757,2717176,-0.324359815834725,-0.36413887580686,0.028406327825669,0.168603716897887,3,4,trxC
ygjV,FALSE,-,3239215,3239766,-0.324336975260213,-0.30380564757607,0.0725962757829094,0.189960999256578,3,5,ygjV
yehB,FALSE,-,2186452,2188932,-0.323981268866292,-0.345603080765052,0.14695434295629,0.182081319726497,12,22,yehDCBA
dmsA,FALSE,+,940182,942626,-0.323957131366818,-0.449827494311475,0.250886838985373,0.348707315274911,18,16,dmsABC
frmB,FALSE,-,376759,377592,-0.323928902506282,-0.300802878852159,0.0977187842606178,0.446076618880787,7,4,frmRAB
yhiM,FALSE,+,3632864,3633916,-0.323443458871329,-0.190422611428576,0.0936938285825206,0.244710134946112,2,8,yhiM
nudF,FALSE,-,3175303,3175932,-0.323352162003851,-0.373253508266097,0.175844028489083,0.174630009185434,5,4,nudF-yqiB-cpdA-yqiA-parE
dgoT,FALSE,-,3868461,3869753,-0.323324495508734,-0.316287072870832,0.208057896845031,0.558365955175878,13,12,dgoRKADT
tamB,FALSE,+,4442135,4445914,-0.323174028618052,-0.401548350757738,0.220251169399225,0.235278379166386,18,35,tamAB-ytfP
yjeF,FALSE,+,4392089,4393636,-0.323172204469128,-0.377759156676817,0.157357088541197,0.31228617096712,12,22,yjeF-tsaE-amiB-mutL-miaA-hfq-hflXKC
nfrB,FALSE,-,590164,592401,-0.323030675849572,-0.397066385925727,0.237905711331252,0.403000062900842,17,12,nfrBA
yjdF,FALSE,-,4342952,4343581,-0.322630109222978,-0.326273520768202,0.14016059222661,0.636924493435937,6,6,yjdF
sucC,FALSE,+,762237,763403,-0.322564721783469,-0.405880990730209,0.0937831201882855,0.198155449650072,4,11,sdhCDAB-sucABCD
dgoR,FALSE,-,3872494,3873183,-0.32214310163514,-0.377895163443464,0.184739795795201,0.296149977460803,4,4,dgoRKADT
yieH,FALSE,+,3894797,3895462,-0.322102252620336,-0.253603904946536,0.167438226268881,0.104699006092215,4,4,yieH
ogt,FALSE,-,1397745,1398260,-0.322023164076393,-0.333529370271117,0,0.326334223450662,1,7,abgABT-ogt
thiI,FALSE,+,440773,442221,-0.321890703909424,-0.26160750608865,0.14375283199295,0.173091880976031,8,8,thiI
yfiH,FALSE,-,2732325,2733056,-0.321626626186136,-0.713839142578211,0.20694757903057,0.562731253729493,9,8,rluD-yfiH
yhjJ,FALSE,-,3678467,3679963,-0.321523712830384,-0.344843673220702,0.114578833134904,0.136879024924515,10,8,yhjJ
wcaD,FALSE,-,2127685,2128902,-0.321456228337729,-0.644950904461587,0.171990161012884,0.577297228532865,3,10,wcaCDEF-gmd-fcl-gmm-wcaI-cpsBG-wcaJ-wzxC
fumA,FALSE,-,1684755,1686401,-0.321412794148231,-0.338148798204259,0.11512645340901,0.310802221716136,10,11,fumAC
ydcF,FALSE,+,1485259,1486059,-0.321312909564293,-0.575415969821554,0.0849748173567874,0.346900077091221,3,5,ydcF
ycgV,FALSE,-,1252308,1255175,-0.321162587752557,-0.451305450131463,0.171067603446178,0.33002326557331,16,25,ycgV
yffQ,FALSE,+,2561599,2561991,-0.321102891571285,-0.470637419472365,0.487757034856941,0.235805706591776,1,5,yffQR
rutB,FALSE,-,1071394,1072086,-0.321096781242088,-0.380318411623895,0.152149251774387,0.177853945053483,4,4,rutABCDEFG
iaaA,FALSE,+,865791,866756,-0.320923536605642,-0.332124268458731,0.260485059885055,0.336029280778348,12,10,iaaA-gsiABCD
yegH,FALSE,+,2135926,2137509,-0.320905839509734,-0.0814083450145902,0.140396150754126,0.209803635957132,10,12,yegH
fhlA,FALSE,+,2852360,2854438,-0.320771409952898,-0.304321015425491,0.227864209117448,0.172125739560493,16,12,hypABCDE-fhlA
mdtE,FALSE,+,3657255,3658412,-0.320731516972874,-0.477646348394653,0.136852597615627,0.277888016578,10,8,gadE-mdtEF
yidJ,FALSE,-,3854934,3856427,-0.320640896977363,-0.239018497600185,0.249867800558118,0.222253122921415,12,15,yidKJ
ybaE,FALSE,-,464836,466536,-0.320632653571978,-0.584447084789534,0.200554318721197,0.354832650905855,17,8,ybaE
zitB,FALSE,-,783105,784046,-0.320611289167112,-0.568194996985609,0.33942700720791,0.447658231947101,8,10,zitB
malM,FALSE,+,4247577,4248497,-0.320442771870469,-0.360851749177006,0.145897221976002,0.129377101782227,8,3,malK-lamB-malM
lysC,FALSE,-,4229907,4231256,-0.320369536579105,-0.422948385812457,0.214144220103452,0.151290730038418,10,6,lysC
rclR,FALSE,+,319451,320305,-0.320251572940988,-0.38389023172389,0.122716458387507,0.163474636084764,2,4,rclR
dps,FALSE,-,847631,848134,-0.320157060435593,-0.329473009606665,0.250017509379411,0.442886682457467,2,6,dps
yhhZ,FALSE,+,3579886,3581064,-0.320129506091634,-0.452659488184563,0.0284941621799794,0.0508047285330578,4,3,yhhZ-yrhA-insA-6AB-6B-6
atoS,FALSE,+,2318065,2319891,-0.320010388555864,-0.414028310979083,0.11429989767755,0.126354649872919,11,8,atoSC
bglH,FALSE,-,3898627,3900243,-0.319841284168018,-0.235615028621016,0.185869582591523,0.235806212900961,11,11,bglH-yieLK
nadB,FALSE,+,2708442,2710064,-0.319763320391217,-0.576053209023224,0.206271885414856,0.641994924424493,13,14,nadB
hipA,FALSE,-,1588878,1590200,-0.319733344819701,-0.466311191117063,0.164064608599116,0.25542529087311,6,10,hipBA
sufS,FALSE,-,1757327,1758547,-0.319648446519008,-0.392603939772715,0.256400079162537,0.555257452941027,9,13,sufABCDSE
ttcA,FALSE,-,1409037,1409972,-0.319441804634312,-0.208073288486545,0.124110741088359,0.171025021553778,6,10,ttcA
hupA,FALSE,+,4198304,4198576,-0.31939256033673,-0.24851558001695,0.0943938943594921,0.116991609805709,2,4,hupA
fecI,FALSE,-,4515737,4516258,-0.319189437786608,-0.249232800262543,0.594798903416822,0.117300737306897,2,5,fecIR
gdhA,FALSE,+,1840395,1841738,-0.319149547768376,-0.286881568873147,0.188100802410471,0.159173699850044,11,17,gdhA
glmY,FALSE,-,2689179,2689362,-0.318987917070769,NA,0.11292155368912,NA,3,0,glmY
thiG,FALSE,-,4189888,4190658,-0.318902110543328,-0.147283219812785,0.182753031817683,0.186736086099586,8,8,thiCEFSGH
yjhG,FALSE,-,4520150,4522117,-0.318881511072969,-0.325460637143529,0.181656861579478,0.141704726573791,15,18,yjhIHG
chiP,FALSE,+,707557,708963,-0.318854077758113,-0.336041794661926,0.253597693587037,0.199354937559398,9,14,chiP-ybfN
ycaI,FALSE,+,963543,965807,-0.318696471697269,-0.339754466381897,0.244307513188252,0.352756005859455,18,21,ycaI-msbA-lpxK-ycaQ
yedA,FALSE,+,2027563,2028483,-0.318469185591921,-0.402378046021317,0.19452296537806,0.129980427867953,3,8,yedA
ycgM,FALSE,+,1227302,1227961,-0.318194924771538,-0.231406618858113,0.0653891782522201,0.302643832126715,6,5,ycgM
cobT,FALSE,-,2061412,2062491,-0.318149006490536,-0.323926920951689,0.189737715079757,0.361850460467531,6,14,cobUST
yraQ,FALSE,-,3295120,3296160,-0.31787742193084,-0.427165933056898,0.15221411631616,0.261167455905098,9,19,yraQ
livJ,FALSE,-,3596578,3597681,-0.317693312234372,-0.252285075437307,0.171473987305398,0.324056465577388,5,15,livJ
yagB,FALSE,-,279609,279959,-0.317536231011135,-0.284074659810436,0.194226890390178,0.0514310740187756,2,2,yagAB-ykgN
trkG,FALSE,+,1421806,1423263,-0.317511102776922,-0.181215289473027,0.0896091608929955,0.300560113653564,5,10,trkG
ccmB,FALSE,-,2294384,2295046,-0.317441573582376,-0.219097457116861,0.1110502338828,0.279076423319708,4,9,napFDAGHBC-ccmABCDEFGH
puuC,FALSE,+,1360767,1362254,-0.316825716885669,-0.28211182101435,0.120954174187494,0.628646443121116,14,11,puuDRCBE
rtcR,FALSE,+,3556290,3557888,-0.316639209186309,-0.229894003670936,0.338246969586152,0.278391543390667,7,8,rtcR
yhhY,FALSE,+,3579161,3579649,-0.316394981866511,-0.357223363958641,0.148182057080792,0.376030650403624,6,3,yhhY
ykfF,FALSE,-,264528,264767,-0.316269838813931,-0.286739677543528,0.114151641894746,0.0751759499240145,2,6,yafY-ykfBF-yafX-ykfGH-yafW-ykfI
narY,FALSE,-,1535333,1536877,-0.315984034027823,-0.219293941601401,0.0791083442622902,0.393445068219865,10,7,narZYWV
dauA,FALSE,-,1258347,1260026,-0.315962760694164,-0.319833029117229,0.188845041964738,0.423761659715934,14,14,dauA
asnC,FALSE,-,3924568,3925026,-0.315758488182381,-0.328837249864916,0.157495465248976,0.615640522975379,3,3,asnC-mioC-mnmG-rsmG
kptA,FALSE,+,4558953,4559507,-0.315638132132634,-0.478934105148732,0.101416335636962,0.106122362581473,4,4,kptA
mepA,FALSE,-,2443582,2444406,-0.315618825297805,-0.805147513119821,0.0346108682419476,0.85393059855504,5,4,prmB-aroC-mepA-yfcA-epmC-yfcL
pykA,FALSE,+,1935673,1937115,-0.315257525364758,-0.444822797866339,0.150877111073402,0.272838412537048,8,18,pykA
gltP,FALSE,+,4292504,4293817,-0.315193343603368,-0.485209915299023,0.321950556506211,0.339147432518439,5,10,gltP
yheV,FALSE,-,3476614,3476814,-0.315159715821411,-0.292114063623154,0.0822527450300151,0.171618425054235,3,2,kefGB-yheV
gss,FALSE,-,3134685,3136544,-0.31512563925372,-0.419012615240123,0.139074338545546,0.375400368092477,12,16,gss
cpsB,FALSE,-,2121108,2122544,-0.314856052781242,-0.167432912684032,0.228505488634905,0.242714651806841,9,15,wcaCDEF-gmd-fcl-gmm-wcaI-cpsBG-wcaJ-wzxC
hyfA,FALSE,+,2599223,2599840,-0.314330521867214,-0.644790179442649,0.236268728519497,0.155431562359126,8,3,hyfABCDEFGHIJR-focB
ampD,FALSE,+,118733,119284,-0.313992137555017,-0.19080156441399,0.152607560692896,0.0683550872070573,4,4,ampDE
adiC,FALSE,-,4333717,4335054,-0.313714444376017,-0.238968988782423,0.169142664417711,0.227560537009399,15,16,adiC
actP,FALSE,-,4281276,4282925,-0.31356433324604,-0.373283525111089,0.173091624761801,0.322620950926229,10,20,acs-yjcH-actP
sppA,FALSE,+,1846861,1848717,-0.313467752521959,-0.375824434193508,0.139036184416828,0.287722459750563,12,19,sppA
ybiW,FALSE,-,859397,861829,-0.313133573736534,-0.315285029575161,0.162744979793927,0.339866089148975,15,15,ybiYW
ygaY,FALSE,+,2806634,2807515,-0.313102594171187,-0.178313650879657,0.266150636474677,0.117170735912148,5,11,ygaXY
mcbR,FALSE,+,1518286,1518951,-0.312872322790307,-0.20510161261566,0.0965189139081555,0,1,1,mcbR
amyA,FALSE,+,2004180,2005667,-0.312816768085649,-0.432421243312885,0.0748749662342141,0.312860379911498,7,16,amyA
hyfF,FALSE,+,2604939,2606519,-0.312498058199643,-0.349236739368406,0.12140028182287,0.254074509513136,8,16,hyfABCDEFGHIJR-focB
gfcE,FALSE,-,1043887,1045026,-0.312474633037414,-0.559465157584736,0.312829880567209,0.246731262102489,4,11,gfcE-etp-etk
ydjK,FALSE,-,1856874,1858253,-0.312347348850469,-0.326700016124128,0.11848439035402,0.46426895105759,7,11,ydjLKJIHG
yaaA,FALSE,-,5683,6459,-0.312323473980135,-0.753397854239387,0.278868074647303,0,3,1,yaaA
recE,FALSE,-,1412810,1415410,-0.312306747378197,-0.272278969315007,0.175070997421367,0.248585266618993,19,17,recET-ralR-ydaC-xisR-intR
marB,FALSE,+,1618013,1618231,-0.312277723755569,NA,0.0639988749734739,NA,3,0,marRAB
yfaV,FALSE,-,2356885,2358174,-0.312264605317575,-0.284516162875674,0.129853888624635,0.137460480128463,8,12,yfaX-rhmD-yfaVU
yjeJ,FALSE,-,4371388,4372257,-0.312196829894035,-0.611457996233618,0.0664371257115343,0.0824282545628326,3,2,yjeJ
ygdG,FALSE,+,2928987,2929832,-0.312012757110279,-0.588928376253956,0.261566587791748,0.387825800991605,6,9,ygdG
otsA,FALSE,-,1978212,1979636,-0.31197943616174,-0.27098273393095,0.336458505566106,0.174773946096804,11,7,otsBA
ygdH,FALSE,+,2924330,2925694,-0.31193296219479,-0.373898294274364,0.229282009603284,0.152802535869819,7,11,ygdH
nlpA,FALSE,-,3837198,3838016,-0.311793983520043,-0.55083919875406,0.14001012703544,0.337614301236499,5,5,nlpA
hybB,FALSE,-,3141008,3142186,-0.311578363309506,-0.408553810507234,0.197133830433793,0.39078588263008,4,7,hybOABCDEFG
yjhQ,FALSE,-,4531262,4531807,-0.311524919346319,-0.344417055969758,0.180168442078862,0.13723841348941,6,6,topAI-yjhQ
insH-5,FALSE,-,1425770,1426750,-0.311508284268325,0.073379418951174,0.0264868981640376,0,3,1,insH-5
adhE,FALSE,-,1294669,1297344,-0.311486778245138,-0.357699028318787,0.111157869865261,0.203502119511719,20,13,adhE
ycjP,FALSE,+,1372114,1372956,-0.311317421521323,-0.45120476649826,0.489913905338561,0.223096616315799,6,7,ycjMNOPQRSTUV-ymjB
yagE,FALSE,+,281502,282410,-0.31122483095035,-0.291306930580719,0.124629564644306,0.15082930047001,5,13,yagEF
panF,FALSE,+,3405629,3407080,-0.310983712601573,-0.39228842020349,0.162717517474721,0.408687063443608,10,13,yhdT-panF-prmA
ppsR,FALSE,+,1785469,1786302,-0.310823975834689,-0.318041132732128,0.0458733594307588,0.217605798781078,9,6,ppsR
ydcM,FALSE,+,1501681,1502889,-0.310759349626608,-0.254400448743336,0.165877337509413,0.196508832335084,6,10,ydcM
lacZ,FALSE,-,362455,365529,-0.310745565726514,-0.255989837058872,0.127924400884842,0.392063969196475,24,31,lacZYA
yehQ,FALSE,+,2207122,2208966,-0.310542615773661,-0.371215176931849,0.149707537038777,0.212746518805125,12,12,yehLMPQ
ydcR,FALSE,+,1508027,1509433,-0.310507898506964,-0.350825158065344,0.149645952978794,0.24193248036279,7,10,ydcR
casA,FALSE,-,2880652,2882160,-0.310497753538692,-0.384698067848756,0.242409470491046,0.203572318022447,6,7,casABCDE12
uhpA,FALSE,-,3848159,3848749,-0.310492029415592,-0.373808037101288,0.0980045797325564,0.302593579098344,2,7,ivbL-ilvBN-uhpABC
tar,FALSE,-,1969054,1970715,-0.310354130955316,-0.272144916168736,0.347454267405324,0.241804654557446,8,15,tar-tap-cheRBYZ
eutE,FALSE,-,2568370,2569773,-0.310293747073796,-0.572180573340002,0.145114768036415,0.506624303854078,13,11,eutNEJG
recN,FALSE,+,2749817,2751478,-0.31022248698381,-0.274829446175339,0.111373037138888,0.0797999416730341,14,11,recN
yebY,FALSE,-,1921389,1921730,-0.310035448625836,-0.313701031767084,0.0583860431919013,0.285847536669659,3,2,yobA-yebZY
astB,FALSE,-,1824940,1826283,-0.309941874383058,-0.441436830319524,0.0451892523671704,0.439643488536913,7,11,astCADBE
agaD,FALSE,+,3283500,3284291,-0.309931189030072,-0.109068839075675,0.180520435474214,0.0333623956743993,4,4,agaS-kbaY-agaBCDI
frvB,FALSE,-,4088938,4090389,-0.309913724621297,-0.399785999696675,0.166139464405644,0.172129379770052,11,20,frvABXR
nudE,FALSE,-,3523611,3524171,-0.309848616559925,-0.257814729490103,0.232278422955551,0.13305724827898,5,7,nudE
gsiA,FALSE,+,866776,868614,-0.309802828896992,-0.368167994942716,0.129436777983535,0.305525101944619,12,13,iaaA-gsiABCD
mutM,FALSE,-,3808366,3809175,-0.309769243396041,-0.849473961438033,0.114740086459382,0.715698538352915,4,4,yicR-rpmBG-mutM
nanC,FALSE,-,4536808,4537524,-0.309564420015542,-0.326345679052385,0.235265563293671,0.016006078684607,7,2,nanCMS
sseA,FALSE,+,2650516,2651361,-0.30919456257647,-0.458192251795995,0.159458816056115,0.133940893913553,7,6,sseA
ypfN,FALSE,+,2590784,2590984,-0.309174345289085,NA,0,NA,1,0,yffB-dapE-ypfN
endA,FALSE,+,3088369,3089076,-0.309120598657561,-0.29889466272783,0.137701697374066,0.269656027261833,6,4,endA
yfbL,FALSE,+,2383882,2384853,-0.309105443071272,-0.470573355647365,0.19323651751214,0.174104306481504,6,3,yfbL
yhcD,FALSE,+,3360829,3363210,-0.309015871735645,-0.415319733945196,0.0458934715123218,0.375066915513419,13,12,yhcAD-ychE_1
yegU,FALSE,+,2178117,2179121,-0.308826409113913,-0.373654467365828,0.131275481880875,0.28907329013601,4,13,yegTUV
gspJ,FALSE,+,3460366,3460953,-0.308766921468257,-0.345057298847577,0,0.266946405373386,1,3,gspCDEFGHIJKLMO
entB,FALSE,+,626917,627774,-0.308757419772716,-0.156289931323665,0.219899362792104,0.25649716668961,8,5,entCEBAH
phoA,FALSE,+,400971,402386,-0.308586068187524,-0.244558482111034,0.377660969295512,0.364065053855801,9,8,phoA-psiF
ynbC,FALSE,+,1477162,1478919,-0.308333608057179,-0.223179626144057,0.053878591834022,0.194937702925337,3,17,ynbABCD
bcsA,FALSE,-,3690641,3693259,-0.30826784571572,-0.468894996062235,0.212232415914529,0.309537882762514,15,23,bcsABZC
flgG,FALSE,+,1133952,1134734,-0.308258238304212,-0.263897370197346,0.0629890767998402,0.107653574063121,5,6,flgBCDEFGHIJ
ptrA,FALSE,-,2954018,2956906,-0.30800994124037,-0.286039329588199,0.254933927620807,0.222186682574883,20,18,ptrA-recBD
elfC,FALSE,+,998439,1001039,-0.307891179138407,-0.280904899614123,0.138278149199214,0.336782075247527,14,27,elfDCG-ycbUVF
ydhV,FALSE,-,1749752,1751854,-0.307719935645088,-0.368227394236258,0.174985401593737,0.216613481316411,17,19,ydhYVWXUT
mscS,FALSE,-,3066969,3067829,-0.307263997000865,-0.485759541625494,0.0612393462866545,0.294272419734555,3,9,mscS
speF,FALSE,-,717485,719683,-0.307256833200194,-0.353217076854809,0.22142275652417,0.28413482640414,18,14,speF-potE
menD,FALSE,-,2375611,2377281,-0.307235426956904,-0.495823498046445,0.0706849850623483,0.4217790040908,9,14,menFDHBCE
cueO,FALSE,+,137083,138633,-0.307102159572279,-0.493080972761073,0.248946112042085,0.283850713698653,11,22,cueO
yphB,FALSE,-,2671838,2672710,-0.306938709634498,-0.498767979996396,0.235881205957496,0.336012402547602,4,10,yphCB
ydbC,FALSE,+,1472245,1473105,-0.306391892596709,-0.459443472095759,0.172011430204475,0.260741163818076,5,10,ydbC
sbcB,FALSE,+,2080780,2082207,-0.306380105345739,-0.22991660401434,0.101259258489649,0.190384604139822,12,5,sbcB
aceA,FALSE,+,4215132,4216436,-0.306301480077129,-0.193738491877572,0.106419612465104,0.138404321904296,9,13,aceBAK
ecnA,FALSE,+,4374340,4374465,-0.306283090526051,NA,0.0954333295747706,NA,2,0,ecnAB
yhfX,FALSE,-,3507835,3508998,-0.306068994325624,-0.393420645017333,0.1779385447524,0.524933403677571,4,12,yhfXW-php-yhfUTS
aas,FALSE,-,2971877,2974036,-0.305860123869952,-0.328602892714597,0.276100387225484,0.177931684352059,24,11,aas-lplT
crfC,FALSE,+,4325158,4327386,-0.305772360046448,-0.316487377391274,0.100517849890663,0.22294025106927,18,13,crfC-yjcZ
yciB,FALSE,-,1310375,1310914,-0.305691991784951,-0.19842712894534,0,0.121973458975852,1,6,yciCB
gmr,FALSE,-,1342781,1344766,-0.305630783008196,-0.430935685193285,0.199389164829889,0.20331292640803,10,15,gmr
kdpD,FALSE,-,720953,723637,-0.30555849007591,-0.270657492986474,0.214097214205473,0.190278054849856,14,23,kdpDE
yeiP,FALSE,+,2263472,2264044,-0.305461246842891,-0.382013183650711,0.161399957496704,0.274812341610463,2,3,yeiP
mglA,FALSE,-,2235791,2237311,-0.305330891256745,-0.358893644759321,0.141743834382456,0.280449292190453,10,15,mglBAC
rlpA,FALSE,-,663325,664413,-0.305060709005889,-0.352745294219158,0.163754316233671,0.259810549127385,9,8,rsfS-rlmH-mrdAB-rlpA
fepG,FALSE,-,619419,620411,-0.304793543055597,-0.302030467745651,0.183617101394008,0.283035669793712,7,12,fepDGC
isrB,FALSE,-,1985863,1986022,-0.30472544488872,NA,0,NA,1,0,isrB
ydhR,FALSE,+,1744724,1745029,-0.304573173777949,-0.19246603489236,0.108074563356025,0.504794967004055,2,2,ydhR
yeiQ,FALSE,+,2264267,2265733,-0.304549805541276,-0.391582553438672,0.0638976401078669,0.272729181448784,8,13,yeiQ
mdtH,FALSE,-,1123341,1124549,-0.304514422550607,-0.288036306523282,0.301212188206765,0.435115405680093,7,11,mdtH
hflC,FALSE,+,4401323,4402327,-0.304432178530684,-0.333251887679039,0.100808614548555,0.223259199047491,5,6,yjeF-tsaE-amiB-mutL-miaA-hfq-hflXKC
malS,FALSE,+,3735520,3737550,-0.304248698457909,-0.355158896429836,0.174531756207246,0.275194379423588,7,16,malS
yaiX,FALSE,-,380068,380283,-0.30423450876871,-0.165374175639364,0.0707378523576907,0.118568752453411,3,5,yaiXO
ybcY,FALSE,-,581375,581959,-0.304186846456747,-0.55525882619389,0.165735215461631,0.379711809038828,2,8,ybcY
cheA,FALSE,-,1971384,1973348,-0.304032986710773,-0.252484545584959,0.144335700912195,0.118483900574611,15,15,motAB-cheAW
glcG,FALSE,-,3121849,3122253,-0.304015101676512,-0.568746364711311,0.353454710276842,0.163917414192564,2,5,glcDEFGBA
yqiK,FALSE,+,3190886,3192547,-0.303809613995241,-0.31673319565531,0.224037306222448,0.2270952603174,10,9,yqiJK
yaiL,FALSE,+,375996,376535,-0.303727624524665,-0.196314771255336,0.0310466616920032,0.0753686106094737,4,3,yaiL
yihG,FALSE,-,4043693,4044625,-0.303659572405343,-0.353522383429279,0.159317572071393,0.349325396487391,6,5,yihG
glnK,FALSE,+,471822,472160,-0.303563732920721,-0.042605761168757,0,0.102013963845242,1,2,glnK-amtB
yrdD,FALSE,-,3429442,3429984,-0.303469579728589,-0.43202533330088,0.0411556694708716,0.229675278304793,4,4,yrdD-tsaC-aroE-yrdB
argH,FALSE,+,4154873,4156246,-0.303397179601203,-0.375983399328127,0.179197766108859,0.415711287217859,4,18,argCBH
yjbI,FALSE,+,4248978,4250306,-0.303351137139729,-0.325877661725169,0.126559842074774,0.370561096244615,4,5,yjbI
trpD,FALSE,-,1317813,1319408,-0.303237879208341,-0.319295510337859,0.16882944487028,0.151847739878548,11,13,trpLEDCBA
guaD,FALSE,+,3023788,3025107,-0.303057744814559,-0.299839407908601,0.14504671307812,0.101552206134453,9,8,xanQ-guaD-ghxQ
mtfA,FALSE,+,2041675,2042472,-0.303008955565964,-0.267255538535257,0.0995654961507896,0.164798341010287,4,4,mtfA
baeR,FALSE,+,2162300,2163022,-0.302895764725778,-0.0860090302072002,0.0947333164505416,0.076111115529864,3,3,mdtABCD-baeSR
yejO,FALSE,-,2284412,2286922,-0.302746619848767,-0.287528602026795,0.148088244474689,0.205387266780501,11,27,yejO
glnE,FALSE,-,3194823,3197663,-0.302506736562456,-0.456856860684532,0.221652407052814,0.338514089339302,12,23,ygiF-glnE
srlE,FALSE,+,2824414,2825373,-0.302354094832774,-0.385922575080651,0.0981368321676475,0.488954504871443,6,8,srlAEBD-gutM-srlR-gutQ
bepA,FALSE,+,2614116,2615579,-0.302231476411877,-0.37741355448235,0.159416788675434,0.477697556875831,9,11,bepA-yfgD
glxR,FALSE,+,535810,536688,-0.301862698620171,-0.259256864812523,0.327654108317188,0.0500132002459414,2,8,gcl-hyi-glxR-ybbW-allB-ybbY-glxK
hrpB,FALSE,+,162105,164534,-0.301853321658723,-0.443416711314771,0.109643696190618,0.279709168869959,14,22,hrpB
insH-6,FALSE,-,2064329,2065345,-0.301845463054958,-0.49064407290015,0.0700089859084179,0.344325272777714,2,2,insH-6
arnT,FALSE,+,2368930,2370582,-0.301814742222367,-0.290180555331234,0.206779459469341,0.330728551412661,10,13,arnBCADTEF
yadS,FALSE,-,177001,177624,-0.301578196601974,-0.188517425357508,0,0.138089721857913,1,5,mtn-btuF-yadS
dosP,FALSE,-,1561358,1563757,-0.301545283637554,-0.425901254909407,0.165396025368109,0.433392574838437,18,12,dosCP
fnr,FALSE,-,1396798,1397550,-0.301514190884832,-0.25496399471497,0.272508094994481,0.247652268494281,8,4,fnr
ybbJ,FALSE,-,513625,514083,-0.301435142488011,-0.52862922514978,0.0128081760723987,0.247282777002587,2,8,qmcA-ybbJ
eutR,FALSE,-,2552152,2553204,-0.301051823462286,-0.299609827547516,0.0269911497702276,0.265316848696847,4,11,eutBCLKR
yecE,FALSE,+,1949419,1950237,-0.300933388103726,-0.193990789228307,0.0483107690999858,0.11586620229806,4,6,yecDE
cadA,FALSE,-,4354493,4356640,-0.300919156990705,-0.255678003670281,0.174683619370533,0.142153663900715,13,9,cadBA
nac,FALSE,-,2059040,2059957,-0.300913393800982,-0.241152294670327,0.159519661369277,0.30374769702353,5,2,nac
ydhT,FALSE,-,1746771,1747583,-0.30078732282887,-0.210357378830382,0.38689234910968,0.374494708158547,2,9,ydhYVWXUT
lysP,FALSE,-,2245085,2246554,-0.300701822322032,-0.403888543022446,0.236110663619969,0.279024461747104,9,17,lysP
dedA,FALSE,-,2432104,2432763,-0.300601996293467,-0.509349277618365,0.168838180105891,0.225704472046577,4,6,pdxB-usg-truA-dedA
yebS,FALSE,+,1914282,1915565,-0.300592919493324,-0.18256164975266,0.2510958226521,0.190478182105953,13,6,yebST
mqsR,FALSE,-,3166270,3166566,-0.300536384823869,-0.451173571865832,0,0,1,1,mqsRA
hyfB,FALSE,+,2599840,2601858,-0.300514491730245,-0.445068810343073,0.149104219606957,0.301530364241305,9,16,hyfABCDEFGHIJR-focB
rcsC,FALSE,-,2315049,2317850,-0.30004993591599,-0.299634054826279,0.168255781780614,0.319318471520108,14,15,rcsC
yjjQ,FALSE,+,4601500,4602225,-0.300046934052974,-0.338349649043301,0.208850928762767,0.0501859164513548,4,4,yjjQ-bglJ
yqeF,FALSE,-,2982433,2983614,-0.299862072301419,-0.512956597270761,0.171469172364706,0.725500672361448,5,10,yqeF
umpG,FALSE,-,2867535,2868296,-0.299859421837028,-0.486606280012381,0.0921758428256619,0.0991167654638195,4,5,umpG-pcm
ilvY,FALSE,-,3954950,3955843,-0.299434725437806,-0.239074732097952,0.117535026025281,0.234740270085327,6,9,ilvY
rsxC,FALSE,+,1704943,1707165,-0.299357327846827,-0.279916499090606,0.156440749852938,0.361655537949559,14,15,ydgK-rsxABCDGE-nth
znuA,FALSE,-,1939675,1940607,-0.299277104054519,-0.427865104271125,0.26226062089779,0.316531135680514,5,11,znuA
yjiK,FALSE,-,4560766,4561734,-0.29899867656856,-0.382593246943587,0.185144475960446,0.31005122902868,6,11,yjiK
yfeA,FALSE,-,2513665,2515854,-0.298942650904577,-0.361913898569754,0.156354420510524,0.268824129410329,6,13,yfeA
yecS,FALSE,-,1995835,1996503,-0.298888000048224,-0.129421456035329,0.143249719597117,0.14358927685433,4,7,yecS
yhaJ,FALSE,-,3251340,3252236,-0.298828934900955,-0.242127488048728,0.0988884244434758,0.592966757615514,9,11,yhaJ
bdcR,FALSE,+,4472147,4472740,-0.298655446195782,-0.347241822599039,0.173584569084034,0.305386625515769,2,4,bdcR
gudX,FALSE,-,2917428,2918768,-0.298581652305822,-0.457305638622302,0.133229445612383,0.225981503175869,8,11,gudPXD
wcaK,FALSE,-,2115148,2116428,-0.298452526909336,-0.321844063228679,0.252191667593008,0.249942153634679,6,9,wcaKLM
tus,FALSE,+,1682283,1683212,-0.29834147508032,-0.280845164298007,0.239841475884575,0.0609249264809485,6,6,tus
astE,FALSE,-,1823979,1824947,-0.298250733322155,-0.375909444444288,0.158727219208901,0.351886963697155,7,14,astCADBE
smrA,FALSE,+,1404003,1404566,-0.298118820617764,-0.323313346117418,0.157501418368965,0.31519613177353,7,2,smrA
yffL,FALSE,+,2558279,2558920,-0.297726669215333,-0.431766927613633,0.0791612376794033,0.481138528080027,3,6,yffL
dacB,FALSE,+,3326985,3328418,-0.29770995392346,-0.388534539853743,0.161323175459727,0.190181494992526,19,10,dacB
artP,FALSE,-,902229,902957,-0.297488085447744,-0.340085771902237,0.146622022643895,0.274465213867739,6,4,artPIQM
narJ,FALSE,+,1284362,1285072,-0.297446729238396,-0.383083968757193,0.210033874080197,0.108421081734097,4,5,narGHJI
yebE,FALSE,-,1927072,1927731,-0.297416992628801,-0.234338512178912,0.15079019737709,0.332949714901469,6,9,yebE
wecE,FALSE,+,3973169,3974299,-0.297407550735377,-0.177299312324349,0.148451682485811,0.316600478898928,12,10,rfe-wzzE-wecBC-rffGHC-wecE-wzxE-wecF-rffT-rffM
yoeI,FALSE,-,2085076,2085138,-0.297353413725331,NA,0,NA,1,0,yoeI
yaeI,FALSE,-,184257,185069,-0.297343596072015,-0.303083126820127,0.242606930675466,0.416081664291029,9,8,yaeI
rhaS,FALSE,+,4095759,4096595,-0.297338607561744,-0.51678353293255,0.145580449236325,0.0899173072771267,8,6,rhaSR
yfhM,FALSE,-,2645348,2650309,-0.297237701828076,-0.39973433438701,0.103785514231289,0.310622822773741,24,42,yfhM-pbpC
yhiL,FALSE,-,3631243,3632481,-0.297076773787223,-0.542512868643685,0.0169853572615491,0.767074808899316,2,6,yhiL
gltI,FALSE,-,686062,686970,-0.297047619140452,-0.727316424225904,0.172641498426622,0.710260999102754,7,5,gltI-sroC-gltJKL
eutN,FALSE,-,2569785,2570072,-0.297006272754626,-0.931822889175044,0.185092665663743,0.759046376017529,5,3,eutNEJG
ykgO,FALSE,-,311598,311738,-0.296976234877834,0.01878159821951,0,0.0531126662371525,1,2,ykgMO
codA,FALSE,+,355395,356678,-0.296904575541184,-0.340062537035574,0.125806431877388,0.260098774889725,8,8,codBA
mdtL,FALSE,+,3889638,3890813,-0.296533830895687,-0.345466047456555,0.207085485293741,0.276852933982877,8,15,mdtL
yedR,FALSE,-,2031143,2031508,-0.296310737633546,-0.828154566668751,0.279538795886452,0.444902356615319,3,7,yedRJ
hisF,FALSE,+,2093868,2094644,-0.295936357734013,-0.5516914144309,0.145874005180904,0.148705087038228,4,10,hisLGDCBHAFI
yfaD,FALSE,+,2354926,2355825,-0.295811012041071,-0.347117614457452,0.0559581145140267,0.0495850075553519,3,5,yfaD-ypaA
mazE,TRUE,-,2909113,2909361,-0.295730783012857,NA,0.263980856402765,NA,3,0,relA-mazEFG
potE,FALSE,-,716169,717488,-0.29554309278004,-0.180653778641489,0.220187204413256,0.0562707181426732,4,5,speF-potE
uvrY,FALSE,-,1992727,1993383,-0.29550659578429,-0.411457206440341,0.0999004652126176,0.314758183351796,3,6,uvrYC
ygfT,FALSE,-,3027034,3028953,-0.295466246664203,-0.32123943516306,0.159785899738802,0.288533781550721,17,17,ygfTS
arnB,FALSE,+,2363932,2365089,-0.295423398692003,-0.348590352739787,0.151319337080528,0.284611863625109,9,8,arnBCADTEF
yhhT,FALSE,+,3609888,3610937,-0.29532287796023,-0.272421195672127,0.0845977815710906,0.160419488984296,8,13,yhhT
fruK,FALSE,-,2259449,2260387,-0.295275320040554,-0.909330059593544,0.232148468457461,0.494482282240349,10,5,fruBKA
panE,FALSE,-,442828,443739,-0.295256099379155,-0.422287491392213,0.184854713758772,0.369483815944236,8,8,panE-yajL
yqjK,FALSE,+,3248099,3248398,-0.295205051562968,-0.623377281302887,0,0.348323745568712,1,2,yqjCDEK
fadD,FALSE,-,1886085,1887770,-0.29494141472243,-0.263666316232763,0.116906280004677,0.286304229595404,10,10,fadD-sroD
aegA,FALSE,-,2581568,2583547,-0.294876281818088,-0.37222168212971,0.146553534189235,0.225586162513227,13,9,aegA
norR,FALSE,-,2828797,2830311,-0.294822472131405,-0.435374846525007,0.0641001104798386,0.248227117278056,3,10,norR
fadE,FALSE,-,240859,243303,-0.29480736848518,-0.384724261715182,0.141764328975565,0.246859073873555,23,22,fadE
ycjY,FALSE,-,1388957,1389889,-0.294807276162939,-0.310012723150148,0.0682516811395862,0.300745883536357,8,3,ycjY-ymjDC-mpaA
allS,FALSE,-,530519,531445,-0.29467726537473,-0.507076457654863,0.110436258699069,0.0917517349178027,11,4,allS
flgK,FALSE,+,1137601,1139244,-0.294665130602072,-0.27470784354332,0.124159076903696,0.358193628279113,9,13,flgKL
fhuD,FALSE,+,170575,171465,-0.294591321143096,-0.238636210584499,0.272283240880408,0.213061189110199,6,7,fhuACDB
proY,FALSE,+,420210,421583,-0.294523487671923,-0.35128961383693,0.107248511970245,0.210988397735298,5,11,brnQ-proY
yciO,FALSE,+,1322122,1322742,-0.294497265199312,-0.342108420444482,0.0602359801949814,0.0868137501350358,3,4,yciVOQ
ymfL,FALSE,+,1202479,1203048,-0.294394738575891,-0.242308794224649,0,0.180358582404646,1,4,ymfTLMNROPQ-ycfK-ymfS
ymfP,FALSE,+,1205483,1206145,-0.294268199502495,-0.225481688654669,0.102738030389668,0.214008426350476,4,15,ymfTLMNROPQ-ycfK-ymfS
rihC,FALSE,+,27293,28207,-0.29405043975482,-0.277669593923374,0.17255507021407,0.116012561846221,10,4,rihC
hyfH,FALSE,+,2608186,2608731,-0.293790108415562,-0.245812672075127,0.270261584610949,0.304582792063708,2,3,hyfABCDEFGHIJR-focB
ycaO,FALSE,-,954095,955855,-0.293779937100465,-0.212716019327456,0.123192207320325,0.269020159649883,6,17,ycaO
frvX,FALSE,-,4087878,4088948,-0.293645312469299,-0.27550121601245,0.204755932785693,0.288014401675137,6,17,frvABXR
yciW,FALSE,-,1347004,1348131,-0.293511941080734,-0.323469552147838,0.191735843972803,0.344744694606746,6,7,yciW
galP,FALSE,+,3086306,3087700,-0.29342231008311,-0.40379820957671,0.0890749392519906,0.395671350940195,4,9,galP
hcaC,FALSE,+,2668930,2669250,-0.293084453148738,-0.191824919708127,0.251671451205341,0.0615461311713248,5,5,hcaEFCBD
apbE,FALSE,-,2308501,2309556,-0.293080877293778,-0.428232662884324,0.196935271437129,0.322477303451462,7,10,apbE
yecD,FALSE,+,1948856,1949422,-0.293008671967656,-0.29633510930183,0.188906682404313,0.107021806197445,5,5,yecDE
mdtA,FALSE,+,2152040,2153287,-0.292903595371804,-0.419377209811827,0.0934176213010743,0.302017091103507,10,7,mdtABCD-baeSR
fiu,FALSE,-,838472,840754,-0.292866576720194,-0.378451123835912,0.191453434625045,0.351363578558885,15,17,fiu
kdpB,FALSE,-,724211,726259,-0.292579445242373,-0.263646670319862,0.180081139515709,0.282396950703641,9,15,kdpFABC
rsmC,FALSE,-,4604692,4605723,-0.292543079617145,-0.166931495703618,0.207781500478073,0.225562208195041,13,8,rsmC
aldA,FALSE,+,1486256,1487695,-0.292346491816506,-0.37118717565888,0.131738933194079,0.23968274469398,7,17,aldA
rcsA,FALSE,+,2021992,2022615,-0.292340448237815,-0.33105090738989,0.247308218510593,0.410649167350192,3,5,rcsA
gltD,FALSE,+,3357220,3358638,-0.292178303362896,-0.22791991142586,0.0543604693170631,0.181468231491023,11,10,gltBDF
hyuA,FALSE,+,3008050,3009435,-0.29213092144711,-0.133936890283548,0.11145290077201,0.191328692093356,18,7,hyuA
ygfK,FALSE,+,3014082,3017180,-0.291922035270439,-0.323766957030279,0.169227797135334,0.359864611702745,23,20,ygfK-ssnA
potF,FALSE,+,893007,894119,-0.29185122240377,-0.222681630841856,0.126979210403611,0.123444704446129,10,6,potFGHI
sfmD,FALSE,+,558920,561523,-0.291770900328803,-0.375954095942359,0.20324093240265,0.302237480742756,12,19,sfmCD
mdlA,FALSE,+,468095,469867,-0.291036810807817,-0.322269013359447,0.216032689303932,0.258061090494907,12,17,mdlAB
yegV,FALSE,+,2179118,2180083,-0.29089243397252,-0.217267115853756,0.14906246384784,0.485288959903268,3,7,yegTUV
intD,FALSE,-,564038,565201,-0.290786081667133,-0.428584900801242,0.0373200729789242,0.192119160228724,3,12,intD
ldcC,FALSE,+,209679,211820,-0.290752807098589,-0.391123536723854,0.224745178804246,0.322049569343196,10,15,ldcC
melB,FALSE,+,4341392,4342813,-0.290568465290279,-0.186650224927807,0.00178507468003897,0.146231283905876,3,15,melAB
ccmH,FALSE,-,2289380,2290432,-0.290507921261782,-0.290066120804615,0.13646527706851,0.335425073028952,3,5,napFDAGHBC-ccmABCDEFGH
ygeH,FALSE,+,2990116,2991492,-0.290502339145658,0.064193909848645,0.0715408470956515,0.301816221921437,2,3,ygeH
yphE,FALSE,-,2674872,2676383,-0.290473780745406,-0.250470939607379,0.158087682491801,0.287919356641222,8,12,yphFED
yiaY,FALSE,-,3754699,3755850,-0.290429699996714,-0.659220051657351,0.286095980776358,0.217183390063204,5,2,yiaY
aaeA,FALSE,-,3386216,3387148,-0.290405775143607,-0.240782455954693,0.274437663387354,0.190003481180177,2,7,aaeXAB
hycB,FALSE,-,2847260,2847871,-0.29038700716367,-0.439855640418665,0.0546097188702764,0.271017956608349,6,3,hycABCDEFGHI
qseC,FALSE,+,3168506,3169855,-0.290333926357305,-0.194714079867742,0.184785932981968,0.220077653964419,10,12,qseBC
rnlA,FALSE,+,2763940,2765013,-0.290115308964546,-0.396364415917428,0.171221751805213,0.443041059465255,6,5,rnlAB
lsrB,FALSE,+,1603075,1604097,-0.290092294240907,-0.443117243941,0.116089933316683,0.409116073177242,4,7,lsrACDBFG-tam
phnK,FALSE,-,4316029,4316787,-0.290046936949817,-0.383359373460035,0.226414564126052,0.207550583546448,6,7,phnCDE_1E_2FGHIJKLMNOP
casC,FALSE,-,2879073,2880164,-0.289989016208236,-0.525270485445616,0.154107437091109,0.407852634775646,3,5,casABCDE12
ridA,FALSE,-,4468550,4468936,-0.289875562490776,-0.15354182971953,0.215357680518395,0.251126537030182,3,2,ridA
yajQ,FALSE,+,443907,444398,-0.289862848583833,-0.00746382364164131,0.108589763032578,0.165094651943009,2,5,yajQ
hcaF,FALSE,+,2668412,2668930,-0.289743101799807,-0.762761884285242,0.137936470112139,0.823024386192329,5,2,hcaEFCBD
crcB,FALSE,-,656778,657161,-0.289662250960485,-0.22808423935031,0,0.232275854469427,1,4,crcB
hybD,FALSE,-,3138814,3139308,-0.289593410447091,-0.101905377170027,0.183142533125251,0.159460263324035,3,4,hybOABCDEFG
aaeB,FALSE,-,3384243,3386210,-0.289569001018616,-0.321790680688524,0.155598998278859,0.605300126387646,10,21,aaeXAB
zntA,FALSE,+,3604474,3606672,-0.289506063192451,-0.335030699587377,0.168274792844045,0.219892089733905,15,21,zntA
yaiP,FALSE,-,381963,383159,-0.289173934223275,-0.461480547738967,0.196879593496192,0.648557488001649,5,10,yaiP
yfdR,FALSE,+,2473006,2473542,-0.289017174145141,-0.0702208326162709,0.0178187063338554,0.21950075222943,5,2,yfdRST
potH,FALSE,+,895357,896310,-0.28901112947325,-0.495495690152529,0.0905660769688868,0.320403852311943,5,8,potFGHI
ybdN,FALSE,-,634572,635792,-0.288981001158579,-0.268680561804796,0.18586024392797,0.244239189858117,8,6,ybdN
yjfP,FALSE,+,4414975,4415724,-0.288977302538831,-0.284885054338467,0.0583434102814523,0.338991036017723,6,8,yjfP
glpG,FALSE,-,3558645,3559475,-0.2889432215741,-0.275426011899068,0.101027560303995,0.417628832617222,2,7,glpEGR
tldD,FALSE,-,3388605,3390050,-0.288834309023944,-0.258886171991111,0.196769141790834,0.305035253503617,16,16,tldD
asnB,FALSE,-,696736,698400,-0.288770396460207,-0.226648131364387,0.278482180807729,0.118669984825707,14,8,asnB
ydjE,FALSE,-,1850645,1852003,-0.288676785092438,-0.265305608844894,0.316545791192055,0.311556507755282,1,13,ydjE
yjhI,FALSE,-,4523038,4523826,-0.288619571843132,-0.430488717512578,0.0221795538583989,0.164244094639448,3,6,yjhIHG
ybeU,FALSE,+,678731,679438,-0.288314476589139,-0.245212614156725,0.258977747254648,0.168907185525458,4,6,ybeU-djlC
mdtQ,FALSE,-,2225345,2226433,-0.288312854563526,-0.353216398542782,0.110111068606358,0.273725672052208,6,10,mdtQ
yihU,FALSE,-,4070698,4071594,-0.288236720050817,-0.28256476336859,0.212482313452251,0.300144650735227,12,10,yihUTS
citC,FALSE,-,650021,651079,-0.287802990186138,-0.232392691009542,0.030509771732685,0.0207511925026754,11,4,citCDEFXG
fliE,FALSE,-,2010724,2011038,-0.287741432311346,-0.829243600509742,0,0.542652719708339,1,3,fliE
ybjT,FALSE,-,906075,907505,-0.287608576213955,-0.318633456695324,0.236582453711887,0.250961010402417,16,12,poxB-ltaE-ybjT
ebgA,FALSE,+,3220655,3223747,-0.287437823392687,-0.246572173486885,0.120099158267338,0.231652390708544,21,22,ebgAC
ygiD,FALSE,-,3179641,3180456,-0.287435712585371,-0.270093337048356,0.176728167686187,0.575652402037618,2,6,ygiD
smf,FALSE,-,3430458,3431582,-0.287352407355063,-0.587823356705261,0.124099573162277,0.563710109350658,6,6,smf
nanT,FALSE,-,3369106,3370596,-0.287245631666733,-0.103704111950045,0.0694234016415024,0.257454256865427,7,15,nanATEK-yhcH
ykfA,FALSE,-,267321,268184,-0.287195414234473,-0.522952355831357,0.314658411859826,0.421389872915152,3,8,ykfA-yafZ
uvrD,FALSE,+,3996006,3998168,-0.286916044070911,-0.286460180268657,0.153000353423714,0.188551577574211,14,17,uvrD
hisP,FALSE,-,2421758,2422531,-0.286792352196812,-0.306844333578086,0.257377480467581,0.251499537391283,2,13,argT-hisJQMP
miaB,FALSE,-,692754,694178,-0.286683350291176,-0.305045179387584,0.108807822105352,0.247792966903028,9,9,miaB
yidR,FALSE,-,3866085,3867332,-0.286432155579941,-0.400983767419121,0.187905066194559,0.392490559260578,13,10,yidR
citX,FALSE,-,646707,647258,-0.286151901284749,-0.293702877685826,0.0861208275763645,0.123526181691754,3,4,citCDEFXG
aroL,FALSE,+,405629,406153,-0.28599153941131,-0.445773586643418,0.0244150498258275,0.0401499276345616,3,2,aroL-yaiA-aroM
gudD,FALSE,-,2916067,2917407,-0.28561657291856,-0.443864502709008,0.0928786312028727,0.500211214877368,9,8,gudPXD
yedQ,FALSE,-,2024347,2026041,-0.28553224395061,-0.342750738591534,0.138349903048517,0.286945684147844,12,16,yedQ
ydcU,FALSE,+,1511855,1512796,-0.285452702076221,-0.334923314181521,0.0814720638265804,0.142502921509518,6,14,ydcSTUV-patD
amtB,FALSE,+,472190,473476,-0.285411999244522,-0.242729368976881,0.0922152050843513,0.165477381074497,3,23,glnK-amtB
macB,FALSE,+,919570,921516,-0.285258394484937,-0.223475298917522,0.196386572710346,0.13406038334825,13,16,macAB
kch,FALSE,-,1307040,1308293,-0.285212287725361,-0.34668891014107,0.249499554331186,0.0741766671889598,6,6,kch
tqsA,FALSE,+,1671937,1672971,-0.285195015623652,-0.386898512135614,0.283011344421008,1.09863435232424,7,5,tqsA
sodB,FALSE,+,1733402,1733983,-0.285174700825039,-0.194416080798952,0.188038094598657,0.168372802702008,2,2,sodB
afuB,FALSE,-,278038,278400,-0.285077884207902,-0.257092814470261,0.171169757095463,0,4,1,insAB-2A-2B-2-afuBC
mscM,FALSE,-,4384070,4387393,-0.284985523792595,-0.334120136315593,0.156613010766803,0.397053443126341,15,25,psd-mscM
yfhH,FALSE,+,2696781,2697629,-0.284732711155622,-0.293848433525835,0.0502592882919242,0.040103346735171,3,5,yfhH
chbF,FALSE,-,1815172,1816524,-0.284722611891049,-0.502548511878499,0.14091861779952,0.231809126572887,5,8,chbBCARFG
yadE,FALSE,+,145081,146310,-0.284722270434418,-0.500943589532449,0.224757988102929,0.162165854522686,13,11,yadE
yicJ,FALSE,-,3832570,3833952,-0.284665364558293,-0.495902172994963,0.15450673548127,0.413078095120071,8,10,yicJI
opgD,FALSE,+,1494880,1496535,-0.284640985783008,-0.333641045641566,0.226603753439557,0.251139861550109,6,13,opgD
rtcB,FALSE,-,3554875,3556101,-0.284576224436306,-0.470142970029847,0.205776306875078,0.241331030511832,6,8,rtcBA
yagG,TRUE,+,284619,286001,-0.284438608410328,-0.344600822322641,0.190369321942207,0.127158288827357,12,13,yagGH
yiaK,FALSE,+,3740756,3741754,-0.284087555711591,-0.234268904526085,0.237107199573027,0.264060289042382,7,8,yiaKLMNO-lyxK-sgbHUE
entE,FALSE,+,625293,626903,-0.283910158134218,-0.394743092322963,0.189325455579338,0.204235360533793,12,13,entCEBAH
rutC,FALSE,-,1070996,1071382,-0.283872005610757,-0.210979841505355,0,0,1,1,rutABCDEFG
allC,FALSE,-,543281,544516,-0.283762160038097,-0.594434023231818,0.074894695978554,0.353168174316698,7,11,allDCE
rmuC,FALSE,+,4015356,4016783,-0.283481822247029,-0.275012957129502,0.233789689977908,0.248219184870093,6,6,rmuC
tdcC,FALSE,-,3261708,3263039,-0.283365882215019,-0.341656648011387,0.117797844158172,0.218365539731123,6,12,tdcABCDEFG
wcaI,FALSE,-,2122547,2123770,-0.283313693853943,-0.101904842860837,0.215594771972285,0.249149743701907,10,14,wcaCDEF-gmd-fcl-gmm-wcaI-cpsBG-wcaJ-wzxC
cpdB,FALSE,-,4432645,4434588,-0.283186573354005,-0.243978111650478,0.0868950159890166,0.223740311144644,13,13,cpdB
fliD,FALSE,+,2001896,2003302,-0.283016770193245,-0.465514076290234,0.0633049518081537,0.26318063102488,7,4,fliDST
artI,FALSE,-,901480,902211,-0.282763031519216,-0.738364557096677,0.0157840265038887,0.659272869538905,4,2,artPIQM
yehR,FALSE,+,2209247,2209708,-0.282585255254475,-0.826992407868069,0.0221040585675135,0.396663036240285,2,3,yehR
rraB,FALSE,+,4476496,4476912,-0.282498228163274,-0.282162637059281,0.131768536841199,0.0218457036429077,3,3,rraB
dcp,FALSE,-,1623359,1625404,-0.282215714568808,-0.315179213144963,0.240633397565554,0.225588965875018,9,18,dcp
bcsC,FALSE,-,3683723,3687196,-0.282044566575083,-0.471924280049304,0.155643243129148,0.409792285107527,23,42,bcsABZC
lamB,FALSE,+,4245994,4247334,-0.281861105978758,-0.443814556224069,0.14411459962412,0.249149143196329,11,17,malK-lamB-malM
ygjR,FALSE,+,3235315,3236319,-0.281784075919968,-0.760296714598382,0.161010771459941,0.511186556292173,12,8,ygjR
ycjG,FALSE,+,1386954,1387919,-0.281487282443671,-0.382681064172166,0.0683369013690184,0.353533596617609,3,12,ycjG
gabT,FALSE,+,2790757,2792037,-0.281329846059818,-0.40524866551317,0.114702118052099,0.440068782091718,6,12,csiD-lhgO-gabDTP
bioB,FALSE,+,808567,809607,-0.281294977218188,-0.288687575097689,0.0714091913264099,0.203345353318479,3,8,bioBFCD
eutT,FALSE,-,2571524,2572327,-0.281216486964771,-0.537819474498679,0.161580526380992,0.346076565766086,5,7,eutSPQTDM
hybO,FALSE,-,3143165,3144283,-0.281029623250889,-0.266632014390912,0.226732103556027,0.0850642525376887,10,8,hybOABCDEFG
dcrB,FALSE,+,3607978,3608535,-0.280734321698984,-0.232594089815714,0,0.111384807146488,1,2,dcrB
phnP,FALSE,-,4312367,4313125,-0.280623874087288,-0.448761215637497,0.192894037322742,0.155295369176847,7,7,phnCDE_1E_2FGHIJKLMNOP
ybdK,FALSE,-,605488,606606,-0.280519534525377,-0.254475142473759,0.105704579374188,0.244823736466386,9,10,ybdK
tap,FALSE,-,1967407,1969008,-0.280291709975227,-0.185164323442102,0.101354988847018,0.299908749146961,4,10,tar-tap-cheRBYZ
ydcT,FALSE,+,1510841,1511854,-0.280266064799745,-0.26524787706984,0.0906008516699431,0.159381837735812,7,12,ydcSTUV-patD
yhfA,FALSE,-,3483436,3483840,-0.280140076205612,-0.487628350759228,0.0651036942999028,0.51233235697823,2,5,yhfA
yafZ,FALSE,-,266408,267229,-0.279987021877355,-0.334208820768902,0.122871485479989,0.374636887019019,8,5,ykfA-yafZ
ycaN,FALSE,-,947883,948791,-0.279802722679682,-0.272542989816845,0.0830649145392489,0.3167697638008,5,8,ycaN
yiaG,FALSE,+,3717501,3717791,-0.279772144639577,-0.668227163094462,0.287867233195552,0.0980772172441522,3,2,yiaG
rlmB,FALSE,+,4407298,4408029,-0.279711544018841,-0.522354801395344,0.152799958755645,0.478876972351285,4,4,nsrR-rnr-rlmB-yjfIJ
alaC,FALSE,-,2495079,2496317,-0.279695157869973,-0.291223564641413,0.132267160720008,0.063045417849087,6,10,alaC
cstA,FALSE,+,629117,631222,-0.27960660753582,-0.260441695438887,0.0849048305608873,0.203071760937861,13,27,cstA
glgA,FALSE,-,3564623,3566056,-0.279322180225421,-0.345477654699074,0.199649755430182,0.219874098575458,7,15,glgBXCAP
uacT,FALSE,+,3029389,3030837,-0.279294490304195,-0.214770071947277,0.11044632386287,0.194389585762372,9,12,uacT
yedF,FALSE,+,2007503,2007736,-0.279294488838485,-0.013229905392944,0.173909375209768,0.108695764329722,3,2,yedEF
ldtC,FALSE,-,1168635,1169597,-0.279278004647048,-0.486314614602262,0.226903607179783,0.240171695048423,7,8,ldtC
yceI,FALSE,-,1117124,1117699,-0.279258927154975,-0.542830042480145,0.146723203203644,0.433101199665606,6,4,yceJI
yiaO,FALSE,+,3744117,3745103,-0.279247200682773,-0.0971793796506424,0.11821723888995,0.135848942140728,5,5,yiaKLMNO-lyxK-sgbHUE
ykfG,FALSE,-,263480,263956,-0.279205025151042,-0.410127627565152,0.226137801738849,0.127207125350829,5,5,yafY-ykfBF-yafX-ykfGH-yafW-ykfI
ytfE,FALSE,-,4429344,4430006,-0.278984574864662,-0.354268018679158,0.527378106153288,0.0816242104819326,5,4,ytfE
paoB,FALSE,-,300155,301111,-0.27897805916494,-0.631483647136311,0.128554028492839,0.479364123398226,5,5,paoABCD
ydcI,FALSE,-,1492172,1493095,-0.278943996305608,-0.629744068217571,0.170167635930148,0.222885027513807,4,10,ydcI
emrD,FALSE,+,3851945,3853129,-0.27871803693653,-0.280245766099512,0.204737502766266,0.370304583980376,10,14,emrD
proB,FALSE,+,259612,260715,-0.278457481851678,-0.22730160220872,0.0854932127989609,0.106068040259197,10,3,proBA
mipA,FALSE,-,1863750,1864496,-0.278454369975317,-0.571907812145461,0.258431710444318,0.780394383942068,4,6,mipA
yafW,FALSE,-,262914,263231,-0.278440554732201,-0.121811719379998,0.0160065366208443,0.0852336928644539,4,2,yafY-ykfBF-yafX-ykfGH-yafW-ykfI
alx,FALSE,+,3236602,3237567,-0.278415129757588,-0.424738319730011,0.172765394162029,0.251848984317678,5,8,alx
ycbX,FALSE,-,1005714,1006823,-0.27828319194753,-0.361298900231376,0.202239728822038,0.292679644736323,8,11,ycbX
torA,FALSE,+,1058479,1061025,-0.277872839634214,-0.408349521905823,0.110441575148392,0.269694201772377,14,23,torCAD
raiA,FALSE,+,2735176,2735517,-0.277662663581267,-0.246318087273225,0,0.701223376001113,1,2,raiA
narX,FALSE,-,1275045,1276841,-0.277605341851406,-0.180011615928283,0.161264097969553,0.222595655175632,7,15,narXL
mhpD,FALSE,+,371339,372148,-0.277585101430476,-0.113395348575174,0.146197050796641,0.175562914181302,5,8,mhpABCDFE
gcl,FALSE,+,533140,534921,-0.277376933545454,-0.197912509703812,0.225978172739184,0.401453260723087,14,11,gcl-hyi-glxR-ybbW-allB-ybbY-glxK
yjcZ,FALSE,+,4327383,4328261,-0.277273228835622,-0.542191694804632,0.0154666404831307,0.278015093896925,3,9,crfC-yjcZ
dpiB,FALSE,+,651458,653116,-0.277100584059091,-0.637542740129156,0.124488829590086,0.323311508094973,21,12,dpiBA
flgL,FALSE,+,1139256,1140209,-0.277046220794264,-0.601449286727351,0.00193062703940866,0,3,1,flgKL
allE,FALSE,-,542485,543270,-0.277025401854895,-0.171865701096356,0.143698147499916,0.443831495091216,8,7,allDCE
rbbA,FALSE,-,3624826,3627561,-0.276968066057208,-0.419797282277143,0.127441395521303,0.379773036010468,16,24,yhiI-rbbA-yhhJ
ddpD,FALSE,-,1556055,1557041,-0.27677360279966,-0.280007303597991,0.292750635486009,0.51984382046864,8,7,ddpXABCDF
paaF,FALSE,+,1455521,1456288,-0.276429100098784,-0.103693399164779,0.142730422725214,0.0339608037262199,4,4,paaABCDEFGHIJK
yliE,FALSE,+,872202,874550,-0.276253160178717,-0.307586671541742,0.0999589146524539,0.311105021208983,8,15,yliE
yiiS,FALSE,+,4110990,4111289,-0.276182787157648,-0.448917822673942,0.134617364243268,0,2,1,yiiS-uspD
yghB,FALSE,+,3151585,3152244,-0.276163148103747,-0.15340746891395,0.215712553353434,0.0856519588717043,5,3,yghB
aqpZ,FALSE,-,914575,915270,-0.276111960949382,-0.245625411837337,0.0450002448404186,0.301802902335634,2,8,aqpZ
rsxB,FALSE,+,1704372,1704950,-0.275989290785118,-2.51287909511764,0.0744922591194426,3.61632630975918,7,2,ydgK-rsxABCDGE-nth
lldP,FALSE,+,3775422,3777077,-0.275827539124955,-0.335127513557868,0.202782511548746,0.143272348225593,14,8,lldPRD
yjjJ,FALSE,+,4619792,4621123,-0.275640030023305,-0.368953872730702,0.191247155343205,0.312357888009388,9,16,yjjJ
elbB,FALSE,-,3347828,3348481,-0.275280315587617,-0.506875238108862,0.220278580470082,0.472956607357532,5,8,elbB-mtgA
ygbJ,FALSE,+,2859452,2860360,-0.275217252439406,-0.172092794131779,0.19876744205087,0.30480823172821,4,7,ygbJK
nadA,FALSE,+,781308,782351,-0.275205404436454,-0.62064750538515,0.0491470262993222,0.387193818038052,10,4,nadA-pnuC
bcr,FALSE,-,2276592,2277782,-0.275071917727266,-0.510676270331993,0.00816768441832236,0.10831824295868,4,9,bcr
fadH,FALSE,+,3229687,3231705,-0.274936456030751,-0.302039994837436,0.164752291686402,0.234353818645963,14,23,fadH
yciN,FALSE,-,1328441,1328692,-0.274888167978068,-0.0811651086110923,0.033743173051987,0.286950192401856,2,2,yciN
ytfQ,FALSE,+,4447985,4448941,-0.274734047065288,-0.189194209521675,0.16098282575299,0.0986433737403467,10,7,ytfQRT-yjfF
rutG,FALSE,-,1067734,1069062,-0.274728510529149,-0.230154771418302,0.109970734460033,0.207016010565745,5,19,rutABCDEFG
creC,FALSE,+,4634719,4636143,-0.274477356050388,-0.493642323735291,0.230117036068751,0.556549080115356,9,6,creABCD
yiaT,FALSE,-,3749151,3749891,-0.274421680422738,-0.508630267760631,0.0983820635794575,0.0969311845884521,4,8,yiaT
metH,FALSE,+,4221851,4225534,-0.274251819569076,-0.374691891514245,0.223542986056204,0.316396051203333,25,23,metH
yghO,FALSE,-,3127065,3128237,-0.274160132905593,-0.278216014646036,0.0438882408295627,0.259252142366094,5,5,yghO
rlmD,FALSE,-,2911721,2913022,-0.274150425458714,-0.247221797494971,0.0961479852380884,0.322237882064265,8,13,rlmD
rph,FALSE,-,3813886,3814572,-0.273987713803763,-0.376738418899445,0.231762056946768,0.193583064659359,2,6,rph-pyrE
kduI,FALSE,-,2981310,2982146,-0.273832317050393,-0.224575902483907,0.0902979098024251,0.141299846520378,8,4,kduI
acrF,FALSE,+,3413055,3416159,-0.273693830232785,-0.351184717699795,0.16414691174559,0.169441475685504,12,32,acrEF
yccM,FALSE,-,1051512,1052585,-0.273683054357717,-0.602831400843035,0.140374041582212,0.233676544886918,10,4,yccM
yihR,FALSE,-,4067498,4068424,-0.273496248235777,-0.441171733115414,0.255636725936771,0.305013738238996,6,5,yihR
sufC,FALSE,-,1759790,1760536,-0.273467544391789,-0.379057697868124,0.193355789319655,0.291880139372164,6,7,sufABCDSE
mdtN,FALSE,-,4301101,4302132,-0.273368257365928,-0.174176099642873,0.208793281537902,0.107360646186142,4,8,mdtNOP
yigL,FALSE,+,4008223,4009023,-0.273255794264368,-0.368017946329278,0.223271583688558,0.240614452738972,5,5,pldB-yigL
ybcQ,FALSE,+,573179,573562,-0.272859825167834,-0.373049093986644,0,0.0249296498573397,1,3,ybcQ
phnM,FALSE,-,4314105,4315241,-0.272796062818432,-0.207177418216119,0.16693911192498,0.110544312938295,8,6,phnCDE_1E_2FGHIJKLMNOP
yajO,FALSE,-,436385,437359,-0.272720979909289,-0.230285148859596,0.223702576414895,0.408321660912932,8,8,xseB-ispA-dxs-yajO
mgtA,FALSE,+,4465648,4468344,-0.272530033806526,-0.223199274448769,0.13560705932393,0.269739571940272,14,27,mgtLA
modA,FALSE,+,794312,795085,-0.272428001025359,-0.485113947863837,0.0386615904418517,0.389085692337628,3,7,modABC
napA,FALSE,-,2298289,2300775,-0.272382032362379,-0.200384263761921,0.101759429369956,0.342694504258309,19,15,napFDAGHBC-ccmABCDEFGH
nrfC,FALSE,+,4287831,4288502,-0.272202968728092,-0.477038149120287,0.171539508916259,0.0756525113408449,4,4,nrfABCDEFG
azoR,FALSE,-,1480279,1480884,-0.2719245954907,-0.423536103544966,0.229776904665194,0.0465222939936779,4,3,azoR
ybgL,FALSE,+,744388,745122,-0.271796005434162,-0.286286003038544,0.00167820082723963,0.20576365703033,2,7,ybgIJKL-nei
eutD,FALSE,-,2570511,2571527,-0.271758160085896,-0.366493672917362,0.228449748349196,0.111279932470334,7,3,eutSPQTDM
argP,FALSE,+,3057775,3058668,-0.27170422859616,-0.375160639544991,0.0958750386372398,0.145301619594067,6,6,argP
nth,FALSE,+,1709547,1710182,-0.271671664291078,-0.294025787676641,0.0759060416190353,0.0844589665567992,4,3,ydgK-rsxABCDGE-nth
hyfR,FALSE,+,2609922,2611934,-0.271618178942998,-0.188578106883956,0.188292410985489,0.129599618452053,11,8,hyfABCDEFGHIJR-focB
rhtA,FALSE,-,848433,849320,-0.271389619406992,-0.346106340149055,0.0751278317789352,0.330781343587073,7,6,rhtA
dhaK,FALSE,-,1248991,1250061,-0.271367248190537,-0.551414222398866,0.433530332049686,0.254674145217183,7,10,dhaKLM
yfjZ,FALSE,+,2775137,2775454,-0.271248326587858,-0.384429302322351,0.22628968734632,0.0878780129669204,3,3,yfjXY-ypjJ-yfjZ-ypjF
mlaA,FALSE,-,2462274,2463029,-0.271219248127197,-0.251750796937972,0.120728410574989,0.151668583498651,6,12,mlaA
yjfN,FALSE,-,4414040,4414315,-0.271190135022182,-0.435039486158987,0.132421225534816,0.432328462913736,3,3,yjfN
fbaB,FALSE,-,2175534,2176586,-0.271080263088122,-0.258637876688039,0.0601584893938847,0.163057117893595,2,11,fbaB
yfjS,FALSE,+,2768703,2769146,-0.270618076719448,-0.775177467175186,0.0627500640679605,0,4,1,yfjR-ypjK-yfjST
yafL,FALSE,+,246712,247461,-0.270568482901733,-0.188415846241752,0.175316125930361,0.0556609880747195,4,3,yafL
proP,FALSE,+,4328525,4330027,-0.270537561957286,-0.374989696436685,0.114767131060569,0.327926165879795,7,15,proP
ygbA,FALSE,-,2854475,2854828,-0.270339990363747,-0.233000268462122,0.0418873530470335,0.276804397242519,4,4,ygbA
gfcC,FALSE,-,1047168,1047914,-0.270326406428672,-0.299869936709497,0.181656573100299,0.14178079342143,5,5,gfcBCD
atoC,FALSE,+,2319888,2321273,-0.270221160083516,-0.154319332225265,0.0604079223975885,0.142262795784284,7,7,atoSC
ydjA,FALSE,-,1846149,1846700,-0.270209726248246,-0.497274684275661,0.230865081605068,0.494395430743632,2,7,ydjA-selD-topB
lldR,FALSE,+,3777077,3777853,-0.270178255877405,-0.209755363137433,0.134675782916251,0.169966212852739,4,8,lldPRD
intE,FALSE,-,1198902,1200029,-0.270125317814878,-0.268208575165793,0.0921227333639658,0.239128014266751,4,7,ymfH-xisE-intE
ilvN,FALSE,-,3848825,3849115,-0.270014126004923,-0.452982212460837,0.0516001254932566,0,2,1,ivbL-ilvBN-uhpABC
chaC,FALSE,+,1271709,1272425,-0.270006658658593,-0.272867028119148,0.115636385735218,0.248994236160471,3,5,chaBC
ydeQ,FALSE,-,1584844,1585758,-0.269960845042862,-0.265460979032903,0.152363219519655,0.351937167955321,4,7,ydeQ
slt,FALSE,+,4628756,4630693,-0.269915261218912,-0.279254609247725,0.106819653244785,0.248177637197753,7,21,slt
yncE,FALSE,+,1521331,1522392,-0.269913094796323,-0.5507824052215,0.0156771279815368,0.0348638859780929,5,5,yncE
alsA,FALSE,-,4307471,4309003,-0.269658017465932,-0.375215249451259,0.223824166972185,0.0173682326534781,9,5,rpiR-alsBACE
amn,FALSE,+,2053085,2054539,-0.269192381583988,-0.374689347682856,0.163491359156206,0.254197579949242,13,5,amn
tnaA,FALSE,+,3886753,3888168,-0.269167134858227,-0.488662941173165,0.167595771263197,0.194209505347109,6,9,tnaCAB
leuC,FALSE,-,79464,80864,-0.268790789964033,-0.233651152322289,0.172229115363842,0.259627061156621,11,5,leuLABCD
cusA,FALSE,+,597937,601080,-0.268332564264629,-0.374462286289729,0.182856970865433,0.41175346782385,15,38,cusCFBA
yjhU,FALSE,-,4517361,4518347,-0.268192848742276,-0.372947721959998,0.157095940607809,0.349538835250902,6,8,yjhU
pflC,FALSE,+,4144281,4145159,-0.26797621834543,-0.441885171994834,0.26318310391129,0.127444451660672,3,6,pflDC
entS,FALSE,+,621523,622773,-0.267884177578793,-0.384506473774423,0.0602467447225996,0.245593637064743,4,17,entS
ybbN,FALSE,-,516649,517503,-0.267792150813291,-0.405520735875889,0.0932330626079924,0.378753307140683,5,4,ybbN
yafJ,FALSE,+,244327,245094,-0.26766123340614,-0.142313068331347,0.148133453828058,0.343529627930418,9,7,yafJ
yebQ,FALSE,+,1908300,1909673,-0.267217873808704,-0.371424506398431,0.12625772050968,0.266363667726886,6,12,yebQ
yihO,FALSE,-,4062386,4063789,-0.267060356345398,-0.288393174075434,0.179942670195076,0.312617215714304,9,11,yihPO
tyrB,FALSE,+,4265137,4266330,-0.266987430308961,-0.586682304763589,0.125043302372644,0.438590651220844,7,8,tyrB
ynjI,FALSE,-,1841855,1842895,-0.266974679455622,-0.331677158320196,0.0871193392916651,0.128401047474565,5,6,ynjI
ydiS,FALSE,+,1779419,1780708,-0.266948324613584,-0.34189602139793,0.16645598431447,0.410254358357408,11,13,ydiQRST-fadK
mutT,FALSE,+,111044,111433,-0.26694181209878,-0.73475495611934,0.0096002306858067,0.1219203077863,2,3,secMA-mutT
yajI,FALSE,-,431536,432075,-0.266876843772619,-0.409864360776291,0.108426791900085,0.602176798263589,4,5,yajI
ybfA,FALSE,+,728357,728563,-0.266679498045068,-0.228330358158098,0,0,1,1,ybfA
ypjD,FALSE,+,2745909,2746775,-0.266562609096783,-0.316976331516311,0.113412587308274,0.32002697042828,4,2,ypjD
adeP,FALSE,-,3893295,3894632,-0.266558867791763,-0.342424501053438,0.128144117801063,0.205699337287091,5,11,adeP
bcsZ,FALSE,-,3687178,3688284,-0.266316735148853,-0.255833555873972,0.0846154357256946,0.297381782530182,4,18,bcsABZC
cvrA,FALSE,-,1239558,1241294,-0.266264172551123,-0.329358886589381,0.0585209034329315,0.361377689795795,6,20,cvrA
mrr,FALSE,+,4584972,4585886,-0.266117830377238,-0.727453778680229,0.210814140723975,0.428029804537205,4,6,mrr
etk,FALSE,-,1041253,1043433,-0.265767638078628,-0.245199990333629,0.0777026325735885,0.0663119017775523,13,10,gfcE-etp-etk
cycA,FALSE,+,4427887,4429299,-0.265266881406048,-0.411243760667439,0.233538598325254,0.251859998567452,9,20,cycA
betT,FALSE,+,328687,330720,-0.265146081187009,-0.34886144081808,0.134738484837815,0.32350080097414,7,19,betT
ggt,FALSE,-,3583104,3584846,-0.26511653887593,-0.250089940105653,0.285908008666776,0.359060015224317,14,26,ggt
ybiO,FALSE,-,842478,844703,-0.26496457889688,-0.307285322780959,0.141401086223014,0.298691485651572,20,17,ybiO
osmC,FALSE,+,1554649,1555080,-0.264902464743992,-0.129162578906794,0.129074583463433,0.14430708143704,1,2,osmC
uspA,FALSE,+,3638134,3638568,-0.264800815443602,-2.51351802751348,0.299655976058345,2.44326325944443,2,2,uspA
yicR,FALSE,-,3809914,3810582,-0.26474736234697,-0.393656423131242,0.109580496638785,0.165611157366648,4,5,yicR-rpmBG-mutM
chiA,FALSE,-,3465182,3467875,-0.2641890885572,-0.356976676441995,0.113655267234987,0.384349858758829,18,16,chiA
yohJ,FALSE,+,2228646,2229044,-0.264167886758306,-0.650389117519038,0.0422099435734987,0.492589544277404,2,4,yohJK
tonB,FALSE,+,1309113,1309832,-0.264058239894171,-0.990091451252106,0.219382489828521,0.0642373587045918,11,3,tonB
ybeF,FALSE,-,659648,660601,-0.26401905816554,-0.173283295468865,0.237991326237826,0.321466727507128,6,4,ybeF
yoeF,FALSE,+,2076599,2076955,-0.26384640220595,-0.353273463336871,0.119156739253112,0.0713619431430209,2,3,yoeF
rffG,FALSE,+,3970545,3971612,-0.263797237885977,-0.3418706658176,0.0594057495958799,0.482822562770712,4,7,rfe-wzzE-wecBC-rffGHC-wecE-wzxE-wecF-rffT-rffM
hybE,FALSE,-,3138333,3138821,-0.263677668447919,-0.323937757113298,0.0461350132174775,0.0095405134710612,4,2,hybOABCDEFG
acpT,FALSE,+,3610992,3611579,-0.26362816546459,-0.427012553842025,0.0525025986152081,0.33594636975531,5,2,acpT
hdfR,FALSE,-,3945151,3945990,-0.263463336202462,-0.600638635606699,0.0709322872729967,0.289073411705602,4,4,hdfR
mdtC,FALSE,+,2156410,2159487,-0.263443404622279,-0.326749554460978,0.301449413664765,0.212001945183352,23,23,mdtABCD-baeSR
treF,FALSE,+,3667615,3669264,-0.263378793521119,-0.208545946792142,0.0858338206602701,0.258529216433244,11,17,treF
yebF,FALSE,-,1928058,1928414,-0.263343886253305,-0.0447298135610666,0.1539958703594,0.211690552125095,2,3,yebF
znuB,FALSE,+,1941438,1942223,-0.263273994376207,-0.135693675180532,0.416350071211885,0.105582474616071,2,9,znuCB
hycG,FALSE,-,2841465,2842232,-0.263183351005281,-0.274701789119874,0.0633628136095347,0.158311699678572,6,4,hycABCDEFGHI
dppA,FALSE,-,3704121,3705728,-0.263117180332271,-0.352635348716207,0.0526978232538737,0.412697573438988,6,7,dppABCDF
fliF,FALSE,+,2011253,2012911,-0.263107853788437,-0.243948261462621,0.157296406397128,0.157377123514863,17,10,fliFGHIJK
pepE,FALSE,-,4227476,4228165,-0.263012914417514,-0.483578426626611,0.141304366886156,0.384340419910898,3,6,pepE
djlB,FALSE,+,676638,678065,-0.262371676334026,-0.279089859514884,0.171651642236678,0.284536788286131,10,10,ybeR-djlB
fimD,FALSE,+,4543119,4545755,-0.262371307329238,-0.312811470274265,0.12855225790272,0.232383613590966,12,24,fimAICDFGH
xanP,FALSE,+,3826968,3828359,-0.262258925704838,-0.346193174951232,0.200179849527909,0.131539698494102,7,17,xanP
bhsA,FALSE,+,1168296,1168553,-0.262111588424516,0.321656118359897,0.1099566507864,0,3,1,bhsA
trmI,FALSE,-,3100155,3100874,-0.262069491147157,-0.432252964020514,0.138134992314032,0.262467792754871,3,5,trmI-yggL
yraI,FALSE,+,3286112,3286807,-0.261951105202751,-0.525085956547023,0.0833010484584281,0.842364389170635,3,3,yraIJK
prpB,FALSE,+,347906,348796,-0.26183819288543,-0.339697298627884,0.178579106702379,0.312033627458196,9,10,prpBCDE
yfcG,FALSE,+,2418643,2419290,-0.261685321375658,-0.235861119487057,0.0971430178975955,0.237655188307285,3,9,yfcG
opgE,FALSE,-,850237,851820,-0.26168111099794,-0.452183636994862,0.34707305237702,0.351115584683998,6,10,opgE
insO-1,FALSE,+,271054,271479,-0.261534168347028,-0.435902352916178,0.1774913365162,0.411828364032869,4,3,insN-1I-1O-1
hypE,FALSE,+,2851318,2852286,-0.261210505667189,-0.223934286617706,0.178645685099457,0.277447446691502,8,10,hypABCDE-fhlA
garD,FALSE,+,3273304,3274875,-0.261080253577326,-0.477808939002089,0.182695974515858,0.380373713001641,7,19,garD
yjjP,FALSE,-,4600111,4600881,-0.261060473036461,-0.352259469154218,0.130678535555731,0.054413271499375,7,4,yjjP
yfjQ,FALSE,+,2766687,2767508,-0.260784701016058,-0.830589495447231,0.179667492641453,0.384079365646454,3,4,yfjPQ
dsbD,FALSE,-,4361368,4363065,-0.26055311552224,-0.259250675118009,0.102516130956933,0.35703869151044,17,21,dsbD-yjdC
glgB,FALSE,-,3569339,3571525,-0.26034504493024,-0.181826677939486,0.13444074202942,0.0988319651443,9,17,glgBXCAP
yjcC,FALSE,+,4273494,4275080,-0.260182797626192,-0.131872868296006,0.337137693286128,0.217413510016587,8,9,yjcC
yagI,FALSE,-,287628,288386,-0.259788713998112,-0.399332244836655,0.0365397964580247,0.248812097673848,9,7,yagI
yjeT,FALSE,+,4402409,4402606,-0.25978755701262,NA,0.190412402097699,NA,1,0,yjeT
yoaD,FALSE,+,1896451,1898049,-0.259771481498637,-0.201936851294849,0.215993368646335,0.199929656374906,9,7,yoaD
yffP,FALSE,+,2560546,2561139,-0.259763186214378,-0.447501874425823,0.0963295533335041,0.273691984413037,5,6,yffOP
ydeI,FALSE,-,1622129,1622521,-0.2594627789982,-0.307961018799911,0.209360135283796,0.0585375600932356,3,2,ydeI
ygfF,FALSE,-,3043180,3043923,-0.259038763401067,-0.148531322790534,0.176762937383258,0.170014798914986,3,6,ygfF
rhaB,FALSE,-,4094002,4095471,-0.259032177500606,-0.458930783176552,0.129892706545865,0.186933399175103,10,7,rhaBAD
cheB,FALSE,-,1965476,1966525,-0.259022271524155,-0.184174368809632,0.242598754145637,0.225460547729525,12,5,tar-tap-cheRBYZ
ygiW,FALSE,-,3167306,3167698,-0.258820685572499,-0.382915250180832,0.149134315224543,0.188053300285107,2,4,ygiW
yeaN,FALSE,+,1873697,1874878,-0.258756716231474,-0.327916687321919,0.145920486827355,0.151893296623611,6,17,yeaN
iraD,FALSE,+,4555016,4555408,-0.258284792892836,-0.449586495414731,0.106453438043864,0.302185484182159,2,2,iraD
tatE,FALSE,+,658170,658373,-0.258083420583765,-0.339451855884217,0,0.360059947339067,1,2,tatE
mazG,FALSE,-,2907916,2908707,-0.25787485112664,-0.136701679467568,0.177686672327344,0.126140200619094,3,2,relA-mazEFG
ybaK,FALSE,-,505827,506306,-0.257858625469323,-0.396521685017232,0.298487321636453,0.192091433002281,5,5,ybaK
ugpE,FALSE,-,3587205,3588050,-0.257793058659997,-0.307123394664129,0.241892194949136,0.087852657099961,7,9,ugpBAECQ
araG,FALSE,-,1981579,1983093,-0.257760282714119,-0.434790364125776,0.108197943041474,0.362993873097156,9,17,araFGH
yidF,FALSE,-,3853137,3853634,-0.257751807001693,-0.534988642375149,0.181344006721084,0.35184844571424,3,5,yidHGF
cbrA,FALSE,+,3867400,3868464,-0.257567630333511,-0.424223256487703,0.268918246600389,0.049906705487169,5,4,cbrA
fumC,FALSE,-,1683209,1684612,-0.257521899989842,-0.431835876175966,0.0696035160794748,0.372417932434414,10,16,fumAC
ygbN,FALSE,+,2863123,2864487,-0.257403301210629,-0.537578743665753,0.148886484850287,0.274337664660224,6,9,ygbN
marC,FALSE,-,1616267,1616932,-0.25735619618059,-0.54849986011411,0.0816652840998432,0.482870866298534,3,5,marC
yedL,FALSE,+,2008624,2009103,-0.25730203869778,-0.0945847813277919,0.123595812020437,0,4,1,yedL
yfcE,FALSE,-,2417256,2417810,-0.257051876653152,-0.365862193902136,0.122573752110343,0.378017737433393,4,9,yfcE
mdlB,FALSE,+,469860,471641,-0.256970918454887,-0.402820700274432,0.237799945770344,0.239274468516733,12,19,mdlAB
metC,FALSE,+,3150258,3151445,-0.256934090267581,-0.314676450265687,0.0728987953948368,0.23696344751937,7,9,metC
yfcT,FALSE,-,2450378,2451274,-0.256833438768387,-0.233448801830474,0.210140043315726,0.139725675111987,5,8,yfcUTSRQPO
cutA,FALSE,-,4363041,4363379,-0.256679268602263,-0.544783666168482,0.181321088515877,0.103751539820983,2,2,cutA
ycjD,FALSE,-,1349431,1349784,-0.256638345631644,-0.484975310026904,0,0.314114178394214,1,2,ycjD
birA,TRUE,+,4171105,4172070,-0.256425975018054,-0.525923289708476,0.00716620564197681,0.261050785267062,3,8,murB-birA
yniB,FALSE,-,1806721,1807257,-0.256376762710165,0.063602388976007,0,0.327118124474514,1,4,yniB
brnQ,FALSE,+,418815,420134,-0.256276068076432,-0.432720712415488,0.0752390268102732,0.157876422519242,5,9,brnQ-proY
psuG,FALSE,-,2255451,2256389,-0.256153348496658,-0.468784854217742,0.119100738172777,0.266510615463258,9,8,psuKG
menF,FALSE,-,2377370,2378665,-0.255415521895936,-0.155287764258619,0.277171052595234,0.178816289114594,9,11,menFDHBCE
cpxA,FALSE,-,4101625,4102998,-0.255259635077647,-0.561826064308237,0.121737617916911,0.243372454165316,5,16,cpxRA
fepC,FALSE,-,618607,619422,-0.255032920560401,-0.227454384636698,0.0810082275422914,0.197062441652017,3,8,fepDGC
uxuB,FALSE,+,4550924,4552384,-0.254875007527773,-0.491136103840998,0.141165994072194,0.362302997930947,9,10,uxuAB
envY,FALSE,-,585370,586131,-0.254163085780879,-0.275180542773474,0.0814028172739607,0,11,1,envY-ompT
scpA,FALSE,+,3058872,3061016,-0.254088077561681,-0.275747545726586,0.201706431265959,0.481249044138563,14,10,scpA-argK-scpBC
cspA,FALSE,+,3718072,3718284,-0.254029611109203,NA,0.104004843794776,NA,1,0,cspA
zapC,FALSE,+,1005175,1005717,-0.253971668618059,-0.588621429769297,0.27145236601522,0,1,1,zapC
kdgT,FALSE,+,4099713,4100696,-0.253930874575589,-0.389852807294089,0.0653335764452812,0.276168383108829,7,11,kdgT
nrdE,FALSE,+,2799370,2801514,-0.253804786603052,-0.284365338869794,0.149298288745167,0.252988404135522,5,9,nrdHIEF
ybgS,FALSE,-,784160,784540,-0.25365270744661,-0.236181806681206,0.18838741618061,0.332092576262059,5,3,ybgS
aspA,FALSE,-,4364914,4366350,-0.253466868813465,-0.316752712581235,0.444725946796427,0.30781183633309,6,8,aspA-dcuA
rfe,FALSE,+,3965939,3967042,-0.253399616779984,-0.42752555770421,0.184255681878283,0.385061945985384,6,13,rfe-wzzE-wecBC-rffGHC-wecE-wzxE-wecF-rffT-rffM
rutE,FALSE,-,1069588,1070178,-0.253393814571849,-0.174342926735581,0.198049133918679,0,7,1,rutABCDEFG
yfhG,FALSE,-,2686815,2687528,-0.252941136830255,-0.566440749812694,0.0518239571500934,0.558544387819364,3,2,yfhG
envR,FALSE,-,3410825,3411487,-0.252912732606495,-0.272686727461122,0.130566736788779,0.0142731955068977,3,3,envR
cysQ,FALSE,+,4434778,4435518,-0.252903051642256,-0.222122332269041,0.0984151835427935,0.133576105284073,3,7,cysQ
yicG,FALSE,+,3816897,3817514,-0.252879936713554,-0.286101553213075,0.231839053022977,0.468142536697749,7,8,yicG
cdaR,FALSE,+,182463,183620,-0.252844690478479,-0.718609686846975,0.0870413827449793,0.617584750907179,3,10,cdaR
glpA,FALSE,+,2350669,2352297,-0.252731969748218,-0.201233054076952,0.246905715368151,0.327744638195278,15,10,glpABC
yhjE,FALSE,+,3672809,3674131,-0.252716102250603,-0.315617455401368,0.151816583828014,0.214020147324197,6,12,yhjE
gspC,FALSE,+,3453600,3454415,-0.252467435819344,-0.357724317626936,0.270827598088643,0.154889037805966,3,2,gspCDEFGHIJKLMO
ynfM,FALSE,+,1667723,1668976,-0.252435854885559,-0.305589867003922,0.0562435629842363,0.247039770977844,9,12,ynfM
ybaP,FALSE,-,506510,507304,-0.252420958213045,-0.259578776217742,0.32149160860456,0.108672344584392,9,3,ybaP
gadW,FALSE,-,3661913,3662641,-0.252279359942681,-0.257301408982281,0.229140617083353,0.176597173636528,6,7,gadAXW
ybhK,FALSE,-,814962,815870,-0.252267522320947,-0.262394254301095,0.0472380867763421,0.2828198814118,3,8,ybhK
yrbL,FALSE,+,3346474,3347106,-0.252148139922309,-0.236574856496208,0.207136583620563,0.197364056795384,2,4,yrbL
flhB,FALSE,-,1963067,1964215,-0.251980368037305,-0.169842061385296,0.149374595594862,0.286850178680121,12,9,flhBAE
xylB,FALSE,-,3725940,3727394,-0.251878665405165,-0.318402463770738,0.179901470502647,0.21135692468854,11,6,xylAB
rstA,FALSE,+,1680174,1680902,-0.251057930752727,-0.376790968782647,0.126538059881944,0.24773229701272,3,9,rstAB
yegT,FALSE,+,2176843,2178120,-0.250795775595919,-0.219676536023459,0.177519034184601,0.0781613991000924,8,12,yegTUV
yceF,FALSE,-,1145234,1145818,-0.250244676879669,-0.143115193889817,0.164106219858537,0.150661754758992,5,2,yceF
cas2,FALSE,-,2876591,2876875,-0.249817134343563,-0.817702860373334,0.171336180766909,0.752919617250515,2,4,casABCDE12
yehW,FALSE,-,2213767,2214498,-0.249816719991104,-0.395652938490043,0.0822433552596624,0.332206175859981,5,8,osmF-yehYXW
rluF,FALSE,+,4228377,4229249,-0.249775610844121,-0.110036065755218,0.0424857699843791,0.135566762523848,3,6,rluF
rhaM,FALSE,-,4091147,4091461,-0.249760155388664,-0.184547527702048,0.0241573023060246,0.0126079210045887,2,2,rhaM
murQ,FALSE,+,2543795,2544691,-0.249595497080833,-0.366100572731013,0.429223005677457,0.28623720642186,9,9,murQP-yfeW
ybhD,FALSE,-,798845,799861,-0.249387901071291,-0.532288595942224,0.0949553180274743,0.556763336787427,8,4,ybhD
yraR,FALSE,-,3296233,3296868,-0.249169755706361,-0.567591151013013,0.16551402720868,0.337976661942387,2,4,yraR
yahA,FALSE,+,331595,332683,-0.249004092710572,-0.382272442482681,0.0459810837799792,0.198667093108451,5,12,yahA
ydiM,FALSE,+,1769095,1770309,-0.248732341142092,-0.230707938495325,0.260114782898553,0.259194669156655,7,4,ydiM
ybdH,FALSE,-,631612,632700,-0.248728167798669,-0.0245776325807356,0.258858788348205,0.313087850201568,4,6,ybdH
purL,FALSE,-,2689678,2693565,-0.248694988453151,-0.314964013123621,0.102680895256403,0.250441895768197,23,27,purL
purF,FALSE,-,2426743,2428260,-0.248672256274565,-0.79289693638836,0.201607447580048,0.0675864094552219,15,3,cvpA-purF-ubiX
hisM,FALSE,-,2422539,2423255,-0.248615047974598,-0.199496493354743,0.332639284151783,0.160795538392389,5,5,argT-hisJQMP
gabP,FALSE,+,2792275,2793675,-0.248461425943345,-0.231820365938848,0.123453391396098,0.194716035493777,13,15,csiD-lhgO-gabDTP
bax,FALSE,-,3734376,3735200,-0.248405444743798,-0.304205197552376,0.245395672127695,0.3421434104022,6,4,bax
yiaF,FALSE,-,3716357,3717067,-0.248268634591022,-0.10388819845977,0.0524153797818335,0.147155018379174,3,4,yiaF
ybgQ,FALSE,-,748945,751392,-0.248198720212556,-0.34123308370285,0.186785269914111,0.181089439856572,18,17,ybgQPO
topB,FALSE,-,1843023,1844984,-0.248137371722677,-0.285960238116207,0.169099325536984,0.529111388844633,19,15,ydjA-selD-topB
csgA,FALSE,+,1103670,1104125,-0.247819152474118,-0.527405528155135,0,0.152863091756335,1,4,csgBAC
pldB,FALSE,+,4007193,4008215,-0.247721847668819,-0.410122376739094,0.0728313331925402,0.187368356609561,5,11,pldB-yigL
yaaW,FALSE,-,10643,11356,-0.24755436562605,-0.115850240833491,0.139957572111521,0,1,1,yaaW
glnH,FALSE,-,846481,847227,-0.247460293520639,-0.18413243967408,0.0297132848918703,0.234965447169326,1,4,glnHPQ
ydfH,FALSE,+,1626376,1627062,-0.247388727065496,-0.0726846816785825,0.0487402262378877,0,5,1,ydfH
eutB,FALSE,-,2555340,2556701,-0.247319230965076,-0.274237826154632,0.1340866445246,0.324865711884429,9,8,eutBCLKR
yjcF,FALSE,-,4279806,4281098,-0.246989997511649,0.0491370836111866,0,0,1,1,yjcF
thrA,FALSE,+,337,2799,-0.246963610351476,-0.442734148339506,0.179463105446109,0.459803331366537,18,20,thrLABC
aslA,FALSE,-,3982375,3984030,-0.246951260686526,-0.652610037098892,0.140185369311852,0.525451511538001,9,13,aslA
nfo,FALSE,+,2248862,2249719,-0.246748667429214,-0.0781755981065881,0.0604499157355324,0.0352364526731752,6,4,nfo
ompL,FALSE,-,4061626,4062318,-0.246320365494189,-0.263934914766651,0.1439498680788,0.241418444869451,7,4,ompL
pqiA,FALSE,+,1011224,1012477,-0.246242192572174,-0.293045191090862,0.15181164232688,0.115058671910002,11,8,pqiAB
cusC,FALSE,+,594823,596196,-0.246168738320491,-0.259408305187749,0.18762696743198,0.294463199103996,6,9,cusCFBA
rbsD,FALSE,+,3931374,3931793,-0.24613680337785,-0.393855156978441,0.0589914562455137,0.404912055975864,3,2,rbsDACBKR
yhdZ,FALSE,+,3420458,3421216,-0.24610098030252,-0.687407674386536,0.215516764491419,0.220391363827131,2,7,yhdWXYZ
ldhA,FALSE,-,1439878,1440867,-0.245985964294205,0.00189752502290803,0.0746486446082645,0.361794633857923,3,2,ldhA
lplT,FALSE,-,2970691,2971884,-0.245981718991903,-0.25301174123745,0.0879625542652994,0.27482010447943,8,15,aas-lplT
glnQ,FALSE,-,844964,845686,-0.245918441809751,-0.156792912689239,0.0417303242753973,0.320597015204249,2,8,glnHPQ
hyaB,FALSE,+,1032477,1034270,-0.245697863669531,-0.560200013994555,0.122971469898604,0.408470015531644,10,18,hyaABCDEF
rhlE,FALSE,+,830095,831459,-0.245519907752634,-0.445135384365648,0.0588221228929979,0.373819745532297,11,12,rhlE
bacA,FALSE,-,3201332,3202153,-0.245453682757162,-0.324188326715487,0.115595991824607,0.163531408758965,4,8,bacA
acs,FALSE,-,4283436,4285394,-0.245364684191972,-0.173273216506234,0.0981370138779493,0.109442587109956,21,12,acs-yjcH-actP
hemF,FALSE,+,2551247,2552146,-0.245351930510626,-0.371760320200078,0.344029995636566,0.313544389548366,5,12,amiA-hemF
yqiI,FALSE,+,3188654,3189718,-0.245210919235192,-0.436934183680686,0.0469656698962326,0.211139594732188,4,4,insC-5CD-5D-5-yqiGHI
xdhA,FALSE,+,2998367,3000625,-0.245160134289124,-0.27792710753416,0.100564203556492,0.232840952544638,19,18,xdhABC
ada,FALSE,-,2307363,2308427,-0.244856004155459,-0.282690596092195,0.0868496388955748,0.288674308511854,6,6,ada-alkB
yihN,FALSE,+,4060270,4061535,-0.244645784820094,-0.219912109370144,0.186145267619183,0.273582899237426,6,12,yihN
yagJ,FALSE,+,290724,291455,-0.244324895863829,-0.630190238733482,0.0124092004623166,0.302822706822415,5,4,yagJ
ynfA,FALSE,-,1653371,1653697,-0.244179181666362,-0.280570072246169,0.0873812493806455,0.242703103674621,2,2,ynfA
umuC,FALSE,+,1230409,1231677,-0.24416864589627,-0.333609558951742,0.0885379364019259,0.397203729139482,9,17,umuDC
csgG,FALSE,-,1100074,1100907,-0.243945906540337,-0.486003827769945,0.0820137697621595,0.351029183071021,9,5,csgDEFG
wcaL,FALSE,-,2113931,2115151,-0.243927049895045,-0.662220823041032,0.146987064726809,0.451851509282931,10,10,wcaKLM
yacG,FALSE,-,111649,111846,-0.243912991323832,-0.561526370476894,0.130220273812885,0.506925502749198,6,3,coaE-zapD-yacG
eptC,FALSE,-,4146555,4148288,-0.24356074989152,-0.392322840047652,0.146192393378224,0.145247988903149,9,11,eptC
mhpF,FALSE,+,372145,373095,-0.243560174706422,-0.301484345502807,0.258142562023446,0.200390043491731,8,7,mhpABCDFE
dgcZ,FALSE,-,1620984,1621874,-0.243556956254964,-0.496542127016457,0.0886427701759388,0.406751968548564,5,9,dgcZ
ycaM,FALSE,+,946452,947882,-0.243439606900766,-0.371082370614028,0.211798430079584,0.439949225618958,10,12,ycaM
pbpC,FALSE,-,2643035,2645347,-0.243219132258211,-0.364633536280565,0.173689752733519,0.360646567034979,17,26,yfhM-pbpC
oppB,FALSE,+,1300923,1301843,-0.243190791851435,-0.43703262324177,0.0902288226355024,0.146192100275671,4,5,oppABCDF
pqiB,FALSE,+,1012482,1014122,-0.242995434367577,-0.301989221698523,0.170303523370925,0.266576755686482,14,13,pqiAB
bioA,FALSE,-,807191,808480,-0.242835235697967,-0.309253602186655,0.0904327107509756,0.467806266113789,7,9,bioA
rihA,FALSE,-,682700,683635,-0.242717140049131,-0.314644854786648,0.197229882905223,0.0314801908302694,5,7,rihA
tauA,FALSE,+,384456,385418,-0.242669987609598,-0.260842367174647,0.0849813477224351,0.208732616600886,10,17,tauABCD
yhfW,FALSE,-,3506609,3507835,-0.242308904980552,-0.321456024306017,0.18845420332277,0.269707282473645,12,16,yhfXW-php-yhfUTS
yiaA,FALSE,-,3724947,3725384,-0.242204478268022,0.0680164277640696,0,0.414016666518333,1,2,yiaA
aat,FALSE,-,925951,926655,-0.242061283756776,-0.182710912818867,0.0919733221654959,0.126387500494804,4,5,aat
gpmA,FALSE,-,786066,786818,-0.241681997684534,-0.472159409085469,0.251337431202625,0.337580018327152,7,8,gpmA
aes,FALSE,-,498238,499197,-0.241532842469947,-0.11298913528279,0.185319273067565,0.0817393230185101,6,7,aes
kdpA,FALSE,-,726282,727955,-0.241191461303495,-0.425331639490996,0.134008777400617,0.324396533619861,8,19,kdpFABC
hycF,FALSE,-,2842232,2842774,-0.241131397104551,-0.215364693753409,0.0672403794046128,0.139298137179781,3,5,hycABCDEFGHI
hokE,FALSE,+,607059,607211,-0.240992514929049,-0.432543148902252,0.0121831671067611,0.42755198040595,1,2,hokE
gph,FALSE,-,3511653,3512411,-0.240808004568224,-0.716733395704773,0.112912783180874,0.956723182520647,2,3,aroKB-damX-dam-rpe-gph-trpS
sgcB,FALSE,-,4528278,4528556,-0.240752641324268,-0.444265688987259,0,0,1,1,sgcXBCQAER
acnA,FALSE,+,1333855,1336530,-0.240442165377884,-0.338124289887974,0.220875329001219,0.2498131705429,10,19,acnA
dinI,FALSE,-,1120465,1120710,-0.240405197916575,-0.173756999109586,0.0241585292844945,0,3,1,dinI
ilvH,FALSE,+,87357,87848,-0.240166709300833,-0.668667517526833,0.0575352754127978,1.51409331427859,2,2,ilvIH
yifB,FALSE,-,3946472,3948022,-0.239979444198684,-0.44296589694008,0.0659124832443919,0.217760442921823,9,9,yifB
fxsA,FALSE,+,4366687,4367163,-0.239897575548984,-0.43427147802447,0.209473966344548,0.359674621003834,4,6,fxsA
ybcL,FALSE,+,570116,570667,-0.23985228755577,-0.337892819764082,0.0329797551946762,0.162075200899596,3,3,ybcLM
coaE,TRUE,-,112599,113219,-0.239820692705538,-0.263160522652406,0.0787498465920804,0.45457391697957,2,5,coaE-zapD-yacG
alr,FALSE,+,4263805,4264884,-0.239606726066504,-0.250922975304643,0.15129320620102,0.179116603349743,8,11,alr
ydhQ,FALSE,-,1742895,1744151,-0.239596014233959,-0.36592993587211,0.273309138194187,0.285199867853624,4,14,ydhQ
tehB,FALSE,+,1499586,1500179,-0.239412946007807,-0.0453074866578193,0.0288058588028504,0.012982628083741,3,3,tehAB
yjgL,FALSE,+,4473460,4475274,-0.238869370844065,-0.420238859929921,0.28507743579116,0.55343153621838,5,6,yjgL
arcB,FALSE,-,3348711,3351047,-0.238800650642781,-0.39509090642847,0.244218394799705,0.442901662535052,14,14,arcB
yjbG,FALSE,+,4234920,4235657,-0.238754320271705,-0.0588973667513897,0.0336292148229135,0.129574258031812,4,5,yjbEFGH
nfrA,FALSE,-,587205,590177,-0.238706117014275,-0.385239173788912,0.203578191652214,0.208585471969652,17,21,nfrBA
mug,FALSE,-,3212989,3213495,-0.23846765236432,-0.272850479843736,0.146696474042118,0.158811345941361,2,7,mug
yfcU,FALSE,-,2451287,2453023,-0.238449994583672,-0.367646429036137,0.245252974698615,0.207273644828352,8,17,yfcUTSRQPO
gntX,FALSE,+,3542904,3543587,-0.238402737270928,-0.256431499279358,0.169961426763704,0.00840072990358485,5,3,gntX-nfuA
paaK,FALSE,+,1460149,1461462,-0.238218098765253,-0.345524890917616,0.0773453851742649,0.297742038711905,10,11,paaABCDEFGHIJK
nhaA,FALSE,+,17489,18655,-0.238178897306872,-0.297793928995641,0.152226165898794,0.259864275799477,4,10,nhaAR
yeiB,FALSE,-,2239832,2240989,-0.237841223325951,-0.419449685888086,0.0326563146294303,0.284036132702162,6,17,folE-yeiB
cbpA,FALSE,-,1062078,1062998,-0.237629815847229,-0.182178924124905,0.109008481024563,0.406486078327415,8,8,cbpAM
ydeU,FALSE,-,1590689,1592089,-0.237411384861254,-0.290302454879035,0.111521543565433,0.189039323709991,9,16,ydeU
ybbB,FALSE,-,529356,530450,-0.237292624170843,-0.390433277761223,0.226441697942667,0.321645552742766,6,11,ybbB
yfgG,FALSE,+,2627312,2627503,-0.237208367490097,NA,0.10587891829363,NA,4,0,yfgG
mhpE,FALSE,+,373092,374105,-0.236892649047412,-0.460414354881452,0.287248817095345,0.301676372620776,7,7,mhpABCDFE
yjiS,FALSE,+,4569774,4569938,-0.236819471679988,NA,0,NA,1,0,yjiS
ygbK,FALSE,+,2860357,2861523,-0.236500335405111,-0.236906880104178,0.0723331581453996,0.149011536837092,9,10,ygbJK
ybiB,FALSE,+,834471,835433,-0.23603809136676,-0.27047318682675,0.119259594460022,0.176537161320764,8,13,ybiB
bglX,FALSE,-,2217714,2220011,-0.23598071435493,-0.43083647036425,0.0961516159207652,0.220787413112327,17,24,bglX
ydfE,FALSE,+,1648102,1649022,-0.235708238752462,-0.124134640988961,0.239179270052938,0.0209201694221406,4,3,dicB-ydfDE-insD-intQ
metA,FALSE,+,4212303,4213232,-0.23510694786555,-0.346584261260279,0.102458396392416,0.176271483139582,8,4,metA
hybF,FALSE,-,3137999,3138340,-0.234871177961122,-0.386728922949084,0.158469255756427,0.343550607980551,2,2,hybOABCDEFG
fucP,FALSE,+,2932257,2933573,-0.234854505757368,-0.313061820703743,0.152300492166461,0.244148196004278,7,11,fucPIKUR
ybhH,FALSE,+,799982,801034,-0.234825026507076,-0.177307566336518,0.178650273471401,0.39668856668267,7,14,ybhH
yeeR,FALSE,+,2072803,2074335,-0.23459837504932,-0.253875046148486,0.16482937434218,0.266770651443819,7,14,yeeRST-cbeA-cbtA-yeeW
fadB,FALSE,-,4026805,4028994,-0.234204362935265,-0.342910610537596,0.135158967379734,0.20311470363408,18,16,fadBA
mngB,FALSE,+,767201,769834,-0.234172308575254,-0.39940278830183,0.119572901377224,0.244706669323036,16,20,mngAB
cusS,FALSE,-,592551,593993,-0.234087692808189,-0.855703280813471,0.0620176711027628,0.270372774296028,7,4,cusRS
poxB,FALSE,-,908554,910272,-0.233878018795565,-0.266164234079841,0.0662575609982214,0.271976512037902,15,13,poxB-ltaE-ybjT
yjjB,FALSE,-,4599647,4599973,-0.233769299952334,-0.0486526916597371,0.00449418295370718,0,3,1,yjjB-dnaTC-yjjA
yeiG,FALSE,+,2241932,2242768,-0.233328984233723,-0.281860417112392,0.118841256996069,0.0578854059429511,2,4,yeiG
mdaB,FALSE,+,3170552,3171133,-0.233159017694351,-1.5933117973873,0.153714355157495,0.845187112670569,4,4,mdaB
ycdX,FALSE,+,1098102,1098839,-0.23302252009793,-0.581745875611288,0.0352073636913264,0.295029722584257,3,6,ycdXY
ushA,FALSE,+,504138,505790,-0.232888516046328,-0.153849556325863,0.0893520223676317,0.264956068432455,6,12,ushA
yhcA,FALSE,+,3360134,3360808,-0.232686562716729,NA,0,NA,1,0,yhcAD-ychE_1
frdD,FALSE,-,4377030,4377389,-0.232660050918066,NA,0,NA,1,0,frdABCD
yfjT,FALSE,+,2769170,2769637,-0.232646342055248,-0.585019456173683,0.081852105027811,0.259769225379598,4,9,yfjR-ypjK-yfjST
yidK,FALSE,-,3856424,3858139,-0.23241973876389,-0.420136187798517,0.107623534865617,0.24308016479765,12,11,yidKJ
ytfR,FALSE,+,4449081,4450583,-0.232373939004085,-0.255968263803677,0.118677127234429,0.253525193607566,9,17,ytfQRT-yjfF
yiaL,FALSE,+,3741766,3742233,-0.232327369559665,-0.202679013170784,0.159212890347395,0.0572363217359313,2,2,yiaKLMNO-lyxK-sgbHUE
rclA,FALSE,-,317900,319225,-0.232094527068832,-0.139715206331321,0.0447824275025076,0.121799268685095,5,8,rclABC
astD,FALSE,-,1826280,1827758,-0.231985810445102,-0.302155778683948,0.266511346032927,0.147956299218901,12,15,astCADBE
yjjI,FALSE,-,4613538,4615088,-0.231832006186061,-0.288092931131877,0.203615915320945,0.127016626646046,12,8,yjjI
ryeA,FALSE,+,1921090,1921338,-0.231636598967427,-0.435135364853163,0,0.228672647472421,1,3,ryeA
ybgK,FALSE,+,743466,744398,-0.231081420002333,-0.382188463604949,0.0160447344319139,0.23562130870975,5,12,ybgIJKL-nei
artM,FALSE,-,900089,900757,-0.231018566081045,-0.234184609663013,0.135748138521207,0.260552923442855,4,8,artPIQM
yibH,FALSE,-,3768266,3769402,-0.230823441998091,-0.638661162236142,0.0845541253480539,0.291508818698944,3,9,yibIH
maeB,FALSE,-,2574120,2576399,-0.23081287785938,-0.277736757047171,0.20089749938403,0.211239689916858,17,15,maeB
yahB,FALSE,-,332725,333657,-0.230806517381881,-0.277071905963961,0.187805867549814,0.209584905974559,9,6,yahB
flgA,FALSE,-,1129427,1130086,-0.230723532342049,-0.25941126695955,0.0546916503689262,0.207605609409217,2,5,flgAMN
acrE,FALSE,+,3411886,3413043,-0.230613908066759,-0.317354107466982,0.0846228240265438,0.0469492621392129,7,7,acrEF
amiD,FALSE,+,904136,904966,-0.230458698698837,-0.409703273341447,0.0465047013615108,0.234786297966779,3,7,ybjQ-amiD
plaP,FALSE,-,2083728,2085086,-0.230371333149153,-0.492479066204468,0.083535829176619,0.267140757417347,6,8,plaP
setC,FALSE,+,3834976,3836160,-0.230029855068124,-0.192610593390045,0.276804717041811,0.098724865713715,4,8,setC
nrfD,FALSE,+,4288499,4289455,-0.22964774317148,-0.350377295716414,0.0516924871968949,0.527822064986058,8,8,nrfABCDEFG
yfdG,FALSE,+,2465877,2466239,-0.229263217975388,-0.276686802142355,0,0.223355276575182,1,2,yfdGHI
hyfC,FALSE,+,2601869,2602816,-0.229258327874312,-0.407646389082225,0.0723850730825607,0.150522720621857,9,11,hyfABCDEFGHIJR-focB
ettA,FALSE,-,4626878,4628545,-0.229181939348879,-0.185429758053675,0.093419606647445,0.19797892280976,8,17,ettA
slmA,FALSE,+,3812517,3813113,-0.228994551263768,-0.795489292758439,0.578912438166263,0.545244453736399,2,2,dut-slmA
mdtO,FALSE,-,4299050,4301101,-0.228941899899851,-0.358268759074431,0.141456537855858,0.296013284013995,12,20,mdtNOP
nhoA,FALSE,+,1532048,1532893,-0.228724516918091,-0.22633475996534,0.278348543823356,0.175838138762296,4,3,nhoA
yphH,FALSE,+,2680885,2682078,-0.228478274649416,-0.265102078793229,0.0616404173459399,0.342982519096311,7,6,yphH
rffH,FALSE,+,3971631,3972512,-0.228433866825666,-0.514198736650805,0.0815554550450962,0.259403476040955,5,6,rfe-wzzE-wecBC-rffGHC-wecE-wzxE-wecF-rffT-rffM
dacC,FALSE,+,879950,881152,-0.228377562651072,-0.434434558038644,0.0878005327139651,0.307032445459203,7,14,dacC
nanA,FALSE,-,3370705,3371598,-0.228347140818901,-0.326746459633635,0.0639568392421408,0.0142812133264666,6,3,nanATEK-yhcH
yehE,FALSE,-,2190537,2190818,-0.22775720189513,0.176270162506766,0.137617010570032,0,3,1,yehE
hisL,FALSE,+,2088020,2088070,-0.227735518372796,NA,0.132900685464238,NA,1,0,hisLGDCBHAFI
glgX,FALSE,-,3567369,3569342,-0.227671581820993,-0.322225303976476,0.107096544457463,0.308828369407956,18,19,glgBXCAP
ynfC,FALSE,-,1654771,1655481,-0.227489106920675,-0.189729951961168,0.0983838049305586,0.165774632027892,3,4,ynfC
yeaJ,FALSE,+,1870065,1871555,-0.227368700699966,-0.404603626576392,0.177275038866099,0.0957438060295678,8,4,yeaJ
yahI,FALSE,+,339389,340339,-0.227355114622572,-0.594392075060903,0.136386866294516,0.683102279395746,10,10,yahIJ
ykgN,FALSE,-,279248,279586,-0.227316872680439,-0.558778056473112,0,0,1,1,yagAB-ykgN
qor,FALSE,-,4261271,4262254,-0.22720535334828,-0.505518051936427,0.0797260564515274,0.419530618943088,8,4,qor
cysJ,FALSE,-,2888121,2889920,-0.226982107250277,-0.24169215459968,0.244160150546786,0.210083293311428,15,10,cysJIH
mhpA,FALSE,+,367835,369499,-0.226581066621787,-0.277663738307349,0.112912919942,0.274559872836063,14,15,mhpABCDFE
rcsB,FALSE,+,2314199,2314849,-0.226466171214838,-0.314085979279518,0.075159721276809,0.155263198781112,4,4,rcsDB
fes,FALSE,+,612038,613162,-0.226098263918668,-0.727730516944441,0.181935862875439,0.680215454931808,8,9,fes-ybdZ-entF-fepE
feaB,FALSE,+,1445543,1447042,-0.226081478531081,-0.291661713579951,0.115757780426612,0.333523797812056,7,18,feaB
ugpQ,FALSE,-,3585393,3586136,-0.226070610580775,-0.23524742280008,0.391822084533575,0.235994133659697,2,6,ugpBAECQ
mmuM,FALSE,+,275939,276871,-0.225772279046057,-0.230055651035605,0.214202317243345,0.329408256415,7,9,mmuPM
glcF,FALSE,-,3122258,3123481,-0.225277883023501,-0.454858780679641,0.0419960992218728,0.224819908746084,7,9,glcDEFGBA
yeiI,FALSE,+,2249722,2250810,-0.22527780921505,-0.230488155021108,0.127382206858231,0.254692430738857,2,12,yeiI
eptA,FALSE,-,4331970,4333613,-0.225254215936183,-0.349444903958448,0.131453897993764,0.305772648957928,14,8,eptA
cof,FALSE,+,466636,467454,-0.225246923922762,-0.570836137231422,0.0102842767814727,0.605631395699355,3,4,cof
ryjB,FALSE,+,4526000,4526089,-0.225213819595048,NA,0.145088067442185,NA,2,0,ryjB
yoeA,FALSE,+,2066659,2067051,-0.224937757941185,-0.991856607034171,0.227630044536445,0.749697235560885,1,2,yoeA
cdh,FALSE,+,4107953,4108708,-0.22478842783236,-0.6027430558703,0.0504758195493165,0.458252134353759,4,5,cdh
rcnB,FALSE,+,2184982,2185320,-0.224783427052983,NA,0.385924652359292,NA,3,0,rcnAB
yijF,FALSE,-,4135063,4135680,-0.224656616477122,-0.108341048640042,0.0336562528184882,0.210695893729271,3,5,yijF
yihF,FALSE,+,4042222,4043652,-0.224553021426067,-0.450592939731883,0.188890461082601,0.246619623404819,5,7,yihF
ligA,TRUE,-,2526183,2528198,-0.223859304405021,-0.345345400554674,0.324306706216366,0.241400236547287,11,19,ligA-ypeB
rna,FALSE,-,643420,644226,-0.22380358887251,-0.232167875778556,0.196912308992517,0.0487412602919045,8,5,rna
rffC,FALSE,+,3972619,3973164,-0.223464621911667,-0.293397458232964,0.0632536507196665,0.335591764562381,3,7,rfe-wzzE-wecBC-rffGHC-wecE-wzxE-wecF-rffT-rffM
phnE_1,FALSE,-,4320684,4321304,-0.223295341548118,-0.342199677039098,0.215617099178136,0.0185690545158916,7,3,phnCDE_1E_2FGHIJKLMNOP
yahJ,FALSE,+,340349,341731,-0.22322100199513,-0.348542495961215,0.228285702576386,0.362789402441166,6,10,yahIJ
polB,FALSE,-,63429,65780,-0.223137486564622,-0.201290622022247,0.0887886993566164,0.315500489150527,17,15,polB
ydfU,FALSE,-,1641279,1642328,-0.22310102550462,-0.445744180807144,0.0747449546683709,0.299329165991488,6,11,ydfUT
xdhD,FALSE,+,3019338,3022208,-0.223045115968325,-0.348492726377194,0.243572184062224,0.295211302633014,16,25,ygfM-xdhD
yjjX,FALSE,-,4631256,4631768,-0.223040693918863,-0.102375992415382,0.154937059248993,0.362128297943659,6,6,yjjX
yheS,FALSE,+,3479311,3481224,-0.22280898039757,-0.256973508211753,0.140817076188528,0.209539671111676,7,11,yheSTU
yehS,FALSE,-,2209748,2210218,-0.222547811049481,-0.0335523789661263,0.16509120132373,0.0698766146914597,2,4,yehS
ycjN,FALSE,+,1369933,1371225,-0.221859977728431,-0.189128187667129,0.149385465727221,0.345054090092319,6,9,ycjMNOPQRSTUV-ymjB
gsk,FALSE,+,499349,500653,-0.221857476538302,-0.321875940403108,0.37456419896997,0.17855589477064,9,9,gsk
nemA,FALSE,+,1724683,1725780,-0.221807539415088,-0.453677493515469,0.0680634994023208,0.380470087384096,7,12,nemRA-gloA
cho,FALSE,+,1821539,1822426,-0.221575823692854,-0.293460236218111,0.30571583751455,0.312581497899095,8,8,cho
ynaI,FALSE,-,1392915,1393946,-0.221563830422823,-0.45598436120302,0.0648162049520671,0.333172090745576,6,7,ynaI
truC,FALSE,-,2921024,2921806,-0.221557022675417,-0.0286984367087988,0.114996902768717,0.0720671783813829,7,6,yqcC-truC-yqcA
ydbJ,FALSE,+,1439082,1439348,-0.220245403775806,-0.486254506126692,0.0220504208308962,0.151151869009763,3,4,ydbJ
eco,FALSE,+,2301927,2302415,-0.22019051606425,-0.517701610364354,0.0301572486759198,0,4,1,eco
ulaF,FALSE,+,4421723,4422409,-0.219803549737133,-0.328051451241969,0.186911147048107,0.10868301931697,9,6,ulaABCDEF
insG,FALSE,-,4500126,4501454,-0.219702741570813,-0.423196579943497,0.105049954673401,0.0458129623140755,7,6,insG
ymfD,FALSE,-,1196090,1196755,-0.219611073581313,-0.584795630126644,0,0.225305523079236,1,4,ymfED
amiB,FALSE,+,4394088,4395425,-0.219594741815538,-0.300377548520459,0.205427830344701,0.346055970276639,13,15,yjeF-tsaE-amiB-mutL-miaA-hfq-hflXKC
nlpD,FALSE,-,2865636,2866775,-0.219591491138157,-0.229767159424558,0.133063652693774,0.261966996588786,9,8,nlpD-rpoS
ldtE,FALSE,-,1755745,1756749,-0.219489320709492,-0.776554881153657,0.100243299578632,0.348690618207728,8,8,ldtE
G0-10701,FALSE,+,3065209,3065366,-0.219160030568388,-0.546684714435212,0,0,1,1,G0-10701
yecT,FALSE,+,1959996,1960484,-0.219133114544134,-1.04656132370606,0.121439881247733,0.0240569458747339,4,3,yecT
gsiD,FALSE,+,871113,872024,-0.219032006138527,-0.482707671833997,0.0875553300228027,0.22747368709089,3,9,iaaA-gsiABCD
ftnB,FALSE,+,1984949,1985452,-0.21901957618906,NA,0,NA,1,0,ftnB
malX,FALSE,+,1697379,1698971,-0.218978113329816,-0.449422074572755,0.0984657531934756,0.211968725646856,8,18,malXY
ygfM,FALSE,+,3018562,3019341,-0.218822866828596,-0.384179288087167,0.150058285020638,0.25033533477819,3,10,ygfM-xdhD
yejF,FALSE,+,2274322,2275911,-0.218768735176516,-0.223358767767381,0.124925026935744,0.306017999141428,14,9,yejABEF
phoP,FALSE,-,1188999,1189670,-0.218619012142544,-0.272829141210658,0,0.226637568894683,1,4,phoPQ
kdgK,FALSE,+,3677442,3678371,-0.218419336735381,-0.291355793383832,0.179320650191053,0.155393625127043,9,7,kdgK
gudP,FALSE,-,2918770,2920122,-0.218394792559551,-0.426092673626294,0.103847551977361,0.320679488830797,5,18,gudPXD
pmbA,FALSE,+,4455982,4457334,-0.218025710834396,-0.472831471872948,0.0959773044648878,0.232818746578086,8,11,pmbA
sgbU,FALSE,+,3747255,3748115,-0.217842118315601,-0.249063154090802,0.207631077231447,0.13075236032016,8,7,yiaKLMNO-lyxK-sgbHUE
yggE,FALSE,-,3065362,3066102,-0.217688010796056,-0.270870628726094,0.179301793992653,0,6,1,yggE
atoB,FALSE,+,2324131,2325315,-0.217670864356368,-0.347747034473477,0.0281167994733161,0.309321129262629,5,19,atoDAEB
hisC,FALSE,+,2090422,2091492,-0.217640354160295,-0.473390080111804,0.145297217775186,0.119827277586963,8,6,hisLGDCBHAFI
ykgF,FALSE,+,321562,322989,-0.217305925717589,-0.324991447452421,0.109736331951121,0.310590804152766,8,14,ykgEFG
nrfA,FALSE,+,4285787,4287223,-0.217132041861431,-0.347514755736455,0.153189056308884,0.235231286505379,6,12,nrfABCDEFG
ldtA,FALSE,-,2060415,2061347,-0.217130845082449,-0.30646209524721,0.110031361033885,0.173863651522911,6,10,ldtA
ddpX,FALSE,-,1560519,1561100,-0.216897673568678,-0.206221026316175,0.0850905311062807,0.0623474136521425,5,5,ddpXABCDF
sbp,FALSE,+,4106857,4107846,-0.216781814699746,-1.28900086232616,0.102335962640088,0.0837588259235736,3,4,sbp
fetA,FALSE,+,515143,515820,-0.216556691272248,-0.409132987834909,0.162273098491187,0.0933822623814429,3,3,fetAB
rluE,FALSE,-,1193521,1194174,-0.216486787496473,-0.331020745093814,0.0751817950366935,0.370312363502798,3,4,rluE-nudJ
mntR,FALSE,+,852406,852873,-0.216392336566063,-0.583727960025913,0.00525393645151404,0.0331111246515128,3,3,mntR-ybiR
yehX,FALSE,-,2214503,2215429,-0.21578685146335,-0.406552719666587,0.102145565728316,0.241018002375788,5,8,osmF-yehYXW
solA,FALSE,-,1118691,1119809,-0.215118404250543,-0.371217232138841,0.0843833508315319,0.322307170316915,8,5,solA-yceO
nirC,FALSE,+,3495025,3495831,-0.21505055989925,-0.401820645023873,0.111946317024906,0.27928131734869,3,7,nirBDC-cysG
elfD,FALSE,+,997713,998414,-0.215021837717015,-0.362164695548431,0.0298840971989106,0.291287924006026,5,2,elfDCG-ycbUVF
uidA,FALSE,-,1692284,1694095,-0.214969859824618,-0.48460586332939,0.122418699636471,0.433470236124022,4,19,uidABC
ygcW,FALSE,-,2897510,2898295,-0.21490691604237,-0.460938420474245,0.0875670850221933,0.346889278791718,6,5,ygcW
uidC,FALSE,-,1689610,1690875,-0.214584758238396,-0.243307326491112,0.117824340490729,0.271878838024088,10,15,uidABC
adeQ,FALSE,-,3840478,3841812,-0.214499456171178,-0.312400172917059,0.178979050119339,0.330324271968461,7,8,adeQ
zraP,FALSE,-,4199286,4199711,-0.214438372208452,-0.405799862273803,0.218040051629569,0.216389531236337,5,5,zraP
hycC,FALSE,-,2845437,2847263,-0.214310805373078,-0.284845314920181,0.158930884970405,0.172720149017281,6,20,hycABCDEFGHI
torZ,FALSE,-,1952602,1955031,-0.214266579732329,-0.53542193409215,0.0795489117643934,0.448327238236374,10,20,torYZ
yhhW,FALSE,-,3576973,3577668,-0.214178100302816,-0.584325587584843,0.124979850678911,0.215885438071067,3,5,yhhW
dinB,FALSE,+,250898,251953,-0.214006558831943,-0.44896149685322,0.177520825794221,0.3038317774668,10,11,dinB-yafNOP
cfa,FALSE,+,1739437,1740585,-0.21397568406974,-0.318292509229863,0.221662098314821,0.234531780806153,5,9,cfa
allD,FALSE,-,544538,545587,-0.21379032468179,-0.326008199292805,0.10231898638706,0.250783715300293,8,12,allDCE
rclC,FALSE,-,316950,317543,-0.21369906145468,-0.288705292604831,0.251331680814425,0.0668499614698081,2,6,rclABC
yaaI,FALSE,-,11382,11786,-0.21366235078374,-1.29199683602036,0.126917384634986,0,2,1,yaaI
yihL,FALSE,+,4058470,4059180,-0.213632331261627,-0.211847036224551,0.0359658542771475,0.078404119493344,4,5,yihLM
ymdF,FALSE,+,1067304,1067477,-0.213459527795033,NA,0.0604768517743204,NA,1,0,ymdF
yggR,FALSE,-,3092122,3093102,-0.213333734024655,-0.389421722506858,0.0523119066408734,0.337802384223438,4,16,yggR
cynR,FALSE,-,357015,357914,-0.21328242861631,-0.391069383221577,0.191429361991119,0.238041993988515,2,7,cynR
ycjW,FALSE,-,1380987,1381985,-0.213248310411959,-0.62024203978601,0.14229409027845,0.818356044167459,5,5,ycjW
yghZ,FALSE,+,3145919,3146959,-0.213243517457724,-0.424700817354969,0.134574879886469,0.298988151397357,8,7,yghZ
gltF,FALSE,+,3359198,3359962,-0.21298108047774,-0.169026405920464,0.237994763702917,0.310032813664201,4,6,gltBDF
efeB,FALSE,+,1082599,1083870,-0.212816370252345,-0.462192819620584,0.441905685795692,0.414091884017742,5,15,efeOB
eda,FALSE,-,1930139,1930780,-0.212791927410444,-0.521362616648626,0.00956719653874596,0.375509305293033,2,7,edd-eda
fau,FALSE,+,3054263,3054811,-0.212561481705419,NA,0.168620996430162,NA,5,0,ssrS-fau
yjcE,FALSE,+,4278003,4279652,-0.212468537155935,-0.330455945821735,0.1542628175071,0.445771762439564,12,18,yjcE
sdiA,FALSE,-,1994134,1994856,-0.212454720318884,-0.306375979460498,0.165974799437802,0.0448357118335562,3,6,sdiA
phoQ,FALSE,-,1187539,1188999,-0.212220276389577,-0.281833751854688,0.434763062809179,0.044956356591788,5,3,phoPQ
srlD,FALSE,+,2825759,2826538,-0.212053882625549,-0.413362217036141,0.0979311467684373,0.313436513685393,2,7,srlAEBD-gutM-srlR-gutQ
puuB,FALSE,+,1362256,1363536,-0.212047445004497,-0.247703064485893,0.0775040130388184,0.117368447600507,5,8,puuDRCBE
yeeA,FALSE,-,2077557,2078615,-0.211931444854202,-0.478180981658023,0.101455166251605,0.216124843523946,4,8,yeeA
mepM,FALSE,-,1938337,1939659,-0.21191889692578,-0.563347130922872,0.133445405111342,0.382706493760615,8,4,mepM
glpE,FALSE,-,3559520,3559846,-0.211763560099272,-0.433849652500778,0,0.169198273505115,1,4,glpEGR
yhdJ,FALSE,+,3409675,3410559,-0.211630549904838,-0.35488519572411,0.144298339047725,0,9,1,yhdJ
mutH,FALSE,+,2967684,2968373,-0.211140150121563,-0.384795718256065,0.102968886294895,0.460053507065193,5,8,mutH
ydhU,FALSE,-,1747587,1748372,-0.210957644091076,-0.38775343035418,0.0333599144095749,0.279246577908567,3,8,ydhYVWXUT
yiiE,FALSE,+,4077314,4077532,-0.21088709841842,NA,0,NA,1,0,yiiE
hyfE,FALSE,+,2604284,2604934,-0.210598451631961,-0.379838822902394,0.240862226646288,0.240817589150321,2,3,hyfABCDEFGHIJR-focB
kdpC,FALSE,-,723630,724202,-0.210221749960148,-0.186485719752231,0.237051015772807,0.38097777280936,2,8,kdpFABC
yhbU,FALSE,+,3299507,3300502,-0.210128521245525,-0.241944027814885,0.222537066027501,0.113969702120927,8,11,yhbUV
yfcJ,FALSE,-,2436964,2438142,-0.20966893824435,-0.300011856761363,0.190368795687018,0.251521174804377,6,15,yfcJ
lldD,FALSE,+,3777850,3779040,-0.209582188957974,-0.342396658279442,0.0313210970965658,0.189743715479982,7,17,lldPRD
ypdE,FALSE,-,2502532,2503569,-0.209490061686195,-0.359976569739237,0.15850483183686,0.287181546563884,9,12,fryBC-ypdFE-fryA
ymiA,FALSE,+,1333184,1333312,-0.209260520746853,-0.0910237629966787,0,0,1,1,ymiA-yciX
sfsA,FALSE,-,160782,161486,-0.209122406827759,-0.399667187085104,0.0723685522070193,0.495021063683081,4,6,sfsA-dksA-gluQ
cas3,FALSE,-,2882575,2885241,-0.208807255699391,-0.3747683787063,0.0814330904578912,0.262763669642285,8,19,cas3
pphB,FALSE,+,2857782,2858438,-0.208796519566074,-0.17706050859316,0.460176725106623,0,4,1,pphB
dcyD,FALSE,-,1996518,1997504,-0.208782919356258,-0.236199758656929,0.140333870590468,0.161016756903051,6,8,dcyD-tcyLN
mliC,FALSE,-,1716090,1716419,-0.20844560746731,-0.157504383975024,0,0,1,1,mliC
paaA,FALSE,+,1451951,1452880,-0.208299284639054,-0.298237416685727,0.318870603750004,0.341923983040998,5,8,paaABCDEFGHIJK
yjgW,FALSE,+,4497622,4497957,-0.208230703073342,-0.607934385107121,0,0,1,1,yjgW
creD,FALSE,+,4636201,4637553,-0.208227971666899,-0.425560497683142,0.20474996310005,0.477468937132447,11,9,creABCD
frvR,FALSE,-,4086130,4087878,-0.208226247941779,-0.258200314968527,0.05382757860924,0.308132156606171,4,6,frvABXR
ratB,FALSE,-,2752030,2752320,-0.208110280524153,-0.328590050371573,0,0.0499976932663533,1,2,ratAB
yaiT,FALSE,+,389475,390935,-0.207940593154654,-0.477423836025205,0.246914576636359,0.550079306194372,5,10,yaiT
elfG,FALSE,+,1001030,1002100,-0.207812786594333,-0.272015862800068,0.0217777615784237,0.268567716504312,5,10,elfDCG-ycbUVF
ykgH,FALSE,-,323920,324588,-0.207804400136037,-0.233618719220844,0.0885863139112383,0,1,1,ykgH
psiF,FALSE,+,402505,402825,-0.207509517182058,-0.496529100444721,0.00695197607376681,0.134981314559145,2,3,phoA-psiF
paaI,FALSE,+,1458495,1458917,-0.207468044743037,-0.357979330450348,0.00051240774985474,0.27583649431163,2,4,paaABCDEFGHIJK
arnC,FALSE,+,2365093,2366061,-0.207162634649358,-0.14957923713376,0.246135016430855,0.564118571522108,6,7,arnBCADTEF
yqjH,FALSE,-,3213749,3214513,-0.206939720443077,-0.465965400552641,0.130705735072338,0.665928359211932,3,6,yqjH
ldtB,FALSE,-,854047,854967,-0.206603099172778,-0.281039763916033,0.0761096086395904,0.22860786119689,13,8,ldtB
udk,FALSE,-,2140331,2140972,-0.206475354348139,-0.413928832704345,0.433622072820999,0.0454756066070269,1,4,udk-dcd
yqeH,FALSE,+,2985558,2986190,-0.205844627486092,NA,0.0813128295136777,NA,4,0,yqeH
phnD,FALSE,-,4321359,4322375,-0.205754998685516,-0.453431419122128,0.188402171455626,0,11,1,phnCDE_1E_2FGHIJKLMNOP
nagE,FALSE,+,703167,705113,-0.205350797510209,-0.43701350688808,0.120837970753816,0.401675503369464,14,22,nagE
basR,FALSE,-,4331305,4331973,-0.205186500404299,-0.217918226233137,0.31298379701728,0.287904387264121,2,7,basRS
uhpB,FALSE,-,3846657,3848159,-0.204979256710481,-0.491012055332814,0.0796055902832221,0.444659852069004,7,19,ivbL-ilvBN-uhpABC
yedJ,FALSE,-,2030408,2031103,-0.204974971044705,-0.304247180033864,0.0286289439236878,0.438953450799637,3,5,yedRJ
hofQ,FALSE,-,3517487,3518725,-0.204841257050669,-0.421643932909206,0.0963045764626616,0.23705671076335,7,15,hofQ
yciA,FALSE,-,1309872,1310270,-0.204484396409752,-0.305438200031921,0.104298514487263,0.575027650269063,3,6,yciA
ypjK,FALSE,+,2768467,2768703,-0.204232600800962,0.010517171120127,0,0,1,1,yfjR-ypjK-yfjST
ygdQ,FALSE,+,2968442,2969155,-0.204072359315369,-0.482833096789138,0.267069551264617,0.334440414878365,7,4,ygdQ
gadX,FALSE,-,3663009,3663833,-0.203777951833969,-0.700460342199289,0.279239209893778,0,3,1,gadAXW
fliR,FALSE,+,2020917,2021702,-0.203439761603511,-0.25068307984509,0.0758506877773494,0.228049628256651,7,3,fliLMNOPQR
nudK,FALSE,-,2580925,2581500,-0.203086268422105,-0.465554355078005,0.211616811754197,0.392563588857217,2,3,nudK
yzgL,FALSE,-,3561747,3562028,-0.202943287110664,-0.335847944345355,0,0.164849897654206,1,2,yzgL
fieF,FALSE,+,4104492,4105394,-0.202928707194336,-0.318931469029188,0.108815796426285,0.231931586847524,5,8,fieF
yghQ,FALSE,-,3129363,3130430,-0.202895234081883,-0.529696501826293,0.0946076597849581,0.277729954709493,8,2,yghQ
gnd,FALSE,-,2097886,2099292,-0.202581665414024,-0.458742707767681,0.0945189735867732,0.31498181865925,6,6,gnd
lplA,FALSE,-,4621124,4622140,-0.202505712231991,-0.354564252637554,0.188439808585798,0.216110381498463,8,10,ytjB-lplA
hybG,FALSE,-,3137738,3137986,-0.202469207707753,-0.331576388683771,0,0.151738150965624,1,2,hybOABCDEFG
yhgN,FALSE,+,3573094,3573687,-0.202240551071874,-0.984457484496922,0.186376749866765,0.763450461857469,4,4,yhgN
ytfT,FALSE,+,4450597,4451619,-0.201714439249761,-0.287858276157922,0.168601926638294,0.331564253931428,7,12,ytfQRT-yjfF
pyrI,FALSE,-,4469009,4469470,-0.201519313310953,-0.386018944182084,0.247579206298186,0.0195739846746537,4,3,pyrLBI
iadA,FALSE,-,4556377,4557549,-0.201370762760985,-0.408226613463451,0.0927629977953443,0.206389596723697,4,8,yjiHG-iadA
rffM,FALSE,+,3977979,3978719,-0.201124441833954,-0.321890252990452,0.0484706285471187,0.0946099608133299,3,3,rfe-wzzE-wecBC-rffGHC-wecE-wzxE-wecF-rffT-rffM
maa,FALSE,-,478591,479142,-0.201054021323958,-0.361915655608988,0.169988858437556,0,3,1,maa
yedK,FALSE,+,2007845,2008513,-0.200759637753441,-0.126236916094834,0.211194327803251,0.175094157072443,3,6,yedK
modC,FALSE,+,795777,796835,-0.200541480765531,-0.336799510403813,0.0724492875210404,0.371632210119539,7,9,modABC
ygfZ,FALSE,+,3039335,3040315,-0.200346841996513,-0.346911754713934,0.271754263755547,0.366266767017844,4,10,ygfZ
fdnH,FALSE,+,1548485,1549369,-0.200330663654941,-0.309593655405193,0.107768546735327,0.233102116606526,6,11,fdnGHI
yihV,FALSE,+,4071762,4072658,-0.200308846161233,-0.398722165079363,0.0873463314683489,0.265861170604892,4,13,yihVW
ygaP,FALSE,+,2795542,2796066,-0.20008220170654,-0.188135887680952,0.0862058144659406,0.367892423328036,2,3,ygaVP
yjbD,FALSE,-,4229382,4229654,-0.199973548030566,-0.263266103191489,0.0780980018297394,0,2,1,yjbD
helD,FALSE,+,1023694,1025748,-0.199602947472823,-0.583258241302925,0.10297341054242,0.631681421726185,11,19,helD
bioC,FALSE,+,810745,811500,-0.199550881288115,-0.347229569523083,0.129657884521612,0.290992959894,4,6,bioBFCD
recD,FALSE,-,2948657,2950483,-0.199518298056404,-0.307605916489923,0.157526629406396,0.223851835895261,7,19,ptrA-recBD
insA-7,FALSE,+,4516550,4516825,-0.199117949129609,NA,0.163849822105605,NA,2,0,insA-7
yffO,FALSE,+,2560133,2560549,-0.199076804416805,-0.215745539698251,0.0844563253300163,0,2,1,yffOP
bcsE,FALSE,+,3694481,3696052,-0.198976393111501,-0.337439609194056,0.11454971460225,0.110756773829583,7,9,bcsEFG
yehP,FALSE,+,2205989,2207125,-0.198920699947487,-0.432246519754713,0.0534613803678915,0.563500782038324,4,8,yehLMPQ
rfbB,FALSE,-,2110000,2111085,-0.197898204959859,-0.263594812876892,0.145892783025212,0.111031732886534,9,7,rfbBDACX
gsiB,FALSE,+,868634,870172,-0.197208937613045,-0.314117254745518,0.155646045494823,0.492881301914568,15,10,iaaA-gsiABCD
gcd,FALSE,-,138835,141225,-0.197162837216432,-0.437285773184183,0.0917079027201076,0.220278081757884,15,16,gcd
ybjJ,FALSE,-,885354,886562,-0.196807361327902,-0.399047218058247,0.010067433316607,0.245778872258872,6,12,ybjJI
ydjX,FALSE,+,1831425,1832135,-0.196775704391801,-0.0276847433172858,0.271103261961593,0.00965914623774846,6,3,ydjXYZ-ynjABCD
stfR,FALSE,+,1427073,1430435,-0.196575625064282,-0.285526515753694,0.120992016487828,0.227996725501688,8,25,lomR_2-stfR-tfaR
djlA,FALSE,+,57364,58179,-0.196419730331302,-0.455267444325356,0.195476722234301,0.511022505542231,7,5,djlA
ampH,FALSE,-,394354,395511,-0.196376048975939,-0.223803715778977,0.162767613084158,0.409607390249408,11,8,ampH
cysB,FALSE,+,1331879,1332853,-0.19632000784727,-0.344151652528421,0.153449820478668,0.215486225041339,5,8,cysB
nikR,FALSE,+,3616611,3617012,-0.195781732522502,-0.345411543179956,0.114765697728992,0.146883920738417,3,2,nikABCDER
gpmM,FALSE,+,3783283,3784827,-0.195774539783224,-0.420787882095666,0.225150075739142,0.297715564661941,6,11,gpmM-envC-yibQ
yfcO,FALSE,-,2447250,2448071,-0.195491605012595,-0.629217361926584,0,0.746111975568415,1,2,yfcUTSRQPO
malG,FALSE,-,4240649,4241539,-0.195174631098968,-0.199843738218135,0.168552383642193,0.0334417193448651,7,5,malEFG
tfaD,FALSE,+,580757,581320,-0.195067591169812,-0.0522995614970367,0,0.0996406436678542,1,2,tfaD
ykfC,FALSE,+,272071,273216,-0.19502816277025,-0.454143175519276,0.0763858413100865,0.299836515877049,9,11,ykfC
ybbO,FALSE,-,517564,518373,-0.194663549925966,-0.506716400412322,0.0995438967298604,0.144407863735814,10,6,tesA-ybbO
ilvA,FALSE,+,3953354,3954898,-0.194233052853201,-0.278682743278442,0.152166741414433,0.397344676176509,15,8,ilvLXG_1G_2MEDA
ybeT,FALSE,-,678075,678629,-0.194174436872732,-0.0189620030788453,0.226605000051665,0.232871640993801,4,2,ybeT
ydhY,FALSE,-,1751875,1752501,-0.194140633913709,-0.140629987126586,0.235095781492942,0.249405444373823,10,5,ydhYVWXUT
nagK,FALSE,+,1177816,1178727,-0.19409257944828,-0.474473254705676,0.195203801657893,0.321615291931508,4,11,nagK-cobB
fepD,FALSE,-,620408,621412,-0.193794082611802,-0.258481341121074,0.242943536971006,0.272086161022826,7,7,fepDGC
ypjF,FALSE,+,2775475,2775804,-0.19367202358794,-0.0544727861956962,0.0171399562184228,0.0187412411392589,3,2,yfjXY-ypjJ-yfjZ-ypjF
mngA,FALSE,+,765207,767183,-0.193669507553622,-0.455494629224724,0.113632608941921,0.254330881279212,9,17,mngAB
yncD,FALSE,-,1518987,1521089,-0.193483239370183,-0.365706474974065,0.160501382722428,0.20356882083373,13,21,yncD
gloA,FALSE,+,1725861,1726268,-0.192955009792599,-0.542941392435099,0,0.210120218771409,1,4,nemRA-gloA
queG,FALSE,-,4390951,4392090,-0.192429083029357,-0.447825603932772,0.158124023823601,0.317046944791388,6,7,queG
renD,FALSE,+,567285,567470,-0.191983602690176,NA,0.12841077294562,NA,1,0,renD-emrE
sbcC,FALSE,-,411831,414977,-0.191977807225115,-0.344763881951468,0.164672018175626,0.239213614368209,11,26,sbcDC
gmd,FALSE,-,2125217,2126338,-0.191885738548161,-0.312314278206779,0.199781972612858,0.335128882324673,8,10,wcaCDEF-gmd-fcl-gmm-wcaI-cpsBG-wcaJ-wzxC
fliY,FALSE,-,1997609,1998409,-0.191641693862962,-0.516140062969944,0.0892653846456497,0.24812731278441,2,6,fliY
atoE,FALSE,+,2322778,2324100,-0.191359430296894,-0.32506699642212,0.168488991121258,0.22138772772907,7,13,atoDAEB
ydaY,FALSE,+,1423645,1424004,-0.191156989138279,-0.75954379758422,0.112359274253393,0.026988707392369,2,2,ynaK-ydaY
flgE,FALSE,+,1131797,1133005,-0.190949868759177,-0.189900296685171,0.166779739589101,0.196403933496922,11,8,flgBCDEFGHIJ
yfhL,FALSE,+,2697685,2697945,-0.190317147454796,-1.53898909354693,0,0,1,1,yfhL
ydeN,FALSE,-,1578866,1580548,-0.189924004911952,-0.228140984343511,0.0835690741922373,0.302934660251724,9,12,ydeNM
yciI,FALSE,-,1308593,1308889,-0.189145201338044,-0.436959776734178,0.0834670111113683,0.0325477193796365,1,4,yciI
hcaE,FALSE,+,2667054,2668415,-0.188951889121368,-0.287067229719985,0.103536603926471,0.431756432011062,11,19,hcaEFCBD
ymfK,TRUE,-,1201482,1202156,-0.188852149380288,-0.450436347506756,0.146351298257654,0.488005762066991,3,5,ymfK
ymfI,FALSE,+,1200720,1201061,-0.188746302920678,NA,0,NA,1,0,ymfI
ynjB,FALSE,+,1834097,1835263,-0.188399026438524,-0.283288404872261,0.151117240917728,0.138769055303088,5,7,ydjXYZ-ynjABCD
ftsP,FALSE,-,3159279,3160691,-0.18837277710724,-0.330375533954445,0.194979576795841,0.30196238848589,12,14,ftsP
ssuE,FALSE,-,996160,996735,-0.18835650753546,-0.319049269557366,0.191122772463462,0.126954485461834,7,4,ssuEADCB
ylaB,FALSE,-,476291,477841,-0.188078187963378,-0.175409744738684,0.133172837697179,0.235052003077133,6,10,ylaB
cytR,FALSE,-,4121454,4122479,-0.187899026328701,-0.269013821184531,0.162773933008647,0.30486299080215,8,5,cytR
elaA,FALSE,-,2379104,2379565,-0.187860695144788,-0.662458039224494,0,0.129158315452323,1,4,elaA
lrp,FALSE,+,931818,932312,-0.187803193935435,-0.292228253505826,0,0.00531134290003856,1,3,lrp
ascG,FALSE,-,2836276,2837286,-0.187328312099327,-0.446447403538127,0.025100824121848,0.33812191091553,5,6,ascG
ydeO,FALSE,-,1580950,1581711,-0.186995964859444,-1.05573149201438,0.134569894620513,0,3,1,safA-ydeO
hyaC,FALSE,+,1034289,1034996,-0.186740457027745,-0.132971241864212,0.0186998397469935,0.173396531522293,4,4,hyaABCDEF
yqaB,FALSE,-,2814959,2815525,-0.186304378952026,-0.306582746087942,0.292800292740199,0.20776846485954,3,5,yqaBA
yjhB,FALSE,+,4502081,4503298,-0.186259893511211,-0.253968827049905,0,0.411712660598084,1,8,yjhBC
menI,FALSE,-,1763246,1763656,-0.186246299220951,-0.159156151697576,0.294647926545119,0.123748900481107,2,3,ydiJ-menI-ydiH
flhE,FALSE,-,1960604,1960996,-0.185983753227548,-0.549516438619414,0.143508092870937,0.621369167938532,4,5,flhBAE
yejK,FALSE,-,2280962,2281969,-0.185608767284868,-0.40495635513267,0.133348987107696,0.49356179634682,3,8,yejK
nei,FALSE,+,745158,745949,-0.185161775648669,-0.16307638086306,0.042907141834727,0.0773494171412815,4,11,ybgIJKL-nei
focA,FALSE,-,952832,953689,-0.18485006285941,-0.44695983440399,0.0178217701153018,0.349748583237571,3,7,focA-pflB
speG,FALSE,+,1654208,1654768,-0.184697325089946,-0.349836401469172,0.194990593599083,0.511104457348453,2,3,ynfB-speG
xdhB,FALSE,+,3000636,3001514,-0.184467080657578,-0.318488808275109,0.100206347424478,0.143772888275307,9,6,xdhABC
uxuA,FALSE,+,4549659,4550843,-0.183905325091413,-0.340227383932702,0.14377625907525,0.199776789872505,11,8,uxuAB
ompW,FALSE,+,1312044,1312682,-0.18373303596025,-0.29300880443288,0.013611961256221,0.20523839752527,5,7,ompW
ppiD,FALSE,+,461139,463010,-0.183679297707153,-0.653603011748321,0.090372787142032,0.281979466451851,4,5,ppiD
yihY,FALSE,+,4074169,4075041,-0.183598909910413,0.0463556912529846,0.0828933743885492,0.453396033032566,7,2,yihXY-dtd-yiiD
tag,FALSE,+,3711115,3711678,-0.183499560489516,-0.428480691584689,0.192314098172605,0.0396158294362409,3,4,tag-yiaC
glpX,FALSE,-,4112592,4113602,-0.183492282854328,-0.315773839569233,0.0487203958108143,0.219757070678962,3,14,glpFKX
yciZ,FALSE,-,1342460,1342633,-0.183425761370814,-0.496501037285572,0,0.231857428369464,1,2,yciZT
smg,FALSE,-,3430013,3430486,-0.183213546765277,-0.91490680306855,0.00957994612840268,0.183306266773163,3,3,smg
dcuC,FALSE,-,653806,655191,-0.182895945153381,-0.42299602466704,0.015868676559108,0.292992629809245,5,12,dcuC
aceK,FALSE,+,4216619,4218355,-0.182742075009658,-0.267750839081689,0.155254191145255,0.23584241145448,10,13,aceBAK
ycjQ,FALSE,+,1372987,1374039,-0.182380935488968,-0.203428354671684,0.117073137464383,0.368451770324622,4,8,ycjMNOPQRSTUV-ymjB
fepE,FALSE,+,617477,618610,-0.182196286075268,-0.344821216742324,0.0948302304816181,0.212297007124764,4,10,fes-ybdZ-entF-fepE
ydaW,FALSE,+,1420776,1421336,-0.181436922637254,-0.255281627739999,0.182977464829712,0.164306734751698,2,2,ydaSTUVW-rzpR
rhaA,FALSE,-,4092746,4094005,-0.181410928141894,-0.321412043589832,0.113381634335004,0.47334597350357,7,10,rhaBAD
bsmA,FALSE,-,4414464,4414793,-0.181270127502005,-0.161939209445738,0.166116629427451,0.224222749372581,2,5,bsmA
yaeQ,FALSE,+,214291,214836,-0.181222836394449,-0.283064436238223,0.0667686347892484,0.234093394108323,4,6,yaeQ-arfB-nlpE
mhpC,FALSE,+,370463,371329,-0.180967714108737,-0.342057128742158,0.272671622050196,0.230471187998193,2,6,mhpABCDFE
ssuC,FALSE,-,993264,994055,-0.180884982222423,-0.28185795509098,0.111084171775419,0.290156421108768,4,13,ssuEADCB
queF,FALSE,+,2923370,2924218,-0.180843899773162,-0.384843290522622,0.0863091264332416,0.374400869850119,6,5,queF
pabA,FALSE,-,3488288,3488851,-0.180746623314829,-0.210940032547348,0.134755037104817,0.0489541855410535,4,5,yhfG-fic-pabA
yccU,FALSE,+,1027169,1027582,-0.180709940425885,-0.393390659844282,0.526534879918491,0.177065682388833,3,6,yccU
ygiN,FALSE,+,3171164,3171478,-0.180697988173654,-0.168635094562016,0.13981986758981,0.0581499239275698,2,4,ygiN
ydgH,FALSE,+,1676451,1677395,-0.180465614073883,-0.478043943243625,0.199014539980272,0.157494606562737,10,7,ydgH
mutY,FALSE,+,3101035,3102087,-0.180415475570528,-0.723951820043063,0.166651118197628,0.192380205018648,11,3,mutY-yggX-mltC-nupG
dosC,FALSE,-,1563782,1565164,-0.180330993168735,-0.361727451363717,0.0811039577131816,0.214749144168486,7,7,dosCP
pdxK,FALSE,-,2534408,2535259,-0.179763951893242,-0.417858116119151,0.0757674365245295,0.138161610188279,3,5,pdxK
prlF,FALSE,+,3275024,3275359,-0.178770352143937,-0.107739045707955,0.437063906574613,0.143755359640108,2,3,prlF-yhaV
emrE,FALSE,+,567538,567870,-0.178223840581519,-0.190737079034757,0,0.369045738283872,1,4,renD-emrE
yfcL,FALSE,-,2441913,2442191,-0.177955803163172,-0.120307206933233,0,0.0575593081445476,1,3,prmB-aroC-mepA-yfcA-epmC-yfcL
ybaV,FALSE,+,463161,463532,-0.177605181632357,-0.580192809601479,0.532396160489187,0.689060382611909,2,4,ybaV
yibL,FALSE,+,3774688,3775050,-0.177071866944456,NA,0.117956315780089,NA,3,0,yibL
vsr,FALSE,-,2028472,2028942,-0.176821479646061,0.0120308182823551,0.221835734663712,0.12326185703447,4,3,dcm-vsr
yfeW,FALSE,+,2546124,2547428,-0.176722332648385,-0.0758525530640084,0.0879159801668958,0.10740401621099,8,7,murQP-yfeW
argK,FALSE,+,3061009,3062004,-0.176667238572968,-0.544295455161232,0.159737632066665,0.244803481552436,5,10,scpA-argK-scpBC
ybaN,FALSE,+,490106,490483,-0.176066863776686,-0.406723943121071,0.101469510772499,0.251785977002517,2,4,ybaN
cas1,FALSE,-,2876877,2877794,-0.175999486492014,-0.324413100760428,0.200048839986362,0.175256227090635,8,8,casABCDE12
holE,FALSE,+,1923132,1923362,-0.175789951104836,-0.592992687918289,0.114316352753236,0,4,1,holE
aphA,FALSE,+,4267437,4268150,-0.174992077013512,-0.395545746675947,0.136218420729952,0.3336253655264,4,3,aphA
narK,FALSE,+,1277180,1278571,-0.174920407160063,-0.559498886104641,0.170934736983414,0.44042913682652,6,20,narK
sfmH,FALSE,+,561565,562542,-0.174667410040593,-0.130255830057326,0.156784299201584,0.19202063055023,7,5,sfmHF
caiA,FALSE,-,39244,40386,-0.174440195822456,-0.445335373127834,0.120001494972327,0.28795208173608,6,8,caiTABCDE
ygaU,FALSE,-,2794359,2794808,-0.174395043472944,-0.346769194889045,0.00813645348284078,0.18768053683916,2,4,ygaU
sgcE,FALSE,-,4524928,4525560,-0.174297160333663,-0.0359605358662802,0.0519289870491961,0.254975533509161,4,8,sgcXBCQAER
yfiL,FALSE,+,2739382,2739747,-0.174216618486963,-0.182626486071713,0.0508498352317616,0,3,1,yfiL
ydjL,FALSE,-,1858280,1859356,-0.173894884734163,-0.292626351589198,0.178770185766645,0.268777117583497,5,14,ydjLKJIHG
araA,FALSE,-,66835,68337,-0.173811589302253,-0.33730061936203,0.169292690319735,0.495411557570176,13,12,araBAD
recJ,FALSE,-,3034395,3036128,-0.173580399537314,-0.432512527863615,0.299097421635172,0.350290180728887,8,17,xerD-dsbC-recJ-prfB-lysS
gfcA,FALSE,-,1048662,1048967,-0.172989272720369,-0.537905426292699,0.182134586912949,0,3,1,gfcA
fliJ,FALSE,+,2015970,2016413,-0.172645650143727,-0.259244594665797,0.139629628469687,0.20159158707116,2,2,fliFGHIJK
arnA,FALSE,+,2366061,2368043,-0.172378990046246,-0.136686395113514,0.250620701958044,0.194927878711532,14,12,arnBCADTEF
hscC,FALSE,-,680946,682616,-0.172314938723688,-0.174105754267016,0.135022512076543,0.129189773685691,10,12,hscC
ykgJ,FALSE,-,303077,303406,-0.17186325169258,0.0390754051259445,0.0729692512872527,0,3,1,ykgJ
ybdF,FALSE,-,604741,605109,-0.171811473780117,-0.487133045604583,0,0.146933804317642,1,2,ybdF
ompG,FALSE,+,1379971,1380876,-0.171791327553633,-0.533141435344007,0.0524046835489969,0.855679793929736,3,6,ompG
eptB,FALSE,-,3706807,3708498,-0.171737408723311,-0.337363342873636,0.125809349355528,0.331281569233385,10,12,eptB
C0293,FALSE,+,1195937,1196009,-0.171588513435886,-0.568110970471017,0.479380748042586,0,1,1,C0293
napC,FALSE,-,2295679,2296281,-0.171450796411337,-0.474438707847657,0.00833384774087859,0.224876682888708,3,6,napFDAGHBC-ccmABCDEFGH
yfiC,FALSE,-,2710049,2710786,-0.171432621050483,-0.316972833335426,0.203473230283044,0.404650311773871,2,14,yfiC
yjfK,FALSE,+,4409325,4409984,-0.171293164198378,-0.360877734736807,0.0384277406905785,0.164767859106631,4,8,yjfKLMC
oppD,FALSE,+,1302778,1303791,-0.17090178608842,-0.150486395149794,0.17105141799896,0.218860341767514,5,9,oppABCDF
yhaC,FALSE,+,3266437,3267624,-0.170840309336771,-0.695248084877034,0.0621578838651453,0,2,1,yhaBC
mdtP,FALSE,-,4297587,4299053,-0.170690728217,-0.180407935240946,0.153904943828052,0.179240010988686,10,11,mdtNOP
ygiQ,FALSE,-,3156949,3159168,-0.170390415419914,-0.418057590828064,0.208510459723218,0.296525788269422,14,21,ygiQ
yegI,FALSE,-,2147063,2149009,-0.170253845233552,-0.205609034081402,0.203940041896323,0.164224345245278,13,17,yegI
sulA,FALSE,-,1019633,1020142,-0.170172955011295,-0.515032172853857,0,0.183281378139748,1,6,sulA
yedD,FALSE,-,2005701,2006114,-0.170091513817682,-0.245371863182472,0.17123928012602,0.465426600368841,2,4,yedD
eutL,FALSE,-,2553763,2554422,-0.170031418210705,-0.389556896736625,0.0335476751314532,0.261799659159948,9,5,eutBCLKR
panB,FALSE,-,148807,149601,-0.169711371332184,-0.299373423823657,0.313343744361044,0.192658328969747,6,9,panBC
rutD,FALSE,-,1070188,1070988,-0.169530807168375,-0.49240929847474,0.226420382798235,0.441478018952108,6,8,rutABCDEFG
phoE,FALSE,-,258269,259324,-0.169506571621797,-0.306085283172493,0.104588445996703,0.407906199824943,4,10,phoE
mdtD,FALSE,+,2159488,2160903,-0.169180701037614,-0.337674994836558,0.0947453155974132,0.193610289382884,7,18,mdtABCD-baeSR
cbpM,FALSE,-,1061773,1062078,-0.168958378303424,-0.169666395183002,0,0.00246427318675946,1,2,cbpAM
ykgA,FALSE,-,315674,316360,-0.167842476714601,-0.573336155957057,0,0.595593196566078,1,2,ykgA
flgJ,FALSE,+,1136594,1137535,-0.166409281998438,-0.332834619658312,0.138471361039613,0.108880811794773,9,7,flgBCDEFGHIJ
cobB,FALSE,+,1178743,1179582,-0.166340924076571,-0.396283687894382,0.114425431870463,0.140920851809474,6,5,nagK-cobB
yjcO,FALSE,-,4294459,4295148,-0.166321312875177,-0.394741366069224,0.232821180552579,0.0972471194755185,7,4,yjcO
pfkB,FALSE,+,1804394,1805323,-0.165967444209632,-0.226024369179537,0.168317132786014,0.193847714894468,4,7,pfkB
yddH,FALSE,-,1531306,1531875,-0.165371271291156,-0.495591329585934,0.0830741473619086,0.241074779161275,2,6,yddH
comR,FALSE,-,1167423,1168055,-0.164780373426068,-0.281194143385501,0.128118011280655,0.260614258362986,1,6,comR
uraA,FALSE,-,2616893,2618182,-0.164501949610564,-0.339181463473982,0.0656899298927559,0.297508986938712,5,11,upp-uraA
yfjH,FALSE,-,2755666,2756622,-0.164461602692572,-0.365801806542222,0.0980121590361499,0.364471039782733,5,9,yfjH
gatY,FALSE,-,2174372,2175226,-0.16428802915303,-0.145768043818634,0.439182451314439,0.225027233426168,2,6,gatYZABCD
hcaD,FALSE,+,2670069,2671271,-0.164122550088161,-0.267971738564846,0.102896013999081,0.289075728993307,5,14,hcaEFCBD
yneK,FALSE,+,1613787,1614902,-0.163347930443594,-0.35038199329299,0.203401073149441,0.135429493615759,8,7,yneK
ydfO,FALSE,+,1635071,1635481,-0.163343469418787,NA,0.0622171789116023,NA,2,0,ynfO-ydfO
evgS,FALSE,+,2482396,2485989,-0.162959313881372,-0.29972854921996,0.198716995393182,0.262302173868869,12,19,evgAS
yagK,FALSE,-,291546,292172,-0.162834300560784,-0.398112882363674,0.273953032336584,0.133448311286179,4,7,yagK
slp,FALSE,+,3651984,3652550,-0.162577303060799,-0.662541497416296,0.0783056278470209,0.447382733724995,4,8,slp-dctR
uspF,FALSE,-,1433209,1433643,-0.161960557712999,NA,0.153027529815625,NA,5,0,uspF
gloB,FALSE,-,234027,234782,-0.161579595015419,-0.346711314878764,0.219085754963937,0.206098765316429,4,6,gloB
mcbA,FALSE,-,841019,841279,-0.161123788221413,-0.0459082731957283,0.184317257333785,0,1,1,mcbA
zraS,FALSE,+,4199949,4201346,-0.160553458681134,-0.54441167915886,0.211299858123136,0.323147833719158,9,10,zraSR
yhhM,FALSE,-,3603274,3603633,-0.160525758207054,-0.715221126024455,0,0,1,1,yhhM
yjgR,FALSE,-,4486584,4488086,-0.16009608337255,-0.309703945297199,0.149205357642823,0.337723885623341,6,17,yjgR
yfdS,FALSE,+,2473533,2473895,-0.159590574569615,-0.605220022274102,0,0.374315954426701,1,3,yfdRST
intB,FALSE,+,4494773,4495963,-0.159339056954932,-0.181045463286267,0.153844231013449,0.103327880418018,4,4,intB
ebgC,FALSE,+,3223744,3224193,-0.158837536935194,-1.58129651299737,0.0759997898478742,2.38450584576971,2,2,ebgAC
ygfS,FALSE,-,3026546,3027034,-0.158618788889946,-0.435153067786692,0.155838652063814,0.306022066908691,5,4,ygfTS
npr,FALSE,+,3345988,3346260,-0.158589232278148,-0.0331278486279086,0.132502892600603,0.34704238890427,4,2,yrbG-kdsDC-lptCAB-rpoN-hpf-ptsN-rapZ-npr
yhcG,FALSE,+,3365849,3366976,-0.158407508700296,-0.62586186998174,0.142309892516776,0.629814905134,9,5,yhcG
ybdL,FALSE,+,632809,633969,-0.158142218982006,-0.321248604334567,0.104842045244507,0.0729761407426927,7,7,ybdL
lgoT,FALSE,-,4591384,4592745,-0.157540448234125,-0.290625999638911,0.135223673108942,0.281750730200002,8,14,lgoT
argB,FALSE,+,4154039,4154812,-0.157461808243671,-0.239499361343694,0,0.392704972652532,1,9,argCBH
codB,FALSE,+,354146,355405,-0.157456154074288,-0.483118192549653,0.172356543832153,0.329895177404109,7,18,codBA
sdaC,FALSE,+,2926251,2927540,-0.157441503862111,-0.146288839715132,0.171455226810542,0.243952485913727,11,10,sdaCB
ybhJ,FALSE,+,802726,804987,-0.157438176943027,-0.269105284239662,0.140771487210221,0.205958625417939,12,23,ybhJ
sufA,FALSE,-,1762042,1762410,-0.157392473696813,-0.403219114528412,0.0863341326316792,0.177559536165058,3,6,sufABCDSE
ampC,FALSE,-,4375834,4376967,-0.156302559677575,-0.41042408389389,0.146308247173473,0.239060324822706,6,11,ampC
dadA,FALSE,+,1236794,1238092,-0.156167154628936,-0.282640830449329,0.171553213714803,0.244744504176079,9,19,dadAX
rfbD,FALSE,-,2109101,2110000,-0.15579569834385,-0.292177651892655,0.0908401319717486,0.0581734875114088,7,6,rfbBDACX
ung,FALSE,+,2714776,2715465,-0.155039472445568,-0.546053616324644,0.358765891957334,0.475943264162798,1,11,ung
dinD,FALSE,+,3815783,3816607,-0.154994163359905,-0.923127775207308,0.189682769154259,0.828224287404728,3,3,dinD
casE,FALSE,-,2877810,2878409,-0.154890694321809,-0.207175149855515,0.116160594904057,0.0953914923136108,3,7,casABCDE12
purE,FALSE,-,551814,552323,-0.154787314637744,-0.206905137847265,0.10686680155869,0.287423539175808,5,3,purEK
hypD,FALSE,+,2850158,2851279,-0.154740998451606,-0.244791996263051,0.279950614945928,0.348023501286236,3,11,hypABCDE-fhlA
efeO,FALSE,+,1081466,1082593,-0.154740998184408,-0.265465195269913,0.0614794776066907,0.248609327985764,8,10,efeOB
yghD,FALSE,-,3108612,3109148,-0.154471617860859,-0.500082945127626,0.041065610618095,0.556740841840432,2,6,yghED
frdC,FALSE,-,4377400,4377795,-0.154375274651131,-0.64902015579441,0.051818873981713,0.253134740837227,3,3,frdABCD
yecJ,FALSE,-,1985531,1985782,-0.153730274314149,-0.805074317922094,0.20626895509215,0,2,1,yecJ
tam,FALSE,+,1605370,1606128,-0.153640951843284,-0.485578612459547,0.124536829454566,0.213740032019342,4,2,tam
ybiC,FALSE,+,835574,836659,-0.153631607668477,-0.262400348312256,0.226712072871547,0.255364458316987,10,13,ybiC
yghA,FALSE,+,3147684,3148568,-0.153496222056405,-0.300075611210891,0.0508323102250177,0.379348503561552,3,7,yghA
ygiH,FALSE,+,3202716,3203333,-0.153162227463798,-0.524440482262024,0.169448377363277,0.214485650174756,4,5,ygiH
yacC,FALSE,-,136570,136917,-0.152921958163476,-0.961319806444528,0.13359454466247,0,3,1,yacC-speED
yeeX,FALSE,-,2077056,2077385,-0.151725353950064,NA,0.0684456106653052,NA,1,0,yeeX
ymgE,FALSE,+,1243951,1244205,-0.151449414618013,-0.342389466713766,0,0.0463659235723486,1,2,ymgE
IS128,FALSE,+,2651537,2651745,-0.151439544381914,NA,0,NA,1,0,IS128
rhaT,FALSE,-,4097514,4098548,-0.151342035302583,-0.434205075343018,0.0898717903831463,0.41580601225768,4,8,rhaT
ynaA,FALSE,+,1424478,1425506,-0.151317392695829,-0.225105191816214,0.203721075751178,0.363417446660078,5,5,ynaA-lomR_1
hisH,FALSE,+,2092559,2093149,-0.151208052147308,-0.0879787792968029,0.0889685892851456,0.179248541151673,3,3,hisLGDCBHAFI
flgB,FALSE,+,1130241,1130657,-0.150765775097277,-0.1925430475938,0.072702675301887,0,5,1,flgBCDEFGHIJ
waaZ,FALSE,-,3797368,3798219,-0.150741095985931,-0.0914225503589106,0.0898303493330323,0,4,1,waaQGPSBOJYZU
wzc,FALSE,-,2131514,2133676,-0.150573218412813,-0.249811201461614,0.141744508389974,0.290329219660909,13,17,wza-wzb-wzc-wcaAB
fhuF,FALSE,-,4602898,4603686,-0.150267877754731,-0.118023631026481,0.0233262814062818,0.210796401016915,6,3,fhuF
kefC,FALSE,+,47769,49631,-0.15018413904534,-0.524302140885445,0.178675646349527,0.431448760691524,8,22,kefFC
idnK,FALSE,+,4492646,4493209,-0.149978241456719,-0.153388870114779,0.278543800220968,0.0612667084342508,1,3,idnK
yhaO,FALSE,-,3254701,3255969,-0.149835119391985,-0.232589083099793,0.174090815881243,0.147928939011892,7,11,yhaOM
gmm,FALSE,-,2123767,2124246,-0.149601678638506,-0.505266872551811,0.270326210387517,0.292646235248855,2,3,wcaCDEF-gmd-fcl-gmm-wcaI-cpsBG-wcaJ-wzxC
mmuP,FALSE,+,274549,275952,-0.149357800671824,-0.398410706064897,0.203761523750821,0.537438182408425,7,13,mmuPM
yfgO,FALSE,-,2612842,2613903,-0.14894539825506,-0.279810351110444,0.148295265961282,0.184839671935525,4,7,yfgO
yggM,FALSE,-,3096580,3097587,-0.148611142678264,-0.435644865036942,0.264046537568102,0.224122818475197,2,4,yggM
ybdG,FALSE,-,602639,603886,-0.147544141173711,-0.279355337009574,0.139801638024131,0.0364557903447951,10,3,ybdG
lomR_1,FALSE,+,1425482,1425637,-0.147291013809319,-0.446077565057269,0,0.353983222750231,1,2,ynaA-lomR_1
yfcF,FALSE,-,2417863,2418507,-0.147192915563151,-0.263053828479292,0.000293846580885715,0.389007982091181,2,5,yfcF
thiQ,FALSE,-,72229,72927,-0.147071821228821,-0.650697085865375,0.0510482549980572,0.465183684178475,4,9,sgrR-sroA-tbpA-thiPQ
mltD,FALSE,-,232597,233955,-0.146407580643124,-0.237494883976097,0.0776682772571636,0.195596033898701,8,8,mltD
ydjZ,FALSE,+,1832832,1833539,-0.14632477850911,-1.00810693125939,0,0,1,1,ydjXYZ-ynjABCD
ybaM,FALSE,-,489334,489495,-0.146183135359948,-0.663596462619771,0,0.160818971534351,1,4,priC-ybaM
recG,FALSE,+,3823233,3825314,-0.145982788983034,-0.256854706295946,0.27166969506299,0.256854564567587,20,21,rpoZ-spoT-trmH-recG
yoaC,FALSE,+,1892097,1892456,-0.145692057669673,-0.250363282585435,0.102969902806097,0.0504603186689799,4,4,yoaC
hycA,FALSE,-,2847996,2848457,-0.145129940208736,-0.325492966773027,0.196608670347577,0.194453663794144,1,4,hycABCDEFGHI
ypeB,FALSE,-,2525963,2526181,-0.14488115163766,-0.195667707210107,0,0.00933668641020279,1,2,ligA-ypeB
frvA,FALSE,-,4090400,4090846,-0.14475112769232,-0.144545708824163,0.0499259284348533,0.261957041427143,4,5,frvABXR
ydhZ,FALSE,-,1752956,1753165,-0.144358309367057,NA,0,NA,1,0,ydhZ
nlpE,FALSE,+,215269,215979,-0.143628295399826,-0.250714767247053,0.0163773278961188,0.475419265621766,3,6,yaeQ-arfB-nlpE
yqiG,FALSE,+,3185422,3187887,-0.142741342013631,-0.268811100436236,0.243547058717431,0.24435511827848,7,13,insC-5CD-5D-5-yqiGHI
rbsC,FALSE,+,3933311,3934276,-0.142594321534702,-0.179276095606527,0.0973658795135859,0.0755022650895036,6,9,rbsDACBKR
yciC,FALSE,-,1310944,1311687,-0.139338236842336,-0.0728437583144975,0.140192062546818,0.229224507681318,4,10,yciCB
hycH,FALSE,-,2841058,2841468,-0.13928016354915,-0.352176668733855,0.151544853757638,0,3,1,hycABCDEFGHI
qseB,FALSE,+,3167850,3168509,-0.138713024529446,-0.129576802652006,0.0103648861462358,0.0772467578377199,2,4,qseBC
ybeR,FALSE,+,675934,676641,-0.138547219659265,-0.178265071063203,0.067113483044606,0.209673498768803,5,6,ybeR-djlB
yibT,FALSE,-,3774194,3774403,-0.138282879460014,-0.0609460502479016,0,0,1,1,yibT
metB,FALSE,+,4126695,4127855,-0.137913956183623,-0.253708922365314,0.207343411903642,0.15224182256122,8,10,metBL
pnuC,FALSE,+,782389,783108,-0.137755686556614,-0.365316290977863,0.0178955363364146,0.0867333505931349,3,6,nadA-pnuC
wecH,FALSE,+,3723910,3724905,-0.137523519801177,-0.127691733124361,0.151793633902065,0.242667988277344,4,7,wecH
pntB,FALSE,-,1672996,1674384,-0.13743620336177,-0.494115511386042,0.066193804273878,0.486093402623419,2,15,pntAB
curA,FALSE,+,1517051,1518088,-0.137382998376024,-0.437453616676678,0.220163000590456,0.449015910641689,10,12,curA
yddB,FALSE,-,1573271,1575643,-0.13695138131754,-0.286162642565867,0.198914021455187,0.27316184727181,10,21,yddAB
fruB,FALSE,-,2260387,2261517,-0.136620743635516,-0.289781666807288,0.211085285288221,0.323546271146888,8,7,fruBKA
glcC,FALSE,+,3126294,3127058,-0.136313253322661,-0.424317089503782,0.104687414839996,0.199428084214329,2,6,glcC
tatD,FALSE,+,4021577,4022359,-0.135760152847144,-0.24010023417193,0,0.163692787561661,1,8,tatABCD
yqhC,FALSE,-,3152284,3153240,-0.135314878161826,-0.397927622774864,0.0966937120958745,0.264247280255655,3,7,yqhC
amiA,FALSE,+,2550374,2551243,-0.134072954857492,-0.235360259292333,0.0895035417059906,0.210801724124706,6,5,amiA-hemF
yiaC,FALSE,+,3711675,3712115,-0.133902741919317,-0.958318478981372,0,1.1866869948823,1,2,tag-yiaC
ycaL,FALSE,+,959487,960251,-0.133711524351806,-0.279439573631015,0.0255274608137265,0.378130135582565,5,6,ycaL
glvC,FALSE,-,3860520,3861626,-0.133603006292811,-0.472115282678801,0.247881265655121,0.165667321184062,8,13,glvCBG-ysdC
ygeW,FALSE,+,3004284,3005474,-0.133557353389984,-0.307417221086848,0.417087435242518,0.0978190212712473,5,3,ygeW
ybbA,FALSE,+,518957,519643,-0.133370318321258,-0.325323378240101,0.0529886997609965,0.186725742337354,3,5,ybbAP
gadY,FALSE,+,3662887,3662991,-0.132211171032231,-0.208258175751552,0.0280873228584823,0,2,1,gadY
yjgH,FALSE,-,4470837,4471232,-0.13211931726412,-0.0656598312521869,0.172759435796194,0.111038022057903,4,2,yjgH
frwD,FALSE,+,4145161,4145502,-0.131861194765143,-0.438643848065548,0.197724504918263,0.182136475286705,2,4,frwD
yfdX,FALSE,-,2491789,2492424,-0.131652364979364,NA,0.227501298543767,NA,2,0,yfdX-frc-oxc-yfdVE
yhdW,FALSE,+,3417171,3418088,-0.131382987042571,-0.270411792731387,0.0429284225899123,0.192109258660155,3,6,yhdWXYZ
fucA,FALSE,-,2931063,2931710,-0.131317490355387,-0.677253603794834,0.0964943807189015,0.660937895528162,6,6,fucAO
flgH,FALSE,+,1134787,1135485,-0.131293629663756,-0.243226441420641,0.0676042898239914,0.208117871756397,5,7,flgBCDEFGHIJ
ybgD,FALSE,-,751452,752018,-0.130866090343604,-0.275225945199077,0.0624156266131385,0.0956861985607745,5,3,ybgD
tabA,FALSE,+,4472885,4473337,-0.130190284093415,-0.215650338437038,0.0612076715002206,0.135341523038766,4,5,tabA
yidH,FALSE,-,3853983,3854330,-0.13003787530663,-0.24516890230532,0.0128568888253818,0.0899385209579317,2,5,yidHGF
rfbX,FALSE,-,2106361,2107608,-0.1299540757319,-0.261632693582881,0.149962638963556,0.0478561857587231,5,4,rfbBDACX
alsE,FALSE,-,4305806,4306501,-0.129660018199336,-0.378717594608241,0.185864031210814,0.111300935761132,7,3,rpiR-alsBACE
ybcC,FALSE,-,565321,565584,-0.129650540935642,-0.342902517539502,0.051361012837622,0.613981193376902,3,7,ybcC
ygaC,FALSE,-,2797672,2798016,-0.129601115264731,-0.195724561252917,0.0593301013931895,0.372731859885688,1,2,ygaC
yiaU,FALSE,+,3750015,3750989,-0.129119749170191,-0.567324883229011,0.0102623418054626,0.161847099935283,3,5,yiaU
ydfI,FALSE,-,1627477,1628937,-0.12911399071216,-0.370100888559289,0.109856905439968,0.702586344956872,6,10,ydfI
ygiC,FALSE,+,3178443,3179603,-0.129098865102519,-0.547434297037361,0.0375285361205009,0.557887276601931,2,11,tolC-ygiABC
nagB,FALSE,-,702034,702834,-0.127981536854112,-0.287747922161791,0.00660612966768992,0.260951557832032,3,6,nagBAC-umpH
bamC,FALSE,-,2595853,2596887,-0.127905643242605,-0.256905350546341,0.147099030446361,0.148751185747182,9,6,dapA-bamC
metL,FALSE,+,4127858,4130290,-0.127663723323327,-0.362703105042563,0.139237052909298,0.242844208056632,10,18,metBL
ybaA,FALSE,+,475896,476249,-0.127566126498261,-0.0717048135067101,0.0429380975458218,0,3,1,ybaA
yfcC,FALSE,+,2415103,2416623,-0.127179299608445,-0.231946312402689,0.108713854593707,0.217370786185654,4,11,yfcC
wcaB,FALSE,-,2130091,2130579,-0.12715130423383,-0.78108062974575,0.0392502843632593,0,3,1,wza-wzb-wzc-wcaAB
mngR,FALSE,-,764376,765098,-0.126816223368803,-0.129651714444873,0.0680081838826614,0.294653843667812,2,5,mngR
ynbD,FALSE,+,1478933,1480225,-0.126107765711142,-0.512323842274966,0.0985603640396117,0.331328449731824,5,16,ynbABCD
yjbM,FALSE,+,4258622,4259329,-0.125727039577139,-0.208567989292737,0,0.00472525146564164,1,3,yjbLM
yeeE,FALSE,-,2082491,2083549,-0.125597490334172,-0.271086584617676,0.0574013725974848,0.281016990276149,4,9,yeeED
modF,FALSE,-,791539,793011,-0.125456138490498,-0.299859103438758,0.153957400247221,0.198279982384617,11,16,modEF
nikD,FALSE,+,3615038,3615802,-0.125204282846698,-0.264331878587926,0.11769023142983,0.270200218681129,5,5,nikABCDER
yidL,FALSE,+,3858276,3859199,-0.124040549024982,NA,0.0476706214275509,NA,5,0,yidL
yfdV,FALSE,-,2487264,2488208,-0.122955804092097,-0.226265408746609,0.171414859380738,0.136269789320705,3,10,yfdX-frc-oxc-yfdVE
xanQ,FALSE,+,3022373,3023773,-0.122884173921018,-0.17851871123459,0.115316979481085,0.315741928679924,10,9,xanQ-guaD-ghxQ
yqhG,FALSE,+,3155672,3156598,-0.121708592302503,-0.270639369240639,0.136812135337251,0.166314665624365,5,8,yqhG
garL,FALSE,-,3270809,3271579,-0.121452155525918,-0.407368259689638,0.15035940151803,0.255137178435771,5,4,garPLRK-rnpB
tomB,FALSE,-,479558,479932,-0.121416224647652,-0.356202639205246,0.230705712303393,0.529673052344219,5,2,tomB-hha
napB,FALSE,-,2296291,2296740,-0.121064480046188,-0.305850462467429,0.135012262298845,0.124639971200419,5,5,napFDAGHBC-ccmABCDEFGH
ygjP,FALSE,+,3233982,3234485,-0.120881196572919,-0.335969932740759,0.123230182058028,0.219829070407077,6,5,ygjP
yhiI,FALSE,-,3627558,3628625,-0.120783128220631,-0.261803224399064,0.158531662341601,0.326338593369275,6,9,yhiI-rbbA-yhhJ
mlc,FALSE,-,1665368,1666588,-0.120603315559525,-0.24344793069266,0.0833717024459769,0.237151852688047,5,12,mlc-ynfK
mscL,FALSE,+,3436046,3436456,-0.119833210651159,-0.618193235734437,0,0.640439295683373,1,3,mscL
yjfC,FALSE,+,4411051,4412214,-0.119405880701563,-0.575807299744601,0.124176938335859,0.682963662762823,4,8,yjfKLMC
cheY,FALSE,-,1965072,1965461,-0.118220689346103,-0.370123712578861,0,0.249218609474583,1,3,tar-tap-cheRBYZ
zapA,FALSE,+,3053634,3053963,-0.117656394210061,-3.54648814491936,0.135108718339251,0,3,1,zapA
galF,FALSE,-,2111458,2112351,-0.117610233433506,-0.121044276135793,0.167751097856482,0.104368272985718,6,5,galF
dtd,FALSE,+,4075038,4075475,-0.117386668823425,-0.340405890113147,0,0.620159436045544,1,3,yihXY-dtd-yiiD
bluF,FALSE,-,1213487,1214698,-0.116755929224483,-0.604593379580388,0.111933813883837,0.352077181531784,4,6,bluF
metI,FALSE,-,220968,221621,-0.116295765842203,-0.473639424068875,0.382962892020137,0.0922945868711768,2,8,metNIQ
chpS,TRUE,+,4446470,4446721,-0.116273844057031,-0.143787180483829,0.0147077338275064,0.136137202345074,1,3,chpSB
puuD,FALSE,+,1359144,1359908,-0.115869484918635,-0.621102592042323,0.0843180970320219,0.283282397970684,3,3,puuDRCBE
ytfA,FALSE,+,4425792,4426118,-0.115746254053373,-0.359976671625352,0.182906017632865,0.439257366849558,2,3,ytfA
torT,FALSE,+,1055484,1056512,-0.115278973509409,-0.37115992178936,0.0743171759999615,0.205806916390842,5,14,torT
ygiL,FALSE,+,3183436,3183987,-0.114729245389627,-0.409290706284349,0.0818690549928746,0.0473942227821517,2,2,ygiL
yhiN,FALSE,-,3634231,3635433,-0.114266073185899,-0.339787324694502,0.0388927358557241,0.260565779735839,1,16,yhiN
dsdC,FALSE,-,2474716,2475651,-0.113376643501124,-0.192259776728305,0.0754098199742179,0.275128048071997,4,6,dsdC
phnN,FALSE,-,4313548,4314105,-0.113050494511014,-0.169282534277215,0.132325462892352,0.265619097231273,4,6,phnCDE_1E_2FGHIJKLMNOP
eutK,FALSE,-,2553250,2553750,-0.112722816035557,-0.558926960366114,0.0578910596503545,0.215327614726822,4,5,eutBCLKR
mcrB,FALSE,-,4575981,4577360,-0.112453555527932,-0.430493438791632,0.258853064150395,0.113466905532563,7,7,mcrBC
prpE,FALSE,+,351930,353816,-0.112117243478519,-0.301027448745599,0.238049573442795,0.202068035643955,11,21,prpBCDE
elaD,FALSE,+,2380735,2381946,-0.111439516353371,-0.376803486629197,0.0664129865303665,0,6,1,elaD
php,FALSE,-,3505734,3506612,-0.11050947145518,-0.253562288147195,0.139199838716511,0.28955377605903,6,5,yhfXW-php-yhfUTS
rsmG,FALSE,-,3921080,3921703,-0.109907849786038,-0.254906257208043,0.117798747793059,0.516697558339692,7,7,asnC-mioC-mnmG-rsmG
cadB,FALSE,-,4356720,4358054,-0.109577567701946,-0.428160854506851,0.0636655960479907,0.117256029295149,4,14,cadBA
yahE,FALSE,+,335149,336012,-0.108741667887044,-0.314428716701971,0.0937288792363588,0.513227602244049,6,9,yahDEFG
proV,FALSE,+,2802837,2804039,-0.108077970773527,-0.178120540042752,0.138053425555954,0.432454223738595,6,9,proVWX
caiF,FALSE,+,34300,34695,-0.107829804228019,-0.515777657681403,0,0.231052183440202,1,4,caiF
csiD,FALSE,+,2787007,2787984,-0.107774151300001,-0.512018891863397,0.137585712285856,0.424541770365165,6,5,csiD-lhgO-gabDTP
yeeN,FALSE,+,2054882,2055598,-0.107445324200276,-0.477923054995652,0.0428064218110895,0.143044123714186,1,4,yeeN
mhpT,FALSE,+,374683,375894,-0.10714685034273,-0.280343777851374,0.15392720178645,0.239168483422665,9,17,mhpT
yehC,FALSE,-,2188948,2189667,-0.106749275543693,-0.479838329533129,0.0875266994160585,0.326525331955809,4,4,yehDCBA
G0-10703,FALSE,-,3365635,3365792,-0.10652679281729,NA,0.0506151796939494,NA,2,0,G0-10703
nrfB,FALSE,+,4287268,4287834,-0.10597251209087,-0.454400794743906,0.0777469009099408,0.265199054121034,3,4,nrfABCDEFG
fis,FALSE,+,3409293,3409589,-0.105863138504004,-0.569528613377569,0,0.594218447636826,1,2,dusB-fis
cspG,FALSE,+,1050684,1050896,-0.105847899911747,0.212964876401154,0.00483067583968431,0,1,1,cspG
rfbA,FALSE,-,2108162,2109043,-0.105461462348742,-0.272282124002699,0.0864669875201151,0.0401575287784746,3,6,rfbBDACX
sbmA,FALSE,+,395863,397083,-0.104500609394693,-0.32603372862843,0.159999340010138,0.294916300379509,7,12,sbmA-yaiW
ybaQ,FALSE,+,507442,507783,-0.104228758078347,NA,0,NA,1,0,ybaQ
ddlA,FALSE,-,399053,400147,-0.103256904759102,-0.393136799125377,0.079288679327007,0.274855466662405,9,11,ddlA
rcdA,FALSE,+,886646,887182,-0.102425992526976,-0.372747472248671,0.0213013314877803,0.268537534704902,2,7,rcdA
ymgH,FALSE,+,1222688,1222909,-0.101736910269556,NA,0.474890248391568,NA,1,0,ymgH-ycgI
trpR,FALSE,+,4630783,4631109,-0.100913348219535,-0.128528398852261,0.46881489203583,0,1,1,trpR
hyfI,FALSE,+,2608728,2609486,-0.100479906690831,-0.2335728816916,0.206341615215184,0.24067204730443,3,9,hyfABCDEFGHIJR-focB
yahC,FALSE,-,333749,334246,-0.100437733506206,-0.287443747948521,0.00012360054879397,0.136342273915553,2,8,yahC
yecH,FALSE,-,1987275,1987514,-0.100183301956461,-2.29148301384707,0.0547409741607595,0,2,1,yecH
yaiS,FALSE,-,383283,383840,-0.100092699782787,NA,0.209407117799184,NA,7,0,yaiS
mntP,FALSE,+,1903712,1904278,-0.0998884741495108,-0.336090676786786,0.264885791989029,0.167856646134352,3,10,mntP
tdcG,FALSE,-,3256307,3257671,-0.0998851571673505,-0.280946856110525,0.184292898511108,0.257809570330414,6,12,tdcABCDEFG
yeaL,FALSE,+,1872376,1872822,-0.099782046572069,-0.296739306447851,0,0.0355245991321454,1,4,yeaL
ibpB,FALSE,-,3864492,3864920,-0.0994894533560854,-0.130560415586541,0.203870608073612,0.502049831361514,2,4,ibpAB
yohD,FALSE,+,2223823,2224401,-0.0994193192606653,-0.259846236468077,0.0153832079683213,0.185452985159562,2,4,yohD
feoC,FALSE,+,3540750,3540986,-0.0980015728858695,-0.264435373136437,0,0.0769294871940551,1,4,feoABC
yabI,FALSE,+,71351,72115,-0.0972553032390078,-0.185629192870398,0.151071863376245,0.311604964738584,1,12,yabI
yfdL,FALSE,-,2469566,2470084,-0.0967182846416852,-0.042968211220748,0.0265331522380246,0.418104510039406,4,5,yfdONMLK
dadX,FALSE,+,1238102,1239172,-0.0966100251546295,-0.300070577935539,0.122670709870495,0.2313835672041,8,11,dadAX
emrB,FALSE,+,2810638,2812176,-0.0963544648335946,-0.221776126349952,0.188138625307078,0.278699769719368,12,16,mprA-emrAB
pqqL,FALSE,-,1570431,1573226,-0.0963021599146846,-0.305562547050044,0.196100351108692,0.376677413950632,8,15,pqqL
dsbC,FALSE,-,3036134,3036844,-0.0959686815198933,-0.60038672148252,0.0624879109180657,0.288762987196201,2,2,xerD-dsbC-recJ-prfB-lysS
lomR_2,FALSE,+,1426838,1427008,-0.0951070237281173,-0.291402598569515,0,0.0194210650277615,1,2,lomR_2-stfR-tfaR
hypA,FALSE,+,2848669,2849019,-0.0944712031515885,-0.343308590512057,0.055020304257241,0.202139094236753,1,4,hypABCDE-fhlA
fimI,FALSE,+,4541751,4542290,-0.0944354163913864,-0.285938974042982,0.145510901120226,0.257286512791644,2,5,fimAICDFGH
citD,FALSE,-,649710,650006,-0.0942235776313362,-0.189143408771565,0.0387039236590128,0,2,1,citCDEFXG
hmp,FALSE,+,2683857,2685047,-0.0936737356677943,-0.387074164172471,0.0419853457294947,0.317589082827332,3,14,hmp
ynbB,FALSE,+,1476250,1477146,-0.0924802106476746,-0.302000145743077,0.209032798629684,0.243984507737397,3,5,ynbABCD
yphD,FALSE,-,2673849,2674847,-0.0922558808244545,-0.401747554892999,0.0967113315294459,0.209082918149774,4,13,yphFED
chbA,FALSE,-,1817479,1817829,-0.0916985594350227,-0.581164948679364,0.23258696897004,0.713988403041471,3,2,chbBCARFG
yedV,FALSE,-,2034818,2036176,-0.0915162906916233,-0.294118071103688,0.0175181215476252,0.151522352164788,4,3,yedWV
yfeS,FALSE,+,2535771,2536505,-0.0910315700184549,-0.531793520435691,0.119071977673421,0.301605026862836,4,3,yfeKS
iclR,FALSE,-,4220827,4221651,-0.0904883432830841,-0.454644537787777,0.1465333184409,0.351463753498605,9,6,iclR
flhA,FALSE,-,1960996,1963074,-0.0880052268548815,-0.261789267604516,0.0697372857439914,0.238597531345419,9,23,flhBAE
C0614,FALSE,-,2651474,2651560,-0.0876693371138759,NA,0,NA,1,0,C0614
wcaA,FALSE,-,2130582,2131421,-0.0875322455467592,-0.329428416631665,0,0.256635900150384,1,9,wza-wzb-wzc-wcaAB
yddG,FALSE,-,1544312,1545193,-0.0865121211003623,-0.129622853639717,0.157758526494964,0.196300683856145,4,7,yddG
sgcR,FALSE,-,4524129,4524911,-0.0859779094082005,-0.477315723586173,0.0417383782473502,0.144422431550432,4,7,sgcXBCQAER
ytjA,FALSE,+,4610133,4610312,-0.0853053189239737,0.135718369477975,0.269519035108839,0.194380371293309,3,4,ytjA
ydaS,FALSE,+,1418389,1418685,-0.0849592117853807,-0.395896991282775,0,0.0218865232841289,1,3,ydaSTUVW-rzpR
ygcS,FALSE,-,2894555,2895892,-0.0841876202080956,-0.256247101224167,0.186077032964928,0.223142604780149,10,12,ygcS
mog,FALSE,+,9306,9893,-0.0836486877141196,NA,0.0324071870827566,NA,3,0,mog
thiH,FALSE,-,4188758,4189891,-0.0835670332231561,-0.367771653289378,0.161025164108347,0.210806655549902,7,17,thiCEFSGH
ykiA,FALSE,+,407833,408174,-0.0835311271818078,-0.362603445813041,0.00999930537104941,0.365743099688763,3,2,ykiA
yieF,FALSE,+,3892675,3893241,-0.0833166963792178,-0.39997525893467,0.059287109975812,0.254355863911353,3,8,yieEF
cynX,FALSE,+,359216,360370,-0.0829005724981885,-0.309820653127172,0.153067191528116,0.261891647237052,8,11,cynTSX
queC,FALSE,-,464076,464771,-0.0823360299073897,-0.172345928878764,0,0.267832895656492,1,9,queC
kbaZ,FALSE,+,3276936,3278216,-0.0820045835004512,-0.226362280904187,0.176769716706896,0.234030953100967,9,7,kbaZ-agaVWA
ccmC,FALSE,-,2293605,2294342,-0.0818870114508528,-0.229993706654954,0.0956849808263901,0.219037527846091,4,9,napFDAGHBC-ccmABCDEFGH
cobC,FALSE,-,668519,669130,-0.0817119951413542,-0.101778749768819,0.0867631274863121,0.0932499766315746,7,3,leuS-lptE-holA-nadD-cobC
alkA,FALSE,-,2144716,2145564,-0.081656445783389,-0.412689974534347,0.104536791903532,0.64871753176551,7,7,alkA
fecR,FALSE,-,4514787,4515740,-0.0812028385517124,-0.484958408574053,0.11165518532226,0.289909384696387,11,10,fecIR
ydiQ,FALSE,+,1777641,1778405,-0.0803753319370914,NA,0.171093434988188,NA,2,0,ydiQRST-fadK
ynbE,FALSE,+,1443711,1443896,-0.079983540197069,-0.4714213762548,0,0,1,1,ydbH-ynbE-ydbL
ftsN,TRUE,-,4120403,4121362,-0.0777774642490192,-0.00767320015378993,0.16668916581682,0.0973243792773822,6,6,ftsN
glf,FALSE,-,2105250,2106353,-0.0771979417804326,-0.508578725164397,0.0183157497366188,0.444021450381097,4,8,glf-wbbH
yehD,FALSE,-,2189702,2190244,-0.0770481070181788,-0.363080456587881,0,0.169560342998912,1,3,yehDCBA
yoaK,FALSE,+,1876797,1876895,-0.0763428781490012,NA,0,NA,1,0,yoaK
ygaM,FALSE,+,2798168,2798497,-0.0745021092590054,0.0837921142289911,0.118831028161288,0,4,1,ygaM
yibI,FALSE,-,3769405,3769767,-0.0743544744570966,-1.0118681441216,0.121526466633607,0,3,1,yibIH
thpR,FALSE,-,161501,162031,-0.0740987818909531,0.067586239818327,0.20578779282808,0.0314085795218665,7,3,thpR
cysP,FALSE,-,2540534,2541550,-0.0737778229309149,-0.29036093710561,0.270676618843207,0.220106255580741,7,8,cysPUWAM
yfdF,FALSE,+,2461034,2462092,-0.0736994855448041,-0.149902532446905,0.0381956593609115,0.459487114345264,2,2,yfdF
mdtI,FALSE,-,1670844,1671173,-0.0736543797887605,-0.453912022341323,0.00910744330442281,0.430904030317516,2,6,mdtJI
rseB,FALSE,-,2705820,2706776,-0.0732928529428876,0.0277104356209022,0.0998418193754793,0.145839003663288,4,7,rpoE-rseABC
torD,FALSE,+,1061022,1061621,-0.0732220127091698,-0.270035648566599,0,0.313959574314507,1,3,torCAD
torC,FALSE,+,1057307,1058479,-0.0728781427658461,-0.151142829915948,0.131642541533224,0.310706289414353,5,7,torCAD
dhaL,FALSE,-,1248348,1248980,-0.0726122644676183,-0.299819692193838,0.0459674722021305,0.607882818266815,2,4,dhaKLM
ycbV,FALSE,+,1002662,1003177,-0.0711268336509271,-0.590309502223085,0,0.212759235977045,1,5,elfDCG-ycbUVF
ybeQ,FALSE,-,674793,675770,-0.0700099379408386,-0.0522632400435197,0.103270460187127,0.314074380620024,4,4,ybeQ
yidI,FALSE,+,3854438,3854887,-0.0691242822719198,-0.480856216185616,0.0739361994818334,0.378998436614589,3,2,yidI
tdk,FALSE,+,1292750,1293367,-0.0686328078878007,-0.250022796848745,0,0.215617767489785,1,2,tdk
bioD,FALSE,+,811493,812170,-0.0685233405904679,-0.604136922819287,0.115920416475677,0.302343719883465,3,4,bioBFCD
fimC,FALSE,+,4542327,4543052,-0.0683831333084447,-0.229419124326046,0.0508637481350644,0.0948335773976629,4,5,fimAICDFGH
yigE,FALSE,-,3998315,3999079,-0.0670019895204846,-0.00538133788293486,0.0547181655247338,0.202426878593852,2,6,yigE
yigF,FALSE,-,4000442,4000822,-0.0662628187047031,-0.803725310902583,0.117733549430087,0.179417821258581,3,2,yigGF
ygjQ,FALSE,+,3234562,3235254,-0.0659462428872663,-0.912000156332474,0.0405207519432995,0.0157021094159813,3,3,ygjQ
ymfE,FALSE,-,1196756,1197460,-0.0652929063439332,-1.64652165698505,0.0894219484144869,0,2,1,ymfED
agaW,FALSE,+,3278723,3279124,-0.0625812584147277,-0.215408257646027,0.32087851928446,0.169714598554831,3,5,kbaZ-agaVWA
cysD,FALSE,-,2873443,2874351,-0.0617692745882165,-0.247695474072303,0.0394880854237492,0.327607087483952,3,5,cysDNC
yccF,FALSE,-,1023125,1023571,-0.0600456468507072,-0.41783447886266,0.0244515005906558,0.697500175563793,3,2,yccFS
mntH,FALSE,-,2509490,2510728,-0.0596177033785408,-0.505026753502396,0.116272553215169,0.422187263000408,2,12,mntH
ybdO,FALSE,-,635939,636841,-0.0593518592112742,-0.117660426095376,0.130843471637102,0.173483299385753,4,2,ybdO
emtA,FALSE,+,1242403,1243014,-0.0579974936396885,-0.155126620230169,0.192566214612572,0.30137186458523,4,5,emtA
fliL,FALSE,+,2017642,2018106,-0.0568272316977129,-0.364991275733255,0,0,1,1,fliLMNOPQR
ydeJ,FALSE,+,1622797,1623315,-0.0561376076177016,-0.296551653866493,0.08672758254642,0.341012723578449,4,4,ydeJ
yedZ,FALSE,+,2038507,2039142,-0.0551346796423774,-0.295515837135153,0.217729122440551,0.358940977315418,5,3,yedZ
fimA,FALSE,+,4541138,4541686,-0.0549225781407995,-0.405024221025942,0.192047679188719,0.280659497283986,6,4,fimAICDFGH
cueR,FALSE,+,513217,513624,-0.0547685593268611,-0.396515775779923,0,0.371781400480492,1,4,cueR
cnu,FALSE,+,1702973,1703188,-0.0545860734681437,-0.15168872415916,0,0,1,1,cnu
yedX,FALSE,+,2036980,2037393,-0.0545387545417357,-0.186318563423553,0.156375993342234,0.425848928595737,2,3,yedX
nagZ,FALSE,+,1163318,1164343,-0.0545323982245501,-0.522478798588074,0.107631403686329,0.310588211690715,2,5,hinT-ycfL-lpoB-thiK-nagZ-ycfP
lsrF,FALSE,+,1604124,1604999,-0.0544938108314238,-0.469004520048345,0.0576382263984684,0.315160611249604,6,7,lsrACDBFG-tam
agaC,FALSE,+,3282707,3283510,-0.0543970610069959,-1.29237661286032,0,0.932327006585232,1,3,agaS-kbaY-agaBCDI
guaC,FALSE,+,113444,114487,-0.0541240990865943,-0.248279381317742,0.424479766471457,0.244821498727156,3,10,guaC
ycbK,FALSE,+,982298,982846,-0.0538021774723085,-0.124089411579113,0.140161689728962,0.147552850692919,5,2,ycbK-gloC
chbB,FALSE,-,1819323,1819643,-0.0523968355064056,-0.483778631294223,0,0.981896064589702,1,3,chbBCARFG
yjeN,FALSE,+,4383416,4383730,-0.0516703558408336,-0.74170415137623,0.222553105848156,0.144295263526943,2,2,yjeNO
yidQ,FALSE,+,3865751,3866083,-0.0511542906108107,-0.172721503820935,0.0902797470213773,0.143290105406103,4,7,yidQ
ycgJ,FALSE,+,1225823,1226191,-0.0508440503344912,-1.0342017915649,0.215221232138665,0.555314944805842,1,2,ycgJ
yojI,FALSE,-,2304994,2306637,-0.0508264222801364,-0.445605241326645,0.276456161984497,0.439776689937731,6,12,yojI
yjtD,FALSE,+,4638965,4639651,-0.0498883457094129,-0.47724997977701,0.236671015166096,0.30123091168329,4,6,yjtD
ykgG,FALSE,+,322982,323677,-0.0491939834788307,-0.310810088615435,0,0.459261414897286,1,4,ykgEFG
dicC,FALSE,-,1645644,1645874,-0.0487350306248473,-0.342217202776949,0,0.481107771547595,1,3,dicC-ydfXW
ychS,FALSE,+,1285932,1286207,-0.0474454759484245,NA,0.123306008752984,NA,3,0,ychS
ybaO,FALSE,+,467607,468065,-0.0444728141020535,-0.561413230817744,0.188467416617072,0.112822261827198,2,4,ybaO
yfjI,FALSE,+,2757007,2758416,-0.0444178236657169,-0.291492168513965,0.158457805529339,0.261416922674471,3,9,yfjI
ytfI,FALSE,+,4435730,4436668,-0.0434396372978259,-0.14169580008944,0.152154867576563,0.0897225559070951,7,2,ytfI
araE,FALSE,-,2978786,2980204,-0.0434284520077177,-0.274706882342354,0.000177297158803033,0.197031747348459,3,7,araE-ygeA
ytfH,FALSE,+,4432136,4432516,-0.0423588356031717,-0.296906704393015,0.0211353394826295,0.312376035195352,3,3,ytfH
hisJ,FALSE,-,2424028,2424810,-0.0411585376109541,-0.901273820811403,0.0992052392549033,1.03770399377345,2,5,argT-hisJQMP
relA,FALSE,-,2909439,2911673,-0.0408124288492515,-0.311508874154521,0.15554334463873,0.228926436459296,11,16,relA-mazEFG
dicB,FALSE,+,1647633,1647821,-0.038626340966933,-0.237664411198361,0.0655312200307549,0.103100056008215,1,2,dicB-ydfDE-insD-intQ
insN-1,FALSE,+,269466,269870,-0.0379115834448545,-0.76699753513197,0.18721624225702,0.30310012582205,4,2,insN-1I-1O-1
yhaB,FALSE,+,3265876,3266415,-0.0371202365662299,-0.213801211330103,0,0.0646079288198024,1,3,yhaBC
nikE,FALSE,+,3615799,3616605,-0.037018431727874,-0.329484860222969,0.0673610551001829,0.287728140076907,10,9,nikABCDER
yadL,FALSE,-,151626,152231,-0.0357348895590216,-0.518591225493808,0.0362155212520749,0.420731502614945,3,5,yadMLKC
yghU,FALSE,+,3136749,3137615,-0.0345117278880295,-0.470811656363526,0.0934621528910775,0.210633964022254,6,11,yghU
flgM,FALSE,-,1129058,1129351,-0.0343135554731456,-0.444774157308419,0,1.0130926958488,1,2,flgAMN
ycbL,FALSE,+,982873,983520,-0.0337067637543641,-0.316478018732493,0.246199481420534,0.328885103791568,5,5,ycbL
ybhQ,FALSE,+,823853,824263,-0.0333128742449929,-0.288659943282173,0.0127791545211905,0.0939073383523504,2,5,ybhQ
mltC,FALSE,+,3102455,3103534,-0.0303313874517199,-0.218124481112523,0.0562388761446136,0.176783146064924,5,9,mutY-yggX-mltC-nupG
ycbJ,FALSE,+,970975,971868,-0.0299685300323165,-0.318387084992017,0.179933883893353,0.405296867477517,4,12,ycbJ
yeeY,FALSE,-,2085353,2086282,-0.0294821084343351,-0.349855439520383,0.0730423403103201,0.286107139547638,5,9,yeeY
alpA,FALSE,+,2756666,2756878,-0.0287877096594612,NA,0.180511112107878,NA,2,0,alpA
chaB,FALSE,+,1271342,1271572,-0.0280983435027657,NA,0,NA,1,0,chaBC
yhfY,FALSE,-,3509082,3509444,-0.0256076558518316,-0.172918829824294,0.0405999357726742,0.375448105324054,2,4,yhfZY
slyA,FALSE,-,1718414,1718848,-0.0251774710810185,-0.216625793201793,0.126155048135558,0.0164116708149972,3,4,slyA
yjiT,FALSE,+,4570437,4571954,-0.0246403751127643,-0.417439424964937,0.104469614139221,0.316978608337835,5,13,yjiT
yegP,FALSE,+,2163213,2163545,-0.0237274511197922,-0.533676101462509,0,0.420263893868926,1,3,yegP
speE,FALSE,-,135598,136464,-0.0234657390848357,-0.156248469900418,0.125777315698068,0.114257432760686,2,4,yacC-speED
ydfX,FALSE,-,1645370,1645660,-0.0224099350212928,-0.31189522346858,0,0.588648832018912,1,3,dicC-ydfXW
narL,FALSE,-,1274402,1275052,-0.022262900621182,-0.417647794924657,0.175540366567803,0.195674413561059,9,3,narXL
ydjH,FALSE,-,1854005,1854952,-0.0195464007291894,-0.298883889714988,0.0128996161929534,0.627858626504772,3,5,ydjLKJIHG
yeeT,FALSE,+,2074841,2075062,-0.0194678162153582,-0.44128226026877,0.249241288302378,0,2,1,yeeRST-cbeA-cbtA-yeeW
gatA,FALSE,-,2172619,2173071,-0.0193394344736072,-0.41184528735748,0.192110711847118,0.000253742475476508,2,2,gatYZABCD
msrC,FALSE,-,1913655,1914206,-0.0186755684213965,-0.139592271180462,0,0.116601599530438,1,2,msrC
dpiA,FALSE,+,653085,653765,-0.0179922691191771,-0.333981518188537,0.112053120259952,0.1948630235165,8,3,dpiBA
yqjD,FALSE,+,3247397,3247702,-0.0160971130777073,-0.4398597414059,0,0.0128579967653157,1,2,yqjCDEK
yfbO,FALSE,+,2386603,2387079,-0.0152564628414751,-0.254326584170125,0.340402363489237,0,3,1,yfbO
yfbU,FALSE,-,2410122,2410616,-0.0140987426385846,-0.269251685328315,0.145152955115717,0.282313720379774,3,3,yfbUT
ygcN,FALSE,+,2890679,2891950,-0.0136779162701062,-0.39549294635429,0.0301772494460028,0.214285609780506,5,7,ygcNOP
wbbK,FALSE,-,2101415,2102533,-0.0130173266599742,-0.184297515172505,0.141024945692302,0.368979127951395,3,5,wbbIJK
ycbF,FALSE,+,1003170,1003880,-0.0119247442534966,-0.726449624005637,0.0405117856466706,0.372820647415291,3,3,elfDCG-ycbUVF
bcsF,FALSE,+,3696049,3696240,-0.0105046805969062,NA,0,NA,1,0,bcsEFG
dcuA,FALSE,-,4363495,4364796,-0.00945284681945555,-0.553438035376208,0.0962034867880813,0.33002909281411,8,11,aspA-dcuA
ypjB,FALSE,-,2781660,2782451,-0.00900575824188608,-0.373074255207915,0,0.173518396850523,1,3,ypjB
proX,FALSE,+,2805154,2806146,-0.00871408022695926,-0.297330370436242,0.0835484321070278,0.182998081855381,5,5,proVWX
phnC,FALSE,-,4322400,4323188,-0.00446936676405142,-0.314772056703622,0.0767944604472201,0.0924417056246342,7,5,phnCDE_1E_2FGHIJKLMNOP
ydiE,FALSE,+,1787637,1787828,-0.00417281732991818,NA,0,NA,1,0,ydiE
emrA,FALSE,+,2809449,2810621,-0.000758762078906572,-0.338163686366802,0.190706990202768,0.213710705676381,10,10,mprA-emrAB
deoR,FALSE,-,881199,881957,0.00306043198511357,-0.455619650742803,0.135704127890328,0.307990010413445,6,3,deoR
yeaQ,FALSE,-,1877031,1877279,0.00323094026600009,-0.191654617173397,0,0,1,1,yeaQ
yfbN,FALSE,-,2385732,2386448,0.00411230683393919,-0.18268392987274,0,0.0424290939163747,1,3,yfbN
ybeL,FALSE,+,674241,674723,0.004309541187403,-0.233021243953001,0.0645885701690499,0.0775962405730011,1,5,ybeL
cedA,FALSE,-,1811445,1811687,0.00433573928798436,-0.284884640614454,0,0,1,1,cedA
ylbG,FALSE,-,528869,529240,0.00600760340286239,-0.200098165162096,0.0361401600605314,0.0866892985405856,1,4,ylbG
prc,FALSE,-,1910792,1912840,0.00668095336319894,-0.054224902686711,0.205605842928888,0.391964704343269,13,17,proQ-prc
pyrD,FALSE,+,1003991,1005001,0.00920347275431518,-0.267284336262138,0.165885024496838,0.231693896391248,9,10,pyrD
wcaC,FALSE,-,2128877,2130094,0.00987928478203916,-0.296742637243816,0.144072753576265,0.19258296182981,5,13,wcaCDEF-gmd-fcl-gmm-wcaI-cpsBG-wcaJ-wzxC
sdaB,FALSE,+,2927598,2928965,0.0122831413538794,-0.263508582976503,0.136068641895032,0.299595601108018,5,16,sdaCB
yddK,FALSE,-,1542782,1543738,0.0135307265522678,-0.670506793056823,0.247919913837218,0.480461931740852,5,2,yddLKJ
yqjC,FALSE,+,3246991,3247359,0.0155615365651867,-0.395974764968986,0.0500594182050136,0.0884455780763007,2,2,yqjCDEK
ybhB,FALSE,-,806656,807132,0.0156809580936075,-0.258457726875062,0.0202955840974765,0.349762256990262,3,5,ybhB
ybiI,FALSE,-,837413,837679,0.0179633794929809,-0.531605188499539,0.4348564582066,0.230303995219041,2,2,ybiI
adhP,FALSE,-,1550852,1551862,0.0224311638540645,-0.329469271197326,0.0548131503310468,0.282028886137286,2,11,adhP
frwB,FALSE,+,4141647,4141967,0.0236925259223101,-0.221653281067606,0,0.35306757061616,1,3,frwCB
yadI,FALSE,+,144577,145017,0.0256310086599597,-0.359846908533768,0.066517232734177,0.471927531685623,3,4,yadI
cysC,FALSE,-,2871409,2872014,0.0285926589753731,-0.388019042845264,0.0105780303727641,0.211592558000412,3,7,cysDNC
yhiD,FALSE,-,3653278,3653925,0.029251555374285,-0.505965751351907,0,0.459960046229477,1,7,hdeAB-yhiD
oxyS,FALSE,-,4156308,4156417,0.0295708164009315,NA,0.0974825826858068,NA,2,0,oxyS
yifO,FALSE,-,3958035,3958310,0.0322762063041246,-0.549735033953546,0,0,1,1,yifNO
C0299,FALSE,+,1229852,1229930,0.0329641932151889,NA,0.106469112089258,NA,1,0,C0299
yfgH,FALSE,+,2627814,2628332,0.0331027177999558,-0.0260858287553837,0.0659254615327733,0.233786736992513,4,4,yfgHI
waaU,TRUE,-,3796262,3797335,0.0342641715763889,-0.186967519345253,0.0940121573684234,0.445342668844772,2,2,waaQGPSBOJYZU
yfcV,FALSE,-,2453105,2453668,0.0349034425616453,-0.450347449513027,0.038457377370435,0.0400688342144148,2,3,yfcV
yeaD,FALSE,+,1861874,1862758,0.0362264604591279,-0.301897366081798,0.324272862517656,0.029131857534707,2,4,gapA-yeaD
yhfG,FALSE,-,3489475,3489642,0.036431018519226,-0.590119629337114,0.410334638932093,0,2,1,yhfG-fic-pabA
ybjO,FALSE,+,897212,897700,0.0439279344063676,-0.631723585489904,0,0.32734182776459,1,3,ybjO-rlmC
kefF,FALSE,+,47246,47776,0.0444764533363079,-0.540964432141892,0.118647487609668,0.0862479845718906,3,6,kefFC
yafT,FALSE,+,237335,238120,0.0471570460239745,-0.466665407407417,0.0204796925780045,0.176647538264588,2,2,yafT
sgrS,FALSE,+,77367,77593,0.0487892880557816,NA,0,NA,1,0,sgrST-setA
rlmA,FALSE,-,1904275,1905084,0.0488529314172241,-0.467229097430017,0.0915723848581253,0.530956879214955,3,3,rlmA
ybiX,FALSE,-,837753,838430,0.0493153114779393,-0.807092214338931,0.0849983866921832,1.12903781108515,3,2,ybiX
G0-10699,FALSE,+,1994930,1995121,0.0500637956454226,NA,0,NA,1,0,G0-10699
alkB,FALSE,-,2306713,2307363,0.0512256843807319,-0.261936322553172,0,0.154564724339645,1,7,ada-alkB
sfmF,FALSE,+,562553,563068,0.0568061395913922,-0.552966399437059,0.0541296279010771,0.150144380745835,3,6,sfmHF
yaiZ,FALSE,+,398817,399029,0.0574120987827169,-0.253707491766587,0.0209714407919314,0.295589365066941,2,5,yaiZ
betB,FALSE,-,326485,327957,0.061293102598172,-0.287190331611926,0.23043535936633,0.330555519732033,7,14,betIBA
ydgC,FALSE,-,1679719,1680054,0.0634336725826042,-0.158912734875103,0,0.486091921750043,1,4,ydgC
yncI,FALSE,+,1528610,1529356,0.0643110951889693,0.00768411267245586,0.330915066792346,0.0673311263852588,2,3,yncI
ais,FALSE,-,2363040,2363642,0.0656189146809456,-0.41216389452933,0.292257114432296,0.169894389656437,3,4,ais
potI,FALSE,+,896307,897152,0.0661818096866226,-0.46079640757014,0.0763936265991346,0.373136961588696,4,10,potFGHI
ydfR,FALSE,-,1638078,1638389,0.0685082097415058,-0.209471670935705,0,0,1,1,essQ-ydfR-rrrQ-ydfP
yafC,FALSE,-,229967,230881,0.0715187305869408,-0.137370013855806,0.0655730629358026,0.0467782780983516,2,7,yafC
gltJ,FALSE,-,685152,685892,0.0748517679048799,-0.577165860436566,0.0463888153022031,0.314171533291357,3,2,gltI-sroC-gltJKL
ccmD,FALSE,-,2293399,2293608,0.0778177402242727,-0.438642738316159,0,0,1,1,napFDAGHBC-ccmABCDEFGH
elaB,FALSE,-,2378744,2379049,0.0814641371325113,-0.227020987257757,0,0.216542059928311,1,5,elaB
fabR,FALSE,+,4159090,4159794,0.0844028195970825,-0.311139862824407,0.145729501805383,0.118274389662975,6,5,fabR-yijD
hofM,FALSE,-,3519994,3520773,0.0850840208896269,-0.73088099555797,0,0.350040691517234,1,7,hofMNOP
yahH,FALSE,+,339017,339313,0.085088480092413,NA,0,NA,1,0,yahH
spy,FALSE,-,1823164,1823649,0.0878290522978115,-0.713168681287406,0.174149711855114,0.0924214405442426,2,4,spy
loiP,FALSE,+,3079935,3080693,0.0954498300933362,-0.436542527191982,0.0159577672568561,0.347046527428913,4,6,loiP
uspD,FALSE,+,4111316,4111744,0.0968132624133748,-0.237577037840426,0.18785288146282,0.0758407769569108,2,2,yiiS-uspD
entA,FALSE,+,627774,628520,0.10078516904082,-0.30933595745513,0,0.256344758627637,1,9,entCEBAH
hypC,FALSE,+,2849886,2850158,0.105273404975203,-1.23061871083118,0,0.732926676547533,1,2,hypABCDE-fhlA
yfcI,FALSE,-,2420671,2421561,0.106691416476185,-0.447394005770222,0,0.178382904274961,1,5,yfcI
narW,FALSE,-,1534638,1535333,0.111655532094931,-0.681950379552338,0.00387014945804801,0.297098905111175,2,7,narZYWV
rydB,FALSE,-,1762737,1762804,0.118317565426965,NA,0,NA,1,0,rydB
intR,FALSE,-,1410024,1411259,0.118318311643913,-0.369421260078928,0.0258595687404302,0.461970390802285,4,9,recET-ralR-ydaC-xisR-intR
mepS,FALSE,+,2268001,2268567,0.12389847766594,-0.289007366064169,0,0.147168550250966,1,7,mepS
proQ,FALSE,-,1912860,1913558,0.125307645531556,-0.120024833100854,0.0766294778609133,0.148033478913506,5,5,proQ-prc
yibG,FALSE,+,3766200,3766661,0.129399185071553,-0.0712131721586806,0.149536491669539,0.18040333388717,2,2,yibG
evgA,FALSE,+,2481777,2482391,0.131615594275449,-0.756613631977149,0,0.973769628420332,1,2,evgAS
G0-10700,FALSE,-,2276280,2276520,0.134690049967403,-0.207558940207727,0.0773871507837837,0.206041024075236,2,2,G0-10700
C0465,FALSE,+,1970763,1970840,0.13746217616463,-0.198452689062053,0.220326604095192,0,2,1,C0465
wbbI,FALSE,-,2103089,2104081,0.143252107709665,-0.825388457004123,0.000607580903169064,0.611731192705771,3,5,wbbIJK
micC,FALSE,+,1435145,1435253,0.143956319348552,-0.00248226035629947,0,0,1,1,micC
yjiP,FALSE,+,4567021,4567332,0.146568859550157,-0.0917264115573346,0.0841306162323784,0,1,1,yjiPQ
yjjY,FALSE,+,4638425,4638565,0.146911860233216,-1.55690638068801,0,0,1,1,yjjY
ydcL,FALSE,+,1500481,1501149,0.151492752414928,-0.465382925256009,0.165923196715307,0.220363511064533,2,4,ydcL
gatZ,FALSE,-,2173081,2174343,0.159418416978511,-0.143899468136709,0.0354975284850551,0.417967779023412,3,9,gatYZABCD
yhbP,FALSE,-,3297494,3297937,0.163285469179997,-0.757186384832794,0.16847641974816,0.408106752935351,2,5,yhbP
yjeI,FALSE,+,4370832,4371185,0.174008723396128,-0.706200800423555,0,0.26752689834296,1,2,yjeI
mcaS,FALSE,-,1403683,1403775,0.175645650720912,NA,0.206388934560198,NA,1,0,mcaS
frmR,FALSE,-,378830,379105,0.176359852036889,-0.504513828332637,0,0.477894455645071,1,7,frmRAB
folD,TRUE,-,556098,556964,0.19650144784481,-0.199025330208184,3.06943904703619,0.295000817349118,1,7,folD-ybcJ
csdE,FALSE,+,2942564,2943007,0.204977933592509,-0.219578309328007,0,0.0936436420317787,1,5,csdAE
gatC,FALSE,-,2170945,2172300,0.208456064951658,-0.217671030858817,0.110730222252782,0.27816172022063,7,14,gatYZABCD
greA,FALSE,-,3326261,3326737,0.208672685701087,-0.389632196131282,0.0775044532240071,0,2,1,greA
cspF,FALSE,+,1639879,1640091,0.211109225656176,NA,0.241576176754798,NA,3,0,cspF
ygbE,FALSE,-,2871036,2871359,0.211432717934402,-0.539871053675968,0.152439274459812,0.325484666351459,2,2,ygbE
dppC,FALSE,-,3701882,3702784,0.21569540194289,-0.296205617349878,0.295859878609813,0.35478260967832,2,12,dppABCDF
ysaA,FALSE,-,3739132,3739605,0.218397800113426,-0.355302271904007,0,0.262884818073545,1,6,ysaA
ptsP,FALSE,-,2964210,2966456,0.222210409893822,-0.217153355330598,0.21475070495954,0.118007852962874,9,13,rppH-ptsP
hisQ,FALSE,-,2423252,2423938,0.231709559972999,-0.567371031223956,0.143201714751854,0.151650106157801,2,8,argT-hisJQMP
yfgD,FALSE,+,2615600,2615959,0.236994453943239,-0.849525821212422,0.268316328782172,0,2,1,bepA-yfgD
sibC,FALSE,+,3054873,3055013,0.247813131893392,-0.283516911679143,0,0,1,1,sibC
ompF,FALSE,-,985117,986205,0.248046899017366,0.124502532089468,0.17981617650568,0.400429236934897,2,7,ompF
osmY,FALSE,+,4609419,4610024,0.251970591123793,-0.449514787587817,0,0.0835970625559552,1,6,osmY
dsrA,FALSE,-,2023251,2023337,0.288706062870672,0.0402003441461497,0,0,1,1,dsrA
yghG,FALSE,-,3111089,3111499,0.317733764458724,-0.630507301451869,0.111071651016599,0,1,1,yghG
ydaU,FALSE,+,1419143,1420000,0.318928845759284,-0.298745019971248,0,0.186264274887559,1,8,ydaSTUVW-rzpR
argZ,FALSE,-,2816081,2816157,0.384715225768478,NA,0,NA,1,0,serV-argVYZQ
lysZ,FALSE,+,780592,780667,0.428780758377419,NA,0.526103784938776,NA,1,0,lysZ
ycaR,FALSE,+,969896,970078,NA,-7.48379170639503,NA,0,0,1,ycaR-kdsB
yahL,FALSE,+,343400,344215,NA,-0.67880861825901,NA,0.43420179089517,0,3,yahL
mraZ,FALSE,+,89634,90092,NA,-3.37971997896879,0,4.05875271494926,0,2,mraZ-rsmH-ftsLI-murEF-mraY-murD-ftsW-murGC-ddlB-ftsQAZ-lpxC
argX,FALSE,+,3980398,3980474,NA,-5.68416379673254,0,0,0,1,argX-hisR-leuT-proM
ppiB,FALSE,-,553166,553660,NA,-0.291640673480455,1.96808128873223,0.18437318786889,0,5,ppiB-lpxH
ygeK,FALSE,-,2992482,2992925,NA,-4.80173645135529,NA,0,0,1,ygeLK
yibJ,FALSE,+,3765244,3765945,NA,-3.99553475714902e-05,NA,0.193798096816414,0,4,yibJ
ubiJ,FALSE,+,4017647,4018252,NA,-2.77340347560138,NA,1.23926228500305,0,2,ubiEJB
yfeY,FALSE,-,2548663,2549238,NA,-0.644801084218658,0.221736477080355,0.202470361691111,0,7,yfeYX
rplP,TRUE,-,3446781,3447191,NA,-1.23114527960241,NA,0.876085786103012,0,5,rpsJ-rplCDWB-rpsS-rplV-rpsC-rplP-rpmC-rpsQ
C0664,FALSE,+,2833077,2833189,NA,-2.57721719445756,0,0,0,1,C0664
gspI,FALSE,+,3459996,3460373,NA,-0.574389495080721,NA,0.166634579707953,0,5,gspCDEFGHIJKLMO
paaB,FALSE,+,1452892,1453179,NA,-0.348210086255725,NA,0.1675299828697,0,3,paaABCDEFGHIJK
tufA,FALSE,-,3468167,3469351,NA,-2.40916081061303,NA,0,0,1,rpsLG-fusA-tufA
yaaY,FALSE,+,21181,21399,NA,-2.40124640448941,NA,0,0,1,yaaY
yffN,FALSE,+,2559632,2560015,NA,-0.888167874462363,NA,0.278049023025879,0,5,yffMN
hokD,FALSE,-,1643143,1643298,NA,-0.60615341212493,NA,0.275393729431715,0,4,relBE-hokD
tatA,FALSE,+,4019968,4020237,NA,-1.33418628382499,NA,1.27625663227816,0,2,tatABCD
rplT,TRUE,-,1797417,1797773,NA,-1.23567667730348,NA,1.41239522157207,0,2,thrS-infC-rpmI-rplT-pheMST-ihfA
hupB,FALSE,+,460675,460947,NA,-2.14548242023564,NA,0,0,1,hupB
yjbR,FALSE,+,4268681,4269037,NA,-1.20363530861883,NA,1.35346199795672,0,2,yjbQR
yaeH,FALSE,-,183709,184095,NA,-1.05037883469258,0,1.4827914267508,0,2,yaeH
rpmF,FALSE,+,1146590,1146763,NA,-1.98300451087545,NA,0,0,1,yceD-rpmF-plsX-fabHDG-acpP-fabF
yodC,FALSE,-,2026212,2026394,NA,-0.890565923955619,NA,0.521727749232918,0,4,yodC
otsB,FALSE,-,1979611,1980411,NA,-0.551008493193051,NA,0.192023370943986,0,5,otsBA
yhdV,FALSE,+,3416412,3416633,NA,-0.511264723413949,NA,0.44528514932234,0,6,yhdV
yohO,FALSE,+,2213679,2213786,NA,-1.72142886157489,NA,0,0,1,yohO
lolA,TRUE,+,936592,937206,NA,-0.312993414970885,0,0.231212575478012,0,5,lolA-rarA
ybgE,FALSE,+,773532,773825,NA,-0.639644975543808,NA,0.417531261221741,0,6,cydX-ybgE
ychE,FALSE,+,1297821,1298468,NA,-0.292849119046721,NA,0.168532149797172,0,7,ychE
yceM,FALSE,+,1126029,1126952,NA,-0.34076008067308,NA,0.327031846245701,0,7,yceM
chbG,FALSE,-,1814410,1815159,NA,-0.524409260253754,NA,0.225701794686708,0,9,chbBCARFG
gntK,FALSE,-,3575088,3575615,NA,-0.532557989520394,NA,0.266290403440951,0,5,gntRKU
ydfW,FALSE,-,1645198,1645347,NA,-1.4645205493104,NA,0,0,1,dicC-ydfXW
gatB,FALSE,-,2172304,2172588,NA,-0.461783729972642,NA,1.48412594312347,0,2,gatYZABCD
cbrC,FALSE,+,3896045,3896632,NA,-0.863254816042068,NA,0.876209213340369,0,3,cbrBC
yqaA,FALSE,-,2814534,2814962,NA,-0.712662779018148,NA,0.383498249165497,0,4,yqaBA
yejG,FALSE,-,2275915,2276259,NA,-0.154614578763948,0,0.11585243488075,0,4,yejG
ymfA,FALSE,-,1180487,1180948,NA,-0.936296277631776,NA,0.669754910743297,0,3,ymfA-ycfZ
bssR,FALSE,+,877471,877854,NA,-0.87384690059648,0.0579206646936022,0.742091724991552,0,2,bssR
sibB,FALSE,+,2151670,2151805,NA,-1.35649065507904,NA,0,0,1,sibB
yjaB,FALSE,-,4211703,4212146,NA,-0.394737998536209,NA,0.132980512662517,0,5,yjaB
yfdI,FALSE,+,2467153,2468484,NA,-0.114019237517937,NA,0.0682654580883224,0,3,yfdGHI
ydcZ,FALSE,-,1515906,1516355,NA,-0.352751917374266,NA,0.420094360038918,0,5,mnaT-ydcZ
yaiY,FALSE,-,398249,398557,NA,-0.540271451476593,0.0221222171535802,1.04152542618464,0,2,yaiY
rimJ,FALSE,+,1124785,1125369,NA,-0.368861136695049,NA,0.202752855764198,0,6,rimJ
ypjC,FALSE,-,2782551,2783033,NA,-1.21531102507375,NA,0,0,1,ypjC
yaiV,FALSE,+,393685,394353,NA,-0.143927942786807,NA,0.458239762611121,0,7,yaiV
csrC,FALSE,+,4049059,4049303,NA,-0.133746053063039,0,0.433987284455261,0,4,csrC
yiiF,FALSE,+,4077774,4077992,NA,-0.461350943918963,NA,0.175256127866345,0,3,yiiF
tpke70,FALSE,-,2494216,2494651,NA,-1.07998172229057,0,0.0908154564575079,0,2,tpke70
ymfT,FALSE,+,1202247,1202447,NA,-0.685803456508182,NA,0.590444250581471,0,3,ymfTLMNROPQ-ycfK-ymfS
omrB,FALSE,-,2974326,2974407,NA,-1.0465211509208,0,0,0,1,omrB
nohB,FALSE,+,580057,580602,NA,-0.509464643323575,NA,0.788600331240795,0,2,nohB
rrsG,FALSE,-,2727638,2729179,NA,-0.795517953814826,NA,0.349659209490617,0,2,rrsG-gltW-rrlG-rrfG
fic,FALSE,-,3488883,3489485,NA,-0.47264495722103,NA,0.317214287253207,0,12,yhfG-fic-pabA
yaiI,FALSE,+,404988,405446,NA,-0.403679232872223,NA,0.578903641854499,0,3,yaiI
tyrT,FALSE,-,1286761,1286845,NA,-1.00520229059901,0,0,0,1,tyrTV-tpr
ybgC,FALSE,+,773975,774379,NA,-0.578273315219573,0,0.45904013200619,0,5,ybgC-tolQRA
ygeL,FALSE,-,2992959,2993114,NA,-0.799180462558102,NA,0.263132952235665,0,2,ygeLK
lacA,FALSE,-,360473,361084,NA,-0.143309873727795,NA,0.251781773897989,0,7,lacZYA
thrV,FALSE,-,3421602,3421677,NA,-0.817129756405994,NA,0.218291076557165,0,2,rrsD-ileU-alaU-rrlD-rrfD-thrV-rrfF
yggX,FALSE,+,3102115,3102390,NA,-0.61104100266086,NA,0.289925986026448,0,5,mutY-yggX-mltC-nupG
tusE,FALSE,-,1029562,1029891,NA,-0.719453867511586,NA,0.311224758904818,0,2,tusE
ydcX,FALSE,+,1515413,1515586,NA,-0.928466076564465,NA,0,0,1,ydcX
yeiS,FALSE,+,2231622,2231861,NA,-0.182435642572578,NA,0.394467025781882,0,4,sanA-yeiS
clpS,FALSE,+,922136,922456,NA,-0.419398594766422,0,0.153091106171495,0,5,clpS
yodD,FALSE,+,2023010,2023237,NA,-0.893433016800124,0,0,0,1,yodD
ariR,FALSE,+,1215592,1215858,NA,-0.474938305956328,NA,0.176417150942101,0,3,ycgZ-ymgA-ariR-ymgC
ynaK,FALSE,+,1423401,1423664,NA,-0.255550494999504,0.189173270386586,0.619640975965381,0,3,ynaK-ydaY
rpmD,TRUE,-,3442565,3442744,NA,-0.553533300214387,NA,0.484452749410325,0,2,rplNXE-rpsNH-rplFR-rpsE-rpmD-rplO-secY-rpmJ
ykgL,FALSE,+,311336,311563,NA,-0.270173249554807,NA,0.468666201530006,0,4,ykgL
ymgG,FALSE,-,1221867,1222142,NA,-0.211224864009536,0,0.0959559716442083,0,6,ymgGD
pspC,FALSE,+,1367049,1367408,NA,-0.448695788773782,NA,0.619896071188707,0,2,pspABCDE
ydfB,TRUE,+,1646689,1646817,NA,-0.827374737756894,NA,0.056242473143501,0,2,ydfABC
yadM,FALSE,-,152243,152812,NA,-0.429323304349947,NA,0.639234050544186,0,2,yadMLKC
yobD,FALSE,+,1902825,1903283,NA,-0.246382983857623,0,0.0841487548356617,0,4,yobD
yaeP,FALSE,-,213925,214125,NA,-0.540246591562891,0.0923184688812189,0.115540734680874,0,4,yaeP-rof
rrlD,FALSE,-,3421902,3424805,NA,-0.842381689320854,NA,0,0,1,rrsD-ileU-alaU-rrlD-rrfD-thrV-rrfF
yeiL,FALSE,+,2253377,2254036,NA,-0.353937349094014,NA,0.0715332707166574,0,3,yeiL
ybfN,FALSE,+,709013,709339,NA,-0.568215538903176,NA,0.0432826289252848,0,3,chiP-ybfN
ymjB,FALSE,+,1379813,1379926,NA,-0.823171700501559,NA,0,0,1,ycjMNOPQRSTUV-ymjB
yfdY,FALSE,-,2493072,2493314,NA,-0.821860199464846,0,0,0,1,yfdY
dsrB,FALSE,-,2022659,2022847,NA,-0.254306121370625,NA,0.21384849863959,0,4,dsrB
csgE,FALSE,-,1101375,1101764,NA,-0.17261165758669,NA,0.198718234426237,0,4,csgDEFG
spf,FALSE,+,4047922,4048030,NA,-0.799720144469928,NA,0,0,1,spf
cspC,FALSE,-,1905250,1905459,NA,-0.798902169464581,NA,0,0,1,yobF-cspC
yajL,FALSE,-,442275,442865,NA,-0.310449638723433,NA,0.463185450458772,0,7,panE-yajL
ygiZ,FALSE,-,3169901,3170233,NA,-0.597665628689575,NA,0.273603725370562,0,5,ygiZ
ybcW,FALSE,+,579103,579309,NA,-0.781548319845751,NA,0,0,1,ybcW
ybcM,FALSE,+,570677,571474,NA,-0.442092045653248,NA,0.131885171461999,0,4,ybcLM
yohP,FALSE,+,2227004,2227087,NA,-0.763157337727779,NA,0,0,1,yohP
frlD,FALSE,+,3501189,3501974,NA,-0.337819350047591,NA,0.496957768614614,0,4,frlABCDR
yqeJ,FALSE,+,2987326,2987808,NA,-0.705252490125096,NA,0.079751118613595,0,3,yqeIJ
yegJ,FALSE,+,2149209,2149670,NA,-0.748395123399186,0.126660805267225,0.00622005262408969,0,2,yegJ
ychQ,FALSE,+,1266147,1266539,NA,-0.433692037442574,NA,0.400587403588707,0,3,ychQA-kdsA
rbfA,FALSE,-,3310799,3311200,NA,-0.276516492006896,NA,0.0260532364865524,0,3,metY-rimP-nusA-infB-rbfA-truB-rpsO-pnp
osmB,FALSE,-,1341134,1341352,NA,-0.715084361111566,NA,0,0,1,osmB
hfq,FALSE,+,4398311,4398619,NA,-0.697397965716973,NA,0.0256779927565477,0,2,yjeF-tsaE-amiB-mutL-miaA-hfq-hflXKC
blr,FALSE,+,1702575,1702700,NA,-0.317873717247351,0,0.586425371498933,0,2,blr
yjfL,FALSE,+,4410002,4410400,NA,-0.315921901518089,NA,0.578121055355324,0,3,yjfKLMC
ycgZ,FALSE,+,1215012,1215248,NA,-0.377960887305331,NA,0.129065667078558,0,3,ycgZ-ymgA-ariR-ymgC
yoaH,FALSE,-,1892576,1892755,NA,-0.358026408969572,NA,0.50029781483944,0,2,yoaH
ykfB,FALSE,-,264844,265311,NA,-0.28483827831582,NA,0.508896832202996,0,3,yafY-ykfBF-yafX-ykfGH-yafW-ykfI
atpE,FALSE,-,3918973,3919212,NA,-0.606509757758093,NA,0.116936164514215,0,3,atpIBEFHAGDC
yehY,FALSE,-,2215422,2216579,NA,-0.298910727908166,NA,0.314354330535499,0,10,osmF-yehYXW
rem,FALSE,-,1642675,1642926,NA,-0.123792225612784,0.505730040487959,0.00984703799820169,0,3,rem
ulaB,FALSE,+,4419416,4419721,NA,-0.643448893251132,NA,0.044417816085063,0,3,ulaABCDEF
ymfS,FALSE,+,1207355,1207768,NA,-0.671472196231151,NA,0,0,1,ymfTLMNROPQ-ycfK-ymfS
ypfM,FALSE,-,2588829,2588888,NA,-0.669782687712659,NA,0,0,1,ypfM
ysaB,FALSE,-,3723436,3723735,NA,-0.390891374170342,NA,0.266841323504188,0,5,ysaB
rcnR,FALSE,-,2183546,2183818,NA,-0.661177093517772,NA,0,0,1,rcnR
yhhH,FALSE,+,3621422,3621805,NA,-0.657775883186316,NA,0,0,1,yhhH
ymgI,FALSE,-,1222213,1222386,NA,-0.644624465621534,NA,0,0,1,ymgI
ydcH,FALSE,+,1496675,1496899,NA,-0.343062829097103,NA,0.389388532195236,0,3,ydcH
rrlC,FALSE,+,3941727,3944630,NA,-0.641917154302674,NA,0,0,1,rrsC-gltU-rrlC-rrfC
dut,TRUE,+,3811955,3812410,NA,-0.306894129663368,NA,0.158955389542079,0,3,dut-slmA
ldrD,FALSE,-,3698003,3698110,NA,-0.554941879802383,NA,0.100483565425449,0,3,ldrD
ybfK,FALSE,+,719806,720063,NA,-0.536885050429791,NA,0.114268894921588,0,2,ybfK
rraA,FALSE,-,4116868,4117353,NA,-0.612425477680449,NA,0,0,1,menA-rraA
pinE,FALSE,+,1208908,1209462,NA,-0.575563662502317,NA,0.0536052477724091,0,2,pinE
csrB,FALSE,-,2922178,2922546,NA,-0.611379969190477,0,0,0,1,csrB
ralR,FALSE,-,1411757,1411951,NA,-0.603091389110557,NA,0,0,1,recET-ralR-ydaC-xisR-intR
sugE,FALSE,+,4374898,4375215,NA,-0.241783206909066,0,0.148963836647918,0,8,sugE
glyW,FALSE,-,1990066,1990141,NA,-0.597814424951894,NA,0,0,1,glyW-cysT-leuZ-3'ETS<sup><i>leuZ</i></sup>
yrbN,FALSE,-,3305875,3305955,NA,-0.587152666405358,NA,0,0,1,yrbN-deaD
mlaB,FALSE,-,3334985,3335278,NA,-0.468627086330349,NA,0.172675774490715,0,2,mlaFEDCB
ydhL,FALSE,-,1723705,1723944,NA,-0.582487559989073,NA,0,0,1,ydhL
thiS,FALSE,-,4190660,4190860,NA,-0.391451398023271,NA,0.282275175900548,0,2,thiCEFSGH
fimF,FALSE,+,4545765,4546295,NA,-0.404939924159783,NA,0.172149455835068,0,4,fimAICDFGH
yfdP,FALSE,+,2471542,2471988,NA,-0.468189237664203,0,0.155115479849356,0,2,yfdPQ
yhdE,FALSE,-,3395807,3396400,NA,-0.282839838449142,NA,0.423486260855236,0,2,yhdE
sra,FALSE,-,1553850,1553987,NA,-0.561859849815374,NA,0,0,1,sra
kilR,FALSE,-,1416032,1416253,NA,-0.558906073690517,0,0,0,1,kilR-ydaE
ydfZ,FALSE,+,1627239,1627442,NA,-0.415917536764036,0,0.210269534508355,0,2,ydfZ
aroF,FALSE,-,2738102,2739172,NA,-0.220330775477452,0,0.346424383727217,0,6,aroF-tyrA
ryfD,FALSE,-,2732175,2732317,NA,-0.553651931363508,NA,0,0,1,ryfD
rzpD,FALSE,+,577330,577791,NA,-0.552363425622396,NA,0,0,1,essD-rrrD-rzpD
pth,TRUE,-,1257152,1257736,NA,-0.0869495486401533,NA,0.656819384901973,0,3,pth-ychF
rimL,FALSE,+,1496962,1497501,NA,-0.116047167162436,NA,0.165112019525789,0,5,rimL
yccJ,FALSE,-,1066087,1066314,NA,-0.546960572814963,NA,0,0,1,wrbA-yccJ
ykfH,FALSE,-,263250,263471,NA,-0.341222612870735,NA,0.283718885984021,0,2,yafY-ykfBF-yafX-ykfGH-yafW-ykfI
rpsI,FALSE,-,3375837,3376229,NA,-0.212236985052966,NA,0.0764713493849588,0,4,rplM-rpsI
ylcG,FALSE,+,572953,573093,NA,-0.293598158893397,NA,0.346060913057376,0,2,ybcN-ninE-ybcO-rusA-ylcG
hinT,FALSE,+,1161108,1161467,NA,-0.522172858634752,NA,0,0,1,hinT-ycfL-lpoB-thiK-nagZ-ycfP
argW,FALSE,+,2464331,2464405,NA,-0.51803304990753,0,0,0,1,argW
leuT,FALSE,+,3980629,3980715,NA,-0.51418327962431,NA,0,0,1,argX-hisR-leuT-proM
yjcH,FALSE,-,4282922,4283236,NA,-0.286203659188437,NA,0.00173670284164912,0,3,acs-yjcH-actP
ychH,FALSE,+,1258014,1258292,NA,-0.406757463738119,0.344244281365109,0.085234648681516,0,4,ychH
cspE,FALSE,+,656515,656724,NA,-0.50350558293231,NA,0,0,1,cspE
acrZ,FALSE,+,793996,794145,NA,-0.147916855191567,NA,0.323463552750768,0,3,acrZ
fimE,FALSE,+,4540060,4540656,NA,-0.345890821886117,NA,0.225646663861686,0,2,fimE
yhbY,FALSE,+,3325812,3326105,NA,-0.491018216796436,NA,0,0,1,yhbY
ybfL,FALSE,+,736123,737184,NA,-0.361368090309151,NA,0.0417231118424006,0,4,ybfL
groS,TRUE,+,4368711,4369004,NA,-0.253083976900894,0,0.347753373144948,0,2,groSL
cheW,FALSE,-,1970860,1971363,NA,-0.252148420243456,NA,0.221012664051138,0,4,motAB-cheAW
yjaA,FALSE,+,4211257,4211640,NA,-0.371844265466411,0,0.168850410186172,0,2,yjaA
ybcV,FALSE,-,578407,578817,NA,-0.224017903981577,0,0.385972089483329,0,2,ybcV
ptsH,FALSE,+,2531786,2532043,NA,-0.467926710767495,0.3820663725037,0,0,1,ptsHI-crr
G0-10697,FALSE,+,1298697,1298951,NA,-0.30745993871192,NA,0.233416004008932,0,2,G0-10697
iscX,FALSE,-,2654558,2654758,NA,-0.286724011176252,NA,0.0228046313577949,0,3,hscBA-fdx-iscX
thrL,FALSE,+,190,255,NA,-0.329873467048715,NA,0.193001572908616,0,2,thrLABC
ryjA,FALSE,-,4275950,4276089,NA,-0.325383995064371,NA,0.190835639448217,0,2,ryjA
ycdU,FALSE,+,1095066,1096052,NA,-0.348801818115586,NA,0.125384775271318,0,4,ymdE-ycdU
yncJ,FALSE,-,1506858,1507088,NA,-0.222713423201227,0,0.339176356198521,0,2,yncJ
pinR,FALSE,-,1431108,1431698,NA,-0.448234326406596,NA,0,0,1,pinR
yhhI,FALSE,+,3622401,3623537,NA,-0.330351746441772,0,0.161832608518672,0,2,yhhI
yhaI,FALSE,+,3250933,3251289,NA,-0.417674374070333,NA,0.0258427222744832,0,3,yhaI
yhfU,FALSE,-,3505370,3505723,NA,-0.428930250327399,NA,0,0,1,yhfXW-php-yhfUTS
ypjJ,FALSE,+,2774899,2775099,NA,-0.321524100423845,NA,0.150256829754026,0,2,yfjXY-ypjJ-yfjZ-ypjF
cbeA,FALSE,+,2075136,2075504,NA,0.06558708528762,NA,0.165068425086645,0,3,yeeRST-cbeA-cbtA-yeeW
yqeK,FALSE,-,2987957,2988382,NA,-0.391212676292611,NA,0.0421464051788402,0,3,yqeK
rplU,TRUE,-,3331162,3331473,NA,-0.190494900529236,NA,0.337822220397748,0,2,rplU-rpmA-yhbE-obgE
atl,FALSE,-,475206,475595,NA,-0.414371643382387,NA,0,0,1,atl
yjiL,FALSE,-,4561945,4562712,NA,-0.144814211852328,NA,0.140536184092555,0,8,yjiML
rdlA,FALSE,+,1268546,1268612,NA,-0.413111601197331,NA,0,0,1,rdlA
mokC,FALSE,-,16751,16960,NA,-0.296664869406816,NA,0.170384047391985,0,3,mokC-hokC
ybdZ,FALSE,+,613165,613383,NA,-0.405397161235917,NA,0,0,1,fes-ybdZ-entF-fepE
ynhF,FALSE,-,1735480,1735569,NA,-0.248458621267439,NA,0.224759584736289,0,2,ynhF
dinQ,FALSE,-,3645728,3645811,NA,-0.397970292389697,0,0,0,1,dinQ
aaeX,FALSE,-,3387156,3387359,NA,-0.264742094499691,NA,0.193167789783245,0,2,aaeXAB
ygdI,FALSE,-,2940940,2941167,NA,-0.145311637784843,NA,0.368952899983094,0,2,ygdI
serU,FALSE,-,2041492,2041581,NA,-0.392360400411354,NA,0,0,1,serU
insJ,FALSE,+,3718703,3719224,NA,-0.263033610867862,NA,0.155833564514247,0,3,insJ
yaaX,FALSE,+,5234,5530,NA,-0.254222608531432,0,0.204239255541373,0,3,yaaX
ydhI,FALSE,+,1719049,1719285,NA,-0.319817516616807,0,0.106752767749045,0,3,ydhIJK
yobH,FALSE,+,1906949,1907188,NA,-0.0749526616067435,NA,0.0973099501442938,0,5,yobH
ygeI,FALSE,+,2991660,2991878,NA,-0.389748830433535,0,0,0,1,ygeI
sroA,FALSE,-,75516,75608,NA,-0.386637393052352,NA,0,0,1,sgrR-sroA-tbpA-thiPQ
lit,FALSE,+,1197918,1198811,NA,-0.301497181570677,0,0.126213218628183,0,2,lit
ygeP,FALSE,-,2995711,2996010,NA,-0.279151925450238,NA,0.154290475182726,0,2,ygeP
waaS,FALSE,-,3802204,3803139,NA,-0.3791804354792,NA,0,0,1,waaQGPSBOJYZU
matP,FALSE,+,1017708,1018160,NA,-0.368804945693064,NA,0,0,1,matP
yqhA,FALSE,-,3146999,3147493,NA,-0.290277433052363,NA,0.110096241750757,0,2,yqhA
napD,FALSE,-,2300772,2301035,NA,-0.282417293653175,NA,0.0120288974991511,0,3,napFDAGHBC-ccmABCDEFGH
yciX,FALSE,+,1333315,1333482,NA,-0.362396747910203,NA,0,0,1,ymiA-yciX
sibE,FALSE,-,3193119,3193262,NA,-0.358473987375827,0.211779150889619,0,0,1,sibE
yqjE,FALSE,+,3247705,3248109,NA,-0.232712885640392,NA,0.103902911450444,0,6,yqjCDEK
valT,FALSE,+,779988,780063,NA,-0.355282976413186,NA,0,0,1,lysT-valT-lysW
ydfC,FALSE,+,1646847,1647065,NA,-0.236629865569232,NA,0.175832328872702,0,2,ydfABC
yiaB,FALSE,-,3725430,3725771,NA,-0.290329490860021,NA,0.0880903391303543,0,2,yiaB
trpT,FALSE,+,3944980,3945055,NA,-0.315069126637088,NA,0.0274665037214031,0,3,trpT
hofP,FALSE,-,3518637,3519041,NA,-0.32264271398612,NA,0.0161534720419429,0,3,hofMNOP
rof,FALSE,-,213678,213932,NA,-0.328543790959941,NA,0,0,1,yaeP-rof
yfbR,FALSE,+,2406884,2407483,NA,-0.181314812298665,NA,0.207381792488098,0,2,alaA-yfbR
cyaR,FALSE,+,2165138,2165224,NA,-0.320080304684421,NA,0,0,1,cyaR
ydcC,FALSE,+,1529840,1530976,NA,-0.032441259242097,NA,0.422764806901848,0,2,ydcC
yghW,FALSE,-,3144472,3144759,NA,-0.312403280191367,NA,0,0,1,yghW
kdpF,FALSE,-,727955,728044,NA,-0.251682637087563,NA,0.0897806827861146,0,2,kdpFABC
ybjI,FALSE,-,884539,885354,NA,-0.13300755809885,NA,0.126868282363673,0,3,ybjJI
yoaF,FALSE,-,1875302,1875556,NA,-0.202302426771043,NA,0.154956802290382,0,2,yoaF
yjgZ,FALSE,+,4499283,4499612,NA,-0.23712505298853,NA,0.0796504590328123,0,3,yjgZ
ybbC,FALSE,+,526805,527173,NA,-0.271972798372367,NA,0.0448493205597566,0,3,rhsD-ybbC-ylbH-ybbD
yqaE,FALSE,-,2794892,2795050,NA,-0.292866751468981,NA,0,0,1,yqaE-kbp
ymgC,FALSE,+,1215971,1216219,NA,-0.288522764689644,NA,0,0,1,ycgZ-ymgA-ariR-ymgC
ydiZ,FALSE,+,1805424,1805714,NA,-0.240674593096635,NA,0.0581642415979051,0,2,ydiZ
yshB,FALSE,-,4051670,4051780,NA,-0.276199800716984,NA,0,0,1,yshB
nc1,FALSE,-,296361,296528,NA,-0.272595835884756,NA,0,0,1,nc1
nudI,FALSE,+,2362576,2363001,NA,-0.112842394271422,NA,0.221977465463645,0,2,nudI
insN-2,FALSE,+,4505220,4505486,NA,-0.261727783838578,NA,0,0,1,insN-2
ybaB,FALSE,+,493300,493629,NA,-0.124368290019307,0,0.194492580463364,0,2,ybaB-recR
yoaI,FALSE,-,1872102,1872206,NA,-0.25060714069634,0.789755980328992,0,0,1,yoaI
ybfB,FALSE,+,732999,733325,NA,-0.226115606151139,NA,0,0,1,rhsC-ybfB
hdeA,FALSE,-,3654431,3654763,NA,-0.223915718748715,NA,0,0,1,hdeAB-yhiD
rfbC,FALSE,-,2107605,2108162,NA,-0.218883843354656,NA,0.00259041981002475,0,2,rfbBDACX
pspB,FALSE,+,1366825,1367049,NA,-0.106139236718634,NA,0.163833647933415,0,3,pspABCDE
rseX,FALSE,+,2031673,2031763,NA,-0.214704159028258,NA,0,0,1,rseX
yoeE,FALSE,+,2068268,2068528,NA,-0.206658437384162,NA,0,0,1,yoeE
yjcB,FALSE,-,4272783,4273064,NA,-0.204451672567472,0,0,0,1,yjcB
insI-1,FALSE,+,269827,270978,NA,-0.197865207242656,NA,0,0,1,insN-1I-1O-1
ydgU,FALSE,+,1669801,1669884,NA,-0.191215487818854,NA,0,0,1,ydgU
ydcD,FALSE,+,1527946,1528428,NA,-0.189764688407066,NA,0,0,1,rhsE-ydcD
yibV,FALSE,+,3767368,3767703,NA,-0.183811507778638,NA,0,0,1,yibV
cmtB,FALSE,-,3076909,3077352,NA,-0.183554751221243,NA,0,0,1,cmtBA-yggPFDC
yfdM,FALSE,-,2470134,2470409,NA,-0.181982806916502,NA,0,0,1,yfdONMLK
yciG,FALSE,-,1313880,1314059,NA,-0.179224019843104,NA,0,0,1,yciGFE
smpB,FALSE,+,2752918,2753400,NA,-0.17485366000585,NA,0,0,1,smpB
essQ,FALSE,-,1638394,1638609,NA,-0.166954066060144,0,9.94633383081837e-05,0,2,essQ-ydfR-rrrQ-ydfP
yeaC,FALSE,-,1859726,1859998,NA,-0.16440486624128,NA,0,0,1,yeaC
yijD,FALSE,+,4159794,4160153,NA,-0.16248808077728,NA,0,0,1,fabR-yijD
yidG,FALSE,-,3853631,3853993,NA,-0.160535159727388,NA,0,0,1,yidHGF
relE,FALSE,-,1643370,1643657,NA,-0.103897615408806,NA,0.0827912863629103,0,2,relBE-hokD
sieB,FALSE,+,1416695,1417183,NA,-0.15263883179103,0,0,0,1,sieB
ydaG,FALSE,-,1417346,1417480,NA,-0.150175033269661,0,0,0,1,ydaGF
gadB,FALSE,-,1568669,1570069,NA,-0.146614820771464,NA,0,0,1,gadBC
ydaT,FALSE,+,1418708,1419130,NA,-0.11279535081054,NA,0,0,1,ydaSTUVW-rzpR
higA,FALSE,-,3231750,3232166,NA,-0.112166719121682,NA,0,0,1,higBA
rplL,TRUE,+,4178583,4178948,NA,-0.0842596368167008,NA,0.0375904317565193,0,2,rplKAJL-rpoBC
pspD,FALSE,+,1367417,1367638,NA,-0.0446980371620793,NA,0.0846301314881408,0,2,pspABCDE
rybA,FALSE,-,851948,852287,NA,-0.0746119011241253,NA,0,0,1,rybA-mntS
yagL,FALSE,-,292444,293142,NA,-0.0251033976307676,NA,0.0704527259990783,0,2,yagML
yoeB,FALSE,-,2087235,2087489,NA,-0.070838186634812,NA,0,0,1,yefM-yoeB
ohsC,FALSE,+,2698542,2698618,NA,-0.0617331309295875,NA,0,0,1,ohsC
C0719,FALSE,+,3119380,3119601,NA,-0.056651368322765,NA,0,0,1,C0719
rybB,FALSE,-,887200,887280,NA,-0.0561511252970993,0,0,0,1,rybB
cspB,FALSE,-,1639363,1639578,NA,-0.0517245603626056,0,0,0,1,cspB
yebW,FALSE,+,1920145,1920336,NA,0.0334614747644416,0,0.0740217135274104,0,3,yebW
yobF,FALSE,-,1905472,1905615,NA,-0.0139604186704879,NA,0,0,1,yobF-cspC
yciY,FALSE,+,1306812,1306985,NA,0.00197138188320461,0,0,0,1,yciY
yoaG,FALSE,-,1877427,1877609,NA,0.0289698184641266,NA,0,0,1,yeaR-yoaG
yoaJ,FALSE,+,1876898,1876972,NA,0.0322372048898702,NA,0,0,1,yoaJ
tdcR,FALSE,+,3265402,3265620,NA,0.0408148252490087,NA,0,0,1,tdcR
eyeA,FALSE,+,271804,271878,NA,0.0620497540631849,NA,0,0,1,eyeA
ralA,FALSE,+,1411580,1411758,NA,0.0681816461399386,NA,0,0,1,ralA
sgrT,FALSE,+,77388,77519,NA,0.100069790211821,NA,0,0,1,sgrST-setA
yojO,FALSE,+,2301628,2301792,NA,0.100213290682226,NA,0,0,1,yojO
essD,FALSE,+,576621,576836,NA,0.143535182907037,0.136546225081146,0,0,1,essD-rrrD-rzpD
yecF,FALSE,+,1993842,1994066,NA,0.159727806452765,NA,0,0,1,yecF
cspH,FALSE,-,1050186,1050398,NA,0.232534158981288,0,0,0,1,cspH
