locusId	n_exp	median_fitness
Pf1N1B4_1	147	-1.0
Pf1N1B4_10	147	-0.1166666666666667
Pf1N1B4_100	147	0.0
Pf1N1B4_1000	147	-0.027272727272727264
Pf1N1B4_1001	147	-0.02340425531914895
Pf1N1B4_1002	147	-0.11086956521739132
Pf1N1B4_1003	147	-0.04999999999999999
Pf1N1B4_1004	147	-0.13333333333333333
Pf1N1B4_1005	147	0.1666666666666667
Pf1N1B4_1006	147	-0.03333333333333332
Pf1N1B4_1007	147	-0.025000000000000022
Pf1N1B4_1008	147	0.05000000000000001
Pf1N1B4_1009	147	-0.0029411764705882413
Pf1N1B4_101	147	-0.04999999999999999
Pf1N1B4_1010	147	-0.03711340206185566
Pf1N1B4_1011	147	-0.12352941176470589
Pf1N1B4_1012	147	0.05333333333333334
Pf1N1B4_1013	147	-0.07714285714285715
Pf1N1B4_1014	147	0.026086956521739136
Pf1N1B4_1015	147	0.6
Pf1N1B4_1016	147	-0.10208333333333335
Pf1N1B4_1017	147	0.13888888888888892
Pf1N1B4_1018	147	-0.15714285714285717
Pf1N1B4_1019	147	-0.08999999999999998
Pf1N1B4_102	147	-0.019999999999999973
Pf1N1B4_1020	147	-0.10625
Pf1N1B4_1021	147	-0.1
Pf1N1B4_1022	147	-0.037037037037037056
Pf1N1B4_1023	147	-0.08571428571428572
Pf1N1B4_1024	147	-0.10416666666666667
Pf1N1B4_1025	147	-0.021818181818181837
Pf1N1B4_1026	147	-0.11304347826086956
Pf1N1B4_1027	147	-0.03870967741935484
Pf1N1B4_1028	147	-0.05471698113207545
Pf1N1B4_1029	147	-0.06013986013986015
Pf1N1B4_103	147	-0.08750000000000002
Pf1N1B4_1030	147	-0.041176470588235294
Pf1N1B4_1031	147	-0.0625
Pf1N1B4_1032	147	-0.11818181818181817
Pf1N1B4_1033	147	0.04347826086956523
Pf1N1B4_1034	147	-0.03333333333333333
Pf1N1B4_1035	147	-0.05555555555555555
Pf1N1B4_1036	147	-0.11739130434782609
Pf1N1B4_1037	147	-0.14545454545454548
Pf1N1B4_1038	147	-0.021621621621621637
Pf1N1B4_1039	147	0.03846153846153845
Pf1N1B4_104	147	-0.07692307692307693
Pf1N1B4_1040	147	0.0
Pf1N1B4_1041	147	-0.005128205128205124
Pf1N1B4_1042	147	-0.1
Pf1N1B4_1043	147	-0.11304347826086956
Pf1N1B4_1044	147	-0.3
Pf1N1B4_1045	147	-0.16842105263157894
Pf1N1B4_1048	147	-0.1470588235294118
Pf1N1B4_1049	147	0.039999999999999994
Pf1N1B4_105	147	-0.1
Pf1N1B4_1050	147	-0.07999999999999997
Pf1N1B4_1051	147	0.008695652173913049
Pf1N1B4_1052	147	-0.15714285714285708
Pf1N1B4_1053	147	0.7
Pf1N1B4_1054	147	0.03749999999999999
Pf1N1B4_1055	147	0.015384615384615398
Pf1N1B4_1056	147	-0.03125000000000003
Pf1N1B4_1057	147	-0.8714285714285716
Pf1N1B4_1059	147	-0.26
Pf1N1B4_106	147	-0.13999999999999999
Pf1N1B4_1060	147	-0.15
Pf1N1B4_1061	147	-0.7
Pf1N1B4_1062	147	-0.2
Pf1N1B4_1063	147	-0.08285714285714285
Pf1N1B4_1064	147	0.07391304347826087
Pf1N1B4_1065	147	-0.24705882352941178
Pf1N1B4_1067	147	-1.6294117647058823
Pf1N1B4_1069	147	-0.08695652173913043
Pf1N1B4_107	147	0.05454545454545456
Pf1N1B4_108	147	-0.125
Pf1N1B4_1081	147	-0.08333333333333333
Pf1N1B4_1086	147	-0.05000000000000001
Pf1N1B4_1087	147	-0.08888888888888888
Pf1N1B4_109	147	0.2
Pf1N1B4_1090	147	-0.1625
Pf1N1B4_1091	147	-0.12399999999999999
Pf1N1B4_1092	147	-0.09
Pf1N1B4_1093	147	0.07857142857142858
Pf1N1B4_1094	147	0.09166666666666666
Pf1N1B4_1095	147	-0.05053763440860215
Pf1N1B4_1096	147	-0.004166666666666656
Pf1N1B4_110	147	-0.35833333333333334
Pf1N1B4_1103	147	-0.07500000000000001
Pf1N1B4_1104	147	0.05789473684210524
Pf1N1B4_1105	147	-0.019999999999999983
Pf1N1B4_1106	147	-0.009999999999999993
Pf1N1B4_1107	147	2.4671622769447922e-17
Pf1N1B4_1108	147	-0.057499999999999996
Pf1N1B4_1109	147	-0.10500000000000002
Pf1N1B4_111	147	-0.034374999999999996
Pf1N1B4_1110	147	-0.08095238095238094
Pf1N1B4_1111	147	-0.03333333333333333
Pf1N1B4_1113	147	-0.41500000000000004
Pf1N1B4_1114	147	-0.01176470588235294
Pf1N1B4_1115	147	-0.3067796610169492
Pf1N1B4_1116	147	-0.20361445783132529
Pf1N1B4_1117	147	-0.09032258064516129
Pf1N1B4_1118	147	-0.025000000000000015
Pf1N1B4_1119	147	-0.04861111111111112
Pf1N1B4_112	147	-0.005555555555555554
Pf1N1B4_1120	147	-0.05
Pf1N1B4_1121	147	-0.08974358974358972
Pf1N1B4_1122	147	-0.03363636363636363
Pf1N1B4_1123	147	0.007142857142857147
Pf1N1B4_1124	147	-0.02857142857142858
Pf1N1B4_1125	147	-0.06190476190476189
Pf1N1B4_1126	147	-0.18750000000000006
Pf1N1B4_1127	147	0.02962962962962963
Pf1N1B4_1128	147	-0.039999999999999994
Pf1N1B4_113	147	-0.25
Pf1N1B4_1131	147	-0.04999999999999998
Pf1N1B4_1132	147	-0.06470588235294118
Pf1N1B4_1133	147	0.058823529411764705
Pf1N1B4_1134	147	0.02045454545454547
Pf1N1B4_1135	147	0.019999999999999973
Pf1N1B4_1136	147	-0.07826086956521738
Pf1N1B4_1137	147	-0.1
Pf1N1B4_1138	147	0.0676923076923077
Pf1N1B4_1139	147	1.5139404881252134e-17
Pf1N1B4_114	147	0.08571428571428576
Pf1N1B4_1140	147	-0.09
Pf1N1B4_1141	147	-0.017204301075268817
Pf1N1B4_1142	147	-0.09767441860465119
Pf1N1B4_1143	147	-0.024999999999999977
Pf1N1B4_1144	147	-0.06060606060606061
Pf1N1B4_1145	147	-0.1
Pf1N1B4_1146	147	-0.0021739130434782496
Pf1N1B4_1147	147	-0.05
Pf1N1B4_1148	147	-0.08333333333333333
Pf1N1B4_1149	147	-0.021739130434782622
Pf1N1B4_115	147	-0.08000000000000003
Pf1N1B4_1150	147	-0.026666666666666672
Pf1N1B4_1151	147	-0.5
Pf1N1B4_1152	147	-0.07837837837837838
Pf1N1B4_1153	147	-0.4857142857142857
Pf1N1B4_1154	147	0.042857142857142864
Pf1N1B4_1155	147	0.010000000000000054
Pf1N1B4_1159	147	-0.23000000000000004
Pf1N1B4_116	147	-0.041509433962264135
Pf1N1B4_1164	147	-0.35
Pf1N1B4_117	147	-0.04999999999999998
Pf1N1B4_1170	147	-0.07999999999999999
Pf1N1B4_1178	147	-0.14230769230769236
Pf1N1B4_118	147	-0.07142857142857142
Pf1N1B4_1180	147	-0.2
Pf1N1B4_1181	147	-0.022222222222222216
Pf1N1B4_1183	147	-0.03179190751445086
Pf1N1B4_1185	147	-0.02941176470588236
Pf1N1B4_1186	147	0.008750000000000008
Pf1N1B4_1187	147	-0.06486486486486487
Pf1N1B4_1188	147	-0.11506849315068493
Pf1N1B4_1189	147	-0.047058823529411764
Pf1N1B4_119	147	0.03913043478260867
Pf1N1B4_1190	147	-0.11212121212121212
Pf1N1B4_1191	147	-0.050000000000000024
Pf1N1B4_1193	147	-0.4
Pf1N1B4_1194	147	0.12000000000000002
Pf1N1B4_1196	147	-0.051923076923076926
Pf1N1B4_1197	147	-0.05499999999999998
Pf1N1B4_1198	147	-0.05416666666666662
Pf1N1B4_1199	147	-0.05714285714285712
Pf1N1B4_12	147	-1.51
Pf1N1B4_120	147	-0.06363636363636366
Pf1N1B4_1200	147	0.002521008403361344
Pf1N1B4_1201	147	-0.09
Pf1N1B4_1202	147	-0.05579399141630903
Pf1N1B4_1203	147	-0.07055555555555555
Pf1N1B4_1204	147	-0.06923076923076922
Pf1N1B4_1205	147	0.007407407407407397
Pf1N1B4_1206	147	-0.35
Pf1N1B4_1207	147	-0.012500000000000011
Pf1N1B4_1208	147	-0.07254901960784314
Pf1N1B4_1209	147	-0.13
Pf1N1B4_121	147	0.04285714285714283
Pf1N1B4_1210	147	-0.023529411764705882
Pf1N1B4_1211	147	-0.12777777777777777
Pf1N1B4_1212	147	-0.06
Pf1N1B4_1213	147	-0.18888888888888888
Pf1N1B4_1214	147	0.015000000000000008
Pf1N1B4_1215	147	-0.43333333333333335
Pf1N1B4_1216	147	-0.05178571428571429
Pf1N1B4_1217	147	-0.03142857142857143
Pf1N1B4_1218	147	-0.09871794871794873
Pf1N1B4_1219	147	-0.05952380952380952
Pf1N1B4_122	147	-0.14285714285714282
Pf1N1B4_1220	147	0.004761904761904761
Pf1N1B4_1221	147	-0.07307692307692308
Pf1N1B4_1222	147	-0.0547945205479452
Pf1N1B4_1223	147	-0.02820512820512821
Pf1N1B4_1224	147	-0.09368421052631579
Pf1N1B4_1225	147	-0.031111111111111114
Pf1N1B4_1226	147	-0.125
Pf1N1B4_1227	147	-0.04999999999999996
Pf1N1B4_1228	147	-0.06666666666666667
Pf1N1B4_1229	147	-0.01071428571428571
Pf1N1B4_123	147	-0.55
Pf1N1B4_1230	147	-0.01612903225806453
Pf1N1B4_1231	147	-0.10555555555555557
Pf1N1B4_1232	147	-0.05263157894736841
Pf1N1B4_1233	147	-0.043750000000000004
Pf1N1B4_1234	147	-0.625
Pf1N1B4_1235	147	-0.3470588235294118
Pf1N1B4_1236	147	-0.4384615384615385
Pf1N1B4_1238	147	-0.10126582278481015
Pf1N1B4_1239	147	-0.15306122448979592
Pf1N1B4_124	147	-0.13999999999999999
Pf1N1B4_1240	147	-0.04680851063829788
Pf1N1B4_1241	147	-0.03428571428571428
Pf1N1B4_1242	147	0.0375
Pf1N1B4_1243	147	0.019999999999999997
Pf1N1B4_1244	147	0.07391304347826085
Pf1N1B4_1245	147	-0.056521739130434796
Pf1N1B4_1246	147	0.26
Pf1N1B4_1247	147	-0.033333333333333326
Pf1N1B4_1248	147	0.0
Pf1N1B4_1249	147	0.05599999999999999
Pf1N1B4_125	147	0.4
Pf1N1B4_1250	147	-0.05357142857142858
Pf1N1B4_1251	147	-0.026666666666666665
Pf1N1B4_1252	147	-0.02352941176470589
Pf1N1B4_1253	147	2.2773805633336544e-17
Pf1N1B4_1254	147	0.2
Pf1N1B4_1255	147	0.44999999999999996
Pf1N1B4_1256	147	0.012499999999999973
Pf1N1B4_1257	147	-0.21999999999999997
Pf1N1B4_1258	147	0.1
Pf1N1B4_1259	147	0.023809523809523787
Pf1N1B4_126	147	-0.175
Pf1N1B4_1261	147	-0.045454545454545456
Pf1N1B4_1262	147	-0.06666666666666668
Pf1N1B4_1263	147	0.033333333333333326
Pf1N1B4_1264	147	-0.20833333333333334
Pf1N1B4_1265	147	-0.019999999999999993
Pf1N1B4_1266	147	-0.26666666666666666
Pf1N1B4_1267	147	-0.11071428571428574
Pf1N1B4_1268	147	-0.09230769230769233
Pf1N1B4_1269	147	0.007142857142857153
Pf1N1B4_127	147	-0.09999999999999999
Pf1N1B4_1270	147	-0.04347826086956521
Pf1N1B4_1271	147	-0.12285714285714285
Pf1N1B4_1272	147	0.0666666666666667
Pf1N1B4_1273	147	-0.13499999999999998
Pf1N1B4_1274	147	0.2
Pf1N1B4_1275	147	-0.1
Pf1N1B4_1276	147	-0.05555555555555555
Pf1N1B4_1277	147	0.011999999999999988
Pf1N1B4_1278	147	0.0818181818181818
Pf1N1B4_1279	147	-0.04444444444444441
Pf1N1B4_128	147	-0.1285714285714286
Pf1N1B4_1280	147	-0.04
Pf1N1B4_1281	147	0.2
Pf1N1B4_1282	147	0.053333333333333316
Pf1N1B4_1283	147	-0.045454545454545456
Pf1N1B4_1284	147	0.03888888888888889
Pf1N1B4_1285	147	0.05357142857142857
Pf1N1B4_1286	147	-0.03384615384615386
Pf1N1B4_1287	147	-0.07272727272727274
Pf1N1B4_1288	147	-0.02692307692307694
Pf1N1B4_1289	147	-0.007692307692307699
Pf1N1B4_129	147	-0.07241379310344827
Pf1N1B4_1290	147	-0.06363636363636363
Pf1N1B4_1291	147	-0.10000000000000002
Pf1N1B4_1292	147	-0.049999999999999996
Pf1N1B4_1293	147	0.036363636363636376
Pf1N1B4_1294	147	-0.125
Pf1N1B4_1295	147	-0.13333333333333333
Pf1N1B4_1296	147	-0.04492753623188405
Pf1N1B4_1298	147	0.04285714285714286
Pf1N1B4_1299	147	-0.09166666666666667
Pf1N1B4_13	147	-0.2875
Pf1N1B4_130	147	-0.2157894736842105
Pf1N1B4_1300	147	-0.28
Pf1N1B4_1301	147	-0.1909090909090909
Pf1N1B4_1302	147	-0.10153846153846154
Pf1N1B4_1303	147	-0.03333333333333332
Pf1N1B4_1304	147	0.04705882352941176
Pf1N1B4_1305	147	-0.08181818181818183
Pf1N1B4_1306	147	-0.003999999999999999
Pf1N1B4_1307	147	-1.52
Pf1N1B4_131	147	-0.16249999999999998
Pf1N1B4_1310	147	0.07500000000000004
Pf1N1B4_1311	147	-0.2875
Pf1N1B4_1312	147	0.11250000000000002
Pf1N1B4_1313	147	0.06923076923076923
Pf1N1B4_1315	147	-1.4045454545454545
Pf1N1B4_1316	147	-0.7833333333333333
Pf1N1B4_1317	147	-0.7428571428571429
Pf1N1B4_1318	147	-0.075
Pf1N1B4_1319	147	0.019999999999999983
Pf1N1B4_132	147	0.009090909090909078
Pf1N1B4_1320	147	-0.008333333333333323
Pf1N1B4_1321	147	-0.017886178861788622
Pf1N1B4_1322	147	-0.041025641025641026
Pf1N1B4_1323	147	-0.040476190476190464
Pf1N1B4_1324	147	-0.059090909090909104
Pf1N1B4_1325	147	-0.03185185185185185
Pf1N1B4_1326	147	-0.1517241379310345
Pf1N1B4_1327	147	-0.2555555555555556
Pf1N1B4_1328	147	-0.2857142857142857
Pf1N1B4_1329	147	-0.29411764705882354
Pf1N1B4_133	147	0.03333333333333332
Pf1N1B4_1330	147	0.08333333333333333
Pf1N1B4_1331	147	-0.14
Pf1N1B4_1332	147	-0.13333333333333336
Pf1N1B4_1333	147	-0.07619047619047617
Pf1N1B4_1334	147	0.27999999999999997
Pf1N1B4_1335	147	0.12727272727272726
Pf1N1B4_1336	147	0.07499999999999998
Pf1N1B4_1337	147	0.0009803921568627481
Pf1N1B4_1338	147	-0.045454545454545435
Pf1N1B4_1339	147	0.0375
Pf1N1B4_134	147	-0.09444444444444443
Pf1N1B4_1340	147	-0.0625
Pf1N1B4_1341	147	-0.4
Pf1N1B4_1342	147	-0.10714285714285714
Pf1N1B4_1343	147	-0.060000000000000005
Pf1N1B4_1344	147	0.05
Pf1N1B4_1345	147	-0.02352941176470588
Pf1N1B4_1346	147	-0.028571428571428564
Pf1N1B4_1347	147	0.25555555555555554
Pf1N1B4_1348	147	0.07500000000000001
Pf1N1B4_1349	147	-0.8
Pf1N1B4_135	147	-0.06153846153846158
Pf1N1B4_1350	147	0.1333333333333333
Pf1N1B4_1351	147	-0.06666666666666662
Pf1N1B4_1352	147	0.5
Pf1N1B4_1353	147	0.05624999999999997
Pf1N1B4_1354	147	-0.07619047619047618
Pf1N1B4_1355	147	-0.019736842105263153
Pf1N1B4_1356	147	-0.1111111111111111
Pf1N1B4_1358	147	-0.16666666666666666
Pf1N1B4_1359	147	-0.07692307692307694
Pf1N1B4_136	147	-0.1416666666666667
Pf1N1B4_1360	147	-0.05000000000000002
Pf1N1B4_1362	147	-0.06190476190476192
Pf1N1B4_1363	147	0.007692307692307691
Pf1N1B4_1364	147	0.06956521739130436
Pf1N1B4_1365	147	-0.01666666666666668
Pf1N1B4_1366	147	-0.26
Pf1N1B4_1367	147	0.046153846153846136
Pf1N1B4_1368	147	-0.07924528301886793
Pf1N1B4_1369	147	0.0
Pf1N1B4_137	147	-0.06666666666666665
Pf1N1B4_1370	147	-0.1
Pf1N1B4_1371	147	0.008823529411764727
Pf1N1B4_1372	147	0.1
Pf1N1B4_1373	147	-0.02799999999999999
Pf1N1B4_1374	147	-0.2
Pf1N1B4_1375	147	-0.10980392156862745
Pf1N1B4_1376	147	-0.0967741935483871
Pf1N1B4_1377	147	0.0
Pf1N1B4_1378	147	-0.01052631578947369
Pf1N1B4_1379	147	-0.07391304347826087
Pf1N1B4_138	147	0.1
Pf1N1B4_1380	147	-0.09509803921568628
Pf1N1B4_1381	147	-0.04027777777777777
Pf1N1B4_1382	147	-0.07808219178082193
Pf1N1B4_1383	147	-0.10363636363636362
Pf1N1B4_1384	147	-0.004761904761904755
Pf1N1B4_1385	147	0.011538461538461553
Pf1N1B4_1386	147	-0.008333333333333304
Pf1N1B4_1388	147	0.0
Pf1N1B4_1389	147	-0.15000000000000002
Pf1N1B4_139	147	-0.01111111111111112
Pf1N1B4_1390	147	-0.07500000000000001
Pf1N1B4_1391	147	-0.10555555555555554
Pf1N1B4_1392	147	-0.05106382978723404
Pf1N1B4_1393	147	-0.09230769230769231
Pf1N1B4_1394	147	0.044444444444444425
Pf1N1B4_1395	147	-0.02500000000000001
Pf1N1B4_1396	147	-0.020930232558139528
Pf1N1B4_1399	147	-0.11764705882352941
Pf1N1B4_14	147	-1.3
Pf1N1B4_140	147	-0.075
Pf1N1B4_1402	147	-0.2285714285714286
Pf1N1B4_1403	147	-0.28444444444444444
Pf1N1B4_1404	147	0.006557377049180334
Pf1N1B4_1405	147	-0.026315789473684233
Pf1N1B4_1406	147	-0.06
Pf1N1B4_1408	147	-1.6300000000000001
Pf1N1B4_141	147	-0.1769230769230769
Pf1N1B4_1410	147	-0.5
Pf1N1B4_1411	147	0.058333333333333355
Pf1N1B4_1414	147	-0.15882352941176472
Pf1N1B4_1417	147	-0.035294117647058816
Pf1N1B4_1418	147	-0.12577319587628866
Pf1N1B4_1419	147	0.024999999999999998
Pf1N1B4_142	147	-0.10232558139534885
Pf1N1B4_1422	147	0.08124999999999999
Pf1N1B4_1423	147	-0.1076923076923077
Pf1N1B4_1424	147	0.01874999999999999
Pf1N1B4_1425	147	0.025925925925925932
Pf1N1B4_1426	147	0.15789473684210525
Pf1N1B4_1427	147	-0.11875000000000002
Pf1N1B4_1428	147	0.11176470588235293
Pf1N1B4_1429	147	-0.022500000000000006
Pf1N1B4_1430	147	0.014285714285714266
Pf1N1B4_1431	147	0.0067567567567567745
Pf1N1B4_1433	147	-0.08043478260869566
Pf1N1B4_1434	147	-1.397142857142857
Pf1N1B4_1436	147	-0.5
Pf1N1B4_1438	147	-0.5
Pf1N1B4_1439	147	0.03333333333333333
Pf1N1B4_1441	147	-0.18833333333333332
Pf1N1B4_1443	147	-0.033333333333333354
Pf1N1B4_1444	147	-0.0375
Pf1N1B4_1445	147	-0.1125
Pf1N1B4_1446	147	-0.04000000000000001
Pf1N1B4_1447	147	-0.10158730158730159
Pf1N1B4_1448	147	-0.03414634146341464
Pf1N1B4_145	147	-0.1
Pf1N1B4_1450	147	0.019047619047619053
Pf1N1B4_1451	147	0.04705882352941178
Pf1N1B4_1454	147	-0.06969696969696969
Pf1N1B4_1456	147	0.20434782608695656
Pf1N1B4_1457	147	0.2608695652173913
Pf1N1B4_1458	147	0.037500000000000006
Pf1N1B4_146	147	-0.078125
Pf1N1B4_1460	147	0.03421052631578947
Pf1N1B4_1461	147	0.3272727272727272
Pf1N1B4_1462	147	-0.1930769230769231
Pf1N1B4_1463	147	0.0603448275862069
Pf1N1B4_1464	147	0.12666666666666665
Pf1N1B4_1465	147	0.1310344827586207
Pf1N1B4_1466	147	0.13333333333333333
Pf1N1B4_1468	147	0.008333333333333328
Pf1N1B4_1469	147	0.04779411764705883
Pf1N1B4_147	147	-0.07600000000000001
Pf1N1B4_1472	147	-0.1
Pf1N1B4_1474	147	-0.07083333333333332
Pf1N1B4_1475	147	-0.004999999999999977
Pf1N1B4_1476	147	-0.03333333333333333
Pf1N1B4_1478	147	0.007272727272727275
Pf1N1B4_1479	147	0.07096774193548387
Pf1N1B4_148	147	-0.06764705882352941
Pf1N1B4_1480	147	0.1
Pf1N1B4_1481	147	-0.1875
Pf1N1B4_1482	147	0.037500000000000006
Pf1N1B4_1483	147	-0.05
Pf1N1B4_1484	147	-0.05119047619047619
Pf1N1B4_1485	147	0.18333333333333338
Pf1N1B4_1486	147	-0.08666666666666668
Pf1N1B4_1487	147	-0.07297297297297295
Pf1N1B4_1488	147	0.0181818181818182
Pf1N1B4_1489	147	-0.03384615384615385
Pf1N1B4_149	147	-0.09500000000000001
Pf1N1B4_1490	147	-0.05862068965517239
Pf1N1B4_1491	147	0.03571428571428572
Pf1N1B4_1492	147	-0.2
Pf1N1B4_1495	147	-0.07954545454545454
Pf1N1B4_1496	147	0.04666666666666668
Pf1N1B4_1497	147	-0.03768115942028985
Pf1N1B4_1498	147	0.0456140350877193
Pf1N1B4_15	147	-1.6454545454545455
Pf1N1B4_150	147	-0.1
Pf1N1B4_1500	147	-0.04285714285714283
Pf1N1B4_1501	147	-0.023529411764705882
Pf1N1B4_1502	147	-0.05185185185185185
Pf1N1B4_1503	147	-0.15000000000000002
Pf1N1B4_1504	147	-0.175
Pf1N1B4_1505	147	0.08500000000000002
Pf1N1B4_1506	147	-0.06875000000000002
Pf1N1B4_1507	147	-0.02352941176470588
Pf1N1B4_1508	147	-0.0285714285714286
Pf1N1B4_1509	147	-0.04222222222222221
Pf1N1B4_1510	147	-0.08064516129032258
Pf1N1B4_1511	147	0.07500000000000001
Pf1N1B4_1512	147	0.06333333333333332
Pf1N1B4_1513	147	-0.032258064516129024
Pf1N1B4_1514	147	0.020000000000000007
Pf1N1B4_1515	147	-0.03428571428571429
Pf1N1B4_1516	147	-0.019999999999999973
Pf1N1B4_1517	147	-0.06000000000000001
Pf1N1B4_1518	147	0.16666666666666663
Pf1N1B4_1519	147	-0.024999999999999984
Pf1N1B4_152	147	-0.06666666666666668
Pf1N1B4_1520	147	0.07837837837837838
Pf1N1B4_1521	147	-0.008571428571428591
Pf1N1B4_1522	147	-0.02419354838709676
Pf1N1B4_1523	147	0.05348837209302326
Pf1N1B4_1524	147	-0.08235294117647057
Pf1N1B4_1525	147	-0.013793103448275864
Pf1N1B4_1527	147	-0.05555555555555555
Pf1N1B4_1528	147	0.0875
Pf1N1B4_153	147	-0.02499999999999998
Pf1N1B4_1530	147	-0.03571428571428573
Pf1N1B4_1531	147	0.06379310344827586
Pf1N1B4_1533	147	-0.5571428571428572
Pf1N1B4_1534	147	-1.1436936936936937
Pf1N1B4_1535	147	-0.15454545454545457
Pf1N1B4_1536	147	-0.13970588235294118
Pf1N1B4_1537	147	-0.2
Pf1N1B4_1538	147	-1.15
Pf1N1B4_1539	147	-0.0945945945945946
Pf1N1B4_154	147	-0.2
Pf1N1B4_1540	147	-0.24000000000000005
Pf1N1B4_1541	147	-6.1679056923619804e-18
Pf1N1B4_1542	147	0.05
Pf1N1B4_1543	147	-0.05925925925925927
Pf1N1B4_1544	147	-0.2833333333333333
Pf1N1B4_1545	147	0.030864197530864185
Pf1N1B4_1546	147	-0.07058823529411765
Pf1N1B4_155	147	-0.27499999999999997
Pf1N1B4_1553	147	-0.2
Pf1N1B4_1554	147	-0.1523809523809524
Pf1N1B4_1555	147	0.06666666666666667
Pf1N1B4_1556	147	-0.1625
Pf1N1B4_1557	147	0.04767441860465116
Pf1N1B4_1558	147	0.06666666666666665
Pf1N1B4_1559	147	0.13999999999999996
Pf1N1B4_156	147	0.4
Pf1N1B4_1560	147	-0.05000000000000002
Pf1N1B4_1561	147	-0.25555555555555554
Pf1N1B4_1563	147	0.25
Pf1N1B4_1565	147	-1.2642857142857142
Pf1N1B4_1566	147	-0.9081081081081082
Pf1N1B4_1567	147	-0.325
Pf1N1B4_1568	147	-0.4444444444444444
Pf1N1B4_1569	147	-0.3110091743119266
Pf1N1B4_157	147	-0.024999999999999994
Pf1N1B4_1570	147	-0.11666666666666665
Pf1N1B4_1571	147	0.021739130434782594
Pf1N1B4_1572	147	0.01571428571428573
Pf1N1B4_1573	147	0.004545454545454527
Pf1N1B4_1574	147	-0.1473684210526316
Pf1N1B4_1575	147	0.02400000000000001
Pf1N1B4_1576	147	0.047058823529411764
Pf1N1B4_1577	147	-0.010256410256410275
Pf1N1B4_1578	147	-0.04782608695652174
Pf1N1B4_1579	147	-0.2636363636363636
Pf1N1B4_158	147	-0.13750000000000004
Pf1N1B4_1580	147	-0.04666666666666667
Pf1N1B4_1581	147	-0.039999999999999994
Pf1N1B4_1582	147	-0.09183673469387757
Pf1N1B4_1583	147	0.06363636363636363
Pf1N1B4_1584	147	-0.1666666666666667
Pf1N1B4_1585	147	-0.056521739130434775
Pf1N1B4_1586	147	-0.06804123711340206
Pf1N1B4_1587	147	-0.014705882352941181
Pf1N1B4_1588	147	-0.10588235294117647
Pf1N1B4_1589	147	0.22500000000000003
Pf1N1B4_159	147	-0.020000000000000018
Pf1N1B4_1590	147	-0.3130434782608696
Pf1N1B4_1591	147	-0.0271186440677966
Pf1N1B4_1592	147	0.019999999999999987
Pf1N1B4_1593	147	-0.020000000000000018
Pf1N1B4_1594	147	-0.03499999999999999
Pf1N1B4_1595	147	0.0666666666666667
Pf1N1B4_1597	147	-0.045454545454545456
Pf1N1B4_1598	147	1.4538634846281813e-17
Pf1N1B4_1599	147	-0.08734177215189874
Pf1N1B4_16	147	0.0625
Pf1N1B4_160	147	-0.11707317073170731
Pf1N1B4_1600	147	0.029411764705882342
Pf1N1B4_1607	147	0.0014492753623188386
Pf1N1B4_1608	147	-0.13333333333333333
Pf1N1B4_1609	147	0.018181818181818167
Pf1N1B4_161	147	-0.5
Pf1N1B4_1610	147	-0.35
Pf1N1B4_1611	147	-0.37692307692307697
Pf1N1B4_1612	147	-0.0833333333333333
Pf1N1B4_1613	147	-0.32499999999999996
Pf1N1B4_1614	147	-0.08181818181818185
Pf1N1B4_1615	147	-0.1888888888888889
Pf1N1B4_1617	147	-1.0081632653061223
Pf1N1B4_1619	147	-0.4091836734693878
Pf1N1B4_162	147	0.025000000000000022
Pf1N1B4_1620	147	-0.06499999999999999
Pf1N1B4_1621	147	0.005617977528089885
Pf1N1B4_1622	147	-0.007894736842105276
Pf1N1B4_1623	147	-0.8
Pf1N1B4_1624	147	-1.4821428571428572
Pf1N1B4_1625	147	-0.7000000000000001
Pf1N1B4_1626	147	-1.2857142857142858
Pf1N1B4_1627	147	-1.292857142857143
Pf1N1B4_1628	147	-0.031914893617021274
Pf1N1B4_1629	147	0.06363636363636367
Pf1N1B4_163	147	-0.15999999999999998
Pf1N1B4_1630	147	-0.15454545454545457
Pf1N1B4_1631	147	-0.013636363636363618
Pf1N1B4_1632	147	0.0050000000000000044
Pf1N1B4_1633	147	-0.013924050632911399
Pf1N1B4_1634	147	-0.018867924528301872
Pf1N1B4_1635	147	-0.008108108108108119
Pf1N1B4_1636	147	-0.25
Pf1N1B4_1637	147	-5.551115123125783e-17
Pf1N1B4_1638	147	-0.03095238095238098
Pf1N1B4_1639	147	0.03389830508474576
Pf1N1B4_164	147	-0.2333333333333333
Pf1N1B4_1640	147	0.010416666666666645
Pf1N1B4_1641	147	-0.1388888888888889
Pf1N1B4_1642	147	-0.022580645161290307
Pf1N1B4_1643	147	-0.02264150943396228
Pf1N1B4_1644	147	-0.011111111111111113
Pf1N1B4_1645	147	0.007317073170731716
Pf1N1B4_1646	147	0.06249999999999998
Pf1N1B4_1647	147	-0.15000000000000002
Pf1N1B4_1648	147	-0.05568181818181819
Pf1N1B4_1649	147	-0.010256410256410248
Pf1N1B4_165	147	-0.07142857142857141
Pf1N1B4_1650	147	0.048648648648648644
Pf1N1B4_1651	147	0.6000000000000001
Pf1N1B4_1652	147	-0.025999999999999995
Pf1N1B4_1653	147	-0.32727272727272727
Pf1N1B4_1654	147	-0.03333333333333336
Pf1N1B4_1655	147	0.027500000000000014
Pf1N1B4_1656	147	-0.006770833333333345
Pf1N1B4_1657	147	-0.06056338028169012
Pf1N1B4_1658	147	0.02894736842105264
Pf1N1B4_1659	147	-0.059848484848484845
Pf1N1B4_166	147	-0.15000000000000002
Pf1N1B4_1660	147	-0.03636363636363638
Pf1N1B4_1661	147	-0.26
Pf1N1B4_1662	147	-0.03529411764705883
Pf1N1B4_1663	147	-0.014000000000000004
Pf1N1B4_1664	147	-0.004166666666666656
Pf1N1B4_1665	147	-0.002325581395348829
Pf1N1B4_1666	147	-0.03666666666666666
Pf1N1B4_1667	147	-0.11111111111111113
Pf1N1B4_1668	147	-0.37058823529411766
Pf1N1B4_1669	147	-0.017948717948717947
Pf1N1B4_167	147	-0.3
Pf1N1B4_1670	147	-0.022222222222222213
Pf1N1B4_1671	147	0.02222222222222221
Pf1N1B4_1672	147	0.06296296296296296
Pf1N1B4_1673	147	-0.018918918918918913
Pf1N1B4_1674	147	0.0011627906976744236
Pf1N1B4_1675	147	-0.0142857142857143
Pf1N1B4_1676	147	-0.07368421052631578
Pf1N1B4_1677	147	-0.01702127659574468
Pf1N1B4_1678	147	0.02499999999999999
Pf1N1B4_1679	147	-0.024999999999999994
Pf1N1B4_168	147	-0.1105263157894737
Pf1N1B4_1680	147	0.011111111111111124
Pf1N1B4_1681	147	-0.023529411764705885
Pf1N1B4_1682	147	0.03125000000000001
Pf1N1B4_1683	147	-0.15000000000000002
Pf1N1B4_1684	147	-0.03559322033898306
Pf1N1B4_1685	147	-0.1
Pf1N1B4_1686	147	-0.03636363636363637
Pf1N1B4_1687	147	-0.06551724137931036
Pf1N1B4_1688	147	-0.16666666666666666
Pf1N1B4_1689	147	-0.04666666666666666
Pf1N1B4_169	147	0.45000000000000007
Pf1N1B4_1690	147	-0.12307692307692306
Pf1N1B4_1691	147	0.025000000000000022
Pf1N1B4_1692	147	-0.02096774193548388
Pf1N1B4_1693	147	-0.046874999999999986
Pf1N1B4_1694	147	0.009859154929577467
Pf1N1B4_1695	147	0.16666666666666666
Pf1N1B4_1696	147	0.1111111111111111
Pf1N1B4_1697	147	0.045
Pf1N1B4_1698	147	0.007692307692307699
Pf1N1B4_1699	147	0.03611111111111109
Pf1N1B4_17	147	-0.04137931034482759
Pf1N1B4_1700	147	0.1
Pf1N1B4_1701	147	-0.08124999999999999
Pf1N1B4_1702	147	0.06666666666666665
Pf1N1B4_1703	147	-0.040000000000000036
Pf1N1B4_1704	147	0.11818181818181818
Pf1N1B4_1705	147	1.586032892321652e-17
Pf1N1B4_1706	147	-0.012857142857142874
Pf1N1B4_1707	147	0.09999999999999999
Pf1N1B4_1708	147	-0.05999999999999998
Pf1N1B4_1709	147	-3.172065784643304e-17
Pf1N1B4_171	147	-0.15714285714285714
Pf1N1B4_1710	147	0.6
Pf1N1B4_1712	147	0.02857142857142856
Pf1N1B4_1713	147	0.015789473684210534
Pf1N1B4_1714	147	0.052941176470588235
Pf1N1B4_1715	147	-0.05818181818181818
Pf1N1B4_1716	147	-0.08571428571428572
Pf1N1B4_1717	147	-0.02121212121212121
Pf1N1B4_1718	147	0.0
Pf1N1B4_1719	147	0.01818181818181818
Pf1N1B4_172	147	-0.10000000000000002
Pf1N1B4_1721	147	0.1333333333333333
Pf1N1B4_1722	147	-0.00500000000000001
Pf1N1B4_1723	147	0.03600000000000001
Pf1N1B4_1724	147	-0.04545454545454548
Pf1N1B4_1725	147	-0.07313432835820896
Pf1N1B4_1726	147	-0.0423076923076923
Pf1N1B4_1727	147	-0.08181818181818182
Pf1N1B4_1729	147	-0.04629629629629631
Pf1N1B4_1730	147	-0.1444444444444445
Pf1N1B4_1731	147	-0.015
Pf1N1B4_1732	147	-0.048717948717948725
Pf1N1B4_1733	147	-0.1744186046511628
Pf1N1B4_1734	147	-0.07500000000000001
Pf1N1B4_1736	147	-0.25
Pf1N1B4_1738	147	-8.540177112501205e-18
Pf1N1B4_1739	147	-0.02916666666666666
Pf1N1B4_174	147	-0.00909090909090911
Pf1N1B4_1740	147	-0.06363636363636363
Pf1N1B4_1741	147	0.021052631578947364
Pf1N1B4_1742	147	-0.17647058823529413
Pf1N1B4_1743	147	-0.0631578947368421
Pf1N1B4_1744	147	-0.06909090909090909
Pf1N1B4_1745	147	-0.010869565217391302
Pf1N1B4_1746	147	0.037499999999999985
Pf1N1B4_1748	147	0.04193548387096774
Pf1N1B4_1749	147	-0.16666666666666666
Pf1N1B4_175	147	-0.25
Pf1N1B4_1750	147	-0.06666666666666667
Pf1N1B4_1751	147	0.30000000000000004
Pf1N1B4_1752	147	0.05
Pf1N1B4_1753	147	-0.11875000000000001
Pf1N1B4_1754	147	-0.07857142857142858
Pf1N1B4_1755	147	0.04615384615384614
Pf1N1B4_1756	147	0.12222222222222218
Pf1N1B4_1758	147	0.03617021276595746
Pf1N1B4_1759	147	0.007352941176470583
Pf1N1B4_176	147	-0.016666666666666663
Pf1N1B4_1760	147	0.0050847457627118614
Pf1N1B4_1761	147	-0.05555555555555557
Pf1N1B4_1762	147	-0.05625000000000001
Pf1N1B4_1763	147	-0.013274336283185851
Pf1N1B4_1764	147	0.05483870967741938
Pf1N1B4_1765	147	0.025000000000000022
Pf1N1B4_1766	147	-0.095
Pf1N1B4_1768	147	-0.029166666666666657
Pf1N1B4_1769	147	0.2333333333333334
Pf1N1B4_177	147	-0.06363636363636363
Pf1N1B4_1770	147	-0.028571428571428564
Pf1N1B4_1771	147	-0.023913043478260867
Pf1N1B4_1774	147	0.023913043478260877
Pf1N1B4_1775	147	-0.12916666666666668
Pf1N1B4_1776	147	-3.700743415417188e-17
Pf1N1B4_1780	147	-0.0285714285714286
Pf1N1B4_1781	147	-0.04999999999999999
Pf1N1B4_1782	147	0.13999999999999999
Pf1N1B4_1783	147	-0.033333333333333354
Pf1N1B4_1784	147	-0.08461538461538462
Pf1N1B4_1785	147	-0.0625
Pf1N1B4_1786	147	-0.04827586206896553
Pf1N1B4_1787	147	0.02749999999999998
Pf1N1B4_1788	147	-0.045454545454545456
Pf1N1B4_1789	147	-0.13928571428571426
Pf1N1B4_179	147	0.15
Pf1N1B4_1791	147	-0.0288888888888889
Pf1N1B4_1792	147	-0.08571428571428572
Pf1N1B4_1793	147	0.01923076923076924
Pf1N1B4_1794	147	0.024999999999999998
Pf1N1B4_1796	147	0.0015625000000000014
Pf1N1B4_1797	147	0.009090909090909085
Pf1N1B4_1798	147	-0.05192307692307692
Pf1N1B4_1799	147	-0.005755395683453235
Pf1N1B4_18	147	0.039999999999999994
Pf1N1B4_180	147	-0.1391304347826087
Pf1N1B4_1800	147	0.10000000000000003
Pf1N1B4_1802	147	0.0375
Pf1N1B4_1803	147	-0.040909090909090916
Pf1N1B4_1804	147	0.030769230769230767
Pf1N1B4_1805	147	-0.15294117647058825
Pf1N1B4_1806	147	-0.09999999999999999
Pf1N1B4_1807	147	-0.06126126126126126
Pf1N1B4_1808	147	-0.06818181818181818
Pf1N1B4_1809	147	-0.004166666666666676
Pf1N1B4_181	147	-0.4000000000000001
Pf1N1B4_1810	147	0.0
Pf1N1B4_1811	147	-0.015789473684210516
Pf1N1B4_1812	147	-0.2571428571428572
Pf1N1B4_1813	147	-0.083419689119171
Pf1N1B4_1814	147	0.027500000000000007
Pf1N1B4_1815	147	-0.06859504132231405
Pf1N1B4_1816	147	0.05510204081632653
Pf1N1B4_1817	147	-0.05714285714285714
Pf1N1B4_1818	147	-0.020000000000000007
Pf1N1B4_1819	147	-0.19
Pf1N1B4_182	147	-0.1166666666666667
Pf1N1B4_1820	147	-0.0411290322580645
Pf1N1B4_1821	147	-0.04407894736842106
Pf1N1B4_1822	147	0.2
Pf1N1B4_1824	147	0.5
Pf1N1B4_1825	147	-0.1
Pf1N1B4_1826	147	-0.3
Pf1N1B4_1827	147	-0.22727272727272727
Pf1N1B4_183	147	-0.011111111111111115
Pf1N1B4_1830	147	-1.3
Pf1N1B4_1831	147	-1.564
Pf1N1B4_1832	147	-0.0888888888888889
Pf1N1B4_1833	147	0.08750000000000002
Pf1N1B4_1834	147	-0.031249999999999986
Pf1N1B4_1835	147	-0.2
Pf1N1B4_1836	147	0.05500000000000001
Pf1N1B4_1837	147	-0.46666666666666673
Pf1N1B4_1838	147	0.16
Pf1N1B4_1839	147	0.06964285714285713
Pf1N1B4_184	147	-0.15454545454545454
Pf1N1B4_1840	147	0.007692307692307705
Pf1N1B4_1841	147	0.025000000000000005
Pf1N1B4_1842	147	0.04
Pf1N1B4_1843	147	-0.0782608695652174
Pf1N1B4_1844	147	-0.02733812949640287
Pf1N1B4_1845	147	-0.033333333333333326
Pf1N1B4_1846	147	-0.02954545454545453
Pf1N1B4_1847	147	0.017391304347826084
Pf1N1B4_1848	147	-0.049438202247191004
Pf1N1B4_1849	147	0.058823529411764705
Pf1N1B4_185	147	-0.05
Pf1N1B4_1850	147	-0.05227272727272727
Pf1N1B4_1851	147	-0.019999999999999993
Pf1N1B4_1853	147	-0.03777777777777779
Pf1N1B4_1854	147	-0.04552845528455284
Pf1N1B4_1855	147	-0.13333333333333333
Pf1N1B4_1856	147	-0.03684210526315788
Pf1N1B4_1857	147	0.04333333333333333
Pf1N1B4_1859	147	-0.014705882352941183
Pf1N1B4_186	147	-0.19999999999999996
Pf1N1B4_1860	147	-0.005405405405405408
Pf1N1B4_1861	147	0.006557377049180323
Pf1N1B4_1862	147	-0.044827586206896544
Pf1N1B4_1863	147	-0.09344262295081966
Pf1N1B4_1864	147	-0.028571428571428577
Pf1N1B4_1865	147	-0.07727272727272728
Pf1N1B4_1866	147	-0.16250000000000003
Pf1N1B4_1867	147	-0.02706766917293233
Pf1N1B4_1868	147	0.036842105263157884
Pf1N1B4_1869	147	-0.06341463414634145
Pf1N1B4_187	147	-0.054000000000000006
Pf1N1B4_1870	147	-0.05714285714285714
Pf1N1B4_1871	147	-0.18000000000000002
Pf1N1B4_1872	147	-0.17551020408163265
Pf1N1B4_1874	147	-0.06153846153846155
Pf1N1B4_1878	147	-0.07319587628865981
Pf1N1B4_1879	147	-1.1
Pf1N1B4_188	147	-0.30000000000000004
Pf1N1B4_1880	147	-0.0725
Pf1N1B4_1881	147	-0.007228915662650601
Pf1N1B4_1882	147	-0.007531380753138079
Pf1N1B4_1883	147	-0.047619047619047616
Pf1N1B4_1884	147	-0.027027027027027032
Pf1N1B4_1885	147	-0.029032258064516127
Pf1N1B4_1886	147	0.05294117647058824
Pf1N1B4_1887	147	0.024999999999999994
Pf1N1B4_1888	147	0.18636363636363634
Pf1N1B4_1889	147	0.01681415929203539
Pf1N1B4_189	147	-0.12500000000000003
Pf1N1B4_1890	147	-0.07142857142857142
Pf1N1B4_1891	147	-0.020000000000000052
Pf1N1B4_1892	147	0.1375
Pf1N1B4_1893	147	-0.12142857142857143
Pf1N1B4_1894	147	-0.03142857142857142
Pf1N1B4_1895	147	-0.00816326530612245
Pf1N1B4_1896	147	-0.10357142857142858
Pf1N1B4_1897	147	-0.09642857142857142
Pf1N1B4_1898	147	-0.1222222222222222
Pf1N1B4_1899	147	0.015384615384615398
Pf1N1B4_19	147	-0.1
Pf1N1B4_190	147	-0.12000000000000002
Pf1N1B4_1900	147	0.011363636363636364
Pf1N1B4_1901	147	0.016666666666666663
Pf1N1B4_1902	147	-0.1121951219512195
Pf1N1B4_1903	147	0.005194805194805192
Pf1N1B4_1904	147	-0.06274509803921569
Pf1N1B4_1905	147	-0.01960784313725493
Pf1N1B4_1906	147	-0.723529411764706
Pf1N1B4_1908	147	-0.07228915662650601
Pf1N1B4_191	147	-0.16799999999999998
Pf1N1B4_1910	147	0.025490196078431362
Pf1N1B4_1911	147	-0.0857142857142857
Pf1N1B4_1914	147	-0.15999999999999998
Pf1N1B4_1915	147	0.0011904761904761862
Pf1N1B4_1916	147	0.040000000000000015
Pf1N1B4_192	147	-0.07096774193548387
Pf1N1B4_1923	147	-0.04262295081967213
Pf1N1B4_1924	147	-0.0037037037037036986
Pf1N1B4_1925	147	-0.04743589743589743
Pf1N1B4_1927	147	-0.13214285714285715
Pf1N1B4_193	147	-0.13333333333333333
Pf1N1B4_1936	147	-0.2818181818181818
Pf1N1B4_1937	147	-0.5
Pf1N1B4_194	147	-0.22499999999999998
Pf1N1B4_1946	147	-0.1823529411764706
Pf1N1B4_1948	147	-0.036734693877551024
Pf1N1B4_1949	147	-0.07
Pf1N1B4_195	147	-0.11818181818181821
Pf1N1B4_1950	147	0.0
Pf1N1B4_1951	147	-0.04461538461538461
Pf1N1B4_1952	147	-0.08640776699029125
Pf1N1B4_1953	147	-0.05263157894736842
Pf1N1B4_1954	147	-0.08499999999999999
Pf1N1B4_1955	147	-0.06739130434782607
Pf1N1B4_1956	147	-0.08148148148148149
Pf1N1B4_1957	147	0.1
Pf1N1B4_1958	147	0.0
Pf1N1B4_1959	147	-0.062337662337662345
Pf1N1B4_196	147	-0.21428571428571427
Pf1N1B4_1960	147	-0.09090909090909094
Pf1N1B4_1961	147	-0.05454545454545454
Pf1N1B4_1962	147	-0.14545454545454545
Pf1N1B4_1963	147	-0.01111111111111112
Pf1N1B4_1964	147	0.009090909090909078
Pf1N1B4_1965	147	0.005000000000000016
Pf1N1B4_1966	147	-0.009677419354838715
Pf1N1B4_1967	147	-0.0625
Pf1N1B4_1968	147	1.959217102279688e-18
Pf1N1B4_1969	147	0.02150537634408604
Pf1N1B4_197	147	-0.175
Pf1N1B4_1970	147	-0.019402985074626875
Pf1N1B4_1971	147	-0.13333333333333333
Pf1N1B4_1972	147	0.005882352941176476
Pf1N1B4_1973	147	-0.030921052631578943
Pf1N1B4_1974	147	-0.09999999999999998
Pf1N1B4_1975	147	-0.15000000000000002
Pf1N1B4_1976	147	-0.03454545454545455
Pf1N1B4_1977	147	-0.07894736842105263
Pf1N1B4_1978	147	0.007142857142857128
Pf1N1B4_1979	147	0.08666666666666667
Pf1N1B4_198	147	-0.17142857142857146
Pf1N1B4_1980	147	-0.10227272727272729
Pf1N1B4_1981	147	-0.01632653061224489
Pf1N1B4_1982	147	-0.049549549549549564
Pf1N1B4_1983	147	-0.1142857142857143
Pf1N1B4_1984	147	-0.08888888888888889
Pf1N1B4_1985	147	0.125
Pf1N1B4_1986	147	0.033333333333333326
Pf1N1B4_1987	147	-0.04411764705882352
Pf1N1B4_1988	147	-0.09428571428571428
Pf1N1B4_1989	147	-0.2
Pf1N1B4_199	147	-0.05
Pf1N1B4_1990	147	0.12352941176470589
Pf1N1B4_1991	147	0.040000000000000015
Pf1N1B4_1992	147	-0.0035714285714285826
Pf1N1B4_1993	147	-0.25
Pf1N1B4_1994	147	-0.15
Pf1N1B4_1995	147	-0.006666666666666677
Pf1N1B4_1996	147	-0.016666666666666677
Pf1N1B4_1998	147	-0.16153846153846158
Pf1N1B4_1999	147	-0.02352941176470589
Pf1N1B4_20	147	0.06666666666666658
Pf1N1B4_200	147	-0.20666666666666667
Pf1N1B4_2000	147	-0.1032258064516129
Pf1N1B4_2001	147	0.06470588235294118
Pf1N1B4_2002	147	-0.058823529411764705
Pf1N1B4_2003	147	-0.006666666666666672
Pf1N1B4_2004	147	-0.19999999999999998
Pf1N1B4_2005	147	-0.54
Pf1N1B4_2006	147	0.04999999999999997
Pf1N1B4_2007	147	-0.04
Pf1N1B4_2008	147	-0.14090909090909093
Pf1N1B4_2009	147	-0.6583333333333333
Pf1N1B4_201	147	-0.08
Pf1N1B4_2010	147	-0.6931034482758621
Pf1N1B4_2011	147	-0.5160714285714285
Pf1N1B4_2012	147	-0.0339622641509434
Pf1N1B4_2013	147	-0.020588235294117654
Pf1N1B4_2014	147	-0.06666666666666667
Pf1N1B4_2015	147	-0.10833333333333332
Pf1N1B4_2016	147	-0.030303030303030297
Pf1N1B4_2017	147	-0.02131147540983607
Pf1N1B4_2018	147	-0.030526315789473693
Pf1N1B4_2019	147	-0.006349206349206355
Pf1N1B4_202	147	-0.24285714285714288
Pf1N1B4_2020	147	-0.06578947368421052
Pf1N1B4_2021	147	-0.14999999999999997
Pf1N1B4_2022	147	-0.04782608695652173
Pf1N1B4_2023	147	-0.055172413793103434
Pf1N1B4_2024	147	0.009090909090909084
Pf1N1B4_2025	147	-0.25
Pf1N1B4_2026	147	0.04615384615384613
Pf1N1B4_2028	147	-0.8
Pf1N1B4_2029	147	0.028571428571428564
Pf1N1B4_203	147	-0.21666666666666667
Pf1N1B4_2030	147	-0.0060606060606060545
Pf1N1B4_2031	147	0.009090909090909073
Pf1N1B4_2033	147	-0.022580645161290318
Pf1N1B4_2035	147	-0.23809523809523808
Pf1N1B4_2036	147	-0.20833333333333334
Pf1N1B4_2037	147	-0.24545454545454548
Pf1N1B4_2038	147	-0.1
Pf1N1B4_2039	147	0.020000000000000018
Pf1N1B4_204	147	-0.16666666666666666
Pf1N1B4_2040	147	0.15000000000000002
Pf1N1B4_2041	147	-0.08666666666666668
Pf1N1B4_2042	147	-0.05757575757575758
Pf1N1B4_2043	147	-0.07090909090909091
Pf1N1B4_2044	147	0.006818181818181814
Pf1N1B4_2045	147	-0.06551724137931035
Pf1N1B4_2047	147	0.24545454545454548
Pf1N1B4_2048	147	-0.025
Pf1N1B4_2049	147	-0.3
Pf1N1B4_205	147	0.04285714285714285
Pf1N1B4_2050	147	-0.004878048780487826
Pf1N1B4_2052	147	-0.1125
Pf1N1B4_2053	147	-0.016091954022988502
Pf1N1B4_2054	147	-0.06000000000000001
Pf1N1B4_2055	147	0.07916666666666668
Pf1N1B4_2056	147	0.025925925925925915
Pf1N1B4_2057	147	0.018181818181818167
Pf1N1B4_2058	147	-0.04716981132075473
Pf1N1B4_206	147	-0.10454545454545454
Pf1N1B4_2060	147	-0.06666666666666665
Pf1N1B4_2061	147	0.12
Pf1N1B4_2062	147	0.03499999999999998
Pf1N1B4_2063	147	-0.01090909090909092
Pf1N1B4_2064	147	-0.027272727272727292
Pf1N1B4_2065	147	-0.096
Pf1N1B4_2066	147	-0.008823529411764702
Pf1N1B4_2067	147	-0.06
Pf1N1B4_2068	147	-0.0026315789473684236
Pf1N1B4_2069	147	0.08235294117647059
Pf1N1B4_207	147	-0.15000000000000002
Pf1N1B4_2070	147	-0.03636363636363637
Pf1N1B4_2071	147	0.06000000000000005
Pf1N1B4_2072	147	0.12666666666666668
Pf1N1B4_2073	147	0.009756097560975611
Pf1N1B4_2074	147	-0.2
Pf1N1B4_2075	147	-0.0875
Pf1N1B4_2076	147	-0.03529411764705883
Pf1N1B4_2077	147	0.02500000000000001
Pf1N1B4_2078	147	0.04999999999999999
Pf1N1B4_2079	147	0.02380952380952382
Pf1N1B4_208	147	-0.25
Pf1N1B4_2080	147	0.06000000000000001
Pf1N1B4_2081	147	0.003030303030303033
Pf1N1B4_2082	147	-0.023076923076923064
Pf1N1B4_2083	147	0.022222222222222216
Pf1N1B4_2084	147	0.016883116883116885
Pf1N1B4_2085	147	-0.033333333333333326
Pf1N1B4_2086	147	0.046808510638297864
Pf1N1B4_2087	147	-0.09999999999999998
Pf1N1B4_2088	147	0.08260869565217388
Pf1N1B4_2089	147	-0.09523809523809523
Pf1N1B4_209	147	-0.006521739130434779
Pf1N1B4_2090	147	-0.09999999999999996
Pf1N1B4_2091	147	-0.10000000000000002
Pf1N1B4_2092	147	0.3
Pf1N1B4_2093	147	-0.09999999999999999
Pf1N1B4_2094	147	-0.1153846153846154
Pf1N1B4_2095	147	-0.035555555555555556
Pf1N1B4_2096	147	-0.01428571428571431
Pf1N1B4_2097	147	-0.08333333333333331
Pf1N1B4_2098	147	-0.056521739130434775
Pf1N1B4_2099	147	-0.05333333333333332
Pf1N1B4_21	147	-0.13000000000000003
Pf1N1B4_210	147	-0.07254901960784314
Pf1N1B4_2100	147	-0.0375
Pf1N1B4_2101	147	0.016
Pf1N1B4_2102	147	0.07500000000000001
Pf1N1B4_2103	147	-0.11599999999999998
Pf1N1B4_2104	147	-0.05483870967741936
Pf1N1B4_2105	147	-0.55
Pf1N1B4_2106	147	-0.30000000000000004
Pf1N1B4_211	147	0.07246376811594203
Pf1N1B4_2110	147	-0.034375
Pf1N1B4_2111	147	0.002857142857142852
Pf1N1B4_2112	147	-0.6849557522123894
Pf1N1B4_2113	147	0.19999999999999998
Pf1N1B4_2114	147	-0.23103448275862065
Pf1N1B4_2117	147	-0.05584415584415584
Pf1N1B4_2119	147	-0.1
Pf1N1B4_212	147	-0.11612903225806454
Pf1N1B4_2120	147	0.5
Pf1N1B4_2122	147	-0.009999999999999986
Pf1N1B4_2123	147	0.04999999999999998
Pf1N1B4_2126	147	0.03214285714285714
Pf1N1B4_2127	147	-0.021698113207547175
Pf1N1B4_213	147	-0.1
Pf1N1B4_2130	147	0.046341463414634125
Pf1N1B4_2131	147	0.046153846153846205
Pf1N1B4_2132	147	0.023636363636363626
Pf1N1B4_2133	147	-0.005882352941176485
Pf1N1B4_2134	147	0.023333333333333338
Pf1N1B4_2135	147	0.011764705882352953
Pf1N1B4_2136	147	-0.029629629629629634
Pf1N1B4_2137	147	-0.016666666666666666
Pf1N1B4_2138	147	-0.06363636363636366
Pf1N1B4_2139	147	-0.07244897959183673
Pf1N1B4_214	147	-0.042028985507246375
Pf1N1B4_2140	147	-0.09999999999999999
Pf1N1B4_2141	147	-0.06543209876543209
Pf1N1B4_2142	147	-0.035294117647058844
Pf1N1B4_2143	147	-0.1
Pf1N1B4_2144	147	-0.18
Pf1N1B4_2145	147	0.0
Pf1N1B4_2147	147	-0.09
Pf1N1B4_2149	147	-0.011235955056179778
Pf1N1B4_215	147	-0.07380952380952381
Pf1N1B4_2150	147	-0.10000000000000002
Pf1N1B4_2153	147	-0.06666666666666667
Pf1N1B4_2154	147	0.12499999999999997
Pf1N1B4_2155	147	-0.017647058823529408
Pf1N1B4_2156	147	0.017499999999999995
Pf1N1B4_2157	147	0.03928571428571429
Pf1N1B4_2158	147	-0.003947368421052629
Pf1N1B4_2159	147	0.024096385542168666
Pf1N1B4_216	147	-0.2857142857142857
Pf1N1B4_2160	147	0.06428571428571428
Pf1N1B4_2161	147	0.023076923076923068
Pf1N1B4_2162	147	-0.04285714285714285
Pf1N1B4_2163	147	2.7755575615628914e-17
Pf1N1B4_2164	147	0.04545454545454548
Pf1N1B4_2167	147	-0.059090909090909104
Pf1N1B4_2168	147	-0.0846153846153846
Pf1N1B4_2169	147	0.01111111111111112
Pf1N1B4_217	147	-0.15882352941176475
Pf1N1B4_2170	147	-0.07000000000000002
Pf1N1B4_2171	147	-0.1888888888888889
Pf1N1B4_2172	147	-0.09999999999999999
Pf1N1B4_2173	147	-0.14285714285714288
Pf1N1B4_2176	147	-0.18
Pf1N1B4_2177	147	0.1
Pf1N1B4_2178	147	0.04999999999999999
Pf1N1B4_2179	147	-0.014666666666666656
Pf1N1B4_218	147	0.28695652173913044
Pf1N1B4_2180	147	0.4
Pf1N1B4_2182	147	0.06315789473684211
Pf1N1B4_2183	147	-0.65
Pf1N1B4_2184	147	0.04848484848484847
Pf1N1B4_2188	147	0.325
Pf1N1B4_2189	147	-0.24444444444444446
Pf1N1B4_219	147	-0.25555555555555554
Pf1N1B4_2190	147	0.05405405405405406
Pf1N1B4_2191	147	0.008888888888888882
Pf1N1B4_2192	147	0.0035714285714285704
Pf1N1B4_2193	147	0.1125
Pf1N1B4_2194	147	0.04285714285714287
Pf1N1B4_2195	147	0.033333333333333326
Pf1N1B4_2196	147	-0.05714285714285715
Pf1N1B4_2197	147	0.054285714285714284
Pf1N1B4_2198	147	-0.07857142857142858
Pf1N1B4_2199	147	-0.12916666666666668
Pf1N1B4_22	147	-0.30833333333333335
Pf1N1B4_220	147	-0.11052631578947367
Pf1N1B4_2200	147	-0.034482758620689655
Pf1N1B4_2201	147	-0.05434782608695651
Pf1N1B4_2202	147	-0.019791666666666666
Pf1N1B4_2203	147	0.0
Pf1N1B4_2204	147	-0.034782608695652174
Pf1N1B4_2205	147	-0.0037037037037037017
Pf1N1B4_2206	147	-0.04210526315789473
Pf1N1B4_2207	147	0.024390243902439015
Pf1N1B4_2208	147	-0.49615384615384617
Pf1N1B4_2209	147	-0.8058823529411764
Pf1N1B4_221	147	-0.07857142857142858
Pf1N1B4_2210	147	-0.15000000000000002
Pf1N1B4_2211	147	0.1
Pf1N1B4_2212	147	0.040740740740740744
Pf1N1B4_2213	147	-0.014285714285714282
Pf1N1B4_2214	147	0.07500000000000001
Pf1N1B4_2218	147	-0.061111111111111116
Pf1N1B4_2219	147	-0.00952380952380948
Pf1N1B4_222	147	-0.2545454545454545
Pf1N1B4_2220	147	-0.06941176470588235
Pf1N1B4_2221	147	-0.0909090909090909
Pf1N1B4_2222	147	-0.07142857142857142
Pf1N1B4_2223	147	-0.16363636363636364
Pf1N1B4_2224	147	-0.028571428571428564
Pf1N1B4_2225	147	-0.3875
Pf1N1B4_2227	147	0.0714285714285714
Pf1N1B4_2228	147	-0.18666666666666668
Pf1N1B4_2229	147	-0.022435897435897433
Pf1N1B4_223	147	-0.05454545454545454
Pf1N1B4_2232	147	0.10434782608695652
Pf1N1B4_2233	147	-0.07250000000000001
Pf1N1B4_2234	147	-0.24666666666666667
Pf1N1B4_2235	147	0.021311475409836043
Pf1N1B4_2236	147	-0.05585585585585585
Pf1N1B4_2237	147	0.05714285714285715
Pf1N1B4_2238	147	-0.006451612903225796
Pf1N1B4_2239	147	-0.05999999999999999
Pf1N1B4_224	147	-0.125
Pf1N1B4_2240	147	0.030000000000000006
Pf1N1B4_2241	147	-0.09629629629629628
Pf1N1B4_2242	147	-0.07999999999999999
Pf1N1B4_2244	147	-0.020000000000000018
Pf1N1B4_2245	147	-0.040909090909090916
Pf1N1B4_2246	147	0.05434782608695652
Pf1N1B4_2247	147	0.10000000000000003
Pf1N1B4_2248	147	-0.012765957446808508
Pf1N1B4_2249	147	-0.050000000000000024
Pf1N1B4_225	147	-0.10666666666666667
Pf1N1B4_2250	147	-0.07666666666666666
Pf1N1B4_2251	147	-0.16666666666666666
Pf1N1B4_2252	147	-0.15
Pf1N1B4_2253	147	0.05384615384615385
Pf1N1B4_2254	147	-0.01081081081081082
Pf1N1B4_2255	147	-0.051428571428571435
Pf1N1B4_2256	147	0.020754716981132088
Pf1N1B4_2257	147	-0.029687500000000002
Pf1N1B4_2258	147	0.20000000000000007
Pf1N1B4_2259	147	-0.04285714285714284
Pf1N1B4_226	147	0.0
Pf1N1B4_2260	147	-0.03658536585365854
Pf1N1B4_2261	147	-0.008108108108108103
Pf1N1B4_2262	147	-0.10862068965517242
Pf1N1B4_2263	147	-0.18181818181818185
Pf1N1B4_2264	147	-0.03199999999999997
Pf1N1B4_2265	147	-0.018367346938775522
Pf1N1B4_2266	147	-0.04117647058823529
Pf1N1B4_2268	147	0.006818181818181823
Pf1N1B4_2269	147	0.08571428571428574
Pf1N1B4_2270	147	-0.022222222222222237
Pf1N1B4_2271	147	-0.03846153846153845
Pf1N1B4_2272	147	-1.1666666666666667
Pf1N1B4_2273	147	-0.17368421052631577
Pf1N1B4_2274	147	-0.06785714285714287
Pf1N1B4_2275	147	0.08636363636363636
Pf1N1B4_2276	147	0.038461538461538464
Pf1N1B4_2277	147	-0.07600000000000001
Pf1N1B4_2279	147	0.020000000000000007
Pf1N1B4_228	147	0.09999999999999998
Pf1N1B4_2280	147	-0.6124999999999999
Pf1N1B4_2281	147	0.2125
Pf1N1B4_2282	147	-1.089090909090909
Pf1N1B4_2283	147	-0.8
Pf1N1B4_2284	147	-0.388235294117647
Pf1N1B4_2286	147	0.011428571428571418
Pf1N1B4_2287	147	0.022727272727272728
Pf1N1B4_229	147	-0.18666666666666665
Pf1N1B4_2290	147	0.011111111111111108
Pf1N1B4_2291	147	-0.11864406779661019
Pf1N1B4_2292	147	0.05000000000000001
Pf1N1B4_2293	147	-0.1076923076923077
Pf1N1B4_2294	147	0.023809523809523808
Pf1N1B4_2295	147	-0.07666666666666666
Pf1N1B4_2296	147	-0.09999999999999999
Pf1N1B4_2297	147	-0.1
Pf1N1B4_2298	147	-0.096
Pf1N1B4_2299	147	-0.1
Pf1N1B4_230	147	-0.13333333333333333
Pf1N1B4_2301	147	-0.017241379310344834
Pf1N1B4_2302	147	-0.05825242718446602
Pf1N1B4_2303	147	-1.7950980392156861
Pf1N1B4_2304	147	-0.056140350877192984
Pf1N1B4_2305	147	0.005882352941176471
Pf1N1B4_2306	147	-0.006976744186046505
Pf1N1B4_2307	147	0.22941176470588234
Pf1N1B4_2308	147	-0.07636363636363637
Pf1N1B4_2309	147	0.009090909090909078
Pf1N1B4_231	147	-0.30625
Pf1N1B4_2311	147	0.0
Pf1N1B4_2313	147	0.017187500000000005
Pf1N1B4_2314	147	0.24
Pf1N1B4_2315	147	-0.05294117647058825
Pf1N1B4_2316	147	-0.11578947368421051
Pf1N1B4_2317	147	-0.0833333333333333
Pf1N1B4_2318	147	0.027777777777777783
Pf1N1B4_2319	147	0.02258064516129029
Pf1N1B4_232	147	-0.2333333333333333
Pf1N1B4_2321	147	-0.10000000000000009
Pf1N1B4_2322	147	-0.06666666666666667
Pf1N1B4_2328	147	-0.023076923076923106
Pf1N1B4_2329	147	-0.02666666666666663
Pf1N1B4_233	147	-0.14666666666666664
Pf1N1B4_2330	147	-0.3
Pf1N1B4_2331	147	-0.10909090909090911
Pf1N1B4_2332	147	-0.2
Pf1N1B4_2333	147	-0.06363636363636363
Pf1N1B4_2334	147	-0.12000000000000002
Pf1N1B4_2335	147	-0.12222222222222223
Pf1N1B4_2336	147	-0.04444444444444443
Pf1N1B4_2337	147	-1.1142857142857143
Pf1N1B4_2338	147	-1.2249999999999999
Pf1N1B4_2339	147	-0.325
Pf1N1B4_234	147	-0.06000000000000001
Pf1N1B4_2342	147	-0.09999999999999999
Pf1N1B4_2343	147	-0.033333333333333354
Pf1N1B4_2344	147	-0.009756097560975603
Pf1N1B4_2345	147	-0.0212121212121212
Pf1N1B4_2346	147	-1.6
Pf1N1B4_2348	147	-0.21428571428571427
Pf1N1B4_235	147	-0.23043478260869565
Pf1N1B4_2350	147	0.08888888888888885
Pf1N1B4_2352	147	-0.0918918918918919
Pf1N1B4_2353	147	-0.0642857142857143
Pf1N1B4_2354	147	-0.12222222222222223
Pf1N1B4_2355	147	0.07857142857142858
Pf1N1B4_2356	147	0.15714285714285717
Pf1N1B4_2357	147	0.10652173913043476
Pf1N1B4_2358	147	-0.02015503875968992
Pf1N1B4_2359	147	-0.010000000000000009
Pf1N1B4_236	147	-0.2333333333333333
Pf1N1B4_2360	147	-0.21999999999999997
Pf1N1B4_2361	147	-0.046296296296296294
Pf1N1B4_2362	147	-0.03333333333333333
Pf1N1B4_2364	147	0.02727272727272728
Pf1N1B4_2365	147	-0.08235294117647059
Pf1N1B4_2366	147	0.09
Pf1N1B4_2367	147	-0.06315789473684212
Pf1N1B4_2368	147	-0.039999999999999994
Pf1N1B4_2369	147	-0.04999999999999993
Pf1N1B4_237	147	-0.08
Pf1N1B4_2370	147	0.021052631578947364
Pf1N1B4_2371	147	-0.06521739130434781
Pf1N1B4_2372	147	-0.16
Pf1N1B4_2373	147	0.06499999999999999
Pf1N1B4_2374	147	0.26666666666666666
Pf1N1B4_2375	147	-0.0711340206185567
Pf1N1B4_2376	147	-0.09999999999999999
Pf1N1B4_2377	147	-0.6527777777777778
Pf1N1B4_2378	147	-0.05373134328358209
Pf1N1B4_2379	147	-0.03586956521739131
Pf1N1B4_2380	147	0.15333333333333332
Pf1N1B4_2381	147	0.0921875
Pf1N1B4_2382	147	0.17142857142857143
Pf1N1B4_2383	147	-0.003333333333333355
Pf1N1B4_2384	147	-1.3055555555555556
Pf1N1B4_2386	147	-0.10526315789473684
Pf1N1B4_2387	147	0.07352941176470587
Pf1N1B4_2388	147	-0.0090909090909091
Pf1N1B4_2389	147	0.039999999999999994
Pf1N1B4_239	147	-0.4
Pf1N1B4_2390	147	0.08750000000000002
Pf1N1B4_2391	147	-0.008219178082191773
Pf1N1B4_2392	147	0.014285714285714282
Pf1N1B4_2394	147	-0.022222222222222227
Pf1N1B4_2396	147	-0.038095238095238106
Pf1N1B4_2399	147	-0.35000000000000003
Pf1N1B4_240	147	-0.2
Pf1N1B4_2400	147	-0.09999999999999999
Pf1N1B4_2401	147	-0.19999999999999998
Pf1N1B4_2403	147	0.06086956521739128
Pf1N1B4_2404	147	-0.016666666666666663
Pf1N1B4_2405	147	-0.04705882352941177
Pf1N1B4_2406	147	-0.01764705882352942
Pf1N1B4_2407	147	-0.00833333333333334
Pf1N1B4_2408	147	-5.742532885992189e-18
Pf1N1B4_2409	147	-0.011111111111111108
Pf1N1B4_241	147	-0.2
Pf1N1B4_2410	147	-0.007692307692307699
Pf1N1B4_2411	147	0.1
Pf1N1B4_2412	147	-0.08461538461538462
Pf1N1B4_2413	147	0.018181818181818177
Pf1N1B4_2414	147	0.028571428571428584
Pf1N1B4_2415	147	-0.020000000000000018
Pf1N1B4_2416	147	-0.05882352941176469
Pf1N1B4_2417	147	-2.0816681711721685e-17
Pf1N1B4_2418	147	-0.027272727272727258
Pf1N1B4_2419	147	0.04634146341463415
Pf1N1B4_242	147	-0.19285714285714287
Pf1N1B4_2420	147	-0.03333333333333333
Pf1N1B4_2421	147	0.01111111111111112
Pf1N1B4_2422	147	-0.004347826086956518
Pf1N1B4_2423	147	0.0076923076923076875
Pf1N1B4_2424	147	-0.04999999999999999
Pf1N1B4_2425	147	0.04117647058823527
Pf1N1B4_2426	147	0.0
Pf1N1B4_2427	147	0.0142857142857143
Pf1N1B4_2428	147	-0.06666666666666667
Pf1N1B4_2429	147	-0.03125000000000002
Pf1N1B4_243	147	-0.030000000000000027
Pf1N1B4_2430	147	-0.02307692307692307
Pf1N1B4_2431	147	-0.04375
Pf1N1B4_2432	147	0.04285714285714283
Pf1N1B4_2433	147	0.07500000000000001
Pf1N1B4_2434	147	0.25
Pf1N1B4_2435	147	-0.13333333333333333
Pf1N1B4_2436	147	-0.09411764705882354
Pf1N1B4_2437	147	-0.03125
Pf1N1B4_2438	147	-0.12692307692307692
Pf1N1B4_2439	147	-0.09333333333333334
Pf1N1B4_2440	147	-0.03793103448275859
Pf1N1B4_2441	147	-0.0818181818181818
Pf1N1B4_2442	147	0.01818181818181817
Pf1N1B4_2443	147	0.0038461538461538355
Pf1N1B4_2444	147	0.010144927536231895
Pf1N1B4_2445	147	0.06153846153846155
Pf1N1B4_2446	147	-0.05405405405405406
Pf1N1B4_2447	147	0.03913043478260867
Pf1N1B4_2448	147	-0.03076923076923077
Pf1N1B4_2449	147	-9.25185853854297e-18
Pf1N1B4_245	147	-0.04999999999999999
Pf1N1B4_2450	147	0.002941176470588225
Pf1N1B4_2451	147	0.03125
Pf1N1B4_2452	147	-0.005405405405405404
Pf1N1B4_2453	147	-0.1666666666666667
Pf1N1B4_2454	147	0.03181818181818182
Pf1N1B4_2455	147	-0.08333333333333333
Pf1N1B4_2456	147	0.018181818181818188
Pf1N1B4_2457	147	-0.002739726027397264
Pf1N1B4_2458	147	-0.25555555555555554
Pf1N1B4_246	147	0.03846153846153848
Pf1N1B4_2460	147	-0.06538461538461539
Pf1N1B4_2461	147	-0.1724137931034483
Pf1N1B4_2462	147	-0.07500000000000001
Pf1N1B4_2463	147	0.10384615384615384
Pf1N1B4_2464	147	0.050000000000000024
Pf1N1B4_2465	147	-0.09999999999999998
Pf1N1B4_2466	147	-0.07903225806451612
Pf1N1B4_2467	147	-0.03108108108108108
Pf1N1B4_2468	147	-0.03870967741935484
Pf1N1B4_2469	147	0.04444444444444445
Pf1N1B4_2471	147	0.05833333333333333
Pf1N1B4_2472	147	0.03382352941176471
Pf1N1B4_2473	147	0.0
Pf1N1B4_2474	147	0.07647058823529412
Pf1N1B4_2475	147	0.2
Pf1N1B4_2476	147	0.03333333333333333
Pf1N1B4_2477	147	-0.07500000000000004
Pf1N1B4_2478	147	-0.06382978723404255
Pf1N1B4_2479	147	-0.09999999999999999
Pf1N1B4_248	147	-0.09999999999999998
Pf1N1B4_2480	147	0.027272727272727296
Pf1N1B4_2481	147	-0.1222222222222222
Pf1N1B4_2482	147	0.03000000000000001
Pf1N1B4_2483	147	-0.10909090909090911
Pf1N1B4_2484	147	0.1142857142857143
Pf1N1B4_2485	147	-0.039999999999999945
Pf1N1B4_2486	147	-0.5666666666666667
Pf1N1B4_2487	147	-0.7068181818181819
Pf1N1B4_2488	147	-0.6058823529411765
Pf1N1B4_2489	147	-0.4272727272727273
Pf1N1B4_249	147	-0.08124999999999999
Pf1N1B4_2490	147	-0.5111111111111111
Pf1N1B4_2491	147	-0.6
Pf1N1B4_2492	147	0.007692307692307693
Pf1N1B4_2493	147	-0.15833333333333335
Pf1N1B4_2494	147	0.016071428571428566
Pf1N1B4_2495	147	-0.08241758241758243
Pf1N1B4_2496	147	0.022857142857142857
Pf1N1B4_2497	147	-0.06779661016949154
Pf1N1B4_2498	147	-0.07058823529411765
Pf1N1B4_2499	147	-0.053846153846153835
Pf1N1B4_250	147	-0.1
Pf1N1B4_2500	147	0.0
Pf1N1B4_2501	147	-0.05538461538461539
Pf1N1B4_2502	147	-0.13333333333333333
Pf1N1B4_2503	147	-0.075
Pf1N1B4_2504	147	-0.03428571428571427
Pf1N1B4_2505	147	-0.003225806451612892
Pf1N1B4_2506	147	-0.05384615384615385
Pf1N1B4_2507	147	-0.04285714285714287
Pf1N1B4_2508	147	-0.08205128205128205
Pf1N1B4_2509	147	0.2
Pf1N1B4_251	147	0.04285714285714285
Pf1N1B4_2510	147	0.059999999999999984
Pf1N1B4_2511	147	-0.027777777777777776
Pf1N1B4_2512	147	-0.04871794871794872
Pf1N1B4_2517	147	-0.06153846153846154
Pf1N1B4_252	147	-0.10108695652173912
Pf1N1B4_2520	147	-0.1
Pf1N1B4_2521	147	-0.050724637681159424
Pf1N1B4_2522	147	-0.045833333333333344
Pf1N1B4_2523	147	-0.07535211267605635
Pf1N1B4_2525	147	-0.01923076923076925
Pf1N1B4_2526	147	-0.5691823899371069
Pf1N1B4_2527	147	-0.37702702702702706
Pf1N1B4_253	147	0.2
Pf1N1B4_2532	147	-0.6
Pf1N1B4_2533	147	-0.7
Pf1N1B4_2534	147	-0.05
Pf1N1B4_2535	147	-0.06578947368421051
Pf1N1B4_2536	147	-0.07551020408163267
Pf1N1B4_2537	147	-0.05000000000000002
Pf1N1B4_2538	147	-2.337311630789803e-17
Pf1N1B4_2539	147	-0.058333333333333355
Pf1N1B4_254	147	-0.055319148936170216
Pf1N1B4_2540	147	-0.16842105263157894
Pf1N1B4_2541	147	-0.18
Pf1N1B4_2542	147	-0.04074074074074074
Pf1N1B4_2544	147	0.030612244897959207
Pf1N1B4_2545	147	-1.4749999999999999
Pf1N1B4_2546	147	-0.08108108108108109
Pf1N1B4_2547	147	-1.0
Pf1N1B4_2548	147	-1.3038461538461539
Pf1N1B4_2549	147	-1.5564102564102564
Pf1N1B4_255	147	-0.07857142857142858
Pf1N1B4_2550	147	-0.19999999999999998
Pf1N1B4_2551	147	-0.056249999999999974
Pf1N1B4_2552	147	-0.16
Pf1N1B4_2554	147	-0.1346153846153846
Pf1N1B4_2555	147	-0.14166666666666666
Pf1N1B4_2556	147	-0.06315789473684212
Pf1N1B4_2557	147	-0.09411764705882353
Pf1N1B4_256	147	-0.05000000000000002
Pf1N1B4_2560	147	-0.21052631578947367
Pf1N1B4_2565	147	-0.5
Pf1N1B4_2567	147	-0.04482758620689654
Pf1N1B4_2568	147	-0.18333333333333332
Pf1N1B4_257	147	-0.4241379310344828
Pf1N1B4_258	147	-0.15714285714285714
Pf1N1B4_259	147	-0.1285714285714286
Pf1N1B4_26	147	-0.11379310344827585
Pf1N1B4_260	147	-0.08
Pf1N1B4_2609	147	-0.15609756097560976
Pf1N1B4_261	147	-0.059016393442622946
Pf1N1B4_2610	147	-0.06078431372549019
Pf1N1B4_2611	147	-0.14592592592592593
Pf1N1B4_2612	147	-0.37857142857142856
Pf1N1B4_2614	147	-0.017105263157894738
Pf1N1B4_2615	147	-0.0037037037037036986
Pf1N1B4_2616	147	-0.007894736842105276
Pf1N1B4_2617	147	-0.09999999999999998
Pf1N1B4_2618	147	-0.05999999999999999
Pf1N1B4_2619	147	-0.12258064516129032
Pf1N1B4_262	147	-0.08888888888888888
Pf1N1B4_2620	147	-0.13749999999999998
Pf1N1B4_2621	147	-0.13333333333333333
Pf1N1B4_2622	147	0.09499999999999999
Pf1N1B4_2623	147	-0.17500000000000002
Pf1N1B4_2624	147	-0.04827586206896553
Pf1N1B4_2625	147	-0.06666666666666668
Pf1N1B4_2626	147	-0.03148148148148147
Pf1N1B4_2627	147	-0.145
Pf1N1B4_2629	147	0.021153846153846155
Pf1N1B4_263	147	-0.07999999999999996
Pf1N1B4_2630	147	-0.08249999999999999
Pf1N1B4_2631	147	-0.0071428571428571435
Pf1N1B4_2632	147	-0.03333333333333335
Pf1N1B4_2633	147	0.01694915254237289
Pf1N1B4_2634	147	-0.04468085106382979
Pf1N1B4_2635	147	0.31428571428571433
Pf1N1B4_2637	147	0.07272727272727275
Pf1N1B4_2639	147	-0.06582278481012659
Pf1N1B4_264	147	-0.06874999999999999
Pf1N1B4_2640	147	-0.014285714285714282
Pf1N1B4_2641	147	-0.10731707317073172
Pf1N1B4_2642	147	-0.05
Pf1N1B4_2643	147	-0.26666666666666666
Pf1N1B4_2645	147	-0.09999999999999999
Pf1N1B4_2646	147	0.016666666666666663
Pf1N1B4_2647	147	0.6
Pf1N1B4_2648	147	-0.1
Pf1N1B4_265	147	-0.6
Pf1N1B4_2651	147	0.022727272727272728
Pf1N1B4_2656	147	0.029629629629629624
Pf1N1B4_2658	147	-1.850371707708594e-17
Pf1N1B4_2659	147	-0.022222222222222227
Pf1N1B4_266	147	-0.09999999999999998
Pf1N1B4_2660	147	0.02222222222222223
Pf1N1B4_2664	147	0.061111111111111116
Pf1N1B4_2665	147	-0.02222222222222222
Pf1N1B4_2667	147	-0.03846153846153845
Pf1N1B4_2668	147	0.10519480519480519
Pf1N1B4_2669	147	-0.007692307692307688
Pf1N1B4_267	147	-0.22500000000000003
Pf1N1B4_2670	147	-0.09999999999999999
Pf1N1B4_2671	147	-0.019148936170212773
Pf1N1B4_2672	147	-0.08059701492537313
Pf1N1B4_2673	147	0.03030303030303031
Pf1N1B4_2674	147	-0.1333333333333334
Pf1N1B4_2675	147	-0.08666666666666668
Pf1N1B4_2676	147	0.0
Pf1N1B4_2678	147	0.09999999999999999
Pf1N1B4_2679	147	0.06249999999999999
Pf1N1B4_268	147	-0.13529411764705881
Pf1N1B4_2680	147	-0.02127659574468085
Pf1N1B4_2681	147	0.03500000000000002
Pf1N1B4_2682	147	-0.225
Pf1N1B4_2683	147	-0.12500000000000003
Pf1N1B4_2684	147	-0.23333333333333336
Pf1N1B4_2685	147	-0.06842105263157897
Pf1N1B4_2686	147	-0.044
Pf1N1B4_2687	147	-0.09285714285714286
Pf1N1B4_2688	147	0.033333333333333305
Pf1N1B4_269	147	-0.13124999999999998
Pf1N1B4_2691	147	0.0
Pf1N1B4_2694	147	0.04029850746268656
Pf1N1B4_2695	147	-0.32
Pf1N1B4_27	147	-0.6625000000000001
Pf1N1B4_270	147	-0.026000000000000006
Pf1N1B4_2701	147	0.12718894009216591
Pf1N1B4_2702	147	0.0
Pf1N1B4_2706	147	-0.1875
Pf1N1B4_2707	147	1.2335811384723961e-17
Pf1N1B4_2709	147	-0.09999999999999998
Pf1N1B4_271	147	-0.2
Pf1N1B4_2711	147	0.01666666666666672
Pf1N1B4_2712	147	-0.05333333333333332
Pf1N1B4_2713	147	0.1571428571428571
Pf1N1B4_2714	147	0.04000000000000002
Pf1N1B4_2715	147	0.040000000000000015
Pf1N1B4_2717	147	0.175
Pf1N1B4_2718	147	-0.02727272727272728
Pf1N1B4_2719	147	0.16833333333333333
Pf1N1B4_272	147	0.15384615384615383
Pf1N1B4_2720	147	0.02131147540983607
Pf1N1B4_2721	147	-0.052830188679245264
Pf1N1B4_2722	147	-0.018181818181818177
Pf1N1B4_2723	147	-0.15000000000000002
Pf1N1B4_2724	147	0.11562500000000002
Pf1N1B4_2725	147	-0.07636363636363637
Pf1N1B4_2726	147	0.042857142857142864
Pf1N1B4_2727	147	-0.04444444444444447
Pf1N1B4_2728	147	-0.01612903225806451
Pf1N1B4_2729	147	-0.06
Pf1N1B4_273	147	-0.07777777777777775
Pf1N1B4_2730	147	-0.06666666666666667
Pf1N1B4_2731	147	-0.008333333333333323
Pf1N1B4_2732	147	0.04814814814814814
Pf1N1B4_2733	147	-0.1
Pf1N1B4_2734	147	-0.1666666666666667
Pf1N1B4_2735	147	-0.05714285714285714
Pf1N1B4_2736	147	-0.04285714285714283
Pf1N1B4_2737	147	-0.07346938775510205
Pf1N1B4_2738	147	-0.02340425531914893
Pf1N1B4_2739	147	0.0
Pf1N1B4_274	147	0.011538461538461534
Pf1N1B4_2740	147	0.00789473684210527
Pf1N1B4_2741	147	0.014285714285714271
Pf1N1B4_2742	147	0.0326530612244898
Pf1N1B4_2743	147	-0.009999999999999998
Pf1N1B4_2744	147	-0.1736842105263158
Pf1N1B4_2745	147	-0.06896551724137931
Pf1N1B4_2746	147	-0.059183673469387764
Pf1N1B4_2747	147	-2.4671622769447924e-18
Pf1N1B4_2748	147	-0.07083333333333335
Pf1N1B4_2749	147	0.04374999999999999
Pf1N1B4_275	147	-0.45
Pf1N1B4_2750	147	0.04999999999999999
Pf1N1B4_2751	147	0.06170212765957449
Pf1N1B4_2752	147	-0.05
Pf1N1B4_2753	147	0.2
Pf1N1B4_2754	147	-0.09523809523809523
Pf1N1B4_2755	147	0.08333333333333333
Pf1N1B4_2756	147	0.07555555555555557
Pf1N1B4_2757	147	-0.11999999999999997
Pf1N1B4_2758	147	0.019047619047619032
Pf1N1B4_2759	147	0.020000000000000018
Pf1N1B4_276	147	-0.10000000000000002
Pf1N1B4_2760	147	0.014516129032258067
Pf1N1B4_2761	147	-0.08095238095238094
Pf1N1B4_2762	147	-0.1
Pf1N1B4_2763	147	-0.05000000000000001
Pf1N1B4_2764	147	0.08124999999999999
Pf1N1B4_2765	147	0.0409090909090909
Pf1N1B4_2766	147	-0.025000000000000005
Pf1N1B4_2767	147	0.023333333333333317
Pf1N1B4_2768	147	-0.2846153846153846
Pf1N1B4_2769	147	0.04285714285714283
Pf1N1B4_277	147	-0.08103448275862071
Pf1N1B4_2771	147	-0.035714285714285705
Pf1N1B4_2772	147	-0.04827586206896552
Pf1N1B4_2773	147	-0.05333333333333334
Pf1N1B4_2774	147	-0.016666666666666663
Pf1N1B4_2775	147	-0.018023255813953493
Pf1N1B4_2776	147	-0.033333333333333326
Pf1N1B4_2777	147	-0.08478260869565216
Pf1N1B4_2779	147	-0.019999999999999993
Pf1N1B4_2782	147	-0.1
Pf1N1B4_2783	147	-0.18000000000000002
Pf1N1B4_2784	147	0.1571428571428571
Pf1N1B4_2785	147	-8.540177112501205e-18
Pf1N1B4_2786	147	-0.042857142857142864
Pf1N1B4_2787	147	-0.08032786885245899
Pf1N1B4_2789	147	0.1
Pf1N1B4_2790	147	-0.033333333333333326
Pf1N1B4_2791	147	-0.07142857142857147
Pf1N1B4_2792	147	-0.20833333333333334
Pf1N1B4_2793	147	0.033333333333333326
Pf1N1B4_2794	147	0.11249999999999993
Pf1N1B4_2795	147	-0.006666666666666702
Pf1N1B4_28	147	-0.1
Pf1N1B4_280	147	0.09000000000000001
Pf1N1B4_2801	147	0.015625
Pf1N1B4_2807	147	-0.18333333333333335
Pf1N1B4_2809	147	0.01153846153846156
Pf1N1B4_281	147	-0.02857142857142858
Pf1N1B4_2810	147	-0.05483870967741934
Pf1N1B4_2811	147	-0.04705882352941176
Pf1N1B4_2812	147	-0.016666666666666673
Pf1N1B4_2813	147	-0.0903225806451613
Pf1N1B4_2814	147	-0.09375
Pf1N1B4_2815	147	-0.017322834645669288
Pf1N1B4_2816	147	-0.12413793103448276
Pf1N1B4_2817	147	-0.07142857142857142
Pf1N1B4_2818	147	-0.015151515151515148
Pf1N1B4_2819	147	-0.007894736842105258
Pf1N1B4_282	147	-0.08000000000000003
Pf1N1B4_2820	147	0.028571428571428564
Pf1N1B4_2822	147	1.1
Pf1N1B4_2823	147	-0.14
Pf1N1B4_2824	147	0.03777777777777778
Pf1N1B4_2825	147	0.02857142857142856
Pf1N1B4_2826	147	-0.10500000000000001
Pf1N1B4_2827	147	-0.10000000000000002
Pf1N1B4_2828	147	-0.09999999999999998
Pf1N1B4_2829	147	-0.06666666666666665
Pf1N1B4_2830	147	-0.02105263157894737
Pf1N1B4_2831	147	0.006153846153846143
Pf1N1B4_2832	147	-0.06486486486486488
Pf1N1B4_2833	147	-0.045454545454545456
Pf1N1B4_2834	147	-0.028301886792452834
Pf1N1B4_2835	147	0.0066666666666666576
Pf1N1B4_2836	147	-2.5620531337503614e-18
Pf1N1B4_2837	147	0.009375000000000005
Pf1N1B4_284	147	-0.03013698630136986
Pf1N1B4_2840	147	-0.03125
Pf1N1B4_2841	147	-0.05510204081632653
Pf1N1B4_2842	147	-0.032203389830508466
Pf1N1B4_2843	147	-0.01666666666666668
Pf1N1B4_2845	147	-0.06666666666666667
Pf1N1B4_2846	147	0.01075268817204301
Pf1N1B4_2847	147	-0.04666666666666665
Pf1N1B4_2849	147	-0.04654088050314465
Pf1N1B4_285	147	0.06060606060606062
Pf1N1B4_2850	147	-0.373134328358209
Pf1N1B4_2851	147	-0.125
Pf1N1B4_2852	147	-0.03421052631578948
Pf1N1B4_2853	147	0.12500000000000003
Pf1N1B4_2854	147	-0.17272727272727273
Pf1N1B4_2856	147	-0.2866666666666667
Pf1N1B4_2857	147	-0.24545454545454548
Pf1N1B4_2858	147	-1.0075268817204301
Pf1N1B4_2859	147	-0.6822485207100591
Pf1N1B4_286	147	0.11607142857142858
Pf1N1B4_2860	147	-0.14411764705882352
Pf1N1B4_2861	147	-0.04666666666666666
Pf1N1B4_2863	147	-0.0793103448275862
Pf1N1B4_2864	147	-0.09375
Pf1N1B4_2865	147	0.02592592592592591
Pf1N1B4_2866	147	0.09999999999999999
Pf1N1B4_2867	147	-0.1857142857142857
Pf1N1B4_2868	147	-0.08333333333333336
Pf1N1B4_2869	147	-0.13529411764705881
Pf1N1B4_287	147	0.10800000000000001
Pf1N1B4_2870	147	-0.03333333333333336
Pf1N1B4_2871	147	0.015384615384615389
Pf1N1B4_2872	147	-0.25232558139534883
Pf1N1B4_2873	147	-0.18571428571428572
Pf1N1B4_2874	147	-0.5666666666666667
Pf1N1B4_2876	147	0.6
Pf1N1B4_2877	147	-0.21470588235294116
Pf1N1B4_2878	147	-1.0030769230769232
Pf1N1B4_2879	147	-1.235897435897436
Pf1N1B4_288	147	0.20666666666666667
Pf1N1B4_2880	147	-1.8602409638554218
Pf1N1B4_2882	147	-0.09354838709677421
Pf1N1B4_2883	147	-0.08205128205128205
Pf1N1B4_2884	147	-0.344
Pf1N1B4_2885	147	-0.49090909090909085
Pf1N1B4_2886	147	-0.3336283185840708
Pf1N1B4_2887	147	-0.029411764705882353
Pf1N1B4_2888	147	-0.1846153846153846
Pf1N1B4_2889	147	-0.09333333333333335
Pf1N1B4_289	147	-0.19368421052631576
Pf1N1B4_2891	147	-0.3111111111111111
Pf1N1B4_2893	147	-0.09705882352941175
Pf1N1B4_2894	147	-0.16666666666666669
Pf1N1B4_2895	147	-0.05138888888888889
Pf1N1B4_2896	147	-0.04285714285714286
Pf1N1B4_2897	147	-0.05964912280701754
Pf1N1B4_2898	147	-0.026470588235294107
Pf1N1B4_2899	147	-0.09014084507042254
Pf1N1B4_29	147	-0.24
Pf1N1B4_290	147	0.2564885496183206
Pf1N1B4_2901	147	-0.040865384615384616
Pf1N1B4_2902	147	-0.010810810810810811
Pf1N1B4_2904	147	-0.05
Pf1N1B4_2907	147	-0.09259259259259259
Pf1N1B4_2908	147	-0.08103448275862071
Pf1N1B4_2909	147	-0.08333333333333331
Pf1N1B4_291	147	0.23333333333333334
Pf1N1B4_2910	147	-0.08125
Pf1N1B4_2911	147	-0.024999999999999994
Pf1N1B4_2912	147	-0.22000000000000003
Pf1N1B4_2917	147	-0.3841269841269841
Pf1N1B4_2918	147	-0.2
Pf1N1B4_292	147	0.2775862068965517
Pf1N1B4_2921	147	0.06666666666666667
Pf1N1B4_2923	147	-0.2
Pf1N1B4_2924	147	-0.14
Pf1N1B4_2925	147	0.049999999999999996
Pf1N1B4_2926	147	-0.12380952380952381
Pf1N1B4_2927	147	2.581914010756178e-18
Pf1N1B4_2928	147	-0.05000000000000002
Pf1N1B4_2929	147	-0.11176470588235293
Pf1N1B4_293	147	0.1444444444444445
Pf1N1B4_2930	147	-0.11052631578947371
Pf1N1B4_2931	147	0.00975609756097561
Pf1N1B4_2933	147	-0.06774193548387096
Pf1N1B4_2934	147	0.012987012987012986
Pf1N1B4_2935	147	-0.09999999999999999
Pf1N1B4_2936	147	-0.011627906976744174
Pf1N1B4_2937	147	-0.09999999999999999
Pf1N1B4_2938	147	-0.09999999999999998
Pf1N1B4_2939	147	-0.19999999999999998
Pf1N1B4_2940	147	-0.4
Pf1N1B4_2943	147	-0.061538461538461535
Pf1N1B4_2944	147	-0.17777777777777778
Pf1N1B4_2947	147	0.05000000000000002
Pf1N1B4_2948	147	-0.039999999999999994
Pf1N1B4_2949	147	-0.36666666666666653
Pf1N1B4_295	147	0.08235294117647059
Pf1N1B4_2950	147	-0.038461538461538464
Pf1N1B4_2951	147	-0.03684210526315789
Pf1N1B4_2952	147	-0.8
Pf1N1B4_2953	147	0.0071428571428571435
Pf1N1B4_2954	147	-0.0090909090909091
Pf1N1B4_2955	147	-0.11428571428571428
Pf1N1B4_2957	147	-0.07058823529411766
Pf1N1B4_2958	147	0.18
Pf1N1B4_2959	147	-0.2777777777777778
Pf1N1B4_296	147	0.07500000000000001
Pf1N1B4_2960	147	0.0057692307692307505
Pf1N1B4_2961	147	-0.08372093023255814
Pf1N1B4_2962	147	-0.04427480916030534
Pf1N1B4_2963	147	0.007142857142857147
Pf1N1B4_2964	147	0.024000000000000007
Pf1N1B4_2966	147	0.7
Pf1N1B4_2967	147	-0.10454545454545454
Pf1N1B4_2969	147	-0.19062500000000002
Pf1N1B4_297	147	-0.004597701149425281
Pf1N1B4_2970	147	0.3
Pf1N1B4_2971	147	0.08000000000000002
Pf1N1B4_2972	147	0.0
Pf1N1B4_2973	147	-0.3
Pf1N1B4_2974	147	0.09
Pf1N1B4_2975	147	0.23333333333333336
Pf1N1B4_2976	147	-0.07222222222222224
Pf1N1B4_2977	147	-0.030769230769230754
Pf1N1B4_2978	147	-0.051724137931034475
Pf1N1B4_2979	147	-0.0631578947368421
Pf1N1B4_298	147	-0.14999999999999997
Pf1N1B4_2980	147	0.049999999999999996
Pf1N1B4_2981	147	0.08000000000000002
Pf1N1B4_2982	147	-0.07452229299363057
Pf1N1B4_2983	147	-0.044444444444444446
Pf1N1B4_2984	147	-0.029999999999999992
Pf1N1B4_2985	147	-0.033333333333333326
Pf1N1B4_2986	147	-0.09696969696969697
Pf1N1B4_2987	147	-2.312964634635743e-17
Pf1N1B4_2988	147	-0.07866666666666668
Pf1N1B4_2989	147	-0.037974683544303785
Pf1N1B4_299	147	-0.05061728395061728
Pf1N1B4_2990	147	-0.012499999999999992
Pf1N1B4_2991	147	-0.19230769230769235
Pf1N1B4_2992	147	-0.0733333333333333
Pf1N1B4_2993	147	-0.05999999999999999
Pf1N1B4_2994	147	-0.08529411764705884
Pf1N1B4_2995	147	-0.11571428571428573
Pf1N1B4_2996	147	0.019999999999999997
Pf1N1B4_2997	147	-0.029885057471264357
Pf1N1B4_2998	147	-0.029906542056074778
Pf1N1B4_2999	147	-0.11333333333333334
Pf1N1B4_30	147	-0.1941176470588235
Pf1N1B4_300	147	-0.5499999999999999
Pf1N1B4_3000	147	-0.02719298245614035
Pf1N1B4_3001	147	-0.2888888888888889
Pf1N1B4_3002	147	-0.2
Pf1N1B4_3004	147	-0.05625
Pf1N1B4_3005	147	-0.08414634146341464
Pf1N1B4_3006	147	-0.2655172413793104
Pf1N1B4_301	147	-0.1
Pf1N1B4_3010	147	-0.078
Pf1N1B4_3011	147	-0.16666666666666666
Pf1N1B4_3012	147	-0.029999999999999978
Pf1N1B4_3015	147	-0.05789473684210527
Pf1N1B4_3016	147	0.1
Pf1N1B4_3017	147	-0.17777777777777778
Pf1N1B4_3018	147	-0.14347826086956522
Pf1N1B4_3019	147	-0.4
Pf1N1B4_302	147	-0.06250000000000001
Pf1N1B4_3020	147	-0.11000000000000001
Pf1N1B4_3021	147	-0.07777777777777778
Pf1N1B4_3022	147	-0.03492063492063491
Pf1N1B4_3023	147	-0.04999999999999999
Pf1N1B4_3024	147	-0.07627118644067797
Pf1N1B4_3025	147	-0.20909090909090908
Pf1N1B4_3026	147	-0.12051282051282051
Pf1N1B4_3027	147	-0.14705882352941177
Pf1N1B4_3028	147	-0.09107142857142857
Pf1N1B4_3029	147	-0.03396226415094338
Pf1N1B4_303	147	0.006818181818181824
Pf1N1B4_3030	147	-0.052941176470588214
Pf1N1B4_3031	147	-0.0383720930232558
Pf1N1B4_3032	147	-0.0038461538461538494
Pf1N1B4_3033	147	-0.04838709677419354
Pf1N1B4_3034	147	0.24999999999999997
Pf1N1B4_3035	147	-0.05789473684210527
Pf1N1B4_3036	147	0.04999999999999999
Pf1N1B4_3037	147	0.0066666666666666576
Pf1N1B4_3038	147	-0.2642857142857143
Pf1N1B4_3039	147	-0.03214285714285715
Pf1N1B4_304	147	0.04999999999999999
Pf1N1B4_3043	147	-0.10952380952380951
Pf1N1B4_3044	147	-0.10714285714285714
Pf1N1B4_3045	147	-0.088
Pf1N1B4_3046	147	0.008108108108108091
Pf1N1B4_3047	147	0.038888888888888896
Pf1N1B4_3048	147	0.014285714285714287
Pf1N1B4_3049	147	-0.6
Pf1N1B4_305	147	-0.041666666666666664
Pf1N1B4_3050	147	0.06363636363636366
Pf1N1B4_3051	147	-0.07560975609756097
Pf1N1B4_3054	147	0.07272727272727274
Pf1N1B4_3055	147	-0.14411764705882354
Pf1N1B4_3056	147	0.0
Pf1N1B4_3057	147	0.045454545454545456
Pf1N1B4_3058	147	-0.062499999999999986
Pf1N1B4_306	147	-0.15
Pf1N1B4_3060	147	0.1333333333333333
Pf1N1B4_3061	147	-0.011111111111111115
Pf1N1B4_3062	147	-0.10465116279069768
Pf1N1B4_3063	147	-0.06202531645569621
Pf1N1B4_3064	147	-0.07857142857142856
Pf1N1B4_3065	147	0.01666666666666668
Pf1N1B4_3066	147	-0.4
Pf1N1B4_3067	147	-0.08372093023255815
Pf1N1B4_3068	147	0.04999999999999999
Pf1N1B4_3069	147	-0.11249999999999999
Pf1N1B4_307	147	0.03913043478260871
Pf1N1B4_3070	147	-0.07727272727272726
Pf1N1B4_3072	147	-0.06923076923076925
Pf1N1B4_3073	147	-0.1409090909090909
Pf1N1B4_3074	147	-0.4
Pf1N1B4_3076	147	-0.0608695652173913
Pf1N1B4_3078	147	-0.16666666666666666
Pf1N1B4_3079	147	9.516197353929913e-18
Pf1N1B4_308	147	0.07499999999999997
Pf1N1B4_3080	147	-0.11714285714285716
Pf1N1B4_3081	147	-0.9772616136919315
Pf1N1B4_3083	147	0.09999999999999994
Pf1N1B4_309	147	-0.22999999999999998
Pf1N1B4_3091	147	-0.17
Pf1N1B4_3093	147	-0.5
Pf1N1B4_3098	147	-0.054545454545454536
Pf1N1B4_31	147	-0.0818181818181818
Pf1N1B4_310	147	-0.21176470588235297
Pf1N1B4_3104	147	-0.8333333333333334
Pf1N1B4_3107	147	-0.07666666666666667
Pf1N1B4_3108	147	-0.11034482758620691
Pf1N1B4_3109	147	-0.056521739130434775
Pf1N1B4_311	147	5.843279076974508e-18
Pf1N1B4_3111	147	0.27999999999999997
Pf1N1B4_3112	147	-0.10714285714285714
Pf1N1B4_3113	147	-0.02921348314606743
Pf1N1B4_3115	147	0.19210526315789472
Pf1N1B4_3117	147	-0.025
Pf1N1B4_3119	147	-0.10000000000000002
Pf1N1B4_312	147	-0.07454545454545454
Pf1N1B4_3120	147	-0.20000000000000004
Pf1N1B4_3121	147	-0.02666666666666665
Pf1N1B4_3123	147	-0.002777777777777768
Pf1N1B4_3124	147	0.0230769230769231
Pf1N1B4_3125	147	0.029999999999999992
Pf1N1B4_3126	147	0.06999999999999999
Pf1N1B4_3127	147	-0.16
Pf1N1B4_3128	147	-0.1325581395348837
Pf1N1B4_3129	147	-0.06666666666666665
Pf1N1B4_313	147	-0.15000000000000002
Pf1N1B4_3130	147	-0.125
Pf1N1B4_3131	147	-0.06578947368421051
Pf1N1B4_3132	147	1.586032892321652e-17
Pf1N1B4_3133	147	-0.048387096774193575
Pf1N1B4_3134	147	0.06666666666666667
Pf1N1B4_3135	147	-0.049999999999999996
Pf1N1B4_3136	147	-0.02058823529411764
Pf1N1B4_3137	147	-0.0340909090909091
Pf1N1B4_3138	147	-0.35
Pf1N1B4_3139	147	0.02093023255813954
Pf1N1B4_314	147	-0.1166666666666667
Pf1N1B4_3140	147	-0.033333333333333326
Pf1N1B4_3141	147	-0.033333333333333326
Pf1N1B4_3142	147	-0.15833333333333335
Pf1N1B4_3143	147	-0.5777777777777778
Pf1N1B4_3144	147	-0.8
Pf1N1B4_3145	147	-0.1363636363636364
Pf1N1B4_3146	147	0.09999999999999998
Pf1N1B4_3147	147	-0.07058823529411767
Pf1N1B4_3148	147	0.04615384615384617
Pf1N1B4_3149	147	0.0
Pf1N1B4_315	147	-0.08
Pf1N1B4_3150	147	0.09999999999999998
Pf1N1B4_3152	147	-0.3
Pf1N1B4_3153	147	-0.25
Pf1N1B4_3155	147	-0.175
Pf1N1B4_3156	147	0.011764705882352951
Pf1N1B4_3157	147	-0.10000000000000003
Pf1N1B4_3158	147	-0.07083333333333335
Pf1N1B4_3159	147	0.02
Pf1N1B4_316	147	-0.13673469387755102
Pf1N1B4_3160	147	-0.15625
Pf1N1B4_3161	147	-0.14117647058823532
Pf1N1B4_3162	147	-0.12777777777777777
Pf1N1B4_3163	147	-0.0375
Pf1N1B4_3164	147	-0.06465517241379311
Pf1N1B4_3165	147	-0.03461538461538462
Pf1N1B4_3166	147	-0.07636363636363636
Pf1N1B4_3168	147	-0.4
Pf1N1B4_3169	147	0.02222222222222226
Pf1N1B4_3170	147	-0.036065573770491806
Pf1N1B4_3172	147	-0.6
Pf1N1B4_3175	147	-0.35
Pf1N1B4_3176	147	-0.036363636363636376
Pf1N1B4_3177	147	-0.07857142857142857
Pf1N1B4_3178	147	-0.11515151515151514
Pf1N1B4_3179	147	0.033333333333333326
Pf1N1B4_318	147	-0.16470588235294117
Pf1N1B4_3180	147	-0.04727272727272727
Pf1N1B4_3181	147	-0.044827586206896544
Pf1N1B4_3182	147	-0.09827586206896552
Pf1N1B4_3183	147	-0.031999999999999994
Pf1N1B4_3184	147	-0.10000000000000002
Pf1N1B4_3186	147	-0.01315789473684209
Pf1N1B4_3187	147	-0.022499999999999992
Pf1N1B4_3188	147	-0.08461538461538462
Pf1N1B4_3189	147	-0.04838709677419356
Pf1N1B4_319	147	-0.010526315789473682
Pf1N1B4_3190	147	-0.19090909090909092
Pf1N1B4_3191	147	0.15
Pf1N1B4_3192	147	-0.075
Pf1N1B4_3193	147	-0.03111111111111112
Pf1N1B4_3194	147	0.1
Pf1N1B4_3195	147	-0.05499999999999999
Pf1N1B4_3196	147	0.0411764705882353
Pf1N1B4_3197	147	-0.08333333333333333
Pf1N1B4_3199	147	-0.02941176470588236
Pf1N1B4_32	147	-0.27
Pf1N1B4_320	147	-0.13076923076923075
Pf1N1B4_3200	147	-0.05714285714285711
Pf1N1B4_3201	147	-0.055223880597014934
Pf1N1B4_3203	147	-0.06511627906976744
Pf1N1B4_3204	147	-0.01666666666666666
Pf1N1B4_3205	147	-0.23333333333333336
Pf1N1B4_3206	147	-2.7755575615628914e-17
Pf1N1B4_3207	147	-0.11351351351351352
Pf1N1B4_3208	147	-0.13333333333333333
Pf1N1B4_3209	147	0.006896551724137907
Pf1N1B4_321	147	-0.019047619047619053
Pf1N1B4_3210	147	-0.08787878787878789
Pf1N1B4_3211	147	-0.05
Pf1N1B4_3212	147	-0.175
Pf1N1B4_3213	147	-0.1
Pf1N1B4_3214	147	0.01666666666666668
Pf1N1B4_3215	147	0.0
Pf1N1B4_3216	147	-0.043589743589743594
Pf1N1B4_3217	147	-0.060000000000000005
Pf1N1B4_3218	147	-0.08787878787878786
Pf1N1B4_322	147	-0.25555555555555554
Pf1N1B4_3220	147	-0.07457627118644067
Pf1N1B4_3221	147	-0.06666666666666668
Pf1N1B4_3222	147	0.0666666666666667
Pf1N1B4_3223	147	-0.05178571428571429
Pf1N1B4_3224	147	-0.203125
Pf1N1B4_3226	147	0.0
Pf1N1B4_3227	147	0.05
Pf1N1B4_3228	147	-0.19999999999999996
Pf1N1B4_3229	147	-0.004761904761904758
Pf1N1B4_323	147	-0.39999999999999997
Pf1N1B4_3230	147	-0.017567567567567572
Pf1N1B4_3231	147	-0.04799999999999999
Pf1N1B4_3232	147	0.0769230769230769
Pf1N1B4_3233	147	-1.850371707708594e-17
Pf1N1B4_3234	147	0.12500000000000003
Pf1N1B4_3235	147	0.11666666666666664
Pf1N1B4_3236	147	-0.0928571428571429
Pf1N1B4_3237	147	-0.1105263157894737
Pf1N1B4_3238	147	-0.3
Pf1N1B4_324	147	-0.22499999999999998
Pf1N1B4_3240	147	-0.06842105263157895
Pf1N1B4_3241	147	-0.22000000000000003
Pf1N1B4_3242	147	-0.18333333333333332
Pf1N1B4_3243	147	-0.12285714285714287
Pf1N1B4_3244	147	-0.008333333333333328
Pf1N1B4_3245	147	-0.0333333333333334
Pf1N1B4_3246	147	-0.19230769230769232
Pf1N1B4_3247	147	-0.36666666666666664
Pf1N1B4_3248	147	-0.06250000000000003
Pf1N1B4_3249	147	-0.09583333333333334
Pf1N1B4_325	147	-0.13972602739726026
Pf1N1B4_3250	147	-0.066
Pf1N1B4_3251	147	-0.01875000000000001
Pf1N1B4_3252	147	0.1333333333333333
Pf1N1B4_3253	147	-0.11111111111111113
Pf1N1B4_3254	147	0.35
Pf1N1B4_3255	147	-0.03999999999999999
Pf1N1B4_3256	147	-0.12954545454545455
Pf1N1B4_3257	147	-0.12758620689655173
Pf1N1B4_3258	147	-0.1111111111111111
Pf1N1B4_3259	147	-0.22307692307692306
Pf1N1B4_3260	147	-0.025000000000000012
Pf1N1B4_3261	147	-0.11940298507462686
Pf1N1B4_3262	147	-0.07777777777777777
Pf1N1B4_3263	147	-0.037500000000000006
Pf1N1B4_3264	147	-0.21111111111111108
Pf1N1B4_3265	147	0.020000000000000025
Pf1N1B4_3266	147	0.019354838709677424
Pf1N1B4_3267	147	-0.07499999999999998
Pf1N1B4_3268	147	-0.1484848484848485
Pf1N1B4_3269	147	-0.1826086956521739
Pf1N1B4_327	147	-0.675
Pf1N1B4_3270	147	-0.085
Pf1N1B4_3271	147	-0.10937499999999997
Pf1N1B4_3272	147	-0.1
Pf1N1B4_3273	147	-0.10000000000000005
Pf1N1B4_3274	147	-0.03636363636363635
Pf1N1B4_3275	147	0.06666666666666668
Pf1N1B4_3277	147	-0.04374999999999999
Pf1N1B4_3278	147	-0.06999999999999999
Pf1N1B4_3279	147	-0.2333333333333333
Pf1N1B4_328	147	0.03571428571428571
Pf1N1B4_3280	147	-0.04594594594594595
Pf1N1B4_3281	147	-0.06923076923076923
Pf1N1B4_3282	147	-0.013793103448275897
Pf1N1B4_3283	147	-0.04482758620689655
Pf1N1B4_3284	147	-0.09333333333333332
Pf1N1B4_3285	147	0.20000000000000004
Pf1N1B4_3286	147	-0.1388888888888889
Pf1N1B4_3287	147	-0.06603773584905662
Pf1N1B4_3288	147	-0.040625
Pf1N1B4_3289	147	-0.15882352941176472
Pf1N1B4_329	147	-0.39999999999999997
Pf1N1B4_3290	147	-0.26
Pf1N1B4_3291	147	1.1102230246251566e-17
Pf1N1B4_3292	147	-0.15714285714285714
Pf1N1B4_3293	147	-0.30000000000000004
Pf1N1B4_3294	147	-0.16249999999999998
Pf1N1B4_3295	147	-0.1078125
Pf1N1B4_3296	147	-0.008333333333333378
Pf1N1B4_3297	147	-0.19333333333333333
Pf1N1B4_33	147	0.008333333333333326
Pf1N1B4_330	147	-0.1
Pf1N1B4_3300	147	-0.036111111111111115
Pf1N1B4_3301	147	-0.0963855421686747
Pf1N1B4_3302	147	-0.07307692307692305
Pf1N1B4_3303	147	-0.20000000000000004
Pf1N1B4_3304	147	-0.06000000000000001
Pf1N1B4_3305	147	-0.14444444444444446
Pf1N1B4_3306	147	-0.15609756097560976
Pf1N1B4_3307	147	-0.2
Pf1N1B4_3308	147	-0.18888888888888888
Pf1N1B4_3309	147	-0.11600000000000002
Pf1N1B4_331	147	-0.1
Pf1N1B4_3310	147	-0.26666666666666666
Pf1N1B4_3311	147	-0.13939393939393938
Pf1N1B4_3312	147	-0.18
Pf1N1B4_3313	147	-0.051999999999999984
Pf1N1B4_3314	147	-0.15641025641025644
Pf1N1B4_3316	147	0.03333333333333332
Pf1N1B4_3317	147	-0.15789473684210525
Pf1N1B4_3318	147	-0.09666666666666666
Pf1N1B4_332	147	-0.20909090909090908
Pf1N1B4_3320	147	-0.1
Pf1N1B4_3321	147	-0.15
Pf1N1B4_3322	147	-0.19583333333333333
Pf1N1B4_3325	147	-0.275
Pf1N1B4_3328	147	-0.35000000000000003
Pf1N1B4_3329	147	-0.2
Pf1N1B4_333	147	-0.1125
Pf1N1B4_3330	147	-0.1736842105263158
Pf1N1B4_3331	147	-0.18999999999999997
Pf1N1B4_3332	147	-0.20000000000000004
Pf1N1B4_3333	147	-0.1425
Pf1N1B4_3334	147	-0.22727272727272727
Pf1N1B4_3335	147	-1.3
Pf1N1B4_3336	147	-0.05384615384615383
Pf1N1B4_3337	147	-0.09444444444444447
Pf1N1B4_3339	147	-0.15789473684210525
Pf1N1B4_3340	147	-0.1941176470588235
Pf1N1B4_3341	147	-0.16470588235294115
Pf1N1B4_3342	147	-0.06764705882352941
Pf1N1B4_3343	147	-0.07352941176470588
Pf1N1B4_3344	147	-0.15000000000000002
Pf1N1B4_3345	147	-0.049019607843137254
Pf1N1B4_3346	147	-0.13636363636363635
Pf1N1B4_3347	147	-0.02972972972972973
Pf1N1B4_3348	147	0.0666666666666667
Pf1N1B4_3349	147	-0.15161290322580645
Pf1N1B4_335	147	-0.184
Pf1N1B4_3350	147	-0.25
Pf1N1B4_3351	147	-0.14285714285714282
Pf1N1B4_3352	147	-0.03571428571428571
Pf1N1B4_3353	147	-0.027272727272727285
Pf1N1B4_3354	147	-2.7755575615628914e-17
Pf1N1B4_3356	147	-0.30000000000000004
Pf1N1B4_3357	147	-0.14833333333333334
Pf1N1B4_3358	147	-0.09999999999999998
Pf1N1B4_3359	147	-0.3500000000000001
Pf1N1B4_336	147	-0.14333333333333334
Pf1N1B4_3360	147	-0.1285714285714286
Pf1N1B4_3361	147	-0.12435897435897438
Pf1N1B4_3362	147	-0.15999999999999998
Pf1N1B4_3363	147	-0.07272727272727274
Pf1N1B4_3364	147	-0.1142857142857143
Pf1N1B4_3365	147	-0.029411764705882353
Pf1N1B4_3366	147	-0.1185185185185185
Pf1N1B4_3367	147	-0.1166666666666667
Pf1N1B4_3368	147	-0.15
Pf1N1B4_3369	147	-0.10425531914893618
Pf1N1B4_337	147	-0.010526315789473684
Pf1N1B4_3370	147	-0.13157894736842105
Pf1N1B4_3372	147	-0.1
Pf1N1B4_3373	147	-0.08888888888888889
Pf1N1B4_3374	147	-0.016666666666666666
Pf1N1B4_3375	147	-0.00980392156862744
Pf1N1B4_3376	147	-0.05172413793103448
Pf1N1B4_3377	147	-0.049999999999999975
Pf1N1B4_3378	147	-0.06363636363636363
Pf1N1B4_3379	147	-0.066
Pf1N1B4_338	147	0.09999999999999999
Pf1N1B4_3380	147	-0.05833333333333332
Pf1N1B4_3381	147	-0.05263157894736842
Pf1N1B4_3382	147	-0.006666666666666687
Pf1N1B4_3383	147	-0.03461538461538463
Pf1N1B4_3384	147	-0.12777777777777777
Pf1N1B4_3385	147	-0.006896551724137916
Pf1N1B4_3386	147	-0.14545454545454548
Pf1N1B4_3387	147	-0.05762711864406779
Pf1N1B4_3388	147	-0.0857142857142857
Pf1N1B4_3389	147	-0.021739130434782632
Pf1N1B4_339	147	-0.4666666666666666
Pf1N1B4_3390	147	-0.03333333333333336
Pf1N1B4_3391	147	-0.1
Pf1N1B4_3392	147	0.00769230769230768
Pf1N1B4_3393	147	-0.11515151515151514
Pf1N1B4_3394	147	-0.05714285714285715
Pf1N1B4_3395	147	0.5
Pf1N1B4_3396	147	-0.13999999999999999
Pf1N1B4_3397	147	-0.1
Pf1N1B4_3398	147	-0.7
Pf1N1B4_3399	147	0.04285714285714284
Pf1N1B4_34	147	-0.050000000000000024
Pf1N1B4_340	147	-0.1911764705882353
Pf1N1B4_3400	147	-0.19999999999999998
Pf1N1B4_3401	147	-0.13
Pf1N1B4_3403	147	-0.10833333333333334
Pf1N1B4_3405	147	-0.018181818181818157
Pf1N1B4_3406	147	-0.1
Pf1N1B4_3407	147	-0.13
Pf1N1B4_3408	147	-0.05000000000000001
Pf1N1B4_3409	147	-0.008333333333333354
Pf1N1B4_341	147	-0.18125000000000002
Pf1N1B4_3410	147	-0.03181818181818181
Pf1N1B4_3411	147	-0.10000000000000002
Pf1N1B4_3412	147	-0.13076923076923078
Pf1N1B4_3413	147	2.0816681711721685e-17
Pf1N1B4_3414	147	-0.39999999999999997
Pf1N1B4_3415	147	-0.07500000000000004
Pf1N1B4_3416	147	-0.09375
Pf1N1B4_3419	147	-0.12909090909090906
Pf1N1B4_3420	147	-0.07222222222222223
Pf1N1B4_3421	147	-0.10434782608695654
Pf1N1B4_3422	147	-0.12187500000000001
Pf1N1B4_3424	147	-0.047222222222222256
Pf1N1B4_3425	147	-0.13999999999999996
Pf1N1B4_3426	147	-0.07083333333333332
Pf1N1B4_3429	147	-0.1888888888888889
Pf1N1B4_343	147	-0.0526315789473684
Pf1N1B4_3430	147	-0.10503597122302158
Pf1N1B4_3431	147	0.02000000000000001
Pf1N1B4_3432	147	-0.04324324324324325
Pf1N1B4_3433	147	0.024528301886792465
Pf1N1B4_3434	147	-0.07894736842105265
Pf1N1B4_3435	147	0.18333333333333332
Pf1N1B4_3436	147	-0.06666666666666665
Pf1N1B4_3437	147	0.11739130434782609
Pf1N1B4_3438	147	-0.0943089430894309
Pf1N1B4_3439	147	-0.05
Pf1N1B4_344	147	-0.07999999999999999
Pf1N1B4_3440	147	-0.1918918918918919
Pf1N1B4_3443	147	-0.3333333333333333
Pf1N1B4_3444	147	-0.3
Pf1N1B4_3445	147	-0.4166666666666667
Pf1N1B4_3446	147	-0.10000000000000002
Pf1N1B4_3447	147	-0.03214285714285714
Pf1N1B4_3448	147	-0.05000000000000003
Pf1N1B4_3449	147	-0.09855072463768115
Pf1N1B4_345	147	-0.1
Pf1N1B4_3451	147	-0.33636363636363636
Pf1N1B4_3452	147	0.25
Pf1N1B4_3453	147	-0.3
Pf1N1B4_3454	147	-0.32222222222222224
Pf1N1B4_3455	147	-0.45000000000000007
Pf1N1B4_3456	147	-0.16153846153846152
Pf1N1B4_3458	147	-0.0666666666666667
Pf1N1B4_3459	147	-0.08409090909090909
Pf1N1B4_3460	147	-0.11204819277108434
Pf1N1B4_3461	147	0.075
Pf1N1B4_3462	147	-0.17391304347826092
Pf1N1B4_3463	147	-0.1571428571428571
Pf1N1B4_3464	147	-0.135
Pf1N1B4_3465	147	-0.10175438596491229
Pf1N1B4_3466	147	-0.26666666666666666
Pf1N1B4_3467	147	-0.11428571428571431
Pf1N1B4_3468	147	-0.45000000000000007
Pf1N1B4_3469	147	-0.068
Pf1N1B4_3470	147	-0.11578947368421054
Pf1N1B4_3471	147	-0.13703703703703707
Pf1N1B4_3472	147	-0.23571428571428574
Pf1N1B4_3473	147	-0.03333333333333337
Pf1N1B4_3474	147	-0.05777777777777777
Pf1N1B4_3475	147	-0.03243243243243243
Pf1N1B4_3478	147	-0.020000000000000004
Pf1N1B4_3479	147	-0.010000000000000012
Pf1N1B4_348	147	-0.5214285714285715
Pf1N1B4_3481	147	-1.3877787807814457e-17
Pf1N1B4_3482	147	0.061538461538461535
Pf1N1B4_3483	147	-0.1357142857142857
Pf1N1B4_3484	147	-0.2217391304347826
Pf1N1B4_3485	147	0.13333333333333333
Pf1N1B4_3486	147	0.019999999999999997
Pf1N1B4_3487	147	-0.02121212121212122
Pf1N1B4_3488	147	-0.08157894736842106
Pf1N1B4_3489	147	0.02500000000000001
Pf1N1B4_349	147	-0.26249999999999996
Pf1N1B4_3490	147	-0.140625
Pf1N1B4_3491	147	-0.15
Pf1N1B4_3492	147	0.06999999999999998
Pf1N1B4_3493	147	-0.06521739130434781
Pf1N1B4_3494	147	-0.17500000000000002
Pf1N1B4_3496	147	-0.06279069767441861
Pf1N1B4_3497	147	-0.015384615384615389
Pf1N1B4_3498	147	-0.07142857142857142
Pf1N1B4_3499	147	-0.2
Pf1N1B4_35	147	-0.2875
Pf1N1B4_350	147	-1.4090909090909092
Pf1N1B4_3500	147	-0.09545454545454544
Pf1N1B4_3501	147	0.27692307692307694
Pf1N1B4_3503	147	-0.23076923076923078
Pf1N1B4_3504	147	-0.15555555555555556
Pf1N1B4_3505	147	-0.10000000000000002
Pf1N1B4_3506	147	-1.284
Pf1N1B4_3507	147	-0.0828125
Pf1N1B4_3508	147	-0.3875
Pf1N1B4_3509	147	-0.07826086956521737
Pf1N1B4_3510	147	-0.06363636363636363
Pf1N1B4_3511	147	-0.19047619047619047
Pf1N1B4_3514	147	0.15595238095238095
Pf1N1B4_3515	147	-0.05789473684210528
Pf1N1B4_3516	147	0.02526315789473684
Pf1N1B4_3517	147	0.07500000000000001
Pf1N1B4_3518	147	-0.6666666666666666
Pf1N1B4_3519	147	-0.05555555555555558
Pf1N1B4_3520	147	-0.14166666666666666
Pf1N1B4_3521	147	-0.12499999999999997
Pf1N1B4_3522	147	-0.025000000000000022
Pf1N1B4_3524	147	-0.27499999999999997
Pf1N1B4_3525	147	0.0
Pf1N1B4_3526	147	-0.06000000000000001
Pf1N1B4_3527	147	-0.17499999999999996
Pf1N1B4_3528	147	-0.185
Pf1N1B4_3529	147	-0.16470588235294117
Pf1N1B4_3530	147	-0.22666666666666666
Pf1N1B4_3531	147	-0.09999999999999998
Pf1N1B4_3532	147	-0.4
Pf1N1B4_3533	147	-0.08888888888888889
Pf1N1B4_3535	147	-0.07391304347826086
Pf1N1B4_3536	147	-0.08181818181818185
Pf1N1B4_3537	147	-0.15833333333333335
Pf1N1B4_3538	147	-0.033333333333333326
Pf1N1B4_3539	147	-0.06857142857142856
Pf1N1B4_354	147	-0.4
Pf1N1B4_3540	147	0.041176470588235266
Pf1N1B4_3541	147	-0.06363636363636366
Pf1N1B4_3542	147	-0.09999999999999999
Pf1N1B4_3543	147	-0.1806451612903226
Pf1N1B4_3544	147	-0.22999999999999998
Pf1N1B4_3545	147	-0.05263157894736843
Pf1N1B4_3546	147	0.0
Pf1N1B4_3547	147	0.033333333333333326
Pf1N1B4_3548	147	0.2333333333333333
Pf1N1B4_3549	147	0.0142857142857143
Pf1N1B4_355	147	-0.17710843373493976
Pf1N1B4_3551	147	-0.14705882352941177
Pf1N1B4_3552	147	-0.4
Pf1N1B4_3553	147	-0.14166666666666664
Pf1N1B4_3554	147	-0.11999999999999997
Pf1N1B4_3555	147	-0.6
Pf1N1B4_3556	147	-0.02241379310344829
Pf1N1B4_3558	147	-0.1
Pf1N1B4_3559	147	-0.155
Pf1N1B4_3560	147	-0.30000000000000004
Pf1N1B4_3561	147	0.04375
Pf1N1B4_3563	147	0.0
Pf1N1B4_3564	147	-0.07142857142857142
Pf1N1B4_3566	147	-0.031578947368421054
Pf1N1B4_3567	147	-0.0081967213114754
Pf1N1B4_3568	147	-0.03333333333333336
Pf1N1B4_3569	147	-0.0750000000000001
Pf1N1B4_357	147	-0.9
Pf1N1B4_3570	147	0.07222222222222223
Pf1N1B4_3571	147	-0.09166666666666667
Pf1N1B4_3572	147	0.04
Pf1N1B4_3573	147	-0.04999999999999999
Pf1N1B4_3574	147	-0.025925925925925936
Pf1N1B4_3575	147	0.01111111111111109
Pf1N1B4_3576	147	-0.04
Pf1N1B4_3577	147	-0.021052631578947368
Pf1N1B4_3578	147	-0.20000000000000004
Pf1N1B4_3579	147	-0.09999999999999998
Pf1N1B4_358	147	-0.17352941176470588
Pf1N1B4_3580	147	-0.13
Pf1N1B4_3581	147	-0.21250000000000002
Pf1N1B4_3582	147	-0.22000000000000003
Pf1N1B4_3583	147	-0.21818181818181817
Pf1N1B4_3584	147	-0.06142857142857145
Pf1N1B4_3585	147	-0.09999999999999996
Pf1N1B4_3586	147	-0.08235294117647059
Pf1N1B4_3587	147	0.013333333333333345
Pf1N1B4_3588	147	0.06666666666666667
Pf1N1B4_3589	147	-0.031818181818181815
Pf1N1B4_359	147	-0.1375
Pf1N1B4_3590	147	-0.12000000000000002
Pf1N1B4_3591	147	-0.09444444444444448
Pf1N1B4_3592	147	-0.12112676056338027
Pf1N1B4_3593	147	-0.2
Pf1N1B4_3594	147	-0.07142857142857144
Pf1N1B4_3595	147	-0.375
Pf1N1B4_3596	147	-0.11951219512195123
Pf1N1B4_3597	147	-0.14
Pf1N1B4_3598	147	-0.13333333333333336
Pf1N1B4_3599	147	-0.16470588235294117
Pf1N1B4_36	147	0.2666666666666666
Pf1N1B4_360	147	-0.044067796610169484
Pf1N1B4_3600	147	-0.1285714285714286
Pf1N1B4_3601	147	-0.09090909090909088
Pf1N1B4_3602	147	-0.049999999999999975
Pf1N1B4_3604	147	-0.014285714285714266
Pf1N1B4_3605	147	0.0
Pf1N1B4_3606	147	-0.05555555555555555
Pf1N1B4_3607	147	-0.1153846153846154
Pf1N1B4_3608	147	-0.13333333333333333
Pf1N1B4_3609	147	0.01999999999999999
Pf1N1B4_361	147	-0.1581196581196581
Pf1N1B4_3610	147	-0.05925925925925925
Pf1N1B4_3611	147	-0.7999999999999999
Pf1N1B4_3612	147	0.05000000000000001
Pf1N1B4_3613	147	0.01999999999999998
Pf1N1B4_3614	147	-0.15
Pf1N1B4_3615	147	-0.14285714285714285
Pf1N1B4_3619	147	0.014285714285714308
Pf1N1B4_362	147	-0.05135135135135135
Pf1N1B4_3620	147	0.04999999999999999
Pf1N1B4_3621	147	-0.11499999999999999
Pf1N1B4_3622	147	-0.13846153846153844
Pf1N1B4_3623	147	-0.175
Pf1N1B4_3624	147	-0.19333333333333333
Pf1N1B4_3625	147	0.09
Pf1N1B4_3626	147	-0.04615384615384616
Pf1N1B4_3627	147	-0.07500000000000002
Pf1N1B4_3628	147	-0.10000000000000005
Pf1N1B4_3629	147	-0.044444444444444446
Pf1N1B4_363	147	-0.16363636363636366
Pf1N1B4_3630	147	0.04000000000000002
Pf1N1B4_3631	147	-0.21111111111111108
Pf1N1B4_3632	147	-0.12222222222222226
Pf1N1B4_3633	147	-0.0666666666666667
Pf1N1B4_3634	147	0.02999999999999998
Pf1N1B4_3635	147	-0.03333333333333329
Pf1N1B4_3636	147	-0.25
Pf1N1B4_3637	147	0.125
Pf1N1B4_3638	147	-0.018181818181818188
Pf1N1B4_364	147	-0.36363636363636365
Pf1N1B4_3641	147	-0.3333333333333333
Pf1N1B4_3643	147	-0.2
Pf1N1B4_3644	147	-0.375
Pf1N1B4_3645	147	0.3
Pf1N1B4_3647	147	-0.29764705882352943
Pf1N1B4_3648	147	-0.2384615384615385
Pf1N1B4_365	147	-0.3
Pf1N1B4_3650	147	0.4
Pf1N1B4_3651	147	-0.16666666666666666
Pf1N1B4_3653	147	0.03529411764705881
Pf1N1B4_3654	147	-0.08809523809523812
Pf1N1B4_3655	147	-0.010000000000000005
Pf1N1B4_3656	147	-0.14999999999999997
Pf1N1B4_3657	147	-0.17500000000000002
Pf1N1B4_3658	147	-0.1285714285714286
Pf1N1B4_3659	147	-0.1
Pf1N1B4_366	147	-0.16304347826086957
Pf1N1B4_3660	147	-0.08235294117647059
Pf1N1B4_3661	147	-0.05263157894736842
Pf1N1B4_3662	147	-0.16666666666666666
Pf1N1B4_3663	147	-0.4
Pf1N1B4_3664	147	-0.14999999999999997
Pf1N1B4_3665	147	-0.19090909090909092
Pf1N1B4_3666	147	0.10000000000000002
Pf1N1B4_3667	147	-0.19583333333333333
Pf1N1B4_3668	147	-0.07777777777777777
Pf1N1B4_3669	147	0.15000000000000002
Pf1N1B4_367	147	0.1
Pf1N1B4_3670	147	-0.21428571428571427
Pf1N1B4_3671	147	-0.08157894736842104
Pf1N1B4_3672	147	-0.012499999999999997
Pf1N1B4_3673	147	-0.10819672131147541
Pf1N1B4_3676	147	-0.4
Pf1N1B4_3684	147	-0.22
Pf1N1B4_3685	147	-0.29375
Pf1N1B4_3686	147	0.009302325581395354
Pf1N1B4_3687	147	-0.13000000000000003
Pf1N1B4_3688	147	-0.026923076923076945
Pf1N1B4_3689	147	-0.6
Pf1N1B4_369	147	-0.0125
Pf1N1B4_3690	147	-0.2
Pf1N1B4_3691	147	-0.2
Pf1N1B4_3692	147	-0.225
Pf1N1B4_3693	147	-0.04
Pf1N1B4_3694	147	-7.401486830834377e-17
Pf1N1B4_3695	147	0.04999999999999999
Pf1N1B4_3696	147	-0.09365079365079365
Pf1N1B4_3697	147	-0.9875
Pf1N1B4_3699	147	0.09999999999999998
Pf1N1B4_37	147	-0.011111111111111115
Pf1N1B4_370	147	-0.08999999999999997
Pf1N1B4_3700	147	-0.17500000000000002
Pf1N1B4_3702	147	-0.4
Pf1N1B4_3703	147	-0.1444444444444445
Pf1N1B4_3704	147	-0.08852459016393444
Pf1N1B4_3705	147	-0.0823529411764706
Pf1N1B4_3707	147	-0.17586206896551723
Pf1N1B4_3708	147	0.2
Pf1N1B4_3709	147	-0.3666666666666667
Pf1N1B4_371	147	-0.1576923076923077
Pf1N1B4_3710	147	-0.14
Pf1N1B4_3711	147	-0.24117647058823527
Pf1N1B4_3712	147	-0.22909090909090912
Pf1N1B4_3713	147	-0.24999999999999992
Pf1N1B4_3714	147	-0.09999999999999999
Pf1N1B4_3715	147	-0.22000000000000003
Pf1N1B4_3716	147	-0.2
Pf1N1B4_3717	147	-0.07142857142857141
Pf1N1B4_3718	147	-0.1
Pf1N1B4_3719	147	0.005882352941176502
Pf1N1B4_372	147	-0.13999999999999999
Pf1N1B4_3720	147	-0.13518518518518519
Pf1N1B4_3721	147	0.0
Pf1N1B4_3722	147	0.175
Pf1N1B4_3723	147	-0.19999999999999998
Pf1N1B4_3724	147	-0.27307692307692305
Pf1N1B4_3725	147	-0.12
Pf1N1B4_3726	147	-0.14666666666666667
Pf1N1B4_3727	147	-0.07209302325581393
Pf1N1B4_3728	147	-0.07241379310344827
Pf1N1B4_3729	147	-0.2333333333333333
Pf1N1B4_373	147	-0.2285714285714286
Pf1N1B4_3730	147	-0.14285714285714285
Pf1N1B4_3731	147	-0.35
Pf1N1B4_3732	147	-0.13333333333333333
Pf1N1B4_3733	147	-0.07346938775510205
Pf1N1B4_3734	147	0.4
Pf1N1B4_3735	147	-0.29999999999999993
Pf1N1B4_3736	147	0.0
Pf1N1B4_3738	147	-0.09999999999999994
Pf1N1B4_3739	147	-0.17142857142857146
Pf1N1B4_374	147	-0.135
Pf1N1B4_3740	147	-0.09999999999999998
Pf1N1B4_3742	147	-0.08000000000000003
Pf1N1B4_3743	147	-0.08823529411764706
Pf1N1B4_3744	147	-0.08571428571428572
Pf1N1B4_3745	147	-0.16363636363636364
Pf1N1B4_3746	147	-0.11538461538461539
Pf1N1B4_3747	147	-0.09999999999999999
Pf1N1B4_3748	147	-0.11212121212121211
Pf1N1B4_3749	147	0.02083333333333334
Pf1N1B4_375	147	-0.012500000000000013
Pf1N1B4_3750	147	-0.04444444444444446
Pf1N1B4_3751	147	-0.6333333333333333
Pf1N1B4_3752	147	-0.14021739130434782
Pf1N1B4_3753	147	-0.16875
Pf1N1B4_3758	147	-0.03333333333333336
Pf1N1B4_3759	147	-0.041509433962264156
Pf1N1B4_376	147	-0.19285714285714284
Pf1N1B4_3760	147	-0.15862068965517243
Pf1N1B4_3762	147	-0.11071428571428572
Pf1N1B4_3763	147	-0.024999999999999988
Pf1N1B4_3764	147	-0.08750000000000002
Pf1N1B4_3765	147	-0.022222222222222216
Pf1N1B4_3766	147	-0.06666666666666667
Pf1N1B4_3767	147	0.12727272727272726
Pf1N1B4_3768	147	-0.3285714285714286
Pf1N1B4_3769	147	-0.20689655172413796
Pf1N1B4_3770	147	0.16666666666666666
Pf1N1B4_3771	147	-0.00714285714285715
Pf1N1B4_3772	147	0.006666666666666651
Pf1N1B4_3774	147	-0.35
Pf1N1B4_3775	147	-0.1666666666666667
Pf1N1B4_3777	147	-0.21176470588235297
Pf1N1B4_3778	147	-0.09166666666666666
Pf1N1B4_3779	147	-0.32
Pf1N1B4_378	147	-0.016666666666666663
Pf1N1B4_3781	147	-0.12115384615384615
Pf1N1B4_3782	147	-0.14
Pf1N1B4_3783	147	-0.125
Pf1N1B4_3784	147	-0.011904761904761899
Pf1N1B4_3785	147	-0.0666666666666667
Pf1N1B4_3786	147	0.0066666666666666576
Pf1N1B4_3787	147	0.07499999999999996
Pf1N1B4_3789	147	0.04999999999999999
Pf1N1B4_379	147	-0.1769230769230769
Pf1N1B4_3790	147	-0.09545454545454544
Pf1N1B4_3791	147	-0.17
Pf1N1B4_3792	147	-0.013043478260869558
Pf1N1B4_3793	147	-0.02222222222222224
Pf1N1B4_3794	147	0.14285714285714285
Pf1N1B4_3795	147	0.033333333333333305
Pf1N1B4_3796	147	-0.1571428571428571
Pf1N1B4_3797	147	-0.08181818181818183
Pf1N1B4_3798	147	-0.148
Pf1N1B4_3799	147	-0.07999999999999996
Pf1N1B4_38	147	-0.046666666666666655
Pf1N1B4_380	147	-0.03750000000000002
Pf1N1B4_3800	147	0.020000000000000063
Pf1N1B4_3801	147	-0.35
Pf1N1B4_3802	147	-0.15
Pf1N1B4_3804	147	0.15
Pf1N1B4_3805	147	0.0
Pf1N1B4_3807	147	-0.07560975609756097
Pf1N1B4_3808	147	-0.11538461538461536
Pf1N1B4_3809	147	-0.2285714285714286
Pf1N1B4_381	147	-0.20000000000000004
Pf1N1B4_3810	147	-0.0761904761904762
Pf1N1B4_3811	147	-0.13999999999999999
Pf1N1B4_3812	147	-1.2543478260869565
Pf1N1B4_3813	147	-0.045454545454545414
Pf1N1B4_3814	147	0.0375
Pf1N1B4_3815	147	-0.19
Pf1N1B4_3816	147	-0.125
Pf1N1B4_3817	147	-0.14285714285714285
Pf1N1B4_3818	147	-0.1285714285714286
Pf1N1B4_3819	147	-0.175
Pf1N1B4_382	147	-0.0894736842105263
Pf1N1B4_3820	147	0.029411764705882366
Pf1N1B4_3821	147	-0.1956521739130435
Pf1N1B4_3822	147	-0.2
Pf1N1B4_3823	147	-0.04888888888888889
Pf1N1B4_3824	147	-0.10821917808219178
Pf1N1B4_3825	147	-0.10999999999999996
Pf1N1B4_3826	147	-0.05106382978723404
Pf1N1B4_3827	147	0.015999999999999997
Pf1N1B4_3828	147	-0.0032258064516128954
Pf1N1B4_3829	147	0.055172413793103454
Pf1N1B4_383	147	-0.135
Pf1N1B4_3830	147	0.0875
Pf1N1B4_3831	147	-0.08484848484848484
Pf1N1B4_3833	147	-1.0551020408163265
Pf1N1B4_3834	147	0.05714285714285715
Pf1N1B4_3835	147	0.02521739130434783
Pf1N1B4_3836	147	-0.2
Pf1N1B4_3837	147	-0.02405063291139239
Pf1N1B4_3838	147	-0.102
Pf1N1B4_3839	147	-0.0903225806451613
Pf1N1B4_384	147	-0.06000000000000001
Pf1N1B4_3840	147	-0.1357142857142857
Pf1N1B4_3841	147	-0.1
Pf1N1B4_3843	147	-0.11428571428571428
Pf1N1B4_3844	147	-0.16842105263157897
Pf1N1B4_3845	147	-0.07692307692307693
Pf1N1B4_3846	147	-0.08055555555555556
Pf1N1B4_3847	147	0.15
Pf1N1B4_3848	147	-0.0878048780487805
Pf1N1B4_3849	147	-0.35000000000000003
Pf1N1B4_385	147	-0.1
Pf1N1B4_3850	147	-0.10256410256410259
Pf1N1B4_3851	147	-0.1647058823529412
Pf1N1B4_3852	147	-0.1096153846153846
Pf1N1B4_3853	147	2.7755575615628914e-17
Pf1N1B4_3854	147	-0.55
Pf1N1B4_3855	147	-0.09090909090909091
Pf1N1B4_3858	147	-0.14999999999999997
Pf1N1B4_3859	147	0.08124999999999999
Pf1N1B4_386	147	0.013580246913580243
Pf1N1B4_3860	147	-0.1138888888888889
Pf1N1B4_3861	147	-0.13157894736842105
Pf1N1B4_3864	147	-0.1875
Pf1N1B4_3865	147	0.07999999999999999
Pf1N1B4_3866	147	-0.19999999999999996
Pf1N1B4_3867	147	-0.35000000000000003
Pf1N1B4_3868	147	-0.07407407407407407
Pf1N1B4_3869	147	-0.2539130434782609
Pf1N1B4_387	147	0.09999999999999999
Pf1N1B4_3870	147	-0.31020408163265306
Pf1N1B4_3871	147	-0.2939189189189189
Pf1N1B4_3872	147	-0.2683333333333333
Pf1N1B4_3873	147	-0.1794326241134752
Pf1N1B4_3874	147	-0.09411764705882353
Pf1N1B4_3875	147	-0.08867924528301888
Pf1N1B4_3876	147	-0.1064516129032258
Pf1N1B4_3878	147	-0.1464285714285714
Pf1N1B4_3879	147	-0.18024691358024694
Pf1N1B4_388	147	-0.08333333333333333
Pf1N1B4_3880	147	-0.253125
Pf1N1B4_3881	147	-0.14150943396226415
Pf1N1B4_3883	147	-0.08947368421052632
Pf1N1B4_3884	147	-0.15999999999999998
Pf1N1B4_3885	147	-0.18125
Pf1N1B4_3886	147	-0.06842105263157894
Pf1N1B4_3887	147	-0.21666666666666667
Pf1N1B4_3888	147	-0.056321839080459776
Pf1N1B4_3889	147	0.0
Pf1N1B4_389	147	-0.0739130434782609
Pf1N1B4_3890	147	-0.09999999999999998
Pf1N1B4_3892	147	-0.05499999999999999
Pf1N1B4_3894	147	-0.1
Pf1N1B4_3895	147	-0.05555555555555555
Pf1N1B4_3896	147	-0.06666666666666667
Pf1N1B4_3898	147	-0.03043478260869565
Pf1N1B4_3899	147	-0.05555555555555555
Pf1N1B4_39	147	-0.0975609756097561
Pf1N1B4_390	147	-0.07307692307692305
Pf1N1B4_3900	147	-0.18
Pf1N1B4_3901	147	-0.36
Pf1N1B4_3905	147	-0.18181818181818182
Pf1N1B4_3906	147	-0.6666666666666666
Pf1N1B4_3907	147	-0.125
Pf1N1B4_3909	147	-0.15000000000000002
Pf1N1B4_3911	147	-0.16470588235294117
Pf1N1B4_3913	147	-0.16
Pf1N1B4_3914	147	-0.07692307692307694
Pf1N1B4_3915	147	0.008000000000000007
Pf1N1B4_3916	147	-0.0807017543859649
Pf1N1B4_3917	147	-0.26
Pf1N1B4_3918	147	-0.16666666666666666
Pf1N1B4_3919	147	-0.4
Pf1N1B4_3920	147	-0.0875
Pf1N1B4_3921	147	0.1
Pf1N1B4_3925	147	-0.12105263157894738
Pf1N1B4_3926	147	-0.14545454545454548
Pf1N1B4_3927	147	-0.1
Pf1N1B4_3928	147	-0.23333333333333334
Pf1N1B4_3929	147	-0.19148936170212766
Pf1N1B4_3930	147	-0.03749999999999998
Pf1N1B4_3931	147	0.04137931034482759
Pf1N1B4_3932	147	0.2
Pf1N1B4_3933	147	0.1333333333333334
Pf1N1B4_3934	147	-0.11333333333333331
Pf1N1B4_3935	147	-0.1875
Pf1N1B4_3936	147	-0.1333333333333333
Pf1N1B4_3938	147	-0.016666666666666666
Pf1N1B4_3939	147	-0.2875
Pf1N1B4_394	147	-0.016666666666666673
Pf1N1B4_3940	147	0.2
Pf1N1B4_3942	147	-0.07692307692307693
Pf1N1B4_3944	147	-0.6
Pf1N1B4_3946	147	-0.3
Pf1N1B4_3947	147	-0.7
Pf1N1B4_395	147	-0.09545454545454547
Pf1N1B4_3950	147	-0.30000000000000004
Pf1N1B4_3951	147	0.09999999999999994
Pf1N1B4_3953	147	0.09999999999999999
Pf1N1B4_3954	147	0.2
Pf1N1B4_3955	147	-0.18333333333333335
Pf1N1B4_3956	147	0.013333333333333345
Pf1N1B4_3957	147	-0.015384615384615382
Pf1N1B4_3958	147	-0.03888888888888889
Pf1N1B4_3959	147	0.12857142857142856
Pf1N1B4_396	147	-0.24000000000000002
Pf1N1B4_3960	147	-0.35
Pf1N1B4_3961	147	-0.06666666666666664
Pf1N1B4_3962	147	0.033333333333333326
Pf1N1B4_3963	147	-0.02608695652173914
Pf1N1B4_3964	147	-0.1
Pf1N1B4_3965	147	-0.2
Pf1N1B4_3966	147	-0.08333333333333333
Pf1N1B4_3967	147	-0.09285714285714286
Pf1N1B4_3968	147	1.3877787807814457e-17
Pf1N1B4_3969	147	-0.14285714285714285
Pf1N1B4_397	147	0.03157894736842105
Pf1N1B4_3970	147	-1.850371707708594e-17
Pf1N1B4_3972	147	-0.07142857142857141
Pf1N1B4_3973	147	-0.16666666666666669
Pf1N1B4_3974	147	-0.09999999999999998
Pf1N1B4_3975	147	0.08
Pf1N1B4_3976	147	0.06896551724137934
Pf1N1B4_3977	147	-0.01000000000000002
Pf1N1B4_3978	147	-0.10769230769230768
Pf1N1B4_3979	147	-0.022222222222222216
Pf1N1B4_398	147	-0.075
Pf1N1B4_3980	147	-0.23333333333333336
Pf1N1B4_3981	147	-0.13999999999999996
Pf1N1B4_3982	147	0.07272727272727272
Pf1N1B4_3983	147	-0.12499999999999999
Pf1N1B4_3984	147	-0.023809523809523815
Pf1N1B4_3985	147	-0.45000000000000007
Pf1N1B4_3986	147	-0.23124999999999998
Pf1N1B4_3987	147	-0.15185185185185185
Pf1N1B4_3988	147	-0.0857142857142857
Pf1N1B4_3989	147	-0.076
Pf1N1B4_399	147	-0.19999999999999998
Pf1N1B4_3990	147	-0.1272727272727273
Pf1N1B4_3991	147	-0.025000000000000022
Pf1N1B4_3992	147	-0.049999999999999996
Pf1N1B4_3993	147	-0.14285714285714285
Pf1N1B4_3994	147	-0.07380952380952382
Pf1N1B4_3995	147	-0.2333333333333333
Pf1N1B4_3996	147	-0.14666666666666667
Pf1N1B4_3997	147	-0.10000000000000002
Pf1N1B4_3998	147	-0.17
Pf1N1B4_40	147	-0.08235294117647057
Pf1N1B4_400	147	0.0
Pf1N1B4_4000	147	-0.16428571428571428
Pf1N1B4_4001	147	-0.019999999999999997
Pf1N1B4_4002	147	-0.14285714285714285
Pf1N1B4_4004	147	-0.3333333333333333
Pf1N1B4_4007	147	-0.12857142857142856
Pf1N1B4_4008	147	-0.1142857142857143
Pf1N1B4_4009	147	-0.07500000000000001
Pf1N1B4_401	147	-0.05714285714285717
Pf1N1B4_4010	147	-0.12173913043478256
Pf1N1B4_4011	147	-0.26923076923076916
Pf1N1B4_4012	147	0.3
Pf1N1B4_4013	147	-0.05405405405405406
Pf1N1B4_4014	147	-0.06000000000000001
Pf1N1B4_4015	147	-0.3
Pf1N1B4_4016	147	-0.10000000000000002
Pf1N1B4_4017	147	-0.09999999999999999
Pf1N1B4_4018	147	-0.15000000000000002
Pf1N1B4_4019	147	0.03333333333333329
Pf1N1B4_402	147	-0.1
Pf1N1B4_4020	147	-0.17857142857142855
Pf1N1B4_4021	147	-0.7
Pf1N1B4_4023	147	-0.06666666666666667
Pf1N1B4_4024	147	-0.13333333333333333
Pf1N1B4_4025	147	0.059615384615384626
Pf1N1B4_4026	147	-0.021428571428571425
Pf1N1B4_4027	147	-0.06666666666666667
Pf1N1B4_4028	147	-0.6916666666666668
Pf1N1B4_4029	147	-0.30000000000000004
Pf1N1B4_403	147	-0.10000000000000003
Pf1N1B4_4030	147	-0.6000000000000001
Pf1N1B4_4031	147	-0.9
Pf1N1B4_4032	147	-0.35
Pf1N1B4_4033	147	-0.675
Pf1N1B4_4034	147	-0.9
Pf1N1B4_4035	147	-0.3333333333333333
Pf1N1B4_4037	147	-0.4800000000000001
Pf1N1B4_4038	147	-0.675
Pf1N1B4_4039	147	-0.5121212121212121
Pf1N1B4_404	147	-0.07500000000000007
Pf1N1B4_4040	147	-0.6428571428571429
Pf1N1B4_4041	147	-0.4555555555555555
Pf1N1B4_4042	147	-0.11333333333333333
Pf1N1B4_4043	147	-0.05714285714285716
Pf1N1B4_4044	147	-0.0666666666666667
Pf1N1B4_4045	147	-0.3
Pf1N1B4_4047	147	0.05384615384615384
Pf1N1B4_4049	147	0.03333333333333335
Pf1N1B4_405	147	-0.028571428571428564
Pf1N1B4_4051	147	-0.34615384615384615
Pf1N1B4_4052	147	-0.1575757575757576
Pf1N1B4_4053	147	-0.18749999999999994
Pf1N1B4_4054	147	0.040000000000000015
Pf1N1B4_4055	147	-0.34285714285714286
Pf1N1B4_4057	147	-0.07777777777777778
Pf1N1B4_4058	147	-0.09999999999999998
Pf1N1B4_4059	147	-0.11538461538461539
Pf1N1B4_406	147	-0.13571428571428573
Pf1N1B4_4062	147	-0.2888888888888889
Pf1N1B4_4063	147	-0.17777777777777778
Pf1N1B4_4065	147	-1.44
Pf1N1B4_4066	147	-0.15555555555555556
Pf1N1B4_4067	147	-0.16249999999999998
Pf1N1B4_407	147	0.15
Pf1N1B4_4072	147	0.0
Pf1N1B4_4073	147	0.0
Pf1N1B4_4074	147	-0.3
Pf1N1B4_4075	147	-0.23888888888888887
Pf1N1B4_4076	147	0.0625
Pf1N1B4_4077	147	0.12500000000000006
Pf1N1B4_4078	147	-0.09999999999999995
Pf1N1B4_4079	147	-0.13333333333333333
Pf1N1B4_408	147	-0.07777777777777778
Pf1N1B4_4080	147	-0.7
Pf1N1B4_4081	147	-0.10487804878048783
Pf1N1B4_4082	147	-0.1
Pf1N1B4_4083	147	-0.15000000000000002
Pf1N1B4_4084	147	0.1
Pf1N1B4_4085	147	-0.05909090909090909
Pf1N1B4_4086	147	-0.07142857142857142
Pf1N1B4_4087	147	0.050000000000000024
Pf1N1B4_4088	147	-0.8500000000000001
Pf1N1B4_4089	147	-0.09999999999999996
Pf1N1B4_409	147	-1.9428902930940238e-17
Pf1N1B4_4090	147	-0.051724137931034475
Pf1N1B4_4091	147	0.047368421052631574
Pf1N1B4_4092	147	-0.06111111111111113
Pf1N1B4_4093	147	-0.31999999999999995
Pf1N1B4_4094	147	0.033333333333333354
Pf1N1B4_4095	147	-0.5
Pf1N1B4_4096	147	-0.049999999999999975
Pf1N1B4_4097	147	-0.11538461538461542
Pf1N1B4_4098	147	0.011111111111111096
Pf1N1B4_4099	147	0.07500000000000001
Pf1N1B4_41	147	0.1142857142857143
Pf1N1B4_410	147	-0.07045454545454545
Pf1N1B4_4100	147	-0.016666666666666646
Pf1N1B4_4101	147	-0.22857142857142856
Pf1N1B4_4102	147	-0.2333333333333333
Pf1N1B4_4103	147	-0.22000000000000003
Pf1N1B4_4104	147	-0.06
Pf1N1B4_4105	147	-0.3333333333333333
Pf1N1B4_4106	147	0.02500000000000001
Pf1N1B4_4107	147	-0.025000000000000015
Pf1N1B4_4108	147	-0.01666666666666668
Pf1N1B4_4109	147	-0.16666666666666666
Pf1N1B4_411	147	-0.06399999999999999
Pf1N1B4_4110	147	-0.19999999999999998
Pf1N1B4_4111	147	-0.22000000000000003
Pf1N1B4_4112	147	-0.15294117647058825
Pf1N1B4_4113	147	-0.04999999999999999
Pf1N1B4_4114	147	-0.03333333333333335
Pf1N1B4_4115	147	-0.4
Pf1N1B4_4116	147	-0.1153846153846154
Pf1N1B4_4117	147	0.5
Pf1N1B4_4118	147	0.01428571428571426
Pf1N1B4_4119	147	-0.2285714285714286
Pf1N1B4_412	147	-0.325
Pf1N1B4_4120	147	0.2
Pf1N1B4_4121	147	-0.1391304347826087
Pf1N1B4_4122	147	-0.1111111111111111
Pf1N1B4_4123	147	-0.35
Pf1N1B4_4124	147	-0.4
Pf1N1B4_4125	147	-0.19230769230769235
Pf1N1B4_4126	147	-0.12903225806451615
Pf1N1B4_4127	147	-0.0857142857142857
Pf1N1B4_4129	147	-0.1285714285714286
Pf1N1B4_413	147	-0.09310344827586207
Pf1N1B4_4130	147	-0.3
Pf1N1B4_4131	147	0.2
Pf1N1B4_4132	147	0.04
Pf1N1B4_4133	147	-0.12222222222222226
Pf1N1B4_4134	147	-0.175
Pf1N1B4_4135	147	-0.2285714285714286
Pf1N1B4_4136	147	-0.01666666666666668
Pf1N1B4_4137	147	-0.16470588235294117
Pf1N1B4_4138	147	-0.18421052631578946
Pf1N1B4_4139	147	-0.17999999999999997
Pf1N1B4_414	147	-0.15000000000000002
Pf1N1B4_4140	147	-0.3166666666666667
Pf1N1B4_4141	147	-0.18166666666666667
Pf1N1B4_4143	147	-0.05000000000000001
Pf1N1B4_4144	147	-0.9
Pf1N1B4_4145	147	0.0
Pf1N1B4_4147	147	0.2
Pf1N1B4_4148	147	-0.1
Pf1N1B4_4149	147	-0.15
Pf1N1B4_415	147	-0.12571428571428572
Pf1N1B4_4150	147	-0.0733333333333333
Pf1N1B4_4151	147	-0.11000000000000006
Pf1N1B4_4152	147	-0.10000000000000002
Pf1N1B4_4153	147	-0.14166666666666666
Pf1N1B4_4154	147	-0.05000000000000001
Pf1N1B4_4155	147	0.0666666666666667
Pf1N1B4_4156	147	-0.21666666666666667
Pf1N1B4_4157	147	-0.06470588235294118
Pf1N1B4_4158	147	-0.19375
Pf1N1B4_4159	147	-0.01666666666666668
Pf1N1B4_416	147	-0.09999999999999999
Pf1N1B4_4160	147	-0.1
Pf1N1B4_4161	147	-0.07
Pf1N1B4_4162	147	-0.08823529411764705
Pf1N1B4_4163	147	-0.04285714285714288
Pf1N1B4_4164	147	-0.1275
Pf1N1B4_4165	147	-0.1
Pf1N1B4_4166	147	-0.24
Pf1N1B4_4168	147	0.08000000000000004
Pf1N1B4_4169	147	-0.12352941176470592
Pf1N1B4_417	147	-0.09600000000000002
Pf1N1B4_4170	147	-0.12352941176470589
Pf1N1B4_4171	147	-0.1142857142857143
Pf1N1B4_4172	147	0.0
Pf1N1B4_4173	147	-0.2538461538461539
Pf1N1B4_4174	147	-0.06666666666666667
Pf1N1B4_4175	147	0.0
Pf1N1B4_4176	147	1.586032892321652e-17
Pf1N1B4_4177	147	0.09999999999999999
Pf1N1B4_4178	147	-0.20769230769230768
Pf1N1B4_4179	147	-0.08333333333333337
Pf1N1B4_418	147	-0.031999999999999994
Pf1N1B4_4180	147	-0.12000000000000002
Pf1N1B4_4181	147	-0.15714285714285717
Pf1N1B4_4182	147	-0.052380952380952396
Pf1N1B4_4183	147	-0.14545454545454545
Pf1N1B4_4184	147	0.0
Pf1N1B4_4185	147	-0.15
Pf1N1B4_4186	147	-0.2882352941176471
Pf1N1B4_4187	147	-0.1583333333333333
Pf1N1B4_4188	147	-0.08297872340425533
Pf1N1B4_4189	147	-0.3
Pf1N1B4_419	147	-0.225
Pf1N1B4_4190	147	-0.12083333333333336
Pf1N1B4_4191	147	-0.2
Pf1N1B4_4192	147	-0.13333333333333333
Pf1N1B4_4193	147	-3.172065784643304e-17
Pf1N1B4_4194	147	-0.04999999999999992
Pf1N1B4_4195	147	-0.28461538461538455
Pf1N1B4_4198	147	-0.18
Pf1N1B4_4199	147	-0.27777777777777785
Pf1N1B4_42	147	-0.1193548387096774
Pf1N1B4_420	147	-0.11000000000000001
Pf1N1B4_4200	147	-0.24545454545454548
Pf1N1B4_4201	147	0.05
Pf1N1B4_4202	147	0.0727272727272727
Pf1N1B4_4204	147	-0.14615384615384616
Pf1N1B4_4205	147	-0.18
Pf1N1B4_4206	147	-0.08571428571428573
Pf1N1B4_4207	147	-0.06923076923076923
Pf1N1B4_4208	147	-0.08571428571428573
Pf1N1B4_4209	147	-0.20625
Pf1N1B4_421	147	-0.19166666666666665
Pf1N1B4_4210	147	-0.11249999999999999
Pf1N1B4_4211	147	-0.5
Pf1N1B4_4212	147	-0.3
Pf1N1B4_4213	147	-0.16666666666666666
Pf1N1B4_4214	147	-0.06521739130434782
Pf1N1B4_4215	147	-0.0869565217391304
Pf1N1B4_4216	147	0.05
Pf1N1B4_4217	147	-0.15000000000000002
Pf1N1B4_4218	147	-0.17777777777777778
Pf1N1B4_4219	147	-0.21666666666666667
Pf1N1B4_4220	147	0.17142857142857146
Pf1N1B4_4222	147	-0.2666666666666667
Pf1N1B4_4223	147	0.07142857142857142
Pf1N1B4_4225	147	-0.3125
Pf1N1B4_4226	147	-0.23043478260869568
Pf1N1B4_4227	147	-0.20000000000000004
Pf1N1B4_4228	147	0.1
Pf1N1B4_4229	147	-0.14081632653061224
Pf1N1B4_423	147	0.30000000000000004
Pf1N1B4_4230	147	-0.07692307692307693
Pf1N1B4_4231	147	-0.3
Pf1N1B4_4232	147	-0.15000000000000002
Pf1N1B4_4234	147	-0.17777777777777776
Pf1N1B4_4235	147	-0.06666666666666667
Pf1N1B4_4236	147	-0.15862068965517243
Pf1N1B4_4237	147	-0.09374999999999997
Pf1N1B4_4238	147	3.700743415417188e-17
Pf1N1B4_4239	147	0.024999999999999967
Pf1N1B4_4240	147	-0.1333333333333333
Pf1N1B4_4241	147	-0.0035714285714285787
Pf1N1B4_4242	147	-0.04166666666666662
Pf1N1B4_4243	147	-0.2727272727272727
Pf1N1B4_4244	147	-0.09545454545454546
Pf1N1B4_4245	147	-0.038095238095238106
Pf1N1B4_4246	147	-0.06363636363636363
Pf1N1B4_4247	147	-0.12999999999999995
Pf1N1B4_4248	147	0.04999999999999999
Pf1N1B4_4249	147	-0.23846153846153847
Pf1N1B4_425	147	-0.1423076923076923
Pf1N1B4_4250	147	-0.13999999999999999
Pf1N1B4_4251	147	-0.01481481481481481
Pf1N1B4_4252	147	-0.4666666666666666
Pf1N1B4_4253	147	-0.24
Pf1N1B4_4255	147	-0.18
Pf1N1B4_4256	147	-0.01666666666666666
Pf1N1B4_4257	147	-0.225
Pf1N1B4_4258	147	-0.2333333333333333
Pf1N1B4_4259	147	-0.17500000000000004
Pf1N1B4_426	147	-0.13846153846153847
Pf1N1B4_4260	147	-0.1142857142857143
Pf1N1B4_4261	147	0.5
Pf1N1B4_4262	147	-0.06842105263157894
Pf1N1B4_4264	147	-0.09
Pf1N1B4_4265	147	0.04999999999999998
Pf1N1B4_4266	147	-0.3
Pf1N1B4_4267	147	-0.2
Pf1N1B4_4268	147	-0.13333333333333333
Pf1N1B4_4269	147	0.1
Pf1N1B4_427	147	-0.15172413793103445
Pf1N1B4_4270	147	-0.10666666666666666
Pf1N1B4_4271	147	7.93016446160826e-18
Pf1N1B4_4273	147	-0.16
Pf1N1B4_4274	147	-0.1111111111111111
Pf1N1B4_4275	147	-0.17142857142857146
Pf1N1B4_4276	147	-0.17500000000000002
Pf1N1B4_4277	147	0.02105263157894739
Pf1N1B4_4278	147	-0.24999999999999994
Pf1N1B4_4279	147	-0.15599999999999997
Pf1N1B4_428	147	-0.12352941176470589
Pf1N1B4_4280	147	-0.05555555555555554
Pf1N1B4_4281	147	0.06999999999999999
Pf1N1B4_4282	147	-0.07777777777777775
Pf1N1B4_4284	147	0.3
Pf1N1B4_4285	147	-0.3166666666666666
Pf1N1B4_4286	147	-0.11249999999999999
Pf1N1B4_4287	147	-0.01578947368421053
Pf1N1B4_4288	147	0.03333333333333329
Pf1N1B4_4289	147	-0.039999999999999994
Pf1N1B4_429	147	-0.016666666666666646
Pf1N1B4_4293	147	-0.175
Pf1N1B4_4294	147	-0.033333333333333354
Pf1N1B4_4295	147	-0.12000000000000002
Pf1N1B4_4296	147	-0.1083333333333333
Pf1N1B4_4297	147	-0.04999999999999999
Pf1N1B4_4299	147	-0.47777777777777775
Pf1N1B4_43	147	0.011111111111111108
Pf1N1B4_430	147	-0.32
Pf1N1B4_4300	147	-0.1
Pf1N1B4_4301	147	-0.3
Pf1N1B4_4303	147	-0.00833333333333334
Pf1N1B4_4304	147	-0.07142857142857141
Pf1N1B4_4305	147	-0.042857142857142864
Pf1N1B4_4306	147	-0.07333333333333332
Pf1N1B4_4307	147	-0.09999999999999999
Pf1N1B4_4309	147	-0.23846153846153847
Pf1N1B4_431	147	-0.14705882352941177
Pf1N1B4_4311	147	-0.22999999999999998
Pf1N1B4_4312	147	-0.2
Pf1N1B4_4313	147	-0.14285714285714285
Pf1N1B4_4314	147	-0.19999999999999998
Pf1N1B4_4316	147	-0.45000000000000007
Pf1N1B4_4317	147	-0.16666666666666666
Pf1N1B4_4318	147	-0.3
Pf1N1B4_4319	147	-0.11000000000000001
Pf1N1B4_432	147	-0.1935483870967742
Pf1N1B4_4320	147	-0.25
Pf1N1B4_4321	147	-0.4
Pf1N1B4_4322	147	-0.14
Pf1N1B4_4324	147	-0.03333333333333336
Pf1N1B4_4325	147	-0.03333333333333334
Pf1N1B4_4326	147	-0.17142857142857146
Pf1N1B4_4327	147	-0.21904761904761907
Pf1N1B4_4328	147	-0.15
Pf1N1B4_4329	147	-0.2333333333333333
Pf1N1B4_4330	147	-0.25999999999999995
Pf1N1B4_4331	147	0.08
Pf1N1B4_4332	147	-0.375
Pf1N1B4_4333	147	-0.033333333333333326
Pf1N1B4_4334	147	-0.2090909090909091
Pf1N1B4_4335	147	-0.2571428571428572
Pf1N1B4_4336	147	-0.12000000000000002
Pf1N1B4_4337	147	-0.014285714285714306
Pf1N1B4_4339	147	0.2
Pf1N1B4_434	147	-0.10000000000000003
Pf1N1B4_4340	147	0.1
Pf1N1B4_4341	147	0.10833333333333332
Pf1N1B4_4343	147	0.04999999999999998
Pf1N1B4_4344	147	0.1
Pf1N1B4_4345	147	-2.2204460492503132e-17
Pf1N1B4_4346	147	-0.39999999999999997
Pf1N1B4_4347	147	-0.1
Pf1N1B4_4348	147	-0.2
Pf1N1B4_4349	147	0.05555555555555558
Pf1N1B4_435	147	-0.06785714285714285
Pf1N1B4_4350	147	-0.1571428571428571
Pf1N1B4_4351	147	-0.04444444444444445
Pf1N1B4_4352	147	-0.1875
Pf1N1B4_4353	147	-0.2
Pf1N1B4_4354	147	-0.19333333333333333
Pf1N1B4_4355	147	-0.13333333333333333
Pf1N1B4_4356	147	-0.12777777777777777
Pf1N1B4_4357	147	-0.06666666666666667
Pf1N1B4_4358	147	-0.06
Pf1N1B4_4359	147	-0.13333333333333333
Pf1N1B4_436	147	-0.09615384615384616
Pf1N1B4_4360	147	-0.3666666666666667
Pf1N1B4_4361	147	-0.14736842105263157
Pf1N1B4_4362	147	-0.3181818181818183
Pf1N1B4_4363	147	1.4802973661668754e-17
Pf1N1B4_4364	147	-0.1380952380952381
Pf1N1B4_4366	147	-0.10000000000000002
Pf1N1B4_4367	147	-0.14999999999999997
Pf1N1B4_4368	147	-0.24545454545454548
Pf1N1B4_4369	147	-0.07777777777777779
Pf1N1B4_437	147	-0.09166666666666669
Pf1N1B4_4370	147	-0.05
Pf1N1B4_4371	147	-0.17500000000000002
Pf1N1B4_4372	147	-0.09999999999999998
Pf1N1B4_4373	147	-0.05
Pf1N1B4_4374	147	-0.06999999999999998
Pf1N1B4_4375	147	-0.065
Pf1N1B4_4376	147	-0.012500000000000011
Pf1N1B4_4377	147	-0.26
Pf1N1B4_4378	147	-0.055172413793103454
Pf1N1B4_4379	147	-0.15000000000000002
Pf1N1B4_438	147	-0.2285714285714286
Pf1N1B4_4380	147	-0.1846153846153846
Pf1N1B4_4381	147	-0.25
Pf1N1B4_4382	147	-0.11599999999999999
Pf1N1B4_4384	147	-0.2
Pf1N1B4_4385	147	-0.12857142857142856
Pf1N1B4_4386	147	-0.14285714285714293
Pf1N1B4_4387	147	-0.1
Pf1N1B4_4388	147	-0.10000000000000002
Pf1N1B4_4389	147	-0.08076923076923076
Pf1N1B4_439	147	-0.009523809523809521
Pf1N1B4_4390	147	-0.0625
Pf1N1B4_4391	147	-0.14615384615384613
Pf1N1B4_4392	147	-0.13333333333333333
Pf1N1B4_4393	147	-0.15
Pf1N1B4_4394	147	-0.13999999999999999
Pf1N1B4_4395	147	-0.3333333333333333
Pf1N1B4_4396	147	-0.21111111111111114
Pf1N1B4_4397	147	-0.1285714285714286
Pf1N1B4_4398	147	-0.19411764705882356
Pf1N1B4_4399	147	-0.30000000000000004
Pf1N1B4_44	147	-0.06197183098591547
Pf1N1B4_440	147	-0.10909090909090909
Pf1N1B4_4400	147	0.16666666666666666
Pf1N1B4_4401	147	-0.1
Pf1N1B4_4402	147	0.11999999999999997
Pf1N1B4_4403	147	-0.039999999999999994
Pf1N1B4_4404	147	-0.26666666666666666
Pf1N1B4_4405	147	-0.10588235294117648
Pf1N1B4_4407	147	-0.10943396226415095
Pf1N1B4_4408	147	-0.2333333333333333
Pf1N1B4_4409	147	-0.4
Pf1N1B4_441	147	0.06666666666666667
Pf1N1B4_4410	147	-0.15000000000000002
Pf1N1B4_4411	147	-0.26666666666666666
Pf1N1B4_4412	147	-0.14444444444444443
Pf1N1B4_4413	147	-0.19999999999999998
Pf1N1B4_4414	147	-0.02857142857142852
Pf1N1B4_4415	147	-0.04999999999999999
Pf1N1B4_4417	147	-0.20000000000000007
Pf1N1B4_4418	147	-0.45
Pf1N1B4_4419	147	-0.16666666666666666
Pf1N1B4_442	147	-0.1
Pf1N1B4_4421	147	5.551115123125783e-17
Pf1N1B4_4422	147	0.075
Pf1N1B4_4423	147	-0.07777777777777778
Pf1N1B4_4424	147	-0.2250000000000001
Pf1N1B4_4425	147	-0.0846153846153846
Pf1N1B4_4426	147	-0.2
Pf1N1B4_4427	147	-0.05833333333333333
Pf1N1B4_4428	147	-0.4
Pf1N1B4_4429	147	-0.07999999999999999
Pf1N1B4_443	147	-0.15937500000000002
Pf1N1B4_4430	147	-0.17407407407407408
Pf1N1B4_4432	147	-0.3
Pf1N1B4_4433	147	-9.25185853854297e-18
Pf1N1B4_4435	147	0.14444444444444443
Pf1N1B4_4436	147	-0.175
Pf1N1B4_4437	147	-0.2666666666666667
Pf1N1B4_4438	147	0.10000000000000002
Pf1N1B4_444	147	-0.12781065088757398
Pf1N1B4_4440	147	-0.12857142857142856
Pf1N1B4_4441	147	0.025000000000000022
Pf1N1B4_4442	147	-0.20714285714285716
Pf1N1B4_4444	147	-0.16666666666666663
Pf1N1B4_4445	147	-0.18000000000000008
Pf1N1B4_4446	147	-0.375
Pf1N1B4_4447	147	0.4
Pf1N1B4_4448	147	-0.10000000000000002
Pf1N1B4_4449	147	-0.27
Pf1N1B4_445	147	-0.0659090909090909
Pf1N1B4_4450	147	-0.21818181818181817
Pf1N1B4_4451	147	-0.19
Pf1N1B4_4453	147	-0.08666666666666661
Pf1N1B4_4454	147	-0.3
Pf1N1B4_4455	147	-0.07999999999999999
Pf1N1B4_4456	147	-0.20000000000000004
Pf1N1B4_4457	147	-0.19000000000000006
Pf1N1B4_4458	147	-0.12499999999999999
Pf1N1B4_4459	147	-0.13333333333333333
Pf1N1B4_446	147	0.061538461538461535
Pf1N1B4_4460	147	-0.16666666666666666
Pf1N1B4_4461	147	-0.26666666666666666
Pf1N1B4_4462	147	-0.18
Pf1N1B4_4463	147	-0.02500000000000001
Pf1N1B4_4464	147	-0.1166666666666667
Pf1N1B4_4465	147	-0.12999999999999998
Pf1N1B4_4466	147	-0.04615384615384616
Pf1N1B4_447	147	0.000497512437810946
Pf1N1B4_4470	147	-0.26666666666666666
Pf1N1B4_4471	147	-0.04999999999999999
Pf1N1B4_4472	147	-0.26666666666666666
Pf1N1B4_4473	147	-0.1333333333333334
Pf1N1B4_4474	147	-0.12000000000000002
Pf1N1B4_4475	147	0.10000000000000002
Pf1N1B4_4476	147	-0.3416666666666666
Pf1N1B4_4477	147	-0.2571428571428572
Pf1N1B4_4478	147	-0.025000000000000022
Pf1N1B4_4479	147	-0.011764705882352925
Pf1N1B4_448	147	-0.09999999999999999
Pf1N1B4_4480	147	-0.12499999999999999
Pf1N1B4_4481	147	-0.13999999999999999
Pf1N1B4_4482	147	-0.14000000000000004
Pf1N1B4_4483	147	-0.029411764705882342
Pf1N1B4_4484	147	-0.1761904761904762
Pf1N1B4_4485	147	-0.2333333333333333
Pf1N1B4_4486	147	-0.2888888888888889
Pf1N1B4_4487	147	-0.28
Pf1N1B4_4488	147	-0.09999999999999999
Pf1N1B4_4489	147	0.06666666666666667
Pf1N1B4_449	147	-0.1
Pf1N1B4_4490	147	-0.09999999999999998
Pf1N1B4_4491	147	-0.05555555555555555
Pf1N1B4_4492	147	-0.4
Pf1N1B4_4493	147	-0.17499999999999996
Pf1N1B4_4494	147	-0.5
Pf1N1B4_4495	147	0.05
Pf1N1B4_4496	147	-0.35
Pf1N1B4_4497	147	-0.3
Pf1N1B4_4498	147	-0.1
Pf1N1B4_4499	147	-0.5
Pf1N1B4_45	147	-0.14545454545454545
Pf1N1B4_4500	147	-0.3
Pf1N1B4_4501	147	-0.024137931034482762
Pf1N1B4_4502	147	0.35
Pf1N1B4_4503	147	0.4
Pf1N1B4_4504	147	0.1
Pf1N1B4_4505	147	0.20000000000000004
Pf1N1B4_4506	147	-0.19999999999999996
Pf1N1B4_4507	147	-0.35
Pf1N1B4_4509	147	-0.2250000000000001
Pf1N1B4_4510	147	-0.5
Pf1N1B4_4511	147	-0.13333333333333336
Pf1N1B4_4512	147	-0.23571428571428574
Pf1N1B4_4514	147	-0.12941176470588237
Pf1N1B4_4515	147	-0.20833333333333334
Pf1N1B4_4516	147	-0.3
Pf1N1B4_4517	147	-0.2333333333333333
Pf1N1B4_4518	147	-0.14285714285714285
Pf1N1B4_4519	147	0.4
Pf1N1B4_4521	147	0.09999999999999999
Pf1N1B4_4522	147	-0.1
Pf1N1B4_4523	147	-0.19999999999999996
Pf1N1B4_4524	147	-0.3333333333333333
Pf1N1B4_4525	147	-0.2
Pf1N1B4_4526	147	-0.12999999999999998
Pf1N1B4_4527	147	-0.15714285714285717
Pf1N1B4_4528	147	-0.05999999999999999
Pf1N1B4_4529	147	-0.1
Pf1N1B4_453	147	-0.5
Pf1N1B4_4530	147	-0.175
Pf1N1B4_4531	147	-0.2333333333333333
Pf1N1B4_4532	147	-0.08333333333333331
Pf1N1B4_4533	147	-0.4
Pf1N1B4_4534	147	-0.19166666666666665
Pf1N1B4_4536	147	-0.1
Pf1N1B4_4537	147	-0.012500000000000011
Pf1N1B4_4538	147	-0.2
Pf1N1B4_4539	147	0.06000000000000005
Pf1N1B4_4540	147	-0.25
Pf1N1B4_4542	147	0.15
Pf1N1B4_4544	147	-0.3
Pf1N1B4_4546	147	0.2
Pf1N1B4_4547	147	-0.1
Pf1N1B4_4548	147	0.10000000000000003
Pf1N1B4_4549	147	-0.2333333333333333
Pf1N1B4_4550	147	-0.2333333333333333
Pf1N1B4_4551	147	-0.16666666666666666
Pf1N1B4_4552	147	-0.039999999999999994
Pf1N1B4_4553	147	-0.14545454545454545
Pf1N1B4_4554	147	-0.19999999999999998
Pf1N1B4_4555	147	-0.12
Pf1N1B4_4556	147	-0.08571428571428574
Pf1N1B4_4557	147	-0.2818181818181818
Pf1N1B4_4558	147	-0.2714285714285714
Pf1N1B4_4559	147	-0.17391304347826086
Pf1N1B4_456	147	-0.10666666666666666
Pf1N1B4_4560	147	-0.039999999999999994
Pf1N1B4_4561	147	-0.19999999999999998
Pf1N1B4_4562	147	-0.18
Pf1N1B4_4563	147	-0.2571428571428571
Pf1N1B4_4566	147	-0.3125
Pf1N1B4_4567	147	-0.06666666666666667
Pf1N1B4_4568	147	-0.1333333333333333
Pf1N1B4_4569	147	-0.14000000000000004
Pf1N1B4_457	147	-0.07222222222222223
Pf1N1B4_4570	147	-0.2125
Pf1N1B4_4571	147	-0.016666666666666646
Pf1N1B4_4572	147	-0.25
Pf1N1B4_4573	147	-0.21818181818181817
Pf1N1B4_4574	147	0.4
Pf1N1B4_4576	147	-0.55
Pf1N1B4_4577	147	-0.06896551724137931
Pf1N1B4_4579	147	-0.05789473684210527
Pf1N1B4_458	147	-0.06363636363636364
Pf1N1B4_4580	147	-0.16666666666666674
Pf1N1B4_4581	147	0.1
Pf1N1B4_4582	147	0.05000000000000002
Pf1N1B4_4583	147	-0.35
Pf1N1B4_4584	147	-0.19166666666666668
Pf1N1B4_4585	147	-0.6999999999999998
Pf1N1B4_4586	147	-0.4
Pf1N1B4_4587	147	-0.12000000000000002
Pf1N1B4_459	147	-0.4
Pf1N1B4_4590	147	0.014285714285714266
Pf1N1B4_4591	147	-0.6
Pf1N1B4_4592	147	0.024999999999999967
Pf1N1B4_4593	147	-0.26666666666666666
Pf1N1B4_4594	147	-0.2333333333333333
Pf1N1B4_4595	147	0.0
Pf1N1B4_4596	147	-0.36000000000000004
Pf1N1B4_4597	147	0.0
Pf1N1B4_46	147	-0.08333333333333336
Pf1N1B4_4600	147	-0.08181818181818182
Pf1N1B4_4601	147	-0.27142857142857146
Pf1N1B4_4602	147	-0.09999999999999999
Pf1N1B4_4603	147	-0.14999999999999997
Pf1N1B4_4604	147	0.040000000000000036
Pf1N1B4_4605	147	0.0
Pf1N1B4_4609	147	-0.39999999999999997
Pf1N1B4_4610	147	-0.2
Pf1N1B4_4611	147	-0.18571428571428572
Pf1N1B4_4612	147	-0.39999999999999997
Pf1N1B4_4613	147	0.02499999999999998
Pf1N1B4_4614	147	-0.19999999999999998
Pf1N1B4_4615	147	0.1666666666666667
Pf1N1B4_4616	147	-0.1586206896551724
Pf1N1B4_4617	147	-0.21904761904761902
Pf1N1B4_4618	147	0.13333333333333333
Pf1N1B4_4619	147	-0.18846153846153849
Pf1N1B4_462	147	-0.13333333333333333
Pf1N1B4_4621	147	-0.31000000000000005
Pf1N1B4_4622	147	-0.12580645161290321
Pf1N1B4_4623	147	-0.03
Pf1N1B4_4624	147	-0.1625
Pf1N1B4_4626	147	-0.375
Pf1N1B4_4627	147	-0.4
Pf1N1B4_463	147	-0.08
Pf1N1B4_4631	147	-0.13333333333333333
Pf1N1B4_4632	147	-0.24285714285714283
Pf1N1B4_4633	147	-0.3
Pf1N1B4_4634	147	-0.20000000000000007
Pf1N1B4_4636	147	-0.020000000000000007
Pf1N1B4_4637	147	0.3
Pf1N1B4_4638	147	0.0
Pf1N1B4_4639	147	-0.07499999999999998
Pf1N1B4_464	147	-0.03620689655172415
Pf1N1B4_4640	147	-0.18
Pf1N1B4_4643	147	-0.09777777777777778
Pf1N1B4_4644	147	-0.2285714285714286
Pf1N1B4_4645	147	-0.1333333333333333
Pf1N1B4_4646	147	-0.0875
Pf1N1B4_4648	147	0.028571428571428532
Pf1N1B4_4649	147	-0.25
Pf1N1B4_465	147	0.03043478260869565
Pf1N1B4_4650	147	0.07500000000000001
Pf1N1B4_4651	147	-0.23750000000000002
Pf1N1B4_4652	147	0.1
Pf1N1B4_4654	147	-0.075
Pf1N1B4_4656	147	-0.12222222222222226
Pf1N1B4_4657	147	-0.1444444444444445
Pf1N1B4_4658	147	-0.10000000000000002
Pf1N1B4_4659	147	-0.2
Pf1N1B4_4660	147	-0.1
Pf1N1B4_4661	147	-0.1142857142857143
Pf1N1B4_4665	147	-0.09259259259259262
Pf1N1B4_4666	147	-0.06250000000000001
Pf1N1B4_4667	147	-0.3714285714285714
Pf1N1B4_4668	147	-0.14285714285714285
Pf1N1B4_4669	147	-0.24
Pf1N1B4_467	147	-0.25
Pf1N1B4_4670	147	-0.2533333333333333
Pf1N1B4_4671	147	-0.32499999999999996
Pf1N1B4_4672	147	-0.22499999999999998
Pf1N1B4_4673	147	-0.17272727272727273
Pf1N1B4_4674	147	-0.3
Pf1N1B4_4675	147	0.2
Pf1N1B4_4676	147	-0.18571428571428572
Pf1N1B4_4677	147	-0.10857142857142858
Pf1N1B4_4678	147	-0.34210526315789475
Pf1N1B4_4679	147	-0.085
Pf1N1B4_4680	147	-0.19999999999999998
Pf1N1B4_4681	147	-0.18
Pf1N1B4_4682	147	-0.12666666666666665
Pf1N1B4_4684	147	-0.2565217391304348
Pf1N1B4_4685	147	-0.14615384615384613
Pf1N1B4_4686	147	-0.06470588235294117
Pf1N1B4_4687	147	0.02692307692307692
Pf1N1B4_4688	147	-0.09230769230769233
Pf1N1B4_4689	147	-0.1620689655172414
Pf1N1B4_4690	147	-0.3
Pf1N1B4_4691	147	-0.04444444444444445
Pf1N1B4_4692	147	-0.22727272727272727
Pf1N1B4_4693	147	-0.02941176470588234
Pf1N1B4_4694	147	0.0
Pf1N1B4_4695	147	-0.11249999999999999
Pf1N1B4_4696	147	-0.2
Pf1N1B4_4697	147	-0.21333333333333335
Pf1N1B4_4698	147	-0.21428571428571427
Pf1N1B4_4699	147	-0.025000000000000022
Pf1N1B4_47	147	-0.12000000000000002
Pf1N1B4_4700	147	0.2
Pf1N1B4_4702	147	-0.14285714285714285
Pf1N1B4_4703	147	-0.24375000000000002
Pf1N1B4_4704	147	-0.1565217391304348
Pf1N1B4_4705	147	-0.1857142857142857
Pf1N1B4_4709	147	-0.025
Pf1N1B4_4710	147	-0.12999999999999998
Pf1N1B4_4711	147	-0.17142857142857146
Pf1N1B4_4712	147	0.05000000000000002
Pf1N1B4_4713	147	-0.024999999999999998
Pf1N1B4_4715	147	-0.09999999999999998
Pf1N1B4_4716	147	-0.1285714285714286
Pf1N1B4_4717	147	0.0
Pf1N1B4_4718	147	0.15000000000000002
Pf1N1B4_4719	147	0.03333333333333333
Pf1N1B4_4720	147	-0.2
Pf1N1B4_4721	147	-0.13333333333333333
Pf1N1B4_4722	147	-0.2
Pf1N1B4_4723	147	-0.19999999999999998
Pf1N1B4_4725	147	-0.04444444444444446
Pf1N1B4_4726	147	-0.14210526315789473
Pf1N1B4_4727	147	0.025000000000000022
Pf1N1B4_4728	147	-0.15
Pf1N1B4_4729	147	-0.28
Pf1N1B4_473	147	0.03571428571428575
Pf1N1B4_4730	147	-0.04999999999999999
Pf1N1B4_4731	147	-0.3142857142857142
Pf1N1B4_4732	147	-0.17272727272727273
Pf1N1B4_4733	147	-0.17142857142857143
Pf1N1B4_4734	147	-0.06666666666666667
Pf1N1B4_4735	147	-0.10000000000000002
Pf1N1B4_4736	147	0.05000000000000001
Pf1N1B4_4738	147	-0.19999999999999996
Pf1N1B4_4739	147	-0.15625
Pf1N1B4_474	147	-0.15882352941176472
Pf1N1B4_4740	147	-0.10000000000000005
Pf1N1B4_4741	147	0.012499999999999983
Pf1N1B4_4743	147	-0.16666666666666663
Pf1N1B4_4744	147	-0.13333333333333336
Pf1N1B4_4745	147	-0.2
Pf1N1B4_4746	147	-0.5
Pf1N1B4_4747	147	-0.2
Pf1N1B4_4748	147	-0.13846153846153847
Pf1N1B4_4749	147	-0.14444444444444446
Pf1N1B4_475	147	-0.225
Pf1N1B4_4750	147	-0.06216216216216217
Pf1N1B4_4751	147	-0.15555555555555556
Pf1N1B4_4753	147	-0.07499999999999998
Pf1N1B4_4754	147	-0.25555555555555554
Pf1N1B4_4755	147	-0.0625
Pf1N1B4_4756	147	-0.10588235294117646
Pf1N1B4_4757	147	-0.13529411764705881
Pf1N1B4_4758	147	-0.05000000000000002
Pf1N1B4_4759	147	-0.13333333333333333
Pf1N1B4_476	147	-0.26249999999999996
Pf1N1B4_4760	147	0.0
Pf1N1B4_4761	147	-0.23333333333333336
Pf1N1B4_4762	147	0.012499999999999997
Pf1N1B4_4763	147	-0.1888888888888889
Pf1N1B4_4764	147	-0.24166666666666667
Pf1N1B4_4765	147	-0.42000000000000004
Pf1N1B4_4766	147	-0.05
Pf1N1B4_4767	147	0.3
Pf1N1B4_4768	147	-0.04285714285714283
Pf1N1B4_4769	147	-0.5
Pf1N1B4_477	147	-0.09999999999999999
Pf1N1B4_4770	147	-0.165625
Pf1N1B4_4771	147	0.1142857142857143
Pf1N1B4_4772	147	-0.16923076923076918
Pf1N1B4_4774	147	0.06000000000000001
Pf1N1B4_4775	147	-0.1
Pf1N1B4_4776	147	-0.11249999999999996
Pf1N1B4_4777	147	-0.25000000000000006
Pf1N1B4_4778	147	-0.04999999999999998
Pf1N1B4_4779	147	-0.03333333333333333
Pf1N1B4_478	147	-0.05106382978723405
Pf1N1B4_4780	147	0.0
Pf1N1B4_4781	147	0.2
Pf1N1B4_4782	147	-0.20714285714285713
Pf1N1B4_4783	147	-0.19999999999999998
Pf1N1B4_4784	147	-0.10833333333333332
Pf1N1B4_4785	147	0.4
Pf1N1B4_4787	147	-0.12222222222222223
Pf1N1B4_4788	147	-0.35000000000000003
Pf1N1B4_479	147	-0.22857142857142856
Pf1N1B4_4790	147	-0.12999999999999998
Pf1N1B4_4791	147	-0.5
Pf1N1B4_4792	147	-0.145
Pf1N1B4_4793	147	-0.3333333333333334
Pf1N1B4_4794	147	0.0
Pf1N1B4_4795	147	0.1
Pf1N1B4_4796	147	-0.13333333333333333
Pf1N1B4_4797	147	-0.24
Pf1N1B4_4798	147	-0.25
Pf1N1B4_4799	147	-0.08333333333333333
Pf1N1B4_480	147	-0.08059701492537312
Pf1N1B4_4801	147	0.03333333333333334
Pf1N1B4_4802	147	-0.07500000000000002
Pf1N1B4_4803	147	-0.12
Pf1N1B4_4805	147	-0.13571428571428573
Pf1N1B4_4806	147	-0.21999999999999997
Pf1N1B4_4807	147	-0.25000000000000006
Pf1N1B4_4809	147	-0.04999999999999999
Pf1N1B4_481	147	-0.06363636363636363
Pf1N1B4_4810	147	-0.09999999999999999
Pf1N1B4_4812	147	-0.033333333333333326
Pf1N1B4_4813	147	-0.2
Pf1N1B4_4814	147	-0.033333333333333326
Pf1N1B4_4815	147	-0.020000000000000007
Pf1N1B4_4816	147	-0.09999999999999999
Pf1N1B4_4817	147	-0.18571428571428572
Pf1N1B4_4818	147	-0.13999999999999999
Pf1N1B4_4819	147	2.2204460492503132e-17
Pf1N1B4_482	147	-0.031818181818181815
Pf1N1B4_4820	147	-0.35
Pf1N1B4_4821	147	-0.33999999999999997
Pf1N1B4_4822	147	-0.07142857142857142
Pf1N1B4_4823	147	-0.10909090909090907
Pf1N1B4_4824	147	-0.31666666666666665
Pf1N1B4_4825	147	-0.2571428571428572
Pf1N1B4_4826	147	0.16666666666666666
Pf1N1B4_4827	147	-0.19999999999999998
Pf1N1B4_4828	147	-0.20000000000000004
Pf1N1B4_4829	147	-0.18
Pf1N1B4_483	147	0.14000000000000004
Pf1N1B4_4830	147	-0.033333333333333326
Pf1N1B4_4831	147	0.06666666666666667
Pf1N1B4_4832	147	-0.2
Pf1N1B4_4833	147	-0.5
Pf1N1B4_4834	147	-0.11176470588235296
Pf1N1B4_4835	147	-0.19999999999999996
Pf1N1B4_4836	147	-0.057142857142857176
Pf1N1B4_4837	147	0.0
Pf1N1B4_4838	147	-0.3230769230769231
Pf1N1B4_4839	147	-0.3
Pf1N1B4_484	147	-0.03666666666666667
Pf1N1B4_4841	147	-0.25
Pf1N1B4_4842	147	-1.850371707708594e-17
Pf1N1B4_4843	147	-0.18
Pf1N1B4_4844	147	-0.4
Pf1N1B4_4845	147	-0.12941176470588234
Pf1N1B4_4846	147	-0.19090909090909092
Pf1N1B4_4847	147	-0.18571428571428575
Pf1N1B4_4848	147	-0.0818181818181818
Pf1N1B4_4849	147	0.033333333333333326
Pf1N1B4_485	147	-0.21666666666666667
Pf1N1B4_4850	147	-0.125
Pf1N1B4_4851	147	-0.16666666666666666
Pf1N1B4_4852	147	0.06666666666666665
Pf1N1B4_4853	147	-0.24444444444444446
Pf1N1B4_4854	147	-0.09999999999999998
Pf1N1B4_4855	147	-0.04999999999999999
Pf1N1B4_4856	147	-0.06000000000000002
Pf1N1B4_4857	147	-0.5384615384615384
Pf1N1B4_4858	147	-0.1565217391304348
Pf1N1B4_486	147	-0.12173913043478261
Pf1N1B4_4860	147	-0.27499999999999997
Pf1N1B4_4861	147	-0.11666666666666667
Pf1N1B4_4862	147	-0.7
Pf1N1B4_4863	147	0.05333333333333333
Pf1N1B4_4864	147	-0.21052631578947367
Pf1N1B4_4865	147	-0.01666666666666669
Pf1N1B4_4866	147	-0.25
Pf1N1B4_4867	147	-0.027272727272727296
Pf1N1B4_4868	147	-0.1391304347826087
Pf1N1B4_4869	147	0.05333333333333334
Pf1N1B4_487	147	-0.11034482758620691
Pf1N1B4_4870	147	-0.25
Pf1N1B4_4871	147	0.1
Pf1N1B4_4872	147	0.04
Pf1N1B4_4873	147	1.2335811384723961e-17
Pf1N1B4_4874	147	-0.04999999999999999
Pf1N1B4_4875	147	-0.09999999999999999
Pf1N1B4_4876	147	0.03333333333333336
Pf1N1B4_4878	147	-0.30000000000000004
Pf1N1B4_4879	147	0.039999999999999994
Pf1N1B4_488	147	-0.03333333333333332
Pf1N1B4_4880	147	-0.13749999999999998
Pf1N1B4_4881	147	-0.049999999999999996
Pf1N1B4_4882	147	-0.1909090909090909
Pf1N1B4_4884	147	0.09999999999999998
Pf1N1B4_4885	147	-0.17600000000000002
Pf1N1B4_4886	147	-0.09
Pf1N1B4_4887	147	-0.19999999999999998
Pf1N1B4_4888	147	-0.1
Pf1N1B4_4889	147	-0.0875
Pf1N1B4_489	147	-0.13124999999999998
Pf1N1B4_4890	147	-0.11818181818181821
Pf1N1B4_4892	147	-0.011111111111111096
Pf1N1B4_4893	147	-0.2357142857142857
Pf1N1B4_4894	147	-0.02000000000000001
Pf1N1B4_4895	147	-0.2588235294117647
Pf1N1B4_4896	147	-0.03636363636363637
Pf1N1B4_4897	147	-0.27499999999999997
Pf1N1B4_4898	147	0.09999999999999995
Pf1N1B4_4899	147	-0.10476190476190476
Pf1N1B4_49	147	-0.25555555555555554
Pf1N1B4_490	147	-0.11111111111111116
Pf1N1B4_4900	147	-0.1
Pf1N1B4_4901	147	-0.011111111111111103
Pf1N1B4_4902	147	0.05000000000000002
Pf1N1B4_4903	147	-0.27999999999999997
Pf1N1B4_4904	147	-0.23076923076923078
Pf1N1B4_4905	147	-0.023529411764705892
Pf1N1B4_4906	147	-0.04285714285714285
Pf1N1B4_4907	147	-0.17500000000000002
Pf1N1B4_4909	147	-0.6
Pf1N1B4_491	147	-0.0923076923076923
Pf1N1B4_4910	147	-0.05000000000000001
Pf1N1B4_4912	147	-0.26
Pf1N1B4_4913	147	-0.07777777777777778
Pf1N1B4_4914	147	-0.11666666666666665
Pf1N1B4_4915	147	-0.10909090909090909
Pf1N1B4_4916	147	-0.19090909090909092
Pf1N1B4_4917	147	-0.19999999999999998
Pf1N1B4_4918	147	-0.16000000000000003
Pf1N1B4_4919	147	0.1
Pf1N1B4_492	147	-0.11875000000000001
Pf1N1B4_4920	147	-0.05714285714285716
Pf1N1B4_4921	147	-0.35000000000000003
Pf1N1B4_4922	147	-0.06
Pf1N1B4_4923	147	-0.24
Pf1N1B4_4924	147	-0.10000000000000002
Pf1N1B4_4925	147	-0.09999999999999999
Pf1N1B4_4926	147	-0.2375
Pf1N1B4_4928	147	0.0142857142857143
Pf1N1B4_4929	147	-0.05555555555555558
Pf1N1B4_493	147	-0.12999999999999998
Pf1N1B4_4930	147	-0.014285714285714282
Pf1N1B4_4931	147	-0.45
Pf1N1B4_4932	147	-3.700743415417188e-17
Pf1N1B4_4934	147	-0.16
Pf1N1B4_4935	147	-0.2578947368421053
Pf1N1B4_4936	147	-0.3285714285714286
Pf1N1B4_4937	147	0.1333333333333333
Pf1N1B4_4938	147	-0.10000000000000002
Pf1N1B4_4939	147	-0.41428571428571426
Pf1N1B4_494	147	-0.016129032258064523
Pf1N1B4_4940	147	-0.2333333333333333
Pf1N1B4_4941	147	-0.2
Pf1N1B4_4942	147	-0.4
Pf1N1B4_4945	147	0.06666666666666665
Pf1N1B4_4946	147	-0.0888888888888889
Pf1N1B4_4947	147	-0.10333333333333333
Pf1N1B4_4948	147	-0.1
Pf1N1B4_4949	147	-0.3
Pf1N1B4_495	147	-0.08888888888888892
Pf1N1B4_4950	147	0.11249999999999999
Pf1N1B4_4951	147	0.028571428571428577
Pf1N1B4_4952	147	-0.25
Pf1N1B4_4953	147	-0.27999999999999997
Pf1N1B4_4954	147	-0.22
Pf1N1B4_4955	147	-0.09999999999999998
Pf1N1B4_4956	147	-0.0875
Pf1N1B4_4957	147	-0.6333333333333333
Pf1N1B4_4958	147	-0.18076923076923077
Pf1N1B4_4959	147	-0.08333333333333333
Pf1N1B4_496	147	-0.05555555555555555
Pf1N1B4_4960	147	-0.31666666666666665
Pf1N1B4_4961	147	-0.11999999999999997
Pf1N1B4_4962	147	-0.2777777777777778
Pf1N1B4_4963	147	-0.1076923076923077
Pf1N1B4_4964	147	-0.04285714285714285
Pf1N1B4_4965	147	-0.15714285714285714
Pf1N1B4_4966	147	-0.07999999999999999
Pf1N1B4_4967	147	-0.19999999999999996
Pf1N1B4_4968	147	-0.2625
Pf1N1B4_4969	147	-0.024999999999999994
Pf1N1B4_497	147	-0.03499999999999999
Pf1N1B4_4970	147	-0.2
Pf1N1B4_4971	147	0.0
Pf1N1B4_4972	147	-0.36
Pf1N1B4_4973	147	-0.13076923076923078
Pf1N1B4_4974	147	-0.06666666666666665
Pf1N1B4_4975	147	0.014285714285714337
Pf1N1B4_4976	147	-0.18
Pf1N1B4_4977	147	-0.19999999999999998
Pf1N1B4_4978	147	-0.10769230769230768
Pf1N1B4_4979	147	-0.2111111111111111
Pf1N1B4_498	147	-0.10740740740740742
Pf1N1B4_4980	147	-0.07999999999999999
Pf1N1B4_4981	147	-0.04999999999999999
Pf1N1B4_4982	147	-0.18
Pf1N1B4_4983	147	-0.1111111111111111
Pf1N1B4_4984	147	-0.2576923076923077
Pf1N1B4_4985	147	-0.28095238095238095
Pf1N1B4_4986	147	-0.16323529411764706
Pf1N1B4_4988	147	-0.06285714285714286
Pf1N1B4_4989	147	0.2
Pf1N1B4_499	147	-0.003999999999999998
Pf1N1B4_4990	147	-0.29999999999999993
Pf1N1B4_4991	147	-0.35
Pf1N1B4_4992	147	-0.24999999999999997
Pf1N1B4_4993	147	-0.25
Pf1N1B4_4994	147	-0.20571428571428568
Pf1N1B4_4995	147	-0.055555555555555566
Pf1N1B4_4996	147	-0.18
Pf1N1B4_4997	147	-0.19999999999999998
Pf1N1B4_4999	147	-0.15000000000000002
Pf1N1B4_5	147	-0.5
Pf1N1B4_50	147	-0.10588235294117644
Pf1N1B4_500	147	-0.10270270270270272
Pf1N1B4_5000	147	-0.11666666666666665
Pf1N1B4_5001	147	-0.17857142857142858
Pf1N1B4_5002	147	-0.16315789473684214
Pf1N1B4_5003	147	-0.19473684210526318
Pf1N1B4_5004	147	-0.32857142857142857
Pf1N1B4_5005	147	-0.33999999999999997
Pf1N1B4_5006	147	-0.0181818181818182
Pf1N1B4_5007	147	-0.6
Pf1N1B4_5008	147	0.3
Pf1N1B4_5009	147	0.2
Pf1N1B4_501	147	-0.033333333333333326
Pf1N1B4_5010	147	-0.2642857142857143
Pf1N1B4_5011	147	0.1
Pf1N1B4_5012	147	-0.3333333333333333
Pf1N1B4_5013	147	-0.05
Pf1N1B4_5014	147	-0.040000000000000015
Pf1N1B4_5015	147	-0.17692307692307693
Pf1N1B4_5017	147	-0.35
Pf1N1B4_5018	147	-0.17142857142857143
Pf1N1B4_5019	147	-0.4
Pf1N1B4_502	147	-0.09347826086956522
Pf1N1B4_5021	147	-0.3
Pf1N1B4_5022	147	-0.07272727272727274
Pf1N1B4_5023	147	-0.33636363636363636
Pf1N1B4_5024	147	-0.16666666666666666
Pf1N1B4_5025	147	-0.03333333333333331
Pf1N1B4_5026	147	0.3
Pf1N1B4_5027	147	-0.3
Pf1N1B4_5028	147	-0.3333333333333333
Pf1N1B4_5029	147	-0.03333333333333336
Pf1N1B4_503	147	-0.10285714285714286
Pf1N1B4_5030	147	-0.19166666666666665
Pf1N1B4_5031	147	-0.12
Pf1N1B4_5032	147	-0.03333333333333333
Pf1N1B4_5034	147	-0.5
Pf1N1B4_5035	147	-0.30000000000000004
Pf1N1B4_5036	147	-0.02307692307692308
Pf1N1B4_5037	147	2.7755575615628914e-17
Pf1N1B4_5038	147	-0.050000000000000024
Pf1N1B4_5039	147	-0.31666666666666665
Pf1N1B4_504	147	0.1
Pf1N1B4_5040	147	-0.07500000000000001
Pf1N1B4_5041	147	-0.02857142857142855
Pf1N1B4_5042	147	-0.10526315789473684
Pf1N1B4_5043	147	-0.13333333333333328
Pf1N1B4_5045	147	-0.15555555555555556
Pf1N1B4_5047	147	-0.3333333333333333
Pf1N1B4_5048	147	-0.16666666666666666
Pf1N1B4_5049	147	-0.2
Pf1N1B4_5051	147	-0.17500000000000004
Pf1N1B4_5053	147	-0.16666666666666666
Pf1N1B4_5054	147	-0.15999999999999998
Pf1N1B4_5055	147	0.02222222222222223
Pf1N1B4_5056	147	-0.07777777777777778
Pf1N1B4_5057	147	0.12499999999999997
Pf1N1B4_5058	147	-0.25999999999999995
Pf1N1B4_5059	147	-0.3333333333333333
Pf1N1B4_506	147	-0.09259259259259259
Pf1N1B4_5060	147	-0.17058823529411765
Pf1N1B4_5061	147	-0.125
Pf1N1B4_5062	147	-0.0818181818181818
Pf1N1B4_5063	147	-0.16666666666666666
Pf1N1B4_5064	147	-0.36666666666666664
Pf1N1B4_5065	147	-0.4
Pf1N1B4_5067	147	-0.1285714285714286
Pf1N1B4_5069	147	-0.30000000000000004
Pf1N1B4_507	147	0.0
Pf1N1B4_5070	147	-1.586032892321652e-17
Pf1N1B4_5071	147	-0.25
Pf1N1B4_5072	147	-0.16666666666666666
Pf1N1B4_5073	147	-0.016666666666666666
Pf1N1B4_5074	147	-0.18
Pf1N1B4_5075	147	-0.2
Pf1N1B4_5076	147	0.20000000000000007
Pf1N1B4_5077	147	-0.06666666666666665
Pf1N1B4_5078	147	0.0
Pf1N1B4_5079	147	-0.29523809523809524
Pf1N1B4_508	147	0.008108108108108109
Pf1N1B4_5080	147	-0.09411764705882351
Pf1N1B4_5082	147	-0.09999999999999998
Pf1N1B4_5083	147	-0.20000000000000004
Pf1N1B4_5084	147	-0.31428571428571433
Pf1N1B4_5085	147	-0.19333333333333333
Pf1N1B4_5086	147	-0.3
Pf1N1B4_5087	147	-0.11538461538461539
Pf1N1B4_5088	147	0.0
Pf1N1B4_5089	147	-0.15
Pf1N1B4_5090	147	-0.15000000000000002
Pf1N1B4_5091	147	-0.0625
Pf1N1B4_5092	147	-0.10000000000000002
Pf1N1B4_5093	147	-0.025000000000000036
Pf1N1B4_5094	147	-0.5
Pf1N1B4_5095	147	-0.3
Pf1N1B4_5096	147	-0.16999999999999998
Pf1N1B4_5097	147	0.2
Pf1N1B4_5099	147	0.012500000000000004
Pf1N1B4_51	147	-4.163336342344337e-17
Pf1N1B4_510	147	-0.07241379310344827
Pf1N1B4_5100	147	-0.2833333333333334
Pf1N1B4_5101	147	-0.3
Pf1N1B4_5102	147	-0.04999999999999997
Pf1N1B4_5103	147	-0.2333333333333333
Pf1N1B4_5104	147	-0.16666666666666666
Pf1N1B4_5105	147	-0.02500000000000001
Pf1N1B4_5106	147	-0.15000000000000005
Pf1N1B4_5107	147	-0.2
Pf1N1B4_5108	147	-0.12222222222222223
Pf1N1B4_5109	147	-0.15000000000000002
Pf1N1B4_511	147	-0.1888888888888889
Pf1N1B4_5110	147	-0.13571428571428568
Pf1N1B4_5111	147	-0.07222222222222222
Pf1N1B4_5112	147	-0.1142857142857143
Pf1N1B4_5113	147	-0.175
Pf1N1B4_5114	147	-0.5
Pf1N1B4_5115	147	1.5419764230904953e-17
Pf1N1B4_5116	147	-0.1076923076923077
Pf1N1B4_5117	147	-0.2
Pf1N1B4_5118	147	-0.1
Pf1N1B4_5119	147	-0.2
Pf1N1B4_512	147	-0.08421052631578947
Pf1N1B4_5121	147	-0.12105263157894736
Pf1N1B4_5122	147	-0.21428571428571427
Pf1N1B4_5123	147	-0.17333333333333334
Pf1N1B4_5124	147	-0.38749999999999996
Pf1N1B4_5125	147	-0.18571428571428572
Pf1N1B4_5126	147	-0.1733333333333334
Pf1N1B4_5127	147	-0.12777777777777777
Pf1N1B4_5128	147	-0.08181818181818183
Pf1N1B4_5129	147	-0.12631578947368424
Pf1N1B4_513	147	-0.10263157894736842
Pf1N1B4_5130	147	-0.19090909090909092
Pf1N1B4_5131	147	-0.2571428571428572
Pf1N1B4_5132	147	-0.3
Pf1N1B4_5133	147	-0.2857142857142857
Pf1N1B4_5134	147	-0.15
Pf1N1B4_5135	147	-0.07777777777777778
Pf1N1B4_5136	147	-0.2740740740740741
Pf1N1B4_5137	147	-0.31304347826086953
Pf1N1B4_5138	147	-0.14000000000000004
Pf1N1B4_5139	147	-0.15882352941176472
Pf1N1B4_5140	147	-0.06923076923076923
Pf1N1B4_5141	147	-0.05555555555555555
Pf1N1B4_5143	147	-0.3
Pf1N1B4_5145	147	-0.2391304347826087
Pf1N1B4_5146	147	-0.175
Pf1N1B4_5147	147	-0.2
Pf1N1B4_5148	147	0.09999999999999994
Pf1N1B4_5149	147	-0.12142857142857141
Pf1N1B4_515	147	0.019999999999999962
Pf1N1B4_5150	147	-0.26666666666666666
Pf1N1B4_5151	147	-0.2857142857142857
Pf1N1B4_5152	147	3.3306690738754695e-17
Pf1N1B4_5153	147	-0.2
Pf1N1B4_5155	147	-0.04999999999999999
Pf1N1B4_5156	147	-0.18076923076923077
Pf1N1B4_5157	147	-0.25625
Pf1N1B4_5158	147	-0.16
Pf1N1B4_5159	147	-0.040000000000000015
Pf1N1B4_516	147	-0.016666666666666646
Pf1N1B4_517	147	-0.07499999999999996
Pf1N1B4_5175	147	-0.3
Pf1N1B4_5187	147	-0.2
Pf1N1B4_519	147	-0.06467065868263473
Pf1N1B4_52	147	-0.05000000000000002
Pf1N1B4_520	147	-0.07647058823529412
Pf1N1B4_521	147	-0.1285714285714286
Pf1N1B4_5219	147	-0.17500000000000002
Pf1N1B4_522	147	-0.14285714285714285
Pf1N1B4_5224	147	-0.26666666666666666
Pf1N1B4_523	147	-0.12499999999999999
Pf1N1B4_5239	147	-0.10999999999999996
Pf1N1B4_524	147	-0.08571428571428572
Pf1N1B4_5240	147	0.13333333333333333
Pf1N1B4_5241	147	0.1
Pf1N1B4_5242	147	0.2
Pf1N1B4_5243	147	0.0
Pf1N1B4_5244	147	0.049999999999999996
Pf1N1B4_5245	147	-0.02307692307692307
Pf1N1B4_5246	147	0.0
Pf1N1B4_5247	147	-0.2
Pf1N1B4_5248	147	0.02999999999999999
Pf1N1B4_5249	147	-0.024999999999999967
Pf1N1B4_525	147	-0.19230769230769232
Pf1N1B4_5251	147	-0.08888888888888888
Pf1N1B4_5252	147	-0.014999999999999996
Pf1N1B4_5253	147	-0.004347826086956525
Pf1N1B4_5254	147	-0.12666666666666665
Pf1N1B4_5255	147	-0.11249999999999999
Pf1N1B4_5256	147	-0.04999999999999999
Pf1N1B4_5257	147	-0.15714285714285717
Pf1N1B4_5258	147	-0.045454545454545456
Pf1N1B4_5259	147	-0.17222222222222222
Pf1N1B4_526	147	-0.14000000000000004
Pf1N1B4_5260	147	-0.016666666666666646
Pf1N1B4_5261	147	-0.125
Pf1N1B4_5262	147	-0.013333333333333324
Pf1N1B4_5263	147	-0.033333333333333354
Pf1N1B4_5264	147	0.0
Pf1N1B4_5265	147	0.12222222222222218
Pf1N1B4_5266	147	-0.22499999999999998
Pf1N1B4_5267	147	0.04000000000000001
Pf1N1B4_5268	147	-0.02727272727272728
Pf1N1B4_5269	147	0.0625
Pf1N1B4_527	147	0.01750000000000001
Pf1N1B4_5270	147	-0.008333333333333349
Pf1N1B4_5271	147	-0.1
Pf1N1B4_5274	147	-0.03076923076923077
Pf1N1B4_5275	147	-0.12
Pf1N1B4_5276	147	0.13333333333333333
Pf1N1B4_5277	147	-0.023076923076923064
Pf1N1B4_5278	147	-0.09999999999999998
Pf1N1B4_5279	147	-0.19999999999999996
Pf1N1B4_528	147	-0.07586206896551723
Pf1N1B4_5280	147	-0.06129032258064517
Pf1N1B4_5281	147	-0.02608695652173913
Pf1N1B4_5282	147	0.022222222222222206
Pf1N1B4_5283	147	0.26
Pf1N1B4_5284	147	-0.02857142857142858
Pf1N1B4_5285	147	-0.2
Pf1N1B4_5286	147	-0.033333333333333305
Pf1N1B4_5287	147	-0.26666666666666666
Pf1N1B4_5288	147	-1.2335811384723961e-17
Pf1N1B4_5289	147	-0.028571428571428557
Pf1N1B4_529	147	-0.06666666666666668
Pf1N1B4_5291	147	-0.09583333333333333
Pf1N1B4_5292	147	0.375
Pf1N1B4_5293	147	-0.009999999999999986
Pf1N1B4_5294	147	0.0
Pf1N1B4_5295	147	-0.012500000000000011
Pf1N1B4_5296	147	0.04285714285714285
Pf1N1B4_5297	147	0.03333333333333336
Pf1N1B4_5298	147	-0.02800000000000001
Pf1N1B4_5299	147	-0.19999999999999998
Pf1N1B4_53	147	0.0
Pf1N1B4_530	147	0.2
Pf1N1B4_5300	147	-0.011538461538461544
Pf1N1B4_5301	147	0.02916666666666666
Pf1N1B4_5302	147	-0.04444444444444446
Pf1N1B4_5304	147	-0.13333333333333333
Pf1N1B4_5305	147	-0.11071428571428572
Pf1N1B4_5306	147	0.0
Pf1N1B4_5307	147	-0.05000000000000001
Pf1N1B4_5308	147	0.05625000000000002
Pf1N1B4_5309	147	-0.07999999999999999
Pf1N1B4_5310	147	-0.01818181818181822
Pf1N1B4_5311	147	-0.275
Pf1N1B4_5312	147	-0.17777777777777778
Pf1N1B4_5313	147	-0.04838709677419355
Pf1N1B4_5314	147	-0.11739130434782608
Pf1N1B4_5316	147	0.06666666666666665
Pf1N1B4_5317	147	0.056249999999999994
Pf1N1B4_5318	147	0.3
Pf1N1B4_5319	147	-0.26666666666666666
Pf1N1B4_532	147	-0.036363636363636334
Pf1N1B4_5320	147	0.0
Pf1N1B4_5321	147	-0.05333333333333333
Pf1N1B4_5322	147	-0.12000000000000002
Pf1N1B4_5323	147	-0.02631578947368421
Pf1N1B4_5324	147	0.09375000000000001
Pf1N1B4_5325	147	-0.04374999999999998
Pf1N1B4_5327	147	0.04545454545454545
Pf1N1B4_5329	147	-0.022222222222222216
Pf1N1B4_533	147	-0.23478260869565218
Pf1N1B4_5330	147	-0.2333333333333333
Pf1N1B4_5331	147	-0.10000000000000002
Pf1N1B4_5333	147	-0.10588235294117646
Pf1N1B4_5334	147	-0.06666666666666667
Pf1N1B4_5335	147	0.05714285714285716
Pf1N1B4_5336	147	-0.3
Pf1N1B4_5338	147	0.12500000000000006
Pf1N1B4_5340	147	0.02500000000000001
Pf1N1B4_5341	147	-0.1
Pf1N1B4_5342	147	0.0
Pf1N1B4_5343	147	0.004255319148936167
Pf1N1B4_5344	147	-0.0888888888888889
Pf1N1B4_5345	147	-0.1
Pf1N1B4_5346	147	-0.125
Pf1N1B4_5348	147	-0.07499999999999998
Pf1N1B4_5349	147	-0.044444444444444446
Pf1N1B4_535	147	0.02352941176470585
Pf1N1B4_5350	147	-0.14166666666666666
Pf1N1B4_5351	147	-0.00714285714285715
Pf1N1B4_5352	147	-0.3
Pf1N1B4_5353	147	0.16666666666666666
Pf1N1B4_5354	147	0.037499999999999985
Pf1N1B4_5355	147	0.15
Pf1N1B4_5356	147	-0.11999999999999997
Pf1N1B4_5357	147	-0.09999999999999998
Pf1N1B4_5358	147	0.19999999999999996
Pf1N1B4_5359	147	-0.07500000000000001
Pf1N1B4_5360	147	-0.10416666666666667
Pf1N1B4_5361	147	0.11999999999999997
Pf1N1B4_5362	147	0.01842105263157896
Pf1N1B4_5363	147	0.07692307692307693
Pf1N1B4_5365	147	0.075
Pf1N1B4_5366	147	0.1
Pf1N1B4_5367	147	-0.005882352941176466
Pf1N1B4_5368	147	-0.08888888888888889
Pf1N1B4_5369	147	-0.09555555555555555
Pf1N1B4_537	147	-0.05294117647058823
Pf1N1B4_5370	147	0.03333333333333333
Pf1N1B4_5371	147	-0.3666666666666667
Pf1N1B4_5372	147	-0.2
Pf1N1B4_5373	147	-0.44999999999999996
Pf1N1B4_5374	147	0.13
Pf1N1B4_5375	147	-0.02972972972972972
Pf1N1B4_5376	147	-0.016666666666666663
Pf1N1B4_5377	147	-0.08333333333333333
Pf1N1B4_5378	147	-0.054545454545454536
Pf1N1B4_5379	147	-0.2
Pf1N1B4_538	147	-0.033333333333333326
Pf1N1B4_5380	147	0.10000000000000002
Pf1N1B4_5381	147	-0.06774193548387096
Pf1N1B4_5382	147	0.024999999999999994
Pf1N1B4_5383	147	-0.6100000000000001
Pf1N1B4_5384	147	-0.08333333333333333
Pf1N1B4_5385	147	0.00714285714285715
Pf1N1B4_5386	147	0.028571428571428553
Pf1N1B4_5387	147	0.022222222222222206
Pf1N1B4_5389	147	-0.005263157894736826
Pf1N1B4_539	147	-0.07999999999999999
Pf1N1B4_5391	147	-0.043999999999999984
Pf1N1B4_5392	147	-0.05000000000000001
Pf1N1B4_5393	147	-0.07999999999999999
Pf1N1B4_5394	147	-0.1
Pf1N1B4_5395	147	-0.0035714285714285787
Pf1N1B4_5396	147	0.4
Pf1N1B4_5397	147	0.14222222222222222
Pf1N1B4_5398	147	0.03749999999999999
Pf1N1B4_5399	147	-0.06849315068493152
Pf1N1B4_54	147	0.12941176470588234
Pf1N1B4_540	147	-0.09673913043478262
Pf1N1B4_5400	147	0.1333333333333333
Pf1N1B4_5401	147	0.0037037037037037234
Pf1N1B4_5402	147	-0.14285714285714288
Pf1N1B4_5403	147	-0.07142857142857141
Pf1N1B4_5404	147	0.01269841269841269
Pf1N1B4_5405	147	-0.09999999999999998
Pf1N1B4_5406	147	-0.028571428571428588
Pf1N1B4_5407	147	0.1
Pf1N1B4_5408	147	0.09090909090909088
Pf1N1B4_5409	147	0.12222222222222222
Pf1N1B4_541	147	-0.07142857142857142
Pf1N1B4_5410	147	-0.03818181818181818
Pf1N1B4_5411	147	-0.006250000000000019
Pf1N1B4_5412	147	-0.3333333333333333
Pf1N1B4_5413	147	-0.03749999999999999
Pf1N1B4_5414	147	-0.08857142857142856
Pf1N1B4_5415	147	0.07692307692307693
Pf1N1B4_5416	147	-0.03999999999999997
Pf1N1B4_5417	147	-0.023529411764705882
Pf1N1B4_5420	147	-0.10000000000000002
Pf1N1B4_5421	147	0.2
Pf1N1B4_5422	147	-0.12444444444444444
Pf1N1B4_5423	147	-0.056097560975609764
Pf1N1B4_5424	147	0.3
Pf1N1B4_5425	147	-0.05000000000000002
Pf1N1B4_5426	147	0.07222222222222224
Pf1N1B4_5427	147	-0.08928571428571429
Pf1N1B4_5428	147	-0.05111111111111111
Pf1N1B4_5429	147	0.03529411764705884
Pf1N1B4_543	147	-0.1
Pf1N1B4_5430	147	0.08750000000000004
Pf1N1B4_5431	147	-0.11034482758620692
Pf1N1B4_5432	147	0.014285714285714285
Pf1N1B4_5433	147	-1.850371707708594e-17
Pf1N1B4_5434	147	-0.019607843137254898
Pf1N1B4_5435	147	0.1
Pf1N1B4_5436	147	-0.002173913043478258
Pf1N1B4_5437	147	-0.04705882352941177
Pf1N1B4_5438	147	-0.05333333333333336
Pf1N1B4_5439	147	-0.014285714285714235
Pf1N1B4_544	147	-0.3000000000000001
Pf1N1B4_5441	147	-0.09
Pf1N1B4_5442	147	-0.13636363636363635
Pf1N1B4_5443	147	-0.12000000000000001
Pf1N1B4_5445	147	-0.07567567567567567
Pf1N1B4_5446	147	-0.24285714285714283
Pf1N1B4_5447	147	0.14285714285714285
Pf1N1B4_5448	147	0.1
Pf1N1B4_5449	147	0.09999999999999998
Pf1N1B4_545	147	-0.09411764705882354
Pf1N1B4_5450	147	-0.07068965517241378
Pf1N1B4_5451	147	0.012500000000000011
Pf1N1B4_5452	147	-0.18571428571428572
Pf1N1B4_5453	147	-0.13999999999999996
Pf1N1B4_5454	147	-0.03846153846153844
Pf1N1B4_5455	147	-0.2
Pf1N1B4_5456	147	-0.17142857142857143
Pf1N1B4_5457	147	0.004347826086956523
Pf1N1B4_5458	147	0.2
Pf1N1B4_5459	147	-0.0921875
Pf1N1B4_546	147	-0.04878048780487807
Pf1N1B4_5460	147	-0.09999999999999999
Pf1N1B4_5461	147	0.07272727272727274
Pf1N1B4_5462	147	-0.012162162162162166
Pf1N1B4_5463	147	-0.0333333333333333
Pf1N1B4_5464	147	-0.09999999999999999
Pf1N1B4_5466	147	-0.10000000000000002
Pf1N1B4_5467	147	-0.07222222222222224
Pf1N1B4_5468	147	-0.1111111111111111
Pf1N1B4_5469	147	-0.125
Pf1N1B4_547	147	0.0625
Pf1N1B4_5470	147	-0.07272727272727274
Pf1N1B4_5472	147	-0.06923076923076923
Pf1N1B4_5473	147	0.06388888888888888
Pf1N1B4_5474	147	0.0
Pf1N1B4_5475	147	-0.05263157894736842
Pf1N1B4_5476	147	-0.025
Pf1N1B4_5477	147	-0.12537313432835823
Pf1N1B4_5479	147	-0.125
Pf1N1B4_548	147	-0.12499999999999997
Pf1N1B4_5480	147	-0.03750000000000003
Pf1N1B4_5483	147	-0.039999999999999994
Pf1N1B4_5485	147	-0.3
Pf1N1B4_5487	147	-0.18750000000000003
Pf1N1B4_5488	147	0.0
Pf1N1B4_5489	147	0.08888888888888886
Pf1N1B4_549	147	-0.11428571428571428
Pf1N1B4_5490	147	-0.12777777777777777
Pf1N1B4_5492	147	-0.11818181818181817
Pf1N1B4_5493	147	-0.045833333333333316
Pf1N1B4_5494	147	-0.05000000000000001
Pf1N1B4_5495	147	-0.022727272727272728
Pf1N1B4_5496	147	0.1875
Pf1N1B4_5497	147	-0.09795918367346938
Pf1N1B4_5498	147	-0.22000000000000003
Pf1N1B4_5499	147	-0.07169811320754718
Pf1N1B4_55	147	-0.18333333333333335
Pf1N1B4_550	147	-0.16874999999999998
Pf1N1B4_5500	147	-0.004878048780487793
Pf1N1B4_5501	147	-0.11818181818181818
Pf1N1B4_5502	147	-0.10909090909090911
Pf1N1B4_5503	147	-0.10952380952380954
Pf1N1B4_5504	147	-0.16
Pf1N1B4_5505	147	-0.033333333333333326
Pf1N1B4_5506	147	0.02
Pf1N1B4_5507	147	-0.07500000000000001
Pf1N1B4_5508	147	0.05
Pf1N1B4_5509	147	0.09999999999999999
Pf1N1B4_551	147	-0.015789473684210548
Pf1N1B4_5510	147	0.0
Pf1N1B4_5511	147	-0.1636363636363636
Pf1N1B4_5512	147	0.10000000000000002
Pf1N1B4_5513	147	-0.15714285714285717
Pf1N1B4_5514	147	-0.12
Pf1N1B4_5515	147	-0.018181818181818174
Pf1N1B4_5517	147	-0.06333333333333332
Pf1N1B4_5518	147	-0.06428571428571431
Pf1N1B4_5519	147	-0.1142857142857143
Pf1N1B4_552	147	-0.15333333333333332
Pf1N1B4_5520	147	-0.06842105263157892
Pf1N1B4_5521	147	-0.06935483870967742
Pf1N1B4_5522	147	-0.03888888888888886
Pf1N1B4_5523	147	-0.05396825396825396
Pf1N1B4_5524	147	-0.1
Pf1N1B4_5525	147	-0.1
Pf1N1B4_5526	147	-0.09999999999999998
Pf1N1B4_5527	147	-0.041666666666666664
Pf1N1B4_5529	147	-0.05384615384615386
Pf1N1B4_553	147	-0.1142857142857143
Pf1N1B4_5530	147	-0.1485714285714286
Pf1N1B4_5531	147	-0.09090909090909091
Pf1N1B4_5532	147	-0.019230769230769242
Pf1N1B4_5533	147	-0.24444444444444446
Pf1N1B4_5535	147	-0.1
Pf1N1B4_5536	147	-0.06172839506172839
Pf1N1B4_5539	147	-0.0673469387755102
Pf1N1B4_554	147	-0.11818181818181821
Pf1N1B4_5540	147	0.018181818181818184
Pf1N1B4_5541	147	-0.13478260869565215
Pf1N1B4_5542	147	0.04999999999999999
Pf1N1B4_5543	147	-0.1333333333333334
Pf1N1B4_5544	147	-0.09444444444444446
Pf1N1B4_5545	147	-0.07777777777777779
Pf1N1B4_5546	147	0.007692307692307694
Pf1N1B4_5547	147	0.0
Pf1N1B4_5548	147	-0.053333333333333316
Pf1N1B4_5549	147	-0.1
Pf1N1B4_555	147	-0.04814814814814815
Pf1N1B4_5550	147	-0.03888888888888889
Pf1N1B4_5551	147	-0.012499999999999992
Pf1N1B4_5552	147	0.05714285714285715
Pf1N1B4_5553	147	0.034146341463414644
Pf1N1B4_5554	147	-0.06000000000000001
Pf1N1B4_5555	147	-0.08333333333333334
Pf1N1B4_5556	147	0.25
Pf1N1B4_5557	147	-0.060606060606060594
Pf1N1B4_5558	147	-0.10588235294117648
Pf1N1B4_556	147	-0.16
Pf1N1B4_5560	147	0.03333333333333333
Pf1N1B4_5561	147	-0.15
Pf1N1B4_5562	147	-0.04102564102564104
Pf1N1B4_5563	147	0.02173913043478264
Pf1N1B4_5564	147	-0.006249999999999992
Pf1N1B4_5565	147	-0.048
Pf1N1B4_5566	147	-0.0806451612903226
Pf1N1B4_5567	147	-0.020000000000000018
Pf1N1B4_5568	147	-0.03333333333333336
Pf1N1B4_5569	147	0.10000000000000003
Pf1N1B4_557	147	-0.1
Pf1N1B4_5570	147	-0.01875
Pf1N1B4_5571	147	-0.04285714285714288
Pf1N1B4_5572	147	-0.026315789473684216
Pf1N1B4_5574	147	-0.13333333333333333
Pf1N1B4_5575	147	0.01428571428571435
Pf1N1B4_5576	147	0.06666666666666668
Pf1N1B4_5577	147	-0.07999999999999999
Pf1N1B4_5578	147	-0.025714285714285707
Pf1N1B4_5579	147	-0.20000000000000004
Pf1N1B4_558	147	-0.007500000000000005
Pf1N1B4_5580	147	-0.025000000000000036
Pf1N1B4_5582	147	-0.06999999999999999
Pf1N1B4_5583	147	-0.26666666666666666
Pf1N1B4_5584	147	-0.04285714285714285
Pf1N1B4_5585	147	-0.05000000000000003
Pf1N1B4_5586	147	-0.20000000000000004
Pf1N1B4_5587	147	0.015000000000000003
Pf1N1B4_5588	147	-0.18
Pf1N1B4_5589	147	-0.041666666666666685
Pf1N1B4_559	147	-0.05806451612903226
Pf1N1B4_5590	147	0.1166666666666666
Pf1N1B4_5591	147	-0.25999999999999995
Pf1N1B4_5592	147	-0.2
Pf1N1B4_5593	147	-0.14999999999999997
Pf1N1B4_5595	147	-0.03043478260869564
Pf1N1B4_5596	147	-0.06000000000000001
Pf1N1B4_5597	147	0.037499999999999985
Pf1N1B4_5598	147	-0.03333333333333336
Pf1N1B4_5599	147	-0.05
Pf1N1B4_56	147	0.009090909090909071
Pf1N1B4_560	147	-0.09999999999999998
Pf1N1B4_5600	147	3.2653618371328133e-18
Pf1N1B4_5601	147	0.11176470588235293
Pf1N1B4_5602	147	-0.14285714285714288
Pf1N1B4_5603	147	-0.06086956521739131
Pf1N1B4_5604	147	0.1875
Pf1N1B4_5605	147	0.2
Pf1N1B4_5606	147	-0.17586206896551723
Pf1N1B4_5607	147	0.11666666666666665
Pf1N1B4_5609	147	-0.1
Pf1N1B4_561	147	0.020000000000000018
Pf1N1B4_5610	147	-0.18181818181818182
Pf1N1B4_5611	147	-0.033333333333333326
Pf1N1B4_5612	147	-0.09999999999999998
Pf1N1B4_5613	147	-0.03999999999999999
Pf1N1B4_5615	147	0.0
Pf1N1B4_5616	147	-0.12307692307692311
Pf1N1B4_5618	147	-0.31999999999999995
Pf1N1B4_5619	147	-0.025000000000000022
Pf1N1B4_562	147	-2.6122894697062506e-17
Pf1N1B4_5620	147	-0.13333333333333333
Pf1N1B4_5621	147	-0.4
Pf1N1B4_5622	147	-0.033333333333333326
Pf1N1B4_5623	147	0.008333333333333326
Pf1N1B4_5624	147	-0.33999999999999997
Pf1N1B4_5626	147	-0.06511627906976745
Pf1N1B4_5627	147	-0.13333333333333333
Pf1N1B4_5628	147	-0.15000000000000002
Pf1N1B4_5629	147	-0.028571428571428564
Pf1N1B4_563	147	0.09999999999999999
Pf1N1B4_5630	147	-0.5
Pf1N1B4_5631	147	-0.16
Pf1N1B4_5632	147	-0.2
Pf1N1B4_5634	147	0.02307692307692308
Pf1N1B4_5635	147	-0.1
Pf1N1B4_5636	147	-0.04800000000000001
Pf1N1B4_5638	147	-0.10000000000000003
Pf1N1B4_5639	147	-0.13846153846153847
Pf1N1B4_564	147	-0.18571428571428572
Pf1N1B4_5640	147	-0.11999999999999997
Pf1N1B4_5641	147	0.0
Pf1N1B4_5642	147	-0.2
Pf1N1B4_5643	147	0.033333333333333326
Pf1N1B4_5644	147	-0.10588235294117647
Pf1N1B4_5645	147	-0.325
Pf1N1B4_5646	147	-0.1
Pf1N1B4_5647	147	0.021428571428571425
Pf1N1B4_5649	147	-0.25
Pf1N1B4_565	147	-0.04838709677419356
Pf1N1B4_5650	147	-0.049999999999999996
Pf1N1B4_5651	147	0.3
Pf1N1B4_5652	147	-0.30000000000000004
Pf1N1B4_5653	147	-0.2
Pf1N1B4_5656	147	-0.44999999999999996
Pf1N1B4_5658	147	-0.10000000000000005
Pf1N1B4_5659	147	-0.4636363636363636
Pf1N1B4_566	147	-0.1952380952380952
Pf1N1B4_5660	147	-0.03731343283582089
Pf1N1B4_5661	147	-0.27346938775510204
Pf1N1B4_5662	147	-0.1
Pf1N1B4_5663	147	-0.15000000000000002
Pf1N1B4_5665	147	-1.7666666666666666
Pf1N1B4_5666	147	-1.425
Pf1N1B4_5667	147	-0.07250000000000002
Pf1N1B4_5668	147	-0.024999999999999994
Pf1N1B4_567	147	-0.014285714285714282
Pf1N1B4_5671	147	-0.09411764705882353
Pf1N1B4_5672	147	-0.15357142857142855
Pf1N1B4_5673	147	0.024999999999999994
Pf1N1B4_5674	147	-0.16666666666666663
Pf1N1B4_5675	147	-0.09999999999999998
Pf1N1B4_5676	147	-0.19999999999999998
Pf1N1B4_5678	147	-0.07857142857142858
Pf1N1B4_5679	147	-0.1
Pf1N1B4_568	147	-0.1
Pf1N1B4_5680	147	-0.12727272727272726
Pf1N1B4_5682	147	-0.24
Pf1N1B4_5683	147	-1.1
Pf1N1B4_5684	147	-0.26666666666666666
Pf1N1B4_5685	147	-0.10000000000000005
Pf1N1B4_5686	147	-0.15
Pf1N1B4_5687	147	0.0
Pf1N1B4_5688	147	-0.17142857142857146
Pf1N1B4_5689	147	-0.2222222222222222
Pf1N1B4_569	147	-0.10500000000000001
Pf1N1B4_5690	147	-0.23333333333333336
Pf1N1B4_5691	147	0.033333333333333326
Pf1N1B4_5692	147	-0.22727272727272727
Pf1N1B4_5693	147	-0.06428571428571428
Pf1N1B4_5694	147	-0.3
Pf1N1B4_5695	147	-0.25555555555555554
Pf1N1B4_5697	147	-0.02000000000000001
Pf1N1B4_5698	147	-0.014285714285714294
Pf1N1B4_5699	147	-0.18000000000000002
Pf1N1B4_57	147	-0.19
Pf1N1B4_5700	147	-0.14545454545454548
Pf1N1B4_5701	147	-0.1
Pf1N1B4_5703	147	-0.05714285714285714
Pf1N1B4_5704	147	-0.031999999999999994
Pf1N1B4_5705	147	-0.010526315789473703
Pf1N1B4_5706	147	-0.16666666666666663
Pf1N1B4_5707	147	0.01111111111111114
Pf1N1B4_5708	147	0.10000000000000002
Pf1N1B4_5709	147	-0.19999999999999998
Pf1N1B4_571	147	-0.11176470588235295
Pf1N1B4_5710	147	-0.019999999999999997
Pf1N1B4_5711	147	-0.17000000000000004
Pf1N1B4_5712	147	-0.14782608695652175
Pf1N1B4_5713	147	-0.15
Pf1N1B4_5714	147	0.16666666666666666
Pf1N1B4_5715	147	-0.08999999999999998
Pf1N1B4_5716	147	-0.15106382978723404
Pf1N1B4_5718	147	0.06666666666666667
Pf1N1B4_5719	147	-0.05
Pf1N1B4_572	147	0.033
Pf1N1B4_5720	147	-0.38
Pf1N1B4_5721	147	-0.19999999999999998
Pf1N1B4_5722	147	-0.26
Pf1N1B4_5724	147	-0.4800000000000001
Pf1N1B4_5725	147	-0.1
Pf1N1B4_5726	147	0.050000000000000044
Pf1N1B4_5727	147	0.1
Pf1N1B4_5729	147	-0.11923076923076924
Pf1N1B4_573	147	-0.024285714285714296
Pf1N1B4_5730	147	0.06000000000000001
Pf1N1B4_5731	147	0.25
Pf1N1B4_5732	147	-0.1
Pf1N1B4_5734	147	-0.25263157894736843
Pf1N1B4_5735	147	-0.0975609756097561
Pf1N1B4_5736	147	-0.033333333333333375
Pf1N1B4_5737	147	-0.35000000000000003
Pf1N1B4_5738	147	-0.1409090909090909
Pf1N1B4_5739	147	-0.25
Pf1N1B4_574	147	0.0
Pf1N1B4_5740	147	-0.16999999999999998
Pf1N1B4_5741	147	0.2
Pf1N1B4_5742	147	-0.2
Pf1N1B4_5744	147	0.1
Pf1N1B4_5745	147	-0.16666666666666666
Pf1N1B4_5746	147	-0.025000000000000012
Pf1N1B4_5747	147	-0.19999999999999996
Pf1N1B4_5748	147	0.4
Pf1N1B4_5749	147	-0.175
Pf1N1B4_575	147	-0.10925925925925926
Pf1N1B4_5750	147	-0.17500000000000002
Pf1N1B4_5751	147	0.008333333333333323
Pf1N1B4_5752	147	0.0
Pf1N1B4_5753	147	-0.16666666666666666
Pf1N1B4_5754	147	0.43333333333333335
Pf1N1B4_5755	147	-0.38
Pf1N1B4_5756	147	9.25185853854297e-18
Pf1N1B4_5757	147	0.04999999999999999
Pf1N1B4_5758	147	-0.18000000000000002
Pf1N1B4_5759	147	0.1
Pf1N1B4_576	147	-0.15384615384615385
Pf1N1B4_5760	147	-0.25
Pf1N1B4_5761	147	-0.7
Pf1N1B4_5762	147	-0.012500000000000025
Pf1N1B4_5763	147	0.09999999999999998
Pf1N1B4_5764	147	-0.07368421052631578
Pf1N1B4_5767	147	-0.027272727272727237
Pf1N1B4_5768	147	-0.2571428571428571
Pf1N1B4_5769	147	-0.22499999999999998
Pf1N1B4_577	147	-0.12000000000000002
Pf1N1B4_5770	147	0.3
Pf1N1B4_5771	147	0.3
Pf1N1B4_5772	147	-0.06666666666666668
Pf1N1B4_5773	147	-0.1333333333333333
Pf1N1B4_5774	147	-0.16000000000000003
Pf1N1B4_5776	147	0.25
Pf1N1B4_5777	147	-0.3
Pf1N1B4_5778	147	-0.15
Pf1N1B4_5779	147	0.039999999999999945
Pf1N1B4_578	147	-0.5333333333333333
Pf1N1B4_5780	147	-0.09333333333333335
Pf1N1B4_5781	147	-0.1
Pf1N1B4_5782	147	-0.09583333333333333
Pf1N1B4_5783	147	-0.05714285714285716
Pf1N1B4_5784	147	-0.10000000000000005
Pf1N1B4_5785	147	0.24999999999999994
Pf1N1B4_5786	147	-0.1
Pf1N1B4_5787	147	-0.1285714285714286
Pf1N1B4_5789	147	1.1
Pf1N1B4_579	147	-0.07368421052631578
Pf1N1B4_5790	147	-0.12857142857142856
Pf1N1B4_5791	147	0.0
Pf1N1B4_5792	147	-0.35000000000000003
Pf1N1B4_5793	147	-0.07500000000000001
Pf1N1B4_5794	147	-0.11818181818181817
Pf1N1B4_5795	147	-0.11250000000000002
Pf1N1B4_5796	147	-0.0638888888888889
Pf1N1B4_5797	147	-0.07499999999999998
Pf1N1B4_5798	147	-0.07499999999999998
Pf1N1B4_5799	147	-0.2714285714285714
Pf1N1B4_58	147	-0.9758620689655173
Pf1N1B4_580	147	0.06000000000000001
Pf1N1B4_5800	147	-0.03333333333333333
Pf1N1B4_5801	147	0.3
Pf1N1B4_5802	147	-0.09411764705882353
Pf1N1B4_5803	147	0.10000000000000002
Pf1N1B4_5804	147	-0.19999999999999998
Pf1N1B4_5806	147	-0.12222222222222223
Pf1N1B4_5807	147	-0.25
Pf1N1B4_5808	147	-0.14615384615384613
Pf1N1B4_5809	147	-0.11999999999999997
Pf1N1B4_581	147	-0.13749999999999998
Pf1N1B4_5811	147	0.08
Pf1N1B4_5812	147	-0.125
Pf1N1B4_5813	147	-0.14
Pf1N1B4_5814	147	-0.2
Pf1N1B4_5815	147	-0.2125
Pf1N1B4_5816	147	-0.3
Pf1N1B4_5817	147	0.06666666666666664
Pf1N1B4_5818	147	-0.04999999999999999
Pf1N1B4_5819	147	-0.04642857142857139
Pf1N1B4_582	147	-0.15454545454545457
Pf1N1B4_5820	147	0.07777777777777779
Pf1N1B4_5821	147	-0.027777777777777783
Pf1N1B4_5822	147	-0.10499999999999998
Pf1N1B4_5823	147	-0.2
Pf1N1B4_5824	147	-0.10000000000000002
Pf1N1B4_5825	147	0.2
Pf1N1B4_5826	147	-0.4333333333333333
Pf1N1B4_5827	147	-0.25
Pf1N1B4_5829	147	-0.25
Pf1N1B4_583	147	-0.12499999999999994
Pf1N1B4_5830	147	-0.1285714285714286
Pf1N1B4_5831	147	-0.07500000000000002
Pf1N1B4_5832	147	-0.050000000000000044
Pf1N1B4_5833	147	0.04999999999999999
Pf1N1B4_5834	147	-0.4
Pf1N1B4_5835	147	-0.09999999999999992
Pf1N1B4_5836	147	-0.1333333333333333
Pf1N1B4_5837	147	-0.20714285714285713
Pf1N1B4_5838	147	-0.21999999999999997
Pf1N1B4_5839	147	-0.25
Pf1N1B4_584	147	-0.12399999999999999
Pf1N1B4_5840	147	0.2
Pf1N1B4_5841	147	-0.0142857142857143
Pf1N1B4_5842	147	-0.6
Pf1N1B4_5843	147	-0.07500000000000001
Pf1N1B4_5844	147	-0.09166666666666663
Pf1N1B4_5845	147	-0.3
Pf1N1B4_5846	147	0.0
Pf1N1B4_5847	147	0.04545454545454548
Pf1N1B4_5848	147	-0.36086956521739133
Pf1N1B4_5849	147	-0.1
Pf1N1B4_585	147	-0.12894736842105264
Pf1N1B4_5851	147	-0.0285714285714286
Pf1N1B4_5852	147	-0.6499999999999999
Pf1N1B4_5853	147	0.014285714285714275
Pf1N1B4_5854	147	-0.02307692307692308
Pf1N1B4_5855	147	-0.13125
Pf1N1B4_5856	147	-0.10769230769230768
Pf1N1B4_5857	147	0.0
Pf1N1B4_5858	147	-0.1142857142857143
Pf1N1B4_5859	147	-0.13999999999999996
Pf1N1B4_586	147	0.1
Pf1N1B4_5860	147	-0.20000000000000004
Pf1N1B4_5861	147	-0.05000000000000001
Pf1N1B4_5862	147	-0.14999999999999994
Pf1N1B4_5863	147	-0.15999999999999998
Pf1N1B4_5864	147	-0.12857142857142856
Pf1N1B4_5865	147	-0.15
Pf1N1B4_5866	147	-0.027272727272727317
Pf1N1B4_5867	147	0.1
Pf1N1B4_5868	147	-0.2
Pf1N1B4_5870	147	0.05714285714285711
Pf1N1B4_5871	147	0.04285714285714284
Pf1N1B4_5872	147	-0.062318840579710155
Pf1N1B4_5875	147	-0.3
Pf1N1B4_5877	147	-0.0875
Pf1N1B4_5879	147	-0.6
Pf1N1B4_5880	147	-0.16
Pf1N1B4_5881	147	-0.10909090909090911
Pf1N1B4_5882	147	0.05
Pf1N1B4_5883	147	-0.14761904761904762
Pf1N1B4_5884	147	-0.040000000000000015
Pf1N1B4_5885	147	-0.08333333333333336
Pf1N1B4_5886	147	0.024999999999999988
Pf1N1B4_5888	147	-0.14000000000000004
Pf1N1B4_5889	147	-0.033333333333333354
Pf1N1B4_5890	147	-0.30000000000000004
Pf1N1B4_5891	147	0.012500000000000011
Pf1N1B4_5892	147	-0.11818181818181821
Pf1N1B4_5893	147	-0.275
Pf1N1B4_5894	147	0.06
Pf1N1B4_5895	147	0.5
Pf1N1B4_5896	147	-0.3
Pf1N1B4_5897	147	-0.06874999999999998
Pf1N1B4_5898	147	-0.3
Pf1N1B4_5899	147	-0.325
Pf1N1B4_590	147	0.03846153846153845
Pf1N1B4_5900	147	-0.03684210526315789
Pf1N1B4_5901	147	-0.09999999999999999
Pf1N1B4_5902	147	-0.3
Pf1N1B4_5903	147	-0.2
Pf1N1B4_5904	147	-0.375
Pf1N1B4_5905	147	-0.11111111111111113
Pf1N1B4_5906	147	-0.4166666666666667
Pf1N1B4_5907	147	0.07499999999999997
Pf1N1B4_5908	147	-0.2
Pf1N1B4_5909	147	-0.07857142857142856
Pf1N1B4_591	147	-0.26666666666666666
Pf1N1B4_5910	147	-0.26666666666666666
Pf1N1B4_5911	147	-0.1
Pf1N1B4_5912	147	-0.028571428571428543
Pf1N1B4_5913	147	0.25
Pf1N1B4_5914	147	-0.1166666666666667
Pf1N1B4_5916	147	0.06000000000000001
Pf1N1B4_5917	147	-0.06000000000000003
Pf1N1B4_5918	147	-0.1
Pf1N1B4_5919	147	0.0
Pf1N1B4_592	147	-0.027777777777777787
Pf1N1B4_5920	147	0.04444444444444446
Pf1N1B4_5921	147	-0.10625000000000001
Pf1N1B4_5922	147	-0.10285714285714284
Pf1N1B4_5923	147	-0.26666666666666666
Pf1N1B4_5924	147	0.515
Pf1N1B4_5925	147	0.15499999999999997
Pf1N1B4_5926	147	0.15
Pf1N1B4_5927	147	0.16939655172413792
Pf1N1B4_5928	147	-0.020000000000000004
Pf1N1B4_5929	147	-0.5499999999999999
Pf1N1B4_593	147	-0.1176470588235294
Pf1N1B4_5930	147	0.024999999999999998
Pf1N1B4_5931	147	-0.1
Pf1N1B4_5937	147	-0.24285714285714285
Pf1N1B4_5938	147	-0.040000000000000015
Pf1N1B4_5939	147	-0.15999999999999998
Pf1N1B4_594	147	-0.0576923076923077
Pf1N1B4_5941	147	-0.2
Pf1N1B4_5945	147	0.6
Pf1N1B4_5948	147	-0.0823529411764706
Pf1N1B4_5949	147	0.0
Pf1N1B4_595	147	-0.1282051282051282
Pf1N1B4_5951	147	-0.14800000000000002
Pf1N1B4_5952	147	-0.5
Pf1N1B4_5953	147	-0.05833333333333333
Pf1N1B4_5954	147	-0.0625
Pf1N1B4_5955	147	-0.23636363636363636
Pf1N1B4_5956	147	0.5
Pf1N1B4_5957	147	-0.36
Pf1N1B4_5958	147	-0.1276595744680851
Pf1N1B4_5959	147	-0.08888888888888889
Pf1N1B4_596	147	-0.024999999999999994
Pf1N1B4_5960	147	-2.0816681711721685e-17
Pf1N1B4_5961	147	-0.14871794871794872
Pf1N1B4_5962	147	-0.06666666666666667
Pf1N1B4_5963	147	-0.43333333333333335
Pf1N1B4_5964	147	0.007692307692307693
Pf1N1B4_5965	147	-0.0727272727272727
Pf1N1B4_5967	147	-0.11250000000000002
Pf1N1B4_5968	147	0.09999999999999995
Pf1N1B4_5969	147	-0.4
Pf1N1B4_597	147	-0.09069767441860464
Pf1N1B4_5970	147	-0.24
Pf1N1B4_5971	147	-0.18333333333333332
Pf1N1B4_5972	147	0.01111111111111112
Pf1N1B4_5973	147	-0.07499999999999998
Pf1N1B4_5974	147	-0.5
Pf1N1B4_5975	147	-0.19999999999999998
Pf1N1B4_5976	147	-0.19999999999999996
Pf1N1B4_5977	147	-0.10909090909090907
Pf1N1B4_5978	147	-0.22499999999999998
Pf1N1B4_5979	147	-0.06000000000000001
Pf1N1B4_598	147	-0.06666666666666665
Pf1N1B4_5980	147	-0.3
Pf1N1B4_5981	147	-0.8
Pf1N1B4_5982	147	-0.1347826086956522
Pf1N1B4_5983	147	-0.041176470588235294
Pf1N1B4_5984	147	-0.11599999999999998
Pf1N1B4_5985	147	0.016666666666666663
Pf1N1B4_5986	147	-0.09687499999999999
Pf1N1B4_5987	147	-0.11499999999999999
Pf1N1B4_5988	147	-0.06153846153846153
Pf1N1B4_5989	147	-0.027272727272727337
Pf1N1B4_599	147	0.0
Pf1N1B4_5991	147	-0.3
Pf1N1B4_5992	147	-0.10000000000000003
Pf1N1B4_5993	147	0.05000000000000002
Pf1N1B4_5994	147	0.16666666666666666
Pf1N1B4_5995	147	-0.16666666666666666
Pf1N1B4_5996	147	-0.16999999999999998
Pf1N1B4_5997	147	-0.1375
Pf1N1B4_5998	147	-0.248
Pf1N1B4_5999	147	-0.16774193548387098
Pf1N1B4_6	147	-1.8199999999999998
Pf1N1B4_600	147	-0.12083333333333335
Pf1N1B4_6000	147	-0.15000000000000002
Pf1N1B4_6001	147	-0.2818181818181818
Pf1N1B4_6002	147	-0.32499999999999996
Pf1N1B4_6003	147	-0.11764705882352941
Pf1N1B4_6004	147	-0.3875
Pf1N1B4_6005	147	-0.9333333333333335
Pf1N1B4_6006	147	-0.35
Pf1N1B4_6007	147	-0.016666666666666646
Pf1N1B4_6008	147	-0.5
Pf1N1B4_6009	147	-0.16493506493506493
Pf1N1B4_6010	147	-0.23888888888888887
Pf1N1B4_6011	147	-0.175177304964539
Pf1N1B4_6012	147	-0.24042553191489363
Pf1N1B4_6013	147	-0.2733333333333334
Pf1N1B4_6014	147	-0.22894736842105262
Pf1N1B4_6015	147	-0.24653465346534656
Pf1N1B4_6016	147	-0.4
Pf1N1B4_602	147	-0.32857142857142857
Pf1N1B4_6024	147	-0.2833333333333334
Pf1N1B4_6025	147	0.025000000000000022
Pf1N1B4_6026	147	-0.23333333333333336
Pf1N1B4_6027	147	7.401486830834377e-17
Pf1N1B4_6028	147	-0.38571428571428573
Pf1N1B4_6029	147	-0.2
Pf1N1B4_603	147	-0.1111111111111111
Pf1N1B4_6030	147	-0.1111111111111111
Pf1N1B4_6031	147	-0.26666666666666666
Pf1N1B4_6032	147	-0.06363636363636366
Pf1N1B4_6033	147	-0.2833333333333334
Pf1N1B4_6034	147	-0.15416666666666665
Pf1N1B4_6035	147	-0.35
Pf1N1B4_6036	147	-0.35714285714285715
Pf1N1B4_6037	147	-0.36666666666666664
Pf1N1B4_6038	147	-0.3111111111111111
Pf1N1B4_6039	147	-0.1875
Pf1N1B4_604	147	-0.03636363636363636
Pf1N1B4_6040	147	-0.15454545454545457
Pf1N1B4_6041	147	-0.2
Pf1N1B4_6042	147	-0.24545454545454548
Pf1N1B4_6043	147	-0.25
Pf1N1B4_6045	147	-0.1
Pf1N1B4_6046	147	-0.3
Pf1N1B4_6047	147	-0.13589743589743591
Pf1N1B4_6048	147	-0.2058139534883721
Pf1N1B4_6049	147	-0.06666666666666667
Pf1N1B4_6050	147	-0.1857142857142857
Pf1N1B4_6051	147	-0.39999999999999997
Pf1N1B4_6054	147	-0.2
Pf1N1B4_606	147	-0.24
Pf1N1B4_607	147	-0.14300000000000002
Pf1N1B4_608	147	0.15
Pf1N1B4_609	147	-0.10000000000000002
Pf1N1B4_610	147	-0.04666666666666667
Pf1N1B4_611	147	-0.21666666666666665
Pf1N1B4_612	147	-0.16428571428571434
Pf1N1B4_613	147	-0.07000000000000002
Pf1N1B4_614	147	-0.07692307692307689
Pf1N1B4_615	147	-0.16666666666666666
Pf1N1B4_616	147	-0.21428571428571427
Pf1N1B4_617	147	-0.26
Pf1N1B4_618	147	-0.14444444444444443
Pf1N1B4_619	147	-0.14000000000000004
Pf1N1B4_620	147	-0.08000000000000002
Pf1N1B4_621	147	-0.0721311475409836
Pf1N1B4_622	147	-0.05522388059701492
Pf1N1B4_623	147	0.07500000000000001
Pf1N1B4_625	147	-0.06428571428571428
Pf1N1B4_626	147	-0.22083333333333333
Pf1N1B4_627	147	-0.15714285714285717
Pf1N1B4_628	147	0.05925925925925926
Pf1N1B4_629	147	-0.19999999999999996
Pf1N1B4_63	147	-0.10000000000000002
Pf1N1B4_630	147	-0.25882352941176473
Pf1N1B4_636	147	-0.14666666666666667
Pf1N1B4_637	147	-0.35000000000000003
Pf1N1B4_638	147	-1.1
Pf1N1B4_639	147	-0.1
Pf1N1B4_640	147	-0.19999999999999998
Pf1N1B4_642	147	0.09333333333333331
Pf1N1B4_643	147	0.08620689655172414
Pf1N1B4_644	147	0.0
Pf1N1B4_646	147	0.03902439024390244
Pf1N1B4_647	147	-0.11176470588235293
Pf1N1B4_648	147	-0.06277602523659305
Pf1N1B4_649	147	-0.09999999999999999
Pf1N1B4_65	147	-0.12142857142857143
Pf1N1B4_650	147	-0.035714285714285685
Pf1N1B4_651	147	-0.004166666666666682
Pf1N1B4_652	147	-0.7708860759493671
Pf1N1B4_653	147	-0.022499999999999992
Pf1N1B4_654	147	-0.08695652173913042
Pf1N1B4_655	147	0.02187500000000004
Pf1N1B4_656	147	-0.07692307692307691
Pf1N1B4_659	147	-0.052500000000000005
Pf1N1B4_66	147	-0.10555555555555553
Pf1N1B4_660	147	-0.10833333333333335
Pf1N1B4_661	147	-0.0107142857142857
Pf1N1B4_662	147	0.03333333333333334
Pf1N1B4_663	147	-0.12307692307692308
Pf1N1B4_665	147	-0.1
Pf1N1B4_667	147	-0.8
Pf1N1B4_668	147	-0.19062500000000002
Pf1N1B4_669	147	-0.00833333333333334
Pf1N1B4_67	147	-0.3333333333333333
Pf1N1B4_670	147	-0.0984126984126984
Pf1N1B4_671	147	-0.06046511627906978
Pf1N1B4_672	147	-0.024999999999999994
Pf1N1B4_673	147	-0.044444444444444425
Pf1N1B4_674	147	0.0060606060606060675
Pf1N1B4_675	147	0.13333333333333333
Pf1N1B4_676	147	-0.03333333333333333
Pf1N1B4_677	147	-0.049999999999999996
Pf1N1B4_678	147	-0.14761904761904762
Pf1N1B4_679	147	0.036363636363636355
Pf1N1B4_68	147	0.033333333333333326
Pf1N1B4_680	147	-0.030000000000000006
Pf1N1B4_681	147	-0.1111111111111111
Pf1N1B4_682	147	-0.15
Pf1N1B4_683	147	-0.3833333333333333
Pf1N1B4_684	147	-0.08124999999999999
Pf1N1B4_685	147	-0.35
Pf1N1B4_686	147	-0.09545454545454547
Pf1N1B4_687	147	0.029411764705882346
Pf1N1B4_688	147	0.18
Pf1N1B4_689	147	-0.07500000000000001
Pf1N1B4_69	147	-0.13333333333333333
Pf1N1B4_690	147	-0.021874999999999995
Pf1N1B4_691	147	0.011111111111111146
Pf1N1B4_692	147	-0.09642857142857143
Pf1N1B4_693	147	-0.19285714285714287
Pf1N1B4_694	147	-0.09
Pf1N1B4_695	147	0.06249999999999998
Pf1N1B4_696	147	-0.010526315789473734
Pf1N1B4_697	147	-0.030769230769230767
Pf1N1B4_698	147	-0.10714285714285711
Pf1N1B4_699	147	-0.024242424242424235
Pf1N1B4_7	147	-0.19166666666666665
Pf1N1B4_70	147	-0.08076923076923079
Pf1N1B4_700	147	0.02307692307692309
Pf1N1B4_701	147	-0.14444444444444446
Pf1N1B4_702	147	-0.07857142857142858
Pf1N1B4_703	147	-0.04565217391304346
Pf1N1B4_704	147	-0.0040000000000000036
Pf1N1B4_705	147	-0.04838709677419354
Pf1N1B4_707	147	-0.2260869565217391
Pf1N1B4_708	147	-0.20588235294117646
Pf1N1B4_709	147	-0.14615384615384613
Pf1N1B4_71	147	0.03636363636363635
Pf1N1B4_710	147	-0.075
Pf1N1B4_712	147	-1.5419764230904953e-17
Pf1N1B4_713	147	0.19999999999999998
Pf1N1B4_714	147	0.012820512820512829
Pf1N1B4_715	147	-0.3333333333333333
Pf1N1B4_716	147	-0.45
Pf1N1B4_717	147	-0.35185185185185186
Pf1N1B4_718	147	-0.275
Pf1N1B4_719	147	-0.07777777777777779
Pf1N1B4_72	147	-0.049999999999999975
Pf1N1B4_720	147	-0.10813008130081302
Pf1N1B4_721	147	-0.002500000000000016
Pf1N1B4_722	147	-0.20000000000000004
Pf1N1B4_723	147	0.007042253521126771
Pf1N1B4_724	147	-0.22499999999999998
Pf1N1B4_725	147	-0.05
Pf1N1B4_729	147	-0.05178571428571429
Pf1N1B4_73	147	-0.02857142857142856
Pf1N1B4_730	147	-0.20625
Pf1N1B4_731	147	0.0
Pf1N1B4_732	147	-0.2
Pf1N1B4_733	147	0.03333333333333335
Pf1N1B4_734	147	-0.13333333333333333
Pf1N1B4_735	147	0.0
Pf1N1B4_736	147	0.08461538461538462
Pf1N1B4_737	147	-0.0526315789473684
Pf1N1B4_738	147	-0.041666666666666685
Pf1N1B4_739	147	-0.035714285714285705
Pf1N1B4_74	147	-0.22000000000000003
Pf1N1B4_740	147	-0.016666666666666666
Pf1N1B4_741	147	-0.016666666666666646
Pf1N1B4_742	147	-1.314
Pf1N1B4_743	147	-0.06315789473684212
Pf1N1B4_746	147	-0.039999999999999966
Pf1N1B4_747	147	-0.036842105263157905
Pf1N1B4_748	147	-0.17272727272727273
Pf1N1B4_749	147	3.700743415417188e-17
Pf1N1B4_75	147	-0.16666666666666666
Pf1N1B4_750	147	-0.11875
Pf1N1B4_751	147	0.04999999999999999
Pf1N1B4_752	147	-0.3
Pf1N1B4_753	147	-0.05000000000000001
Pf1N1B4_754	147	-0.2333333333333333
Pf1N1B4_755	147	-0.03064516129032258
Pf1N1B4_756	147	0.08
Pf1N1B4_757	147	-0.053703703703703705
Pf1N1B4_758	147	-0.10833333333333332
Pf1N1B4_759	147	-0.15000000000000002
Pf1N1B4_76	147	-0.3857142857142857
Pf1N1B4_760	147	-0.07884615384615386
Pf1N1B4_761	147	0.15999999999999998
Pf1N1B4_762	147	-1.0243243243243243
Pf1N1B4_763	147	-0.011764705882352958
Pf1N1B4_764	147	-0.1388888888888889
Pf1N1B4_765	147	-0.05714285714285715
Pf1N1B4_766	147	-0.6
Pf1N1B4_767	147	-0.1631578947368421
Pf1N1B4_769	147	-0.45
Pf1N1B4_77	147	-0.04999999999999999
Pf1N1B4_770	147	0.028571428571428564
Pf1N1B4_771	147	0.00952380952380952
Pf1N1B4_772	147	-0.14400000000000002
Pf1N1B4_773	147	-0.03529411764705882
Pf1N1B4_774	147	0.2
Pf1N1B4_775	147	-0.09821428571428573
Pf1N1B4_776	147	0.036363636363636376
Pf1N1B4_777	147	-0.02127659574468085
Pf1N1B4_778	147	0.05217391304347826
Pf1N1B4_779	147	-0.06666666666666667
Pf1N1B4_78	147	-0.19999999999999998
Pf1N1B4_780	147	-0.15714285714285717
Pf1N1B4_781	147	0.08461538461538462
Pf1N1B4_782	147	-0.09411764705882351
Pf1N1B4_783	147	-0.027272727272727264
Pf1N1B4_784	147	-0.12727272727272726
Pf1N1B4_785	147	-0.12727272727272732
Pf1N1B4_786	147	-0.06363636363636362
Pf1N1B4_787	147	0.05
Pf1N1B4_788	147	0.021428571428571436
Pf1N1B4_789	147	-0.12
Pf1N1B4_79	147	0.01000000000000002
Pf1N1B4_790	147	0.0692307692307692
Pf1N1B4_791	147	-0.35
Pf1N1B4_792	147	-0.05217391304347828
Pf1N1B4_793	147	-0.07073170731707316
Pf1N1B4_794	147	-0.08684210526315789
Pf1N1B4_795	147	-0.1222222222222222
Pf1N1B4_796	147	-0.07125000000000001
Pf1N1B4_797	147	-0.047169811320754707
Pf1N1B4_798	147	1.9308226515220113e-17
Pf1N1B4_799	147	-0.03333333333333336
Pf1N1B4_80	147	0.1294117647058823
Pf1N1B4_800	147	-0.0027777777777777866
Pf1N1B4_801	147	-0.030769230769230785
Pf1N1B4_802	147	0.041176470588235294
Pf1N1B4_803	147	-0.040983606557377046
Pf1N1B4_804	147	-0.017021276595744685
Pf1N1B4_805	147	0.03421052631578948
Pf1N1B4_806	147	-0.04285714285714285
Pf1N1B4_807	147	-0.04473684210526316
Pf1N1B4_808	147	-0.075
Pf1N1B4_809	147	-0.056410256410256404
Pf1N1B4_81	147	-0.03333333333333333
Pf1N1B4_810	147	-0.05294117647058824
Pf1N1B4_811	147	-0.07400000000000002
Pf1N1B4_812	147	-0.03281249999999998
Pf1N1B4_813	147	-0.16578947368421054
Pf1N1B4_814	147	-0.033333333333333326
Pf1N1B4_815	147	-0.013043478260869552
Pf1N1B4_816	147	-0.049999999999999996
Pf1N1B4_817	147	0.05714285714285713
Pf1N1B4_818	147	-0.08392857142857142
Pf1N1B4_819	147	-0.02439024390243903
Pf1N1B4_820	147	-0.0640625
Pf1N1B4_821	147	-0.069811320754717
Pf1N1B4_822	147	-0.14999999999999997
Pf1N1B4_823	147	-0.1
Pf1N1B4_824	147	-0.12307692307692307
Pf1N1B4_825	147	-0.05000000000000001
Pf1N1B4_826	147	-0.14545454545454548
Pf1N1B4_828	147	-0.1
Pf1N1B4_829	147	-0.006896551724137929
Pf1N1B4_83	147	-0.03888888888888889
Pf1N1B4_830	147	0.1
Pf1N1B4_831	147	0.0
Pf1N1B4_833	147	-0.054347826086956534
Pf1N1B4_834	147	-0.05918367346938777
Pf1N1B4_835	147	-0.21818181818181817
Pf1N1B4_836	147	-0.03617021276595745
Pf1N1B4_837	147	0.04999999999999999
Pf1N1B4_838	147	-0.046590909090909086
Pf1N1B4_84	147	-0.03500000000000002
Pf1N1B4_841	147	-0.2
Pf1N1B4_842	147	-0.17500000000000002
Pf1N1B4_843	147	-0.041176470588235314
Pf1N1B4_844	147	-0.12777777777777777
Pf1N1B4_845	147	-0.07142857142857142
Pf1N1B4_846	147	0.0
Pf1N1B4_847	147	-1.380952380952381
Pf1N1B4_848	147	-0.0842105263157895
Pf1N1B4_849	147	-0.10547945205479452
Pf1N1B4_85	147	-0.125
Pf1N1B4_855	147	-0.020000000000000018
Pf1N1B4_856	147	-0.18000000000000002
Pf1N1B4_857	147	-0.2
Pf1N1B4_859	147	0.0
Pf1N1B4_86	147	0.16666666666666666
Pf1N1B4_866	147	-0.4
Pf1N1B4_867	147	-0.10000000000000002
Pf1N1B4_868	147	-0.10689655172413794
Pf1N1B4_87	147	-0.052941176470588235
Pf1N1B4_875	147	-0.3833333333333333
Pf1N1B4_876	147	-0.009999999999999986
Pf1N1B4_877	147	0.021428571428571432
Pf1N1B4_878	147	-0.09999999999999998
Pf1N1B4_879	147	-0.075
Pf1N1B4_88	147	-0.028571428571428508
Pf1N1B4_880	147	-0.11052631578947367
Pf1N1B4_882	147	0.08888888888888889
Pf1N1B4_883	147	-0.07499999999999998
Pf1N1B4_884	147	-0.07272727272727274
Pf1N1B4_885	147	0.1625
Pf1N1B4_886	147	-0.20000000000000004
Pf1N1B4_887	147	-1.3333333333333333
Pf1N1B4_888	147	-0.23125
Pf1N1B4_89	147	-1.4481169886415085e-17
Pf1N1B4_890	147	-0.1111111111111111
Pf1N1B4_895	147	0.1
Pf1N1B4_898	147	-0.21025641025641023
Pf1N1B4_899	147	-0.10000000000000002
Pf1N1B4_9	147	-0.11999999999999995
Pf1N1B4_90	147	-0.1416666666666667
Pf1N1B4_901	147	0.0
Pf1N1B4_903	147	0.04800000000000001
Pf1N1B4_904	147	-0.07500000000000002
Pf1N1B4_905	147	-0.07254901960784314
Pf1N1B4_906	147	-0.13999999999999999
Pf1N1B4_907	147	-0.02631578947368421
Pf1N1B4_908	147	0.0
Pf1N1B4_909	147	-0.03750000000000001
Pf1N1B4_91	147	-0.09999999999999999
Pf1N1B4_910	147	-0.10769230769230768
Pf1N1B4_911	147	-0.08108108108108109
Pf1N1B4_912	147	-0.09523809523809522
Pf1N1B4_913	147	0.021052631578947382
Pf1N1B4_914	147	-0.05714285714285713
Pf1N1B4_915	147	-0.05000000000000001
Pf1N1B4_916	147	-0.03142857142857143
Pf1N1B4_917	147	-0.04444444444444445
Pf1N1B4_918	147	-0.10476190476190475
Pf1N1B4_919	147	0.10000000000000003
Pf1N1B4_92	147	-0.07142857142857144
Pf1N1B4_920	147	0.069811320754717
Pf1N1B4_921	147	-1.850371707708594e-17
Pf1N1B4_922	147	-0.006521739130434775
Pf1N1B4_923	147	-0.11282051282051284
Pf1N1B4_924	147	-0.09
Pf1N1B4_925	147	-0.06349206349206349
Pf1N1B4_926	147	-0.14666666666666667
Pf1N1B4_927	147	-0.012500000000000004
Pf1N1B4_928	147	-0.10526315789473684
Pf1N1B4_929	147	-0.09999999999999999
Pf1N1B4_93	147	-0.09999999999999998
Pf1N1B4_930	147	-0.0095238095238095
Pf1N1B4_931	147	-0.10714285714285718
Pf1N1B4_932	147	0.0
Pf1N1B4_934	147	-0.22083333333333333
Pf1N1B4_935	147	-0.10254237288135591
Pf1N1B4_936	147	-0.07543859649122807
Pf1N1B4_94	147	-0.07777777777777777
Pf1N1B4_95	147	-0.12777777777777777
Pf1N1B4_952	147	2.7755575615628914e-17
Pf1N1B4_954	147	0.1
Pf1N1B4_958	147	-0.10000000000000002
Pf1N1B4_959	147	-0.12424242424242425
Pf1N1B4_96	147	-0.33749999999999997
Pf1N1B4_960	147	-0.20588235294117646
Pf1N1B4_961	147	-0.21822660098522165
Pf1N1B4_962	147	-0.364
Pf1N1B4_965	147	0.04716981132075473
Pf1N1B4_966	147	-0.060000000000000026
Pf1N1B4_967	147	-0.07999999999999999
Pf1N1B4_968	147	0.07916666666666665
Pf1N1B4_969	147	0.24324324324324326
Pf1N1B4_97	147	-0.07
Pf1N1B4_970	147	0.06382978723404255
Pf1N1B4_971	147	0.01797752808988764
Pf1N1B4_972	147	0.037634408602150546
Pf1N1B4_973	147	0.07349397590361445
Pf1N1B4_974	147	-0.13636363636363635
Pf1N1B4_975	147	0.15
Pf1N1B4_976	147	0.1
Pf1N1B4_977	147	-0.1
Pf1N1B4_978	147	-0.12954545454545457
Pf1N1B4_979	147	-0.043939393939393945
Pf1N1B4_98	147	-0.022499999999999985
Pf1N1B4_980	147	-0.04285714285714282
Pf1N1B4_981	147	-0.09285714285714287
Pf1N1B4_982	147	0.004761904761904745
Pf1N1B4_983	147	-0.09499999999999999
Pf1N1B4_984	147	-0.08461538461538462
Pf1N1B4_985	147	-0.11750000000000001
Pf1N1B4_986	147	-0.020689655172413758
Pf1N1B4_987	147	-0.13541666666666666
Pf1N1B4_988	147	-0.07446808510638298
Pf1N1B4_989	147	-0.07692307692307694
Pf1N1B4_99	147	-0.049999999999999996
Pf1N1B4_990	147	-0.03804347826086956
Pf1N1B4_991	147	-0.08965517241379309
Pf1N1B4_992	147	-0.09615384615384619
Pf1N1B4_993	147	-0.0035714285714285904
Pf1N1B4_994	147	-0.043076923076923075
Pf1N1B4_995	147	-0.019999999999999928
Pf1N1B4_996	147	-0.012499999999999983
Pf1N1B4_997	147	-0.08571428571428572
Pf1N1B4_998	147	0.14482758620689656
Pf1N1B4_999	147	0.027272727272727237
