B158DRAFT_0001	iAM_Pc455.PCYB_094280	28.3	321	167	11	126	435	706	974	3.59e-22	99.8
B158DRAFT_0001	iAM_Pv461.PVX_092460	28.0	321	168	11	126	435	861	1129	8.92e-22	98.6
B158DRAFT_0001	iAM_Pf480.PF3D7_1136900	30.3	304	145	12	126	417	727	975	6.53e-20	92.8
B158DRAFT_0002	iJN1463.PP_0436	71.1	398	112	2	1	397	1	396	9.37e-200	556
B158DRAFT_0003	iML1515.b1856	32.6	347	224	5	132	477	100	437	1.11e-54	189
B158DRAFT_0004	iML1515.b1640	46.6	365	188	3	4	366	6	365	2.83e-105	313
B158DRAFT_0004	iSbBS512_1146.SbBS512_E1832	46.6	365	188	3	4	366	6	365	5.68e-105	313
B158DRAFT_0004	iSDY_1059.SDY_1863	46.6	365	188	3	4	366	6	365	5.68e-105	313
B158DRAFT_0004	iSSON_1240.SSON_1516	46.6	365	188	3	4	366	6	365	5.68e-105	313
B158DRAFT_0004	iYL1228.KPN_01978	46.3	365	189	3	4	366	6	365	1.34e-104	312
B158DRAFT_0004	iSF_1195.SF1667	46.6	365	188	3	4	366	6	365	2.28e-104	311
B158DRAFT_0004	iJN1463.PP_0434	43.8	370	195	6	1	366	1	361	5.79e-98	295
B158DRAFT_0004	STM_v1_0.STM1446	43.6	365	199	2	4	366	6	365	7.22e-96	290
B158DRAFT_0005	iAF987.Gmet_0957	38.7	163	95	3	197	357	189	348	2.74e-22	98.2
B158DRAFT_0005	iAF987.Gmet_0987	37.7	159	95	2	197	354	354	509	1.87e-21	95.9
B158DRAFT_0005	iAF987.Gmet_3085	36.3	160	97	3	197	354	453	609	2.66e-21	95.5
B158DRAFT_0005	iAF987.Gmet_2721	34.5	171	106	2	203	370	502	669	2.42e-20	92.4
B158DRAFT_0005	iAF987.Gmet_1706	36.5	167	100	3	193	357	139	301	4.44e-21	92.4
B158DRAFT_0005	iJN1463.PP_3581	36.1	169	95	3	198	361	257	417	1.06e-19	90.5
B158DRAFT_0005	iJN1463.PP_1761	34.1	173	104	3	189	354	376	545	1.57e-19	90.1
B158DRAFT_0005	iAF987.Gmet_2425	37.9	161	95	3	202	361	185	341	5.48e-20	89.7
B158DRAFT_0006	iYS854.USA300HOU_RS04660	38.1	105	65	0	2	106	3	107	1.16e-22	84.7
B158DRAFT_0009	iAF987.Gmet_3470	32.5	467	298	8	1	459	36	493	6.53e-65	223
B158DRAFT_0009	iAF692.Mbar_A1823	32.2	397	263	4	66	460	78	470	8.21e-60	209
B158DRAFT_0009	iAF692.Mbar_A2221	31.2	410	276	4	66	473	79	484	1.98e-57	202
B158DRAFT_0010	iSynCJ816.SGL_RS03055	38.0	142	80	3	3	137	5	145	4.87e-26	96.7
B158DRAFT_0012	iCN900.CD630_21660	28.9	398	185	10	51	443	2	306	3.59e-43	154
B158DRAFT_0012	iJN1463.PP_0336	45.2	168	87	1	53	220	51	213	4.19e-42	148
B158DRAFT_0016	iML1515.b2989	71.5	281	80	0	7	287	6	286	3.68e-149	419
B158DRAFT_0016	iJN1463.PP_2933	68.6	274	86	0	7	280	6	279	2.15e-139	394
B158DRAFT_0020	iJN1463.PP_5315	71.2	52	15	0	4	55	2	53	4.62e-29	97.1
B158DRAFT_0020	iCN718.ABAYE_RS05795	64.7	51	18	0	4	54	2	52	6.02e-23	89.0
B158DRAFT_0020	iJN1463.PP_5371	64.7	51	18	0	4	54	2	52	1.18e-22	88.2
B158DRAFT_0021	iAF692.Mbar_A1168	40.9	318	176	4	18	335	1	306	1.37e-75	235
B158DRAFT_0021	iCHOv1.100689232	44.9	314	159	6	22	334	1940	2240	4.49e-66	226
B158DRAFT_0021	iMM1415.69719	44.6	314	160	6	22	334	2019	2319	8.35e-66	225
B158DRAFT_0021	iCN900.CD630_01840	39.1	320	179	6	19	337	1	305	7.27e-69	218
B158DRAFT_0022	iYL1228.KPN_00169	66.7	424	141	0	1	424	1	424	4.66e-218	604
B158DRAFT_0022	iSSON_1240.SSON_0166	66.0	424	144	0	1	424	1	424	9.38e-218	603
B158DRAFT_0022	iSDY_1059.SDY_0170	66.0	424	144	0	1	424	1	424	1.09e-216	601
B158DRAFT_0022	iSF_1195.SF0146	66.0	424	144	0	1	424	1	424	1.55e-216	600
B158DRAFT_0022	iML1515.b0154	66.0	424	144	0	1	424	1	424	2.19e-216	600
B158DRAFT_0022	iSbBS512_1146.SbBS512_E0146	65.6	424	146	0	1	424	1	424	3.62e-215	597
B158DRAFT_0022	iPC815.YPO3389	66.3	424	143	0	1	424	1	424	7.28e-215	596
B158DRAFT_0022	STM_v1_0.STM0202	65.8	424	145	0	1	424	1	424	1.03e-214	596
B158DRAFT_0022	iJN1463.PP_4784	65.6	424	146	0	1	424	1	424	2.91e-212	590
B158DRAFT_0024	iLJ478.TM1169	37.4	257	135	5	2	258	1	231	2.59e-41	141
B158DRAFT_0025	iCHOv1.100751303	48.0	481	245	3	3	480	76	554	9.44e-166	479
B158DRAFT_0031	iMM1415.107766	48.7	150	76	1	15	164	8	156	3.24e-51	165
B158DRAFT_0031	iCHOv1.100759566	47.3	150	78	1	15	164	8	156	2.31e-48	158
B158DRAFT_0032	iCHOv1.100771266	62.4	335	125	1	4	337	1	335	2.65e-162	456
B158DRAFT_0032	iMM1415.266645	61.2	335	129	1	4	337	1	335	2.76e-161	453
B158DRAFT_0034	iMM904.YLR231C	42.8	453	221	11	7	424	1	450	2.00e-114	342
B158DRAFT_0035	iCHOv1.100772925	37.3	424	254	7	5	424	8	423	1.26e-78	252
B158DRAFT_0035	iMM1415.98256	37.7	427	254	7	2	424	4	422	1.23e-78	252
B158DRAFT_0038	iJN1463.PP_4683	44.0	729	404	3	39	766	29	754	3.48e-214	622
B158DRAFT_0040	iJN1463.PP_1494	37.3	185	107	4	412	587	148	332	1.60e-28	116
B158DRAFT_0040	iSDY_1059.SDY_1050	37.1	175	104	3	422	592	385	557	7.10e-26	111
B158DRAFT_0040	iSbBS512_1146.SbBS512_E1077	36.6	175	105	3	422	592	385	557	4.02e-25	109
B158DRAFT_0040	iAF987.Gmet_0069	37.4	171	106	1	418	587	131	301	1.23e-25	107
B158DRAFT_0046	iPC815.YPO0158	26.7	146	86	4	5	148	210	336	8.92e-04	40.0
B158DRAFT_0048	iSF_1195.SF2570	52.4	420	193	4	3	417	5	422	2.92e-141	409
B158DRAFT_0048	iSSON_1240.SSON_2605	52.4	420	193	4	3	417	34	451	3.08e-140	408
B158DRAFT_0048	iSDY_1059.SDY_2719	52.4	420	193	4	3	417	34	451	1.24e-139	406
B158DRAFT_0048	iML1515.b2523	52.4	420	193	4	3	417	5	422	9.52e-140	405
B158DRAFT_0048	iYL1228.KPN_02855	51.9	420	195	4	3	417	5	422	9.84e-140	405
B158DRAFT_0048	iSbBS512_1146.SbBS512_E2898	52.1	420	194	4	3	417	5	422	9.52e-140	405
B158DRAFT_0048	iPC815.YPO2889	52.2	425	194	5	3	421	6	427	7.35e-138	401
B158DRAFT_0048	STM_v1_0.STM2536	51.9	420	195	4	3	417	5	422	1.01e-136	398
B158DRAFT_0049	iSDY_1059.SDY_1353	63.2	193	70	1	1	192	1	193	3.92e-86	251
B158DRAFT_0049	iSbBS512_1146.SbBS512_E1505	63.2	193	70	1	1	192	1	193	5.56e-86	251
B158DRAFT_0049	iML1515.b1277	63.2	193	70	1	1	192	1	193	7.89e-86	251
B158DRAFT_0049	iSF_1195.SF1281	63.2	193	70	1	1	192	1	193	7.89e-86	251
B158DRAFT_0049	iSSON_1240.SSON_1863	63.2	193	70	1	1	192	1	193	7.89e-86	251
B158DRAFT_0049	iYL1228.KPN_01273	62.2	193	72	1	1	192	1	193	1.05e-84	248
B158DRAFT_0049	STM_v1_0.STM1711	62.7	193	71	1	1	192	1	193	3.72e-84	246
B158DRAFT_0049	iPC815.YPO2222	62.7	193	71	1	1	192	1	193	7.49e-84	246
B158DRAFT_0049	iJN1463.PP_0522	64.0	186	66	1	8	192	8	193	2.04e-83	245
B158DRAFT_0052	iML1515.b0349	33.0	91	56	2	79	166	38	126	8.88e-06	45.8
B158DRAFT_0052	iCHOv1.100765125	22.7	181	115	6	77	234	169	347	1.13e-04	42.7
B158DRAFT_0052	iYL1228.KPN_02120	31.4	102	63	3	79	175	38	137	2.18e-04	41.6
B158DRAFT_0053	iAF987.Gmet_0538	29.9	87	51	4	17	103	52	128	5.11e-04	36.6
B158DRAFT_0054	iAF987.Gmet_3085	37.3	671	403	8	204	862	215	879	9.95e-138	432
B158DRAFT_0057	iML1515.b2400	32.5	243	153	3	4	236	6	247	3.82e-41	147
B158DRAFT_0057	iSbBS512_1146.SbBS512_E2779	32.5	243	153	3	4	236	6	247	3.82e-41	147
B158DRAFT_0057	iSF_1195.SF2462	32.5	243	153	3	4	236	6	247	3.82e-41	147
B158DRAFT_0057	iSSON_1240.SSON_2491	32.5	243	153	3	4	236	6	247	3.82e-41	147
B158DRAFT_0057	iSDY_1059.SDY_2600	32.1	243	154	3	4	236	6	247	1.03e-40	146
B158DRAFT_0057	iYL1228.KPN_02750	31.7	243	155	3	4	236	6	247	2.81e-40	145
B158DRAFT_0057	iPC815.YPO2984	32.5	243	153	4	4	236	6	247	1.04e-39	144
B158DRAFT_0057	iIT341.HP0476	32.7	260	163	5	4	252	7	265	1.28e-39	143
B158DRAFT_0057	STM_v1_0.STM2415	31.7	243	155	3	4	236	6	247	1.44e-39	143
B158DRAFT_0057	iAF987.Gmet_1736	33.3	243	150	5	4	236	7	247	1.32e-37	138
B158DRAFT_0057	iSynCJ816.SGL_RS14665	32.1	308	172	7	4	281	6	306	8.43e-36	133
B158DRAFT_0059	iSDY_1059.SDY_0158	47.6	166	78	2	10	174	2	159	4.92e-53	166
B158DRAFT_0059	iSSON_1240.SSON_0154	51.0	147	71	1	10	155	2	148	1.40e-52	164
B158DRAFT_0059	iPC815.YPO3400	52.3	153	72	1	13	164	5	157	1.40e-52	164
B158DRAFT_0059	iML1515.b0142	51.0	147	71	1	10	155	2	148	1.99e-52	164
B158DRAFT_0059	iSF_1195.SF0134	51.0	147	71	1	10	155	2	148	2.29e-51	161
B158DRAFT_0059	iSbBS512_1146.SbBS512_E0133	50.3	147	72	1	10	155	2	148	3.25e-51	161
B158DRAFT_0059	STM_v1_0.STM0183	52.9	140	65	1	10	148	2	141	1.51e-49	157
B158DRAFT_0059	iYL1228.KPN_00142	47.7	149	77	1	10	157	2	150	4.31e-49	155
B158DRAFT_0060	iYO844.BSU00150	39.3	201	111	4	11	203	6	203	6.84e-40	135
B158DRAFT_0060	iYS854.USA300HOU_RS02925	37.1	194	117	2	11	202	5	195	1.28e-36	127
B158DRAFT_0061	iPC815.YPO3401	57.6	264	111	1	1	263	2	265	5.41e-104	302
B158DRAFT_0061	iML1515.b0134	54.9	264	117	2	1	263	1	263	1.11e-100	294
B158DRAFT_0061	iSbBS512_1146.SbBS512_E0127	54.5	264	118	2	1	263	1	263	3.16e-100	293
B158DRAFT_0061	iSF_1195.SF0131	54.2	264	119	2	1	263	1	263	4.48e-100	292
B158DRAFT_0061	iSSON_1240.SSON_0142	54.5	264	118	2	1	263	1	263	4.48e-100	292
B158DRAFT_0061	iJN1463.PP_4699	56.6	265	112	2	1	263	1	264	1.94e-99	291
B158DRAFT_0061	iSDY_1059.SDY_0154	53.8	264	120	2	1	263	1	263	2.09e-98	288
B158DRAFT_0061	STM_v1_0.STM0182	54.5	264	117	3	1	263	1	262	8.20e-98	286
B158DRAFT_0061	iYL1228.KPN_00141	54.2	264	118	3	1	263	1	262	3.83e-96	282
B158DRAFT_0061	iCN718.ABAYE_RS15835	52.3	264	122	3	4	263	2	265	7.15e-93	274
B158DRAFT_0062	iJN1463.PP_4700	52.5	282	133	1	1	281	1	282	7.89e-96	283
B158DRAFT_0062	iCN718.ABAYE_RS15830	52.4	275	129	2	6	280	6	278	7.18e-93	275
B158DRAFT_0062	iLJ478.TM1077	49.6	282	138	3	1	280	1	280	5.07e-90	268
B158DRAFT_0062	iML1515.b0133	49.5	277	139	1	1	276	1	277	4.21e-87	261
B158DRAFT_0062	iSF_1195.SF0130	49.5	277	139	1	1	276	1	277	4.21e-87	261
B158DRAFT_0062	iSbBS512_1146.SbBS512_E0126	49.5	277	139	1	1	276	1	277	8.45e-87	260
B158DRAFT_0062	iSSON_1240.SSON_0141	49.5	277	139	1	1	276	1	277	8.45e-87	260
B158DRAFT_0062	iSDY_1059.SDY_0155	49.5	277	139	1	1	276	1	277	3.40e-86	258
B158DRAFT_0063	iJN1463.PP_4702	65.4	644	222	1	1	644	1	643	0.0	897
B158DRAFT_0063	iJN1463.PP_4487	65.1	644	220	3	1	640	44	686	9.96e-308	852
B158DRAFT_0063	iML1515.b4069	62.2	629	231	4	19	642	19	645	4.59e-300	830
B158DRAFT_0063	iSSON_1240.SSON_4250	62.2	629	231	4	19	642	19	645	4.59e-300	830
B158DRAFT_0063	iPC815.YPO0253	61.2	647	244	5	1	642	1	645	5.31e-299	828
B158DRAFT_0063	STM_v1_0.STM4275	62.0	629	232	4	19	642	19	645	5.01e-297	823
B158DRAFT_0063	iCN718.ABAYE_RS01415	62.1	642	234	4	4	639	2	640	9.05e-297	822
B158DRAFT_0063	iYL1228.KPN_04478	60.3	647	250	4	1	642	1	645	1.10e-293	814
B158DRAFT_0066	iAF987.Gmet_1706	34.3	137	80	3	3	136	2	131	4.04e-15	72.8
B158DRAFT_0066	iAF987.Gmet_0069	35.0	123	74	3	1	117	1	123	2.17e-13	67.8
B158DRAFT_0067	iAF987.Gmet_0043	28.9	253	154	7	234	464	19	267	7.10e-16	79.7
B158DRAFT_0068	iML1515.b3823	31.9	191	125	3	13	200	5	193	6.71e-25	96.7
B158DRAFT_0068	iSbBS512_1146.SbBS512_E4290	31.9	191	125	3	13	200	5	193	6.71e-25	96.7
B158DRAFT_0068	iYL1228.KPN_04318	31.9	191	123	4	13	199	5	192	1.32e-24	95.9
B158DRAFT_0068	STM_v1_0.STM3959	31.8	192	124	4	13	200	5	193	1.85e-24	95.5
B158DRAFT_0068	iAF692.Mbar_A2583	37.0	165	95	5	12	173	6	164	1.56e-22	90.5
B158DRAFT_0068	iPC815.YPO3832	28.4	190	131	3	13	199	5	192	5.76e-22	89.0
B158DRAFT_0072	iAF987.Gmet_1238	26.8	246	148	5	12	245	16	241	1.49e-25	101
B158DRAFT_0073	iCHOv1.100758427	28.8	215	140	6	11	216	28	238	1.89e-17	77.8
B158DRAFT_0075	iJN1463.PP_4800	65.5	313	108	0	28	340	24	336	4.64e-154	435
B158DRAFT_0075	iML1515.b0628	65.0	311	106	2	33	340	10	320	4.35e-148	419
B158DRAFT_0075	iSDY_1059.SDY_0550	65.0	311	106	2	33	340	10	320	4.35e-148	419
B158DRAFT_0075	iSF_1195.SF0653	65.0	311	106	2	33	340	10	320	4.35e-148	419
B158DRAFT_0075	iSSON_1240.SSON_0582	65.0	311	106	2	33	340	10	320	4.35e-148	419
B158DRAFT_0075	iSbBS512_1146.SbBS512_E0542	64.6	311	107	2	33	340	10	320	2.50e-147	417
B158DRAFT_0076	iML1515.b0630	60.4	197	78	0	4	200	3	199	1.46e-88	259
B158DRAFT_0076	iSbBS512_1146.SbBS512_E0621	60.4	197	78	0	4	200	3	199	1.46e-88	259
B158DRAFT_0076	iJN1463.PP_4801	61.0	205	80	0	10	214	9	213	9.27e-88	258
B158DRAFT_0076	iSDY_1059.SDY_0552	63.8	177	64	0	24	200	1	177	5.89e-83	244
B158DRAFT_0076	iSSON_1240.SSON_0584	63.8	177	64	0	24	200	1	177	5.89e-83	244
B158DRAFT_0076	iSF_1195.SF0651	63.3	177	65	0	24	200	1	177	3.39e-82	243
B158DRAFT_0078	iYS854.USA300HOU_RS09295	36.2	279	174	2	1	279	1	275	1.29e-60	194
B158DRAFT_0079	iJN1463.PP_4803	52.7	376	168	4	17	389	14	382	8.27e-130	377
B158DRAFT_0079	iSbBS512_1146.SbBS512_E2506	46.9	377	198	2	15	389	16	392	2.41e-122	359
B158DRAFT_0079	iML1515.b0839	46.9	377	198	2	15	389	16	392	3.41e-122	358
B158DRAFT_0079	iSDY_1059.SDY_0841	46.9	377	198	2	15	389	16	392	9.68e-122	357
B158DRAFT_0079	iYL1228.KPN_00871	47.5	375	193	3	19	389	18	392	3.90e-121	356
B158DRAFT_0079	iPC815.YPO2601	45.0	391	207	3	7	389	6	396	1.79e-119	352
B158DRAFT_0079	STM_v1_0.STM0863	45.8	378	201	3	14	389	17	392	8.23e-118	347
B158DRAFT_0079	iYL1228.KPN_00664	46.5	361	191	2	31	389	35	395	2.26e-117	346
B158DRAFT_0079	iML1515.b0632	46.0	378	201	3	15	389	22	399	7.31e-117	345
B158DRAFT_0079	STM_v1_0.STM0637	44.7	389	212	3	4	389	11	399	7.31e-117	345
B158DRAFT_0079	iSDY_1059.SDY_0554	46.0	378	201	3	15	389	22	399	7.31e-117	345
B158DRAFT_0079	iSSON_1240.SSON_0586	46.0	378	201	3	15	389	22	399	7.31e-117	345
B158DRAFT_0079	iSF_1195.SF0649	45.8	378	202	3	15	389	22	399	5.89e-116	343
B158DRAFT_0079	iSbBS512_1146.SbBS512_E0619	45.8	378	202	3	15	389	22	399	8.34e-116	342
B158DRAFT_0081	iJN1463.PP_4805	48.5	301	152	3	30	329	43	341	5.29e-94	283
B158DRAFT_0083	iML1515.b0089	35.7	328	194	8	54	371	83	403	8.59e-52	177
B158DRAFT_0084	STM_v1_0.STM0640	43.8	621	336	8	1	616	1	613	1.09e-182	531
B158DRAFT_0084	iSF_1195.SF0646	44.0	621	335	8	1	616	1	613	5.63e-180	524
B158DRAFT_0084	iSbBS512_1146.SbBS512_E0616	43.8	621	336	8	1	616	1	613	7.96e-180	524
B158DRAFT_0084	iSDY_1059.SDY_0557	43.8	621	336	8	1	616	1	613	1.13e-179	523
B158DRAFT_0084	iML1515.b0635	43.8	621	336	8	1	616	1	613	1.59e-179	523
B158DRAFT_0084	iSSON_1240.SSON_0589	43.8	621	336	8	1	616	1	613	1.59e-179	523
B158DRAFT_0084	iYL1228.KPN_00667	42.8	621	342	8	1	616	1	613	7.24e-178	519
B158DRAFT_0084	iPC815.YPO2604	43.8	617	325	11	8	616	9	611	1.36e-177	518
B158DRAFT_0084	iJN1463.PP_4807	42.3	614	342	7	7	618	7	610	4.05e-162	478
B158DRAFT_0087	iJN1463.PP_4810	41.5	205	118	2	11	214	23	226	2.52e-50	163
B158DRAFT_0087	iPC815.YPO2607	38.3	209	127	2	8	214	10	218	1.71e-48	158
B158DRAFT_0087	iML1515.b0639	40.3	206	121	2	11	214	7	212	1.97e-48	157
B158DRAFT_0087	iSF_1195.SF0642	40.3	206	121	2	11	214	7	212	1.97e-48	157
B158DRAFT_0087	iSSON_1240.SSON_0593	40.3	206	121	2	11	214	7	212	1.97e-48	157
B158DRAFT_0087	iSDY_1059.SDY_0561	40.3	206	121	2	11	214	7	212	3.93e-48	157
B158DRAFT_0087	STM_v1_0.STM0645	40.3	206	121	2	11	214	7	212	2.23e-47	155
B158DRAFT_0087	iSbBS512_1146.SbBS512_E0612	39.8	206	122	2	11	214	7	212	6.29e-47	154
B158DRAFT_0087	iYL1228.KPN_00671	38.3	206	125	2	11	214	10	215	6.17e-45	149
B158DRAFT_0090	iPC815.YPO2610	70.3	868	248	4	8	875	1	858	0.0	1264
B158DRAFT_0090	iSF_1195.SF0639	70.7	868	244	4	8	875	1	858	0.0	1263
B158DRAFT_0090	iSDY_1059.SDY_0564	70.6	868	245	4	8	875	1	858	0.0	1261
B158DRAFT_0090	iSSON_1240.SSON_0596	70.7	868	244	4	8	875	1	858	0.0	1261
B158DRAFT_0090	iSbBS512_1146.SbBS512_E0609	70.6	868	245	4	8	875	1	858	0.0	1260
B158DRAFT_0090	iYL1228.KPN_00674	70.4	868	247	4	8	875	1	858	0.0	1257
B158DRAFT_0090	STM_v1_0.STM0648	70.0	869	249	5	8	875	1	858	0.0	1250
B158DRAFT_0095	iJN1463.PP_4790	37.9	493	292	5	10	496	8	492	1.26e-100	311
B158DRAFT_0100	iCHOv1.100764885	28.5	400	257	6	7	381	10	405	8.73e-34	133
B158DRAFT_0100	iAT_PLT_636.60482	27.2	401	263	7	6	381	9	405	8.58e-32	127
B158DRAFT_0100	iMM1415.63993	28.0	400	259	6	7	381	10	405	5.31e-31	125
B158DRAFT_0104	iHN637.CLJU_RS10465	58.5	65	26	1	627	690	568	632	3.20e-14	75.9
B158DRAFT_0108	iYS854.USA300HOU_RS06405	37.5	248	144	4	13	252	4	248	3.89e-48	162
B158DRAFT_0108	iEK1008.Rv2793c	39.7	229	133	2	13	236	7	235	8.28e-45	154
B158DRAFT_0108	iNF517.LLMG_RS07220	36.0	267	149	4	10	262	4	262	9.87e-44	152
B158DRAFT_0108	iSynCJ816.SGL_RS18050	36.5	263	158	4	13	271	3	260	5.02e-42	146
B158DRAFT_0110	iML1515.b3590	31.6	247	155	9	380	617	2	243	1.73e-16	83.6
B158DRAFT_0114	iAF987.Gmet_3342	34.6	474	305	3	3	472	9	481	5.25e-88	277
B158DRAFT_0115	iAF987.Gmet_3343	43.7	497	265	6	2	493	1	487	1.90e-139	411
B158DRAFT_0116	iAF987.Gmet_3344	40.5	644	332	13	44	662	43	660	4.33e-141	427
B158DRAFT_0117	iAF987.Gmet_3345	52.0	98	46	1	2	99	3	99	5.85e-27	94.7
B158DRAFT_0118	iAF987.Gmet_3346	35.4	164	103	3	4	166	2	163	1.27e-20	84.7
B158DRAFT_0118	iEK1008.Rv3154	36.8	174	102	3	4	174	17	185	2.15e-17	78.2
B158DRAFT_0119	iLB1027_lipid.PHATRDRAFT_14260	54.2	155	70	1	9	163	10	163	2.44e-35	120
B158DRAFT_0119	iCHOv1.100755890	53.5	155	71	1	9	163	57	210	7.80e-33	115
B158DRAFT_0119	iMM1415.225887	54.7	150	67	1	14	163	64	212	1.16e-32	115
B158DRAFT_0119	iAT_PLT_636.4728	52.9	155	72	1	9	163	57	210	1.55e-32	114
B158DRAFT_0120	iEK1008.Rv3152	49.5	315	146	3	22	327	23	333	4.52e-100	301
B158DRAFT_0120	iAF987.Gmet_3348	46.4	334	146	3	14	327	19	339	1.72e-100	300
B158DRAFT_0120	iAF987.Gmet_0161	49.8	319	136	4	14	323	14	317	1.04e-97	292
B158DRAFT_0121	iCHOv1.100754223	34.1	690	383	14	1	685	31	653	7.70e-115	363
B158DRAFT_0121	iAT_PLT_636.4719	33.5	701	372	14	1	685	45	667	4.26e-114	361
B158DRAFT_0121	iMM1415.227197	33.5	690	387	13	1	685	31	653	1.15e-113	360
B158DRAFT_0122	iAT_PLT_636.4723	51.3	425	201	5	7	428	42	463	8.15e-150	433
B158DRAFT_0122	iCHOv1.100757245	51.1	413	197	4	7	416	42	452	3.76e-148	429
B158DRAFT_0122	iMM1415.17995	51.5	408	193	4	7	411	42	447	1.52e-147	427
B158DRAFT_0122	iEK1008.Rv3150	49.1	411	201	4	11	414	15	424	3.38e-139	405
B158DRAFT_0122	iLJ478.TM0228	48.6	401	202	3	15	414	122	519	3.38e-137	404
B158DRAFT_0123	iCHOv1.100757242	39.7	151	91	0	13	163	76	226	3.45e-38	130
B158DRAFT_0123	iAT_PLT_636.4729	39.1	151	92	0	13	163	58	208	4.41e-38	130
B158DRAFT_0123	iMM1415.72900	38.4	151	93	0	13	163	57	207	4.80e-37	127
B158DRAFT_0123	iLB1027_lipid.PHATRDRAFT_22919	40.9	149	87	1	13	160	49	197	1.01e-35	124
B158DRAFT_0124	iMM1415.226646	62.6	414	128	2	4	417	77	463	2.04e-188	530
B158DRAFT_0124	iCHOv1.100768067	62.1	414	130	2	4	417	77	463	4.10e-188	530
B158DRAFT_0124	iAT_PLT_636.4720	61.1	414	134	2	4	417	77	463	1.66e-187	528
B158DRAFT_0125	iAT_PLT_636.4722	44.4	178	67	2	29	206	81	226	2.32e-41	141
B158DRAFT_0125	iCHOv1.100761333	44.4	178	67	2	29	206	80	225	2.50e-40	139
B158DRAFT_0126	iLB1027_lipid.PHATRDRAFT_41645	74.7	158	31	1	7	155	1	158	3.55e-90	260
B158DRAFT_0126	iMM1415.75406	79.2	144	30	0	12	155	73	216	1.02e-88	259
B158DRAFT_0126	iCHOv1.100766693	78.5	144	31	0	12	155	68	211	4.97e-88	257
B158DRAFT_0127	iAF987.Gmet_3355	45.8	118	64	0	1	118	1	118	2.11e-35	117
B158DRAFT_0128	iAF987.Gmet_3275	33.3	294	192	3	107	398	135	426	2.13e-45	162
B158DRAFT_0129	iAF987.Gmet_3275	30.1	272	189	1	143	413	153	424	2.80e-37	141
B158DRAFT_0130	iAF987.Gmet_3275	32.1	274	185	1	133	405	151	424	4.79e-42	154
B158DRAFT_0134	iJN1463.PP_0106	53.6	295	121	4	9	290	4	295	4.03e-105	307
B158DRAFT_0135	iJN1463.PP_0105	45.8	166	87	2	15	179	7	170	3.67e-47	152
B158DRAFT_0136	iJN1463.PP_0104	77.9	516	110	3	4	518	16	528	4.63e-303	828
B158DRAFT_0137	iJN1463.PP_0103	51.1	362	154	6	28	384	27	370	2.28e-124	363
B158DRAFT_0142	iLJ478.TM1264	31.3	233	143	6	99	325	49	270	4.26e-23	98.2
B158DRAFT_0142	iYO844.BSU24990	30.4	227	141	6	99	324	74	284	1.48e-21	94.4
B158DRAFT_0142	iCN900.CD630_32680	28.4	232	148	5	98	329	66	279	1.08e-19	88.6
B158DRAFT_0144	iPC815.YPO3407	54.0	198	90	1	1	198	1	197	1.22e-80	239
B158DRAFT_0144	iML1515.b0126	50.5	208	102	1	1	208	1	207	1.63e-78	234
B158DRAFT_0144	iSDY_1059.SDY_0035	50.5	208	102	1	1	208	1	207	1.63e-78	234
B158DRAFT_0144	iSF_1195.SF0123	50.5	208	102	1	1	208	1	207	1.63e-78	234
B158DRAFT_0144	iSSON_1240.SSON_0134	50.5	208	102	1	1	208	1	207	1.63e-78	234
B158DRAFT_0144	STM_v1_0.STM0171	51.7	209	98	2	1	209	1	206	9.35e-78	232
B158DRAFT_0144	iSbBS512_1146.SbBS512_E0119	50.0	208	103	1	1	208	1	207	9.35e-78	232
B158DRAFT_0144	iYL1228.KPN_00134	55.4	186	82	1	23	208	7	191	1.83e-76	228
B158DRAFT_0149	iML1515.b3781	31.3	83	53	3	49	131	24	102	7.75e-10	53.5
B158DRAFT_0149	iYL1228.KPN_04282	32.1	81	51	3	51	131	26	102	7.75e-10	53.5
B158DRAFT_0149	STM_v1_0.STM3915	31.3	83	53	3	49	131	24	102	7.75e-10	53.5
B158DRAFT_0149	iSbBS512_1146.SbBS512_E4140	31.3	83	53	3	49	131	24	102	7.75e-10	53.5
B158DRAFT_0149	iSDY_1059.SDY_3968	31.3	83	53	3	49	131	42	120	1.13e-09	53.5
B158DRAFT_0149	iSF_1195.SF3854	31.3	83	53	3	49	131	42	120	1.13e-09	53.5
B158DRAFT_0149	iSSON_1240.SSON_3952	31.3	83	53	3	49	131	42	120	1.13e-09	53.5
B158DRAFT_0149	iPC815.YPO3868	33.3	63	41	1	48	110	23	84	1.08e-08	50.4
B158DRAFT_0149	iYS854.USA300HOU_RS05725	34.9	63	40	1	48	110	19	80	3.74e-08	48.9
B158DRAFT_0149	iJN1463.PP_5215	28.9	83	58	1	49	131	25	106	5.76e-08	48.5
B158DRAFT_0152	iNF517.LLMG_RS07320	28.3	276	174	9	22	282	43	309	3.52e-17	80.5
B158DRAFT_0152	iNF517.LLMG_RS01990	30.6	170	110	5	102	264	94	262	2.28e-16	77.8
B158DRAFT_0153	iPC815.YPO0345	36.3	617	344	11	24	636	17	588	4.27e-117	361
B158DRAFT_0153	iSF_1195.SF4290	37.4	588	307	10	45	631	29	556	5.50e-116	357
B158DRAFT_0153	iSbBS512_1146.SbBS512_E4665	37.2	588	308	10	45	631	29	556	1.09e-115	357
B158DRAFT_0153	iML1515.b4136	37.2	588	308	10	45	631	29	556	6.05e-115	355
B158DRAFT_0153	iSDY_1059.SDY_4441	37.5	589	305	11	45	631	29	556	6.05e-115	355
B158DRAFT_0153	iSSON_1240.SSON_4319	37.4	583	304	10	50	631	34	556	9.37e-114	352
B158DRAFT_0153	STM_v1_0.STM4323	37.8	587	308	10	45	631	29	558	5.50e-113	350
B158DRAFT_0153	iYL1228.KPN_04526	35.8	597	327	8	50	631	34	589	4.05e-111	346
B158DRAFT_0155	iYL1228.KPN_01622	23.6	284	195	8	15	287	10	282	1.32e-06	48.9
B158DRAFT_0157	iJN1463.PP_0560	59.0	144	59	0	1	144	1	144	1.39e-52	163
B158DRAFT_0157	iCN718.ABAYE_RS08045	57.0	142	61	0	4	145	5	146	1.13e-51	160
B158DRAFT_0157	iPC815.YPO3660	57.7	142	59	1	3	144	6	146	7.31e-50	156
B158DRAFT_0158	iYL1228.KPN_03664	69.0	155	45	1	1	152	1	155	1.10e-56	174
B158DRAFT_0158	iML1515.b3255	60.9	156	57	2	1	152	1	156	2.29e-56	173
B158DRAFT_0158	iSbBS512_1146.SbBS512_E3287	60.9	156	57	2	1	152	1	156	2.29e-56	173
B158DRAFT_0158	iSF_1195.SF3293	60.9	156	57	2	1	152	1	156	2.29e-56	173
B158DRAFT_0158	iSSON_1240.SSON_3396	60.9	156	57	2	1	152	1	156	2.29e-56	173
B158DRAFT_0158	iSDY_1059.SDY_3432	60.9	156	57	2	1	152	1	156	4.60e-56	172
B158DRAFT_0158	STM_v1_0.STM3379	60.3	156	58	2	1	152	1	156	1.87e-55	171
B158DRAFT_0158	iPC815.YPO3659	60.8	158	52	3	1	152	1	154	4.09e-54	167
B158DRAFT_0159	iPC815.YPO3658	77.7	444	99	0	1	444	1	444	1.00e-259	712
B158DRAFT_0159	iYL1228.KPN_03665	77.9	444	98	0	1	444	1	444	2.35e-258	708
B158DRAFT_0159	iML1515.b3256	77.3	444	101	0	1	444	1	444	2.73e-257	706
B158DRAFT_0159	iSbBS512_1146.SbBS512_E3288	77.3	444	101	0	1	444	1	444	2.73e-257	706
B158DRAFT_0159	iSDY_1059.SDY_3433	77.3	444	101	0	1	444	1	444	2.73e-257	706
B158DRAFT_0159	iSSON_1240.SSON_3397	77.3	444	101	0	1	444	1	444	2.73e-257	706
B158DRAFT_0159	iSF_1195.SF3294	76.8	444	103	0	1	444	1	444	2.60e-255	701
B158DRAFT_0159	STM_v1_0.STM3380	77.3	444	101	0	1	444	1	444	5.24e-255	700
B158DRAFT_0159	iJN1463.PP_0558	70.9	447	130	0	2	448	5	451	1.32e-239	661
B158DRAFT_0162	iLB1027_lipid.PHATRDRAFT_9984	32.1	137	84	4	158	286	56	191	4.89e-06	46.6
B158DRAFT_0162	iMM904.YBR034C	37.3	75	43	3	159	230	58	131	5.21e-05	43.9
B158DRAFT_0162	iJN1463.PP_1765	35.2	88	48	4	143	222	30	116	1.13e-04	42.4
B158DRAFT_0164	iAF692.Mbar_A1466	25.2	254	134	10	7	226	8	239	9.96e-05	43.1
B158DRAFT_0166	iPC815.YPO3728	70.3	529	149	2	1	521	1	529	9.98e-268	738
B158DRAFT_0166	iYL1228.KPN_04388	69.6	529	153	2	1	521	1	529	2.85e-267	737
B158DRAFT_0166	iSDY_1059.SDY_3720	69.2	529	155	2	1	521	1	529	2.33e-266	735
B158DRAFT_0166	iSbBS512_1146.SbBS512_E4498	69.4	529	154	2	1	521	1	529	3.31e-266	734
B158DRAFT_0166	iSF_1195.SF4078	69.4	529	154	2	1	521	1	529	3.31e-266	734
B158DRAFT_0166	iSSON_1240.SSON_4179	69.4	529	154	2	1	521	1	529	3.31e-266	734
B158DRAFT_0166	iML1515.b4006	69.2	529	155	2	1	521	1	529	3.84e-265	732
B158DRAFT_0166	STM_v1_0.STM4176	68.1	529	161	2	1	521	1	529	1.48e-262	725
B158DRAFT_0166	iJN1463.PP_4822	69.5	528	148	5	6	521	9	535	1.14e-251	698
B158DRAFT_0166	iCN718.ABAYE_RS07255	67.4	522	163	3	7	521	3	524	1.85e-245	682
B158DRAFT_0166	iAF987.Gmet_2905	68.1	520	159	5	7	521	4	521	1.93e-244	679
B158DRAFT_0167	STM_v1_0.STM4175	72.3	429	116	2	1	426	1	429	1.24e-219	608
B158DRAFT_0167	iSSON_1240.SSON_4178	71.8	429	118	2	1	426	1	429	5.02e-219	607
B158DRAFT_0167	iML1515.b4005	71.8	429	118	2	1	426	1	429	1.01e-218	606
B158DRAFT_0167	iSbBS512_1146.SbBS512_E4496	71.8	429	118	2	1	426	1	429	1.01e-218	606
B158DRAFT_0167	iYL1228.KPN_04387	71.6	429	119	2	1	426	1	429	3.11e-218	605
B158DRAFT_0167	iSDY_1059.SDY_3721	71.8	429	118	2	1	426	1	429	5.83e-218	604
B158DRAFT_0167	iSF_1195.SF4077	70.9	429	122	2	1	426	1	429	2.25e-215	598
B158DRAFT_0167	iPC815.YPO3729	68.5	426	131	2	1	423	1	426	1.85e-209	583
B158DRAFT_0172	iAT_PLT_636.4905	27.2	202	126	6	267	449	248	447	3.71e-09	58.9
B158DRAFT_0172	iMM1415.18195	27.2	202	126	6	267	449	248	447	3.71e-09	58.9
B158DRAFT_0173	iJN1463.PP_0427	59.7	211	85	0	2	212	5	215	2.92e-83	246
B158DRAFT_0173	iCN718.ABAYE_RS07530	56.6	212	91	1	1	212	1	211	4.31e-77	230
B158DRAFT_0176	iYO844.BSU31322	29.7	101	63	3	172	272	23	115	2.90e-10	59.7
B158DRAFT_0177	iML1515.b2942	79.8	381	75	1	6	386	5	383	4.86e-207	573
B158DRAFT_0177	iSDY_1059.SDY_3130	79.8	381	75	1	6	386	5	383	4.86e-207	573
B158DRAFT_0177	iSF_1195.SF2933	79.8	381	75	1	6	386	5	383	4.86e-207	573
B158DRAFT_0177	iSSON_1240.SSON_3096	79.8	381	75	1	6	386	5	383	4.86e-207	573
B158DRAFT_0177	STM_v1_0.STM3090	79.0	381	78	1	6	386	5	383	1.98e-206	572
B158DRAFT_0177	iSbBS512_1146.SbBS512_E3374	79.5	381	76	1	6	386	5	383	3.98e-206	571
B158DRAFT_0177	iJN1463.PP_4967	73.5	396	95	1	1	386	1	396	3.55e-205	569
B158DRAFT_0177	iYL1228.KPN_03375	79.0	381	78	1	6	386	5	383	4.63e-205	568
B158DRAFT_0177	iPC815.YPO0931	79.5	381	76	1	6	386	5	383	9.32e-205	567
B158DRAFT_0177	iCN718.ABAYE_RS10800	74.7	388	96	1	1	386	1	388	1.25e-203	565
B158DRAFT_0178	iAF987.Gmet_1294	72.2	464	127	1	2	465	15	476	3.23e-248	684
B158DRAFT_0179	iJN1463.PP_4984	62.6	447	167	0	3	449	4	450	2.52e-220	613
B158DRAFT_0183	iAF987.Gmet_0069	33.1	121	79	1	2105	2223	5	125	1.36e-11	67.8
B158DRAFT_0187	iAF987.Gmet_2999	38.2	102	63	0	4	105	10	111	3.37e-21	86.3
B158DRAFT_0188	iAF987.Gmet_2999	35.2	108	70	0	10	117	10	117	2.96e-17	75.9
B158DRAFT_0188	iAF987.Gmet_0069	29.3	123	81	2	10	128	5	125	3.99e-16	72.4
B158DRAFT_0189	STM_v1_0.STM3095	57.7	307	130	0	8	314	7	313	3.32e-130	373
B158DRAFT_0189	iSSON_1240.SSON_3101	56.6	309	134	0	8	316	7	315	1.61e-128	369
B158DRAFT_0189	iML1515.b2947	56.6	309	134	0	8	316	7	315	3.23e-128	368
B158DRAFT_0189	iSbBS512_1146.SbBS512_E3379	56.6	309	134	0	8	316	7	315	6.51e-128	367
B158DRAFT_0189	iPC815.YPO0935	56.8	308	132	1	8	314	7	314	7.22e-128	367
B158DRAFT_0189	iSF_1195.SF2938	56.6	309	134	0	8	316	7	315	9.23e-128	367
B158DRAFT_0189	iSDY_1059.SDY_3125	56.0	309	136	0	8	316	7	315	6.13e-126	362
B158DRAFT_0189	iYL1228.KPN_03380	56.5	308	133	1	8	314	7	314	7.08e-125	359
B158DRAFT_0189	iJN1463.PP_4993	54.4	307	140	0	8	314	8	314	2.27e-121	350
B158DRAFT_0189	iCN718.ABAYE_RS01270	55.4	307	137	0	5	311	3	309	3.15e-118	342
B158DRAFT_0193	iJN1463.PP_0914	32.3	433	280	8	311	738	258	682	1.68e-54	199
B158DRAFT_0193	iAF987.Gmet_0987	28.4	440	292	9	309	738	357	783	6.58e-50	187
B158DRAFT_0193	iAF987.Gmet_0700	30.7	436	281	9	303	729	385	808	1.48e-49	186
B158DRAFT_0193	iAF987.Gmet_3085	28.5	446	289	10	303	734	450	879	3.47e-48	183
B158DRAFT_0196	iCN900.CD630_26230	31.5	238	144	4	1	227	4	233	3.41e-30	111
B158DRAFT_0196	iIS312.TCDM_08914	38.8	206	117	6	29	226	35	239	2.61e-29	109
B158DRAFT_0196	iMM1415.114863	36.0	211	122	5	30	227	41	251	2.46e-26	102
B158DRAFT_0197	iJN1463.PP_5095	42.3	267	150	4	12	277	5	268	3.83e-62	197
B158DRAFT_0197	iCN718.ABAYE_RS15715	42.5	268	150	3	10	277	6	269	4.35e-59	189
B158DRAFT_0197	iPC815.YPO0942	40.9	269	156	3	12	278	5	272	1.59e-58	187
B158DRAFT_0200	iYL1228.KPN_03388	58.2	201	77	1	1	201	1	194	4.65e-80	237
B158DRAFT_0200	iSbBS512_1146.SbBS512_E3386	58.7	201	76	1	1	201	1	194	1.33e-79	236
B158DRAFT_0200	iSF_1195.SF2945	58.7	201	76	1	1	201	1	194	1.33e-79	236
B158DRAFT_0200	STM_v1_0.STM3103	57.7	201	78	1	1	201	1	194	1.88e-79	235
B158DRAFT_0200	iSDY_1059.SDY_3118	58.2	201	77	1	1	201	1	194	1.08e-78	233
B158DRAFT_0200	iSSON_1240.SSON_3108	58.2	201	77	1	1	201	1	194	1.08e-78	233
B158DRAFT_0200	iML1515.b2954	57.2	201	79	1	1	201	1	194	6.23e-78	231
B158DRAFT_0200	iPC815.YPO0945	54.2	201	85	1	1	201	1	194	1.05e-71	216
B158DRAFT_0201	iPC815.YPO0946	56.4	385	159	4	3	387	1	376	1.33e-151	433
B158DRAFT_0201	iYL1228.KPN_03389	54.8	383	164	4	7	389	5	378	2.36e-145	417
B158DRAFT_0201	iCN718.ABAYE_RS16805	54.7	380	167	3	8	387	10	384	7.72e-143	411
B158DRAFT_0204	iLB1027_lipid.PHATRDRAFT_22453	31.3	562	338	17	65	597	35	577	2.05e-53	192
B158DRAFT_0204	iJN1463.PP_3931	27.7	620	408	9	8	604	2	604	1.14e-52	190
B158DRAFT_0225	iSynCJ816.SGL_RS12260	27.8	313	175	13	91	359	85	390	1.17e-24	105
B158DRAFT_0226	iSynCJ816.SGL_RS10915	42.0	169	92	3	6	169	4	171	1.60e-31	112
B158DRAFT_0227	iSynCJ816.SGL_RS10910	48.3	439	204	3	24	458	22	441	3.29e-129	381
B158DRAFT_0228	iJN1463.PP_0736	48.0	244	120	2	3	245	5	242	2.37e-69	214
B158DRAFT_0229	iJN1463.PP_1169	28.0	186	110	6	153	316	136	319	1.78e-07	52.0
B158DRAFT_0232	iAM_Pb448.PBANKA_091170	30.6	229	131	6	145	353	703	923	3.26e-10	61.6
B158DRAFT_0232	iAM_Pf480.PF3D7_0507500	29.4	252	132	8	145	353	370	618	8.46e-10	60.1
B158DRAFT_0233	iAM_Pv461.PVX_092460	31.9	226	129	6	144	349	886	1106	5.92e-19	88.6
B158DRAFT_0233	iAM_Pc455.PCYB_094280	31.4	226	130	6	144	349	731	951	7.65e-19	88.2
B158DRAFT_0233	iAM_Pf480.PF3D7_1136900	29.6	226	134	5	144	349	752	972	1.88e-18	87.0
B158DRAFT_0234	iAM_Pb448.PBANKA_091170	31.2	141	82	4	160	288	748	885	2.14e-07	53.9
B158DRAFT_0234	iAM_Pc455.PCYB_094280	33.6	140	82	5	155	284	771	909	2.51e-06	50.4
B158DRAFT_0234	iAM_Pv461.PVX_092460	30.8	146	86	4	155	288	926	1068	2.57e-06	50.4
B158DRAFT_0237	iAM_Pb448.PBANKA_091170	30.4	250	146	9	93	317	652	898	1.65e-11	67.8
B158DRAFT_0239	iSSON_1240.SSON_0329	28.2	227	152	6	32	250	35	258	9.39e-24	96.3
B158DRAFT_0239	iML1515.b0350	27.6	225	156	5	32	250	33	256	3.40e-23	94.7
B158DRAFT_0239	iEK1008.Rv3536c	30.1	226	153	4	33	253	35	260	7.93e-23	93.6
B158DRAFT_0239	iYL1228.KPN_02119	28.4	225	154	6	32	250	33	256	9.07e-21	88.2
B158DRAFT_0240	iJN1463.PP_0762	43.6	312	168	1	2	313	6	309	5.01e-86	261
B158DRAFT_0243	iML1515.b3812	35.0	217	124	6	12	218	9	218	8.15e-30	110
B158DRAFT_0246	iSF_1195.SF3887	53.5	275	128	0	2	276	1	275	6.08e-106	308
B158DRAFT_0246	STM_v1_0.STM3947	52.7	275	130	0	2	276	1	275	7.02e-105	305
B158DRAFT_0246	iSDY_1059.SDY_3936	53.1	275	129	0	2	276	1	275	9.96e-105	305
B158DRAFT_0246	iSSON_1240.SSON_3982	53.1	275	129	0	2	276	1	275	9.96e-105	305
B158DRAFT_0246	iML1515.b3809	53.3	274	128	0	3	276	1	274	1.37e-104	305
B158DRAFT_0246	iSbBS512_1146.SbBS512_E4269	52.6	274	130	0	3	276	1	274	7.84e-104	303
B158DRAFT_0246	iYL1228.KPN_04308	51.6	275	133	0	2	276	1	275	4.65e-103	301
B158DRAFT_0246	iPC815.YPO3845	52.6	274	130	0	3	276	1	274	7.36e-102	298
B158DRAFT_0246	iJN1463.PP_5228	49.3	276	140	0	1	276	12	287	3.27e-96	284
B158DRAFT_0248	iSDY_1059.SDY_3938	50.0	104	50	1	1	102	1	104	3.81e-30	103
B158DRAFT_0248	iSF_1195.SF3880	50.0	104	50	1	1	102	1	104	3.81e-30	103
B158DRAFT_0248	iSSON_1240.SSON_3980	50.0	104	50	1	1	102	1	104	3.81e-30	103
B158DRAFT_0248	iSbBS512_1146.SbBS512_E4266	50.0	104	50	1	1	102	1	104	5.41e-30	102
B158DRAFT_0249	iCHOv1.100755288	39.1	225	129	5	1	221	6	226	4.83e-44	147
B158DRAFT_0251	iAF987.Gmet_2999	30.3	109	70	4	3	107	9	115	7.29e-06	45.8
B158DRAFT_0251	iAF987.Gmet_1919	28.2	103	70	2	3	103	4	104	4.16e-05	43.5
B158DRAFT_0251	iAF987.Gmet_0069	26.7	105	73	2	3	103	4	108	9.41e-05	42.4
B158DRAFT_0252	iCN718.ABAYE_RS17455	61.2	304	117	1	3	305	1	304	3.48e-126	362
B158DRAFT_0252	iYL1228.KPN_04304	62.8	298	110	1	6	302	6	303	1.51e-124	358
B158DRAFT_0252	STM_v1_0.STM3938	61.4	303	116	1	4	305	9	311	2.94e-123	355
B158DRAFT_0252	iML1515.b3805	61.1	303	117	1	4	305	4	306	1.64e-121	350
B158DRAFT_0252	iSbBS512_1146.SbBS512_E4264	61.1	303	117	1	4	305	11	313	2.08e-121	350
B158DRAFT_0252	iSDY_1059.SDY_3941	61.1	303	117	1	4	305	11	313	2.96e-121	350
B158DRAFT_0252	iSSON_1240.SSON_3977	60.7	303	118	1	4	305	11	313	8.43e-121	349
B158DRAFT_0252	iSF_1195.SF3877	60.7	303	118	1	4	305	4	306	2.69e-120	347
B158DRAFT_0252	iPC815.YPO3849	62.1	298	112	1	6	302	6	303	7.67e-120	346
B158DRAFT_0252	iJN1463.PP_0186	57.0	314	130	2	1	311	1	312	1.81e-113	330
B158DRAFT_0253	iSDY_1059.SDY_3942	26.7	255	162	7	6	245	2	246	1.25e-14	70.9
B158DRAFT_0253	iSF_1195.SF3876	26.7	255	162	7	6	245	2	246	2.36e-14	70.1
B158DRAFT_0253	iSSON_1240.SSON_3976	26.3	255	163	7	6	245	2	246	4.46e-14	69.3
B158DRAFT_0253	iPC815.YPO3850	27.9	258	161	8	6	248	2	249	6.36e-14	68.9
B158DRAFT_0253	iML1515.b3804	26.3	255	163	7	6	245	2	246	8.42e-14	68.6
B158DRAFT_0253	STM_v1_0.STM3937	26.3	255	163	7	6	245	2	246	8.42e-14	68.6
B158DRAFT_0253	iSbBS512_1146.SbBS512_E4263	26.3	255	163	7	6	245	2	246	8.42e-14	68.6
B158DRAFT_0254	iPC815.YPO3851	29.6	334	222	5	67	397	32	355	2.48e-38	142
B158DRAFT_0254	iSbBS512_1146.SbBS512_E4262	31.6	228	151	2	171	397	133	356	4.68e-33	128
B158DRAFT_0254	iSSON_1240.SSON_3975	31.6	228	151	2	171	397	133	356	3.66e-33	128
B158DRAFT_0254	iSF_1195.SF3875	31.6	228	151	2	171	397	133	356	5.04e-33	128
B158DRAFT_0255	iJN1463.PP_0189	36.2	370	227	3	27	388	26	394	3.11e-65	213
B158DRAFT_0258	iCN900.CD630_16550	28.8	493	294	8	4	441	43	533	3.41e-55	192
B158DRAFT_0259	iSDY_1059.SDY_3458	37.7	257	151	4	15	262	6	262	2.73e-50	166
B158DRAFT_0259	iML1515.b3281	37.7	257	151	4	15	262	6	262	7.67e-50	164
B158DRAFT_0259	iSF_1195.SF3313	37.7	257	151	4	15	262	6	262	2.15e-49	163
B158DRAFT_0259	iSSON_1240.SSON_3422	37.7	257	151	4	15	262	6	262	2.15e-49	163
B158DRAFT_0259	iSbBS512_1146.SbBS512_E3666	37.7	260	147	5	15	262	6	262	1.34e-47	159
B158DRAFT_0259	iPC815.YPO0246	36.5	263	152	6	12	262	4	263	5.42e-47	157
B158DRAFT_0259	iYL1228.KPN_03682	37.4	257	152	4	15	262	6	262	1.05e-46	156
B158DRAFT_0259	iCN718.ABAYE_RS02405	35.4	257	151	5	12	257	4	256	6.30e-46	154
B158DRAFT_0259	STM_v1_0.STM3401	35.8	257	156	4	15	262	6	262	8.24e-46	154
B158DRAFT_0261	iPC815.YPO3319	64.4	744	255	5	1	743	1	735	0.0	981
B158DRAFT_0261	iJN1463.PP_3668	62.0	744	244	8	32	743	15	751	0.0	917
B158DRAFT_0261	iEK1008.Rv1908c	61.6	708	268	4	36	742	35	739	0.0	897
B158DRAFT_0264	iEK1008.Rv0073	27.5	80	57	1	27	106	233	311	7.91e-04	39.3
B158DRAFT_0266	iPC815.YPO0169	64.0	189	67	1	93	281	2	189	2.23e-86	256
B158DRAFT_0266	iCN718.ABAYE_RS06050	59.3	189	77	0	93	281	2	190	1.15e-84	251
B158DRAFT_0266	iSDY_1059.SDY_3522	64.0	189	63	1	93	281	2	185	3.96e-81	242
B158DRAFT_0266	iSF_1195.SF3379	63.5	189	64	1	93	281	2	185	3.96e-81	242
B158DRAFT_0266	iSSON_1240.SSON_3491	63.5	189	64	1	93	281	2	185	3.96e-81	242
B158DRAFT_0266	iML1515.b3360	63.5	189	64	1	93	281	2	185	1.13e-80	241
B158DRAFT_0266	iSbBS512_1146.SbBS512_E3736	63.0	189	65	1	93	281	2	185	1.30e-79	238
B158DRAFT_0266	iJN1463.PP_0420	57.1	189	81	0	93	281	2	190	3.64e-79	238
B158DRAFT_0266	STM_v1_0.STM3469	60.3	189	70	1	93	281	2	185	7.44e-79	236
B158DRAFT_0266	iYO844.BSU00750	58.5	193	75	2	93	285	2	189	1.76e-76	231
B158DRAFT_0266	iYL1228.KPN_03746	61.4	189	68	1	93	281	2	185	1.98e-76	230
B158DRAFT_0267	iPC815.YPO0155	76.0	225	54	0	1	225	1	225	1.99e-124	351
B158DRAFT_0267	iML1515.b3386	76.0	221	53	0	1	221	1	221	1.81e-120	341
B158DRAFT_0267	iSbBS512_1146.SbBS512_E3763	76.0	221	53	0	1	221	1	221	1.81e-120	341
B158DRAFT_0267	iSF_1195.SF3404	76.0	221	53	0	1	221	1	221	1.81e-120	341
B158DRAFT_0267	iSSON_1240.SSON_3517	76.0	221	53	0	1	221	1	221	1.81e-120	341
B158DRAFT_0267	iSDY_1059.SDY_3693	75.6	221	54	0	1	221	1	221	2.99e-119	338
B158DRAFT_0267	STM_v1_0.STM3483	75.1	221	55	0	1	221	1	221	1.73e-118	336
B158DRAFT_0267	iYL1228.KPN_03757	74.2	221	57	0	1	221	1	221	4.05e-117	332
B158DRAFT_0267	iJN1463.PP_0415	73.1	223	60	0	1	223	1	223	6.47e-116	329
B158DRAFT_0271	iAF987.Gmet_2020	41.3	513	277	7	15	516	18	517	3.19e-130	389
B158DRAFT_0272	iYS854.USA300HOU_RS00640	31.8	393	251	10	26	408	8	393	2.95e-57	192
B158DRAFT_0273	iJN1463.PP_1520	41.0	786	458	6	5	789	4	784	2.34e-195	578
B158DRAFT_0273	iPC815.YPO0312	41.6	788	429	13	5	782	2	768	7.23e-187	556
B158DRAFT_0273	iYL1228.KPN_04429	41.4	782	422	12	14	782	11	769	3.23e-183	546
B158DRAFT_0273	iML1515.b4041	41.3	778	429	12	14	782	11	769	1.01e-181	542
B158DRAFT_0273	iSDY_1059.SDY_4533	41.3	778	429	12	14	782	31	789	1.85e-181	542
B158DRAFT_0273	iSSON_1240.SSON_4221	41.3	778	429	12	14	782	31	789	2.60e-181	542
B158DRAFT_0273	iSF_1195.SF4164	41.3	778	429	12	14	782	31	789	3.67e-181	541
B158DRAFT_0273	iSbBS512_1146.SbBS512_E4556	41.3	777	430	12	14	782	11	769	1.12e-180	540
B158DRAFT_0273	STM_v1_0.STM4235	39.6	820	456	13	14	820	11	804	2.97e-177	531
B158DRAFT_0274	iYL1228.KPN_04428	55.1	283	127	0	1	283	5	287	6.37e-104	304
B158DRAFT_0274	STM_v1_0.STM4234	54.8	283	128	0	1	283	5	287	1.37e-103	303
B158DRAFT_0274	iPC815.YPO0311	53.8	279	129	0	5	283	9	287	6.87e-101	296
B158DRAFT_0274	iML1515.b4040	50.9	283	139	0	1	283	5	287	1.70e-94	280
B158DRAFT_0274	iSbBS512_1146.SbBS512_E4557	50.9	283	139	0	1	283	5	287	1.70e-94	280
B158DRAFT_0274	iSDY_1059.SDY_4534	50.9	283	139	0	1	283	5	287	1.70e-94	280
B158DRAFT_0274	iSSON_1240.SSON_4220	50.9	283	139	0	1	283	5	287	1.70e-94	280
B158DRAFT_0274	iJN1463.PP_5318	52.2	272	130	0	12	283	22	293	3.87e-92	274
B158DRAFT_0276	iPC815.YPO0310	31.7	180	86	6	12	184	17	166	2.52e-17	75.1
B158DRAFT_0276	iJN1463.PP_5317	34.6	162	85	6	23	179	29	174	4.41e-17	74.7
B158DRAFT_0278	STM_v1_0.STM0608	78.1	187	41	0	1	187	1	187	5.94e-112	316
B158DRAFT_0278	iML1515.b0605	77.0	187	43	0	1	187	1	187	8.43e-112	316
B158DRAFT_0278	iJN1463.PP_2439	70.6	187	55	0	1	187	1	187	1.12e-100	288
B158DRAFT_0279	STM_v1_0.STM0609	48.2	519	262	4	1	515	1	516	1.04e-171	495
B158DRAFT_0279	iML1515.b0606	47.4	525	265	5	1	519	1	520	2.08e-171	494
B158DRAFT_0279	iJN1463.PP_2440	47.2	521	268	4	1	518	1	517	9.01e-165	477
B158DRAFT_0281	iJN1463.PP_0398	50.5	103	51	0	1	103	1	103	9.75e-36	117
B158DRAFT_0281	iML1515.b3425	47.6	103	54	0	1	103	1	103	1.17e-31	107
B158DRAFT_0281	iSDY_1059.SDY_3650	47.6	103	54	0	1	103	1	103	1.17e-31	107
B158DRAFT_0281	iSF_1195.SF3447	47.6	103	54	0	1	103	1	103	1.17e-31	107
B158DRAFT_0281	iSSON_1240.SSON_3662	47.6	103	54	0	1	103	1	103	1.17e-31	107
B158DRAFT_0285	iPC815.YPO0060	77.1	341	78	0	1	341	1	341	4.02e-207	570
B158DRAFT_0285	iYL1228.KPN_03961	76.8	341	79	0	1	341	1	341	4.68e-206	567
B158DRAFT_0285	STM_v1_0.STM3708	76.2	341	81	0	1	341	1	341	9.45e-206	566
B158DRAFT_0285	iSbBS512_1146.SbBS512_E4044	76.8	341	79	0	1	341	1	341	1.34e-205	566
B158DRAFT_0285	iSF_1195.SF3656	76.8	341	79	0	1	341	1	341	1.34e-205	566
B158DRAFT_0285	iSSON_1240.SSON_3788	76.5	341	80	0	1	341	1	341	1.90e-205	565
B158DRAFT_0285	iML1515.b3616	76.5	341	80	0	1	341	1	341	3.84e-205	565
B158DRAFT_0285	iSDY_1059.SDY_4049	76.2	341	81	0	1	341	1	341	6.35e-204	561
B158DRAFT_0286	STM_v1_0.STM3709	71.1	398	115	0	1	398	1	398	3.51e-204	567
B158DRAFT_0286	iYL1228.KPN_03962	70.9	399	113	2	1	398	1	397	4.80e-204	566
B158DRAFT_0286	iML1515.b3617	70.9	398	116	0	1	398	1	398	7.07e-204	566
B158DRAFT_0286	iSF_1195.SF3657	70.9	398	116	0	1	398	1	398	7.07e-204	566
B158DRAFT_0286	iSSON_1240.SSON_3787	70.9	398	116	0	1	398	1	398	1.00e-203	566
B158DRAFT_0286	iSbBS512_1146.SbBS512_E4045	70.6	398	117	0	1	398	1	398	2.87e-203	565
B158DRAFT_0286	iSDY_1059.SDY_4050	70.6	398	117	0	1	398	1	398	2.87e-203	565
B158DRAFT_0286	iPC815.YPO0059	70.3	394	117	0	5	398	10	403	3.26e-201	560
B158DRAFT_0289	iPC815.YPO0122	36.9	84	46	2	32	115	23	99	5.64e-08	47.0
B158DRAFT_0290	iLB1027_lipid.PHATRDRAFT_47293	31.4	544	310	12	2	482	32	575	5.10e-72	238
B158DRAFT_0291	iAF987.Gmet_2934	46.6	251	130	2	2	249	8	257	3.72e-71	218
B158DRAFT_0291	iYL1228.KPN_04372	45.8	251	133	2	1	249	1	250	3.45e-68	211
B158DRAFT_0291	iSbBS512_1146.SbBS512_E4481	45.8	251	133	2	1	249	1	250	9.78e-68	209
B158DRAFT_0291	iSF_1195.SF4063	45.8	251	133	2	1	249	26	275	2.10e-67	209
B158DRAFT_0291	iSSON_1240.SSON_4163	45.8	251	133	2	1	249	26	275	2.10e-67	209
B158DRAFT_0291	iML1515.b3991	45.8	251	133	2	1	249	1	250	1.38e-67	209
B158DRAFT_0291	STM_v1_0.STM4160	45.8	251	133	2	1	249	1	250	2.78e-67	208
B158DRAFT_0291	iPC815.YPO3742	47.7	235	120	2	1	233	1	234	4.39e-67	208
B158DRAFT_0291	iSDY_1059.SDY_3736	45.4	251	134	2	1	249	26	275	3.37e-66	206
B158DRAFT_0291	iSynCJ816.SGL_RS14260	44.2	258	134	4	1	249	397	653	2.00e-60	201
B158DRAFT_0291	iEK1008.Rv0417	47.0	247	129	2	2	247	6	251	3.62e-64	200
B158DRAFT_0293	iJN1463.PP_5105	34.8	66	42	1	1	65	27	92	1.26e-07	43.9
B158DRAFT_0293	iAF987.Gmet_2933	37.9	66	39	2	1	65	1	65	2.03e-07	42.7
B158DRAFT_0294	iSynCJ816.SGL_RS14260	29.1	347	196	14	5	325	9	331	7.67e-19	87.4
B158DRAFT_0295	iJN1463.PP_4922	75.6	611	128	6	30	626	23	626	0.0	910
B158DRAFT_0295	iYO844.BSU08790	69.6	605	134	7	34	623	20	589	8.04e-312	857
B158DRAFT_0295	STM_v1_0.STM4164	71.3	607	152	6	32	624	28	626	7.34e-311	856
B158DRAFT_0295	iML1515.b3994	71.0	607	154	5	32	624	28	626	4.22e-310	854
B158DRAFT_0295	iYL1228.KPN_04376	70.7	608	154	6	32	624	28	626	6.95e-309	851
B158DRAFT_0295	iSbBS512_1146.SbBS512_E4485	70.7	607	156	5	32	624	28	626	9.86e-309	851
B158DRAFT_0295	iSSON_1240.SSON_4167	70.7	607	156	5	32	624	28	626	1.40e-308	850
B158DRAFT_0295	iSF_1195.SF4066	70.7	607	156	5	32	624	28	626	2.82e-308	850
B158DRAFT_0295	iCN718.ABAYE_RS17505	69.8	612	156	8	31	626	27	625	2.62e-307	847
B158DRAFT_0295	iSDY_1059.SDY_3732	70.3	613	148	7	32	624	28	626	2.67e-306	845
B158DRAFT_0295	iPC815.YPO3739	66.2	636	159	8	32	623	43	666	1.85e-297	824
B158DRAFT_0298	iSynCJ816.SGL_RS02310	48.9	321	164	0	1	321	1	321	6.69e-104	308
B158DRAFT_0300	iAF987.Gmet_1298	41.6	185	102	4	505	683	162	346	4.61e-34	133
B158DRAFT_0300	iAF987.Gmet_0069	42.6	169	95	1	516	682	134	302	6.06e-33	129
B158DRAFT_0302	iML1515.b1821	41.4	181	91	6	5	176	7	181	4.71e-31	110
B158DRAFT_0304	iAF987.Gmet_0987	48.4	161	83	0	277	437	349	509	4.98e-40	152
B158DRAFT_0304	iAF987.Gmet_2629	50.3	161	80	0	277	437	374	534	2.45e-39	150
B158DRAFT_0304	iJN1463.PP_4670	46.7	165	87	1	279	442	238	402	2.12e-39	146
B158DRAFT_0304	iAF987.Gmet_0957	46.7	167	88	1	277	442	184	350	1.90e-37	144
B158DRAFT_0304	iAF987.Gmet_1706	46.6	163	87	0	279	441	140	302	1.03e-38	142
B158DRAFT_0304	iAF987.Gmet_0700	43.4	166	94	0	277	442	383	548	3.66e-35	138
B158DRAFT_0305	iSynCJ816.SGL_RS08700	42.9	870	481	8	8	864	9	875	5.16e-215	633
B158DRAFT_0306	iNF517.LLMG_RS01985	24.6	191	127	4	34	218	25	204	2.55e-09	55.5
B158DRAFT_0306	iML1515.b3713	38.7	75	43	1	68	139	60	134	2.84e-08	51.6
B158DRAFT_0309	iAF987.Gmet_0069	38.0	166	101	1	227	390	136	301	2.59e-32	123
B158DRAFT_0309	iML1515.b1025	38.4	164	96	3	232	392	281	442	2.21e-30	120
B158DRAFT_0309	iML1515.b1341	36.8	174	107	1	218	391	238	408	4.30e-29	116
B158DRAFT_0309	iJN1463.PP_1494	39.6	169	97	3	229	392	166	334	2.45e-28	113
B158DRAFT_0317	iSynCJ816.SGL_RS09095	74.7	720	172	4	5	717	10	726	0.0	1138
B158DRAFT_0323	iJN1463.PP_4656	33.0	112	63	3	56	155	76	187	1.80e-08	52.4
B158DRAFT_0329	iML1515.b2302	27.9	190	126	5	22	203	11	197	9.76e-15	69.7
B158DRAFT_0329	iJN1463.PP_4619	25.6	207	134	6	12	207	1	198	6.24e-13	64.7
B158DRAFT_0334	iAF987.Gmet_2999	30.6	160	104	2	5	161	10	165	3.93e-15	72.8
B158DRAFT_0334	iAF987.Gmet_1706	28.7	164	102	4	5	156	3	163	8.11e-15	71.6
B158DRAFT_0334	iAF987.Gmet_1914	32.4	111	74	1	5	114	4	114	2.67e-13	67.8
B158DRAFT_0335	iAF987.Gmet_1991	20.4	230	161	6	256	476	196	412	4.66e-06	48.9
B158DRAFT_0343	iAF692.Mbar_A1776	30.0	70	49	0	278	347	121	190	3.43e-05	46.2
B158DRAFT_0343	iSynCJ816.SGL_RS02940	24.4	180	110	5	194	347	17	196	3.41e-05	46.2
B158DRAFT_0344	iCN900.CD630_30320	24.4	377	258	8	75	449	70	421	5.48e-29	118
B158DRAFT_0344	iEK1008.Rv1464	28.8	326	204	9	72	392	72	374	1.49e-27	114
B158DRAFT_0344	iYS854.USA300HOU_RS04525	25.3	376	251	11	22	392	22	372	7.88e-26	108
B158DRAFT_0346	iEK1008.Rv3116	38.9	90	47	2	31	120	300	381	1.79e-10	56.6
B158DRAFT_0351	iCN900.CD630_27420	28.0	200	128	4	5	202	3	188	5.11e-20	85.5
B158DRAFT_0351	iSynCJ816.SGL_RS08475	27.4	201	114	6	6	204	4	174	4.52e-19	83.6
B158DRAFT_0351	iCN718.ABAYE_RS09945	27.3	264	153	9	6	267	4	230	1.56e-17	79.3
B158DRAFT_0355	iPC815.YPO3767	68.0	387	124	0	2	388	1	387	2.33e-190	531
B158DRAFT_0355	iJN1463.PP_2137	66.0	385	131	0	4	388	7	391	7.57e-183	512
B158DRAFT_0355	iSbBS512_1146.SbBS512_E4315	67.2	387	127	0	2	388	1	387	1.32e-182	511
B158DRAFT_0355	STM_v1_0.STM3982	66.7	387	129	0	2	388	1	387	2.66e-182	511
B158DRAFT_0355	iSSON_1240.SSON_4018	67.2	387	127	0	2	388	1	387	2.66e-182	511
B158DRAFT_0355	iSDY_1059.SDY_3900	66.9	387	128	0	2	388	1	387	3.78e-182	510
B158DRAFT_0355	iSF_1195.SF3921	66.7	387	129	0	2	388	1	387	4.38e-181	508
B158DRAFT_0355	iYL1228.KPN_04339	65.6	387	133	0	2	388	1	387	8.82e-181	507
B158DRAFT_0355	iML1515.b3845	66.7	387	129	0	2	388	1	387	1.78e-180	506
B158DRAFT_0355	iCN718.ABAYE_RS17250	65.7	385	130	2	4	388	8	390	3.89e-173	488
B158DRAFT_0356	iJN1463.PP_2136	56.5	717	310	2	1	717	1	715	6.01e-282	790
B158DRAFT_0356	iPC815.YPO3766	56.1	716	312	2	1	716	1	714	3.47e-277	778
B158DRAFT_0356	iML1515.b3846	55.2	716	319	2	1	716	1	714	1.06e-273	769
B158DRAFT_0356	iSSON_1240.SSON_4019	55.2	716	319	2	1	716	1	714	1.06e-273	769
B158DRAFT_0356	iSF_1195.SF3922	55.2	716	319	2	1	716	1	714	2.13e-273	769
B158DRAFT_0356	iSbBS512_1146.SbBS512_E4316	55.0	716	320	2	1	716	1	714	4.29e-273	768
B158DRAFT_0356	iSDY_1059.SDY_3899	55.2	716	319	2	1	716	1	714	4.29e-273	768
B158DRAFT_0356	STM_v1_0.STM3983	54.9	716	321	2	1	716	1	714	1.86e-269	759
B158DRAFT_0356	iYL1228.KPN_04340	54.9	716	321	2	1	716	1	714	2.63e-269	758
B158DRAFT_0356	iCN718.ABAYE_RS17245	56.3	718	310	4	1	716	1	716	8.02e-268	754
B158DRAFT_0357	iYS854.USA300HOU_RS08170	26.2	225	104	8	213	435	180	344	3.75e-09	57.8
B158DRAFT_0364	iAF987.Gmet_1092	51.6	256	116	2	50	305	43	290	2.06e-88	266
B158DRAFT_0373	iML1515.b4173	26.4	220	145	4	192	396	174	391	3.23e-06	48.9
B158DRAFT_0373	iHN637.CLJU_RS10635	27.1	177	113	5	216	385	2	169	2.70e-05	46.2
B158DRAFT_0374	iYS854.USA300HOU_RS14480	34.8	230	139	5	86	312	49	270	3.87e-31	123
B158DRAFT_0374	iML1515.b1022	32.2	239	150	5	86	320	77	307	2.13e-28	116
B158DRAFT_0377	iSynCJ816.SGL_RS13580	24.3	411	247	15	11	397	9	379	1.97e-07	53.5
B158DRAFT_0379	iCN900.CD630_07170	43.3	67	32	2	5	71	3	63	1.61e-06	47.8
B158DRAFT_0379	iHN637.CLJU_RS02400	40.3	62	29	2	11	69	9	65	5.56e-06	46.2
B158DRAFT_0379	iHN637.CLJU_RS11570	39.0	59	34	1	11	69	9	65	1.82e-05	44.7
B158DRAFT_0379	iSynCJ816.SGL_RS17655	42.9	56	29	1	11	66	8	60	2.53e-05	44.3
B158DRAFT_0381	iJN1463.PP_5420	41.0	83	44	2	45	124	49	129	1.19e-07	47.0
B158DRAFT_0382	iJN1463.PP_5419	53.9	293	121	5	11	301	8	288	1.87e-97	288
B158DRAFT_0382	iML1515.b3738	51.7	300	114	6	3	301	2	271	5.46e-90	268
B158DRAFT_0382	iSbBS512_1146.SbBS512_E4183	51.7	300	114	6	3	301	2	271	5.46e-90	268
B158DRAFT_0382	iSSON_1240.SSON_3881	51.7	300	114	6	3	301	2	271	5.46e-90	268
B158DRAFT_0382	iSF_1195.SF3818	51.3	300	115	6	3	301	2	271	1.55e-89	267
B158DRAFT_0382	iSDY_1059.SDY_4010	51.7	300	114	6	3	301	2	271	6.26e-89	266
B158DRAFT_0382	STM_v1_0.STM3871	52.7	300	111	7	3	301	2	271	1.78e-88	265
B158DRAFT_0382	iYL1228.KPN_04143	50.2	291	114	6	12	301	6	266	9.90e-87	260
B158DRAFT_0382	iPC815.YPO4127	50.3	300	121	6	2	301	3	274	1.28e-86	260
B158DRAFT_0383	iJN1463.PP_5418	73.5	83	22	0	1	83	1	83	9.05e-39	123
B158DRAFT_0384	STM_v1_0.STM3869	51.9	156	75	0	1	156	1	156	4.21e-30	106
B158DRAFT_0384	iYL1228.KPN_04141	52.9	153	72	0	4	156	2	154	6.38e-29	103
B158DRAFT_0384	iPC815.YPO4125	53.8	156	72	0	1	156	1	156	9.52e-29	103
B158DRAFT_0384	iML1515.b3736	53.8	156	72	0	1	156	1	156	2.69e-28	102
B158DRAFT_0384	iSbBS512_1146.SbBS512_E4185	53.8	156	72	0	1	156	1	156	2.69e-28	102
B158DRAFT_0384	iSDY_1059.SDY_4012	53.8	156	72	0	1	156	1	156	2.69e-28	102
B158DRAFT_0384	iSF_1195.SF3816	53.8	156	72	0	1	156	1	156	2.69e-28	102
B158DRAFT_0384	iSSON_1240.SSON_3883	53.8	156	72	0	1	156	1	156	2.69e-28	102
B158DRAFT_0385	iJN1463.PP_5416	44.4	178	99	0	1	178	1	178	4.56e-48	154
B158DRAFT_0385	STM_v1_0.STM3868	42.1	178	102	1	1	178	1	177	1.17e-45	147
B158DRAFT_0385	iPC815.YPO4124	41.0	178	104	1	1	178	1	177	3.31e-45	146
B158DRAFT_0385	iYL1228.KPN_04140	41.6	178	103	1	1	178	1	177	2.68e-44	144
B158DRAFT_0385	iSDY_1059.SDY_4013	40.4	178	105	1	1	178	1	177	8.68e-43	140
B158DRAFT_0385	iML1515.b3735	40.4	178	105	1	1	178	1	177	1.23e-42	140
B158DRAFT_0385	iSbBS512_1146.SbBS512_E4186	40.4	178	105	1	1	178	1	177	1.23e-42	140
B158DRAFT_0385	iSSON_1240.SSON_3884	40.4	178	105	1	1	178	1	177	1.23e-42	140
B158DRAFT_0385	iSF_1195.SF3815	39.9	178	106	1	1	178	1	177	2.46e-42	139
B158DRAFT_0386	iYL1228.KPN_04139	77.6	513	115	0	3	515	1	513	2.97e-287	787
B158DRAFT_0386	STM_v1_0.STM3867	77.0	513	118	0	3	515	1	513	5.98e-287	786
B158DRAFT_0386	iML1515.b3734	77.2	513	117	0	3	515	1	513	8.49e-287	786
B158DRAFT_0386	iSDY_1059.SDY_4014	77.2	513	117	0	3	515	1	513	8.49e-287	786
B158DRAFT_0386	iSF_1195.SF3814	77.2	513	117	0	3	515	1	513	8.49e-287	786
B158DRAFT_0386	iSSON_1240.SSON_3885	77.2	513	117	0	3	515	1	513	8.49e-287	786
B158DRAFT_0386	iSbBS512_1146.SbBS512_E4187	77.0	513	118	0	3	515	1	513	4.90e-286	784
B158DRAFT_0386	iJN1463.PP_5415	78.5	512	110	0	4	515	3	514	1.02e-285	783
B158DRAFT_0386	iPC815.YPO4123	77.0	513	118	0	3	515	1	513	4.66e-284	779
B158DRAFT_0387	iJN1463.PP_5414	72.0	286	80	0	1	286	1	286	4.11e-140	395
B158DRAFT_0387	iSSON_1240.SSON_3886	67.2	287	93	1	1	286	1	287	5.74e-138	390
B158DRAFT_0387	iML1515.b3733	67.2	287	93	1	1	286	1	287	8.15e-138	390
B158DRAFT_0387	iSbBS512_1146.SbBS512_E4188	67.2	287	93	1	1	286	1	287	8.15e-138	390
B158DRAFT_0387	iSDY_1059.SDY_4015	67.2	287	93	1	1	286	1	287	8.15e-138	390
B158DRAFT_0387	iSF_1195.SF3813	67.2	287	93	1	1	286	1	287	8.15e-138	390
B158DRAFT_0387	STM_v1_0.STM3866	67.2	287	93	1	1	286	1	287	6.66e-137	387
B158DRAFT_0387	iYL1228.KPN_04138	66.6	287	95	1	1	286	1	287	8.98e-135	382
B158DRAFT_0387	iPC815.YPO4122	67.2	287	93	1	1	286	1	287	1.81e-134	381
B158DRAFT_0388	iPC815.YPO4121	87.2	460	57	1	1	458	1	460	2.26e-291	793
B158DRAFT_0388	iSDY_1059.SDY_4016	87.2	460	57	1	1	458	1	460	8.78e-289	786
B158DRAFT_0388	iML1515.b3732	87.2	460	57	1	1	458	1	460	1.25e-288	786
B158DRAFT_0388	iSbBS512_1146.SbBS512_E4189	87.2	460	57	1	1	458	1	460	1.25e-288	786
B158DRAFT_0388	iSF_1195.SF3812	87.2	460	57	1	1	458	1	460	1.25e-288	786
B158DRAFT_0388	iSSON_1240.SSON_3887	87.2	460	57	1	1	458	1	460	1.25e-288	786
B158DRAFT_0388	STM_v1_0.STM3865	87.0	460	58	1	1	458	1	460	2.51e-288	785
B158DRAFT_0388	iYL1228.KPN_04137	86.5	460	60	1	1	458	1	460	4.16e-287	782
B158DRAFT_0388	iJN1463.PP_5413	87.1	458	59	0	1	458	1	458	7.78e-287	781
B158DRAFT_0389	iJN1463.PP_5412	60.6	137	54	0	1	137	1	137	8.17e-48	150
B158DRAFT_0389	iML1515.b3731	54.0	137	63	0	1	137	1	137	2.20e-45	144
B158DRAFT_0389	iYL1228.KPN_04136	54.0	137	63	0	1	137	1	137	2.20e-45	144
B158DRAFT_0389	STM_v1_0.STM3864	54.0	137	63	0	1	137	1	137	2.20e-45	144
B158DRAFT_0389	iSDY_1059.SDY_4017	54.0	137	63	0	1	137	1	137	2.20e-45	144
B158DRAFT_0389	iSSON_1240.SSON_3888	54.0	137	63	0	1	137	1	137	2.20e-45	144
B158DRAFT_0389	iSbBS512_1146.SbBS512_E4190	53.3	137	64	0	1	137	1	137	3.61e-44	141
B158DRAFT_0389	iSF_1195.SF3811	53.3	135	63	0	3	137	1	135	4.82e-44	140
B158DRAFT_0389	iPC815.YPO4120	52.2	136	65	0	2	137	3	138	1.74e-42	137
B158DRAFT_0390	STM_v1_0.STM3862	58.9	450	183	2	3	451	6	454	1.56e-178	507
B158DRAFT_0390	iML1515.b3730	57.8	450	188	2	3	451	6	454	3.38e-175	498
B158DRAFT_0390	iSDY_1059.SDY_4018	57.8	450	188	2	3	451	6	454	3.38e-175	498
B158DRAFT_0390	iPC815.YPO4119	57.8	450	188	2	3	451	6	454	4.79e-175	498
B158DRAFT_0390	iSF_1195.SF3810	57.6	450	189	2	3	451	6	454	9.63e-175	497
B158DRAFT_0390	iSSON_1240.SSON_3889	57.6	450	189	2	3	451	6	454	1.37e-174	497
B158DRAFT_0390	iSbBS512_1146.SbBS512_E4191	57.6	450	189	2	3	451	6	454	7.83e-174	495
B158DRAFT_0390	iYL1228.KPN_04135	58.2	450	186	2	3	451	1	449	4.07e-165	473
B158DRAFT_0391	iJN1463.PP_5409	62.8	611	225	2	1	609	1	611	2.19e-269	749
B158DRAFT_0391	iPC815.YPO4118	62.5	610	227	2	1	609	1	609	8.26e-269	748
B158DRAFT_0391	iSSON_1240.SSON_3890	62.1	610	229	2	1	609	1	609	2.36e-268	747
B158DRAFT_0391	iSF_1195.SF3809	62.1	610	229	2	1	609	1	609	3.35e-268	746
B158DRAFT_0391	iML1515.b3729	62.1	610	229	2	1	609	1	609	6.73e-268	746
B158DRAFT_0391	iSbBS512_1146.SbBS512_E4192	62.1	610	229	2	1	609	1	609	9.55e-268	745
B158DRAFT_0391	iSDY_1059.SDY_4019	62.1	610	229	2	1	609	1	609	9.55e-268	745
B158DRAFT_0391	STM_v1_0.STM3861	61.8	610	231	2	1	609	1	609	1.57e-266	742
B158DRAFT_0391	iYL1228.KPN_04134	60.8	610	237	2	1	609	1	609	1.13e-261	730
B158DRAFT_0392	iJN1463.PP_0127	34.8	164	101	3	27	185	23	185	9.67e-26	98.6
B158DRAFT_0393	iCN718.ABAYE_RS04940	29.9	291	184	7	20	299	5	286	7.53e-35	128
B158DRAFT_0393	iJN1463.PP_0063	29.1	292	195	5	16	299	8	295	8.80e-35	127
B158DRAFT_0393	iJN1463.PP_1735	28.4	268	186	4	36	299	41	306	1.41e-30	116
B158DRAFT_0394	STM_v1_0.STM3986	58.5	482	199	1	1	481	1	482	2.35e-204	574
B158DRAFT_0394	iML1515.b3849	58.1	484	198	2	1	481	1	482	1.56e-202	570
B158DRAFT_0394	iSbBS512_1146.SbBS512_E4319	58.1	484	198	2	1	481	1	482	1.56e-202	570
B158DRAFT_0394	iSDY_1059.SDY_3896	58.1	484	198	2	1	481	1	482	1.56e-202	570
B158DRAFT_0394	iSF_1195.SF3925	58.1	484	198	2	1	481	1	482	1.56e-202	570
B158DRAFT_0394	iSSON_1240.SSON_4022	58.1	484	198	2	1	481	1	482	1.56e-202	570
B158DRAFT_0394	iPC815.YPO3762	57.3	482	205	1	1	481	1	482	1.29e-196	555
B158DRAFT_0394	iYL1228.KPN_04343	58.4	462	191	1	21	481	1	462	2.11e-195	551
B158DRAFT_0395	iJN1463.PP_0065	63.5	457	167	0	1	457	1	457	9.49e-208	581
B158DRAFT_0395	iPC815.YPO0239	63.5	452	164	1	1	451	1	452	3.16e-199	559
B158DRAFT_0395	iSDY_1059.SDY_3466	62.6	452	168	1	1	451	1	452	1.04e-197	555
B158DRAFT_0395	iML1515.b3290	62.6	452	168	1	1	451	1	452	2.10e-197	555
B158DRAFT_0395	iSbBS512_1146.SbBS512_E3674	62.6	452	168	1	1	451	1	452	2.10e-197	555
B158DRAFT_0395	iSF_1195.SF3321	62.6	452	168	1	1	451	1	452	2.10e-197	555
B158DRAFT_0395	iSSON_1240.SSON_3430	62.6	452	168	1	1	451	1	452	2.10e-197	555
B158DRAFT_0395	STM_v1_0.STM3409	62.6	452	168	1	1	451	1	452	2.98e-197	554
B158DRAFT_0395	iYL1228.KPN_03690	62.6	452	168	1	1	451	1	452	2.43e-196	552
B158DRAFT_0396	iAM_Pc455.PCYB_061470	34.0	53	35	0	352	404	402	454	1.30e-04	43.9
B158DRAFT_0396	iAM_Pv461.PVX_001880	35.4	48	31	0	352	399	445	492	2.37e-04	43.1
B158DRAFT_0397	iJN1463.PP_0067	57.1	303	128	1	5	307	1	301	3.27e-120	347
B158DRAFT_0397	iSF_1195.SF3319	54.6	317	142	1	1	317	1	315	5.50e-120	347
B158DRAFT_0397	iSSON_1240.SSON_3428	55.2	317	140	1	1	317	1	315	5.50e-120	347
B158DRAFT_0397	iSDY_1059.SDY_3464	54.9	317	141	1	1	317	1	315	1.57e-119	346
B158DRAFT_0397	iSbBS512_1146.SbBS512_E3672	54.9	317	141	1	1	317	1	315	4.47e-119	345
B158DRAFT_0397	iPC815.YPO0241	54.9	317	141	1	1	317	1	315	3.19e-114	332
B158DRAFT_0397	iYL1228.KPN_03688	52.7	317	148	1	1	317	1	315	2.59e-113	330
B158DRAFT_0397	STM_v1_0.STM3407	52.7	317	148	1	1	317	1	315	3.67e-113	330
B158DRAFT_0397	iCN718.ABAYE_RS00675	54.2	312	132	6	5	305	1	312	1.16e-110	323
B158DRAFT_0398	iYO844.BSU15720	41.2	148	86	1	1	148	1	147	1.54e-36	123
B158DRAFT_0402	iAM_Pb448.PBANKA_132090	31.8	66	45	0	141	206	1	66	6.29e-06	43.9
B158DRAFT_0402	iJN1463.PP_0510	29.0	107	53	4	159	265	27	110	4.07e-05	43.9
B158DRAFT_0402	iAF692.Mbar_A2310	28.2	110	54	3	159	267	2	87	2.93e-05	41.6
B158DRAFT_0404	iJN1463.PP_0073	65.9	302	99	1	7	308	6	303	1.53e-154	434
B158DRAFT_0404	STM_v1_0.STM2451	66.1	298	95	3	9	306	8	299	4.41e-153	430
B158DRAFT_0404	iSDY_1059.SDY_2634	65.9	299	96	3	8	306	7	299	1.70e-150	423
B158DRAFT_0404	iSF_1195.SF2489	66.1	298	95	3	8	305	7	298	1.70e-150	423
B158DRAFT_0404	iPC815.YPO3032	64.7	306	104	1	1	306	1	302	2.42e-150	423
B158DRAFT_0404	iML1515.b2436	65.9	299	96	3	8	306	7	299	3.43e-150	422
B158DRAFT_0404	iSSON_1240.SSON_2525	65.9	299	96	3	8	306	7	299	4.86e-150	422
B158DRAFT_0404	iYL1228.KPN_02779	65.9	299	96	3	8	306	7	299	3.98e-149	420
B158DRAFT_0404	iSbBS512_1146.SbBS512_E2808	65.6	299	97	3	8	306	7	299	5.65e-149	419
B158DRAFT_0404	iCN718.ABAYE_RS02410	57.5	306	122	2	5	306	8	309	3.19e-138	393
B158DRAFT_0405	iPC815.YPO3771	68.2	327	104	0	4	330	7	333	4.80e-164	460
B158DRAFT_0406	iJN1463.PP_0926	26.1	299	204	7	9	294	16	310	3.09e-15	74.3
B158DRAFT_0406	iCN900.CD630_21240	25.6	293	194	8	12	287	15	300	7.33e-15	73.2
B158DRAFT_0409	iAF987.Gmet_0769	36.4	129	72	2	18	141	11	134	2.93e-18	76.3
B158DRAFT_0414	iJN1463.PP_5215	72.9	107	29	0	2	108	3	109	2.60e-57	172
B158DRAFT_0414	iML1515.b3781	68.5	108	34	0	1	108	1	108	7.15e-55	166
B158DRAFT_0414	STM_v1_0.STM3915	68.5	108	34	0	1	108	1	108	7.15e-55	166
B158DRAFT_0414	iSbBS512_1146.SbBS512_E4140	68.5	108	34	0	1	108	1	108	7.15e-55	166
B158DRAFT_0414	iSDY_1059.SDY_3968	68.5	108	34	0	1	108	19	126	1.26e-54	166
B158DRAFT_0414	iSF_1195.SF3854	68.5	108	34	0	1	108	19	126	1.26e-54	166
B158DRAFT_0414	iSSON_1240.SSON_3952	68.5	108	34	0	1	108	19	126	1.26e-54	166
B158DRAFT_0414	iYL1228.KPN_04282	69.4	108	33	0	1	108	1	108	1.44e-54	165
B158DRAFT_0414	iPC815.YPO3868	67.6	108	35	0	1	108	1	108	1.15e-53	162
B158DRAFT_0415	iCN900.CD630_02510	28.3	265	166	6	135	387	128	380	4.73e-12	67.0
B158DRAFT_0417	iJN1463.PP_5213	77.0	488	112	0	1	488	1	488	3.21e-296	808
B158DRAFT_0417	iYL1228.KPN_04337	77.2	487	111	0	1	487	1	487	1.46e-295	806
B158DRAFT_0417	iSF_1195.SF3919	76.4	487	115	0	1	487	4	490	7.08e-293	800
B158DRAFT_0417	STM_v1_0.STM3978	76.0	487	117	0	1	487	4	490	4.81e-292	797
B158DRAFT_0417	iML1515.b3843	76.0	487	117	0	1	487	4	490	6.75e-291	795
B158DRAFT_0417	iSSON_1240.SSON_4016	76.0	487	117	0	1	487	4	490	6.75e-291	795
B158DRAFT_0417	iSbBS512_1146.SbBS512_E4313	75.8	487	118	0	1	487	4	490	2.74e-290	793
B158DRAFT_0417	iPC815.YPO3769	75.2	487	121	0	1	487	4	490	4.04e-290	793
B158DRAFT_0417	iSDY_1059.SDY_3902	75.6	487	119	0	1	487	4	490	2.61e-288	788
B158DRAFT_0418	STM_v1_0.STM2093	37.5	224	138	2	14	237	97	318	1.32e-47	160
B158DRAFT_0419	iCN718.ABAYE_RS14690	37.3	410	247	7	1	404	1	406	3.62e-73	234
B158DRAFT_0419	iJN1463.PP_4175	36.1	407	252	6	1	404	1	402	4.02e-71	228
B158DRAFT_0419	iSbBS512_1146.SbBS512_E2229	36.8	418	240	13	3	405	5	413	6.84e-71	228
B158DRAFT_0419	iAF987.Gmet_1603	35.7	417	249	9	1	405	1	410	2.48e-70	226
B158DRAFT_0419	iSSON_1240.SSON_1115	36.8	418	240	13	3	405	5	413	3.78e-70	226
B158DRAFT_0419	iML1515.b1095	36.6	418	241	13	3	405	5	413	1.48e-69	224
B158DRAFT_0419	iSF_1195.SF1099	36.6	418	241	13	3	405	5	413	1.48e-69	224
B158DRAFT_0419	STM_v1_0.STM1197	36.5	416	244	12	3	405	5	413	4.13e-69	223
B158DRAFT_0419	iSSON_1240.SSON_2381	35.8	411	251	9	1	405	1	404	3.43e-69	223
B158DRAFT_0419	iPC815.YPO1601	35.3	417	248	11	3	405	5	413	5.81e-69	223
B158DRAFT_0419	iSDY_1059.SDY_2522	35.8	411	251	9	1	405	1	404	6.79e-69	223
B158DRAFT_0419	iYL1228.KPN_01093	36.6	418	241	13	3	405	5	413	1.15e-68	222
B158DRAFT_0419	iSDY_1059.SDY_2055	36.4	418	242	13	3	405	5	413	1.15e-68	222
B158DRAFT_0419	iSF_1195.SF2399	35.5	411	252	9	1	405	1	404	1.15e-68	222
B158DRAFT_0419	iML1515.b2323	35.5	411	252	9	1	405	1	404	1.34e-68	222
B158DRAFT_0419	iSbBS512_1146.SbBS512_E2701	35.3	411	253	9	1	405	1	404	5.27e-68	220
B158DRAFT_0419	iPC815.YPO2757	34.9	410	255	10	1	404	1	404	2.12e-67	219
B158DRAFT_0419	STM_v1_0.STM2378	35.0	411	254	9	1	405	1	404	3.87e-67	218
B158DRAFT_0419	iYL1228.KPN_02713	35.1	410	253	9	1	404	1	403	8.08e-67	217
B158DRAFT_0420	iYS854.USA300HOU_RS06185	45.7	243	128	2	1	240	1	242	3.72e-63	197
B158DRAFT_0420	iYO844.BSU15910	43.2	241	133	2	3	240	5	244	1.03e-60	191
B158DRAFT_0420	iHN637.CLJU_RS20765	41.9	241	136	2	3	240	7	246	3.98e-58	184
B158DRAFT_0420	iAM_Pv461.PVX_099555	43.2	243	131	4	3	241	60	299	5.03e-57	183
B158DRAFT_0420	iCN900.CD630_11820	43.7	238	130	2	6	240	10	246	4.65e-57	181
B158DRAFT_0420	iAF987.Gmet_1601	44.1	238	128	3	6	240	9	244	1.93e-55	177
B158DRAFT_0421	iCN718.ABAYE_RS08270	24.8	121	84	3	16	132	21	138	2.61e-08	50.1
B158DRAFT_0422	iAF987.Gmet_1695	33.8	308	187	5	100	396	100	401	1.18e-38	142
B158DRAFT_0422	iLB1027_lipid.PHATRDRAFT_18940	33.7	332	177	9	98	396	132	453	1.11e-37	141
B158DRAFT_0422	iAF987.Gmet_1603	31.8	318	185	8	99	393	98	406	3.47e-35	133
B158DRAFT_0422	iCHOv1.100769182	34.7	262	152	5	150	394	197	456	1.89e-34	132
B158DRAFT_0422	iLB1027_lipid.PHATRDRAFT_37367	30.6	320	192	6	99	393	113	427	6.55e-34	130
B158DRAFT_0422	iYS854.USA300HOU_RS04880	32.3	313	189	6	99	393	101	408	6.80e-34	130
B158DRAFT_0422	iLJ478.TM0802	31.0	368	224	13	54	396	47	409	1.26e-33	129
B158DRAFT_0422	iJN1463.PP_1916	33.2	319	185	7	99	396	100	411	1.79e-33	129
B158DRAFT_0422	iAM_Pv461.PVX_114420	26.8	407	269	9	16	396	68	471	5.56e-33	128
B158DRAFT_0424	iAF692.Mbar_A1602	25.9	197	128	4	8	203	7	186	3.96e-12	67.0
B158DRAFT_0427	iYS854.USA300HOU_RS06875	26.8	112	80	2	17	127	8	118	2.53e-10	55.1
B158DRAFT_0428	iCHOv1.100753802	36.1	452	274	5	15	458	121	565	3.56e-84	273
B158DRAFT_0428	iMM1415.15109	36.3	452	273	5	15	458	121	565	9.78e-84	272
B158DRAFT_0428	iYO844.BSU39350	36.7	422	260	3	41	460	33	449	1.60e-78	254
B158DRAFT_0428	iYS854.USA300HOU_RS00040	36.0	450	278	5	15	460	10	453	1.44e-78	254
B158DRAFT_0429	iCHOv1.100769679	27.7	202	118	9	7	185	58	254	4.69e-10	60.8
B158DRAFT_0431	iYL1228.KPN_03245	25.5	385	222	13	98	438	338	701	1.11e-07	53.9
B158DRAFT_0431	iYS854.USA300HOU_RS04620	33.6	107	67	1	333	439	372	474	6.45e-07	51.2
B158DRAFT_0433	iYS854.USA300HOU_RS06195	29.2	72	51	0	11	82	4	75	5.89e-06	40.0
B158DRAFT_0433	iPC815.YPO1600	28.6	70	50	0	10	79	4	73	4.75e-05	37.7
B158DRAFT_0433	iJN1463.PP_1915	27.1	70	51	0	10	79	4	73	9.44e-05	37.0
B158DRAFT_0433	iCN900.CD630_10620	32.1	56	36	2	10	64	1	55	1.77e-04	36.2
B158DRAFT_0433	iML1515.b1094	27.1	70	51	0	10	79	4	73	1.87e-04	36.2
B158DRAFT_0433	iYL1228.KPN_01092	27.1	70	51	0	10	79	4	73	1.87e-04	36.2
B158DRAFT_0433	STM_v1_0.STM1196	27.1	70	51	0	10	79	4	73	1.87e-04	36.2
B158DRAFT_0433	iSbBS512_1146.SbBS512_E2230	27.1	70	51	0	10	79	4	73	1.87e-04	36.2
B158DRAFT_0433	iSDY_1059.SDY_2056	27.1	70	51	0	10	79	4	73	1.87e-04	36.2
B158DRAFT_0433	iSF_1195.SF1098	27.1	70	51	0	10	79	4	73	1.87e-04	36.2
B158DRAFT_0433	iSSON_1240.SSON_1114	27.1	70	51	0	10	79	4	73	1.87e-04	36.2
B158DRAFT_0434	iCN900.CD630_10620	31.2	77	47	3	8	84	5	75	3.37e-05	38.1
B158DRAFT_0434	iJN1463.PP_1915	29.2	65	42	1	1	65	1	61	3.94e-04	35.4
B158DRAFT_0435	iIT341.HP1348	29.0	131	84	4	73	194	50	180	1.05e-07	51.2
B158DRAFT_0435	iHN637.CLJU_RS03245	25.3	178	116	7	31	195	12	185	1.43e-07	50.8
B158DRAFT_0435	iLJ478.TM1693	24.5	110	79	1	89	194	79	188	2.00e-07	50.4
B158DRAFT_0435	iYL1228.KPN_03245	25.6	129	92	3	69	195	12	138	5.52e-07	50.1
B158DRAFT_0435	iPC815.YPO0793	25.0	136	98	3	63	195	4	138	1.75e-06	48.5
B158DRAFT_0435	iCN900.CD630_18170	31.3	147	84	7	61	194	3	145	1.10e-06	47.8
B158DRAFT_0435	iAF987.Gmet_0363	25.8	182	123	6	23	195	2	180	3.64e-06	46.6
B158DRAFT_0437	iYO844.BSU23980	27.4	124	82	2	12	134	14	130	1.68e-09	56.6
B158DRAFT_0441	iPC815.YPO1073	40.2	229	133	2	1	225	1	229	1.18e-51	170
B158DRAFT_0441	iYL1228.KPN_00213	39.7	229	134	2	1	225	1	229	6.58e-51	168
B158DRAFT_0441	iJN1463.PP_0114	41.7	230	129	4	1	225	1	230	2.13e-50	166
B158DRAFT_0441	iJN1463.PP_0220	41.0	217	126	2	2	216	33	249	1.89e-49	165
B158DRAFT_0441	iSDY_1059.SDY_0218	39.3	229	135	2	1	225	1	229	4.03e-49	163
B158DRAFT_0441	iYS854.USA300HOU_RS02325	40.2	229	133	2	1	225	1	229	3.84e-49	163
B158DRAFT_0441	iSbBS512_1146.SbBS512_E0193	39.3	229	135	2	1	225	1	229	5.67e-49	163
B158DRAFT_0441	iSSON_1240.SSON_0213	39.3	229	135	2	1	225	1	229	5.67e-49	163
B158DRAFT_0441	iML1515.b0199	38.9	229	136	2	1	225	1	229	7.99e-49	162
B158DRAFT_0441	STM_v1_0.STM0247	39.3	229	135	2	1	225	1	229	7.99e-49	162
B158DRAFT_0441	iSF_1195.SF0190	39.3	229	135	2	1	225	1	229	1.59e-48	162
B158DRAFT_0441	iYO844.BSU32750	40.0	220	128	2	1	216	1	220	5.94e-48	160
B158DRAFT_0441	iIT341.HP1576	38.9	226	137	1	1	225	2	227	1.67e-47	159
B158DRAFT_0441	iYS854.USA300HOU_RS04405	37.0	230	141	2	1	226	1	230	2.80e-45	153
B158DRAFT_0443	iCN718.ABAYE_RS13845	42.5	179	100	3	25	202	4	180	9.73e-42	139
B158DRAFT_0447	iNF517.LLMG_RS12010	29.1	227	138	5	71	279	49	270	4.41e-20	87.4
B158DRAFT_0447	iCN900.CD630_10600	29.9	204	127	3	98	285	84	287	2.33e-18	82.8
B158DRAFT_0447	iNF517.LLMG_RS07670	27.5	236	138	7	78	285	55	285	4.05e-17	79.3
B158DRAFT_0455	iYS854.USA300HOU_RS01335	25.6	273	155	12	78	317	299	556	1.01e-05	47.0
B158DRAFT_0455	iYO844.BSU35760	30.7	101	59	2	161	259	215	306	7.92e-05	43.9
B158DRAFT_0456	iCN900.CD630_30650	26.5	509	358	6	6	511	4	499	3.83e-65	219
B158DRAFT_0456	iHN637.CLJU_RS08965	29.9	489	317	15	7	487	4	474	9.19e-59	202
B158DRAFT_0457	iCHOv1.100774083	31.8	673	416	16	24	679	55	701	1.36e-93	304
B158DRAFT_0458	iYO844.BSU35740	48.0	125	64	1	2	126	3	126	6.28e-36	119
B158DRAFT_0459	iYO844.BSU35760	26.6	154	104	4	112	263	160	306	1.85e-05	45.8
B158DRAFT_0460	iPC815.YPO3977	63.7	449	161	2	6	453	3	450	1.44e-199	560
B158DRAFT_0460	STM_v1_0.STM3597	61.5	449	171	2	6	453	3	450	9.04e-196	550
B158DRAFT_0460	iML1515.b3500	61.9	449	169	2	6	453	3	450	1.28e-195	550
B158DRAFT_0460	iSF_1195.SF3531	61.9	449	169	2	6	453	3	450	2.58e-195	549
B158DRAFT_0460	iSSON_1240.SSON_3735	61.9	449	169	2	6	453	3	450	2.58e-195	549
B158DRAFT_0460	iSbBS512_1146.SbBS512_E3822	61.7	449	170	2	6	453	3	450	1.48e-194	547
B158DRAFT_0460	iSDY_1059.SDY_3562	61.7	449	170	2	6	453	3	450	2.10e-194	546
B158DRAFT_0460	iYL1228.KPN_03866	61.9	449	169	2	6	453	5	452	1.30e-193	545
B158DRAFT_0463	iAF987.Gmet_3085	34.4	666	404	15	152	804	242	887	3.17e-105	344
B158DRAFT_0463	iAF987.Gmet_0987	36.5	597	361	7	209	802	204	785	3.04e-103	336
B158DRAFT_0463	iAF987.Gmet_0957	42.1	442	248	5	363	800	182	619	1.86e-101	327
B158DRAFT_0463	iAF987.Gmet_0782	38.9	455	271	4	351	802	276	726	6.78e-99	323
B158DRAFT_0463	iAF987.Gmet_2629	36.7	564	331	11	251	802	260	809	2.38e-96	318
B158DRAFT_0463	iAF987.Gmet_0700	34.5	553	343	9	257	801	277	818	4.58e-94	312
B158DRAFT_0464	iML1515.b1400	43.2	169	89	2	1	169	1	162	1.40e-20	84.0
B158DRAFT_0464	iJN1463.PP_3285	32.7	165	104	1	11	175	11	168	4.36e-19	80.1
B158DRAFT_0467	iJN1463.PP_0059	48.9	174	88	1	9	181	1	174	1.70e-53	167
B158DRAFT_0468	STM_v1_0.STM3655	53.1	689	319	2	1	685	1	689	3.98e-240	681
B158DRAFT_0468	iSF_1195.SF3602	53.0	689	320	2	1	685	1	689	1.60e-239	680
B158DRAFT_0468	iSSON_1240.SSON_3830	53.0	689	320	2	1	685	1	689	1.60e-239	680
B158DRAFT_0468	iYL1228.KPN_03922	52.7	689	322	2	1	685	1	689	4.57e-239	679
B158DRAFT_0468	iSbBS512_1146.SbBS512_E3966	52.7	689	322	2	1	685	1	689	2.61e-238	677
B158DRAFT_0468	iSDY_1059.SDY_4345	52.7	689	322	2	1	685	1	689	2.11e-237	674
B158DRAFT_0468	iPC815.YPO4071	51.4	689	331	2	1	685	1	689	3.17e-234	666
B158DRAFT_0468	iJN1463.PP_0060	48.5	687	347	2	1	684	1	683	1.62e-217	624
B158DRAFT_0468	iCN718.ABAYE_RS02355	48.8	688	349	2	1	685	1	688	1.62e-213	613
B158DRAFT_0469	iJN1463.PP_0061	80.7	290	56	0	51	340	9	298	7.69e-179	498
B158DRAFT_0469	iCN718.ABAYE_RS02360	78.1	297	65	0	44	340	2	298	3.49e-175	489
B158DRAFT_0469	iSbBS512_1146.SbBS512_E3965	78.7	296	61	1	49	342	5	300	1.57e-175	489
B158DRAFT_0469	iSDY_1059.SDY_4344	78.7	296	61	1	49	342	5	300	1.57e-175	489
B158DRAFT_0469	iSF_1195.SF3603	78.7	296	61	1	49	342	5	300	1.57e-175	489
B158DRAFT_0469	iSSON_1240.SSON_3829	78.7	296	61	1	49	342	5	300	1.57e-175	489
B158DRAFT_0469	STM_v1_0.STM3656	78.4	296	62	1	49	342	5	300	6.40e-175	487
B158DRAFT_0469	iYL1228.KPN_03923	78.4	296	62	1	49	342	5	300	1.83e-174	486
B158DRAFT_0469	iPC815.YPO4072	78.9	294	60	1	49	340	5	298	2.69e-174	486
B158DRAFT_0476	iYS854.USA300HOU_RS11550	34.6	136	89	0	21	156	11	146	1.10e-19	79.7
B158DRAFT_0477	iAF987.Gmet_0069	42.9	161	91	1	460	619	141	301	6.78e-34	131
B158DRAFT_0477	iAF987.Gmet_1298	41.1	163	92	2	460	619	183	344	1.57e-29	119
B158DRAFT_0478	iAF987.Gmet_1770	24.7	190	125	4	683	866	21	198	1.12e-06	52.0
B158DRAFT_0478	iML1515.b2883	19.4	403	258	11	678	1040	35	410	1.85e-05	48.1
B158DRAFT_0478	iYS854.USA300HOU_RS03790	24.1	419	249	18	660	1040	2	389	2.95e-05	47.4
B158DRAFT_0486	iJN1463.PP_4900	47.7	344	175	3	8	349	8	348	2.43e-114	337
B158DRAFT_0491	iJN1463.PP_3931	30.7	612	396	9	1	589	1	607	7.17e-75	249
B158DRAFT_0494	iYL1228.KPN_04255	19.3	519	330	16	100	598	23	472	2.08e-11	67.0
B158DRAFT_0494	iML1515.b2155	29.6	135	86	3	101	229	29	160	8.65e-11	65.1
B158DRAFT_0494	iSSON_1240.SSON_2211	29.6	135	86	3	101	229	29	160	8.65e-11	65.1
B158DRAFT_0494	iYL1228.KPN_02593	21.2	669	398	26	103	723	12	599	2.54e-10	63.5
B158DRAFT_0494	STM_v1_0.STM2199	28.9	135	87	3	101	229	29	160	2.60e-10	63.5
B158DRAFT_0498	iCHOv1.100763612	38.4	294	171	6	7	291	8	300	1.05e-55	182
B158DRAFT_0498	iMM1415.71670	39.1	294	170	6	6	291	7	299	2.86e-55	181
B158DRAFT_0505	iJN1463.PP_0127	26.5	132	91	1	51	176	54	185	7.95e-10	55.8
B158DRAFT_0509	iAF987.Gmet_3085	40.4	579	339	3	926	1499	306	883	9.12e-119	395
B158DRAFT_0509	iAF987.Gmet_0700	39.4	568	330	6	943	1502	259	820	1.23e-115	384
B158DRAFT_0509	iAF987.Gmet_0987	37.1	617	369	9	878	1492	177	776	8.93e-112	372
B158DRAFT_0509	iAF987.Gmet_0782	40.2	525	295	6	972	1491	206	716	2.68e-107	358
B158DRAFT_0510	iJN1463.PP_4965	72.0	665	185	1	8	672	1	664	0.0	988
B158DRAFT_0510	iSDY_1059.SDY_3141	70.6	664	194	1	8	671	1	663	0.0	954
B158DRAFT_0510	iML1515.b2935	70.6	664	194	1	8	671	1	663	0.0	952
B158DRAFT_0510	iSbBS512_1146.SbBS512_E3367	70.5	664	195	1	8	671	1	663	0.0	952
B158DRAFT_0510	STM_v1_0.STM3076	70.5	664	195	1	8	671	1	663	0.0	951
B158DRAFT_0510	iPC815.YPO0926	69.6	664	201	1	8	671	1	663	0.0	949
B158DRAFT_0510	iYL1228.KPN_03357	70.1	665	197	2	8	671	1	664	0.0	947
B158DRAFT_0510	iYL1228.KPN_01127	69.9	662	197	2	11	671	8	668	0.0	943
B158DRAFT_0510	iYL1228.KPN_02799	68.5	664	208	1	9	672	1	663	0.0	932
B158DRAFT_0510	iSSON_1240.SSON_2545	66.8	663	219	1	9	671	1	662	0.0	925
B158DRAFT_0510	iML1515.b2465	66.7	663	220	1	9	671	1	662	0.0	924
B158DRAFT_0510	iSF_1195.SF2507	66.5	663	221	1	9	671	1	662	0.0	923
B158DRAFT_0510	STM_v1_0.STM2474	65.8	664	226	1	9	672	1	663	0.0	914
B158DRAFT_0511	iJN1463.PP_1009	59.2	326	130	3	1	325	1	324	1.52e-132	380
B158DRAFT_0511	iAF987.Gmet_1946	56.8	331	133	5	1	326	1	326	3.15e-124	359
B158DRAFT_0511	iYO844.BSU33940	55.3	331	140	4	1	327	1	327	5.90e-123	356
B158DRAFT_0511	iHN637.CLJU_RS06580	54.1	331	146	4	1	327	1	329	6.67e-121	351
B158DRAFT_0511	iYO844.BSU29020	54.5	330	142	4	1	326	1	326	1.74e-118	345
B158DRAFT_0513	STM_v1_0.STM3069	71.4	391	107	1	1	391	1	386	9.14e-191	532
B158DRAFT_0513	iSSON_1240.SSON_3078	71.6	391	106	1	1	391	1	386	1.84e-190	531
B158DRAFT_0513	iSDY_1059.SDY_3156	71.6	391	106	1	1	391	1	386	2.61e-190	531
B158DRAFT_0513	iML1515.b2926	71.6	391	106	1	1	391	1	386	3.71e-190	531
B158DRAFT_0513	iSbBS512_1146.SbBS512_E3351	71.6	391	106	1	1	391	1	386	3.71e-190	531
B158DRAFT_0513	iSF_1195.SF2911	71.6	391	106	1	1	391	1	386	3.71e-190	531
B158DRAFT_0513	iPC815.YPO0921	69.8	391	113	1	1	391	1	386	7.47e-190	530
B158DRAFT_0513	iJN1463.PP_4963	71.1	391	108	1	1	391	1	386	2.13e-189	529
B158DRAFT_0513	iYL1228.KPN_03355	71.0	386	107	1	6	391	1	381	4.83e-187	523
B158DRAFT_0514	iJN1463.PP_4960	79.0	353	74	0	1	353	1	353	5.97e-204	563
B158DRAFT_0514	iCN718.ABAYE_RS10665	76.8	345	80	0	1	345	1	345	8.74e-197	544
B158DRAFT_0518	iJN1463.PP_5155	60.9	409	160	0	21	429	1	409	7.58e-181	509
B158DRAFT_0518	iSDY_1059.SDY_3169	62.5	411	151	2	21	429	1	410	9.08e-180	507
B158DRAFT_0518	iML1515.b2913	62.5	411	151	2	21	429	1	410	1.83e-179	506
B158DRAFT_0518	iSF_1195.SF2898	62.5	411	151	2	21	429	1	410	1.83e-179	506
B158DRAFT_0518	iSSON_1240.SSON_3065	62.5	411	151	2	21	429	1	410	1.83e-179	506
B158DRAFT_0518	STM_v1_0.STM3062	63.0	411	149	2	21	429	1	410	3.68e-179	505
B158DRAFT_0518	iSbBS512_1146.SbBS512_E3333	62.5	411	151	2	21	429	1	410	1.05e-178	504
B158DRAFT_0518	iPC815.YPO0914	62.5	413	151	2	21	429	1	413	1.66e-178	504
B158DRAFT_0518	iYL1228.KPN_03348	62.8	411	150	2	21	429	1	410	2.11e-178	503
B158DRAFT_0518	iCN718.ABAYE_RS02190	59.8	405	163	0	25	429	6	410	3.07e-173	490
B158DRAFT_0519	iCN900.CD630_10620	30.1	73	47	3	8	79	3	72	5.25e-04	35.0
B158DRAFT_0519	iHN637.CLJU_RS06285	32.1	78	47	2	8	85	4	75	7.67e-04	34.7
B158DRAFT_0521	iAF987.Gmet_1914	30.5	128	82	2	9	134	4	126	3.59e-07	52.0
B158DRAFT_0521	iAF987.Gmet_3476	28.0	132	86	4	9	136	12	138	7.59e-06	47.8
B158DRAFT_0525	iML1515.b2914	68.5	219	69	0	1	219	1	219	3.90e-98	284
B158DRAFT_0525	iSbBS512_1146.SbBS512_E3334	68.5	219	69	0	1	219	1	219	3.90e-98	284
B158DRAFT_0525	iSDY_1059.SDY_3168	68.5	219	69	0	1	219	1	219	3.90e-98	284
B158DRAFT_0525	iSF_1195.SF2899	68.5	219	69	0	1	219	1	219	3.90e-98	284
B158DRAFT_0525	iSSON_1240.SSON_3066	68.5	219	69	0	1	219	1	219	3.90e-98	284
B158DRAFT_0525	iYL1228.KPN_03349	68.9	219	68	0	1	219	1	219	7.85e-98	283
B158DRAFT_0525	STM_v1_0.STM3063	68.0	219	70	0	1	219	1	219	2.60e-96	279
B158DRAFT_0525	iJN1463.PP_5150	66.1	221	71	1	1	217	1	221	7.21e-95	276
B158DRAFT_0525	iPC815.YPO0915	65.9	217	74	0	1	217	1	217	1.68e-94	275
B158DRAFT_0528	iSDY_1059.SDY_3170	34.8	181	109	4	15	191	2	177	2.54e-28	104
B158DRAFT_0528	iML1515.b2912	37.8	143	88	1	49	191	36	177	5.03e-28	103
B158DRAFT_0528	iSF_1195.SF2897	37.8	143	88	1	49	191	36	177	5.03e-28	103
B158DRAFT_0528	iSSON_1240.SSON_3064	37.8	143	88	1	49	191	36	177	5.03e-28	103
B158DRAFT_0528	iSbBS512_1146.SbBS512_E3332	37.1	143	89	1	49	191	102	243	4.95e-26	100
B158DRAFT_0528	iJN1463.PP_5203	35.0	183	114	3	11	189	12	193	5.34e-25	96.7
B158DRAFT_0533	iYS854.USA300HOU_RS08170	28.1	263	157	6	159	420	113	344	1.20e-24	103
B158DRAFT_0534	iSbBS512_1146.SbBS512_E3328	40.2	398	224	4	6	400	3	389	7.95e-95	289
B158DRAFT_0534	iYL1228.KPN_03343	41.7	398	218	3	6	400	3	389	3.17e-94	288
B158DRAFT_0534	iML1515.b2907	40.2	398	224	4	6	400	3	389	4.48e-94	287
B158DRAFT_0534	STM_v1_0.STM3057	38.9	398	229	3	6	400	3	389	4.48e-94	287
B158DRAFT_0534	iSF_1195.SF2893	39.9	398	225	4	6	400	3	389	6.33e-94	287
B158DRAFT_0534	iSDY_1059.SDY_3174	39.7	398	226	3	6	400	3	389	2.52e-93	285
B158DRAFT_0534	iPC815.YPO0909	42.2	398	216	4	6	400	3	389	1.01e-92	284
B158DRAFT_0534	iSSON_1240.SSON_3060	39.4	398	227	4	6	400	3	389	5.67e-92	282
B158DRAFT_0534	iJN1463.PP_5199	43.0	405	212	6	1	401	1	390	4.95e-89	275
B158DRAFT_0537	iJN1463.PP_5197	42.9	394	218	5	9	397	6	397	3.84e-95	290
B158DRAFT_0537	iML1515.b2906	42.9	389	221	1	9	397	5	392	2.48e-94	288
B158DRAFT_0540	iJN1463.PP_5196	59.9	309	122	1	54	362	26	332	3.94e-138	395
B158DRAFT_0541	iJN1463.PP_5195	48.5	522	249	6	37	546	19	532	4.42e-152	446
B158DRAFT_0543	iSSON_1240.SSON_3058	60.5	365	138	3	1	361	1	363	3.34e-156	442
B158DRAFT_0543	iML1515.b2905	60.3	365	139	3	1	361	1	363	1.35e-155	441
B158DRAFT_0543	iSbBS512_1146.SbBS512_E3326	60.3	365	139	3	1	361	1	363	2.72e-155	440
B158DRAFT_0543	iSF_1195.SF2891	60.0	365	140	3	1	361	1	363	5.48e-155	439
B158DRAFT_0543	iSDY_1059.SDY_3176	60.0	365	140	3	1	361	1	363	7.77e-155	439
B158DRAFT_0543	iPC815.YPO0907	58.7	366	145	3	1	362	1	364	1.87e-153	436
B158DRAFT_0543	STM_v1_0.STM3055	58.9	365	144	3	1	361	1	363	5.16e-153	434
B158DRAFT_0543	iYL1228.KPN_03341	57.7	366	149	3	1	362	1	364	1.31e-148	423
B158DRAFT_0544	iPC815.YPO0906	63.3	128	47	0	1	128	1	128	3.00e-54	166
B158DRAFT_0544	iML1515.b2904	63.1	122	45	0	1	122	1	122	2.95e-52	160
B158DRAFT_0544	iSbBS512_1146.SbBS512_E3325	63.1	122	45	0	1	122	1	122	2.95e-52	160
B158DRAFT_0544	iSF_1195.SF2890	63.1	122	45	0	1	122	1	122	2.95e-52	160
B158DRAFT_0544	iSSON_1240.SSON_3057	63.1	122	45	0	1	122	1	122	2.95e-52	160
B158DRAFT_0544	iYL1228.KPN_03340	63.9	122	44	0	1	122	1	122	4.19e-52	160
B158DRAFT_0544	iSDY_1059.SDY_3177	63.1	122	45	0	1	122	1	122	4.19e-52	160
B158DRAFT_0544	STM_v1_0.STM3054	63.1	122	45	0	1	122	1	122	5.95e-52	160
B158DRAFT_0545	iPC815.YPO0905	61.6	955	359	5	12	958	5	959	0.0	1155
B158DRAFT_0545	iJN1463.PP_5192	61.6	953	358	7	12	958	7	957	0.0	1153
B158DRAFT_0545	STM_v1_0.STM3053	60.7	955	365	6	12	958	5	957	0.0	1139
B158DRAFT_0545	iSDY_1059.SDY_3178	60.8	955	364	6	12	958	5	957	0.0	1139
B158DRAFT_0545	iML1515.b2903	60.7	955	365	6	12	958	5	957	0.0	1138
B158DRAFT_0545	iYL1228.KPN_03339	60.6	955	366	6	12	958	5	957	0.0	1138
B158DRAFT_0545	iSbBS512_1146.SbBS512_E3324	60.6	955	366	6	12	958	5	957	0.0	1136
B158DRAFT_0545	iSF_1195.SF2889	60.6	955	366	6	12	958	5	957	0.0	1135
B158DRAFT_0545	iSSON_1240.SSON_3056	60.5	955	367	6	12	958	5	957	0.0	1134
B158DRAFT_0545	iJN1463.PP_0988	59.8	948	370	6	18	959	8	950	0.0	1112
B158DRAFT_0551	iIT341.HP1228	30.4	148	92	6	7	149	6	147	1.61e-13	65.5
B158DRAFT_0555	STM_v1_0.STM3002	50.5	281	117	4	1	260	6	285	1.67e-98	289
B158DRAFT_0556	iPC815.YPO0783	73.1	264	71	0	1	264	1	264	1.06e-152	426
B158DRAFT_0556	iML1515.b2827	72.7	264	72	0	1	264	1	264	1.51e-152	425
B158DRAFT_0556	iSSON_1240.SSON_2984	72.7	264	72	0	1	264	1	264	1.51e-152	425
B158DRAFT_0556	iSF_1195.SF2837	72.3	264	73	0	1	264	1	264	2.14e-152	425
B158DRAFT_0556	iYL1228.KPN_03236	73.5	264	70	0	1	264	1	264	4.31e-152	424
B158DRAFT_0556	STM_v1_0.STM3001	73.1	264	71	0	1	264	1	264	6.12e-152	424
B158DRAFT_0556	iSbBS512_1146.SbBS512_E3035	72.3	264	73	0	1	264	1	264	2.49e-151	422
B158DRAFT_0556	iSDY_1059.SDY_3044	72.0	264	74	0	1	264	1	264	3.54e-151	422
B158DRAFT_0556	iYO844.BSU21820	67.8	264	85	0	1	264	1	264	1.54e-138	390
B158DRAFT_0556	iCN718.ABAYE_RS16485	65.0	280	82	3	1	264	1	280	3.65e-136	384
B158DRAFT_0557	iPC815.YPO0486	54.0	163	70	1	5	167	2	159	6.84e-54	167
B158DRAFT_0557	iYL1228.KPN_00045	52.8	163	72	1	5	167	1	158	2.68e-53	166
B158DRAFT_0557	STM_v1_0.STM0087	52.8	163	72	1	5	167	1	158	2.18e-52	164
B158DRAFT_0557	iML1515.b0048	52.1	163	73	1	5	167	1	158	7.18e-51	160
B158DRAFT_0557	iSbBS512_1146.SbBS512_E0042	52.1	163	73	1	5	167	1	158	7.18e-51	160
B158DRAFT_0557	iSF_1195.SF0045	52.1	163	73	1	5	167	1	158	7.18e-51	160
B158DRAFT_0557	iSSON_1240.SSON_0056	52.1	163	73	1	5	167	1	158	7.18e-51	160
B158DRAFT_0557	iSDY_1059.SDY_0071	52.1	163	73	1	5	167	1	158	1.02e-50	159
B158DRAFT_0557	iYO844.BSU21810	47.8	159	79	2	5	163	1	155	7.18e-48	152
B158DRAFT_0559	iSynCJ816.SGL_RS02940	31.8	110	64	5	327	429	482	587	6.84e-05	45.8
B158DRAFT_0565	iCN718.ABAYE_RS02855	58.4	327	132	3	1	324	1	326	8.93e-131	375
B158DRAFT_0565	iEK1008.Rv1240	56.2	322	140	1	4	324	5	326	2.55e-118	343
B158DRAFT_0568	iML1515.b1430	22.9	153	103	5	108	254	21	164	3.25e-05	43.5
B158DRAFT_0568	iSynCJ816.SGL_RS18145	34.0	47	31	0	2	48	69	115	2.60e-04	40.4
B158DRAFT_0573	iML1515.b1010	27.3	128	88	2	1	125	1	126	2.92e-08	48.5
B158DRAFT_0573	iSDY_1059.SDY_0985	27.3	128	88	2	1	125	1	126	2.92e-08	48.5
B158DRAFT_0573	iSF_1195.SF1013	27.3	128	88	2	1	125	1	126	5.71e-08	47.8
B158DRAFT_0574	STM_v1_0.STM3742	54.7	702	310	3	7	704	4	701	2.15e-273	767
B158DRAFT_0574	iPC815.YPO0038	55.1	702	306	3	7	704	4	700	2.07e-273	767
B158DRAFT_0574	iYL1228.KPN_03998	54.6	703	312	3	7	704	4	704	4.80e-273	766
B158DRAFT_0574	iJN1463.PP_5302	53.4	706	316	4	4	703	1	699	1.68e-272	765
B158DRAFT_0574	iML1515.b3650	54.4	702	311	3	7	704	4	700	4.80e-272	764
B158DRAFT_0574	iSbBS512_1146.SbBS512_E4101	54.4	702	311	3	7	704	4	700	4.80e-272	764
B158DRAFT_0574	iSF_1195.SF3690	54.4	702	311	3	7	704	4	700	4.80e-272	764
B158DRAFT_0574	iSSON_1240.SSON_3755	54.4	702	311	3	7	704	4	700	4.80e-272	764
B158DRAFT_0574	iSDY_1059.SDY_4082	54.4	702	311	3	7	704	4	700	6.81e-272	763
B158DRAFT_0576	iJN1463.PP_5296	56.9	202	87	0	11	212	4	205	2.01e-80	238
B158DRAFT_0576	iSDY_1059.SDY_4080	57.0	207	87	1	10	214	1	207	6.87e-79	234
B158DRAFT_0576	STM_v1_0.STM3740	56.5	207	88	1	10	214	1	207	3.94e-78	233
B158DRAFT_0576	iYL1228.KPN_03996	57.5	207	86	1	10	214	1	207	5.60e-78	232
B158DRAFT_0576	iML1515.b3648	56.5	207	88	1	10	214	1	207	7.94e-78	232
B158DRAFT_0576	iSbBS512_1146.SbBS512_E4099	56.5	207	88	1	10	214	1	207	7.94e-78	232
B158DRAFT_0576	iSF_1195.SF3688	56.5	207	88	1	10	214	1	207	7.94e-78	232
B158DRAFT_0576	iSSON_1240.SSON_3757	56.5	207	88	1	10	214	1	207	7.94e-78	232
B158DRAFT_0576	iPC815.YPO0040	56.0	207	89	1	10	214	1	207	5.26e-76	227
B158DRAFT_0576	iCN718.ABAYE_RS02090	54.2	201	92	0	13	213	3	203	3.03e-73	220
B158DRAFT_0579	iYS854.USA300HOU_RS02280	31.1	774	412	24	123	801	149	896	1.18e-84	288
B158DRAFT_0580	iPC815.YPO2545	34.7	265	169	4	74	335	99	362	5.30e-33	132
B158DRAFT_0580	iYL1228.KPN_02668	31.8	302	195	6	44	335	59	359	6.38e-31	126
B158DRAFT_0580	iML1515.b2278	33.6	265	172	4	74	335	96	359	2.83e-30	124
B158DRAFT_0580	iSDY_1059.SDY_2474	33.2	265	173	4	74	335	96	359	2.83e-30	124
B158DRAFT_0580	iSF_1195.SF2354	33.6	265	172	4	74	335	96	359	2.83e-30	124
B158DRAFT_0580	iSbBS512_1146.SbBS512_E2654	33.6	265	172	4	74	335	96	359	3.81e-30	124
B158DRAFT_0580	iSSON_1240.SSON_2335	33.6	265	172	4	74	335	96	359	3.81e-30	124
B158DRAFT_0580	STM_v1_0.STM2318	33.2	265	173	4	74	335	96	359	5.13e-30	123
B158DRAFT_0580	iJN1463.PP_4129	32.8	296	186	7	51	335	68	361	1.71e-29	122
B158DRAFT_0580	iEK1008.Rv3156	34.1	273	172	6	68	336	97	365	3.30e-29	121
B158DRAFT_0583	iSF_1195.SF0046	47.9	265	136	2	1	264	1	264	3.02e-83	250
B158DRAFT_0583	iML1515.b0049	47.9	265	136	2	1	264	1	264	4.28e-83	250
B158DRAFT_0583	iSbBS512_1146.SbBS512_E0043	47.9	265	136	2	1	264	1	264	4.28e-83	250
B158DRAFT_0583	iSSON_1240.SSON_0057	47.9	265	136	2	1	264	1	264	4.28e-83	250
B158DRAFT_0583	iSDY_1059.SDY_0074	47.9	265	136	2	1	264	1	264	9.17e-83	249
B158DRAFT_0583	iJN1463.PP_0399	47.7	262	132	3	1	259	1	260	3.15e-82	248
B158DRAFT_0583	STM_v1_0.STM0088	46.8	265	139	2	1	264	1	264	4.23e-81	245
B158DRAFT_0583	iYL1228.KPN_00046	45.5	266	143	2	1	265	1	265	5.99e-81	244
B158DRAFT_0583	iPC815.YPO0490	44.6	269	147	2	1	268	1	268	2.77e-78	238
B158DRAFT_0585	iSDY_1059.SDY_1586	57.6	250	100	3	9	257	3	247	1.53e-93	275
B158DRAFT_0585	iML1515.b1539	57.2	250	101	3	9	257	3	247	1.24e-92	273
B158DRAFT_0585	iSSON_1240.SSON_1589	57.2	250	101	3	9	257	3	247	1.24e-92	273
B158DRAFT_0585	iSF_1195.SF1556	57.2	250	101	3	9	257	3	247	1.76e-92	272
B158DRAFT_0585	STM_v1_0.STM1511	57.6	250	100	3	9	257	3	247	5.03e-92	271
B158DRAFT_0585	iYL1228.KPN_01590	56.0	250	104	2	9	257	3	247	1.48e-91	270
B158DRAFT_0585	iSbBS512_1146.SbBS512_E1701	56.8	250	102	3	9	257	3	247	1.43e-91	270
B158DRAFT_0585	iJN1463.PP_4862	53.9	254	113	2	8	260	4	254	5.03e-86	256
B158DRAFT_0588	iCN900.CD630_33080	56.3	231	101	0	6	236	7	237	2.90e-84	257
B158DRAFT_0593	iHN637.CLJU_RS02030	57.0	398	160	3	1	395	1	390	1.60e-142	411
B158DRAFT_0593	iYO844.BSU29220	56.5	393	159	4	7	395	6	390	1.34e-141	409
B158DRAFT_0593	iCN900.CD630_10050	53.7	397	172	4	3	395	5	393	5.89e-139	401
B158DRAFT_0593	iYS854.USA300HOU_RS09025	55.0	393	165	4	7	395	6	390	1.38e-138	401
B158DRAFT_0593	iHN637.CLJU_RS18940	54.1	392	168	4	8	395	7	390	5.53e-133	387
B158DRAFT_0593	iHN637.CLJU_RS12495	52.1	388	175	3	7	391	6	385	2.37e-132	384
B158DRAFT_0593	iAF692.Mbar_A3045	52.4	395	178	4	5	395	32	420	4.63e-131	382
B158DRAFT_0593	iHN637.CLJU_RS15045	51.9	387	175	3	7	390	6	384	1.63e-131	382
B158DRAFT_0593	iSynCJ816.SGL_RS02305	52.8	390	165	6	7	393	87	460	4.84e-129	379
B158DRAFT_0595	iYS854.USA300HOU_RS13340	38.0	503	273	6	12	478	5	504	3.05e-104	321
B158DRAFT_0602	iPC815.YPO1106	49.0	288	143	2	7	291	6	292	5.99e-97	286
B158DRAFT_0602	STM_v1_0.STM2683	49.5	289	142	2	6	291	4	291	2.34e-96	285
B158DRAFT_0602	iJN1463.PP_2012	51.4	288	137	1	7	291	23	310	2.83e-95	283
B158DRAFT_0602	iYL1228.KPN_02937	49.5	289	142	2	6	291	4	291	1.90e-95	283
B158DRAFT_0602	iML1515.b2615	49.1	289	143	2	6	291	4	291	5.40e-95	281
B158DRAFT_0602	iSbBS512_1146.SbBS512_E3004	49.1	289	143	2	6	291	4	291	5.40e-95	281
B158DRAFT_0602	iSDY_1059.SDY_2788	49.1	289	143	2	6	291	4	291	5.40e-95	281
B158DRAFT_0602	iSF_1195.SF2674	49.1	289	143	2	6	291	4	291	5.40e-95	281
B158DRAFT_0602	iSSON_1240.SSON_2771	49.1	289	143	2	6	291	4	291	5.40e-95	281
B158DRAFT_0607	iYS854.USA300HOU_RS05260	21.1	331	233	8	305	630	77	384	6.68e-12	67.4
B158DRAFT_0608	iSbBS512_1146.SbBS512_E0599	35.0	489	267	11	5	485	8	453	2.28e-79	261
B158DRAFT_0608	iSSON_1240.SSON_0604	35.9	493	257	13	5	485	8	453	2.28e-79	261
B158DRAFT_0608	iML1515.b0650	35.7	493	258	13	5	485	8	453	6.23e-79	260
B158DRAFT_0608	STM_v1_0.STM0659	34.4	489	270	11	5	485	8	453	6.70e-79	260
B158DRAFT_0610	iCN718.ABAYE_RS19205	38.4	367	215	5	14	376	2	361	3.06e-75	237
B158DRAFT_0610	iJN1463.PP_5335	37.0	373	215	8	16	382	2	360	8.11e-72	228
B158DRAFT_0611	iYO844.BSU06420	61.7	154	59	0	4	157	3	156	3.36e-57	176
B158DRAFT_0611	iCN718.ABAYE_RS19210	58.8	153	63	0	4	156	10	162	1.43e-55	172
B158DRAFT_0611	iJN1463.PP_5336	56.0	150	66	0	6	155	5	154	8.79e-53	164
B158DRAFT_0611	iSDY_1059.SDY_0275	54.9	153	69	0	5	157	9	161	1.50e-52	164
B158DRAFT_0611	iYL1228.KPN_00478	55.6	153	68	0	3	155	7	159	2.13e-52	164
B158DRAFT_0611	iPC815.YPO3076	57.0	151	65	0	5	155	14	164	3.53e-52	163
B158DRAFT_0611	iML1515.b0523	54.9	153	69	0	5	157	9	161	8.62e-52	162
B158DRAFT_0611	iSbBS512_1146.SbBS512_E0451	54.9	153	69	0	5	157	9	161	8.62e-52	162
B158DRAFT_0611	STM_v1_0.STM0534	54.2	153	70	0	5	157	9	161	7.01e-51	160
B158DRAFT_0611	iSF_1195.SF0454	54.2	153	70	0	5	157	9	161	9.94e-51	159
B158DRAFT_0611	iSSON_1240.SSON_0495	54.2	153	70	0	5	157	9	161	2.83e-50	158
B158DRAFT_0613	STM_v1_0.STM0506	32.6	175	104	4	36	199	28	199	1.05e-16	74.7
B158DRAFT_0613	iML1515.b0494	31.8	176	106	4	36	200	29	201	2.18e-16	73.9
B158DRAFT_0613	iSbBS512_1146.SbBS512_E0429	31.8	176	106	4	36	200	28	200	2.15e-16	73.9
B158DRAFT_0613	iSSON_1240.SSON_0484	31.8	176	106	4	36	200	29	201	2.18e-16	73.9
B158DRAFT_0613	iSDY_1059.SDY_0404	31.3	176	107	4	36	200	29	201	2.20e-15	71.2
B158DRAFT_0613	iYL1228.KPN_00472	32.0	172	109	4	36	199	18	189	2.54e-14	68.2
B158DRAFT_0613	iJN1463.PP_2318	35.3	139	80	4	32	160	19	157	3.77e-14	67.8
B158DRAFT_0614	iPC815.YPO0480	49.1	265	134	1	4	267	8	272	3.58e-77	234
B158DRAFT_0614	iYL1228.KPN_00039	47.0	264	139	1	4	266	8	271	8.20e-76	231
B158DRAFT_0614	iML1515.b0031	46.8	265	140	1	4	267	8	272	1.65e-75	230
B158DRAFT_0614	iSF_1195.SF0028	46.8	265	140	1	4	267	8	272	2.33e-75	230
B158DRAFT_0614	iSSON_1240.SSON_0036	46.8	265	140	1	4	267	8	272	3.30e-75	229
B158DRAFT_0614	iJN1463.PP_4725	46.2	266	142	1	1	265	1	266	3.87e-75	229
B158DRAFT_0614	iSDY_1059.SDY_0053	46.4	265	141	1	4	267	8	272	1.88e-74	228
B158DRAFT_0614	iSbBS512_1146.SbBS512_E0035	46.6	264	140	1	4	266	8	271	2.66e-74	227
B158DRAFT_0614	STM_v1_0.STM0064	46.2	264	141	1	4	266	8	271	5.33e-74	226
B158DRAFT_0614	iCN718.ABAYE_RS00740	46.5	258	136	2	11	267	14	270	2.44e-72	222
B158DRAFT_0614	iAF987.Gmet_0212	44.4	266	146	2	1	265	1	265	5.58e-72	221
B158DRAFT_0615	STM_v1_0.STM0066	72.5	374	100	1	17	387	5	378	2.68e-204	566
B158DRAFT_0615	iYL1228.KPN_00040	71.9	377	97	2	17	387	14	387	3.53e-202	561
B158DRAFT_0615	iPC815.YPO0481	72.3	375	101	1	17	388	5	379	3.53e-202	561
B158DRAFT_0615	iML1515.b0032	72.2	374	101	1	17	387	5	378	5.14e-202	560
B158DRAFT_0615	iSbBS512_1146.SbBS512_E0036	72.2	374	101	1	17	387	5	378	5.14e-202	560
B158DRAFT_0615	iSSON_1240.SSON_0037	72.2	374	101	1	17	387	5	378	5.14e-202	560
B158DRAFT_0615	iSDY_1059.SDY_0054	72.2	374	101	1	17	387	5	378	7.29e-202	560
B158DRAFT_0615	iSF_1195.SF0029	71.7	374	103	1	17	387	5	378	1.71e-200	556
B158DRAFT_0615	iCN718.ABAYE_RS04535	71.0	376	104	3	16	387	4	378	1.38e-196	546
B158DRAFT_0615	iJN1463.PP_4724	69.9	376	110	1	15	387	3	378	1.47e-193	539
B158DRAFT_0616	STM_v1_0.STM0067	73.8	1072	280	1	1	1071	1	1072	0.0	1581
B158DRAFT_0616	iML1515.b0033	73.8	1072	280	1	1	1071	1	1072	0.0	1580
B158DRAFT_0616	iYL1228.KPN_00041	73.9	1072	279	1	1	1071	1	1072	0.0	1578
B158DRAFT_0616	iSF_1195.SF0030	73.6	1072	282	1	1	1071	1	1072	0.0	1577
B158DRAFT_0616	iSbBS512_1146.SbBS512_E0037	73.6	1072	282	1	1	1071	1	1072	0.0	1576
B158DRAFT_0616	iSSON_1240.SSON_0038	73.6	1072	282	1	1	1071	1	1072	0.0	1576
B158DRAFT_0616	iSDY_1059.SDY_0055	73.3	1072	285	1	1	1071	1	1072	0.0	1569
B158DRAFT_0616	iJN1463.PP_4723	72.8	1068	291	0	1	1068	4	1071	0.0	1566
B158DRAFT_0616	iPC815.YPO0482	72.9	1072	290	1	1	1071	1	1072	0.0	1565
B158DRAFT_0616	iCN718.ABAYE_RS04530	72.2	1073	292	2	1	1067	1	1073	0.0	1562
B158DRAFT_0624	iSynCJ816.SGL_RS15040	32.0	281	169	4	27	301	54	318	1.53e-45	156
B158DRAFT_0625	iYS854.USA300HOU_RS13900	29.3	184	105	9	1	168	1	175	2.26e-05	46.2
B158DRAFT_0625	iEK1008.Rv2677c	41.8	67	29	2	5	67	8	68	1.15e-04	43.9
B158DRAFT_0627	iJN1463.PP_2734	49.5	390	195	2	42	431	1	388	1.50e-127	374
B158DRAFT_0630	iSF_1195.SF1689	30.2	275	170	8	68	340	118	372	1.20e-29	116
B158DRAFT_0630	iSDY_1059.SDY_1887	29.9	278	173	8	68	343	118	375	1.66e-29	116
B158DRAFT_0630	iPC815.YPO2390	29.8	272	167	10	68	336	118	368	3.21e-29	115
B158DRAFT_0630	iML1515.b1661	29.8	275	171	8	68	340	118	372	4.36e-29	115
B158DRAFT_0630	iSSON_1240.SSON_1495	29.8	275	171	8	68	340	118	372	4.36e-29	115
B158DRAFT_0630	iSbBS512_1146.SbBS512_E1859	29.8	275	171	8	68	340	118	372	6.02e-29	114
B158DRAFT_0630	STM_v1_0.STM1427	29.1	275	173	8	68	340	118	372	1.09e-27	111
B158DRAFT_0630	iYL1228.KPN_01999	29.1	275	173	7	68	340	68	322	9.70e-28	110
B158DRAFT_0630	iIT341.HP0416	28.0	286	181	11	54	330	97	366	1.03e-25	105
B158DRAFT_0631	iAF987.Gmet_0043	36.2	69	44	0	359	427	197	265	3.55e-06	48.9
B158DRAFT_0632	iAF987.Gmet_1706	29.4	197	128	4	5	195	3	194	9.54e-15	71.6
B158DRAFT_0632	iAF987.Gmet_0069	33.1	124	78	3	1	120	1	123	3.76e-13	67.0
B158DRAFT_0632	iAF987.Gmet_1914	32.1	106	71	1	5	110	4	108	1.92e-12	65.5
B158DRAFT_0635	iAT_PLT_636.4905	40.2	214	102	6	181	375	242	448	2.52e-33	135
B158DRAFT_0635	iMM1415.18195	40.2	214	102	6	181	375	242	448	2.52e-33	135
B158DRAFT_0636	iJN1463.PP_4717	55.9	261	113	2	12	271	24	283	1.11e-94	280
B158DRAFT_0636	iPC815.YPO3501	53.6	263	120	2	10	271	15	276	6.89e-92	272
B158DRAFT_0636	STM_v1_0.STM3295	53.7	255	116	2	10	263	15	268	1.75e-88	264
B158DRAFT_0636	iML1515.b3177	52.5	255	119	2	10	263	15	268	8.08e-87	259
B158DRAFT_0636	iSF_1195.SF3217	52.5	255	119	2	10	263	30	283	1.31e-86	259
B158DRAFT_0636	iSSON_1240.SSON_3325	52.5	255	119	2	10	263	30	283	1.31e-86	259
B158DRAFT_0636	iYL1228.KPN_03587	52.5	255	119	2	10	263	15	268	1.15e-86	259
B158DRAFT_0636	iSbBS512_1146.SbBS512_E3593	52.5	255	119	2	10	263	15	268	1.62e-86	259
B158DRAFT_0636	iSDY_1059.SDY_3358	52.2	255	120	2	10	263	30	283	1.50e-85	257
B158DRAFT_0637	iYL1228.KPN_03586	59.6	445	177	2	1	442	1	445	1.00e-184	521
B158DRAFT_0637	iSDY_1059.SDY_3357	60.0	443	174	2	1	440	1	443	1.00e-184	521
B158DRAFT_0637	iML1515.b3176	59.8	443	175	2	1	440	1	443	1.42e-184	521
B158DRAFT_0637	iSbBS512_1146.SbBS512_E3594	59.8	443	175	2	1	440	1	443	1.42e-184	521
B158DRAFT_0637	iSSON_1240.SSON_3324	59.8	443	175	2	1	440	1	443	1.42e-184	521
B158DRAFT_0637	STM_v1_0.STM3294	59.8	443	175	2	1	440	1	443	2.02e-184	521
B158DRAFT_0637	iPC815.YPO3500	59.1	443	178	2	1	440	1	443	6.88e-183	517
B158DRAFT_0637	iSF_1195.SF3216	59.1	443	178	2	1	440	1	443	3.10e-181	513
B158DRAFT_0637	iJN1463.PP_4716	58.4	442	181	2	4	442	3	444	2.00e-177	503
B158DRAFT_0637	iCN718.ABAYE_RS01360	56.1	444	187	2	6	444	3	443	4.58e-166	474
B158DRAFT_0638	iAF987.Gmet_2727	46.0	100	53	1	267	366	292	390	9.43e-19	86.7
B158DRAFT_0638	iAF987.Gmet_1832	43.1	102	57	1	268	368	413	514	1.25e-17	84.0
B158DRAFT_0639	iAF692.Mbar_A0964	27.9	122	86	2	3	124	26	145	2.16e-11	58.5
B158DRAFT_0639	iLJ478.TM1347	29.3	116	72	3	16	128	94	202	2.31e-10	56.6
B158DRAFT_0639	iYS854.USA300HOU_RS13270	29.8	114	70	3	16	127	259	364	1.94e-09	53.9
B158DRAFT_0642	iNF517.LLMG_RS01990	29.0	252	167	6	39	286	19	262	1.42e-24	101
B158DRAFT_0643	iYL1228.KPN_00244	75.1	406	101	0	3	408	2	407	2.39e-230	634
B158DRAFT_0644	iYL1228.KPN_00243	74.3	202	48	1	1	202	1	198	2.53e-101	290
B158DRAFT_0645	iYL1228.KPN_00242	69.3	205	63	0	4	208	6	210	1.75e-95	276
B158DRAFT_0646	iYL1228.KPN_00241	39.8	123	68	4	9	127	12	132	3.33e-17	75.5
B158DRAFT_0647	iYL1228.KPN_00240	67.9	411	120	4	1	399	1	411	1.51e-195	546
B158DRAFT_0648	iYL1228.KPN_00239	57.6	448	189	1	1	448	1	447	1.51e-187	529
B158DRAFT_0649	iJN1463.PP_4715	53.0	253	113	3	1	250	1	250	2.06e-89	264
B158DRAFT_0649	STM_v1_0.STM4081	49.0	249	127	0	1	249	1	249	6.32e-82	245
B158DRAFT_0649	iPC815.YPO0085	48.2	249	129	0	1	249	1	249	1.46e-80	242
B158DRAFT_0649	iML1515.b3919	48.2	249	129	0	1	249	1	249	4.77e-79	238
B158DRAFT_0649	iSbBS512_1146.SbBS512_E4399	48.2	249	129	0	1	249	1	249	4.77e-79	238
B158DRAFT_0649	iSDY_1059.SDY_3826	48.2	249	129	0	1	249	1	249	4.77e-79	238
B158DRAFT_0649	iSF_1195.SF3997	48.2	249	129	0	1	249	1	249	4.77e-79	238
B158DRAFT_0649	iSSON_1240.SSON_4088	48.2	249	129	0	1	249	1	249	4.77e-79	238
B158DRAFT_0656	iEK1008.Rv2531c	27.9	718	375	19	35	612	165	879	5.66e-70	244
B158DRAFT_0656	iJN1463.PP_4140	33.0	569	276	16	143	610	150	714	2.80e-70	241
B158DRAFT_0656	iYO844.BSU14630	31.1	492	323	7	141	631	5	481	7.02e-71	237
B158DRAFT_0664	iAF987.Gmet_2345	23.8	298	206	9	10	292	14	305	1.42e-18	85.5
B158DRAFT_0664	iML1515.b3632	24.8	282	181	8	21	281	5	276	2.27e-18	84.7
B158DRAFT_0664	iYL1228.KPN_03968	23.2	311	190	8	6	284	10	303	8.75e-18	83.2
B158DRAFT_0665	iJN1463.PP_0345	30.2	116	73	3	82	189	65	180	1.20e-06	47.8
B158DRAFT_0670	iSynCJ816.SGL_RS10200	32.1	196	112	4	11	206	53	227	2.22e-12	67.0
B158DRAFT_0671	iJN1463.PP_0110	58.3	290	117	1	20	309	8	293	1.07e-109	320
B158DRAFT_0672	iIS312.TCDM_05651	31.1	148	98	3	39	183	90	236	9.71e-24	95.1
B158DRAFT_0675	iYL1228.KPN_03968	26.4	307	186	13	2	283	15	306	1.77e-17	82.0
B158DRAFT_0675	iAF987.Gmet_2331	22.9	310	220	8	1	293	3	310	4.31e-17	80.9
B158DRAFT_0676	iJN1463.PP_1735	36.0	292	180	4	13	297	18	309	8.95e-58	193
B158DRAFT_0676	STM_v1_0.STM2401	37.2	282	172	5	18	294	24	305	4.72e-55	186
B158DRAFT_0676	iSDY_1059.SDY_2576	37.5	283	170	6	18	294	46	327	1.69e-54	185
B158DRAFT_0676	iML1515.b2378	37.5	283	170	6	18	294	24	305	1.81e-54	184
B158DRAFT_0676	iSF_1195.SF2444	37.5	283	170	6	18	294	46	327	3.30e-54	184
B158DRAFT_0676	iSSON_1240.SSON_2469	37.5	283	170	6	18	294	46	327	6.47e-54	184
B158DRAFT_0676	iSbBS512_1146.SbBS512_E2746	37.1	283	171	6	18	294	24	305	2.67e-53	181
B158DRAFT_0676	iYL1228.KPN_01167	37.2	285	169	7	18	294	22	304	9.70e-53	180
B158DRAFT_0676	iYL1228.KPN_01068	36.8	288	176	5	13	294	19	306	2.80e-52	179
B158DRAFT_0676	STM_v1_0.STM1155	36.3	281	173	4	15	289	21	301	2.80e-52	179
B158DRAFT_0676	iSF_1195.SF1061	37.0	281	171	5	15	289	21	301	2.80e-52	179
B158DRAFT_0676	iML1515.b1054	37.0	281	171	5	15	289	21	301	3.92e-52	178
B158DRAFT_0676	iSbBS512_1146.SbBS512_E2276	37.0	281	171	5	15	289	21	301	3.92e-52	178
B158DRAFT_0676	iSDY_1059.SDY_2293	37.0	281	171	5	15	289	21	301	5.48e-52	178
B158DRAFT_0676	iSSON_1240.SSON_1074	37.0	281	171	5	15	289	21	301	7.67e-52	177
B158DRAFT_0679	iAF987.Gmet_2161	35.2	230	121	9	35	256	381	590	2.76e-23	99.8
B158DRAFT_0682	iSbBS512_1146.SbBS512_E1343	34.7	167	90	6	6	163	12	168	1.01e-15	70.5
B158DRAFT_0682	iSSON_1240.SSON_1177	34.7	167	90	6	6	163	12	168	1.01e-15	70.5
B158DRAFT_0682	iML1515.b1185	34.7	167	90	6	6	163	12	168	1.42e-15	70.1
B158DRAFT_0682	iSDY_1059.SDY_1222	34.7	167	90	6	6	163	12	168	1.42e-15	70.1
B158DRAFT_0682	iSF_1195.SF1174	34.7	167	90	6	6	163	12	168	1.98e-15	69.7
B158DRAFT_0682	iJN1463.PP_0190	27.0	141	99	3	15	155	16	152	9.11e-15	67.8
B158DRAFT_0682	iJN1463.PP_0809	30.1	153	100	4	15	166	21	167	6.81e-14	65.5
B158DRAFT_0682	iPC815.YPO2141	31.0	168	101	6	6	168	12	169	1.10e-13	65.1
B158DRAFT_0683	iHN637.CLJU_RS10465	34.5	139	77	3	584	721	420	545	1.35e-12	70.9
B158DRAFT_0684	iAF987.Gmet_1706	39.8	118	67	2	7	122	2	117	7.16e-20	86.3
B158DRAFT_0685	iAF987.Gmet_0043	31.1	106	65	2	335	432	161	266	2.08e-11	65.5
B158DRAFT_0700	iML1515.b3399	40.6	212	126	0	12	223	7	218	1.01e-58	184
B158DRAFT_0701	iYL1228.KPN_03768	53.4	174	80	1	5	178	8	180	1.90e-62	191
B158DRAFT_0701	iML1515.b3397	51.7	174	83	1	5	178	8	180	2.92e-59	182
B158DRAFT_0701	iSbBS512_1146.SbBS512_E3774	51.7	174	83	1	5	178	8	180	2.92e-59	182
B158DRAFT_0701	iSF_1195.SF3415	51.7	174	83	1	5	178	8	180	2.92e-59	182
B158DRAFT_0701	iSSON_1240.SSON_3528	51.7	174	83	1	5	178	8	180	4.14e-59	182
B158DRAFT_0701	iSDY_1059.SDY_3681	51.1	174	84	1	5	178	8	180	8.33e-59	181
B158DRAFT_0701	iPC815.YPO0144	53.4	174	80	1	5	178	7	179	7.12e-59	181
B158DRAFT_0705	iAF987.Gmet_1854	38.8	139	82	1	256	391	256	394	2.84e-24	102
B158DRAFT_0706	iJN1463.PP_5056	63.8	508	182	2	1	507	1	507	8.48e-236	656
B158DRAFT_0706	iYL1228.KPN_03956	62.8	508	184	3	8	511	1	507	1.11e-225	630
B158DRAFT_0706	iSDY_1059.SDY_4045	62.1	515	190	3	1	511	1	514	1.42e-225	630
B158DRAFT_0706	iSbBS512_1146.SbBS512_E4040	62.1	515	190	3	1	511	1	514	8.18e-225	629
B158DRAFT_0706	iSSON_1240.SSON_3793	62.1	515	190	3	1	511	1	514	8.18e-225	629
B158DRAFT_0706	STM_v1_0.STM3704	61.6	515	193	3	1	511	1	514	2.34e-224	627
B158DRAFT_0706	iML1515.b3612	62.4	510	187	3	6	511	6	514	3.31e-224	627
B158DRAFT_0706	iSF_1195.SF3651	61.9	515	191	3	1	511	1	514	9.46e-224	626
B158DRAFT_0709	iEK1008.Rv3116	33.3	87	58	0	46	132	293	379	4.19e-11	58.9
B158DRAFT_0709	iSynCJ816.SGL_RS18145	28.0	100	70	1	41	140	66	163	2.52e-10	55.1
B158DRAFT_0710	iYL1228.KPN_03954	53.0	83	39	0	1	83	1	83	4.97e-26	91.3
B158DRAFT_0710	iML1515.b3610	51.8	83	40	0	1	83	1	83	1.65e-24	87.4
B158DRAFT_0710	STM_v1_0.STM3702	53.0	83	39	0	1	83	1	83	1.65e-24	87.4
B158DRAFT_0710	iSbBS512_1146.SbBS512_E4038	51.8	83	40	0	1	83	1	83	1.65e-24	87.4
B158DRAFT_0710	iSDY_1059.SDY_4043	51.8	83	40	0	1	83	1	83	1.65e-24	87.4
B158DRAFT_0710	iSSON_1240.SSON_3795	51.8	83	40	0	1	83	1	83	1.65e-24	87.4
B158DRAFT_0710	iSF_1195.SF3649	51.8	83	40	0	1	83	1	83	2.35e-24	87.0
B158DRAFT_0710	iJN1463.PP_5054	50.0	82	41	0	1	82	1	82	1.39e-23	85.1
B158DRAFT_0712	iYL1228.KPN_03952	59.5	326	131	1	9	333	10	335	7.95e-130	374
B158DRAFT_0712	iPC815.YPO0068	58.0	331	138	1	4	333	5	335	1.30e-128	370
B158DRAFT_0712	iSbBS512_1146.SbBS512_E4036	57.4	329	139	1	6	333	7	335	4.28e-127	367
B158DRAFT_0712	iML1515.b3608	57.4	329	139	1	6	333	7	335	8.60e-127	366
B158DRAFT_0712	iSDY_1059.SDY_4041	57.4	329	139	1	6	333	7	335	8.60e-127	366
B158DRAFT_0712	iSF_1195.SF3647	57.4	329	139	1	6	333	7	335	8.60e-127	366
B158DRAFT_0712	iSSON_1240.SSON_3797	57.4	329	139	1	6	333	7	335	8.60e-127	366
B158DRAFT_0712	STM_v1_0.STM3700	57.4	329	139	1	6	333	7	335	9.92e-126	363
B158DRAFT_0714	iAF987.Gmet_1919	34.5	119	78	0	5	123	3	121	1.84e-19	84.3
B158DRAFT_0717	iML1515.b3870	75.7	469	114	0	1	469	1	469	8.74e-271	741
B158DRAFT_0717	iSbBS512_1146.SbBS512_E4346	75.7	469	114	0	1	469	1	469	8.74e-271	741
B158DRAFT_0717	iSDY_1059.SDY_3873	75.7	469	114	0	1	469	1	469	8.74e-271	741
B158DRAFT_0717	iSF_1195.SF3940	75.7	469	114	0	1	469	1	469	8.74e-271	741
B158DRAFT_0717	iSSON_1240.SSON_4042	75.7	469	114	0	1	469	1	469	8.74e-271	741
B158DRAFT_0717	STM_v1_0.STM4007	75.5	469	115	0	1	469	1	469	1.76e-270	741
B158DRAFT_0717	iPC815.YPO0024	74.6	469	119	0	1	469	1	469	8.33e-269	736
B158DRAFT_0717	iYL1228.KPN_04178	75.1	461	115	0	9	469	1	461	9.74e-266	728
B158DRAFT_0717	iCN718.ABAYE_RS06065	70.8	466	133	3	6	469	5	469	1.86e-244	675
B158DRAFT_0718	iML1515.b3966	41.0	144	79	3	41	184	26	163	4.83e-18	88.6
B158DRAFT_0718	iSSON_1240.SSON_4139	41.0	144	79	3	41	184	26	163	4.83e-18	88.6
B158DRAFT_0718	iSF_1195.SF4048	41.7	144	78	3	41	184	26	163	8.43e-18	87.8
B158DRAFT_0718	iYL1228.KPN_02593	22.9	629	299	21	41	653	12	470	1.18e-17	87.4
B158DRAFT_0718	STM_v1_0.STM4130	41.0	144	79	3	41	184	26	163	1.11e-17	87.4
B158DRAFT_0718	iSDY_1059.SDY_3762	40.3	144	80	3	41	184	26	163	2.56e-17	86.3
B158DRAFT_0718	STM_v1_0.STM2199	26.2	386	235	12	38	398	28	388	1.35e-15	80.9
B158DRAFT_0719	iNF517.LLMG_RS03890	30.6	147	85	7	31	166	12	152	1.25e-08	54.7
B158DRAFT_0719	iYS854.USA300HOU_RS07520	32.4	105	56	4	65	163	54	149	2.33e-07	50.8
B158DRAFT_0722	iCN900.CD630_07540	28.7	129	76	4	19	146	181	294	3.63e-06	48.1
B158DRAFT_0723	iAF987.Gmet_0069	34.7	173	112	1	512	684	130	301	7.80e-27	111
B158DRAFT_0723	iAF987.Gmet_2425	36.7	169	100	3	518	684	181	344	5.69e-25	106
B158DRAFT_0724	iAF987.Gmet_2425	39.1	169	96	3	541	707	181	344	4.01e-29	119
B158DRAFT_0724	iAF987.Gmet_0069	35.8	173	110	1	535	707	130	301	1.51e-26	110
B158DRAFT_0725	iEK1008.Rv0684	24.4	492	256	11	2	390	10	488	2.28e-28	120
B158DRAFT_0725	iSynCJ816.SGL_RS17200	23.5	485	257	12	4	387	7	478	9.03e-26	112
B158DRAFT_0725	iSynCJ816.SGL_RS10930	24.5	489	248	12	2	387	7	477	6.53e-25	109
B158DRAFT_0729	iJN1463.PP_1700	51.5	625	291	7	2	621	40	657	9.83e-205	588
B158DRAFT_0731	iML1515.b1601	36.8	329	197	5	20	347	22	340	3.31e-59	194
B158DRAFT_0732	iJN1463.PP_1384	38.6	471	273	7	2	462	1	465	8.36e-91	284
B158DRAFT_0732	iYL1228.KPN_04739	38.1	459	275	6	7	462	42	494	7.33e-89	279
B158DRAFT_0732	iML1515.b0572	37.6	463	271	7	7	462	6	457	1.79e-85	269
B158DRAFT_0732	iSF_1195.SF0473	36.0	458	285	6	7	462	6	457	2.35e-83	264
B158DRAFT_0732	iSSON_1240.SSON_0523	36.6	459	281	6	7	462	6	457	3.31e-83	263
B158DRAFT_0733	STM_v1_0.STM3391	48.5	1040	525	6	1	1035	1	1034	0.0	923
B158DRAFT_0733	iYL1228.KPN_03673	47.8	1040	531	7	1	1035	1	1033	0.0	914
B158DRAFT_0733	iML1515.b3266	48.4	1038	525	6	1	1033	1	1032	5.34e-320	913
B158DRAFT_0733	iML1515.b0462	47.1	1046	543	6	1	1041	1	1041	1.58e-318	909
B158DRAFT_0733	iSF_1195.SF2512	46.3	1041	546	6	1	1036	1	1033	1.87e-308	883
B158DRAFT_0733	iML1515.b2470	46.3	1041	546	6	1	1036	1	1033	2.12e-307	880
B158DRAFT_0733	iSSON_1240.SSON_2550	46.3	1041	546	6	1	1036	1	1033	4.25e-307	879
B158DRAFT_0733	iSDY_1059.SDY_2654	46.1	1041	548	6	1	1036	1	1033	9.67e-306	876
B158DRAFT_0733	iJN1463.PP_1385	47.0	1039	542	5	1	1036	1	1033	4.21e-305	875
B158DRAFT_0734	iML1515.b0463	42.0	355	202	4	41	391	30	384	3.70e-77	243
B158DRAFT_0734	iSSON_1240.SSON_0450	41.7	355	203	4	41	391	30	384	1.04e-76	242
B158DRAFT_0734	STM_v1_0.STM3390	42.6	345	193	3	41	382	32	374	1.47e-76	241
B158DRAFT_0734	iSDY_1059.SDY_0456	41.7	355	203	4	41	391	30	384	2.91e-76	241
B158DRAFT_0734	iSF_1195.SF0408	41.7	355	203	4	41	391	30	384	5.79e-76	240
B158DRAFT_0734	iML1515.b3265	41.9	346	194	5	41	382	32	374	2.54e-74	236
B158DRAFT_0734	iSbBS512_1146.SbBS512_E3648	41.6	346	195	5	41	382	32	374	7.13e-74	234
B158DRAFT_0734	iJN1463.PP_1386	41.3	344	184	5	41	380	28	357	3.86e-73	233
B158DRAFT_0734	iYL1228.KPN_03672	42.0	374	205	7	16	382	1	369	1.86e-72	231
B158DRAFT_0734	iPC815.YPO3132	40.0	345	203	4	40	380	30	374	4.25e-68	220
B158DRAFT_0741	iML1515.b1103	47.1	102	53	1	5	105	6	107	1.02e-29	102
B158DRAFT_0742	iPC815.YPO3779	51.7	536	255	2	6	540	5	537	1.42e-185	531
B158DRAFT_0742	STM_v1_0.STM3972	51.2	543	244	9	4	541	6	532	1.28e-184	529
B158DRAFT_0742	iJN1463.PP_5013	52.6	546	239	8	3	541	5	537	5.94e-184	527
B158DRAFT_0742	iSbBS512_1146.SbBS512_E4307	50.8	549	243	9	4	544	6	535	1.46e-183	526
B158DRAFT_0742	iSDY_1059.SDY_3908	50.8	549	243	9	4	544	6	535	1.46e-183	526
B158DRAFT_0742	iSF_1195.SF3913	50.8	549	243	9	4	544	6	535	1.46e-183	526
B158DRAFT_0742	iSSON_1240.SSON_4010	50.6	549	244	9	4	544	6	535	5.89e-183	525
B158DRAFT_0742	iYL1228.KPN_04331	50.2	544	245	8	6	540	5	531	2.88e-178	513
B158DRAFT_0744	iPC815.YPO3781	74.2	244	63	0	12	255	8	251	1.19e-132	374
B158DRAFT_0744	iML1515.b3833	72.9	247	67	0	9	255	5	251	3.40e-132	373
B158DRAFT_0744	iSbBS512_1146.SbBS512_E4305	72.9	247	67	0	9	255	5	251	3.40e-132	373
B158DRAFT_0744	iSDY_1059.SDY_3910	72.9	247	67	0	9	255	5	251	3.40e-132	373
B158DRAFT_0744	iSF_1195.SF3911	72.9	247	67	0	9	255	5	251	3.40e-132	373
B158DRAFT_0744	iSSON_1240.SSON_4008	72.9	247	67	0	9	255	5	251	3.40e-132	373
B158DRAFT_0744	STM_v1_0.STM3970	72.5	247	68	0	9	255	5	251	6.85e-132	372
B158DRAFT_0744	iYL1228.KPN_04329	73.3	247	66	0	9	255	5	251	1.61e-130	369
B158DRAFT_0744	iJN1463.PP_5011	70.0	243	73	0	12	254	13	255	2.01e-125	356
B158DRAFT_0746	iAM_Pv461.PVX_092460	33.5	254	138	9	125	353	859	1106	1.64e-09	60.8
B158DRAFT_0746	iAM_Pc455.PCYB_094280	31.5	254	143	8	125	353	704	951	8.21e-09	58.5
B158DRAFT_0747	iCN900.CD630_20200	32.2	87	49	3	11	93	572	652	8.11e-04	41.6
B158DRAFT_0757	iPC815.YPO0145	43.3	813	419	7	24	797	22	831	9.92e-224	653
B158DRAFT_0757	STM_v1_0.STM3493	42.9	814	420	9	26	799	32	840	3.14e-221	647
B158DRAFT_0757	iJN1463.PP_5084	42.6	787	432	6	20	798	19	793	4.76e-221	645
B158DRAFT_0757	iML1515.b3396	41.5	814	431	8	26	799	24	832	1.24e-215	632
B158DRAFT_0757	iSSON_1240.SSON_3527	41.4	814	432	8	26	799	32	840	1.59e-215	632
B158DRAFT_0757	iSDY_1059.SDY_3682	41.4	814	432	8	26	799	32	840	3.18e-215	631
B158DRAFT_0757	iSbBS512_1146.SbBS512_E3773	41.4	814	432	8	26	799	24	832	4.93e-215	630
B158DRAFT_0757	iSF_1195.SF3414	41.3	814	433	8	26	799	24	832	1.39e-214	629
B158DRAFT_0757	iYL1228.KPN_03767	42.3	790	412	8	50	799	1	786	4.22e-210	616
B158DRAFT_0763	STM_v1_0.STM3487	63.7	171	61	1	1	170	1	171	7.05e-72	214
B158DRAFT_0763	iYL1228.KPN_03761	64.3	171	60	1	1	170	1	171	1.00e-71	213
B158DRAFT_0763	iML1515.b3390	62.6	171	63	1	1	170	1	171	1.65e-70	210
B158DRAFT_0763	iSbBS512_1146.SbBS512_E3767	62.6	171	63	1	1	170	1	171	1.65e-70	210
B158DRAFT_0763	iSDY_1059.SDY_3689	62.6	171	63	1	1	170	1	171	1.65e-70	210
B158DRAFT_0763	iSF_1195.SF3408	62.6	171	63	1	1	170	68	238	1.42e-69	210
B158DRAFT_0763	iSSON_1240.SSON_3521	62.6	171	63	1	1	170	1	171	1.65e-70	210
B158DRAFT_0764	iSSON_1240.SSON_3520	50.1	337	165	2	14	347	12	348	5.54e-104	310
B158DRAFT_0764	iSbBS512_1146.SbBS512_E3766	49.9	337	166	2	14	347	12	348	1.11e-103	309
B158DRAFT_0764	iML1515.b3389	49.9	337	166	2	14	347	12	348	1.57e-103	308
B158DRAFT_0764	iJN1463.PP_5078	48.7	335	171	1	14	347	12	346	1.73e-103	308
B158DRAFT_0764	STM_v1_0.STM3486	49.9	337	166	2	14	347	12	348	6.32e-103	307
B158DRAFT_0764	iSDY_1059.SDY_3690	49.6	337	167	2	14	347	12	348	8.95e-103	306
B158DRAFT_0764	iSF_1195.SF3407	49.6	337	167	2	14	347	12	348	1.27e-102	306
B158DRAFT_0764	iPC815.YPO0152	50.6	338	163	3	14	347	12	349	5.09e-102	305
B158DRAFT_0764	iCN718.ABAYE_RS02015	47.6	347	175	3	15	359	13	354	1.35e-101	303
B158DRAFT_0764	iYL1228.KPN_03760	49.7	328	162	2	14	338	12	339	3.51e-100	300
B158DRAFT_0764	iLB1027_lipid.PHATRDRAFT_20809	44.1	356	186	5	15	357	70	425	2.30e-92	282
B158DRAFT_0766	iYL1228.KPN_04379	74.9	350	88	0	5	354	4	353	3.10e-197	546
B158DRAFT_0766	iML1515.b3997	73.4	350	93	0	5	354	4	353	1.40e-193	536
B158DRAFT_0766	iSbBS512_1146.SbBS512_E4488	73.4	350	93	0	5	354	4	353	1.40e-193	536
B158DRAFT_0766	iSSON_1240.SSON_4170	73.4	350	93	0	5	354	4	353	1.40e-193	536
B158DRAFT_0766	iPC815.YPO3734	73.1	350	94	0	5	354	4	353	1.45e-193	536
B158DRAFT_0766	iSF_1195.SF4069	73.1	350	94	0	5	354	4	353	8.06e-193	535
B158DRAFT_0766	iSDY_1059.SDY_3729	73.1	350	94	0	5	354	4	353	4.65e-192	533
B158DRAFT_0766	STM_v1_0.STM4167	72.6	350	96	0	5	354	4	353	5.40e-191	530
B158DRAFT_0766	iJN1463.PP_5074	68.9	350	109	0	5	354	4	353	1.98e-179	501
B158DRAFT_0768	iJN1463.PP_5120	52.1	443	210	2	16	456	31	473	2.70e-161	464
B158DRAFT_0770	iEK1008.Rv3409c	20.1	561	337	19	20	508	6	527	3.20e-08	55.8
B158DRAFT_0771	iJN1463.PP_5123	66.5	155	52	0	5	159	4	158	1.51e-69	207
B158DRAFT_0771	STM_v1_0.STM3725	57.9	159	67	0	1	159	1	159	1.72e-63	191
B158DRAFT_0771	iCN718.ABAYE_RS14785	61.7	154	58	1	1	153	1	154	2.27e-62	189
B158DRAFT_0771	iML1515.b3634	57.3	157	67	0	1	157	1	157	5.72e-62	187
B158DRAFT_0771	iSbBS512_1146.SbBS512_E4059	57.3	157	67	0	1	157	1	157	5.72e-62	187
B158DRAFT_0771	iSF_1195.SF3673	57.3	157	67	0	1	157	1	157	5.72e-62	187
B158DRAFT_0771	iSSON_1240.SSON_3773	57.3	157	67	0	1	157	1	157	8.11e-62	187
B158DRAFT_0771	iYL1228.KPN_03974	57.9	159	67	0	1	159	1	159	1.63e-61	186
B158DRAFT_0772	iJN1463.PP_1625	58.3	24	10	0	7	30	38	61	2.09e-05	39.3
B158DRAFT_0782	iYL1228.KPN_03979	56.8	373	156	3	1	369	2	373	9.85e-146	419
B158DRAFT_0782	iPC815.YPO0048	57.2	369	154	3	3	368	4	371	2.71e-145	418
B158DRAFT_0782	iSDY_1059.SDY_4069	56.1	374	159	3	1	369	25	398	2.64e-144	416
B158DRAFT_0782	iML1515.b3639	56.1	374	159	3	1	369	1	374	2.36e-144	416
B158DRAFT_0782	iSSON_1240.SSON_3767	56.1	374	159	3	1	369	25	398	7.51e-144	415
B158DRAFT_0782	iSF_1195.SF3678	56.1	374	159	3	1	369	25	398	1.51e-143	414
B158DRAFT_0782	iJN1463.PP_5285	56.4	397	166	4	2	395	3	395	4.92e-143	412
B158DRAFT_0782	STM_v1_0.STM3730	56.1	376	156	4	1	369	2	375	1.60e-142	411
B158DRAFT_0782	iSbBS512_1146.SbBS512_E4064	55.6	374	161	3	1	369	1	374	2.20e-142	410
B158DRAFT_0782	iCN718.ABAYE_RS03170	53.1	399	175	4	6	393	11	408	1.11e-137	399
B158DRAFT_0783	iJN1463.PP_5288	50.8	451	222	0	356	806	13	463	2.04e-168	494
B158DRAFT_0786	iSF_1195.SF3681	66.7	213	71	0	1	213	1	213	1.22e-101	292
B158DRAFT_0786	iML1515.b3642	66.7	213	71	0	1	213	1	213	1.74e-101	292
B158DRAFT_0786	iSDY_1059.SDY_4073	66.7	213	71	0	1	213	1	213	7.05e-101	290
B158DRAFT_0786	iSbBS512_1146.SbBS512_E4067	65.7	213	73	0	1	213	1	213	1.42e-100	290
B158DRAFT_0786	iSSON_1240.SSON_3764	65.7	213	73	0	1	213	1	213	8.19e-100	288
B158DRAFT_0786	iYL1228.KPN_03983	65.7	213	73	0	1	213	1	213	3.32e-99	286
B158DRAFT_0786	STM_v1_0.STM3733	65.3	213	74	0	1	213	1	213	3.32e-99	286
B158DRAFT_0786	iPC815.YPO0045	60.7	214	84	0	1	214	1	214	6.13e-93	270
B158DRAFT_0786	iJN1463.PP_5291	60.6	213	84	0	1	213	1	213	2.20e-90	264
B158DRAFT_0788	iAM_Pb448.PBANKA_146280	28.5	246	159	6	21	259	207	442	6.25e-26	105
B158DRAFT_0788	iAM_Pv461.PVX_085660	29.5	227	146	4	14	233	82	301	5.53e-26	105
B158DRAFT_0788	iAM_Pc455.PCYB_147430	30.5	239	151	7	29	259	84	315	5.84e-25	101
B158DRAFT_0788	iAM_Pv461.PVX_101390	31.1	225	142	6	42	259	276	494	4.70e-24	100
B158DRAFT_0788	iAM_Pf480.PF3D7_1249900	29.1	227	146	6	42	259	391	611	1.48e-23	99.4
B158DRAFT_0789	iYL1228.KPN_00049	56.1	330	144	1	1	330	1	329	2.27e-128	369
B158DRAFT_0789	iML1515.b0052	57.1	331	139	3	1	330	1	329	4.57e-128	369
B158DRAFT_0789	iSbBS512_1146.SbBS512_E0046	56.8	331	140	3	1	330	1	329	5.27e-127	366
B158DRAFT_0789	iSSON_1240.SSON_0060	56.8	331	140	3	1	330	1	329	1.06e-126	365
B158DRAFT_0789	iSDY_1059.SDY_0077	56.8	331	140	3	1	330	1	329	1.50e-126	365
B158DRAFT_0789	iSF_1195.SF0049	56.5	331	141	3	1	330	1	329	4.29e-126	363
B158DRAFT_0789	STM_v1_0.STM0091	55.5	330	146	1	1	330	1	329	6.08e-126	363
B158DRAFT_0789	iPC815.YPO0493	56.2	324	141	1	6	329	7	329	6.11e-124	358
B158DRAFT_0791	iSSON_1240.SSON_0062	27.6	742	482	15	94	788	51	784	5.38e-88	294
B158DRAFT_0791	iML1515.b0054	27.6	742	482	15	94	788	51	784	7.48e-88	294
B158DRAFT_0791	iSbBS512_1146.SbBS512_E0048	27.6	742	482	15	94	788	51	784	1.44e-87	293
B158DRAFT_0791	iSDY_1059.SDY_0079	27.4	742	484	15	94	788	51	784	7.39e-86	288
B158DRAFT_0791	iSF_1195.SF0051	27.4	742	484	15	94	788	51	784	1.03e-85	288
B158DRAFT_0793	iAF692.Mbar_A1937	30.7	225	135	5	1	208	1	221	2.56e-29	112
B158DRAFT_0793	iAF692.Mbar_A2020	32.5	237	146	6	1	225	1	235	1.34e-26	105
B158DRAFT_0793	iSynCJ816.SGL_RS11220	29.0	255	154	7	1	228	1	255	2.24e-25	102
B158DRAFT_0795	iIS312.TCDM_01832	28.1	224	117	7	5	185	9	231	4.99e-15	71.6
B158DRAFT_0796	STM_v1_0.STM1221	37.3	241	137	10	4	240	31	261	1.14e-39	137
B158DRAFT_0798	iAF987.Gmet_0916	28.7	349	175	13	13	344	3	294	2.64e-25	103
B158DRAFT_0799	iCN718.ABAYE_RS16085	54.5	906	392	9	10	898	14	916	0.0	962
B158DRAFT_0799	iYO844.BSU18000	54.6	904	389	11	9	901	16	909	0.0	960
B158DRAFT_0799	STM_v1_0.STM1712	53.7	904	398	9	2	899	3	891	0.0	957
B158DRAFT_0799	iSF_1195.SF1280	53.9	903	395	9	2	898	3	890	0.0	954
B158DRAFT_0799	iML1515.b1276	53.9	903	395	9	2	898	3	890	0.0	953
B158DRAFT_0799	iJN1463.PP_2112	54.1	902	396	9	12	898	13	911	0.0	952
B158DRAFT_0799	iEK1008.Rv1475c	50.9	936	407	10	12	901	15	943	0.0	951
B158DRAFT_0799	iYL1228.KPN_01272	53.9	903	395	8	2	898	3	890	0.0	950
B158DRAFT_0799	iSSON_1240.SSON_1864	53.8	903	396	9	2	898	3	890	0.0	948
B158DRAFT_0799	iYS854.USA300HOU_RS06870	54.2	906	401	9	2	900	3	901	0.0	941
B158DRAFT_0799	iPC815.YPO2221	54.2	871	378	8	34	898	35	890	0.0	936
B158DRAFT_0799	iAF692.Mbar_A0714	53.5	916	385	14	21	900	23	933	0.0	934
B158DRAFT_0799	iAF987.Gmet_1016	53.4	924	386	15	12	896	15	932	0.0	924
B158DRAFT_0799	iIS312.TCDM_02343	53.6	868	383	7	37	901	47	897	0.0	919
B158DRAFT_0799	iMM1415.11428	51.9	886	404	10	16	896	18	886	0.0	909
B158DRAFT_0799	iAT_PLT_636.48	51.6	886	407	10	16	896	18	886	0.0	904
B158DRAFT_0799	iCHOv1.100766024	51.4	886	409	10	16	896	18	886	8.07e-319	898
B158DRAFT_0799	iAM_Pf480.PF3D7_1342100	50.2	872	421	7	34	901	45	907	1.23e-307	870
B158DRAFT_0803	iAT_PLT_636.290	33.0	506	298	16	147	628	154	642	5.17e-63	230
B158DRAFT_0803	iCHOv1.100762211	28.8	601	386	16	80	650	69	657	2.05e-62	228
B158DRAFT_0803	iMM1415.16790	29.3	540	321	18	147	650	154	668	5.50e-58	215
B158DRAFT_0805	iAF987.Gmet_3509	24.5	1053	726	24	1	1019	5	1022	4.59e-60	223
B158DRAFT_0805	iJN1463.PP_3426	22.6	1074	755	23	4	1034	6	1046	9.42e-60	222
B158DRAFT_0805	STM_v1_0.STM3391	22.5	1062	758	24	4	1031	4	1034	2.72e-57	214
B158DRAFT_0805	iSF_1195.SF2512	20.7	1056	761	25	4	1019	4	1023	8.54e-56	210
B158DRAFT_0805	iML1515.b2470	20.6	1056	762	25	4	1019	4	1023	1.52e-55	209
B158DRAFT_0805	iSSON_1240.SSON_2550	20.6	1056	762	25	4	1019	4	1023	2.02e-55	209
B158DRAFT_0805	iML1515.b0462	21.9	1069	759	26	4	1032	4	1036	2.83e-55	208
B158DRAFT_0805	iML1515.b3266	21.7	1064	743	25	4	1019	4	1025	1.47e-54	206
B158DRAFT_0805	iSDY_1059.SDY_2654	20.5	1055	765	25	4	1019	4	1023	1.94e-53	202
B158DRAFT_0805	iYL1228.KPN_03673	21.7	1051	758	25	4	1019	4	1024	3.42e-53	202
B158DRAFT_0805	iJN1463.PP_0043	23.9	1055	720	24	15	1020	17	1037	3.65e-53	202
B158DRAFT_0812	iAF987.Gmet_0987	29.4	429	282	8	323	735	361	784	1.76e-44	171
B158DRAFT_0812	iAF987.Gmet_3085	28.4	443	289	10	308	730	445	879	7.00e-44	170
B158DRAFT_0812	iJN1463.PP_0914	29.9	458	302	7	299	741	236	689	6.61e-44	168
B158DRAFT_0812	iAF987.Gmet_0957	30.1	459	297	10	294	734	167	619	1.60e-43	166
B158DRAFT_0812	iAF987.Gmet_0700	28.5	432	289	9	308	725	383	808	4.08e-40	158
B158DRAFT_0812	iML1515.b1285	29.9	421	265	9	323	725	237	645	2.76e-40	157
B158DRAFT_0826	iJN1463.PP_3588	23.4	363	245	11	26	373	28	372	2.33e-16	79.7
B158DRAFT_0826	iPC815.YPO4048	27.5	189	134	3	24	210	31	218	1.09e-15	77.8
B158DRAFT_0826	iML1515.b0842	23.5	324	246	2	27	348	34	357	4.75e-15	75.9
B158DRAFT_0826	iSF_1195.SF0795	27.5	182	131	1	27	207	34	215	8.44e-15	75.1
B158DRAFT_0826	iYL1228.KPN_00874	24.0	325	243	4	27	348	34	357	1.53e-14	74.3
B158DRAFT_0827	iSF_1195.SF3100	45.0	189	104	0	7	195	7	195	1.10e-50	162
B158DRAFT_0827	iML1515.b3059	44.4	189	105	0	7	195	7	195	4.41e-50	160
B158DRAFT_0827	iSbBS512_1146.SbBS512_E3490	44.4	189	105	0	7	195	7	195	4.41e-50	160
B158DRAFT_0827	iSDY_1059.SDY_3242	44.4	189	105	0	7	195	7	195	4.41e-50	160
B158DRAFT_0827	iSSON_1240.SSON_3196	44.4	189	105	0	7	195	7	195	4.41e-50	160
B158DRAFT_0827	iJN1463.PP_0391	45.3	192	98	3	1	190	1	187	1.15e-46	151
B158DRAFT_0828	iML1515.b3058	53.9	115	53	0	1	115	1	115	1.81e-39	127
B158DRAFT_0828	iSDY_1059.SDY_3241	53.9	115	53	0	1	115	2	116	1.86e-39	127
B158DRAFT_0828	iSF_1195.SF3099	53.9	115	53	0	1	115	1	115	1.81e-39	127
B158DRAFT_0828	iSbBS512_1146.SbBS512_E3489	53.0	115	54	0	1	115	1	115	5.16e-39	126
B158DRAFT_0828	iSSON_1240.SSON_3195	53.0	115	54	0	1	115	2	116	5.32e-39	126
B158DRAFT_0828	iJN1463.PP_0392	55.2	116	51	1	1	115	1	116	6.50e-39	126
B158DRAFT_0828	iPC815.YPO0648	50.4	117	58	0	1	117	1	117	1.91e-38	125
B158DRAFT_0828	STM_v1_0.STM3206	52.2	115	55	0	1	115	2	116	2.80e-38	124
B158DRAFT_0828	iYL1228.KPN_03462	50.4	115	57	0	1	115	1	115	2.81e-37	122
B158DRAFT_0829	iJN1463.PP_0393	33.7	163	103	3	1	162	3	161	2.20e-23	90.1
B158DRAFT_0830	iSynCJ816.SGL_RS07840	46.9	241	121	5	5	238	6	246	7.58e-63	196
B158DRAFT_0833	iAF987.Gmet_3133	41.9	265	147	3	1	264	1	259	9.92e-56	180
B158DRAFT_0833	iHN637.CLJU_RS07805	39.6	273	147	5	1	270	1	258	2.06e-50	166
B158DRAFT_0838	iAM_Pb448.PBANKA_083440	30.3	195	127	5	66	259	59	245	3.32e-13	72.8
B158DRAFT_0839	iAM_Pv461.PVX_001880	29.7	118	69	3	206	317	431	540	5.63e-06	48.5
B158DRAFT_0839	iAM_Pc455.PCYB_061470	29.2	120	68	4	206	318	388	497	2.14e-05	46.6
B158DRAFT_0840	iJN1463.PP_4947	47.6	1041	504	12	24	1042	93	1114	1.83e-302	877
B158DRAFT_0840	iYL1228.KPN_01041	48.5	1000	475	10	57	1031	134	1118	3.40e-302	877
B158DRAFT_0840	iPC815.YPO1851	46.9	1035	506	11	24	1031	96	1113	3.11e-299	869
B158DRAFT_0840	iCN718.ABAYE_RS10755	45.9	1038	520	12	18	1028	25	1047	1.06e-295	858
B158DRAFT_0840	iML1515.b1014	46.8	1030	508	10	24	1028	95	1109	2.53e-294	857
B158DRAFT_0840	iSSON_1240.SSON_1034	46.8	1030	508	10	24	1028	95	1109	7.13e-294	855
B158DRAFT_0840	iSbBS512_1146.SbBS512_E2304	46.7	1030	509	10	24	1028	95	1109	1.59e-292	852
B158DRAFT_0842	iLJ478.TM0261	38.1	412	239	3	10	421	2	397	1.00e-80	254
B158DRAFT_0842	iEK1008.Rv2281	33.8	494	231	7	14	424	72	552	3.14e-72	236
B158DRAFT_0851	iSDY_1059.SDY_4227	30.8	467	286	10	9	460	5	449	1.93e-54	187
B158DRAFT_0851	iSF_1195.SF4181	30.8	467	286	11	9	460	5	449	1.02e-53	186
B158DRAFT_0851	iSSON_1240.SSON_4202	30.8	467	286	11	9	460	5	449	1.02e-53	186
B158DRAFT_0851	iML1515.b4024	30.8	467	286	11	9	460	5	449	1.43e-53	185
B158DRAFT_0851	iSbBS512_1146.SbBS512_E4529	30.8	467	286	11	9	460	5	449	1.43e-53	185
B158DRAFT_0851	iPC815.YPO3719	30.8	464	290	11	9	460	17	461	1.36e-52	183
B158DRAFT_0851	iYL1228.KPN_04412	31.3	464	288	11	9	460	5	449	1.50e-51	180
B158DRAFT_0851	STM_v1_0.STM4220	30.8	471	281	14	9	460	5	449	1.13e-48	172
B158DRAFT_0853	iLB1027_lipid.PHATRDRAFT_16693	35.9	78	49	1	102	178	118	195	8.53e-10	55.5
B158DRAFT_0858	iYS854.USA300HOU_RS12590	40.3	422	238	6	31	449	4	414	7.12e-84	264
B158DRAFT_0859	iML1515.b1985	22.9	433	319	6	8	429	40	468	8.71e-19	88.2
B158DRAFT_0864	iJN1463.PP_0362	66.3	341	114	1	21	360	9	349	3.12e-166	468
B158DRAFT_0864	iSbBS512_1146.SbBS512_E2577	64.8	310	109	0	22	331	4	313	2.42e-152	432
B158DRAFT_0864	iYL1228.KPN_00800	66.2	305	103	0	27	331	1	305	5.21e-152	431
B158DRAFT_0864	iML1515.b0775	64.8	310	109	0	22	331	4	313	1.39e-151	430
B158DRAFT_0864	iSSON_1240.SSON_0754	64.8	310	109	0	22	331	4	313	1.39e-151	430
B158DRAFT_0864	iSDY_1059.SDY_0831	64.8	310	109	0	22	331	4	313	1.97e-151	430
B158DRAFT_0864	iSF_1195.SF0724	64.8	310	109	0	22	331	4	313	1.97e-151	430
B158DRAFT_0864	STM_v1_0.STM0794	64.7	312	109	1	21	331	2	313	5.63e-151	429
B158DRAFT_0864	iPC815.YPO1151	63.4	309	113	0	23	331	5	313	8.92e-150	426
B158DRAFT_0865	iJN1463.PP_0363	51.5	375	182	0	5	379	5	379	1.24e-127	372
B158DRAFT_0866	iML1515.b3412	48.9	237	118	3	9	244	7	241	1.30e-73	224
B158DRAFT_0866	iSDY_1059.SDY_3663	48.9	237	118	3	9	244	7	241	1.30e-73	224
B158DRAFT_0866	iSF_1195.SF3435	48.9	237	118	3	9	244	7	241	1.57e-73	224
B158DRAFT_0866	iSbBS512_1146.SbBS512_E3793	48.9	237	118	3	9	244	7	241	7.40e-73	223
B158DRAFT_0866	iSSON_1240.SSON_3545	48.9	237	118	3	9	244	7	241	7.40e-73	223
B158DRAFT_0867	iJN1463.PP_0365	40.5	252	147	3	14	264	16	265	4.25e-52	171
B158DRAFT_0869	iJN1463.PP_0366	42.8	229	121	3	6	230	3	225	2.14e-55	176
B158DRAFT_0869	iYL1228.KPN_00803	40.0	225	127	3	9	230	6	225	3.77e-51	166
B158DRAFT_0869	STM_v1_0.STM0797	43.1	204	109	2	9	210	6	204	2.13e-50	163
B158DRAFT_0869	iSDY_1059.SDY_0828	43.1	204	109	2	9	210	6	204	2.76e-50	163
B158DRAFT_0869	iSF_1195.SF0728	42.6	204	110	2	9	210	6	204	1.56e-49	161
B158DRAFT_0869	iML1515.b0778	42.6	204	110	2	9	210	6	204	3.12e-49	160
B158DRAFT_0869	iSSON_1240.SSON_0757	42.6	204	110	2	9	210	6	204	3.12e-49	160
B158DRAFT_0869	iSbBS512_1146.SbBS512_E2574	42.6	204	110	2	9	210	6	204	6.23e-49	159
B158DRAFT_0871	iPC815.YPO0313	53.4	116	54	0	1	116	1	116	1.49e-30	105
B158DRAFT_0871	iYL1228.KPN_04430	49.1	116	59	0	1	116	1	116	1.17e-29	103
B158DRAFT_0871	iJN1463.PP_1636	50.0	112	56	0	5	116	8	119	2.29e-29	102
B158DRAFT_0871	iML1515.b4042	48.7	113	58	0	1	113	1	113	1.91e-28	100
B158DRAFT_0871	iSbBS512_1146.SbBS512_E4555	48.7	113	58	0	1	113	1	113	1.91e-28	100
B158DRAFT_0871	iSDY_1059.SDY_4532	48.7	113	58	0	1	113	1	113	1.91e-28	100
B158DRAFT_0871	iSF_1195.SF4163	48.7	113	58	0	1	113	1	113	1.91e-28	100
B158DRAFT_0871	iSSON_1240.SSON_4222	48.7	113	58	0	1	113	1	113	1.91e-28	100
B158DRAFT_0871	iJN1463.PP_2973	48.2	112	58	0	5	116	4	115	6.71e-28	98.6
B158DRAFT_0871	iCN718.ABAYE_RS04660	47.7	109	57	0	5	113	10	118	1.16e-27	98.2
B158DRAFT_0876	iJN1463.PP_1866	43.2	431	243	2	9	437	5	435	3.52e-123	365
B158DRAFT_0876	iLB1027_lipid.PHATRDRAFT_24353	42.5	435	241	5	9	437	51	482	3.72e-116	349
B158DRAFT_0876	iIT341.HP0134	42.4	436	239	6	9	437	6	436	7.98e-111	334
B158DRAFT_0881	iYL1228.KPN_00969	30.6	193	128	4	328	515	16	207	7.10e-21	92.0
B158DRAFT_0881	iCN900.CD630_04310	22.4	523	308	14	18	515	17	466	1.69e-19	91.3
B158DRAFT_0881	iHN637.CLJU_RS00620	23.1	541	288	17	1	498	1	456	5.43e-18	86.7
B158DRAFT_0881	iAF987.Gmet_0492	30.5	226	128	7	323	525	5	224	4.11e-18	84.0
B158DRAFT_0885	iCN900.CD630_31950	33.1	961	463	15	1	936	1	806	8.87e-165	501
B158DRAFT_0886	iYO844.BSU03070	32.7	104	68	1	69	170	68	171	5.49e-08	54.7
B158DRAFT_0886	iYS854.USA300HOU_RS03755	26.4	356	218	11	27	361	18	350	7.69e-08	53.9
B158DRAFT_0886	iYO844.BSU26590	24.9	334	225	10	42	361	42	363	3.26e-07	52.0
B158DRAFT_0890	iJN1463.PP_0037	28.9	432	250	15	1	378	1	429	6.28e-36	135
B158DRAFT_0891	iJN1463.PP_5328	48.3	741	362	13	21	746	28	762	2.82e-222	641
B158DRAFT_0892	iJN1463.PP_5327	58.1	549	213	4	3	534	7	555	1.73e-211	597
B158DRAFT_0893	iJN1463.PP_5326	75.3	283	64	2	4	283	2	281	1.86e-148	416
B158DRAFT_0894	iCN900.CD630_32860	24.1	212	152	4	19	227	337	542	7.85e-10	58.2
B158DRAFT_0895	iAF987.Gmet_1706	36.1	119	73	2	4	122	2	117	4.70e-17	78.2
B158DRAFT_0896	iAF987.Gmet_0043	24.0	233	164	4	204	427	39	267	1.64e-13	72.0
B158DRAFT_0898	iJN1463.PP_4175	69.1	404	125	0	1	404	1	404	3.05e-204	568
B158DRAFT_0899	iJN1463.PP_4174	64.4	174	59	1	1	174	1	171	9.87e-81	236
B158DRAFT_0899	iML1515.b0954	63.7	168	58	1	7	174	8	172	2.27e-77	228
B158DRAFT_0899	iSbBS512_1146.SbBS512_E2362	63.7	168	58	1	7	174	8	172	2.27e-77	228
B158DRAFT_0899	iSDY_1059.SDY_0927	63.7	168	58	1	7	174	8	172	2.27e-77	228
B158DRAFT_0899	iSF_1195.SF0954	63.7	168	58	1	7	174	8	172	2.27e-77	228
B158DRAFT_0899	iSSON_1240.SSON_0958	63.7	168	58	1	7	174	8	172	2.27e-77	228
B158DRAFT_0899	STM_v1_0.STM1067	63.1	168	59	1	7	174	8	172	6.51e-77	226
B158DRAFT_0899	iYL1228.KPN_00983	62.5	168	60	1	7	174	8	172	1.07e-75	223
B158DRAFT_0899	iPC815.YPO1430	64.9	168	56	1	7	174	8	172	6.19e-75	221
B158DRAFT_0900	iJN1463.PP_1006	29.6	743	452	21	53	740	135	861	4.52e-78	268
B158DRAFT_0901	iJN1463.PP_3382	36.8	106	62	4	29	130	313	417	1.86e-10	63.2
B158DRAFT_0902	iJN1463.PP_5329	69.9	316	87	4	9	316	6	321	3.83e-155	437
B158DRAFT_0904	iCN718.ABAYE_RS15140	36.3	267	164	5	22	284	20	284	5.16e-53	174
B158DRAFT_0905	iML1515.b3291	60.6	132	51	1	1	132	1	131	1.14e-52	162
B158DRAFT_0906	iJN1463.PP_1382	33.1	145	84	5	1	140	1	137	7.94e-11	57.0
B158DRAFT_0910	iSynCJ816.SGL_RS16330	51.1	425	208	0	1	425	1	425	1.69e-162	464
B158DRAFT_0911	iCN718.ABAYE_RS13105	30.6	268	176	3	9	266	4	271	1.36e-31	117
B158DRAFT_0912	iJN1463.PP_4670	32.3	161	106	3	403	562	248	406	6.65e-19	89.0
B158DRAFT_0912	iJN1463.PP_1144	33.8	154	99	2	403	556	290	440	4.13e-18	87.8
B158DRAFT_0912	iAF987.Gmet_1914	33.5	155	102	1	406	560	296	449	6.27e-18	86.3
B158DRAFT_0912	iAF987.Gmet_1298	28.8	160	112	2	406	564	187	345	9.34e-17	81.6
B158DRAFT_0912	iAF987.Gmet_2425	33.3	159	101	3	406	563	190	344	9.34e-17	81.6
B158DRAFT_0912	iAF987.Gmet_0069	27.5	160	115	1	406	565	145	303	1.99e-16	80.1
B158DRAFT_0916	iSF_1195.SF1011	55.1	196	88	0	5	200	1	196	2.05e-78	232
B158DRAFT_0916	iSDY_1059.SDY_0983	54.6	196	89	0	5	200	1	196	5.86e-78	231
B158DRAFT_0916	iML1515.b1008	54.1	196	90	0	5	200	1	196	3.37e-77	229
B158DRAFT_0916	iSSON_1240.SSON_1026	54.6	196	89	0	5	200	1	196	4.78e-77	229
B158DRAFT_0919	iYL1228.KPN_01198	51.2	123	60	0	298	420	4	126	1.32e-41	143
B158DRAFT_0919	iML1515.b1778	51.2	123	60	0	298	420	4	126	1.40e-40	140
B158DRAFT_0919	iSF_1195.SF1445	51.2	123	60	0	298	420	4	126	1.40e-40	140
B158DRAFT_0919	iSSON_1240.SSON_1385	51.2	123	60	0	298	420	4	126	1.40e-40	140
B158DRAFT_0919	STM_v1_0.STM1291	50.0	124	62	0	301	424	17	140	1.43e-39	138
B158DRAFT_0919	iSDY_1059.SDY_1489	50.4	123	61	0	298	420	4	126	1.05e-39	138
B158DRAFT_0919	iPC815.YPO2158	51.7	118	57	0	303	420	9	126	1.05e-39	138
B158DRAFT_0919	iJN1463.PP_1351	33.5	269	171	4	4	268	7	271	2.76e-34	129
B158DRAFT_0920	iJN1463.PP_1355	37.1	493	260	7	6	450	13	503	1.00e-101	313
B158DRAFT_0922	iAF692.Mbar_A1238	32.9	143	93	2	32	172	15	156	1.90e-19	84.7
B158DRAFT_0922	iAF987.Gmet_1043	33.3	132	85	2	43	172	66	196	1.08e-17	80.5
B158DRAFT_0923	iEK1008.Rv0220	22.0	232	150	8	424	636	154	373	1.75e-06	50.4
B158DRAFT_0931	iJN1463.PP_0614	34.5	411	255	9	4	408	18	420	3.94e-69	224
B158DRAFT_0931	iJN1463.PP_4034	34.6	407	254	8	4	405	15	414	2.68e-66	217
B158DRAFT_0931	iPC815.YPO3249	34.1	384	247	5	26	405	32	413	7.15e-63	208
B158DRAFT_0931	iML1515.b0516	32.7	410	266	7	7	411	7	411	5.13e-61	202
B158DRAFT_0933	iMM904.YHL016C	25.4	465	305	11	2	425	3	466	8.30e-34	134
B158DRAFT_0933	iYO844.BSU06660	25.6	438	308	10	10	430	1	437	3.88e-31	125
B158DRAFT_0935	iML1515.b4245	33.4	314	191	8	42	348	5	307	4.08e-49	167
B158DRAFT_0935	iSbBS512_1146.SbBS512_E4838	33.4	314	191	8	42	348	5	307	4.08e-49	167
B158DRAFT_0935	iSDY_1059.SDY_4264	33.4	314	191	8	42	348	5	307	4.08e-49	167
B158DRAFT_0935	iSF_1195.SF4245	33.4	314	191	8	42	348	5	307	4.08e-49	167
B158DRAFT_0935	iSSON_1240.SSON_4426	33.4	314	191	8	42	348	5	307	4.08e-49	167
B158DRAFT_0935	iHN637.CLJU_RS17595	30.6	307	198	4	42	342	2	299	3.86e-48	164
B158DRAFT_0935	STM_v1_0.STM4460	33.1	308	188	8	42	342	5	301	4.39e-48	164
B158DRAFT_0935	iAM_Pc455.PCYB_121890	32.1	324	188	6	41	342	54	367	2.71e-47	164
B158DRAFT_0935	iCN900.CD630_01840	31.6	307	193	4	42	342	2	297	2.96e-47	162
B158DRAFT_0935	iYL1228.KPN_04657	32.5	317	178	8	42	342	5	301	3.36e-47	162
B158DRAFT_0935	iAM_Pb448.PBANKA_135770	31.8	314	202	5	41	342	54	367	1.46e-46	162
B158DRAFT_0935	iAM_Pf480.PF3D7_1344800	31.0	316	206	5	39	342	52	367	3.06e-46	161
B158DRAFT_0935	iAM_Pv461.PVX_083135	33.2	316	193	6	42	342	55	367	7.85e-46	160
B158DRAFT_0935	iPC815.YPO3588	33.5	310	184	10	42	342	5	301	3.86e-45	156
B158DRAFT_0935	iAF692.Mbar_A1168	32.8	320	170	7	44	342	5	300	7.50e-44	153
B158DRAFT_0936	iYO844.BSU30540	32.5	594	360	20	1	587	1	560	8.48e-82	271
B158DRAFT_0936	iNF517.LLMG_RS12590	30.9	585	360	18	1	577	1	549	6.19e-72	244
B158DRAFT_0940	iPC815.YPO1502	83.0	370	63	0	5	374	1	370	2.93e-231	634
B158DRAFT_0940	iJN1463.PP_1616	80.3	370	73	0	5	374	2	371	1.37e-223	614
B158DRAFT_0940	iYL1228.KPN_01952	77.8	369	82	0	6	374	1	369	1.30e-219	604
B158DRAFT_0940	STM_v1_0.STM1627	75.9	369	89	0	6	374	1	369	2.04e-216	596
B158DRAFT_0940	iCN718.ABAYE_RS09595	75.1	369	92	0	6	374	1	369	2.50e-207	573
B158DRAFT_0940	iSynCJ816.SGL_RS04900	74.8	369	93	0	6	374	1	369	5.03e-207	572
B158DRAFT_0941	iPC815.YPO1501	61.2	276	106	1	2	277	4	278	2.19e-129	368
B158DRAFT_0941	iJN1463.PP_1617	62.2	278	101	2	1	274	1	278	2.38e-127	363
B158DRAFT_0941	iYL1228.KPN_02592	60.2	274	105	2	6	277	4	275	9.12e-121	346
B158DRAFT_0941	iML1515.b2154	58.4	274	111	2	6	277	4	276	4.43e-119	342
B158DRAFT_0941	iSbBS512_1146.SbBS512_E0812	58.4	274	111	2	6	277	4	276	4.43e-119	342
B158DRAFT_0941	iSSON_1240.SSON_2210	58.4	274	111	2	6	277	4	276	6.29e-119	341
B158DRAFT_0941	iSDY_1059.SDY_2112	57.3	274	114	2	6	277	4	276	4.85e-116	334
B158DRAFT_0942	iSynCJ816.SGL_RS17955	44.0	748	400	8	11	751	25	760	1.17e-207	604
B158DRAFT_0943	iML1515.b4209	47.6	212	110	1	10	221	5	215	1.16e-63	197
B158DRAFT_0943	iSbBS512_1146.SbBS512_E4750	47.6	212	110	1	10	221	5	215	1.16e-63	197
B158DRAFT_0943	iSDY_1059.SDY_4379	47.6	212	110	1	10	221	5	215	1.16e-63	197
B158DRAFT_0943	iSF_1195.SF4277	47.6	212	110	1	10	221	5	215	1.16e-63	197
B158DRAFT_0943	iSSON_1240.SSON_4394	47.6	212	110	1	10	221	5	215	1.16e-63	197
B158DRAFT_0948	iJN1463.PP_4209	23.2	366	245	8	41	375	29	389	1.97e-11	64.7
B158DRAFT_0949	iEK1008.Rv0072	24.2	401	250	7	1	400	1	348	1.97e-22	97.1
B158DRAFT_0950	iJN1463.PP_4210	40.1	232	131	5	6	234	6	232	1.44e-40	146
B158DRAFT_0950	iCN900.CD630_19470	38.4	219	133	1	6	224	10	226	4.15e-43	145
B158DRAFT_0950	iEK1008.Rv0073	37.7	215	131	2	6	220	4	215	5.88e-41	142
B158DRAFT_0950	iEK1008.Rv2564	38.4	216	130	2	5	220	3	215	8.26e-41	142
B158DRAFT_0950	iYS854.USA300HOU_RS09925	39.3	224	125	5	6	227	4	218	2.11e-40	138
B158DRAFT_0950	iYO844.BSU30420	35.6	208	128	2	19	224	19	222	1.74e-39	135
B158DRAFT_0950	iYO844.BSU03590	37.4	235	138	6	6	237	2	230	1.05e-38	134
B158DRAFT_0952	iJN1463.PP_3427	27.7	452	294	10	10	453	11	437	6.85e-41	152
B158DRAFT_0952	iJN1463.PP_1384	26.6	477	323	9	5	475	8	463	7.90e-36	138
B158DRAFT_0953	iPC815.YPO3576	40.3	315	182	3	1	312	1	312	1.99e-61	198
B158DRAFT_0953	iSSON_1240.SSON_3344	39.9	313	182	3	1	310	1	310	4.52e-60	194
B158DRAFT_0953	iML1515.b3196	39.6	313	183	3	1	310	1	310	1.27e-59	193
B158DRAFT_0953	iSDY_1059.SDY_3377	40.0	310	182	3	1	310	1	306	4.48e-59	192
B158DRAFT_0953	iSbBS512_1146.SbBS512_E3574	39.6	313	183	3	1	310	1	310	1.40e-58	191
B158DRAFT_0953	iSF_1195.SF3236	39.7	310	183	3	1	310	1	306	1.26e-58	191
B158DRAFT_0953	STM_v1_0.STM3314	39.0	313	185	3	1	310	1	310	1.98e-58	190
B158DRAFT_0953	iYL1228.KPN_03606	37.3	316	186	4	1	310	1	310	2.79e-58	190
B158DRAFT_0954	iAF987.Gmet_0069	42.5	174	99	1	288	460	130	303	5.30e-38	140
B158DRAFT_0954	iAF987.Gmet_1298	42.4	170	96	1	291	458	175	344	5.62e-34	130
B158DRAFT_0954	iJN1463.PP_0129	45.1	162	84	2	300	459	485	643	5.07e-32	129
B158DRAFT_0955	iAF987.Gmet_3085	40.8	527	301	4	328	848	358	879	3.24e-127	404
B158DRAFT_0955	iAF987.Gmet_0987	37.7	589	349	9	266	849	205	780	2.02e-122	388
B158DRAFT_0955	iAF987.Gmet_0957	44.2	434	241	1	415	847	181	614	1.01e-123	386
B158DRAFT_0955	iAF987.Gmet_0700	44.6	437	242	0	407	843	372	808	1.09e-114	368
B158DRAFT_0955	iAF987.Gmet_0782	41.8	435	253	0	413	847	285	719	1.01e-114	366
B158DRAFT_0956	iJN1463.PP_3382	34.0	103	64	3	366	465	316	417	2.31e-10	62.0
B158DRAFT_0956	iJN1463.PP_0103	31.7	104	58	3	361	461	273	366	8.12e-09	57.0
B158DRAFT_0957	iJN1463.PP_4215	26.8	164	106	4	115	265	138	300	1.25e-04	42.4
B158DRAFT_0965	iEK1008.Rv0018c	35.9	237	134	7	9	236	8	235	1.97e-28	112
B158DRAFT_0966	iSynCJ816.SGL_RS08610	35.7	70	43	2	74	141	31	100	9.95e-04	38.5
B158DRAFT_0967	iYS854.USA300HOU_RS06130	33.5	278	174	5	11	284	9	279	6.65e-40	154
B158DRAFT_0972	STM_v1_0.STM3724	40.7	423	240	4	1	415	1	420	8.04e-107	321
B158DRAFT_0972	iYL1228.KPN_03972	39.9	419	241	4	5	415	4	419	2.20e-106	320
B158DRAFT_0972	iML1515.b3633	40.7	423	240	4	1	415	1	420	6.43e-106	319
B158DRAFT_0972	iSSON_1240.SSON_3774	40.7	423	240	4	1	415	1	420	6.43e-106	319
B158DRAFT_0972	iSDY_1059.SDY_4063	40.7	423	240	4	1	415	1	420	9.09e-106	318
B158DRAFT_0972	iSbBS512_1146.SbBS512_E4058	40.4	423	241	4	1	415	1	420	1.29e-105	318
B158DRAFT_0972	iPC815.YPO0055	41.1	423	238	4	1	415	1	420	1.29e-105	318
B158DRAFT_0972	iSF_1195.SF3672	40.7	423	240	4	1	415	1	420	2.57e-105	317
B158DRAFT_0972	iJN1463.PP_4928	42.5	416	222	5	3	406	3	413	2.78e-101	307
B158DRAFT_0973	iSDY_1059.SDY_3205	35.2	454	261	8	15	456	13	445	1.41e-72	236
B158DRAFT_0973	iML1515.b3035	35.0	454	262	8	15	456	11	443	7.33e-72	234
B158DRAFT_0973	iSSON_1240.SSON_3173	35.0	454	262	8	15	456	13	445	7.70e-72	234
B158DRAFT_0973	iSbBS512_1146.SbBS512_E3468	34.8	454	263	8	15	456	13	445	1.08e-71	234
B158DRAFT_0973	iSF_1195.SF3075	34.8	454	263	8	15	456	11	443	3.99e-71	233
B158DRAFT_0973	STM_v1_0.STM3186	34.6	448	265	8	15	454	13	440	1.20e-68	226
B158DRAFT_0974	iAM_Pv461.PVX_085660	44.8	67	37	0	73	139	97	163	9.02e-10	57.4
B158DRAFT_0975	iSbBS512_1146.SbBS512_E3467	46.2	195	105	0	5	199	11	205	1.26e-53	170
B158DRAFT_0975	iML1515.b3034	45.6	195	106	0	5	199	11	205	3.59e-53	169
B158DRAFT_0975	iSDY_1059.SDY_3206	45.6	195	106	0	5	199	11	205	3.59e-53	169
B158DRAFT_0975	iSF_1195.SF3074	45.6	195	106	0	5	199	11	205	3.59e-53	169
B158DRAFT_0975	iSSON_1240.SSON_3172	45.6	195	106	0	5	199	11	205	3.59e-53	169
B158DRAFT_0975	STM_v1_0.STM3185	45.1	195	107	0	5	199	11	205	2.10e-52	167
B158DRAFT_0977	iML1515.b3032	38.5	265	162	1	11	274	11	275	2.06e-62	197
B158DRAFT_0981	iCN718.ABAYE_RS01030	47.8	205	107	0	81	285	193	397	6.22e-48	164
B158DRAFT_0981	iEK1008.Rv3042c	40.5	269	153	2	18	285	122	384	1.79e-47	163
B158DRAFT_0981	iJN1463.PP_4909	50.0	208	102	2	81	287	202	408	3.97e-47	162
B158DRAFT_0981	iPC815.YPO0442	46.8	205	107	2	82	285	113	316	2.79e-43	150
B158DRAFT_0982	iAF987.Gmet_2629	21.2	434	332	8	251	677	368	798	3.10e-18	89.0
B158DRAFT_0984	iML1515.b4146	50.9	324	158	1	19	341	14	337	3.79e-113	332
B158DRAFT_0984	iSbBS512_1146.SbBS512_E4676	51.2	324	157	1	19	341	14	337	6.76e-113	331
B158DRAFT_0986	iCN718.ABAYE_RS04800	47.4	325	154	7	4	316	5	324	9.73e-84	255
B158DRAFT_0988	iEK1008.Rv3199c	38.1	239	132	6	69	297	77	309	1.68e-41	145
B158DRAFT_0988	iCN718.ABAYE_RS13345	32.7	260	146	4	36	294	9	240	3.14e-38	135
B158DRAFT_0988	iSDY_1059.SDY_3730	37.2	207	119	3	90	296	52	247	5.70e-38	134
B158DRAFT_0988	iSbBS512_1146.SbBS512_E4487	36.2	207	121	3	90	296	52	247	3.11e-37	132
B158DRAFT_0988	iML1515.b3996	36.2	207	121	3	90	296	52	247	6.12e-37	132
B158DRAFT_0988	iSSON_1240.SSON_4169	36.2	207	121	3	90	296	52	247	6.12e-37	132
B158DRAFT_0988	iSF_1195.SF4068	36.2	207	121	3	90	296	52	247	8.59e-37	131
B158DRAFT_0991	iCN900.CD630_16140	31.3	214	140	3	2	209	22	234	4.36e-24	97.8
B158DRAFT_0991	iYO844.BSU30450	24.3	239	180	1	4	242	1	238	1.87e-22	94.0
B158DRAFT_0991	iLJ478.TM0124	31.6	193	114	3	4	190	3	183	3.82e-22	92.0
B158DRAFT_0991	iYO844.BSU02860	31.3	224	125	7	3	207	2	215	4.44e-21	89.0
B158DRAFT_0997	iEK1008.Rv3823c	29.2	154	101	4	637	782	221	374	4.68e-04	43.5
B158DRAFT_0998	iJN1463.PP_2080	43.9	1579	869	9	33	1600	35	1607	0.0	1281
B158DRAFT_1000	iJN1463.PP_2214	48.4	252	129	1	1	251	1	252	5.46e-76	230
B158DRAFT_1000	iMM1415.15108	46.8	248	129	3	8	252	13	260	7.00e-73	223
B158DRAFT_1000	iCHOv1.100757689	46.4	248	130	2	8	252	13	260	1.60e-71	219
B158DRAFT_1006	iEK1008.Rv0958	25.1	263	146	12	69	315	139	366	9.08e-04	40.4
B158DRAFT_1007	iML1515.b2342	67.5	425	137	1	15	439	13	436	1.10e-201	564
B158DRAFT_1007	iSbBS512_1146.SbBS512_E2722	67.5	425	137	1	15	439	13	436	3.13e-201	563
B158DRAFT_1007	iSF_1195.SF2420	67.1	425	139	1	15	439	13	436	1.80e-200	561
B158DRAFT_1007	iSSON_1240.SSON_2398	67.3	425	138	1	15	439	13	436	3.63e-200	560
B158DRAFT_1007	iYL1228.KPN_02724	66.8	425	140	1	15	439	13	436	4.20e-199	557
B158DRAFT_1007	STM_v1_0.STM2389	66.8	425	140	1	15	439	13	436	3.97e-197	552
B158DRAFT_1007	iSDY_1059.SDY_2543	66.4	425	142	1	15	439	13	436	4.59e-196	550
B158DRAFT_1008	iSF_1195.SF2419	54.7	715	308	6	4	715	5	706	7.45e-267	751
B158DRAFT_1008	iSSON_1240.SSON_2397	54.7	715	308	6	4	715	5	706	7.45e-267	751
B158DRAFT_1008	STM_v1_0.STM2388	54.4	715	310	6	4	715	5	706	1.09e-266	751
B158DRAFT_1008	iML1515.b2341	54.5	715	309	6	4	715	5	706	6.04e-266	749
B158DRAFT_1008	iSbBS512_1146.SbBS512_E2721	54.4	715	310	6	4	715	5	706	1.21e-265	748
B158DRAFT_1008	iSDY_1059.SDY_2542	54.4	715	310	6	4	715	5	706	3.45e-265	747
B158DRAFT_1008	iYL1228.KPN_02723	55.0	716	305	7	4	715	5	707	7.43e-262	739
B158DRAFT_1020	iSbBS512_1146.SbBS512_E0450	43.8	233	131	0	5	237	6	238	2.82e-66	204
B158DRAFT_1020	iSF_1195.SF0455	43.8	233	131	0	5	237	6	238	2.82e-66	204
B158DRAFT_1020	iML1515.b0524	43.8	233	131	0	5	237	6	238	3.99e-66	204
B158DRAFT_1020	iSSON_1240.SSON_0494	43.3	233	132	0	5	237	6	238	1.13e-65	203
B158DRAFT_1020	iYL1228.KPN_00480	41.2	233	137	0	5	237	6	238	3.22e-65	202
B158DRAFT_1020	iSDY_1059.SDY_0276	42.9	233	133	0	5	237	6	238	1.83e-64	200
B158DRAFT_1020	iJN1463.PP_2902	42.5	228	131	0	1	228	1	228	3.10e-60	189
B158DRAFT_1020	iPC815.YPO3075	40.2	229	137	0	5	233	6	234	7.05e-59	186
B158DRAFT_1022	STM_v1_0.STM0537	64.9	465	159	1	1	465	1	461	4.85e-218	607
B158DRAFT_1022	iSSON_1240.SSON_0492	65.2	465	158	1	1	465	1	461	1.97e-217	606
B158DRAFT_1022	iYL1228.KPN_00482	64.5	467	158	2	1	465	1	461	7.98e-217	604
B158DRAFT_1022	iSbBS512_1146.SbBS512_E0448	64.9	465	159	1	1	465	1	461	7.98e-217	604
B158DRAFT_1022	iSF_1195.SF0457	64.9	465	159	1	1	465	1	461	4.59e-216	602
B158DRAFT_1022	iSDY_1059.SDY_0278	64.7	465	160	1	1	465	1	461	5.32e-215	600
B158DRAFT_1022	iPC815.YPO3073	63.4	465	166	1	1	465	1	461	8.74e-214	597
B158DRAFT_1024	iAF692.Mbar_A1250	26.3	152	109	3	7	156	6	156	4.95e-09	53.5
B158DRAFT_1025	iPC815.YPO2816	53.2	312	139	1	7	318	4	308	7.93e-116	336
B158DRAFT_1026	iEK1008.Rv2182c	29.0	183	120	4	10	188	4	180	1.66e-14	69.7
B158DRAFT_1028	iJN1463.PP_2265	61.5	283	109	0	1	283	1	283	7.39e-128	364
B158DRAFT_1028	iYL1228.KPN_00484	61.6	284	109	0	1	284	1	284	1.53e-123	353
B158DRAFT_1028	iPC815.YPO2824	61.6	284	109	0	1	284	1	284	1.25e-122	351
B158DRAFT_1028	iML1515.b0529	61.3	284	110	0	1	284	1	284	2.52e-122	350
B158DRAFT_1028	iSbBS512_1146.SbBS512_E0445	61.3	284	110	0	1	284	1	284	2.52e-122	350
B158DRAFT_1028	iSF_1195.SF0460	61.3	284	110	0	1	284	1	284	2.52e-122	350
B158DRAFT_1028	iSSON_1240.SSON_0489	61.3	284	110	0	1	284	1	284	2.52e-122	350
B158DRAFT_1028	iSDY_1059.SDY_0281	61.3	284	110	0	1	284	1	284	7.19e-122	349
B158DRAFT_1028	STM_v1_0.STM0542	61.3	284	110	0	1	284	1	284	1.02e-121	349
B158DRAFT_1028	iAF987.Gmet_1162	60.5	276	108	1	5	280	4	278	4.99e-119	342
B158DRAFT_1037	iAT_PLT_636.4905	34.5	110	55	4	116	215	256	358	4.17e-04	42.4
B158DRAFT_1037	iMM1415.18195	34.5	110	55	4	116	215	256	358	4.17e-04	42.4
B158DRAFT_1043	iJN1463.PP_0878	50.2	257	124	2	1	253	1	257	1.92e-76	234
B158DRAFT_1043	iML1515.b3540	48.8	254	126	2	4	253	12	265	3.13e-75	231
B158DRAFT_1043	iSDY_1059.SDY_4563	48.8	254	126	2	4	253	12	265	3.13e-75	231
B158DRAFT_1043	iSF_1195.SF3575	48.8	254	126	2	4	253	12	265	3.13e-75	231
B158DRAFT_1043	iSSON_1240.SSON_3850	48.8	254	126	2	4	253	12	265	3.13e-75	231
B158DRAFT_1043	iYL1228.KPN_03895	48.8	254	126	2	4	253	12	265	1.94e-74	229
B158DRAFT_1043	STM_v1_0.STM3626	49.8	255	122	4	4	253	12	265	5.48e-74	228
B158DRAFT_1043	iPC815.YPO3999	51.0	255	119	5	4	253	33	286	5.70e-73	226
B158DRAFT_1043	iLJ478.TM1750	48.7	236	118	2	20	252	24	259	2.76e-69	216
B158DRAFT_1043	iLJ478.TM1063	46.8	263	127	4	3	252	2	264	1.80e-67	212
B158DRAFT_1043	iLJ478.TM0057	45.3	258	132	4	4	252	3	260	2.34e-67	211
B158DRAFT_1044	iPC815.YPO4000	49.2	321	159	2	1	320	1	318	6.85e-108	317
B158DRAFT_1044	iML1515.b3541	48.4	322	161	2	1	320	1	319	4.05e-107	315
B158DRAFT_1044	iYL1228.KPN_03896	49.1	322	159	3	1	320	1	319	4.05e-107	315
B158DRAFT_1044	iSF_1195.SF3576	48.4	322	161	2	1	320	1	319	4.05e-107	315
B158DRAFT_1044	STM_v1_0.STM3627	48.8	322	160	3	1	320	1	319	8.13e-107	314
B158DRAFT_1044	iSSON_1240.SSON_3849	48.4	322	161	2	1	320	1	319	1.15e-106	314
B158DRAFT_1044	iSDY_1059.SDY_4564	48.1	322	162	2	1	320	1	319	6.58e-106	312
B158DRAFT_1044	iYL1228.KPN_01288	45.9	333	169	2	1	325	1	330	1.40e-95	286
B158DRAFT_1045	iJN1463.PP_0880	55.4	276	123	0	10	285	29	304	1.83e-98	291
B158DRAFT_1046	iJN1463.PP_0881	49.8	331	141	4	7	316	7	333	1.19e-101	301
B158DRAFT_1047	iML1515.b3544	48.5	513	263	1	29	540	22	534	6.23e-186	532
B158DRAFT_1047	iYL1228.KPN_03899	50.0	512	255	1	29	539	13	524	9.19e-186	531
B158DRAFT_1047	iSDY_1059.SDY_4567	48.3	513	264	1	29	540	22	534	1.25e-185	531
B158DRAFT_1047	iSF_1195.SF3579	48.3	513	264	1	29	540	22	534	1.25e-185	531
B158DRAFT_1047	iSSON_1240.SSON_3846	48.3	513	264	1	29	540	22	534	2.51e-185	531
B158DRAFT_1047	iPC815.YPO4003	49.0	514	261	1	29	541	22	535	3.06e-181	520
B158DRAFT_1047	STM_v1_0.STM3630	48.4	512	263	1	29	539	22	533	1.74e-180	518
B158DRAFT_1050	iML1515.b3006	34.1	91	60	0	331	421	109	199	9.23e-06	46.6
B158DRAFT_1050	iSbBS512_1146.SbBS512_E3434	34.1	91	60	0	331	421	109	199	9.23e-06	46.6
B158DRAFT_1050	iSDY_1059.SDY_3067	34.1	91	60	0	331	421	109	199	9.23e-06	46.6
B158DRAFT_1050	iSF_1195.SF3051	34.1	91	60	0	331	421	109	199	9.23e-06	46.6
B158DRAFT_1050	iSSON_1240.SSON_3149	34.1	91	60	0	331	421	109	199	9.23e-06	46.6
B158DRAFT_1050	iPC815.YPO0682	29.5	105	74	0	317	421	204	308	1.48e-05	46.6
B158DRAFT_1050	STM_v1_0.STM3159	37.5	72	45	0	350	421	128	199	2.96e-05	45.1
B158DRAFT_1050	iYL1228.KPN_03426	37.5	72	45	0	350	421	123	194	3.81e-05	44.7
B158DRAFT_1050	iJN1463.PP_5306	31.9	91	62	0	331	421	189	279	5.58e-05	44.7
B158DRAFT_1052	iPC815.YPO0683	26.5	113	77	3	13	122	17	126	1.55e-04	38.9
B158DRAFT_1058	iCN900.CD630_16140	43.6	259	139	2	1	255	1	256	9.37e-67	207
B158DRAFT_1058	iYO844.BSU02750	43.2	222	125	1	35	255	17	238	7.22e-62	194
B158DRAFT_1059	iCN900.CD630_16150	26.4	421	274	8	4	412	9	405	2.57e-36	140
B158DRAFT_1060	iML1515.b0211	36.7	452	219	9	66	514	58	445	1.02e-82	263
B158DRAFT_1061	iJN1463.PP_4144	44.8	261	140	3	7	266	2	259	1.13e-69	215
B158DRAFT_1061	iYL1228.KPN_00227	38.7	261	149	5	7	266	1	251	2.17e-62	196
B158DRAFT_1063	iEK1008.Rv2228c	30.8	156	77	8	3	147	2	137	6.02e-06	44.3
B158DRAFT_1065	iCN718.ABAYE_RS11685	43.0	244	137	2	5	246	16	259	1.33e-62	196
B158DRAFT_1066	iYS854.USA300HOU_RS10410	39.5	474	262	5	8	460	34	503	1.72e-102	315
B158DRAFT_1069	iPC815.YPO3053	57.9	373	153	2	5	376	6	375	6.49e-159	451
B158DRAFT_1069	iYL1228.KPN_02805	57.8	374	152	3	5	376	6	375	4.06e-155	441
B158DRAFT_1069	iML1515.b2472	57.6	373	154	2	5	376	6	375	1.16e-154	440
B158DRAFT_1069	iSbBS512_1146.SbBS512_E2843	57.6	373	154	2	5	376	6	375	1.16e-154	440
B158DRAFT_1069	iSF_1195.SF2514	57.6	373	154	2	5	376	6	375	1.16e-154	440
B158DRAFT_1069	iSSON_1240.SSON_2552	57.6	373	154	2	5	376	6	375	2.33e-154	439
B158DRAFT_1069	iJN1463.PP_1525	58.5	378	154	3	1	376	7	383	4.36e-154	439
B158DRAFT_1069	STM_v1_0.STM2483	58.2	373	152	3	5	376	6	375	4.69e-154	438
B158DRAFT_1069	iSDY_1059.SDY_2656	57.1	373	156	2	5	376	6	375	5.41e-153	436
B158DRAFT_1069	iCN718.ABAYE_RS03915	57.7	376	156	2	2	376	4	377	6.70e-152	433
B158DRAFT_1070	iML1515.b3503	26.0	123	84	3	5	121	4	125	1.19e-05	41.6
B158DRAFT_1070	iSbBS512_1146.SbBS512_E3818	26.0	123	84	3	5	121	4	125	1.19e-05	41.6
B158DRAFT_1070	iSF_1195.SF3536	26.0	123	84	3	5	121	4	125	1.19e-05	41.6
B158DRAFT_1070	iSSON_1240.SSON_3738	26.0	123	84	3	5	121	4	125	1.19e-05	41.6
B158DRAFT_1070	iSDY_1059.SDY_3559	24.4	123	86	3	5	121	4	125	4.40e-05	40.0
B158DRAFT_1071	iCN718.ABAYE_RS05125	73.3	270	72	0	3	272	4	273	4.80e-121	346
B158DRAFT_1071	STM_v1_0.STM0213	72.4	268	74	0	3	270	4	271	3.14e-117	337
B158DRAFT_1071	iSDY_1059.SDY_0182	72.0	268	75	0	3	270	4	271	4.45e-117	336
B158DRAFT_1071	iYL1228.KPN_00179	72.4	268	74	0	3	270	4	271	6.31e-117	336
B158DRAFT_1071	iSbBS512_1146.SbBS512_E0158	71.3	268	77	0	3	270	4	271	1.80e-116	335
B158DRAFT_1071	iML1515.b0166	71.3	268	77	0	3	270	4	271	5.15e-116	333
B158DRAFT_1071	iSF_1195.SF0156	71.3	268	77	0	3	270	4	271	5.15e-116	333
B158DRAFT_1071	iSSON_1240.SSON_0178	71.3	268	77	0	3	270	4	271	5.15e-116	333
B158DRAFT_1071	iPC815.YPO1041	70.1	268	80	0	3	270	4	271	2.42e-114	329
B158DRAFT_1073	iSynCJ816.SGL_RS14865	51.5	270	107	4	2	270	4	250	8.71e-89	264
B158DRAFT_1073	iSynCJ816.SGL_RS16015	46.8	269	124	4	3	270	22	272	5.90e-79	239
B158DRAFT_1077	iSynCJ816.SGL_RS15040	33.6	226	136	5	63	284	94	309	4.38e-32	120
B158DRAFT_1082	iPC815.YPO1046	66.5	233	78	0	4	236	7	239	2.74e-108	311
B158DRAFT_1082	STM_v1_0.STM0218	67.4	233	76	0	4	236	7	239	7.84e-108	310
B158DRAFT_1082	iML1515.b0171	67.4	233	76	0	4	236	7	239	1.58e-107	309
B158DRAFT_1082	iSbBS512_1146.SbBS512_E0164	67.4	233	76	0	4	236	7	239	1.58e-107	309
B158DRAFT_1082	iSF_1195.SF0161	67.4	233	76	0	4	236	7	239	1.58e-107	309
B158DRAFT_1082	iSSON_1240.SSON_0183	67.4	233	76	0	4	236	7	239	1.58e-107	309
B158DRAFT_1082	iYL1228.KPN_00184	67.0	233	77	0	4	236	7	239	2.24e-107	309
B158DRAFT_1082	iSDY_1059.SDY_0187	67.0	233	77	0	4	236	7	239	3.18e-107	308
B158DRAFT_1082	iJN1463.PP_1593	64.8	233	82	0	4	236	10	242	1.16e-101	295
B158DRAFT_1084	iJN1463.PP_1595	55.1	245	103	1	1	238	1	245	1.51e-91	269
B158DRAFT_1084	iPC815.YPO1049	53.2	231	101	1	11	234	14	244	3.45e-83	248
B158DRAFT_1084	iSbBS512_1146.SbBS512_E0167	52.7	237	101	2	9	234	9	245	1.98e-82	246
B158DRAFT_1084	iML1515.b0174	52.7	237	101	2	9	234	10	246	2.90e-82	246
B158DRAFT_1084	iSDY_1059.SDY_0190	52.7	237	101	2	9	234	10	246	2.90e-82	246
B158DRAFT_1084	iSF_1195.SF0164	52.7	237	101	2	9	234	10	246	2.90e-82	246
B158DRAFT_1084	iSSON_1240.SSON_0186	52.3	237	102	2	9	234	10	246	8.25e-82	244
B158DRAFT_1084	STM_v1_0.STM0221	51.0	245	109	2	1	234	1	245	4.57e-81	243
B158DRAFT_1085	iPC815.YPO1050	36.6	287	175	2	1	287	1	280	5.74e-55	179
B158DRAFT_1085	iML1515.b0175	35.7	291	172	3	1	287	1	280	1.24e-54	178
B158DRAFT_1085	iSbBS512_1146.SbBS512_E0168	35.7	291	172	3	1	287	1	280	1.24e-54	178
B158DRAFT_1085	STM_v1_0.STM0222	37.6	287	172	2	1	287	1	280	6.95e-54	176
B158DRAFT_1085	iSF_1195.SF0165	36.5	252	145	3	40	287	4	244	9.69e-51	167
B158DRAFT_1085	iSSON_1240.SSON_0187	36.5	252	145	3	40	287	4	244	9.69e-51	167
B158DRAFT_1085	iYL1228.KPN_00188	34.8	264	157	3	28	287	3	255	5.24e-50	166
B158DRAFT_1085	iSDY_1059.SDY_0191	36.1	252	146	3	40	287	4	244	3.84e-50	166
B158DRAFT_1085	iJN1463.PP_1596	39.5	286	149	7	1	285	1	263	3.10e-48	161
B158DRAFT_1086	iJN1463.PP_1597	60.5	382	150	1	6	387	13	393	2.31e-156	446
B158DRAFT_1086	iYL1228.KPN_00186	56.9	385	162	1	6	386	2	386	1.26e-147	424
B158DRAFT_1086	iPC815.YPO1048	55.1	392	172	1	6	393	2	393	1.10e-145	419
B158DRAFT_1086	STM_v1_0.STM0220	54.8	389	172	1	6	390	2	390	1.79e-144	416
B158DRAFT_1086	iML1515.b0173	55.3	389	170	1	6	390	2	390	2.54e-144	415
B158DRAFT_1086	iSbBS512_1146.SbBS512_E0166	55.3	389	170	1	6	390	2	390	2.54e-144	415
B158DRAFT_1086	iSSON_1240.SSON_0185	55.3	389	170	1	6	390	2	390	2.54e-144	415
B158DRAFT_1086	iSF_1195.SF0163	55.3	389	170	1	6	390	2	390	5.11e-144	414
B158DRAFT_1086	iSDY_1059.SDY_0189	54.8	389	172	1	6	390	2	390	5.88e-143	412
B158DRAFT_1086	iCN718.ABAYE_RS08245	55.1	392	171	3	6	393	3	393	2.55e-139	402
B158DRAFT_1090	iML1515.b0179	50.0	334	167	0	5	338	6	339	9.39e-65	208
B158DRAFT_1090	iSbBS512_1146.SbBS512_E0172	50.6	334	165	0	5	338	6	339	9.39e-65	208
B158DRAFT_1090	iSDY_1059.SDY_0195	50.0	334	167	0	5	338	6	339	9.39e-65	208
B158DRAFT_1090	iSF_1195.SF0169	50.6	334	165	0	5	338	6	339	9.39e-65	208
B158DRAFT_1090	iSSON_1240.SSON_0191	50.6	334	165	0	5	338	6	339	9.39e-65	208
B158DRAFT_1090	STM_v1_0.STM0226	49.7	334	168	0	5	338	6	339	5.79e-63	203
B158DRAFT_1090	iJN1463.PP_1601	48.9	331	169	0	4	334	6	336	8.40e-62	201
B158DRAFT_1090	iYL1228.KPN_00192	50.0	334	167	0	5	338	6	339	1.09e-59	195
B158DRAFT_1090	iPC815.YPO1054	54.2	332	152	0	5	336	6	337	1.06e-59	195
B158DRAFT_1091	iML1515.b0180	59.6	146	58	1	7	152	3	147	5.38e-62	187
B158DRAFT_1091	iSbBS512_1146.SbBS512_E0173	59.6	146	58	1	7	152	3	147	5.38e-62	187
B158DRAFT_1091	iSDY_1059.SDY_0196	59.6	146	58	1	7	152	3	147	5.38e-62	187
B158DRAFT_1091	iSF_1195.SF0170	59.6	146	58	1	7	152	3	147	5.38e-62	187
B158DRAFT_1091	iSSON_1240.SSON_0192	59.6	146	58	1	7	152	3	147	5.38e-62	187
B158DRAFT_1091	iYL1228.KPN_00193	59.6	146	58	1	7	152	3	147	7.63e-62	187
B158DRAFT_1091	STM_v1_0.STM0227	58.9	146	59	1	7	152	3	147	4.40e-61	185
B158DRAFT_1091	iPC815.YPO1055	56.8	146	62	1	7	152	3	147	4.65e-60	183
B158DRAFT_1091	iJN1463.PP_1602	58.0	150	60	2	7	155	16	163	1.23e-58	179
B158DRAFT_1092	iJN1463.PP_1603	48.6	255	127	2	2	252	4	258	1.58e-54	176
B158DRAFT_1092	iSbBS512_1146.SbBS512_E0174	48.4	190	94	2	67	252	73	262	9.85e-48	158
B158DRAFT_1093	iYL1228.KPN_00195	48.7	376	186	4	18	391	9	379	7.03e-120	352
B158DRAFT_1093	iML1515.b0182	46.8	374	196	2	18	391	9	379	1.01e-116	344
B158DRAFT_1093	iSSON_1240.SSON_0194	46.8	374	196	2	18	391	9	379	1.01e-116	344
B158DRAFT_1093	iSF_1195.SF0172	46.8	374	196	2	18	391	9	379	4.08e-116	343
B158DRAFT_1093	iSbBS512_1146.SbBS512_E0175	47.1	376	192	4	18	391	9	379	4.66e-115	340
B158DRAFT_1093	iSDY_1059.SDY_0198	46.0	374	199	2	18	391	9	379	1.07e-113	337
B158DRAFT_1093	STM_v1_0.STM0229	46.0	376	196	4	18	391	9	379	4.88e-112	332
B158DRAFT_1093	iJN1463.PP_1604	48.7	372	182	5	18	389	6	368	1.78e-110	328
B158DRAFT_1093	iPC815.YPO1057	44.5	393	213	4	1	391	1	390	7.48e-109	325
B158DRAFT_1099	iJN1463.PP_2476	66.7	336	112	0	5	340	8	343	1.05e-166	468
B158DRAFT_1099	iML1515.b1449	65.3	334	116	0	5	338	8	341	3.97e-162	456
B158DRAFT_1101	iCN900.CD630_10100	28.0	150	99	5	52	200	13	154	2.60e-08	55.5
B158DRAFT_1101	iAF692.Mbar_A3252	26.2	210	125	7	42	226	8	212	1.53e-06	50.1
B158DRAFT_1104	iML1515.b1967	26.2	191	123	6	30	210	81	263	1.26e-06	47.8
B158DRAFT_1112	iPC815.YPO1060	71.9	317	86	1	1	314	1	317	4.16e-161	451
B158DRAFT_1112	iYL1228.KPN_00198	71.3	317	88	1	1	314	1	317	2.51e-155	437
B158DRAFT_1112	STM_v1_0.STM0232	71.0	317	89	1	1	314	1	317	2.51e-155	437
B158DRAFT_1112	iML1515.b0185	70.3	317	91	1	1	314	1	317	2.05e-154	434
B158DRAFT_1112	iSDY_1059.SDY_0201	70.3	317	91	1	1	314	1	317	2.05e-154	434
B158DRAFT_1112	iSF_1195.SF0175	70.3	317	91	1	1	314	1	317	2.05e-154	434
B158DRAFT_1112	iSSON_1240.SSON_0197	70.3	317	91	1	1	314	1	317	2.91e-154	434
B158DRAFT_1112	iSbBS512_1146.SbBS512_E0178	70.0	317	92	1	1	314	1	317	6.81e-153	431
B158DRAFT_1112	iJN1463.PP_1607	67.2	314	103	0	1	314	1	314	1.96e-151	427
B158DRAFT_1114	iLJ478.TM0172	25.5	274	173	6	17	265	16	283	1.01e-20	92.0
B158DRAFT_1114	iAF692.Mbar_A3251	26.2	290	178	9	2	265	11	290	1.13e-17	83.2
B158DRAFT_1116	iAF987.Gmet_3262	38.3	94	56	1	72	165	138	229	4.98e-10	56.6
B158DRAFT_1116	iPC815.YPO0954	36.0	114	57	3	68	165	190	303	7.21e-10	56.6
B158DRAFT_1117	iYL1228.KPN_00208	64.8	566	198	1	1	565	1	566	6.53e-266	738
B158DRAFT_1117	iSbBS512_1146.SbBS512_E0188	64.1	566	202	1	1	565	1	566	3.55e-263	731
B158DRAFT_1117	iSF_1195.SF0185	64.1	566	202	1	1	565	1	566	3.55e-263	731
B158DRAFT_1117	iSSON_1240.SSON_0208	64.1	566	202	1	1	565	1	566	3.55e-263	731
B158DRAFT_1117	iCN718.ABAYE_RS03855	63.9	568	197	4	1	562	1	566	6.88e-263	730
B158DRAFT_1117	iSDY_1059.SDY_0213	64.1	566	202	1	1	565	1	566	7.14e-263	730
B158DRAFT_1117	iPC815.YPO1068	64.5	566	200	1	1	565	1	566	5.82e-262	728
B158DRAFT_1117	STM_v1_0.STM0242	63.4	566	206	1	1	565	1	566	6.74e-261	725
B158DRAFT_1117	iJN1463.PP_1205	61.1	573	219	3	1	571	1	571	3.32e-256	713
B158DRAFT_1119	iHN637.CLJU_RS10540	33.3	102	57	4	39	131	25	124	2.29e-05	46.6
B158DRAFT_1120	iYL1228.KPN_02805	48.1	370	191	1	27	396	5	373	1.50e-122	359
B158DRAFT_1120	iSDY_1059.SDY_2656	47.3	370	194	1	27	396	5	373	2.13e-122	358
B158DRAFT_1120	iML1515.b2472	47.0	370	195	1	27	396	5	373	2.44e-121	356
B158DRAFT_1120	iSbBS512_1146.SbBS512_E2843	47.0	370	195	1	27	396	5	373	2.44e-121	356
B158DRAFT_1120	iSF_1195.SF2514	47.0	370	195	1	27	396	5	373	2.44e-121	356
B158DRAFT_1120	iSSON_1240.SSON_2552	46.8	370	196	1	27	396	5	373	6.92e-121	355
B158DRAFT_1120	iCN718.ABAYE_RS03915	47.6	370	194	0	28	397	7	376	3.41e-119	350
B158DRAFT_1120	STM_v1_0.STM2483	46.2	370	198	1	27	396	5	373	4.52e-119	350
B158DRAFT_1120	iPC815.YPO3053	45.0	371	203	1	27	397	5	374	4.76e-116	342
B158DRAFT_1120	iJN1463.PP_1525	46.2	372	198	2	28	397	11	382	8.42e-111	329
B158DRAFT_1122	iPC815.YPO2053	66.7	585	189	4	5	585	1	583	1.90e-281	779
B158DRAFT_1122	STM_v1_0.STM1901	66.2	589	191	5	5	588	1	586	3.63e-277	768
B158DRAFT_1122	iSbBS512_1146.SbBS512_E1106	66.0	589	192	5	5	588	1	586	3.63e-277	768
B158DRAFT_1122	iSSON_1240.SSON_1275	66.0	589	192	5	5	588	1	586	5.15e-277	767
B158DRAFT_1122	iSDY_1059.SDY_1153	66.0	589	192	5	5	588	1	586	7.31e-277	767
B158DRAFT_1122	iSF_1195.SF1876	65.7	589	194	5	5	588	1	586	1.70e-275	763
B158DRAFT_1122	iYL1228.KPN_02380	64.7	590	200	5	5	589	1	587	7.81e-273	757
B158DRAFT_1122	iJN1463.PP_1213	63.8	585	208	3	5	586	2	585	2.74e-272	755
B158DRAFT_1122	iCN718.ABAYE_RS03490	62.5	589	215	5	5	589	2	588	1.68e-266	741
B158DRAFT_1127	iAF987.Gmet_0987	41.0	161	95	0	175	335	352	512	4.95e-33	129
B158DRAFT_1127	iAF987.Gmet_2629	40.6	160	95	0	176	335	378	537	8.71e-31	122
B158DRAFT_1127	iAF987.Gmet_3085	41.4	157	91	1	177	332	453	609	1.86e-29	119
B158DRAFT_1127	iAF987.Gmet_1298	31.3	240	159	3	99	335	101	337	3.89e-30	117
B158DRAFT_1127	iAF987.Gmet_0782	40.0	160	96	0	176	335	294	453	1.02e-28	116
B158DRAFT_1131	iCN900.CD630_31820	35.8	109	58	6	48	154	4	102	9.62e-04	41.2
B158DRAFT_1135	iML1515.b2180	22.8	395	221	10	159	517	158	504	4.44e-16	81.3
B158DRAFT_1135	iPC815.YPO2060	32.6	187	104	4	335	509	15	191	1.34e-16	79.7
B158DRAFT_1135	iYL1228.KPN_02373	31.7	189	103	3	335	509	15	191	3.56e-15	75.5
B158DRAFT_1137	iSF_1195.SF0561	46.6	133	69	1	1	133	1	131	9.05e-36	119
B158DRAFT_1137	iSSON_1240.SSON_0688	46.6	133	69	1	1	133	1	131	9.05e-36	119
B158DRAFT_1137	iSbBS512_1146.SbBS512_E0658	45.9	133	70	1	1	133	1	131	2.96e-34	115
B158DRAFT_1137	iSDY_1059.SDY_0684	45.9	133	70	1	1	133	1	131	4.20e-34	115
B158DRAFT_1138	iYL1228.KPN_03426	35.8	204	112	3	18	213	5	197	3.29e-30	112
B158DRAFT_1138	iML1515.b3006	35.2	196	124	2	18	213	10	202	2.88e-29	109
B158DRAFT_1138	iSDY_1059.SDY_3067	35.2	196	124	2	18	213	10	202	2.88e-29	109
B158DRAFT_1138	iSSON_1240.SSON_3149	35.2	196	124	2	18	213	10	202	2.88e-29	109
B158DRAFT_1138	iSbBS512_1146.SbBS512_E3434	35.7	196	123	3	18	213	10	202	5.66e-29	108
B158DRAFT_1138	STM_v1_0.STM3159	35.2	196	124	2	18	213	10	202	1.56e-28	107
B158DRAFT_1138	iPC815.YPO0682	34.5	206	124	3	18	219	119	317	1.16e-27	107
B158DRAFT_1138	iSF_1195.SF3051	34.7	196	125	2	18	213	10	202	2.19e-28	107
B158DRAFT_1139	iJN1463.PP_5307	38.1	126	72	4	13	138	15	134	7.35e-18	74.3
B158DRAFT_1139	iML1515.b3005	37.9	124	70	4	15	138	17	133	2.83e-17	72.8
B158DRAFT_1139	iSbBS512_1146.SbBS512_E3433	37.9	124	70	4	15	138	17	133	2.83e-17	72.8
B158DRAFT_1139	iSF_1195.SF3050	37.9	124	70	4	15	138	17	133	2.83e-17	72.8
B158DRAFT_1139	iSSON_1240.SSON_3148	37.9	124	70	4	15	138	17	133	2.83e-17	72.8
B158DRAFT_1139	iPC815.YPO0683	39.5	124	68	4	15	138	17	133	4.18e-17	72.4
B158DRAFT_1139	STM_v1_0.STM3158	37.9	124	70	4	15	138	17	133	5.62e-17	72.0
B158DRAFT_1139	iYL1228.KPN_03425	35.5	124	73	4	15	138	17	133	3.12e-16	70.1
B158DRAFT_1139	iSDY_1059.SDY_3068	37.1	124	71	4	15	138	17	133	1.72e-15	68.2
B158DRAFT_1142	iAF987.Gmet_2727	32.4	71	48	0	100	170	324	394	1.20e-06	47.0
B158DRAFT_1142	iAF987.Gmet_1832	30.5	105	70	2	70	171	413	517	5.84e-06	45.1
B158DRAFT_1144	iJN1463.PP_1225	56.7	210	90	1	4	212	5	214	1.30e-84	249
B158DRAFT_1146	iJN1463.PP_1226	70.3	222	65	1	3	224	4	224	8.01e-112	319
B158DRAFT_1146	iAF987.Gmet_3075	65.6	224	75	2	1	223	1	223	3.22e-100	290
B158DRAFT_1148	iCN718.ABAYE_RS16260	77.6	143	32	0	1	143	1	143	2.33e-74	218
B158DRAFT_1148	iPC815.YPO2883	70.4	142	42	0	1	142	1	142	4.16e-70	207
B158DRAFT_1148	iML1515.b2518	68.5	143	45	0	1	143	1	143	2.48e-69	205
B158DRAFT_1148	iSbBS512_1146.SbBS512_E2893	68.5	143	45	0	1	143	1	143	2.48e-69	205
B158DRAFT_1148	iSDY_1059.SDY_2714	68.5	143	45	0	1	143	1	143	2.48e-69	205
B158DRAFT_1148	iSF_1195.SF2564	68.5	143	45	0	1	143	1	143	2.48e-69	205
B158DRAFT_1148	iSSON_1240.SSON_2600	68.5	143	45	0	1	143	1	143	2.48e-69	205
B158DRAFT_1148	iYL1228.KPN_02848	68.5	143	45	0	1	143	1	143	1.01e-68	203
B158DRAFT_1148	STM_v1_0.STM2526	67.1	143	47	0	1	143	1	143	4.10e-68	202
B158DRAFT_1148	iJN1463.PP_0849	71.6	141	40	0	1	141	1	141	6.35e-67	199
B158DRAFT_1152	iJN1463.PP_0853	75.6	361	87	1	1	361	1	360	1.43e-184	515
B158DRAFT_1152	iML1515.b2515	72.6	358	98	0	1	358	1	358	7.47e-183	511
B158DRAFT_1152	iYL1228.KPN_02845	73.2	355	95	0	1	355	1	355	1.56e-182	510
B158DRAFT_1152	iSDY_1059.SDY_2711	72.3	358	99	0	1	358	1	358	3.03e-182	509
B158DRAFT_1152	iSF_1195.SF2561	72.3	358	99	0	1	358	1	358	3.38e-182	509
B158DRAFT_1152	iSSON_1240.SSON_2597	72.3	358	99	0	1	358	1	358	3.03e-182	509
B158DRAFT_1152	iSbBS512_1146.SbBS512_E2890	72.1	358	100	0	1	358	1	358	1.75e-181	508
B158DRAFT_1152	STM_v1_0.STM2523	72.1	358	100	0	1	358	1	358	2.48e-181	507
B158DRAFT_1152	iPC815.YPO2879	71.6	356	100	1	1	355	1	356	1.00e-176	496
B158DRAFT_1152	iCN718.ABAYE_RS16240	64.7	365	128	1	7	370	6	370	8.08e-168	473
B158DRAFT_1153	STM_v1_0.STM2522	66.3	416	137	2	1	414	1	415	3.66e-200	559
B158DRAFT_1153	iSSON_1240.SSON_2596	65.4	416	141	2	1	414	1	415	2.83e-197	551
B158DRAFT_1153	iSbBS512_1146.SbBS512_E2889	65.1	416	142	2	1	414	1	415	3.28e-196	549
B158DRAFT_1153	iSDY_1059.SDY_2710	64.9	416	143	2	1	414	1	415	6.60e-196	548
B158DRAFT_1153	iSF_1195.SF2560	65.1	416	142	2	1	414	1	415	9.37e-196	548
B158DRAFT_1153	iPC815.YPO2878	65.6	416	140	3	1	414	1	415	1.33e-195	547
B158DRAFT_1153	iYL1228.KPN_02844	65.5	406	137	2	11	414	1	405	1.02e-192	540
B158DRAFT_1155	iJN1463.PP_2679	25.9	201	118	7	92	271	32	222	1.69e-06	49.7
B158DRAFT_1155	iJN1463.PP_2674	36.6	71	44	1	74	143	505	575	3.75e-05	45.4
B158DRAFT_1156	iHN637.CLJU_RS10635	28.7	174	113	5	4	173	3	169	1.56e-13	72.4
B158DRAFT_1158	iJN1463.PP_1031	70.0	487	145	1	1	486	2	488	1.27e-242	672
B158DRAFT_1158	STM_v1_0.STM2511	70.4	487	141	2	1	486	2	486	4.97e-242	670
B158DRAFT_1158	iML1515.b2508	70.2	487	142	2	1	486	2	486	2.86e-241	668
B158DRAFT_1158	iYL1228.KPN_02834	70.0	487	143	2	1	486	2	486	2.86e-241	668
B158DRAFT_1158	iSbBS512_1146.SbBS512_E2883	70.2	487	142	2	1	486	2	486	2.86e-241	668
B158DRAFT_1158	iSF_1195.SF2554	70.2	487	142	2	1	486	2	486	2.86e-241	668
B158DRAFT_1158	iSSON_1240.SSON_2590	70.2	487	142	2	1	486	2	486	2.86e-241	668
B158DRAFT_1158	iSDY_1059.SDY_2704	70.0	487	143	2	1	486	2	486	2.34e-240	666
B158DRAFT_1158	iPC815.YPO2871	69.0	487	148	2	1	486	2	486	9.15e-240	664
B158DRAFT_1158	iCN718.ABAYE_RS01355	66.5	487	161	2	1	486	2	487	5.89e-229	637
B158DRAFT_1159	iYL1228.KPN_02833	76.6	525	123	0	1	525	1	525	4.13e-302	825
B158DRAFT_1159	iML1515.b2507	75.6	525	128	0	1	525	1	525	2.27e-299	818
B158DRAFT_1159	iSF_1195.SF2553	75.6	525	128	0	1	525	1	525	2.27e-299	818
B158DRAFT_1159	STM_v1_0.STM2510	75.8	525	127	0	1	525	1	525	9.22e-299	817
B158DRAFT_1159	iSDY_1059.SDY_2703	75.4	525	129	0	1	525	1	525	9.22e-299	817
B158DRAFT_1159	iSSON_1240.SSON_2589	75.6	525	128	0	1	525	1	525	2.64e-298	816
B158DRAFT_1159	iSbBS512_1146.SbBS512_E2882	75.2	525	130	0	1	525	1	525	7.55e-298	815
B158DRAFT_1159	iPC815.YPO2870	75.8	525	127	0	1	525	1	525	3.57e-296	810
B158DRAFT_1159	iJN1463.PP_1032	74.7	525	133	0	1	525	1	525	1.86e-291	798
B158DRAFT_1160	iYO844.BSU00180	47.6	147	77	0	8	154	4	150	4.74e-39	129
B158DRAFT_1161	STM_v1_0.STM4220	32.2	454	285	9	10	452	6	447	1.25e-62	218
B158DRAFT_1161	iSbBS512_1146.SbBS512_E4529	31.3	451	293	6	10	452	6	447	7.57e-60	210
B158DRAFT_1161	iSF_1195.SF4181	31.3	451	293	6	10	452	6	447	1.04e-59	209
B158DRAFT_1161	iSSON_1240.SSON_4202	31.3	451	293	6	10	452	6	447	1.04e-59	209
B158DRAFT_1161	iPC815.YPO3719	30.0	447	298	6	10	449	18	456	1.39e-59	209
B158DRAFT_1161	iML1515.b4024	31.3	451	293	6	10	452	6	447	1.43e-59	209
B158DRAFT_1161	iYL1228.KPN_04412	31.2	455	288	8	10	452	6	447	5.13e-59	207
B158DRAFT_1161	iSDY_1059.SDY_4227	30.8	448	293	6	10	449	6	444	1.83e-58	206
B158DRAFT_1164	iJN1463.PP_0977	61.5	953	332	6	1	923	1	948	0.0	1185
B158DRAFT_1164	iCN718.ABAYE_RS04250	60.7	950	340	5	4	923	13	959	0.0	1182
B158DRAFT_1164	iYL1228.KPN_04663	61.1	956	334	10	1	923	1	951	0.0	1176
B158DRAFT_1164	iPC815.YPO3443	60.7	956	338	9	1	923	15	965	0.0	1172
B158DRAFT_1164	STM_v1_0.STM4475	60.5	956	340	10	1	923	1	951	0.0	1160
B158DRAFT_1164	iSSON_1240.SSON_4443	60.3	956	342	10	1	923	1	951	0.0	1150
B158DRAFT_1164	iSbBS512_1146.SbBS512_E4823	60.3	956	342	10	1	923	1	951	0.0	1149
B158DRAFT_1164	iSF_1195.SF4231	60.1	956	343	10	1	923	1	951	0.0	1149
B158DRAFT_1164	iSDY_1059.SDY_4282	59.9	956	345	9	1	923	1	951	0.0	1147
B158DRAFT_1167	iPC815.YPO3441	58.7	496	203	2	1	494	1	496	2.70e-214	601
B158DRAFT_1167	iSF_1195.SF4229	58.5	496	204	2	1	494	1	496	7.70e-214	600
B158DRAFT_1167	iSDY_1059.SDY_4284	58.5	496	204	2	1	494	1	496	6.27e-213	597
B158DRAFT_1167	iML1515.b4260	58.3	496	205	2	1	494	1	496	8.90e-213	597
B158DRAFT_1167	STM_v1_0.STM4477	58.5	496	204	2	1	494	1	496	8.90e-213	597
B158DRAFT_1167	iSbBS512_1146.SbBS512_E4821	58.3	496	205	2	1	494	1	496	8.90e-213	597
B158DRAFT_1167	iSSON_1240.SSON_4445	58.3	496	205	2	1	494	1	496	8.90e-213	597
B158DRAFT_1167	iYL1228.KPN_04665	58.3	496	205	2	1	494	1	496	7.25e-212	595
B158DRAFT_1168	iJN1463.PP_0982	34.6	353	227	4	1	349	1	353	4.97e-54	182
B158DRAFT_1169	iSbBS512_1146.SbBS512_E4818	38.9	355	213	3	2	352	5	359	2.07e-85	262
B158DRAFT_1169	iML1515.b4262	38.9	355	213	3	2	352	5	359	4.15e-85	261
B158DRAFT_1169	iSDY_1059.SDY_4286	38.6	355	214	3	2	352	6	360	1.71e-84	259
B158DRAFT_1169	iSF_1195.SF4227	38.6	355	214	3	2	352	5	359	6.61e-84	258
B158DRAFT_1169	iSSON_1240.SSON_4447	38.6	355	214	3	2	352	6	360	6.81e-84	258
B158DRAFT_1178	iJN1463.PP_1924	40.8	157	92	1	2	158	7	162	1.85e-34	119
B158DRAFT_1180	iML1515.b0925	33.6	390	217	6	204	553	210	597	1.13e-61	214
B158DRAFT_1181	iAF987.Gmet_0840	37.1	178	88	5	473	630	237	410	9.29e-22	97.8
B158DRAFT_1181	iPC815.YPO0425	35.1	174	108	4	463	633	209	380	6.07e-20	92.0
B158DRAFT_1181	iJN1463.PP_1494	35.8	176	104	4	462	629	158	332	6.17e-19	88.2
B158DRAFT_1191	iAF987.Gmet_2161	42.0	200	107	5	12	204	393	590	1.35e-36	134
B158DRAFT_1195	iYS854.USA300HOU_RS05180	26.9	294	185	9	18	294	23	303	9.55e-19	84.3
B158DRAFT_1195	iYO844.BSU38490	28.8	226	140	5	18	233	31	245	6.25e-18	82.0
B158DRAFT_1197	iYO844.BSU02750	36.0	236	144	3	1	229	1	236	1.17e-43	148
B158DRAFT_1197	iMM1415.11303	35.8	226	141	2	1	222	1888	2113	2.92e-40	148
B158DRAFT_1197	iCHOv1.100761226	35.0	226	143	2	1	222	1913	2138	7.33e-40	147
B158DRAFT_1197	iJN1463.PP_3817	33.2	241	156	3	1	239	14	251	1.15e-41	147
B158DRAFT_1197	iEK1008.Rv2936	35.5	228	137	3	2	222	8	232	1.06e-41	145
B158DRAFT_1197	iCN900.CD630_16140	34.4	209	135	1	16	222	39	247	1.75e-40	140
B158DRAFT_1197	iSDY_1059.SDY_0740	33.9	221	144	2	1	219	19	239	2.33e-38	138
B158DRAFT_1197	iML1515.b0855	33.9	221	144	2	1	219	19	239	3.26e-38	137
B158DRAFT_1197	iSbBS512_1146.SbBS512_E2476	33.9	221	144	2	1	219	19	239	3.26e-38	137
B158DRAFT_1197	iSSON_1240.SSON_0840	33.9	221	144	2	1	219	46	266	5.33e-38	137
B158DRAFT_1197	iYO844.BSU32750	33.3	225	139	3	1	214	1	225	2.23e-38	137
B158DRAFT_1197	iYL1228.KPN_00886	33.5	221	145	2	1	219	35	255	6.12e-38	137
B158DRAFT_1197	iSF_1195.SF0809	33.5	221	145	2	1	219	46	266	1.45e-37	136
B158DRAFT_1197	iCN900.CD630_14890	31.3	224	147	2	1	217	1	224	3.99e-38	136
B158DRAFT_1197	iPC815.YPO1332	32.6	221	147	2	1	219	19	239	1.24e-37	136
B158DRAFT_1197	iYO844.BSU33730	33.6	241	146	5	1	227	1	241	2.61e-37	135
B158DRAFT_1197	STM_v1_0.STM0878	33.0	221	146	2	1	219	19	239	2.42e-37	135
B158DRAFT_1198	iEK1008.Rv2938	30.5	141	91	4	260	395	99	237	5.97e-04	41.2
B158DRAFT_1200	iJN1463.PP_0944	54.8	451	200	3	4	452	6	454	3.05e-149	432
B158DRAFT_1203	iYO844.BSU26640	23.6	165	90	3	5	167	3	133	3.58e-04	42.0
B158DRAFT_1206	iCN900.CD630_28350	45.2	493	265	3	15	505	2	491	5.82e-139	410
B158DRAFT_1207	iYS854.USA300HOU_RS05460	31.9	348	199	7	401	741	5	321	9.50e-42	154
B158DRAFT_1207	iYO844.BSU14590	29.2	346	207	7	401	739	5	319	1.78e-41	154
B158DRAFT_1207	iYO844.BSU24040	31.4	344	205	8	401	740	5	321	3.74e-39	147
B158DRAFT_1207	iNF517.LLMG_RS00400	31.2	340	204	7	406	742	10	322	1.27e-38	145
B158DRAFT_1207	iJN1463.PP_4402	29.8	336	207	9	401	727	7	322	1.09e-37	143
B158DRAFT_1207	iCN900.CD630_00370	30.2	344	206	9	403	741	9	323	2.55e-36	139
B158DRAFT_1208	iYL1228.KPN_03409	58.4	322	133	1	1	321	1	322	1.04e-136	395
B158DRAFT_1210	iYL1228.KPN_03410	59.9	367	142	2	24	390	19	380	5.64e-157	446
B158DRAFT_1210	iIT341.HP0106	52.5	383	174	3	6	388	1	375	7.79e-142	408
B158DRAFT_1210	iNF517.LLMG_RS08915	54.9	381	164	4	10	390	6	378	3.15e-141	406
B158DRAFT_1212	iAM_Pv461.PVX_092065	22.7	181	121	5	29	204	62	228	5.15e-06	47.0
B158DRAFT_1212	iAM_Pc455.PCYB_093520	22.7	181	121	5	29	204	62	228	9.18e-06	46.2
B158DRAFT_1215	iML1515.b1656	76.7	193	44	1	1	193	1	192	1.80e-109	310
B158DRAFT_1215	iSbBS512_1146.SbBS512_E1853	76.7	193	44	1	1	193	1	192	1.80e-109	310
B158DRAFT_1215	iSDY_1059.SDY_1882	76.7	193	44	1	1	193	1	192	1.80e-109	310
B158DRAFT_1215	iSF_1195.SF1684	76.7	193	44	1	1	193	1	192	1.80e-109	310
B158DRAFT_1215	iSSON_1240.SSON_1500	76.7	193	44	1	1	193	1	192	1.80e-109	310
B158DRAFT_1215	STM_v1_0.STM1431	75.1	193	47	1	1	193	1	192	5.14e-109	309
B158DRAFT_1215	iYL1228.KPN_01994	76.2	193	45	1	1	193	1	192	2.09e-108	308
B158DRAFT_1215	iJN1463.PP_0915	66.7	192	63	1	1	192	1	191	2.29e-97	280
B158DRAFT_1216	iCN900.CD630_21420	29.1	127	74	5	24	138	228	350	5.64e-04	38.5
B158DRAFT_1216	iAM_Pb448.PBANKA_132890	33.7	92	45	4	40	130	284	360	9.25e-04	38.1
B158DRAFT_1223	iAF987.Gmet_0700	34.4	427	271	4	73	493	385	808	2.61e-72	244
B158DRAFT_1223	iAF987.Gmet_2629	31.7	438	285	7	73	502	376	807	9.45e-70	238
B158DRAFT_1223	iAF987.Gmet_3085	31.8	431	272	5	86	503	463	884	2.49e-68	235
B158DRAFT_1223	iAF987.Gmet_0782	32.1	439	283	5	73	502	292	724	3.67e-68	232
B158DRAFT_1223	iJN1463.PP_0914	31.9	442	283	6	72	502	248	682	9.37e-68	230
B158DRAFT_1223	iAF987.Gmet_0987	32.9	444	273	7	73	502	351	783	1.60e-66	228
B158DRAFT_1223	iJN1463.PP_3581	31.4	424	283	3	86	504	266	686	9.73e-66	224
B158DRAFT_1225	iCN718.ABAYE_RS15295	84.0	363	58	0	56	418	65	427	5.12e-235	647
B158DRAFT_1225	iJN1463.PP_1177	81.7	339	62	0	81	419	78	416	5.37e-218	603
B158DRAFT_1226	iJN1463.PP_1179	72.9	944	245	6	22	958	20	959	0.0	1387
B158DRAFT_1227	iJN1463.PP_1078	50.1	343	169	1	9	351	6	346	3.47e-121	353
B158DRAFT_1228	iML1515.b1654	76.4	106	25	0	1	106	1	106	5.05e-61	181
B158DRAFT_1228	STM_v1_0.STM1433	76.4	106	25	0	1	106	1	106	5.05e-61	181
B158DRAFT_1228	iSbBS512_1146.SbBS512_E1850	76.4	106	25	0	1	106	1	106	5.05e-61	181
B158DRAFT_1228	iSDY_1059.SDY_1880	76.4	106	25	0	1	106	1	106	5.05e-61	181
B158DRAFT_1228	iSF_1195.SF1682	76.4	106	25	0	1	106	1	106	5.05e-61	181
B158DRAFT_1228	iYL1228.KPN_01992	75.5	106	26	0	1	106	1	106	7.18e-61	181
B158DRAFT_1228	iSSON_1240.SSON_1502	75.5	106	26	0	1	106	1	106	2.06e-60	180
B158DRAFT_1228	iPC815.YPO2383	75.7	103	25	0	4	106	3	105	4.11e-58	174
B158DRAFT_1230	iYO844.BSU02130	31.2	247	138	7	4	221	41	284	4.01e-30	112
B158DRAFT_1231	iJN1463.PP_1082	70.7	157	46	0	1	157	1	157	3.80e-78	228
B158DRAFT_1231	iML1515.b3336	68.4	158	50	0	1	158	1	158	2.52e-74	219
B158DRAFT_1233	iAF987.Gmet_0771	28.0	214	107	5	6	187	3	201	1.34e-15	71.2
B158DRAFT_1235	STM_v1_0.STM0402	71.9	199	56	0	3	201	2	200	3.67e-108	308
B158DRAFT_1238	iSDY_1059.SDY_0759	50.2	295	145	2	31	323	3	297	5.30e-89	269
B158DRAFT_1238	iML1515.b0828	50.2	295	145	2	31	323	3	297	7.50e-89	269
B158DRAFT_1238	iSF_1195.SF0778	49.8	295	146	2	31	323	3	297	6.03e-88	266
B158DRAFT_1238	iSSON_1240.SSON_0810	49.8	295	146	2	31	323	3	297	8.53e-88	266
B158DRAFT_1238	iSbBS512_1146.SbBS512_E2520	49.5	295	147	2	31	323	3	297	4.84e-87	264
B158DRAFT_1238	STM_v1_0.STM0847	48.3	298	148	3	30	323	2	297	3.43e-85	259
B158DRAFT_1238	iYL1228.KPN_00861	47.0	313	160	3	31	339	3	313	1.56e-83	255
B158DRAFT_1241	iJN1463.PP_1086	62.8	339	126	0	4	342	5	343	1.39e-154	437
B158DRAFT_1241	iCN718.ABAYE_RS13245	61.1	342	132	1	1	341	1	342	2.81e-153	434
B158DRAFT_1241	iSynCJ816.SGL_RS12080	62.9	342	126	1	1	342	1	341	4.99e-151	428
B158DRAFT_1242	iSynCJ816.SGL_RS12955	70.0	130	39	0	1	130	1	130	6.01e-71	208
B158DRAFT_1242	iCN718.ABAYE_RS05715	69.0	129	40	0	1	129	1	129	3.55e-68	201
B158DRAFT_1245	iML1515.b2155	21.4	641	367	25	89	643	66	655	2.18e-08	57.0
B158DRAFT_1245	iSSON_1240.SSON_2211	21.4	641	367	25	89	643	66	655	2.18e-08	57.0
B158DRAFT_1245	iSDY_1059.SDY_3762	22.3	587	356	22	88	627	60	593	1.44e-07	54.3
B158DRAFT_1245	iML1515.b3966	21.8	586	360	22	88	627	60	593	3.30e-07	53.1
B158DRAFT_1245	iSSON_1240.SSON_4139	21.8	586	360	22	88	627	60	593	3.30e-07	53.1
B158DRAFT_1245	iSF_1195.SF4048	21.8	586	360	22	88	627	60	593	4.35e-07	52.8
B158DRAFT_1245	STM_v1_0.STM2199	21.5	576	360	19	89	600	66	613	7.80e-07	52.0
B158DRAFT_1247	iJN1463.PP_4651	58.5	439	175	3	4	440	4	437	6.11e-184	522
B158DRAFT_1247	iCN718.ABAYE_RS11260	55.2	440	189	4	4	440	5	439	4.21e-170	487
B158DRAFT_1248	iJN1463.PP_4650	52.8	335	157	1	5	338	1	335	2.16e-124	360
B158DRAFT_1248	iCN718.ABAYE_RS11265	48.9	333	169	1	7	338	2	334	4.24e-114	333
B158DRAFT_1250	iAF987.Gmet_3085	34.3	315	181	9	12	322	333	625	4.64e-37	140
B158DRAFT_1255	iJN1463.PP_2465	64.5	637	226	0	1	637	1	637	0.0	883
B158DRAFT_1255	iSF_1195.SF1512	63.8	638	230	1	1	637	1	638	2.13e-311	858
B158DRAFT_1255	iSSON_1240.SSON_1439	63.8	638	230	1	1	637	1	638	2.13e-311	858
B158DRAFT_1255	iSDY_1059.SDY_1814	63.6	638	231	1	1	637	1	638	8.63e-311	857
B158DRAFT_1255	iSbBS512_1146.SbBS512_E1961	63.6	638	231	1	1	637	1	638	1.74e-310	856
B158DRAFT_1255	STM_v1_0.STM1333	63.6	635	230	1	1	634	1	635	5.75e-309	852
B158DRAFT_1255	iPC815.YPO2433	61.9	635	241	1	1	634	1	635	2.08e-304	841
B158DRAFT_1255	iCN718.ABAYE_RS15805	62.1	636	241	0	1	636	1	636	5.54e-304	840
B158DRAFT_1255	iYL1228.KPN_02180	63.8	614	221	1	22	634	2	615	5.65e-297	821
B158DRAFT_1260	iJN1463.PP_2469	63.5	334	122	0	14	347	4	337	2.64e-162	456
B158DRAFT_1261	iJN1463.PP_2470	54.3	795	356	4	1	791	1	792	2.98e-301	845
B158DRAFT_1261	iSF_1195.SF1518	51.4	797	380	3	1	792	1	795	9.07e-291	818
B158DRAFT_1261	iSSON_1240.SSON_1445	51.4	797	380	3	1	792	1	795	1.28e-290	818
B158DRAFT_1261	iSbBS512_1146.SbBS512_E1955	51.3	797	381	3	1	792	1	795	2.09e-289	815
B158DRAFT_1261	iSDY_1059.SDY_1808	51.3	797	381	3	1	792	1	795	1.69e-288	813
B158DRAFT_1261	STM_v1_0.STM1338	51.7	797	378	3	1	792	1	795	3.40e-288	812
B158DRAFT_1261	iPC815.YPO2428	50.4	797	388	4	1	792	1	795	3.91e-287	809
B158DRAFT_1261	iYL1228.KPN_02175	50.9	797	384	3	1	792	1	795	6.35e-286	806
B158DRAFT_1267	iAM_Pc455.PCYB_113330	30.5	210	115	10	35	228	337	531	9.15e-14	75.9
B158DRAFT_1270	iJN1463.PP_4838	23.6	632	398	20	59	656	75	655	3.26e-21	98.2
B158DRAFT_1272	iAF987.Gmet_1919	24.5	200	144	5	4	199	5	201	1.78e-05	44.3
B158DRAFT_1272	iML1515.b0315	33.3	51	34	0	148	198	24	74	3.46e-04	40.4
B158DRAFT_1272	iAF987.Gmet_1914	28.7	108	75	2	3	110	3	108	5.05e-04	40.0
B158DRAFT_1274	iJN1463.PP_4097	55.0	180	78	2	3	181	2	179	5.17e-59	182
B158DRAFT_1274	iPC815.YPO1867	51.7	176	82	1	3	178	4	176	4.58e-54	169
B158DRAFT_1274	STM_v1_0.STM1945	51.7	176	82	1	2	177	3	175	1.30e-53	168
B158DRAFT_1274	iSF_1195.SF1955	51.1	176	83	1	2	177	3	175	1.06e-52	166
B158DRAFT_1274	iCN718.ABAYE_RS17215	50.3	189	80	2	3	181	8	192	2.23e-52	166
B158DRAFT_1274	iML1515.b1912	51.1	176	83	1	2	177	3	175	1.50e-52	166
B158DRAFT_1274	iSbBS512_1146.SbBS512_E1039	51.1	176	83	1	2	177	3	175	1.50e-52	166
B158DRAFT_1274	iSDY_1059.SDY_1106	51.1	176	83	1	2	177	3	175	1.50e-52	166
B158DRAFT_1274	iSSON_1240.SSON_1206	51.1	176	83	1	2	177	3	175	1.50e-52	166
B158DRAFT_1279	iAF987.Gmet_0069	33.3	120	75	2	5	119	4	123	2.50e-14	70.5
B158DRAFT_1279	iAF987.Gmet_2999	28.2	117	81	1	5	118	9	125	5.87e-12	63.9
B158DRAFT_1293	iAF692.Mbar_A0134	36.5	52	29	1	12	59	12	63	6.35e-04	38.5
B158DRAFT_1294	iLB1027_lipid.PHATRDRAFT_51242	29.1	337	204	13	6	317	8	334	1.25e-21	93.6
B158DRAFT_1294	iMM904.YJR105W	25.9	332	217	13	6	315	5	329	6.35e-19	85.9
B158DRAFT_1295	iSynCJ816.SGL_RS13795	35.5	124	64	5	1	116	1	116	9.03e-08	48.5
B158DRAFT_1296	iAF987.Gmet_0363	30.8	208	133	2	60	257	27	233	1.49e-22	92.4
B158DRAFT_1296	iLJ478.TM1693	30.8	182	119	4	77	258	66	240	1.39e-20	87.4
B158DRAFT_1297	iIT341.HP0381	28.6	175	114	4	82	251	57	225	1.52e-12	66.2
B158DRAFT_1300	iML1515.b0046	43.4	166	92	1	5	170	2	165	2.31e-42	139
B158DRAFT_1301	iSSON_1240.SSON_3481	43.5	598	326	5	1	598	1	586	8.11e-142	425
B158DRAFT_1301	iML1515.b3350	43.5	598	326	5	1	598	1	586	1.15e-141	424
B158DRAFT_1301	iSbBS512_1146.SbBS512_E3725	43.5	598	326	5	1	598	1	586	1.62e-141	424
B158DRAFT_1301	iYL1228.KPN_03736	43.1	592	326	4	12	603	12	592	6.43e-141	422
B158DRAFT_1301	iSSON_1240.SSON_0055	42.9	604	334	5	7	610	6	598	6.43e-140	421
B158DRAFT_1301	iML1515.b0047	42.7	604	335	5	7	610	6	598	3.60e-139	419
B158DRAFT_1301	STM_v1_0.STM3457	43.5	598	324	6	3	598	1	586	5.69e-139	417
B158DRAFT_1301	iSbBS512_1146.SbBS512_E0041	42.7	604	335	5	7	610	6	598	1.01e-138	417
B158DRAFT_1301	iSF_1195.SF0044	42.7	604	335	5	7	610	6	598	2.85e-138	416
B158DRAFT_1301	STM_v1_0.STM0086	42.9	606	331	6	7	610	6	598	1.74e-133	404
B158DRAFT_1301	iYL1228.KPN_00044	42.3	608	333	7	7	610	6	599	2.21e-131	399
B158DRAFT_1307	iJN1463.PP_2512	73.1	182	49	0	1	182	1	182	2.48e-94	271
B158DRAFT_1307	iJN1463.PP_1823	73.6	182	48	0	2	183	9	190	1.91e-92	267
B158DRAFT_1308	iSF_1195.SF2396	45.4	361	187	2	1	360	1	352	2.35e-96	291
B158DRAFT_1308	iSbBS512_1146.SbBS512_E2698	45.4	361	187	2	1	360	1	352	9.39e-96	289
B158DRAFT_1308	iSSON_1240.SSON_2378	45.4	361	187	2	1	360	1	352	9.39e-96	289
B158DRAFT_1308	iSDY_1059.SDY_2519	45.2	361	188	2	1	360	1	352	1.33e-95	289
B158DRAFT_1308	iML1515.b2320	45.2	361	188	2	1	360	1	352	2.13e-94	286
B158DRAFT_1308	iPC815.YPO2763	44.6	363	187	4	1	360	1	352	1.25e-92	281
B158DRAFT_1308	iYL1228.KPN_02710	44.8	353	185	2	9	360	1	344	1.71e-91	278
B158DRAFT_1308	STM_v1_0.STM2370	44.6	361	190	2	1	360	1	352	1.23e-90	276
B158DRAFT_1308	iJN1463.PP_2117	42.5	358	199	4	1	356	1	353	7.42e-90	274
B158DRAFT_1311	iPC815.YPO2370	55.5	209	93	0	3	211	9	217	2.45e-82	243
B158DRAFT_1311	iML1515.b1638	54.5	209	95	0	3	211	10	218	1.29e-77	231
B158DRAFT_1311	iSbBS512_1146.SbBS512_E1830	54.5	209	95	0	3	211	10	218	1.29e-77	231
B158DRAFT_1311	iSDY_1059.SDY_1861	54.5	209	95	0	3	211	10	218	1.29e-77	231
B158DRAFT_1311	iSF_1195.SF1663	54.5	209	95	0	3	211	10	218	1.29e-77	231
B158DRAFT_1311	iSSON_1240.SSON_1518	54.5	209	95	0	3	211	10	218	1.29e-77	231
B158DRAFT_1311	iYL1228.KPN_01976	54.1	209	96	0	3	211	12	220	2.26e-76	228
B158DRAFT_1311	STM_v1_0.STM1448	53.6	209	97	0	3	211	10	218	8.55e-76	227
B158DRAFT_1314	iJN1463.PP_4213	27.8	418	245	11	45	419	51	454	4.12e-39	145
B158DRAFT_1319	iJN1463.PP_1985	76.4	471	107	1	1	467	1	471	1.54e-261	719
B158DRAFT_1319	iCN718.ABAYE_RS16700	71.5	470	129	1	1	465	1	470	4.68e-250	689
B158DRAFT_1320	iJN1463.PP_1986	70.0	213	64	0	1	213	1	213	2.33e-115	327
B158DRAFT_1320	iCN718.ABAYE_RS16695	69.7	211	64	0	1	211	1	211	1.04e-109	313
B158DRAFT_1322	iCN718.ABAYE_RS16685	69.6	358	108	1	1	357	1	358	8.39e-176	492
B158DRAFT_1322	iJN1463.PP_1988	69.6	358	109	0	1	358	1	358	8.70e-176	492
B158DRAFT_1323	iPC815.YPO2734	41.1	190	111	1	6	195	2	190	8.73e-41	137
B158DRAFT_1323	iML1515.b2201	36.8	190	116	2	6	195	4	189	2.86e-36	125
B158DRAFT_1323	iYL1228.KPN_02081	35.9	198	123	1	6	203	2	195	2.86e-36	125
B158DRAFT_1323	iSbBS512_1146.SbBS512_E0740	36.8	190	116	2	6	195	2	187	2.71e-36	125
B158DRAFT_1323	iSF_1195.SF2285	36.8	190	116	2	6	195	4	189	5.69e-36	125
B158DRAFT_1323	iSSON_1240.SSON_2259	36.8	190	116	2	6	195	2	187	5.39e-36	125
B158DRAFT_1324	iPC815.YPO2735	47.1	223	112	2	1	222	1	218	2.39e-61	191
B158DRAFT_1324	iYL1228.KPN_02080	45.7	223	115	2	1	222	1	218	3.28e-56	177
B158DRAFT_1324	iJN1463.PP_4326	45.5	222	115	2	2	222	4	220	8.20e-55	174
B158DRAFT_1325	iJN1463.PP_4325	52.2	245	113	2	1	243	1	243	5.74e-87	258
B158DRAFT_1325	iPC815.YPO2736	50.8	238	114	2	5	242	2	236	4.14e-77	233
B158DRAFT_1327	iML1515.b2197	45.6	147	68	3	1	138	1	144	8.27e-37	124
B158DRAFT_1327	iSbBS512_1146.SbBS512_E0744	45.6	147	68	3	1	138	1	144	8.27e-37	124
B158DRAFT_1327	iSDY_1059.SDY_0881	45.6	147	68	3	1	138	1	144	8.27e-37	124
B158DRAFT_1327	iSF_1195.SF2281	45.6	147	68	3	1	138	1	144	8.27e-37	124
B158DRAFT_1327	iSSON_1240.SSON_2255	44.9	147	69	3	1	138	1	144	2.68e-35	120
B158DRAFT_1329	iAF692.Mbar_A2310	25.5	102	50	3	66	165	2	79	2.80e-04	38.1
B158DRAFT_1335	iSF_1195.SF2424	36.5	233	135	7	1	225	1	228	2.08e-33	120
B158DRAFT_1335	iSbBS512_1146.SbBS512_E2729	36.1	233	136	7	1	225	1	228	8.08e-33	119
B158DRAFT_1335	iSDY_1059.SDY_2550	36.1	233	136	7	1	225	1	228	8.08e-33	119
B158DRAFT_1335	iSSON_1240.SSON_2403	36.1	233	136	7	1	225	1	228	8.08e-33	119
B158DRAFT_1335	STM_v1_0.STM2392	33.8	234	142	7	1	226	1	229	6.20e-32	117
B158DRAFT_1336	iCHOv1.100772070	44.9	303	155	5	6	296	46	348	1.43e-75	235
B158DRAFT_1336	iCHOv1.100755966	42.3	307	165	5	6	300	248	554	2.77e-68	221
B158DRAFT_1337	iYS854.USA300HOU_RS06035	28.7	202	107	8	35	225	2	177	1.37e-07	53.5
B158DRAFT_1337	iJN1463.PP_4281	45.5	55	28	1	412	464	345	399	1.31e-06	50.4
B158DRAFT_1339	iJN1463.PP_0987	68.0	459	144	2	1	457	1	458	2.02e-214	598
B158DRAFT_1340	iML1515.b1813	42.9	163	90	3	16	177	21	181	8.62e-35	120
B158DRAFT_1341	iPC815.YPO1773	47.8	458	224	4	12	469	10	452	1.25e-137	403
B158DRAFT_1341	iSbBS512_1146.SbBS512_E2073	47.6	462	222	6	11	470	9	452	2.22e-134	395
B158DRAFT_1341	iSSON_1240.SSON_1348	47.6	462	222	6	11	470	9	452	2.22e-134	395
B158DRAFT_1341	iSF_1195.SF1416	47.6	462	222	6	11	470	9	452	6.30e-134	394
B158DRAFT_1341	iSDY_1059.SDY_1718	47.4	462	223	6	11	470	9	452	1.79e-133	392
B158DRAFT_1341	iML1515.b1812	48.0	448	214	5	25	470	22	452	2.88e-132	389
B158DRAFT_1341	iYL1228.KPN_02328	45.9	468	223	7	11	471	7	451	2.47e-130	384
B158DRAFT_1341	STM_v1_0.STM1824	46.9	461	229	6	11	471	10	454	2.72e-130	384
B158DRAFT_1342	iJN1463.PP_0897	70.1	501	147	2	1	500	1	499	4.11e-261	720
B158DRAFT_1342	iCN718.ABAYE_RS16340	65.5	496	168	2	4	499	5	497	6.50e-244	676
B158DRAFT_1343	iJN1463.PP_2334	65.7	289	98	1	4	291	8	296	4.53e-132	376
B158DRAFT_1343	iCN718.ABAYE_RS18820	64.1	290	103	1	2	290	5	294	1.53e-127	364
B158DRAFT_1343	iML1515.b0331	61.6	292	111	1	2	292	5	296	2.08e-123	354
B158DRAFT_1343	STM_v1_0.STM0368	60.1	291	115	1	2	291	5	295	1.09e-120	347
B158DRAFT_1344	iML1515.b0333	72.7	374	102	0	6	379	15	388	1.27e-206	572
B158DRAFT_1344	STM_v1_0.STM0369	73.0	374	101	0	6	379	15	388	7.32e-206	570
B158DRAFT_1344	iCN718.ABAYE_RS18815	73.5	374	99	0	6	379	11	384	3.30e-201	558
B158DRAFT_1345	iJN1463.PP_2336	79.6	862	175	1	1	862	1	861	0.0	1379
B158DRAFT_1345	iCN718.ABAYE_RS18810	77.1	864	192	4	1	859	1	863	0.0	1341
B158DRAFT_1346	iJN1463.PP_2513	36.6	388	202	12	13	397	3	349	2.25e-55	186
B158DRAFT_1354	iJN1463.PP_2448	36.8	432	252	10	1	420	1	423	6.32e-86	268
B158DRAFT_1354	iSSON_1240.SSON_1839	36.1	429	258	10	1	420	1	422	3.31e-82	258
B158DRAFT_1354	iSDY_1059.SDY_1943	35.9	432	255	11	1	420	1	422	1.84e-81	256
B158DRAFT_1354	iSbBS512_1146.SbBS512_E1537	35.9	432	255	11	1	420	1	422	3.66e-81	256
B158DRAFT_1354	iML1515.b1301	35.6	432	256	11	1	420	1	422	7.28e-81	255
B158DRAFT_1354	iSF_1195.SF1306	35.9	432	255	11	1	420	1	422	7.28e-81	255
B158DRAFT_1354	iYL1228.KPN_01017	34.1	428	268	7	1	420	1	422	1.76e-78	249
B158DRAFT_1358	iAF987.Gmet_1123	70.1	481	144	0	1	481	1	481	6.89e-253	697
B158DRAFT_1358	iML1515.b0334	64.4	478	167	1	7	481	6	483	1.12e-228	636
B158DRAFT_1358	STM_v1_0.STM0370	63.4	484	173	2	1	481	1	483	7.45e-227	631
B158DRAFT_1361	iJN1463.PP_4213	27.3	205	120	5	89	270	118	316	4.88e-18	85.1
B158DRAFT_1363	iCN718.ABAYE_RS07615	39.2	293	170	3	8	300	18	302	2.93e-70	219
B158DRAFT_1367	iLB1027_lipid.PHATRDRAFT_12043	35.2	264	152	6	3	251	1	260	3.99e-46	154
B158DRAFT_1368	iCHOv1.100757665	29.9	67	47	0	79	145	85	151	2.58e-04	39.3
B158DRAFT_1368	iMM1415.69215	29.6	81	52	1	69	144	93	173	5.62e-04	38.5
B158DRAFT_1370	iJN1463.PP_0686	48.1	52	27	0	125	176	48	99	1.00e-06	45.4
B158DRAFT_1374	iCHOv1.100774083	29.8	601	397	10	141	733	118	701	1.69e-82	276
B158DRAFT_1378	iML1515.b1655	40.3	119	64	4	52	165	148	264	2.59e-23	92.4
B158DRAFT_1384	iPC815.YPO3286	59.0	346	135	2	14	352	6	351	2.59e-139	399
B158DRAFT_1384	iML1515.b2601	57.9	337	139	1	14	347	6	342	5.21e-139	398
B158DRAFT_1384	iSbBS512_1146.SbBS512_E2988	57.9	337	139	1	14	347	6	342	7.39e-139	398
B158DRAFT_1384	iSDY_1059.SDY_2765	57.9	337	139	1	14	347	6	342	7.39e-139	398
B158DRAFT_1384	iSF_1195.SF2661	57.9	337	139	1	14	347	6	342	7.39e-139	398
B158DRAFT_1384	iSSON_1240.SSON_2752	57.9	337	139	1	14	347	6	342	7.39e-139	398
B158DRAFT_1384	STM_v1_0.STM2670	57.0	337	142	1	14	347	6	342	3.98e-136	391
B158DRAFT_1384	iYL1228.KPN_02923	57.1	338	140	2	14	347	6	342	1.61e-135	389
B158DRAFT_1384	iCN718.ABAYE_RS10175	56.3	343	146	2	14	352	20	362	1.01e-134	388
B158DRAFT_1384	iJN1463.PP_2324	55.7	343	148	2	14	352	18	360	2.27e-131	379
B158DRAFT_1384	STM_v1_0.STM0760	56.5	340	146	1	15	352	6	345	7.61e-130	375
B158DRAFT_1384	iSSON_1240.SSON_0706	56.1	335	145	1	15	347	6	340	2.50e-128	371
B158DRAFT_1384	iSF_1195.SF0550	55.6	340	149	1	15	352	6	345	7.12e-128	370
B158DRAFT_1384	iML1515.b0754	56.1	335	145	1	15	347	6	340	1.01e-127	369
B158DRAFT_1384	iSbBS512_1146.SbBS512_E0675	56.1	335	145	1	15	347	6	340	1.01e-127	369
B158DRAFT_1384	iSDY_1059.SDY_0701	56.1	335	145	1	15	347	6	340	1.01e-127	369
B158DRAFT_1384	iAF987.Gmet_2375	52.9	340	157	1	16	352	6	345	1.38e-126	367
B158DRAFT_1384	iYL1228.KPN_00758	55.0	340	151	1	15	352	6	345	2.69e-125	363
B158DRAFT_1385	iSbBS512_1146.SbBS512_E2986	38.2	377	233	0	6	382	5	381	2.56e-88	272
B158DRAFT_1385	iSSON_1240.SSON_2750	37.9	377	234	0	6	382	5	381	7.21e-88	271
B158DRAFT_1385	iML1515.b2599	37.9	377	234	0	6	382	5	381	1.02e-87	270
B158DRAFT_1385	iSF_1195.SF2659	37.9	377	234	0	6	382	5	381	1.02e-87	270
B158DRAFT_1385	STM_v1_0.STM2667	38.2	377	233	0	6	382	5	381	4.05e-87	269
B158DRAFT_1385	iYL1228.KPN_02920	37.4	377	236	0	6	382	5	381	1.14e-86	268
B158DRAFT_1385	iSDY_1059.SDY_2767	37.7	377	235	0	6	382	5	381	2.55e-85	264
B158DRAFT_1387	iEK1008.Rv0773c	44.2	532	266	8	49	578	8	510	2.84e-143	424
B158DRAFT_1387	iCN900.CD630_15340	41.7	547	290	6	40	580	14	537	1.01e-141	421
B158DRAFT_1388	iAM_Pf480.PF3D7_0729200	37.1	143	77	4	6	135	63	205	3.25e-26	99.0
B158DRAFT_1388	iAM_Pv461.PVX_081760	36.6	142	78	3	6	135	61	202	1.19e-25	97.4
B158DRAFT_1388	iAM_Pc455.PCYB_022410	35.9	142	79	3	6	135	61	202	6.53e-25	95.5
B158DRAFT_1395	iJN1463.PP_3163	26.7	225	152	7	5	226	106	320	2.89e-18	82.0
B158DRAFT_1395	iYL1228.KPN_00244	30.9	230	135	11	15	225	168	392	2.19e-17	80.1
B158DRAFT_1399	iHN637.CLJU_RS12480	25.3	296	190	7	50	340	18	287	1.51e-10	61.2
B158DRAFT_1399	iHN637.CLJU_RS15035	25.7	296	189	7	50	340	18	287	2.03e-10	60.8
B158DRAFT_1400	iAF987.Gmet_2143	26.2	519	360	8	22	535	7	507	1.21e-61	211
B158DRAFT_1400	iCHOv1.100751305	26.8	552	374	13	6	538	32	572	7.41e-60	207
B158DRAFT_1400	iYO844.BSU10270	29.8	500	324	14	59	544	27	513	2.73e-58	202
B158DRAFT_1400	iYS854.USA300HOU_RS14140	26.8	485	340	5	59	538	42	516	7.73e-56	196
B158DRAFT_1400	iCN718.ABAYE_RS18250	27.8	511	332	8	59	538	51	555	1.23e-53	190
B158DRAFT_1401	iHN637.CLJU_RS15035	36.3	284	174	2	7	284	2	284	7.77e-48	161
B158DRAFT_1401	iHN637.CLJU_RS12480	36.3	284	174	2	7	284	2	284	1.09e-47	161
B158DRAFT_1404	STM_v1_0.STM1888	59.9	479	185	2	2	477	5	479	2.12e-194	549
B158DRAFT_1404	iYL1228.KPN_02369	60.1	479	184	2	2	477	5	479	1.72e-193	546
B158DRAFT_1404	iML1515.b1854	59.7	479	186	2	2	477	5	479	2.82e-192	543
B158DRAFT_1404	iSbBS512_1146.SbBS512_E2130	59.7	479	186	2	2	477	5	479	2.82e-192	543
B158DRAFT_1404	iSDY_1059.SDY_1141	59.7	479	186	2	2	477	5	479	2.82e-192	543
B158DRAFT_1404	iSSON_1240.SSON_1294	59.7	479	186	2	2	477	5	479	2.82e-192	543
B158DRAFT_1404	iSF_1195.SF1864	59.7	479	186	2	2	477	5	479	4.00e-192	543
B158DRAFT_1404	iJN1463.PP_1362	58.9	477	196	0	2	478	3	479	5.41e-181	515
B158DRAFT_1405	STM_v1_0.STM3391	23.3	1079	720	28	13	1036	3	1028	7.09e-54	204
B158DRAFT_1405	iSF_1195.SF2512	21.6	1063	751	25	13	1034	3	1024	1.66e-53	203
B158DRAFT_1405	iML1515.b2470	21.5	1063	752	25	13	1034	3	1024	3.90e-53	202
B158DRAFT_1405	iSSON_1240.SSON_2550	21.5	1063	752	25	13	1034	3	1024	5.18e-53	201
B158DRAFT_1405	iSDY_1059.SDY_2654	21.2	1069	748	26	13	1034	3	1024	1.61e-52	200
B158DRAFT_1405	iML1515.b0462	23.2	1065	739	31	13	1036	3	1029	2.14e-51	196
B158DRAFT_1405	iML1515.b3266	23.2	1071	731	31	13	1036	3	1028	6.29e-51	195
B158DRAFT_1405	iYL1228.KPN_03673	23.1	1062	740	27	14	1036	4	1027	1.11e-50	194
B158DRAFT_1405	iAF987.Gmet_3509	22.8	1071	726	23	11	1033	5	1022	1.05e-49	191
B158DRAFT_1405	iJN1463.PP_1385	21.7	1078	740	24	14	1039	4	1029	3.42e-49	189
B158DRAFT_1406	iML1515.b3265	27.9	348	209	11	66	395	60	383	6.52e-11	63.2
B158DRAFT_1406	iSbBS512_1146.SbBS512_E3648	27.6	348	210	11	66	395	60	383	1.54e-10	62.0
B158DRAFT_1406	iSSON_1240.SSON_0450	24.9	362	229	9	37	378	36	374	6.71e-10	60.1
B158DRAFT_1406	iML1515.b0463	24.6	362	230	9	37	378	36	374	1.58e-09	58.9
B158DRAFT_1406	iSDY_1059.SDY_0456	24.9	350	220	9	37	366	36	362	1.58e-09	58.9
B158DRAFT_1414	iYL1228.KPN_00961	72.0	464	130	0	2	465	3	466	2.47e-259	712
B158DRAFT_1414	iSbBS512_1146.SbBS512_E2388	71.1	464	134	0	2	465	3	466	2.36e-257	707
B158DRAFT_1414	iSF_1195.SF0927	71.1	464	134	0	2	465	3	466	2.36e-257	707
B158DRAFT_1414	iSSON_1240.SSON_0933	71.1	464	134	0	2	465	3	466	2.36e-257	707
B158DRAFT_1414	iPC815.YPO1412	72.0	464	130	0	2	465	3	466	3.34e-257	707
B158DRAFT_1414	STM_v1_0.STM1000	71.3	464	133	0	2	465	3	466	4.75e-257	706
B158DRAFT_1414	iSDY_1059.SDY_2327	71.1	464	134	0	2	465	3	466	6.74e-257	706
B158DRAFT_1416	iJN1463.PP_1877	54.7	148	64	1	20	167	14	158	2.02e-53	166
B158DRAFT_1416	iML1515.b1832	48.1	160	77	2	15	171	2	158	6.32e-51	160
B158DRAFT_1418	iCHOv1.100768126	42.7	342	192	3	10	349	43	382	1.75e-88	271
B158DRAFT_1418	iMM1415.56720	42.7	342	192	3	10	349	42	381	6.79e-88	270
B158DRAFT_1419	iJN1463.PP_4194	68.1	429	136	1	1	429	1	428	3.44e-215	597
B158DRAFT_1419	iML1515.b0720	65.5	429	146	2	1	429	1	427	8.24e-211	586
B158DRAFT_1419	iSbBS512_1146.SbBS512_E0638	65.5	429	146	2	1	429	1	427	8.24e-211	586
B158DRAFT_1419	iSSON_1240.SSON_0671	65.5	429	146	2	1	429	1	427	8.24e-211	586
B158DRAFT_1419	STM_v1_0.STM0730	65.5	429	146	2	1	429	1	427	1.66e-210	585
B158DRAFT_1419	iSDY_1059.SDY_0658	66.0	423	142	2	1	423	1	421	1.36e-209	583
B158DRAFT_1419	iSF_1195.SF0577	65.3	429	147	2	1	429	1	427	1.92e-209	583
B158DRAFT_1419	iYL1228.KPN_00727	65.0	429	148	2	1	429	1	427	2.73e-209	582
B158DRAFT_1419	iPC815.YPO1108	66.7	423	138	3	1	423	1	420	7.53e-209	581
B158DRAFT_1419	iCN718.ABAYE_RS04410	64.2	425	145	5	1	422	1	421	2.05e-196	550
B158DRAFT_1420	iJN1463.PP_4193	52.0	125	58	2	1	124	5	128	7.24e-40	129
B158DRAFT_1420	STM_v1_0.STM0732	47.6	126	63	3	1	124	5	129	4.66e-36	119
B158DRAFT_1420	iML1515.b0721	46.8	126	64	3	1	124	5	129	9.38e-36	119
B158DRAFT_1420	iSbBS512_1146.SbBS512_E0640	46.8	126	64	3	1	124	10	134	1.09e-35	119
B158DRAFT_1420	iSDY_1059.SDY_0659	46.8	126	64	3	1	124	5	129	9.38e-36	119
B158DRAFT_1420	iSSON_1240.SSON_0672	46.8	126	64	3	1	124	5	129	9.38e-36	119
B158DRAFT_1420	iSF_1195.SF0576	46.0	126	65	3	1	124	10	134	8.82e-35	116
B158DRAFT_1421	iPC815.YPO1110	43.9	114	64	0	3	116	1	114	8.22e-32	108
B158DRAFT_1421	iYL1228.KPN_00729	45.6	114	62	0	3	116	1	114	6.70e-31	105
B158DRAFT_1421	iJN1463.PP_4192	43.8	121	61	1	3	116	1	121	1.16e-30	105
B158DRAFT_1421	STM_v1_0.STM0733	42.1	114	66	0	3	116	1	114	5.45e-30	103
B158DRAFT_1421	iML1515.b0722	43.0	114	65	0	3	116	1	114	7.72e-30	103
B158DRAFT_1421	iSDY_1059.SDY_0660	43.0	114	65	0	3	116	1	114	7.72e-30	103
B158DRAFT_1421	iSF_1195.SF0575	43.0	114	65	0	3	116	1	114	7.72e-30	103
B158DRAFT_1421	iSSON_1240.SSON_0673	43.0	114	65	0	3	116	1	114	7.72e-30	103
B158DRAFT_1421	iSbBS512_1146.SbBS512_E0641	43.0	114	65	0	3	116	1	114	1.55e-29	102
B158DRAFT_1422	iYL1228.KPN_00730	73.7	586	153	1	8	592	3	588	9.39e-320	875
B158DRAFT_1422	iML1515.b0723	73.5	586	154	1	8	592	3	588	7.51e-319	873
B158DRAFT_1422	iSF_1195.SF0574	73.5	586	154	1	8	592	3	588	7.51e-319	873
B158DRAFT_1422	iSSON_1240.SSON_0674	73.5	586	154	1	8	592	3	588	7.51e-319	873
B158DRAFT_1422	iSbBS512_1146.SbBS512_E0642	73.4	586	155	1	8	592	3	588	2.63e-317	869
B158DRAFT_1422	iSDY_1059.SDY_0661	73.4	586	155	1	8	592	3	588	2.63e-317	869
B158DRAFT_1422	STM_v1_0.STM0734	73.2	586	156	1	8	592	3	588	3.74e-317	869
B158DRAFT_1422	iJN1463.PP_4191	71.9	590	164	2	5	592	1	590	1.27e-313	860
B158DRAFT_1422	iPC815.YPO1111	72.7	587	159	1	7	592	2	588	7.88e-312	855
B158DRAFT_1423	iPC815.YPO1112	77.3	233	49	2	1	229	3	235	1.35e-136	382
B158DRAFT_1423	iYL1228.KPN_00731	76.8	233	50	2	1	229	3	235	1.57e-135	380
B158DRAFT_1423	iSDY_1059.SDY_0662	76.4	233	51	2	1	229	3	235	6.38e-135	378
B158DRAFT_1423	iML1515.b0724	76.4	233	51	2	1	229	3	235	1.83e-134	377
B158DRAFT_1423	iSbBS512_1146.SbBS512_E0643	76.4	233	51	2	1	229	3	235	1.83e-134	377
B158DRAFT_1423	iSF_1195.SF0573	76.4	233	51	2	1	229	3	235	1.83e-134	377
B158DRAFT_1423	iSSON_1240.SSON_0675	76.4	233	51	2	1	229	3	235	1.83e-134	377
B158DRAFT_1423	STM_v1_0.STM0735	76.0	233	52	2	1	229	4	236	7.70e-134	375
B158DRAFT_1423	iJN1463.PP_4190	73.9	234	56	4	1	231	2	233	4.82e-129	363
B158DRAFT_1423	iCN718.ABAYE_RS04430	73.5	226	59	1	3	228	8	232	4.05e-126	356
B158DRAFT_1424	STM_v1_0.STM0736	61.3	941	347	7	3	938	4	932	0.0	1144
B158DRAFT_1424	iYL1228.KPN_00732	60.7	944	355	6	1	938	1	934	0.0	1144
B158DRAFT_1424	iSSON_1240.SSON_0677	60.4	942	356	6	3	939	4	933	0.0	1141
B158DRAFT_1424	iML1515.b0726	60.4	942	356	6	3	939	4	933	0.0	1140
B158DRAFT_1424	iSbBS512_1146.SbBS512_E0645	60.4	942	356	6	3	939	4	933	0.0	1140
B158DRAFT_1424	iSF_1195.SF0571	60.3	942	357	6	3	939	4	933	0.0	1139
B158DRAFT_1424	iSDY_1059.SDY_0664	60.3	942	357	6	3	939	4	933	0.0	1137
B158DRAFT_1424	iPC815.YPO1113	59.6	945	366	6	1	939	1	935	0.0	1132
B158DRAFT_1424	iJN1463.PP_4189	58.8	940	379	5	5	938	6	943	0.0	1104
B158DRAFT_1424	iCN718.ABAYE_RS04435	56.7	944	398	6	1	939	1	938	0.0	1051
B158DRAFT_1425	iSDY_1059.SDY_0665	58.0	414	163	2	2	415	3	405	1.50e-161	460
B158DRAFT_1425	STM_v1_0.STM0737	57.5	414	162	2	2	415	3	402	7.73e-161	458
B158DRAFT_1425	iML1515.b0727	57.1	422	154	4	2	415	3	405	3.47e-160	456
B158DRAFT_1425	iSbBS512_1146.SbBS512_E0646	57.3	422	153	4	2	415	3	405	3.47e-160	456
B158DRAFT_1425	iSSON_1240.SSON_0678	57.1	422	154	4	2	415	3	405	3.47e-160	456
B158DRAFT_1425	iPC815.YPO1114	57.5	416	164	4	2	415	3	407	3.72e-160	456
B158DRAFT_1425	iSF_1195.SF0570	56.9	422	155	4	2	415	3	405	1.40e-159	455
B158DRAFT_1425	iYL1228.KPN_00733	57.6	415	166	3	2	415	3	408	2.07e-157	449
B158DRAFT_1425	iCN718.ABAYE_RS04440	57.8	415	158	2	1	415	1	398	5.92e-157	448
B158DRAFT_1425	iJN1463.PP_4188	58.3	420	157	3	1	415	1	407	3.08e-149	429
B158DRAFT_1426	iJN1463.PP_4186	85.6	388	56	0	1	388	1	388	1.03e-235	646
B158DRAFT_1426	iYL1228.KPN_00734	78.9	388	82	0	1	388	1	388	2.87e-212	587
B158DRAFT_1426	STM_v1_0.STM0738	78.4	388	84	0	1	388	1	388	1.16e-211	585
B158DRAFT_1426	iML1515.b0728	78.1	388	85	0	1	388	1	388	9.54e-211	583
B158DRAFT_1426	iSF_1195.SF0569	78.1	388	85	0	1	388	1	388	9.54e-211	583
B158DRAFT_1426	iSSON_1240.SSON_0679	78.1	388	85	0	1	388	1	388	9.54e-211	583
B158DRAFT_1426	iPC815.YPO1115	77.3	388	88	0	1	388	1	388	2.73e-210	582
B158DRAFT_1427	iJN1463.PP_4185	89.3	290	31	0	1	290	1	290	8.49e-189	519
B158DRAFT_1427	STM_v1_0.STM0739	86.8	287	38	0	1	287	1	287	2.41e-180	498
B158DRAFT_1427	iYL1228.KPN_00735	86.4	287	39	0	1	287	1	287	6.90e-180	496
B158DRAFT_1427	iSF_1195.SF0568	87.1	287	37	0	1	287	1	287	6.90e-180	496
B158DRAFT_1427	iML1515.b0729	87.1	287	37	0	1	287	1	287	9.80e-180	496
B158DRAFT_1427	iSbBS512_1146.SbBS512_E0648	87.1	287	37	0	1	287	1	287	9.80e-180	496
B158DRAFT_1427	iSSON_1240.SSON_0680	87.1	287	37	0	1	287	1	287	9.80e-180	496
B158DRAFT_1427	iSDY_1059.SDY_0667	86.4	287	39	0	1	287	1	287	1.33e-177	491
B158DRAFT_1427	iPC815.YPO1116	85.0	287	43	0	1	287	1	287	7.97e-177	489
B158DRAFT_1428	iAF987.Gmet_2530	29.2	469	264	12	36	442	28	490	7.03e-44	166
B158DRAFT_1432	iCN718.ABAYE_RS00935	62.8	508	188	1	3	509	2	509	9.46e-216	605
B158DRAFT_1432	iJN1463.PP_5032	62.7	510	189	1	1	509	1	510	1.11e-211	595
B158DRAFT_1432	iYL1228.KPN_00796	61.9	494	186	2	1	492	1	494	9.98e-200	565
B158DRAFT_1432	STM_v1_0.STM0791	60.9	504	196	1	1	503	1	504	1.32e-199	564
B158DRAFT_1433	iJN1463.PP_5033	80.4	556	108	1	1	556	1	555	0.0	924
B158DRAFT_1433	iCN718.ABAYE_RS00930	79.0	558	114	1	1	558	4	558	0.0	920
B158DRAFT_1433	iYL1228.KPN_00795	77.0	544	125	0	13	556	11	554	0.0	884
B158DRAFT_1435	iJN1463.PP_5029	41.6	221	126	2	153	371	13	232	4.38e-60	195
B158DRAFT_1436	iSynCJ816.SGL_RS13610	31.6	117	53	5	25	141	37	126	5.57e-06	42.7
B158DRAFT_1437	iJN1463.PP_5030	57.3	389	160	2	12	400	4	386	4.98e-150	430
B158DRAFT_1437	iCN718.ABAYE_RS00945	56.6	389	163	3	12	400	4	386	8.13e-149	427
B158DRAFT_1438	iJN1463.PP_5036	47.7	457	228	6	10	464	5	452	1.98e-137	402
B158DRAFT_1444	iJN1463.PP_2130	33.2	617	394	12	28	636	43	649	3.84e-98	314
B158DRAFT_1445	iJN1463.PP_4490	64.0	258	90	2	5	261	4	259	8.32e-120	342
B158DRAFT_1446	iJN1463.PP_3433	52.4	359	161	7	1	353	1	355	3.06e-126	366
B158DRAFT_1446	iCN718.ABAYE_RS00875	50.4	353	159	6	7	353	6	348	3.43e-121	353
B158DRAFT_1447	iLB1027_lipid.PHATRDRAFT_49112	24.4	205	130	5	108	289	168	370	3.00e-11	64.3
B158DRAFT_1449	iCN718.ABAYE_RS00890	53.7	214	95	2	2	215	1	210	2.01e-78	233
B158DRAFT_1451	iJN1463.PP_4203	68.0	550	171	4	1	546	12	560	3.56e-282	777
B158DRAFT_1452	iJN1463.PP_4202	73.1	249	67	0	1	249	1	249	2.16e-119	340
B158DRAFT_1453	iJN1463.PP_4201	66.2	305	103	0	1	305	1	305	2.07e-130	373
B158DRAFT_1455	STM_v1_0.STM2546	56.0	259	112	2	1	257	1	259	7.03e-96	281
B158DRAFT_1455	iPC815.YPO2899	53.7	259	118	1	1	257	1	259	1.63e-94	278
B158DRAFT_1455	iML1515.b2533	55.2	259	114	2	1	257	1	259	3.28e-94	277
B158DRAFT_1455	iSbBS512_1146.SbBS512_E2908	55.2	259	114	2	1	257	1	259	3.28e-94	277
B158DRAFT_1455	iSF_1195.SF2580	55.2	259	114	2	1	257	1	259	3.28e-94	277
B158DRAFT_1455	iSDY_1059.SDY_2729	54.4	259	116	2	1	257	1	259	5.36e-93	274
B158DRAFT_1455	iSSON_1240.SSON_2615	54.8	259	115	2	1	257	1	259	5.36e-93	274
B158DRAFT_1455	iYL1228.KPN_02865	53.1	258	119	2	1	256	1	258	2.03e-90	268
B158DRAFT_1457	iJN1463.PP_0840	58.8	240	89	1	1	230	1	240	3.81e-98	287
B158DRAFT_1459	iML1515.b2530	79.2	404	84	0	1	404	1	404	6.04e-236	648
B158DRAFT_1459	iSbBS512_1146.SbBS512_E2905	79.2	404	84	0	1	404	1	404	6.04e-236	648
B158DRAFT_1459	iSDY_1059.SDY_2726	79.2	404	84	0	1	404	9	412	8.11e-236	648
B158DRAFT_1459	iSF_1195.SF2577	79.2	404	84	0	1	404	1	404	6.04e-236	648
B158DRAFT_1459	iSSON_1240.SSON_2612	79.2	404	84	0	1	404	9	412	8.11e-236	648
B158DRAFT_1459	iYL1228.KPN_02862	79.0	404	85	0	1	404	1	404	9.98e-235	645
B158DRAFT_1459	STM_v1_0.STM2543	77.7	404	90	0	1	404	1	404	9.51e-233	640
B158DRAFT_1459	iPC815.YPO2896	77.2	404	92	0	1	404	6	409	5.15e-229	630
B158DRAFT_1459	iJN1463.PP_0842	72.8	404	110	0	1	404	1	404	1.23e-214	594
B158DRAFT_1460	iJN1463.PP_0843	85.7	126	18	0	1	126	1	126	1.34e-77	224
B158DRAFT_1460	iML1515.b2529	84.7	124	19	0	1	124	1	124	1.10e-76	222
B158DRAFT_1460	iSDY_1059.SDY_2725	84.7	124	19	0	1	124	1	124	1.10e-76	222
B158DRAFT_1460	iSF_1195.SF2576	84.7	124	19	0	1	124	1	124	1.10e-76	222
B158DRAFT_1460	iSSON_1240.SSON_2611	84.7	124	19	0	1	124	1	124	1.10e-76	222
B158DRAFT_1460	iSbBS512_1146.SbBS512_E2904	83.9	124	20	0	1	124	1	124	2.60e-75	219
B158DRAFT_1461	iML1515.b2528	73.8	107	28	0	1	107	1	107	7.85e-56	168
B158DRAFT_1461	iSbBS512_1146.SbBS512_E2903	73.8	107	28	0	1	107	3	109	8.35e-56	168
B158DRAFT_1461	iSDY_1059.SDY_2724	73.8	107	28	0	1	107	1	107	7.85e-56	168
B158DRAFT_1461	iSF_1195.SF2575	73.8	107	28	0	1	107	1	107	7.85e-56	168
B158DRAFT_1461	iSSON_1240.SSON_2610	73.8	107	28	0	1	107	1	107	7.85e-56	168
B158DRAFT_1461	iJN1463.PP_0844	71.0	107	31	0	1	107	1	107	7.53e-54	163
B158DRAFT_1463	iML1515.b0650	32.6	555	325	8	20	550	6	535	5.35e-76	252
B158DRAFT_1463	iSbBS512_1146.SbBS512_E0599	32.6	555	325	8	20	550	6	535	1.04e-75	251
B158DRAFT_1463	iSSON_1240.SSON_0604	32.6	555	325	8	20	550	6	535	1.46e-75	251
B158DRAFT_1463	STM_v1_0.STM0659	32.2	472	288	4	20	483	6	453	4.70e-72	241
B158DRAFT_1464	iJN1463.PP_0847	62.7	110	41	0	1	110	1	110	3.24e-46	144
B158DRAFT_1470	iAF987.Gmet_3199	49.0	404	206	0	23	426	14	417	2.08e-130	382
B158DRAFT_1471	iAF987.Gmet_3198	40.6	251	145	2	11	257	10	260	4.23e-52	173
B158DRAFT_1471	iML1515.b0242	38.4	255	153	2	8	258	2	256	2.84e-51	171
B158DRAFT_1471	iSbBS512_1146.SbBS512_E0239	38.4	255	153	2	8	258	2	256	2.84e-51	171
B158DRAFT_1471	iSDY_1059.SDY_0474	38.4	255	153	2	8	258	2	256	2.84e-51	171
B158DRAFT_1471	iSSON_1240.SSON_0284	38.4	255	153	2	8	258	2	256	2.84e-51	171
B158DRAFT_1471	iSF_1195.SF0292	38.4	255	153	2	8	258	2	256	4.00e-51	171
B158DRAFT_1471	iJN1463.PP_0691	40.2	251	146	2	11	257	9	259	6.33e-51	170
B158DRAFT_1471	STM_v1_0.STM0321	37.3	255	156	2	8	258	2	256	1.70e-49	166
B158DRAFT_1471	iYL1228.KPN_00281	39.1	235	140	1	8	239	2	236	1.85e-48	164
B158DRAFT_1471	iPC815.YPO3222	37.3	255	150	4	11	258	5	256	2.81e-47	160
B158DRAFT_1471	iHN637.CLJU_RS02945	37.5	251	153	2	11	257	12	262	3.50e-47	157
B158DRAFT_1472	iAF987.Gmet_3198	39.8	241	142	1	1	238	1	241	6.44e-54	178
B158DRAFT_1472	iJN1463.PP_0691	41.3	235	129	3	13	241	12	243	3.79e-52	174
B158DRAFT_1472	iHN637.CLJU_RS02945	36.6	254	157	2	10	259	12	265	4.14e-51	168
B158DRAFT_1475	iNF517.LLMG_RS00395	29.1	578	307	8	4	554	5	506	1.13e-62	214
B158DRAFT_1476	iYO844.BSU14590	51.1	327	156	2	1	325	1	325	1.53e-116	339
B158DRAFT_1476	iAF987.Gmet_2510	51.1	325	154	1	1	325	1	320	1.83e-116	338
B158DRAFT_1476	iYS854.USA300HOU_RS05460	48.6	327	164	2	1	325	1	325	6.64e-113	330
B158DRAFT_1476	iYO844.BSU24040	48.9	327	165	2	1	325	1	327	1.87e-105	311
B158DRAFT_1477	iAF987.Gmet_2509	42.5	353	200	2	1	352	1	351	5.23e-92	279
B158DRAFT_1479	iJN1463.PP_2017	51.9	883	411	5	11	887	10	884	0.0	901
B158DRAFT_1479	iYL1228.KPN_00968	50.2	878	422	6	10	887	8	870	1.50e-295	837
B158DRAFT_1479	iML1515.b0932	49.8	880	422	5	10	887	8	869	2.91e-295	837
B158DRAFT_1479	iSSON_1240.SSON_0935	49.8	880	422	5	10	887	8	869	4.12e-295	836
B158DRAFT_1479	STM_v1_0.STM1057	49.7	880	423	5	10	887	8	869	2.35e-294	834
B158DRAFT_1479	iSbBS512_1146.SbBS512_E2386	49.7	880	423	5	10	887	8	869	3.33e-294	834
B158DRAFT_1479	iSDY_1059.SDY_2325	49.7	880	423	5	10	887	8	869	4.71e-294	833
B158DRAFT_1479	iSF_1195.SF0929	49.7	881	422	5	10	887	8	870	9.78e-294	833
B158DRAFT_1479	iPC815.YPO1414	49.7	878	426	5	10	887	8	869	2.70e-288	819
B158DRAFT_1481	iAF987.Gmet_0604	57.9	335	139	2	5	339	6	338	7.32e-124	358
B158DRAFT_1483	iNF517.LLMG_RS02350	35.9	251	156	4	1	247	1	250	2.05e-46	155
B158DRAFT_1483	iCN900.CD630_01030	32.0	244	165	1	1	244	1	243	2.43e-45	152
B158DRAFT_1484	iYL1228.KPN_02706	65.6	288	96	1	6	293	1	285	9.05e-127	363
B158DRAFT_1484	STM_v1_0.STM2366	66.1	286	94	1	6	291	1	283	8.45e-127	363
B158DRAFT_1484	iPC815.YPO2768	65.5	287	98	1	6	292	1	286	1.70e-126	362
B158DRAFT_1484	iSSON_1240.SSON_2374	65.7	286	95	1	6	291	1	283	3.42e-126	361
B158DRAFT_1484	iML1515.b2316	65.7	286	95	1	6	291	1	283	4.86e-126	361
B158DRAFT_1484	iSbBS512_1146.SbBS512_E2694	65.7	286	95	1	6	291	1	283	9.78e-126	360
B158DRAFT_1484	iSDY_1059.SDY_2515	65.7	286	95	1	6	291	1	283	9.78e-126	360
B158DRAFT_1484	iJN1463.PP_1996	64.3	269	96	0	23	291	19	287	2.40e-122	351
B158DRAFT_1485	iSbBS512_1146.SbBS512_E2693	39.2	423	235	7	2	421	9	412	5.09e-93	286
B158DRAFT_1485	iSSON_1240.SSON_2373	39.2	423	235	7	2	421	9	412	5.09e-93	286
B158DRAFT_1485	iML1515.b2315	39.2	423	235	7	2	421	9	412	7.19e-93	286
B158DRAFT_1485	iSF_1195.SF2391	39.2	423	235	7	2	421	9	412	1.01e-92	286
B158DRAFT_1485	iSDY_1059.SDY_2514	39.3	415	234	6	10	421	13	412	2.02e-92	285
B158DRAFT_1485	STM_v1_0.STM2365	40.9	421	231	8	2	421	9	412	5.69e-92	284
B158DRAFT_1485	iJN1463.PP_1997	40.4	426	237	9	9	425	6	423	6.62e-88	274
B158DRAFT_1485	iYL1228.KPN_02705	39.0	418	231	9	10	421	13	412	1.75e-87	272
B158DRAFT_1485	iPC815.YPO2769	38.4	422	238	8	10	417	13	426	1.53e-85	268
B158DRAFT_1488	iJN1463.PP_2000	69.5	505	149	1	1	505	1	500	1.03e-256	709
B158DRAFT_1488	iCN718.ABAYE_RS06820	68.4	493	153	3	1	490	1	493	4.43e-242	672
B158DRAFT_1489	iCN718.ABAYE_RS10950	33.9	171	105	4	2	166	3	171	2.52e-24	93.6
B158DRAFT_1490	iAF987.Gmet_2721	30.2	179	105	4	903	1077	499	661	1.59e-13	74.7
B158DRAFT_1492	iMM904.YDL178W	34.5	472	286	8	7	462	66	530	1.34e-86	274
B158DRAFT_1492	iMM904.YEL071W	33.3	471	293	8	7	462	32	496	8.47e-82	261
B158DRAFT_1494	iYL1228.KPN_02750	68.0	472	150	1	1	472	1	471	2.10e-240	665
B158DRAFT_1494	iML1515.b2400	68.4	471	148	1	1	471	1	470	1.16e-239	663
B158DRAFT_1494	iSSON_1240.SSON_2491	68.4	471	148	1	1	471	1	470	1.65e-239	662
B158DRAFT_1494	iSbBS512_1146.SbBS512_E2779	68.2	471	149	1	1	471	1	470	2.34e-239	662
B158DRAFT_1494	iSDY_1059.SDY_2600	67.9	471	150	1	1	471	1	470	3.86e-238	659
B158DRAFT_1494	iSF_1195.SF2462	67.9	471	150	1	1	471	1	470	5.48e-238	659
B158DRAFT_1494	STM_v1_0.STM2415	66.9	471	155	1	1	471	1	470	4.25e-235	651
B158DRAFT_1494	iPC815.YPO2984	65.4	471	162	1	1	471	1	470	6.03e-235	651
B158DRAFT_1496	iSynCJ816.SGL_RS08655	26.9	264	178	6	14	267	9	267	1.01e-23	96.7
B158DRAFT_1497	iCHOv1.100753500	36.6	599	348	9	76	651	20	609	1.58e-121	374
B158DRAFT_1497	iMM1415.16993	36.6	599	348	10	76	651	20	609	1.23e-120	371
B158DRAFT_1498	iJN1463.PP_0336	58.2	182	74	2	3	182	34	215	5.12e-72	216
B158DRAFT_1498	STM_v1_0.STM4408	56.8	183	78	1	4	185	29	211	3.71e-72	216
B158DRAFT_1498	iYL1228.KPN_04615	57.2	180	76	1	4	182	49	228	1.42e-71	216
B158DRAFT_1498	iML1515.b4219	56.7	180	77	1	4	182	29	208	4.95e-70	211
B158DRAFT_1498	iSF_1195.SF4268	56.7	180	77	1	4	182	29	208	4.95e-70	211
B158DRAFT_1498	iSSON_1240.SSON_4404	56.7	180	77	1	4	182	29	208	4.95e-70	211
B158DRAFT_1498	iPC815.YPO3525	55.6	180	79	1	4	182	29	208	4.95e-70	211
B158DRAFT_1498	iSbBS512_1146.SbBS512_E4863	56.7	180	77	1	4	182	29	208	9.95e-70	210
B158DRAFT_1498	iSDY_1059.SDY_4456	56.1	180	78	1	4	182	29	208	2.84e-69	209
B158DRAFT_1505	iCN900.CD630_20200	37.6	867	400	11	6	743	10	864	1.27e-176	528
B158DRAFT_1514	iNF517.LLMG_RS07670	31.5	216	137	4	13	221	76	287	1.60e-29	111
B158DRAFT_1514	iCN900.CD630_25960	32.0	219	133	6	13	221	80	292	8.88e-29	109
B158DRAFT_1514	iNF517.LLMG_RS12010	33.5	209	123	6	16	221	83	278	7.28e-28	106
B158DRAFT_1514	iCN900.CD630_10600	30.8	211	139	4	14	221	83	289	9.31e-26	101
B158DRAFT_1515	iJN1463.PP_1765	31.9	116	72	4	116	229	41	151	4.03e-06	47.0
B158DRAFT_1515	iLB1027_lipid.PHATRDRAFT_9984	32.8	116	69	5	118	229	53	163	1.09e-05	45.8
B158DRAFT_1515	STM_v1_0.STM2276	28.5	130	74	5	114	235	48	166	6.04e-05	43.5
B158DRAFT_1516	iML1515.b1870	51.9	239	114	1	5	242	4	242	5.10e-87	258
B158DRAFT_1517	iYS854.USA300HOU_RS09225	34.9	86	56	0	3	88	2	87	1.23e-10	55.5
B158DRAFT_1517	iYO844.BSU29750	32.2	87	59	0	1	87	1	87	1.68e-10	55.1
B158DRAFT_1522	iJN1463.PP_1308	50.6	387	190	1	9	394	10	396	3.74e-139	402
B158DRAFT_1522	iAF692.Mbar_A3023	47.5	385	199	2	11	393	9	392	2.41e-126	369
B158DRAFT_1523	iYO844.BSU12290	22.5	386	266	12	2	375	3	367	5.57e-12	66.6
B158DRAFT_1528	iJN1463.PP_1625	84.1	107	17	0	1	107	1	107	7.30e-70	203
B158DRAFT_1530	iJN1463.PP_1628	52.9	136	62	1	31	166	22	155	1.32e-39	131
B158DRAFT_1533	iYL1228.KPN_03029	63.2	875	317	2	2	874	4	875	0.0	1076
B158DRAFT_1533	iSF_1195.SF2720	62.2	875	326	2	2	874	4	875	0.0	1071
B158DRAFT_1533	iSSON_1240.SSON_2841	62.3	875	325	2	2	874	4	875	0.0	1071
B158DRAFT_1533	iSbBS512_1146.SbBS512_E3180	62.3	875	325	2	2	874	4	875	0.0	1071
B158DRAFT_1533	iSDY_1059.SDY_2893	62.3	875	325	2	2	874	4	875	0.0	1070
B158DRAFT_1533	STM_v1_0.STM2827	61.8	875	329	2	2	874	4	875	0.0	1063
B158DRAFT_1533	iPC815.YPO3305	61.5	875	332	2	2	874	4	875	0.0	1061
B158DRAFT_1533	iJN1463.PP_4474	58.5	877	358	3	1	874	1	874	0.0	1001
B158DRAFT_1533	iCN718.ABAYE_RS13005	56.7	879	363	4	1	864	1	876	0.0	981
B158DRAFT_1541	iCN900.CD630_19470	43.8	224	121	1	17	235	4	227	2.24e-58	184
B158DRAFT_1550	iML1515.b1856	36.8	114	69	3	172	284	313	424	1.76e-13	69.7
B158DRAFT_1551	iJN1463.PP_4475	40.0	285	162	4	57	340	54	330	1.61e-62	202
B158DRAFT_1551	iPC815.YPO1966	38.2	296	175	4	41	336	32	319	1.63e-57	189
B158DRAFT_1551	iCN718.ABAYE_RS02300	36.5	296	181	3	41	336	32	320	2.14e-56	186
B158DRAFT_1553	iJN1463.PP_2082	75.1	788	194	2	1	788	1	786	0.0	1177
B158DRAFT_1553	iCN718.ABAYE_RS07365	71.5	789	223	2	1	789	1	787	0.0	1142
B158DRAFT_1553	STM_v1_0.STM1349	69.5	784	235	3	5	788	10	789	0.0	1113
B158DRAFT_1553	iML1515.b1702	69.3	784	237	3	5	788	10	789	0.0	1106
B158DRAFT_1553	iSSON_1240.SSON_1457	69.3	784	237	3	5	788	10	789	0.0	1105
B158DRAFT_1553	iSF_1195.SF1528	69.1	784	238	3	5	788	10	789	0.0	1104
B158DRAFT_1553	iSDY_1059.SDY_1794	69.1	784	238	3	5	788	10	789	0.0	1104
B158DRAFT_1553	iSbBS512_1146.SbBS512_E1905	69.1	784	238	3	5	788	10	789	0.0	1103
B158DRAFT_1553	iYL1228.KPN_02160	68.8	784	241	3	5	788	10	789	0.0	1091
B158DRAFT_1553	iPC815.YPO2409	67.6	784	250	3	5	788	11	790	0.0	1077
B158DRAFT_1556	iEK1008.Rv1550	30.9	431	231	8	164	537	131	551	6.18e-50	180
B158DRAFT_1556	iAT_PLT_636.51703	27.3	582	336	17	37	537	159	734	2.32e-48	178
B158DRAFT_1556	iEK1008.Rv2187	27.5	579	351	15	22	540	31	600	9.02e-49	177
B158DRAFT_1556	iMM1415.433256	27.5	550	318	16	63	537	135	678	1.82e-45	169
B158DRAFT_1556	iCHOv1.100773264	26.9	550	321	16	63	537	135	678	4.63e-45	168
B158DRAFT_1556	iIS312.TCDM_06209	26.9	602	347	19	17	534	103	695	3.02e-43	163
B158DRAFT_1560	iAF987.Gmet_1914	35.8	106	68	0	2	107	3	108	8.64e-14	69.3
B158DRAFT_1560	iAF987.Gmet_0069	32.5	120	73	3	4	117	6	123	6.48e-13	66.2
B158DRAFT_1560	iAF987.Gmet_1706	38.0	121	67	3	1	117	1	117	6.86e-13	66.2
B158DRAFT_1564	iCN900.CD630_22760	36.1	560	241	7	1	557	1	446	5.84e-97	302
B158DRAFT_1564	iAF692.Mbar_A2656	36.5	501	206	4	65	560	26	419	9.53e-90	282
B158DRAFT_1565	iJN1463.PP_0368	46.4	571	284	4	3	551	4	574	2.02e-178	516
B158DRAFT_1565	iJN1463.PP_2048	46.0	574	281	5	1	552	1	567	1.74e-174	506
B158DRAFT_1566	iAT_PLT_636.6539	27.0	411	232	11	4	354	35	437	5.74e-29	119
B158DRAFT_1566	iMM1415.14412	26.6	414	243	11	4	361	42	450	1.19e-26	112
B158DRAFT_1566	iMM1415.240332	27.7	383	224	10	2	333	34	414	1.80e-25	109
B158DRAFT_1566	iCHOv1.100761450	24.5	441	243	11	5	361	185	619	5.41e-25	108
B158DRAFT_1566	iCHOv1.100765478	25.5	419	242	12	5	361	51	461	4.27e-25	108
B158DRAFT_1566	iMM1415.104245	24.5	441	243	11	5	361	208	642	5.53e-25	108
B158DRAFT_1566	iMM1415.14411	24.6	406	248	9	4	354	49	451	5.67e-25	107
B158DRAFT_1567	iCN718.ABAYE_RS00945	23.2	397	252	14	54	424	4	373	5.25e-10	60.8
B158DRAFT_1567	iYS854.USA300HOU_RS03790	41.0	83	42	3	53	130	4	84	3.74e-09	58.2
B158DRAFT_1567	iYO844.BSU36640	23.9	418	260	16	53	443	69	455	4.80e-08	55.1
B158DRAFT_1567	iHN637.CLJU_RS14750	21.5	377	224	13	55	422	24	337	4.92e-08	55.1
B158DRAFT_1567	iYL1228.KPN_03467	24.3	415	237	13	53	430	68	442	4.79e-08	55.1
B158DRAFT_1568	iAF692.Mbar_A3252	47.3	55	28	1	33	86	5	59	1.64e-05	46.6
B158DRAFT_1568	iCN900.CD630_31820	41.7	48	28	0	51	98	21	68	5.17e-04	42.0
B158DRAFT_1569	iCN900.CD630_04490	45.1	479	237	6	7	481	7	463	1.26e-131	389
B158DRAFT_1571	iAF692.Mbar_A2125	36.3	80	39	2	35	114	7	74	9.95e-05	42.7
B158DRAFT_1572	iJN1463.PP_0553	35.3	102	64	1	30	131	134	233	5.45e-12	65.1
B158DRAFT_1572	iCN718.ABAYE_RS14020	29.6	125	81	4	17	135	63	186	1.30e-10	60.8
B158DRAFT_1573	iPC815.YPO2074	62.3	551	207	1	1	551	1	550	2.22e-254	707
B158DRAFT_1573	iYL1228.KPN_02322	62.1	551	208	1	1	551	12	561	2.84e-250	697
B158DRAFT_1573	iML1515.b1805	61.7	551	210	1	1	551	1	550	3.85e-250	696
B158DRAFT_1573	iSbBS512_1146.SbBS512_E2065	61.7	551	210	1	1	551	1	550	3.85e-250	696
B158DRAFT_1573	iSDY_1059.SDY_1709	61.7	551	210	1	1	551	1	550	3.85e-250	696
B158DRAFT_1573	iSF_1195.SF1423	61.5	551	211	1	1	551	23	572	2.42e-249	695
B158DRAFT_1573	iSSON_1240.SSON_1356	61.5	551	211	1	1	551	1	550	6.31e-249	693
B158DRAFT_1573	STM_v1_0.STM1818	61.2	551	213	1	1	551	1	550	4.85e-246	686
B158DRAFT_1578	iAF987.Gmet_1750	38.8	214	129	2	333	545	36	248	2.73e-34	132
B158DRAFT_1579	iJN1463.PP_2008	64.1	675	238	3	2	673	20	693	3.02e-311	862
B158DRAFT_1581	iAF987.Gmet_3085	36.7	556	338	6	75	621	328	878	4.93e-115	364
B158DRAFT_1581	iAF987.Gmet_0987	37.1	553	319	6	80	618	238	775	4.62e-113	356
B158DRAFT_1581	iJN1463.PP_3581	42.0	436	251	2	194	628	252	686	1.97e-110	347
B158DRAFT_1581	iAF987.Gmet_2629	41.8	440	254	2	179	617	360	798	1.79e-106	340
B158DRAFT_1581	iAF987.Gmet_0782	38.9	434	264	1	190	622	287	720	2.28e-103	329
B158DRAFT_1581	iAF987.Gmet_0700	38.6	440	269	1	179	617	369	808	4.21e-102	328
B158DRAFT_1583	iAF987.Gmet_1298	42.2	166	95	1	316	480	178	343	2.92e-34	131
B158DRAFT_1583	iAF987.Gmet_0069	45.3	170	91	2	312	480	132	300	3.10e-32	125
B158DRAFT_1583	iAF987.Gmet_2425	43.7	167	88	4	316	480	181	343	2.97e-30	120
B158DRAFT_1584	iCHOv1.103158533	44.3	526	259	13	115	625	62	568	2.19e-141	442
B158DRAFT_1585	iJN1463.PP_2145	50.9	326	152	4	4	329	7	324	2.29e-98	293
B158DRAFT_1585	iCN718.ABAYE_RS16285	54.4	281	125	3	3	282	2	280	9.33e-96	287
B158DRAFT_1585	STM_v1_0.STM1209	46.8	327	165	5	3	327	1	320	1.99e-95	286
B158DRAFT_1585	iML1515.b1107	45.5	334	173	5	3	334	1	327	3.99e-95	285
B158DRAFT_1585	iSDY_1059.SDY_2043	45.8	334	172	5	3	334	1	327	3.99e-95	285
B158DRAFT_1585	iSF_1195.SF1111	45.5	334	173	5	3	334	1	327	2.27e-94	283
B158DRAFT_1585	iSSON_1240.SSON_1127	45.5	334	173	5	3	334	1	327	9.12e-94	282
B158DRAFT_1585	iSbBS512_1146.SbBS512_E2216	46.2	327	167	5	3	327	1	320	1.29e-93	281
B158DRAFT_1585	iYL1228.KPN_01104	46.7	323	163	5	7	327	1	316	1.01e-91	276
B158DRAFT_1585	iPC815.YPO1615	49.8	283	138	3	3	283	1	281	2.52e-91	276
B158DRAFT_1588	iYO844.BSU30410	24.0	317	204	11	112	414	142	435	2.14e-06	49.3
B158DRAFT_1589	iCN900.CD630_19470	41.6	221	129	0	2	222	5	225	1.88e-61	191
B158DRAFT_1589	iYO844.BSU30420	44.6	204	113	0	21	224	20	223	6.97e-57	180
B158DRAFT_1596	iPC815.YPO0682	29.1	179	113	4	22	189	136	311	1.23e-07	50.8
B158DRAFT_1596	iML1515.b3006	38.6	70	43	0	120	189	133	202	1.31e-06	47.4
B158DRAFT_1596	STM_v1_0.STM3159	38.6	70	43	0	120	189	133	202	1.31e-06	47.4
B158DRAFT_1596	iSbBS512_1146.SbBS512_E3434	38.6	70	43	0	120	189	133	202	1.31e-06	47.4
B158DRAFT_1596	iSDY_1059.SDY_3067	38.6	70	43	0	120	189	133	202	1.31e-06	47.4
B158DRAFT_1596	iSF_1195.SF3051	38.6	70	43	0	120	189	133	202	1.31e-06	47.4
B158DRAFT_1596	iSSON_1240.SSON_3149	38.6	70	43	0	120	189	133	202	1.31e-06	47.4
B158DRAFT_1596	iYL1228.KPN_03426	38.6	70	43	0	120	189	128	197	4.24e-06	45.8
B158DRAFT_1597	iPC815.YPO0683	29.9	127	84	4	11	136	17	139	2.41e-10	54.7
B158DRAFT_1597	iML1515.b3005	24.6	122	89	2	12	133	18	136	2.43e-09	52.0
B158DRAFT_1597	iSbBS512_1146.SbBS512_E3433	24.6	122	89	2	12	133	18	136	2.43e-09	52.0
B158DRAFT_1597	iSF_1195.SF3050	24.6	122	89	2	12	133	18	136	2.43e-09	52.0
B158DRAFT_1597	iSSON_1240.SSON_3148	24.6	122	89	2	12	133	18	136	2.43e-09	52.0
B158DRAFT_1597	iYL1228.KPN_03425	25.2	123	89	2	11	133	17	136	6.61e-09	50.8
B158DRAFT_1598	iSF_1195.SF0910	47.0	583	307	2	1	582	1	582	6.57e-182	525
B158DRAFT_1598	iML1515.b0914	47.0	583	307	2	1	582	1	582	9.31e-182	525
B158DRAFT_1598	iSbBS512_1146.SbBS512_E2410	47.0	583	307	2	1	582	1	582	9.31e-182	525
B158DRAFT_1598	iSDY_1059.SDY_2344	47.0	583	307	2	1	582	1	582	9.31e-182	525
B158DRAFT_1598	iSSON_1240.SSON_0916	47.0	583	307	2	1	582	1	582	1.32e-181	524
B158DRAFT_1598	STM_v1_0.STM0984	47.0	583	307	2	1	582	1	582	1.06e-180	522
B158DRAFT_1598	iYL1228.KPN_00941	46.1	583	312	2	1	582	1	582	4.48e-177	513
B158DRAFT_1598	iPC815.YPO1395	45.8	583	314	2	1	582	1	582	8.97e-177	512
B158DRAFT_1599	iPC815.YPO1396	42.5	313	165	5	24	321	15	327	2.20e-76	236
B158DRAFT_1599	STM_v1_0.STM0985	45.1	293	146	6	40	317	31	323	1.28e-74	232
B158DRAFT_1599	iSDY_1059.SDY_2343	41.8	323	171	7	11	317	3	324	1.40e-74	232
B158DRAFT_1599	iSF_1195.SF0911	41.8	323	171	7	11	317	3	324	1.40e-74	232
B158DRAFT_1599	iSSON_1240.SSON_0917	41.8	323	171	7	11	317	3	324	1.40e-74	232
B158DRAFT_1599	iML1515.b0915	42.2	320	168	7	11	314	3	321	2.80e-74	231
B158DRAFT_1599	iSbBS512_1146.SbBS512_E2409	41.5	323	172	7	11	317	3	324	1.12e-73	229
B158DRAFT_1599	iYL1228.KPN_00942	42.6	310	161	7	24	317	15	323	1.19e-72	227
B158DRAFT_1599	iJN1463.PP_1900	43.1	299	154	4	24	306	21	319	4.24e-69	218
B158DRAFT_1601	iYL1228.KPN_00945	58.9	241	98	1	5	245	2	241	7.56e-93	273
B158DRAFT_1601	iML1515.b0918	58.1	241	100	1	5	245	2	241	2.02e-90	267
B158DRAFT_1601	iSDY_1059.SDY_2340	57.7	241	101	1	5	245	2	241	1.65e-89	265
B158DRAFT_1601	iSbBS512_1146.SbBS512_E2406	57.7	241	101	1	5	245	2	241	3.31e-89	264
B158DRAFT_1601	iSSON_1240.SSON_0920	57.7	241	101	1	5	245	2	241	3.31e-89	264
B158DRAFT_1601	iJN1463.PP_1902	58.0	243	100	1	5	245	4	246	8.11e-89	263
B158DRAFT_1601	iSF_1195.SF0914	57.7	241	101	1	5	245	2	241	6.65e-89	263
B158DRAFT_1601	iPC815.YPO1400	57.9	242	99	3	5	245	2	241	1.01e-88	263
B158DRAFT_1601	STM_v1_0.STM0988	56.8	241	103	1	5	245	2	241	1.34e-88	262
B158DRAFT_1602	iCHOv1.100773599	37.4	155	91	3	5	157	8	158	1.87e-24	92.4
B158DRAFT_1602	iMM1415.11431	37.6	141	82	3	5	143	8	144	1.16e-22	87.8
B158DRAFT_1603	iSSON_1240.SSON_1242	37.5	570	327	9	29	588	28	578	9.71e-112	345
B158DRAFT_1603	iSbBS512_1146.SbBS512_E2169	37.5	570	326	9	29	588	28	577	1.33e-111	345
B158DRAFT_1603	iSDY_1059.SDY_1180	37.5	570	326	9	29	588	28	577	1.87e-111	344
B158DRAFT_1603	iSF_1195.SF1917	37.4	570	327	9	29	588	28	577	3.72e-111	343
B158DRAFT_1603	STM_v1_0.STM1909	36.0	595	354	9	3	588	1	577	1.04e-110	342
B158DRAFT_1603	iYL1228.KPN_02388	36.0	595	354	9	3	588	1	577	8.11e-110	340
B158DRAFT_1603	iJN1463.PP_5089	38.4	597	328	11	5	588	9	578	2.33e-109	339
B158DRAFT_1603	iPC815.YPO2046	36.0	597	350	12	3	588	1	576	8.87e-105	327
B158DRAFT_1603	iSynCJ816.SGL_RS16720	36.8	601	349	11	2	588	1	584	2.19e-104	326
B158DRAFT_1604	iCN718.ABAYE_RS14730	53.4	474	218	2	5	476	9	481	1.96e-177	506
B158DRAFT_1604	iJN1463.PP_0213	53.2	474	217	3	5	476	8	478	1.09e-173	496
B158DRAFT_1604	STM_v1_0.STM2791	53.2	481	217	4	1	476	3	480	1.16e-173	496
B158DRAFT_1604	iML1515.b2661	51.8	479	227	3	1	476	3	480	4.70e-173	494
B158DRAFT_1604	iSSON_1240.SSON_2805	52.0	479	226	3	1	476	3	480	4.70e-173	494
B158DRAFT_1604	iYL1228.KPN_00256	52.6	475	222	2	4	476	7	480	8.80e-171	489
B158DRAFT_1604	iCN718.ABAYE_RS11770	51.7	476	226	3	1	473	3	477	1.12e-169	486
B158DRAFT_1604	iMM1415.214579	52.1	478	226	2	1	475	42	519	6.09e-166	478
B158DRAFT_1604	iAF987.Gmet_3395	49.5	477	238	2	2	476	6	481	8.70e-164	471
B158DRAFT_1604	iAT_PLT_636.7915	49.5	491	232	3	1	475	54	544	3.37e-161	467
B158DRAFT_1607	iCN900.CD630_17290	25.3	482	310	9	6	455	5	468	5.35e-30	123
B158DRAFT_1608	iAT_PLT_636.5634	26.4	307	200	9	4	291	5	304	2.76e-25	102
B158DRAFT_1608	iCHOv1.100767893	26.3	304	201	9	4	291	5	301	3.65e-25	102
B158DRAFT_1608	iMM1415.110639	26.3	304	201	9	4	291	5	301	3.65e-25	102
B158DRAFT_1608	iIT341.HP0742	25.7	269	179	7	18	276	28	285	1.30e-23	97.8
B158DRAFT_1608	STM_v1_0.STM1780	25.0	296	199	7	14	293	15	303	1.72e-23	97.4
B158DRAFT_1608	iCHOv1.100759137	25.4	303	203	8	5	291	6	301	2.48e-23	97.1
B158DRAFT_1608	iML1515.b1207	25.0	296	199	7	14	293	15	303	3.28e-23	96.7
B158DRAFT_1608	iAM_Pb448.PBANKA_134030	23.7	287	206	7	2	278	110	393	1.13e-22	96.7
B158DRAFT_1608	iSbBS512_1146.SbBS512_E1371	25.0	296	199	7	14	293	15	303	3.28e-23	96.7
B158DRAFT_1608	iSDY_1059.SDY_1256	25.0	296	199	7	14	293	15	303	3.28e-23	96.7
B158DRAFT_1608	iSF_1195.SF1210	25.0	296	199	7	14	293	15	303	3.28e-23	96.7
B158DRAFT_1608	iSSON_1240.SSON_1971	25.0	296	199	7	14	293	15	303	3.28e-23	96.7
B158DRAFT_1608	iPC815.YPO2013	24.3	296	201	7	14	293	15	303	6.26e-23	95.9
B158DRAFT_1608	iAF987.Gmet_2848	24.2	277	196	6	5	274	7	276	1.18e-22	95.1
B158DRAFT_1608	iAM_Pv461.PVX_116620	23.1	290	204	8	2	278	114	397	7.49e-22	94.4
B158DRAFT_1608	iYL1228.KPN_02238	25.0	296	199	8	14	293	12	300	3.01e-22	94.0
B158DRAFT_1608	iAM_Pf480.PF3D7_1325100	23.7	287	206	7	2	278	117	400	1.04e-21	94.0
B158DRAFT_1608	iSynCJ816.SGL_RS15555	25.9	274	195	6	5	274	24	293	5.29e-22	93.6
B158DRAFT_1608	iAM_Pc455.PCYB_123770	23.7	287	206	7	2	278	105	388	1.79e-21	93.2
B158DRAFT_1609	iAF692.Mbar_A3188	36.7	450	274	4	46	488	35	480	4.26e-91	286
B158DRAFT_1613	iYO844.BSU25790	34.0	344	203	4	5	338	8	337	2.30e-53	178
B158DRAFT_1613	iAF987.Gmet_0520	34.8	345	202	5	5	337	13	346	4.20e-51	172
B158DRAFT_1614	iJN1463.PP_1928	42.9	161	87	1	1	161	7	162	8.32e-41	134
B158DRAFT_1614	iJN1463.PP_2716	44.5	164	80	2	1	161	1	156	1.48e-37	125
B158DRAFT_1616	iSbBS512_1146.SbBS512_E0419	53.3	738	340	3	12	749	102	834	2.93e-257	733
B158DRAFT_1616	iSF_1195.SF0429	53.1	738	341	3	12	749	102	834	8.32e-257	732
B158DRAFT_1616	iSDY_1059.SDY_0434	52.8	738	343	3	12	749	102	834	4.74e-256	730
B158DRAFT_1616	iML1515.b0484	52.7	738	344	3	12	749	102	834	2.70e-255	728
B158DRAFT_1616	STM_v1_0.STM0498	53.5	737	338	3	12	748	101	832	3.69e-255	728
B158DRAFT_1616	iSSON_1240.SSON_0473	52.7	738	344	3	12	749	102	834	2.18e-254	726
B158DRAFT_1616	iYL1228.KPN_00464	52.0	738	349	3	12	749	119	851	3.38e-247	708
B158DRAFT_1619	iJN1463.PP_3957	43.1	490	268	6	36	522	11	492	1.89e-134	404
B158DRAFT_1619	iCN718.ABAYE_RS01470	44.0	484	258	7	38	517	13	487	1.07e-126	384
B158DRAFT_1619	iYS854.USA300HOU_RS06865	42.4	495	265	7	37	522	14	497	2.58e-124	375
B158DRAFT_1619	iYO844.BSU30070	43.5	474	256	6	52	522	20	484	1.21e-124	374
B158DRAFT_1626	iAF692.Mbar_A1889	37.5	64	40	0	24	87	3	66	1.28e-06	44.3
B158DRAFT_1626	iYS854.USA300HOU_RS13885	38.1	63	39	0	26	88	6	68	1.85e-07	43.9
B158DRAFT_1628	iAF987.Gmet_0177	38.5	467	270	7	87	544	10	468	4.20e-85	271
B158DRAFT_1630	iYO844.BSU26650	31.0	287	187	4	4	282	3	286	2.37e-43	150
B158DRAFT_1631	iAF987.Gmet_3071	24.2	190	132	2	123	300	13	202	5.42e-12	65.1
B158DRAFT_1632	iAF987.Gmet_3509	40.1	1071	596	11	1	1063	1	1033	1.22e-257	753
B158DRAFT_1632	iJN1463.PP_0043	38.2	1070	613	11	1	1054	1	1038	6.29e-235	695
B158DRAFT_1632	iJN1463.PP_2410	37.7	1077	609	10	1	1054	1	1038	2.93e-231	686
B158DRAFT_1633	iAF987.Gmet_3508	28.1	342	220	10	116	436	86	422	2.69e-26	109
B158DRAFT_1634	iJN1463.PP_0045	24.5	335	221	9	9	324	21	342	1.96e-05	46.2
B158DRAFT_1659	iJN1463.PP_0103	34.5	87	44	4	116	199	278	354	9.23e-05	42.0
B158DRAFT_1662	iAF987.Gmet_0043	28.0	261	164	8	225	466	11	266	9.31e-14	73.2
B158DRAFT_1663	iAF987.Gmet_0069	38.7	93	55	1	32	122	36	128	2.32e-14	70.5
B158DRAFT_1664	iJN1463.PP_2205	50.8	608	262	8	9	615	2	573	2.19e-202	578
B158DRAFT_1664	iJN1463.PP_5380	45.6	680	276	6	13	615	6	668	7.34e-196	565
B158DRAFT_1668	iYL1228.KPN_01622	26.9	283	188	7	5	277	9	282	4.72e-10	58.9
B158DRAFT_1668	iJN1463.PP_2872	28.4	278	177	9	12	281	16	279	4.58e-10	58.9
B158DRAFT_1670	iHN637.CLJU_RS04420	27.1	365	249	5	5	360	19	375	1.14e-23	100
B158DRAFT_1671	iHN637.CLJU_RS04385	31.8	340	221	3	28	356	150	489	4.81e-56	191
B158DRAFT_1671	iAF987.Gmet_3078	33.1	356	217	5	27	366	38	388	1.12e-51	176
B158DRAFT_1671	iYS854.USA300HOU_RS06700	32.6	356	198	8	28	356	135	475	2.37e-49	172
B158DRAFT_1672	iJN1463.PP_1317	50.8	191	84	3	8	192	7	193	3.10e-63	194
B158DRAFT_1673	iHN637.CLJU_RS10530	21.9	420	293	11	13	405	22	433	1.18e-07	53.5
B158DRAFT_1673	iHN637.CLJU_RS02330	24.6	272	171	6	13	263	22	280	8.42e-07	50.8
B158DRAFT_1673	iHN637.CLJU_RS02325	21.7	346	244	9	13	342	22	356	1.95e-06	49.7
B158DRAFT_1673	iAT_PLT_636.8140	25.8	264	179	9	15	265	49	308	3.57e-06	48.9
B158DRAFT_1674	iSynCJ816.SGL_RS18020	23.4	640	417	24	196	783	145	763	1.01e-18	90.9
B158DRAFT_1675	iAF692.Mbar_A1820	31.6	392	236	6	4	363	3	394	4.12e-57	191
B158DRAFT_1675	iHN637.CLJU_RS06265	31.0	397	239	7	4	367	3	397	1.35e-55	187
B158DRAFT_1675	iEK1008.Rv0409	35.4	333	203	4	4	324	5	337	1.38e-55	186
B158DRAFT_1675	iSDY_1059.SDY_3307	33.0	379	225	6	2	353	9	385	2.29e-55	186
B158DRAFT_1675	iSF_1195.SF3155	33.0	379	225	6	2	353	5	381	2.92e-55	186
B158DRAFT_1675	iML1515.b3115	33.0	379	225	6	2	353	5	381	4.09e-55	186
B158DRAFT_1675	STM_v1_0.STM3242	33.4	380	222	9	2	353	5	381	4.09e-55	186
B158DRAFT_1675	iSSON_1240.SSON_3272	32.7	379	226	6	2	353	9	385	2.44e-54	184
B158DRAFT_1675	iSbBS512_1146.SbBS512_E3242	32.5	379	227	6	2	353	5	381	4.37e-54	183
B158DRAFT_1675	iCN718.ABAYE_RS16330	32.6	383	233	6	4	363	5	385	5.84e-54	182
B158DRAFT_1675	iLJ478.TM0274	31.0	394	238	6	4	363	3	396	6.27e-54	182
B158DRAFT_1675	iAF987.Gmet_1034	35.3	306	184	5	59	353	85	387	1.00e-52	180
B158DRAFT_1675	iYO844.BSU29470	30.1	389	229	7	1	353	1	382	1.09e-52	179
B158DRAFT_1675	iYL1228.KPN_02293	32.3	381	225	9	2	353	5	381	3.72e-51	175
B158DRAFT_1675	iNF517.LLMG_RS11485	30.1	392	243	6	1	362	1	391	3.17e-51	175
B158DRAFT_1675	iCN900.CD630_11750	30.3	383	234	5	4	353	3	385	3.59e-50	172
B158DRAFT_1679	iYO844.BSU00510	27.2	279	180	7	14	280	12	279	5.53e-31	118
B158DRAFT_1679	iAF692.Mbar_A0363	27.2	272	187	6	22	291	12	274	5.53e-30	114
B158DRAFT_1679	iNF517.LLMG_RS08760	26.5	268	186	5	20	280	15	278	6.36e-29	112
B158DRAFT_1679	iYS854.USA300HOU_RS02560	25.8	275	192	6	14	280	13	283	6.00e-28	110
B158DRAFT_1679	iAF987.Gmet_2848	26.7	270	189	5	22	286	16	281	3.79e-27	107
B158DRAFT_1680	iAF692.Mbar_A3188	36.1	465	287	6	60	519	28	487	1.79e-85	273
B158DRAFT_1687	iSSON_1240.SSON_0473	51.4	740	351	4	40	777	102	834	1.47e-246	707
B158DRAFT_1687	iML1515.b0484	51.4	740	351	4	40	777	102	834	2.08e-246	706
B158DRAFT_1687	STM_v1_0.STM0498	51.6	738	346	4	40	774	101	830	9.18e-245	702
B158DRAFT_1687	iSDY_1059.SDY_0434	51.1	740	353	4	40	777	102	834	9.49e-245	702
B158DRAFT_1687	iSF_1195.SF0429	50.9	740	354	4	40	777	102	834	9.49e-245	702
B158DRAFT_1687	iSbBS512_1146.SbBS512_E0419	50.9	740	354	4	40	777	102	834	1.34e-244	702
B158DRAFT_1687	iYL1228.KPN_00464	50.9	741	353	4	40	777	119	851	4.47e-239	688
B158DRAFT_1687	STM_v1_0.STM0353	49.1	740	371	4	41	775	13	751	1.49e-222	643
B158DRAFT_1688	STM_v1_0.STM0353	35.6	59	38	0	44	102	13	71	5.01e-08	48.9
B158DRAFT_1688	STM_v1_0.STM0498	32.1	78	53	0	28	105	86	163	1.28e-07	47.8
B158DRAFT_1688	iML1515.b0484	32.9	82	52	1	24	105	86	164	2.39e-07	47.0
B158DRAFT_1688	iSbBS512_1146.SbBS512_E0419	32.9	82	52	1	24	105	86	164	2.39e-07	47.0
B158DRAFT_1688	iSDY_1059.SDY_0434	32.9	82	52	1	24	105	86	164	2.39e-07	47.0
B158DRAFT_1688	iSF_1195.SF0429	32.9	82	52	1	24	105	86	164	2.39e-07	47.0
B158DRAFT_1688	iSSON_1240.SSON_0473	32.9	82	52	1	24	105	86	164	2.39e-07	47.0
B158DRAFT_1688	iYL1228.KPN_00464	34.9	63	41	0	43	105	119	181	3.26e-07	46.6
B158DRAFT_1690	iJN1463.PP_5387	60.9	1042	395	3	1	1035	1	1037	0.0	1231
B158DRAFT_1690	iML1515.b0575	58.9	1041	418	3	1	1033	1	1039	0.0	1205
B158DRAFT_1690	iSSON_1240.SSON_0526	58.7	1049	407	5	1	1033	1	1039	0.0	1202
B158DRAFT_1690	iSF_1195.SF0481	58.7	1049	407	5	1	1033	1	1039	0.0	1200
B158DRAFT_1690	iYL1228.KPN_04736	58.0	1049	415	5	1	1033	1	1039	0.0	1196
B158DRAFT_1691	iJN1463.PP_5386	34.0	453	290	5	32	480	37	484	6.45e-74	243
B158DRAFT_1692	iJN1463.PP_5385	23.9	394	268	8	35	420	28	397	3.20e-23	100
B158DRAFT_1692	iAF987.Gmet_1549	25.5	416	281	12	33	438	26	422	2.33e-21	95.5
B158DRAFT_1695	iJN1463.PP_0045	23.7	371	276	1	42	412	38	401	8.29e-22	96.7
B158DRAFT_1695	iJN1463.PP_2408	24.7	365	268	1	39	403	30	387	1.06e-18	87.4
B158DRAFT_1696	iJN1463.PP_2409	22.9	340	189	5	145	412	66	404	2.20e-15	77.0
B158DRAFT_1696	iJN1463.PP_0044	21.2	340	194	5	147	412	77	416	4.16e-15	76.3
B158DRAFT_1697	iJN1463.PP_0043	60.4	1041	403	2	1	1032	1	1041	0.0	1189
B158DRAFT_1697	iJN1463.PP_2410	59.1	1041	417	2	1	1032	1	1041	0.0	1163
B158DRAFT_1698	iML1515.b3824	31.6	196	131	2	10	205	9	201	2.66e-20	84.3
B158DRAFT_1698	iSbBS512_1146.SbBS512_E4291	31.6	196	131	2	10	205	9	201	2.66e-20	84.3
B158DRAFT_1698	iYL1228.KPN_04320	31.6	196	131	2	10	205	9	201	7.27e-20	83.2
B158DRAFT_1698	iPC815.YPO3831	28.9	197	135	2	10	205	9	201	1.99e-19	82.0
B158DRAFT_1698	STM_v1_0.STM3960	31.6	196	131	2	10	205	9	201	3.88e-19	81.3
B158DRAFT_1699	iML1515.b2883	33.0	115	62	5	359	458	324	438	9.91e-05	44.3
B158DRAFT_1699	iSSON_1240.SSON_3036	33.0	115	62	5	359	458	26	140	1.74e-05	44.3
B158DRAFT_1699	iCN900.CD630_10100	20.2	391	248	14	43	421	16	354	2.77e-04	42.7
B158DRAFT_1700	iNF517.LLMG_RS09290	26.8	149	96	3	6	141	11	159	5.39e-06	43.9
B158DRAFT_1702	iEK1008.Rv3701c	34.7	300	187	4	14	307	21	317	3.92e-47	160
B158DRAFT_1703	iEK1008.Rv3703c	33.1	257	143	6	208	444	177	424	8.90e-38	142
B158DRAFT_1705	iYS854.USA300HOU_RS07350	26.3	335	211	12	5	325	8	320	1.75e-15	77.8
B158DRAFT_1705	iAT_PLT_636.8140	30.0	287	182	8	5	285	47	320	1.59e-14	75.1
B158DRAFT_1705	iMM1415.50934	26.7	322	202	9	5	310	36	339	6.96e-14	73.2
B158DRAFT_1705	iCHOv1.100770731	26.3	319	207	9	5	310	38	341	9.32e-14	72.8
B158DRAFT_1705	iMM1415.20539	28.2	291	186	8	5	285	48	325	2.78e-13	71.2
B158DRAFT_1706	iAM_Pv461.PVX_113400	26.3	133	71	5	8	120	62	187	1.34e-04	39.7
B158DRAFT_1706	iSynCJ816.SGL_RS12955	28.9	121	71	5	13	121	8	125	2.23e-04	38.1
B158DRAFT_1708	iCN718.ABAYE_RS09790	38.2	259	142	3	7	252	8	261	6.09e-49	161
B158DRAFT_1708	iLJ478.TM1724	39.8	249	136	4	5	248	4	243	4.48e-48	159
B158DRAFT_1708	iCN900.CD630_26790	36.9	255	151	2	7	252	5	258	1.76e-47	157
B158DRAFT_1708	iHN637.CLJU_RS20765	38.1	244	146	3	6	248	6	245	1.88e-47	157
B158DRAFT_1708	iHN637.CLJU_RS17225	38.3	243	145	3	7	248	9	247	1.11e-46	155
B158DRAFT_1708	iCN900.CD630_11820	38.3	243	145	4	7	248	7	245	6.06e-46	153
B158DRAFT_1708	iLB1027_lipid.PHATRDRAFT_13073	35.4	257	148	5	1	248	1	248	1.06e-44	150
B158DRAFT_1708	iYS854.USA300HOU_RS06185	36.2	243	150	3	7	248	3	241	8.30e-45	150
B158DRAFT_1708	iEK1008.Rv1928c	39.5	248	138	5	7	249	12	252	2.23e-44	149
B158DRAFT_1708	iYO844.BSU15910	38.3	243	145	3	7	248	5	243	1.37e-43	147
B158DRAFT_1708	iAF987.Gmet_1601	37.4	246	146	3	5	248	4	243	3.85e-43	146
B158DRAFT_1708	iSynCJ816.SGL_RS07245	37.7	244	143	5	7	248	7	243	3.96e-43	146
B158DRAFT_1710	iCN900.CD630_32700	37.8	135	76	3	1	130	1	132	2.48e-16	72.4
B158DRAFT_1711	iJN1463.PP_0735	51.6	246	118	1	1	245	1	246	2.39e-85	254
B158DRAFT_1719	iJN1463.PP_3433	41.4	360	189	6	12	360	7	355	1.69e-85	262
B158DRAFT_1719	iCN718.ABAYE_RS00875	41.1	360	184	7	12	360	6	348	2.17e-84	259
B158DRAFT_1721	iJN1463.PP_4490	55.6	259	113	2	1	259	3	259	4.67e-104	303
B158DRAFT_1725	iYS854.USA300HOU_RS01155	27.9	140	85	6	25	151	12	148	3.19e-07	49.7
B158DRAFT_1725	iPC815.YPO1381	27.0	137	88	4	18	146	4	136	6.08e-06	45.8
B158DRAFT_1725	STM_v1_0.STM0970	27.0	137	88	4	18	146	34	166	9.32e-06	45.4
B158DRAFT_1725	iSbBS512_1146.SbBS512_E2426	26.8	142	87	6	10	139	7	143	1.16e-05	45.1
B158DRAFT_1727	iAF692.Mbar_A1037	28.4	570	338	20	163	667	195	759	1.68e-51	191
B158DRAFT_1729	iAF987.Gmet_1644	27.4	405	178	10	78	473	89	386	3.75e-26	112
B158DRAFT_1730	iLJ478.TM0561	22.6	305	228	3	24	322	48	350	1.94e-20	90.1
B158DRAFT_1731	iML1515.b0465	32.8	259	172	1	30	288	840	1096	5.98e-38	143
B158DRAFT_1734	iJN1463.PP_0158	75.1	385	95	1	8	391	8	392	5.71e-212	586
B158DRAFT_1734	iCN718.ABAYE_RS15425	72.8	390	100	2	8	391	15	404	3.71e-204	567
B158DRAFT_1734	iCHOv1.100757019	68.3	385	120	1	9	391	42	426	1.57e-192	538
B158DRAFT_1734	iMM1415.270076	67.9	392	123	2	2	391	53	443	2.87e-192	538
B158DRAFT_1735	iAM_Pb448.PBANKA_110710	24.0	338	209	9	149	473	282	584	2.02e-10	63.9
B158DRAFT_1737	iAF987.Gmet_0043	23.2	125	92	2	3	125	279	401	3.37e-07	49.7
B158DRAFT_1737	iAF987.Gmet_0069	23.5	115	86	1	4	116	5	119	1.15e-06	47.8
B158DRAFT_1737	iAF987.Gmet_1919	26.7	101	72	1	4	104	5	103	3.00e-06	46.6
B158DRAFT_1739	iYS854.USA300HOU_RS06130	29.6	270	172	7	31	290	3	264	8.45e-26	114
B158DRAFT_1740	iSynCJ816.SGL_RS08610	33.3	78	50	2	19	94	23	100	5.17e-04	40.8
B158DRAFT_1742	iAM_Pv461.PVX_092460	27.3	337	176	14	137	460	877	1157	1.25e-12	71.6
B158DRAFT_1742	iAM_Pc455.PCYB_094280	27.3	337	176	14	137	460	722	1002	1.58e-12	71.2
B158DRAFT_1743	iAM_Pb448.PBANKA_091170	29.3	317	162	16	129	430	701	970	3.51e-12	69.7
B158DRAFT_1743	iAM_Pc455.PCYB_094280	27.1	314	173	13	129	430	729	998	1.38e-11	67.8
B158DRAFT_1743	iAM_Pv461.PVX_092460	26.8	314	174	13	129	430	884	1153	2.47e-11	67.0
B158DRAFT_1743	iAM_Pb448.PBANKA_110710	25.8	361	186	15	129	453	282	596	6.75e-11	65.1
B158DRAFT_1743	iAM_Pf480.PF3D7_1136900	26.9	316	171	15	129	430	750	1019	4.92e-10	62.8
B158DRAFT_1744	iAF987.Gmet_2529	24.3	437	318	7	515	945	42	471	2.47e-37	146
B158DRAFT_1748	iCN718.ABAYE_RS05175	51.0	198	95	2	12	208	2	198	2.19e-56	177
B158DRAFT_1748	iPC815.YPO1605	45.2	210	112	3	11	218	4	212	1.25e-50	163
B158DRAFT_1749	iML1515.b1097	36.1	332	208	3	1	330	1	330	5.42e-69	218
B158DRAFT_1750	iML1515.b1096	31.7	265	167	4	15	271	4	262	2.38e-34	125
B158DRAFT_1750	iSDY_1059.SDY_2054	31.3	265	168	4	15	271	4	262	3.74e-32	119
B158DRAFT_1750	iSbBS512_1146.SbBS512_E2228	31.3	265	168	4	15	271	4	262	5.24e-32	119
B158DRAFT_1750	iSSON_1240.SSON_1116	31.3	265	168	4	15	271	4	262	7.33e-32	118
B158DRAFT_1750	iSF_1195.SF1100	31.3	265	168	4	15	271	4	262	2.81e-31	117
B158DRAFT_1750	iPC815.YPO1603	32.7	257	159	6	14	262	3	253	3.84e-31	116
B158DRAFT_1750	STM_v1_0.STM1198	32.1	265	166	5	15	271	4	262	1.50e-30	115
B158DRAFT_1751	STM_v1_0.STM1197	68.8	413	128	1	1	412	1	413	5.19e-211	585
B158DRAFT_1751	iPC815.YPO1601	69.6	415	121	3	1	412	1	413	4.24e-210	583
B158DRAFT_1751	iML1515.b1095	68.4	415	126	3	1	412	1	413	6.02e-210	583
B158DRAFT_1751	iSF_1195.SF1099	68.4	415	126	3	1	412	1	413	6.02e-210	583
B158DRAFT_1751	iSSON_1240.SSON_1115	68.2	415	127	3	1	412	1	413	1.72e-209	582
B158DRAFT_1751	iSDY_1059.SDY_2055	68.2	415	127	3	1	412	1	413	4.92e-209	580
B158DRAFT_1751	iYL1228.KPN_01093	67.8	413	132	1	1	412	1	413	4.03e-208	578
B158DRAFT_1751	iSbBS512_1146.SbBS512_E2229	68.0	415	128	3	1	412	1	413	1.15e-207	577
B158DRAFT_1751	iJN1463.PP_1916	67.9	411	132	0	1	411	1	411	5.56e-199	555
B158DRAFT_1752	iJN1463.PP_1915	89.5	76	8	0	1	76	1	76	1.26e-39	125
B158DRAFT_1752	iPC815.YPO1600	86.8	76	10	0	1	76	1	76	5.99e-38	120
B158DRAFT_1752	iML1515.b1094	85.5	76	11	0	1	76	1	76	4.93e-37	118
B158DRAFT_1752	iYL1228.KPN_01092	85.5	76	11	0	1	76	1	76	4.93e-37	118
B158DRAFT_1752	STM_v1_0.STM1196	85.5	76	11	0	1	76	1	76	4.93e-37	118
B158DRAFT_1752	iSbBS512_1146.SbBS512_E2230	85.5	76	11	0	1	76	1	76	4.93e-37	118
B158DRAFT_1752	iSDY_1059.SDY_2056	85.5	76	11	0	1	76	1	76	4.93e-37	118
B158DRAFT_1752	iSF_1195.SF1098	85.5	76	11	0	1	76	1	76	4.93e-37	118
B158DRAFT_1752	iSSON_1240.SSON_1114	85.5	76	11	0	1	76	1	76	4.93e-37	118
B158DRAFT_1753	iYL1228.KPN_01091	73.0	248	63	2	1	248	1	244	1.93e-116	332
B158DRAFT_1753	STM_v1_0.STM1195	72.6	248	64	2	1	248	1	244	5.51e-116	331
B158DRAFT_1753	iML1515.b1093	71.4	248	67	2	1	248	1	244	1.29e-114	328
B158DRAFT_1753	iSbBS512_1146.SbBS512_E2231	71.4	248	67	2	1	248	1	244	1.29e-114	328
B158DRAFT_1753	iSF_1195.SF1097	71.4	248	67	2	1	248	1	244	1.29e-114	328
B158DRAFT_1753	iSSON_1240.SSON_1113	71.4	248	67	2	1	248	1	244	1.29e-114	328
B158DRAFT_1753	iSDY_1059.SDY_2057	71.0	248	68	2	1	248	1	244	4.28e-113	324
B158DRAFT_1753	iPC815.YPO1599	70.2	248	70	2	1	248	1	244	1.22e-112	323
B158DRAFT_1754	iML1515.b1092	65.8	307	105	0	1	307	1	307	1.41e-135	386
B158DRAFT_1754	iSbBS512_1146.SbBS512_E2232	65.8	307	105	0	1	307	1	307	1.41e-135	386
B158DRAFT_1754	iYL1228.KPN_01090	65.4	309	107	0	1	309	1	309	5.72e-135	384
B158DRAFT_1754	STM_v1_0.STM1194	64.1	309	111	0	1	309	1	309	2.32e-134	383
B158DRAFT_1754	iSF_1195.SF1096	65.5	307	106	0	1	307	1	307	2.32e-134	383
B158DRAFT_1754	iSSON_1240.SSON_1112	65.1	307	107	0	1	307	1	307	5.41e-133	379
B158DRAFT_1754	iSDY_1059.SDY_2058	64.8	307	108	0	1	307	1	307	1.54e-132	378
B158DRAFT_1754	iPC815.YPO1598	63.5	307	112	0	1	307	1	307	7.24e-131	374
B158DRAFT_1754	iJN1463.PP_1913	63.1	301	111	0	5	305	6	306	2.89e-126	362
B158DRAFT_1755	iML1515.b1091	61.3	320	118	2	3	320	2	317	1.05e-137	392
B158DRAFT_1755	iSbBS512_1146.SbBS512_E2233	61.3	320	118	2	3	320	2	317	1.05e-137	392
B158DRAFT_1755	iSSON_1240.SSON_1111	61.3	320	118	2	3	320	2	317	1.05e-137	392
B158DRAFT_1755	STM_v1_0.STM1193	61.3	320	118	2	3	320	2	317	1.49e-137	392
B158DRAFT_1755	iSDY_1059.SDY_2059	60.9	320	119	2	3	320	2	317	4.25e-137	390
B158DRAFT_1755	iSF_1195.SF1095	60.9	320	119	2	3	320	2	317	1.21e-136	389
B158DRAFT_1755	iYL1228.KPN_01089	58.8	320	126	2	3	320	2	317	4.38e-132	378
B158DRAFT_1755	iPC815.YPO1597	57.1	319	132	2	3	320	2	316	3.99e-130	373
B158DRAFT_1756	iML1515.b1090	49.4	336	162	3	1	332	1	332	2.10e-98	295
B158DRAFT_1756	iSbBS512_1146.SbBS512_E2234	49.1	336	163	3	1	332	1	332	8.42e-98	293
B158DRAFT_1756	iSDY_1059.SDY_2060	48.8	326	160	2	10	332	1	322	3.19e-95	286
B158DRAFT_1756	iSF_1195.SF1094	48.8	326	160	2	10	332	1	322	3.19e-95	286
B158DRAFT_1756	iSSON_1240.SSON_1110	49.1	326	159	2	10	332	1	322	3.19e-95	286
B158DRAFT_1756	iJN1463.PP_1912	45.0	338	180	4	3	340	4	335	8.55e-93	280
B158DRAFT_1759	iML1515.b3248	33.5	176	113	3	6	180	4	176	3.82e-22	88.6
B158DRAFT_1759	iJN1463.PP_0936	33.5	188	119	4	6	191	4	187	6.50e-21	85.5
B158DRAFT_1762	iYS854.USA300HOU_RS01730	39.9	168	89	4	8	163	92	259	1.61e-33	119
B158DRAFT_1763	iPC815.YPO2830	45.5	44	24	0	112	155	96	139	5.10e-07	47.4
B158DRAFT_1763	iML1515.b1584	41.2	51	30	0	112	162	96	146	3.54e-06	45.1
B158DRAFT_1763	STM_v1_0.STM1502	45.5	44	24	0	112	155	96	139	3.54e-06	45.1
B158DRAFT_1763	iYL1228.KPN_01583	40.4	47	28	0	109	155	93	139	1.68e-05	43.1
B158DRAFT_1764	iML1515.b2480	37.2	148	89	2	28	171	7	154	5.95e-24	91.7
B158DRAFT_1764	iYL1228.KPN_02814	37.2	148	89	2	28	171	7	154	5.95e-24	91.7
B158DRAFT_1764	iSbBS512_1146.SbBS512_E2852	37.2	148	89	2	28	171	7	154	5.95e-24	91.7
B158DRAFT_1764	iSDY_1059.SDY_2669	37.2	148	89	2	28	171	7	154	5.95e-24	91.7
B158DRAFT_1764	iSF_1195.SF2523	37.2	148	89	2	28	171	7	154	5.95e-24	91.7
B158DRAFT_1764	iSSON_1240.SSON_2561	37.2	148	89	2	28	171	7	154	5.95e-24	91.7
B158DRAFT_1764	iPC815.YPO3064	35.1	148	92	2	28	171	8	155	3.40e-23	89.7
B158DRAFT_1764	iJN1463.PP_1235	35.4	144	89	2	33	172	11	154	6.74e-23	89.0
B158DRAFT_1766	iML1515.b1022	49.9	411	197	5	11	417	33	438	6.14e-141	409
B158DRAFT_1767	iYS854.USA300HOU_RS14490	25.1	303	179	9	1	284	1	274	9.25e-18	84.0
B158DRAFT_1769	iCN718.ABAYE_RS16760	45.7	210	111	3	2	210	1	208	4.57e-57	179
B158DRAFT_1770	iYS854.USA300HOU_RS06015	34.0	312	173	7	17	316	12	302	1.09e-41	146
B158DRAFT_1770	iNF517.LLMG_RS07670	33.3	294	160	8	36	315	27	298	4.08e-40	142
B158DRAFT_1770	iCN900.CD630_25960	33.2	316	170	9	17	315	12	303	1.94e-36	132
B158DRAFT_1773	iSSON_1240.SSON_2500	60.2	660	260	2	8	665	4	662	3.61e-282	787
B158DRAFT_1773	iSDY_1059.SDY_2608	60.2	660	260	2	8	665	4	662	7.27e-282	786
B158DRAFT_1773	iML1515.b2411	60.0	660	261	2	8	665	4	662	1.03e-281	786
B158DRAFT_1773	iSF_1195.SF2466	59.8	660	262	2	8	665	4	662	4.17e-281	784
B158DRAFT_1773	iYL1228.KPN_02758	59.5	666	267	2	8	671	4	668	1.37e-279	780
B158DRAFT_1773	STM_v1_0.STM2427	58.9	666	271	2	8	671	4	668	1.49e-276	773
B158DRAFT_1776	iML1515.b2413	44.9	247	124	2	8	254	12	246	1.24e-75	230
B158DRAFT_1776	iYL1228.KPN_02760	44.9	247	124	2	8	254	12	246	2.01e-74	227
B158DRAFT_1778	iAF987.Gmet_0069	32.9	301	187	6	127	414	3	301	9.13e-37	136
B158DRAFT_1781	iML1515.b0221	55.9	798	340	5	7	801	9	797	9.69e-309	865
B158DRAFT_1781	iSbBS512_1146.SbBS512_E0217	55.8	798	341	5	7	801	9	797	5.55e-308	863
B158DRAFT_1781	iSF_1195.SF0271	55.5	798	343	5	7	801	21	809	8.45e-308	863
B158DRAFT_1781	iSSON_1240.SSON_0263	55.8	798	341	5	7	801	21	809	1.20e-307	863
B158DRAFT_1781	STM_v1_0.STM0309	55.5	800	336	5	7	799	9	795	1.11e-307	863
B158DRAFT_1781	iYL1228.KPN_00235	54.9	798	348	5	7	801	9	797	1.19e-304	855
B158DRAFT_1781	iPC815.YPO3244	55.2	794	343	5	8	796	7	792	5.74e-303	851
B158DRAFT_1782	iSynCJ816.SGL_RS17805	38.3	402	227	7	31	430	22	404	4.21e-82	258
B158DRAFT_1782	iCN900.CD630_21730	37.1	396	224	9	35	428	16	388	5.84e-75	239
B158DRAFT_1782	iSynCJ816.SGL_RS15740	35.6	402	235	9	29	427	7	387	6.80e-74	236
B158DRAFT_1783	iPC815.YPO1614	33.1	151	97	3	98	246	61	209	4.71e-10	58.5
B158DRAFT_1784	iML1515.b0751	24.3	206	120	5	20	193	24	225	4.14e-09	54.3
B158DRAFT_1784	STM_v1_0.STM0757	23.2	228	134	7	3	193	2	225	4.14e-09	54.3
B158DRAFT_1784	iSbBS512_1146.SbBS512_E0673	24.3	206	120	5	20	193	19	220	3.98e-09	54.3
B158DRAFT_1784	iSF_1195.SF0553	24.3	206	120	5	20	193	24	225	4.14e-09	54.3
B158DRAFT_1784	iSSON_1240.SSON_0703	24.3	206	120	5	20	193	24	225	4.14e-09	54.3
B158DRAFT_1784	iPC815.YPO1128	25.3	190	117	4	35	199	42	231	4.20e-09	54.3
B158DRAFT_1784	iSDY_1059.SDY_0695	23.9	176	101	4	47	193	54	225	7.71e-09	53.5
B158DRAFT_1784	iYL1228.KPN_00755	24.1	228	132	8	3	193	2	225	1.95e-08	52.4
B158DRAFT_1786	iJN1463.PP_2242	23.5	498	293	24	73	507	80	552	4.71e-08	56.2
B158DRAFT_1786	iML1515.b2155	24.1	145	83	4	35	165	26	157	4.03e-07	53.1
B158DRAFT_1786	iSSON_1240.SSON_2211	24.1	145	83	4	35	165	26	157	4.03e-07	53.1
B158DRAFT_1786	iSDY_1059.SDY_3762	22.2	379	242	12	40	408	26	361	8.87e-07	52.0
B158DRAFT_1786	iML1515.b3966	23.8	252	163	8	40	272	26	267	2.02e-06	50.8
B158DRAFT_1786	iYL1228.KPN_01250	34.8	112	68	4	109	217	119	228	2.20e-06	50.8
B158DRAFT_1786	iSSON_1240.SSON_4139	23.8	252	163	8	40	272	26	267	2.02e-06	50.8
B158DRAFT_1792	iML1515.b1767	56.3	336	146	1	1	336	1	335	2.26e-132	380
B158DRAFT_1792	STM_v1_0.STM1294	56.5	336	145	1	1	336	1	335	2.26e-132	380
B158DRAFT_1792	iSDY_1059.SDY_1506	56.3	336	146	1	1	336	1	335	2.26e-132	380
B158DRAFT_1792	iSSON_1240.SSON_1388	56.3	336	146	1	1	336	1	335	2.26e-132	380
B158DRAFT_1792	iPC815.YPO2161	56.3	339	147	1	1	339	1	338	3.21e-132	380
B158DRAFT_1792	iSbBS512_1146.SbBS512_E2022	56.0	336	147	1	1	336	1	335	6.45e-132	379
B158DRAFT_1792	iSF_1195.SF1456	56.0	336	147	1	1	336	1	335	9.15e-132	379
B158DRAFT_1792	iYL1228.KPN_01203	55.7	336	148	1	1	336	1	335	5.88e-128	369
B158DRAFT_1793	iMM1415.30956	32.9	441	262	10	6	416	28	464	9.05e-62	214
B158DRAFT_1793	iCHOv1.100751161	32.7	441	263	10	6	416	28	464	5.96e-61	212
B158DRAFT_1793	iAT_PLT_636.10157	31.6	440	267	10	6	415	28	463	3.79e-58	204
B158DRAFT_1796	iAF987.Gmet_3275	32.0	269	180	2	94	360	152	419	3.02e-37	140
B158DRAFT_1797	iSynCJ816.SGL_RS14920	35.5	484	300	8	1	474	1	482	6.50e-75	251
B158DRAFT_1798	iAF987.Gmet_1914	34.5	171	102	3	462	632	291	451	2.09e-22	100
B158DRAFT_1798	iAF987.Gmet_0069	37.6	178	101	5	454	631	132	299	6.38e-23	99.8
B158DRAFT_1798	iJN1463.PP_4670	35.3	173	100	4	467	638	251	412	4.85e-22	99.0
B158DRAFT_1798	iPC815.YPO0425	36.2	174	98	4	458	631	214	374	1.11e-21	97.4
B158DRAFT_1798	iML1515.b1490	32.2	180	107	4	456	631	283	451	5.08e-21	96.3
B158DRAFT_1798	iAF987.Gmet_1298	34.7	176	106	5	455	628	175	343	4.12e-21	95.1
B158DRAFT_1802	iAF987.Gmet_0902	23.4	380	248	17	1	348	1	369	2.32e-14	73.6
B158DRAFT_1805	iJN1463.PP_5258	55.3	474	204	4	36	504	26	496	4.98e-171	491
B158DRAFT_1805	iCHOv1.100756509	49.9	503	247	3	3	504	41	539	1.91e-163	473
B158DRAFT_1805	iEK1008.Rv3293	52.2	471	218	5	36	503	27	493	6.02e-164	473
B158DRAFT_1805	iMM1415.110695	49.7	505	243	5	3	503	41	538	7.06e-161	467
B158DRAFT_1806	iYO844.BSU24080	59.8	343	134	2	1	339	1	343	4.31e-145	414
B158DRAFT_1809	iLJ478.TM0655	43.4	113	60	3	47	156	5	116	6.19e-27	97.8
B158DRAFT_1810	iPC815.YPO3411	61.1	280	104	1	7	286	9	283	1.12e-123	354
B158DRAFT_1810	iYL1228.KPN_00127	60.7	280	105	1	7	286	9	283	6.13e-121	347
B158DRAFT_1810	iSSON_1240.SSON_0129	58.1	284	114	1	3	286	5	283	4.37e-119	342
B158DRAFT_1810	iML1515.b0121	58.5	284	113	1	3	286	5	283	1.25e-118	341
B158DRAFT_1810	STM_v1_0.STM0166	59.6	280	108	1	7	286	9	283	1.17e-118	341
B158DRAFT_1810	iSF_1195.SF0118	58.5	284	113	1	3	286	5	283	1.25e-118	341
B158DRAFT_1810	iSbBS512_1146.SbBS512_E0114	58.5	284	113	1	3	286	5	283	1.77e-118	341
B158DRAFT_1810	iSDY_1059.SDY_0028	58.1	284	114	1	3	286	5	283	5.85e-117	337
B158DRAFT_1811	STM_v1_0.STM3086	50.9	644	305	2	1	644	25	657	1.38e-234	664
B158DRAFT_1811	iPC815.YPO0929	50.7	639	306	2	7	644	28	658	4.66e-233	660
B158DRAFT_1811	iML1515.b2938	50.5	644	308	2	1	644	25	657	9.05e-233	660
B158DRAFT_1811	iSbBS512_1146.SbBS512_E3371	50.5	644	308	2	1	644	25	657	2.58e-232	659
B158DRAFT_1811	iSDY_1059.SDY_3134	50.5	644	308	2	1	644	25	657	2.58e-232	659
B158DRAFT_1811	iSSON_1240.SSON_3092	50.5	644	308	2	1	644	25	657	2.58e-232	659
B158DRAFT_1811	iSF_1195.SF2931	50.5	644	308	2	1	644	29	661	1.03e-231	657
B158DRAFT_1811	iYL1228.KPN_03374	50.3	644	309	2	1	644	25	657	4.19e-231	655
B158DRAFT_1812	iAF987.Gmet_0711	34.1	343	200	7	4	326	1	337	9.33e-68	215
B158DRAFT_1812	iJN1463.PP_0266	35.8	349	191	8	9	325	16	363	1.50e-67	215
B158DRAFT_1812	iLB1027_lipid.PHATRDRAFT_36398	35.5	377	185	10	7	327	11	385	9.52e-60	196
B158DRAFT_1813	iLB1027_lipid.PHATRDRAFT_38930	51.0	294	129	3	2	280	5	298	3.54e-100	295
B158DRAFT_1815	iML1515.b1308	44.8	67	37	0	148	214	24	90	7.41e-14	65.1
B158DRAFT_1815	iSbBS512_1146.SbBS512_E1544	44.8	67	37	0	148	214	24	90	7.41e-14	65.1
B158DRAFT_1815	iSDY_1059.SDY_1936	44.8	67	37	0	148	214	24	90	7.41e-14	65.1
B158DRAFT_1815	iSF_1195.SF1313	44.8	67	37	0	148	214	35	101	9.68e-14	65.1
B158DRAFT_1815	iSSON_1240.SSON_1832	44.8	67	37	0	148	214	24	90	7.41e-14	65.1
B158DRAFT_1817	iPC815.YPO1379	66.0	423	142	1	1	421	1	423	8.02e-203	566
B158DRAFT_1817	iYL1228.KPN_00925	64.9	424	147	1	1	422	1	424	2.38e-197	552
B158DRAFT_1817	STM_v1_0.STM0963	65.0	423	146	1	1	421	1	423	2.38e-197	552
B158DRAFT_1817	iJN1463.PP_4000	65.6	421	143	1	1	421	1	419	1.19e-196	550
B158DRAFT_1817	iSF_1195.SF0852	64.3	423	149	2	1	421	1	423	3.02e-193	541
B158DRAFT_1817	iSSON_1240.SSON_0894	64.3	423	149	2	1	421	1	423	3.02e-193	541
B158DRAFT_1817	iSbBS512_1146.SbBS512_E2435	64.1	423	150	2	1	421	1	423	4.96e-192	538
B158DRAFT_1817	iSDY_1059.SDY_2368	64.1	423	150	2	1	421	1	423	4.96e-192	538
B158DRAFT_1817	iCN718.ABAYE_RS04335	61.3	421	158	2	1	421	1	416	2.65e-185	521
B158DRAFT_1818	iML1515.b0624	34.9	106	67	2	5	109	4	108	6.37e-11	55.5
B158DRAFT_1823	iEK1008.Rv2780	53.8	370	171	0	1	370	1	370	1.40e-136	394
B158DRAFT_1823	iYS854.USA300HOU_RS09065	56.0	364	158	2	1	363	1	363	1.10e-133	386
B158DRAFT_1823	iYO844.BSU31930	56.9	371	157	3	1	370	1	369	7.69e-133	384
B158DRAFT_1829	iPC815.YPO1374	74.8	314	79	0	1	314	1	314	1.65e-171	478
B158DRAFT_1829	iSF_1195.SF0847	72.7	315	85	1	1	314	1	315	4.67e-169	471
B158DRAFT_1829	iML1515.b0888	72.7	315	85	1	1	314	1	315	9.42e-169	471
B158DRAFT_1829	iSDY_1059.SDY_2373	72.7	315	85	1	1	314	1	315	9.42e-169	471
B158DRAFT_1829	iSSON_1240.SSON_0889	72.7	315	85	1	1	314	1	315	9.42e-169	471
B158DRAFT_1829	STM_v1_0.STM0958	72.7	315	85	1	1	314	1	315	3.97e-168	469
B158DRAFT_1829	iSbBS512_1146.SbBS512_E2441	72.4	315	86	1	1	314	1	315	7.71e-168	468
B158DRAFT_1829	iYL1228.KPN_00920	73.0	315	84	1	1	314	10	324	4.48e-167	467
B158DRAFT_1829	iJN1463.PP_0786	73.2	314	83	1	1	314	1	313	2.88e-165	462
B158DRAFT_1829	iCN718.ABAYE_RS14635	72.1	312	87	0	3	314	2	313	1.39e-164	460
B158DRAFT_1829	iCN718.ABAYE_RS18170	71.6	313	89	0	3	315	2	314	1.42e-162	455
B158DRAFT_1829	iAF987.Gmet_3070	70.2	312	92	1	3	314	2	312	2.89e-157	441
B158DRAFT_1830	iMM904.YGL055W	37.5	285	166	6	8	288	108	384	2.03e-58	197
B158DRAFT_1832	iML1515.b0870	57.0	335	141	1	1	335	1	332	8.85e-130	373
B158DRAFT_1832	iSF_1195.SF0825	56.7	335	142	1	1	335	1	332	1.78e-129	372
B158DRAFT_1832	iYL1228.KPN_00903	57.1	333	140	1	1	333	1	330	2.52e-129	372
B158DRAFT_1832	iSSON_1240.SSON_0856	56.7	335	142	1	1	335	1	332	2.52e-129	372
B158DRAFT_1832	STM_v1_0.STM0934	57.6	335	139	1	1	335	1	332	3.58e-129	372
B158DRAFT_1832	iSDY_1059.SDY_2393	56.4	335	143	1	1	335	1	332	1.45e-128	370
B158DRAFT_1832	iPC815.YPO1357	56.1	335	146	1	1	335	2	335	1.78e-128	370
B158DRAFT_1832	iSbBS512_1146.SbBS512_E2461	56.4	335	143	1	1	335	1	332	2.05e-128	370
B158DRAFT_1832	iAF987.Gmet_0270	56.3	334	146	0	1	334	3	336	2.72e-125	362
B158DRAFT_1833	iSynCJ816.SGL_RS02635	34.1	88	52	3	31	113	62	148	3.08e-06	47.8
B158DRAFT_1836	iJN1463.PP_4012	67.8	736	237	0	2	737	3	738	0.0	994
B158DRAFT_1836	iAF987.Gmet_1359	63.2	740	272	0	1	740	1	740	0.0	942
B158DRAFT_1836	iEK1008.Rv0066c	63.0	736	271	1	6	740	8	743	0.0	937
B158DRAFT_1836	iCN718.ABAYE_RS05415	63.4	738	269	1	4	740	6	743	0.0	936
B158DRAFT_1837	iCN900.CD630_20500	35.5	172	97	3	5	174	64	223	2.69e-28	105
B158DRAFT_1837	iNF517.LLMG_RS06045	36.4	173	92	3	6	174	63	221	2.75e-28	105
B158DRAFT_1837	iYS854.USA300HOU_RS07985	31.4	175	106	3	5	177	67	229	1.83e-26	101
B158DRAFT_1838	iSSON_1240.SSON_1152	40.7	140	80	3	5	144	5	141	6.73e-26	96.3
B158DRAFT_1838	iML1515.b1134	40.0	140	81	3	5	144	5	141	2.67e-25	94.7
B158DRAFT_1838	iSDY_1059.SDY_2018	40.0	140	81	3	5	144	5	141	2.67e-25	94.7
B158DRAFT_1838	iSF_1195.SF1153	40.0	140	81	3	5	144	5	141	2.67e-25	94.7
B158DRAFT_1838	iSbBS512_1146.SbBS512_E1312	40.0	140	81	3	5	144	5	141	1.06e-24	93.2
B158DRAFT_1838	STM_v1_0.STM1235	37.9	140	84	3	5	144	5	141	4.21e-24	91.7
B158DRAFT_1854	iJN1463.PP_1904	50.0	328	160	3	8	333	22	347	2.02e-107	317
B158DRAFT_1855	iJN1463.PP_0437	40.3	318	180	5	12	324	4	316	7.80e-67	212
B158DRAFT_1856	iJN1463.PP_0438	36.4	162	88	5	108	264	91	242	5.40e-14	69.7
B158DRAFT_1861	iSynCJ816.SGL_RS10925	66.1	440	103	3	1	435	1	399	2.03e-201	561
B158DRAFT_1873	iSynCJ816.SGL_RS10930	59.9	698	269	5	1	698	1	687	6.53e-295	821
B158DRAFT_1873	iEK1008.Rv0684	57.8	704	283	5	1	697	1	697	1.46e-286	800
B158DRAFT_1874	iSynCJ816.SGL_RS10925	61.8	110	37	1	1	105	1	110	2.19e-39	136
B158DRAFT_1905	iYL1228.KPN_00756	48.6	280	141	3	21	298	16	294	7.65e-84	254
B158DRAFT_1905	STM_v1_0.STM0758	47.6	296	149	4	5	298	3	294	3.00e-80	245
B158DRAFT_1905	iML1515.b0752	46.6	296	152	4	5	298	3	294	3.51e-79	243
B158DRAFT_1905	iSDY_1059.SDY_0696	46.6	296	152	4	5	298	3	294	3.51e-79	243
B158DRAFT_1905	iPC815.YPO1129	48.2	280	142	3	21	298	11	289	3.40e-79	243
B158DRAFT_1905	iSbBS512_1146.SbBS512_E0672	46.6	296	152	4	5	298	3	294	4.97e-79	242
B158DRAFT_1905	iSF_1195.SF0552	46.3	296	153	4	5	298	3	294	1.41e-78	241
B158DRAFT_1905	iSSON_1240.SSON_0704	46.3	296	153	4	5	298	3	294	1.99e-78	241
B158DRAFT_1905	iYO844.BSU26650	46.6	281	144	3	21	296	9	288	9.63e-76	234
B158DRAFT_1908	iSSON_1240.SSON_2634	72.6	416	113	1	1	415	1	416	5.16e-225	621
B158DRAFT_1908	iML1515.b2551	72.4	416	114	1	1	415	1	416	1.48e-224	620
B158DRAFT_1908	iSbBS512_1146.SbBS512_E2916	72.4	416	114	1	1	415	1	416	1.48e-224	620
B158DRAFT_1908	iSF_1195.SF2598	72.4	416	114	1	1	415	1	416	1.48e-224	620
B158DRAFT_1908	iSDY_1059.SDY_2741	72.1	416	115	1	1	415	1	416	6.00e-224	619
B158DRAFT_1908	STM_v1_0.STM2555	71.6	416	117	1	1	415	1	416	5.71e-222	613
B158DRAFT_1908	iJN1463.PP_0671	72.5	415	114	0	1	415	1	415	2.32e-221	612
B158DRAFT_1908	iYL1228.KPN_02876	70.9	416	120	1	1	415	1	416	1.55e-219	607
B158DRAFT_1908	iCN718.ABAYE_RS06300	71.6	409	115	1	8	415	7	415	1.04e-217	603
B158DRAFT_1908	iPC815.YPO2907	70.4	416	122	1	1	415	1	416	8.50e-217	600
B158DRAFT_1908	iJN1463.PP_0322	69.8	417	125	1	1	416	1	417	1.54e-212	590
B158DRAFT_1910	iPC815.YPO3183	51.5	367	163	5	7	365	4	363	5.06e-125	364
B158DRAFT_1910	iSDY_1059.SDY_0320	50.7	371	164	5	6	366	2	363	1.91e-124	362
B158DRAFT_1910	iSbBS512_1146.SbBS512_E0335	50.4	371	165	5	6	366	2	363	3.83e-124	362
B158DRAFT_1910	iSSON_1240.SSON_0391	50.4	371	165	5	6	366	2	363	7.69e-124	361
B158DRAFT_1910	iSF_1195.SF0351	50.1	371	166	5	6	366	2	363	1.09e-123	360
B158DRAFT_1910	iML1515.b0414	50.4	371	165	5	6	366	2	363	3.10e-123	359
B158DRAFT_1910	iYL1228.KPN_00366	51.8	369	163	5	6	366	2	363	3.10e-123	359
B158DRAFT_1910	STM_v1_0.STM0416	49.3	369	172	3	6	366	2	363	2.88e-121	354
B158DRAFT_1910	iJN1463.PP_0514	49.0	365	173	4	7	365	11	368	8.62e-113	333
B158DRAFT_1910	iCN718.ABAYE_RS17645	49.7	366	169	3	1	365	1	352	4.57e-111	328
B158DRAFT_1911	iJN1463.PP_0515	61.3	194	75	0	1	194	1	194	4.62e-81	240
B158DRAFT_1911	iCN718.ABAYE_RS17635	53.0	202	94	1	1	202	1	201	1.12e-71	216
B158DRAFT_1912	iJN1463.PP_3813	58.4	370	147	2	1	368	1	365	1.33e-138	399
B158DRAFT_1912	iJN1463.PP_0516	58.9	370	142	3	3	371	9	369	6.65e-138	397
B158DRAFT_1912	iCN718.ABAYE_RS01020	56.8	375	153	4	1	372	1	369	1.53e-137	396
B158DRAFT_1914	iCN900.CD630_16970	47.9	140	73	0	17	156	13	152	4.97e-40	132
B158DRAFT_1914	iML1515.b0415	51.4	142	68	1	17	157	14	155	1.55e-39	130
B158DRAFT_1914	iYL1228.KPN_00367	51.4	142	68	1	17	157	14	155	1.55e-39	130
B158DRAFT_1914	iSbBS512_1146.SbBS512_E0336	51.4	142	68	1	17	157	14	155	1.55e-39	130
B158DRAFT_1914	iSDY_1059.SDY_0319	51.4	142	68	1	17	157	14	155	1.55e-39	130
B158DRAFT_1914	iSF_1195.SF0352	51.4	142	68	1	17	157	14	155	1.55e-39	130
B158DRAFT_1914	iSSON_1240.SSON_0392	51.4	142	68	1	17	157	14	155	1.55e-39	130
B158DRAFT_1914	iPC815.YPO3182	50.7	142	69	1	17	157	14	155	2.19e-39	130
B158DRAFT_1914	STM_v1_0.STM0417	48.6	142	72	1	17	157	14	155	2.51e-38	127
B158DRAFT_1914	iCN718.ABAYE_RS01015	45.4	141	77	0	16	156	16	156	2.87e-37	125
B158DRAFT_1914	iYS854.USA300HOU_RS09385	45.4	141	77	0	17	157	13	153	2.70e-37	125
B158DRAFT_1914	iJN1463.PP_0517	43.8	144	81	0	16	159	15	158	6.09e-37	124
B158DRAFT_1914	iYO844.BSU23250	44.4	142	79	0	14	155	11	152	8.77e-36	121
B158DRAFT_1914	iAF987.Gmet_1627	44.0	141	79	0	14	154	12	152	7.27e-35	119
B158DRAFT_1916	iML1515.b0417	46.3	320	169	2	3	320	5	323	1.31e-85	260
B158DRAFT_1916	iSbBS512_1146.SbBS512_E0338	46.3	320	169	2	3	320	5	323	1.31e-85	260
B158DRAFT_1916	iSSON_1240.SSON_0394	46.3	320	169	2	3	320	5	323	1.85e-85	259
B158DRAFT_1916	iSF_1195.SF0354	46.4	319	168	2	3	319	5	322	2.62e-85	259
B158DRAFT_1916	iSDY_1059.SDY_0317	45.9	320	170	2	3	320	5	323	2.10e-84	257
B158DRAFT_1916	iYL1228.KPN_00369	46.1	321	168	4	3	320	5	323	1.59e-83	254
B158DRAFT_1916	STM_v1_0.STM0419	45.6	320	171	3	3	320	5	323	1.69e-83	254
B158DRAFT_1916	iPC815.YPO3180	45.3	320	172	3	3	320	5	323	3.82e-83	254
B158DRAFT_1917	iJN1463.PP_0520	57.0	151	59	3	6	153	16	163	2.53e-59	181
B158DRAFT_1917	iSDY_1059.SDY_0316	51.7	143	68	1	4	145	13	155	6.84e-53	165
B158DRAFT_1917	iML1515.b0418	51.7	143	68	1	4	145	13	155	1.00e-52	164
B158DRAFT_1917	iSbBS512_1146.SbBS512_E0339	51.7	143	68	1	4	145	13	155	1.00e-52	164
B158DRAFT_1917	iSSON_1240.SSON_0395	51.7	143	68	1	4	145	13	155	1.00e-52	164
B158DRAFT_1917	iYL1228.KPN_00370	50.7	138	67	1	9	145	2	139	1.68e-52	163
B158DRAFT_1917	iPC815.YPO3179	54.7	137	61	1	10	145	12	148	2.03e-52	163
B158DRAFT_1917	STM_v1_0.STM0420	51.0	143	69	1	4	145	13	155	3.93e-52	163
B158DRAFT_1917	iSF_1195.SF0355	51.0	143	69	1	4	145	13	155	4.05e-52	163
B158DRAFT_1918	iPC815.YPO3177	62.5	611	223	3	5	612	7	614	5.23e-285	790
B158DRAFT_1918	iSDY_1059.SDY_0310	62.9	607	214	5	5	605	7	608	8.91e-284	786
B158DRAFT_1918	iML1515.b0420	63.1	607	213	5	5	605	7	608	1.79e-283	786
B158DRAFT_1918	iSbBS512_1146.SbBS512_E0341	62.9	607	214	5	5	605	7	608	2.55e-283	785
B158DRAFT_1918	iSSON_1240.SSON_0397	62.8	607	215	5	5	605	7	608	1.03e-282	784
B158DRAFT_1918	iSF_1195.SF0357	62.4	607	217	5	5	605	7	608	2.40e-281	780
B158DRAFT_1918	STM_v1_0.STM0422	62.5	610	218	5	5	608	7	611	3.41e-281	780
B158DRAFT_1918	iJN1463.PP_0527	62.1	607	229	1	7	612	16	622	2.75e-278	773
B158DRAFT_1918	iYL1228.KPN_00372	61.9	607	226	4	5	608	7	611	7.49e-278	771
B158DRAFT_1919	iPC815.YPO3176	56.1	294	126	1	5	295	12	305	4.46e-101	298
B158DRAFT_1919	iYL1228.KPN_00373	52.7	298	138	1	1	295	1	298	1.32e-93	278
B158DRAFT_1919	iJN1463.PP_0528	54.2	284	130	0	11	294	10	293	9.39e-93	276
B158DRAFT_1919	iML1515.b0421	51.7	298	141	1	1	295	1	298	1.51e-92	276
B158DRAFT_1919	iSbBS512_1146.SbBS512_E0342	51.7	298	141	1	1	295	1	298	1.51e-92	276
B158DRAFT_1919	iSDY_1059.SDY_0309	51.7	298	141	1	1	295	1	298	1.51e-92	276
B158DRAFT_1919	iSSON_1240.SSON_0398	51.7	298	141	1	1	295	1	298	1.51e-92	276
B158DRAFT_1919	STM_v1_0.STM0423	57.0	265	111	1	34	295	34	298	2.15e-92	275
B158DRAFT_1919	iSF_1195.SF0358	51.7	298	141	1	1	295	1	298	3.04e-92	275
B158DRAFT_1921	iJN1463.PP_2904	62.8	567	205	4	1	563	1	565	4.55e-255	710
B158DRAFT_1921	iYL1228.KPN_00701	63.7	545	196	2	21	564	8	551	2.41e-254	707
B158DRAFT_1921	iPC815.YPO2630	64.7	547	190	3	21	566	8	552	1.96e-253	705
B158DRAFT_1921	STM_v1_0.STM0686	63.5	545	197	2	21	564	8	551	7.95e-253	704
B158DRAFT_1921	iSbBS512_1146.SbBS512_E0570	63.5	545	196	3	21	564	8	550	1.46e-250	698
B158DRAFT_1921	iSSON_1240.SSON_0634	63.5	545	196	3	21	564	8	550	2.07e-250	697
B158DRAFT_1921	iSF_1195.SF0613	63.5	545	196	3	21	564	8	550	8.37e-250	696
B158DRAFT_1921	iSDY_1059.SDY_0614	63.3	545	197	3	21	564	8	550	1.19e-249	696
B158DRAFT_1921	iCN718.ABAYE_RS07660	57.4	540	226	3	24	563	35	570	2.21e-228	642
B158DRAFT_1925	iML1515.b2180	23.7	548	337	18	3	514	5	507	1.61e-20	95.1
B158DRAFT_1925	iCN900.CD630_07520	27.6	228	144	5	3	225	1	212	1.86e-21	93.6
B158DRAFT_1925	iCN900.CD630_04310	25.0	539	308	21	4	515	5	474	4.14e-20	93.6
B158DRAFT_1925	iAF987.Gmet_0492	29.1	227	139	5	315	522	5	228	2.16e-20	90.9
B158DRAFT_1925	iYO844.BSU02860	25.9	243	143	8	1	230	1	219	4.42e-20	89.4
B158DRAFT_1925	iAF987.Gmet_1903	30.9	230	136	5	4	227	3	215	2.83e-19	89.4
B158DRAFT_1925	iJN1463.PP_5168	29.1	237	127	5	4	225	3	213	2.36e-19	89.4
B158DRAFT_1925	iYS854.USA300HOU_RS13040	29.3	249	154	7	3	245	1	233	7.65e-20	89.0
B158DRAFT_1925	iCN900.CD630_28750	25.6	250	147	6	1	235	1	226	2.63e-19	87.8
B158DRAFT_1925	iJN1463.PP_3597	27.0	230	147	5	3	227	20	233	3.55e-19	87.4
B158DRAFT_1925	iJN1463.PP_4150	22.7	519	298	15	18	492	25	484	4.74e-18	87.4
B158DRAFT_1925	iPC815.YPO3907	22.5	521	302	12	3	490	4	455	4.08e-18	87.4
B158DRAFT_1925	iYS854.USA300HOU_RS08305	30.6	232	117	8	6	220	13	217	4.90e-19	87.0
B158DRAFT_1925	iCN900.CD630_16490	27.1	229	148	4	315	526	1	227	7.47e-19	86.3
B158DRAFT_1925	iJN1463.PP_0118	34.1	173	103	5	325	492	15	181	8.34e-19	86.3
B158DRAFT_1925	iLJ478.TM0956	22.9	537	288	15	3	490	12	471	1.06e-17	86.3
B158DRAFT_1925	iAF692.Mbar_A1872	27.6	246	134	7	3	232	2	219	1.19e-18	85.9
B158DRAFT_1932	iAF987.Gmet_1914	30.4	102	71	0	5	106	4	105	6.44e-13	65.9
B158DRAFT_1933	iJN1463.PP_0867	24.7	661	381	24	38	659	123	705	1.86e-33	137
B158DRAFT_1933	iJN1463.PP_4613	24.9	700	394	27	51	711	136	742	6.47e-31	129
B158DRAFT_1943	iJN1463.PP_4908	54.8	283	124	2	1	280	1	282	3.89e-104	304
B158DRAFT_1943	iCN718.ABAYE_RS01060	55.9	281	118	2	1	281	7	281	1.12e-102	300
B158DRAFT_1943	iPC815.YPO0364	52.8	284	130	1	1	280	1	284	3.14e-102	300
B158DRAFT_1943	iYL1228.KPN_04557	50.7	284	136	1	1	280	1	284	1.89e-97	288
B158DRAFT_1943	iML1515.b4160	50.4	284	137	1	1	280	1	284	8.12e-97	287
B158DRAFT_1943	iSbBS512_1146.SbBS512_E4692	50.4	284	137	1	1	280	1	284	8.12e-97	287
B158DRAFT_1943	iSDY_1059.SDY_4432	50.4	284	137	1	1	280	1	284	8.12e-97	287
B158DRAFT_1943	iSF_1195.SF4318	50.4	284	137	1	1	280	1	284	8.12e-97	287
B158DRAFT_1943	STM_v1_0.STM4348	50.0	284	138	1	1	280	1	284	1.63e-96	286
B158DRAFT_1943	iSSON_1240.SSON_4345	50.0	284	138	1	1	280	1	284	1.87e-95	283
B158DRAFT_1944	iPC815.YPO0365	41.7	309	173	2	31	332	30	338	4.25e-77	239
B158DRAFT_1944	iSF_1195.SF4320	41.1	309	176	2	30	332	41	349	8.29e-77	239
B158DRAFT_1944	iSbBS512_1146.SbBS512_E4693	41.1	309	176	2	30	332	30	338	1.20e-76	238
B158DRAFT_1944	iSSON_1240.SSON_4346	41.1	309	176	2	30	332	17	325	8.14e-77	238
B158DRAFT_1944	iML1515.b4161	40.8	309	177	2	30	332	30	338	1.69e-76	238
B158DRAFT_1944	iYL1228.KPN_04558	41.3	317	178	3	24	332	23	339	2.61e-76	238
B158DRAFT_1944	STM_v1_0.STM4349	41.1	309	176	2	30	332	38	346	3.03e-76	238
B158DRAFT_1944	iSDY_1059.SDY_4431	40.8	309	177	2	30	332	17	325	2.30e-76	237
B158DRAFT_1944	iJN1463.PP_4903	42.9	296	163	3	37	327	41	335	9.78e-74	231
B158DRAFT_1945	iJN1463.PP_4491	32.3	99	62	3	13	109	15	110	2.21e-07	45.8
B158DRAFT_1947	iML1515.b4167	38.3	509	281	11	2	501	15	499	1.57e-89	283
B158DRAFT_1949	iJN1463.PP_4897	42.5	461	219	9	3	424	16	469	1.77e-110	333
B158DRAFT_1953	iML1515.b4173	61.0	421	160	1	1	421	1	417	2.81e-171	486
B158DRAFT_1957	iJN1463.PP_4889	70.1	431	127	2	1	431	1	429	1.98e-220	611
B158DRAFT_1957	iML1515.b4177	67.2	433	141	1	1	433	1	432	2.20e-208	580
B158DRAFT_1957	iSbBS512_1146.SbBS512_E4708	67.2	433	141	1	1	433	1	432	2.20e-208	580
B158DRAFT_1957	iSDY_1059.SDY_4412	67.2	433	141	1	1	433	1	432	2.20e-208	580
B158DRAFT_1957	iSSON_1240.SSON_4362	67.2	433	141	1	1	433	1	432	2.20e-208	580
B158DRAFT_1957	STM_v1_0.STM4366	67.0	433	142	1	1	433	1	432	3.12e-208	580
B158DRAFT_1957	iSF_1195.SF4332	67.0	433	142	1	1	433	1	432	1.26e-207	578
B158DRAFT_1957	iPC815.YPO0378	66.7	433	143	1	1	433	1	432	3.61e-207	577
B158DRAFT_1957	iYL1228.KPN_04576	67.0	433	142	1	1	433	1	432	1.20e-205	573
B158DRAFT_1957	iCN718.ABAYE_RS12990	64.5	442	145	4	1	433	1	439	2.07e-203	568
B158DRAFT_1963	iAM_Pf480.PF3D7_0219100	21.5	181	125	6	12	181	28	202	2.09e-04	42.7
B158DRAFT_1966	iJN1463.PP_4250	75.1	461	113	1	2	462	1	459	3.05e-272	746
B158DRAFT_1966	iJN1463.PP_4255	72.2	468	128	1	1	468	1	466	8.09e-267	732
B158DRAFT_1967	iJN1463.PP_4256	66.7	195	65	0	1	195	1	195	4.78e-99	285
B158DRAFT_1967	iJN1463.PP_4251	67.2	195	64	0	1	195	1	195	2.76e-98	283
B158DRAFT_1968	iJN1463.PP_4257	40.0	50	29	1	1	50	1	49	1.67e-07	42.7
B158DRAFT_1969	iJN1463.PP_4253	44.6	303	158	4	1	294	1	302	5.36e-93	278
B158DRAFT_1969	iJN1463.PP_4258	42.8	318	158	4	1	295	1	317	1.11e-92	277
B158DRAFT_1970	STM_v1_0.STM2257	20.1	293	174	7	29	302	21	272	4.06e-07	51.2
B158DRAFT_1972	iCN900.CD630_21150	30.1	751	466	15	105	806	85	825	6.34e-98	323
B158DRAFT_1972	iYO844.BSU33500	29.9	728	478	13	105	807	80	800	9.11e-96	316
B158DRAFT_1972	iYS854.USA300HOU_RS13880	29.7	727	466	12	109	807	83	792	1.80e-92	307
B158DRAFT_1972	iJN1463.PP_0586	30.9	721	460	12	109	806	82	787	1.21e-88	297
B158DRAFT_1972	iSbBS512_1146.SbBS512_E0419	31.0	754	465	14	92	807	93	829	6.35e-88	296
B158DRAFT_1972	iML1515.b0484	30.8	754	467	13	92	807	93	829	3.25e-87	294
B158DRAFT_1972	iSSON_1240.SSON_0473	30.8	754	467	14	92	807	93	829	4.50e-87	293
B158DRAFT_1972	iSDY_1059.SDY_0434	30.8	754	467	13	92	807	93	829	8.64e-87	293
B158DRAFT_1972	STM_v1_0.STM0498	31.1	749	470	15	92	807	93	828	1.63e-86	292
B158DRAFT_1972	iSF_1195.SF0429	30.6	754	468	13	92	807	93	829	1.66e-86	292
B158DRAFT_1975	iEK1008.Rv1656	33.5	334	185	13	1	329	2	303	1.76e-42	149
B158DRAFT_1975	iAF987.Gmet_0205	30.2	331	190	11	2	326	3	298	8.66e-42	147
B158DRAFT_1975	iYO844.BSU11250	32.9	325	182	10	5	326	15	306	1.41e-39	141
B158DRAFT_1975	iHN637.CLJU_RS20970	31.5	340	200	11	1	334	3	315	2.24e-38	139
B158DRAFT_1975	iCN718.ABAYE_RS08200	31.3	339	186	11	1	332	3	301	1.54e-38	138
B158DRAFT_1976	iNF517.LLMG_RS00750	36.5	403	245	7	1	398	1	397	2.31e-77	244
B158DRAFT_1976	iYO844.BSU29450	35.7	389	237	8	3	385	4	385	8.08e-73	233
B158DRAFT_1976	iYS854.USA300HOU_RS04770	36.1	410	242	11	3	403	2	400	1.18e-71	229
B158DRAFT_1976	iSynCJ816.SGL_RS18195	36.4	398	240	8	4	394	5	396	1.62e-71	229
B158DRAFT_1977	iJN1463.PP_5186	28.5	362	235	13	23	367	13	367	1.62e-20	91.7
B158DRAFT_1977	iPC815.YPO3928	31.7	300	176	13	82	364	85	372	2.23e-18	85.5
B158DRAFT_1978	iMM904.YER069W	37.7	430	255	7	7	425	68	495	4.10e-79	261
B158DRAFT_1979	iMM904.YER069W	46.1	304	154	4	11	304	543	846	1.71e-85	274
B158DRAFT_1980	iLJ478.TM1781	38.6	334	198	2	69	398	58	388	2.91e-76	242
B158DRAFT_1980	iAT_PLT_636.435	35.0	363	234	2	31	392	28	389	9.71e-68	222
B158DRAFT_1980	iCHOv1.100756687	34.7	363	235	2	31	392	28	389	1.04e-66	219
B158DRAFT_1980	iMM1415.109900	34.4	363	236	2	31	392	28	389	2.05e-66	219
B158DRAFT_1981	iML1515.b3867	53.5	456	210	2	3	458	4	457	1.32e-171	489
B158DRAFT_1981	iSbBS512_1146.SbBS512_E4342	53.5	456	210	2	3	458	4	457	1.32e-171	489
B158DRAFT_1981	iSSON_1240.SSON_4039	53.5	456	210	2	3	458	6	459	1.41e-171	489
B158DRAFT_1981	iJN1463.PP_4264	54.2	441	199	3	7	444	7	447	1.18e-170	487
B158DRAFT_1981	iSDY_1059.SDY_3876	53.3	456	211	2	3	458	6	459	1.14e-170	487
B158DRAFT_1981	iSF_1195.SF3937	53.3	456	211	2	3	458	4	457	1.51e-170	486
B158DRAFT_1981	STM_v1_0.STM4004	53.3	456	211	2	3	458	4	457	1.41e-168	481
B158DRAFT_1981	iYL1228.KPN_04175	52.9	452	211	2	7	458	8	457	1.23e-164	471
B158DRAFT_1984	iMM904.YER175C	26.4	250	138	10	13	217	10	258	3.55e-15	73.2
B158DRAFT_1987	iJN1463.PP_4934	55.7	474	204	2	16	486	1	471	7.04e-173	494
B158DRAFT_1987	iML1515.b3052	55.4	473	204	2	16	484	1	470	7.52e-171	489
B158DRAFT_1987	iSDY_1059.SDY_3235	55.4	473	204	2	16	484	1	470	7.52e-171	489
B158DRAFT_1987	iSF_1195.SF3093	55.4	473	204	2	16	484	1	470	2.14e-170	488
B158DRAFT_1987	STM_v1_0.STM3200	55.0	473	206	2	16	484	1	470	6.09e-170	487
B158DRAFT_1987	iSbBS512_1146.SbBS512_E3483	55.2	473	205	2	16	484	1	470	1.22e-169	486
B158DRAFT_1987	iSSON_1240.SSON_3189	55.0	473	206	2	16	484	1	470	2.46e-169	485
B158DRAFT_1987	iPC815.YPO0654	54.6	478	204	3	16	486	1	472	1.79e-166	478
B158DRAFT_1992	iYS854.USA300HOU_RS08565	32.7	309	204	2	1	307	1	307	5.51e-57	186
B158DRAFT_1992	iCN900.CD630_13870	34.8	302	191	2	9	306	9	308	1.66e-53	177
B158DRAFT_1993	iCN900.CD630_13860	44.1	220	122	1	9	227	7	226	1.67e-61	192
B158DRAFT_1995	iHN637.CLJU_RS20885	30.7	407	255	10	9	403	15	406	3.17e-37	139
B158DRAFT_1995	iPC815.YPO2982	28.7	404	258	10	9	401	23	407	3.17e-37	139
B158DRAFT_1995	iHN637.CLJU_RS07840	30.2	388	242	11	22	396	34	405	3.47e-35	134
B158DRAFT_1997	iPC815.YPO0003	56.7	319	137	1	9	326	5	323	5.48e-124	358
B158DRAFT_1997	iYL1228.KPN_04149	56.7	319	137	1	8	325	4	322	8.96e-123	355
B158DRAFT_1997	STM_v1_0.STM3877	53.9	319	146	1	8	325	4	322	1.48e-116	339
B158DRAFT_1997	iSbBS512_1146.SbBS512_E4177	53.6	319	147	1	8	325	4	322	2.09e-116	339
B158DRAFT_1997	iML1515.b3744	53.6	319	147	1	8	325	4	322	2.97e-116	338
B158DRAFT_1997	iSDY_1059.SDY_4004	53.6	319	147	1	8	325	4	322	2.97e-116	338
B158DRAFT_1997	iSSON_1240.SSON_3875	53.6	319	147	1	8	325	4	322	2.97e-116	338
B158DRAFT_1997	iSF_1195.SF3824	53.6	319	147	1	8	325	4	322	5.96e-116	338
B158DRAFT_2013	iPC815.YPO0321	48.5	357	183	1	1	357	1	356	1.99e-112	331
B158DRAFT_2013	iYL1228.KPN_04440	47.8	360	186	2	1	359	1	359	6.48e-111	327
B158DRAFT_2013	iSbBS512_1146.SbBS512_E4542	46.4	360	191	2	1	359	1	359	2.61e-110	326
B158DRAFT_2013	iSDY_1059.SDY_4521	46.4	360	191	2	1	359	1	359	2.61e-110	326
B158DRAFT_2013	iML1515.b4053	46.4	360	191	2	1	359	1	359	3.69e-110	325
B158DRAFT_2013	iSF_1195.SF4152	46.4	360	191	2	1	359	1	359	3.69e-110	325
B158DRAFT_2013	iSSON_1240.SSON_4233	46.4	360	191	2	1	359	1	359	7.41e-110	325
B158DRAFT_2013	STM_v1_0.STM4247	46.7	360	190	2	1	359	1	359	4.22e-109	323
B158DRAFT_2013	iJN1463.PP_5269	47.2	356	186	2	1	356	1	354	5.90e-106	315
B158DRAFT_2018	iYO844.BSU15540	24.6	199	125	6	45	229	89	276	4.15e-06	47.4
B158DRAFT_2018	iLJ478.TM0333	23.0	196	121	10	49	229	81	261	4.83e-05	43.9
B158DRAFT_2021	iCN718.ABAYE_RS08555	38.9	283	157	4	150	425	109	382	2.40e-65	213
B158DRAFT_2021	iPC815.YPO3834	42.0	257	138	4	170	426	47	292	2.53e-66	213
B158DRAFT_2021	iYL1228.KPN_04316	40.0	255	139	4	170	424	44	284	2.88e-59	194
B158DRAFT_2022	iCHOv1.100760626	26.6	466	298	16	9	453	10	452	1.18e-22	100
B158DRAFT_2023	iCN900.CD630_27420	29.6	162	104	7	86	244	38	192	5.04e-06	46.2
B158DRAFT_2024	iCHOv1.100766004	41.6	202	118	0	42	243	15	216	4.71e-51	165
B158DRAFT_2029	iML1515.b4226	70.9	175	51	0	1	175	1	175	9.25e-90	259
B158DRAFT_2029	iSbBS512_1146.SbBS512_E4858	70.9	175	51	0	1	175	1	175	9.25e-90	259
B158DRAFT_2029	iSDY_1059.SDY_4462	70.9	175	51	0	1	175	1	175	9.25e-90	259
B158DRAFT_2029	iSSON_1240.SSON_4408	70.9	175	51	0	1	175	1	175	9.25e-90	259
B158DRAFT_2029	iYL1228.KPN_04621	71.9	171	48	0	1	171	1	171	5.34e-89	257
B158DRAFT_2029	STM_v1_0.STM4414	72.5	171	47	0	1	171	1	171	7.58e-89	257
B158DRAFT_2029	iSF_1195.SF4264	70.3	175	52	0	1	175	1	175	7.58e-89	257
B158DRAFT_2029	iPC815.YPO3521	70.2	171	51	0	1	171	1	171	1.04e-88	256
B158DRAFT_2030	iLB1027_lipid.PHATRDRAFT_15815	50.3	660	287	12	32	667	1	643	1.82e-182	532
B158DRAFT_2030	iAF987.Gmet_3239	44.5	676	347	8	12	667	13	680	1.53e-177	521
B158DRAFT_2030	iAF692.Mbar_A0186	44.9	670	345	8	9	667	9	665	2.33e-173	509
B158DRAFT_2033	iPC815.YPO2193	37.2	121	67	2	83	201	133	246	2.14e-16	74.7
B158DRAFT_2034	iCN900.CD630_31100	40.0	400	235	3	7	403	3	400	8.55e-88	272
B158DRAFT_2035	iJN1463.PP_0547	56.9	448	193	0	1	448	1	448	1.51e-188	531
B158DRAFT_2035	iSSON_1240.SSON_4414	58.0	450	188	1	1	449	1	450	1.89e-186	526
B158DRAFT_2035	iSF_1195.SF4257	58.0	450	188	1	1	449	1	450	3.80e-186	526
B158DRAFT_2035	iSbBS512_1146.SbBS512_E4851	58.0	450	188	1	1	449	1	450	5.38e-186	525
B158DRAFT_2035	iSDY_1059.SDY_4251	58.0	450	188	1	1	449	1	450	1.08e-185	525
B158DRAFT_2035	iML1515.b4233	57.8	450	189	1	1	449	1	450	2.18e-185	524
B158DRAFT_2035	STM_v1_0.STM4416	56.9	450	193	1	1	449	1	450	7.70e-184	520
B158DRAFT_2035	iPC815.YPO3519	56.1	449	196	1	1	448	1	449	8.63e-181	512
B158DRAFT_2035	iYL1228.KPN_04627	55.9	438	192	1	13	449	1	438	2.98e-175	498
B158DRAFT_2036	iJN1463.PP_0548	60.5	195	77	0	13	207	7	201	1.57e-76	228
B158DRAFT_2037	iCHOv1.100761226	37.3	212	130	3	5	214	899	1109	1.93e-36	138
B158DRAFT_2037	iMM1415.11303	37.3	212	130	3	5	214	899	1109	2.61e-36	138
B158DRAFT_2037	iEK1008.Rv2936	35.7	213	136	1	4	215	7	219	7.68e-38	136
B158DRAFT_2037	STM_v1_0.STM0247	32.8	229	146	3	5	225	2	230	1.38e-37	136
B158DRAFT_2037	iYL1228.KPN_00213	30.7	267	170	7	5	260	2	264	1.44e-36	133
B158DRAFT_2037	iSDY_1059.SDY_0218	32.8	229	146	3	5	225	2	230	1.44e-36	133
B158DRAFT_2037	iML1515.b0199	32.8	229	146	3	5	225	2	230	2.00e-36	133
B158DRAFT_2037	iSbBS512_1146.SbBS512_E0193	32.8	229	146	3	5	225	2	230	2.80e-36	132
B158DRAFT_2037	iSSON_1240.SSON_0213	32.8	229	146	3	5	225	2	230	2.80e-36	132
B158DRAFT_2037	iIT341.HP1576	34.2	234	133	5	5	225	3	228	3.93e-36	132
B158DRAFT_2037	iCN900.CD630_14890	32.5	240	148	4	5	239	2	232	6.77e-36	131
B158DRAFT_2037	iSF_1195.SF0190	32.3	229	147	3	5	225	2	230	2.07e-35	130
B158DRAFT_2037	iPC815.YPO1073	31.9	229	148	3	5	225	2	230	7.84e-35	129
B158DRAFT_2037	iJN1463.PP_0220	33.8	213	135	3	10	216	38	250	1.78e-34	128
B158DRAFT_2037	iCN900.CD630_16140	31.6	212	145	0	12	223	31	242	2.74e-35	128
B158DRAFT_2037	iYO844.BSU32750	33.2	220	139	3	5	216	2	221	5.55e-34	126
B158DRAFT_2037	iCN900.CD630_07520	33.3	219	137	4	5	217	2	217	1.15e-34	125
B158DRAFT_2037	iPC815.YPO2514	33.8	225	144	3	5	225	2	225	1.15e-34	125
B158DRAFT_2037	STM_v1_0.STM0828	33.9	224	143	3	5	224	2	224	1.62e-34	125
B158DRAFT_2042	iJN1463.PP_4635	53.8	392	175	3	2	389	3	392	1.49e-140	405
B158DRAFT_2044	iYS854.USA300HOU_RS03880	24.9	297	197	11	279	550	245	540	4.71e-14	75.1
B158DRAFT_2046	iML1515.b0325	59.3	349	139	3	1	347	1	348	8.92e-142	405
B158DRAFT_2046	iJN1463.PP_2426	58.2	342	142	1	6	346	7	348	1.86e-141	404
B158DRAFT_2052	iAF987.Gmet_2444	40.0	65	31	1	7	63	26	90	2.55e-05	45.8
B158DRAFT_2052	iSynCJ816.SGL_RS05125	34.1	88	39	2	8	93	24	94	3.29e-05	45.4
B158DRAFT_2052	iCN900.CD630_32740	33.8	80	48	2	3	77	2	81	5.87e-05	44.7
B158DRAFT_2052	iML1515.b4173	40.7	59	35	0	7	65	202	260	4.70e-04	41.6
B158DRAFT_2052	iJN1463.PP_4893	42.4	59	34	0	7	65	203	261	4.74e-04	41.6
B158DRAFT_2057	iJN1463.PP_0722	69.7	314	93	2	1	314	1	312	6.96e-153	430
B158DRAFT_2057	iPC815.YPO2013	67.3	315	100	2	1	314	1	313	1.57e-147	417
B158DRAFT_2057	iCN718.ABAYE_RS14860	67.8	314	100	1	1	314	1	313	3.28e-147	416
B158DRAFT_2057	iML1515.b1207	67.0	315	101	2	1	314	1	313	2.59e-146	414
B158DRAFT_2057	iYL1228.KPN_02238	67.9	312	97	2	4	314	1	310	2.33e-146	414
B158DRAFT_2057	STM_v1_0.STM1780	67.0	315	101	2	1	314	1	313	2.59e-146	414
B158DRAFT_2057	iSDY_1059.SDY_1256	67.0	315	101	2	1	314	1	313	2.59e-146	414
B158DRAFT_2057	iSSON_1240.SSON_1971	67.0	315	101	2	1	314	1	313	2.59e-146	414
B158DRAFT_2057	iSbBS512_1146.SbBS512_E1371	66.7	315	102	2	1	314	1	313	7.39e-146	412
B158DRAFT_2057	iSF_1195.SF1210	67.0	315	101	2	1	314	1	313	1.49e-145	412
B158DRAFT_2059	iJN1463.PP_0723	48.0	271	137	1	19	289	7	273	1.30e-81	247
B158DRAFT_2059	iPC815.YPO2014	48.2	276	134	4	18	289	15	285	3.59e-79	241
B158DRAFT_2059	STM_v1_0.STM1779	46.1	280	141	2	16	289	3	278	8.73e-79	240
B158DRAFT_2059	iYL1228.KPN_02237	47.0	279	136	4	18	289	5	278	9.95e-78	237
B158DRAFT_2059	iSDY_1059.SDY_1257	45.9	279	139	4	18	289	5	278	1.13e-76	234
B158DRAFT_2059	iSbBS512_1146.SbBS512_E1372	45.9	279	139	4	18	289	5	278	1.61e-76	234
B158DRAFT_2059	iSF_1195.SF1211	45.9	279	139	4	18	289	5	278	1.61e-76	234
B158DRAFT_2059	iSSON_1240.SSON_1970	45.9	279	139	4	18	289	5	278	1.61e-76	234
B158DRAFT_2059	iML1515.b1208	45.9	279	139	4	18	289	5	278	6.44e-76	233
B158DRAFT_2062	iJN1463.PP_0732	50.8	421	200	3	1	418	1	417	6.82e-128	375
B158DRAFT_2062	iYL1228.KPN_02235	48.7	409	201	5	1	403	1	406	1.84e-115	343
B158DRAFT_2062	iML1515.b1210	48.9	395	197	4	1	393	1	392	1.19e-113	338
B158DRAFT_2062	iSbBS512_1146.SbBS512_E1374	48.9	395	197	4	1	393	1	392	1.19e-113	338
B158DRAFT_2062	iSDY_1059.SDY_1259	48.1	401	203	4	1	399	1	398	1.19e-113	338
B158DRAFT_2062	iSSON_1240.SSON_1968	48.9	395	197	4	1	393	1	392	1.19e-113	338
B158DRAFT_2062	iSF_1195.SF1213	48.9	395	197	4	1	393	1	392	1.68e-113	338
B158DRAFT_2062	iPC815.YPO2016	46.3	421	221	3	1	418	1	419	2.54e-113	338
B158DRAFT_2064	iIT341.HP0381	33.7	273	174	5	5	275	2	269	1.91e-37	133
B158DRAFT_2064	iSynCJ816.SGL_RS09640	37.2	215	120	6	70	271	79	291	2.92e-33	122
B158DRAFT_2065	STM_v1_0.STM0659	22.4	343	226	10	13	328	8	337	3.19e-07	51.6
B158DRAFT_2065	iML1515.b0650	26.3	236	152	7	105	328	112	337	7.45e-07	50.4
B158DRAFT_2065	iSbBS512_1146.SbBS512_E0599	27.0	237	149	9	105	328	112	337	7.45e-07	50.4
B158DRAFT_2065	iSSON_1240.SSON_0604	26.3	236	152	7	105	328	112	337	1.31e-06	49.7
B158DRAFT_2068	iML1515.b3248	49.7	181	89	1	5	185	4	182	3.23e-50	161
B158DRAFT_2068	iJN1463.PP_0936	46.0	198	105	1	5	202	4	199	3.22e-46	151
B158DRAFT_2071	iCHOv1.100756446	31.1	264	178	3	7	270	52	311	1.25e-42	147
B158DRAFT_2071	iMM904.YLR351C	32.7	278	176	6	1	270	7	281	2.52e-41	143
B158DRAFT_2071	iCN900.CD630_04870	29.1	265	182	3	7	270	6	265	1.01e-39	139
B158DRAFT_2073	iCN718.ABAYE_RS15815	31.6	133	86	1	13	145	21	148	6.31e-11	57.8
B158DRAFT_2074	iML1515.b2155	32.6	132	76	3	48	173	34	158	1.02e-13	74.3
B158DRAFT_2074	iSSON_1240.SSON_2211	32.6	132	76	3	48	173	34	158	1.02e-13	74.3
B158DRAFT_2074	iYL1228.KPN_02593	32.6	132	76	3	48	173	15	139	3.94e-13	72.4
B158DRAFT_2074	STM_v1_0.STM2199	31.1	132	78	3	48	173	34	158	5.35e-13	72.0
B158DRAFT_2074	iYL1228.KPN_04255	24.8	286	176	9	48	310	29	298	2.01e-12	70.1
B158DRAFT_2074	iJN1463.PP_2242	22.2	641	407	23	56	646	57	655	1.58e-11	67.4
B158DRAFT_2076	iJN1463.PP_4471	41.0	442	254	2	16	457	44	478	4.11e-110	333
B158DRAFT_2078	iCN900.CD630_30150	27.4	146	105	1	1	145	1	146	1.19e-15	70.1
B158DRAFT_2078	iNF517.LLMG_RS07900	30.2	129	85	4	1	126	1	127	4.81e-12	63.2
B158DRAFT_2081	iML1515.b3201	68.5	241	76	0	1	241	1	241	3.26e-117	334
B158DRAFT_2081	iSbBS512_1146.SbBS512_E3569	68.5	241	76	0	1	241	1	241	3.26e-117	334
B158DRAFT_2081	iSDY_1059.SDY_3382	68.5	241	76	0	1	241	1	241	3.26e-117	334
B158DRAFT_2081	iSF_1195.SF3241	68.5	241	76	0	1	241	1	241	3.26e-117	334
B158DRAFT_2081	iSSON_1240.SSON_3349	68.5	241	76	0	1	241	1	241	3.26e-117	334
B158DRAFT_2081	iJN1463.PP_0953	68.0	241	77	0	1	241	1	241	2.29e-110	317
B158DRAFT_2084	iSbBS512_1146.SbBS512_E3572	59.5	163	66	0	14	176	19	181	1.32e-63	194
B158DRAFT_2084	iML1515.b3198	59.5	163	66	0	14	176	19	181	1.87e-63	194
B158DRAFT_2084	iYL1228.KPN_03608	59.3	162	66	0	15	176	20	181	1.87e-63	194
B158DRAFT_2084	iSDY_1059.SDY_3379	59.5	163	66	0	14	176	19	181	1.87e-63	194
B158DRAFT_2084	iSSON_1240.SSON_3346	59.5	163	66	0	14	176	19	181	1.87e-63	194
B158DRAFT_2084	iSF_1195.SF3238	58.9	163	67	0	14	176	19	181	5.32e-63	192
B158DRAFT_2084	STM_v1_0.STM3316	58.3	163	68	0	14	176	19	181	3.05e-62	191
B158DRAFT_2084	iPC815.YPO3578	57.6	165	70	0	12	176	16	180	9.71e-61	187
B158DRAFT_2085	iYL1228.KPN_03607	59.6	312	124	2	16	326	24	334	4.70e-125	361
B158DRAFT_2085	iSF_1195.SF3237	58.7	315	128	2	13	326	15	328	1.55e-124	359
B158DRAFT_2085	iML1515.b3197	58.7	315	128	2	13	326	15	328	2.20e-124	359
B158DRAFT_2085	iSbBS512_1146.SbBS512_E3573	58.7	315	128	2	13	326	15	328	2.20e-124	359
B158DRAFT_2085	iSSON_1240.SSON_3345	58.7	315	128	2	13	326	15	328	2.20e-124	359
B158DRAFT_2085	iSDY_1059.SDY_3378	58.7	315	128	2	13	326	15	328	3.11e-124	358
B158DRAFT_2085	iJN1463.PP_0957	55.8	319	140	1	9	326	6	324	5.47e-124	358
B158DRAFT_2085	iPC815.YPO3577	56.5	315	135	2	13	326	15	328	1.67e-121	352
B158DRAFT_2085	STM_v1_0.STM3315	56.5	315	135	2	13	326	15	328	5.15e-118	343
B158DRAFT_2085	iAF987.Gmet_1278	55.2	319	140	2	10	325	2	320	4.71e-112	327
B158DRAFT_2085	iCN718.ABAYE_RS12520	52.7	315	147	1	13	325	10	324	2.17e-111	326
B158DRAFT_2086	iPC815.YPO3576	37.8	328	193	3	1	327	1	318	2.14e-65	208
B158DRAFT_2086	STM_v1_0.STM3314	37.5	320	189	3	1	319	1	310	1.08e-62	201
B158DRAFT_2086	iSSON_1240.SSON_3344	36.6	320	192	3	1	319	1	310	1.70e-61	198
B158DRAFT_2086	iML1515.b3196	35.9	320	194	3	1	319	1	310	6.71e-61	197
B158DRAFT_2086	iYL1228.KPN_03606	34.7	320	198	3	1	319	1	310	9.46e-61	196
B158DRAFT_2086	iSDY_1059.SDY_3377	36.4	319	190	3	1	319	1	306	1.68e-60	196
B158DRAFT_2086	iSbBS512_1146.SbBS512_E3574	36.3	320	193	4	1	319	1	310	2.65e-60	195
B158DRAFT_2086	iSF_1195.SF3236	36.1	319	191	3	1	319	1	306	4.72e-60	194
B158DRAFT_2089	iJN1463.PP_0964	69.7	419	126	1	1	418	1	419	1.22e-208	580
B158DRAFT_2089	iSbBS512_1146.SbBS512_E3581	66.0	418	140	1	1	418	1	416	4.24e-192	538
B158DRAFT_2089	iML1515.b3189	65.8	418	141	1	1	418	1	416	1.72e-191	536
B158DRAFT_2089	iYL1228.KPN_03599	65.6	418	142	1	1	418	1	416	1.72e-191	536
B158DRAFT_2089	iSF_1195.SF3229	65.8	418	141	1	1	418	1	416	1.72e-191	536
B158DRAFT_2089	iSSON_1240.SSON_3337	65.8	418	141	1	1	418	1	416	1.72e-191	536
B158DRAFT_2089	iSDY_1059.SDY_3370	65.3	418	143	1	1	418	1	416	1.99e-190	534
B158DRAFT_2089	STM_v1_0.STM3307	65.3	418	143	1	1	418	1	416	2.82e-190	533
B158DRAFT_2089	iPC815.YPO3569	65.3	418	144	1	1	418	1	417	2.39e-189	531
B158DRAFT_2090	iEK1008.Rv0125	24.6	276	153	8	106	358	79	322	4.97e-13	69.3
B158DRAFT_2094	iAT_PLT_636.11343	23.6	233	129	7	15	204	32	258	1.78e-05	44.3
B158DRAFT_2100	iJN1463.PP_1317	54.2	192	85	2	1	190	1	191	5.63e-70	211
B158DRAFT_2101	iJN1463.PP_1318	68.9	399	122	1	5	401	4	402	6.57e-207	574
B158DRAFT_2102	iJN1463.PP_1319	43.4	281	136	5	1	280	1	259	4.97e-72	221
B158DRAFT_2103	iMM1415.14874	27.3	165	110	3	20	174	17	181	9.09e-12	61.6
B158DRAFT_2103	iCHOv1.100764455	26.1	165	112	3	20	174	64	228	4.99e-10	57.8
B158DRAFT_2103	iAT_PLT_636.2954	25.5	188	128	4	20	197	17	202	2.21e-10	57.8
B158DRAFT_2106	iJN1463.PP_1323	70.6	194	57	0	1	194	1	194	1.75e-94	273
B158DRAFT_2114	iNF517.LLMG_RS08455	42.4	311	166	7	7	309	5	310	7.41e-65	206
B158DRAFT_2116	iML1515.b0084	44.1	551	302	5	16	565	21	566	1.93e-156	460
B158DRAFT_2116	iSbBS512_1146.SbBS512_E0077	44.1	551	302	5	16	565	21	566	1.93e-156	460
B158DRAFT_2116	iSDY_1059.SDY_0114	44.1	551	302	5	16	565	21	566	1.93e-156	460
B158DRAFT_2116	iSSON_1240.SSON_0092	44.1	551	302	5	16	565	21	566	2.73e-156	460
B158DRAFT_2116	iYL1228.KPN_00088	44.1	551	302	5	16	565	21	566	1.09e-155	458
B158DRAFT_2116	iSF_1195.SF0081	43.9	551	303	5	16	565	21	566	3.09e-155	457
B158DRAFT_2116	iPC815.YPO0549	43.3	570	313	7	1	565	1	565	1.20e-154	456
B158DRAFT_2116	STM_v1_0.STM0122	43.4	551	306	5	16	565	21	566	4.95e-154	454
B158DRAFT_2116	iJN1463.PP_1331	43.1	555	304	5	17	566	11	558	5.46e-143	426
B158DRAFT_2117	iSDY_1059.SDY_0115	43.2	505	259	6	28	528	15	495	4.25e-124	372
B158DRAFT_2117	iSSON_1240.SSON_0093	42.8	505	263	6	28	528	15	497	1.80e-123	370
B158DRAFT_2117	iSbBS512_1146.SbBS512_E0078	42.8	505	261	6	28	528	15	495	3.38e-123	370
B158DRAFT_2117	iSF_1195.SF0082	43.0	505	260	6	28	528	15	495	4.78e-123	369
B158DRAFT_2117	iML1515.b0085	43.0	505	260	6	28	528	15	495	9.54e-123	369
B158DRAFT_2117	iJN1463.PP_1332	43.2	491	243	4	35	517	19	481	1.39e-122	368
B158DRAFT_2117	iYL1228.KPN_00089	42.2	495	258	6	38	528	25	495	2.69e-122	367
B158DRAFT_2117	iPC815.YPO0550	42.8	500	261	6	26	524	11	486	3.26e-122	367
B158DRAFT_2117	STM_v1_0.STM0123	42.9	506	255	6	30	528	17	495	3.03e-121	365
B158DRAFT_2118	iSF_1195.SF0083	46.6	455	228	5	1	449	1	446	6.11e-124	368
B158DRAFT_2118	iSbBS512_1146.SbBS512_E0079	47.3	455	225	7	1	449	1	446	9.80e-123	365
B158DRAFT_2118	iSSON_1240.SSON_0094	47.3	455	225	7	1	449	1	446	9.80e-123	365
B158DRAFT_2118	STM_v1_0.STM0124	47.5	455	224	7	1	449	1	446	1.96e-122	364
B158DRAFT_2118	iML1515.b0086	47.0	455	226	7	1	449	1	446	7.85e-122	362
B158DRAFT_2118	iSDY_1059.SDY_0116	47.0	455	226	7	1	449	1	446	1.11e-121	362
B158DRAFT_2118	iYL1228.KPN_00090	45.4	456	232	6	1	449	1	446	1.43e-119	357
B158DRAFT_2118	iPC815.YPO0551	43.9	467	239	8	1	454	1	457	3.58e-113	340
B158DRAFT_2119	iSDY_1059.SDY_0117	69.8	361	106	2	1	359	1	360	1.50e-181	506
B158DRAFT_2119	iML1515.b0087	69.8	361	106	2	1	359	1	360	2.13e-181	506
B158DRAFT_2119	iSbBS512_1146.SbBS512_E0080	69.8	361	106	2	1	359	1	360	2.13e-181	506
B158DRAFT_2119	iSF_1195.SF0084	69.8	361	106	2	1	359	1	360	2.13e-181	506
B158DRAFT_2119	iSSON_1240.SSON_0095	69.8	361	106	2	1	359	1	360	2.13e-181	506
B158DRAFT_2119	STM_v1_0.STM0125	69.0	361	109	2	1	359	1	360	1.74e-180	504
B158DRAFT_2119	iYL1228.KPN_00091	69.0	361	109	2	1	359	1	360	2.87e-179	501
B158DRAFT_2119	iJN1463.PP_1334	67.5	360	116	1	1	359	1	360	2.87e-179	501
B158DRAFT_2119	iPC815.YPO0552	67.5	360	116	1	1	359	1	360	1.17e-178	499
B158DRAFT_2120	iPC815.YPO0553	44.7	443	234	6	8	447	3	437	3.87e-108	326
B158DRAFT_2120	iSF_1195.SF0085	43.8	443	238	6	8	447	3	437	5.48e-108	326
B158DRAFT_2120	iML1515.b0088	43.6	443	239	6	8	447	3	437	1.09e-107	325
B158DRAFT_2120	iSbBS512_1146.SbBS512_E0081	43.8	443	238	6	8	447	3	437	1.55e-107	325
B158DRAFT_2120	iSDY_1059.SDY_0118	43.6	443	239	6	8	447	3	437	1.55e-107	325
B158DRAFT_2120	iSSON_1240.SSON_0096	43.8	443	238	6	8	447	3	437	3.09e-107	324
B158DRAFT_2120	iYL1228.KPN_00092	43.8	443	238	6	8	447	3	437	4.92e-106	321
B158DRAFT_2120	STM_v1_0.STM0126	43.6	443	239	6	8	447	3	437	5.54e-105	318
B158DRAFT_2120	iJN1463.PP_1335	43.1	441	241	6	14	447	12	449	2.84e-102	311
B158DRAFT_2121	iML1515.b0089	50.4	349	172	1	37	385	55	402	2.43e-117	347
B158DRAFT_2121	iJN1463.PP_1336	49.2	374	183	3	26	393	21	393	5.93e-113	336
B158DRAFT_2122	iJN1463.PP_1337	48.9	354	175	2	3	356	6	353	1.12e-108	322
B158DRAFT_2122	iCN718.ABAYE_RS01275	46.7	353	181	4	3	352	10	358	8.48e-102	305
B158DRAFT_2122	iSSON_1240.SSON_0098	46.1	358	183	5	3	360	6	353	2.57e-98	295
B158DRAFT_2122	iYL1228.KPN_00094	46.0	352	180	5	3	354	6	347	3.76e-98	295
B158DRAFT_2122	iML1515.b0090	46.4	351	178	5	3	353	6	346	5.15e-98	295
B158DRAFT_2122	iSbBS512_1146.SbBS512_E0083	46.1	358	183	5	3	360	6	353	5.15e-98	295
B158DRAFT_2122	iSF_1195.SF0087	46.1	358	183	5	3	360	6	353	5.15e-98	295
B158DRAFT_2122	iPC815.YPO0555	45.5	352	182	5	2	353	5	346	7.53e-98	294
B158DRAFT_2122	iSDY_1059.SDY_0120	45.8	358	184	5	3	360	6	353	2.07e-97	293
B158DRAFT_2122	STM_v1_0.STM0128	46.2	351	179	5	3	353	6	346	3.32e-96	290
B158DRAFT_2123	iJN1463.PP_1338	66.7	456	151	1	12	467	11	465	4.90e-228	634
B158DRAFT_2123	iYL1228.KPN_00095	62.5	469	170	3	11	474	13	480	4.81e-216	604
B158DRAFT_2123	iSbBS512_1146.SbBS512_E0084	62.3	469	171	3	11	474	13	480	2.25e-214	600
B158DRAFT_2123	iSSON_1240.SSON_0099	62.3	469	171	3	11	474	13	480	2.25e-214	600
B158DRAFT_2123	iML1515.b0091	62.0	469	172	3	11	474	13	480	4.54e-214	599
B158DRAFT_2123	STM_v1_0.STM0129	62.5	469	170	3	11	474	13	480	4.54e-214	599
B158DRAFT_2123	iSDY_1059.SDY_0121	62.0	469	172	3	11	474	13	480	4.54e-214	599
B158DRAFT_2123	iSF_1195.SF0088	62.3	469	171	3	11	474	13	480	6.43e-214	599
B158DRAFT_2123	iPC815.YPO0556	62.0	469	172	3	11	474	13	480	4.94e-211	592
B158DRAFT_2123	iCN718.ABAYE_RS01280	61.8	463	175	2	10	471	15	476	2.93e-210	589
B158DRAFT_2124	iPC815.YPO0557	53.0	300	137	2	8	304	4	302	5.25e-104	306
B158DRAFT_2124	iJN1463.PP_1339	48.9	311	154	2	1	311	12	317	8.96e-103	303
B158DRAFT_2124	iSbBS512_1146.SbBS512_E0085	52.5	301	139	2	8	305	4	303	3.96e-101	298
B158DRAFT_2124	iML1515.b0092	52.5	301	139	2	8	305	4	303	5.62e-101	298
B158DRAFT_2124	iSSON_1240.SSON_0100	52.5	301	139	2	8	305	4	303	5.62e-101	298
B158DRAFT_2124	iSDY_1059.SDY_0122	52.2	301	140	2	8	305	4	303	1.60e-100	297
B158DRAFT_2124	iSF_1195.SF0089	52.2	301	140	2	8	305	4	303	2.27e-100	296
B158DRAFT_2124	STM_v1_0.STM0130	52.3	302	138	3	8	305	4	303	4.23e-98	291
B158DRAFT_2124	iCN718.ABAYE_RS01285	51.8	303	137	5	5	305	6	301	5.93e-96	285
B158DRAFT_2124	iYL1228.KPN_00096	48.5	301	151	2	8	305	4	303	2.07e-93	279
B158DRAFT_2125	iAF987.Gmet_0415	26.2	214	133	9	54	247	417	625	2.06e-08	54.3
B158DRAFT_2128	iJN1463.PP_1343	73.0	304	81	1	1	304	1	303	1.24e-159	446
B158DRAFT_2130	iAF987.Gmet_3012	48.2	110	56	1	183	291	25	134	2.10e-27	105
B158DRAFT_2130	iML1515.b1856	46.7	105	56	0	196	300	303	407	6.00e-23	97.8
B158DRAFT_2132	iPC815.YPO0565	38.4	125	76	1	5	128	4	128	1.62e-24	90.5
B158DRAFT_2132	iSF_1195.SF0096	36.0	125	79	1	5	128	4	128	3.79e-23	87.0
B158DRAFT_2132	iSDY_1059.SDY_1516	36.4	121	77	0	5	125	4	124	1.25e-22	85.9
B158DRAFT_2132	iSbBS512_1146.SbBS512_E0093	35.2	125	80	1	5	128	4	128	3.04e-22	84.7
B158DRAFT_2132	iSDY_1059.SDY_0129	35.2	125	80	1	5	128	4	128	3.28e-22	84.7
B158DRAFT_2132	iSSON_1240.SSON_0107	35.2	125	80	1	5	128	4	128	3.04e-22	84.7
B158DRAFT_2132	iML1515.b1759	36.4	121	77	0	5	125	4	124	5.02e-22	84.3
B158DRAFT_2132	iML1515.b0099	35.2	125	80	1	5	128	4	128	6.08e-22	84.0
B158DRAFT_2132	STM_v1_0.STM0137	36.8	125	78	1	5	128	4	128	9.05e-22	83.6
B158DRAFT_2132	iSF_1195.SF1466	36.4	121	77	0	5	125	4	124	1.00e-21	83.6
B158DRAFT_2132	iSSON_1240.SSON_1397	35.5	121	78	0	5	125	4	124	5.66e-21	81.6
B158DRAFT_2134	iYL1228.KPN_00112	63.5	178	64	1	7	184	1	177	6.78e-79	233
B158DRAFT_2134	iPC815.YPO3423	61.8	178	67	1	9	186	3	179	7.99e-77	227
B158DRAFT_2134	iML1515.b0110	59.6	178	71	1	9	186	3	179	3.24e-76	226
B158DRAFT_2134	iSbBS512_1146.SbBS512_E0103	59.6	178	71	1	9	186	3	179	4.60e-76	225
B158DRAFT_2134	iSSON_1240.SSON_0118	59.6	178	71	1	9	186	3	179	4.60e-76	225
B158DRAFT_2134	STM_v1_0.STM0146	60.0	175	69	1	12	186	6	179	1.06e-75	224
B158DRAFT_2134	iSF_1195.SF0107	59.6	178	71	1	9	186	3	179	9.26e-76	224
B158DRAFT_2134	iSDY_1059.SDY_0140	59.0	178	72	1	9	186	3	179	1.31e-75	224
B158DRAFT_2135	iPC815.YPO3424	58.7	286	113	2	8	288	17	302	6.87e-110	320
B158DRAFT_2135	STM_v1_0.STM0145	56.7	282	116	4	8	286	17	295	5.15e-101	297
B158DRAFT_2135	iYL1228.KPN_00111	56.4	282	117	3	8	286	17	295	5.92e-100	294
B158DRAFT_2135	iML1515.b0109	55.3	282	120	3	8	286	17	295	2.23e-97	288
B158DRAFT_2141	iPC815.YPO3430	49.7	197	99	0	1	197	1	197	6.67e-57	178
B158DRAFT_2141	iYL1228.KPN_00106	50.8	197	97	0	1	197	1	197	1.90e-56	177
B158DRAFT_2141	iSF_1195.SF0100	47.7	197	103	0	1	197	1	197	4.99e-54	171
B158DRAFT_2141	iML1515.b0103	47.7	197	103	0	1	197	1	197	1.42e-53	169
B158DRAFT_2141	iSDY_1059.SDY_0133	47.7	197	103	0	1	197	1	197	1.42e-53	169
B158DRAFT_2141	iSSON_1240.SSON_0111	47.7	197	103	0	1	197	1	197	1.42e-53	169
B158DRAFT_2141	STM_v1_0.STM0140	48.2	197	102	0	1	197	1	197	2.84e-53	169
B158DRAFT_2141	iSbBS512_1146.SbBS512_E0096	47.7	197	103	0	1	197	1	197	2.84e-53	169
B158DRAFT_2144	iJN1463.PP_0339	67.8	880	279	4	12	890	2	878	0.0	1259
B158DRAFT_2144	iPC815.YPO3419	64.8	888	304	7	7	890	2	884	0.0	1179
B158DRAFT_2144	iML1515.b0114	65.3	882	297	7	13	890	8	884	0.0	1176
B158DRAFT_2144	iSF_1195.SF0111	65.2	882	298	7	13	890	8	884	0.0	1175
B158DRAFT_2144	iSSON_1240.SSON_0122	65.3	882	297	7	13	890	8	884	0.0	1175
B158DRAFT_2144	iSbBS512_1146.SbBS512_E0107	65.2	882	298	7	13	890	8	884	0.0	1174
B158DRAFT_2144	iSDY_1059.SDY_0144	65.2	882	298	7	13	890	8	884	0.0	1172
B158DRAFT_2144	iYL1228.KPN_00118	64.6	888	305	7	7	890	2	884	0.0	1168
B158DRAFT_2144	STM_v1_0.STM0152	64.8	888	304	7	7	890	2	884	0.0	1166
B158DRAFT_2144	iCN718.ABAYE_RS01320	62.8	879	317	5	13	887	6	878	0.0	1152
B158DRAFT_2145	iPC815.YPO3418	47.1	558	232	8	6	552	4	509	2.20e-156	456
B158DRAFT_2145	iSF_1195.SF0112	48.4	552	246	8	7	552	108	626	8.79e-147	436
B158DRAFT_2145	iSDY_1059.SDY_0145	48.1	551	249	7	7	552	108	626	7.01e-146	433
B158DRAFT_2145	iSSON_1240.SSON_0123	49.1	552	246	7	7	552	108	630	1.58e-145	432
B158DRAFT_2145	iML1515.b0115	48.0	552	252	7	7	552	108	630	3.16e-145	432
B158DRAFT_2145	iSbBS512_1146.SbBS512_E0108	48.0	552	252	7	7	552	108	630	3.16e-145	432
B158DRAFT_2145	iYL1228.KPN_00119	50.4	561	228	8	6	552	108	632	5.99e-143	426
B158DRAFT_2145	STM_v1_0.STM0153	50.5	560	225	8	7	552	108	629	1.23e-141	422
B158DRAFT_2146	iML1515.b0116	70.4	473	137	3	2	472	3	474	2.76e-241	667
B158DRAFT_2146	iSbBS512_1146.SbBS512_E0109	70.4	473	137	3	2	472	3	474	2.76e-241	667
B158DRAFT_2146	iSF_1195.SF0113	70.4	473	137	3	2	472	3	474	2.76e-241	667
B158DRAFT_2146	iSSON_1240.SSON_0124	70.4	473	137	3	2	472	3	474	2.76e-241	667
B158DRAFT_2146	iSDY_1059.SDY_0146	70.4	473	137	3	2	472	3	474	5.55e-241	666
B158DRAFT_2146	STM_v1_0.STM0154	70.2	473	138	3	2	472	3	474	3.20e-240	664
B158DRAFT_2146	iPC815.YPO3417	70.4	473	137	3	2	472	4	475	3.32e-240	664
B158DRAFT_2146	iYL1228.KPN_00120	69.9	472	140	2	2	472	3	473	5.27e-239	661
B158DRAFT_2150	iCN718.ABAYE_RS07200	31.9	317	199	12	53	356	121	433	6.59e-37	138
B158DRAFT_2153	iYS854.USA300HOU_RS13760	24.4	82	62	0	26	107	19	100	1.95e-04	38.9
B158DRAFT_2159	iSF_1195.SF2807	55.1	265	115	3	3	264	6	269	8.42e-101	295
B158DRAFT_2159	iSbBS512_1146.SbBS512_E3078	55.1	265	115	3	3	264	6	269	2.40e-100	294
B158DRAFT_2159	iSSON_1240.SSON_2951	55.1	265	115	3	3	264	6	269	2.40e-100	294
B158DRAFT_2159	iML1515.b2794	54.7	265	116	3	3	264	6	269	4.83e-100	293
B158DRAFT_2159	iSDY_1059.SDY_3011	55.5	265	114	3	3	264	6	269	9.71e-100	293
B158DRAFT_2160	iYL1228.KPN_03119	42.1	592	320	6	26	613	27	599	2.88e-146	436
B158DRAFT_2160	STM_v1_0.STM2948	40.6	611	337	7	11	613	7	599	5.76e-143	427
B158DRAFT_2160	iML1515.b2764	41.4	592	324	6	26	613	27	599	8.13e-143	427
B158DRAFT_2160	iSDY_1059.SDY_2966	41.4	592	324	6	26	613	27	599	8.13e-143	427
B158DRAFT_2160	iSSON_1240.SSON_2917	41.4	592	324	6	26	613	27	599	1.15e-142	426
B158DRAFT_2160	iSbBS512_1146.SbBS512_E3111	41.2	592	325	6	26	613	27	599	1.62e-142	426
B158DRAFT_2160	iSF_1195.SF2780	41.4	592	324	6	26	613	27	599	1.62e-142	426
B158DRAFT_2160	iPC815.YPO3372	40.7	597	334	7	23	613	24	606	1.26e-137	414
B158DRAFT_2160	iYO844.BSU33440	39.1	604	345	9	19	613	16	605	6.03e-135	407
B158DRAFT_2161	iYO844.BSU33430	56.4	555	238	1	17	567	16	570	1.14e-236	663
B158DRAFT_2162	STM_v1_0.STM2946	59.3	231	91	1	3	230	12	242	2.72e-99	288
B158DRAFT_2162	iYL1228.KPN_03117	59.5	222	90	0	9	230	21	242	1.04e-96	282
B158DRAFT_2162	iSbBS512_1146.SbBS512_E3113	56.7	231	97	1	3	230	12	242	8.50e-96	280
B158DRAFT_2162	iSSON_1240.SSON_2915	56.7	231	97	1	3	230	12	242	8.50e-96	280
B158DRAFT_2162	iSDY_1059.SDY_2964	56.7	231	97	1	3	230	12	242	1.21e-95	279
B158DRAFT_2162	iML1515.b2762	56.7	231	97	1	3	230	12	242	1.71e-95	279
B158DRAFT_2162	iSF_1195.SF2778	56.7	231	97	1	3	230	12	242	2.43e-95	278
B158DRAFT_2163	STM_v1_0.STM3477	51.1	466	205	5	1	455	1	454	8.05e-151	437
B158DRAFT_2163	iSbBS512_1146.SbBS512_E3744	51.3	466	204	5	1	455	1	454	1.14e-150	437
B158DRAFT_2163	iSF_1195.SF3387	51.3	466	204	5	1	455	1	454	1.14e-150	437
B158DRAFT_2163	iSSON_1240.SSON_3499	51.3	466	204	5	1	455	1	454	1.14e-150	437
B158DRAFT_2163	iML1515.b3368	51.3	466	204	5	1	455	1	454	2.29e-150	436
B158DRAFT_2163	iSDY_1059.SDY_3530	50.9	466	206	5	1	455	1	454	1.05e-148	432
B158DRAFT_2163	iYL1228.KPN_03754	50.5	457	203	4	10	455	1	445	3.49e-142	415
B158DRAFT_2163	iPC815.YPO0158	48.4	465	224	6	1	459	1	455	1.88e-139	409
B158DRAFT_2164	iML1515.b1634	31.9	392	246	7	345	732	113	487	2.21e-50	183
B158DRAFT_2164	iSbBS512_1146.SbBS512_E1824	31.9	392	246	7	345	732	113	487	3.03e-50	183
B158DRAFT_2164	iSSON_1240.SSON_1524	31.9	392	246	7	345	732	113	487	3.03e-50	183
B158DRAFT_2164	iSF_1195.SF1659	31.4	392	248	7	345	732	113	487	4.15e-50	182
B158DRAFT_2164	iSSON_1240.SSON_3731	30.8	393	259	6	345	735	106	487	6.30e-50	182
B158DRAFT_2164	iML1515.b3496	29.9	394	261	5	345	735	106	487	1.62e-49	181
B158DRAFT_2164	iSbBS512_1146.SbBS512_E3826	30.8	393	259	6	345	735	106	487	1.62e-49	181
B158DRAFT_2164	iSDY_1059.SDY_1857	31.4	392	248	7	345	732	113	487	2.01e-49	181
B158DRAFT_2166	iML1515.b3253	46.7	304	158	3	27	328	20	321	1.26e-85	260
B158DRAFT_2166	iYS854.USA300HOU_RS12825	38.2	322	193	3	11	329	25	343	1.57e-75	235
B158DRAFT_2173	iPC815.YPO0888	65.6	503	168	2	1	498	1	503	4.48e-231	644
B158DRAFT_2173	iML1515.b4129	63.7	504	178	2	1	499	1	504	1.71e-228	637
B158DRAFT_2173	iSDY_1059.SDY_3192	64.8	492	172	1	8	498	12	503	1.32e-225	630
B158DRAFT_2173	iSbBS512_1146.SbBS512_E3309	64.8	492	172	1	8	498	12	503	2.66e-225	629
B158DRAFT_2173	iSF_1195.SF2876	64.8	492	172	1	8	498	12	503	2.66e-225	629
B158DRAFT_2173	iSSON_1240.SSON_3043	64.8	492	172	1	8	498	12	503	2.66e-225	629
B158DRAFT_2173	iYL1228.KPN_03318	63.6	492	178	1	9	499	13	504	1.08e-224	627
B158DRAFT_2173	iJN1463.PP_1496	63.8	503	174	2	1	499	1	499	3.65e-224	626
B158DRAFT_2173	iYL1228.KPN_00502	63.2	492	180	1	9	499	13	504	5.04e-223	623
B158DRAFT_2173	STM_v1_0.STM3040	64.4	492	174	1	8	498	12	503	7.16e-223	623
B158DRAFT_2179	iJN1463.PP_1426	67.8	531	163	1	12	534	4	534	1.52e-258	716
B158DRAFT_2179	iML1515.b2574	66.7	532	170	3	12	537	6	536	8.85e-257	712
B158DRAFT_2179	iSDY_1059.SDY_2815	66.5	532	171	3	12	537	6	536	5.09e-256	710
B158DRAFT_2179	iPC815.YPO2710	66.4	529	172	2	11	533	17	545	2.48e-255	708
B158DRAFT_2179	STM_v1_0.STM2641	67.0	528	168	2	16	537	10	537	8.37e-255	707
B158DRAFT_2179	iYL1228.KPN_02899	67.0	525	167	2	16	534	10	534	6.59e-254	704
B158DRAFT_2179	iCN718.ABAYE_RS05185	65.6	524	177	2	13	533	10	533	1.29e-248	691
B158DRAFT_2183	iEK1008.Rv0125	27.6	322	180	11	23	312	33	333	6.40e-21	93.2
B158DRAFT_2184	iSynCJ816.SGL_RS17200	24.6	487	233	14	8	375	9	480	2.55e-23	104
B158DRAFT_2184	iEK1008.Rv0684	23.8	492	241	13	7	378	13	490	1.01e-21	99.4
B158DRAFT_2188	iYL1228.KPN_03779	25.3	158	111	5	10	164	6	159	2.43e-06	48.5
B158DRAFT_2188	iCN900.CD630_32740	30.3	122	79	4	10	131	4	119	9.64e-06	46.6
B158DRAFT_2188	iCN900.CD630_15170	28.7	122	84	3	10	131	28	146	1.31e-05	46.2
B158DRAFT_2188	iHN637.CLJU_RS06865	26.6	158	111	5	10	167	8	160	1.73e-05	45.8
B158DRAFT_2190	iML1515.b2564	73.2	239	64	0	5	243	4	242	3.20e-122	347
B158DRAFT_2190	iSbBS512_1146.SbBS512_E2929	73.2	239	64	0	5	243	4	242	3.20e-122	347
B158DRAFT_2190	iSF_1195.SF2626	73.2	239	64	0	5	243	4	242	3.20e-122	347
B158DRAFT_2190	iSSON_1240.SSON_2688	72.8	239	65	0	5	243	4	242	4.54e-122	347
B158DRAFT_2190	iSDY_1059.SDY_2805	72.8	239	65	0	5	243	4	242	2.62e-121	345
B158DRAFT_2190	STM_v1_0.STM2578	71.5	239	68	0	5	243	4	242	4.32e-120	342
B158DRAFT_2190	iYL1228.KPN_02889	72.4	239	66	0	5	243	4	242	1.75e-119	340
B158DRAFT_2190	iPC815.YPO2930	70.8	240	70	0	5	244	4	243	1.58e-115	330
B158DRAFT_2191	iYL1228.KPN_02888	47.6	124	65	0	2	125	3	126	1.31e-35	118
B158DRAFT_2191	iPC815.YPO2929	46.8	124	66	0	2	125	3	126	1.31e-35	118
B158DRAFT_2191	iSDY_1059.SDY_2804	46.0	124	67	0	2	125	3	126	8.68e-34	114
B158DRAFT_2191	STM_v1_0.STM2577	45.2	124	68	0	2	125	3	126	7.05e-33	111
B158DRAFT_2191	iSbBS512_1146.SbBS512_E2928	45.2	124	68	0	2	125	3	126	7.05e-33	111
B158DRAFT_2191	iSF_1195.SF2625	45.2	124	68	0	2	125	3	126	7.05e-33	111
B158DRAFT_2191	iSSON_1240.SSON_2687	45.2	124	68	0	2	125	3	126	7.05e-33	111
B158DRAFT_2191	iML1515.b2563	44.4	124	69	0	2	125	3	126	2.01e-32	110
B158DRAFT_2193	iYO844.BSU03930	31.2	250	155	6	2	242	3	244	2.41e-25	100
B158DRAFT_2193	iYO844.BSU08650	32.3	189	118	4	5	192	3	182	7.47e-23	94.0
B158DRAFT_2194	iCN718.ABAYE_RS11095	59.7	159	64	0	1	159	1	159	3.17e-69	206
B158DRAFT_2194	iNF517.LLMG_RS05525	60.0	155	61	1	5	159	4	157	3.23e-68	203
B158DRAFT_2194	iMM904.YIR037W	54.7	159	72	0	1	159	1	159	7.13e-64	192
B158DRAFT_2194	iMM904.YBR244W	52.2	157	75	0	3	159	4	160	1.87e-61	186
B158DRAFT_2194	iSynCJ816.SGL_RS11045	52.8	163	72	1	2	159	7	169	3.32e-61	186
B158DRAFT_2194	iYO844.BSU21900	51.3	158	77	0	3	160	2	159	3.53e-61	186
B158DRAFT_2196	iYO844.BSU31640	30.7	88	48	2	63	137	42	129	1.23e-05	42.7
B158DRAFT_2196	iYS854.USA300HOU_RS04700	24.4	123	90	2	15	137	10	129	2.96e-04	38.9
B158DRAFT_2197	iYO844.BSU31650	32.3	65	44	0	15	79	19	83	1.78e-06	42.0
B158DRAFT_2198	iYO844.BSU31660	38.1	97	57	2	13	108	13	107	1.14e-13	62.4
B158DRAFT_2198	iYS854.USA300HOU_RS03410	40.2	92	48	2	8	95	18	106	1.20e-11	57.8
B158DRAFT_2199	iJN1463.PP_2230	25.7	284	170	6	54	304	632	907	2.66e-13	70.9
B158DRAFT_2199	iYS854.USA300HOU_RS03385	34.1	132	83	4	216	344	7	137	4.99e-13	65.5
B158DRAFT_2200	iYO844.BSU31620	34.7	95	58	2	14	108	11	101	4.88e-09	50.1
B158DRAFT_2200	iYS854.USA300HOU_RS04710	37.7	77	48	0	28	104	20	96	3.45e-08	47.8
B158DRAFT_2201	iYO844.BSU31630	28.1	491	345	4	3	492	2	485	2.80e-64	216
B158DRAFT_2201	iYS854.USA300HOU_RS04705	25.9	478	340	8	3	475	4	472	7.56e-58	199
B158DRAFT_2202	iSynCJ816.SGL_RS15190	31.4	404	241	13	21	399	25	417	2.74e-46	171
B158DRAFT_2204	iML1515.b2482	26.3	353	217	7	120	430	139	490	2.34e-32	131
B158DRAFT_2204	iYS854.USA300HOU_RS04720	29.6	433	245	14	57	435	69	495	5.98e-32	130
B158DRAFT_2204	iYO844.BSU31630	25.4	346	232	7	108	430	122	464	3.52e-30	123
B158DRAFT_2204	iJN1463.PP_2230	30.4	362	219	9	100	432	114	471	3.10e-29	122
B158DRAFT_2204	iYO844.BSU31600	28.3	385	229	12	100	439	117	499	4.61e-29	122
B158DRAFT_2204	iAF692.Mbar_A3403	27.3	381	224	10	101	429	117	496	4.60e-29	121
B158DRAFT_2204	iAF692.Mbar_A3402	28.1	363	230	10	105	439	120	479	2.18e-29	121
B158DRAFT_2204	iAF987.Gmet_0375	30.1	359	212	10	120	439	148	506	1.11e-28	120
B158DRAFT_2210	iAF987.Gmet_1750	28.2	188	129	3	156	338	56	242	2.08e-11	63.9
B158DRAFT_2212	iEK1008.Rv2284	31.4	175	100	8	452	607	219	392	6.95e-10	61.2
B158DRAFT_2215	iAT_PLT_636.6505	35.5	422	216	6	56	422	75	495	1.64e-62	211
B158DRAFT_2215	iPC815.YPO0254	33.7	433	251	7	2	421	7	416	5.44e-63	209
B158DRAFT_2215	iMM1415.20510	35.2	421	218	4	56	422	52	471	5.32e-62	209
B158DRAFT_2215	iYO844.BSU10220	35.6	368	224	4	60	417	40	404	1.69e-62	207
B158DRAFT_2215	iJN1463.PP_0137	33.0	433	255	8	1	421	6	415	3.25e-62	207
B158DRAFT_2215	iCHOv1.100760895	34.8	422	218	5	56	422	64	483	9.94e-61	206
B158DRAFT_2215	iCHOv1.100770833	34.5	441	213	7	56	421	87	526	6.44e-60	204
B158DRAFT_2215	iHN637.CLJU_RS10210	33.6	432	249	7	2	423	11	414	3.53e-59	199
B158DRAFT_2215	iYL1228.KPN_04480	33.4	386	241	6	50	422	36	418	3.45e-59	199
B158DRAFT_2215	iSbBS512_1146.SbBS512_E4598	34.2	386	238	6	50	422	35	417	3.45e-59	199
B158DRAFT_2215	iSSON_1240.SSON_4258	34.2	386	238	6	50	422	35	417	3.45e-59	199
B158DRAFT_2215	STM_v1_0.STM4283	33.9	386	239	6	50	422	35	417	4.72e-59	199
B158DRAFT_2215	iML1515.b4077	34.2	386	238	6	50	422	35	417	6.76e-59	198
B158DRAFT_2215	iCN718.ABAYE_RS16630	33.8	391	238	6	52	429	37	419	1.07e-58	197
B158DRAFT_2215	iYS854.USA300HOU_RS12895	34.7	377	229	6	60	422	42	415	9.97e-59	197
B158DRAFT_2215	iSF_1195.SF4137	33.9	386	239	6	50	422	35	417	5.10e-58	196
B158DRAFT_2215	iCHOv1.100752285	34.7	421	215	6	60	421	73	492	9.92e-57	196
B158DRAFT_2215	iMM1415.20514	34.3	402	213	5	56	407	90	490	1.63e-56	195
B158DRAFT_2215	iMM1415.20513	33.5	454	213	8	56	421	86	538	1.67e-55	192
B158DRAFT_2215	iCHOv1.100689464	40.7	273	159	2	142	413	224	494	6.97e-55	190
B158DRAFT_2215	iMM1415.20512	40.7	273	159	2	142	413	224	494	9.71e-55	190
B158DRAFT_2217	STM_v1_0.STM1737	34.2	76	50	0	600	675	160	235	2.62e-07	52.0
B158DRAFT_2217	iSbBS512_1146.SbBS512_E1421	29.8	94	59	1	589	675	139	232	3.41e-07	51.6
B158DRAFT_2217	iSF_1195.SF1255	29.8	94	59	1	589	675	142	235	8.46e-07	50.4
B158DRAFT_2217	iSSON_1240.SSON_1914	29.8	94	59	1	589	675	139	232	8.23e-07	50.4
B158DRAFT_2217	iML1515.b1252	31.6	76	52	0	600	675	157	232	1.98e-06	49.3
B158DRAFT_2217	iSDY_1059.SDY_1316	31.6	76	52	0	600	675	157	232	2.66e-06	48.9
B158DRAFT_2218	iJN1463.PP_4477	62.2	450	163	2	8	455	3	447	6.64e-189	533
B158DRAFT_2218	iCN718.ABAYE_RS02295	59.9	449	173	2	9	455	4	447	2.89e-187	528
B158DRAFT_2219	iJN1463.PP_4478	58.7	482	198	1	11	491	6	487	6.32e-198	558
B158DRAFT_2219	iCN718.ABAYE_RS02290	56.4	484	210	1	9	491	5	488	5.97e-194	548
B158DRAFT_2219	STM_v1_0.STM1305	55.2	482	215	1	9	489	3	484	2.20e-187	532
B158DRAFT_2219	iML1515.b1746	55.6	482	213	1	9	489	3	484	1.45e-185	527
B158DRAFT_2219	iSbBS512_1146.SbBS512_E1993	55.4	482	214	1	9	489	3	484	2.37e-184	524
B158DRAFT_2219	iPC815.YPO1964	53.8	487	224	1	5	490	13	499	3.46e-182	519
B158DRAFT_2219	iYL1228.KPN_01223	53.7	482	222	1	9	489	3	484	1.93e-178	509
B158DRAFT_2220	iML1515.b1747	46.3	337	179	2	1	336	2	337	2.53e-108	319
B158DRAFT_2220	iSF_1195.SF1479	46.3	337	179	2	1	336	1	336	3.47e-108	319
B158DRAFT_2220	iSSON_1240.SSON_1410	46.0	337	180	2	1	336	2	337	1.45e-107	317
B158DRAFT_2220	iSDY_1059.SDY_1530	46.0	337	180	2	1	336	2	337	4.11e-107	316
B158DRAFT_2220	iSbBS512_1146.SbBS512_E1994	45.7	337	181	2	1	336	2	337	8.25e-107	315
B158DRAFT_2220	STM_v1_0.STM1304	45.2	336	182	2	2	336	3	337	4.71e-106	313
B158DRAFT_2220	iJN1463.PP_4479	48.7	337	170	3	1	336	1	335	1.25e-105	312
B158DRAFT_2220	iYL1228.KPN_01222	45.7	337	181	2	1	336	2	337	2.84e-102	304
B158DRAFT_2220	iPC815.YPO1963	44.6	343	182	2	1	336	2	343	2.78e-101	301
B158DRAFT_2221	iJN1463.PP_4481	64.2	394	141	0	12	405	10	403	3.78e-191	535
B158DRAFT_2221	iYL1228.KPN_01221	61.3	393	152	0	11	403	6	398	2.86e-181	509
B158DRAFT_2221	iSSON_1240.SSON_1409	61.4	391	151	0	11	401	6	396	3.31e-180	507
B158DRAFT_2221	STM_v1_0.STM1303	62.4	388	146	0	11	398	6	393	7.15e-180	506
B158DRAFT_2221	iML1515.b3359	60.5	395	156	0	11	405	9	403	1.90e-179	505
B158DRAFT_2221	iML1515.b1748	60.9	391	153	0	11	401	6	396	7.71e-179	503
B158DRAFT_2221	iSbBS512_1146.SbBS512_E1995	61.1	391	152	0	11	401	6	396	7.71e-179	503
B158DRAFT_2221	iSbBS512_1146.SbBS512_E3735	60.3	395	157	0	11	405	9	403	1.55e-178	503
B158DRAFT_2221	iSF_1195.SF3378	60.5	395	156	0	11	405	9	403	1.55e-178	503
B158DRAFT_2221	iSSON_1240.SSON_3490	60.3	395	157	0	11	405	9	403	3.12e-178	502
B158DRAFT_2221	STM_v1_0.STM3468	60.3	395	157	0	11	405	9	403	6.07e-178	501
B158DRAFT_2221	iSDY_1059.SDY_3521	59.7	395	159	0	11	405	9	403	1.46e-176	498
B158DRAFT_2221	iPC815.YPO1962	57.4	401	165	1	11	405	8	408	3.68e-174	492
B158DRAFT_2221	iYL1228.KPN_03745	59.0	395	162	0	11	405	9	403	6.47e-173	488
B158DRAFT_2221	iCN718.ABAYE_RS02280	58.1	396	166	0	11	406	8	403	1.21e-172	488
B158DRAFT_2224	iJN1463.PP_2318	53.0	198	90	1	7	204	4	198	6.67e-69	209
B158DRAFT_2225	iCN900.CD630_19470	44.7	215	117	1	6	218	14	228	7.13e-58	182
B158DRAFT_2225	iYO844.BSU30420	46.1	191	101	1	15	203	19	209	6.48e-54	172
B158DRAFT_2228	iYL1228.KPN_00974	58.5	330	137	0	2	331	3	332	1.80e-129	373
B158DRAFT_2228	iPC815.YPO1415	57.9	330	139	0	2	331	3	332	7.29e-129	371
B158DRAFT_2228	iSDY_1059.SDY_0918	57.6	330	140	0	2	331	3	332	3.40e-127	367
B158DRAFT_2228	iCN718.ABAYE_RS06810	56.4	335	143	1	1	335	2	333	4.50e-127	367
B158DRAFT_2228	iML1515.b0945	57.6	330	140	0	2	331	3	332	4.82e-127	367
B158DRAFT_2228	iSbBS512_1146.SbBS512_E2372	57.6	330	140	0	2	331	3	332	4.82e-127	367
B158DRAFT_2228	iSF_1195.SF0946	57.6	330	140	0	2	331	3	332	4.82e-127	367
B158DRAFT_2228	iSSON_1240.SSON_0949	57.6	330	140	0	2	331	3	332	4.82e-127	367
B158DRAFT_2228	STM_v1_0.STM1058	56.7	330	143	0	2	331	3	332	1.95e-126	365
B158DRAFT_2228	iJN1463.PP_2095	56.7	335	145	0	1	335	1	335	3.17e-126	365
B158DRAFT_2233	iYL1228.KPN_00235	49.9	811	389	5	2	808	1	798	7.61e-272	772
B158DRAFT_2233	iML1515.b0221	49.9	811	389	5	2	808	1	798	3.50e-270	768
B158DRAFT_2233	iSbBS512_1146.SbBS512_E0217	49.9	811	389	5	2	808	1	798	3.50e-270	768
B158DRAFT_2233	iSF_1195.SF0271	49.9	811	389	5	2	808	13	810	2.12e-269	766
B158DRAFT_2233	STM_v1_0.STM0309	49.7	811	391	5	2	808	1	798	2.00e-269	766
B158DRAFT_2233	iSSON_1240.SSON_0263	49.8	811	390	5	2	808	13	810	4.25e-269	766
B158DRAFT_2233	iJN1463.PP_1893	48.5	812	413	4	2	810	1	810	2.36e-268	763
B158DRAFT_2233	iCN718.ABAYE_RS06170	50.8	758	367	5	46	800	48	802	7.96e-263	749
B158DRAFT_2233	iPC815.YPO3244	48.6	801	403	4	2	802	1	792	1.20e-260	744
B158DRAFT_2234	iAF987.Gmet_1265	61.9	383	144	2	1	382	1	382	1.43e-154	445
B158DRAFT_2234	iHN637.CLJU_RS04460	59.5	378	153	0	6	383	3	380	6.13e-148	428
B158DRAFT_2234	iSynCJ816.SGL_RS12850	56.1	396	157	4	2	382	3	396	5.03e-142	414
B158DRAFT_2234	iYO844.BSU28280	55.2	377	168	1	6	382	3	378	1.64e-139	407
B158DRAFT_2236	iML1515.b1448	26.4	91	58	2	44	127	49	137	1.21e-05	42.7
B158DRAFT_2237	iAF987.Gmet_3085	40.9	550	320	3	573	1117	334	883	8.94e-125	404
B158DRAFT_2237	iAF987.Gmet_0700	36.8	589	357	7	528	1114	239	814	3.30e-111	365
B158DRAFT_2238	iML1515.b0577	54.9	421	184	2	1	421	1	415	1.86e-152	438
B158DRAFT_2239	iSynCJ816.SGL_RS10930	30.2	480	287	14	12	460	7	469	1.06e-48	178
B158DRAFT_2239	iEK1008.Rv0684	27.0	485	309	9	8	460	6	477	8.97e-44	164
B158DRAFT_2241	STM_v1_0.STM4130	36.2	163	84	3	32	194	20	162	8.41e-20	94.4
B158DRAFT_2241	iML1515.b3966	35.0	163	86	3	32	194	20	162	1.03e-18	90.9
B158DRAFT_2241	iSSON_1240.SSON_4139	35.0	163	86	3	32	194	20	162	1.03e-18	90.9
B158DRAFT_2241	iYL1228.KPN_04255	32.6	184	100	5	10	193	2	161	1.81e-18	90.1
B158DRAFT_2241	iSF_1195.SF4048	35.6	163	85	3	32	194	20	162	1.79e-18	90.1
B158DRAFT_2241	iSDY_1059.SDY_3762	34.4	163	87	3	32	194	20	162	5.45e-18	88.6
B158DRAFT_2243	iML1515.b2558	45.0	416	224	4	31	443	34	447	1.84e-119	360
B158DRAFT_2243	iSbBS512_1146.SbBS512_E2924	45.0	416	224	4	31	443	34	447	2.60e-119	360
B158DRAFT_2243	iSDY_1059.SDY_2748	46.8	385	200	4	62	443	19	401	1.59e-117	353
B158DRAFT_2243	iSF_1195.SF2605	46.8	385	200	4	62	443	19	401	1.59e-117	353
B158DRAFT_2243	iSSON_1240.SSON_2641	46.1	384	204	2	62	443	19	401	3.18e-117	353
B158DRAFT_2244	iJN1463.PP_1037	63.8	1299	461	5	1	1294	1	1295	0.0	1656
B158DRAFT_2244	iML1515.b2557	63.0	1299	474	3	1	1298	2	1295	0.0	1650
B158DRAFT_2244	iSSON_1240.SSON_2640	63.0	1299	474	3	1	1298	2	1295	0.0	1649
B158DRAFT_2244	iSF_1195.SF2604	62.9	1299	476	3	1	1298	2	1295	0.0	1647
B158DRAFT_2244	iSbBS512_1146.SbBS512_E2922	63.0	1299	475	3	1	1298	2	1295	0.0	1646
B158DRAFT_2244	iSDY_1059.SDY_2747	62.9	1299	476	3	1	1298	2	1295	0.0	1644
B158DRAFT_2244	STM_v1_0.STM2565	63.0	1299	475	3	1	1298	2	1295	0.0	1643
B158DRAFT_2244	iPC815.YPO2921	63.2	1300	473	4	1	1298	1	1296	0.0	1639
B158DRAFT_2244	iYL1228.KPN_02882	62.2	1300	484	4	1	1298	2	1295	0.0	1619
B158DRAFT_2250	iYL1228.KPN_02455	28.6	234	150	5	18	240	364	591	1.91e-20	89.7
B158DRAFT_2250	iJN1463.PP_0914	26.7	225	153	3	26	240	450	672	1.41e-18	84.3
B158DRAFT_2250	iAF987.Gmet_2629	27.1	225	151	4	26	240	576	797	2.72e-18	83.6
B158DRAFT_2250	iML1515.b1285	33.1	127	85	0	114	240	518	644	2.11e-17	80.9
B158DRAFT_2251	iPC815.YPO3301	45.2	511	272	6	10	517	8	513	6.77e-139	410
B158DRAFT_2251	iYL1228.KPN_03019	45.0	511	274	5	10	517	8	514	1.86e-138	409
B158DRAFT_2251	iJN1463.PP_0243	44.0	505	278	2	18	522	19	518	6.56e-138	408
B158DRAFT_2251	iML1515.b2688	43.4	514	284	5	10	520	8	517	1.37e-132	394
B158DRAFT_2251	iSDY_1059.SDY_2885	43.4	514	284	5	10	520	8	517	1.37e-132	394
B158DRAFT_2251	iSSON_1240.SSON_2832	43.4	514	284	5	10	520	8	517	3.88e-132	393
B158DRAFT_2251	STM_v1_0.STM2818	43.4	511	282	5	10	517	8	514	7.76e-132	392
B158DRAFT_2251	iSbBS512_1146.SbBS512_E3188	43.5	515	282	6	10	520	8	517	8.76e-131	390
B158DRAFT_2252	iJN1463.PP_4946	52.1	505	217	4	14	518	53	532	1.01e-172	498
B158DRAFT_2252	iYL1228.KPN_01042	49.9	505	222	4	15	516	6	482	6.03e-172	494
B158DRAFT_2252	iML1515.b1015	51.3	495	210	5	15	506	6	472	1.96e-170	491
B158DRAFT_2252	iSSON_1240.SSON_1035	51.4	496	208	5	15	506	6	472	1.96e-170	491
B158DRAFT_2252	iSDY_1059.SDY_0990	51.4	496	208	5	15	506	6	472	7.91e-170	489
B158DRAFT_2252	STM_v1_0.STM1125	51.4	492	214	3	15	506	6	472	1.12e-169	489
B158DRAFT_2252	iSbBS512_1146.SbBS512_E2302	51.2	496	209	5	15	506	6	472	3.19e-169	488
B158DRAFT_2252	iCN718.ABAYE_RS10745	52.2	494	212	3	15	508	6	475	7.39e-169	486
B158DRAFT_2252	iIT341.HP0055	46.1	514	250	5	15	528	9	495	8.41e-155	451
B158DRAFT_2253	iCHOv1.100757665	40.0	170	90	3	1	159	1	169	6.48e-36	122
B158DRAFT_2253	iMM1415.69215	34.4	192	91	4	1	158	1	191	1.28e-32	114
B158DRAFT_2254	iJN1463.PP_1457	70.8	391	114	0	1	391	1	391	6.85e-197	548
B158DRAFT_2254	iYL1228.KPN_02364	66.5	391	130	1	1	391	1	390	1.23e-180	507
B158DRAFT_2254	iML1515.b1849	65.5	391	134	1	1	391	1	390	1.34e-177	499
B158DRAFT_2254	iSSON_1240.SSON_1299	65.5	391	134	1	1	391	1	390	1.34e-177	499
B158DRAFT_2254	iSbBS512_1146.SbBS512_E2124	65.2	391	135	1	1	391	1	390	1.10e-176	497
B158DRAFT_2254	iSDY_1059.SDY_1135	65.0	391	136	1	1	391	1	390	4.45e-176	495
B158DRAFT_2254	STM_v1_0.STM1883	64.3	392	139	1	1	392	1	391	6.31e-176	495
B158DRAFT_2254	iSF_1195.SF1859	64.7	391	137	1	1	391	1	390	1.80e-175	494
B158DRAFT_2266	iSDY_1059.SDY_3189	35.4	206	119	2	45	249	39	231	1.19e-45	152
B158DRAFT_2266	iML1515.b2893	35.0	206	120	2	45	249	39	231	6.65e-45	150
B158DRAFT_2266	iSF_1195.SF2879	35.0	206	120	2	45	249	39	231	6.65e-45	150
B158DRAFT_2266	iSbBS512_1146.SbBS512_E3313	35.4	206	119	2	45	249	39	231	1.33e-44	149
B158DRAFT_2266	STM_v1_0.STM3043	35.2	213	124	2	39	250	34	233	3.83e-44	148
B158DRAFT_2266	iSSON_1240.SSON_3046	34.5	206	121	2	45	249	39	231	2.08e-43	146
B158DRAFT_2266	iPC815.YPO0891	34.7	202	118	2	45	245	40	228	4.37e-43	145
B158DRAFT_2266	iYL1228.KPN_03321	33.8	207	123	2	45	250	40	233	6.00e-43	145
B158DRAFT_2270	iML1515.b2924	38.4	268	165	0	12	279	15	282	3.01e-60	192
B158DRAFT_2272	iAF987.Gmet_0043	27.6	268	179	5	286	549	26	282	3.93e-19	92.0
B158DRAFT_2277	iJN1463.PP_1656	47.7	685	348	6	58	735	63	744	3.95e-218	629
B158DRAFT_2277	iPC815.YPO3380	48.0	689	339	7	63	736	59	743	3.38e-216	624
B158DRAFT_2277	iSbBS512_1146.SbBS512_E3089	47.9	691	337	8	63	736	59	743	1.92e-215	622
B158DRAFT_2277	iML1515.b2784	47.9	691	337	8	63	736	59	743	3.84e-215	622
B158DRAFT_2277	iSDY_1059.SDY_3001	47.9	691	337	8	63	736	59	743	3.84e-215	622
B158DRAFT_2277	iSF_1195.SF2797	47.9	691	337	8	63	736	59	743	3.84e-215	622
B158DRAFT_2277	iSSON_1240.SSON_2941	47.9	691	337	8	63	736	59	743	3.84e-215	622
B158DRAFT_2277	STM_v1_0.STM2956	47.5	691	340	7	63	736	59	743	4.36e-214	619
B158DRAFT_2277	iYL1228.KPN_03126	46.9	688	349	6	63	736	59	744	5.11e-213	616
B158DRAFT_2278	iML1515.b2781	53.8	260	112	3	12	267	3	258	2.97e-87	260
B158DRAFT_2278	iSbBS512_1146.SbBS512_E3092	53.8	260	112	3	12	267	3	258	2.97e-87	260
B158DRAFT_2278	iSSON_1240.SSON_2938	53.8	260	112	3	12	267	3	258	2.97e-87	260
B158DRAFT_2278	STM_v1_0.STM2954	52.8	265	117	3	7	267	1	261	4.64e-87	259
B158DRAFT_2278	iSDY_1059.SDY_2998	53.8	260	112	3	12	267	3	258	4.21e-87	259
B158DRAFT_2278	iSF_1195.SF2796	53.8	260	112	3	12	267	3	258	8.45e-87	259
B158DRAFT_2278	iJN1463.PP_1657	50.8	264	121	2	16	270	8	271	3.79e-86	258
B158DRAFT_2278	iYL1228.KPN_03125	51.1	262	120	3	10	267	1	258	3.17e-84	252
B158DRAFT_2278	iPC815.YPO3378	51.9	264	113	4	14	267	16	275	5.82e-81	244
B158DRAFT_2281	STM_v1_0.STM2953	69.5	541	165	0	2	542	3	543	8.90e-286	786
B158DRAFT_2281	iYL1228.KPN_03124	69.7	541	164	0	2	542	3	543	1.26e-285	785
B158DRAFT_2281	iJN1463.PP_1610	71.8	535	151	0	1	535	1	535	5.33e-284	781
B158DRAFT_2281	iPC815.YPO3377	68.8	541	169	0	2	542	3	543	2.42e-283	780
B158DRAFT_2281	iML1515.b2780	68.2	541	172	0	2	542	3	543	6.56e-281	773
B158DRAFT_2281	iSbBS512_1146.SbBS512_E3093	68.2	541	172	0	2	542	3	543	6.56e-281	773
B158DRAFT_2281	iSDY_1059.SDY_2997	68.2	541	172	0	2	542	3	543	6.56e-281	773
B158DRAFT_2281	iSF_1195.SF2795	68.2	541	172	0	2	542	3	543	6.56e-281	773
B158DRAFT_2281	iSSON_1240.SSON_2937	68.2	541	172	0	2	542	3	543	6.56e-281	773
B158DRAFT_2282	iAF987.Gmet_1277	54.6	262	119	0	7	268	11	272	4.29e-103	301
B158DRAFT_2283	iJN1463.PP_1612	74.4	426	105	1	2	423	3	428	5.76e-222	614
B158DRAFT_2283	iML1515.b2779	73.8	427	107	2	2	423	3	429	2.35e-217	603
B158DRAFT_2283	iSbBS512_1146.SbBS512_E3094	73.8	427	107	2	2	423	3	429	2.35e-217	603
B158DRAFT_2283	iSDY_1059.SDY_2996	73.8	427	107	2	2	423	3	429	2.35e-217	603
B158DRAFT_2283	iSF_1195.SF2794	73.8	427	107	2	2	423	3	429	2.35e-217	603
B158DRAFT_2283	STM_v1_0.STM2952	73.3	427	109	2	2	423	3	429	1.35e-216	601
B158DRAFT_2283	iSSON_1240.SSON_2936	73.5	427	108	2	2	423	3	429	1.92e-216	600
B158DRAFT_2283	iYL1228.KPN_03123	72.6	427	112	2	2	423	3	429	6.38e-215	597
B158DRAFT_2283	iPC815.YPO3376	72.6	427	112	2	2	423	3	429	1.44e-213	593
B158DRAFT_2283	iYO844.BSU33900	69.9	422	125	1	3	422	4	425	1.00e-201	563
B158DRAFT_2285	STM_v1_0.STM2930	47.8	224	112	2	8	230	8	227	6.39e-68	208
B158DRAFT_2285	iML1515.b2747	47.8	224	112	2	8	230	8	227	5.17e-67	206
B158DRAFT_2285	iSbBS512_1146.SbBS512_E3127	47.8	224	112	2	8	230	8	227	5.17e-67	206
B158DRAFT_2285	iSDY_1059.SDY_2946	47.8	224	112	2	8	230	8	227	5.17e-67	206
B158DRAFT_2285	iSSON_1240.SSON_2895	47.8	224	112	2	8	230	8	227	5.17e-67	206
B158DRAFT_2285	iSF_1195.SF2770	47.8	224	112	2	8	230	8	227	7.32e-67	206
B158DRAFT_2285	iYL1228.KPN_03109	46.4	224	115	2	8	230	8	227	4.18e-66	204
B158DRAFT_2285	iPC815.YPO3361	46.2	225	116	2	7	230	10	230	1.96e-65	202
B158DRAFT_2285	iJN1463.PP_1614	45.8	216	116	1	9	223	9	224	1.12e-60	190
B158DRAFT_2287	iAF692.Mbar_A1312	34.6	292	174	7	3	282	2	288	6.73e-44	150
B158DRAFT_2287	iAF987.Gmet_1898	30.7	290	188	3	3	282	5	291	1.52e-42	147
B158DRAFT_2288	STM_v1_0.STM2073	33.5	269	171	6	19	282	39	304	4.55e-35	135
B158DRAFT_2288	iSF_1195.SF2083	32.0	269	175	6	19	282	36	301	5.90e-32	126
B158DRAFT_2288	iSSON_1240.SSON_2092	32.0	269	175	6	19	282	36	301	5.90e-32	126
B158DRAFT_2288	iML1515.b2021	32.0	269	175	6	19	282	36	301	8.06e-32	125
B158DRAFT_2288	iSbBS512_1146.SbBS512_E1211	32.0	269	175	6	19	282	36	301	1.10e-31	125
B158DRAFT_2288	iPC815.YPO1547	30.5	269	179	6	19	282	37	302	2.38e-31	125
B158DRAFT_2288	iSDY_1059.SDY_2220	31.6	269	176	6	19	282	36	301	3.83e-31	124
B158DRAFT_2289	iAF692.Mbar_A1310	45.4	185	99	2	15	198	8	191	2.10e-49	158
B158DRAFT_2289	iHN637.CLJU_RS05735	40.6	192	111	1	10	198	3	194	1.20e-46	151
B158DRAFT_2289	iCN900.CD630_15500	42.5	174	100	0	10	183	3	176	6.43e-46	149
B158DRAFT_2289	iCN718.ABAYE_RS01785	43.4	175	99	0	10	184	5	179	1.70e-44	146
B158DRAFT_2289	iAF987.Gmet_0386	41.1	190	109	2	12	198	6	195	2.57e-43	143
B158DRAFT_2290	iLJ478.TM1038	36.1	194	119	4	12	201	2	194	1.01e-36	126
B158DRAFT_2290	iYO844.BSU34890	38.3	201	108	5	13	199	2	200	3.81e-36	125
B158DRAFT_2290	iMM904.YBR248C	37.3	209	114	6	10	201	1	209	3.56e-32	121
B158DRAFT_2290	iNF517.LLMG_RS06550	35.3	201	119	5	10	201	1	199	6.31e-32	114
B158DRAFT_2291	iLJ478.TM1036	52.0	252	119	1	12	263	2	251	2.36e-83	249
B158DRAFT_2291	iHN637.CLJU_RS05755	50.8	252	123	1	12	262	2	253	1.55e-81	245
B158DRAFT_2291	iNF517.LLMG_RS06540	48.4	254	130	1	12	264	2	255	2.00e-78	237
B158DRAFT_2291	iAF987.Gmet_0389	48.4	252	129	1	12	262	2	253	2.34e-78	237
B158DRAFT_2291	iJN1463.PP_0293	48.8	254	126	2	12	261	3	256	7.34e-78	236
B158DRAFT_2291	iEK1008.Rv1605	50.0	256	123	1	11	261	12	267	2.09e-77	235
B158DRAFT_2291	iYO844.BSU34870	49.8	251	125	1	12	261	2	252	1.48e-76	232
B158DRAFT_2291	iCN718.ABAYE_RS01735	46.4	252	133	2	12	262	2	252	2.10e-76	232
B158DRAFT_2291	iSynCJ816.SGL_RS10250	48.6	253	127	2	12	261	3	255	5.62e-76	231
B158DRAFT_2292	iMM904.YCL030C	41.8	177	99	3	231	406	151	324	2.32e-31	126
B158DRAFT_2293	iAF692.Mbar_A3507	37.1	399	233	6	23	404	29	426	1.06e-71	231
B158DRAFT_2293	iCN900.CD630_15820	36.7	403	231	8	24	404	18	418	1.53e-71	230
B158DRAFT_2293	iJN1463.PP_0966	36.8	402	226	7	26	404	37	433	7.88e-70	226
B158DRAFT_2293	iPC815.YPO1548	37.7	406	235	8	15	404	26	429	1.93e-67	220
B158DRAFT_2293	iCN718.ABAYE_RS15595	34.2	404	242	6	22	404	27	427	9.39e-64	210
B158DRAFT_2293	STM_v1_0.STM2072	34.7	409	243	9	15	404	23	426	2.94e-63	209
B158DRAFT_2294	iJN1463.PP_1618	67.3	153	50	0	3	155	2	154	1.58e-66	199
B158DRAFT_2294	STM_v1_0.STM2929	64.7	153	54	0	3	155	2	154	3.95e-65	196
B158DRAFT_2294	iYL1228.KPN_03108	64.3	154	55	0	3	156	2	155	5.61e-65	195
B158DRAFT_2294	iML1515.b2746	64.7	153	54	0	3	155	2	154	7.96e-65	195
B158DRAFT_2294	iSbBS512_1146.SbBS512_E3128	64.7	153	54	0	3	155	2	154	7.96e-65	195
B158DRAFT_2294	iSDY_1059.SDY_2945	64.7	153	54	0	3	155	2	154	7.96e-65	195
B158DRAFT_2294	iSF_1195.SF2769	64.7	153	54	0	3	155	2	154	7.96e-65	195
B158DRAFT_2294	iSSON_1240.SSON_2894	64.7	153	54	0	3	155	2	154	7.96e-65	195
B158DRAFT_2294	iPC815.YPO3360	63.9	155	54	1	3	155	2	156	5.05e-64	193
B158DRAFT_2294	iAF987.Gmet_0059	59.6	156	63	0	3	158	2	157	2.72e-60	183
B158DRAFT_2294	iYO844.BSU00910	59.6	156	63	0	1	156	1	156	3.99e-60	183
B158DRAFT_2295	iIS312.TCDM_07113	24.4	127	88	2	49	171	332	454	9.93e-04	40.8
B158DRAFT_2296	iSDY_1059.SDY_2943	59.7	248	97	2	1	247	1	246	6.17e-98	286
B158DRAFT_2296	iML1515.b2744	59.3	248	98	2	1	247	1	246	2.50e-97	285
B158DRAFT_2296	iSbBS512_1146.SbBS512_E3130	59.3	248	98	2	1	247	1	246	2.50e-97	285
B158DRAFT_2296	iSSON_1240.SSON_2892	59.3	248	98	2	1	247	1	246	2.50e-97	285
B158DRAFT_2296	iYL1228.KPN_03106	59.4	244	96	2	4	246	1	242	1.30e-96	283
B158DRAFT_2296	STM_v1_0.STM2927	57.7	248	102	2	1	247	1	246	8.23e-96	281
B158DRAFT_2296	iSF_1195.SF2767	58.5	248	100	2	1	247	1	246	9.50e-95	278
B158DRAFT_2296	iPC815.YPO3358	58.1	246	100	2	1	245	2	245	1.31e-92	273
B158DRAFT_2299	iAF987.Gmet_1854	36.7	120	63	4	218	327	273	389	1.18e-13	70.9
B158DRAFT_2299	iAF987.Gmet_1350	43.9	114	60	3	206	317	82	193	1.55e-13	68.9
B158DRAFT_2304	iAF692.Mbar_A0352	36.5	85	51	2	4	85	4	88	2.21e-08	53.1
B158DRAFT_2304	iAF692.Mbar_A1414	35.8	81	46	3	4	83	5	80	3.06e-07	49.7
B158DRAFT_2306	iAF987.Gmet_1960	44.6	397	151	1	6	402	1	328	1.41e-115	340
B158DRAFT_2306	iLJ478.TM0492	44.8	397	147	3	10	404	2	328	3.69e-113	333
B158DRAFT_2309	iAF987.Gmet_2999	34.5	113	74	0	57	169	10	122	6.72e-15	71.2
B158DRAFT_2309	iJN1463.PP_1494	30.1	113	78	1	57	168	20	132	1.65e-12	64.3
B158DRAFT_2311	iYS854.USA300HOU_RS07985	37.9	219	127	5	3	218	6	218	5.90e-43	146
B158DRAFT_2312	iCN718.ABAYE_RS13985	55.2	669	293	5	38	704	19	682	2.59e-258	729
B158DRAFT_2312	iJN1463.PP_5217	52.6	684	319	3	32	711	38	720	1.42e-256	726
B158DRAFT_2313	iPC815.YPO2837	40.1	489	280	4	22	502	10	493	4.67e-120	362
B158DRAFT_2313	iYL1228.KPN_02827	40.0	498	272	7	22	504	9	494	6.31e-118	356
B158DRAFT_2313	iJN1463.PP_5216	40.1	479	284	3	27	503	13	490	4.65e-118	356
B158DRAFT_2313	STM_v1_0.STM2502	38.7	491	288	4	22	504	9	494	5.44e-114	346
B158DRAFT_2313	iSF_1195.SF2546	38.1	491	291	4	22	504	9	494	3.05e-113	344
B158DRAFT_2313	iML1515.b2502	38.1	491	291	4	22	504	9	494	4.31e-113	344
B158DRAFT_2313	iSDY_1059.SDY_2691	38.1	491	291	4	22	504	9	494	4.31e-113	344
B158DRAFT_2313	iSSON_1240.SSON_2584	38.1	491	291	4	22	504	9	494	4.31e-113	344
B158DRAFT_2313	iSbBS512_1146.SbBS512_E2876	37.9	491	292	4	22	504	9	494	1.71e-112	342
B158DRAFT_2313	iCN718.ABAYE_RS15730	41.3	499	267	8	27	511	12	498	2.72e-109	334
B158DRAFT_2314	iLJ478.TM1724	35.2	193	121	3	11	203	3	191	1.27e-26	103
B158DRAFT_2315	iAF987.Gmet_0069	27.9	122	78	3	1	116	1	118	1.21e-04	42.0
B158DRAFT_2317	iAF987.Gmet_3085	28.2	829	537	23	195	996	89	886	1.20e-83	290
B158DRAFT_2317	iAF987.Gmet_0987	31.6	557	371	5	442	995	236	785	2.48e-81	281
B158DRAFT_2317	iAF987.Gmet_0700	31.1	588	377	11	421	994	245	818	1.05e-80	280
B158DRAFT_2317	iML1515.b1285	29.2	559	387	5	433	990	101	651	1.88e-79	272
B158DRAFT_2317	iAF987.Gmet_2629	32.5	584	356	11	429	995	247	809	4.35e-78	272
B158DRAFT_2317	iJN1463.PP_0914	32.3	507	319	7	499	995	192	684	5.68e-76	263
B158DRAFT_2318	iJN1463.PP_1764	39.7	214	129	0	5	218	3	216	5.79e-52	167
B158DRAFT_2318	iCN718.ABAYE_RS19015	42.7	218	120	4	5	218	1	217	4.83e-50	162
B158DRAFT_2319	iJN1463.PP_1765	68.0	231	73	1	9	239	2	231	1.99e-113	324
B158DRAFT_2319	iCN718.ABAYE_RS19010	64.3	230	81	1	8	236	3	232	7.88e-112	320
B158DRAFT_2319	iSbBS512_1146.SbBS512_E2607	65.8	228	78	0	10	237	11	238	2.04e-110	317
B158DRAFT_2319	iSF_1195.SF2312	65.4	228	79	0	10	237	11	238	2.90e-110	316
B158DRAFT_2319	iSSON_1240.SSON_2290	65.4	228	79	0	10	237	11	238	2.90e-110	316
B158DRAFT_2319	iML1515.b2232	65.4	228	79	0	10	237	11	238	4.12e-110	316
B158DRAFT_2319	iSDY_1059.SDY_2424	65.4	228	79	0	10	237	11	238	4.12e-110	316
B158DRAFT_2319	iPC815.YPO1215	63.7	234	85	0	4	237	5	238	1.79e-109	314
B158DRAFT_2319	STM_v1_0.STM2276	64.9	228	80	0	10	237	11	238	3.61e-109	313
B158DRAFT_2319	iYL1228.KPN_02641	64.3	227	81	0	10	236	11	237	4.18e-108	311
B158DRAFT_2320	iAF692.Mbar_A3252	38.9	411	234	8	28	433	21	419	2.49e-82	259
B158DRAFT_2322	iCN718.ABAYE_RS04905	51.1	358	173	2	3	360	2	357	1.29e-132	382
B158DRAFT_2322	iJN1463.PP_1768	52.5	358	168	2	3	360	4	359	1.96e-127	369
B158DRAFT_2322	iPC815.YPO1389	51.1	360	175	1	1	360	1	359	1.12e-126	367
B158DRAFT_2322	iML1515.b0907	52.0	358	168	4	5	360	5	360	5.39e-125	363
B158DRAFT_2322	iSF_1195.SF0902	51.7	358	169	4	5	360	5	360	3.09e-124	361
B158DRAFT_2322	iSSON_1240.SSON_0908	51.7	358	169	4	5	360	5	360	3.09e-124	361
B158DRAFT_2322	iSbBS512_1146.SbBS512_E2421	51.7	358	169	4	5	360	5	360	8.78e-124	360
B158DRAFT_2322	iSDY_1059.SDY_2354	51.4	358	170	4	5	360	5	360	1.76e-123	359
B158DRAFT_2322	iYL1228.KPN_00935	49.9	361	179	2	1	360	1	360	1.01e-122	357
B158DRAFT_2322	STM_v1_0.STM0977	50.0	362	177	3	1	360	1	360	2.33e-121	354
B158DRAFT_2325	iYO844.BSU22620	41.1	353	207	1	13	364	7	359	5.78e-94	284
B158DRAFT_2325	iCN900.CD630_22000	37.4	358	218	2	8	364	5	357	3.04e-84	259
B158DRAFT_2326	iYL1228.KPN_00937	54.4	217	98	1	7	223	4	219	7.54e-76	228
B158DRAFT_2326	iJN1463.PP_1771	56.3	213	92	1	9	220	6	218	1.19e-72	220
B158DRAFT_2326	iSSON_1240.SSON_0912	53.5	215	99	1	9	223	6	219	3.77e-71	216
B158DRAFT_2326	iML1515.b0910	53.5	215	99	1	9	223	6	219	5.34e-71	216
B158DRAFT_2326	STM_v1_0.STM0980	53.5	215	99	1	9	223	6	219	5.34e-71	216
B158DRAFT_2326	iSbBS512_1146.SbBS512_E2418	53.5	215	99	1	9	223	6	219	5.34e-71	216
B158DRAFT_2326	iSDY_1059.SDY_2348	53.5	215	99	1	9	223	6	219	7.56e-71	215
B158DRAFT_2326	iSF_1195.SF0906	53.0	215	100	1	9	223	6	219	1.52e-70	214
B158DRAFT_2326	iPC815.YPO1391	51.6	215	103	1	9	223	6	219	6.74e-70	213
B158DRAFT_2327	iHN637.CLJU_RS10465	34.7	334	210	5	21	348	302	633	1.66e-61	213
B158DRAFT_2331	iSDY_1059.SDY_1357	59.1	230	93	1	1	229	12	241	3.58e-91	268
B158DRAFT_2331	iPC815.YPO2227	62.7	225	83	1	6	229	17	241	3.58e-91	268
B158DRAFT_2331	iSSON_1240.SSON_1859	59.6	230	92	1	1	229	12	241	5.07e-91	267
B158DRAFT_2331	iML1515.b1281	59.6	230	92	1	1	229	12	241	7.19e-91	267
B158DRAFT_2331	iSbBS512_1146.SbBS512_E1510	58.7	230	94	1	1	229	12	241	1.45e-90	266
B158DRAFT_2331	iYL1228.KPN_01277	60.7	224	87	1	7	229	1	224	1.16e-90	266
B158DRAFT_2331	STM_v1_0.STM1707	59.1	230	93	1	1	229	12	241	2.91e-90	265
B158DRAFT_2331	iSF_1195.SF1285	59.1	230	93	1	1	229	12	241	5.86e-90	265
B158DRAFT_2337	iYO844.BSU01580	56.1	478	205	2	4	481	6	478	1.88e-171	491
B158DRAFT_2340	iCN718.ABAYE_RS05270	64.5	392	138	1	1	392	1	391	1.89e-179	504
B158DRAFT_2344	iSbBS512_1146.SbBS512_E4758	50.4	252	113	6	29	278	2	243	1.95e-72	222
B158DRAFT_2344	iSDY_1059.SDY_4385	50.4	252	113	6	29	278	2	243	1.95e-72	222
B158DRAFT_2344	iSSON_1240.SSON_4399	50.4	252	113	6	29	278	2	243	1.95e-72	222
B158DRAFT_2344	iML1515.b4214	50.4	252	113	6	29	278	2	243	2.76e-72	222
B158DRAFT_2344	iSF_1195.SF4272	50.0	252	114	6	29	278	2	243	2.22e-71	219
B158DRAFT_2349	iNF517.LLMG_RS08170	34.2	199	125	4	19	213	45	241	1.16e-33	125
B158DRAFT_2349	iYO844.BSU35700	33.2	208	135	3	10	214	28	234	1.78e-32	122
B158DRAFT_2349	iYS854.USA300HOU_RS03450	36.9	198	121	3	19	213	38	234	2.58e-33	120
B158DRAFT_2351	iJN1463.PP_1811	68.7	371	115	1	1	371	1	370	1.45e-185	518
B158DRAFT_2351	iPC815.YPO3864	67.5	369	120	0	4	372	2	370	5.60e-182	509
B158DRAFT_2351	iML1515.b3786	67.2	369	121	0	4	372	2	370	1.11e-174	490
B158DRAFT_2351	iSbBS512_1146.SbBS512_E4135	67.2	369	121	0	4	372	2	370	1.58e-174	490
B158DRAFT_2351	iSDY_1059.SDY_3962	66.7	372	124	0	1	372	13	384	2.59e-174	490
B158DRAFT_2351	iSSON_1240.SSON_3958	66.7	372	124	0	1	372	13	384	2.59e-174	490
B158DRAFT_2351	STM_v1_0.STM3920	66.4	369	124	0	4	372	2	370	2.24e-174	489
B158DRAFT_2351	iSF_1195.SF3860	66.7	372	124	0	1	372	13	384	1.05e-173	488
B158DRAFT_2353	iPC815.YPO3863	68.0	419	132	2	1	418	1	418	1.72e-201	562
B158DRAFT_2353	iML1515.b3787	65.1	421	141	3	1	418	1	418	2.94e-195	546
B158DRAFT_2353	iSF_1195.SF3861	65.1	421	141	3	1	418	1	418	2.94e-195	546
B158DRAFT_2353	iSSON_1240.SSON_3959	65.1	421	141	3	1	418	1	418	2.94e-195	546
B158DRAFT_2353	iSbBS512_1146.SbBS512_E4134	64.8	421	142	3	1	418	1	418	2.40e-194	544
B158DRAFT_2353	iSDY_1059.SDY_3961	64.8	421	142	3	1	418	1	418	2.40e-194	544
B158DRAFT_2353	STM_v1_0.STM3921	66.0	421	137	3	1	418	1	418	1.96e-193	541
B158DRAFT_2353	iYL1228.KPN_04287	64.8	421	142	3	1	418	1	418	7.93e-193	540
B158DRAFT_2354	iYS854.USA300HOU_RS05150	22.7	229	153	7	684	911	263	468	2.64e-04	44.3
B158DRAFT_2357	iEK1008.Rv2188c	30.9	149	97	3	450	592	198	346	5.13e-07	52.0
B158DRAFT_2357	iNF517.LLMG_RS12140	24.3	226	149	8	381	593	131	347	2.36e-06	50.1
B158DRAFT_2357	iYO844.BSU35540	23.5	238	169	8	357	584	120	354	1.15e-05	47.8
B158DRAFT_2358	iPC815.YPO3866	31.9	285	186	7	26	306	18	298	2.68e-35	132
B158DRAFT_2358	iSDY_1059.SDY_3964	31.2	298	195	6	33	325	25	317	3.86e-35	132
B158DRAFT_2358	STM_v1_0.STM3918	32.4	281	180	6	31	306	23	298	7.43e-35	131
B158DRAFT_2358	iML1515.b3784	31.2	298	195	6	33	325	25	317	1.03e-34	130
B158DRAFT_2358	iSbBS512_1146.SbBS512_E4137	31.2	298	195	6	33	325	25	317	1.03e-34	130
B158DRAFT_2358	iSF_1195.SF3858	31.2	298	195	6	33	325	25	317	1.03e-34	130
B158DRAFT_2358	iSSON_1240.SSON_3956	31.2	298	195	6	33	325	25	317	1.03e-34	130
B158DRAFT_2358	iYO844.BSU35530	31.2	337	205	10	19	345	14	333	3.24e-34	129
B158DRAFT_2358	iAF987.Gmet_1505	31.1	293	189	6	19	307	8	291	6.52e-32	125
B158DRAFT_2358	iYL1228.KPN_04284	31.9	270	174	6	42	306	1	265	1.01e-30	119
B158DRAFT_2359	STM_v1_0.STM3929	40.7	236	136	2	14	245	11	246	3.90e-56	179
B158DRAFT_2359	iML1515.b3794	38.6	233	139	2	17	245	14	246	2.81e-53	172
B158DRAFT_2359	iSbBS512_1146.SbBS512_E4126	38.6	233	139	2	17	245	14	246	5.62e-53	171
B158DRAFT_2359	iSDY_1059.SDY_3953	38.6	233	139	2	17	245	14	246	5.62e-53	171
B158DRAFT_2359	iSSON_1240.SSON_3967	38.6	233	139	2	17	245	14	246	5.62e-53	171
B158DRAFT_2359	iSF_1195.SF3869	38.2	233	140	2	17	245	14	246	7.95e-53	171
B158DRAFT_2359	iYL1228.KPN_04295	37.3	233	142	2	17	245	16	248	3.38e-49	161
B158DRAFT_2359	iPC815.YPO3855	37.3	236	144	2	14	245	11	246	3.19e-49	161
B158DRAFT_2360	iCN718.ABAYE_RS13935	79.8	302	61	0	1	302	1	302	1.46e-178	494
B158DRAFT_2360	iJN1463.PP_1303	76.4	301	67	2	6	302	5	305	7.82e-170	472
B158DRAFT_2360	iPC815.YPO3366	75.5	302	74	0	1	302	1	302	9.96e-170	472
B158DRAFT_2360	iYL1228.KPN_03114	74.8	302	76	0	1	302	1	302	3.32e-168	468
B158DRAFT_2360	iAF987.Gmet_2859	75.5	298	73	0	5	302	4	301	1.85e-167	466
B158DRAFT_2360	iSF_1195.SF2775	73.8	302	79	0	1	302	1	302	1.05e-164	459
B158DRAFT_2360	iML1515.b2752	73.8	302	79	0	1	302	1	302	1.49e-164	459
B158DRAFT_2360	iSSON_1240.SSON_2900	73.8	302	79	0	1	302	1	302	1.49e-164	459
B158DRAFT_2360	STM_v1_0.STM2935	73.5	302	80	0	1	302	1	302	1.74e-163	456
B158DRAFT_2360	iSbBS512_1146.SbBS512_E3122	73.2	302	81	0	1	302	1	302	3.50e-163	455
B158DRAFT_2360	iSDY_1059.SDY_2951	73.5	302	80	0	1	302	1	302	3.50e-163	455
B158DRAFT_2361	iJN1463.PP_1304	66.2	435	145	1	1	433	1	435	4.78e-196	558
B158DRAFT_2361	iCN718.ABAYE_RS13930	64.7	434	150	1	1	431	1	434	1.62e-193	548
B158DRAFT_2361	iML1515.b2751	60.5	458	176	4	14	469	17	471	1.43e-191	541
B158DRAFT_2361	iSSON_1240.SSON_2899	60.5	458	176	4	14	469	17	471	1.43e-191	541
B158DRAFT_2361	iSDY_1059.SDY_2950	60.3	458	177	4	14	469	17	471	4.08e-191	540
B158DRAFT_2361	iSbBS512_1146.SbBS512_E3123	60.3	458	177	4	14	469	17	471	2.34e-190	538
B158DRAFT_2361	iSF_1195.SF2774	60.0	458	178	4	14	469	17	471	5.43e-189	535
B158DRAFT_2361	iYL1228.KPN_03113	59.2	461	177	5	14	469	17	471	2.53e-187	530
B158DRAFT_2361	STM_v1_0.STM2934	59.0	458	183	4	14	469	17	471	3.36e-186	528
B158DRAFT_2361	iPC815.YPO3365	56.7	457	195	2	14	469	20	474	2.01e-182	518
B158DRAFT_2361	iAF987.Gmet_2860	55.8	450	199	0	1	450	1	450	2.76e-176	505
B158DRAFT_2362	iLB1027_lipid.PHATRDRAFT_22453	32.3	576	337	18	33	567	19	582	1.17e-60	211
B158DRAFT_2363	iYL1228.KPN_03112	62.1	195	73	1	3	197	6	199	1.44e-81	240
B158DRAFT_2363	iML1515.b2750	62.6	195	72	1	3	197	6	199	8.30e-81	238
B158DRAFT_2363	iSDY_1059.SDY_2949	62.6	195	72	1	3	197	6	199	8.30e-81	238
B158DRAFT_2363	iSSON_1240.SSON_2898	62.6	195	72	1	3	197	6	199	8.30e-81	238
B158DRAFT_2363	iPC815.YPO3364	60.0	195	77	1	3	197	18	211	1.23e-80	238
B158DRAFT_2363	iSbBS512_1146.SbBS512_E3124	62.6	195	72	1	3	197	6	199	1.18e-80	238
B158DRAFT_2363	iSF_1195.SF2773	62.1	195	73	1	3	197	6	199	6.78e-80	236
B158DRAFT_2363	STM_v1_0.STM2933	59.0	195	79	1	3	197	6	199	5.23e-77	229
B158DRAFT_2363	iMM904.YKL001C	58.0	193	78	2	1	191	1	192	7.23e-75	223
B158DRAFT_2363	iYO844.BSU15600	58.0	188	79	0	5	192	6	193	3.53e-74	221
B158DRAFT_2366	iHN637.CLJU_RS05585	37.1	221	125	3	9	229	7	213	8.48e-41	138
B158DRAFT_2368	iHN637.CLJU_RS05575	36.3	350	178	8	5	345	15	328	9.55e-58	190
B158DRAFT_2369	iHN637.CLJU_RS05570	42.6	406	221	7	15	414	5	404	1.34e-97	303
B158DRAFT_2370	iHN637.CLJU_RS05595	37.3	118	60	4	8	122	9	115	7.26e-22	89.7
B158DRAFT_2371	iHN637.CLJU_RS05590	48.7	193	99	0	1	193	1	193	3.12e-58	181
B158DRAFT_2376	iAF987.Gmet_0862	34.5	84	55	0	1	84	1	84	2.45e-09	52.0
B158DRAFT_2376	iYS854.USA300HOU_RS09225	29.9	87	61	0	4	90	5	91	2.46e-09	52.0
B158DRAFT_2376	iAF987.Gmet_1955	32.5	83	56	0	2	84	1	83	2.13e-09	49.7
B158DRAFT_2376	iYL1228.KPN_02922	42.6	47	27	0	7	53	8	54	3.01e-08	48.9
B158DRAFT_2376	iML1515.b2600	40.4	47	28	0	7	53	8	54	7.67e-08	47.8
B158DRAFT_2376	STM_v1_0.STM2669	40.4	47	28	0	7	53	8	54	7.67e-08	47.8
B158DRAFT_2376	iSbBS512_1146.SbBS512_E2987	40.4	47	28	0	7	53	8	54	7.67e-08	47.8
B158DRAFT_2376	iSSON_1240.SSON_2751	40.4	47	28	0	7	53	8	54	7.67e-08	47.8
B158DRAFT_2377	iYL1228.KPN_03807	57.1	545	228	4	38	578	30	572	8.91e-207	588
B158DRAFT_2377	STM_v1_0.STM3551	56.1	563	243	3	19	578	19	580	3.34e-206	587
B158DRAFT_2377	iSF_1195.SF3464	55.2	567	246	5	18	578	16	580	3.11e-204	582
B158DRAFT_2377	iML1515.b3447	55.0	567	247	5	18	578	16	580	4.40e-204	581
B158DRAFT_2377	iSDY_1059.SDY_3595	55.0	564	247	4	21	578	19	581	1.30e-203	580
B158DRAFT_2377	iIT341.HP1118	52.2	529	245	4	49	570	38	565	9.53e-190	544
B158DRAFT_2379	iJN1463.PP_1097	62.0	681	250	6	1	674	1	679	4.27e-315	871
B158DRAFT_2379	iSSON_1240.SSON_2163	61.3	675	253	7	5	674	6	677	5.32e-313	865
B158DRAFT_2379	iSF_1195.SF2179	61.3	675	253	7	5	674	6	677	7.54e-313	865
B158DRAFT_2379	iYL1228.KPN_02560	61.0	675	255	7	5	674	6	677	1.07e-312	865
B158DRAFT_2379	STM_v1_0.STM2155	61.3	675	253	7	5	674	6	677	4.34e-312	863
B158DRAFT_2379	iSDY_1059.SDY_2181	61.2	675	254	7	5	674	6	677	6.15e-312	863
B158DRAFT_2379	iPC815.YPO1522	60.9	673	257	6	5	674	6	675	5.72e-312	863
B158DRAFT_2379	iSbBS512_1146.SbBS512_E0856	61.0	675	255	7	5	674	6	677	1.76e-311	862
B158DRAFT_2379	iCN718.ABAYE_RS15110	55.6	689	282	5	5	673	2	686	5.04e-282	787
B158DRAFT_2380	iHN637.CLJU_RS11570	30.2	126	72	5	105	220	8	127	3.42e-04	41.6
B158DRAFT_2381	iJN1463.PP_1100	83.0	188	32	0	1	188	1	188	8.86e-119	333
B158DRAFT_2381	iCN718.ABAYE_RS15080	81.6	190	32	2	1	188	1	189	1.77e-116	328
B158DRAFT_2384	iPC815.YPO2829	61.2	206	80	0	1	206	1	206	4.31e-90	263
B158DRAFT_2384	iSSON_1240.SSON_2582	59.0	200	82	0	3	202	2	201	1.40e-81	241
B158DRAFT_2384	iSF_1195.SF2544	58.5	200	83	0	3	202	2	201	1.99e-81	241
B158DRAFT_2384	iSbBS512_1146.SbBS512_E2874	58.5	200	83	0	3	202	2	201	2.82e-81	240
B158DRAFT_2384	iSDY_1059.SDY_2689	58.5	200	83	0	3	202	2	201	2.82e-81	240
B158DRAFT_2384	STM_v1_0.STM2500	58.0	200	84	0	3	202	2	201	4.00e-81	240
B158DRAFT_2384	iML1515.b2500	58.0	200	84	0	3	202	2	201	8.05e-81	239
B158DRAFT_2384	iYL1228.KPN_02825	57.4	202	86	0	1	202	1	202	8.32e-81	239
B158DRAFT_2385	iYL1228.KPN_02824	68.9	344	107	0	1	344	1	344	7.56e-177	493
B158DRAFT_2385	iSbBS512_1146.SbBS512_E2873	68.3	344	109	0	1	344	1	344	1.25e-175	490
B158DRAFT_2385	iSDY_1059.SDY_2688	68.3	344	109	0	1	344	1	344	1.25e-175	490
B158DRAFT_2385	iSSON_1240.SSON_2581	68.3	344	109	0	1	344	1	344	1.25e-175	490
B158DRAFT_2385	iSF_1195.SF2543	68.0	344	110	0	1	344	6	349	6.06e-175	489
B158DRAFT_2385	iML1515.b2499	68.0	344	110	0	1	344	1	344	7.19e-175	488
B158DRAFT_2385	iPC815.YPO2828	66.4	345	116	0	1	345	1	345	1.21e-171	480
B158DRAFT_2385	iJN1463.PP_1665	66.8	346	114	1	1	345	1	346	1.12e-168	473
B158DRAFT_2385	iCN718.ABAYE_RS04960	68.2	327	103	1	7	333	12	337	1.74e-166	468
B158DRAFT_2386	iAF987.Gmet_2727	33.7	104	69	0	126	229	293	396	1.28e-13	68.9
B158DRAFT_2386	iAF987.Gmet_1832	40.4	104	60	2	125	226	412	515	1.52e-13	68.9
B158DRAFT_2386	iML1515.b0957	32.2	121	71	2	119	228	214	334	3.09e-12	64.7
B158DRAFT_2386	iSbBS512_1146.SbBS512_E2359	32.2	121	71	2	119	228	214	334	3.09e-12	64.7
B158DRAFT_2386	iSDY_1059.SDY_0930	32.2	121	71	2	119	228	218	338	3.14e-12	64.7
B158DRAFT_2386	iSF_1195.SF0957	32.2	121	71	2	119	228	216	336	3.11e-12	64.7
B158DRAFT_2386	iSSON_1240.SSON_0961	32.2	121	71	2	119	228	214	334	3.09e-12	64.7
B158DRAFT_2386	iYL1228.KPN_00986	32.2	121	71	2	119	228	224	344	4.34e-12	64.3
B158DRAFT_2387	iAF987.Gmet_2716	45.0	171	93	1	30	200	14	183	1.64e-50	161
B158DRAFT_2387	iJN1463.PP_0747	44.3	174	96	1	27	200	11	183	4.91e-47	152
B158DRAFT_2389	iAF987.Gmet_0822	44.9	138	76	0	6	143	23	160	1.89e-29	107
B158DRAFT_2391	iCN900.CD630_19930	41.3	104	58	2	7	109	5	106	8.46e-21	80.1
B158DRAFT_2392	iEK1008.Rv1900c	29.7	175	104	6	391	550	266	436	3.80e-10	62.0
B158DRAFT_2394	iJN1463.PP_1761	36.0	428	260	5	367	783	393	817	7.70e-73	254
B158DRAFT_2395	iSF_1195.SF3422	77.5	530	117	1	6	533	11	540	2.30e-314	857
B158DRAFT_2395	iML1515.b3403	77.5	530	117	1	6	533	11	540	3.26e-314	857
B158DRAFT_2395	iSbBS512_1146.SbBS512_E3782	77.5	530	117	1	6	533	11	540	3.26e-314	857
B158DRAFT_2395	iSSON_1240.SSON_3534	77.5	530	117	1	6	533	11	540	3.26e-314	857
B158DRAFT_2395	iSDY_1059.SDY_3673	77.4	530	118	1	6	533	11	540	5.38e-313	854
B158DRAFT_2395	STM_v1_0.STM3500	76.6	530	121	2	6	533	10	538	6.76e-311	848
B158DRAFT_2395	iPC815.YPO0138	76.2	530	124	1	6	533	10	539	1.35e-308	843
B158DRAFT_2395	iYL1228.KPN_03773	76.1	528	124	1	6	531	11	538	3.81e-306	837
B158DRAFT_2396	iML1515.b3187	56.2	322	140	1	2	322	1	322	9.50e-124	357
B158DRAFT_2396	iSbBS512_1146.SbBS512_E3583	56.2	322	140	1	2	322	1	322	9.50e-124	357
B158DRAFT_2396	iSF_1195.SF3227	56.2	322	140	1	2	322	1	322	9.50e-124	357
B158DRAFT_2396	iSSON_1240.SSON_3335	56.2	322	140	1	2	322	1	322	9.50e-124	357
B158DRAFT_2396	iSDY_1059.SDY_3368	56.2	322	140	1	2	322	1	322	1.35e-123	357
B158DRAFT_2396	STM_v1_0.STM3305	55.9	322	141	1	2	322	1	322	2.71e-123	356
B158DRAFT_2396	iPC815.YPO3513	58.3	321	133	1	2	321	1	321	3.61e-121	350
B158DRAFT_2396	iYL1228.KPN_03597	54.3	322	146	1	2	322	1	322	2.07e-120	348
B158DRAFT_2396	iJN1463.PP_0687	55.0	311	140	0	11	321	10	320	4.07e-110	322
B158DRAFT_2399	iML1515.b4173	31.4	153	88	4	150	296	185	326	2.39e-08	55.5
B158DRAFT_2404	iJN1463.PP_0601	43.6	509	279	2	3	507	2	506	1.39e-133	396
B158DRAFT_2404	iML1515.b1069	42.9	511	280	3	3	507	2	506	4.88e-131	390
B158DRAFT_2404	iSbBS512_1146.SbBS512_E2257	42.9	511	280	3	3	507	2	506	6.89e-131	389
B158DRAFT_2404	iSDY_1059.SDY_2083	42.9	511	280	3	3	507	2	506	6.89e-131	389
B158DRAFT_2404	iSF_1195.SF1075	42.9	511	280	3	3	507	2	506	6.89e-131	389
B158DRAFT_2404	iSSON_1240.SSON_1089	42.9	511	280	3	3	507	2	506	6.89e-131	389
B158DRAFT_2407	iJN1463.PP_0602	49.2	307	151	4	1	306	1	303	1.49e-95	285
B158DRAFT_2407	iYL1228.KPN_00020	50.5	311	141	4	1	306	1	303	5.27e-95	283
B158DRAFT_2407	iML1515.b0025	47.9	309	153	3	1	306	1	304	7.12e-93	278
B158DRAFT_2407	iSbBS512_1146.SbBS512_E0029	47.9	309	153	3	1	306	1	304	7.12e-93	278
B158DRAFT_2407	iSF_1195.SF0021	47.9	309	153	3	1	306	1	304	7.12e-93	278
B158DRAFT_2407	iSSON_1240.SSON_0030	47.9	309	153	3	1	306	1	304	7.12e-93	278
B158DRAFT_2407	STM_v1_0.STM0045	48.6	311	147	4	1	306	1	303	2.24e-91	274
B158DRAFT_2407	iSDY_1059.SDY_0047	47.2	309	155	3	1	306	1	304	2.31e-91	274
B158DRAFT_2407	iPC815.YPO0474	46.9	307	158	3	1	306	1	303	4.14e-89	268
B158DRAFT_2408	iSbBS512_1146.SbBS512_E0030	59.6	944	365	9	1	934	1	938	0.0	1151
B158DRAFT_2408	iSSON_1240.SSON_0031	59.6	944	365	9	1	934	1	938	0.0	1151
B158DRAFT_2408	iSDY_1059.SDY_0048	59.4	944	367	8	1	934	1	938	0.0	1150
B158DRAFT_2408	iSF_1195.SF0022	59.5	944	366	9	1	934	1	938	0.0	1149
B158DRAFT_2408	iPC815.YPO0475	59.1	944	370	8	1	934	1	938	0.0	1136
B158DRAFT_2408	iYL1228.KPN_00021	58.4	928	370	8	17	934	1	922	0.0	1120
B158DRAFT_2408	STM_v1_0.STM0046	58.1	951	374	11	1	934	1	944	0.0	1117
B158DRAFT_2408	iCN718.ABAYE_RS19095	54.4	937	419	5	3	934	12	945	0.0	1053
B158DRAFT_2408	iJN1463.PP_0603	54.1	953	408	10	1	934	1	943	0.0	1036
B158DRAFT_2409	STM_v1_0.STM0047	50.3	161	71	3	5	163	4	157	1.47e-49	157
B158DRAFT_2411	iJN1463.PP_0606	67.4	310	100	1	1	309	1	310	1.67e-150	424
B158DRAFT_2411	iCN718.ABAYE_RS02095	65.5	310	106	1	1	309	1	310	1.16e-148	419
B158DRAFT_2411	iML1515.b0029	64.3	311	111	0	1	311	1	311	6.94e-143	405
B158DRAFT_2411	iSbBS512_1146.SbBS512_E0033	64.3	311	111	0	1	311	1	311	6.94e-143	405
B158DRAFT_2411	iSDY_1059.SDY_0051	64.3	311	111	0	1	311	1	311	6.94e-143	405
B158DRAFT_2411	iSSON_1240.SSON_0034	64.3	311	111	0	1	311	1	311	6.94e-143	405
B158DRAFT_2411	iSF_1195.SF0026	64.0	311	112	0	1	311	1	311	3.99e-142	403
B158DRAFT_2411	iYL1228.KPN_00024	63.7	311	113	0	1	311	1	311	8.04e-142	402
B158DRAFT_2411	STM_v1_0.STM0049	64.0	311	112	0	1	311	1	311	1.32e-140	399
B158DRAFT_2411	iPC815.YPO0477	62.8	312	115	1	1	311	1	312	3.70e-138	393
B158DRAFT_2424	iAF987.Gmet_0346	51.2	330	155	3	1	326	1	328	2.69e-115	337
B158DRAFT_2424	iAF987.Gmet_0024	51.4	327	158	1	1	326	1	327	5.18e-114	334
B158DRAFT_2424	iLJ478.TM0343	49.1	334	170	0	1	334	1	334	2.78e-112	329
B158DRAFT_2424	iHN637.CLJU_RS14395	48.3	327	168	1	1	326	1	327	5.86e-108	318
B158DRAFT_2424	iCN900.CD630_18320	44.5	337	187	0	1	337	1	337	9.36e-108	318
B158DRAFT_2425	iYL1228.KPN_01257	39.3	504	286	7	27	525	30	518	2.23e-99	309
B158DRAFT_2425	iML1515.b1264	38.2	531	301	8	7	525	3	518	3.14e-99	309
B158DRAFT_2425	iSbBS512_1146.SbBS512_E1489	38.4	531	300	8	7	525	3	518	3.14e-99	309
B158DRAFT_2425	iSF_1195.SF1267	37.9	531	303	8	7	525	3	518	6.24e-99	308
B158DRAFT_2425	iPC815.YPO2208	38.0	502	295	6	27	525	31	519	1.79e-98	307
B158DRAFT_2425	iSDY_1059.SDY_1332	38.5	522	294	8	7	516	3	509	4.87e-98	306
B158DRAFT_2425	iSSON_1240.SSON_1879	37.9	531	303	8	7	525	3	518	4.87e-98	306
B158DRAFT_2425	STM_v1_0.STM1723	38.2	503	293	9	27	525	30	518	7.06e-94	295
B158DRAFT_2425	iIT341.HP1282	39.0	516	287	10	5	516	3	494	4.43e-93	292
B158DRAFT_2426	iCN900.CD630_14450	47.6	185	92	4	3	184	2	184	3.34e-53	168
B158DRAFT_2426	iYL1228.KPN_01256	45.1	182	97	2	3	182	4	184	5.22e-48	164
B158DRAFT_2426	iML1515.b1263	44.5	182	98	2	3	182	4	184	7.50e-47	160
B158DRAFT_2426	iSbBS512_1146.SbBS512_E1488	44.5	182	98	2	3	182	4	184	7.50e-47	160
B158DRAFT_2426	iSF_1195.SF1266	44.5	182	98	2	3	182	4	184	7.50e-47	160
B158DRAFT_2426	iSSON_1240.SSON_1880	44.5	182	98	2	3	182	4	184	7.50e-47	160
B158DRAFT_2426	iSDY_1059.SDY_1331	45.1	182	97	2	3	182	4	184	1.05e-46	160
B158DRAFT_2426	STM_v1_0.STM1724	44.5	182	98	2	3	182	4	184	3.95e-46	159
B158DRAFT_2426	iHN637.CLJU_RS07880	45.5	187	94	5	3	184	2	185	4.94e-49	158
B158DRAFT_2426	iNF517.LLMG_RS05240	46.8	188	89	5	3	184	2	184	5.51e-49	157
B158DRAFT_2427	iPC815.YPO2206	46.9	320	169	1	3	322	4	322	8.19e-100	297
B158DRAFT_2427	iSF_1195.SF1266	46.6	320	170	1	3	322	203	521	6.23e-94	288
B158DRAFT_2427	iML1515.b1263	46.3	320	171	1	3	322	203	521	2.47e-93	287
B158DRAFT_2427	iSbBS512_1146.SbBS512_E1488	46.3	320	171	1	3	322	203	521	2.47e-93	287
B158DRAFT_2427	iSDY_1059.SDY_1331	46.3	320	171	1	3	322	203	521	2.47e-93	287
B158DRAFT_2427	iSSON_1240.SSON_1880	46.3	320	171	1	3	322	203	521	2.47e-93	287
B158DRAFT_2427	iYL1228.KPN_01256	45.6	320	173	1	3	322	203	521	2.75e-92	284
B158DRAFT_2427	STM_v1_0.STM1724	45.3	320	174	1	3	322	203	521	7.73e-92	283
B158DRAFT_2428	iYL1228.KPN_01255	43.7	439	221	6	25	457	32	450	1.68e-106	324
B158DRAFT_2428	STM_v1_0.STM1725	43.7	439	221	5	25	457	32	450	1.88e-105	321
B158DRAFT_2428	iSSON_1240.SSON_1881	44.0	439	216	6	27	457	35	451	9.65e-103	314
B158DRAFT_2428	iSDY_1059.SDY_1330	44.0	439	216	6	27	457	35	451	1.36e-102	314
B158DRAFT_2428	iSF_1195.SF1265	43.7	439	217	6	27	457	35	451	1.36e-102	314
B158DRAFT_2428	iML1515.b1262	43.5	439	218	6	27	457	35	451	7.63e-102	312
B158DRAFT_2428	iSbBS512_1146.SbBS512_E1487	43.5	439	218	6	27	457	35	451	1.52e-101	311
B158DRAFT_2428	iPC815.YPO2205	42.1	439	228	5	25	457	55	473	2.50e-96	298
B158DRAFT_2429	iIT341.HP1278	66.7	384	128	0	16	399	5	388	1.86e-180	507
B158DRAFT_2429	iYL1228.KPN_01254	64.6	384	135	1	17	399	8	391	7.32e-174	490
B158DRAFT_2429	iSDY_1059.SDY_1329	64.3	384	136	1	17	399	8	391	7.32e-174	490
B158DRAFT_2429	iSSON_1240.SSON_1882	64.3	384	136	1	17	399	8	391	7.32e-174	490
B158DRAFT_2429	STM_v1_0.STM1726	64.3	384	136	1	17	399	8	391	1.04e-173	490
B158DRAFT_2429	iML1515.b1261	64.1	384	137	1	17	399	8	391	2.09e-173	489
B158DRAFT_2429	iSF_1195.SF1264	64.1	384	137	1	17	399	8	391	2.09e-173	489
B158DRAFT_2429	iSbBS512_1146.SbBS512_E1486	64.1	384	137	1	17	399	8	391	1.20e-172	487
B158DRAFT_2429	iPC815.YPO2204	63.5	384	139	1	17	399	7	390	1.16e-172	487
B158DRAFT_2430	iYL1228.KPN_01253	49.4	267	135	0	2	268	3	269	3.55e-85	256
B158DRAFT_2430	iML1515.b1260	48.9	266	136	0	2	267	3	268	5.58e-84	253
B158DRAFT_2430	iSF_1195.SF1263	48.9	266	136	0	2	267	3	268	5.58e-84	253
B158DRAFT_2430	iSbBS512_1146.SbBS512_E1485	49.4	263	133	0	2	264	3	265	7.90e-84	253
B158DRAFT_2430	iSSON_1240.SSON_1883	48.5	266	137	0	2	267	3	268	1.12e-83	252
B158DRAFT_2430	iSDY_1059.SDY_1328	48.5	266	137	0	2	267	3	268	3.18e-83	251
B158DRAFT_2430	STM_v1_0.STM1727	48.5	264	136	0	2	265	3	266	3.35e-80	243
B158DRAFT_2430	iPC815.YPO2203	46.2	266	143	0	2	267	3	268	8.74e-78	237
B158DRAFT_2432	iPC815.YPO1390	34.4	416	263	6	16	426	17	427	7.72e-68	221
B158DRAFT_2432	iML1515.b0908	33.1	414	265	6	16	423	16	423	2.93e-67	220
B158DRAFT_2432	iSbBS512_1146.SbBS512_E2420	33.1	414	265	6	16	423	16	423	2.93e-67	220
B158DRAFT_2432	iSDY_1059.SDY_2353	33.1	414	265	6	16	423	16	423	2.71e-67	220
B158DRAFT_2432	iSSON_1240.SSON_0909	33.1	414	265	6	16	423	16	423	2.93e-67	220
B158DRAFT_2432	iSF_1195.SF0903	33.1	414	265	6	16	423	16	423	4.12e-67	219
B158DRAFT_2432	iYL1228.KPN_00936	32.9	413	267	5	16	423	16	423	2.43e-65	215
B158DRAFT_2432	STM_v1_0.STM0978	33.2	413	266	6	16	423	16	423	3.92e-63	209
B158DRAFT_2432	iHN637.CLJU_RS14380	31.1	412	273	7	15	424	14	416	5.74e-62	206
B158DRAFT_2432	iAF692.Mbar_A0891	34.0	430	268	11	6	428	18	438	1.22e-61	206
B158DRAFT_2433	iSynCJ816.SGL_RS06190	62.4	356	133	1	3	357	2	357	2.00e-155	441
B158DRAFT_2433	iLB1027_lipid.PHATRDRAFT_43429	55.6	365	157	3	3	362	27	391	7.35e-138	399
B158DRAFT_2435	iAF987.Gmet_0771	42.5	200	109	2	3	196	2	201	5.72e-47	152
B158DRAFT_2435	iML1515.b1004	43.6	202	104	4	1	197	1	197	2.25e-45	148
B158DRAFT_2436	iPC815.YPO3070	51.7	118	56	1	15	131	1	118	5.49e-39	127
B158DRAFT_2436	iJN1463.PP_1645	47.4	116	61	0	15	130	1	116	4.09e-36	119
B158DRAFT_2439	iMM904.YCR083W	32.1	56	33	1	31	81	32	87	2.51e-04	38.5
B158DRAFT_2439	iML1515.b2480	31.9	94	57	4	13	101	4	95	6.53e-04	37.7
B158DRAFT_2439	iSbBS512_1146.SbBS512_E2852	31.9	94	57	4	13	101	4	95	6.53e-04	37.7
B158DRAFT_2439	iSDY_1059.SDY_2669	31.9	94	57	4	13	101	4	95	6.53e-04	37.7
B158DRAFT_2439	iSF_1195.SF2523	31.9	94	57	4	13	101	4	95	6.53e-04	37.7
B158DRAFT_2439	iSSON_1240.SSON_2561	31.9	94	57	4	13	101	4	95	6.53e-04	37.7
B158DRAFT_2439	iML1515.b3781	38.1	42	25	1	40	80	24	65	9.71e-04	36.6
B158DRAFT_2439	iYL1228.KPN_04282	39.0	41	24	1	41	80	25	65	9.71e-04	36.6
B158DRAFT_2439	STM_v1_0.STM3915	38.1	42	25	1	40	80	24	65	9.71e-04	36.6
B158DRAFT_2439	iSbBS512_1146.SbBS512_E4140	38.1	42	25	1	40	80	24	65	9.71e-04	36.6
B158DRAFT_2440	iAF987.Gmet_1238	31.1	251	144	8	49	288	33	265	4.76e-29	115
B158DRAFT_2441	iSynCJ816.SGL_RS13900	23.2	314	222	5	45	349	64	367	1.29e-13	71.2
B158DRAFT_2443	iJN1463.PP_1235	60.7	150	59	0	6	155	5	154	3.28e-64	193
B158DRAFT_2444	iCN718.ABAYE_RS00850	52.3	287	137	0	4	290	10	296	1.04e-101	299
B158DRAFT_2444	STM_v1_0.STM2489	51.5	291	140	1	1	290	1	291	1.25e-101	298
B158DRAFT_2444	iSbBS512_1146.SbBS512_E2850	51.5	291	140	1	1	290	1	291	7.16e-101	296
B158DRAFT_2444	iSSON_1240.SSON_2559	51.5	291	140	1	1	290	1	291	7.16e-101	296
B158DRAFT_2444	iML1515.b2478	51.5	291	140	1	1	290	1	291	1.44e-100	296
B158DRAFT_2444	iSF_1195.SF2521	51.5	291	140	1	1	290	1	291	1.44e-100	296
B158DRAFT_2444	iSDY_1059.SDY_2667	51.2	291	141	1	1	290	1	291	2.89e-100	295
B158DRAFT_2444	iYL1228.KPN_02812	51.2	291	141	1	1	290	1	291	2.35e-99	293
B158DRAFT_2444	iPC815.YPO3062	50.7	292	142	2	1	290	1	292	5.22e-96	284
B158DRAFT_2444	iJN1463.PP_1237	50.2	293	143	1	1	290	1	293	7.90e-96	284
B158DRAFT_2447	iAF987.Gmet_0043	26.6	177	121	3	266	435	92	266	3.64e-09	58.5
B158DRAFT_2448	iAF987.Gmet_1706	34.1	126	76	3	19	140	3	125	4.99e-15	72.8
B158DRAFT_2451	iMM904.YNR050C	44.5	443	229	6	3	429	4	445	1.95e-125	370
B158DRAFT_2453	iPC815.YPO1127	69.7	340	101	1	15	352	13	352	4.56e-175	489
B158DRAFT_2453	iML1515.b0750	70.0	330	97	1	15	342	13	342	7.04e-173	484
B158DRAFT_2453	iSbBS512_1146.SbBS512_E0671	69.7	330	98	1	15	342	13	342	2.86e-172	482
B158DRAFT_2453	iSDY_1059.SDY_0694	69.7	330	98	1	15	342	13	342	9.48e-171	478
B158DRAFT_2453	iSF_1195.SF0554	69.4	330	99	1	15	342	13	342	1.35e-170	478
B158DRAFT_2453	STM_v1_0.STM0756	68.7	335	103	1	15	347	13	347	2.22e-169	475
B158DRAFT_2453	iYL1228.KPN_00754	70.0	330	97	1	15	342	14	343	4.62e-169	474
B158DRAFT_2453	iJN1463.PP_1231	65.4	335	116	0	18	352	17	351	7.46e-162	456
B158DRAFT_2453	iCN718.ABAYE_RS15465	66.0	324	110	0	23	346	30	353	8.77e-159	448
B158DRAFT_2456	iYO844.BSU00730	50.8	301	147	1	4	303	6	306	1.90e-100	297
B158DRAFT_2456	iAF987.Gmet_2988	49.2	301	152	1	4	303	7	307	9.05e-96	285
B158DRAFT_2456	iYS854.USA300HOU_RS02630	47.7	300	156	1	4	302	7	306	1.62e-94	282
B158DRAFT_2456	iAF692.Mbar_A2422	50.0	306	148	4	2	303	4	308	1.83e-90	271
B158DRAFT_2458	iYS854.USA300HOU_RS00060	27.9	323	195	8	35	335	8	314	1.43e-27	109
B158DRAFT_2458	iEK1008.Rv3341	28.0	368	201	14	24	339	13	368	7.72e-25	103
B158DRAFT_2459	iYL1228.KPN_04233	60.6	381	148	2	1	379	1	381	4.64e-162	459
B158DRAFT_2459	iSSON_1240.SSON_4113	59.8	381	151	2	1	379	1	381	1.88e-161	458
B158DRAFT_2459	iML1515.b3939	59.8	381	151	2	1	379	1	381	2.66e-161	457
B158DRAFT_2459	iSDY_1059.SDY_3774	59.6	381	152	2	1	379	1	381	1.08e-160	456
B158DRAFT_2459	iSbBS512_1146.SbBS512_E4425	59.3	381	153	2	1	379	1	381	4.37e-160	454
B158DRAFT_2459	iSF_1195.SF4017	59.6	381	152	2	1	379	1	381	4.37e-160	454
B158DRAFT_2459	STM_v1_0.STM4100	59.1	381	154	2	1	379	1	381	1.25e-159	453
B158DRAFT_2460	iPC815.YPO0116	33.8	816	495	17	26	819	12	804	3.36e-126	397
B158DRAFT_2460	iSSON_1240.SSON_4114	32.8	819	499	16	26	819	11	803	1.78e-125	395
B158DRAFT_2460	iML1515.b3940	32.8	819	499	16	26	819	11	803	2.49e-125	395
B158DRAFT_2460	iSbBS512_1146.SbBS512_E4426	32.7	819	500	16	26	819	11	803	2.65e-124	392
B158DRAFT_2460	iSF_1195.SF4018	32.6	819	501	15	26	819	11	803	3.71e-124	392
B158DRAFT_2460	iSDY_1059.SDY_3775	32.7	819	500	17	26	819	11	803	1.43e-123	390
B158DRAFT_2460	STM_v1_0.STM4101	33.1	816	501	16	26	819	11	803	3.52e-119	379
B158DRAFT_2460	iYL1228.KPN_04234	32.3	818	505	18	26	819	11	803	1.42e-117	375
B158DRAFT_2461	iYL1228.KPN_04239	58.5	294	119	1	8	301	3	293	7.27e-125	358
B158DRAFT_2461	STM_v1_0.STM4105	58.2	294	120	1	8	301	3	293	8.70e-124	355
B158DRAFT_2461	iML1515.b3941	57.5	294	122	1	8	301	3	293	2.48e-123	354
B158DRAFT_2461	iSbBS512_1146.SbBS512_E4428	57.5	294	122	1	8	301	3	293	2.48e-123	354
B158DRAFT_2461	iSF_1195.SF4019	57.5	294	122	1	8	301	3	293	2.48e-123	354
B158DRAFT_2461	iSSON_1240.SSON_4115	57.5	294	122	1	8	301	3	293	2.48e-123	354
B158DRAFT_2461	iPC815.YPO0117	56.1	294	126	1	8	301	3	293	2.32e-123	354
B158DRAFT_2461	iSDY_1059.SDY_3776	57.5	294	122	1	8	301	3	293	3.52e-123	354
B158DRAFT_2462	iJN1463.PP_5387	59.0	1043	422	4	1	1040	1	1040	0.0	1201
B158DRAFT_2462	iML1515.b0575	58.1	1037	431	2	1	1034	1	1037	0.0	1184
B158DRAFT_2462	iSSON_1240.SSON_0526	57.8	1037	435	2	1	1034	1	1037	0.0	1179
B158DRAFT_2462	iSF_1195.SF0481	57.9	1037	434	2	1	1034	1	1037	0.0	1177
B158DRAFT_2462	iYL1228.KPN_04736	57.3	1044	438	4	1	1038	1	1042	0.0	1177
B158DRAFT_2463	iJN1463.PP_5386	32.7	471	304	5	15	474	12	480	1.41e-66	223
B158DRAFT_2464	iAF987.Gmet_1549	24.3	412	280	7	42	445	32	419	3.50e-20	92.0
B158DRAFT_2464	iJN1463.PP_5385	23.1	424	280	7	34	446	24	412	8.48e-19	87.8
B158DRAFT_2466	iJN1463.PP_2375	65.7	1239	403	10	2	1227	6	1235	0.0	1590
B158DRAFT_2466	iSSON_1240.SSON_4190	64.4	1229	427	6	2	1226	3	1225	0.0	1575
B158DRAFT_2466	iML1515.b4019	64.4	1229	428	6	2	1226	3	1225	0.0	1573
B158DRAFT_2466	iSF_1195.SF4085	64.4	1229	428	6	2	1226	3	1225	0.0	1573
B158DRAFT_2466	iYL1228.KPN_04399	64.4	1229	428	6	2	1226	3	1225	0.0	1570
B158DRAFT_2466	iSDY_1059.SDY_4322	63.9	1228	433	6	2	1225	3	1224	0.0	1561
B158DRAFT_2466	iPC815.YPO3722	63.3	1228	442	5	2	1226	8	1229	0.0	1540
B158DRAFT_2466	iCN718.ABAYE_RS14075	63.0	1231	439	8	1	1223	1	1223	0.0	1513
B158DRAFT_2467	iYL1228.KPN_02593	42.3	142	72	4	37	172	12	149	1.10e-21	99.4
B158DRAFT_2467	iML1515.b2155	37.1	151	85	4	28	172	22	168	2.05e-21	98.6
B158DRAFT_2467	iSSON_1240.SSON_2211	37.1	151	85	4	28	172	22	168	2.05e-21	98.6
B158DRAFT_2467	iML1515.b3966	35.0	183	108	5	34	210	21	198	1.72e-20	95.5
B158DRAFT_2467	iSSON_1240.SSON_4139	35.0	183	108	5	34	210	21	198	1.72e-20	95.5
B158DRAFT_2467	STM_v1_0.STM2199	37.6	141	79	3	28	163	22	158	3.38e-20	94.7
B158DRAFT_2467	iSF_1195.SF4048	35.5	183	107	5	34	210	21	198	3.02e-20	94.7
B158DRAFT_2467	STM_v1_0.STM4130	39.3	135	72	4	34	162	21	151	5.30e-20	94.0
B158DRAFT_2467	iSDY_1059.SDY_3762	34.4	183	109	5	34	210	21	198	9.29e-20	93.2
B158DRAFT_2467	iJN1463.PP_0525	29.5	312	176	10	10	301	33	320	2.29e-19	92.0
B158DRAFT_2467	iPC815.YPO3910	22.9	659	395	24	35	647	35	626	2.24e-19	92.0
B158DRAFT_2468	iCN718.ABAYE_RS03570	40.9	186	106	2	1	182	1	186	5.76e-37	126
B158DRAFT_2468	STM_v1_0.STM2050	41.6	166	88	2	8	167	3	165	1.00e-33	121
B158DRAFT_2473	iAF692.Mbar_A3203	29.4	330	188	9	2	291	3	327	7.90e-30	115
B158DRAFT_2474	iMM1415.11650	41.6	500	251	10	24	515	18	484	1.43e-114	348
B158DRAFT_2474	iCHOv1.100771587	41.7	503	253	11	26	518	19	491	2.45e-114	348
B158DRAFT_2474	iCHOv1.100751774	41.1	499	253	10	21	511	18	483	9.63e-114	347
B158DRAFT_2474	iMM1415.11647	41.6	503	254	11	26	518	19	491	1.37e-113	346
B158DRAFT_2474	iMM1415.76768	40.3	499	257	10	21	511	17	482	3.22e-110	338
B158DRAFT_2474	iCHOv1.100751196	39.4	500	259	10	21	511	16	480	1.56e-105	326
B158DRAFT_2475	iCHOv1.100771587	45.0	493	231	9	43	526	27	488	9.07e-122	367
B158DRAFT_2475	iMM1415.11647	45.2	491	229	9	45	526	29	488	1.81e-121	367
B158DRAFT_2475	iMM1415.11650	43.6	468	227	6	67	528	50	486	1.43e-112	344
B158DRAFT_2475	iMM1415.76768	43.4	468	228	6	67	528	52	488	2.33e-111	342
B158DRAFT_2475	iCHOv1.100751774	42.5	468	232	6	67	528	53	489	1.50e-110	339
B158DRAFT_2481	iMM1415.69156	40.5	173	96	2	45	210	90	262	1.59e-32	117
B158DRAFT_2481	iCHOv1.100762102	38.7	173	99	2	45	210	90	262	4.76e-31	114
B158DRAFT_2484	iCHOv1.100754792	36.7	686	360	11	6	629	363	1036	3.06e-131	411
B158DRAFT_2490	iJN1463.PP_1506	66.2	216	72	1	1	216	1	215	3.38e-98	284
B158DRAFT_2490	iCN718.ABAYE_RS13825	62.9	213	78	1	1	213	1	212	6.35e-94	273
B158DRAFT_2490	STM_v1_0.STM0488	65.3	213	69	2	1	212	1	209	9.44e-93	270
B158DRAFT_2490	iYL1228.KPN_00456	65.1	209	70	1	1	209	1	206	3.83e-92	268
B158DRAFT_2490	iSF_1195.SF0419	65.2	210	68	2	1	209	1	206	7.71e-92	268
B158DRAFT_2490	iML1515.b0474	65.2	210	68	2	1	209	1	206	1.09e-91	267
B158DRAFT_2490	iSbBS512_1146.SbBS512_E0406	65.2	210	68	2	1	209	1	206	1.09e-91	267
B158DRAFT_2490	iSSON_1240.SSON_0461	65.2	210	68	2	1	209	1	206	1.55e-91	267
B158DRAFT_2490	iPC815.YPO3118	63.3	215	74	2	1	214	1	211	8.94e-91	265
B158DRAFT_2490	iSDY_1059.SDY_0445	64.8	210	69	2	1	209	1	206	1.27e-90	265
B158DRAFT_2491	iPC815.YPO3117	46.9	326	163	1	3	328	5	320	9.21e-113	329
B158DRAFT_2491	iSF_1195.SF0420	46.3	322	163	1	3	324	5	316	1.85e-107	316
B158DRAFT_2491	iML1515.b0475	46.3	322	163	1	3	324	5	316	3.71e-107	315
B158DRAFT_2491	iSDY_1059.SDY_0444	46.3	322	163	1	3	324	5	316	5.25e-107	315
B158DRAFT_2491	iSbBS512_1146.SbBS512_E0408	46.3	322	163	1	3	324	5	316	7.45e-107	314
B158DRAFT_2491	iSSON_1240.SSON_0462	46.3	322	163	1	3	324	5	316	1.50e-106	313
B158DRAFT_2491	STM_v1_0.STM0489	46.4	321	162	1	3	323	5	315	8.55e-106	311
B158DRAFT_2491	iCN718.ABAYE_RS16875	45.3	327	172	3	3	328	8	328	1.32e-101	301
B158DRAFT_2497	iYL1228.KPN_01139	72.9	450	121	1	1	449	1	450	2.24e-238	658
B158DRAFT_2497	STM_v1_0.STM1232	72.2	450	124	1	1	449	1	450	1.50e-236	654
B158DRAFT_2497	iML1515.b1131	72.0	450	125	1	1	449	1	450	6.09e-236	652
B158DRAFT_2497	iSbBS512_1146.SbBS512_E1309	72.0	450	125	1	1	449	1	450	6.09e-236	652
B158DRAFT_2497	iSSON_1240.SSON_1149	72.0	450	125	1	1	449	1	450	6.09e-236	652
B158DRAFT_2497	iSDY_1059.SDY_2021	71.8	450	126	1	1	449	1	450	1.23e-235	651
B158DRAFT_2497	iSF_1195.SF1150	71.8	450	126	1	1	449	1	450	1.00e-234	649
B158DRAFT_2497	iPC815.YPO1636	71.1	450	129	1	1	449	1	450	2.87e-234	648
B158DRAFT_2497	iJN1463.PP_4016	70.2	456	134	2	1	454	1	456	1.64e-226	628
B158DRAFT_2497	iCN718.ABAYE_RS05650	67.0	455	147	1	3	454	1	455	1.20e-213	596
B158DRAFT_2500	iJN1463.PP_2339	75.7	867	205	3	1	862	1	866	0.0	1330
B158DRAFT_2500	iML1515.b0118	74.9	865	214	2	1	863	1	864	0.0	1313
B158DRAFT_2500	iSSON_1240.SSON_0126	74.9	865	214	2	1	863	1	864	0.0	1313
B158DRAFT_2500	iSDY_1059.SDY_0025	74.8	865	215	2	1	863	1	864	0.0	1311
B158DRAFT_2500	iSF_1195.SF0115	74.7	865	216	2	1	863	1	864	0.0	1310
B158DRAFT_2500	iSbBS512_1146.SbBS512_E0111	74.7	865	216	2	1	863	8	871	0.0	1310
B158DRAFT_2500	iPC815.YPO3415	74.6	865	217	2	1	863	1	864	0.0	1308
B158DRAFT_2500	STM_v1_0.STM0158	74.7	865	216	2	1	863	1	864	0.0	1305
B158DRAFT_2500	iCN718.ABAYE_RS07555	75.5	868	203	3	1	858	1	868	0.0	1302
B158DRAFT_2500	iYL1228.KPN_00124	74.6	850	213	2	16	863	2	850	0.0	1285
B158DRAFT_2500	iLB1027_lipid.PHATRDRAFT_26290	71.8	879	231	8	2	865	103	979	0.0	1221
B158DRAFT_2502	iAF987.Gmet_3085	47.4	437	222	4	417	851	445	875	3.60e-129	409
B158DRAFT_2502	iAF987.Gmet_2629	45.3	477	253	4	377	852	331	800	1.30e-128	405
B158DRAFT_2502	iAF987.Gmet_0957	48.4	434	218	2	417	849	181	609	2.11e-125	391
B158DRAFT_2502	iAF987.Gmet_0987	46.6	442	229	3	417	857	346	781	1.11e-118	378
B158DRAFT_2504	iJN1463.PP_3123	76.9	216	50	0	1	216	1	216	4.14e-116	329
B158DRAFT_2504	iYL1228.KPN_02054	77.0	217	50	0	3	219	2	218	4.82e-115	327
B158DRAFT_2505	iJN1463.PP_3122	69.5	233	70	1	1	233	1	232	2.60e-112	321
B158DRAFT_2505	iAF987.Gmet_3296	66.2	228	77	0	6	233	2	229	4.71e-105	302
B158DRAFT_2506	iAF987.Gmet_3293	63.5	299	104	1	10	308	3	296	4.03e-131	375
B158DRAFT_2506	iMM1415.15356	60.1	306	117	1	2	307	21	321	1.08e-127	367
B158DRAFT_2506	iJN1463.PP_3540	60.1	303	116	1	9	311	2	299	4.42e-128	367
B158DRAFT_2506	iMM1415.208982	58.1	303	122	1	5	307	39	336	1.88e-125	362
B158DRAFT_2506	iCHOv1.100763147	56.9	304	126	1	4	307	38	336	6.68e-121	350
B158DRAFT_2507	iAF987.Gmet_3292	63.1	640	227	3	1	637	1	634	3.83e-273	764
B158DRAFT_2508	iAF987.Gmet_3291	60.2	251	100	0	19	269	13	263	1.36e-99	291
B158DRAFT_2509	iAF987.Gmet_3290	78.0	536	117	1	1	536	1	535	2.62e-315	860
B158DRAFT_2509	iJN1463.PP_4065	74.1	536	138	1	1	536	1	535	8.35e-298	815
B158DRAFT_2510	iJN1463.PP_2216	68.1	373	119	0	1	373	1	373	4.86e-184	514
B158DRAFT_2511	iCN718.ABAYE_RS03735	64.0	392	140	1	1	392	1	391	3.48e-170	480
B158DRAFT_2511	iCN718.ABAYE_RS09825	61.8	387	148	0	5	391	4	390	1.87e-162	461
B158DRAFT_2511	iJN1463.PP_2215	63.0	392	144	1	2	392	5	396	9.66e-162	459
B158DRAFT_2512	iAF987.Gmet_3289	78.9	384	81	0	2	385	4	387	3.44e-227	624
B158DRAFT_2512	iJN1463.PP_4064	74.2	384	99	0	2	385	3	386	4.89e-217	598
B158DRAFT_2512	iCN718.ABAYE_RS11570	71.9	385	105	1	4	385	5	389	1.56e-202	562
B158DRAFT_2515	iJN1463.PP_0832	61.7	337	128	1	1	337	1	336	7.55e-144	411
B158DRAFT_2516	iJN1463.PP_0833	72.8	371	100	1	1	371	1	370	6.38e-201	556
B158DRAFT_2520	iML1515.b2924	33.1	178	115	3	201	378	105	278	4.80e-20	89.0
B158DRAFT_2520	iML1515.b0465	27.5	207	146	3	171	377	893	1095	6.46e-19	88.6
B158DRAFT_2527	iAF987.Gmet_1919	26.5	117	86	0	6	122	3	119	3.71e-12	67.0
B158DRAFT_2529	iPC815.YPO2912	58.8	536	219	1	1	536	5	538	3.80e-220	619
B158DRAFT_2532	iSF_1195.SF2653	58.8	311	128	0	4	314	3	313	5.78e-126	363
B158DRAFT_2532	iSSON_1240.SSON_2720	58.8	311	128	0	4	314	3	313	5.78e-126	363
B158DRAFT_2532	iSbBS512_1146.SbBS512_E2975	58.5	311	129	0	4	314	3	313	2.34e-125	361
B158DRAFT_2532	iSDY_1059.SDY_2837	57.6	311	132	0	4	314	3	313	6.27e-123	355
B158DRAFT_2532	STM_v1_0.STM2662	57.2	311	133	0	4	314	3	313	1.18e-120	349
B158DRAFT_2534	iJN1463.PP_1700	34.2	152	89	4	39	184	466	612	6.37e-16	76.3
B158DRAFT_2534	iAF987.Gmet_0086	36.0	139	85	3	51	186	417	554	9.78e-16	75.9
B158DRAFT_2535	iCN900.CD630_20200	53.3	867	392	4	1	860	1	861	3.01e-312	879
B158DRAFT_2542	iJN1463.PP_4677	56.0	248	94	2	5	238	33	279	1.02e-96	285
