CA264_00020	iCN900.CD630_21300	54.9	384	172	1	1	383	1	384	2.19e-140	404
CA264_00040	iAF987.Gmet_2727	33.3	138	87	2	516	653	265	397	5.66e-15	77.0
CA264_00060	iCHOv1.100767396	34.0	209	114	9	2	191	9	212	6.63e-20	85.5
CA264_00060	iMM1415.20751	34.4	209	111	10	3	191	10	212	2.29e-18	81.3
CA264_00080	iAF987.Gmet_3031	33.0	545	307	9	9	549	12	502	3.50e-81	263
CA264_00090	iAF987.Gmet_0043	28.6	231	156	5	673	897	39	266	6.24e-15	78.6
CA264_00090	iAF987.Gmet_1991	25.0	228	161	4	672	897	193	412	9.55e-14	75.1
CA264_00095	iAF987.Gmet_2999	34.0	103	68	0	10	112	10	112	2.51e-17	75.9
CA264_00100	iJN1463.PP_2351	60.1	617	246	0	10	626	2	618	7.69e-274	787
CA264_00100	iJN1463.PP_4702	56.1	627	273	2	652	1278	11	635	3.13e-248	722
CA264_00105	iCN718.ABAYE_RS12520	28.8	132	88	3	167	297	199	325	7.07e-05	45.1
CA264_00105	iYL1228.KPN_03043	39.1	64	38	1	204	267	232	294	1.23e-04	44.3
CA264_00105	iAF692.Mbar_A0964	24.3	107	75	3	188	293	45	146	1.25e-04	43.5
CA264_00105	iAF987.Gmet_1278	32.7	110	73	1	185	294	210	318	8.82e-04	41.6
CA264_00145	iCN900.CD630_12200	33.3	165	109	1	11	175	7	170	8.62e-21	84.3
CA264_00150	iLB1027_lipid.PHATRDRAFT_43099	34.3	172	96	6	68	231	153	315	1.80e-19	86.7
CA264_00150	iJN1463.PP_1844	36.3	160	91	5	78	234	69	220	2.58e-20	86.7
CA264_00150	iAF987.Gmet_0363	29.7	202	138	3	45	245	36	234	9.04e-20	85.1
CA264_00150	iHN637.CLJU_RS03245	26.1	211	147	5	37	246	34	236	1.42e-19	84.7
CA264_00155	iSynCJ816.SGL_RS16515	43.3	97	49	2	4	94	3	99	2.21e-16	67.8
CA264_00155	iAF987.Gmet_0076	42.4	85	49	0	11	95	11	95	6.53e-14	61.2
CA264_00165	iJN1463.PP_4210	47.8	224	114	2	4	225	5	227	1.00e-64	212
CA264_00165	iCN900.CD630_19470	48.4	221	113	1	2	221	7	227	6.84e-68	208
CA264_00170	STM_v1_0.STM2050	43.1	167	93	1	1	167	1	165	1.73e-36	129
CA264_00170	iCN718.ABAYE_RS03570	41.8	196	87	5	2	184	7	188	2.46e-36	124
CA264_00170	iCHOv1.100751940	40.0	185	104	3	2	181	51	233	5.49e-33	117
CA264_00175	iYO844.BSU38550	42.8	348	195	2	13	356	10	357	3.19e-105	313
CA264_00175	iYS854.USA300HOU_RS02910	45.0	333	177	3	24	351	20	351	2.29e-101	303
CA264_00175	iYO844.BSU02390	42.5	339	190	2	22	355	18	356	2.45e-100	300
CA264_00175	iAF987.Gmet_2853	42.8	339	190	2	22	356	19	357	6.01e-96	289
CA264_00175	iHN637.CLJU_RS04310	40.6	345	201	2	15	355	12	356	1.65e-93	283
CA264_00200	iAF987.Gmet_0069	27.5	120	74	4	8	125	5	113	1.47e-08	51.6
CA264_00200	iAF987.Gmet_2999	35.9	64	41	0	59	122	52	115	7.29e-08	49.7
CA264_00205	iAF987.Gmet_0043	27.5	258	172	8	243	487	12	267	5.58e-09	58.2
CA264_00210	iHN637.CLJU_RS11895	46.4	364	190	4	2	362	3	364	6.87e-107	317
CA264_00210	iLJ478.TM0211	46.5	361	187	6	3	361	1	357	2.55e-103	308
CA264_00210	iYS854.USA300HOU_RS08205	43.6	358	195	3	2	356	4	357	7.30e-100	299
CA264_00210	iCN900.CD630_16570	45.3	364	193	5	2	362	3	363	5.52e-94	297
CA264_00260	iSynCJ816.SGL_RS16275	40.6	355	201	5	22	375	26	371	9.76e-89	272
CA264_00280	iAF987.Gmet_2351	42.5	351	198	3	15	364	14	361	2.95e-88	270
CA264_00285	iYO844.BSU35550	27.1	214	148	4	5	217	6	212	4.87e-18	81.6
CA264_00285	iSbBS512_1146.SbBS512_E4050	29.6	189	127	4	5	191	6	190	8.13e-15	73.6
CA264_00285	iSSON_1240.SSON_3782	29.6	189	127	4	5	191	6	190	8.13e-15	73.6
CA264_00290	iLB1027_lipid.PHATRDRAFT_9316	48.6	288	135	4	32	312	1	282	2.55e-93	279
CA264_00310	iEK1008.Rv0958	40.4	453	251	6	15	467	8	441	2.70e-109	332
CA264_00335	iJN1463.PP_0137	38.1	425	242	8	3	423	5	412	3.14e-71	231
CA264_00335	iYL1228.KPN_04480	36.5	433	239	9	2	422	5	413	2.31e-69	226
CA264_00335	STM_v1_0.STM4283	36.0	431	242	8	3	422	5	412	2.25e-69	226
CA264_00335	iSbBS512_1146.SbBS512_E4598	35.7	431	243	8	3	422	5	412	2.31e-69	226
CA264_00335	iSSON_1240.SSON_4258	35.7	431	243	8	3	422	5	412	2.31e-69	226
CA264_00335	iYS854.USA300HOU_RS12895	35.4	426	249	8	2	422	6	410	1.69e-69	226
CA264_00335	iML1515.b4077	35.7	431	243	8	3	422	5	412	3.24e-69	225
CA264_00335	iYO844.BSU10220	36.5	433	253	9	3	434	5	416	2.85e-68	223
CA264_00335	iSF_1195.SF4137	35.5	431	244	8	3	422	5	412	3.51e-68	223
CA264_00335	iPC815.YPO0254	35.9	435	251	8	3	429	5	419	3.88e-67	220
CA264_00335	iCN718.ABAYE_RS16630	35.9	426	253	8	3	424	5	414	3.24e-66	217
CA264_00335	iHN637.CLJU_RS10210	37.8	415	236	9	9	422	15	408	4.18e-66	217
CA264_00350	iSynCJ816.SGL_RS06280	39.7	131	76	2	91	221	4	131	4.84e-22	87.4
CA264_00355	iNF517.LLMG_RS08950	32.1	234	142	3	1	230	1	221	7.42e-28	105
CA264_00355	iLJ478.TM1724	31.7	189	124	2	1	184	1	189	1.29e-24	97.4
CA264_00360	iYL1228.KPN_04558	32.8	308	184	6	2	300	41	334	3.24e-52	174
CA264_00360	iPC815.YPO0365	31.4	312	197	5	2	307	40	340	5.41e-49	166
CA264_00360	iML1515.b4161	32.5	308	184	6	2	300	41	333	1.62e-47	162
CA264_00360	iSbBS512_1146.SbBS512_E4693	32.1	308	185	6	2	300	41	333	2.27e-47	162
CA264_00360	iSDY_1059.SDY_4431	32.1	308	185	6	2	300	28	320	1.67e-47	162
CA264_00360	iSSON_1240.SSON_4346	32.1	308	185	6	2	300	28	320	1.67e-47	162
CA264_00360	iSF_1195.SF4320	32.1	308	185	6	2	300	52	344	4.13e-47	161
CA264_00360	STM_v1_0.STM4349	30.3	304	196	5	2	300	49	341	5.41e-47	161
CA264_00365	iPC815.YPO0055	27.0	315	206	7	52	350	51	357	3.11e-27	112
CA264_00365	iSDY_1059.SDY_4063	25.6	308	219	6	52	350	51	357	1.29e-23	101
CA264_00385	iCHOv1.100771783	22.0	359	198	14	2	288	90	438	2.40e-08	54.3
CA264_00385	iAT_PLT_636.2628	21.3	357	203	12	2	288	66	414	9.90e-08	52.4
CA264_00385	STM_v1_0.STM4467	25.4	193	104	5	132	288	215	403	9.65e-08	52.4
CA264_00395	iPC815.YPO1215	31.5	108	72	1	35	140	54	161	1.81e-09	55.5
CA264_00395	STM_v1_0.STM2276	28.5	144	100	2	35	176	54	196	3.36e-09	54.7
CA264_00395	iML1515.b2232	27.0	163	116	2	19	179	38	199	4.52e-09	54.3
CA264_00395	iSbBS512_1146.SbBS512_E2607	27.0	163	116	2	19	179	38	199	4.52e-09	54.3
CA264_00395	iSDY_1059.SDY_2424	27.0	163	116	2	19	179	38	199	4.52e-09	54.3
CA264_00395	iSF_1195.SF2312	27.0	163	116	2	19	179	38	199	4.52e-09	54.3
CA264_00395	iSSON_1240.SSON_2290	27.0	163	116	2	19	179	38	199	4.52e-09	54.3
CA264_00395	iYL1228.KPN_02641	26.5	147	105	2	35	179	54	199	1.16e-08	53.1
CA264_00400	STM_v1_0.STM0402	53.8	208	82	3	3	209	2	196	8.77e-72	216
CA264_00400	iIT341.HP1563	53.4	208	82	3	3	209	1	194	3.12e-69	209
CA264_00400	iAM_Pb448.PBANKA_130280	48.1	208	94	2	1	208	1	194	2.83e-69	209
CA264_00400	iMM1415.21672	49.3	203	88	4	5	207	8	195	1.68e-66	202
CA264_00400	iAT_PLT_636.5052	49.0	204	88	5	5	207	8	196	5.68e-65	199
CA264_00400	iAM_Pf480.PF3D7_1438900	44.0	207	102	1	1	207	1	193	2.02e-64	197
CA264_00400	iAT_PLT_636.7001	47.8	203	91	4	5	207	8	195	4.46e-64	196
CA264_00400	iMM1415.18477	47.1	204	92	5	5	207	8	196	9.26e-64	196
CA264_00410	iEK1008.Rv1070c	55.5	254	113	0	1	254	1	254	1.47e-97	285
CA264_00410	iJN1463.PP_2217	52.5	257	122	0	1	257	1	257	1.62e-89	265
CA264_00410	iCHOv1.100754654	57.0	242	104	0	14	255	47	288	9.56e-89	264
CA264_00410	iMM1415.93747	55.8	242	107	0	14	255	47	288	3.86e-88	263
CA264_00410	iAT_PLT_636.1892	53.3	255	118	1	2	255	34	288	1.26e-86	259
CA264_00415	iML1515.b4024	32.3	359	233	7	6	362	4	354	3.76e-45	162
CA264_00415	iSF_1195.SF4181	32.3	359	233	7	6	362	4	354	3.76e-45	162
CA264_00415	iSSON_1240.SSON_4202	32.3	359	233	7	6	362	4	354	3.76e-45	162
CA264_00415	iSDY_1059.SDY_4227	32.0	359	234	7	6	362	4	354	7.27e-45	161
CA264_00415	iSbBS512_1146.SbBS512_E4529	32.0	359	234	7	6	362	4	354	1.01e-44	160
CA264_00415	iML1515.b0002	32.3	362	233	6	6	359	1	358	8.36e-41	154
CA264_00415	iSbBS512_1146.SbBS512_E0002	32.3	362	233	6	6	359	1	358	8.36e-41	154
CA264_00415	iSF_1195.SF0002	32.3	362	233	6	6	359	1	358	8.36e-41	154
CA264_00415	iSSON_1240.SSON_0002	32.3	362	233	6	6	359	1	358	8.36e-41	154
CA264_00415	iPC815.YPO0459	29.8	382	260	3	6	381	1	380	8.33e-41	154
CA264_00415	STM_v1_0.STM4220	31.4	360	235	7	6	362	4	354	5.15e-42	153
CA264_00415	iSDY_1059.SDY_0002	32.0	362	234	6	6	359	1	358	5.20e-40	152
CA264_00415	iYL1228.KPN_04412	30.3	357	239	7	8	362	6	354	1.87e-40	149
CA264_00415	STM_v1_0.STM0002	30.7	388	249	7	6	381	1	380	4.36e-39	149
CA264_00415	iYL1228.KPN_00002	30.0	383	258	4	6	381	1	380	1.08e-38	148
CA264_00420	iPC815.YPO3520	59.8	326	122	3	12	328	3	328	1.41e-134	385
CA264_00420	iYL1228.KPN_04626	59.5	326	125	2	12	330	3	328	2.25e-132	380
CA264_00420	STM_v1_0.STM4415	59.1	325	126	2	12	329	3	327	3.00e-130	374
CA264_00420	iML1515.b4232	58.8	325	127	2	12	329	3	327	4.25e-130	374
CA264_00420	iSbBS512_1146.SbBS512_E4852	58.8	325	127	2	12	329	3	327	4.25e-130	374
CA264_00420	iSDY_1059.SDY_4250	58.8	325	127	2	12	329	3	327	4.25e-130	374
CA264_00420	iSF_1195.SF4258	58.8	325	127	2	12	329	3	327	4.25e-130	374
CA264_00420	iSSON_1240.SSON_4413	58.5	325	128	2	12	329	3	327	2.44e-129	372
CA264_00445	iAF987.Gmet_2727	38.1	105	65	0	551	655	291	395	9.92e-13	70.1
CA264_00450	iAF987.Gmet_1167	49.4	231	114	2	12	240	26	255	9.26e-75	227
CA264_00460	STM_v1_0.STM1511	48.5	241	122	2	4	243	2	241	9.94e-72	219
CA264_00460	iSDY_1059.SDY_1586	46.0	248	132	2	4	250	2	248	3.23e-70	215
CA264_00460	iML1515.b1539	46.0	248	132	2	4	250	2	248	9.18e-70	214
CA264_00460	iSSON_1240.SSON_1589	46.0	248	132	2	4	250	2	248	9.18e-70	214
CA264_00460	iSF_1195.SF1556	46.0	248	132	2	4	250	2	248	1.84e-69	213
CA264_00460	iSbBS512_1146.SbBS512_E1701	45.6	248	133	2	4	250	2	248	1.05e-68	211
CA264_00460	iJN1463.PP_4862	45.5	242	130	2	1	240	1	242	4.10e-67	207
CA264_00460	iYL1228.KPN_01590	44.0	248	137	2	4	250	2	248	7.04e-67	207
CA264_00465	iPC815.YPO2167	39.4	71	37	2	3	69	1	69	2.47e-05	40.8
CA264_00465	STM_v1_0.STM1301	38.6	70	38	3	8	74	10	77	1.04e-04	39.3
CA264_00465	iML1515.b1759	32.1	78	47	2	1	74	1	76	6.97e-04	37.0
CA264_00465	iAF987.Gmet_1170	31.4	118	63	4	15	128	15	118	7.13e-04	37.0
CA264_00480	iJN1463.PP_0860	28.4	394	243	11	5	379	2	375	3.08e-27	113
CA264_00485	iCN718.ABAYE_RS03975	24.0	383	259	9	4	369	3	370	1.02e-22	100
CA264_00490	iSSON_1240.SSON_1122	27.3	713	431	26	129	797	60	729	1.99e-57	209
CA264_00490	iYL1228.KPN_00165	25.8	663	438	18	131	759	64	706	2.93e-57	208
CA264_00490	iSDY_1059.SDY_2048	27.4	715	428	27	129	797	60	729	6.87e-57	207
CA264_00490	iSbBS512_1146.SbBS512_E2222	27.4	715	428	27	129	797	60	729	2.37e-56	206
CA264_00490	iML1515.b1102	27.3	715	429	27	129	797	60	729	3.23e-56	205
CA264_00495	iJN1463.PP_0860	22.9	388	241	14	41	387	3	373	1.63e-07	53.1
CA264_00500	iJN1463.PP_2193	26.2	478	296	10	113	553	146	603	8.46e-31	129
CA264_00510	iEK1008.Rv0548c	62.4	287	93	3	6	277	25	311	2.32e-118	341
CA264_00510	iSynCJ816.SGL_RS06810	61.2	276	105	2	5	280	2	275	8.69e-119	341
CA264_00510	iYO844.BSU30800	55.2	277	117	2	4	280	2	271	1.40e-109	317
CA264_00510	iNF517.LLMG_RS09170	55.9	281	122	2	1	280	1	280	3.60e-107	311
CA264_00515	iYS854.USA300HOU_RS13930	25.6	363	232	14	50	387	8	357	2.08e-25	108
CA264_00520	iCN718.ABAYE_RS12975	31.6	339	203	4	1	311	1	338	8.52e-46	158
CA264_00520	iYO844.BSU39780	34.9	318	180	10	1	307	1	302	4.75e-41	144
CA264_00540	iEK1008.Rv0684	24.6	492	256	13	1	389	10	489	6.83e-27	115
CA264_00540	iSynCJ816.SGL_RS10930	23.8	487	261	9	1	389	7	481	4.91e-26	112
CA264_00540	iSynCJ816.SGL_RS17200	23.7	497	244	11	5	389	9	482	1.50e-24	108
CA264_00545	STM_v1_0.STM1291	48.4	122	63	0	61	182	18	139	1.54e-45	146
CA264_00545	iML1515.b1778	48.8	121	62	0	61	181	8	128	1.30e-44	144
CA264_00545	iSF_1195.SF1445	48.8	121	62	0	61	181	8	128	1.30e-44	144
CA264_00545	iSSON_1240.SSON_1385	48.8	121	62	0	61	181	8	128	1.30e-44	144
CA264_00545	iYL1228.KPN_01198	48.4	124	64	0	59	182	6	129	1.06e-43	141
CA264_00545	iSDY_1059.SDY_1489	47.9	121	63	0	61	181	8	128	1.06e-43	141
CA264_00545	iPC815.YPO2158	50.4	113	56	0	67	179	14	126	6.92e-42	137
CA264_00570	iAF692.Mbar_A0543	35.7	717	403	16	6	678	7	709	1.60e-141	429
CA264_00575	iYS854.USA300HOU_RS03755	25.3	166	123	1	34	199	21	185	6.76e-08	53.9
CA264_00590	iIT341.HP0742	52.8	305	142	2	5	308	14	317	3.74e-106	311
CA264_00590	iSF_1195.SF1210	51.9	314	144	5	1	308	1	313	3.63e-103	304
CA264_00590	iML1515.b1207	51.9	314	144	5	1	308	1	313	5.14e-103	303
CA264_00590	iSDY_1059.SDY_1256	51.9	314	144	5	1	308	1	313	5.14e-103	303
CA264_00590	iSSON_1240.SSON_1971	51.9	314	144	5	1	308	1	313	5.14e-103	303
CA264_00590	STM_v1_0.STM1780	51.9	314	144	5	1	308	1	313	7.29e-103	303
CA264_00590	iPC815.YPO2013	51.9	314	144	5	1	308	1	313	1.03e-102	303
CA264_00590	iSbBS512_1146.SbBS512_E1371	51.6	314	145	5	1	308	1	313	1.46e-102	302
CA264_00590	iYL1228.KPN_02238	52.1	311	142	5	4	308	1	310	2.66e-102	301
CA264_00590	iCN900.CD630_35140	52.3	310	142	4	4	308	8	316	7.00e-101	298
CA264_00590	iAF987.Gmet_2848	50.0	310	151	2	4	309	5	314	6.56e-101	298
CA264_00590	iHN637.CLJU_RS20580	50.5	311	149	3	3	308	7	317	1.09e-100	298
CA264_00590	iJN1463.PP_0722	49.2	313	153	4	1	308	1	312	4.77e-98	291
CA264_00590	iNF517.LLMG_RS08760	51.8	311	145	3	3	308	5	315	2.75e-97	289
CA264_00590	iCN718.ABAYE_RS14860	50.3	314	149	5	1	308	1	313	4.26e-97	288
CA264_00600	iYO844.BSU06480	51.2	687	323	8	12	696	19	695	4.64e-227	652
CA264_00600	iSynCJ816.SGL_RS02220	48.1	719	344	8	15	707	14	729	1.08e-218	632
CA264_00600	iNF517.LLMG_RS04965	49.4	703	334	14	15	708	20	709	2.05e-211	612
CA264_00615	iCN900.CD630_34680	66.7	499	131	4	1	499	1	464	1.37e-230	641
CA264_00615	iMM904.YJR121W	65.9	498	139	4	5	502	44	510	2.40e-221	619
CA264_00615	iMM1415.11947	66.4	500	131	7	5	501	61	526	1.30e-220	618
CA264_00615	iAT_PLT_636.506	66.2	503	133	7	2	501	58	526	2.61e-220	617
CA264_00615	iCHOv1.100763024	66.2	503	133	7	2	501	63	531	4.42e-220	617
CA264_00615	iHN637.CLJU_RS01190	64.3	498	141	4	1	498	1	461	6.89e-219	611
CA264_00615	iYO844.BSU36810	63.7	504	141	5	5	501	4	472	1.35e-218	611
CA264_00615	iAF987.Gmet_3406	64.3	502	140	4	3	500	4	470	4.64e-216	604
CA264_00615	iAM_Pb448.PBANKA_145030	64.2	497	155	5	2	498	56	529	2.35e-212	597
CA264_00615	iNF517.LLMG_RS09735	63.1	498	146	6	5	498	4	467	9.83e-213	596
CA264_00615	iYS854.USA300HOU_RS11360	62.4	503	148	7	4	501	3	469	4.13e-212	594
CA264_00615	iAM_Pv461.PVX_100735	64.0	495	155	5	4	498	71	542	1.79e-210	593
CA264_00615	iAM_Pc455.PCYB_146140	64.0	495	155	6	4	498	35	506	7.18e-211	593
CA264_00615	iAM_Pf480.PF3D7_1235700	64.2	497	151	5	4	498	59	530	3.36e-210	592
CA264_00615	iLB1027_lipid.PHATRDRAFT_54086	63.3	501	150	6	5	498	26	499	4.10e-210	590
CA264_00615	iSynCJ816.SGL_RS09705	62.3	501	155	6	3	498	9	480	1.76e-209	588
CA264_00615	iLJ478.TM1610	62.0	495	152	4	5	498	7	466	6.86e-208	583
CA264_00620	iIT341.HP1131	36.0	75	48	0	3	77	7	81	8.69e-13	58.5
CA264_00620	iPC815.YPO4120	33.3	78	51	1	2	78	7	84	6.70e-12	56.6
CA264_00620	iSynCJ816.SGL_RS09710	38.4	73	45	0	3	75	5	77	8.74e-12	56.2
CA264_00620	iSbBS512_1146.SbBS512_E4190	30.8	78	53	1	2	78	6	83	5.13e-11	54.3
CA264_00620	iML1515.b3731	30.8	78	53	1	2	78	6	83	1.43e-10	53.1
CA264_00620	iYL1228.KPN_04136	30.8	78	53	1	2	78	6	83	1.43e-10	53.1
CA264_00620	STM_v1_0.STM3864	30.8	78	53	1	2	78	6	83	1.43e-10	53.1
CA264_00620	iSDY_1059.SDY_4017	30.8	78	53	1	2	78	6	83	1.43e-10	53.1
CA264_00620	iSF_1195.SF3811	30.8	78	53	1	2	78	4	81	1.38e-10	53.1
CA264_00620	iSSON_1240.SSON_3888	30.8	78	53	1	2	78	6	83	1.43e-10	53.1
CA264_00625	iML1515.b2430	24.4	390	225	15	48	389	56	423	3.53e-15	77.4
CA264_00630	iIT341.HP0106	42.0	369	203	4	8	376	22	379	3.84e-91	278
CA264_00630	iAF692.Mbar_A3023	40.1	372	217	4	8	376	26	394	1.05e-88	272
CA264_00630	iCN718.ABAYE_RS10080	40.4	364	215	2	10	373	31	392	6.10e-88	270
CA264_00630	iJN1463.PP_2001	41.0	368	211	4	11	376	40	403	1.09e-87	270
CA264_00630	iYO844.BSU27250	41.6	370	197	6	8	373	22	376	6.01e-87	267
CA264_00630	iNF517.LLMG_RS08915	40.7	366	206	5	8	373	23	377	5.54e-85	262
CA264_00630	iAF987.Gmet_0819	36.8	402	222	3	6	375	23	424	1.22e-83	260
CA264_00630	iYO844.BSU11880	38.8	369	215	5	8	376	27	384	1.32e-82	256
CA264_00630	iJN1463.PP_4594	40.9	342	199	3	36	376	51	390	1.44e-82	256
CA264_00630	iHN637.CLJU_RS11995	36.3	366	222	4	8	373	22	376	3.92e-82	255
CA264_00630	iAF987.Gmet_0698	39.5	370	206	6	8	372	22	378	5.41e-82	255
CA264_00630	iYS854.USA300HOU_RS02320	38.8	366	214	4	8	373	22	377	3.92e-82	255
CA264_00630	iAF987.Gmet_0699	39.3	361	208	4	10	370	24	373	1.47e-81	253
CA264_00630	iJN1463.PP_1308	38.5	369	221	4	10	375	31	396	7.40e-81	252
CA264_00635	iSF_1195.SF2332	32.6	374	228	7	1	359	1	365	1.89e-49	169
CA264_00635	iSSON_1240.SSON_2314	32.6	374	228	7	1	359	23	387	3.14e-49	169
CA264_00635	iML1515.b2253	32.6	374	228	7	1	359	12	376	6.71e-49	168
CA264_00635	iAF987.Gmet_2351	32.1	343	216	7	22	360	35	364	1.91e-48	167
CA264_00635	iAF987.Gmet_0886	31.8	381	220	8	5	360	17	382	3.10e-48	167
CA264_00635	iYL1228.KPN_03847	31.0	374	234	7	1	359	1	365	6.14e-46	160
CA264_00635	STM_v1_0.STM2297	30.2	374	237	7	1	359	18	382	2.45e-45	159
CA264_00635	iPC815.YPO2422	33.3	288	173	5	1	278	12	290	7.05e-43	152
CA264_00640	iYO844.BSU00460	32.6	261	164	7	1	252	3	260	7.34e-33	121
CA264_00640	iAF987.Gmet_2849	33.9	248	160	3	7	251	10	256	4.89e-31	116
CA264_00640	iCN900.CD630_35660	29.8	252	167	5	7	249	10	260	2.70e-28	109
CA264_00650	iAF987.Gmet_1248	23.3	360	261	10	1	352	1	353	5.32e-17	80.9
CA264_00655	iYS854.USA300HOU_RS08720	51.1	364	172	2	3	366	6	363	3.31e-129	375
CA264_00655	iJN1463.PP_0833	49.9	371	177	3	1	371	1	362	1.75e-119	350
CA264_00695	iAF987.Gmet_3091	34.6	295	171	7	53	343	46	322	4.21e-40	144
CA264_00695	iJN1463.PP_2943	34.8	302	171	8	48	345	48	327	1.65e-39	142
CA264_00715	iJN1463.PP_2943	36.0	264	148	4	50	303	46	298	1.76e-42	150
CA264_00725	iAF987.Gmet_0122	45.6	472	253	4	1	472	1	468	3.36e-133	393
CA264_00725	iSynCJ816.SGL_RS15640	44.2	473	249	7	6	472	16	479	2.46e-128	380
CA264_00725	iCN900.CD630_33940	41.4	469	272	3	7	474	7	473	1.03e-124	375
CA264_00725	iHN637.CLJU_RS01595	42.3	470	268	3	7	474	3	471	3.97e-121	365
CA264_00725	iYO844.BSU29180	41.0	468	273	3	7	472	3	469	1.77e-119	361
CA264_00735	iJN1463.PP_1915	57.9	76	32	0	1	76	1	76	3.02e-24	86.3
CA264_00735	iML1515.b1094	57.9	76	32	0	1	76	1	76	2.48e-23	84.0
CA264_00735	iYL1228.KPN_01092	57.9	76	32	0	1	76	1	76	2.48e-23	84.0
CA264_00735	STM_v1_0.STM1196	57.9	76	32	0	1	76	1	76	2.48e-23	84.0
CA264_00735	iSbBS512_1146.SbBS512_E2230	57.9	76	32	0	1	76	1	76	2.48e-23	84.0
CA264_00735	iSDY_1059.SDY_2056	57.9	76	32	0	1	76	1	76	2.48e-23	84.0
CA264_00735	iSF_1195.SF1098	57.9	76	32	0	1	76	1	76	2.48e-23	84.0
CA264_00735	iSSON_1240.SSON_1114	57.9	76	32	0	1	76	1	76	2.48e-23	84.0
CA264_00735	iPC815.YPO1600	57.5	73	31	0	1	73	1	73	1.01e-22	82.4
CA264_00735	iYS854.USA300HOU_RS06195	58.8	68	28	0	6	73	5	72	2.81e-22	81.3
CA264_00735	iHN637.CLJU_RS06285	50.7	75	37	0	4	78	2	76	6.58e-21	77.8
CA264_00740	iYO844.BSU11340	55.3	414	181	3	1	414	1	410	2.49e-150	432
CA264_00740	iSynCJ816.SGL_RS05665	50.5	414	202	2	1	414	4	414	3.17e-144	416
CA264_00740	iAF987.Gmet_1603	51.1	413	199	2	3	415	1	410	2.10e-143	414
CA264_00740	iCN900.CD630_11840	51.6	411	196	2	4	414	3	410	1.82e-142	412
CA264_00740	iJN1463.PP_1916	51.3	415	199	2	1	415	1	412	4.48e-141	408
CA264_00740	iYS854.USA300HOU_RS04880	50.2	412	201	3	4	415	5	412	5.90e-139	403
CA264_00740	STM_v1_0.STM1197	49.3	416	207	3	1	415	1	413	3.47e-135	393
CA264_00740	iHN637.CLJU_RS20760	48.3	414	210	3	4	417	3	412	9.53e-135	392
CA264_00740	iML1515.b1095	49.0	416	208	3	1	415	1	413	7.97e-134	390
CA264_00740	iYL1228.KPN_01093	49.0	416	208	3	1	415	1	413	7.97e-134	390
CA264_00740	iSF_1195.SF1099	49.0	416	208	3	1	415	1	413	7.97e-134	390
CA264_00740	iSSON_1240.SSON_1115	49.0	416	208	3	1	415	1	413	7.97e-134	390
CA264_00740	iPC815.YPO1601	48.3	416	211	3	1	415	1	413	7.97e-134	390
CA264_00760	iMM1415.78914	28.5	688	398	17	5	614	4	675	2.03e-65	228
CA264_00760	iMM904.YHR074W	27.6	704	420	18	6	626	5	701	5.74e-63	221
CA264_00770	STM_v1_0.STM3002	33.0	279	152	7	10	261	10	280	4.75e-45	153
CA264_00795	iAF692.Mbar_A1202	30.0	327	180	7	107	401	10	319	7.26e-41	148
CA264_00815	iHN637.CLJU_RS08905	45.4	130	59	6	32	160	12	130	5.18e-24	90.5
CA264_00815	iCHOv1.100754972	43.8	130	63	5	31	160	23	142	2.16e-23	89.4
CA264_00815	iMM1415.72269	43.8	130	63	5	31	160	23	142	2.10e-23	89.4
CA264_00815	iYO844.BSU25300	45.2	124	58	4	37	160	17	130	4.03e-21	83.2
CA264_00820	iMM1415.30956	35.0	451	279	9	2	445	481	924	5.21e-70	238
CA264_00820	iCHOv1.100751161	34.7	450	279	9	2	445	481	921	6.66e-69	235
CA264_00820	iMM904.YNR050C	34.0	450	279	9	2	442	3	443	1.26e-72	235
CA264_00820	iAT_PLT_636.10157	34.8	454	244	12	2	445	481	892	1.01e-63	220
CA264_00830	iEK1008.Rv2228c	37.3	83	48	2	2	80	3	85	1.33e-09	55.1
CA264_00840	iCN900.CD630_09940	26.8	351	237	10	4	344	6	346	2.26e-26	107
CA264_00840	iHN637.CLJU_RS00465	25.0	352	242	9	4	344	6	346	9.25e-24	100
CA264_00845	iSynCJ816.SGL_RS06095	52.6	135	62	1	2	134	6	140	7.49e-41	133
CA264_00845	iLJ478.TM0349	46.4	140	71	2	1	138	1	138	5.90e-41	133
CA264_00845	iAF987.Gmet_0981	45.2	146	78	1	1	144	1	146	2.65e-38	127
CA264_00845	iJN1463.PP_2407	46.0	139	73	1	3	139	5	143	9.64e-36	120
CA264_00855	iYS854.USA300HOU_RS07595	22.0	354	225	8	21	354	12	334	1.21e-10	62.4
CA264_00860	iYS854.USA300HOU_RS09450	34.8	92	57	3	142	231	118	208	7.25e-08	51.6
CA264_00865	iEK1008.Rv2139	46.0	339	176	2	5	343	4	335	1.09e-92	280
CA264_00865	iCN718.ABAYE_RS06810	45.7	339	169	3	1	335	1	328	4.25e-92	278
CA264_00865	iSF_1195.SF0946	44.0	343	174	4	1	336	1	332	1.46e-90	274
CA264_00865	iML1515.b0945	44.0	343	174	4	1	336	1	332	2.07e-90	273
CA264_00865	iSbBS512_1146.SbBS512_E2372	44.0	343	174	4	1	336	1	332	2.07e-90	273
CA264_00865	iSDY_1059.SDY_0918	44.0	343	174	4	1	336	1	332	2.07e-90	273
CA264_00865	iSSON_1240.SSON_0949	44.0	343	174	4	1	336	1	332	2.07e-90	273
CA264_00865	iPC815.YPO1415	44.3	343	173	4	1	336	1	332	1.17e-89	271
CA264_00865	iJN1463.PP_2095	45.8	336	170	3	4	335	3	330	1.07e-88	269
CA264_00865	STM_v1_0.STM1058	44.1	340	178	4	1	336	1	332	5.34e-88	267
CA264_00865	iYL1228.KPN_00974	44.3	343	173	5	1	336	1	332	1.51e-87	266
CA264_00865	iSynCJ816.SGL_RS17005	44.3	336	171	6	14	336	19	351	4.30e-84	259
CA264_00865	iYS854.USA300HOU_RS14040	40.8	338	194	4	1	338	1	332	3.82e-84	258
CA264_00865	iCHOv1.100756632	44.9	354	163	9	2	340	37	373	1.83e-83	258
CA264_00865	iMM1415.56749	44.9	354	163	9	2	340	37	373	8.18e-82	253
CA264_00880	iHN637.CLJU_RS17585	37.2	258	146	9	1	244	1	256	1.18e-42	147
CA264_00900	iJN1463.PP_0686	61.7	107	38	2	8	112	7	112	6.46e-37	120
CA264_00925	iJN1463.PP_0398	28.4	95	62	1	112	206	5	93	2.45e-06	45.4
CA264_00930	iNF517.LLMG_RS08650	28.6	245	122	7	19	259	7	202	1.25e-13	68.6
CA264_00950	iJN1463.PP_1625	68.4	19	6	0	7	25	38	56	6.76e-04	36.2
CA264_00955	iHN637.CLJU_RS17105	43.1	874	463	12	3	859	7	863	1.11e-252	728
CA264_00955	iCN900.CD630_32560	43.9	896	460	17	2	874	5	880	1.73e-250	723
CA264_00955	iYS854.USA300HOU_RS08810	42.2	888	474	12	1	870	1	867	2.73e-246	711
CA264_00955	iLJ478.TM1817	42.8	863	468	13	3	859	4	846	4.44e-242	700
CA264_00955	iAF987.Gmet_0956	42.8	885	453	18	3	859	6	865	2.37e-236	686
CA264_00955	iNF517.LLMG_RS12325	40.6	895	490	13	3	877	5	877	6.15e-232	675
CA264_00960	iML1515.b2047	40.8	287	159	6	184	466	185	464	9.85e-59	199
CA264_00975	iAF987.Gmet_2330	60.1	348	124	1	3	350	4	336	4.94e-150	426
CA264_00975	iYL1228.KPN_02492	55.4	350	140	1	1	350	1	334	3.02e-136	391
CA264_01005	iEK1008.Rv3032	26.7	150	94	5	202	341	219	362	2.83e-04	42.4
CA264_01010	iYS854.USA300HOU_RS07460	19.2	355	238	7	48	369	30	368	2.27e-07	52.0
CA264_01010	iYS854.USA300HOU_RS05150	23.9	176	124	5	184	356	311	479	3.64e-07	51.6
CA264_01010	iYS854.USA300HOU_RS02965	27.8	144	92	4	211	347	335	473	1.50e-06	49.7
CA264_01010	iAF692.Mbar_A3140	26.7	176	105	5	204	368	176	338	1.90e-06	49.3
CA264_01015	iYO844.BSU35590	24.3	255	152	11	53	275	99	344	3.78e-07	50.8
CA264_01055	iJN1463.PP_0137	43.1	411	219	4	54	449	5	415	1.20e-101	311
CA264_01055	iYO844.BSU10220	42.1	406	225	3	54	450	5	409	1.43e-99	305
CA264_01055	iCN718.ABAYE_RS16630	43.0	412	219	5	54	449	5	416	5.50e-99	303
CA264_01055	iPC815.YPO0254	41.2	413	225	5	54	449	5	416	6.57e-97	298
CA264_01055	iSbBS512_1146.SbBS512_E4598	42.9	413	218	5	54	449	5	416	5.03e-96	296
CA264_01055	iSSON_1240.SSON_4258	42.9	413	218	5	54	449	5	416	5.03e-96	296
CA264_01055	iML1515.b4077	42.9	413	218	5	54	449	5	416	1.00e-95	295
CA264_01055	iSF_1195.SF4137	42.6	413	219	5	54	449	5	416	7.91e-95	293
CA264_01055	STM_v1_0.STM4283	42.1	413	221	5	54	449	5	416	4.29e-94	291
CA264_01055	iYL1228.KPN_04480	41.4	413	226	3	53	449	5	417	2.47e-93	289
CA264_01055	iYO844.BSU02340	41.0	400	229	5	54	448	2	399	2.17e-91	283
CA264_01060	iPC815.YPO2524	29.8	141	83	6	192	320	159	295	2.73e-04	42.0
CA264_01120	iCN718.ABAYE_RS05270	46.6	395	206	2	11	404	5	395	1.67e-113	337
CA264_01120	iHN637.CLJU_RS06550	42.3	397	226	3	10	404	2	397	1.52e-102	309
CA264_01120	iYO844.BSU22370	43.4	394	216	5	11	402	3	391	1.90e-102	308
CA264_01125	iAF987.Gmet_0922	35.3	317	192	6	6	316	5	314	2.43e-56	190
CA264_01125	iIT341.HP0858	35.9	295	187	1	18	312	3	295	2.91e-54	184
CA264_01130	iCN900.CD630_06960	38.9	432	247	6	155	580	17	437	7.02e-84	269
CA264_01130	iYO844.BSU31100	39.1	427	234	8	155	575	16	422	1.36e-78	255
CA264_01130	iSynCJ816.SGL_RS09315	37.9	446	270	3	156	599	4	444	5.81e-76	248
CA264_01135	iAT_PLT_636.7389	48.5	357	169	4	2	346	13	366	1.81e-115	338
CA264_01135	iCHOv1.100753284	48.2	357	170	4	2	346	13	366	1.19e-113	334
CA264_01135	iAF987.Gmet_0016	48.2	336	168	4	5	337	2	334	2.06e-105	312
CA264_01135	iYL1228.KPN_04379	44.9	343	182	3	2	337	3	345	6.51e-105	311
CA264_01135	iJN1463.PP_5074	44.5	344	184	2	3	339	4	347	1.49e-103	308
CA264_01135	iPC815.YPO3734	44.9	343	182	3	2	337	3	345	1.24e-102	305
CA264_01165	iJN1463.PP_0832	37.5	400	181	8	7	401	1	336	8.08e-68	218
CA264_01165	iYS854.USA300HOU_RS08725	35.1	402	190	12	9	402	3	341	2.87e-62	203
CA264_01235	iJN1463.PP_0072	32.0	331	197	10	2	313	3	324	1.30e-30	117
CA264_01235	iEK1008.Rv1912c	31.3	342	197	10	1	313	1	333	2.96e-29	114
CA264_01235	iEK1008.Rv3777	28.9	332	207	7	1	312	4	326	1.33e-26	106
CA264_01245	iAF692.Mbar_A1202	25.6	309	179	13	89	371	30	313	3.44e-17	81.6
CA264_01250	iEK1008.Rv1381	45.2	42	23	0	684	725	19	60	1.88e-05	48.1
CA264_01250	iCN900.CD630_10100	23.1	394	231	18	667	1027	6	360	2.23e-05	47.8
CA264_01250	iMM1415.64705	29.6	71	43	2	659	725	3	70	8.39e-05	46.2
CA264_01250	iYS854.USA300HOU_RS12610	32.5	80	46	2	673	744	22	101	9.61e-05	45.8
CA264_01250	iCN900.CD630_15260	37.5	64	35	2	663	724	2	62	1.70e-04	45.1
CA264_01250	iHN637.CLJU_RS07520	35.2	108	45	6	673	762	6	106	3.08e-04	44.3
CA264_01250	iAF987.Gmet_1770	38.0	50	28	1	676	725	16	62	3.89e-04	43.9
CA264_01250	iCN900.CD630_16630	32.9	82	49	3	658	737	4	81	5.13e-04	43.5
CA264_01250	iYL1228.KPN_00792	29.0	93	57	3	656	743	2	90	4.99e-04	43.5
CA264_01280	iAF987.Gmet_1809	44.1	127	70	1	226	352	34	159	1.34e-36	130
CA264_01285	iAF987.Gmet_1811	49.4	251	100	6	739	989	6	229	6.63e-78	254
CA264_01310	iJN1463.PP_0103	27.8	270	166	9	52	318	11	254	3.86e-22	95.9
CA264_01310	iAF987.Gmet_0252	28.5	186	89	4	132	317	59	200	2.59e-21	92.4
CA264_01315	iSynCJ816.SGL_RS05545	43.3	550	267	11	31	577	21	528	6.20e-140	417
CA264_01315	iJN1463.PP_0104	41.5	532	266	11	30	556	24	515	3.90e-129	389
CA264_01315	iYO844.BSU14900	38.8	544	290	9	31	570	18	522	9.06e-128	389
CA264_01315	iEK1008.Rv3043c	40.2	552	274	13	30	570	30	536	8.20e-125	379
CA264_01315	iSynCJ816.SGL_RS09075	38.2	552	300	10	33	580	21	535	2.70e-124	377
CA264_01320	iSynCJ816.SGL_RS10200	51.4	35	17	0	19	53	53	87	1.74e-06	48.9
CA264_01320	iEK1008.Rv1456c	37.0	54	34	0	14	67	17	70	1.21e-05	46.2
CA264_01325	iJN1463.PP_0110	36.8	277	172	3	23	297	15	290	8.80e-45	153
CA264_01325	iSynCJ816.SGL_RS10195	33.8	290	183	6	16	299	14	300	6.79e-41	144
CA264_01325	iAM_Pb448.PBANKA_123410	42.0	238	128	6	19	251	219	451	3.51e-38	141
CA264_01325	iAM_Pf480.PF3D7_0519300	42.1	233	126	5	23	251	318	545	7.42e-38	141
CA264_01325	iCHOv1.100764018	39.4	208	123	1	4	211	140	344	4.41e-38	139
CA264_01325	iLB1027_lipid.PHATRDRAFT_32550	35.7	291	173	6	17	298	22	307	2.64e-38	139
CA264_01330	STM_v1_0.STM0441	28.4	190	123	5	2	184	9	192	2.14e-16	73.6
CA264_01330	iJN1463.PP_0106	32.6	135	87	2	59	192	163	294	1.01e-15	73.2
CA264_01330	iSbBS512_1146.SbBS512_E0352	28.4	190	123	5	2	184	9	192	1.13e-15	71.6
CA264_01330	iML1515.b0430	28.4	190	123	5	2	184	9	192	1.57e-15	71.2
CA264_01330	iSSON_1240.SSON_0413	28.4	190	123	5	2	184	9	192	1.57e-15	71.2
CA264_01330	iAT_PLT_636.4514	27.0	185	112	4	18	188	79	254	4.91e-15	70.9
CA264_01330	iYL1228.KPN_00392	30.1	176	109	6	17	184	22	191	5.79e-15	69.7
CA264_01330	iSynCJ816.SGL_RS09080	30.8	133	86	2	60	192	68	194	2.77e-14	67.8
CA264_01330	iSynCJ816.SGL_RS05550	31.0	184	107	6	16	188	25	199	5.90e-14	67.0
CA264_01335	iSynCJ816.SGL_RS09080	32.2	214	98	6	34	247	28	194	4.02e-21	87.4
CA264_01335	iJN1463.PP_0106	29.1	227	133	5	30	248	89	295	8.25e-20	85.9
CA264_01335	iCN718.ABAYE_RS07345	30.5	236	116	9	16	248	13	203	9.49e-20	84.0
CA264_01350	iYS854.USA300HOU_RS05575	25.4	138	103	0	46	183	1	138	1.37e-07	48.5
CA264_01365	iAF987.Gmet_0043	28.9	114	74	3	1102	1208	153	266	1.46e-05	48.9
CA264_01380	iML1515.b3619	41.4	314	170	6	1	311	1	303	2.08e-63	202
CA264_01380	iSbBS512_1146.SbBS512_E4046	41.4	314	170	6	1	311	1	303	2.94e-63	202
CA264_01380	iSDY_1059.SDY_4051	41.4	314	170	6	1	311	1	303	2.94e-63	202
CA264_01380	iSF_1195.SF3659	41.4	314	170	6	1	311	1	303	2.94e-63	202
CA264_01380	iSSON_1240.SSON_3786	41.4	314	170	6	1	311	1	303	2.94e-63	202
CA264_01380	iYL1228.KPN_03963	41.4	314	170	7	1	311	1	303	8.27e-63	201
CA264_01380	STM_v1_0.STM3710	41.1	314	171	6	1	311	1	303	3.28e-62	199
CA264_01380	iPC815.YPO0058	40.3	315	172	7	1	311	1	303	1.03e-60	196
CA264_01385	iYO844.BSU33180	27.1	284	196	6	17	293	30	309	4.75e-27	107
CA264_01385	iJN1463.PP_0524	26.4	254	179	5	39	291	16	262	2.14e-24	99.0
CA264_01390	iYO844.BSU33170	37.9	338	198	5	2	330	13	347	3.17e-54	181
CA264_01390	iJN1463.PP_4688	42.0	281	154	5	54	328	65	342	4.65e-51	172
CA264_01395	iMM1415.19286	42.3	137	74	1	4	140	13	144	3.57e-35	118
CA264_01395	iCHOv1.100750756	41.6	137	75	1	4	140	13	144	1.17e-33	114
CA264_01400	iAF987.Gmet_2350	39.2	370	219	2	5	368	11	380	7.07e-80	249
CA264_01425	iCN900.CD630_27440	38.6	718	410	15	33	728	24	732	3.64e-162	485
CA264_01425	iHN637.CLJU_RS16615	39.5	731	385	18	30	728	17	722	2.31e-157	473
CA264_01425	iYO844.BSU27600	37.3	729	422	15	22	728	16	731	4.14e-154	464
CA264_01425	iYS854.USA300HOU_RS08695	38.1	730	418	16	18	728	12	726	1.73e-151	457
CA264_01425	iAF987.Gmet_2325	37.3	713	415	13	30	728	19	713	2.77e-146	444
CA264_01440	iCN900.CD630_36550	46.9	426	220	5	6	427	6	429	1.44e-130	382
CA264_01440	iNF517.LLMG_RS11055	45.4	425	226	6	5	425	5	427	1.20e-129	380
CA264_01440	iYO844.BSU40420	45.6	423	223	7	1	419	1	420	4.82e-129	379
CA264_01440	iAF987.Gmet_3260	46.3	423	224	2	1	420	1	423	6.82e-129	378
CA264_01440	iJN1463.PP_4889	46.5	419	220	3	5	420	6	423	5.05e-126	371
CA264_01440	iPC815.YPO0378	45.3	419	226	3	5	420	6	424	1.53e-125	370
CA264_01440	iYS854.USA300HOU_RS00085	44.3	422	230	4	1	419	1	420	1.05e-124	367
CA264_01440	iML1515.b4177	44.9	419	228	3	5	420	6	424	9.91e-124	365
CA264_01440	iYL1228.KPN_04576	44.9	419	228	3	5	420	6	424	9.91e-124	365
CA264_01440	iLB1027_lipid.PHATRDRAFT_26256	44.5	425	227	7	3	422	93	513	1.89e-122	365
CA264_01440	iSbBS512_1146.SbBS512_E4708	44.9	419	228	3	5	420	6	424	9.91e-124	365
CA264_01440	iSDY_1059.SDY_4412	44.9	419	228	3	5	420	6	424	9.91e-124	365
CA264_01440	iMM904.YNL220W	44.8	440	214	8	3	423	2	431	1.45e-123	365
CA264_01440	iSSON_1240.SSON_4362	44.9	419	228	3	5	420	6	424	1.40e-123	365
CA264_01440	STM_v1_0.STM4366	44.6	419	229	3	5	420	6	424	3.98e-123	363
CA264_01440	iSF_1195.SF4332	44.6	419	229	3	5	420	6	424	5.63e-123	363
CA264_01440	iHN637.CLJU_RS20860	46.1	425	222	6	1	420	1	423	1.40e-122	362
CA264_01440	iEK1008.Rv0357c	43.9	428	236	3	1	425	1	427	5.16e-121	358
CA264_01440	iIT341.HP0255	43.7	423	216	8	4	420	3	409	2.19e-117	348
CA264_01480	iAF987.Gmet_1770	39.3	400	237	3	23	416	20	419	3.73e-94	289
CA264_01495	iPC815.YPO2421	31.5	321	200	8	7	321	10	316	2.00e-43	151
CA264_01495	iAF987.Gmet_0885	29.7	317	206	6	7	320	6	308	1.99e-42	148
CA264_01495	STM_v1_0.STM2298	32.9	258	163	5	7	262	10	259	1.15e-41	147
CA264_01495	iML1515.b2254	33.3	258	162	5	7	262	10	259	1.43e-41	146
CA264_01495	iSF_1195.SF2333	33.3	258	162	5	7	262	10	259	1.43e-41	146
CA264_01495	iSSON_1240.SSON_2315	33.3	258	162	5	7	262	10	259	1.43e-41	146
CA264_01495	iYL1228.KPN_03846	30.5	305	195	7	7	308	10	300	9.15e-40	142
CA264_01500	STM_v1_0.STM3714	27.1	177	116	6	167	332	154	328	9.19e-06	47.0
CA264_01515	iAF987.Gmet_0043	22.7	264	178	7	152	394	4	262	1.63e-10	62.4
CA264_01520	iIS312.TCDM_07701	60.2	447	173	5	4	446	11	456	2.15e-179	509
CA264_01525	iAF987.Gmet_3403	36.3	215	128	4	406	617	28	236	8.99e-39	145
CA264_01545	iCN900.CD630_18320	34.5	238	148	5	25	262	97	326	3.89e-37	136
CA264_01545	iHN637.CLJU_RS14395	36.1	241	146	5	19	259	92	324	3.28e-36	134
CA264_01545	iCN900.CD630_14530	35.4	226	138	4	25	250	29	246	6.97e-37	134
CA264_01545	iAF987.Gmet_0024	36.3	240	145	5	20	259	93	324	2.37e-35	132
CA264_01545	iYO844.BSU29750	35.9	237	144	6	26	262	122	350	8.37e-35	130
CA264_01545	iAF987.Gmet_0346	34.7	251	156	5	19	269	93	335	4.15e-33	125
CA264_01550	iSynCJ816.SGL_RS13490	38.2	385	232	6	3	384	6	387	1.10e-77	244
CA264_01555	iLB1027_lipid.PHATRDRAFT_3267	39.4	188	103	3	5	183	2	187	6.82e-25	100
CA264_01555	iCN900.CD630_18360	29.9	234	160	3	1	232	122	353	1.59e-23	98.6
CA264_01555	iHN637.CLJU_RS14370	30.3	228	157	2	5	232	108	333	1.30e-23	98.6
CA264_01555	iYL1228.KPN_02920	33.5	182	117	2	5	183	105	285	1.19e-21	93.2
CA264_01555	iSbBS512_1146.SbBS512_E2986	30.1	276	173	8	5	267	105	373	1.19e-21	93.2
CA264_01555	iSDY_1059.SDY_2767	30.1	276	173	8	5	267	105	373	1.19e-21	93.2
CA264_01555	iML1515.b2599	30.1	276	173	8	5	267	105	373	1.62e-21	92.8
CA264_01555	iSF_1195.SF2659	30.1	276	173	8	5	267	105	373	1.62e-21	92.8
CA264_01555	iSSON_1240.SSON_2750	30.1	276	173	8	5	267	105	373	1.62e-21	92.8
CA264_01560	iYO844.BSU29750	32.1	249	161	5	20	268	116	356	6.87e-30	117
CA264_01560	iHN637.CLJU_RS14395	32.4	241	155	5	22	262	95	327	5.24e-29	114
CA264_01560	iCN900.CD630_14530	31.4	239	156	4	24	262	28	258	1.03e-28	112
CA264_01560	iCN900.CD630_18320	29.2	243	164	5	22	264	94	328	6.17e-28	111
CA264_01570	iEK1008.Rv2051c	46.7	225	119	1	5	229	613	836	3.18e-57	194
CA264_01575	iAF987.Gmet_3551	30.2	464	293	8	2	438	3	462	7.92e-56	191
CA264_01580	iAF987.Gmet_0923	39.2	181	92	6	6	170	10	188	1.53e-31	112
CA264_01580	iPC815.YPO1074	34.9	175	104	3	2	167	3	176	7.58e-28	102
CA264_01600	iJN1463.PP_0567	19.1	534	306	12	43	460	70	593	2.43e-16	81.3
CA264_01600	iML1515.b2938	21.2	513	271	16	52	443	96	596	7.50e-15	76.6
CA264_01600	iPC815.YPO0929	21.0	515	276	16	52	446	97	600	1.32e-14	75.9
CA264_01600	STM_v1_0.STM3086	20.9	512	274	15	52	443	96	596	2.32e-14	75.1
CA264_01600	iSbBS512_1146.SbBS512_E3371	20.7	512	275	15	52	443	96	596	2.32e-14	75.1
CA264_01600	iSDY_1059.SDY_3134	20.7	512	275	15	52	443	96	596	2.32e-14	75.1
CA264_01600	iSF_1195.SF2931	20.7	512	275	15	52	443	100	600	2.35e-14	75.1
CA264_01600	iSSON_1240.SSON_3092	20.7	512	275	15	52	443	96	596	2.32e-14	75.1
CA264_01600	iIT341.HP0422	20.4	544	299	14	38	463	44	571	3.88e-14	74.3
CA264_01600	iSynCJ816.SGL_RS17330	19.6	561	308	19	38	458	96	653	7.45e-14	73.6
CA264_01600	iYL1228.KPN_03374	20.3	512	277	15	52	443	96	596	9.52e-14	73.2
CA264_01605	iYO844.BSU40320	33.9	316	170	6	2	307	3	289	1.10e-49	167
CA264_01605	iYS854.USA300HOU_RS11670	32.7	318	171	7	2	305	5	293	5.38e-44	152
CA264_01610	iNF517.LLMG_RS11600	31.1	604	368	15	1	596	1	564	1.83e-78	258
CA264_01615	iCN718.ABAYE_RS18440	42.6	176	80	2	13	167	2	177	1.78e-45	147
CA264_01615	iCN718.ABAYE_RS11095	46.3	147	75	2	14	156	2	148	9.08e-44	142
CA264_01615	iSynCJ816.SGL_RS11045	46.3	149	71	2	17	156	10	158	4.64e-43	140
CA264_01615	iNF517.LLMG_RS05525	44.4	151	79	3	16	161	3	153	2.63e-42	138
CA264_01615	iYO844.BSU21900	40.1	157	88	3	17	167	4	160	8.17e-42	137
CA264_01615	iMM904.YBR244W	42.9	161	86	3	13	167	2	162	3.49e-41	135
CA264_01615	iJN1463.PP_1874	48.1	135	65	3	23	152	12	146	2.82e-40	133
CA264_01620	iYL1228.KPN_04225	46.8	293	154	1	2	294	8	298	6.24e-78	239
CA264_01620	STM_v1_0.STM4090	46.4	293	155	1	2	294	11	301	7.77e-77	236
CA264_01620	iPC815.YPO0104	45.1	295	160	1	2	296	11	303	3.13e-75	232
CA264_01620	iML1515.b3930	45.7	293	157	1	2	294	10	300	7.76e-74	228
CA264_01620	iSbBS512_1146.SbBS512_E4412	45.7	293	157	1	2	294	10	300	1.10e-73	228
CA264_01620	iSF_1195.SF4008	45.7	293	157	1	2	294	10	300	1.10e-73	228
CA264_01620	iSSON_1240.SSON_4099	45.7	293	157	1	2	294	10	300	1.10e-73	228
CA264_01620	iSDY_1059.SDY_3807	45.1	293	159	1	2	294	10	300	1.24e-72	225
CA264_01630	iJN1463.PP_2242	21.2	546	323	23	79	568	10	504	8.86e-05	45.8
CA264_01635	iSDY_1059.SDY_1505	51.1	180	83	2	2	177	10	188	1.90e-60	187
CA264_01635	iSbBS512_1146.SbBS512_E2023	51.1	180	83	2	2	177	4	182	3.16e-60	187
CA264_01635	iSSON_1240.SSON_1387	51.1	180	83	2	2	177	10	188	3.80e-60	187
CA264_01635	iML1515.b1768	51.1	180	83	2	2	177	4	182	6.34e-60	186
CA264_01635	iSF_1195.SF1455	50.6	180	84	2	2	177	10	188	1.08e-59	186
CA264_01635	iCN718.ABAYE_RS00855	45.3	201	109	1	3	202	11	211	4.28e-58	181
CA264_01635	iYL1228.KPN_01202	49.4	180	86	2	2	177	4	182	5.44e-56	176
CA264_01635	STM_v1_0.STM1293	50.6	180	84	2	2	177	4	182	2.05e-54	172
CA264_01635	iPC815.YPO2160	47.0	200	92	3	3	189	4	202	3.76e-54	171
CA264_01640	iYS854.USA300HOU_RS07595	22.7	339	241	8	2	334	11	334	6.94e-14	73.2
CA264_01655	iML1515.b2371	31.7	341	221	5	6	341	10	343	1.90e-51	175
CA264_01665	iJN1463.PP_4490	36.1	219	137	2	7	225	16	231	1.67e-47	157
CA264_01670	iCN900.CD630_04310	24.3	530	319	16	2	511	3	470	4.03e-22	99.8
CA264_01670	iSynCJ816.SGL_RS17160	33.2	235	112	7	8	227	7	211	3.76e-21	95.1
CA264_01670	iYS854.USA300HOU_RS01050	22.3	521	322	16	20	506	25	496	2.06e-20	94.7
CA264_01670	iCN900.CD630_17760	28.7	237	127	4	4	225	2	211	5.82e-21	91.7
CA264_01685	iCN900.CD630_35620	34.5	258	166	2	7	263	3	258	2.77e-54	176
CA264_01685	iAF987.Gmet_0547	35.7	244	154	2	8	250	4	245	1.62e-50	166
CA264_01695	iYL1228.KPN_03416	24.6	342	231	8	35	356	246	580	1.26e-18	87.4
CA264_01695	STM_v1_0.STM3139	26.3	339	217	11	35	350	245	573	1.67e-18	87.0
CA264_01695	iML1515.b2988	24.3	342	232	8	35	356	246	580	3.00e-18	86.3
CA264_01695	iSbBS512_1146.SbBS512_E3415	24.3	342	232	8	35	356	246	580	3.00e-18	86.3
CA264_01695	iSDY_1059.SDY_3085	24.3	342	232	8	35	356	246	580	3.00e-18	86.3
CA264_01695	iSF_1195.SF3035	24.3	342	232	8	35	356	246	580	3.00e-18	86.3
CA264_01695	iSSON_1240.SSON_3133	24.3	342	232	8	35	356	246	580	3.00e-18	86.3
CA264_01700	iSynCJ816.SGL_RS16015	31.2	253	166	4	1	247	22	272	5.72e-43	146
CA264_01700	iSynCJ816.SGL_RS14865	32.9	243	162	1	5	247	9	250	6.55e-43	145
CA264_01700	iSynCJ816.SGL_RS14930	28.3	244	161	2	3	239	31	267	9.50e-39	135
CA264_01700	iAM_Pv461.PVX_079875	32.9	249	161	3	3	248	28	273	1.18e-38	135
CA264_01705	iSynCJ816.SGL_RS17000	41.3	368	175	6	3	365	34	365	8.18e-80	248
CA264_01705	iAF987.Gmet_3348	40.1	362	142	5	20	361	36	342	1.19e-75	237
CA264_01710	iAF987.Gmet_0068	32.9	167	94	3	46	204	34	190	1.22e-21	87.8
CA264_01715	iAF987.Gmet_0163	35.6	160	62	7	16	167	8	134	6.68e-08	50.1
CA264_01715	iSynCJ816.SGL_RS16995	42.5	40	23	0	54	93	39	78	8.14e-08	50.1
CA264_01720	iSynCJ816.SGL_RS16990	39.3	163	90	3	8	169	12	166	6.80e-21	84.7
CA264_01725	iSynCJ816.SGL_RS16985	53.8	93	42	1	6	97	5	97	8.03e-24	87.0
CA264_01730	iAF987.Gmet_3344	40.6	628	301	13	83	696	82	651	2.71e-119	372
CA264_01730	iSynCJ816.SGL_RS15190	38.8	703	319	21	40	706	45	672	2.04e-109	346
CA264_01735	iAF987.Gmet_3343	39.4	554	254	12	4	554	6	480	3.84e-112	344
CA264_01740	iSynCJ816.SGL_RS02610	34.8	460	278	8	9	463	8	450	4.16e-67	224
CA264_01740	iAF987.Gmet_3342	34.4	439	268	9	22	454	14	438	1.45e-64	216
CA264_01745	iJN1463.PP_2000	26.3	411	232	16	114	511	64	416	1.39e-23	104
CA264_01745	iMM904.YMR300C	26.3	525	263	18	101	608	55	472	1.97e-23	103
CA264_01745	iPC815.YPO2772	25.6	484	262	17	40	511	21	418	1.91e-22	100
CA264_01745	iSDY_1059.SDY_2511	26.1	487	263	18	37	511	17	418	8.02e-22	99.0
CA264_01745	iML1515.b2312	26.1	487	263	18	37	511	17	418	1.90e-21	97.8
CA264_01745	iSbBS512_1146.SbBS512_E2690	26.1	487	263	18	37	511	17	418	1.90e-21	97.8
CA264_01745	iSF_1195.SF2388	26.1	487	263	18	37	511	17	418	1.90e-21	97.8
CA264_01745	iSSON_1240.SSON_2370	26.1	487	263	18	37	511	17	418	1.90e-21	97.8
CA264_01745	iYL1228.KPN_02702	25.3	487	267	16	37	511	17	418	2.53e-21	97.4
CA264_01755	iNF517.LLMG_RS07600	41.9	62	35	1	563	624	2	62	1.38e-06	51.6
CA264_01755	iCN900.CD630_31820	33.0	109	61	4	565	662	4	111	1.93e-05	48.1
CA264_01755	iCN900.CD630_20830	34.0	100	51	4	565	664	4	88	1.77e-05	48.1
CA264_01755	iYS854.USA300HOU_RS03790	22.4	433	209	16	564	928	4	377	3.64e-05	47.0
CA264_01760	iPC815.YPO2626	36.1	61	33	1	352	412	325	379	4.60e-04	42.0
CA264_01800	iYO844.BSU40060	41.6	500	289	2	6	504	5	502	6.52e-142	417
CA264_01800	iYS854.USA300HOU_RS13575	41.4	500	292	1	6	504	4	503	4.03e-133	395
CA264_01800	iNF517.LLMG_RS12400	41.7	504	278	3	6	506	4	494	5.02e-133	394
CA264_01805	iHN637.CLJU_RS05685	60.6	297	117	0	1	297	1	297	5.97e-139	394
CA264_01830	iJN1463.PP_3588	25.2	349	249	3	16	361	20	359	2.15e-30	120
CA264_01835	iCN718.ABAYE_RS03670	35.6	135	77	4	14	147	10	135	1.84e-16	70.9
CA264_01840	iYO844.BSU26640	30.8	344	232	4	5	345	2	342	7.90e-45	156
CA264_01845	iYO844.BSU39780	26.7	307	202	7	1	297	1	294	5.94e-32	120
CA264_01855	iCN718.ABAYE_RS01830	42.3	215	112	3	5	208	516	729	7.85e-50	171
CA264_01885	iCHOv1.100774083	26.0	616	402	16	130	722	117	701	3.39e-51	189
CA264_01905	iCN900.CD630_34320	33.3	105	57	3	312	416	108	199	2.23e-04	43.5
CA264_01935	iEK1008.Rv0386	39.2	51	31	0	148	198	1027	1077	1.77e-05	44.7
CA264_01955	iCN718.ABAYE_RS03670	29.8	121	79	3	19	138	19	134	6.45e-10	53.5
CA264_01970	iYO844.BSU02750	33.5	203	133	2	18	219	21	222	4.45e-38	133
CA264_02000	iCN718.ABAYE_RS01085	35.9	259	155	5	2	249	5	263	2.86e-38	135
CA264_02000	iCN718.ABAYE_RS13105	33.1	257	162	4	2	248	5	261	2.59e-37	132
CA264_02000	iCN900.CD630_26790	37.5	184	114	1	1	183	2	185	9.45e-34	122
CA264_02015	iAF987.Gmet_3213	39.5	342	182	7	7	341	3	326	1.07e-64	207
CA264_02020	iYO844.BSU22620	38.3	329	194	3	12	337	35	357	1.67e-67	226
CA264_02025	iSynCJ816.SGL_RS08770	29.8	171	91	7	15	157	7	176	3.39e-06	45.4
CA264_02025	iYO844.BSU03860	30.9	188	101	11	8	190	2	165	3.70e-05	42.7
CA264_02050	iYS854.USA300HOU_RS10410	31.3	435	282	8	35	461	72	497	1.48e-49	176
CA264_02070	iEK1008.Rv0132c	25.3	166	108	5	39	190	62	225	9.41e-05	43.5
CA264_02100	iCN900.CD630_20200	40.8	897	411	10	4	825	5	856	3.75e-211	620
CA264_02110	iJN1463.PP_1735	24.8	294	203	8	9	294	13	296	1.82e-10	60.5
CA264_02110	iML1515.b1054	26.0	289	188	11	14	294	26	296	7.77e-10	58.5
CA264_02110	iSbBS512_1146.SbBS512_E2276	26.0	289	188	11	14	294	26	296	7.77e-10	58.5
CA264_02110	iSSON_1240.SSON_1074	26.0	289	188	11	14	294	26	296	7.77e-10	58.5
CA264_02110	iSDY_1059.SDY_2293	26.0	289	188	11	14	294	26	296	1.04e-09	58.2
CA264_02110	iSF_1195.SF1061	25.6	289	189	11	14	294	26	296	1.04e-09	58.2
CA264_02120	iNF517.LLMG_RS04495	29.3	116	82	0	68	183	57	172	4.34e-15	69.3
CA264_02130	iCN900.CD630_20500	37.4	187	102	2	3	187	63	236	1.90e-36	127
CA264_02135	iML1515.b1584	25.7	148	81	4	36	171	29	159	5.38e-11	58.5
CA264_02135	STM_v1_0.STM1502	25.2	143	78	4	36	166	29	154	1.37e-09	54.7
CA264_02145	iCN900.CD630_11820	54.5	244	111	0	4	247	4	247	6.80e-87	258
CA264_02145	iLJ478.TM1724	54.5	244	110	1	4	247	3	245	2.69e-83	248
CA264_02145	iYO844.BSU15910	50.4	244	121	0	4	247	2	245	1.09e-82	247
CA264_02145	iYS854.USA300HOU_RS06185	50.8	240	118	0	7	246	3	242	1.26e-78	236
CA264_02145	iYL1228.KPN_01091	52.1	242	112	2	5	246	4	241	2.05e-77	233
CA264_02155	iML1515.b1856	31.4	370	224	8	64	418	80	434	6.84e-48	169
CA264_02165	iCN718.ABAYE_RS09970	45.7	464	250	2	3	464	4	467	8.36e-149	432
CA264_02165	iYO844.BSU24060	43.1	473	259	3	1	463	1	473	3.79e-133	392
CA264_02165	iHN637.CLJU_RS18515	44.0	459	251	4	7	463	3	457	2.74e-132	389
CA264_02175	iSynCJ816.SGL_RS11885	31.9	361	232	5	6	361	6	357	6.06e-56	186
CA264_02190	iYS854.USA300HOU_RS07580	40.1	304	180	2	13	314	7	310	1.29e-74	232
CA264_02210	iML1515.b1601	22.2	338	237	8	20	345	17	340	2.07e-10	61.2
CA264_02220	iAF987.Gmet_1750	36.1	208	132	1	334	541	62	268	1.49e-34	132
CA264_02225	iLJ478.TM1737	52.2	253	118	1	21	270	46	298	1.60e-85	257
CA264_02225	iHN637.CLJU_RS10190	48.1	266	133	2	5	268	13	275	6.60e-85	254
CA264_02225	iCN900.CD630_12240	52.8	235	110	1	1	235	1	234	1.91e-82	248
CA264_02225	iYO844.BSU23490	55.8	215	95	0	20	234	19	233	7.94e-82	246
CA264_02260	iJN1463.PP_4210	21.9	425	276	15	9	417	270	654	3.43e-07	53.5
CA264_02265	iCN900.CD630_19470	44.8	221	121	1	6	225	8	228	3.42e-62	194
CA264_02265	iJN1463.PP_4210	44.8	223	122	1	7	228	5	227	2.20e-56	189
CA264_02270	iJN1463.PP_5386	24.2	178	129	3	230	402	207	383	3.24e-07	52.0
CA264_02270	iAF987.Gmet_3508	23.2	280	173	11	152	415	163	416	6.52e-06	47.8
CA264_02275	iAF987.Gmet_3476	27.1	144	96	4	5	144	9	147	3.10e-10	61.6
CA264_02275	iAF987.Gmet_1919	26.9	216	131	6	8	223	5	193	3.02e-09	58.2
CA264_02285	iPC815.YPO3868	40.7	86	50	1	8	93	16	100	3.33e-23	85.5
CA264_02285	iML1515.b3781	40.7	81	48	0	17	97	24	104	3.93e-22	82.8
CA264_02285	STM_v1_0.STM3915	40.7	81	48	0	17	97	24	104	3.93e-22	82.8
CA264_02285	iSbBS512_1146.SbBS512_E4140	40.7	81	48	0	17	97	24	104	3.93e-22	82.8
CA264_02285	iSDY_1059.SDY_3968	40.7	81	48	0	17	97	42	122	6.31e-22	82.8
CA264_02285	iSF_1195.SF3854	40.7	81	48	0	17	97	42	122	6.31e-22	82.8
CA264_02285	iSSON_1240.SSON_3952	40.7	81	48	0	17	97	42	122	6.31e-22	82.8
CA264_02285	iYL1228.KPN_04282	37.8	90	55	1	8	97	16	104	7.89e-22	82.0
CA264_02285	iJN1463.PP_0510	42.5	87	48	1	5	89	15	101	1.12e-19	80.5
CA264_02285	iJN1463.PP_5069	38.0	79	49	0	15	93	57	135	1.10e-20	80.1
CA264_02285	iJN1463.PP_5215	41.6	89	52	0	5	93	13	101	6.39e-21	79.7
CA264_02285	iYL1228.KPN_02905	38.7	75	46	0	15	89	53	127	2.04e-20	79.3
CA264_02285	iPC815.YPO3270	36.0	75	48	0	15	89	53	127	4.50e-20	78.6
CA264_02285	iYS854.USA300HOU_RS05725	37.5	80	50	0	18	97	21	100	2.26e-20	78.2
CA264_02285	iML1515.b2582	35.9	92	49	1	8	89	36	127	1.56e-19	77.0
CA264_02285	iSbBS512_1146.SbBS512_E2954	35.9	92	49	1	8	89	36	127	1.56e-19	77.0
CA264_02285	iSDY_1059.SDY_2825	35.9	92	49	1	8	89	36	127	1.56e-19	77.0
CA264_02285	iSF_1195.SF2644	35.9	92	49	1	8	89	36	127	1.56e-19	77.0
CA264_02285	iSSON_1240.SSON_2708	35.9	92	49	1	8	89	36	127	1.56e-19	77.0
CA264_02305	iAF987.Gmet_0069	24.4	123	91	1	7	127	4	126	1.33e-06	45.8
CA264_02305	iAF987.Gmet_1914	24.1	112	83	1	8	119	4	113	1.47e-06	45.8
CA264_02350	iCN900.CD630_35430	50.1	479	219	7	10	479	3	470	2.53e-143	419
CA264_02350	iAF987.Gmet_2373	45.3	472	244	6	13	479	6	468	8.38e-131	387
CA264_02350	iYO844.BSU31750	46.7	480	241	7	10	483	10	480	4.20e-129	383
CA264_02370	iMM904.YLR303W	56.7	441	171	5	6	432	4	438	4.44e-174	494
CA264_02370	iAF987.Gmet_2390	57.3	426	175	2	5	430	6	424	1.46e-173	492
CA264_02370	iHN637.CLJU_RS03265	53.7	430	190	3	3	431	5	426	1.03e-158	454
CA264_02375	iLB1027_lipid.PHATRDRAFT_16499	38.9	357	184	6	13	336	13	368	4.35e-77	241
CA264_02380	iLB1027_lipid.PHATRDRAFT_26813	37.2	336	192	4	3	319	38	373	1.67e-65	216
CA264_02380	iNF517.LLMG_RS06750	36.1	316	186	4	6	307	2	315	8.47e-61	202
CA264_02380	iHN637.CLJU_RS04950	38.1	315	183	3	8	311	5	318	7.09e-60	200
CA264_02390	iIT341.HP0290	41.1	370	212	3	7	374	6	371	1.47e-83	259
CA264_02390	iJN1463.PP_5227	39.6	369	211	4	10	374	23	383	5.25e-77	243
CA264_02395	iYL1228.KPN_04412	33.5	448	281	7	3	437	6	449	8.59e-68	222
CA264_02395	STM_v1_0.STM4220	32.4	448	286	7	3	437	6	449	7.05e-66	217
CA264_02395	iML1515.b4024	32.8	448	284	7	3	437	6	449	1.95e-65	216
CA264_02395	iSF_1195.SF4181	32.8	448	284	7	3	437	6	449	1.95e-65	216
CA264_02395	iSSON_1240.SSON_4202	32.8	448	284	7	3	437	6	449	1.95e-65	216
CA264_02395	iSbBS512_1146.SbBS512_E4529	32.8	448	284	7	3	437	6	449	2.73e-65	216
CA264_02395	iSDY_1059.SDY_4227	32.6	448	285	7	3	437	6	449	1.06e-64	214
CA264_02395	iPC815.YPO3719	33.0	448	283	8	3	437	18	461	3.90e-64	213
CA264_02405	iJN1463.PP_3303	29.3	423	262	11	5	395	14	431	1.02e-24	104
CA264_02405	iLJ478.TM0802	28.8	417	258	11	6	394	2	407	2.03e-24	103
CA264_02410	iJN1463.PP_4984	42.8	428	220	10	5	409	9	434	8.11e-107	323
CA264_02410	iCN718.ABAYE_RS14975	39.3	422	241	8	11	424	10	424	1.30e-97	298
CA264_02410	iAF987.Gmet_1580	39.3	448	246	8	3	426	9	454	3.08e-97	298
CA264_02415	iYO844.BSU30210	31.6	212	126	5	1	193	1	212	4.91e-23	92.0
CA264_02415	iMM904.YNR057C	35.9	198	107	9	5	184	15	210	1.17e-20	85.9
CA264_02420	iLB1027_lipid.PHATRDRAFT_36165	35.3	431	205	11	12	374	5	429	1.83e-67	219
CA264_02425	iLB1027_lipid.PHATRDRAFT_21296	58.5	325	131	2	5	325	84	408	3.26e-129	375
CA264_02425	iCN718.ABAYE_RS10850	56.2	313	136	1	10	322	3	314	1.69e-123	357
CA264_02425	iPC815.YPO1151	56.5	315	136	1	9	323	2	315	1.55e-120	350
CA264_02425	iSbBS512_1146.SbBS512_E2577	56.2	315	137	1	9	323	2	315	4.58e-120	349
CA264_02425	STM_v1_0.STM0794	56.5	310	134	1	14	323	7	315	1.85e-119	347
CA264_02425	iSF_1195.SF0724	55.6	315	139	1	9	323	2	315	1.06e-118	345
CA264_02425	iML1515.b0775	55.6	315	139	1	9	323	2	315	1.50e-118	345
CA264_02425	iSSON_1240.SSON_0754	55.6	315	139	1	9	323	2	315	1.50e-118	345
CA264_02425	iSDY_1059.SDY_0831	55.6	315	139	1	9	323	2	315	2.13e-118	345
CA264_02425	iYL1228.KPN_00800	56.2	308	134	1	16	323	1	307	4.64e-118	343
CA264_02430	iAF692.Mbar_A1916	20.4	398	284	8	206	593	177	551	1.01e-11	67.4
CA264_02460	iYO844.BSU03930	45.9	259	133	1	9	267	5	256	6.03e-76	231
CA264_02470	iCN900.CD630_34130	22.9	328	206	14	1	307	1	302	8.71e-08	53.9
CA264_02480	iPC815.YPO0152	34.6	298	188	4	82	378	67	358	2.39e-42	151
CA264_02480	iML1515.b3389	35.5	299	183	5	82	378	67	357	1.76e-41	149
CA264_02480	iSSON_1240.SSON_3520	35.5	299	183	5	82	378	67	357	1.76e-41	149
CA264_02480	iSDY_1059.SDY_3690	35.5	299	183	5	82	378	67	357	3.42e-41	148
CA264_02480	iCN718.ABAYE_RS02015	32.5	317	202	6	63	377	48	354	6.36e-41	147
CA264_02480	iSbBS512_1146.SbBS512_E3766	35.5	299	183	5	82	378	67	357	1.29e-40	147
CA264_02480	iSF_1195.SF3407	35.1	299	184	5	82	378	67	357	1.29e-40	147
CA264_02480	iJN1463.PP_5078	36.3	281	171	5	81	360	64	337	3.72e-40	145
CA264_02480	STM_v1_0.STM3486	35.1	299	184	5	82	378	67	357	9.43e-40	144
CA264_02480	iLB1027_lipid.PHATRDRAFT_20809	35.4	277	173	4	82	357	127	398	4.86e-39	144
CA264_02480	iYL1228.KPN_03760	34.0	306	192	5	82	385	67	364	3.70e-39	143
CA264_02485	iSynCJ816.SGL_RS13885	30.6	111	66	3	8	116	35	136	6.89e-06	46.6
CA264_02510	iJN1463.PP_2193	22.9	590	370	24	89	637	105	650	1.22e-04	45.4
CA264_02515	iCN718.ABAYE_RS03715	29.3	542	359	11	6	532	5	537	2.65e-65	225
CA264_02515	iJN1463.PP_2371	28.7	551	365	11	7	540	6	545	2.60e-61	214
CA264_02515	iCN900.CD630_24310	30.1	492	309	9	30	513	25	489	2.17e-58	205
CA264_02520	iSynCJ816.SGL_RS14480	44.5	245	133	2	27	268	12	256	3.78e-55	178
CA264_02520	iAF692.Mbar_A1791	43.3	240	133	2	27	263	7	246	8.39e-52	169
CA264_02520	iYO844.BSU03280	43.5	232	128	2	31	259	11	242	1.87e-48	167
CA264_02520	iAF987.Gmet_3235	42.0	245	139	2	24	265	7	251	3.14e-48	167
CA264_02520	iHN637.CLJU_RS15755	41.0	239	137	4	27	263	3	239	2.76e-48	166
CA264_02520	iCN718.ABAYE_RS04340	38.5	252	152	2	17	265	205	456	4.45e-48	165
CA264_02520	iYO844.BSU15610	40.6	251	147	2	27	275	3	253	3.93e-50	165
CA264_02520	STM_v1_0.STM3477	40.2	239	139	3	28	265	218	453	2.49e-46	160
CA264_02525	STM_v1_0.STM3477	30.2	169	115	1	27	195	5	170	2.69e-19	90.1
CA264_02525	iCN900.CD630_34180	27.2	180	126	2	25	204	2	176	8.43e-20	87.0
CA264_02525	iML1515.b3368	29.6	169	116	1	27	195	5	170	2.73e-17	84.0
CA264_02525	iSDY_1059.SDY_3530	29.6	169	116	1	27	195	5	170	2.73e-17	84.0
CA264_02525	iSF_1195.SF3387	29.6	169	116	1	27	195	5	170	2.73e-17	84.0
CA264_02525	iSSON_1240.SSON_3499	29.6	169	116	1	27	195	5	170	2.73e-17	84.0
CA264_02525	iSbBS512_1146.SbBS512_E3744	29.2	168	116	1	27	194	5	169	8.60e-17	82.4
CA264_02530	iCN718.ABAYE_RS10080	47.7	384	201	0	4	387	12	395	4.99e-120	353
CA264_02530	iJN1463.PP_2001	46.7	383	204	0	4	386	20	402	5.23e-119	350
CA264_02530	iEK1008.Rv0391	45.2	385	206	2	5	384	21	405	3.74e-109	325
CA264_02540	iEK1008.Rv1286	53.4	412	190	2	3	413	4	414	2.12e-151	442
CA264_02540	iJN1463.PP_1304	52.2	416	189	6	2	413	23	432	9.76e-135	400
CA264_02545	iEK1008.Rv1285	58.9	297	119	1	6	302	39	332	6.79e-123	354
CA264_02550	iCN718.ABAYE_RS04095	47.0	234	114	5	11	238	10	239	1.78e-68	210
CA264_02550	iAF987.Gmet_2858	47.6	227	105	3	12	237	20	233	2.18e-67	207
CA264_02595	iAF987.Gmet_1531	35.7	249	153	3	7	255	5	246	8.53e-38	132
CA264_02595	iLJ478.TM1724	33.2	250	159	3	7	255	4	246	2.40e-36	129
CA264_02595	iCN718.ABAYE_RS14190	33.1	254	151	4	7	252	8	250	4.45e-35	125
CA264_02595	iCN718.ABAYE_RS09790	30.5	256	168	3	9	256	8	261	1.46e-34	124
CA264_02595	iCN900.CD630_11820	32.7	251	158	4	9	256	7	249	4.25e-34	123
CA264_02595	iNF517.LLMG_RS08950	35.2	250	151	5	7	255	4	243	1.02e-33	122
CA264_02595	iCN900.CD630_25770	32.2	255	156	5	7	255	2	245	2.11e-33	121
CA264_02595	iEK1008.Rv1350	33.9	245	153	4	9	252	8	244	3.11e-33	120
CA264_02595	iHN637.CLJU_RS20765	30.9	249	163	4	9	255	7	248	6.27e-33	120
CA264_02595	iYO844.BSU03930	32.7	251	161	5	7	254	6	251	1.19e-32	119
CA264_02610	iYO844.BSU26650	32.9	292	184	4	6	292	3	287	1.24e-53	177
CA264_02615	iAF987.Gmet_1706	36.1	119	72	2	1	117	1	117	1.14e-16	77.0
CA264_02615	iAF987.Gmet_1914	32.1	112	73	1	2	110	3	114	8.13e-15	72.4
CA264_02625	iCN718.ABAYE_RS01830	44.2	516	263	8	17	523	14	513	2.82e-118	364
CA264_02630	iML1515.b0126	52.0	200	95	1	4	203	7	205	4.32e-67	205
CA264_02630	iSDY_1059.SDY_0035	52.0	200	95	1	4	203	7	205	4.32e-67	205
CA264_02630	iSF_1195.SF0123	52.0	200	95	1	4	203	7	205	4.32e-67	205
CA264_02630	iSSON_1240.SSON_0134	52.0	200	95	1	4	203	7	205	4.32e-67	205
CA264_02630	STM_v1_0.STM0171	51.7	201	96	1	4	204	7	206	6.12e-67	204
CA264_02630	iSbBS512_1146.SbBS512_E0119	51.5	200	96	1	4	203	7	205	2.47e-66	203
CA264_02630	iYL1228.KPN_00134	54.8	186	83	1	18	203	5	189	8.51e-66	201
CA264_02630	iPC815.YPO3407	48.3	203	104	1	1	203	4	205	6.54e-64	197
CA264_02655	iAM_Pf480.PF3D7_1403900	32.5	157	80	7	62	192	12	168	9.10e-08	52.0
CA264_02675	iSynCJ816.SGL_RS12900	53.6	453	210	0	1	453	1	453	1.10e-168	481
CA264_02675	iEK1008.Rv0234c	50.7	454	221	1	3	453	57	510	1.18e-151	440
CA264_02675	iAF692.Mbar_A2542	46.7	454	241	1	1	454	1	453	1.16e-150	436
CA264_02690	iEK1008.Rv3116	44.2	77	42	1	46	121	302	378	1.68e-12	63.5
CA264_02690	iEK1008.Rv3206c	32.3	124	76	3	5	127	271	387	1.46e-11	60.8
CA264_02690	iSynCJ816.SGL_RS18145	33.3	117	76	2	9	125	44	158	2.67e-12	60.8
CA264_02705	iSynCJ816.SGL_RS12260	28.3	300	169	9	69	332	78	367	1.09e-17	83.2
CA264_02715	iYS854.USA300HOU_RS13910	36.8	117	59	2	4	105	41	157	1.76e-09	56.6
CA264_02720	iJN1463.PP_1235	36.9	157	89	4	5	154	2	155	7.55e-27	98.6
CA264_02720	iYL1228.KPN_02814	36.6	153	89	3	6	152	4	154	4.14e-26	96.7
CA264_02720	iPC815.YPO3064	35.9	153	90	3	6	152	5	155	5.99e-26	96.3
CA264_02720	iML1515.b2480	35.9	153	90	3	6	152	4	154	1.16e-25	95.5
CA264_02720	iSbBS512_1146.SbBS512_E2852	35.9	153	90	3	6	152	4	154	1.16e-25	95.5
CA264_02720	iSDY_1059.SDY_2669	35.9	153	90	3	6	152	4	154	1.16e-25	95.5
CA264_02720	iSF_1195.SF2523	35.9	153	90	3	6	152	4	154	1.16e-25	95.5
CA264_02720	iSSON_1240.SSON_2561	35.9	153	90	3	6	152	4	154	1.16e-25	95.5
CA264_02730	STM_v1_0.STM3961	28.8	146	93	5	26	169	47	183	4.51e-05	44.3
CA264_02745	iML1515.b0577	43.3	367	205	3	58	423	47	411	7.05e-89	276
CA264_02750	iHN637.CLJU_RS10465	50.0	66	30	2	646	710	483	546	7.42e-10	62.0
CA264_02775	iJN1463.PP_3970	41.8	392	221	3	1	389	1	388	6.45e-101	304
CA264_02775	iYO844.BSU26970	42.3	392	209	5	1	389	1	378	1.34e-97	295
CA264_02815	iCHOv1.100774578	37.8	185	110	2	36	215	32	216	2.49e-31	120
CA264_02815	iMM1415.70750	36.9	195	112	3	36	219	32	226	2.49e-31	120
CA264_02815	iCN718.ABAYE_RS09790	33.3	186	124	0	35	220	6	191	2.99e-31	118
CA264_02815	iSynCJ816.SGL_RS12965	29.2	260	166	4	37	293	6	250	2.10e-30	115
CA264_02815	iCN900.CD630_11820	34.4	189	123	1	33	220	3	191	3.25e-30	115
CA264_02815	iEK1008.Rv1928c	36.4	195	121	3	29	220	4	198	7.24e-30	114
CA264_02815	iAF987.Gmet_1601	33.5	188	125	0	33	220	2	189	8.22e-30	114
CA264_02815	iCN718.ABAYE_RS13055	30.0	270	174	5	30	296	13	270	1.16e-28	111
CA264_02815	iCN900.CD630_26790	31.0	184	127	0	37	220	5	188	7.87e-29	111
CA264_02815	iYS854.USA300HOU_RS06185	34.4	183	119	1	37	218	3	185	1.11e-28	110
CA264_02815	iMM1415.235033	37.4	190	109	4	37	220	6	191	6.81e-28	110
CA264_02815	STM_v1_0.STM4483	32.8	189	127	0	32	220	5	193	2.70e-28	110
CA264_02815	iCN718.ABAYE_RS13105	28.7	272	178	3	33	294	3	268	9.77e-28	109
CA264_02815	iLJ478.TM1724	35.1	185	120	0	36	220	5	189	4.38e-28	109
CA264_02815	STM_v1_0.STM1195	31.3	192	129	1	33	224	2	190	8.11e-28	108
CA264_02815	iYO844.BSU15910	34.2	187	122	1	35	220	3	189	1.18e-27	108
CA264_02815	iCHOv1.100773401	37.8	188	107	4	39	220	8	191	4.40e-27	108
CA264_02815	iEK1008.Rv1350	33.3	186	123	1	35	220	6	190	1.21e-27	108
CA264_02820	iML1515.b2467	34.3	166	93	7	11	161	15	179	5.94e-20	82.0
CA264_02820	iSF_1195.SF2509	33.7	166	94	7	11	161	15	179	1.64e-19	80.9
CA264_02820	iSbBS512_1146.SbBS512_E2835	33.7	166	94	7	11	161	15	179	2.30e-19	80.5
CA264_02820	iSDY_1059.SDY_2650	33.7	166	94	7	11	161	15	179	2.30e-19	80.5
CA264_02820	iSSON_1240.SSON_2547	33.7	166	94	7	11	161	15	179	2.30e-19	80.5
CA264_02820	iJN1463.PP_4919	34.2	184	99	5	6	170	21	201	6.46e-19	79.7
CA264_02820	iML1515.b3034	35.8	179	99	5	6	168	21	199	1.77e-18	78.6
CA264_02820	iSDY_1059.SDY_3206	35.8	179	99	5	6	168	21	199	1.77e-18	78.6
CA264_02820	iSF_1195.SF3074	35.8	179	99	5	6	168	21	199	1.77e-18	78.6
CA264_02820	iSSON_1240.SSON_3172	35.8	179	99	5	6	168	21	199	1.77e-18	78.6
CA264_02820	iSbBS512_1146.SbBS512_E3467	35.8	179	99	5	6	168	21	199	2.48e-18	78.2
CA264_02820	STM_v1_0.STM3185	35.0	180	99	6	6	168	21	199	9.66e-18	76.6
CA264_02820	iCN718.ABAYE_RS17510	30.8	182	109	4	1	165	14	195	3.56e-17	75.1
CA264_02830	iLJ478.TM0809	27.0	300	207	6	101	394	16	309	1.04e-28	119
CA264_02830	iJN1463.PP_2145	33.1	281	173	7	103	376	20	292	1.09e-27	114
CA264_02865	iLB1027_lipid.PHATRDRAFT_10852	27.8	158	95	6	87	227	12	167	2.59e-06	46.6
CA264_02865	iSynCJ816.SGL_RS04070	24.7	150	86	7	94	228	77	214	7.75e-05	43.1
CA264_02895	iEK1008.Rv3569c	27.3	297	186	9	41	330	14	287	3.79e-15	74.3
CA264_02920	iAF987.Gmet_2999	33.1	118	67	5	7	124	10	115	3.11e-08	50.4
CA264_02925	iAF987.Gmet_3085	28.5	158	102	4	730	883	304	454	1.02e-08	59.3
CA264_02930	iSynCJ816.SGL_RS05435	45.7	750	373	11	12	740	5	741	1.50e-200	585
CA264_02930	iCN900.CD630_21150	45.3	751	386	8	11	740	79	825	3.41e-199	584
CA264_02930	iYS854.USA300HOU_RS13880	44.1	735	388	7	12	740	74	791	6.59e-197	577
CA264_02930	iYO844.BSU33500	45.8	743	373	9	11	740	74	799	2.11e-192	566
CA264_02930	STM_v1_0.STM0353	44.5	740	389	7	16	740	15	747	2.74e-188	554
CA264_02930	iAF692.Mbar_A1889	43.8	762	386	10	12	743	204	953	1.01e-180	541
CA264_02930	iSbBS512_1146.SbBS512_E0419	43.0	732	400	8	16	739	105	827	2.71e-177	528
CA264_02930	iML1515.b0484	43.2	732	399	8	16	739	105	827	3.83e-177	528
CA264_02930	iSDY_1059.SDY_0434	43.0	732	400	8	16	739	105	827	3.83e-177	528
CA264_02930	iSF_1195.SF0429	43.2	732	399	8	16	739	105	827	5.40e-177	527
CA264_02955	iML1515.b2047	36.9	333	199	6	136	464	139	464	2.34e-60	204
CA264_02960	iYO844.BSU35750	31.8	217	137	6	16	230	18	225	6.02e-30	112
CA264_02960	iYS854.USA300HOU_RS03445	28.1	221	151	3	23	242	32	245	4.97e-26	102
CA264_02970	iPC815.YPO3115	66.0	259	84	3	1	258	5	260	8.10e-127	360
CA264_02970	STM_v1_0.STM2092	65.6	259	85	3	1	258	1	256	2.22e-123	351
CA264_02970	iSynCJ816.SGL_RS03545	63.3	259	91	3	1	258	1	256	5.02e-122	348
CA264_02975	iAF692.Mbar_A0231	22.6	310	226	7	1	305	1	301	7.85e-13	68.2
CA264_02975	iSynCJ816.SGL_RS03640	27.8	291	173	11	2	270	8	283	2.95e-12	66.6
CA264_02975	iYO844.BSU30870	28.6	231	150	9	1	222	1	225	6.15e-12	65.5
CA264_02975	iAF692.Mbar_A1144	27.0	226	154	5	1	221	1	220	1.31e-11	64.3
CA264_02975	iSynCJ816.SGL_RS08980	27.7	285	173	10	3	266	7	279	5.47e-11	62.8
CA264_02980	iSF_1195.SF2101	45.7	173	92	2	5	176	5	176	1.21e-48	155
CA264_02980	iHN637.CLJU_RS02630	42.2	173	95	3	3	172	6	176	4.62e-46	149
CA264_02980	STM_v1_0.STM2094	44.8	174	93	3	1	172	2	174	4.76e-46	149
CA264_02980	iSbBS512_1146.SbBS512_E1195	45.8	166	87	3	5	168	5	169	1.43e-45	148
CA264_02980	iHN637.CLJU_RS02745	41.6	173	96	3	3	172	6	176	2.22e-45	147
CA264_02980	iJN1463.PP_1782	49.7	151	73	3	21	169	21	170	2.63e-45	147
CA264_02980	iYL1228.KPN_02488	43.2	176	94	4	1	171	1	175	9.03e-44	143
CA264_02980	iYL1228.KPN_02494	42.6	176	95	4	1	171	1	175	3.63e-43	142
CA264_02980	iSDY_1059.SDY_2207	45.2	155	83	2	5	158	5	158	3.73e-43	142
CA264_02990	iJN1463.PP_1783	26.2	260	159	10	7	257	5	240	1.60e-08	53.9
CA264_02990	iAF692.Mbar_A2020	26.3	247	155	9	12	256	8	229	3.80e-08	53.1
CA264_02995	iSynCJ816.SGL_RS12975	29.0	303	180	11	67	364	106	378	5.32e-22	96.7
CA264_03010	iJN1463.PP_1280	42.1	404	212	8	1	400	1	386	2.50e-90	283
CA264_03050	iSbBS512_1146.SbBS512_E4050	27.2	103	66	3	4	102	10	107	4.39e-06	47.0
CA264_03050	iSSON_1240.SSON_3782	27.2	103	66	3	4	102	10	107	4.39e-06	47.0
CA264_03050	iEK1008.Rv3265c	24.2	207	108	7	19	191	16	207	9.97e-05	42.7
CA264_03055	iNF517.LLMG_RS12140	21.4	332	215	9	25	342	25	324	1.09e-10	62.8
CA264_03055	iAM_Pf480.PF3D7_1032400	26.3	167	108	3	179	342	185	339	1.09e-09	59.7
CA264_03055	iAM_Pb448.PBANKA_051620	26.2	141	98	2	226	365	218	353	1.43e-09	59.3
CA264_03070	iYS854.USA300HOU_RS02960	23.5	306	198	13	39	320	151	444	7.40e-08	53.9
CA264_03070	iCHOv1.100768412	22.9	192	131	4	187	366	216	402	8.36e-07	50.4
CA264_03075	iYO844.BSU35600	23.6	331	245	3	10	338	9	333	5.26e-27	113
CA264_03100	iAM_Pb448.PBANKA_131810	30.3	637	378	12	2	579	125	754	2.42e-80	268
CA264_03100	iAM_Pv461.PVX_117760	30.0	644	376	15	4	579	158	794	1.31e-79	267
CA264_03100	iAM_Pc455.PCYB_126090	28.9	644	383	13	4	579	6	642	1.48e-78	261
CA264_03100	iAM_Pf480.PF3D7_1454400	30.9	621	370	15	6	574	135	748	4.79e-74	251
CA264_03105	iCN718.ABAYE_RS07200	26.7	427	225	15	55	441	63	441	4.30e-35	136
CA264_03110	iCN900.CD630_21240	26.9	119	82	3	86	204	96	209	3.71e-06	47.4
CA264_03120	iSynCJ816.SGL_RS03055	42.5	179	95	3	1	174	1	176	1.46e-36	125
CA264_03125	iSF_1195.SF3937	39.2	454	261	5	12	458	12	457	3.51e-99	304
CA264_03125	iML1515.b3867	39.4	454	260	6	12	458	12	457	1.97e-98	302
CA264_03125	iSbBS512_1146.SbBS512_E4342	39.4	454	260	6	12	458	12	457	1.97e-98	302
CA264_03125	iSSON_1240.SSON_4039	39.4	454	260	6	12	458	14	459	2.09e-98	302
CA264_03125	STM_v1_0.STM4004	39.6	455	258	7	12	458	12	457	3.92e-98	301
CA264_03125	iSDY_1059.SDY_3876	39.4	454	260	6	12	458	14	459	8.29e-98	301
CA264_03125	iJN1463.PP_4264	38.3	444	259	6	11	444	10	448	6.74e-97	298
CA264_03125	iYL1228.KPN_04175	37.7	454	268	5	12	458	12	457	1.89e-92	287
CA264_03125	iSynCJ816.SGL_RS10380	35.1	461	281	5	10	458	12	466	5.96e-90	281
CA264_03130	iCN900.CD630_28190	25.3	379	250	11	3	369	6	363	1.62e-28	114
CA264_03145	iJN1463.PP_2635	29.5	339	213	9	54	368	220	556	1.96e-26	114
CA264_03150	iML1515.b1617	23.6	237	129	8	3	194	277	506	3.55e-08	55.1
CA264_03165	iSynCJ816.SGL_RS11885	34.7	360	211	5	8	355	10	357	2.90e-67	215
CA264_03170	iAT_PLT_636.4706	31.5	54	36	1	1	53	79	132	7.28e-04	35.4
CA264_03170	iLB1027_lipid.PHATRDRAFT_31440	23.5	68	49	2	3	67	53	120	5.75e-04	35.4
CA264_03175	iML1515.b2470	29.3	1042	689	20	8	1020	6	1028	1.07e-103	349
CA264_03175	iSF_1195.SF2512	29.3	1042	689	20	8	1020	6	1028	1.07e-103	349
CA264_03175	iSSON_1240.SSON_2550	29.3	1042	689	20	8	1020	6	1028	2.81e-103	348
CA264_03175	iSDY_1059.SDY_2654	29.2	1042	690	20	8	1020	6	1028	5.35e-103	347
CA264_03175	iJN1463.PP_3426	26.6	1053	726	16	1	1020	1	1039	9.59e-101	341
CA264_03175	iYL1228.KPN_03673	28.5	1054	691	23	4	1020	2	1029	2.94e-94	323
CA264_03175	iJN1463.PP_1385	27.5	1037	712	20	4	1015	2	1023	9.45e-94	322
CA264_03175	iML1515.b3266	28.7	1037	703	22	8	1020	6	1030	3.61e-93	320
CA264_03175	STM_v1_0.STM3391	28.4	1044	697	26	8	1020	6	1030	1.23e-91	315
CA264_03180	iJN1463.PP_1386	26.3	338	222	11	37	349	24	359	2.10e-15	76.3
CA264_03180	iAF987.Gmet_1548	25.8	333	218	11	24	337	84	406	5.42e-13	69.3
CA264_03180	iJN1463.PP_5386	28.8	177	122	4	165	338	210	385	5.67e-13	69.3
CA264_03185	iSDY_1059.SDY_3205	22.1	438	283	10	19	431	27	431	3.76e-08	55.1
CA264_03185	STM_v1_0.STM3186	21.2	425	300	8	19	431	27	428	4.96e-08	54.7
CA264_03185	iSF_1195.SF3075	21.9	438	284	10	19	431	25	429	6.58e-08	54.3
CA264_03185	iML1515.b3035	21.9	438	284	10	19	431	25	429	1.53e-07	53.1
CA264_03185	iSSON_1240.SSON_3173	21.9	438	284	10	19	431	27	431	1.53e-07	53.1
CA264_03185	iSbBS512_1146.SbBS512_E3468	21.7	438	285	10	19	431	27	431	8.24e-07	50.8
CA264_03195	iAF987.Gmet_3159	35.5	611	301	19	22	549	111	711	9.98e-92	299
CA264_03195	iEK1008.Rv1328	32.6	616	318	18	22	549	113	719	3.61e-84	279
CA264_03200	iPC815.YPO3230	44.5	485	269	0	3	487	2	486	1.42e-147	430
CA264_03200	STM_v1_0.STM0316	44.6	484	268	0	3	486	2	485	1.11e-146	428
CA264_03200	iSDY_1059.SDY_0480	43.8	484	272	0	3	486	2	485	4.08e-144	421
CA264_03200	iML1515.b0237	43.6	484	273	0	3	486	2	485	5.78e-144	421
CA264_03200	iSbBS512_1146.SbBS512_E0234	43.6	484	273	0	3	486	2	485	1.16e-143	420
CA264_03200	iSSON_1240.SSON_0279	43.4	484	274	0	3	486	2	485	2.32e-143	419
CA264_03200	iSF_1195.SF0285	43.4	484	274	0	3	486	2	485	4.65e-143	419
CA264_03200	iYL1228.KPN_00249	45.6	447	243	0	40	486	3	449	4.42e-137	402
CA264_03205	iEK1008.Rv3571	32.2	360	212	10	6	347	9	354	3.59e-45	157
CA264_03205	iML1515.b1392	30.6	350	232	6	8	348	2	349	7.44e-43	151
CA264_03205	iJN1463.PP_3274	31.2	356	221	9	11	348	5	354	1.70e-39	142
CA264_03210	iML1515.b1197	24.1	174	117	5	330	497	270	434	2.70e-04	44.3
CA264_03210	iSDY_1059.SDY_1246	24.1	174	117	5	330	497	270	434	2.70e-04	44.3
CA264_03210	iSF_1195.SF1200	24.1	174	117	5	330	497	270	434	2.70e-04	44.3
CA264_03210	iYL1228.KPN_02303	27.1	129	80	3	330	452	275	395	3.60e-04	43.9
CA264_03215	iJN1463.PP_2193	22.6	363	239	12	176	516	208	550	4.61e-04	43.5
CA264_03225	iAF987.Gmet_1548	31.0	393	257	4	15	395	35	425	2.71e-57	194
CA264_03230	iAF987.Gmet_1548	30.7	436	230	10	15	431	35	417	1.53e-53	185
CA264_03235	iAF987.Gmet_1549	23.4	290	201	7	146	424	132	411	1.42e-08	56.2
CA264_03240	iAF987.Gmet_1547	53.6	629	283	4	5	632	425	1045	7.22e-231	668
CA264_03250	iAF987.Gmet_1547	54.5	418	189	1	1	417	1	418	6.58e-156	467
CA264_03265	iCN900.CD630_31820	29.3	533	310	16	42	517	4	526	3.79e-59	204
CA264_03275	iPC815.YPO0008	32.0	309	207	1	1	309	1	306	2.82e-43	150
CA264_03275	iJN1463.PP_2458	30.5	295	201	2	5	298	4	295	1.33e-42	148
CA264_03275	iML1515.b3752	32.9	301	199	1	4	304	5	302	8.54e-42	146
CA264_03275	iYL1228.KPN_04157	32.1	308	206	1	4	311	6	310	8.75e-42	146
CA264_03275	iSbBS512_1146.SbBS512_E4167	32.9	301	199	1	4	304	5	302	8.54e-42	146
CA264_03275	iSSON_1240.SSON_3922	32.9	301	199	1	4	304	5	302	8.54e-42	146
CA264_03275	iSF_1195.SF3835	32.6	301	200	1	4	304	10	307	2.65e-41	145
CA264_03275	STM_v1_0.STM3885	31.2	308	209	1	4	311	5	309	3.52e-40	142
CA264_03275	iSDY_1059.SDY_3995	32.2	298	199	1	4	301	5	299	5.23e-39	139
CA264_03290	iYO844.BSU26650	24.3	206	140	5	35	239	24	214	3.41e-06	47.8
CA264_03330	iYL1228.KPN_01198	47.2	125	65	1	25	149	6	129	1.88e-36	122
CA264_03330	STM_v1_0.STM1291	48.8	123	62	1	27	149	18	139	2.51e-36	122
CA264_03330	iPC815.YPO2158	47.4	116	60	1	33	148	14	128	3.05e-35	119
CA264_03330	iML1515.b1778	46.7	122	64	1	27	148	8	128	1.74e-34	117
CA264_03330	iSF_1195.SF1445	46.7	122	64	1	27	148	8	128	1.74e-34	117
CA264_03330	iSSON_1240.SSON_1385	46.7	122	64	1	27	148	8	128	1.74e-34	117
CA264_03330	iSDY_1059.SDY_1489	45.1	122	66	1	27	148	8	128	1.99e-33	114
CA264_03330	iYO844.BSU21680	47.9	117	59	2	33	149	12	126	9.52e-33	112
CA264_03330	iEK1008.Rv2674	45.7	129	67	3	21	147	5	132	7.79e-33	112
CA264_03330	iAF987.Gmet_0222	46.5	127	66	2	25	150	7	132	1.03e-30	112
CA264_03335	iYL1228.KPN_01056	40.1	314	181	4	1	309	1	312	8.38e-72	224
CA264_03335	STM_v1_0.STM1135	41.0	300	170	4	15	309	15	312	8.48e-69	216
CA264_03335	iML1515.b1033	37.1	318	185	4	1	309	1	312	4.78e-68	214
CA264_03335	iSSON_1240.SSON_1042	37.1	318	185	4	1	309	14	325	6.98e-68	214
CA264_03335	iSbBS512_1146.SbBS512_E2296	37.1	318	185	4	1	309	1	312	9.53e-68	213
CA264_03335	iSDY_1059.SDY_1004	37.6	314	189	4	1	309	14	325	7.83e-67	211
CA264_03410	iJN1463.PP_3598	34.5	145	86	3	119	254	91	235	3.15e-19	85.1
CA264_03410	iYL1228.KPN_01020	31.4	153	95	3	127	269	85	237	1.37e-16	77.4
CA264_03410	iML1515.b1298	30.7	153	96	3	127	269	89	241	2.00e-16	77.0
CA264_03410	iSF_1195.SF1303	30.7	153	96	3	127	269	93	245	2.12e-16	77.0
CA264_03410	iSSON_1240.SSON_1842	30.7	153	96	3	127	269	93	245	2.12e-16	77.0
CA264_03420	iSF_1195.SF3464	47.0	536	278	4	31	563	48	580	7.81e-159	465
CA264_03420	iML1515.b3447	47.0	536	278	4	31	563	48	580	1.11e-158	465
CA264_03420	STM_v1_0.STM3551	46.5	536	281	4	31	563	48	580	3.13e-158	464
CA264_03420	iSDY_1059.SDY_3595	46.7	540	274	5	31	563	49	581	9.15e-158	462
CA264_03420	iYL1228.KPN_03807	46.5	536	281	4	31	563	40	572	5.49e-157	460
CA264_03420	iIT341.HP1118	45.7	532	282	3	29	555	35	564	1.87e-156	459
CA264_03420	iJN1463.PP_4659	46.4	556	276	10	7	556	8	547	7.65e-150	441
CA264_03425	iJN1463.PP_3970	41.6	392	218	3	1	382	1	391	2.64e-104	313
CA264_03425	iYO844.BSU26970	42.0	381	216	4	1	379	1	378	9.04e-97	293
CA264_03445	iCN900.CD630_30510	34.6	356	225	4	20	373	4	353	2.63e-63	207
CA264_03445	iSF_1195.SF1667	37.8	357	202	7	20	375	7	344	9.98e-63	205
CA264_03445	iSbBS512_1146.SbBS512_E1832	37.5	357	203	7	20	375	7	344	5.49e-62	203
CA264_03445	iSDY_1059.SDY_1863	37.5	357	203	7	20	375	7	344	5.49e-62	203
CA264_03445	iSSON_1240.SSON_1516	37.5	357	203	7	20	375	7	344	5.49e-62	203
CA264_03445	iML1515.b1640	37.3	357	204	7	20	375	7	344	2.15e-61	202
CA264_03445	iYL1228.KPN_01978	37.0	357	205	7	20	375	7	344	2.66e-60	199
CA264_03445	STM_v1_0.STM1446	36.7	357	206	7	20	375	7	344	1.01e-59	197
CA264_03445	iPC815.YPO2372	35.2	358	210	7	20	375	7	344	2.15e-57	191
CA264_03450	iJN1463.PP_0525	35.0	103	51	6	162	263	95	182	4.25e-04	43.9
CA264_03450	iSDY_1059.SDY_1022	34.6	104	57	5	165	263	74	171	4.41e-04	43.9
CA264_03470	iYO844.BSU15910	41.1	241	138	4	12	251	5	242	4.06e-50	164
CA264_03470	iLJ478.TM1724	40.2	244	143	3	8	251	2	242	5.73e-50	164
CA264_03470	iYS854.USA300HOU_RS06185	42.3	241	135	4	12	251	3	240	1.08e-49	163
CA264_03470	iYO844.BSU03930	39.8	244	142	4	11	251	7	248	3.47e-49	162
CA264_03470	iLB1027_lipid.PHATRDRAFT_13073	39.8	244	140	4	12	251	7	247	2.78e-49	162
CA264_03470	iAF987.Gmet_1531	39.9	243	138	5	11	251	6	242	1.55e-47	157
CA264_03470	iSynCJ816.SGL_RS07245	40.8	245	137	4	9	251	4	242	2.93e-47	157
CA264_03470	iAF987.Gmet_1601	40.2	241	141	2	11	251	5	242	1.59e-46	155
CA264_03470	iHN637.CLJU_RS20765	39.6	245	136	5	12	251	7	244	6.68e-46	153
CA264_03470	iAF987.Gmet_1694	38.7	248	147	4	8	254	2	245	1.92e-44	149
CA264_03470	iCN900.CD630_26790	36.5	255	151	2	12	256	5	258	3.85e-44	149
CA264_03475	iYO844.BSU39780	27.6	301	183	5	18	285	10	308	1.40e-32	121
CA264_03475	iML1515.b1771	28.6	304	174	6	18	278	10	313	1.46e-29	114
CA264_03495	iCN900.CD630_01030	29.7	246	154	8	7	243	8	243	3.75e-26	102
CA264_03500	iCN900.CD630_31950	35.0	858	469	17	17	840	4	806	4.17e-140	434
CA264_03535	iAF987.Gmet_1601	37.6	189	114	2	5	190	6	193	2.23e-30	114
CA264_03535	iCHOv1.100773401	37.9	190	102	7	9	188	10	193	1.26e-28	110
CA264_03535	iHN637.CLJU_RS20765	32.9	219	139	4	4	215	6	223	9.38e-29	109
CA264_03535	iYS854.USA300HOU_RS06185	37.5	184	108	3	9	187	7	188	4.58e-28	107
CA264_03535	iMM1415.235033	35.1	188	110	5	9	188	10	193	7.20e-27	106
CA264_03535	iHN637.CLJU_RS17225	32.7	220	138	3	5	215	9	227	7.57e-27	104
CA264_03535	iCHOv1.100750866	32.4	259	153	8	4	247	3	254	3.40e-26	104
CA264_03535	iNF517.LLMG_RS08260	34.4	186	120	2	5	189	3	187	8.06e-27	104
CA264_03535	iMM1415.15485	32.9	258	149	9	6	247	5	254	5.64e-26	104
CA264_03535	iCN718.ABAYE_RS09790	32.0	206	136	2	5	207	8	212	3.60e-26	103
CA264_03545	iSSON_1240.SSON_4482	30.0	217	135	8	246	451	17	227	5.13e-17	81.3
CA264_03595	iYO844.BSU27810	65.6	474	162	1	1	473	1	474	5.96e-220	614
CA264_03620	iSynCJ816.SGL_RS11885	35.0	360	224	8	2	357	4	357	2.90e-61	200
CA264_03625	iAM_Pf480.PF3D7_1401300	25.8	120	84	3	60	176	154	271	4.95e-05	44.7
CA264_03625	iJN1463.PP_5004	23.6	275	174	10	73	344	26	267	8.04e-05	43.5
CA264_03625	iAM_Pv461.PVX_089050	29.1	110	74	2	70	176	354	462	2.32e-04	42.7
CA264_03625	iAM_Pb448.PBANKA_070440	21.0	286	183	10	77	343	152	413	4.53e-04	41.6
CA264_03630	iAF987.Gmet_3085	25.3	411	246	14	23	413	88	457	8.13e-17	84.3
CA264_03645	STM_v1_0.STM3186	22.3	345	247	5	109	440	93	429	2.43e-10	62.0
CA264_03645	iML1515.b3035	24.2	356	230	10	109	440	91	430	4.08e-09	58.2
CA264_03645	iSDY_1059.SDY_3205	24.2	356	230	10	109	440	93	432	4.09e-09	58.2
CA264_03645	iSSON_1240.SSON_3173	24.2	356	230	10	109	440	93	432	4.09e-09	58.2
CA264_03645	iSF_1195.SF3075	24.2	356	230	10	109	440	91	430	7.16e-09	57.4
CA264_03645	iSF_1195.SF0473	22.1	403	295	8	40	437	67	455	6.78e-09	57.4
CA264_03645	iSSON_1240.SSON_0523	21.8	403	296	8	40	437	67	455	8.99e-09	57.0
CA264_03645	iSbBS512_1146.SbBS512_E3468	24.2	326	213	8	133	440	123	432	1.26e-08	56.6
CA264_03645	iML1515.b0572	21.7	410	288	9	40	437	67	455	1.57e-08	56.2
CA264_03650	iYL1228.KPN_03672	27.2	371	260	7	4	369	6	371	4.71e-30	118
CA264_03650	iML1515.b3265	26.8	362	253	7	12	365	15	372	9.79e-30	117
CA264_03650	iSbBS512_1146.SbBS512_E3648	26.8	362	253	7	12	365	15	372	9.79e-30	117
CA264_03650	STM_v1_0.STM3390	26.7	371	259	8	4	365	6	372	3.52e-29	116
CA264_03650	iJN1463.PP_1386	26.9	375	246	6	2	367	4	359	4.46e-28	113
CA264_03650	iJN1463.PP_3425	24.3	358	264	4	11	365	13	366	9.94e-26	107
CA264_03655	iJN1463.PP_3426	42.6	1057	588	8	3	1047	4	1053	1.63e-279	810
CA264_03655	iML1515.b0462	42.4	1031	587	7	6	1033	5	1031	2.20e-259	758
CA264_03655	iYL1228.KPN_03673	42.5	1034	586	8	3	1033	2	1029	2.05e-253	742
CA264_03655	STM_v1_0.STM3391	41.9	1034	593	8	3	1033	2	1030	5.95e-253	741
CA264_03655	iML1515.b2470	41.5	1031	599	4	3	1033	2	1028	1.18e-249	733
CA264_03655	iSDY_1059.SDY_2654	41.5	1031	599	4	3	1033	2	1028	3.32e-249	731
CA264_03655	iSF_1195.SF2512	41.4	1031	600	4	3	1033	2	1028	3.32e-249	731
CA264_03655	iSSON_1240.SSON_2550	41.4	1031	600	4	3	1033	2	1028	9.33e-249	730
CA264_03685	iJN1463.PP_0043	46.0	1047	544	8	1	1032	1	1041	2.23e-301	880
CA264_03685	iJN1463.PP_2410	46.5	1047	539	8	1	1032	1	1041	5.31e-301	879
CA264_03685	iAF987.Gmet_3509	42.2	1040	580	10	1	1032	1	1027	7.04e-268	793
CA264_03690	iJN1463.PP_2409	23.6	369	252	6	47	414	65	404	8.68e-21	93.2
CA264_03690	iJN1463.PP_0044	23.1	403	268	7	28	414	40	416	8.43e-19	87.4
CA264_03695	iYO844.BSU33490	50.7	592	281	5	88	672	112	699	2.94e-187	546
CA264_03695	iSynCJ816.SGL_RS16100	51.8	577	272	5	99	671	147	721	1.56e-183	538
CA264_03695	iCN900.CD630_03130	48.7	583	291	4	94	671	216	795	8.71e-179	528
CA264_03770	iEK1008.Rv1436	60.8	334	124	3	4	330	3	336	4.39e-135	387
CA264_03770	iAF987.Gmet_1946	60.7	328	127	2	4	329	3	330	1.35e-134	385
CA264_03770	iHN637.CLJU_RS19275	60.4	326	125	3	4	325	2	327	1.26e-133	383
CA264_03770	iYO844.BSU33940	59.5	328	131	2	4	329	3	330	3.60e-133	382
CA264_03770	iCN900.CD630_31740	58.8	325	123	4	4	321	2	322	2.24e-129	372
CA264_03770	iHN637.CLJU_RS06580	58.9	326	130	3	4	325	3	328	4.46e-128	369
CA264_03770	iYO844.BSU29020	55.9	329	143	2	3	329	2	330	3.54e-127	367
CA264_03770	STM_v1_0.STM1290	58.2	328	134	3	4	329	3	329	2.61e-127	367
CA264_03770	iML1515.b1779	58.2	328	134	3	4	329	3	329	3.70e-127	366
CA264_03770	iSbBS512_1146.SbBS512_E2026	58.2	328	134	3	4	329	3	329	3.70e-127	366
CA264_03770	iSDY_1059.SDY_1488	58.2	328	134	3	4	329	3	329	3.70e-127	366
CA264_03770	iSF_1195.SF1444	58.2	328	134	3	4	329	3	329	3.70e-127	366
CA264_03770	iSSON_1240.SSON_1384	58.2	328	134	3	4	329	3	329	3.70e-127	366
CA264_03770	iYL1228.KPN_01197	57.9	328	135	3	4	329	3	329	1.50e-126	365
CA264_03770	iPC815.YPO2157	56.4	328	140	3	4	329	6	332	7.72e-125	360
CA264_03770	iLJ478.TM0688	57.2	325	136	2	5	326	3	327	2.00e-122	354
CA264_03770	iYS854.USA300HOU_RS04185	55.3	333	138	4	4	329	3	331	2.93e-120	349
CA264_03770	iCN900.CD630_17670	55.7	332	142	4	3	329	2	333	4.45e-120	348
CA264_03780	iYS854.USA300HOU_RS10305	24.4	283	202	3	4	278	2	280	4.33e-18	82.4
CA264_03780	iAF987.Gmet_2741	27.7	231	153	7	9	229	7	233	9.29e-16	75.5
CA264_03795	iAF987.Gmet_1275	47.6	252	119	5	1	243	1	248	3.41e-72	220
CA264_03815	iAF987.Gmet_2556	22.4	143	104	2	21	162	343	479	5.54e-04	41.2
CA264_03815	iYS854.USA300HOU_RS02340	25.8	120	74	2	44	162	29	134	4.52e-04	41.2
CA264_03820	iCN900.CD630_11790	46.3	324	170	3	6	327	5	326	8.76e-98	291
CA264_03820	iAF987.Gmet_1599	43.5	324	180	2	6	327	4	326	7.57e-96	286
CA264_03820	iYO844.BSU11330	43.8	324	164	3	6	327	3	310	5.07e-93	279
CA264_03825	iCN900.CD630_11780	38.3	324	178	4	1	305	1	321	6.12e-74	230
CA264_03825	iAF987.Gmet_1598	39.4	325	174	4	1	306	1	321	1.27e-71	224
CA264_03825	iHN637.CLJU_RS06280	39.8	314	166	6	1	295	1	310	1.79e-69	219
CA264_03840	iSynCJ816.SGL_RS16360	38.1	349	193	5	1	332	1	343	3.63e-64	206
CA264_03840	iYL1228.KPN_00049	39.0	328	194	3	8	333	6	329	1.81e-62	201
CA264_03840	iAF987.Gmet_3404	34.5	336	199	4	6	330	5	330	5.24e-61	198
CA264_03840	iJN1463.PP_0402	36.2	329	203	3	7	332	4	328	2.96e-57	188
CA264_03845	iJN1463.PP_0980	41.6	368	203	7	111	472	130	491	1.42e-80	258
CA264_03845	iCN900.CD630_13000	38.2	419	242	9	69	475	70	483	9.28e-73	237
CA264_03845	iCN718.ABAYE_RS17615	44.1	313	164	6	164	473	171	475	4.93e-72	235
CA264_03845	iSbBS512_1146.SbBS512_E4821	43.5	317	170	5	159	472	183	493	3.20e-71	234
CA264_03845	iSF_1195.SF4229	44.2	312	165	5	164	472	188	493	3.20e-71	234
CA264_03845	iML1515.b4260	43.9	312	166	5	164	472	188	493	8.81e-71	233
CA264_03845	iSSON_1240.SSON_4445	43.9	312	166	5	164	472	188	493	8.81e-71	233
CA264_03845	iSDY_1059.SDY_4284	43.9	312	166	5	164	472	188	493	1.24e-70	232
CA264_03850	iAM_Pf480.PF3D7_1249900	32.5	249	150	7	18	255	374	615	1.93e-28	113
CA264_03850	iAM_Pv461.PVX_101390	31.3	227	144	6	37	255	276	498	6.68e-26	105
CA264_03850	iAM_Pc455.PCYB_147430	26.6	312	164	7	5	255	12	319	1.80e-26	105
CA264_03850	iAM_Pb448.PBANKA_146280	27.7	310	157	11	5	255	145	446	1.77e-25	103
CA264_03855	iYS854.USA300HOU_RS05000	33.5	403	262	3	45	444	54	453	3.37e-69	226
CA264_03855	iCN900.CD630_24360	34.0	371	230	4	89	449	94	459	2.91e-61	206
CA264_03865	iAF692.Mbar_A1431	30.1	309	204	5	10	316	2	300	2.42e-44	158
CA264_03865	iCHOv1.100774394	32.4	299	191	3	10	306	8	297	3.89e-44	157
CA264_03865	iMM1415.236539	32.4	299	191	3	10	306	8	297	3.89e-44	157
CA264_03865	iLJ478.TM1401	33.1	275	177	2	38	312	33	300	2.44e-45	155
CA264_03865	iSynCJ816.SGL_RS08600	30.7	309	202	4	10	316	3	301	3.50e-43	155
CA264_03865	iYS854.USA300HOU_RS09145	30.1	309	204	4	11	316	6	305	7.41e-42	151
CA264_03865	iAF987.Gmet_2378	30.9	298	197	3	10	304	2	293	1.56e-41	150
CA264_03865	iEK1008.Rv2996c	32.5	292	185	4	11	300	6	287	1.29e-40	148
CA264_03890	iYS854.USA300HOU_RS01340	35.8	106	64	2	42	147	5	106	2.39e-09	58.5
CA264_03905	iAF692.Mbar_A0408	26.9	212	119	7	18	196	18	226	2.89e-16	73.9
CA264_03905	iMM904.YLR308W	30.0	160	95	7	19	168	123	275	1.94e-13	67.0
CA264_03910	iML1515.b1022	30.5	236	150	8	36	267	74	299	1.26e-15	77.4
CA264_03910	iSynCJ816.SGL_RS10570	27.0	241	155	7	36	267	107	335	1.93e-14	73.9
CA264_03920	iSDY_1059.SDY_1506	42.5	341	181	4	19	354	5	335	2.66e-89	271
CA264_03920	iML1515.b1767	42.5	341	181	4	19	354	5	335	7.52e-89	270
CA264_03920	iSSON_1240.SSON_1388	42.5	341	181	4	19	354	5	335	7.52e-89	270
CA264_03920	iSbBS512_1146.SbBS512_E2022	42.5	341	181	4	19	354	5	335	1.50e-88	269
CA264_03920	STM_v1_0.STM1294	41.6	341	184	4	19	354	5	335	2.13e-88	269
CA264_03920	iSF_1195.SF1456	41.6	341	184	4	19	354	5	335	3.86e-86	263
CA264_03920	iYL1228.KPN_01203	40.5	341	188	4	19	354	5	335	5.76e-83	255
CA264_03920	iPC815.YPO2161	40.5	341	188	4	19	354	5	335	3.15e-82	253
CA264_03950	iCN900.CD630_19930	29.1	86	56	2	27	108	22	106	1.09e-06	43.5
CA264_03960	iYS854.USA300HOU_RS07520	42.5	87	39	3	76	162	75	150	1.49e-07	51.2
CA264_03990	iLB1027_lipid.PHATRDRAFT_13005	22.8	145	90	4	85	208	8	151	2.87e-04	39.7
CA264_04015	iCN900.CD630_27420	30.3	211	112	4	1	192	1	195	8.35e-20	87.0
CA264_04015	iEK1008.Rv0634c	25.8	229	128	6	11	221	27	231	7.75e-17	79.3
CA264_04040	iJN1463.PP_3957	52.1	486	231	2	18	502	12	496	4.09e-172	501
CA264_04080	iAF987.Gmet_0043	24.4	250	167	8	437	672	22	263	5.87e-07	52.4
CA264_04085	iCN718.ABAYE_RS13105	35.6	261	156	3	5	253	1	261	3.23e-34	126
CA264_04110	iAF692.Mbar_A1823	28.4	536	342	12	59	581	75	581	1.10e-51	186
CA264_04110	iAF987.Gmet_3470	27.5	495	334	6	90	577	126	602	2.44e-49	180
CA264_04140	iSynCJ816.SGL_RS08655	31.3	265	168	1	23	287	9	259	5.50e-42	145
CA264_04165	STM_v1_0.STM0847	42.4	311	167	1	1	299	1	311	6.47e-73	226
CA264_04165	iML1515.b0828	41.5	311	170	1	1	299	1	311	2.62e-71	223
CA264_04165	iSbBS512_1146.SbBS512_E2520	41.5	311	170	1	1	299	1	311	5.23e-71	222
CA264_04165	iSF_1195.SF0778	41.5	311	170	1	1	299	1	311	5.23e-71	222
CA264_04165	iSDY_1059.SDY_0759	41.2	311	171	1	1	299	1	311	2.09e-70	220
CA264_04165	iSSON_1240.SSON_0810	41.2	311	171	1	1	299	1	311	2.95e-70	220
CA264_04165	iYL1228.KPN_00861	39.9	311	175	2	1	299	1	311	1.32e-66	210
CA264_04170	iCN900.CD630_28320	23.2	271	193	4	17	287	38	293	1.46e-19	87.8
CA264_04190	iAF987.Gmet_2530	25.7	491	282	14	40	467	25	495	1.40e-33	132
CA264_04195	iAF987.Gmet_2529	29.3	457	309	9	7	456	13	462	6.29e-47	168
CA264_04200	iCN900.CD630_35200	32.4	281	185	2	14	292	10	287	6.58e-44	151
CA264_04210	iJN1463.PP_4131	44.2	482	258	4	2	475	4	482	1.43e-120	361
CA264_04210	iML1515.b2276	45.5	479	252	4	2	474	4	479	5.70e-119	357
CA264_04210	iSbBS512_1146.SbBS512_E2652	45.3	479	253	4	2	474	4	479	2.27e-118	355
CA264_04210	iYL1228.KPN_02666	45.3	472	249	4	9	474	11	479	1.81e-117	353
CA264_04210	iPC815.YPO2543	42.3	473	262	4	10	474	12	481	7.73e-114	344
CA264_04210	iSF_1195.SF2352	46.7	420	215	4	61	474	3	419	6.42e-111	334
CA264_04210	iSDY_1059.SDY_2472	46.9	420	214	4	61	474	3	419	9.08e-111	334
CA264_04210	iSSON_1240.SSON_2333	46.7	420	215	4	61	474	3	419	2.56e-110	333
CA264_04210	iCN718.ABAYE_RS15195	41.1	479	270	6	2	472	6	480	4.79e-109	332
CA264_04215	iJN1463.PP_4130	55.7	494	207	4	1	483	1	493	6.60e-188	535
CA264_04215	iPC815.YPO2544	55.1	492	211	3	1	483	1	491	1.24e-185	530
CA264_04215	iSbBS512_1146.SbBS512_E2653	54.3	494	215	3	1	483	1	494	5.53e-184	525
CA264_04215	iML1515.b2277	54.3	494	215	3	1	483	1	494	7.84e-184	525
CA264_04215	iSDY_1059.SDY_2473	54.3	494	215	3	1	483	1	494	1.58e-183	524
CA264_04215	iSSON_1240.SSON_2334	54.3	494	215	3	1	483	1	494	2.23e-183	524
CA264_04215	iSF_1195.SF2353	54.0	494	216	3	1	483	1	494	3.16e-183	523
CA264_04215	STM_v1_0.STM2317	54.5	494	214	3	1	483	1	494	1.81e-182	521
CA264_04215	iYL1228.KPN_02667	53.2	494	220	3	1	483	1	494	6.78e-180	515
CA264_04220	iJN1463.PP_4129	50.2	623	292	5	3	622	2	609	1.23e-192	555
CA264_04220	iPC815.YPO2545	50.5	628	290	6	3	626	2	612	3.16e-192	554
CA264_04220	iSbBS512_1146.SbBS512_E2654	48.4	626	308	3	3	628	2	612	1.40e-182	530
CA264_04220	iSSON_1240.SSON_2335	48.4	626	308	3	3	628	2	612	1.13e-181	527
CA264_04220	iSF_1195.SF2354	48.2	626	309	3	3	628	2	612	3.19e-181	526
CA264_04220	iML1515.b2278	48.2	626	309	3	3	628	2	612	4.52e-181	526
CA264_04220	iSDY_1059.SDY_2474	48.5	618	303	3	11	628	10	612	1.28e-180	525
CA264_04220	STM_v1_0.STM2318	47.6	628	310	5	3	628	2	612	1.46e-179	522
CA264_04220	iYL1228.KPN_02668	48.1	628	307	5	3	628	2	612	4.69e-178	518
CA264_04220	iCN718.ABAYE_RS15205	47.5	619	310	5	12	624	11	620	1.31e-173	507
CA264_04225	iJN1463.PP_4128	58.8	102	42	0	1	102	1	102	2.61e-38	123
CA264_04225	iCN718.ABAYE_RS15210	57.8	102	43	0	1	102	1	102	1.44e-35	116
CA264_04225	iPC815.YPO2546	57.6	99	42	0	4	102	2	100	9.08e-34	112
CA264_04230	iYL1228.KPN_02670	52.1	165	76	2	1	164	1	163	2.94e-50	159
CA264_04230	iPC815.YPO2547	53.3	165	73	3	1	164	1	162	4.36e-49	156
CA264_04230	STM_v1_0.STM2320	50.3	165	79	2	1	164	1	163	2.72e-48	154
CA264_04230	iJN1463.PP_4127	50.3	165	82	0	1	165	1	165	4.49e-48	153
CA264_04230	iML1515.b2280	48.5	165	82	2	1	164	1	163	2.20e-47	152
CA264_04230	iSbBS512_1146.SbBS512_E2656	48.5	165	82	2	1	164	1	163	2.20e-47	152
CA264_04230	iSDY_1059.SDY_2476	48.5	165	82	2	1	164	1	163	2.20e-47	152
CA264_04230	iSF_1195.SF2356	48.5	165	82	2	1	164	1	163	2.20e-47	152
CA264_04230	iSSON_1240.SSON_2337	48.5	165	82	2	1	164	1	163	2.20e-47	152
CA264_04235	iPC815.YPO2548	74.1	166	43	0	6	171	15	180	4.58e-78	229
CA264_04235	iSDY_1059.SDY_2477	75.3	166	41	0	6	171	15	180	1.31e-77	228
CA264_04235	iSSON_1240.SSON_2338	74.7	166	42	0	6	171	15	180	5.32e-77	227
CA264_04235	iML1515.b2281	74.7	166	42	0	6	171	15	180	7.55e-77	226
CA264_04235	iYL1228.KPN_02671	74.1	166	43	0	6	171	15	180	7.55e-77	226
CA264_04235	iSbBS512_1146.SbBS512_E2657	74.7	166	42	0	6	171	15	180	7.55e-77	226
CA264_04235	iSF_1195.SF2357	74.7	166	42	0	6	171	15	180	7.55e-77	226
CA264_04235	STM_v1_0.STM2321	74.1	166	43	0	6	171	15	180	2.16e-76	225
CA264_04235	iJN1463.PP_4126	70.1	167	50	0	5	171	16	182	4.85e-71	212
CA264_04235	iCN718.ABAYE_RS15220	66.7	171	55	1	3	171	10	180	7.48e-70	209
CA264_04240	STM_v1_0.STM2322	61.7	303	115	1	15	317	21	322	1.16e-131	377
CA264_04240	iML1515.b2282	61.1	303	117	1	15	317	21	322	3.32e-131	376
CA264_04240	iSbBS512_1146.SbBS512_E2658	61.1	303	117	1	15	317	21	322	3.32e-131	376
CA264_04240	iSDY_1059.SDY_2478	61.1	303	117	1	15	317	21	322	3.32e-131	376
CA264_04240	iSSON_1240.SSON_2339	61.1	303	117	1	15	317	21	322	3.32e-131	376
CA264_04240	iSF_1195.SF2358	60.7	303	118	1	15	317	21	322	1.34e-130	374
CA264_04240	iYL1228.KPN_02672	61.1	303	117	1	15	317	21	322	3.84e-130	373
CA264_04240	iCN718.ABAYE_RS15225	60.9	294	110	1	28	316	41	334	8.50e-130	373
CA264_04240	iPC815.YPO2549	60.1	303	120	1	15	317	21	322	1.26e-128	369
CA264_04240	iJN1463.PP_4125	60.9	307	116	3	15	317	21	327	5.08e-128	368
CA264_04245	iJN1463.PP_4124	52.6	892	410	7	1	884	1	887	0.0	920
CA264_04245	iYL1228.KPN_02673	51.7	895	419	8	1	885	1	892	0.0	918
CA264_04245	iSbBS512_1146.SbBS512_E2659	50.6	895	429	8	1	885	1	892	0.0	904
CA264_04245	iSSON_1240.SSON_2340	50.6	895	429	8	1	885	3	894	0.0	904
CA264_04245	iML1515.b2283	50.6	895	429	8	1	885	1	892	0.0	903
CA264_04245	iSF_1195.SF2359	50.5	895	430	8	1	885	1	892	6.08e-320	902
CA264_04245	iSDY_1059.SDY_2479	50.4	895	431	8	1	885	3	894	1.09e-318	899
CA264_04245	iPC815.YPO2550	50.2	901	428	9	1	884	1	897	2.40e-308	872
CA264_04245	iCN718.ABAYE_RS15230	49.8	903	419	14	1	887	1	885	6.05e-296	840
CA264_04250	iYL1228.KPN_02674	58.6	430	177	1	4	433	12	440	8.73e-185	521
CA264_04250	STM_v1_0.STM2324	59.6	413	166	1	4	416	12	423	3.33e-182	514
CA264_04250	iSbBS512_1146.SbBS512_E2660	59.6	413	166	1	4	416	12	423	9.49e-182	513
CA264_04250	iSF_1195.SF2360	59.6	413	166	1	4	416	12	423	9.49e-182	513
CA264_04250	iSSON_1240.SSON_2341	59.6	413	166	1	4	416	12	423	9.49e-182	513
CA264_04250	iML1515.b2284	59.6	413	166	1	4	416	12	423	1.91e-181	513
CA264_04250	iSDY_1059.SDY_2480	59.6	413	166	1	4	416	12	423	1.91e-181	513
CA264_04250	iPC815.YPO2551	58.6	415	169	2	4	416	19	432	1.19e-176	501
CA264_04250	iCN718.ABAYE_RS15235	55.7	415	179	3	4	416	18	429	6.13e-165	471
CA264_04250	iJN1463.PP_4123	55.1	412	182	2	4	413	20	430	3.49e-164	469
CA264_04255	iCN718.ABAYE_RS15240	52.9	153	72	0	1	153	16	168	1.74e-54	169
CA264_04255	iML1515.b2285	49.3	152	77	0	2	153	14	165	4.92e-51	160
CA264_04255	iSbBS512_1146.SbBS512_E2661	49.3	152	77	0	2	153	14	165	4.92e-51	160
CA264_04255	iSF_1195.SF2361	49.3	152	77	0	2	153	14	165	4.92e-51	160
CA264_04255	iSSON_1240.SSON_2342	49.3	152	77	0	2	153	14	165	4.92e-51	160
CA264_04255	iPC815.YPO2552	48.7	152	78	0	2	153	20	171	1.19e-50	159
CA264_04255	STM_v1_0.STM2325	49.3	152	77	0	2	153	14	165	1.40e-50	159
CA264_04255	iYL1228.KPN_02675	48.0	152	79	0	2	153	14	165	8.05e-50	157
CA264_04255	iSDY_1059.SDY_2481	48.7	152	78	0	2	153	14	165	1.62e-49	156
CA264_04260	iJN1463.PP_4121	58.4	575	238	1	8	582	20	593	1.83e-266	740
CA264_04260	iPC815.YPO2553	57.7	575	242	1	8	582	25	598	1.26e-265	738
CA264_04260	iML1515.b2286	58.9	576	235	2	8	582	22	596	2.73e-264	735
CA264_04260	iSDY_1059.SDY_2482	58.9	576	235	2	8	582	26	600	6.33e-264	734
CA264_04260	iSF_1195.SF2362	58.9	576	235	2	8	582	26	600	6.33e-264	734
CA264_04260	iSSON_1240.SSON_2343	58.9	576	235	2	8	582	26	600	6.33e-264	734
CA264_04260	iSbBS512_1146.SbBS512_E2662	58.9	576	235	2	8	582	26	600	8.98e-264	734
CA264_04260	iYL1228.KPN_02676	58.5	576	237	2	8	582	28	602	2.25e-262	730
CA264_04260	STM_v1_0.STM2326	57.8	576	241	2	8	582	26	600	9.79e-261	726
CA264_04260	iCN718.ABAYE_RS15245	57.2	575	244	2	8	582	23	595	1.62e-248	695
CA264_04265	iJN1463.PP_4120	65.6	195	63	1	22	212	31	225	4.91e-96	278
CA264_04265	iML1515.b2287	60.5	195	77	0	18	212	26	220	6.47e-93	270
CA264_04265	iSbBS512_1146.SbBS512_E2663	60.5	195	77	0	18	212	26	220	6.47e-93	270
CA264_04265	iSF_1195.SF2363	60.5	195	77	0	18	212	26	220	6.47e-93	270
CA264_04265	iSSON_1240.SSON_2344	60.5	195	77	0	18	212	26	220	6.47e-93	270
CA264_04265	STM_v1_0.STM2327	60.5	195	77	0	18	212	26	220	9.18e-93	270
CA264_04265	iSDY_1059.SDY_2483	60.0	195	78	0	18	212	26	220	5.28e-92	268
CA264_04265	iPC815.YPO2554	62.1	195	70	1	22	212	31	225	1.26e-91	267
CA264_04265	iYL1228.KPN_02677	59.8	199	76	1	18	212	26	224	3.48e-91	266
CA264_04270	iJN1463.PP_4119	47.5	118	62	0	12	129	12	129	1.06e-33	114
CA264_04275	iAF692.Mbar_A0964	35.9	92	59	0	31	122	54	145	7.01e-16	70.9
CA264_04290	iSSON_1240.SSON_1639	24.0	300	146	3	44	342	58	276	1.70e-20	90.1
CA264_04290	iML1515.b1485	24.0	300	146	3	44	342	58	276	2.33e-20	89.7
CA264_04290	iLJ478.TM1748	24.2	356	184	7	9	360	14	287	2.80e-20	89.4
CA264_04290	iYO844.BSU12940	22.4	286	139	3	63	343	95	302	5.17e-19	86.3
CA264_04290	iSbBS512_1146.SbBS512_E1748	24.0	300	142	4	44	342	58	272	5.05e-19	85.9
CA264_04290	iYS854.USA300HOU_RS04895	29.4	170	119	1	192	360	186	355	1.90e-18	85.1
CA264_04290	iYL1228.KPN_02195	23.2	341	181	4	2	341	23	283	1.95e-18	84.3
CA264_04290	iLJ478.TM1221	22.7	331	164	7	43	358	25	278	1.31e-17	81.6
CA264_04290	iLJ478.TM0059	24.9	285	129	4	67	342	136	344	3.07e-17	81.6
CA264_04290	iML1515.b1245	32.5	151	101	1	192	341	133	283	2.31e-17	81.3
CA264_04290	STM_v1_0.STM1744	31.8	151	102	1	192	341	133	283	2.31e-17	81.3
CA264_04290	iSbBS512_1146.SbBS512_E1414	32.5	151	101	1	192	341	133	283	2.31e-17	81.3
CA264_04290	iSSON_1240.SSON_1935	32.5	151	101	1	192	341	133	283	2.31e-17	81.3
CA264_04295	iJN1463.PP_3343	32.8	256	155	3	201	456	67	305	3.90e-27	110
CA264_04295	iYL1228.KPN_03898	31.7	287	174	5	190	460	58	338	1.15e-26	109
CA264_04295	STM_v1_0.STM0850	31.2	260	162	3	201	460	64	306	3.12e-26	107
CA264_04295	iSSON_1240.SSON_1638	31.1	273	168	4	201	457	66	334	5.56e-26	107
CA264_04295	iML1515.b1486	30.8	273	169	4	201	457	66	334	1.70e-24	103
CA264_04295	iYL1228.KPN_03851	32.4	259	158	4	201	459	67	308	1.54e-24	103
CA264_04295	iML1515.b3543	31.0	287	176	5	190	460	58	338	3.11e-24	102
CA264_04295	iYL1228.KPN_00864	30.8	260	163	3	201	460	64	306	1.83e-24	102
CA264_04295	iSDY_1059.SDY_4566	31.0	287	176	5	190	460	58	338	3.11e-24	102
CA264_04295	iSF_1195.SF3578	31.0	287	176	5	190	460	58	338	3.11e-24	102
CA264_04295	iSSON_1240.SSON_3847	31.0	287	176	5	190	460	58	338	3.11e-24	102
CA264_04295	STM_v1_0.STM3629	30.7	287	177	6	190	460	58	338	4.24e-24	102
CA264_04295	iML1515.b0831	29.9	261	166	3	200	460	63	306	3.42e-24	102
CA264_04295	iSDY_1059.SDY_0756	29.9	261	166	3	200	460	63	306	3.42e-24	102
CA264_04295	iSSON_1240.SSON_0813	29.9	261	166	3	200	460	63	306	3.42e-24	102
CA264_04295	iYO844.BSU12930	34.9	261	148	6	201	458	62	303	6.59e-24	101
CA264_04295	iSF_1195.SF0781	29.5	261	167	3	200	460	63	306	1.19e-23	100
CA264_04295	iAF692.Mbar_A0469	30.0	260	165	2	201	460	67	309	1.70e-23	100
CA264_04295	iSbBS512_1146.SbBS512_E2517	29.9	261	166	4	200	460	63	306	2.21e-23	99.8
CA264_04300	iML1515.b1487	22.4	527	331	18	33	550	37	494	8.75e-20	92.4
CA264_04300	iSbBS512_1146.SbBS512_E1750	22.2	527	332	18	33	550	37	494	6.44e-19	89.7
CA264_04300	iSSON_1240.SSON_1637	22.2	527	332	18	33	550	37	494	2.67e-18	87.8
CA264_04300	iSSON_1240.SSON_3714	23.0	534	329	20	24	541	24	491	3.65e-18	87.4
CA264_04300	iSF_1195.SF3494	22.8	534	330	20	24	541	24	491	2.66e-17	84.7
CA264_04325	iAF987.Gmet_2201	38.9	72	41	2	28	98	14	83	6.39e-05	45.4
CA264_04325	iYS854.USA300HOU_RS12610	41.2	51	27	1	47	97	31	78	9.27e-05	44.7
CA264_04325	iML1515.b0512	35.7	70	38	2	33	102	4	66	2.26e-04	43.5
CA264_04325	iHN637.CLJU_RS07520	40.0	65	34	4	33	97	3	62	6.85e-04	42.0
CA264_04330	iSSON_1240.SSON_2047	30.8	276	144	4	12	241	186	460	2.67e-30	117
CA264_04330	iYL1228.KPN_02445	30.0	290	155	5	12	255	186	473	6.98e-30	116
CA264_04330	STM_v1_0.STM2009	30.4	276	145	4	12	241	186	460	6.98e-30	116
CA264_04330	iML1515.b1982	30.4	276	145	4	12	241	186	460	9.61e-30	115
CA264_04330	iSbBS512_1146.SbBS512_E0986	30.4	276	145	4	12	241	84	358	3.02e-30	115
CA264_04330	iSF_1195.SF2053	30.4	276	145	4	12	241	186	460	1.32e-29	115
CA264_04330	iSDY_1059.SDY_2253	30.1	276	146	4	12	241	186	460	3.45e-29	114
CA264_04330	iPC815.YPO2288	30.1	289	155	5	12	254	198	485	1.32e-28	113
CA264_04340	iYS854.USA300HOU_RS03880	24.4	385	236	15	216	562	199	566	7.96e-18	87.0
CA264_04350	iYS854.USA300HOU_RS09065	60.4	371	145	2	1	370	1	370	7.07e-150	427
CA264_04350	iYO844.BSU31930	58.2	371	152	3	1	370	1	369	2.91e-143	410
CA264_04360	iYO844.BSU24040	36.2	265	164	4	482	744	18	279	7.44e-48	172
CA264_04360	iYS854.USA300HOU_RS08105	36.6	276	168	5	472	744	8	279	9.13e-44	160
CA264_04360	iYO844.BSU14590	33.2	325	203	9	473	790	6	323	3.65e-42	156
CA264_04380	iAF987.Gmet_1919	34.6	127	83	0	1	127	2	128	3.32e-20	90.5
CA264_04380	iAF987.Gmet_1914	33.1	130	87	0	1	130	1	130	1.17e-17	84.0
CA264_04390	iJN1463.PP_0959	29.2	209	135	3	53	254	49	251	1.73e-24	98.6
CA264_04395	iCN900.CD630_07520	38.9	239	140	5	14	250	1	235	8.83e-48	158
CA264_04395	iYS854.USA300HOU_RS13040	36.4	228	143	2	14	241	1	226	6.68e-45	150
CA264_04395	iCN900.CD630_21720	34.9	241	150	5	14	250	1	238	1.11e-44	150
CA264_04395	iJN1463.PP_0958	33.9	236	155	1	15	250	9	243	2.67e-44	150
CA264_04395	iYO844.BSU29340	36.7	240	147	4	14	250	1	238	4.08e-44	149
CA264_04395	iIT341.HP1576	35.1	231	141	3	14	240	2	227	4.41e-43	148
CA264_04395	iCN900.CD630_14890	34.8	227	146	2	14	240	1	225	7.58e-43	147
CA264_04395	iCN900.CD630_32150	37.0	230	140	4	14	242	4	229	1.93e-43	147
CA264_04395	iNF517.LLMG_RS09915	36.2	243	141	5	14	250	5	239	1.19e-42	145
CA264_04395	iJN1463.PP_0283	34.7	248	147	6	15	250	8	252	1.69e-42	145
CA264_04395	iCN718.ABAYE_RS06340	35.2	247	144	7	17	250	9	252	6.82e-42	143
CA264_04395	iJN1463.PP_0220	37.7	220	131	3	30	247	50	265	9.00e-41	143
CA264_04395	STM_v1_0.STM1742	36.6	254	143	5	5	241	2	254	6.01e-41	143
CA264_04395	STM_v1_0.STM2441	35.4	229	139	3	15	240	3	225	1.16e-40	143
CA264_04400	iEK1008.Rv3498c	24.8	113	83	1	6	118	8	118	8.99e-05	43.5
CA264_04430	iSynCJ816.SGL_RS17040	23.1	454	304	14	42	474	33	462	3.97e-29	122
CA264_04470	iAF987.Gmet_1659	29.3	229	132	8	24	241	23	232	1.29e-15	73.6
CA264_04485	iAF987.Gmet_0211	40.9	279	164	1	7	285	3	280	7.23e-68	212
CA264_04485	iCN900.CD630_32250	40.0	270	162	0	7	276	4	273	3.40e-64	203
CA264_04485	iYO844.BSU16770	39.2	268	162	1	12	278	9	276	5.86e-64	202
CA264_04485	iHN637.CLJU_RS17040	37.5	280	168	3	7	283	5	280	1.28e-63	201
CA264_04485	iCN900.CD630_32230	38.1	270	167	0	7	276	4	273	1.02e-62	199
CA264_04485	iAF692.Mbar_A1150	38.5	286	169	3	8	288	4	287	1.36e-62	199
CA264_04485	iJN1463.PP_1237	37.6	282	173	1	6	284	2	283	1.52e-59	191
CA264_04490	iAF987.Gmet_1919	33.3	117	71	3	6	117	6	120	1.04e-10	60.5
CA264_04500	iYO844.BSU02750	33.8	207	131	3	21	222	21	226	1.45e-33	123
CA264_04500	iYL1228.KPN_02565	33.9	218	138	3	5	216	1	218	1.32e-32	122
CA264_04500	STM_v1_0.STM0828	33.6	226	141	3	5	222	1	225	2.73e-31	117
CA264_04500	iCN900.CD630_14890	27.2	287	188	4	5	283	1	274	2.98e-30	116
CA264_04500	iMM1415.11303	27.7	321	194	8	13	308	1898	2205	8.94e-29	116
CA264_04500	iML1515.b0809	32.6	224	142	3	5	220	1	223	1.09e-29	112
CA264_04500	iYL1228.KPN_00838	32.1	224	143	3	5	220	1	223	1.09e-29	112
CA264_04500	iJN1463.PP_0220	28.9	235	153	3	1	221	24	258	1.26e-28	112
CA264_04500	iSbBS512_1146.SbBS512_E2539	32.6	224	142	3	5	220	1	223	1.09e-29	112
CA264_04500	iSDY_1059.SDY_0787	32.6	224	142	3	5	220	1	223	1.52e-29	112
CA264_04500	iSSON_1240.SSON_0789	32.6	224	142	3	5	220	1	223	1.52e-29	112
CA264_04500	iSynCJ816.SGL_RS17160	28.5	323	194	8	9	304	6	318	1.42e-28	112
CA264_04500	iSF_1195.SF0760	32.6	224	142	3	5	220	1	223	2.96e-29	111
CA264_04510	iYS854.USA300HOU_RS10340	44.1	664	360	8	6	665	3	659	2.74e-188	548
CA264_04510	iYL1228.KPN_02758	43.2	666	370	5	10	669	7	670	2.57e-184	538
CA264_04510	iML1515.b2411	43.1	666	371	5	10	669	7	670	4.12e-183	535
CA264_04510	iSDY_1059.SDY_2608	43.2	666	370	5	10	669	7	670	5.83e-183	534
CA264_04510	iSSON_1240.SSON_2500	42.8	666	373	5	10	669	7	670	9.34e-182	531
CA264_04510	iSF_1195.SF2466	42.8	666	373	5	10	669	7	670	7.47e-181	529
CA264_04510	STM_v1_0.STM2427	42.6	666	374	5	10	669	7	670	6.76e-179	524
CA264_04530	iAT_PLT_636.5162	53.0	328	149	2	1	323	12	339	7.72e-116	338
CA264_04530	iMM904.YBR221C	53.0	328	147	4	2	323	37	363	2.03e-114	335
CA264_04530	iMM1415.68263	54.0	322	143	2	7	323	36	357	6.50e-114	333
CA264_04530	iCN900.CD630_00370	51.1	325	158	1	2	325	4	328	9.38e-114	332
CA264_04530	iCHOv1.100774878	53.7	322	144	2	7	323	39	360	4.10e-113	332
CA264_04530	iLB1027_lipid.PHATRDRAFT_20183	51.1	325	154	2	7	326	33	357	7.70e-113	331
CA264_04530	iIS312.TCDM_03948	49.4	326	160	2	3	323	21	346	2.33e-111	327
CA264_04530	iAF987.Gmet_2753	50.5	327	161	1	1	326	1	327	5.01e-111	325
CA264_04545	iEK1008.Rv3265c	23.6	229	160	3	5	218	1	229	5.12e-16	77.0
CA264_04560	iYO844.BSU39350	45.3	486	263	3	12	495	9	493	8.95e-138	406
CA264_04560	iHN637.CLJU_RS10535	44.6	482	263	4	7	486	6	485	6.95e-137	404
CA264_04560	iYS854.USA300HOU_RS00040	44.4	496	270	5	6	496	4	498	4.06e-135	399
CA264_04560	iCN718.ABAYE_RS00935	46.7	450	236	2	46	491	43	492	9.72e-130	386
CA264_04560	iMM1415.15109	44.5	497	265	5	7	494	116	610	2.56e-125	379
CA264_04560	iCHOv1.100753802	43.8	496	270	4	7	494	116	610	5.11e-125	379
CA264_04560	iJN1463.PP_5032	45.3	450	242	2	46	491	44	493	1.49e-125	375
CA264_04560	STM_v1_0.STM0791	45.4	452	243	2	48	495	46	497	1.67e-123	370
CA264_04565	iLB1027_lipid.PHATRDRAFT_16944	33.8	473	259	15	8	463	2	437	2.02e-69	227
CA264_04565	iMM904.YPR033C	32.6	500	249	16	9	461	58	516	6.05e-65	218
CA264_04570	iML1515.b2047	35.4	370	226	8	85	447	92	455	1.40e-60	204
CA264_04575	iEK1008.Rv0486	27.5	193	113	5	165	331	211	402	1.59e-11	65.1
CA264_04575	iSynCJ816.SGL_RS12975	31.6	117	78	2	205	319	230	346	2.41e-10	61.2
CA264_04585	iJN1463.PP_1801	31.3	281	185	4	80	356	103	379	1.01e-27	111
CA264_04585	STM_v1_0.STM2086	32.1	265	158	5	51	315	75	317	2.47e-27	110
CA264_04605	iML1515.b2037	30.5	394	273	1	24	416	10	403	4.90e-50	174
CA264_04615	iCN900.CD630_04870	30.9	256	150	9	264	511	38	274	2.11e-24	102
CA264_04620	iJN1463.PP_3123	65.7	216	74	0	1	216	1	216	1.33e-100	290
CA264_04620	iYL1228.KPN_02054	65.0	214	75	0	3	216	2	215	1.55e-99	287
CA264_04620	iEK1008.Rv2503c	60.9	202	79	0	8	209	11	212	1.25e-91	267
CA264_04620	iAF987.Gmet_3297	61.0	213	83	0	1	213	1	213	5.08e-91	266
CA264_04625	iAF987.Gmet_3296	68.7	227	71	0	4	230	2	228	2.15e-110	316
CA264_04625	iJN1463.PP_3122	62.9	229	84	1	2	230	4	231	3.36e-103	298
CA264_04625	iIT341.HP0691	60.0	230	92	0	2	231	1	230	9.60e-103	296
CA264_04625	iYO844.BSU38990	62.3	231	87	0	2	232	1	231	9.62e-102	294
CA264_04625	iCN718.ABAYE_RS09810	63.2	231	84	1	2	231	1	231	4.58e-99	287
CA264_04635	iCN900.CD630_13150	37.8	299	183	2	1	299	1	296	1.40e-72	226
CA264_04635	iAF987.Gmet_1388	41.3	300	172	3	1	299	1	297	1.31e-70	221
CA264_04635	iYL1228.KPN_00020	39.9	301	176	4	1	299	1	298	2.77e-64	204
CA264_04640	iEK1008.Rv2793c	41.2	211	120	1	10	216	8	218	1.23e-51	169
CA264_04640	iSynCJ816.SGL_RS18050	44.9	214	111	3	11	218	5	217	2.05e-49	163
CA264_04640	iNF517.LLMG_RS07220	41.4	220	121	3	10	221	8	227	6.88e-49	162
CA264_04645	iCN718.ABAYE_RS04130	39.1	276	133	5	5	266	8	262	1.66e-52	172
CA264_04645	iCN900.CD630_13320	39.6	283	135	6	1	267	7	269	9.84e-52	170
CA264_04645	iJN1463.PP_2862	39.0	277	135	4	4	267	8	263	1.62e-47	159
CA264_04690	iHN637.CLJU_RS10465	33.4	335	214	4	45	371	303	636	4.28e-65	225
CA264_04700	iSynCJ816.SGL_RS08660	49.8	873	431	4	1	867	1	872	3.18e-302	854
CA264_04715	iAF987.Gmet_1277	48.8	258	132	0	4	261	7	264	1.65e-83	251
CA264_04715	iJN1463.PP_1807	45.1	257	139	1	7	261	8	264	1.25e-74	228
CA264_04715	iPC815.YPO2021	45.0	249	135	1	15	261	19	267	2.84e-74	228
CA264_04715	iJN1463.PP_1611	42.1	261	151	0	1	261	5	265	1.47e-73	226
CA264_04740	iJN1463.PP_1645	54.0	113	51	1	2	113	4	116	3.73e-32	108
CA264_04750	iJN1463.PP_4725	34.8	221	130	7	27	238	51	266	4.87e-29	109
CA264_04750	iSSON_1240.SSON_0036	35.5	203	114	6	47	238	74	270	8.46e-27	103
CA264_04750	iYL1228.KPN_00039	34.5	200	120	5	47	238	74	270	1.65e-26	103
CA264_04750	iSbBS512_1146.SbBS512_E0035	35.0	203	115	6	47	238	74	270	3.22e-26	102
CA264_04750	iML1515.b0031	35.0	203	115	6	47	238	74	270	4.50e-26	102
CA264_04750	iSDY_1059.SDY_0053	35.0	203	115	6	47	238	74	270	4.50e-26	102
CA264_04750	iSF_1195.SF0028	35.0	203	115	6	47	238	74	270	4.50e-26	102
CA264_04750	iPC815.YPO0480	33.6	223	130	7	27	238	55	270	6.28e-26	101
CA264_04750	iAF692.Mbar_A1151	32.2	239	134	7	8	238	45	263	5.37e-25	99.0
CA264_04750	STM_v1_0.STM0064	32.0	200	125	5	47	238	74	270	6.48e-25	99.0
CA264_04765	iAF987.Gmet_0662	38.8	67	38	2	11	74	9	75	2.00e-04	41.6
CA264_04765	iCN900.CD630_07170	43.6	55	26	1	11	65	8	57	5.86e-04	40.0
CA264_04765	iAF692.Mbar_A0171	42.3	52	28	1	11	60	9	60	6.13e-04	40.0
CA264_04765	iHN637.CLJU_RS02400	39.4	66	37	2	11	74	9	73	8.18e-04	39.7
CA264_04775	iMM1415.15211	29.1	429	249	10	104	520	114	499	1.54e-49	178
CA264_04775	iCHOv1.100750552	27.8	431	252	8	104	520	114	499	1.03e-47	173
CA264_04810	iHN637.CLJU_RS01075	58.8	532	218	1	1	532	1	531	7.79e-237	661
CA264_04810	iYO844.BSU37150	55.5	535	237	1	3	537	2	535	1.48e-227	637
CA264_04810	iYS854.USA300HOU_RS11480	55.1	535	240	0	3	537	2	536	8.79e-227	635
CA264_04810	iAF987.Gmet_1276	54.3	534	240	3	1	533	1	531	5.98e-218	613
CA264_04820	iMM904.YHR068W	23.8	168	91	4	162	318	232	373	9.15e-07	49.7
CA264_04825	iYO844.BSU39050	57.7	711	266	6	18	728	9	684	5.46e-285	797
CA264_04835	iCN900.CD630_04310	23.7	541	314	15	2	516	5	472	3.19e-21	97.1
CA264_04835	iPC815.YPO3712	34.8	201	110	6	325	506	6	204	1.44e-21	96.7
CA264_04835	iYL1228.KPN_04424	32.5	203	116	5	323	506	4	204	3.49e-21	95.5
CA264_04835	iML1515.b4035	32.5	203	116	6	323	506	4	204	2.10e-20	93.2
CA264_04835	iSF_1195.SF4170	32.5	203	116	6	323	506	4	204	2.10e-20	93.2
CA264_04835	iSSON_1240.SSON_4213	32.5	203	116	6	323	506	4	204	2.10e-20	93.2
CA264_04835	STM_v1_0.STM4230	32.0	203	117	5	323	506	4	204	4.96e-20	92.0
CA264_04835	iYS854.USA300HOU_RS14570	22.8	543	340	21	1	505	5	506	3.07e-18	88.2
CA264_04835	iYS854.USA300HOU_RS08305	30.0	207	123	4	322	506	10	216	3.66e-19	87.4
CA264_04850	iAF987.Gmet_3469	39.2	551	332	3	4	552	5	554	3.95e-135	419
CA264_04850	iJN1463.PP_4059	38.3	546	327	5	9	545	12	556	1.78e-129	404
CA264_04855	iYS854.USA300HOU_RS08055	43.2	514	247	11	9	487	5	508	3.22e-136	405
CA264_04855	iYO844.BSU34560	38.3	546	284	12	9	510	4	540	1.19e-130	391
CA264_04855	iYO844.BSU07810	38.4	573	296	14	1	532	1	557	3.37e-127	382
CA264_04870	iAF987.Gmet_1249	26.2	164	121	0	15	178	16	179	9.15e-13	69.3
CA264_04880	iHN637.CLJU_RS10465	46.6	73	39	0	630	702	562	634	1.56e-12	70.5
CA264_04890	iCN718.ABAYE_RS18170	50.6	314	145	5	1	306	1	312	2.47e-102	302
CA264_04890	iPC815.YPO1374	50.6	308	142	6	7	306	8	313	4.11e-99	294
CA264_04890	iCN718.ABAYE_RS14635	49.0	314	150	5	1	306	1	312	4.95e-99	293
CA264_04890	iAF987.Gmet_3070	49.4	314	148	7	1	306	1	311	7.24e-99	293
CA264_04890	iMM904.YDR353W	47.9	313	152	4	7	308	5	317	1.84e-97	290
CA264_04890	iEK1008.Rv3913	48.8	299	153	0	9	307	18	316	9.99e-96	286
CA264_04890	iMM904.YHR106W	46.8	314	156	4	7	309	28	341	3.26e-93	280
CA264_04890	iJN1463.PP_0786	48.7	314	148	7	2	306	3	312	2.30e-93	279
CA264_04890	iYL1228.KPN_00920	47.6	309	151	6	7	306	17	323	8.52e-91	273
CA264_04890	iSbBS512_1146.SbBS512_E2441	48.2	309	149	6	7	306	8	314	6.21e-91	273
CA264_04890	iML1515.b0888	48.2	309	149	6	7	306	8	314	8.79e-91	273
CA264_04890	STM_v1_0.STM0958	47.9	309	150	6	7	306	8	314	9.07e-91	273
CA264_04890	iSDY_1059.SDY_2373	48.2	309	149	6	7	306	8	314	8.79e-91	273
CA264_04890	iSSON_1240.SSON_0889	48.2	309	149	6	7	306	8	314	8.79e-91	273
CA264_04895	iAF987.Gmet_3012	41.2	114	59	3	56	162	23	135	1.89e-17	77.8
CA264_04895	iML1515.b1856	37.2	113	65	2	58	170	301	407	2.71e-16	77.4
CA264_04905	iAF987.Gmet_3292	53.9	488	221	3	7	492	5	490	2.82e-171	498
CA264_04905	iYO844.BSU24340	54.7	444	200	1	4	446	2	445	1.91e-172	493
CA264_04905	iCN718.ABAYE_RS02960	53.0	472	222	0	3	474	2	473	4.15e-168	489
CA264_04905	iAF987.Gmet_0984	53.3	441	205	1	5	445	3	442	3.58e-169	484
CA264_04905	iSynCJ816.SGL_RS13980	55.0	444	200	0	6	449	5	448	3.84e-169	484
CA264_04905	iHN637.CLJU_RS20745	53.3	443	207	0	5	447	3	445	4.26e-168	481
CA264_04905	iAF692.Mbar_A1587	52.4	471	222	2	6	476	4	472	1.34e-165	477
CA264_04905	iJN1463.PP_4067	54.3	451	203	2	7	456	9	457	3.15e-163	476
CA264_04905	iMM1415.110821	54.6	441	198	2	5	443	60	500	3.43e-161	474
CA264_04905	iAT_PLT_636.5095	54.2	441	200	2	5	443	64	504	3.48e-159	469
CA264_04905	iYS854.USA300HOU_RS08155	50.7	444	218	1	4	446	1	444	1.96e-162	467
CA264_04905	iCHOv1.100765530	53.5	441	203	2	5	443	59	499	1.69e-158	467
CA264_04905	iAT_PLT_636.56922	50.4	454	224	1	2	454	47	500	1.03e-154	457
CA264_04905	iMM1415.72039	50.7	444	218	1	4	446	45	488	1.62e-154	456
CA264_04905	iCHOv1.100771229	50.9	446	218	1	2	446	43	488	4.57e-154	455
CA264_04905	iCN718.ABAYE_RS11585	51.2	453	216	2	6	453	4	456	2.56e-154	454
CA264_04905	iNF517.LLMG_RS08930	50.0	448	222	2	5	450	3	450	1.79e-156	452
CA264_04910	iYS854.USA300HOU_RS02890	33.4	377	245	4	24	400	22	392	1.23e-68	222
CA264_04910	iYO844.BSU17000	29.6	379	259	4	22	400	19	389	8.76e-64	209
CA264_04910	iYL1228.KPN_03962	34.5	359	224	6	45	400	43	393	1.97e-63	208
CA264_04910	STM_v1_0.STM3709	33.7	362	229	6	42	400	41	394	1.68e-61	203
CA264_04910	iML1515.b3617	33.4	362	230	6	42	400	41	394	2.36e-61	203
CA264_04910	iAF987.Gmet_0842	35.3	365	224	6	29	390	23	378	1.97e-61	203
CA264_04910	iSbBS512_1146.SbBS512_E4045	33.4	362	230	6	42	400	41	394	2.36e-61	203
CA264_04910	iSF_1195.SF3657	33.4	362	230	6	42	400	41	394	2.36e-61	203
CA264_04910	iSDY_1059.SDY_4050	33.1	362	231	6	42	400	41	394	9.18e-61	201
CA264_04910	iSSON_1240.SSON_3787	33.1	362	231	6	42	400	41	394	1.81e-60	201
CA264_04910	iPC815.YPO0059	34.2	363	228	7	42	401	46	400	2.05e-60	201
CA264_04920	iNF517.LLMG_RS02055	44.8	435	220	6	1	432	1	418	1.81e-125	369
CA264_04920	iYL1228.KPN_01975	45.3	435	215	7	2	431	9	425	2.63e-119	354
CA264_04920	STM_v1_0.STM1449	45.5	435	214	7	2	431	5	421	3.28e-119	353
CA264_04920	iSbBS512_1146.SbBS512_E1829	45.1	435	216	7	2	431	5	421	3.28e-119	353
CA264_04920	iSSON_1240.SSON_1519	45.1	435	216	7	2	431	5	421	3.28e-119	353
CA264_04920	iSDY_1059.SDY_1860	44.8	435	217	7	2	431	5	421	2.63e-118	351
CA264_04920	iPC815.YPO2369	44.0	436	221	7	2	432	5	422	1.93e-115	344
CA264_04920	iYS854.USA300HOU_RS09175	43.7	437	216	11	3	432	5	418	1.92e-114	341
CA264_04950	STM_v1_0.STM3159	30.5	190	101	6	7	177	27	204	2.89e-09	54.7
CA264_04950	iML1515.b3006	33.6	134	70	4	60	175	70	202	1.00e-08	53.1
CA264_04950	iSbBS512_1146.SbBS512_E3434	33.6	134	70	4	60	175	70	202	1.00e-08	53.1
CA264_04950	iSDY_1059.SDY_3067	33.6	134	70	4	60	175	70	202	1.00e-08	53.1
CA264_04950	iSF_1195.SF3051	33.6	134	70	4	60	175	70	202	1.00e-08	53.1
CA264_04950	iSSON_1240.SSON_3149	33.6	134	70	4	60	175	70	202	1.00e-08	53.1
CA264_04950	iJN1463.PP_5306	37.2	78	48	1	98	175	206	282	1.88e-08	52.8
CA264_04950	iPC815.YPO0682	33.3	93	57	2	83	175	224	311	2.71e-08	52.4
CA264_04950	iYL1228.KPN_03426	41.1	73	42	1	105	177	128	199	2.44e-08	52.0
CA264_04965	iCN900.CD630_32530	35.4	441	262	10	1	431	1	428	4.03e-72	233
CA264_04965	iAF987.Gmet_2475	36.4	431	248	8	1	427	1	409	2.52e-71	230
CA264_04965	iHN637.CLJU_RS17100	31.2	452	278	8	1	431	1	440	1.79e-66	218
CA264_04965	iLJ478.TM0166	35.5	366	212	8	1	358	1	350	2.24e-66	218
CA264_04980	iCHOv1.100762274	31.9	113	53	5	1	104	1	98	1.59e-05	45.1
CA264_04980	iAT_PLT_636.445	31.9	113	53	5	1	104	33	130	5.33e-05	44.7
CA264_04980	iAF692.Mbar_A0010	23.6	199	120	6	1	197	223	391	2.16e-04	42.7
CA264_05000	iYO844.BSU15790	51.9	214	102	1	5	217	4	217	3.63e-76	228
CA264_05000	iAF987.Gmet_0067	50.5	210	104	0	5	214	4	213	5.92e-71	215
CA264_05000	iSynCJ816.SGL_RS09950	46.8	216	113	1	4	217	6	221	1.48e-68	209
CA264_05025	STM_v1_0.STM2071	49.5	291	136	3	2	281	7	297	2.87e-89	267
CA264_05025	iML1515.b2019	48.1	291	140	3	2	281	7	297	9.35e-88	263
CA264_05025	iSbBS512_1146.SbBS512_E1213	48.1	291	140	3	2	281	7	297	9.35e-88	263
CA264_05025	iSSON_1240.SSON_2090	48.1	291	140	3	2	281	7	297	9.35e-88	263
CA264_05025	iSDY_1059.SDY_2222	48.1	291	140	3	2	281	7	297	1.32e-87	263
CA264_05025	iPC815.YPO1549	48.1	291	140	3	2	281	7	297	3.76e-87	261
CA264_05025	iYL1228.KPN_02475	47.8	291	141	3	2	281	7	297	1.52e-86	260
CA264_05025	iSF_1195.SF2081	47.8	291	141	3	2	281	7	297	2.15e-86	259
CA264_05030	iPC815.YPO1548	52.7	425	194	3	6	427	14	434	8.38e-139	404
CA264_05030	iSSON_1240.SSON_2091	52.1	420	194	3	10	426	15	430	6.40e-131	384
CA264_05030	iSDY_1059.SDY_2221	52.1	420	194	3	10	426	15	430	1.82e-130	382
CA264_05030	iSbBS512_1146.SbBS512_E1212	52.1	420	194	3	10	426	15	430	2.57e-130	382
CA264_05030	iML1515.b2020	51.9	420	195	3	10	426	15	430	1.46e-129	380
CA264_05030	iSF_1195.SF2082	51.7	420	196	3	10	426	15	430	5.89e-129	379
CA264_05030	STM_v1_0.STM2072	51.6	415	194	3	15	426	20	430	1.18e-128	378
CA264_05030	iYL1228.KPN_02476	52.3	415	191	3	15	426	20	430	5.41e-127	374
CA264_05035	iLB1027_lipid.PHATRDRAFT_38891	40.0	350	196	6	7	344	18	365	9.95e-83	255
CA264_05035	STM_v1_0.STM2073	39.9	346	199	5	6	344	11	354	2.94e-81	251
CA264_05035	iSF_1195.SF2083	38.8	348	204	5	4	344	6	351	2.14e-80	249
CA264_05035	iSbBS512_1146.SbBS512_E1211	38.5	348	205	5	4	344	6	351	8.54e-80	247
CA264_05035	iML1515.b2021	38.2	348	206	5	4	344	6	351	4.81e-79	245
CA264_05035	iSSON_1240.SSON_2092	38.2	348	206	5	4	344	6	351	9.59e-79	244
CA264_05035	iSDY_1059.SDY_2220	38.2	348	206	5	4	344	6	351	7.63e-78	242
CA264_05035	iYL1228.KPN_02477	37.4	350	210	5	3	345	2	349	1.97e-77	241
CA264_05035	iMM904.YIL116W	39.6	379	193	11	1	346	2	377	9.94e-77	240
CA264_05035	iPC815.YPO1547	36.5	356	217	5	3	351	6	359	5.11e-76	238
CA264_05040	iSbBS512_1146.SbBS512_E1210	48.2	367	175	6	2	367	3	355	1.94e-112	331
CA264_05040	iML1515.b2022	48.2	367	175	6	2	367	3	355	2.75e-112	331
CA264_05040	iSSON_1240.SSON_2093	47.7	367	177	6	2	367	4	356	5.71e-112	330
CA264_05040	iSDY_1059.SDY_2219	48.5	367	174	7	2	367	4	356	1.14e-111	329
CA264_05040	iSF_1195.SF2084	47.7	367	177	6	2	367	3	355	3.15e-111	328
CA264_05040	STM_v1_0.STM2074	47.7	369	174	7	2	367	3	355	4.46e-111	328
CA264_05040	iPC815.YPO1546	48.2	367	175	7	2	367	3	355	1.27e-110	327
CA264_05040	iYL1228.KPN_02478	47.7	367	177	6	2	367	3	355	5.10e-110	325
CA264_05055	iHN637.CLJU_RS07875	37.1	466	258	8	12	459	24	472	4.34e-82	261
CA264_05055	iLJ478.TM0142	38.4	466	261	10	12	469	9	456	1.90e-79	254
CA264_05055	iNF517.LLMG_RS05235	36.0	464	265	10	11	459	5	451	7.72e-77	247
CA264_05055	iAF987.Gmet_2497	35.6	472	282	9	11	467	23	487	3.80e-76	246
CA264_05055	iCN718.ABAYE_RS17400	36.1	485	280	10	4	466	15	491	1.72e-75	244
CA264_05055	iYO844.BSU22680	34.8	477	281	8	16	469	29	498	1.12e-73	240
CA264_05055	iJN1463.PP_0417	35.4	472	282	10	14	468	24	489	6.52e-74	240
CA264_05060	iHN637.CLJU_RS07880	48.4	188	89	5	3	185	2	186	1.39e-54	171
CA264_05060	iAF987.Gmet_2496	46.5	187	95	3	3	186	2	186	1.26e-52	166
CA264_05060	iYO844.BSU00750	43.6	188	101	3	3	187	2	187	2.96e-52	165
CA264_05060	iSynCJ816.SGL_RS13880	47.7	195	90	5	3	187	2	194	3.14e-52	165
CA264_05060	iLJ478.TM0141	45.0	189	97	4	3	186	47	233	2.38e-46	159
CA264_05060	iSDY_1059.SDY_3522	44.6	186	98	3	3	185	2	185	1.26e-49	158
CA264_05060	iML1515.b3360	44.6	186	98	3	3	185	2	185	1.79e-49	158
CA264_05060	iSF_1195.SF3379	44.6	186	98	3	3	185	2	185	1.79e-49	158
CA264_05060	iSSON_1240.SSON_3491	44.6	186	98	3	3	185	2	185	1.79e-49	158
CA264_05060	iSbBS512_1146.SbBS512_E3736	44.6	186	98	3	3	185	2	185	3.59e-49	157
CA264_05060	iCN900.CD630_14450	40.3	186	106	3	3	185	2	185	3.58e-48	155
CA264_05065	iLJ478.TM0141	36.3	320	200	1	5	320	254	573	5.02e-55	188
CA264_05065	iSynCJ816.SGL_RS07485	35.8	332	203	6	5	327	13	343	1.98e-54	181
CA264_05065	iAF692.Mbar_A3624	36.2	329	202	6	1	324	1	326	4.39e-54	181
CA264_05065	iML1515.b1263	35.7	328	191	6	4	320	203	521	2.04e-52	180
CA264_05065	iSbBS512_1146.SbBS512_E1488	35.7	328	191	6	4	320	203	521	2.04e-52	180
CA264_05065	iSSON_1240.SSON_1880	35.7	328	191	6	4	320	203	521	2.04e-52	180
CA264_05065	iAF987.Gmet_2495	35.7	347	200	8	1	327	2	345	5.81e-54	180
CA264_05065	iSDY_1059.SDY_1331	35.7	328	191	6	4	320	203	521	2.85e-52	180
CA264_05065	iYO844.BSU22670	34.3	341	215	5	1	335	1	338	8.44e-54	179
CA264_05065	STM_v1_0.STM1724	34.8	328	194	6	4	320	203	521	1.50e-51	178
CA264_05065	iSF_1195.SF1266	35.7	328	191	7	4	320	203	521	2.10e-51	177
CA264_05065	iHN637.CLJU_RS07885	35.4	339	206	5	1	331	2	335	4.53e-53	177
CA264_05065	iLB1027_lipid.PHATRDRAFT_28937	34.9	332	199	5	12	328	16	345	1.14e-51	174
CA264_05065	iLB1027_lipid.PHATRDRAFT_14230	34.9	332	199	5	12	328	16	345	1.14e-51	174
CA264_05065	iCN718.ABAYE_RS06035	36.1	277	174	3	1	275	3	278	1.85e-51	173
CA264_05065	iYL1228.KPN_01256	34.8	328	194	6	4	320	203	521	1.13e-49	173
CA264_05065	iJN1463.PP_0421	34.3	338	206	6	1	326	3	336	2.60e-51	173
CA264_05070	iCN718.ABAYE_RS06030	41.3	252	144	3	3	252	8	257	6.26e-50	165
CA264_05070	iHN637.CLJU_RS07890	41.3	264	142	6	3	261	2	257	4.16e-48	160
CA264_05070	iJN1463.PP_0422	40.2	251	146	2	3	249	6	256	1.09e-46	157
CA264_05070	iAF987.Gmet_2494	39.7	247	145	2	2	244	6	252	1.14e-46	156
CA264_05075	iLJ478.TM0139	37.7	207	122	5	1	205	2	203	1.29e-33	119
CA264_05075	iYS854.USA300HOU_RS06980	31.4	207	137	4	1	205	1	204	6.40e-32	114
CA264_05075	iHN637.CLJU_RS07895	33.6	211	127	8	3	206	4	208	1.36e-30	111
CA264_05075	iAF987.Gmet_2492	30.8	211	131	6	1	206	2	202	3.20e-30	110
CA264_05075	iIT341.HP1279	34.1	205	123	5	4	205	255	450	1.52e-27	107
CA264_05080	iLJ478.TM0138	60.9	389	149	3	8	396	2	387	3.77e-170	480
CA264_05080	iSynCJ816.SGL_RS16740	60.9	394	145	3	9	394	19	411	1.51e-165	469
CA264_05080	iHN637.CLJU_RS07900	60.9	381	145	3	9	386	3	382	1.29e-161	459
CA264_05080	iJN1463.PP_0083	58.6	391	158	4	9	396	14	403	6.93e-160	455
CA264_05080	iAF987.Gmet_2482	57.8	384	158	3	6	386	5	387	1.04e-154	441
CA264_05080	iAF692.Mbar_A3622	57.1	387	159	3	8	388	35	420	5.47e-152	436
CA264_05085	iAF987.Gmet_2477	41.5	248	137	4	14	257	16	259	6.56e-58	185
CA264_05085	iMM904.YGL026C	37.1	264	159	4	1	258	1	263	3.96e-52	179
CA264_05085	iHN637.CLJU_RS07905	35.8	257	158	5	4	257	7	259	7.45e-52	169
CA264_05085	iAF692.Mbar_A3623	38.6	249	146	4	11	258	15	257	1.11e-51	169
CA264_05090	iAF987.Gmet_0346	43.4	316	177	1	1	314	1	316	1.11e-91	276
CA264_05090	iLJ478.TM0343	43.3	328	184	2	1	327	1	327	3.94e-89	270
CA264_05090	iAF987.Gmet_0024	43.1	318	177	4	1	316	2	317	1.96e-85	261
CA264_05090	iYO844.BSU29750	47.7	258	134	1	70	327	95	351	1.09e-82	254
CA264_05090	iHN637.CLJU_RS14395	43.8	304	163	4	16	314	15	315	2.27e-81	250
CA264_05090	iCN900.CD630_18320	40.2	328	194	2	1	327	1	327	2.60e-81	250
CA264_05095	iLJ478.TM1161	29.9	432	294	1	11	442	23	445	7.29e-66	217
CA264_05095	iSynCJ816.SGL_RS06105	32.0	425	280	3	18	442	46	461	1.00e-61	207
CA264_05095	iYO844.BSU13300	27.6	442	305	4	7	444	20	450	8.89e-59	199
CA264_05100	STM_v1_0.STM2075	49.2	197	95	4	1	193	2	197	7.59e-55	172
CA264_05100	iYL1228.KPN_02479	49.2	197	95	4	1	193	1	196	1.04e-54	172
CA264_05100	iML1515.b2023	48.2	197	97	4	1	193	1	196	2.97e-54	171
CA264_05100	iSbBS512_1146.SbBS512_E1209	48.2	197	97	4	1	193	1	196	2.97e-54	171
CA264_05100	iSDY_1059.SDY_2218	48.2	197	97	4	1	193	1	196	2.97e-54	171
CA264_05100	iSSON_1240.SSON_2094	48.2	197	97	4	1	193	1	196	2.97e-54	171
CA264_05100	iSF_1195.SF2085	48.2	197	97	4	1	193	1	196	4.20e-54	170
CA264_05100	iPC815.YPO1545	47.7	197	98	4	1	193	1	196	5.96e-54	170
CA264_05105	iSynCJ816.SGL_RS17225	41.5	241	132	4	2	237	1	237	4.88e-58	184
CA264_05105	iSDY_1059.SDY_2217	35.8	240	149	1	2	236	1	240	6.59e-56	178
CA264_05105	iSSON_1240.SSON_2095	35.8	240	149	1	2	236	1	240	6.59e-56	178
CA264_05105	iNF517.LLMG_RS06545	39.5	233	139	2	2	233	1	232	2.64e-55	177
CA264_05105	iSF_1195.SF2086	35.3	238	149	1	4	236	2	239	3.62e-55	176
CA264_05105	iSbBS512_1146.SbBS512_E1208	35.3	238	149	1	4	236	2	239	7.24e-55	176
CA264_05105	iYL1228.KPN_02480	34.7	239	151	1	4	237	2	240	1.45e-54	175
CA264_05105	iML1515.b2024	34.9	238	150	1	4	236	2	239	4.10e-54	174
CA264_05105	iPC815.YPO1544	35.3	238	149	1	4	236	2	239	4.10e-54	174
CA264_05105	STM_v1_0.STM2076	35.6	239	149	2	4	237	2	240	5.79e-54	173
CA264_05105	iCN900.CD630_15520	38.2	233	142	2	2	234	1	231	1.13e-52	170
CA264_05110	iYO844.BSU34870	57.1	252	107	1	1	251	1	252	3.41e-96	281
CA264_05110	iHN637.CLJU_RS05755	55.7	253	111	1	1	252	1	253	1.90e-93	275
CA264_05110	iCN718.ABAYE_RS01735	53.6	252	117	0	1	252	1	252	7.44e-93	273
CA264_05110	iJN1463.PP_0293	54.7	254	111	1	2	251	3	256	1.97e-91	270
CA264_05110	iCN900.CD630_15530	52.0	252	121	0	1	252	1	252	5.68e-90	266
CA264_05110	iAF987.Gmet_0389	52.6	253	119	1	1	252	1	253	1.18e-89	265
CA264_05110	iLJ478.TM1036	56.0	252	109	2	1	252	1	250	3.37e-89	264
CA264_05110	iSynCJ816.SGL_RS10250	52.2	253	118	1	2	251	3	255	1.91e-85	254
CA264_05115	iML1515.b2026	55.0	200	85	1	2	201	9	203	1.90e-71	215
CA264_05115	iYL1228.KPN_02482	54.3	199	86	1	2	200	5	198	1.32e-70	213
CA264_05115	STM_v1_0.STM2078	54.0	200	87	1	2	201	9	203	8.88e-70	211
CA264_05115	iSSON_1240.SSON_2097	54.0	200	87	1	2	201	9	203	8.88e-70	211
CA264_05115	iSF_1195.SF2088	54.5	200	86	1	2	201	9	203	3.59e-69	209
CA264_05115	iSDY_1059.SDY_2215	53.5	200	88	1	2	201	9	203	5.10e-69	209
CA264_05115	iSbBS512_1146.SbBS512_E1206	53.0	200	89	1	2	201	9	203	1.45e-68	207
CA264_05115	iPC815.YPO1542	51.7	201	92	1	2	202	9	204	1.41e-66	202
CA264_05115	iYS854.USA300HOU_RS14510	52.2	201	87	3	2	202	5	196	6.88e-66	201
CA264_05120	iCHOv1.100761937	33.6	110	70	3	27	133	82	191	3.56e-13	68.6
CA264_05120	iCHOv1.100753937	28.3	230	147	9	26	243	87	310	1.19e-12	67.0
CA264_05120	iEK1008.Rv0134	34.7	124	76	4	15	134	11	133	1.55e-12	66.2
CA264_05130	iSynCJ816.SGL_RS15085	29.5	383	249	7	5	382	34	400	1.81e-48	168
CA264_05130	iAF987.Gmet_2908	31.9	382	240	8	8	383	9	376	1.58e-48	168
CA264_05130	iHN637.CLJU_RS15830	30.0	377	250	5	8	382	11	375	1.45e-47	166
CA264_05130	iJN1463.PP_3722	32.6	386	235	7	4	383	43	409	4.48e-47	165
CA264_05130	iCN900.CD630_34630	30.2	384	244	8	5	383	8	372	5.19e-47	164
CA264_05130	iHN637.CLJU_RS19890	29.0	383	248	8	6	382	9	373	2.99e-44	157
CA264_05130	iHN637.CLJU_RS05895	31.4	354	223	6	34	382	36	374	1.62e-43	155
CA264_05130	iIT341.HP0941	28.0	386	258	8	4	382	5	377	5.06e-43	153
CA264_05135	iYS854.USA300HOU_RS07120	27.5	385	264	7	6	382	1	378	1.82e-37	139
CA264_05135	iSynCJ816.SGL_RS17805	29.1	382	259	8	12	386	27	403	1.34e-35	134
CA264_05135	iYS854.USA300HOU_RS02885	27.4	376	253	9	14	380	17	381	2.06e-35	133
CA264_05135	iSynCJ816.SGL_RS15740	28.1	381	247	10	7	373	9	376	2.02e-33	128
CA264_05145	iAF987.Gmet_0043	25.9	401	265	11	1023	1414	21	398	2.97e-21	99.8
CA264_05150	iAF987.Gmet_1919	29.2	137	94	3	8	143	5	139	5.10e-08	54.3
CA264_05150	iAF987.Gmet_3476	24.7	146	100	5	2	138	6	150	1.49e-07	53.1
CA264_05150	iAF987.Gmet_1917	24.5	155	110	4	3	154	2	152	1.04e-06	50.4
CA264_05165	iAF692.Mbar_A1651	42.9	665	372	4	5	663	5	667	3.59e-172	506
CA264_05165	iAF987.Gmet_1105	44.1	665	366	4	1	665	1	659	8.46e-168	495
CA264_05165	iAF692.Mbar_A0669	45.4	667	334	9	5	657	5	655	1.01e-166	492
CA264_05195	iAF692.Mbar_A0035	67.8	311	97	1	1	308	1	311	2.49e-156	439
CA264_05195	iAF987.Gmet_1312	62.5	312	106	2	1	301	1	312	4.50e-140	398
CA264_05200	iAF987.Gmet_1311	69.7	370	102	2	1	370	1	360	2.82e-189	526
CA264_05200	iAF692.Mbar_A0034	72.5	349	87	2	2	350	3	342	7.77e-183	511
CA264_05200	STM_v1_0.STM2109	66.0	365	123	1	2	365	3	367	4.92e-179	501
CA264_05200	iML1515.b2053	66.3	365	122	1	2	365	3	367	6.99e-179	501
CA264_05200	iSbBS512_1146.SbBS512_E1179	66.3	365	122	1	2	365	3	367	6.99e-179	501
CA264_05200	iSF_1195.SF2116	66.3	365	122	1	2	365	3	367	6.99e-179	501
CA264_05200	iSSON_1240.SSON_2106	66.3	365	122	1	2	365	3	367	6.99e-179	501
CA264_05220	iAF987.Gmet_1216	54.2	308	140	1	3	310	7	313	2.09e-112	328
CA264_05220	iYS854.USA300HOU_RS09015	52.9	314	148	0	2	315	1	314	2.98e-111	325
CA264_05220	STM_v1_0.STM0232	53.8	312	141	1	3	311	6	317	2.86e-110	322
CA264_05220	iML1515.b0185	53.8	312	141	1	3	311	6	317	1.15e-109	321
CA264_05220	iSDY_1059.SDY_0201	53.8	312	141	1	3	311	6	317	1.15e-109	321
CA264_05220	iSF_1195.SF0175	53.8	312	141	1	3	311	6	317	1.15e-109	321
CA264_05220	iPC815.YPO1060	52.9	312	144	1	3	311	6	317	1.15e-109	321
CA264_05220	iYL1228.KPN_00198	53.5	312	142	1	3	311	6	317	1.63e-109	320
CA264_05220	iSSON_1240.SSON_0197	53.8	312	141	1	3	311	6	317	2.32e-109	320
CA264_05220	iSynCJ816.SGL_RS17700	51.0	314	154	0	2	315	10	323	3.36e-108	317
CA264_05220	iSbBS512_1146.SbBS512_E0178	53.5	312	142	1	3	311	6	317	3.78e-108	317
CA264_05220	iJN1463.PP_1607	48.4	310	160	0	3	312	6	315	3.54e-105	309
CA264_05220	iCN900.CD630_19360	49.0	314	160	0	1	314	1	314	4.20e-101	299
CA264_05220	iYO844.BSU29200	48.9	315	153	2	3	313	5	315	2.43e-100	297
CA264_05230	iMM904.YML059C	32.8	180	113	4	3	175	1371	1549	1.85e-18	84.3
CA264_05240	iCN718.ABAYE_RS10950	35.1	171	105	3	4	170	3	171	3.93e-29	105
CA264_05270	iAF987.Gmet_3169	53.6	519	240	1	6	523	5	523	1.63e-208	589
CA264_05270	iYS854.USA300HOU_RS09500	57.5	497	207	4	26	520	23	517	3.77e-207	585
CA264_05270	iYO844.BSU30560	56.0	511	222	3	24	533	19	527	3.66e-204	578
CA264_05270	iHN637.CLJU_RS03050	53.6	519	239	2	11	529	3	519	8.75e-204	577
CA264_05275	iYS854.USA300HOU_RS03930	31.0	507	294	11	3	461	2	500	1.19e-72	238
CA264_05320	iCN900.CD630_14460	38.6	368	193	5	83	427	89	446	4.56e-76	243
CA264_05320	iAF987.Gmet_2497	34.0	406	234	6	53	427	81	483	1.23e-66	220
CA264_05340	iAF987.Gmet_2347	31.8	327	198	9	8	325	26	336	4.63e-30	117
CA264_05340	iPC815.YPO1396	33.9	327	181	11	2	319	9	309	1.44e-28	112
CA264_05340	iSbBS512_1146.SbBS512_E2409	32.0	306	177	9	5	305	12	291	1.94e-27	109
CA264_05340	iML1515.b0915	32.0	306	177	9	5	305	12	291	2.68e-27	109
CA264_05340	iSF_1195.SF0911	32.0	306	177	9	5	305	12	291	2.68e-27	109
CA264_05340	iSSON_1240.SSON_0917	32.0	306	177	9	5	305	12	291	2.68e-27	109
CA264_05340	iSDY_1059.SDY_2343	31.7	306	178	9	5	305	12	291	9.77e-27	107
CA264_05360	iJN1463.PP_4210	32.6	273	171	8	145	414	392	654	1.60e-26	111
CA264_05375	iYS854.USA300HOU_RS03880	25.5	235	158	6	250	470	245	476	4.29e-11	65.5
CA264_05380	iSynCJ816.SGL_RS11925	47.0	713	350	8	26	727	27	722	1.06e-218	630
CA264_05390	iLB1027_lipid.PHATRDRAFT_44955	40.1	686	369	13	5	657	71	747	2.14e-134	412
CA264_05390	iAM_Pb448.PBANKA_050700	36.1	720	382	15	3	652	108	819	3.25e-124	387
CA264_05390	iAM_Pf480.PF3D7_1022800	35.7	733	373	17	3	652	107	824	1.91e-119	375
CA264_05405	iYS854.USA300HOU_RS09335	47.7	928	347	7	4	921	3	802	1.52e-302	854
CA264_05405	iNF517.LLMG_RS08750	47.0	927	384	11	3	922	2	828	1.69e-287	816
CA264_05435	iJN1463.PP_0922	38.3	188	115	1	1	188	1	187	2.24e-40	135
CA264_05435	iAF987.Gmet_2389	34.5	194	126	1	1	194	1	193	2.60e-39	132
CA264_05440	STM_v1_0.STM4425	30.1	133	85	4	59	189	4	130	6.41e-11	62.8
CA264_05440	iYL1228.KPN_00507	23.6	339	233	11	62	387	6	331	4.87e-10	60.1
CA264_05440	STM_v1_0.STM4433	24.9	197	134	5	115	303	54	244	3.77e-09	57.4
CA264_05465	iML1515.b2827	75.8	264	64	0	1	264	1	264	7.02e-158	439
CA264_05465	iSSON_1240.SSON_2984	75.8	264	64	0	1	264	1	264	7.02e-158	439
CA264_05465	iSF_1195.SF2837	75.4	264	65	0	1	264	1	264	9.98e-158	438
CA264_05465	iSDY_1059.SDY_3044	75.8	264	64	0	1	264	1	264	1.42e-157	438
CA264_05465	STM_v1_0.STM3001	75.4	264	65	0	1	264	1	264	8.18e-157	436
CA264_05465	iSbBS512_1146.SbBS512_E3035	75.4	264	65	0	1	264	1	264	1.16e-156	436
CA264_05465	iYL1228.KPN_03236	75.4	264	65	0	1	264	1	264	6.71e-156	434
CA264_05465	iPC815.YPO0783	72.3	264	73	0	1	264	1	264	2.04e-150	420
CA264_05480	iNF517.LLMG_RS08950	40.2	189	112	1	5	193	3	190	2.19e-37	130
CA264_05480	iYS854.USA300HOU_RS06185	38.0	187	115	1	8	193	3	189	6.26e-37	129
CA264_05480	iAF987.Gmet_1601	41.1	190	112	0	4	193	2	191	9.27e-37	129
CA264_05480	iSynCJ816.SGL_RS07245	35.4	209	129	2	2	209	1	204	2.06e-35	125
CA264_05480	iCN718.ABAYE_RS09965	35.9	198	126	1	1	197	1	198	1.13e-34	124
CA264_05480	iYO844.BSU15910	36.4	187	118	1	8	193	5	191	4.33e-34	122
CA264_05480	iSynCJ816.SGL_RS12965	38.0	221	132	3	8	225	6	224	1.64e-33	121
CA264_05480	iLJ478.TM1724	33.9	221	139	1	5	218	3	223	6.60e-33	119
CA264_05490	iML1515.b1096	31.0	252	142	9	22	259	3	236	3.51e-20	87.4
CA264_05490	iSDY_1059.SDY_2054	30.8	237	136	7	37	259	14	236	4.85e-20	87.0
CA264_05490	iSbBS512_1146.SbBS512_E2228	30.6	252	143	9	22	259	3	236	1.76e-19	85.5
CA264_05490	iSSON_1240.SSON_1116	30.6	252	143	9	22	259	3	236	2.43e-19	85.1
CA264_05490	iSF_1195.SF1100	30.4	237	137	7	37	259	14	236	4.62e-19	84.3
CA264_05495	iAF987.Gmet_0268	47.3	150	79	0	40	189	2	151	4.42e-46	150
CA264_05495	iYS854.USA300HOU_RS07280	43.5	147	83	0	48	194	6	152	1.79e-43	144
CA264_05495	iYO844.BSU21690	44.2	147	82	0	48	194	8	154	3.23e-41	138
CA264_05515	iCN718.ABAYE_RS07685	65.9	493	165	1	18	510	14	503	1.33e-244	678
CA264_05515	iEK1008.Rv0458	63.0	492	182	0	19	510	16	507	4.71e-234	652
CA264_05515	STM_v1_0.STM3680	62.5	493	185	0	18	510	20	512	4.60e-233	649
CA264_05515	iSbBS512_1146.SbBS512_E4003	62.1	493	187	0	18	510	20	512	3.54e-230	642
CA264_05515	iSF_1195.SF3626	62.1	493	187	0	18	510	50	542	1.03e-229	642
CA264_05515	iML1515.b3588	61.9	493	188	0	18	510	20	512	4.10e-229	639
CA264_05515	iJN1463.PP_0545	62.0	492	187	0	19	510	15	506	1.46e-225	630
CA264_05515	iJN1463.PP_2680	60.5	506	197	1	5	510	4	506	1.95e-223	625
CA264_05515	iYL1228.KPN_02991	59.3	506	203	1	5	510	4	506	1.74e-219	615
CA264_05525	iYL1228.KPN_00507	25.4	334	211	11	9	324	8	321	2.70e-12	66.6
CA264_05525	iSynCJ816.SGL_RS02995	31.7	202	128	6	60	255	64	261	1.13e-11	64.7
CA264_05525	iAF692.Mbar_A1138	30.0	130	82	2	68	197	62	182	1.08e-10	61.6
CA264_05530	iSynCJ816.SGL_RS11290	26.1	836	495	17	117	832	167	999	1.73e-70	251
CA264_05530	iAM_Pc455.PCYB_133190	26.7	786	473	21	138	832	214	987	3.61e-64	234
CA264_05530	iCN718.ABAYE_RS00705	27.2	742	470	18	135	819	126	854	5.30e-64	231
CA264_05530	iAM_Pb448.PBANKA_101790	26.6	786	470	20	138	830	166	937	1.20e-62	229
CA264_05530	iAM_Pv461.PVX_085200	25.9	789	474	20	135	828	212	984	2.47e-62	228
CA264_05530	iLB1027_lipid.PHATRDRAFT_27976	27.4	797	467	20	123	831	211	983	2.95e-62	227
CA264_05545	iCN900.CD630_25770	34.4	244	154	2	11	250	4	245	3.93e-40	138
CA264_05545	iLJ478.TM1724	32.9	246	160	2	8	250	3	246	1.59e-39	137
CA264_05545	iCN900.CD630_11820	34.0	247	157	2	8	250	4	248	4.79e-39	135
CA264_05545	iHN637.CLJU_RS20765	34.1	249	155	4	8	250	3	248	2.01e-37	131
CA264_05545	iYL1228.KPN_01091	33.2	238	157	1	10	247	5	240	7.74e-36	127
CA264_05545	iML1515.b1093	33.2	238	157	1	10	247	5	240	1.53e-35	126
CA264_05545	iSbBS512_1146.SbBS512_E2231	33.2	238	157	1	10	247	5	240	1.53e-35	126
CA264_05545	iSDY_1059.SDY_2057	33.2	238	157	1	10	247	5	240	1.53e-35	126
CA264_05545	iSF_1195.SF1097	33.2	238	157	1	10	247	5	240	1.53e-35	126
CA264_05545	iSSON_1240.SSON_1113	33.2	238	157	1	10	247	5	240	1.53e-35	126
CA264_05585	iSynCJ816.SGL_RS10830	54.0	211	95	2	6	215	21	230	2.31e-84	249
CA264_05595	iML1515.b3248	40.7	177	103	2	7	182	4	179	5.16e-30	108
CA264_05615	iAF987.Gmet_1790	45.0	120	66	0	3	122	25	144	2.63e-31	108
CA264_05630	iYO844.BSU22830	34.0	332	211	4	1	327	1	329	1.09e-54	181
CA264_05630	iHN637.CLJU_RS06125	34.7	314	202	2	4	317	5	315	5.13e-52	174
CA264_05630	iYS854.USA300HOU_RS07540	32.8	317	211	2	1	316	1	316	1.01e-51	173
CA264_05630	iCN900.CD630_26300	30.9	311	212	2	1	311	5	312	6.59e-48	164
CA264_05635	iJN1463.PP_4209	24.8	435	249	13	11	427	11	385	1.47e-08	56.2
CA264_05635	iAF987.Gmet_3508	21.8	399	224	14	40	429	86	405	8.62e-08	53.9
CA264_05640	iML1515.b0572	23.4	290	173	9	40	310	67	326	3.32e-04	42.7
CA264_05640	iAF987.Gmet_3507	19.4	258	191	3	35	292	34	274	3.23e-04	42.7
CA264_05640	iSF_1195.SF0473	23.9	285	178	9	40	310	67	326	7.67e-04	41.6
CA264_05645	iYO844.BSU15850	46.6	206	109	1	6	211	5	209	1.89e-53	171
CA264_05645	iNF517.LLMG_RS08710	45.8	192	104	0	6	197	8	199	2.34e-52	168
CA264_05650	iCHOv1.100768126	35.5	124	67	4	40	151	41	163	2.84e-11	63.5
CA264_05650	iMM1415.56720	33.6	125	68	4	40	151	40	162	1.22e-10	61.6
CA264_05655	iML1515.b0116	62.1	29	11	0	86	114	9	37	6.54e-04	42.0
CA264_05655	iYL1228.KPN_00120	62.1	29	11	0	86	114	9	37	6.54e-04	42.0
CA264_05655	STM_v1_0.STM0154	62.1	29	11	0	86	114	9	37	6.54e-04	42.0
CA264_05655	iSbBS512_1146.SbBS512_E0109	62.1	29	11	0	86	114	9	37	6.54e-04	42.0
CA264_05655	iSDY_1059.SDY_0146	62.1	29	11	0	86	114	9	37	6.54e-04	42.0
CA264_05655	iSF_1195.SF0113	62.1	29	11	0	86	114	9	37	6.54e-04	42.0
CA264_05655	iSSON_1240.SSON_0124	62.1	29	11	0	86	114	9	37	6.54e-04	42.0
CA264_05665	iMM1415.15487	30.1	239	156	5	10	243	44	276	5.30e-29	111
CA264_05670	iJN1463.PP_4210	20.6	394	278	12	2	375	270	648	5.07e-05	46.6
CA264_05675	iCN900.CD630_19470	41.9	222	127	1	2	221	7	228	3.48e-56	178
CA264_05675	iYO844.BSU30420	44.0	209	111	2	4	206	1	209	4.90e-54	173
CA264_05675	iJN1463.PP_4210	44.0	225	122	3	4	225	5	228	3.95e-49	170
CA264_05680	iJN1463.PP_2318	43.6	181	99	2	54	233	23	201	3.20e-48	157
CA264_05710	iYO844.BSU24040	36.5	340	197	4	356	692	4	327	2.54e-62	210
CA264_05710	iYS854.USA300HOU_RS08105	36.4	341	198	4	355	692	3	327	1.35e-59	203
CA264_05710	iJN1463.PP_4402	37.6	322	173	4	356	663	6	313	3.61e-56	194
CA264_05710	iAM_Pf480.PF3D7_0504600	36.3	342	193	6	354	690	59	380	2.05e-54	191
CA264_05715	iSynCJ816.SGL_RS03345	46.4	323	143	5	3	298	21	340	1.02e-98	293
CA264_05715	iMM904.YDR044W	47.0	319	140	8	3	296	13	327	7.78e-93	278
CA264_05715	iLB1027_lipid.PHATRDRAFT_15068	46.3	309	145	3	3	296	2	304	4.12e-92	275
CA264_05715	iMM1415.12892	47.2	309	146	5	3	297	138	443	1.83e-88	270
CA264_05715	iCHOv1.100772187	46.2	312	145	5	3	297	19	324	2.34e-88	266
CA264_05720	iML1515.b0841	29.3	174	97	7	4	168	1	157	5.09e-05	42.0
CA264_05720	iSbBS512_1146.SbBS512_E2504	29.3	174	97	7	4	168	1	157	6.92e-05	41.6
CA264_05720	iSDY_1059.SDY_0843	29.3	174	97	7	4	168	1	157	9.39e-05	41.2
CA264_05720	iSF_1195.SF0794	29.3	174	97	7	4	168	1	157	9.39e-05	41.2
CA264_05720	iSSON_1240.SSON_0826	29.3	174	97	7	4	168	1	157	9.39e-05	41.2
CA264_05720	iYL1228.KPN_00873	29.3	174	96	7	4	168	1	156	3.16e-04	39.7
CA264_05720	iAF692.Mbar_A3582	43.8	64	34	1	107	170	127	188	4.73e-04	39.7
CA264_05720	iCN718.ABAYE_RS04295	31.4	121	69	4	47	164	70	179	4.54e-04	39.3
CA264_05720	iAF987.Gmet_0690	28.0	175	109	7	5	174	1	163	4.30e-04	39.3
CA264_05735	iYO844.BSU31322	38.7	62	36	1	158	219	23	82	3.08e-07	50.4
CA264_05770	iJN1463.PP_4253	33.5	185	97	8	228	393	42	219	2.71e-21	93.2
CA264_05770	iJN1463.PP_4258	34.2	199	91	8	228	393	42	233	2.79e-20	90.5
CA264_05780	iJN1463.PP_4250	57.6	462	194	2	26	486	4	464	4.02e-201	575
CA264_05780	iJN1463.PP_4255	55.0	469	209	2	31	498	10	477	8.06e-200	572
CA264_05790	iSynCJ816.SGL_RS05435	27.7	734	477	19	101	792	12	733	5.77e-64	228
CA264_05805	iML1515.b0925	37.8	299	169	3	279	577	316	597	2.20e-61	213
CA264_05810	iCHOv1.100753500	38.2	608	353	10	13	600	5	609	1.16e-129	393
CA264_05810	iMM1415.16993	37.8	608	355	10	13	600	5	609	2.86e-127	387
CA264_05820	iSynCJ816.SGL_RS08655	30.5	266	170	1	8	273	9	259	2.27e-42	146
CA264_05825	iSF_1195.SF0778	50.5	313	152	1	1	310	1	313	7.61e-97	288
CA264_05825	iSDY_1059.SDY_0759	50.2	313	153	1	1	310	1	313	2.16e-96	287
CA264_05825	iML1515.b0828	50.2	313	153	1	1	310	1	313	2.48e-95	284
CA264_05825	iYL1228.KPN_00861	51.0	314	149	2	1	310	1	313	7.71e-95	283
CA264_05825	STM_v1_0.STM0847	50.8	313	151	1	1	310	1	313	1.09e-94	282
CA264_05825	iSbBS512_1146.SbBS512_E2520	49.8	313	154	1	1	310	1	313	2.00e-94	282
CA264_05825	iSSON_1240.SSON_0810	49.8	313	154	1	1	310	1	313	2.83e-94	281
CA264_05855	iHN637.CLJU_RS03010	41.4	58	28	2	61	118	195	246	6.50e-05	41.2
CA264_05865	iSynCJ816.SGL_RS04775	38.9	113	64	3	31	141	25	134	8.09e-14	69.3
CA264_05870	iJN1463.PP_4213	27.4	394	243	10	31	388	61	447	5.67e-37	139
CA264_05880	iCHOv1.100753128	48.1	283	146	1	5	287	50	331	5.65e-87	263
CA264_05890	iSynCJ816.SGL_RS16540	22.1	503	359	12	2	482	6	497	1.19e-16	82.0
CA264_05910	iYS854.USA300HOU_RS07595	19.6	326	249	6	23	345	11	326	1.53e-13	72.8
CA264_05925	iAF987.Gmet_0043	37.8	111	55	5	641	741	161	267	1.16e-06	51.6
CA264_05950	iYO844.BSU39780	36.1	310	193	3	1	307	1	308	1.17e-64	206
CA264_05955	iLJ478.TM1724	37.6	245	152	1	3	247	2	245	1.95e-54	175
CA264_05955	iYO844.BSU15910	37.7	247	148	3	4	247	2	245	4.43e-50	164
CA264_05955	iCN718.ABAYE_RS09790	38.5	262	142	3	2	248	3	260	1.90e-49	162
CA264_05955	iCN900.CD630_26790	38.9	257	144	2	4	248	2	257	1.75e-49	162
CA264_05960	iAF987.Gmet_1238	32.8	244	152	4	1	239	1	237	8.09e-29	114
CA264_05965	iYS854.USA300HOU_RS08685	25.0	228	113	7	120	342	117	291	1.07e-05	46.2
CA264_05980	iCHOv1.100766524	24.7	186	116	3	220	385	284	465	3.26e-13	70.9
CA264_05980	iMM1415.100041375	23.9	197	125	5	220	396	236	427	1.59e-11	65.5
CA264_05980	iMM1415.13113	30.7	127	80	3	273	396	354	475	1.75e-11	65.5
CA264_05995	iMM1415.18605	33.7	395	240	10	35	414	186	573	1.29e-63	219
CA264_05995	iCHOv1.100750518	33.9	395	239	10	35	414	186	573	6.42e-63	217
CA264_06000	iSynCJ816.SGL_RS17040	21.0	229	158	5	338	547	247	471	4.38e-09	59.3
CA264_06030	iAF987.Gmet_2727	32.5	114	71	1	168	281	291	398	6.92e-10	58.9
CA264_06045	iML1515.b1601	23.6	313	209	7	28	329	30	323	2.85e-14	72.8
CA264_06060	iCHOv1.103158533	32.7	459	285	13	167	609	116	566	1.46e-65	233
CA264_06060	iCHOv1.100772552	28.2	611	378	17	31	604	15	601	9.83e-63	221
CA264_06065	iSDY_1059.SDY_2486	58.2	402	168	0	2	403	4	405	9.79e-179	503
CA264_06065	iML1515.b2290	58.0	402	169	0	2	403	4	405	7.99e-178	501
CA264_06065	iSbBS512_1146.SbBS512_E2666	58.0	402	169	0	2	403	4	405	7.99e-178	501
CA264_06065	iSF_1195.SF2366	58.0	402	169	0	2	403	4	405	7.99e-178	501
CA264_06065	iSSON_1240.SSON_2347	58.0	402	169	0	2	403	4	405	7.99e-178	501
CA264_06065	iJN1463.PP_1872	58.6	399	165	0	4	402	5	403	8.61e-177	498
CA264_06065	iEK1008.Rv0337c	53.5	400	185	1	4	402	30	429	1.06e-159	456
CA264_06075	STM_v1_0.STM1221	47.1	189	87	5	4	183	42	226	2.39e-48	159
CA264_06080	iML1515.b2155	23.1	563	345	19	107	621	33	555	5.31e-18	88.2
CA264_06080	iSSON_1240.SSON_2211	23.1	563	345	19	107	621	33	555	5.31e-18	88.2
CA264_06080	iYL1228.KPN_02593	24.1	452	293	16	107	539	14	434	4.68e-17	85.1
CA264_06080	STM_v1_0.STM2199	24.6	463	279	19	107	539	33	455	1.79e-15	80.1
CA264_06100	iNF517.LLMG_RS07705	44.0	193	107	1	1	192	1	193	1.06e-48	157
CA264_06100	iYO844.BSU23270	40.5	195	115	1	1	194	1	195	3.10e-45	148
CA264_06115	iCHOv1.100755154	41.2	131	73	3	14	141	171	300	1.92e-23	94.0
CA264_06115	iMM1415.74156	33.1	148	99	0	4	151	2	149	7.25e-22	91.3
CA264_06115	iAF987.Gmet_0769	35.8	137	88	0	14	150	7	143	9.12e-24	90.9
CA264_06115	iCHOv1.100752768	33.6	140	93	0	12	151	10	149	6.33e-21	88.6
CA264_06125	iIT341.HP0824	37.7	53	30	1	254	306	14	63	1.43e-06	46.2
CA264_06125	iMM904.YCR083W	30.6	72	49	1	218	289	4	74	1.92e-05	43.5
CA264_06125	iAF692.Mbar_A2310	39.6	48	26	1	259	306	2	46	2.97e-05	42.0
CA264_06130	iAF987.Gmet_0073	50.2	478	232	5	9	483	3	477	1.57e-157	455
CA264_06130	iSynCJ816.SGL_RS10865	47.5	486	243	5	4	479	5	488	5.05e-147	429
CA264_06130	iCN718.ABAYE_RS04045	47.6	477	245	3	7	480	11	485	5.87e-147	429
CA264_06130	iYS854.USA300HOU_RS10315	47.7	476	244	5	9	484	3	473	1.20e-145	425
CA264_06130	iLJ478.TM1273	45.9	481	252	5	8	483	2	479	2.44e-144	422
CA264_06130	iJN1463.PP_0930	46.7	480	250	3	8	483	2	479	5.39e-143	418
CA264_06135	STM_v1_0.STM2827	44.1	894	459	16	2	876	4	875	1.62e-225	658
CA264_06135	iSF_1195.SF2720	43.6	894	463	16	2	876	4	875	2.91e-223	652
CA264_06135	iSSON_1240.SSON_2841	43.5	894	464	16	2	876	4	875	2.91e-223	652
CA264_06135	iSbBS512_1146.SbBS512_E3180	43.5	894	464	16	2	876	4	875	4.11e-223	652
CA264_06135	iSDY_1059.SDY_2893	43.4	894	465	16	2	876	4	875	1.16e-222	651
CA264_06135	iYL1228.KPN_03029	42.8	894	470	15	2	876	4	875	1.01e-220	646
CA264_06135	iPC815.YPO3305	42.6	892	471	16	2	874	4	873	2.01e-220	645
CA264_06135	iJN1463.PP_4474	43.0	894	456	16	1	868	1	866	3.48e-218	639
CA264_06135	iAF987.Gmet_0201	41.8	873	475	14	1	855	1	858	4.14e-208	613
CA264_06135	iCN718.ABAYE_RS13005	43.7	884	441	23	1	854	1	857	1.37e-203	602
CA264_06135	iYS854.USA300HOU_RS08615	41.6	878	465	20	1	855	4	856	5.13e-203	600
CA264_06150	iJN1463.PP_2998	28.5	298	199	8	5	297	2	290	6.66e-19	85.1
CA264_06155	iCN900.CD630_09020	27.6	257	179	2	33	287	33	284	4.37e-30	115
CA264_06155	iCN900.CD630_28320	27.6	279	195	5	15	291	35	308	6.90e-29	114
CA264_06180	iSDY_1059.SDY_2837	32.8	241	127	9	2	223	84	308	1.99e-25	101
CA264_06180	iSF_1195.SF2653	32.8	241	127	9	2	223	84	308	2.77e-25	101
CA264_06180	iSSON_1240.SSON_2720	32.8	241	127	9	2	223	84	308	2.77e-25	101
CA264_06180	iSbBS512_1146.SbBS512_E2975	32.8	241	127	9	2	223	84	308	3.84e-25	100
CA264_06180	STM_v1_0.STM2662	32.0	241	129	9	2	223	84	308	1.01e-23	97.1
CA264_06205	iSynCJ816.SGL_RS12490	25.7	222	134	7	143	357	119	316	1.59e-08	55.8
CA264_06210	iAF692.Mbar_A3203	24.9	221	138	9	237	440	64	273	3.58e-04	42.4
CA264_06225	iJN1463.PP_0184	37.7	393	233	4	7	394	19	404	1.01e-72	236
CA264_06225	iCN718.ABAYE_RS17470	34.6	439	271	6	7	443	25	449	7.46e-71	231
CA264_06225	iLJ478.TM1781	38.0	329	204	0	62	390	59	387	2.28e-71	230
CA264_06225	iPC815.YPO3924	36.8	394	244	5	1	391	1	392	9.59e-70	228
CA264_06225	iSDY_1059.SDY_3795	35.8	394	248	5	1	391	1	392	1.67e-66	219
CA264_06225	STM_v1_0.STM4123	35.3	394	250	5	1	391	1	392	4.72e-66	218
CA264_06225	iML1515.b3960	35.5	394	249	5	1	391	1	392	6.46e-66	218
CA264_06225	iSbBS512_1146.SbBS512_E4446	35.5	394	249	5	1	391	1	392	6.46e-66	218
CA264_06225	iSF_1195.SF4037	35.5	394	249	5	1	391	1	392	6.46e-66	218
CA264_06225	iSSON_1240.SSON_4133	35.5	394	249	5	1	391	1	392	6.46e-66	218
CA264_06225	iAF987.Gmet_0209	34.1	393	253	4	2	391	5	394	5.04e-65	215
CA264_06225	iYL1228.KPN_04249	35.3	394	250	5	1	391	1	392	6.90e-65	215
CA264_06225	iHN637.CLJU_RS03300	34.8	396	247	5	1	391	1	390	6.06e-65	214
CA264_06230	iCN900.CD630_03030	24.3	325	211	10	60	350	94	417	5.72e-20	90.1
CA264_06230	iYL1228.KPN_02805	27.1	277	177	10	11	266	6	278	3.46e-19	87.4
CA264_06230	iML1515.b2472	27.8	277	175	10	11	266	6	278	6.37e-19	86.7
CA264_06230	iSbBS512_1146.SbBS512_E2843	27.8	277	175	10	11	266	6	278	6.37e-19	86.7
CA264_06230	iSF_1195.SF2514	27.8	277	175	10	11	266	6	278	6.37e-19	86.7
CA264_06230	iSDY_1059.SDY_2656	27.8	277	175	10	11	266	6	278	8.64e-19	86.3
CA264_06230	iYL1228.KPN_01464	27.5	313	195	11	67	349	62	372	1.26e-18	85.9
CA264_06230	iSSON_1240.SSON_2552	27.8	277	175	10	11	266	6	278	1.17e-18	85.9
CA264_06230	STM_v1_0.STM2483	26.7	277	178	9	11	266	6	278	9.79e-18	83.2
CA264_06235	iCN718.ABAYE_RS14570	32.4	275	161	6	2	260	30	295	1.41e-34	125
CA264_06235	iLJ478.TM1784	34.0	241	145	6	3	240	25	254	4.92e-34	124
CA264_06235	iAF987.Gmet_0203	31.5	257	155	5	2	246	26	273	8.59e-34	123
CA264_06235	iAF692.Mbar_A1181	31.3	252	155	5	1	240	46	291	1.60e-33	123
CA264_06235	iCN900.CD630_20320	30.7	244	158	4	2	242	25	260	1.12e-32	120
CA264_06235	iSynCJ816.SGL_RS05885	31.7	240	147	5	2	235	34	262	2.07e-31	117
CA264_06240	iAF692.Mbar_A3512	28.4	331	188	11	2	314	3	302	2.35e-28	110
CA264_06240	iAF987.Gmet_0205	26.7	292	174	7	35	314	40	303	3.31e-27	107
CA264_06240	iYO844.BSU11250	30.3	320	172	9	12	313	24	310	1.17e-26	106
CA264_06245	iYO844.BSU11220	40.3	385	217	8	2	379	3	381	1.15e-78	246
CA264_06245	iAF987.Gmet_0204	38.7	390	215	10	1	376	15	394	1.03e-73	234
CA264_06245	iAF692.Mbar_A0871	37.1	375	225	6	3	373	34	401	3.55e-72	230
CA264_06250	iAF692.Mbar_A2001	42.4	340	179	9	6	333	2	336	5.01e-72	226
CA264_06250	iJN1463.PP_0432	39.6	338	186	7	6	327	2	337	2.90e-63	204
CA264_06255	iSynCJ816.SGL_RS18195	34.5	394	248	6	2	389	5	394	6.14e-58	194
CA264_06255	iYS854.USA300HOU_RS04770	31.9	395	253	9	2	388	3	389	1.68e-52	179
CA264_06255	iAF692.Mbar_A2373	32.2	401	250	12	2	392	3	391	7.86e-52	177
CA264_06275	iAF692.Mbar_A2221	26.4	413	270	15	1	388	1	404	2.74e-19	90.1
CA264_06275	iAF692.Mbar_A1823	25.9	340	228	12	65	388	72	403	8.72e-19	88.6
CA264_06280	iJN1463.PP_4524	25.8	454	290	8	4	454	3	412	3.43e-38	146
CA264_06285	iML1515.b1448	32.2	87	54	2	58	139	50	136	9.63e-04	37.4
CA264_06290	iCN900.CD630_04480	33.1	356	228	4	4	356	5	353	5.47e-63	204
CA264_06295	iPC815.YPO3407	44.9	198	109	0	9	206	7	204	4.26e-63	194
CA264_06295	iML1515.b0126	45.5	187	102	0	9	195	7	193	2.43e-62	192
CA264_06295	iSbBS512_1146.SbBS512_E0119	45.5	187	102	0	9	195	7	193	2.43e-62	192
CA264_06295	iSDY_1059.SDY_0035	45.5	187	102	0	9	195	7	193	2.43e-62	192
CA264_06295	iSF_1195.SF0123	45.5	187	102	0	9	195	7	193	2.43e-62	192
CA264_06295	iSSON_1240.SSON_0134	45.5	187	102	0	9	195	7	193	2.43e-62	192
CA264_06295	STM_v1_0.STM0171	45.5	187	102	0	9	195	7	193	9.82e-62	191
CA264_06295	iYL1228.KPN_00134	45.4	183	100	0	21	203	3	185	1.11e-59	185
CA264_06305	iYS854.USA300HOU_RS04720	36.4	772	432	14	34	765	38	790	4.44e-125	392
CA264_06305	iYO844.BSU31600	35.4	811	451	19	6	768	13	798	1.72e-124	391
CA264_06305	iJN1463.PP_2230	36.2	748	431	11	44	760	46	778	3.60e-113	365
CA264_06305	iYS854.USA300HOU_RS03380	36.5	792	440	22	19	766	23	795	3.43e-112	358
CA264_06310	iJN1463.PP_2230	29.1	179	80	2	4	180	819	952	6.84e-16	74.3
CA264_06310	iYO844.BSU31610	30.7	179	77	3	4	180	9	142	4.63e-16	70.9
CA264_06315	iYO844.BSU31620	37.8	111	65	1	1	111	1	107	1.04e-19	77.4
CA264_06315	iYS854.USA300HOU_RS04710	38.1	105	61	1	7	111	3	103	1.21e-17	72.0
CA264_06320	iYO844.BSU31630	38.9	496	292	3	8	502	6	491	1.35e-109	334
CA264_06325	iYO844.BSU31640	35.2	122	77	1	43	164	38	157	2.07e-17	74.3
CA264_06330	iYO844.BSU31650	32.5	83	56	0	4	86	2	84	1.21e-09	50.1
CA264_06335	iYO844.BSU31660	40.2	92	53	1	12	101	6	97	2.45e-12	59.7
CA264_06335	iYS854.USA300HOU_RS03410	34.3	99	63	1	12	108	16	114	8.84e-11	56.2
CA264_06340	iLB1027_lipid.PHATRDRAFT_47351	25.7	257	152	9	23	256	116	356	7.19e-13	67.4
CA264_06340	iYL1228.KPN_00046	33.3	141	73	4	22	162	4	123	8.04e-11	60.8
CA264_06345	iAF987.Gmet_3470	28.4	591	387	9	15	590	41	610	2.54e-66	227
CA264_06350	iPC815.YPO2524	24.6	211	128	8	155	348	127	323	2.18e-07	51.6
CA264_06355	iEK1008.Rv3703c	30.6	402	240	12	43	421	37	422	3.14e-39	145
CA264_06360	iEK1008.Rv3701c	37.2	293	168	4	23	309	17	299	3.64e-50	169
CA264_06365	iSynCJ816.SGL_RS13785	34.3	362	226	3	34	393	30	381	6.85e-71	227
CA264_06365	iHN637.CLJU_RS06550	34.5	362	233	4	34	393	30	389	7.97e-68	219
CA264_06365	iYO844.BSU22370	33.1	363	235	4	35	395	31	387	2.18e-66	216
CA264_06365	iCN718.ABAYE_RS05270	32.7	361	237	2	36	395	34	389	1.48e-64	211
CA264_06365	iIT341.HP0672	33.4	362	228	5	35	393	31	382	5.12e-63	207
CA264_06370	iML1515.b1985	24.9	433	318	5	6	432	34	465	4.20e-23	101
CA264_06380	iML1515.b1301	28.6	381	232	12	24	384	22	382	2.38e-23	102
CA264_06380	iSSON_1240.SSON_1839	28.6	381	232	12	24	384	22	382	2.38e-23	102
CA264_06380	iSbBS512_1146.SbBS512_E1537	28.6	381	232	12	24	384	22	382	4.31e-23	101
CA264_06380	iSDY_1059.SDY_1943	28.6	381	232	12	24	384	22	382	4.31e-23	101
CA264_06380	iSF_1195.SF1306	28.6	385	227	13	24	384	22	382	4.31e-23	101
CA264_06380	iCN900.CD630_28680	25.9	405	270	13	11	399	11	401	4.68e-23	100
CA264_06380	iYL1228.KPN_01017	27.7	394	242	13	24	394	22	395	2.03e-21	96.3
CA264_06385	iYO844.BSU00380	35.1	111	67	4	1	110	557	663	1.10e-12	62.4
CA264_06385	iAF692.Mbar_A0543	28.8	111	76	3	1	110	601	709	3.37e-11	58.2
CA264_06410	iCN900.CD630_26230	44.5	209	108	4	21	227	34	236	3.86e-49	160
CA264_06415	iYS854.USA300HOU_RS09130	26.8	269	161	7	37	302	10	245	4.56e-22	92.4
CA264_06445	iPC815.YPO0565	25.6	133	89	2	15	147	4	126	2.28e-07	47.0
CA264_06445	iAF987.Gmet_1790	25.6	86	64	0	20	105	27	112	1.18e-05	42.7
CA264_06455	iYO844.BSU15020	40.8	147	87	0	1	147	1	147	1.61e-39	130
CA264_06455	iAF987.Gmet_1759	37.0	146	92	0	2	147	3	148	1.71e-39	130
CA264_06455	iSynCJ816.SGL_RS15225	43.8	153	84	1	4	156	2	152	4.31e-39	129
CA264_06455	iPC815.YPO0053	42.7	143	82	0	5	147	5	147	2.46e-38	127
CA264_06455	iSDY_1059.SDY_4064	41.5	147	86	0	1	147	1	147	1.40e-37	125
CA264_06455	iJN1463.PP_5123	41.8	146	84	1	1	146	1	145	2.10e-37	125
CA264_06455	STM_v1_0.STM3725	41.5	147	86	0	1	147	1	147	1.99e-37	125
CA264_06455	iYL1228.KPN_03974	41.5	147	86	0	1	147	1	147	5.64e-37	124
CA264_06455	iML1515.b3634	40.8	147	87	0	1	147	1	147	1.60e-36	123
CA264_06455	iSbBS512_1146.SbBS512_E4059	40.8	147	87	0	1	147	1	147	1.60e-36	123
CA264_06455	iSF_1195.SF3673	40.8	147	87	0	1	147	1	147	1.60e-36	123
CA264_06455	iSSON_1240.SSON_3773	40.8	147	87	0	1	147	1	147	1.60e-36	123
CA264_06455	iYS854.USA300HOU_RS05615	34.7	144	94	0	4	147	5	148	2.33e-36	122
CA264_06455	iHN637.CLJU_RS06240	34.5	145	95	0	3	147	2	146	2.11e-35	120
CA264_06455	iIT341.HP1475	36.1	147	94	0	1	147	1	147	9.82e-35	118
CA264_06465	iNF517.LLMG_RS07605	53.2	201	94	0	10	210	7	207	1.17e-71	216
CA264_06465	iYS854.USA300HOU_RS06055	53.5	200	93	0	7	206	2	201	9.07e-70	211
CA264_06465	iYO844.BSU15560	53.0	198	93	0	10	207	11	208	7.89e-69	209
CA264_06480	iLJ478.TM1744	50.9	324	157	2	5	327	2	324	1.35e-99	297
CA264_06500	iAF987.Gmet_1238	33.5	278	161	7	6	275	3	264	1.46e-37	133
CA264_06510	iAF987.Gmet_3469	41.2	537	310	5	5	537	13	547	2.77e-133	414
CA264_06510	iJN1463.PP_4059	39.4	545	319	6	3	537	13	556	3.64e-132	411
CA264_06510	iEK1008.Rv0126	38.1	544	323	6	6	538	43	583	2.93e-125	379
CA264_06525	iJN1463.PP_5107	53.8	212	97	1	26	237	20	230	2.38e-73	223
CA264_06540	iSynCJ816.SGL_RS16525	27.8	320	179	12	11	296	129	430	6.25e-22	94.7
CA264_06545	iAF987.Gmet_1238	29.4	228	149	6	39	264	33	250	1.60e-25	101
CA264_06580	iCN900.CD630_04310	24.8	553	308	24	2	525	5	478	8.76e-22	98.2
CA264_06590	iAF987.Gmet_1717	60.5	281	110	1	1	281	2	281	1.63e-112	326
CA264_06590	iAF987.Gmet_2072	58.0	281	117	1	1	281	2	281	1.92e-106	310
CA264_06590	iYO844.BSU24160	53.3	285	132	1	1	285	3	286	5.10e-103	302
CA264_06595	iCN718.ABAYE_RS05125	51.3	273	119	4	2	264	3	271	9.74e-59	187
CA264_06595	iSDY_1059.SDY_0182	50.2	273	122	6	2	264	3	271	7.99e-55	177
CA264_06595	iSbBS512_1146.SbBS512_E0158	49.1	273	125	5	2	264	3	271	4.48e-54	176
CA264_06595	iML1515.b0166	49.1	273	125	5	2	264	3	271	6.33e-54	175
CA264_06595	iSF_1195.SF0156	49.1	273	125	5	2	264	3	271	6.33e-54	175
CA264_06595	iSSON_1240.SSON_0178	49.1	273	125	5	2	264	3	271	6.33e-54	175
CA264_06595	iYL1228.KPN_00179	48.7	273	126	5	2	264	3	271	1.26e-53	174
CA264_06595	iPC815.YPO1041	48.7	273	126	5	2	264	3	271	1.26e-53	174
CA264_06595	STM_v1_0.STM0213	48.7	273	126	5	2	264	3	271	1.78e-53	174
CA264_06605	iPC815.YPO1597	47.1	329	157	5	4	331	3	315	4.08e-93	279
CA264_06605	STM_v1_0.STM1193	47.0	328	160	5	4	331	3	316	8.44e-93	278
CA264_06605	iAF987.Gmet_1599	44.0	332	180	4	1	332	1	326	4.52e-92	277
CA264_06605	iYL1228.KPN_01089	47.3	328	159	5	4	331	3	316	6.80e-92	276
CA264_06605	iML1515.b1091	47.3	328	159	5	4	331	3	316	9.63e-92	276
CA264_06605	iSbBS512_1146.SbBS512_E2233	47.3	328	159	5	4	331	3	316	9.63e-92	276
CA264_06605	iSSON_1240.SSON_1111	47.3	328	159	5	4	331	3	316	9.63e-92	276
CA264_06605	iSDY_1059.SDY_2059	47.0	328	160	5	4	331	3	316	3.87e-91	274
CA264_06605	iSF_1195.SF1095	47.0	328	160	5	4	331	3	316	1.10e-90	273
CA264_06605	iYO844.BSU11330	44.3	327	161	5	6	332	5	310	3.76e-90	271
CA264_06605	iCN900.CD630_11790	45.0	327	173	4	6	332	7	326	3.55e-89	270
CA264_06605	iIT341.HP0202	42.7	330	174	5	6	330	7	326	5.73e-86	261
CA264_06615	iYS854.USA300HOU_RS05515	46.2	435	223	5	11	434	13	447	1.15e-110	339
CA264_06620	iSSON_1240.SSON_4319	32.0	122	62	5	65	184	459	561	3.27e-09	55.5
CA264_06620	iSbBS512_1146.SbBS512_E4665	32.0	122	62	5	65	184	459	561	8.05e-09	54.3
CA264_06620	iML1515.b4136	31.1	122	63	5	65	184	459	561	1.09e-08	53.9
CA264_06620	iSDY_1059.SDY_4441	31.1	122	63	5	65	184	459	561	1.09e-08	53.9
CA264_06620	iSF_1195.SF4290	31.1	122	63	5	65	184	459	561	1.09e-08	53.9
CA264_06625	iML1515.b4173	30.0	213	128	8	183	380	156	362	4.12e-11	64.3
CA264_06670	iYS854.USA300HOU_RS05260	27.4	241	164	5	30	270	77	306	4.34e-18	85.9
CA264_06670	iSynCJ816.SGL_RS12260	28.6	217	125	5	67	262	75	282	8.32e-16	79.0
CA264_06745	iEK1008.Rv2467	24.5	310	185	15	146	418	150	447	1.93e-08	56.2
CA264_06760	iYO844.BSU14520	22.3	367	229	14	19	367	12	340	1.54e-05	46.6
CA264_06760	iYS854.USA300HOU_RS12610	30.8	91	60	1	37	124	28	118	2.18e-04	42.7
CA264_06795	iYS854.USA300HOU_RS04825	40.8	98	57	1	8	104	5	102	8.06e-19	74.3
CA264_06815	iAF987.Gmet_3494	43.1	225	127	1	86	309	17	241	2.18e-64	203
CA264_06820	iHN637.CLJU_RS03365	38.7	1103	527	22	26	1093	25	1013	2.22e-232	688
CA264_06835	iSynCJ816.SGL_RS17160	34.1	208	132	2	4	206	5	212	2.17e-30	115
CA264_06835	iCN900.CD630_16140	27.4	263	163	4	1	235	1	263	1.06e-30	114
CA264_06835	iYS854.USA300HOU_RS09925	30.3	244	153	7	1	231	3	242	6.43e-31	114
CA264_06835	iML1515.b3201	31.7	230	149	3	2	223	4	233	1.87e-29	110
CA264_06835	iSbBS512_1146.SbBS512_E3569	31.7	230	149	3	2	223	4	233	1.87e-29	110
CA264_06835	iSDY_1059.SDY_3382	31.7	230	149	3	2	223	4	233	1.87e-29	110
CA264_06835	iSF_1195.SF3241	31.7	230	149	3	2	223	4	233	1.87e-29	110
CA264_06835	iSSON_1240.SSON_3349	31.7	230	149	3	2	223	4	233	1.87e-29	110
CA264_06835	iYO844.BSU02750	33.3	201	122	5	14	205	18	215	8.08e-29	108
CA264_06835	iCN900.CD630_07520	27.9	240	164	3	1	231	1	240	7.06e-29	108
CA264_06835	iYO844.BSU23960	32.4	219	129	7	1	205	1	214	9.91e-29	108
CA264_06835	iYO844.BSU30760	29.1	244	156	4	4	233	6	246	1.73e-28	107
CA264_06835	iJN1463.PP_0953	30.7	212	139	2	2	205	4	215	2.79e-28	107
CA264_06835	iCN900.CD630_09000	30.2	222	141	7	1	210	1	220	4.24e-27	106
CA264_06835	iYO844.BSU33730	32.1	215	135	7	1	205	1	214	2.25e-26	104
CA264_06835	iCN900.CD630_14890	30.6	216	138	5	1	205	1	215	1.35e-26	104
CA264_06835	iYS854.USA300HOU_RS13040	30.7	218	135	8	1	205	1	215	3.10e-27	104
CA264_06860	iAF987.Gmet_0328	34.9	83	54	0	78	160	30	112	4.40e-13	64.7
CA264_06875	iSynCJ816.SGL_RS17955	45.9	739	368	7	7	734	24	741	1.84e-233	671
CA264_06880	iJN1463.PP_3382	37.0	100	57	4	387	482	316	413	1.07e-10	63.2
CA264_06885	iJN1463.PP_4215	27.3	194	108	7	27	196	54	238	9.12e-05	42.7
CA264_06920	iMM904.YLR355C	55.4	341	152	0	4	344	51	391	7.11e-135	389
CA264_06925	iAF987.Gmet_1261	38.8	152	90	3	14	164	5	154	2.32e-21	85.9
CA264_06925	iYO844.BSU28300	31.2	157	106	2	14	169	5	160	3.08e-20	83.2
CA264_06925	iEK1008.Rv3002c	31.4	159	104	2	14	170	8	163	2.81e-20	83.2
CA264_06925	iSynCJ816.SGL_RS13860	32.3	155	104	1	14	168	5	158	3.48e-18	77.8
CA264_06930	iYO844.BSU28310	48.6	560	279	5	17	574	17	569	2.77e-172	500
CA264_06930	iAF692.Mbar_A0218	46.8	560	285	7	18	574	9	558	7.36e-168	489
CA264_06930	iAF987.Gmet_1260	45.5	573	289	8	18	577	3	565	2.12e-164	479
CA264_06930	iSynCJ816.SGL_RS09105	44.4	568	297	8	19	574	22	582	2.96e-156	461
CA264_06930	iEK1008.Rv3003c	46.7	570	286	8	18	575	38	601	6.09e-155	457
CA264_06930	iYL1228.KPN_04267	43.9	558	297	5	18	574	1	543	2.61e-155	456
CA264_06930	STM_v1_0.STM3901	43.9	558	297	5	18	574	1	543	2.96e-154	453
CA264_06935	iNF517.LLMG_RS06490	61.0	557	215	2	3	557	14	570	4.78e-239	669
CA264_06935	iLB1027_lipid.PHATRDRAFT_20547	57.0	553	231	3	11	556	2	554	2.42e-218	616
CA264_06940	iML1515.b3770	41.0	261	147	3	9	262	9	269	1.35e-62	199
CA264_06940	iSbBS512_1146.SbBS512_E4150	41.0	261	147	3	9	262	9	269	1.35e-62	199
CA264_06940	iSDY_1059.SDY_3978	41.0	261	147	3	9	262	9	269	1.35e-62	199
CA264_06940	iSF_1195.SF3845	41.0	261	147	3	9	262	9	269	1.35e-62	199
CA264_06940	iSSON_1240.SSON_3941	41.0	261	147	3	9	262	9	269	1.35e-62	199
CA264_06940	iYL1228.KPN_04269	41.4	261	146	3	9	262	9	269	5.36e-62	198
CA264_06940	STM_v1_0.STM3903	41.0	261	147	3	9	262	9	269	1.07e-61	197
CA264_06940	iPC815.YPO3899	41.0	261	147	3	9	262	8	268	1.47e-61	197
CA264_06940	iCN718.ABAYE_RS03435	37.9	261	156	3	9	263	10	270	5.03e-56	182
CA264_06945	iSynCJ816.SGL_RS12965	36.1	233	136	5	1	223	1	230	1.28e-31	117
CA264_06950	iMM904.YIR037W	43.2	148	82	2	41	187	4	150	8.07e-37	125
CA264_06950	iMM904.YBR244W	43.3	150	83	2	41	189	5	153	2.22e-36	124
CA264_06950	iNF517.LLMG_RS05525	40.4	146	84	3	41	185	3	146	1.38e-33	117
CA264_06975	iML1515.b2690	28.4	183	130	1	25	207	4	185	5.90e-21	85.9
CA264_06975	iSSON_1240.SSON_2834	28.4	183	130	1	25	207	4	185	5.90e-21	85.9
CA264_06975	STM_v1_0.STM2820	28.4	183	130	1	25	207	4	185	1.16e-20	85.1
CA264_06975	iSF_1195.SF2717	28.4	183	130	1	25	207	4	185	1.62e-20	84.7
CA264_06975	iSDY_1059.SDY_2887	28.4	183	130	1	25	207	4	185	2.27e-20	84.3
CA264_06975	iYL1228.KPN_03021	28.0	182	130	1	26	207	5	185	4.44e-20	83.6
CA264_06975	iSbBS512_1146.SbBS512_E3186	28.4	183	129	2	25	207	4	184	8.90e-19	80.1
CA264_06975	iAF692.Mbar_A0742	27.6	181	130	1	27	207	3	182	4.12e-18	79.0
CA264_06990	iMM904.YKL004W	25.1	247	143	9	55	283	80	302	3.42e-12	66.2
CA264_06995	iMM904.YMR272C	39.1	184	106	3	19	199	188	368	1.37e-31	117
CA264_07005	iAF692.Mbar_A1498	46.6	118	54	3	67	175	20	137	1.15e-19	82.8
CA264_07005	iEK1008.Rv2612c	34.0	156	91	3	16	169	14	159	7.11e-19	81.6
CA264_07020	iJN1463.PP_0520	39.8	118	55	3	48	149	47	164	2.71e-16	71.2
CA264_07020	iAF987.Gmet_0195	40.0	140	74	5	13	148	13	146	1.01e-15	69.3
CA264_07025	iMM904.YJL153C	31.4	465	273	10	2	422	57	519	5.77e-68	225
CA264_07025	iLB1027_lipid.PHATRDRAFT_45120	30.1	468	284	11	1	433	48	507	1.41e-61	208
CA264_07025	iIS312.TCDM_08270	30.0	464	280	11	1	422	47	507	1.07e-59	203
CA264_07030	iSbBS512_1146.SbBS512_E1190	26.3	331	221	10	1	323	1	316	4.10e-17	80.5
CA264_07030	iYS854.USA300HOU_RS00675	25.1	343	206	10	3	327	5	314	5.32e-17	80.1
CA264_07040	iYO844.BSU17000	43.8	354	199	0	34	387	25	378	5.73e-98	297
CA264_07040	iAF987.Gmet_0842	40.4	381	225	1	22	400	10	390	7.96e-95	289
CA264_07040	iYS854.USA300HOU_RS02890	39.9	363	214	2	28	387	20	381	1.44e-90	278
CA264_07040	iEK1008.Rv0032	40.8	360	210	2	28	387	397	753	3.57e-83	270
CA264_07050	iHN637.CLJU_RS19350	34.9	106	67	1	57	162	69	172	1.83e-15	70.5
CA264_07050	iJN1463.PP_3136	32.9	167	93	7	7	167	15	168	1.19e-15	70.5
CA264_07080	iYO844.BSU09530	33.1	290	168	6	1	266	1	288	3.14e-36	132
CA264_07080	iML1515.b1771	35.0	234	132	4	1	214	1	234	2.38e-31	119
CA264_07085	iJN1463.PP_4817	50.4	135	64	3	11	143	8	141	1.94e-32	112
CA264_07120	iEK1008.Rv0896	58.9	419	170	2	11	428	14	431	2.25e-180	509
CA264_07125	iLJ478.TM0038	34.5	142	66	5	6	146	3	118	4.77e-19	77.0
CA264_07130	iAF987.Gmet_2727	38.3	115	71	0	526	640	281	395	1.29e-15	79.0
CA264_07135	iYS854.USA300HOU_RS03835	29.8	168	97	6	20	166	2	169	7.94e-14	67.8
CA264_07135	iJN1463.PP_1225	33.6	107	68	2	22	127	5	109	5.64e-13	65.1
CA264_07140	iEK1008.Rv3045	55.6	347	153	1	1	347	1	346	6.05e-134	385
CA264_07140	iML1515.b0325	54.3	346	155	3	4	347	3	347	1.26e-131	379
CA264_07140	iYO844.BSU27010	52.9	340	159	1	8	347	11	349	4.16e-130	375
CA264_07140	iJN1463.PP_2426	54.1	344	155	2	6	347	6	348	1.23e-129	374
CA264_07145	iAF987.Gmet_0247	53.4	292	128	2	1	290	1	286	3.58e-98	290
CA264_07145	iNF517.LLMG_RS08520	52.9	291	126	4	1	291	1	280	2.45e-92	275
CA264_07145	iYO844.BSU24310	49.0	290	137	3	2	291	4	282	1.73e-89	267
CA264_07145	iYS854.USA300HOU_RS05295	49.5	287	132	5	3	288	5	279	4.38e-88	264
CA264_07150	iSynCJ816.SGL_RS17200	25.0	492	237	15	5	377	9	487	4.70e-26	112
CA264_07150	iEK1008.Rv0684	22.6	491	246	10	1	370	10	487	4.50e-24	106
CA264_07155	iAF987.Gmet_3251	32.9	604	320	15	531	1128	26	550	6.29e-79	269
CA264_07160	iYS854.USA300HOU_RS13340	39.2	482	250	6	51	493	35	512	2.24e-97	304
CA264_07170	iYO844.BSU03070	31.4	401	264	9	20	416	23	416	2.42e-52	185
CA264_07175	iML1515.b3241	24.6	309	156	6	32	328	29	272	3.33e-14	72.0
CA264_07190	iAF987.Gmet_2161	41.6	202	111	3	4	199	391	591	7.18e-46	159
CA264_07200	iAT_PLT_636.2746	48.4	455	219	8	31	472	104	555	1.33e-132	394
CA264_07200	iCHOv1.100759948	48.5	410	196	7	75	472	6	412	2.94e-120	357
CA264_07225	iML1515.b2175	35.7	115	65	3	86	199	79	185	9.74e-14	66.2
CA264_07255	iYS854.USA300HOU_RS05270	27.3	150	98	3	52	201	51	189	3.59e-11	59.7
CA264_07255	iEK1008.Rv2193	26.2	164	103	4	49	207	52	202	6.54e-10	56.2
CA264_07265	iMM904.YML059C	22.8	303	178	5	27	305	1366	1636	5.12e-15	79.3
CA264_07280	iCHOv1.100761937	36.5	288	166	6	7	281	71	354	3.83e-54	179
CA264_07285	iSynCJ816.SGL_RS08250	27.3	513	303	20	128	617	32	497	5.14e-32	129
CA264_07285	iLJ478.TM1840	24.5	474	255	17	158	566	68	503	1.32e-27	117
CA264_07285	iLJ478.TM1835	25.1	499	293	20	128	608	13	448	6.67e-28	117
CA264_07290	iML1515.b1330	26.7	225	149	5	136	352	126	342	2.56e-21	93.2
CA264_07295	iEK1008.Rv0386	34.5	58	38	0	168	225	1024	1081	9.81e-05	42.7
CA264_07310	iAF987.Gmet_0043	22.9	236	157	7	182	400	18	245	2.56e-06	49.3
CA264_07315	iAF987.Gmet_1706	31.9	119	77	3	1	117	1	117	1.51e-11	62.4
CA264_07315	iAF987.Gmet_0069	32.5	126	81	2	3	124	5	130	9.05e-11	60.1
CA264_07315	iAF987.Gmet_1914	26.4	106	78	0	2	107	3	108	1.22e-10	60.1
CA264_07320	iYO844.BSU25790	63.5	342	125	0	11	352	2	343	6.08e-159	449
CA264_07320	iAF987.Gmet_0520	66.4	342	115	0	11	352	7	348	1.54e-155	440
CA264_07330	iEK1008.Rv2641	37.6	141	82	3	8	143	3	142	5.77e-26	96.7
CA264_07375	iML1515.b3011	55.2	382	169	2	1	380	1	382	3.14e-151	432
CA264_07375	iJN1463.PP_2492	55.2	386	171	2	1	385	1	385	2.58e-147	422
CA264_07380	iML1515.b1449	47.5	337	171	3	2	333	7	342	5.41e-107	316
CA264_07380	iJN1463.PP_2476	46.9	337	173	3	3	334	8	343	3.42e-105	311
CA264_07400	iYS854.USA300HOU_RS08915	48.1	632	322	5	2	631	4	631	2.88e-218	622
CA264_07400	iCN900.CD630_05740	50.0	632	305	8	1	631	1	622	4.71e-218	622
CA264_07400	iAF987.Gmet_1411	47.2	638	328	5	2	639	13	641	4.45e-207	594
CA264_07400	iLJ478.TM0740	45.8	640	332	7	2	639	3	629	3.76e-207	594
CA264_07400	iNF517.LLMG_RS10900	44.2	643	353	4	1	640	1	640	4.68e-199	573
CA264_07400	iSynCJ816.SGL_RS15335	48.4	591	295	7	56	639	10	597	4.66e-196	564
CA264_07400	iJN1463.PP_2465	45.0	629	336	5	4	631	4	623	4.57e-195	563
CA264_07425	iML1515.b1601	24.1	344	237	9	13	348	14	341	3.53e-11	63.5
CA264_07435	iJN1463.PP_4210	28.5	123	85	1	284	406	532	651	1.32e-06	51.6
CA264_07440	iML1515.b2925	67.9	355	113	1	1	354	1	355	3.78e-179	500
CA264_07440	iSDY_1059.SDY_3157	67.9	355	113	1	1	354	1	355	3.78e-179	500
CA264_07440	iSF_1195.SF2910	67.9	355	113	1	1	354	1	355	3.78e-179	500
CA264_07440	iSSON_1240.SSON_3077	67.9	355	113	1	1	354	1	355	3.78e-179	500
CA264_07440	STM_v1_0.STM3068	68.2	355	112	1	1	354	1	355	7.62e-179	499
CA264_07440	iSbBS512_1146.SbBS512_E3350	67.6	355	114	1	1	354	1	355	2.18e-178	498
CA264_07440	iPC815.YPO0920	67.0	355	116	1	1	354	1	355	5.09e-177	495
CA264_07440	iYL1228.KPN_03354	66.8	355	117	1	1	354	1	355	1.19e-175	491
CA264_07445	iML1515.b1723	46.9	311	160	3	1	310	1	307	1.71e-86	261
CA264_07445	iSDY_1059.SDY_1816	46.6	311	161	3	1	310	1	307	1.71e-86	261
CA264_07445	STM_v1_0.STM1326	46.0	311	163	3	1	310	1	307	2.50e-86	261
CA264_07445	iSF_1195.SF1507	46.6	311	161	3	1	310	1	307	3.44e-86	261
CA264_07445	iSbBS512_1146.SbBS512_E1968	46.6	311	161	3	1	310	1	307	4.86e-86	260
CA264_07445	iSSON_1240.SSON_1434	46.6	311	161	3	1	310	1	307	4.86e-86	260
CA264_07445	iYL1228.KPN_02183	45.7	311	164	3	1	310	1	307	2.10e-82	251
CA264_07455	iEK1008.Rv3400	41.2	233	134	2	13	242	23	255	5.92e-60	190
CA264_07460	iYO844.BSU15650	38.4	886	526	12	9	887	3	875	1.13e-187	562
CA264_07460	iAF692.Mbar_A0500	39.1	910	520	13	9	898	2	897	1.28e-186	560
CA264_07460	iAF987.Gmet_1614	38.0	901	522	12	9	904	3	871	3.14e-167	509
CA264_07470	iPC815.YPO3718	58.7	547	223	3	2	546	1	546	1.72e-232	651
CA264_07470	iML1515.b4025	59.3	546	219	3	2	545	1	545	4.15e-231	647
CA264_07470	iSbBS512_1146.SbBS512_E4530	59.3	546	219	3	2	545	1	545	4.15e-231	647
CA264_07470	iSDY_1059.SDY_4226	59.3	546	219	3	2	545	1	545	4.15e-231	647
CA264_07470	iSSON_1240.SSON_4203	59.3	546	219	3	2	545	1	545	4.15e-231	647
CA264_07470	STM_v1_0.STM4221	59.2	546	220	3	2	545	1	545	5.88e-231	647
CA264_07470	iYL1228.KPN_04413	59.0	546	221	3	2	545	1	545	1.18e-230	646
CA264_07470	iSF_1195.SF4180	59.2	546	220	3	2	545	1	545	1.18e-230	646
CA264_07470	iMM1415.14751	58.9	526	207	4	28	545	26	550	8.36e-221	622
CA264_07470	iAT_PLT_636.2821	57.5	546	224	4	8	545	44	589	1.23e-217	615
CA264_07470	iCHOv1.100689468	56.1	549	233	4	5	545	2	550	5.18e-217	612
CA264_07495	iSynCJ816.SGL_RS05125	34.0	103	48	3	4	104	20	104	1.14e-06	50.1
CA264_07495	iAF987.Gmet_2444	42.6	54	31	0	2	55	21	74	2.07e-06	49.3
CA264_07495	iAF692.Mbar_A1452	39.6	53	32	0	3	55	6	58	1.11e-05	47.0
CA264_07520	iAF987.Gmet_1919	37.7	114	64	3	8	116	6	117	3.01e-08	53.1
CA264_07530	iAF987.Gmet_0043	30.1	156	101	4	301	449	109	263	1.02e-07	53.9
CA264_07535	iAF987.Gmet_1919	29.3	150	94	2	6	155	2	139	3.05e-10	61.2
CA264_07535	iAF987.Gmet_1914	28.7	136	92	1	6	141	1	131	2.37e-09	58.9
CA264_07555	iAM_Pb448.PBANKA_091170	33.3	234	130	8	191	404	693	920	8.67e-19	89.0
CA264_07555	iAM_Pc455.PCYB_094280	34.7	236	124	10	191	404	721	948	1.52e-17	85.1
CA264_07555	iAM_Pv461.PVX_092460	34.7	236	124	10	191	404	876	1103	4.96e-17	83.6
CA264_07555	iAM_Pf480.PF3D7_1136900	33.1	239	130	9	191	407	742	972	8.66e-17	82.8
CA264_07560	iYS854.USA300HOU_RS07595	37.5	339	205	4	11	346	6	340	1.58e-65	223
CA264_07575	iSynCJ816.SGL_RS02550	27.8	324	186	10	32	351	25	304	3.91e-35	130
CA264_07580	iCN900.CD630_08900	45.4	284	147	5	145	425	2	280	2.20e-83	257
CA264_07580	iLJ478.TM0654	42.4	295	161	6	134	425	5	293	2.34e-77	242
CA264_07605	iAF987.Gmet_1914	27.8	115	82	1	1	115	1	114	7.61e-13	63.2
CA264_07605	iAF987.Gmet_1706	35.5	110	66	4	3	110	2	108	8.57e-13	62.8
CA264_07605	iAF987.Gmet_1919	31.3	115	78	1	4	118	5	118	1.56e-11	59.3
CA264_07620	iHN637.CLJU_RS11570	25.2	242	163	7	12	243	9	242	2.24e-05	44.3
CA264_07620	iAF692.Mbar_A0171	35.3	68	41	2	12	76	9	76	1.30e-04	42.0
CA264_07620	iSynCJ816.SGL_RS17655	48.7	39	20	0	12	50	8	46	2.41e-04	41.2
CA264_07665	iJN1463.PP_5118	39.1	281	162	6	4	278	6	283	4.71e-50	166
CA264_07675	iML1515.b1985	25.3	431	317	2	34	459	45	475	2.63e-29	119
CA264_07720	iSDY_1059.SDY_0473	46.4	418	217	5	3	415	2	417	4.17e-113	337
CA264_07720	iML1515.b0243	46.2	418	218	5	3	415	2	417	2.36e-112	335
CA264_07720	iSF_1195.SF0293	46.2	418	218	5	3	415	2	417	2.36e-112	335
CA264_07720	iSSON_1240.SSON_0285	46.2	418	218	5	3	415	2	417	2.36e-112	335
CA264_07720	iSbBS512_1146.SbBS512_E0240	46.2	418	218	5	3	415	2	417	9.47e-112	333
CA264_07720	STM_v1_0.STM0322	45.7	418	219	4	3	415	2	416	1.84e-111	333
CA264_07720	iHN637.CLJU_RS02950	47.0	417	207	6	6	414	7	417	6.28e-110	329
CA264_07720	iYL1228.KPN_00280	44.3	418	226	4	3	415	2	417	2.83e-105	317
CA264_07720	iNF517.LLMG_RS04530	46.6	414	203	6	10	414	9	413	1.00e-104	315
CA264_07720	iPC815.YPO3221	43.1	418	231	4	3	415	4	419	4.91e-101	306
CA264_07725	iAF987.Gmet_3198	37.3	327	201	4	8	332	12	336	2.94e-66	213
CA264_07725	iYL1228.KPN_00281	36.6	333	206	4	4	334	3	332	7.24e-62	202
CA264_07725	STM_v1_0.STM0321	36.9	331	204	4	6	334	5	332	1.02e-61	201
CA264_07725	iML1515.b0242	36.6	331	205	4	6	334	5	332	1.43e-61	201
CA264_07725	iSbBS512_1146.SbBS512_E0239	36.6	331	205	4	6	334	5	332	1.43e-61	201
CA264_07725	iSDY_1059.SDY_0474	36.6	331	205	4	6	334	5	332	1.43e-61	201
CA264_07725	iSSON_1240.SSON_0284	36.6	331	205	4	6	334	5	332	1.43e-61	201
CA264_07725	iYO844.BSU13120	33.5	358	225	6	6	353	4	358	2.69e-61	200
CA264_07725	iYO844.BSU18470	36.4	330	205	4	8	334	10	337	4.44e-61	200
CA264_07725	iLJ478.TM0294	37.3	327	192	5	8	334	5	318	3.87e-61	199
CA264_07725	iSF_1195.SF0292	36.3	331	206	4	6	334	5	332	7.92e-61	199
CA264_07725	iCN718.ABAYE_RS05325	34.2	342	220	5	8	347	17	355	4.03e-60	197
CA264_07725	iPC815.YPO3222	36.3	331	206	4	6	334	5	332	1.22e-59	196
CA264_07725	iJN1463.PP_0691	35.9	340	214	4	9	346	12	349	1.95e-59	196
CA264_07730	iSynCJ816.SGL_RS17305	33.6	265	166	5	6	265	5	264	1.63e-35	127
CA264_07730	iCHOv1.100758600	29.7	269	178	4	6	268	11	274	6.36e-32	118
CA264_07730	iYO844.BSU23800	28.5	267	185	5	6	268	4	268	2.66e-31	117
CA264_07730	iAF692.Mbar_A0480	29.4	269	182	5	2	265	4	269	3.27e-31	116
CA264_07755	iSynCJ816.SGL_RS13735	39.9	158	85	2	5	162	7	154	1.39e-32	113
CA264_07755	iYS854.USA300HOU_RS08160	39.4	160	90	2	1	160	1	153	1.11e-31	110
CA264_07755	iHN637.CLJU_RS20755	58.8	80	33	0	81	160	87	166	4.37e-29	104
CA264_07755	iYO844.BSU24350	46.3	160	81	1	1	160	2	156	3.67e-28	102
CA264_07760	iSynCJ816.SGL_RS13980	62.2	442	165	1	2	441	3	444	7.83e-200	560
CA264_07760	iAF987.Gmet_0984	61.8	442	166	2	1	440	1	441	1.13e-196	552
CA264_07760	iHN637.CLJU_RS20745	59.3	442	178	1	1	440	1	442	2.09e-192	541
CA264_07760	iYO844.BSU24340	58.1	446	184	2	1	443	1	446	5.10e-189	533
CA264_07760	iYS854.USA300HOU_RS08155	58.0	441	182	2	3	440	2	442	8.84e-183	517
CA264_07805	iCN718.ABAYE_RS15605	38.0	442	241	10	1	434	1	417	1.53e-86	270
CA264_07805	iSbBS512_1146.SbBS512_E3581	39.1	437	242	10	1	434	1	416	1.53e-83	262
CA264_07805	iML1515.b3189	39.1	437	242	10	1	434	1	416	3.04e-83	261
CA264_07805	iSF_1195.SF3229	39.1	437	242	10	1	434	1	416	3.04e-83	261
CA264_07805	iSSON_1240.SSON_3337	39.1	437	242	10	1	434	1	416	3.04e-83	261
CA264_07805	iYL1228.KPN_03599	37.5	435	252	9	1	434	1	416	3.36e-82	258
CA264_07805	iSDY_1059.SDY_3370	38.7	437	244	10	1	434	1	416	3.36e-82	258
CA264_07805	iPC815.YPO3569	36.4	434	259	7	1	434	1	417	3.82e-81	256
CA264_07805	STM_v1_0.STM3307	37.6	439	246	9	1	434	1	416	5.24e-81	255
CA264_07805	iJN1463.PP_0964	36.1	435	261	7	1	434	1	419	1.22e-79	252
CA264_07805	iEK1008.Rv1315	38.6	438	236	7	4	434	5	416	2.69e-77	246
CA264_07805	iIT341.HP0648	35.1	436	264	5	1	434	1	419	4.24e-77	245
CA264_07820	iYS854.USA300HOU_RS05260	25.2	329	217	9	26	350	79	382	1.02e-18	86.3
CA264_07830	iSynCJ816.SGL_RS12260	23.8	286	157	11	86	351	87	331	1.11e-05	47.0
CA264_07840	iMM1415.246787	24.5	433	273	13	7	403	23	437	3.53e-21	97.4
CA264_07840	iCHOv1.100770888	24.5	433	273	13	7	403	27	441	6.25e-21	96.7
CA264_07840	iCHOv1.100767281	23.6	470	298	17	31	460	53	501	7.73e-20	93.2
CA264_07840	iMM1415.230612	22.2	427	280	16	7	402	33	438	4.34e-19	90.9
CA264_07840	iYO844.BSU06660	23.3	514	327	17	11	498	9	481	3.39e-19	90.5
CA264_07845	iJN1463.PP_1904	46.4	334	178	1	4	337	18	350	4.69e-102	303
CA264_07845	iML1515.b3972	45.9	333	175	3	6	338	2	329	1.43e-93	281
CA264_07845	iSDY_1059.SDY_3756	45.9	333	175	3	6	338	2	329	2.86e-93	281
CA264_07845	iSbBS512_1146.SbBS512_E4460	45.3	333	177	3	6	338	2	329	1.31e-91	276
CA264_07845	iSF_1195.SF4050	45.3	333	177	3	6	338	2	329	1.31e-91	276
CA264_07845	iSSON_1240.SSON_4145	45.3	333	177	3	6	338	2	329	1.31e-91	276
CA264_07845	iCN718.ABAYE_RS07990	41.3	334	191	2	1	334	1	329	1.58e-90	274
CA264_07875	iAF692.Mbar_A2049	33.4	377	241	7	11	384	1	370	6.05e-64	209
CA264_07880	iYS854.USA300HOU_RS14490	26.7	206	128	6	86	269	48	252	3.88e-13	68.2
CA264_07905	iYO844.BSU13170	54.9	153	69	0	9	161	4	156	8.40e-59	179
CA264_07905	iAF692.Mbar_A3057	57.0	151	64	1	11	161	8	157	1.75e-58	179
CA264_07910	iAF987.Gmet_0043	25.1	259	177	7	245	489	12	267	5.05e-11	64.7
CA264_07915	iAF987.Gmet_0043	25.7	226	153	7	21	232	43	267	2.14e-08	53.9
CA264_07920	iAF987.Gmet_2999	27.6	127	87	1	7	133	9	130	3.61e-11	58.9
CA264_07925	iAF987.Gmet_0043	27.1	410	268	8	249	650	2	388	1.27e-28	121
CA264_07945	iEK1008.Rv2505c	58.7	530	214	4	3	529	10	537	3.71e-226	634
CA264_07945	iJN1463.PP_4063	53.9	555	234	4	2	535	1	554	7.50e-212	598
CA264_07950	iCN718.ABAYE_RS18875	32.2	295	178	7	1	277	277	567	4.39e-40	148
CA264_07955	iAF987.Gmet_0886	37.2	393	224	8	13	398	6	382	2.90e-71	228
CA264_07960	iMM1415.12764	33.3	222	132	7	5	220	45	256	5.60e-21	90.1
CA264_07970	iNF517.LLMG_RS08595	37.2	86	54	0	121	206	73	158	5.40e-13	65.5
CA264_07970	iML1515.b2033	27.8	126	74	3	93	207	66	185	8.21e-11	60.1
CA264_07975	iMM1415.94181	32.6	347	220	9	10	349	11	350	1.50e-49	169
CA264_07975	iCHOv1.100767837	31.7	353	215	8	10	349	11	350	2.96e-49	168
CA264_07995	iAF987.Gmet_2351	36.4	374	220	5	14	379	2	365	9.36e-57	189
CA264_08005	iML1515.b0652	34.2	222	145	1	8	229	1	221	3.53e-42	143
CA264_08005	iSSON_1240.SSON_0606	34.2	222	145	1	8	229	1	221	3.53e-42	143
CA264_08005	iSF_1195.SF0629	34.2	222	145	1	8	229	1	221	9.90e-42	142
CA264_08005	iCN900.CD630_14890	36.7	218	136	2	8	224	1	217	3.93e-40	140
CA264_08005	iYO844.BSU32750	36.8	223	133	5	8	224	1	221	4.65e-39	137
CA264_08005	iYL1228.KPN_00678	33.8	222	146	1	8	229	1	221	6.11e-40	137
CA264_08005	iJN1463.PP_1068	32.9	222	148	1	8	229	13	233	2.52e-39	136
CA264_08005	iPC815.YPO2612	33.5	224	147	2	8	230	2	224	2.13e-37	130
CA264_08015	iCN900.CD630_23290	58.5	212	84	1	1	212	1	208	1.99e-85	251
CA264_08015	iLJ478.TM0295	54.4	215	94	1	1	215	1	211	4.04e-83	246
CA264_08015	iAF987.Gmet_0497	58.1	215	86	2	1	215	1	211	5.03e-83	245
CA264_08015	iYO844.BSU37110	54.2	216	94	2	1	215	1	212	9.71e-78	232
CA264_08025	iSSON_1240.SSON_2589	55.3	517	220	5	4	509	9	525	1.15e-192	547
CA264_08025	iSDY_1059.SDY_2703	55.3	517	220	5	4	509	9	525	2.32e-192	546
CA264_08025	iML1515.b2507	55.1	517	221	5	4	509	9	525	9.37e-192	545
CA264_08025	iSF_1195.SF2553	54.9	517	222	5	4	509	9	525	9.37e-192	545
CA264_08025	STM_v1_0.STM2510	55.3	517	220	5	4	509	9	525	1.88e-191	544
CA264_08025	iSbBS512_1146.SbBS512_E2882	54.7	517	223	5	4	509	9	525	7.60e-191	543
CA264_08025	iAF987.Gmet_2292	53.4	513	233	4	3	509	8	520	8.46e-189	537
CA264_08025	iYL1228.KPN_02833	53.4	517	230	4	4	509	9	525	9.37e-187	532
CA264_08025	iPC815.YPO2870	53.7	518	227	6	4	509	9	525	8.73e-185	527
CA264_08025	iCN718.ABAYE_RS18570	52.9	514	234	5	3	509	10	522	2.96e-182	521
CA264_08025	iJN1463.PP_1032	51.5	518	238	5	4	509	9	525	2.66e-181	518
CA264_08025	iSynCJ816.SGL_RS13520	50.1	515	246	4	5	509	29	542	1.91e-180	517
CA264_08025	iYO844.BSU06360	50.0	510	249	4	3	509	7	513	1.88e-178	511
CA264_08025	iCN900.CD630_01980	50.5	511	246	5	3	509	4	511	1.76e-178	511
CA264_08025	iHN637.CLJU_RS18300	49.6	510	251	5	3	509	4	510	9.72e-178	509
CA264_08025	iIT341.HP0409	50.9	515	235	8	5	509	2	508	5.95e-176	504
CA264_08025	iMM904.YMR217W	49.7	517	251	5	1	509	10	525	2.13e-175	503
CA264_08025	iLJ478.TM1820	51.3	509	235	9	5	509	2	501	2.17e-174	500
CA264_08025	iLB1027_lipid.PHATRDRAFT_27735	50.1	519	246	7	4	509	20	538	3.50e-172	496
CA264_08025	iYS854.USA300HOU_RS02070	49.2	510	252	5	3	509	8	513	8.61e-172	494
CA264_08035	iAF987.Gmet_3356	57.8	417	175	1	7	423	6	421	7.88e-164	467
CA264_08035	iYO844.BSU28120	54.9	415	185	1	7	421	7	419	1.01e-157	452
CA264_08035	STM_v1_0.STM0202	55.9	406	177	2	7	411	4	408	4.11e-156	447
CA264_08035	iJN1463.PP_4784	57.0	405	170	4	7	409	4	406	1.21e-155	446
CA264_08035	iSSON_1240.SSON_0166	55.6	408	179	2	7	413	4	410	2.35e-155	446
CA264_08035	iML1515.b0154	55.6	408	179	2	7	413	4	410	6.70e-155	444
CA264_08035	iSbBS512_1146.SbBS512_E0146	55.4	408	180	2	7	413	4	410	1.91e-154	443
CA264_08035	iSynCJ816.SGL_RS13390	54.2	413	188	1	7	419	12	423	2.42e-154	443
CA264_08035	iYL1228.KPN_00169	55.9	408	178	2	7	413	4	410	3.83e-154	442
CA264_08035	iSDY_1059.SDY_0170	55.4	408	180	2	7	413	4	410	5.43e-154	442
CA264_08035	iPC815.YPO3389	55.3	416	184	2	7	421	4	418	5.43e-154	442
CA264_08035	iSF_1195.SF0146	54.9	408	182	2	7	413	4	410	1.55e-153	441
CA264_08035	iHN637.CLJU_RS02195	51.4	416	201	1	7	421	3	418	2.05e-153	441
CA264_08035	iCN718.ABAYE_RS05520	52.0	431	203	3	1	428	1	430	1.77e-151	436
CA264_08035	iYS854.USA300HOU_RS08830	52.6	420	197	1	7	426	6	423	9.44e-148	426
CA264_08040	iEK1008.Rv0321	35.2	182	107	6	1	171	1	182	6.24e-21	84.7
CA264_08060	iAF987.Gmet_0043	23.6	254	159	7	206	438	27	266	7.28e-13	70.1
CA264_08080	iYO844.BSU02750	37.6	218	134	2	16	231	19	236	4.95e-49	163
CA264_08085	iAF987.Gmet_1601	31.9	235	138	6	1	216	1	232	5.81e-28	106
CA264_08085	iCN900.CD630_11820	29.5	234	146	4	1	216	2	234	9.17e-27	103
CA264_08085	iYO844.BSU15910	31.5	222	133	4	3	206	2	222	4.63e-26	101
CA264_08085	iSDY_1059.SDY_1586	32.0	228	134	6	7	215	2	227	4.82e-26	101
CA264_08085	iML1515.b1539	32.0	228	134	6	7	215	2	227	1.32e-25	100
CA264_08085	iYL1228.KPN_01091	32.4	188	120	2	1	182	1	187	1.22e-25	100
CA264_08085	iSF_1195.SF1556	32.0	228	134	6	7	215	2	227	1.32e-25	100
CA264_08085	iSSON_1240.SSON_1589	32.0	228	134	6	7	215	2	227	1.32e-25	100
CA264_08085	iSbBS512_1146.SbBS512_E1701	32.0	228	134	6	7	215	2	227	2.58e-25	99.4
CA264_08085	iML1515.b1093	32.4	188	120	2	1	182	1	187	3.33e-25	99.0
CA264_08085	iSbBS512_1146.SbBS512_E2231	32.4	188	120	2	1	182	1	187	3.33e-25	99.0
CA264_08085	iSF_1195.SF1097	32.4	188	120	2	1	182	1	187	3.33e-25	99.0
CA264_08085	iSSON_1240.SSON_1113	32.4	188	120	2	1	182	1	187	3.33e-25	99.0
CA264_08085	iYL1228.KPN_02546	30.6	235	151	3	2	225	4	237	4.47e-25	98.6
CA264_08085	iSDY_1059.SDY_2057	32.4	188	120	2	1	182	1	187	4.66e-25	98.6
CA264_08085	iCN718.ABAYE_RS01085	30.4	237	136	6	2	210	3	238	1.71e-24	97.8
CA264_08085	iCN900.CD630_25770	30.2	232	143	6	3	216	1	231	9.29e-25	97.8
CA264_08085	iCN718.ABAYE_RS13080	29.4	228	142	2	8	216	17	244	2.38e-24	97.4
CA264_08085	iCN718.ABAYE_RS13055	34.9	189	112	3	8	186	16	203	2.34e-24	97.4
CA264_08085	STM_v1_0.STM1195	31.9	188	121	2	1	182	1	187	1.27e-24	97.4
CA264_08085	iSynCJ816.SGL_RS07245	30.1	219	137	4	3	206	4	221	1.89e-24	97.1
CA264_08085	STM_v1_0.STM1511	32.9	234	136	6	7	221	2	233	2.69e-24	96.7
CA264_08085	iLJ478.TM1724	26.2	233	154	3	1	216	1	232	5.05e-24	95.9
CA264_08090	iCN900.CD630_25770	31.4	194	128	4	2	193	3	193	2.49e-25	99.4
CA264_08090	iML1515.b1539	30.3	241	145	5	5	230	3	235	1.98e-24	97.1
CA264_08090	iSSON_1240.SSON_1589	30.3	241	145	5	5	230	3	235	1.98e-24	97.1
CA264_08090	iSDY_1059.SDY_1586	30.3	241	145	5	5	230	3	235	3.86e-24	96.3
CA264_08090	iSbBS512_1146.SbBS512_E1701	30.3	241	145	5	5	230	3	235	5.39e-24	95.9
CA264_08090	iSF_1195.SF1556	29.9	241	146	5	5	230	3	235	1.05e-23	95.1
CA264_08090	iHN637.CLJU_RS17225	30.1	216	140	2	6	211	12	226	2.13e-23	94.4
CA264_08090	STM_v1_0.STM1511	31.6	225	136	5	5	224	3	214	3.99e-23	93.6
CA264_08090	iYL1228.KPN_01590	30.7	244	140	7	5	230	3	235	7.90e-23	92.8
CA264_08090	iMM904.YMR226C	28.9	246	155	6	2	230	13	255	2.96e-22	91.7
CA264_08090	iLJ478.TM1724	32.9	219	129	6	6	211	9	222	2.83e-22	91.3
CA264_08090	iHN637.CLJU_RS20765	29.6	216	141	2	6	211	10	224	7.94e-22	90.1
CA264_08090	iCHOv1.100766065	30.9	191	120	3	3	192	7	186	7.51e-22	90.1
CA264_08090	iNF517.LLMG_RS08950	31.5	222	127	5	5	210	8	220	7.24e-22	90.1
CA264_08095	iJN1463.PP_0959	28.8	208	146	2	35	241	56	262	1.76e-19	84.3
CA264_08100	iCN900.CD630_09000	36.7	245	149	3	1	242	1	242	2.88e-44	153
CA264_08100	iCN900.CD630_32150	37.2	239	146	2	1	238	4	239	6.06e-44	149
CA264_08100	iNF517.LLMG_RS09720	35.0	237	151	3	2	237	7	241	1.13e-42	145
CA264_08100	iYO844.BSU32750	36.4	231	139	3	1	227	1	227	8.64e-41	143
CA264_08100	iNF517.LLMG_RS09915	35.7	227	144	2	1	227	5	229	1.62e-41	142
CA264_08100	iSF_1195.SF0190	39.3	229	134	3	1	225	1	228	1.77e-40	142
CA264_08100	iCN900.CD630_07520	34.3	239	155	2	1	239	1	237	2.05e-41	142
CA264_08100	iSDY_1059.SDY_0218	39.3	229	134	3	1	225	1	228	2.49e-40	142
CA264_08100	iYS854.USA300HOU_RS13040	35.7	238	151	2	1	237	1	237	2.23e-41	142
CA264_08100	iML1515.b0199	39.3	229	134	3	1	225	1	228	3.49e-40	141
CA264_08100	iJN1463.PP_0114	35.6	225	141	1	1	221	1	225	2.94e-40	141
CA264_08100	iSbBS512_1146.SbBS512_E0193	39.3	229	134	3	1	225	1	228	3.49e-40	141
CA264_08100	iSSON_1240.SSON_0213	39.3	229	134	3	1	225	1	228	3.49e-40	141
CA264_08100	iYL1228.KPN_03008	36.4	214	131	3	25	237	52	261	1.12e-38	139
CA264_08100	iML1515.b2677	33.3	261	145	6	2	237	5	261	1.57e-38	138
CA264_08100	iSbBS512_1146.SbBS512_E3202	33.3	261	145	6	2	237	5	261	1.57e-38	138
CA264_08105	iMM1415.114304	39.4	436	222	6	9	430	220	627	4.88e-83	268
CA264_08105	iYO844.BSU32180	39.3	428	232	6	3	429	2	402	6.12e-85	265
CA264_08105	iMM1415.434203	40.0	427	208	8	22	431	196	591	2.41e-81	263
CA264_08105	iAT_PLT_636.64078	39.4	437	221	8	9	430	205	612	1.72e-79	259
CA264_08105	iAT_PLT_636.9154	38.3	439	223	8	10	431	175	582	6.18e-77	252
CA264_08105	iCHOv1.100774101	37.6	439	226	9	10	431	179	586	8.45e-74	243
CA264_08115	iAF987.Gmet_0684	33.7	326	208	3	3	323	114	436	4.54e-50	172
CA264_08115	iHN637.CLJU_RS19400	36.1	321	199	5	3	318	9	328	4.25e-50	169
CA264_08115	iCN900.CD630_10560	33.1	323	205	4	2	317	3	321	1.05e-46	160
CA264_08115	iAF987.Gmet_2066	31.8	324	218	2	3	323	111	434	4.40e-45	159
CA264_08115	iEK1008.Rv3028c	34.3	324	197	4	3	322	4	315	2.64e-46	159
CA264_08120	iAF987.Gmet_2266	32.1	243	152	5	1	231	1	242	3.46e-35	125
CA264_08120	iAF987.Gmet_3300	33.7	261	154	8	1	246	1	257	1.95e-33	121
CA264_08120	iJN1463.PP_4202	32.0	253	161	6	1	246	1	249	3.36e-32	117
CA264_08120	iAF987.Gmet_2263	32.6	258	161	6	1	246	1	257	1.71e-30	113
CA264_08120	iAF987.Gmet_2153	31.8	258	163	6	1	246	1	257	1.71e-30	113
CA264_08130	iEK1008.Rv3592	21.6	74	58	0	3	76	4	77	1.36e-06	42.7
CA264_08135	iAF987.Gmet_0816	53.4	1145	532	2	2	1146	5	1147	0.0	1217
CA264_08135	iYO844.BSU14860	53.0	1142	533	3	3	1144	6	1143	0.0	1217
CA264_08135	iYS854.USA300HOU_RS05560	51.7	1150	540	5	2	1144	3	1143	0.0	1171
CA264_08135	iNF517.LLMG_RS03310	51.1	1141	550	6	4	1144	2	1134	0.0	1134
CA264_08135	iCN900.CD630_00210	49.2	1149	570	6	2	1146	4	1142	0.0	1122
CA264_08140	iLJ478.TM1724	32.4	247	150	5	1	233	1	244	3.38e-28	107
CA264_08140	iNF517.LLMG_RS08950	30.5	246	155	5	1	234	1	242	5.18e-25	98.6
CA264_08140	iEK1008.Rv1714	32.5	252	141	5	4	232	21	266	2.38e-24	97.4
CA264_08160	STM_v1_0.STM1731	31.9	210	130	4	1	207	1	200	8.60e-30	114
CA264_08185	iML1515.b2430	24.5	257	158	11	8	236	3	251	1.71e-10	63.2
CA264_08200	iMM1415.211389	29.7	155	82	6	340	470	244	395	7.46e-06	48.1
CA264_08200	iCHOv1.100768542	28.1	153	85	5	340	470	243	392	3.94e-05	45.8
CA264_08200	iLB1027_lipid.PHATRDRAFT_44482	30.8	133	66	6	363	485	330	446	4.10e-05	45.8
CA264_08200	iAT_PLT_636.6821	31.5	111	60	5	369	470	298	401	1.59e-04	43.9
CA264_08215	iAM_Pc455.PCYB_113330	30.5	197	124	4	513	699	337	530	1.60e-21	101
CA264_08225	iJN1463.PP_0072	33.7	332	190	11	6	316	3	325	1.19e-35	130
CA264_08225	iEK1008.Rv1912c	32.4	241	150	4	5	244	1	229	3.02e-31	119
CA264_08245	iEK1008.Rv0125	29.7	283	179	9	120	393	78	349	2.77e-22	97.8
CA264_08255	iYL1228.KPN_00869	46.4	345	178	4	21	358	23	367	7.24e-101	302
CA264_08255	iML1515.b0837	43.2	354	194	4	12	358	16	369	7.05e-99	297
CA264_08255	iSbBS512_1146.SbBS512_E2507	43.2	354	194	4	12	358	16	369	9.98e-99	296
CA264_08255	iSSON_1240.SSON_0820	42.9	354	195	4	12	358	16	369	4.00e-98	295
CA264_08260	iNF517.LLMG_RS06045	33.2	190	108	4	4	191	61	233	1.20e-24	96.3
CA264_08265	iJN1463.PP_0844	46.3	108	54	3	2	108	3	107	5.16e-24	87.8
CA264_08265	iML1515.b2528	43.5	108	57	3	2	108	3	107	1.11e-20	79.3
CA264_08265	iSbBS512_1146.SbBS512_E2903	43.5	108	57	3	2	108	5	109	1.17e-20	79.3
CA264_08265	iSDY_1059.SDY_2724	43.5	108	57	3	2	108	3	107	1.11e-20	79.3
CA264_08265	iSF_1195.SF2575	43.5	108	57	3	2	108	3	107	1.11e-20	79.3
CA264_08265	iSSON_1240.SSON_2610	43.5	108	57	3	2	108	3	107	1.11e-20	79.3
CA264_08270	iML1515.b1683	62.4	479	163	3	19	484	21	495	1.05e-213	598
CA264_08270	iSSON_1240.SSON_1473	62.4	479	163	3	19	484	34	508	1.67e-213	598
CA264_08270	iSF_1195.SF1713	62.2	479	164	3	19	484	21	495	1.73e-212	595
CA264_08275	iSSON_1240.SSON_1474	63.8	246	89	0	1	246	1	246	5.17e-110	317
CA264_08275	iML1515.b1682	63.8	246	89	0	1	246	1	246	1.48e-109	315
CA264_08275	iSF_1195.SF1712	63.4	246	90	0	1	246	1	246	1.48e-109	315
CA264_08275	iSDY_1059.SDY_1913	63.4	246	90	0	1	246	1	246	4.22e-109	314
CA264_08280	iSSON_1240.SSON_1475	30.7	398	258	7	45	439	38	420	3.63e-46	164
CA264_08280	iML1515.b1681	30.4	398	259	7	45	439	38	420	5.06e-46	164
CA264_08280	iSF_1195.SF1711	30.7	398	258	7	45	439	38	420	7.04e-46	164
CA264_08280	iSDY_1059.SDY_1912	30.1	396	259	7	47	439	40	420	2.64e-43	157
CA264_08285	iCN718.ABAYE_RS11400	51.9	403	194	0	8	410	243	645	5.49e-144	424
CA264_08285	iML1515.b1680	52.7	402	188	2	15	415	5	405	9.43e-146	420
CA264_08285	iSSON_1240.SSON_1476	52.5	402	189	2	15	415	5	405	3.81e-145	418
CA264_08285	iSbBS512_1146.SbBS512_E1881	52.5	402	189	2	15	415	5	405	7.65e-145	417
CA264_08285	iSynCJ816.SGL_RS15265	50.2	404	198	1	16	416	11	414	7.40e-136	395
CA264_08290	iSF_1195.SF1708	37.3	118	72	2	19	134	19	136	1.36e-23	89.0
CA264_08290	iSDY_1059.SDY_1910	33.1	136	89	2	1	134	1	136	1.92e-23	88.6
CA264_08290	iML1515.b1679	36.4	118	73	2	19	134	19	136	2.71e-23	88.2
CA264_08290	iSbBS512_1146.SbBS512_E1880	35.6	118	74	2	19	134	19	136	7.66e-23	87.0
CA264_08290	iSSON_1240.SSON_1477	35.6	118	74	2	19	134	19	136	8.61e-22	84.3
CA264_08295	iYS854.USA300HOU_RS04825	40.6	96	57	0	6	101	5	100	2.01e-21	80.9
CA264_08310	iAF987.Gmet_0043	22.2	248	177	8	1131	1368	20	261	6.36e-07	53.5
CA264_08345	iAF987.Gmet_1919	32.1	112	69	3	4	110	6	115	1.57e-07	50.8
CA264_08360	STM_v1_0.STM2232	25.0	308	185	10	27	314	10	291	5.73e-10	60.5
CA264_08395	iAF692.Mbar_A0309	25.4	414	260	12	244	651	238	608	4.33e-22	101
CA264_08410	iCN900.CD630_29750	29.9	87	59	2	3	87	2	88	1.54e-11	54.7
CA264_08440	iML1515.b0650	27.8	198	118	5	11	188	8	200	1.80e-09	58.5
CA264_08440	iSSON_1240.SSON_0604	27.8	198	118	5	11	188	8	200	1.80e-09	58.5
CA264_08440	STM_v1_0.STM0659	26.1	203	129	6	4	188	1	200	2.40e-09	58.2
CA264_08440	iSbBS512_1146.SbBS512_E0599	27.3	198	119	5	11	188	8	200	7.51e-09	56.6
CA264_08460	iJN1463.PP_2943	34.3	274	168	6	50	316	31	299	4.75e-41	147
CA264_08460	iAF987.Gmet_3091	29.6	307	183	5	78	376	53	334	3.44e-40	145
CA264_08465	iYO844.BSU38630	47.5	484	243	3	22	495	32	514	6.96e-161	467
CA264_08465	iYO844.BSU08820	47.1	482	235	6	25	496	6	477	2.77e-152	443
CA264_08465	iAF692.Mbar_A0814	47.4	489	245	8	23	504	8	491	1.10e-146	429
CA264_08470	iSynCJ816.SGL_RS07880	26.7	423	290	8	40	447	3	420	2.90e-41	151
CA264_08470	iAF987.Gmet_3233	28.1	423	277	12	43	447	6	419	1.63e-39	147
CA264_08470	iYO844.BSU28170	29.3	427	267	11	43	447	6	419	8.05e-38	142
CA264_08480	iAF987.Gmet_2556	34.2	219	134	6	90	302	123	337	9.66e-30	117
CA264_08480	iML1515.b0211	31.1	254	158	7	55	299	61	306	2.45e-26	107
CA264_08495	iAF987.Gmet_0043	34.8	115	69	2	252	361	154	267	1.28e-12	68.6
CA264_08500	iAF987.Gmet_2999	27.5	131	86	2	22	152	2	123	1.46e-06	46.2
CA264_08500	iAF987.Gmet_0069	33.1	121	73	4	30	149	5	118	1.18e-05	43.5
CA264_08505	iCN900.CD630_04310	21.3	569	318	20	2	530	5	483	1.55e-16	82.0
CA264_08505	iCN900.CD630_35270	30.3	208	126	5	330	519	6	212	1.27e-16	80.9
CA264_08505	iJN1463.PP_4150	21.6	538	325	14	1	500	6	484	5.50e-16	80.5
CA264_08505	iPC815.YPO3627	30.0	207	125	7	327	519	12	212	3.48e-16	78.6
CA264_08505	iYS854.USA300HOU_RS14570	24.5	530	302	26	19	504	25	500	4.29e-15	77.8
CA264_08505	iML1515.b1858	30.6	180	114	4	328	500	5	180	6.29e-16	77.4
CA264_08505	iSbBS512_1146.SbBS512_E0954	30.6	180	114	4	328	500	5	180	6.29e-16	77.4
CA264_08505	iSSON_1240.SSON_1283	30.6	180	114	4	328	500	5	180	6.29e-16	77.4
CA264_08505	iSF_1195.SF1867	30.6	180	114	4	328	500	5	180	8.50e-16	77.0
CA264_08505	iYL1228.KPN_00969	29.4	201	134	4	327	519	11	211	1.26e-15	76.6
CA264_08505	iYL1228.KPN_02373	30.0	180	115	4	328	500	5	180	1.13e-15	76.6
CA264_08505	iSDY_1059.SDY_1145	30.6	180	114	4	328	500	5	180	1.15e-15	76.6
CA264_08505	iLJ478.TM1063	30.8	227	133	5	20	240	34	242	6.37e-15	75.9
CA264_08505	iYS854.USA300HOU_RS01050	20.0	571	335	17	1	521	4	502	3.74e-14	74.7
CA264_08505	iLJ478.TM0124	31.2	186	108	6	328	500	4	182	4.34e-15	74.7
CA264_08505	iML1515.b2180	22.7	384	219	12	163	511	156	496	4.95e-14	74.3
CA264_08505	iML1515.b0855	27.7	191	119	4	330	502	22	211	2.70e-14	74.3
CA264_08505	STM_v1_0.STM0878	27.6	192	118	5	330	502	22	211	2.70e-14	74.3
CA264_08505	iSDY_1059.SDY_0740	27.7	191	119	4	330	502	22	211	2.70e-14	74.3
CA264_08505	iSF_1195.SF0809	27.7	191	119	4	330	502	49	238	3.18e-14	74.3
CA264_08505	iLJ478.TM0191	26.5	253	128	8	1	238	1	210	7.78e-15	74.3
CA264_08505	iSbBS512_1146.SbBS512_E2476	27.7	191	119	4	330	502	22	211	3.61e-14	73.9
CA264_08505	iSSON_1240.SSON_0840	27.7	191	119	4	330	502	49	238	4.23e-14	73.9
CA264_08505	iSynCJ816.SGL_RS04625	27.2	228	121	8	1	219	22	213	1.60e-14	73.9
CA264_08505	iPC815.YPO1332	26.6	192	120	5	330	502	22	211	3.61e-14	73.9
CA264_08510	iJN1463.PP_0127	28.3	106	74	1	118	221	105	210	2.58e-05	43.5
CA264_08515	iEK1008.Rv2187	33.6	577	357	11	30	597	41	600	1.08e-92	296
CA264_08520	iHN637.CLJU_RS04620	28.1	224	151	4	31	252	27	242	1.46e-25	102
CA264_08520	iCN718.ABAYE_RS03435	27.2	276	183	9	6	264	7	281	3.35e-22	93.6
CA264_08525	iJN1463.PP_3844	41.6	344	188	6	29	359	6	349	3.50e-65	211
CA264_08545	iSynCJ816.SGL_RS17385	58.7	329	135	1	1	328	1	329	5.51e-132	379
CA264_08545	iPC815.YPO2329	55.2	330	148	0	1	330	1	330	2.52e-127	367
CA264_08545	iML1515.b1380	53.7	328	152	0	1	328	1	328	9.24e-125	360
CA264_08545	iSbBS512_1146.SbBS512_E1618	53.7	328	152	0	1	328	1	328	1.31e-124	360
CA264_08545	iSF_1195.SF1814	53.7	328	152	0	1	328	1	328	1.31e-124	360
CA264_08545	iSSON_1240.SSON_1744	53.7	328	152	0	1	328	1	328	1.31e-124	360
CA264_08545	STM_v1_0.STM1647	54.0	326	150	0	1	326	1	326	1.51e-123	357
CA264_08545	iSDY_1059.SDY_1464	53.0	328	154	0	1	328	1	328	6.11e-123	355
CA264_08545	iYL1228.KPN_01449	52.7	328	155	0	1	328	1	328	2.67e-119	346
CA264_08555	iMM1415.20859	26.6	259	143	8	9	252	43	269	2.11e-09	57.0
CA264_08555	iAT_PLT_636.6818	26.1	276	148	10	9	259	47	291	4.28e-08	53.1
CA264_08555	iMM1415.54200	24.7	263	144	9	9	252	100	327	1.96e-07	51.6
CA264_08560	STM_v1_0.STM2933	63.4	145	53	0	29	173	30	174	3.58e-61	189
CA264_08560	iYO844.BSU15600	49.2	185	94	0	14	198	13	197	4.47e-61	189
CA264_08560	iPC815.YPO3364	56.3	160	70	0	14	173	27	186	2.10e-60	187
CA264_08560	iYL1228.KPN_03112	57.7	163	65	1	6	168	11	169	8.25e-60	186
CA264_08560	iML1515.b2750	56.9	160	69	0	14	173	15	174	5.40e-58	181
CA264_08560	iSDY_1059.SDY_2949	56.9	160	69	0	14	173	15	174	5.40e-58	181
CA264_08560	iSSON_1240.SSON_2898	56.9	160	69	0	14	173	15	174	5.40e-58	181
CA264_08560	iSbBS512_1146.SbBS512_E3124	56.9	160	69	0	14	173	15	174	7.66e-58	181
CA264_08560	iSF_1195.SF2773	56.3	160	70	0	14	173	15	174	4.37e-57	179
CA264_08560	iSynCJ816.SGL_RS03840	53.9	167	75	1	23	189	1	165	1.18e-56	177
CA264_08560	iMM904.YKL001C	48.0	177	90	1	10	184	7	183	7.31e-56	176
CA264_08565	iSbBS512_1146.SbBS512_E4758	46.1	230	97	6	21	241	1	212	4.91e-56	180
CA264_08565	iSDY_1059.SDY_4385	46.1	230	97	6	21	241	1	212	4.91e-56	180
CA264_08565	iSSON_1240.SSON_4399	46.1	230	97	6	21	241	1	212	4.91e-56	180
CA264_08565	iML1515.b4214	46.1	230	97	6	21	241	1	212	6.94e-56	179
CA264_08565	iSF_1195.SF4272	46.1	230	97	6	21	241	1	212	1.39e-55	179
CA264_08565	iJN1463.PP_0261	42.4	257	136	4	22	272	1	251	5.55e-54	175
CA264_08570	iEK1008.Rv1564c	58.6	703	281	6	6	703	20	717	1.44e-311	865
CA264_08580	iJN1463.PP_5066	43.9	469	257	5	4	470	22	486	4.83e-106	327
CA264_08580	iCN900.CD630_36160	38.2	471	287	2	7	477	3	469	3.33e-105	321
CA264_08595	iAF987.Gmet_0354	31.5	746	407	18	77	744	37	756	1.68e-98	325
CA264_08610	iJN1463.PP_4653	44.0	430	233	4	1	429	2	424	1.58e-110	332
CA264_08610	iML1515.b3714	39.4	434	251	3	1	431	15	439	2.01e-103	314
CA264_08610	iSSON_1240.SSON_3558	39.4	434	251	3	1	431	15	439	2.01e-103	314
CA264_08610	iSF_1195.SF3746	39.2	434	252	3	1	431	15	439	2.26e-102	311
CA264_08610	iSDY_1059.SDY_4199	39.2	434	252	3	1	431	15	439	3.19e-102	311
CA264_08610	iSbBS512_1146.SbBS512_E4208	38.7	434	254	3	1	431	15	439	5.69e-100	305
CA264_08610	iJN1463.PP_4284	41.5	427	236	4	1	423	22	438	2.55e-99	303
CA264_08660	iYS854.USA300HOU_RS12590	41.8	397	218	4	1	392	1	389	1.02e-92	286
CA264_08665	iML1515.b0867	31.7	249	136	7	73	305	43	273	4.33e-27	106
CA264_08675	iSynCJ816.SGL_RS12260	24.6	297	175	9	56	315	85	369	1.90e-17	82.4
CA264_08680	iML1515.b2175	36.6	123	58	6	257	376	79	184	1.54e-10	59.7
CA264_08685	iSynCJ816.SGL_RS14860	25.6	363	250	9	11	357	34	392	2.57e-18	85.1
CA264_08685	iJN1463.PP_0363	24.3	362	255	7	12	359	29	385	9.26e-17	80.5
CA264_08685	iPC815.YPO1152	25.1	358	241	8	12	352	31	378	1.61e-16	79.7
CA264_08685	iAF987.Gmet_0842	24.4	353	245	9	12	347	29	376	2.28e-16	79.3
CA264_08690	iYL1228.KPN_01308	31.7	319	197	6	11	321	12	317	1.69e-37	136
CA264_08690	iSDY_1059.SDY_1403	31.5	327	207	7	4	323	17	333	4.70e-35	130
CA264_08690	iSbBS512_1146.SbBS512_E1559	31.5	327	207	7	4	323	3	319	4.92e-35	129
CA264_08690	iML1515.b1325	31.5	327	207	7	4	323	3	319	6.86e-35	129
CA264_08690	iSF_1195.SF1331	31.8	318	202	6	11	323	12	319	9.56e-35	129
CA264_08690	iSSON_1240.SSON_1813	32.5	308	191	7	4	304	3	300	1.28e-33	125
CA264_08695	iSynCJ816.SGL_RS14350	25.3	415	272	8	45	430	65	470	2.42e-20	92.8
CA264_08710	iLJ478.TM1469	31.0	284	183	4	130	407	39	315	5.99e-38	139
CA264_08710	iNF517.LLMG_RS11535	29.7	273	191	1	134	405	47	319	9.53e-38	139
CA264_08710	iHN637.CLJU_RS10220	27.8	273	192	1	132	404	45	312	1.21e-37	138
CA264_08710	iYO844.BSU24850	30.0	253	171	3	150	400	60	308	1.76e-34	130
CA264_08710	iAF987.Gmet_1639	28.2	319	220	4	86	401	1	313	6.93e-34	128
CA264_08715	iYO844.BSU35020	44.2	231	122	3	45	274	15	239	3.20e-59	198
CA264_08715	iCN900.CD630_10110	42.2	232	132	1	45	276	12	241	5.54e-59	198
CA264_08715	iYO844.BSU02360	44.4	234	126	3	45	276	12	243	2.20e-55	188
CA264_08715	iIS312.TCDM_02681	42.5	247	138	3	32	276	3	247	1.44e-53	184
CA264_08720	iSSON_1240.SSON_0523	24.7	469	329	5	14	477	10	459	1.62e-39	148
CA264_08720	iJN1463.PP_4211	25.7	467	329	5	15	477	12	464	2.46e-38	145
CA264_08720	iYL1228.KPN_04739	24.2	446	315	4	36	476	68	495	5.01e-38	144
CA264_08720	iSF_1195.SF0473	24.3	469	331	5	14	477	10	459	5.51e-38	144
CA264_08720	iML1515.b0572	24.4	467	329	5	14	475	10	457	2.60e-37	142
CA264_08720	iJN1463.PP_1384	23.3	424	311	4	54	476	56	466	3.23e-35	136
CA264_08725	iJN1463.PP_3426	38.8	1052	628	9	2	1041	3	1050	5.37e-229	680
CA264_08725	iJN1463.PP_1385	36.4	1045	645	10	5	1040	5	1038	1.45e-219	655
CA264_08725	STM_v1_0.STM3391	36.4	1055	633	15	1	1036	1	1036	4.11e-215	643
CA264_08725	iML1515.b0462	36.9	1050	636	13	5	1042	5	1039	4.57e-214	641
CA264_08725	iYL1228.KPN_03673	37.1	1046	628	16	5	1036	5	1034	1.23e-213	639
CA264_08725	iML1515.b2470	36.0	1043	638	12	1	1030	1	1027	7.76e-212	635
CA264_08725	iSSON_1240.SSON_2550	36.0	1043	638	12	1	1030	1	1027	1.09e-211	634
CA264_08725	iSDY_1059.SDY_2654	36.0	1043	639	12	1	1030	1	1027	2.17e-211	634
CA264_08725	iSF_1195.SF2512	36.0	1043	639	12	1	1030	1	1027	8.54e-211	632
CA264_08725	iML1515.b3266	35.8	1046	648	12	1	1034	1	1034	1.94e-204	615
CA264_08730	iJN1463.PP_1386	28.4	310	211	5	43	341	48	357	3.21e-29	115
CA264_08730	iJN1463.PP_3425	27.1	314	210	6	47	341	53	366	1.05e-26	109
CA264_08740	iML1515.b2430	32.3	400	213	15	604	975	28	397	1.37e-42	161
CA264_08775	iCN900.CD630_10870	26.7	266	176	7	14	268	4	261	3.04e-17	79.0
CA264_08795	iCN900.CD630_13870	38.1	320	180	2	1	320	1	302	1.19e-71	225
CA264_08800	iCN900.CD630_13860	41.4	220	121	2	16	234	9	221	1.28e-55	177
CA264_08800	iYS854.USA300HOU_RS08570	39.3	219	128	2	16	234	7	220	1.70e-53	172
CA264_08805	iML1515.b4394	42.9	168	92	2	8	175	4	167	1.21e-35	122
CA264_08805	iSbBS512_1146.SbBS512_E4942	42.3	168	93	2	8	175	7	170	2.87e-35	121
CA264_08805	iYL1228.KPN_04849	42.4	172	94	2	8	179	4	170	3.53e-35	121
CA264_08805	STM_v1_0.STM4584	41.1	168	95	1	8	175	4	167	4.99e-35	120
CA264_08805	iSDY_1059.SDY_4655	41.1	168	95	1	8	175	7	170	5.28e-35	120
CA264_08805	iSSON_1240.SSON_4544	41.7	168	94	2	8	175	7	170	5.74e-35	120
CA264_08810	iEK1008.Rv2467	29.1	457	284	12	154	584	125	567	2.43e-45	175
CA264_08815	iMM1415.235339	39.2	574	305	9	5	558	93	642	1.79e-110	343
CA264_08815	iAT_PLT_636.1737	38.1	577	311	9	5	558	94	647	3.76e-107	334
CA264_08815	iCHOv1.100773493	37.6	583	306	9	5	558	93	646	4.35e-105	329
CA264_08820	iCN900.CD630_18140	26.6	199	143	3	7	204	6	202	1.84e-15	71.6
CA264_08825	iML1515.b0597	46.9	130	68	1	7	136	8	136	1.85e-33	114
CA264_08825	iML1515.b1686	47.0	134	70	1	3	136	4	136	1.02e-32	112
CA264_08830	iCN718.ABAYE_RS05960	32.6	273	160	6	128	386	121	383	1.56e-28	114
CA264_08835	iYO844.BSU30820	30.3	555	360	11	14	552	18	561	2.68e-67	228
CA264_08835	iYS854.USA300HOU_RS05190	31.2	564	335	20	17	564	23	549	6.70e-61	210
CA264_08835	iSynCJ816.SGL_RS14335	31.0	575	355	11	9	552	15	578	7.08e-59	206
CA264_08845	iYL1228.KPN_02658	27.9	276	165	8	54	313	142	399	2.62e-14	73.6
CA264_08845	STM_v1_0.STM2305	28.1	327	198	11	54	364	142	447	1.11e-13	71.6
CA264_08845	iSbBS512_1146.SbBS512_E2639	28.0	325	190	12	54	359	142	441	1.97e-13	70.9
CA264_08845	iSSON_1240.SSON_2321	28.0	325	190	12	54	359	142	441	3.69e-13	70.1
CA264_08845	iML1515.b2260	27.7	325	191	12	54	359	142	441	6.26e-13	69.3
CA264_08845	iSDY_1059.SDY_2456	27.7	325	191	12	54	359	142	441	8.35e-13	68.9
CA264_08845	iSF_1195.SF2339	27.6	323	194	11	54	359	142	441	4.72e-12	66.6
CA264_08845	iPC815.YPO2523	25.0	320	211	8	54	360	151	454	4.92e-12	66.6
CA264_08865	iHN637.CLJU_RS10515	43.6	321	177	1	2	318	6	326	4.33e-88	267
CA264_08870	iCN718.ABAYE_RS00945	37.6	391	236	5	29	415	13	399	8.41e-69	223
CA264_08870	iYO844.BSU39370	37.9	414	242	9	9	415	7	412	2.01e-68	222
CA264_08875	iYS854.USA300HOU_RS12615	62.7	536	200	0	32	567	9	544	1.11e-246	688
CA264_08875	iJN1463.PP_5033	59.9	538	216	0	30	567	15	552	6.17e-240	671
CA264_08875	iCN718.ABAYE_RS00930	60.4	538	213	0	30	567	16	553	1.29e-239	670
CA264_08875	iYO844.BSU39360	61.8	531	203	0	32	562	13	543	9.18e-236	660
CA264_08875	iYL1228.KPN_00795	59.5	538	218	0	30	567	14	551	3.04e-234	657
CA264_08880	iSynCJ816.SGL_RS15350	32.4	102	64	3	35	135	75	172	1.21e-04	41.6
CA264_08880	iEK1008.Rv2952	48.0	50	23	1	84	133	130	176	2.07e-04	40.8
CA264_08880	iML1515.b1430	33.3	105	65	5	29	133	29	128	6.88e-04	38.9
CA264_08885	iCHOv1.100752401	33.9	277	176	3	34	303	15	291	5.81e-51	170
CA264_08925	iNF517.LLMG_RS06045	34.2	240	147	6	4	234	1	238	1.88e-38	136
CA264_08925	iCN900.CD630_20500	32.9	234	148	4	4	228	1	234	1.20e-34	126
CA264_08925	iYS854.USA300HOU_RS07985	32.2	236	149	4	5	231	7	240	3.91e-34	125
CA264_08930	iYS854.USA300HOU_RS07985	30.0	243	154	8	2	233	4	241	4.37e-25	101
CA264_08930	iCN900.CD630_20500	32.4	238	149	8	5	232	2	237	2.68e-24	99.0
CA264_08930	iNF517.LLMG_RS06045	29.6	240	159	6	5	236	2	239	1.36e-22	94.4
CA264_08940	iJN1463.PP_1654	63.1	290	107	0	3	292	7	296	4.64e-123	353
CA264_08940	iCN718.ABAYE_RS15880	58.9	292	116	2	4	294	14	302	1.61e-117	339
CA264_08945	iYS854.USA300HOU_RS02895	26.5	223	138	8	5	213	64	274	1.29e-09	56.6
CA264_08950	iCHOv1.100773401	37.7	247	141	7	8	242	10	255	1.63e-37	134
CA264_08950	iMM1415.235033	37.2	250	138	8	8	242	10	255	3.57e-37	133
CA264_08960	iJN1463.PP_3943	30.3	109	74	2	17	124	6	113	7.40e-05	43.1
CA264_08960	iYL1228.KPN_02120	28.2	142	94	3	16	149	10	151	1.42e-04	42.4
CA264_08965	iLJ478.TM1169	31.1	264	149	5	1	264	1	231	2.67e-31	115
CA264_08965	iAF987.Gmet_1531	33.5	260	149	8	7	264	6	243	9.74e-31	114
CA264_08965	iHN637.CLJU_RS20765	31.1	267	163	6	1	266	1	247	1.33e-30	114
CA264_08965	iLJ478.TM1724	31.6	266	159	6	3	266	1	245	3.50e-30	113
CA264_08965	iML1515.b1093	29.4	262	163	4	3	264	1	240	4.68e-30	112
CA264_08965	iSbBS512_1146.SbBS512_E2231	29.4	262	163	4	3	264	1	240	4.68e-30	112
CA264_08965	iSDY_1059.SDY_2057	29.4	262	163	4	3	264	1	240	4.68e-30	112
CA264_08965	iSF_1195.SF1097	29.4	262	163	4	3	264	1	240	4.68e-30	112
CA264_08965	iSSON_1240.SSON_1113	29.4	262	163	4	3	264	1	240	4.68e-30	112
CA264_08965	iYL1228.KPN_01091	28.6	262	165	4	3	264	1	240	6.56e-30	112
CA264_08965	STM_v1_0.STM1195	28.2	262	166	4	3	264	1	240	1.89e-28	108
CA264_08965	iYO844.BSU15910	29.2	260	164	5	8	266	5	245	3.87e-28	107
CA264_08985	iSynCJ816.SGL_RS10570	33.5	251	150	8	37	281	97	336	7.65e-29	118
CA264_08990	iML1515.b2204	26.9	167	96	6	297	451	84	236	1.43e-04	43.5
CA264_08990	iSbBS512_1146.SbBS512_E0737	26.3	167	97	6	297	451	84	236	3.35e-04	42.4
CA264_08990	iSDY_1059.SDY_0874	27.4	168	94	8	297	451	84	236	4.46e-04	42.0
CA264_08990	iSF_1195.SF2288	27.4	168	94	8	297	451	84	236	4.46e-04	42.0
CA264_08995	iYO844.BSU03300	31.2	282	188	5	17	295	4	282	1.29e-35	140
CA264_08995	iAF987.Gmet_1754	26.2	336	241	4	20	351	4	336	2.55e-35	135
CA264_08995	iYS854.USA300HOU_RS12975	28.9	339	228	6	17	351	4	333	6.19e-34	135
CA264_08995	iYO844.BSU03320	25.6	394	275	10	17	405	4	384	1.55e-32	130
CA264_08995	iHN637.CLJU_RS04480	26.9	309	209	6	18	322	13	308	1.58e-32	127
CA264_09010	iAF987.Gmet_0043	23.8	248	167	6	274	506	25	265	7.20e-08	54.7
CA264_09015	iEK1008.Rv1679	29.6	365	252	4	17	381	13	372	7.95e-47	163
CA264_09020	iEK1008.Rv0220	27.7	242	165	7	10	243	133	372	1.02e-11	63.9
CA264_09030	iCHOv1.100770033	32.5	588	359	12	168	722	241	823	7.20e-94	314
CA264_09030	iCHOv1.100752162	33.9	505	315	11	232	723	379	877	4.11e-89	302
CA264_09055	iAF987.Gmet_3085	25.9	367	236	10	151	493	103	457	8.64e-21	97.4
CA264_09065	iAF987.Gmet_0043	24.7	263	155	8	135	368	18	266	1.63e-07	52.8
CA264_09090	iJN1463.PP_1478	61.3	357	137	1	1	356	1	357	6.82e-151	429
CA264_09100	iSynCJ816.SGL_RS17040	26.6	304	192	11	183	472	166	452	3.88e-22	100
CA264_09110	iML1515.b2924	26.8	112	72	2	96	207	109	210	6.08e-07	49.7
CA264_09120	iCN718.ABAYE_RS14110	46.0	363	179	7	43	390	20	380	2.23e-106	318
CA264_09120	iLJ478.TM0282	50.3	352	160	7	48	389	8	354	7.35e-104	310
CA264_09125	iIT341.HP1174	42.8	453	187	8	30	469	12	405	2.13e-103	314
CA264_09130	iMM904.YML059C	27.1	310	163	7	34	313	1371	1647	2.99e-20	96.3
CA264_09135	iAM_Pc455.PCYB_094280	27.8	313	154	11	156	462	706	952	4.29e-15	78.2
CA264_09135	iAM_Pv461.PVX_092460	26.9	320	148	12	156	462	861	1107	5.91e-15	77.8
CA264_09135	iAM_Pb448.PBANKA_091170	28.3	314	151	11	156	462	678	924	7.51e-15	77.4
CA264_09135	iAM_Pf480.PF3D7_1136900	26.6	320	149	10	156	462	727	973	2.35e-14	75.9
CA264_09145	iAF987.Gmet_0695	46.7	422	197	7	35	435	70	484	1.53e-107	327
CA264_09145	iAF692.Mbar_A0157	42.6	406	219	5	35	435	2	398	3.42e-105	318
CA264_09145	iHN637.CLJU_RS01975	42.9	403	225	4	35	436	4	402	1.74e-103	313
CA264_09145	iNF517.LLMG_RS04645	44.4	408	214	9	35	435	1	402	1.12e-99	304
CA264_09145	iJN1463.PP_5233	44.2	430	221	8	20	435	14	438	7.84e-99	303
CA264_09160	iCN718.ABAYE_RS09945	29.7	212	128	3	19	230	22	212	3.49e-20	89.0
CA264_09180	iAF987.Gmet_1919	28.3	113	78	2	4	116	5	114	1.30e-06	47.8
CA264_09180	iAF987.Gmet_1914	28.0	118	82	2	1	118	1	115	1.98e-06	47.4
CA264_09180	iAF987.Gmet_0069	27.6	123	84	3	4	122	5	126	2.98e-06	46.6
CA264_09215	iYO844.BSU32110	39.3	313	183	4	2	313	4	310	1.38e-74	233
CA264_09220	iMM904.YPL252C	33.3	78	50	1	28	103	82	159	5.22e-12	58.5
CA264_09225	iSbBS512_1146.SbBS512_E0259	36.1	238	150	2	7	244	3	238	1.70e-50	164
CA264_09225	iML1515.b0306	36.1	238	150	2	7	244	3	238	3.40e-50	164
CA264_09225	iSSON_1240.SSON_0318	36.1	238	150	2	7	244	3	238	3.40e-50	164
CA264_09225	iSF_1195.SF0260	35.7	238	151	2	7	244	3	238	4.80e-50	163
CA264_09230	iYO844.BSU18230	34.4	262	167	4	7	266	14	272	1.73e-38	136
CA264_09230	iCN718.ABAYE_RS11835	34.8	264	166	5	7	269	15	273	2.48e-37	134
CA264_09230	iCN900.CD630_07970	31.3	259	174	3	7	265	11	265	8.28e-34	124
CA264_09235	iMM1415.242285	40.8	250	139	5	4	247	38	284	1.28e-46	158
CA264_09235	iCHOv1.100760372	38.5	270	160	5	4	269	38	305	1.89e-46	157
CA264_09240	iCN900.CD630_22060	48.2	452	232	2	21	471	3	453	3.12e-161	463
CA264_09240	iYS854.USA300HOU_RS10435	49.0	447	226	1	29	473	12	458	7.42e-161	462
CA264_09240	iAT_PLT_636.218	48.9	442	224	1	21	460	4	445	1.03e-151	439
CA264_09240	iSynCJ816.SGL_RS15360	48.0	452	235	0	22	473	5	456	1.62e-151	439
CA264_09240	iMM1415.11670	47.4	443	231	1	20	460	3	445	5.96e-146	424
CA264_09240	iCHOv1.100757658	47.3	438	229	1	25	460	5	442	7.38e-144	420
CA264_09255	iYL1228.KPN_04396	65.9	434	136	6	2	425	8	439	1.38e-192	540
CA264_09255	iML1515.b4015	65.0	434	140	7	2	425	3	434	1.55e-190	535
CA264_09255	iSDY_1059.SDY_4328	65.0	434	140	7	2	425	3	434	1.55e-190	535
CA264_09255	iSF_1195.SF4081	65.4	434	138	8	2	425	3	434	1.55e-190	535
CA264_09255	iSbBS512_1146.SbBS512_E4509	64.7	434	141	7	2	425	3	434	4.42e-190	534
CA264_09255	iPC815.YPO3725	63.4	435	147	6	1	425	3	435	6.50e-190	533
CA264_09255	STM_v1_0.STM4184	64.5	434	142	6	2	425	3	434	1.79e-189	532
CA264_09255	iJN1463.PP_4116	61.0	439	156	3	1	425	3	440	2.36e-184	520
CA264_09255	iEK1008.Rv0467	61.2	420	160	3	7	425	10	427	1.44e-177	502
CA264_09260	iYL1228.KPN_04395	52.7	529	243	5	6	531	8	532	8.08e-186	531
CA264_09260	iML1515.b4014	52.3	530	246	5	5	531	7	532	4.29e-183	524
CA264_09260	STM_v1_0.STM4183	51.7	530	249	5	5	531	7	532	1.73e-182	523
CA264_09260	iPC815.YPO3726	52.3	514	240	4	19	531	22	531	6.73e-182	521
CA264_09260	iSbBS512_1146.SbBS512_E4508	52.0	527	246	5	5	528	7	529	2.27e-180	517
CA264_09260	iSSON_1240.SSON_4186	55.2	464	202	4	5	465	7	467	2.23e-172	495
CA264_09260	iLB1027_lipid.PHATRDRAFT_54478	51.1	521	246	6	18	531	22	540	3.72e-171	494
CA264_09260	iMM904.YNL117W	51.3	519	242	9	15	528	26	538	2.63e-166	482
CA264_09270	iMM904.YPR062W	51.7	143	66	2	5	144	15	157	4.22e-48	152
CA264_09280	iAF987.Gmet_0916	36.1	288	153	7	19	287	18	293	9.31e-53	174
CA264_09280	iMM904.YAR015W	35.2	298	157	9	19	290	17	304	3.78e-47	160
CA264_09310	iJN1463.PP_1311	46.7	330	166	4	3	323	4	332	7.90e-93	283
CA264_09315	iCHOv1.100752593	26.5	370	205	11	7	320	372	730	3.40e-15	77.0
CA264_09325	iLJ478.TM1185	43.9	114	64	0	5	118	18	131	1.88e-26	96.3
CA264_09325	iHN637.CLJU_RS03595	38.6	114	70	0	5	118	3	116	4.46e-24	89.0
CA264_09335	iML1515.b2430	25.6	386	206	16	54	378	33	398	2.09e-19	89.4
CA264_09345	iAT_PLT_636.3242	48.3	360	177	3	14	364	22	381	1.11e-109	325
CA264_09345	iCHOv1.100768220	48.3	360	177	4	14	364	22	381	1.57e-109	325
CA264_09345	iMM1415.15445	47.5	360	180	4	14	364	22	381	2.88e-107	319
CA264_09350	iYO844.BSU09310	46.3	553	278	7	30	572	27	570	1.34e-155	457
CA264_09350	iCN900.CD630_27800	45.2	553	278	9	7	547	4	543	1.67e-147	436
CA264_09350	iCN900.CD630_15770	41.9	575	307	9	11	575	8	565	3.16e-138	412
CA264_09355	iJN1463.PP_1674	31.3	128	79	4	25	144	29	155	9.59e-06	44.3
CA264_09360	iYO844.BSU33930	53.2	393	179	3	2	394	4	391	2.73e-135	392
CA264_09360	iLJ478.TM0689	50.6	393	190	3	3	394	5	394	5.80e-130	387
CA264_09360	iSynCJ816.SGL_RS11980	51.5	388	186	2	8	395	13	398	4.34e-128	374
CA264_09360	iCN900.CD630_31730	48.5	396	198	4	2	395	7	398	4.02e-126	369
CA264_09360	iHN637.CLJU_RS19270	48.6	395	196	4	2	394	6	395	4.92e-124	363
CA264_09360	iAF987.Gmet_1947	46.4	390	205	2	8	397	11	396	1.40e-123	362
CA264_09360	iLB1027_lipid.PHATRDRAFT_29157	47.8	385	198	3	11	394	56	438	1.04e-120	357
CA264_09365	iAF987.Gmet_2142	51.1	421	203	3	10	428	15	434	1.62e-132	394
CA264_09365	iCN900.CD630_23390	47.3	421	216	3	10	426	13	431	6.08e-129	379
CA264_09370	iSynCJ816.SGL_RS07160	32.0	507	287	12	41	517	4	482	2.33e-56	195
CA264_09370	iAF692.Mbar_A0883	29.9	512	278	15	40	515	6	472	1.04e-54	191
CA264_09370	iCN718.ABAYE_RS04050	31.3	502	290	11	36	509	4	478	7.69e-53	186
CA264_09370	iAF987.Gmet_0075	31.4	503	291	13	34	509	1	476	1.79e-52	185
CA264_09370	iJN1463.PP_0931	31.4	512	293	14	36	518	1	483	1.71e-51	182
CA264_09390	iEK1008.Rv3777	32.0	337	193	10	1	313	4	328	7.31e-30	115
CA264_09390	iEK1008.Rv1912c	35.3	238	142	5	1	235	1	229	4.19e-29	113
CA264_09390	iJN1463.PP_0072	30.4	332	198	10	2	311	3	323	1.29e-26	106
CA264_09410	iYS854.USA300HOU_RS07595	38.7	336	197	6	4	335	2	332	2.09e-66	224
CA264_09420	iYO844.BSU40850	53.3	184	85	1	1	184	2	184	4.93e-63	192
CA264_09420	iYL1228.KPN_00440	49.7	185	92	1	1	185	1	184	1.41e-58	181
CA264_09430	iHN637.CLJU_RS04460	56.1	380	165	2	5	382	3	382	1.76e-135	396
CA264_09430	iSSON_1240.SSON_0081	53.6	377	174	1	3	378	2	378	1.79e-130	384
CA264_09430	iML1515.b0074	53.6	377	174	1	3	378	2	378	2.53e-130	384
CA264_09430	iSbBS512_1146.SbBS512_E0068	53.6	377	174	1	3	378	2	378	2.53e-130	384
CA264_09430	iSDY_1059.SDY_0101	53.6	377	174	1	3	378	2	378	2.53e-130	384
CA264_09430	iSF_1195.SF0069	53.6	377	174	1	3	378	2	378	2.53e-130	384
CA264_09430	iSynCJ816.SGL_RS12850	52.9	393	170	3	5	382	7	399	3.45e-130	384
CA264_09430	iYO844.BSU28280	53.1	382	178	1	4	384	2	383	9.90e-129	379
CA264_09430	iAF987.Gmet_1265	54.5	376	169	2	6	379	7	382	6.60e-128	377
CA264_09430	iPC815.YPO0533	52.0	377	180	1	3	378	2	378	8.46e-128	377
CA264_09430	iYL1228.KPN_00080	52.5	377	178	1	3	378	2	378	3.72e-127	375
CA264_09430	STM_v1_0.STM0113	52.3	377	179	1	3	378	2	378	1.69e-125	371
CA264_09430	iLB1027_lipid.PHATRDRAFT_44618	52.0	402	168	5	6	382	90	491	1.41e-123	371
CA264_09430	iLJ478.TM0553	52.5	381	178	2	4	381	2	382	1.13e-123	366
CA264_09435	iPC815.YPO0531	56.8	463	197	1	3	462	9	471	1.53e-186	528
CA264_09435	iML1515.b0072	54.8	462	206	1	1	459	1	462	2.06e-179	509
CA264_09435	iSbBS512_1146.SbBS512_E0066	54.8	462	206	1	1	459	1	462	2.06e-179	509
CA264_09435	iEK1008.Rv2988c	56.3	458	196	2	3	456	9	466	1.50e-178	508
CA264_09435	STM_v1_0.STM0111	54.5	462	207	1	1	459	1	462	1.67e-178	507
CA264_09435	iSF_1195.SF0067	54.5	462	207	1	1	459	1	462	1.67e-178	507
CA264_09435	iSSON_1240.SSON_0079	54.5	462	207	1	1	459	1	462	1.67e-178	507
CA264_09435	iSDY_1059.SDY_0099	54.3	462	208	1	1	459	1	462	6.76e-178	506
CA264_09435	iYL1228.KPN_00078	54.1	462	209	1	1	459	1	462	3.15e-176	501
CA264_09435	iJN1463.PP_1985	53.2	470	212	3	2	463	3	472	2.46e-173	494
CA264_09435	iMM904.YGL009C	53.6	470	208	3	3	462	10	479	5.50e-169	494
CA264_09435	iCN718.ABAYE_RS16700	53.2	470	211	3	2	462	3	472	4.17e-173	494
CA264_09435	iSynCJ816.SGL_RS17620	53.2	462	213	2	3	461	4	465	1.04e-167	480
CA264_09440	iJN1463.PP_1986	48.3	203	94	3	1	193	1	202	1.55e-59	185
CA264_09440	iYL1228.KPN_00077	47.2	195	98	3	2	193	3	195	3.39e-58	181
CA264_09440	iCN718.ABAYE_RS16695	44.8	212	102	4	1	198	1	211	2.10e-57	179
CA264_09440	STM_v1_0.STM0110	46.9	196	99	4	2	194	3	196	7.81e-57	177
CA264_09440	iML1515.b0071	46.9	196	99	4	2	194	3	196	1.11e-56	177
CA264_09440	iSbBS512_1146.SbBS512_E0065	46.9	196	99	4	2	194	3	196	1.11e-56	177
CA264_09440	iSDY_1059.SDY_0098	46.9	196	99	4	2	194	3	196	1.11e-56	177
CA264_09440	iSSON_1240.SSON_0078	46.9	196	99	4	2	194	3	196	1.11e-56	177
CA264_09440	iNF517.LLMG_RS06500	47.9	194	95	3	1	193	1	189	2.31e-56	176
CA264_09440	iSF_1195.SF0066	46.4	196	100	4	2	194	3	196	3.15e-56	176
CA264_09440	iPC815.YPO0530	45.7	197	102	4	1	194	1	195	9.96e-55	172
CA264_09445	iYO844.BSU28270	52.1	349	158	4	4	344	1	348	5.53e-116	341
CA264_09445	iHN637.CLJU_RS04475	50.6	350	164	6	7	348	2	350	1.01e-113	335
CA264_09445	iCN900.CD630_09920	52.1	336	153	6	4	332	1	335	4.98e-112	330
CA264_09445	iLJ478.TM0556	53.0	347	156	7	7	348	2	346	2.66e-111	328
CA264_09445	iYL1228.KPN_00079	48.6	360	175	7	5	355	4	362	2.44e-106	316
CA264_09445	iYS854.USA300HOU_RS11085	51.8	334	151	5	4	332	1	329	6.03e-106	315
CA264_09445	iSDY_1059.SDY_0100	48.3	360	176	7	5	355	5	363	5.76e-105	313
CA264_09445	iSSON_1240.SSON_0080	48.6	360	175	7	5	355	5	363	8.15e-105	312
CA264_09445	iML1515.b0073	48.6	360	175	7	5	355	4	362	1.12e-104	312
CA264_09445	iSbBS512_1146.SbBS512_E0067	48.6	360	175	7	5	355	4	362	1.12e-104	312
CA264_09445	iSF_1195.SF0068	48.3	360	176	7	5	355	5	363	2.31e-104	311
CA264_09445	iPC815.YPO0532	49.0	357	172	7	8	355	7	362	3.17e-104	311
CA264_09445	STM_v1_0.STM0112	47.8	360	178	7	5	355	4	362	6.35e-104	310
CA264_09445	iJN1463.PP_1988	48.7	337	164	4	4	332	1	336	1.16e-103	309
CA264_09465	iCN718.ABAYE_RS05345	31.7	356	211	9	7	347	3	341	2.96e-39	142
CA264_09465	iEK1008.Rv2781c	31.6	335	217	6	16	346	11	337	5.30e-39	141
CA264_09470	iAF987.Gmet_0043	30.2	232	150	4	380	603	39	266	1.33e-20	95.5
CA264_09475	iSynCJ816.SGL_RS08885	38.6	352	212	2	24	375	19	366	4.95e-79	247
CA264_09485	iCN900.CD630_15930	38.3	201	106	2	1	183	4	204	5.23e-40	134
CA264_09485	iAF987.Gmet_2435	41.5	183	96	4	5	183	12	187	2.78e-38	129
CA264_09485	iEK1008.Rv1031	38.5	169	102	1	17	183	21	189	7.06e-36	123
CA264_09485	iHN637.CLJU_RS19470	35.8	201	111	1	1	183	4	204	2.29e-35	122
CA264_09490	iHN637.CLJU_RS19475	60.6	677	267	0	1	677	1	677	3.04e-283	791
CA264_09490	iCN900.CD630_15920	60.4	674	267	0	4	677	2	675	2.16e-280	783
CA264_09490	iEK1008.Rv1030	60.6	685	256	5	10	683	28	709	1.69e-263	741
CA264_09490	STM_v1_0.STM0705	60.4	682	263	5	6	683	4	682	5.73e-260	731
CA264_09490	iSynCJ816.SGL_RS08870	59.8	662	261	4	15	675	28	685	1.52e-259	731
CA264_09490	iPC815.YPO2691	60.8	689	257	7	5	683	3	688	1.42e-259	731
CA264_09490	iYL1228.KPN_00716	59.8	681	267	4	6	682	4	681	2.31e-259	730
CA264_09490	iSSON_1240.SSON_0648	59.8	687	257	5	6	682	4	681	9.35e-259	728
CA264_09490	iML1515.b0697	60.0	687	256	5	6	682	4	681	1.88e-258	728
CA264_09495	iCN900.CD630_15910	47.1	565	286	6	4	565	9	563	2.12e-171	497
CA264_09495	iHN637.CLJU_RS19480	44.9	563	301	6	4	564	2	557	2.91e-156	458
CA264_09510	iAF987.Gmet_3476	36.4	121	75	2	8	127	13	132	1.03e-14	75.5
CA264_09510	iAF987.Gmet_1919	29.3	181	119	3	6	182	4	179	3.67e-14	73.2
CA264_09510	iAF987.Gmet_1914	31.8	129	86	1	7	135	4	130	1.08e-12	69.3
CA264_09525	iYS854.USA300HOU_RS06185	33.3	213	123	6	2	211	3	199	1.73e-23	94.7
CA264_09525	iCHOv1.100759877	34.0	206	130	4	2	205	39	240	2.14e-22	93.2
CA264_09525	iMM1415.105014	35.0	217	121	6	2	204	45	255	3.75e-22	92.8
CA264_09525	iCHOv1.100757118	35.0	217	121	6	2	204	45	255	7.16e-22	92.0
CA264_09525	iCHOv1.100689019	32.2	276	132	11	4	235	8	272	6.14e-22	91.3
CA264_09525	iMM1415.17252	33.2	208	129	5	2	205	39	240	3.99e-21	89.7
CA264_09525	iMM1415.12408	29.5	278	137	9	4	235	8	272	3.17e-21	89.4
CA264_09525	iCHOv1.100752270	30.7	280	131	12	4	235	8	272	4.40e-21	89.0
CA264_09525	iYL1228.KPN_01091	29.4	201	125	4	2	202	6	189	2.51e-21	89.0
CA264_09525	iMM1415.77974	32.2	208	131	5	2	205	40	241	7.62e-21	89.0
CA264_09525	iNF517.LLMG_RS08260	35.0	200	110	6	2	199	3	184	5.70e-21	88.2
CA264_09525	iYL1228.KPN_02061	30.8	224	138	6	2	223	3	211	1.16e-20	87.4
CA264_09525	iCHOv1.100689020	29.8	275	140	9	4	235	8	272	2.26e-20	87.0
CA264_09525	iLB1027_lipid.PHATRDRAFT_13073	33.8	204	118	6	2	202	7	196	2.95e-20	86.3
CA264_09525	iLJ478.TM1724	31.9	248	147	9	2	243	6	237	2.62e-20	86.3
CA264_09525	iPC815.YPO1599	29.9	201	124	4	2	202	6	189	3.51e-20	85.9
CA264_09525	iCHOv1.100759583	31.9	207	133	5	2	205	40	241	1.39e-19	85.5
CA264_09535	STM_v1_0.STM2232	27.4	321	170	11	31	327	6	287	6.56e-21	94.4
CA264_09535	iYS854.USA300HOU_RS13930	26.9	327	195	8	25	327	11	317	6.49e-21	94.4
CA264_09540	iSDY_1059.SDY_3377	37.5	317	179	7	6	314	7	312	1.03e-51	172
CA264_09540	iSSON_1240.SSON_3344	37.0	319	182	7	6	314	7	316	2.27e-51	172
CA264_09540	iML1515.b3196	37.0	319	182	7	6	314	7	316	6.33e-51	171
CA264_09540	iSF_1195.SF3236	37.2	317	180	7	6	314	7	312	8.03e-51	170
CA264_09540	iPC815.YPO3576	38.9	301	167	4	25	316	26	318	1.22e-50	170
CA264_09540	iSbBS512_1146.SbBS512_E3574	36.7	319	183	7	6	314	7	316	3.49e-50	169
CA264_09540	STM_v1_0.STM3314	36.1	319	185	7	6	314	7	316	1.36e-49	167
CA264_09540	iJN1463.PP_0928	38.5	304	171	6	14	310	8	302	5.02e-48	164
CA264_09540	iYL1228.KPN_03606	36.2	318	186	4	6	314	7	316	3.17e-47	161
CA264_09550	iNF517.LLMG_RS09290	31.8	107	69	1	108	210	94	200	2.62e-11	60.5
CA264_09555	iYL1228.KPN_04152	42.5	431	232	8	16	432	14	442	9.11e-102	322
CA264_09555	STM_v1_0.STM3880	41.3	431	237	8	16	432	14	442	4.08e-99	315
CA264_09555	iPC815.YPO0006	40.2	455	251	9	16	456	14	461	1.13e-98	314
CA264_09555	iML1515.b3747	41.3	431	237	8	16	432	14	442	1.58e-98	314
CA264_09555	iSbBS512_1146.SbBS512_E4173	41.3	431	237	8	16	432	14	442	1.58e-98	314
CA264_09555	iSSON_1240.SSON_3917	41.3	431	237	8	16	432	14	442	1.58e-98	314
CA264_09555	iSF_1195.SF3828	41.1	431	238	8	16	432	14	442	2.22e-98	313
CA264_09555	iSDY_1059.SDY_4001	41.1	433	237	9	16	432	14	444	1.90e-96	308
CA264_09555	iJN1463.PP_1200	36.2	552	325	14	6	538	16	559	8.01e-94	302
CA264_09565	iHN637.CLJU_RS10530	34.0	570	263	5	7	576	2	458	4.27e-98	306
CA264_09565	iHN637.CLJU_RS02325	38.6	456	233	4	7	462	2	410	1.88e-92	291
CA264_09570	iHN637.CLJU_RS10530	45.4	482	238	5	4	485	2	458	3.19e-144	421
CA264_09570	iHN637.CLJU_RS02325	44.7	483	242	6	4	486	2	459	6.13e-139	408
CA264_09570	iHN637.CLJU_RS02330	43.7	483	247	5	4	486	2	459	3.52e-133	393
CA264_09705	iJN1463.PP_1800	28.1	135	86	4	2	132	5	132	1.52e-04	42.7
CA264_09720	iSynCJ816.SGL_RS04775	26.7	101	73	1	19	119	26	125	9.25e-09	54.7
CA264_09730	STM_v1_0.STM2050	30.9	123	82	2	54	174	208	329	8.12e-06	44.7
CA264_09735	iCHOv1.100771073	42.1	114	65	1	23	135	28	141	1.28e-25	94.0
CA264_09750	iYO844.BSU39780	32.4	315	203	5	3	314	1	308	3.59e-47	161
CA264_09750	iYO844.BSU09530	32.8	314	198	6	7	315	5	310	6.27e-41	145
CA264_09765	iJN1463.PP_2432	33.0	215	129	7	1	203	1	212	9.74e-30	109
CA264_09810	iPC815.YPO1395	28.5	585	388	5	173	752	20	579	6.30e-60	212
CA264_09810	iML1515.b0914	27.3	582	399	4	173	752	20	579	8.12e-59	209
CA264_09810	iSbBS512_1146.SbBS512_E2410	27.3	582	399	4	173	752	20	579	8.12e-59	209
CA264_09810	iSDY_1059.SDY_2344	27.3	582	399	4	173	752	20	579	8.12e-59	209
CA264_09810	iSF_1195.SF0910	27.3	582	399	4	173	752	20	579	8.12e-59	209
CA264_09810	iSSON_1240.SSON_0916	27.3	582	399	4	173	752	20	579	1.12e-58	209
CA264_09810	iCHOv1.100682535	42.0	245	140	1	510	752	1031	1275	6.27e-55	204
CA264_09810	STM_v1_0.STM0984	27.3	582	399	4	173	752	20	579	3.71e-57	204
CA264_09810	iMM1415.18670	42.4	245	139	1	510	752	1026	1270	1.12e-54	204
CA264_09810	iYL1228.KPN_00941	26.9	583	400	5	173	752	20	579	9.61e-57	203
CA264_09875	iCN718.ABAYE_RS04585	31.5	533	278	15	45	504	42	560	2.54e-73	243
CA264_09885	iMM1415.22273	27.4	241	160	5	5	242	22	250	7.51e-13	71.6
CA264_09885	iAM_Pb448.PBANKA_083440	25.7	191	135	2	56	246	59	242	1.73e-12	70.5
CA264_09885	iCHOv1.100766805	25.7	187	132	2	56	242	14	193	4.33e-12	68.9
CA264_09885	iAM_Pf480.PF3D7_0933600	26.2	191	134	3	56	246	65	248	5.37e-12	68.9
CA264_09885	iAT_PLT_636.7384	24.8	238	170	3	5	242	22	250	7.01e-12	68.6
CA264_09885	iAM_Pc455.PCYB_074100	24.6	191	137	2	56	246	30	213	6.62e-12	68.6
CA264_09885	iAM_Pv461.PVX_087035	24.6	191	137	2	56	246	48	231	8.92e-12	68.2
CA264_09885	iAM_Pb448.PBANKA_130410	21.4	299	150	7	23	246	57	345	6.92e-11	66.2
CA264_09900	iYL1228.KPN_02593	28.8	146	87	6	191	336	12	140	7.99e-04	43.1
CA264_10035	STM_v1_0.STM2050	34.2	76	47	2	61	134	258	332	1.97e-05	42.4
CA264_10040	iCHOv1.100771073	42.1	114	65	1	23	135	28	141	1.28e-25	94.0
CA264_10065	iEK1008.Rv0386	43.4	53	30	0	146	198	1026	1078	2.41e-04	41.2
CA264_10080	iAF692.Mbar_A1823	30.0	387	242	11	35	401	39	416	3.99e-31	125
CA264_10080	iAF692.Mbar_A2221	28.4	395	252	12	28	401	33	417	1.40e-27	114
CA264_10090	iAF987.Gmet_1922	31.9	141	89	4	26	164	3	138	6.81e-16	70.1
CA264_10095	iML1515.b1475	32.9	173	93	4	7	157	24	195	9.83e-32	115
CA264_10095	STM_v1_0.STM1569	32.4	173	94	4	7	157	24	195	9.83e-32	115
CA264_10095	iSF_1195.SF1750	32.9	173	93	4	7	157	24	195	9.83e-32	115
CA264_10095	iSSON_1240.SSON_1649	32.9	173	93	4	7	157	24	195	9.83e-32	115
CA264_10095	iML1515.b3893	32.9	173	93	4	7	157	24	195	1.55e-31	115
CA264_10095	iSF_1195.SF3969	32.9	173	93	4	7	157	24	195	1.55e-31	115
CA264_10095	iSSON_1240.SSON_4062	32.9	173	93	4	7	157	24	195	1.55e-31	115
CA264_10095	iML1515.b0895	40.0	155	79	2	15	156	7	160	3.54e-32	114
CA264_10095	STM_v1_0.STM0965	40.0	155	79	2	15	156	7	160	3.54e-32	114
CA264_10095	iSSON_1240.SSON_0896	40.0	155	79	2	15	156	7	160	3.54e-32	114
CA264_10095	STM_v1_0.STM1497	40.0	155	79	2	15	156	7	160	4.99e-32	114
CA264_10095	STM_v1_0.STM4036	33.1	163	86	4	17	157	34	195	2.32e-30	112
CA264_10095	iAF987.Gmet_1060	38.3	167	76	6	15	156	14	178	2.89e-30	111
CA264_10095	iPC815.YPO4057	33.3	165	85	4	17	157	34	197	9.70e-30	111
CA264_10095	iYL1228.KPN_01866	32.4	170	92	4	7	154	24	192	7.98e-30	110
CA264_10095	iYL1228.KPN_04189	32.5	163	87	4	17	157	34	195	8.95e-30	110
CA264_10095	iJN1463.PP_0490	32.2	177	96	4	2	155	14	189	1.68e-29	110
CA264_10095	iML1515.b1589	38.1	155	82	2	15	156	7	160	3.08e-30	109
CA264_10095	iSDY_1059.SDY_1567	38.1	155	82	2	15	156	7	160	3.08e-30	109
CA264_10095	iSF_1195.SF1610	37.4	155	83	2	15	156	7	160	6.12e-30	108
CA264_10095	iYL1228.KPN_01579	38.3	154	81	2	15	155	7	159	2.41e-29	107
CA264_10095	iPC815.YPO3324	37.4	155	83	3	15	156	7	160	1.88e-28	105
CA264_10100	iYO844.BSU03310	43.6	700	386	6	28	721	13	709	1.19e-205	596
CA264_10115	iPC815.YPO2908	41.9	396	220	4	8	401	9	396	1.73e-106	319
CA264_10115	iYL1228.KPN_02877	42.5	391	215	3	9	397	10	392	1.78e-103	311
CA264_10115	iML1515.b2552	42.5	391	215	3	9	397	10	392	8.07e-102	307
CA264_10115	iSbBS512_1146.SbBS512_E2917	42.5	391	215	3	9	397	10	392	8.07e-102	307
CA264_10115	iSF_1195.SF2599	42.5	391	215	3	9	397	10	392	8.07e-102	307
CA264_10115	STM_v1_0.STM2556	42.2	391	216	3	9	397	10	392	1.61e-101	306
CA264_10115	iSDY_1059.SDY_2742	42.5	391	215	3	9	397	10	392	2.28e-101	306
CA264_10115	iSSON_1240.SSON_2635	42.2	391	216	3	9	397	10	392	4.56e-101	305
CA264_10115	iJN1463.PP_0808	43.2	403	204	7	4	399	5	389	3.34e-94	287
CA264_10155	iAF987.Gmet_0043	27.5	247	163	5	409	640	20	265	5.49e-13	71.6
CA264_10260	iCN900.CD630_17030	45.2	62	34	0	342	403	83	144	4.91e-08	54.3
CA264_10260	iPC815.YPO3741	24.6	183	106	4	341	509	30	194	3.72e-07	51.6
CA264_10270	iCN900.CD630_08720	48.9	190	90	2	1	190	1	183	1.46e-43	143
CA264_10270	iYL1228.KPN_00440	44.1	188	97	3	3	190	4	183	3.63e-42	139
CA264_10270	iYO844.BSU40850	44.4	189	97	3	2	190	4	184	5.19e-41	136
CA264_10270	iML1515.b0459	48.7	189	89	4	2	190	3	183	4.05e-40	134
CA264_10270	iSDY_1059.SDY_0460	48.7	189	89	4	2	190	3	183	4.05e-40	134
CA264_10270	iSSON_1240.SSON_0446	48.7	189	89	4	2	190	3	183	4.05e-40	134
CA264_10290	iAM_Pb448.PBANKA_135800	25.2	103	65	2	78	180	52	142	1.95e-04	41.6
CA264_10470	iYO844.BSU16090	55.8	391	163	3	1	391	1	381	3.34e-151	432
CA264_10470	iYS854.USA300HOU_RS06265	53.5	391	172	3	1	391	1	381	9.99e-144	413
CA264_10470	iAF987.Gmet_2261	54.5	396	170	3	1	396	1	386	1.24e-141	408
CA264_10470	iCN718.ABAYE_RS04450	55.0	391	167	3	1	391	1	382	2.16e-140	405
CA264_10470	iAF987.Gmet_2069	54.0	396	172	3	1	396	1	386	2.08e-140	405
CA264_10480	iML1515.b1601	24.2	331	223	8	17	342	20	327	5.08e-07	50.8
CA264_10485	iCN900.CD630_19470	43.8	219	119	1	2	216	10	228	2.55e-61	191
CA264_10485	iJN1463.PP_4210	40.3	221	126	2	1	216	5	224	3.89e-50	172
CA264_10490	iYO844.BSU32500	30.6	196	115	6	5	186	9	197	4.28e-13	64.7
CA264_10495	iYO844.BSU32510	32.8	335	194	7	19	352	16	320	6.49e-43	152
CA264_10500	iCN900.CD630_20790	27.9	770	498	21	6	738	2	751	6.80e-67	235
CA264_10500	iCN900.CD630_20730	29.3	774	488	23	6	738	2	757	1.19e-64	229
CA264_10505	iAF987.Gmet_2134	27.5	334	175	10	3	325	11	288	6.08e-19	85.1
CA264_10505	iML1515.b2867	23.7	334	195	8	5	329	6	288	3.71e-17	80.1
CA264_10505	iSF_1195.SF2869	23.1	334	197	7	5	329	6	288	5.07e-17	79.7
CA264_10505	iSSON_1240.SSON_3018	23.4	334	196	8	5	329	6	288	6.04e-16	76.6
CA264_10510	iAF987.Gmet_2135	46.1	152	82	0	14	165	16	167	3.89e-47	150
CA264_10510	iHN637.CLJU_RS11605	43.9	148	83	0	12	159	3	150	2.39e-42	138
CA264_10520	iYS854.USA300HOU_RS12295	35.9	78	49	1	3	80	1	77	7.50e-11	52.4
CA264_10525	iEK1008.Rv3119	46.3	134	72	0	5	138	14	147	1.91e-32	111
CA264_10525	iYS854.USA300HOU_RS12300	38.3	133	82	0	1	133	1	133	4.14e-29	103
CA264_10530	iJN1463.PP_3457	27.4	186	130	4	44	226	4	187	7.51e-11	59.3
CA264_10535	iJN1463.PP_1292	49.7	149	73	1	4	152	2	148	3.45e-40	132
CA264_10535	iML1515.b0783	50.0	158	75	3	1	156	1	156	8.02e-40	131
CA264_10535	iSbBS512_1146.SbBS512_E2569	50.0	158	75	3	1	156	1	156	8.02e-40	131
CA264_10535	iSDY_1059.SDY_0823	50.0	158	75	3	1	156	1	156	8.02e-40	131
CA264_10535	iSF_1195.SF0733	50.0	158	75	3	1	156	1	156	8.02e-40	131
CA264_10535	iEK1008.Rv3111	51.0	149	71	1	4	152	8	154	2.09e-39	130
CA264_10535	iSSON_1240.SSON_0762	49.4	158	76	3	1	156	1	156	3.23e-39	130
CA264_10535	iYS854.USA300HOU_RS12315	45.7	162	81	3	1	157	1	160	3.25e-37	125
CA264_10540	iAF987.Gmet_1038	35.7	387	242	6	6	389	6	388	2.16e-56	190
CA264_10540	iAF987.Gmet_0336	32.2	394	258	7	1	391	1	388	3.73e-51	176
CA264_10545	iAF987.Gmet_0301	37.2	333	195	7	2	329	3	326	4.35e-72	226
CA264_10545	iAF987.Gmet_2095	39.7	305	173	5	4	303	5	303	4.35e-72	226
CA264_10545	iAF987.Gmet_0337	40.9	291	156	5	2	284	3	285	1.23e-68	217
CA264_10550	iYL1228.KPN_00131	29.8	466	252	15	37	429	64	527	3.24e-41	153
CA264_10550	iML1515.b0123	28.5	487	282	16	4	429	30	511	3.41e-40	150
CA264_10550	iSbBS512_1146.SbBS512_E0116	28.3	487	283	16	4	429	43	524	5.23e-39	147
CA264_10550	iSDY_1059.SDY_0030	28.7	453	262	14	35	429	62	511	5.70e-38	144
CA264_10550	iSSON_1240.SSON_0131	27.7	487	286	16	4	429	30	511	7.83e-38	143
CA264_10550	iSF_1195.SF0119	27.7	487	286	16	4	429	30	511	2.03e-37	142
CA264_10565	iYO844.BSU26650	28.9	270	188	2	23	288	17	286	1.04e-38	138
CA264_10585	iYL1228.KPN_00464	38.3	60	34	1	10	69	125	181	7.67e-04	35.4
CA264_10595	iML1515.b1004	41.1	190	110	1	8	195	4	193	2.17e-39	138
CA264_10635	iEK1008.Rv1912c	29.1	361	195	10	1	329	1	332	2.82e-26	106
CA264_10635	iEK1008.Rv3777	28.5	347	185	11	15	331	15	328	3.54e-26	105
CA264_10705	iAF987.Gmet_0043	37.0	108	59	4	342	442	161	266	5.29e-11	64.3
CA264_10710	iAF987.Gmet_0069	32.2	90	51	1	15	104	5	84	5.74e-06	44.3
CA264_10710	iAF987.Gmet_2999	36.5	104	49	4	1	104	1	87	2.76e-05	42.4
CA264_10720	iYO844.BSU37780	24.0	446	299	12	92	527	76	491	4.55e-20	93.2
CA264_10720	iSynCJ816.SGL_RS11170	25.4	476	294	20	98	551	546	982	2.18e-19	92.0
CA264_10725	iAM_Pb448.PBANKA_110710	27.4	274	167	7	177	424	282	549	3.73e-15	79.7
CA264_10730	iAT_PLT_636.50	62.7	743	270	2	12	754	45	780	0.0	932
CA264_10730	iCHOv1.100759203	62.2	743	274	2	12	754	45	780	0.0	930
CA264_10730	iMM1415.11429	62.3	743	273	2	12	754	45	780	0.0	929
CA264_10730	iMM904.YLR304C	62.3	738	272	2	17	754	46	777	0.0	902
CA264_10735	iPC815.YPO3064	28.6	98	60	4	228	324	5	93	6.99e-04	39.7
CA264_10745	iAF987.Gmet_0043	24.0	208	145	4	533	733	66	267	1.98e-06	50.8
CA264_10750	iYS854.USA300HOU_RS07520	28.1	135	88	4	16	144	22	153	4.48e-07	48.5
CA264_10750	iYL1228.KPN_04329	23.8	130	93	3	21	144	41	170	8.66e-07	47.8
CA264_10750	iML1515.b3833	25.4	130	91	3	21	144	41	170	1.17e-06	47.4
CA264_10750	iNF517.LLMG_RS03890	31.1	119	77	3	31	144	35	153	1.15e-06	47.4
CA264_10750	iSbBS512_1146.SbBS512_E4305	25.4	130	91	3	21	144	41	170	1.17e-06	47.4
CA264_10750	iSDY_1059.SDY_3910	25.4	130	91	3	21	144	41	170	1.17e-06	47.4
CA264_10750	iSF_1195.SF3911	25.4	130	91	3	21	144	41	170	1.17e-06	47.4
CA264_10750	iSSON_1240.SSON_4008	25.4	130	91	3	21	144	41	170	1.17e-06	47.4
CA264_10750	iYO844.BSU22750	26.1	138	95	4	13	144	17	153	1.97e-06	46.6
CA264_10750	iAF987.Gmet_0844	31.9	135	83	4	10	138	6	137	4.20e-06	45.8
CA264_10750	iSynCJ816.SGL_RS11800	31.2	141	81	4	43	171	93	229	8.62e-06	45.1
CA264_10755	iAF987.Gmet_2455	35.8	318	201	2	10	325	6	322	2.54e-59	192
CA264_10755	iJN1463.PP_0687	37.8	315	189	4	12	323	10	320	4.38e-57	187
CA264_10765	iAF987.Gmet_0495	43.9	155	77	3	3	151	4	154	1.51e-35	120
CA264_10765	iCN900.CD630_14520	45.2	135	73	1	1	134	1	135	6.52e-33	114
CA264_10765	iLJ478.TM0041	49.6	113	57	0	37	149	12	124	1.23e-32	112
CA264_10765	iHN637.CLJU_RS03130	37.4	147	91	1	4	149	122	268	5.36e-30	109
CA264_10775	iYO844.BSU15900	48.1	297	146	3	3	291	5	301	8.15e-85	256
CA264_10775	iYS854.USA300HOU_RS06180	43.8	292	161	2	3	291	5	296	4.17e-80	244
CA264_10790	iAF987.Gmet_2397	33.3	213	136	4	6	216	2	210	1.75e-32	117
CA264_10795	iAF987.Gmet_2396	69.1	645	190	2	1	644	1	637	0.0	899
CA264_10800	iAF987.Gmet_2395	62.6	243	91	0	1	243	7	249	1.11e-108	313
CA264_10805	iYS854.USA300HOU_RS02940	30.6	160	101	7	4	157	5	160	1.92e-08	51.2
CA264_10825	iHN637.CLJU_RS20600	35.0	451	270	10	9	450	11	447	2.33e-75	243
CA264_10825	iEK1008.Rv2152c	36.0	469	270	12	9	456	13	472	3.54e-73	238
CA264_10825	iAF987.Gmet_0413	35.7	459	257	11	9	450	8	445	2.69e-70	230
CA264_10825	iCN718.ABAYE_RS01280	32.7	468	284	10	2	453	18	470	1.01e-67	224
CA264_10825	iYL1228.KPN_00095	32.4	479	289	11	2	460	15	478	1.76e-67	223
CA264_10825	iPC815.YPO0556	32.8	475	286	11	2	457	15	475	1.76e-67	223
CA264_10825	iSSON_1240.SSON_0099	32.6	485	280	12	2	460	15	478	6.79e-67	222
CA264_10825	iSDY_1059.SDY_0121	32.2	479	290	11	2	460	15	478	9.52e-67	221
CA264_10825	iSbBS512_1146.SbBS512_E0084	32.2	479	290	11	2	460	15	478	1.33e-66	221
CA264_10825	iML1515.b0091	32.2	479	290	11	2	460	15	478	1.87e-66	221
CA264_10825	iSF_1195.SF0088	32.2	479	290	11	2	460	15	478	2.62e-66	220
CA264_10830	iYO844.BSU15220	37.4	364	224	3	9	370	2	363	3.46e-80	249
CA264_10830	iCN900.CD630_26510	36.2	365	226	4	9	368	3	365	5.62e-75	237
CA264_10830	iNF517.LLMG_RS04660	37.2	363	217	5	9	369	2	355	1.43e-74	234
CA264_10835	iML1515.b0089	29.4	391	244	13	2	371	26	405	4.49e-37	138
CA264_10835	iJN1463.PP_1336	28.4	345	236	7	26	362	35	376	3.63e-35	133
CA264_10840	iYO844.BSU15200	35.8	444	267	10	5	440	14	447	5.05e-77	246
CA264_10840	iAF987.Gmet_0410	35.4	444	269	7	5	440	10	443	1.86e-73	237
CA264_10840	iYS854.USA300HOU_RS05945	34.9	439	269	8	5	438	14	440	7.28e-72	233
CA264_10845	iAF987.Gmet_0409	42.9	406	184	6	1	406	1	358	1.42e-96	292
CA264_10845	iJN1463.PP_1334	41.3	390	185	4	17	406	15	360	4.92e-92	281
CA264_10845	iPC815.YPO0552	39.7	406	199	6	1	406	1	360	2.81e-88	271
CA264_10845	iML1515.b0087	39.7	390	191	4	17	406	15	360	7.07e-86	265
CA264_10845	iSbBS512_1146.SbBS512_E0080	39.7	390	191	4	17	406	15	360	7.07e-86	265
CA264_10845	iSF_1195.SF0084	39.7	390	191	4	17	406	15	360	7.07e-86	265
CA264_10845	iSSON_1240.SSON_0095	39.7	390	191	4	17	406	15	360	7.07e-86	265
CA264_10845	iSDY_1059.SDY_0117	39.7	390	191	4	17	406	15	360	9.99e-86	265
CA264_10845	iYL1228.KPN_00091	39.5	390	192	4	17	406	15	360	1.99e-85	264
CA264_10845	STM_v1_0.STM0125	39.2	390	193	4	17	406	15	360	1.99e-85	264
CA264_10850	iHN637.CLJU_RS05190	39.2	485	278	8	4	481	3	477	1.54e-112	340
CA264_10850	iYO844.BSU15180	40.7	486	264	8	15	487	15	489	2.48e-111	338
CA264_10850	iCN900.CD630_26640	39.6	487	274	8	4	480	3	479	2.90e-110	335
CA264_10850	iAF987.Gmet_0407	38.1	507	285	6	4	485	3	505	5.75e-108	330
CA264_10855	iAF987.Gmet_0406	30.7	554	306	20	128	656	140	640	1.65e-55	200
CA264_10865	iNF517.LLMG_RS08455	45.3	307	156	5	4	299	5	310	3.46e-73	227
CA264_10885	iSynCJ816.SGL_RS06460	27.6	214	125	10	31	223	46	250	9.62e-08	51.2
CA264_10890	iAF987.Gmet_0866	31.4	271	184	1	4	274	1	269	5.62e-48	160
CA264_10890	iCN900.CD630_18180	31.4	280	187	4	4	280	1	278	7.55e-44	150
CA264_10905	iSynCJ816.SGL_RS08445	25.7	284	179	7	16	272	27	305	7.44e-11	61.2
CA264_10910	iYS854.USA300HOU_RS13900	30.1	498	333	8	5	489	2	497	4.53e-74	242
CA264_10930	iAF987.Gmet_3291	34.2	260	168	3	12	269	2	260	1.29e-43	148
CA264_10930	iCN718.ABAYE_RS11580	33.7	258	167	3	14	269	4	259	7.97e-43	146
CA264_10930	iJN1463.PP_4066	33.3	264	168	4	9	269	3	261	5.34e-41	142
CA264_10930	iJN1463.PP_2217	35.8	257	158	4	14	269	4	254	2.90e-40	139
CA264_10930	iCN900.CD630_10570	33.2	268	168	5	6	269	2	262	2.13e-38	135
CA264_10940	iML1515.b1388	54.0	291	134	0	27	317	7	297	1.93e-116	338
CA264_10940	iYL1228.KPN_01469	54.0	291	134	0	27	317	7	297	2.73e-116	338
CA264_10940	iJN1463.PP_3278	53.1	290	135	1	27	315	26	315	7.10e-114	332
CA264_10945	iJN1463.PP_3277	32.1	84	56	1	117	199	7	90	3.45e-09	52.0
CA264_10950	iML1515.b1390	31.5	241	162	2	12	251	10	248	4.82e-41	140
CA264_10950	iYL1228.KPN_01471	31.1	251	170	2	2	251	3	251	6.91e-38	132
CA264_10955	iYL1228.KPN_01472	32.9	149	97	2	11	159	18	163	5.47e-34	117
CA264_10955	iML1515.b1391	32.7	153	100	2	7	159	14	163	1.12e-30	108
CA264_10955	iJN1463.PP_3275	34.9	149	95	2	12	159	28	175	4.37e-30	107
CA264_10970	iJN1463.PP_3274	34.4	366	219	8	3	360	2	354	2.94e-65	210
CA264_10970	iML1515.b1392	36.1	360	208	7	7	360	6	349	1.33e-62	203
CA264_10970	iYL1228.KPN_01473	35.3	363	211	8	5	360	4	349	3.17e-60	197
CA264_10985	iML1515.b2924	31.2	269	179	2	4	266	7	275	4.18e-44	150
CA264_11000	iCN900.CD630_25840	39.2	306	183	3	5	309	1	304	1.17e-76	236
CA264_11000	iAF987.Gmet_3339	41.9	301	170	3	5	304	4	300	1.99e-75	233
CA264_11000	iSF_1195.SF3319	40.3	305	179	3	1	304	1	303	9.16e-72	224
CA264_11000	iSSON_1240.SSON_3428	40.3	305	179	3	1	304	1	303	9.16e-72	224
CA264_11000	iSDY_1059.SDY_3464	40.3	305	179	3	1	304	1	303	1.30e-71	223
CA264_11000	STM_v1_0.STM3407	40.7	305	178	3	1	304	1	303	5.17e-71	222
CA264_11000	iSbBS512_1146.SbBS512_E3672	40.0	305	180	3	1	304	1	303	2.06e-70	220
CA264_11000	iYL1228.KPN_03688	40.0	305	180	3	1	304	1	303	4.12e-70	219
CA264_11000	iYO844.BSU15730	39.5	301	178	4	6	304	3	301	9.82e-69	216
CA264_11005	iYO844.BSU21810	47.9	163	80	2	1	161	1	160	8.36e-52	162
CA264_11035	iYS854.USA300HOU_RS05260	23.7	177	125	4	67	241	89	257	3.13e-10	60.8
CA264_11035	iML1515.b2430	25.8	186	114	7	69	233	59	241	1.41e-08	55.8
CA264_11050	iAF987.Gmet_3253	44.6	130	72	0	1	130	2	131	2.94e-35	118
CA264_11055	iML1515.b2530	63.2	405	146	2	2	404	1	404	1.30e-183	515
CA264_11055	iSbBS512_1146.SbBS512_E2905	63.2	405	146	2	2	404	1	404	1.30e-183	515
CA264_11055	iSDY_1059.SDY_2726	63.2	405	146	2	2	404	9	412	1.72e-183	515
CA264_11055	iSF_1195.SF2577	63.2	405	146	2	2	404	1	404	1.30e-183	515
CA264_11055	iSSON_1240.SSON_2612	63.2	405	146	2	2	404	9	412	1.72e-183	515
CA264_11055	iYL1228.KPN_02862	62.0	405	151	2	2	404	1	404	1.23e-181	510
CA264_11055	STM_v1_0.STM2543	62.2	405	150	2	2	404	1	404	1.74e-181	510
CA264_11055	iPC815.YPO2896	61.4	402	152	2	5	404	9	409	9.20e-178	501
CA264_11060	iJN1463.PP_0843	74.0	127	33	0	1	127	1	127	1.10e-65	195
CA264_11060	iML1515.b2529	71.0	124	36	0	1	124	1	124	2.46e-62	186
CA264_11060	iSDY_1059.SDY_2725	71.0	124	36	0	1	124	1	124	2.46e-62	186
CA264_11060	iSF_1195.SF2576	71.0	124	36	0	1	124	1	124	2.46e-62	186
CA264_11060	iSSON_1240.SSON_2611	71.0	124	36	0	1	124	1	124	2.46e-62	186
CA264_11060	iSbBS512_1146.SbBS512_E2904	70.2	124	37	0	1	124	1	124	5.78e-61	183
CA264_11070	iJN1463.PP_0844	57.8	83	33	2	27	108	26	107	5.51e-26	92.8
CA264_11070	iML1515.b2528	51.9	108	48	3	2	108	3	107	1.11e-25	92.0
CA264_11070	iSbBS512_1146.SbBS512_E2903	51.9	108	48	3	2	108	5	109	1.17e-25	92.0
CA264_11070	iSDY_1059.SDY_2724	51.9	108	48	3	2	108	3	107	1.11e-25	92.0
CA264_11070	iSF_1195.SF2575	51.9	108	48	3	2	108	3	107	1.11e-25	92.0
CA264_11070	iSSON_1240.SSON_2610	51.9	108	48	3	2	108	3	107	1.11e-25	92.0
CA264_11080	iJN1463.PP_0481	63.5	485	163	7	10	491	5	478	3.65e-222	620
CA264_11080	iYO844.BSU08820	56.8	486	196	3	9	491	5	479	1.02e-198	561
CA264_11090	iJN1463.PP_0398	31.1	106	69	2	26	130	2	104	2.80e-11	56.2
CA264_11090	iSDY_1059.SDY_1936	37.5	80	47	1	48	127	24	100	6.83e-11	55.1
CA264_11090	iSF_1195.SF1313	37.5	80	47	1	48	127	35	111	8.68e-11	55.1
CA264_11090	iML1515.b1308	36.3	80	48	1	48	127	24	100	1.35e-10	54.3
CA264_11090	iSbBS512_1146.SbBS512_E1544	36.3	80	48	1	48	127	24	100	1.35e-10	54.3
CA264_11090	iSSON_1240.SSON_1832	36.3	80	48	1	48	127	24	100	1.35e-10	54.3
CA264_11125	iMM904.YBR126C	40.1	464	269	4	4	459	18	480	1.54e-114	354
CA264_11125	iEK1008.Rv3490	39.4	472	268	5	5	460	23	492	7.68e-109	340
CA264_11125	iMM904.YDR074W	31.0	754	435	20	58	735	115	859	8.98e-104	338
CA264_11140	iSynCJ816.SGL_RS12820	53.2	648	279	4	147	773	108	752	1.36e-261	743
CA264_11140	iJN1463.PP_4058	51.0	645	309	5	132	772	93	734	1.61e-238	682
CA264_11140	iPC815.YPO3942	51.8	623	291	6	150	770	107	722	1.42e-234	672
CA264_11145	iAF987.Gmet_3469	52.6	1101	512	5	14	1108	14	1110	0.0	1168
CA264_11150	iJN1463.PP_4060	45.5	644	347	4	9	651	20	660	1.16e-205	592
CA264_11155	iAF987.Gmet_3467	51.9	601	280	5	12	608	11	606	1.70e-206	590
CA264_11165	iAF987.Gmet_3468	35.1	991	541	23	4	899	11	994	2.26e-161	497
CA264_11170	iSynCJ816.SGL_RS03010	45.5	503	268	5	2	502	1	499	4.57e-150	438
CA264_11170	iAF987.Gmet_2391	44.4	505	258	8	5	502	4	492	4.54e-137	404
CA264_11190	iML1515.b1856	35.0	123	63	6	173	293	314	421	1.04e-08	56.6
CA264_11195	iAF987.Gmet_0880	24.9	301	202	7	2	281	5	302	7.54e-23	97.8
CA264_11195	iCN900.CD630_34910	27.2	302	195	9	1	281	1	298	7.52e-21	90.1
CA264_11200	iSynCJ816.SGL_RS15845	37.4	704	412	6	15	693	19	718	2.00e-150	454
CA264_11200	iCN718.ABAYE_RS13985	38.3	669	402	6	14	678	18	679	5.30e-147	444
CA264_11200	iEK1008.Rv2984	37.8	670	388	10	6	655	44	704	1.04e-140	429
CA264_11200	iJN1463.PP_5217	36.5	666	407	6	13	670	42	699	1.97e-136	417
CA264_11200	iAF692.Mbar_A1195	38.0	684	394	10	15	681	39	709	1.58e-135	415
CA264_11210	iSynCJ816.SGL_RS17160	34.0	297	180	5	18	302	17	309	2.54e-45	157
CA264_11225	iEK1008.Rv3569c	30.9	269	145	10	240	467	18	286	3.14e-14	72.8
CA264_11240	iYO844.BSU02090	33.2	247	149	5	18	264	35	265	2.19e-32	119
CA264_11290	iCN718.ABAYE_RS13345	39.0	177	105	2	92	267	52	226	4.34e-36	129
CA264_11290	iLB1027_lipid.PHATRDRAFT_16157	41.0	178	90	6	122	292	1	170	9.50e-36	126
CA264_11300	iML1515.b1330	31.6	215	143	3	329	540	120	333	8.34e-30	120
CA264_11310	iCHOv1.100756174	28.7	171	105	6	57	219	85	246	6.03e-09	54.7
CA264_11310	iMM1415.18476	28.7	171	105	6	57	219	41	202	8.25e-09	53.9
CA264_11315	iYO844.BSU02130	27.9	280	163	8	36	304	40	291	5.19e-22	93.2
CA264_11315	iYS854.USA300HOU_RS09130	28.5	263	154	7	39	299	15	245	2.33e-22	93.2
CA264_11315	iYS854.USA300HOU_RS04760	28.2	280	164	9	34	302	54	307	1.50e-19	86.7
CA264_11335	iML1515.b0584	29.8	151	89	6	132	280	36	171	2.14e-04	45.1
CA264_11335	iSDY_1059.SDY_0512	29.8	151	89	6	132	280	36	171	2.14e-04	45.1
CA264_11335	iSF_1195.SF0496	29.8	151	89	6	132	280	36	171	2.14e-04	45.1
CA264_11335	iSSON_1240.SSON_0534	29.8	151	89	6	132	280	36	171	2.14e-04	45.1
CA264_11335	iSbBS512_1146.SbBS512_E0485	29.1	151	90	6	132	280	36	171	6.35e-04	43.5
CA264_11340	iYO844.BSU02140	64.8	435	153	0	1	435	2	436	4.37e-217	603
CA264_11340	iYL1228.KPN_02646	63.5	427	156	0	1	427	2	428	3.63e-205	573
CA264_11340	iML1515.b2240	63.5	427	156	0	1	427	2	428	2.41e-204	572
CA264_11340	iSbBS512_1146.SbBS512_E2622	63.5	427	156	0	1	427	2	428	2.41e-204	572
CA264_11340	iSSON_1240.SSON_2301	63.5	427	156	0	1	427	2	428	2.41e-204	572
CA264_11340	STM_v1_0.STM2283	63.5	427	156	0	1	427	2	428	6.87e-204	570
CA264_11340	iSF_1195.SF2322	63.2	427	157	0	1	427	2	428	5.61e-203	568
CA264_11340	iSDY_1059.SDY_2435	63.0	427	158	0	1	427	2	428	1.60e-202	567
CA264_11340	iYS854.USA300HOU_RS01785	62.6	444	158	2	1	436	1	444	6.13e-200	560
CA264_11345	iLJ478.TM1429	54.2	238	101	1	1	238	1	230	3.17e-90	265
CA264_11345	iNF517.LLMG_RS05570	51.9	235	105	1	4	238	8	234	3.00e-80	240
CA264_11345	iYS854.USA300HOU_RS06540	52.9	227	99	1	1	227	1	219	2.24e-79	239
CA264_11350	iAF987.Gmet_1676	63.3	491	179	1	4	493	3	493	3.10e-230	641
CA264_11350	iLJ478.TM1430	63.0	468	173	0	3	470	2	469	3.28e-219	612
CA264_11350	iYO844.BSU09290	59.8	495	197	2	1	493	1	495	5.91e-216	605
CA264_11350	iYL1228.KPN_04011	59.1	494	200	2	2	493	4	497	5.82e-213	597
CA264_11350	iML1515.b3926	58.7	494	202	2	2	493	4	497	6.49e-212	595
CA264_11350	iSSON_1240.SSON_4095	58.7	494	202	2	2	493	11	504	8.61e-212	595
CA264_11350	iSbBS512_1146.SbBS512_E4408	58.7	494	202	2	2	493	4	497	9.20e-212	594
CA264_11350	STM_v1_0.STM4086	58.3	494	204	2	2	493	4	497	3.73e-211	593
CA264_11350	iSDY_1059.SDY_3818	58.5	494	203	2	2	493	4	497	3.73e-211	593
CA264_11350	iJN1463.PP_1075	59.0	493	196	2	2	493	7	494	9.56e-211	592
CA264_11350	iCN900.CD630_13820	58.5	494	203	2	2	493	3	496	3.76e-209	588
CA264_11350	iCN718.ABAYE_RS04620	57.9	496	203	3	2	493	6	499	4.39e-205	577
CA264_11355	iNF517.LLMG_RS05575	58.9	511	201	4	2	507	19	525	3.86e-211	595
CA264_11355	iAF987.Gmet_1677	57.1	504	212	3	2	505	16	515	4.42e-198	561
CA264_11405	iYS854.USA300HOU_RS05595	29.9	271	159	10	42	290	45	306	7.73e-15	73.2
CA264_11405	iYS854.USA300HOU_RS09130	38.5	109	57	3	45	150	12	113	3.07e-13	67.8
CA264_11410	iHN637.CLJU_RS17500	39.0	182	104	5	2	180	1	178	6.83e-29	106
CA264_11410	iLJ478.TM1374	33.7	196	120	7	2	192	1	191	2.11e-28	105
CA264_11410	iSynCJ816.SGL_RS14390	33.0	194	123	5	2	191	3	193	1.52e-27	103
CA264_11410	iSynCJ816.SGL_RS02245	32.6	184	115	4	4	179	5	187	6.42e-24	97.4
CA264_11415	iHN637.CLJU_RS08965	28.5	487	323	12	6	472	3	484	1.38e-47	171
CA264_11420	iLJ478.TM0116	25.6	430	293	14	7	420	4	422	1.16e-25	109
CA264_11420	iML1515.b1511	24.9	462	316	12	8	444	15	470	1.24e-23	103
CA264_11420	iYL1228.KPN_02542	25.9	460	302	11	7	445	2	443	4.27e-23	101
CA264_11425	iEK1008.Rv0728c	35.0	303	186	5	2	302	6	299	3.45e-48	164
CA264_11425	iHN637.CLJU_RS05680	39.1	248	141	6	51	294	72	313	3.88e-42	149
CA264_11435	iAF692.Mbar_A3422	28.4	176	99	5	20	179	6	170	9.48e-05	44.3
CA264_11435	iAF692.Mbar_A2100	48.8	43	22	0	18	60	25	67	2.60e-04	42.4
CA264_11435	iMM904.YFL018C	40.8	49	29	0	7	55	15	63	9.78e-04	41.2
CA264_11440	iAT_PLT_636.6523	24.8	491	296	13	2	437	25	497	3.51e-20	94.4
CA264_11440	iCHOv1.100767281	24.4	492	297	13	2	437	25	497	7.70e-19	90.1
CA264_11440	iAT_PLT_636.115584	25.4	425	239	12	5	375	28	428	4.23e-18	87.8
CA264_11440	iMM1415.20537	23.6	491	302	13	2	437	25	497	9.65e-18	86.7
CA264_11440	iMM1415.233836	23.2	496	297	12	1	438	24	493	9.77e-18	86.7
CA264_11440	iCHOv1.100758893	25.7	487	288	15	5	438	28	493	2.24e-17	85.5
CA264_11470	iAM_Pb448.PBANKA_083440	33.2	187	117	4	68	254	61	239	1.19e-15	80.5
CA264_11470	iAM_Pv461.PVX_087035	28.0	246	151	7	70	302	52	284	7.72e-14	74.7
CA264_11470	iAM_Pc455.PCYB_074100	31.9	185	118	4	70	254	34	210	1.32e-13	73.9
CA264_11480	iYO844.BSU02750	32.7	202	134	2	20	219	20	221	1.10e-36	131
CA264_11480	iCN900.CD630_16140	31.7	218	148	1	2	218	21	238	2.02e-33	123
CA264_11535	iAF692.Mbar_A2079	40.0	50	30	0	5	54	7	56	1.81e-04	37.0
CA264_11570	iSynCJ816.SGL_RS12260	23.0	317	213	9	64	359	62	368	1.88e-13	70.9
CA264_11600	iSDY_1059.SDY_1022	30.7	166	99	7	90	249	19	174	2.28e-05	48.1
CA264_11600	STM_v1_0.STM0585	25.2	274	177	9	123	392	54	303	3.97e-05	47.4
CA264_11600	iSbBS512_1146.SbBS512_E0485	32.3	127	79	3	123	247	50	171	5.21e-05	47.0
CA264_11600	iML1515.b0584	32.3	127	79	3	123	247	50	171	8.98e-05	46.2
CA264_11600	iSDY_1059.SDY_0512	32.3	127	79	3	123	247	50	171	8.98e-05	46.2
CA264_11600	iSF_1195.SF0496	32.3	127	79	3	123	247	50	171	8.98e-05	46.2
CA264_11600	iSSON_1240.SSON_0534	32.3	127	79	3	123	247	50	171	8.98e-05	46.2
CA264_11600	STM_v1_0.STM2777	30.2	162	98	6	94	249	23	175	1.17e-04	45.8
CA264_11650	iYL1228.KPN_00193	30.7	140	89	3	5	138	10	147	1.87e-13	63.2
CA264_11650	STM_v1_0.STM0227	30.7	140	89	3	5	138	10	147	2.63e-13	62.8
CA264_11650	iPC815.YPO1055	30.0	140	90	4	5	138	10	147	6.34e-13	62.4
CA264_11650	iML1515.b0180	30.7	140	89	3	5	138	10	147	5.17e-13	62.0
CA264_11650	iSbBS512_1146.SbBS512_E0173	30.7	140	89	3	5	138	10	147	5.17e-13	62.0
CA264_11650	iSDY_1059.SDY_0196	30.7	140	89	3	5	138	10	147	5.17e-13	62.0
CA264_11650	iSF_1195.SF0170	30.7	140	89	3	5	138	10	147	5.17e-13	62.0
CA264_11650	iSSON_1240.SSON_0192	30.7	140	89	3	5	138	10	147	5.17e-13	62.0
CA264_11650	iSynCJ816.SGL_RS08755	29.8	131	81	4	4	127	25	151	4.96e-12	59.7
CA264_11765	iYO844.BSU20250	27.2	437	198	14	1	333	4	424	7.37e-33	126
CA264_11765	iCN900.CD630_09270	27.2	375	212	11	1	338	2	352	3.61e-31	120
CA264_11770	iCN718.ABAYE_RS00975	27.0	392	223	11	73	452	5	345	1.80e-29	117
CA264_11770	iSynCJ816.SGL_RS13525	27.1	413	227	14	73	448	8	383	5.97e-28	114
CA264_11830	iCHOv1.100770936	55.2	391	170	3	5	394	38	424	4.39e-135	392
CA264_11830	iMM1415.110446	54.7	391	172	3	5	394	38	424	8.81e-135	392
CA264_11830	iLB1027_lipid.PHATRDRAFT_23913	53.0	394	178	4	6	394	4	395	2.27e-133	387
CA264_11830	iAT_PLT_636.38	51.8	392	184	3	4	394	40	427	9.31e-125	366
CA264_11830	iMM904.YPL028W	51.6	397	187	4	3	394	2	398	2.91e-124	364
CA264_11850	iLJ478.TM1724	30.9	233	140	4	14	235	7	229	1.96e-19	85.9
CA264_11850	iMM1415.15483	29.1	258	172	5	16	268	79	330	1.70e-18	84.7
CA264_11850	iCHOv1.100774578	29.9	221	145	4	16	228	36	254	7.87e-18	82.8
CA264_11850	iCN900.CD630_11820	28.8	222	150	4	14	230	8	226	3.58e-18	82.4
CA264_11850	iMM1415.70750	29.4	221	146	4	16	228	36	254	1.07e-17	82.4
CA264_11850	iMM904.YMR226C	32.7	202	127	6	12	207	13	211	6.52e-18	82.0
CA264_11850	iCHOv1.100762502	28.7	258	173	5	16	268	66	317	1.75e-17	81.6
CA264_11850	iCN718.ABAYE_RS13105	31.4	185	127	0	14	198	8	192	9.99e-17	79.0
CA264_11850	iCN718.ABAYE_RS13055	31.7	183	122	2	10	191	11	191	1.23e-16	78.6
CA264_11850	STM_v1_0.STM1511	28.3	226	148	6	14	232	2	220	1.53e-16	77.8
CA264_11855	iHN637.CLJU_RS02610	29.4	136	68	5	33	168	351	458	6.53e-09	53.5
CA264_11880	iML1515.b3885	29.1	203	131	4	10	208	4	197	6.11e-22	88.6
CA264_11890	iEK1008.Rv3206c	39.4	94	55	2	7	99	289	381	7.75e-11	56.6
CA264_11890	iNF517.LLMG_RS08890	39.2	97	54	3	4	100	448	539	2.81e-10	55.1
CA264_11890	iEK1008.Rv3116	33.3	90	60	0	7	96	286	375	5.03e-10	54.3
CA264_11890	iSynCJ816.SGL_RS18145	43.6	78	41	2	12	89	70	144	4.24e-10	53.1
CA264_11905	iEK1008.Rv2981c	26.5	449	232	8	1	443	11	367	4.15e-33	131
CA264_11905	iAF987.Gmet_0415	26.9	412	156	9	2	413	10	276	2.25e-28	121
CA264_11905	iYL1228.KPN_00323	24.9	445	234	10	1	442	15	362	1.97e-29	120
CA264_11915	iJN1463.PP_0547	27.7	393	274	6	8	393	2	391	1.62e-47	169
CA264_11915	STM_v1_0.STM4416	26.7	461	320	7	9	461	3	453	3.54e-42	155
CA264_11915	iSbBS512_1146.SbBS512_E4851	26.5	461	321	7	9	461	3	453	3.42e-42	155
CA264_11915	iYL1228.KPN_04627	27.1	451	311	7	19	461	1	441	3.82e-42	154
CA264_11915	iSDY_1059.SDY_4251	26.5	461	321	7	9	461	3	453	6.54e-42	154
CA264_11915	iSSON_1240.SSON_4414	26.2	461	322	7	9	461	3	453	6.54e-42	154
CA264_11915	iSF_1195.SF4257	26.2	461	322	7	9	461	3	453	1.25e-41	153
CA264_11930	iAF987.Gmet_1238	33.2	220	128	4	30	247	31	233	1.20e-30	114
CA264_11935	iCHOv1.100766004	45.8	201	109	0	3	203	17	217	9.42e-64	196
CA264_11940	iML1515.b1856	34.6	136	62	5	25	160	314	422	1.44e-08	57.0
CA264_11940	iAF987.Gmet_3012	30.9	139	63	6	24	155	49	161	5.51e-08	53.1
CA264_11945	iML1515.b2480	45.9	146	79	0	3	148	4	149	4.99e-45	144
CA264_11945	iSbBS512_1146.SbBS512_E2852	45.9	146	79	0	3	148	4	149	4.99e-45	144
CA264_11945	iSDY_1059.SDY_2669	45.9	146	79	0	3	148	4	149	4.99e-45	144
CA264_11945	iSF_1195.SF2523	45.9	146	79	0	3	148	4	149	4.99e-45	144
CA264_11945	iSSON_1240.SSON_2561	45.9	146	79	0	3	148	4	149	4.99e-45	144
CA264_11945	iYL1228.KPN_02814	45.9	146	79	0	3	148	4	149	7.07e-45	144
CA264_11945	iPC815.YPO3064	44.7	141	78	0	3	143	5	145	1.69e-43	140
CA264_11950	iHN637.CLJU_RS01495	52.6	270	124	3	8	277	5	270	9.68e-90	267
CA264_11950	iCN900.CD630_34600	50.7	268	126	4	11	277	7	269	1.40e-84	254
CA264_11950	iCN900.CD630_23220	50.6	267	128	3	11	277	4	266	2.39e-84	253
CA264_11960	iAF987.Gmet_0552	49.0	306	156	0	12	317	7	312	5.04e-103	304
CA264_11960	iCN900.CD630_34590	48.5	309	159	0	9	317	3	311	2.79e-102	302
CA264_11960	iHN637.CLJU_RS01500	49.0	312	158	1	7	317	2	313	3.95e-102	301
CA264_11960	iCN900.CD630_23210	48.0	296	153	1	12	307	5	299	5.76e-95	283
CA264_11985	iHN637.CLJU_RS19495	27.1	59	43	0	80	138	35	93	4.66e-04	39.7
CA264_12000	iEK1008.Rv2581c	28.8	146	78	6	35	173	19	145	2.80e-08	53.5
CA264_12000	iYL1228.KPN_00227	29.9	154	68	7	32	185	14	127	2.12e-07	51.2
CA264_12000	iCN900.CD630_27420	34.5	116	54	6	73	185	52	148	1.10e-06	48.5
CA264_12030	iML1515.b3073	39.5	382	205	10	34	397	79	452	1.15e-79	252
CA264_12030	iSF_1195.SF3114	39.3	382	206	10	34	397	49	422	1.99e-79	250
CA264_12030	iYL1228.KPN_03501	39.5	382	205	9	34	397	49	422	3.96e-79	249
CA264_12030	STM_v1_0.STM3218	40.2	386	197	10	34	397	49	422	5.58e-79	249
CA264_12030	iSSON_1240.SSON_3211	38.8	387	201	9	34	397	116	489	6.58e-78	248
CA264_12030	iAF692.Mbar_A0871	38.0	376	209	11	18	386	42	400	2.87e-75	239
CA264_12030	iYO844.BSU11220	37.5	376	218	7	21	390	13	377	3.81e-74	235
CA264_12035	iJN1463.PP_3931	30.0	607	397	6	2	583	4	607	7.24e-68	231
CA264_12055	iYO844.BSU29190	53.0	304	139	3	1	304	1	300	2.98e-104	307
CA264_12055	iCN900.CD630_33950	49.2	323	160	3	1	323	1	319	9.72e-103	303
CA264_12055	iLJ478.TM0209	46.9	322	168	2	1	322	1	319	1.46e-99	295
CA264_12055	iNF517.LLMG_RS05680	50.2	309	151	2	1	309	1	306	9.38e-98	291
CA264_12055	iYS854.USA300HOU_RS09010	51.0	306	140	3	1	302	1	300	1.05e-97	291
CA264_12075	iAF987.Gmet_0987	31.6	133	91	0	671	803	222	354	5.87e-16	83.6
CA264_12080	iAF987.Gmet_1919	27.8	115	79	2	6	120	4	114	4.47e-08	49.7
CA264_12100	iYS854.USA300HOU_RS08015	31.7	139	92	3	32	170	26	161	2.34e-15	70.1
CA264_12100	iSynCJ816.SGL_RS02230	32.4	145	95	3	33	176	36	178	1.41e-14	68.2
CA264_12100	iAF987.Gmet_0048	32.8	128	84	2	43	170	32	157	7.99e-14	65.9
CA264_12105	iIT341.HP0416	32.5	80	53	1	49	127	162	241	1.05e-07	52.0
CA264_12105	iCN718.ABAYE_RS19010	36.0	86	53	2	47	131	49	133	1.95e-07	50.4
CA264_12125	iJN1463.PP_1801	25.7	167	112	2	198	352	214	380	1.97e-11	64.3
CA264_12125	iJN1463.PP_1802	24.6	297	181	11	84	350	86	369	8.20e-10	59.3
CA264_12130	iYL1228.KPN_00507	26.1	230	162	4	24	253	5	226	4.43e-16	77.8
CA264_12130	STM_v1_0.STM4425	27.3	187	126	4	24	207	4	183	3.03e-14	72.4
CA264_12135	iCN900.CD630_23240	27.4	351	211	7	1	315	1	343	5.60e-29	113
CA264_12135	iCN900.CD630_23230	28.1	342	200	11	1	305	1	333	2.50e-27	108
CA264_12140	iLJ478.TM0509	33.7	326	181	8	328	650	4	297	2.07e-41	152
CA264_12140	iEK1008.Rv3784	31.5	336	204	9	328	663	4	313	1.70e-38	145
CA264_12140	iYS854.USA300HOU_RS00675	31.5	337	197	11	328	660	8	314	3.88e-37	141
CA264_12140	iSynCJ816.SGL_RS15130	30.2	358	208	11	328	667	7	340	1.92e-36	139
CA264_12145	iAF692.Mbar_A1144	36.4	343	170	7	4	345	2	297	7.50e-55	182
CA264_12145	iEK1008.Rv0536	37.4	353	198	5	4	346	2	341	1.60e-52	177
CA264_12150	iYL1228.KPN_01590	32.1	187	121	4	85	265	54	240	7.85e-19	82.8
CA264_12150	iMM904.YMR226C	28.4	197	135	4	74	264	63	259	1.44e-18	82.4
CA264_12150	STM_v1_0.STM1511	30.7	189	121	4	85	265	54	240	1.03e-17	79.7
CA264_12150	iEK1008.Rv1483	33.7	172	111	2	41	211	19	188	9.71e-17	77.0
CA264_12150	iSDY_1059.SDY_1586	31.0	187	123	4	85	265	54	240	1.36e-16	76.6
CA264_12150	iML1515.b1539	31.0	187	123	4	85	265	54	240	2.58e-16	75.9
CA264_12150	iSbBS512_1146.SbBS512_E1701	31.0	187	123	4	85	265	54	240	2.58e-16	75.9
CA264_12150	iSSON_1240.SSON_1589	31.0	187	123	4	85	265	54	240	2.58e-16	75.9
CA264_12150	iSF_1195.SF1556	30.5	187	124	4	85	265	54	240	3.56e-16	75.5
CA264_12165	iJN1463.PP_5308	33.3	60	39	1	350	408	154	213	1.22e-04	43.1
CA264_12185	iSynCJ816.SGL_RS18120	37.0	262	152	5	6	256	9	268	1.56e-57	184
CA264_12185	iAF987.Gmet_1419	36.8	253	152	3	6	258	3	247	1.43e-55	178
CA264_12205	iYS854.USA300HOU_RS11550	32.4	142	96	0	15	156	5	146	1.02e-23	90.1
CA264_12220	iLB1027_lipid.PHATRDRAFT_42659	30.4	135	77	4	65	186	120	250	1.64e-07	50.1
CA264_12220	iAT_PLT_636.645	32.2	149	85	7	48	185	49	192	1.93e-07	49.3
CA264_12220	iMM1415.233016	30.6	144	88	7	48	182	49	189	2.29e-06	46.2
CA264_12235	iAF692.Mbar_A0742	28.0	107	74	1	9	115	4	107	2.46e-04	40.4
CA264_12235	iSbBS512_1146.SbBS512_E3762	24.8	218	133	8	1	191	1	214	7.02e-04	39.3
CA264_12235	iSF_1195.SF3403	24.8	218	133	8	1	191	1	214	9.43e-04	38.9
CA264_12240	iYO844.BSU02750	35.7	199	114	5	37	224	18	213	8.94e-34	124
CA264_12255	iAF987.Gmet_1626	62.7	391	145	1	15	405	6	395	6.92e-171	483
CA264_12255	iSynCJ816.SGL_RS10240	59.6	401	159	2	13	410	3	403	6.54e-167	479
CA264_12255	iYO844.BSU23260	60.6	393	150	3	15	405	5	394	2.84e-167	474
CA264_12255	iHN637.CLJU_RS10830	56.0	393	170	2	13	405	6	395	6.63e-152	435
CA264_12260	iSbBS512_1146.SbBS512_E4050	33.3	102	64	2	4	105	9	106	8.48e-11	61.6
CA264_12260	iSSON_1240.SSON_3782	33.3	102	64	2	4	105	9	106	8.48e-11	61.6
CA264_12260	iYO844.BSU35550	27.7	119	82	2	4	122	9	123	9.04e-11	60.8
CA264_12300	iYS854.USA300HOU_RS01730	40.9	181	98	4	5	177	86	265	1.01e-30	112
CA264_12305	iAF692.Mbar_A2421	36.2	94	51	3	6	95	226	314	3.05e-06	48.1
CA264_12310	iYS854.USA300HOU_RS04640	42.9	70	39	1	13	82	11	79	3.66e-14	61.2
CA264_12315	iCN718.ABAYE_RS00895	56.7	420	179	3	6	423	2	420	3.17e-170	483
CA264_12315	iAT_PLT_636.2184	52.3	415	196	2	11	423	2	416	2.68e-155	445
CA264_12315	iMM1415.14085	52.3	415	196	2	11	423	2	416	8.19e-152	436
CA264_12325	iJN1463.PP_1805	38.9	489	286	4	151	629	186	671	2.51e-100	320
CA264_12325	iCN718.ABAYE_RS18875	37.8	463	265	4	149	605	146	591	1.05e-99	317
CA264_12335	iAF987.Gmet_2351	32.3	375	220	10	16	376	11	365	3.13e-47	164
CA264_12335	iAF987.Gmet_0886	33.2	389	226	10	7	375	8	382	9.84e-47	163
CA264_12335	STM_v1_0.STM2297	32.7	343	210	7	1	332	7	339	1.02e-44	158
CA264_12335	STM_v1_0.STM2090	30.9	359	202	10	12	334	41	389	3.00e-41	150
CA264_12335	iML1515.b2253	35.0	283	165	5	1	273	1	274	1.91e-41	149
CA264_12335	iSSON_1240.SSON_2314	35.0	283	165	5	1	273	12	285	4.64e-41	148
CA264_12345	iML1515.b2047	37.2	188	104	4	9	184	273	458	1.38e-33	124
CA264_12345	STM_v1_0.STM2082	35.3	201	108	4	7	188	277	474	7.86e-32	119
CA264_12350	iYO844.BSU35590	29.9	157	96	4	187	342	202	345	1.44e-11	65.1
CA264_12365	iYO844.BSU30540	31.4	628	389	17	1	605	1	609	7.47e-71	240
CA264_12365	iAF987.Gmet_2172	31.0	638	375	19	1	578	1	633	3.67e-65	225
CA264_12375	iAF692.Mbar_A1731	29.6	247	157	7	78	316	82	319	4.01e-23	99.0
CA264_12375	iYS854.USA300HOU_RS07460	27.0	318	204	10	67	364	58	367	1.98e-22	97.1
CA264_12385	iAF692.Mbar_A1731	26.5	283	177	6	60	328	70	335	5.82e-18	84.0
CA264_12390	iEK1008.Rv3032	23.9	205	148	4	171	373	192	390	4.19e-06	48.1
CA264_12400	iCN900.CD630_08720	40.0	120	60	4	57	173	75	185	8.79e-07	46.6
CA264_12400	iYL1228.KPN_00440	27.5	120	79	2	56	171	68	183	1.11e-05	43.5
CA264_12400	iNF517.LLMG_RS03835	38.0	121	67	3	59	175	71	187	3.10e-05	42.4
CA264_12405	iYS854.USA300HOU_RS14490	23.9	209	103	5	32	230	111	273	5.42e-08	52.4
CA264_12410	iHN637.CLJU_RS19350	35.2	122	79	0	52	173	55	176	1.70e-18	78.6
CA264_12410	iJN1463.PP_3136	35.0	117	75	1	51	167	47	162	2.08e-18	77.8
CA264_12410	iYS854.USA300HOU_RS02785	37.7	130	74	1	43	172	52	174	9.13e-18	77.0
CA264_12410	iCN900.CD630_15950	32.4	170	111	2	13	179	11	179	8.97e-18	76.6
CA264_12410	iIT341.HP1210	32.9	143	91	2	29	169	29	168	1.48e-17	75.5
CA264_12410	STM_v1_0.STM3699	33.3	123	82	0	52	174	128	250	2.88e-15	71.2
CA264_12420	iAF987.Gmet_2349	30.4	514	340	8	66	569	63	568	4.52e-54	192
CA264_12425	iMM1415.12764	33.6	229	133	9	6	226	46	263	4.12e-19	84.7
CA264_12430	iAF692.Mbar_A2020	34.9	229	137	5	121	341	3	227	9.83e-36	133
CA264_12430	iSynCJ816.SGL_RS17400	32.9	234	150	4	121	347	3	236	1.44e-32	128
CA264_12430	iAM_Pf480.PF3D7_1420900	33.8	228	143	5	119	340	1	226	5.83e-33	126
CA264_12430	iAF987.Gmet_3178	31.9	235	150	5	121	347	3	235	3.97e-31	124
CA264_12430	iAM_Pc455.PCYB_133630	33.3	228	144	5	119	340	1	226	5.93e-32	124
CA264_12430	iAF692.Mbar_A1937	30.4	227	151	4	121	340	3	229	1.18e-31	122
CA264_12430	iAM_Pb448.PBANKA_102230	33.6	229	143	6	119	340	1	227	1.62e-31	122
CA264_12430	iAM_Pv461.PVX_085435	32.9	228	145	5	119	340	1	226	6.90e-31	121
CA264_12440	iYL1228.KPN_03845	33.5	260	167	4	19	276	19	274	9.27e-38	140
CA264_12440	STM_v1_0.STM2299	29.6	291	199	4	1	289	1	287	1.91e-35	134
CA264_12440	iML1515.b2255	32.1	237	156	3	41	276	42	274	4.33e-34	130
CA264_12440	iAF987.Gmet_0884	30.2	295	195	6	2	292	10	297	1.36e-35	129
CA264_12440	iAF987.Gmet_3339	31.4	283	184	5	3	280	6	283	1.90e-35	129
CA264_12440	iSSON_1240.SSON_2316	32.1	237	156	3	41	276	42	274	3.82e-33	127
CA264_12445	iCHOv1.100689450	29.8	392	249	11	1	380	10	387	5.38e-43	159
CA264_12445	iMM1415.50798	29.8	392	249	11	1	380	41	418	6.38e-43	159
CA264_12450	iCHOv1.100767837	36.0	339	206	6	6	341	21	351	1.22e-57	190
CA264_12450	iMM1415.94181	35.1	333	205	6	6	335	21	345	1.45e-55	184
CA264_12460	iAF987.Gmet_0886	28.6	374	234	7	23	380	5	361	4.41e-45	159
CA264_12460	iAF987.Gmet_2351	30.3	346	212	8	39	380	23	343	2.89e-44	156
CA264_12460	STM_v1_0.STM2297	32.3	282	164	4	23	295	10	273	1.74e-41	149
CA264_12460	iSSON_1240.SSON_2314	31.8	286	162	5	23	296	15	279	3.74e-41	149
CA264_12460	iML1515.b2253	31.8	286	162	5	23	296	4	268	5.81e-41	148
CA264_12465	iAF692.Mbar_A1144	31.5	314	191	6	7	313	2	298	1.12e-39	141
CA264_12465	iMM1415.76355	32.2	329	208	8	6	326	18	339	1.52e-38	139
CA264_12465	iEK1008.Rv3784	30.9	327	190	8	8	318	3	309	1.15e-38	139
CA264_12465	iAF692.Mbar_A0021	34.7	277	170	5	3	275	1	270	1.12e-37	136
CA264_12465	iAF692.Mbar_A0231	30.6	320	197	7	7	316	2	306	1.05e-36	134
CA264_12465	iSynCJ816.SGL_RS09825	32.6	328	181	13	7	318	2	305	1.20e-36	133
CA264_12465	iLB1027_lipid.PHATRDRAFT_47152	30.3	320	211	8	6	317	81	396	2.46e-35	132
CA264_12465	iSynCJ816.SGL_RS15130	30.0	333	209	9	8	320	6	334	4.90e-34	127
CA264_12470	iCN718.ABAYE_RS18925	62.6	433	150	3	5	434	1	424	2.14e-197	552
CA264_12475	iYS854.USA300HOU_RS09065	38.3	366	223	3	36	400	3	366	8.36e-79	247
CA264_12475	iYO844.BSU31930	37.0	365	226	4	34	397	1	362	7.59e-75	237
CA264_12475	iEK1008.Rv2780	36.4	371	233	3	36	405	3	371	7.60e-73	232
CA264_12485	iAF987.Gmet_1919	31.8	129	86	1	6	134	5	131	2.80e-12	67.8
CA264_12485	iAF987.Gmet_1914	31.1	122	84	0	6	127	4	125	1.39e-11	66.2
CA264_12490	iAM_Pb448.PBANKA_145350	28.3	283	158	9	5	245	320	599	9.00e-23	100
CA264_12490	iAM_Pv461.PVX_100900	30.6	291	150	9	2	245	328	613	9.11e-23	100
CA264_12490	iAM_Pf480.PF3D7_1239000	28.4	282	159	9	5	245	359	638	2.38e-20	93.2
CA264_12490	iAM_Pc455.PCYB_146470	32.5	252	118	10	2	206	323	569	1.76e-19	90.5
CA264_12495	iAF987.Gmet_2355	54.6	337	147	4	4	340	6	336	2.83e-39	141
CA264_12500	iJN1463.PP_1343	34.7	329	182	6	4	328	3	302	4.42e-54	182
CA264_12500	iSynCJ816.SGL_RS04100	36.7	294	160	3	6	298	3	271	6.85e-51	173
CA264_12500	iPC815.YPO0561	35.3	292	159	4	4	291	3	268	2.29e-49	170
CA264_12500	iSbBS512_1146.SbBS512_E0090	35.6	292	158	4	4	291	3	268	2.33e-48	167
CA264_12500	iYL1228.KPN_00100	35.3	292	159	4	4	291	3	268	4.56e-48	167
CA264_12500	iML1515.b0096	35.6	292	158	4	4	291	3	268	6.38e-48	166
CA264_12500	STM_v1_0.STM0134	35.6	292	158	4	4	291	3	268	6.38e-48	166
CA264_12500	iSDY_1059.SDY_0126	35.6	292	158	4	4	291	3	268	6.38e-48	166
CA264_12500	iSF_1195.SF0093	35.6	292	158	4	4	291	3	268	6.38e-48	166
CA264_12500	iSSON_1240.SSON_0104	35.6	292	158	4	4	291	3	268	6.38e-48	166
CA264_12505	iAF987.Gmet_2353	37.5	256	159	1	1	255	1	256	1.00e-34	125
CA264_12510	STM_v1_0.STM0192	31.7	189	114	4	21	196	30	216	3.86e-15	71.6
CA264_12510	iML1515.b0151	32.3	189	113	4	21	196	30	216	7.34e-15	70.9
CA264_12510	iSbBS512_1146.SbBS512_E0143	32.3	189	113	4	21	196	30	216	7.34e-15	70.9
CA264_12510	iSDY_1059.SDY_0167	32.3	189	113	4	21	196	30	216	7.34e-15	70.9
CA264_12510	iSF_1195.SF0143	32.3	189	113	4	21	196	30	216	7.34e-15	70.9
CA264_12510	iSSON_1240.SSON_0163	32.3	189	113	4	21	196	30	216	7.34e-15	70.9
CA264_12510	iYL1228.KPN_00166	32.3	189	113	4	21	196	30	216	1.01e-14	70.5
CA264_12510	iYO844.BSU02750	29.6	189	127	5	19	201	22	210	2.94e-14	68.9
CA264_12510	iNF517.LLMG_RS09720	28.5	172	116	3	2	166	6	177	2.97e-14	68.9
CA264_12510	iNF517.LLMG_RS01785	25.0	220	142	6	1	203	1	214	4.71e-14	68.6
CA264_12510	iPC815.YPO3392	30.9	194	117	4	17	196	25	215	2.45e-13	66.6
CA264_12510	iPC815.YPO2612	29.9	177	105	5	1	164	1	171	9.58e-13	64.7
CA264_12520	iPC815.YPO3576	38.7	297	163	6	28	317	29	313	1.46e-57	188
CA264_12520	iSbBS512_1146.SbBS512_E3574	36.8	321	184	9	6	319	7	315	9.20e-56	183
CA264_12520	iSDY_1059.SDY_3377	36.8	318	184	9	6	319	7	311	3.25e-55	182
CA264_12520	iML1515.b3196	36.4	321	185	9	6	319	7	315	1.42e-54	180
CA264_12520	iSF_1195.SF3236	36.5	318	185	9	6	319	7	311	2.54e-54	179
CA264_12520	iSSON_1240.SSON_3344	36.1	321	186	9	6	319	7	315	3.98e-54	179
CA264_12520	STM_v1_0.STM3314	37.2	325	177	9	6	319	7	315	4.36e-53	176
CA264_12520	iYL1228.KPN_03606	36.1	299	172	6	6	296	7	294	2.04e-50	169
CA264_12540	iLJ478.TM0024	42.3	246	124	7	53	284	216	457	3.63e-52	180
CA264_12545	iLJ478.TM0076	32.9	780	449	19	42	783	11	754	1.41e-125	394
CA264_12545	iSSON_1240.SSON_2189	33.1	770	443	19	38	778	30	756	6.29e-123	386
CA264_12545	iSDY_1059.SDY_2156	33.1	770	443	19	38	778	30	756	1.74e-122	385
CA264_12545	iML1515.b2132	33.0	770	444	19	38	778	30	756	4.80e-122	384
CA264_12545	iSbBS512_1146.SbBS512_E0841	33.0	770	444	19	38	778	30	756	4.80e-122	384
CA264_12545	iSF_1195.SF2217	32.9	770	445	19	38	778	30	756	3.65e-121	382
CA264_12545	iJN1463.PP_1403	32.9	782	445	22	30	777	18	753	1.43e-119	377
CA264_12545	iYL1228.KPN_02568	33.0	766	439	19	38	773	30	751	8.17e-119	375
CA264_12545	iPC815.YPO0616	32.8	753	428	18	42	773	12	707	1.23e-112	358
CA264_12565	iML1515.b2700	47.8	159	81	2	260	416	7	165	1.25e-37	134
CA264_12570	iYS854.USA300HOU_RS08100	37.3	450	252	5	5	454	2	421	3.66e-82	259
CA264_12570	iYO844.BSU24030	38.8	459	241	8	1	455	1	423	5.69e-81	256
CA264_12585	STM_v1_0.STM0659	35.5	515	286	10	5	512	8	483	4.10e-82	269
CA264_12585	iSbBS512_1146.SbBS512_E0599	33.7	585	329	13	5	581	8	541	2.04e-81	267
CA264_12585	iML1515.b0650	33.5	585	330	13	5	581	8	541	7.80e-81	265
CA264_12585	iSSON_1240.SSON_0604	33.3	585	331	13	5	581	8	541	2.98e-80	264
CA264_12595	iLJ478.TM0446	64.7	156	54	1	12	167	4	158	7.82e-64	193
CA264_12595	iYO844.BSU06420	60.2	161	61	2	9	167	2	161	5.69e-57	176
CA264_12600	iLJ478.TM0447	47.2	369	194	1	6	374	3	370	2.50e-116	342
CA264_12610	iAF987.Gmet_2530	24.5	469	286	12	35	443	30	490	1.92e-30	122
CA264_12615	iAF987.Gmet_2529	22.8	421	273	12	75	487	76	452	1.85e-14	75.5
CA264_12620	iJN1463.PP_3382	29.8	292	160	13	46	320	27	290	1.25e-23	100
CA264_12620	iJN1463.PP_3948	30.9	285	158	12	44	318	802	1057	9.62e-23	99.0
CA264_12655	iAF987.Gmet_1919	29.1	141	98	1	3	141	5	145	1.46e-14	71.2
CA264_12655	iAF987.Gmet_2999	33.3	144	92	2	3	142	10	153	9.75e-14	68.9
CA264_12660	iAF987.Gmet_2330	51.4	348	141	2	7	341	4	336	2.73e-127	368
CA264_12660	iYL1228.KPN_02492	49.0	347	148	2	8	341	4	334	2.57e-122	355
CA264_12660	iSbBS512_1146.SbBS512_E1204	48.4	347	150	2	8	341	4	334	7.85e-119	346
CA264_12665	iSynCJ816.SGL_RS14980	41.0	105	60	1	114	218	128	230	2.26e-18	80.5
CA264_12670	iAF987.Gmet_0885	30.7	205	141	1	11	214	6	210	6.45e-27	105
CA264_12680	iAF987.Gmet_0887	33.5	313	194	9	27	330	33	340	4.60e-31	126
CA264_12680	iYL1228.KPN_03843	30.6	310	194	8	35	332	29	329	4.50e-27	114
CA264_12695	iYS854.USA300HOU_RS07240	37.4	131	80	2	88	217	70	199	7.69e-19	81.3
CA264_12695	iSynCJ816.SGL_RS14980	36.3	124	75	2	97	218	109	230	5.40e-17	77.0
CA264_12705	iML1515.b2700	38.0	158	92	3	1	153	1	157	3.72e-23	89.4
CA264_12730	iCN900.CD630_06820	23.6	478	341	10	1	467	1	465	2.43e-30	123
CA264_12740	iAF987.Gmet_2349	37.8	582	347	8	24	603	2	570	1.64e-109	340
CA264_12740	iCHOv1.100682535	39.0	520	302	8	88	602	122	631	2.07e-98	326
CA264_12740	iMM1415.18670	39.4	520	300	8	88	602	119	628	1.97e-98	326
CA264_12740	iPC815.YPO1395	36.8	584	351	12	24	603	11	580	1.75e-100	317
CA264_12740	iCHOv1.100762480	36.1	543	331	8	69	602	122	657	8.15e-94	313
CA264_12740	iML1515.b0914	36.1	585	354	13	24	603	11	580	1.58e-97	309
CA264_12740	iSbBS512_1146.SbBS512_E2410	36.1	585	354	13	24	603	11	580	1.58e-97	309
CA264_12740	iSDY_1059.SDY_2344	36.1	585	354	13	24	603	11	580	1.58e-97	309
CA264_12740	iSF_1195.SF0910	36.1	585	354	13	24	603	11	580	1.58e-97	309
CA264_12740	iSSON_1240.SSON_0916	36.1	585	354	13	24	603	11	580	1.58e-97	309
CA264_12755	iNF517.LLMG_RS03890	27.7	173	118	3	38	208	50	217	2.23e-09	56.6
CA264_12755	STM_v1_0.STM3970	30.4	112	76	1	33	144	61	170	4.25e-09	55.8
CA264_12755	iML1515.b3833	27.3	132	94	1	33	164	61	190	5.74e-09	55.5
CA264_12755	iSbBS512_1146.SbBS512_E4305	27.3	132	94	1	33	164	61	190	5.74e-09	55.5
CA264_12755	iSDY_1059.SDY_3910	27.3	132	94	1	33	164	61	190	5.74e-09	55.5
CA264_12755	iSF_1195.SF3911	27.3	132	94	1	33	164	61	190	5.74e-09	55.5
CA264_12755	iSSON_1240.SSON_4008	27.3	132	94	1	33	164	61	190	5.74e-09	55.5
CA264_12755	iSynCJ816.SGL_RS03195	31.1	106	71	1	39	144	56	159	1.26e-08	54.3
CA264_12755	iJN1463.PP_5011	29.3	167	104	3	4	158	28	192	3.57e-08	53.1
CA264_12755	iYO844.BSU22750	31.4	105	69	2	40	144	52	153	5.39e-08	52.4
CA264_12755	iYL1228.KPN_04329	28.6	112	78	1	33	144	61	170	1.52e-07	51.2
CA264_12760	iCN900.CD630_06820	24.1	561	329	6	1	559	2	467	2.81e-39	150
CA264_12760	iAT_PLT_636.6528	33.2	280	170	5	26	300	40	307	1.19e-33	135
CA264_12800	iYS854.USA300HOU_RS07350	29.4	466	282	6	20	479	8	432	2.15e-55	191
CA264_12810	iAF692.Mbar_A2093	23.6	369	244	6	13	374	5	342	1.11e-10	62.0
CA264_12820	iAF987.Gmet_2351	33.3	90	57	1	96	182	113	202	2.96e-07	51.6
CA264_12845	iSynCJ816.SGL_RS14260	30.6	245	129	12	16	251	6	218	6.86e-13	69.7
CA264_12870	iYS854.USA300HOU_RS02920	37.2	196	121	1	3	196	12	207	5.67e-44	145
CA264_12870	iYO844.BSU00140	36.2	196	123	1	3	196	12	207	7.37e-44	145
CA264_12870	iNF517.LLMG_RS06755	34.4	209	126	4	1	200	1	207	4.21e-39	133
CA264_12910	iMM904.YGR037C	49.4	77	39	0	7	83	6	82	2.18e-20	77.0
CA264_12910	iCHOv1.100763456	48.1	81	42	0	2	82	3	83	3.83e-18	76.3
CA264_12930	iYS854.USA300HOU_RS08685	29.7	212	126	6	12	222	100	289	6.10e-16	76.6
CA264_12930	iYO844.BSU35620	30.8	182	111	5	22	203	310	476	1.12e-13	71.2
CA264_12940	iEK1008.Rv3777	30.9	349	199	8	1	331	4	328	4.58e-38	137
CA264_12950	iAM_Pf480.PF3D7_1136900	31.8	223	136	5	176	384	752	972	1.20e-18	88.2
CA264_12950	iAM_Pb448.PBANKA_091170	32.7	223	134	5	176	384	703	923	1.18e-17	85.1
CA264_12950	iAM_Pc455.PCYB_094280	32.3	226	131	6	176	384	731	951	1.17e-17	85.1
CA264_12950	iAM_Pv461.PVX_092460	31.4	226	133	6	176	384	886	1106	3.86e-17	83.6
CA264_12970	iEK1008.Rv2957	30.4	171	105	5	4	163	26	193	4.67e-08	52.0
CA264_12990	iYS854.USA300HOU_RS10275	31.8	157	107	0	11	167	2	158	1.12e-26	99.0
CA264_13010	iAF987.Gmet_1919	39.6	111	54	5	6	108	6	111	1.14e-09	57.4
CA264_13035	iJN1463.PP_3425	27.7	347	221	9	39	358	33	376	1.41e-23	100
CA264_13035	iJN1463.PP_1386	25.5	330	228	4	39	350	30	359	3.67e-23	99.0
CA264_13035	iML1515.b3265	29.9	318	192	8	73	359	66	383	6.09e-22	95.5
CA264_13035	iSbBS512_1146.SbBS512_E3648	29.6	318	193	8	73	359	66	383	1.54e-21	94.4
CA264_13035	STM_v1_0.STM3390	30.1	306	179	8	73	345	66	369	2.10e-21	94.0
CA264_13035	iPC815.YPO3132	27.0	315	193	8	73	353	68	379	1.45e-20	91.7
CA264_13035	iSDY_1059.SDY_0456	27.3	319	187	7	73	353	67	378	2.71e-20	90.9
CA264_13040	iJN1463.PP_3426	31.7	1052	647	13	1	999	1	1034	5.37e-162	505
CA264_13040	iSSON_1240.SSON_2550	29.4	1023	686	16	8	999	6	1023	4.16e-143	454
CA264_13045	iJN1463.PP_1384	22.7	415	291	9	30	435	65	458	5.98e-11	63.9
CA264_13075	iYS854.USA300HOU_RS06875	34.1	135	80	2	1	135	1	126	5.43e-22	85.1
CA264_13080	iCN900.CD630_12260	29.4	286	185	6	53	326	39	319	3.10e-31	120
CA264_13085	iCHOv1.100759926	62.5	509	181	3	13	519	39	539	6.48e-213	600
CA264_13085	iLJ478.TM0716	59.1	511	208	1	9	519	6	515	1.73e-209	590
CA264_13085	iAT_PLT_636.5096	59.7	531	184	4	11	519	37	559	1.07e-206	585
CA264_13085	iLB1027_lipid.PHATRDRAFT_45886	57.1	517	210	4	5	519	75	581	7.48e-200	568
CA264_13085	iEK1008.Rv3280	56.5	522	215	3	9	519	28	548	2.42e-195	555
CA264_13085	iYO844.BSU23920	57.5	504	207	2	16	519	11	507	3.35e-195	553
CA264_13095	iYO844.BSU33180	26.5	204	129	6	11	199	57	254	5.92e-15	72.8
CA264_13095	iPC815.YPO3385	28.1	199	135	6	9	201	26	222	2.53e-13	67.8
CA264_13100	STM_v1_0.STM0978	33.3	430	248	13	3	401	2	423	1.63e-56	191
CA264_13100	iPC815.YPO1390	32.6	432	252	13	1	401	1	424	1.67e-56	191
CA264_13100	iSDY_1059.SDY_2353	32.6	430	251	11	3	401	2	423	8.21e-56	189
CA264_13100	iML1515.b0908	32.6	430	251	11	3	401	2	423	1.23e-55	189
CA264_13100	iSbBS512_1146.SbBS512_E2420	32.6	430	251	11	3	401	2	423	1.23e-55	189
CA264_13100	iSF_1195.SF0903	32.6	430	251	11	3	401	2	423	1.23e-55	189
CA264_13100	iSSON_1240.SSON_0909	32.6	430	251	11	3	401	2	423	1.23e-55	189
CA264_13100	iYL1228.KPN_00936	31.6	430	255	10	3	401	2	423	4.74e-55	187
CA264_13105	iCN900.CD630_18330	37.4	329	195	4	5	325	16	341	1.50e-62	202
CA264_13105	iLB1027_lipid.PHATRDRAFT_20809	40.7	302	159	6	51	339	125	419	8.37e-61	200
CA264_13105	iIT341.HP0283	39.5	332	188	6	12	339	17	339	1.63e-58	192
CA264_13105	iCN718.ABAYE_RS02015	40.2	281	160	3	58	333	71	348	3.60e-58	191
CA264_13105	iJN1463.PP_5078	39.4	330	187	7	5	325	15	340	8.12e-58	191
CA264_13105	iAF987.Gmet_0978	42.5	275	150	4	53	322	68	339	1.00e-57	190
CA264_13105	iSynCJ816.SGL_RS09600	40.0	295	159	6	55	338	71	358	2.42e-55	184
CA264_13110	iYO844.BSU29750	39.4	231	133	3	19	249	115	338	1.48e-44	156
CA264_13110	iCN900.CD630_14530	39.7	224	128	3	24	247	28	244	3.63e-45	155
CA264_13110	iAF987.Gmet_0024	34.7	236	146	4	16	250	88	316	5.02e-39	141
CA264_13110	iLJ478.TM0343	32.9	246	158	4	16	261	88	326	4.41e-39	141
CA264_13115	iAT_PLT_636.5625	41.8	239	136	1	155	390	351	589	2.26e-49	175
CA264_13115	iCHOv1.100750856	41.4	239	137	1	155	390	350	588	4.28e-49	174
CA264_13115	iMM1415.19125	41.8	239	136	1	155	390	350	588	5.93e-49	174
CA264_13135	iSynCJ816.SGL_RS06280	33.8	133	83	2	92	224	4	131	3.40e-13	64.3
CA264_13140	iSynCJ816.SGL_RS06280	33.8	133	83	2	89	221	3	130	1.46e-16	73.2
CA264_13145	iSynCJ816.SGL_RS06280	37.1	132	80	2	82	213	3	131	3.15e-21	85.1
CA264_13155	iAF987.Gmet_2999	29.0	124	74	5	6	128	9	119	5.13e-04	38.5
CA264_13165	iJN1463.PP_2318	39.6	182	104	4	4	183	24	201	3.00e-39	132
CA264_13180	iIT341.HP1118	49.0	526	263	3	49	569	39	564	1.55e-172	500
CA264_13180	iSF_1195.SF3464	47.2	536	279	3	45	577	46	580	1.18e-164	481
CA264_13180	iML1515.b3447	47.0	536	280	3	45	577	46	580	4.73e-164	479
CA264_13180	iYL1228.KPN_03807	47.5	537	276	4	45	577	38	572	7.30e-164	478
CA264_13180	iSDY_1059.SDY_3595	46.8	536	281	3	45	577	47	581	3.92e-163	477
CA264_13180	STM_v1_0.STM3551	47.0	536	280	4	45	577	46	580	6.92e-161	471
CA264_13200	STM_v1_0.STM3040	49.3	503	229	9	10	505	22	505	1.98e-159	462
CA264_13200	iML1515.b4129	48.9	507	232	9	7	505	18	505	3.96e-159	461
CA264_13200	iYL1228.KPN_03318	51.1	468	209	6	40	505	56	505	7.95e-159	461
CA264_13200	iYL1228.KPN_00502	48.7	507	233	9	7	505	18	505	2.26e-158	459
CA264_13200	iSbBS512_1146.SbBS512_E3309	48.9	507	232	9	7	505	18	505	3.20e-158	459
CA264_13200	iSF_1195.SF2876	48.9	507	232	9	7	505	18	505	3.20e-158	459
CA264_13200	iSSON_1240.SSON_3043	48.9	507	232	9	7	505	18	505	3.20e-158	459
CA264_13200	iSDY_1059.SDY_3192	50.5	479	217	6	29	505	45	505	6.41e-158	458
CA264_13200	iPC815.YPO0888	50.0	468	214	6	40	505	56	505	1.24e-152	445
CA264_13200	iSynCJ816.SGL_RS06545	49.6	496	227	8	15	502	22	502	2.93e-152	444
CA264_13200	iAF987.Gmet_2360	48.2	514	231	7	2	505	3	491	6.29e-152	442
CA264_13200	iCN900.CD630_35520	48.4	494	234	5	10	502	24	497	8.40e-149	435
CA264_13200	iYS854.USA300HOU_RS02655	46.4	509	246	6	2	502	4	493	2.43e-147	431
CA264_13200	iLJ478.TM1705	46.7	514	250	7	3	512	2	495	2.45e-146	429
CA264_13200	iLB1027_lipid.PHATRDRAFT_32202	46.3	501	237	8	17	504	1	482	1.67e-142	418
CA264_13200	iAF692.Mbar_A1667	46.8	491	239	6	17	504	43	514	3.54e-141	416
CA264_13230	iAF987.Gmet_2558	34.9	261	160	7	4	260	2	256	4.06e-36	129
CA264_13275	iYO844.BSU29120	54.1	307	136	4	2	305	7	311	5.56e-110	321
CA264_13275	iAF692.Mbar_A1748	48.4	306	155	3	2	306	3	306	2.89e-101	299
CA264_13275	iSynCJ816.SGL_RS14885	52.4	294	137	3	2	294	15	306	2.03e-100	297
CA264_13310	iML1515.b2430	31.8	422	219	17	557	942	14	402	4.22e-51	186
CA264_13315	iYS854.USA300HOU_RS07460	45.9	377	196	5	1	373	1	373	1.30e-103	310
CA264_13320	iJN1463.PP_5155	51.9	405	194	1	227	630	5	409	3.06e-139	411
CA264_13320	iCN718.ABAYE_RS02190	52.2	406	193	1	226	630	5	410	1.79e-138	409
CA264_13320	iML1515.b2913	50.2	408	199	3	226	630	4	410	1.62e-136	404
CA264_13320	iSF_1195.SF2898	50.2	408	199	3	226	630	4	410	1.62e-136	404
CA264_13320	iSSON_1240.SSON_3065	50.2	408	199	3	226	630	4	410	1.62e-136	404
CA264_13320	iSbBS512_1146.SbBS512_E3333	50.2	408	199	3	226	630	4	410	9.13e-136	402
CA264_13320	iSDY_1059.SDY_3169	50.0	408	200	3	226	630	4	410	9.13e-136	402
CA264_13320	iYL1228.KPN_03348	50.0	408	200	3	226	630	4	410	1.03e-134	400
CA264_13320	STM_v1_0.STM3062	50.2	408	199	3	226	630	4	410	1.03e-134	400
CA264_13320	iPC815.YPO0914	49.3	410	203	3	226	630	4	413	1.82e-133	397
CA264_13320	iMM904.YER081W	47.9	438	201	7	218	630	34	469	2.89e-130	390
CA264_13320	iMM904.YIL074C	46.6	438	207	5	218	630	34	469	9.14e-129	387
CA264_13325	iEK1008.Rv0884c	27.2	353	246	6	7	355	22	367	8.78e-32	122
CA264_13325	iAF987.Gmet_3173	28.5	340	222	8	7	339	6	331	4.02e-28	112
CA264_13340	iYS854.USA300HOU_RS04660	42.9	105	58	2	10	113	4	107	5.98e-22	83.2
CA264_13360	iYO844.BSU02750	31.8	223	148	3	18	236	20	242	2.73e-36	130
CA264_13360	iYS854.USA300HOU_RS03900	31.0	213	140	3	3	208	1	213	6.64e-34	125
CA264_13360	iCN900.CD630_16140	32.9	222	146	1	2	220	23	244	4.80e-34	124
CA264_13375	iML1515.b4173	27.1	166	117	3	165	329	200	362	7.80e-08	53.1
CA264_13380	iAF692.Mbar_A0086	41.3	208	95	2	2	183	1	207	1.88e-50	162
CA264_13380	iMM904.YDR226W	40.6	197	90	2	2	171	7	203	4.33e-45	148
CA264_13385	iEK1008.Rv3624c	41.4	169	92	2	14	175	39	207	4.10e-36	124
CA264_13385	STM_v1_0.STM0170	43.3	164	90	2	19	179	11	174	4.66e-35	120
CA264_13385	iYL1228.KPN_00133	42.9	163	90	2	19	178	15	177	7.36e-35	120
CA264_13385	iPC815.YPO3408	40.7	167	96	2	17	180	9	175	2.63e-34	119
CA264_13385	iML1515.b0125	42.1	164	92	2	19	179	11	174	1.05e-33	117
CA264_13385	iNF517.LLMG_RS00090	41.4	157	90	2	17	172	15	170	1.20e-33	117
CA264_13385	iSbBS512_1146.SbBS512_E0118	42.1	164	92	2	19	179	11	174	1.05e-33	117
CA264_13385	iSDY_1059.SDY_0034	42.1	164	92	2	19	179	15	178	1.17e-33	117
CA264_13385	iSF_1195.SF0122	42.1	164	92	2	19	179	15	178	1.17e-33	117
CA264_13385	iSSON_1240.SSON_0133	42.1	164	92	2	19	179	15	178	1.17e-33	117
CA264_13385	iYS854.USA300HOU_RS02615	41.3	155	90	1	19	172	12	166	8.59e-33	115
CA264_13385	iCN718.ABAYE_RS19265	36.9	168	103	2	14	178	6	173	8.66e-32	112
CA264_13385	iCN900.CD630_26910	39.4	155	93	1	19	172	11	165	8.66e-32	112
CA264_13390	iAF987.Gmet_3239	47.9	700	327	13	10	703	11	678	5.61e-190	556
CA264_13390	iAF692.Mbar_A0186	46.1	714	321	12	1	702	1	662	3.81e-184	540
CA264_13390	iLB1027_lipid.PHATRDRAFT_15815	49.7	684	289	12	32	703	1	641	9.08e-181	531
CA264_13405	iCHOv1.100763471	54.2	310	140	1	3	312	49	356	7.91e-119	347
CA264_13405	iMM1415.67883	54.2	310	140	1	3	312	88	395	2.80e-118	347
CA264_13405	iAF987.Gmet_1431	54.4	305	136	2	5	308	2	304	9.39e-119	344
CA264_13405	iSynCJ816.SGL_RS09825	53.1	307	142	1	5	311	2	306	5.08e-115	334
CA264_13410	iAF987.Gmet_1430	61.7	444	162	3	1	438	1	442	7.27e-190	535
CA264_13415	iCHOv1.100761937	24.3	292	182	10	24	290	80	357	3.24e-17	80.5
CA264_13415	iML1515.b0349	24.8	282	195	9	14	285	11	285	5.73e-17	79.0
CA264_13415	iYL1228.KPN_02120	23.0	282	200	7	14	285	11	285	8.47e-15	72.8
CA264_13425	iAF987.Gmet_3245	41.7	458	259	6	11	467	7	457	9.50e-120	357
CA264_13425	iYO844.BSU28680	41.6	438	247	5	33	467	27	458	2.77e-113	341
CA264_13425	iIT341.HP0509	40.6	461	259	7	11	466	7	457	7.96e-110	332
CA264_13430	iML1515.b2175	37.7	130	73	4	54	182	61	183	4.80e-17	74.7
CA264_13445	iSDY_1059.SDY_3762	28.5	151	103	3	108	257	23	169	4.31e-06	50.1
CA264_13445	iML1515.b3966	27.8	151	104	3	108	257	23	169	1.70e-05	48.1
CA264_13445	iSSON_1240.SSON_4139	27.8	151	104	3	108	257	23	169	1.70e-05	48.1
CA264_13470	iYO844.BSU00730	54.5	299	132	4	3	299	5	301	2.16e-109	319
CA264_13470	iSynCJ816.SGL_RS06370	54.2	301	134	2	3	299	4	304	1.15e-102	302
CA264_13470	iYS854.USA300HOU_RS02630	52.4	296	137	4	6	299	9	302	4.98e-101	298
CA264_13470	iEK1008.Rv2334	50.0	298	148	1	3	299	4	301	7.52e-98	290
CA264_13470	iAF987.Gmet_1558	49.8	293	146	1	8	299	10	302	2.94e-97	288
CA264_13475	iCN718.ABAYE_RS11390	47.2	197	93	4	79	266	109	303	4.54e-48	161
CA264_13475	iJN1463.PP_0228	50.6	168	75	3	95	255	131	297	5.87e-46	156
CA264_13490	iYS854.USA300HOU_RS03755	28.4	225	148	5	6	223	3	221	8.43e-18	84.0
CA264_13490	iYO844.BSU26590	26.1	234	164	3	13	238	12	244	1.23e-17	83.6
CA264_13495	iYO844.BSU38830	47.8	485	250	3	4	487	3	485	3.40e-161	465
CA264_13545	iCN900.CD630_09000	29.7	229	152	4	1	223	1	226	1.93e-30	115
CA264_13545	iYO844.BSU33830	29.2	216	150	2	1	213	1	216	2.00e-29	112
CA264_13545	iYO844.BSU02750	32.1	193	127	4	22	212	26	216	3.34e-30	112
CA264_13545	iYO844.BSU33730	29.2	216	150	2	1	213	1	216	2.02e-28	110
CA264_13545	iYS854.USA300HOU_RS13270	27.4	226	160	3	1	223	1	225	1.39e-26	105
CA264_13570	iMM1415.15211	27.1	431	252	11	105	518	108	493	1.40e-39	153
CA264_13570	iCHOv1.100750552	26.2	431	256	10	105	518	108	493	2.09e-38	150
CA264_13570	iMM1415.15212	25.5	444	258	11	90	510	101	494	1.72e-34	138
CA264_13610	iJN1463.PP_4974	46.1	406	217	2	6	410	4	408	1.57e-111	333
CA264_13625	iML1515.b1448	30.8	156	84	3	22	163	14	159	6.06e-18	76.3
CA264_13630	iEK1008.Rv2641	31.3	128	81	2	1	124	1	125	4.81e-18	74.7
CA264_13670	iYS854.USA300HOU_RS11550	42.9	63	36	0	25	87	7	69	3.39e-10	55.8
CA264_13690	iYL1228.KPN_01999	29.7	128	78	4	20	143	92	211	2.42e-09	56.6
CA264_13690	iPC815.YPO2390	31.0	126	79	4	20	143	142	261	9.37e-08	52.0
CA264_13700	iJN1463.PP_4423	28.2	255	171	6	33	276	36	289	1.19e-23	98.6
CA264_13705	iAF692.Mbar_A3203	29.6	331	185	11	2	289	3	328	5.14e-26	104
CA264_13715	iCN718.ABAYE_RS07200	30.9	311	203	8	97	398	126	433	4.28e-37	139
CA264_13725	iSynCJ816.SGL_RS04775	30.3	119	74	4	12	123	12	128	6.48e-05	43.1
CA264_13725	iAF987.Gmet_0843	27.3	121	82	4	1	120	1	116	2.01e-04	41.6
CA264_13725	iLB1027_lipid.PHATRDRAFT_54974	25.7	109	74	2	23	124	161	269	4.97e-04	40.8
CA264_13735	iIT341.HP0400	33.2	286	171	5	1	285	1	267	5.37e-47	158
CA264_13735	iCN900.CD630_18180	30.6	291	181	7	1	287	1	274	4.78e-46	156
CA264_13735	iAF987.Gmet_0866	29.5	285	185	4	1	285	1	269	1.71e-43	149
CA264_13740	iYO844.BSU22890	47.9	219	112	1	2	220	3	219	2.24e-55	176
CA264_13740	iCN900.CD630_18160	44.5	220	116	1	1	220	1	214	1.03e-51	166
CA264_13740	iNF517.LLMG_RS03780	45.7	219	115	2	1	219	1	215	9.30e-51	164
CA264_13745	iAF692.Mbar_A3342	50.8	541	256	6	9	540	6	545	1.31e-184	529
CA264_13750	iAF987.Gmet_2999	28.5	137	74	6	6	138	9	125	7.55e-04	38.1
CA264_13755	iEK1008.Rv1077	50.8	327	150	4	1	326	1	317	1.03e-100	303
CA264_13755	iLB1027_lipid.PHATRDRAFT_42003	49.8	323	159	2	5	327	6	325	2.43e-97	295
CA264_13760	iCN718.ABAYE_RS04455	58.8	296	119	2	1	294	1	295	2.83e-119	343
CA264_13760	iYO844.BSU16100	57.7	291	122	1	1	291	1	290	4.33e-117	338
CA264_13760	iAF987.Gmet_2068	57.5	294	123	2	1	294	1	292	6.19e-116	335
CA264_13760	iAF987.Gmet_0730	60.2	289	114	1	1	289	1	288	5.22e-116	335
CA264_13760	iJN1463.PP_4185	61.0	287	111	1	1	287	1	286	1.65e-115	334
CA264_13760	iAF987.Gmet_2260	56.9	290	123	2	1	290	1	288	4.91e-114	330
CA264_13760	iYS854.USA300HOU_RS06270	56.1	294	128	1	1	294	1	293	5.81e-113	328
CA264_13760	STM_v1_0.STM0739	59.0	290	118	1	1	290	1	289	5.30e-113	327
CA264_13760	iPC815.YPO1116	58.1	291	121	1	1	291	1	290	1.56e-112	326
CA264_13760	iYL1228.KPN_00735	58.3	290	120	1	1	290	1	289	6.12e-112	325
CA264_13760	iSF_1195.SF0568	57.6	290	122	1	1	290	1	289	2.86e-110	320
CA264_13760	iML1515.b0729	57.6	290	122	1	1	290	1	289	4.05e-110	320
CA264_13760	iSbBS512_1146.SbBS512_E0648	57.6	290	122	1	1	290	1	289	4.05e-110	320
CA264_13760	iSSON_1240.SSON_0680	57.6	290	122	1	1	290	1	289	4.05e-110	320
CA264_13760	iLB1027_lipid.PHATRDRAFT_42015	56.4	289	124	2	3	289	7	295	1.84e-108	317
CA264_13760	iSDY_1059.SDY_0667	57.2	290	123	1	1	290	1	289	9.41e-109	317
CA264_13760	iCHOv1.100751457	55.8	294	124	3	3	291	50	342	1.44e-106	313
CA264_13760	iMM1415.56451	55.6	293	126	3	3	291	50	342	2.35e-105	310
CA264_13760	iAT_PLT_636.8802	55.0	291	127	2	5	291	52	342	3.33e-105	310
CA264_13770	iYS854.USA300HOU_RS11550	34.2	146	86	2	17	157	7	147	5.53e-23	88.2
CA264_13775	iLJ478.TM1089	32.2	485	283	16	12	477	15	472	3.05e-53	186
CA264_13795	iAF987.Gmet_1416	35.7	813	502	12	1	804	1	801	4.99e-153	466
CA264_13795	iSbBS512_1146.SbBS512_E1955	35.9	813	481	20	7	804	7	794	5.09e-139	430
CA264_13795	iSF_1195.SF1518	36.1	817	474	22	7	804	7	794	5.09e-139	430
CA264_13795	iSSON_1240.SSON_1445	35.9	813	481	20	7	804	7	794	5.09e-139	430
CA264_13795	STM_v1_0.STM1338	35.7	813	483	20	7	804	7	794	1.41e-138	429
CA264_13795	iSDY_1059.SDY_1808	35.8	813	482	20	7	804	7	794	2.15e-137	426
CA264_13815	iSynCJ816.SGL_RS15640	24.7	478	213	10	121	587	3	344	2.82e-32	130
CA264_13815	iCHOv1.100755461	24.7	515	234	12	95	587	66	448	3.57e-31	128
CA264_13815	iAT_PLT_636.5313	26.0	515	227	13	95	587	42	424	3.02e-31	128
CA264_13815	iCHOv1.100751347	36.2	221	124	6	372	585	154	364	1.58e-29	122
CA264_13815	iMM1415.18770	25.1	517	229	14	95	587	66	448	2.86e-29	122
CA264_13815	iYO844.BSU29180	23.7	476	221	10	130	598	2	342	2.72e-28	119
CA264_13815	iAT_PLT_636.5315	35.3	221	126	6	372	585	204	414	2.43e-28	119
CA264_13815	iMM1415.18746	35.7	221	125	6	372	585	232	442	2.86e-28	119
CA264_13815	iHN637.CLJU_RS01595	30.4	263	166	6	361	616	106	358	3.64e-28	119
CA264_13820	iAF692.Mbar_A2755	33.3	75	43	3	74	141	34	108	5.32e-05	42.4
CA264_13890	STM_v1_0.STM1731	46.5	273	128	4	1	272	1	256	1.49e-74	230
CA264_13895	iAF987.Gmet_3233	31.3	422	274	7	7	417	5	421	8.81e-63	208
CA264_13900	iAF987.Gmet_0069	30.0	140	82	3	2	127	3	140	3.60e-14	72.0
CA264_13905	iAF987.Gmet_0043	25.0	260	185	4	154	405	9	266	1.36e-11	65.9
CA264_13910	iAF987.Gmet_0069	34.2	73	48	0	66	138	51	123	6.71e-07	47.0
CA264_13910	iAF987.Gmet_2999	36.7	60	38	0	64	123	52	111	1.11e-05	43.5
CA264_13915	iAF987.Gmet_3085	32.3	167	112	1	21	187	89	254	7.18e-22	99.4
CA264_13920	iCHOv1.100750856	36.5	241	150	1	121	358	348	588	8.21e-40	148
CA264_13920	iMM1415.19125	36.5	241	150	1	121	358	348	588	8.21e-40	148
CA264_13920	iAT_PLT_636.5625	34.4	241	155	1	121	358	349	589	1.33e-37	142
CA264_13925	iSynCJ816.SGL_RS05545	42.8	549	271	10	29	575	21	528	1.04e-137	412
CA264_13925	iJN1463.PP_0104	42.2	529	265	10	28	553	24	514	2.06e-128	387
CA264_13925	iYO844.BSU14900	39.6	536	282	8	29	560	18	515	3.73e-126	384
CA264_13925	iMM904.Q0045	41.1	504	257	10	27	526	3	470	9.40e-125	378
CA264_13925	iSynCJ816.SGL_RS09075	38.3	551	301	8	31	578	21	535	5.63e-123	374
CA264_13925	iAT_PLT_636.4512	42.6	498	253	11	25	519	2	469	3.08e-123	373
CA264_13925	iEK1008.Rv3043c	40.3	544	270	11	28	560	30	529	2.67e-122	373
CA264_13945	iML1515.b3093	35.3	385	246	3	10	392	3	386	1.12e-72	234
CA264_13945	iSF_1195.SF3133	35.3	385	246	3	10	392	3	386	1.12e-72	234
CA264_13945	iSbBS512_1146.SbBS512_E3529	35.1	385	247	3	10	392	3	386	1.58e-72	234
CA264_13945	iYL1228.KPN_03521	35.3	385	246	3	10	392	3	386	2.28e-72	233
CA264_13945	iPC815.YPO0577	34.2	386	249	4	10	392	4	387	2.34e-72	233
CA264_13945	STM_v1_0.STM3134	32.6	386	253	3	9	388	1	385	2.14e-69	226
CA264_13945	iSDY_1059.SDY_3278	34.3	385	250	3	10	392	43	426	1.66e-67	222
CA264_13950	iML1515.b3092	51.0	467	219	5	23	484	4	465	1.57e-168	483
CA264_13950	iSF_1195.SF3132	51.0	467	219	5	23	484	4	465	1.57e-168	483
CA264_13950	iSSON_1240.SSON_3245	51.0	467	219	5	23	484	4	465	1.57e-168	483
CA264_13950	STM_v1_0.STM3137	50.5	467	225	6	22	484	3	467	4.46e-168	482
CA264_13950	iSbBS512_1146.SbBS512_E3528	50.7	467	220	5	23	484	4	465	6.33e-168	481
CA264_13950	iPC815.YPO0579	50.6	466	226	4	21	484	2	465	1.41e-166	478
CA264_13950	iYL1228.KPN_03520	50.2	466	222	5	24	484	1	461	2.07e-165	475
CA264_13950	iYO844.BSU12300	49.2	465	233	3	23	486	4	466	4.55e-161	464
CA264_13955	STM_v1_0.STM3135	54.7	393	171	3	3	388	1	393	1.98e-153	438
CA264_13955	iML1515.b4322	55.5	393	168	3	3	388	1	393	1.61e-152	436
CA264_13955	iSF_1195.SF4198	55.2	393	169	3	3	388	1	393	2.28e-152	436
CA264_13955	iSSON_1240.SSON_4477	55.0	393	170	3	3	388	1	393	9.22e-152	434
CA264_13955	iSbBS512_1146.SbBS512_E4792	54.5	393	172	3	3	388	1	393	8.63e-150	429
CA264_13955	iPC815.YPO1283	52.8	394	175	4	3	387	1	392	2.94e-146	420
CA264_13955	iYL1228.KPN_02604	50.8	392	186	3	3	387	1	392	9.32e-140	404
CA264_13970	iSSON_1240.SSON_2189	35.0	714	383	25	33	701	74	751	1.34e-111	355
CA264_13970	iSF_1195.SF2217	34.9	714	384	25	33	701	74	751	1.88e-111	354
CA264_13970	iSDY_1059.SDY_2156	34.9	714	384	25	33	701	74	751	7.25e-111	353
CA264_13970	iML1515.b2132	34.9	714	384	25	33	701	74	751	1.02e-110	352
CA264_13970	iLJ478.TM0076	32.9	774	391	19	24	701	3	744	2.73e-110	352
CA264_13970	iSbBS512_1146.SbBS512_E0841	34.7	714	385	25	33	701	74	751	7.68e-110	350
CA264_13970	iYL1228.KPN_02568	34.0	723	381	25	24	701	80	751	5.80e-109	348
CA264_13970	iJN1463.PP_1403	34.3	683	378	18	61	701	96	749	3.14e-107	343
CA264_13975	iYL1228.KPN_04156	22.9	249	179	7	37	281	4	243	6.35e-15	73.9
CA264_13975	iML1515.b3751	22.5	249	180	7	37	281	4	243	2.40e-13	69.3
CA264_13975	STM_v1_0.STM3884	22.1	249	181	7	37	281	4	243	4.38e-13	68.6
CA264_13980	iLJ478.TM0055	46.4	593	301	7	116	699	83	667	1.61e-183	538
CA264_13985	iYL1228.KPN_01091	37.8	238	145	1	10	247	6	240	2.12e-48	159
CA264_13985	iCN718.ABAYE_RS14915	37.4	238	146	2	10	247	6	240	3.35e-47	156
CA264_13985	iSDY_1059.SDY_2057	37.4	238	146	2	10	247	6	240	6.68e-47	155
CA264_13985	iML1515.b1093	37.0	238	147	2	10	247	6	240	7.45e-46	153
CA264_13985	iSbBS512_1146.SbBS512_E2231	37.0	238	147	2	10	247	6	240	7.45e-46	153
CA264_13985	iSF_1195.SF1097	37.0	238	147	2	10	247	6	240	7.45e-46	153
CA264_13985	iSSON_1240.SSON_1113	37.0	238	147	2	10	247	6	240	7.45e-46	153
CA264_13985	STM_v1_0.STM1195	36.6	238	148	2	10	247	6	240	1.48e-45	152
CA264_13985	iLJ478.TM1724	36.8	242	145	3	10	247	6	243	2.21e-45	152
CA264_13985	iPC815.YPO1599	35.7	238	150	1	10	247	6	240	5.88e-45	150
CA264_13985	STM_v1_0.STM4483	35.0	243	154	2	8	247	8	249	3.06e-44	149
CA264_13985	iSSON_1240.SSON_4451	35.4	243	153	2	8	247	8	249	2.40e-43	147
CA264_13985	iHN637.CLJU_RS17225	36.0	242	148	2	10	247	9	247	8.53e-43	145
CA264_13985	iML1515.b4266	35.0	243	154	2	8	247	8	249	9.49e-43	145
CA264_13990	iLJ478.TM0070	37.9	343	178	10	43	381	24	335	2.35e-73	232
CA264_13990	iLJ478.TM0061	38.5	353	173	11	43	382	369	690	3.02e-67	229
CA264_13995	iHN637.CLJU_RS08965	29.8	497	325	14	1	486	1	484	1.48e-60	206
CA264_13995	iCN900.CD630_30650	30.6	457	292	8	3	447	4	447	2.15e-57	198
CA264_13995	iLJ478.TM0116	32.4	398	257	8	2	397	3	390	3.75e-56	194
CA264_14000	iCN900.CD630_30640	53.6	435	202	0	9	443	2	436	9.41e-170	483
CA264_14000	iYL1228.KPN_03929	52.5	434	205	1	11	443	8	441	2.12e-163	467
CA264_14000	iHN637.CLJU_RS08960	50.5	434	215	0	10	443	3	436	2.62e-163	467
CA264_14000	iLJ478.TM1667	53.0	434	204	0	10	443	3	436	4.26e-163	466
CA264_14000	iSbBS512_1146.SbBS512_E3959	52.1	434	207	1	11	443	4	437	2.81e-160	459
CA264_14000	iSSON_1240.SSON_3820	52.1	434	207	1	11	443	4	437	2.81e-160	459
CA264_14000	iPC815.YPO4038	51.4	434	210	1	11	443	4	437	3.86e-160	459
CA264_14000	iML1515.b3565	52.1	434	207	1	11	443	4	437	8.02e-160	458
CA264_14000	STM_v1_0.STM3661	50.7	434	213	1	11	443	4	437	2.13e-157	452
CA264_14005	iML1515.b4031	56.7	476	177	7	2	451	6	478	2.00e-172	493
CA264_14005	iSSON_1240.SSON_4209	56.5	476	178	7	2	451	6	478	8.07e-172	491
CA264_14005	iSF_1195.SF4174	56.1	476	180	7	2	451	6	478	5.30e-170	487
CA264_14010	iLJ478.TM0067	32.8	332	215	8	5	335	2	326	7.61e-45	156
CA264_14015	iLJ478.TM0066	38.5	174	102	2	18	191	13	181	6.75e-35	122
CA264_14015	iHN637.CLJU_RS05705	35.5	186	114	3	7	191	5	185	5.31e-31	113
CA264_14050	iJN1463.PP_4210	32.0	122	75	3	288	407	536	651	1.40e-04	45.1
CA264_14055	iAF987.Gmet_1919	27.6	123	84	1	9	131	5	122	2.92e-08	55.1
CA264_14055	iAF987.Gmet_1914	26.6	124	86	1	8	131	3	121	8.45e-07	50.8
CA264_14060	iAF987.Gmet_0043	31.1	148	93	4	313	452	119	265	2.36e-07	52.8
CA264_14065	STM_v1_0.STM1427	54.1	362	165	1	12	373	22	382	7.51e-143	410
CA264_14065	iPC815.YPO2390	51.9	364	175	0	10	373	20	383	7.28e-141	405
CA264_14065	iSF_1195.SF1689	52.2	362	172	1	12	373	22	382	7.58e-138	397
CA264_14065	iML1515.b1661	51.9	362	173	1	12	373	22	382	3.06e-137	395
CA264_14065	iSSON_1240.SSON_1495	51.9	362	173	1	12	373	22	382	3.06e-137	395
CA264_14065	iSbBS512_1146.SbBS512_E1859	51.7	362	174	1	12	373	22	382	8.72e-137	394
CA264_14065	iSDY_1059.SDY_1887	51.7	362	174	1	12	373	22	382	8.72e-137	394
CA264_14065	iYL1228.KPN_01999	54.7	333	150	1	41	373	1	332	2.60e-131	379
CA264_14070	iYO844.BSU38630	71.8	525	137	2	21	545	34	547	5.01e-288	791
CA264_14085	iAF987.Gmet_2530	29.6	452	306	8	58	499	31	480	6.94e-53	192
CA264_14100	iJN1463.PP_4012	68.3	736	233	0	7	742	6	741	0.0	1006
CA264_14100	iAF987.Gmet_1359	68.5	730	230	0	7	736	5	734	0.0	1000
CA264_14100	iCN718.ABAYE_RS05415	63.9	739	265	2	3	740	4	741	0.0	936
CA264_14100	iEK1008.Rv0066c	61.4	740	285	1	1	739	1	740	0.0	917
CA264_14110	iSF_1195.SF0414	44.0	50	23	2	97	141	93	142	6.33e-04	38.9
CA264_14110	iML1515.b0469	44.0	50	23	2	97	141	93	142	8.57e-04	38.5
CA264_14110	iSbBS512_1146.SbBS512_E0401	44.0	50	23	2	97	141	93	142	8.57e-04	38.5
CA264_14110	iSDY_1059.SDY_0450	44.0	50	23	2	97	141	93	142	8.57e-04	38.5
CA264_14110	iSSON_1240.SSON_0456	44.0	50	23	2	97	141	93	142	8.57e-04	38.5
CA264_14135	iCN900.CD630_20200	51.3	876	402	8	1	866	1	861	1.66e-296	839
CA264_14140	iEK1008.Rv1288	25.1	239	151	7	41	256	192	425	1.14e-12	67.4
CA264_14140	iEK1008.Rv1886c	27.1	292	136	15	23	265	48	311	8.24e-12	64.3
CA264_14140	iEK1008.Rv3804c	27.6	286	142	13	23	265	51	314	9.52e-11	61.2
CA264_14140	iEK1008.Rv3803c	31.6	152	87	6	21	170	34	170	1.06e-10	60.8
CA264_14155	iNF517.LLMG_RS12210	37.3	295	169	9	72	363	5	286	2.50e-51	175
CA264_14170	iSynCJ816.SGL_RS08135	40.6	431	238	11	9	426	1	426	3.52e-96	296
CA264_14170	iEK1008.Rv1854c	38.0	421	236	9	18	422	16	427	4.92e-88	275
CA264_14185	iPC815.YPO2295	32.9	231	143	5	4	233	3	222	1.50e-30	112
CA264_14195	iEK1008.Rv1187	51.5	536	259	1	7	541	6	541	1.35e-197	562
CA264_14195	iCHOv1.100764994	47.6	529	276	1	13	540	195	723	1.73e-177	517
CA264_14195	iMM1415.212647	47.4	529	277	1	13	540	33	561	3.73e-179	516
CA264_14200	iAF987.Gmet_3355	47.4	114	60	0	13	126	5	118	1.54e-32	110
CA264_14205	iEK1008.Rv3146	55.4	139	62	0	21	159	10	148	3.63e-60	185
CA264_14205	iAF987.Gmet_3354	55.7	149	62	2	11	159	3	147	2.05e-56	175
CA264_14205	iCN718.ABAYE_RS15250	55.3	141	59	1	23	159	36	176	6.38e-55	173
CA264_14205	iAF987.Gmet_0153	52.1	140	67	0	25	164	13	152	3.38e-49	169
CA264_14210	iEK1008.Rv3147	40.7	123	73	0	31	153	92	214	1.29e-28	105
CA264_14215	iAF987.Gmet_3352	45.1	384	211	0	30	413	6	389	2.26e-124	365
CA264_14220	iCHOv1.100757242	46.1	154	79	2	10	160	73	225	3.16e-46	152
CA264_14220	iMM1415.72900	46.8	154	78	2	10	160	54	206	1.89e-46	152
CA264_14220	iAT_PLT_636.4729	45.5	154	80	2	10	160	55	207	1.10e-45	150
CA264_14225	iEK1008.Rv3150	49.4	431	192	7	5	426	11	424	1.24e-138	404
CA264_14225	iAT_PLT_636.4723	51.4	399	178	6	27	423	63	447	5.79e-131	385
CA264_14225	iMM1415.17995	51.0	404	182	6	22	423	58	447	1.64e-130	384
CA264_14225	iCHOv1.100757245	50.9	399	180	6	27	423	63	447	3.01e-128	379
CA264_14225	iLJ478.TM0228	46.2	416	204	5	18	430	125	523	3.46e-122	366
CA264_14230	iMM1415.227197	39.6	275	153	5	1	275	31	292	2.60e-58	199
CA264_14230	iCHOv1.100754223	39.3	275	154	5	1	275	31	292	5.00e-58	198
CA264_14230	iAT_PLT_636.4719	39.3	275	154	5	1	275	45	306	5.88e-58	198
CA264_14230	iAF987.Gmet_0159	39.6	298	165	8	1	296	1	285	1.60e-57	196
CA264_14235	iAF987.Gmet_0161	47.2	345	162	2	3	347	5	329	1.12e-103	307
CA264_14235	iAF987.Gmet_3348	45.6	340	156	2	13	341	20	341	2.54e-101	302
CA264_14240	iAF987.Gmet_3347	36.3	135	77	4	12	146	5	130	1.31e-19	79.0
CA264_14245	iAF987.Gmet_3346	41.7	163	91	2	6	166	6	166	4.29e-28	102
CA264_14255	iAF987.Gmet_3345	58.7	92	38	0	11	102	2	93	1.01e-27	97.1
CA264_14260	iAF987.Gmet_3344	48.1	659	307	8	19	645	7	662	9.76e-196	566
CA264_14265	iAF987.Gmet_3343	41.6	478	270	6	8	478	12	487	1.01e-124	373
CA264_14270	iAF987.Gmet_3342	42.6	462	256	8	5	459	18	477	2.49e-107	326
CA264_14275	iCN900.CD630_27390	51.6	585	272	7	3	580	9	589	2.29e-207	590
CA264_14275	iAF987.Gmet_1357	50.8	585	277	6	3	580	10	590	3.33e-204	582
CA264_14275	iYS854.USA300HOU_RS08675	49.2	589	286	9	3	582	4	588	7.48e-194	556
CA264_14275	iNF517.LLMG_RS11115	48.4	591	292	6	1	582	1	587	6.30e-188	541
CA264_14280	iMM904.YPL110C	44.4	63	34	1	77	139	874	935	3.30e-06	48.5
CA264_14280	iCHOv1.100772527	39.5	76	45	1	73	147	135	210	1.86e-05	45.8
CA264_14280	iEK1008.Rv2277c	30.1	113	69	2	96	202	44	152	1.33e-05	45.8
CA264_14280	iYS854.USA300HOU_RS05595	30.6	98	59	3	106	198	69	162	5.75e-05	43.9
CA264_14295	iYO844.BSU02750	35.8	212	132	4	17	225	19	229	5.37e-36	129
CA264_14295	iEK1008.Rv2936	34.4	218	139	4	1	215	6	222	4.04e-32	121
CA264_14295	iJN1463.PP_0953	34.2	225	139	8	3	221	4	225	6.06e-32	118
CA264_14320	iYO844.BSU00180	45.1	142	72	2	1	136	8	149	1.19e-33	115
CA264_14320	iCN900.CD630_00150	40.1	142	79	1	1	136	7	148	9.01e-34	115
CA264_14320	iAF987.Gmet_3524	42.4	144	73	2	1	136	16	157	1.44e-31	110
CA264_14320	iNF517.LLMG_RS09230	42.3	142	76	2	1	136	12	153	1.06e-30	107
CA264_14325	iYO844.BSU25020	71.0	207	50	5	1	202	1	202	5.28e-104	297
CA264_14340	iJN1463.PP_0561	26.4	405	236	12	244	635	166	521	1.01e-23	105
CA264_14340	iJN1463.PP_4235	27.3	385	224	14	250	627	161	496	2.16e-23	104
CA264_14340	iSDY_1059.SDY_4441	27.5	425	229	16	231	643	151	508	4.93e-23	103
CA264_14340	iML1515.b4136	27.5	425	229	17	231	643	151	508	1.15e-22	102
CA264_14340	iSSON_1240.SSON_4319	28.0	435	230	18	225	643	141	508	4.76e-22	100
CA264_14340	STM_v1_0.STM4323	27.2	408	219	15	246	643	171	510	8.45e-22	99.8
CA264_14340	iSbBS512_1146.SbBS512_E4665	27.7	408	218	16	246	643	168	508	8.38e-22	99.8
CA264_14340	iSF_1195.SF4290	27.7	408	218	16	246	643	168	508	8.38e-22	99.8
CA264_14340	iPC815.YPO0345	25.4	485	252	22	246	719	195	580	1.18e-20	96.3
CA264_14360	iML1515.b1400	39.9	148	88	1	4	151	3	149	6.78e-20	82.0
CA264_14360	iJN1463.PP_3285	27.6	145	104	1	7	151	6	149	1.13e-17	76.3
CA264_14365	iAF987.Gmet_2823	22.4	322	211	10	2	306	22	321	7.31e-12	65.1
CA264_14365	iJN1463.PP_0376	23.6	157	110	5	14	162	17	171	5.27e-10	59.7
CA264_14380	iCN900.CD630_28350	46.5	493	262	1	15	505	4	496	5.08e-149	435
CA264_14385	iSynCJ816.SGL_RS10890	34.0	297	183	8	5	297	14	301	1.16e-41	145
CA264_14385	iJN1463.PP_4799	35.4	254	146	5	51	294	60	305	9.34e-39	138
CA264_14415	iAF987.Gmet_2727	39.8	108	64	1	106	213	289	395	1.54e-20	88.6
CA264_14420	iAF987.Gmet_2727	37.4	99	62	0	120	218	295	393	4.64e-15	73.2
CA264_14420	iAF987.Gmet_1832	38.3	107	62	3	118	221	413	518	7.13e-13	67.0
CA264_14425	iAF987.Gmet_2476	53.0	279	129	2	1	279	1	277	6.64e-95	281
CA264_14425	iIT341.HP0950	54.0	265	122	0	15	279	17	281	9.52e-92	273
CA264_14425	STM_v1_0.STM2366	49.5	291	144	3	1	290	1	289	5.03e-90	270
CA264_14425	iSSON_1240.SSON_2374	49.5	291	144	3	1	290	1	289	1.43e-89	268
CA264_14425	iML1515.b2316	49.5	291	144	3	1	290	1	289	2.03e-89	268
CA264_14425	iSbBS512_1146.SbBS512_E2694	49.5	291	144	3	1	290	1	289	2.87e-89	268
CA264_14425	iSDY_1059.SDY_2515	49.5	291	144	3	1	290	1	289	2.87e-89	268
CA264_14425	iYL1228.KPN_02706	48.3	292	146	3	1	289	1	290	4.96e-88	265
CA264_14425	iSynCJ816.SGL_RS12910	49.3	280	138	1	3	278	6	285	3.75e-87	263
CA264_14425	iJN1463.PP_1996	48.4	279	144	0	17	295	19	297	6.02e-87	261
CA264_14425	iPC815.YPO2768	47.5	297	155	1	1	296	1	297	1.22e-85	258
CA264_14425	iHN637.CLJU_RS20740	49.4	271	134	1	6	276	17	284	2.29e-85	257
CA264_14430	iYL1228.KPN_02549	68.1	348	111	0	5	352	3	350	5.91e-184	512
CA264_14430	iML1515.b2097	67.8	348	112	0	5	352	3	350	1.38e-182	508
CA264_14430	iSbBS512_1146.SbBS512_E1141	67.8	348	112	0	5	352	3	350	1.38e-182	508
CA264_14430	iSDY_1059.SDY_2270	67.8	348	112	0	5	352	27	374	3.28e-182	508
CA264_14430	iSF_1195.SF2159	67.5	348	113	0	5	352	3	350	5.62e-182	507
CA264_14430	iSSON_1240.SSON_2145	67.5	348	113	0	5	352	27	374	1.33e-181	507
CA264_14430	STM_v1_0.STM2141	67.0	348	115	0	5	352	3	350	6.53e-181	504
CA264_14445	iCN900.CD630_00520	39.3	496	261	11	5	494	1	462	1.16e-107	328
CA264_14445	iAF987.Gmet_0057	37.2	506	276	11	5	494	3	482	8.05e-101	311
CA264_14445	STM_v1_0.STM0537	37.8	503	254	13	5	494	2	458	1.57e-100	309
CA264_14445	iSDY_1059.SDY_0278	38.6	505	247	16	5	494	2	458	1.75e-99	306
CA264_14445	iSSON_1240.SSON_0492	38.6	505	247	16	5	494	2	458	1.75e-99	306
CA264_14445	iYL1228.KPN_00482	36.9	498	265	11	5	494	2	458	3.48e-99	306
CA264_14445	iCN718.ABAYE_RS12525	37.2	503	262	12	7	494	6	469	6.99e-99	305
CA264_14445	iSbBS512_1146.SbBS512_E0448	38.4	505	248	16	5	494	2	458	1.94e-98	304
CA264_14445	iPC815.YPO3073	38.8	508	242	17	5	494	2	458	2.74e-98	303
CA264_14445	iYS854.USA300HOU_RS02790	36.5	491	278	12	5	492	2	461	4.48e-98	303
CA264_14445	iSF_1195.SF0457	38.4	505	248	16	5	494	2	458	1.08e-97	302
CA264_14445	iNF517.LLMG_RS10195	36.6	492	263	10	5	494	1	445	1.16e-96	299
CA264_14465	iML1515.b3590	33.8	210	127	7	530	733	2	205	2.91e-16	83.2
CA264_14480	iML1515.b3291	57.1	140	50	4	1	137	1	133	2.39e-41	134
CA264_14485	iCN900.CD630_10570	48.6	259	129	4	1	257	6	262	3.89e-70	216
CA264_14485	iCN900.CD630_08000	46.5	258	136	2	1	257	1	257	4.72e-70	216
CA264_14485	iAF987.Gmet_2071	45.1	257	140	1	5	260	4	260	2.68e-69	214
CA264_14485	iAF987.Gmet_1716	45.1	257	140	1	4	259	3	259	1.53e-68	212
CA264_14485	iAF987.Gmet_1572	43.1	248	139	2	13	259	12	258	4.52e-62	195
CA264_14485	iJN1463.PP_2217	45.0	258	132	4	4	257	3	254	6.02e-62	195
CA264_14495	iAF987.Gmet_1593	62.3	130	49	0	18	147	18	147	6.65e-51	159
CA264_14500	iSynCJ816.SGL_RS13560	30.5	272	167	9	1	260	1	262	1.30e-26	107
CA264_14500	iLJ478.TM0862	27.5	345	216	11	2	322	3	337	5.30e-25	103
CA264_14500	iAF692.Mbar_A2020	27.4	263	176	7	1	258	1	253	3.83e-23	98.6
CA264_14515	iAF987.Gmet_1854	25.7	369	260	7	42	407	35	392	4.52e-17	82.0
CA264_14530	iSynCJ816.SGL_RS07160	50.5	430	205	5	38	463	36	461	7.22e-134	395
CA264_14530	iAF987.Gmet_0075	48.1	428	220	2	38	464	40	466	2.81e-131	388
CA264_14530	iCN718.ABAYE_RS04050	46.2	465	242	5	6	465	8	469	3.61e-128	380
CA264_14530	iYS854.USA300HOU_RS10320	44.7	463	251	5	4	463	5	465	9.28e-127	377
CA264_14530	iJN1463.PP_0931	43.4	461	257	4	6	464	5	463	9.11e-121	361
CA264_14530	iNF517.LLMG_RS00935	44.7	461	248	6	4	460	3	460	6.37e-119	357
CA264_14535	iAF987.Gmet_2556	32.9	431	234	13	88	506	93	480	5.71e-50	178
CA264_14540	iAF987.Gmet_1637	57.2	750	315	5	5	750	4	751	8.83e-291	815
CA264_14555	iYS854.USA300HOU_RS04375	57.9	126	53	0	1	126	1	126	1.18e-52	161
CA264_14590	iSynCJ816.SGL_RS15530	55.0	222	100	0	2	223	3	224	2.88e-85	252
CA264_14590	iYO844.BSU06470	52.4	225	98	1	1	225	1	216	2.31e-75	227
CA264_14595	iYO844.BSU01580	41.4	471	263	3	19	489	18	475	1.57e-115	349
CA264_14600	iAF692.Mbar_A1202	29.9	288	164	8	88	353	42	313	9.88e-33	125
CA264_14610	iJN1463.PP_0612	24.3	358	237	13	1	334	1	348	4.74e-09	57.0
CA264_14615	iEK1008.Rv2581c	36.4	214	111	6	14	210	14	219	1.12e-37	130
CA264_14620	iAF987.Gmet_1264	30.5	233	134	7	1	223	12	226	2.60e-21	89.0
CA264_14620	iCN718.ABAYE_RS02880	36.4	143	74	3	6	142	46	177	9.24e-20	85.1
CA264_14620	iIT341.HP1071	36.8	136	77	3	6	139	10	138	2.51e-19	83.2
CA264_14620	iYO844.BSU02270	34.1	135	74	2	3	133	2	125	2.87e-19	81.6
CA264_14625	iSynCJ816.SGL_RS15525	47.4	78	41	0	3	80	5	82	4.42e-18	71.2
CA264_14640	iAF987.Gmet_2529	25.0	412	286	9	26	425	50	450	6.48e-27	112
CA264_14710	iAF692.Mbar_A3422	28.1	363	209	16	5	352	6	331	1.25e-22	98.6
CA264_14720	iAF987.Gmet_2683	50.5	303	147	3	1	303	1	300	1.71e-103	304
CA264_14740	iAF692.Mbar_A1783	32.9	420	264	8	1	408	1	414	2.41e-64	214
CA264_14740	iYO844.BSU15500	33.7	436	267	12	3	429	2	424	1.84e-58	197
CA264_14740	iYS854.USA300HOU_RS06035	31.9	429	274	10	5	426	3	420	1.26e-57	195
CA264_14745	iYS854.USA300HOU_RS07595	23.9	347	238	9	29	367	11	339	4.52e-12	67.4
CA264_14760	iNF517.LLMG_RS10940	35.7	207	123	5	15	217	11	211	2.97e-33	118
CA264_14760	iYS854.USA300HOU_RS11405	35.0	206	124	5	15	217	11	209	4.80e-31	112
CA264_14760	iYO844.BSU36890	35.9	184	114	3	35	217	29	209	2.65e-30	110
CA264_14760	iCN900.CD630_34790	35.3	187	117	3	32	217	26	209	2.06e-29	108
CA264_14760	iHN637.CLJU_RS01135	35.8	190	118	3	29	217	23	209	4.08e-29	107
CA264_14770	iAF987.Gmet_2349	42.6	486	277	1	126	611	88	571	3.46e-124	378
CA264_14770	iPC815.YPO1395	41.3	492	274	8	125	609	96	579	1.34e-109	340
CA264_14780	iYL1228.KPN_00236	69.2	185	57	0	6	190	6	190	4.65e-86	251
CA264_14780	iPC815.YPO3243	67.7	186	60	0	6	191	6	191	7.66e-85	248
CA264_14780	STM_v1_0.STM0310	67.7	186	60	0	6	191	6	191	2.12e-84	247
CA264_14780	iML1515.b0222	67.7	186	60	0	6	191	6	191	1.22e-83	245
CA264_14780	iSbBS512_1146.SbBS512_E0218	67.7	186	60	0	6	191	6	191	1.22e-83	245
CA264_14780	iSF_1195.SF0272	67.7	186	60	0	6	191	6	191	1.22e-83	245
CA264_14780	iSSON_1240.SSON_0264	67.7	186	60	0	6	191	6	191	1.22e-83	245
CA264_14780	iSDY_1059.SDY_0248	67.7	186	60	0	6	191	6	191	2.46e-83	244
CA264_14865	iCHOv1.100760626	36.2	472	273	9	3	452	9	474	4.09e-84	266
CA264_14870	iYS854.USA300HOU_RS06885	39.9	203	117	1	4	206	1	198	1.98e-40	136
CA264_14880	iMM904.YBR034C	31.1	106	70	3	141	244	60	164	1.89e-05	45.1
CA264_14880	iLB1027_lipid.PHATRDRAFT_9984	33.6	107	62	6	139	238	57	161	1.08e-04	42.4
CA264_14890	iHN637.CLJU_RS19265	49.6	250	122	2	1	250	1	246	5.24e-80	240
CA264_14890	iLJ478.TM0689	51.0	241	115	2	2	242	402	639	7.45e-72	231
CA264_14890	iCN900.CD630_31720	46.2	251	128	4	1	250	1	245	1.88e-72	221
CA264_14890	iEK1008.Rv1438	48.2	247	125	2	2	246	3	248	1.34e-70	217
CA264_14900	iCN900.CD630_31950	31.6	952	468	18	16	931	2	806	2.03e-148	459
CA264_14915	iSDY_1059.SDY_0522	26.6	403	286	5	16	417	17	410	1.77e-16	80.5
CA264_14915	iML1515.b0591	26.6	403	286	5	16	417	17	410	3.17e-16	79.7
CA264_14915	iSSON_1240.SSON_0542	26.6	403	286	5	16	417	17	410	3.17e-16	79.7
CA264_14915	iSbBS512_1146.SbBS512_E0493	26.6	403	286	5	16	417	17	410	1.02e-15	78.2
CA264_14915	iSF_1195.SF0505	26.1	403	282	6	16	417	17	404	7.60e-15	75.5
CA264_14915	iYL1228.KPN_00609	27.1	376	246	7	16	381	17	374	1.84e-14	74.3
CA264_14915	STM_v1_0.STM0593	25.4	401	289	5	16	415	17	408	4.40e-14	73.2
CA264_15025	iCHOv1.100755154	32.0	122	81	1	7	126	164	285	3.14e-16	72.8
CA264_15035	iYO844.BSU32820	49.2	585	294	2	11	594	10	592	4.97e-196	562
CA264_15045	iYO844.BSU32830	51.2	391	189	2	1	390	1	390	1.02e-132	385
CA264_15050	iYO844.BSU32840	49.7	801	390	7	1	800	1	789	2.81e-267	759
CA264_15060	iEK1008.Rv2187	34.2	565	360	7	27	585	39	597	4.75e-103	323
CA264_15065	iIS312.TCDM_00553	23.9	306	187	15	30	305	9	298	5.81e-08	53.5
CA264_15070	iHN637.CLJU_RS14130	40.0	50	30	0	5	54	63	112	1.94e-08	47.8
CA264_15075	iCHOv1.100758117	24.4	197	130	4	66	243	25	221	4.42e-05	43.9
CA264_15080	iML1515.b2428	54.2	240	110	0	13	252	18	257	2.84e-76	233
CA264_15080	iSbBS512_1146.SbBS512_E2800	54.2	240	110	0	13	252	18	257	2.84e-76	233
CA264_15080	iYS854.USA300HOU_RS01010	50.2	241	120	0	13	253	16	256	5.68e-76	233
CA264_15080	iSSON_1240.SSON_2517	53.8	240	111	0	13	252	18	257	1.14e-75	232
CA264_15080	iSDY_1059.SDY_2624	54.2	240	110	0	13	252	18	257	1.61e-75	231
CA264_15080	iCN900.CD630_30460	47.9	257	133	1	13	268	21	277	5.49e-75	230
CA264_15080	iSF_1195.SF2481	53.3	240	112	0	13	252	18	257	9.15e-75	229
CA264_15120	iHN637.CLJU_RS10635	27.3	161	107	5	5	163	3	155	5.90e-09	57.8
CA264_15120	iPC815.YPO0132	26.2	168	112	5	1	161	1	163	2.69e-08	55.8
CA264_15120	iML1515.b3409	26.4	178	119	5	1	171	1	173	8.21e-08	54.3
CA264_15120	iSbBS512_1146.SbBS512_E3790	26.4	178	119	5	1	171	1	173	1.08e-07	53.9
CA264_15120	iSDY_1059.SDY_3667	26.4	178	119	5	1	171	1	173	1.08e-07	53.9
CA264_15120	iSF_1195.SF3428	26.4	178	119	5	1	171	1	173	1.08e-07	53.9
CA264_15120	iAF987.Gmet_2444	32.8	125	76	4	6	128	24	142	2.36e-07	52.8
CA264_15120	STM_v1_0.STM3506	25.8	178	120	5	1	171	1	173	2.50e-07	52.8
CA264_15125	iAF987.Gmet_2444	31.3	131	61	5	11	127	24	139	3.07e-07	51.2
CA264_15125	iCN900.CD630_32740	27.6	152	105	4	11	162	4	150	4.06e-07	50.8
CA264_15125	iML1515.b4173	27.9	183	114	7	11	181	200	376	1.89e-06	48.5
CA264_15125	iPC815.YPO0132	24.1	170	121	4	7	171	2	168	5.58e-06	47.4
CA264_15130	iPC815.YPO3117	38.1	333	184	3	8	339	5	316	7.34e-84	256
CA264_15130	STM_v1_0.STM0489	38.9	332	181	3	8	338	5	315	8.52e-80	246
CA264_15130	iSSON_1240.SSON_0462	38.4	333	183	3	8	339	5	316	6.81e-79	243
CA264_15130	iSDY_1059.SDY_0444	38.1	333	184	3	8	339	5	316	2.72e-78	242
CA264_15130	iSbBS512_1146.SbBS512_E0408	38.1	333	184	3	8	339	5	316	3.85e-78	241
CA264_15130	iSF_1195.SF0420	38.1	333	184	3	8	339	5	316	3.85e-78	241
CA264_15130	iML1515.b0475	38.1	333	184	3	8	339	5	316	5.44e-78	241
CA264_15135	iAM_Pb448.PBANKA_071570	53.7	41	19	0	90	130	242	282	1.09e-04	41.6
CA264_15135	iAM_Pc455.PCYB_052680	51.2	41	20	0	90	130	243	283	2.65e-04	40.4
CA264_15135	iAM_Pf480.PF3D7_0413700	51.2	41	20	0	90	130	234	274	2.63e-04	40.4
CA264_15135	iAM_Pv461.PVX_089645	51.2	41	20	0	90	130	268	308	2.72e-04	40.4
CA264_15140	iCN900.CD630_12790	40.3	380	212	6	2	374	5	376	2.07e-90	277
CA264_15145	iAF692.Mbar_A2225	35.0	443	270	9	8	447	7	434	1.11e-74	241
CA264_15145	iAF692.Mbar_A0721	35.0	451	272	12	1	447	1	434	5.18e-74	239
CA264_15160	iAF987.Gmet_2399	44.9	256	131	4	18	268	8	258	1.66e-68	212
CA264_15160	iHN637.CLJU_RS20535	45.1	253	128	3	21	267	232	479	3.59e-64	207
CA264_15160	iCN900.CD630_34970	44.6	242	124	4	32	269	247	482	1.69e-61	201
CA264_15160	iLJ478.TM0913	43.9	255	126	5	18	267	8	250	3.38e-63	198
CA264_15165	iPC815.YPO0682	41.4	70	41	0	187	256	242	311	4.80e-08	53.1
CA264_15165	iML1515.b3006	38.6	70	43	0	187	256	133	202	1.29e-07	51.2
CA264_15165	STM_v1_0.STM3159	38.6	70	43	0	187	256	133	202	1.29e-07	51.2
CA264_15165	iSbBS512_1146.SbBS512_E3434	38.6	70	43	0	187	256	133	202	1.29e-07	51.2
CA264_15165	iSDY_1059.SDY_3067	38.6	70	43	0	187	256	133	202	1.29e-07	51.2
CA264_15165	iSF_1195.SF3051	38.6	70	43	0	187	256	133	202	1.29e-07	51.2
CA264_15165	iSSON_1240.SSON_3149	38.6	70	43	0	187	256	133	202	1.29e-07	51.2
CA264_15165	iJN1463.PP_5306	39.4	71	43	0	186	256	212	282	2.52e-07	50.8
CA264_15165	iYL1228.KPN_03426	35.4	79	51	0	187	265	128	206	3.02e-07	50.1
CA264_15180	iJN1463.PP_5308	28.7	87	58	2	183	265	146	232	2.56e-04	41.2
CA264_15195	iAF692.Mbar_A1778	24.6	256	174	3	45	300	63	299	6.85e-18	82.0
CA264_15195	iCN900.CD630_32680	24.9	289	186	5	13	299	17	276	9.82e-18	81.3
CA264_15205	iCN900.CD630_25960	45.1	306	148	4	31	336	16	301	1.48e-82	252
CA264_15205	iYS854.USA300HOU_RS06015	45.8	321	150	5	15	335	2	298	8.09e-80	245
CA264_15205	iNF517.LLMG_RS07670	46.4	306	142	6	31	336	13	296	3.72e-74	231
CA264_15225	iHN637.CLJU_RS06410	52.8	233	110	0	5	237	20	252	7.91e-89	263
CA264_15225	iAF987.Gmet_1254	54.7	234	106	0	10	243	9	242	1.28e-85	254
CA264_15225	iCN900.CD630_21360	51.9	233	112	0	5	237	9	241	4.84e-85	253
CA264_15225	iJN1463.PP_1595	50.6	235	116	0	9	243	11	245	7.54e-81	242
CA264_15225	iSynCJ816.SGL_RS16700	48.7	234	120	0	5	238	15	248	1.15e-79	239
CA264_15240	iAF987.Gmet_0941	32.5	292	177	7	2	286	3	281	9.14e-43	147
CA264_15240	iJN1463.PP_2012	33.6	295	174	8	2	286	25	307	8.90e-40	140
CA264_15240	iHN637.CLJU_RS05480	31.6	228	155	1	59	285	47	274	3.59e-38	135
CA264_15240	iCN718.ABAYE_RS06435	28.0	300	187	5	2	288	10	293	4.05e-37	133
CA264_15240	iSDY_1059.SDY_2788	32.4	250	160	5	39	286	46	288	3.22e-37	133
CA264_15250	iYO844.BSU29700	26.9	201	134	7	1	190	1	199	5.95e-09	53.9
CA264_15255	iCHOv1.100769391	25.6	258	166	5	17	249	69	325	1.88e-17	80.1
CA264_15255	iML1515.b0349	28.1	267	152	11	15	250	30	287	1.05e-16	77.4
CA264_15255	iEK1008.Rv3569c	25.6	262	169	6	11	248	28	287	7.29e-16	75.1
CA264_15255	iYL1228.KPN_02120	25.0	264	164	9	15	250	30	287	1.33e-15	74.3
CA264_15260	iAF987.Gmet_2496	44.9	187	100	2	1	184	1	187	2.08e-55	173
CA264_15260	iYO844.BSU00750	42.2	185	104	2	1	182	1	185	3.95e-54	170
CA264_15260	iPC815.YPO0169	48.1	189	91	3	1	182	1	189	1.45e-53	169
CA264_15260	iHN637.CLJU_RS07880	42.5	193	106	4	1	188	1	193	4.53e-52	165
CA264_15260	STM_v1_0.STM3469	46.5	185	96	2	1	182	1	185	2.96e-52	165
CA264_15260	iCN900.CD630_14450	44.1	188	102	2	1	185	1	188	5.19e-52	165
CA264_15260	iNF517.LLMG_RS05855	42.6	188	101	1	2	182	3	190	1.64e-50	161
CA264_15260	iYL1228.KPN_03746	46.5	185	96	2	1	182	1	185	2.74e-50	160
CA264_15260	iSbBS512_1146.SbBS512_E3736	44.9	187	100	2	1	184	1	187	2.74e-50	160
CA264_15260	iSDY_1059.SDY_3522	45.4	185	98	2	1	182	1	185	2.74e-50	160
CA264_15260	iSF_1195.SF3379	44.9	187	100	2	1	184	1	187	2.74e-50	160
CA264_15260	iLJ478.TM0141	40.5	190	108	3	3	187	48	237	1.52e-46	160
CA264_15260	iHN637.CLJU_RS17720	41.1	190	109	2	1	187	1	190	5.92e-50	160
CA264_15260	iML1515.b3360	45.4	185	98	2	1	182	1	185	3.88e-50	160
CA264_15260	iSSON_1240.SSON_3491	45.4	185	98	2	1	182	1	185	3.88e-50	160
CA264_15260	iSynCJ816.SGL_RS13880	42.7	192	100	4	1	182	1	192	2.90e-49	158
CA264_15275	iAF987.Gmet_1885	36.4	231	145	2	1	230	1	230	2.82e-43	145
CA264_15275	STM_v1_0.STM2578	39.9	228	133	3	4	229	6	231	3.14e-43	145
CA264_15275	iML1515.b2564	38.9	229	134	3	4	229	6	231	3.50e-42	143
CA264_15275	iSDY_1059.SDY_2805	38.9	229	134	3	4	229	6	231	3.50e-42	143
CA264_15275	iYL1228.KPN_02889	40.0	230	130	4	4	229	6	231	9.81e-42	142
CA264_15275	iPC815.YPO2930	37.4	227	140	2	4	229	6	231	1.38e-41	141
CA264_15275	iCN718.ABAYE_RS05235	34.2	228	148	2	4	230	5	231	3.68e-41	140
CA264_15275	iSbBS512_1146.SbBS512_E2929	38.0	229	136	3	4	229	6	231	5.47e-41	140
CA264_15275	iSF_1195.SF2626	38.0	229	136	3	4	229	6	231	5.47e-41	140
CA264_15275	iJN1463.PP_1436	35.7	230	140	3	4	229	9	234	8.35e-41	139
CA264_15275	iSSON_1240.SSON_2688	38.0	229	136	3	4	229	6	231	7.72e-41	139
CA264_15275	iSynCJ816.SGL_RS02965	34.2	231	150	2	1	230	1	230	8.95e-39	134
CA264_15285	iJN1463.PP_0823	64.7	337	119	0	6	342	2	338	1.49e-156	442
CA264_15285	iPC815.YPO2164	61.4	342	132	0	9	350	6	347	2.81e-155	439
CA264_15285	iSbBS512_1146.SbBS512_E2019	58.8	345	142	0	5	349	2	346	4.21e-152	431
CA264_15285	iSDY_1059.SDY_1509	58.8	345	142	0	5	349	2	346	4.21e-152	431
CA264_15285	STM_v1_0.STM1297	58.6	345	143	0	5	349	2	346	8.48e-152	430
CA264_15285	iML1515.b1764	58.6	345	143	0	5	349	2	346	1.71e-151	429
CA264_15285	iSF_1195.SF1459	58.6	345	143	0	5	349	2	346	1.71e-151	429
CA264_15285	iSSON_1240.SSON_1391	58.6	345	143	0	5	349	2	346	6.92e-151	428
CA264_15285	iYL1228.KPN_01207	58.3	345	144	0	5	349	2	346	9.82e-151	427
CA264_15290	iJN1463.PP_0553	27.3	264	158	9	3	253	123	365	1.09e-16	78.2
CA264_15345	iYS854.USA300HOU_RS13840	37.3	718	363	20	26	716	6	663	2.80e-126	390
CA264_15345	iAF692.Mbar_A1452	35.2	702	391	15	23	712	7	656	6.79e-124	384
CA264_15350	iHN637.CLJU_RS10630	44.1	68	37	1	13	79	2	69	3.45e-12	55.8
CA264_15350	iHN637.CLJU_RS06855	40.7	59	35	0	24	82	18	76	2.43e-10	51.2
CA264_15355	iHN637.CLJU_RS15830	37.9	372	206	12	461	815	11	374	3.07e-62	214
CA264_15355	iCN900.CD630_34630	36.9	369	216	10	458	815	8	370	3.47e-59	206
CA264_15355	iHN637.CLJU_RS05895	36.4	368	216	10	461	815	11	373	3.39e-58	203
CA264_15355	iHN637.CLJU_RS19890	35.6	371	216	11	460	815	10	372	9.88e-55	193
CA264_15400	iYO844.BSU15910	38.6	246	147	2	4	248	2	244	1.54e-48	160
CA264_15400	iYO844.BSU03930	36.4	247	154	2	4	248	5	250	1.03e-46	155
CA264_15400	iYS854.USA300HOU_RS06185	38.5	244	146	2	7	249	3	243	2.86e-45	151
CA264_15400	iLB1027_lipid.PHATRDRAFT_13073	39.8	246	141	4	7	248	7	249	5.17e-45	151
CA264_15400	iSynCJ816.SGL_RS07245	40.0	250	142	4	1	248	1	244	4.39e-45	151
CA264_15400	iCN718.ABAYE_RS11380	36.5	244	152	2	4	247	3	243	3.64e-43	146
CA264_15400	iCN900.CD630_25770	38.1	247	145	5	4	247	1	242	5.13e-43	145
CA264_15400	iHN637.CLJU_RS20765	36.1	249	155	2	1	248	1	246	5.56e-43	145
CA264_15405	iMM1415.17252	37.0	303	160	7	31	326	34	312	1.41e-42	149
CA264_15405	iCHOv1.100759877	34.8	302	168	5	31	326	34	312	4.35e-40	142
CA264_15405	iMM1415.77974	36.1	302	164	6	31	326	35	313	4.35e-40	142
CA264_15405	iCHOv1.100759583	36.4	302	163	6	31	326	35	313	8.96e-39	139
CA264_15415	iCN718.ABAYE_RS15140	54.0	272	115	4	20	288	20	284	2.29e-99	293
CA264_15430	iSSON_1240.SSON_0038	52.4	923	424	6	1	913	1	918	0.0	933
CA264_15430	iCN718.ABAYE_RS04530	51.7	921	433	4	1	913	1	917	0.0	933
CA264_15430	iSbBS512_1146.SbBS512_E0037	52.4	923	424	6	1	913	1	918	0.0	933
CA264_15430	iML1515.b0033	52.3	923	425	6	1	913	1	918	0.0	932
CA264_15430	iSF_1195.SF0030	52.4	923	424	6	1	913	1	918	0.0	932
CA264_15430	iLJ478.TM0557	50.5	946	435	5	1	923	1	936	0.0	932
CA264_15430	iSDY_1059.SDY_0055	52.4	923	424	6	1	913	1	918	0.0	931
CA264_15430	iYL1228.KPN_00041	52.4	923	424	6	1	913	1	918	0.0	930
CA264_15430	iSynCJ816.SGL_RS14530	51.8	927	432	7	1	913	1	926	0.0	930
CA264_15430	STM_v1_0.STM0067	52.1	923	427	6	1	913	1	918	0.0	929
CA264_15430	iPC815.YPO0482	52.4	923	424	6	1	913	1	918	0.0	927
CA264_15430	iJN1463.PP_4723	51.5	920	436	5	1	913	4	920	0.0	921
CA264_15430	iAF987.Gmet_1774	51.0	932	433	8	1	913	1	927	0.0	919
CA264_15430	iYS854.USA300HOU_RS06045	50.8	917	441	6	1	913	1	911	5.74e-319	906
CA264_15430	iHN637.CLJU_RS12420	49.4	951	456	9	1	936	1	941	9.66e-318	903
CA264_15430	iEK1008.Rv1384	49.1	949	445	8	1	913	1	947	6.72e-314	895
CA264_15430	iCN900.CD630_35880	50.8	925	448	5	1	921	1	922	2.86e-314	894
CA264_15430	iYO844.BSU15520	49.6	917	452	5	1	913	1	911	7.53e-310	883
CA264_15430	iCN900.CD630_35900	49.6	925	459	5	1	921	1	922	2.20e-308	879
CA264_15430	iNF517.LLMG_RS05530	50.2	923	438	8	1	913	1	911	7.75e-308	878
CA264_15430	iAF987.Gmet_0661	49.0	920	451	8	1	913	1	909	1.73e-304	869
CA264_15430	iHN637.CLJU_RS02155	49.6	917	455	4	1	913	1	914	2.71e-301	861
CA264_15430	iAF692.Mbar_A2374	49.2	933	455	9	1	924	1	923	4.23e-301	861
CA264_15430	iIT341.HP0919	48.1	942	451	11	1	913	1	933	8.12e-294	843
CA264_15465	iIS312.TCDM_09951	22.0	445	243	11	14	365	147	580	9.18e-14	73.2
CA264_15465	iMM904.YBL011W	27.9	197	131	4	106	299	238	426	6.90e-13	70.5
CA264_15495	iAF987.Gmet_0268	60.4	154	60	1	10	163	8	160	8.49e-66	197
CA264_15505	iYS854.USA300HOU_RS07240	26.4	174	124	2	75	248	30	199	7.19e-13	65.5
CA264_15550	iML1515.b4093	35.5	93	50	3	38	122	44	134	7.48e-06	42.7
CA264_15585	iAM_Pf480.PF3D7_0922900	26.9	253	167	3	1	236	46	297	1.02e-21	91.7
CA264_15585	iMM1415.15487	30.9	194	126	3	11	200	47	236	1.49e-21	91.3
CA264_15585	iCHOv1.100751291	31.5	184	116	4	11	188	53	232	3.13e-21	90.5
CA264_15585	iCN718.ABAYE_RS14915	28.5	246	159	3	1	236	1	239	5.31e-19	83.2
CA264_15595	iSynCJ816.SGL_RS04070	26.1	188	124	6	43	223	36	215	4.08e-06	47.0
CA264_15600	STM_v1_0.STM2415	32.3	303	177	9	8	298	2	288	1.96e-42	152
CA264_15600	iYL1228.KPN_02750	32.3	303	177	9	8	298	2	288	2.78e-42	151
CA264_15600	iML1515.b2400	32.0	303	178	9	8	298	2	288	3.81e-42	151
CA264_15600	iSbBS512_1146.SbBS512_E2779	32.0	303	178	9	8	298	2	288	3.81e-42	151
CA264_15600	iSDY_1059.SDY_2600	32.0	303	178	9	8	298	2	288	3.81e-42	151
CA264_15600	iSF_1195.SF2462	32.0	303	178	9	8	298	2	288	3.81e-42	151
CA264_15600	iSSON_1240.SSON_2491	32.0	303	178	9	8	298	2	288	3.81e-42	151
CA264_15600	iPC815.YPO2984	31.8	305	178	11	8	299	2	289	1.03e-40	147
CA264_15600	iHN637.CLJU_RS06575	32.2	289	175	7	8	284	3	282	5.87e-37	137
CA264_15600	iLJ478.TM1875	32.8	296	184	8	9	301	25	308	6.43e-37	137
CA264_15625	iCHOv1.100752960	29.2	154	102	2	81	232	102	250	4.44e-16	75.9
CA264_15625	iMM1415.235293	29.2	154	102	2	81	232	102	250	1.56e-15	74.3
CA264_15645	iMM1415.18242	59.1	406	161	3	8	413	39	439	7.02e-175	495
CA264_15645	iCHOv1.100771896	59.4	406	160	3	8	413	39	439	9.95e-175	494
CA264_15645	iLB1027_lipid.PHATRDRAFT_27726	57.9	409	164	5	8	410	37	443	1.57e-173	492
CA264_15645	iMM904.YLR438W	56.4	422	171	7	1	410	1	421	5.82e-158	451
CA264_15645	iAM_Pf480.PF3D7_0608800	52.2	408	191	3	6	413	7	410	2.36e-157	449
CA264_15645	iAM_Pv461.PVX_113600	52.7	408	189	3	6	413	7	410	2.36e-157	449
CA264_15700	iYO844.BSU04570	34.5	426	264	7	16	428	28	451	1.56e-70	229
CA264_15700	iSbBS512_1146.SbBS512_E0079	37.8	423	248	7	18	428	27	446	1.15e-68	224
CA264_15700	iSSON_1240.SSON_0094	37.8	423	248	7	18	428	27	446	1.15e-68	224
CA264_15700	iSF_1195.SF0083	37.8	423	248	7	18	428	27	446	2.26e-68	223
CA264_15700	iML1515.b0086	37.8	423	248	7	18	428	27	446	4.46e-68	223
CA264_15700	iPC815.YPO0551	34.9	430	262	8	13	428	27	452	7.27e-68	222
CA264_15700	iSDY_1059.SDY_0116	37.6	423	249	7	18	428	27	446	1.24e-67	221
CA264_15700	iAF987.Gmet_0408	34.3	434	257	8	18	428	28	456	5.70e-66	218
CA264_15700	STM_v1_0.STM0124	35.6	424	256	7	18	428	27	446	2.14e-64	213
CA264_15700	iYL1228.KPN_00090	35.9	423	256	7	18	428	27	446	4.51e-63	209
CA264_15700	iCN718.ABAYE_RS01960	34.0	429	267	7	14	428	36	462	1.23e-62	209
CA264_15705	iHN637.CLJU_RS02745	51.7	172	79	2	7	175	10	180	2.35e-58	180
CA264_15705	iHN637.CLJU_RS02630	51.4	173	80	2	7	176	10	181	2.76e-58	180
CA264_15705	iJN1463.PP_1782	51.8	170	80	2	8	175	8	177	3.18e-57	177
CA264_15705	STM_v1_0.STM2094	50.6	168	81	2	8	173	9	176	7.59e-56	174
CA264_15705	iYL1228.KPN_02488	52.7	150	70	1	8	156	8	157	1.57e-55	173
CA264_15705	iYL1228.KPN_02494	52.7	150	70	1	8	156	8	157	1.57e-55	173
CA264_15705	iSF_1195.SF2101	50.0	162	80	1	7	167	7	168	3.32e-54	169
CA264_15705	iSbBS512_1146.SbBS512_E1195	48.8	166	83	2	7	170	7	172	1.07e-53	168
CA264_15705	iSynCJ816.SGL_RS12335	48.5	163	81	3	8	168	8	169	1.29e-51	163
CA264_15715	iML1515.b4173	45.6	316	166	3	14	326	9	321	2.43e-82	258
CA264_15715	iJN1463.PP_4893	41.7	324	183	3	6	326	2	322	2.35e-74	237
CA264_15720	iSynCJ816.SGL_RS13795	26.8	168	104	6	4	161	3	161	8.35e-09	51.6
CA264_15725	iSF_1195.SF2545	42.2	690	377	10	15	691	7	687	1.04e-180	530
CA264_15725	iSbBS512_1146.SbBS512_E2875	42.3	690	376	11	15	691	7	687	1.46e-180	530
CA264_15725	iSDY_1059.SDY_2690	42.3	690	376	11	15	691	7	687	1.46e-180	530
CA264_15725	iML1515.b2501	42.3	690	376	11	15	691	7	687	2.07e-180	530
CA264_15725	iSSON_1240.SSON_2583	42.2	690	377	11	15	691	7	687	8.26e-180	528
CA264_15725	iYL1228.KPN_02826	41.8	692	375	10	15	691	7	685	4.38e-179	526
CA264_15725	STM_v1_0.STM2501	41.9	690	379	10	15	691	7	687	3.72e-178	524
CA264_15725	iPC815.YPO2836	40.6	688	389	9	15	691	7	685	1.03e-174	515
CA264_15770	iAF692.Mbar_A3422	24.1	373	244	13	4	354	6	361	4.99e-05	44.7
CA264_15770	iJN1463.PP_5197	21.6	399	277	13	1	368	3	396	8.77e-05	43.9
CA264_15770	iPC815.YPO2621	23.8	320	202	12	4	296	9	313	1.14e-04	43.5
CA264_15770	iLJ478.TM0869	37.5	72	31	2	4	61	19	90	5.38e-04	41.2
CA264_15775	iLB1027_lipid.PHATRDRAFT_26714	20.9	412	252	11	4	361	148	539	1.81e-11	65.1
CA264_15795	STM_v1_0.STM3957	30.7	254	147	10	30	263	41	285	4.79e-21	89.7
CA264_15795	iML1515.b3821	33.5	209	122	8	63	263	86	285	1.27e-20	88.6
CA264_15795	iSbBS512_1146.SbBS512_E4288	33.5	209	122	8	63	263	86	285	1.27e-20	88.6
CA264_15795	iSDY_1059.SDY_3922	33.5	209	122	8	63	263	86	285	1.27e-20	88.6
CA264_15795	iSF_1195.SF3899	33.5	209	122	8	63	263	86	285	1.27e-20	88.6
CA264_15795	iSSON_1240.SSON_3995	32.7	208	125	8	63	263	86	285	3.34e-20	87.4
CA264_15795	iCN718.ABAYE_RS08555	31.8	223	135	8	52	263	163	379	1.25e-19	87.0
CA264_15795	iYL1228.KPN_04316	30.0	207	132	6	63	263	83	282	2.21e-19	85.1
CA264_15825	iJN1463.PP_4405	23.5	149	112	2	152	298	13	161	1.98e-11	65.1
CA264_15830	iJN1463.PP_4405	34.1	138	86	4	284	418	25	160	5.95e-15	77.0
CA264_15855	iYL1228.KPN_00645	54.3	376	171	1	5	379	8	383	2.60e-139	401
CA264_15860	iYS854.USA300HOU_RS10950	37.7	223	124	8	35	247	33	250	1.63e-32	119
CA264_15870	iJN1463.PP_0763	55.4	551	238	4	1	548	1	546	2.42e-216	610
CA264_15870	iAF987.Gmet_0256	55.8	538	234	3	6	541	5	540	1.30e-210	595
CA264_15875	iYS854.USA300HOU_RS05915	29.0	338	208	9	70	383	60	389	3.93e-32	129
CA264_15880	iSbBS512_1146.SbBS512_E3332	33.5	191	115	6	5	189	63	247	2.12e-17	77.0
CA264_15880	iML1515.b2912	34.2	184	109	6	12	189	4	181	1.29e-17	76.3
CA264_15880	iSSON_1240.SSON_3064	34.2	184	109	6	12	189	4	181	1.29e-17	76.3
CA264_15880	iSF_1195.SF2897	33.7	184	110	6	12	189	4	181	1.35e-16	73.6
CA264_15880	iSDY_1059.SDY_3170	33.2	184	111	6	12	189	4	181	3.69e-16	72.4
CA264_15880	iCN900.CD630_34560	30.6	183	119	6	3	182	2	179	4.33e-15	69.7
CA264_15945	iCN900.CD630_17920	49.2	309	155	2	8	315	4	311	2.77e-102	302
CA264_15945	iYS854.USA300HOU_RS02905	47.7	306	158	2	8	312	4	308	6.03e-97	289
CA264_15955	STM_v1_0.STM3709	62.9	396	141	2	2	395	6	397	2.80e-179	504
CA264_15955	iML1515.b3617	62.9	396	141	2	2	395	6	397	5.64e-179	503
CA264_15955	iSDY_1059.SDY_4050	62.9	396	141	2	2	395	6	397	5.64e-179	503
CA264_15955	iSF_1195.SF3657	62.9	396	141	2	2	395	6	397	5.64e-179	503
CA264_15955	iSbBS512_1146.SbBS512_E4045	62.6	396	142	2	2	395	6	397	2.29e-178	501
CA264_15955	iSSON_1240.SSON_3787	62.6	396	142	2	2	395	6	397	4.60e-178	501
CA264_15955	iYL1228.KPN_03962	61.6	396	145	3	2	395	6	396	1.70e-175	494
CA264_15955	iPC815.YPO0059	62.2	389	145	1	9	395	14	402	1.71e-174	492
CA264_15955	iIS312.TCDM_09537	61.0	385	148	2	12	394	20	404	1.32e-164	467
CA264_15975	iAF987.Gmet_1888	36.7	245	147	2	16	260	12	248	6.64e-41	141
CA264_15980	iYL1228.KPN_03587	45.0	269	144	3	17	283	6	272	1.70e-71	221
CA264_15980	STM_v1_0.STM3295	44.2	269	146	3	17	283	6	272	1.37e-70	219
CA264_15980	iML1515.b3177	44.2	269	146	3	17	283	6	272	1.93e-70	218
CA264_15980	iSF_1195.SF3217	44.2	269	146	3	17	283	21	287	3.05e-70	218
CA264_15980	iSSON_1240.SSON_3325	44.2	269	146	3	17	283	21	287	3.05e-70	218
CA264_15980	iSbBS512_1146.SbBS512_E3593	43.9	269	147	3	17	283	6	272	3.87e-70	218
CA264_15980	iLJ478.TM0040	44.9	256	139	2	27	281	17	271	1.37e-69	216
CA264_15980	iSDY_1059.SDY_3358	43.9	269	147	3	17	283	21	287	3.45e-69	216
CA264_15980	iPC815.YPO3501	43.6	273	150	3	14	284	3	273	3.02e-68	213
CA264_15995	iSynCJ816.SGL_RS03075	39.7	151	84	4	3	153	15	158	2.74e-23	90.5
CA264_15995	iAF987.Gmet_0977	36.6	161	96	3	3	163	15	169	8.54e-23	89.0
CA264_15995	iLJ478.TM0348	37.2	145	81	4	1	145	1	135	1.35e-19	84.3
CA264_15995	iYL1228.KPN_00332	34.6	162	100	3	3	163	5	161	1.37e-20	83.2
CA264_15995	iPC815.YPO3215	34.3	169	101	5	3	166	5	168	1.80e-20	82.8
CA264_16000	iMM904.YMR272C	36.6	202	116	8	2	196	174	370	8.34e-24	96.7
CA264_16100	iAF987.Gmet_0538	32.8	67	40	2	50	116	60	121	2.19e-04	38.1
CA264_16105	iJN1463.PP_3282	50.9	281	134	3	9	286	10	289	1.33e-83	259
CA264_16105	iCN718.ABAYE_RS11940	47.5	280	145	2	9	286	11	290	4.95e-82	255
CA264_16105	iCN718.ABAYE_RS11660	44.5	283	155	2	5	285	4	286	2.58e-77	243
CA264_16105	iML1515.b1395	46.8	282	148	2	5	284	4	285	4.55e-77	241
CA264_16105	iYL1228.KPN_01476	46.5	286	151	2	1	284	1	286	9.77e-76	238
CA264_16110	iAF987.Gmet_1415	48.4	335	166	4	5	337	9	338	4.70e-97	290
CA264_16110	iHN637.CLJU_RS16970	43.7	318	175	2	22	337	22	337	9.13e-97	290
CA264_16110	iJN1463.PP_2469	45.3	340	169	5	5	337	8	337	3.48e-94	283
CA264_16110	iYS854.USA300HOU_RS05690	44.4	322	173	3	23	340	27	346	5.79e-88	268
CA264_16110	iCN718.ABAYE_RS15760	44.8	317	159	4	23	337	23	325	3.32e-86	262
CA264_16125	iAF987.Gmet_0069	27.9	122	81	2	5	119	6	127	2.32e-10	59.3
CA264_16135	iJN1463.PP_1384	23.0	382	265	9	78	443	95	463	4.32e-10	61.2
CA264_16140	iJN1463.PP_0044	25.7	323	218	5	58	363	82	399	1.74e-22	97.8
CA264_16140	iJN1463.PP_2409	26.5	294	197	5	84	363	99	387	5.35e-22	96.3
CA264_16145	iJN1463.PP_2410	24.3	1132	714	25	9	1100	8	1036	3.37e-66	243
CA264_16145	iJN1463.PP_0043	24.2	1135	711	27	9	1100	8	1036	2.08e-64	237
CA264_16145	iJN1463.PP_3426	24.1	1052	703	28	19	1045	16	997	1.68e-61	228
CA264_16145	iSDY_1059.SDY_2654	23.8	1062	703	27	11	1046	6	987	8.26e-61	226
CA264_16145	iAF987.Gmet_3509	24.4	1133	719	23	5	1107	4	1029	4.56e-60	224
CA264_16145	iML1515.b2470	23.6	1062	705	27	11	1046	6	987	1.10e-59	223
CA264_16145	iSSON_1240.SSON_2550	23.6	1062	705	27	11	1046	6	987	1.47e-59	222
CA264_16145	iSF_1195.SF2512	23.5	1062	706	27	11	1046	6	987	3.47e-59	221
CA264_16150	iHN637.CLJU_RS06285	36.5	74	45	1	9	80	2	75	1.11e-11	54.7
CA264_16150	iLB1027_lipid.PHATRDRAFT_31440	23.3	73	54	1	13	83	55	127	2.05e-09	50.1
CA264_16150	iJN1463.PP_1915	32.0	75	49	1	7	79	2	76	1.48e-09	49.3
CA264_16170	iML1515.b2175	42.7	117	65	1	90	206	70	184	1.75e-29	107
CA264_16190	iML1515.b0355	23.2	220	134	4	36	234	20	225	3.02e-05	45.1
CA264_16190	iSbBS512_1146.SbBS512_E0269	22.3	220	136	4	36	234	20	225	4.72e-05	44.3
CA264_16190	iSSON_1240.SSON_0334	22.7	220	135	4	36	234	20	225	7.17e-05	43.9
CA264_16215	iML1515.b2582	41.2	51	29	1	45	95	52	101	1.98e-05	42.0
CA264_16215	iSbBS512_1146.SbBS512_E2954	41.2	51	29	1	45	95	52	101	1.98e-05	42.0
CA264_16215	iSDY_1059.SDY_2825	41.2	51	29	1	45	95	52	101	1.98e-05	42.0
CA264_16215	iSF_1195.SF2644	41.2	51	29	1	45	95	52	101	1.98e-05	42.0
CA264_16215	iSSON_1240.SSON_2708	41.2	51	29	1	45	95	52	101	1.98e-05	42.0
CA264_16215	STM_v1_0.STM2649	37.3	51	31	1	45	95	52	101	1.34e-04	39.7
CA264_16215	iIT341.HP0824	31.9	69	39	2	49	117	22	82	1.14e-04	39.3
CA264_16215	iYL1228.KPN_02905	35.8	53	33	1	45	97	52	103	1.89e-04	39.3
CA264_16215	iMM904.YGR209C	35.2	54	33	1	44	97	18	69	2.10e-04	38.5
CA264_16220	iJN1463.PP_0860	25.5	447	249	9	7	427	1	389	8.94e-33	130
CA264_16220	iCN718.ABAYE_RS03975	25.0	420	251	12	8	412	3	373	2.55e-30	123
CA264_16225	iJN1463.PP_0160	24.9	756	478	29	85	809	132	828	1.88e-38	153
CA264_16225	STM_v1_0.STM0364	24.5	653	429	17	128	765	50	653	1.34e-37	150
CA264_16230	iLJ478.TM1245	35.3	85	44	3	70	149	38	116	8.18e-06	44.3
CA264_16230	iYO844.BSU39050	23.0	178	97	4	8	183	542	681	1.16e-04	41.6
CA264_16250	iYO844.BSU29710	30.7	176	109	3	113	276	126	300	1.39e-16	79.0
CA264_16255	iYS854.USA300HOU_RS07440	26.5	313	198	9	19	309	121	423	3.17e-18	84.3
CA264_16255	iMM904.YLL018C	26.5	317	190	12	27	311	247	552	9.06e-16	77.4
CA264_16265	iHN637.CLJU_RS06550	29.7	418	261	12	2	413	7	397	3.42e-49	171
CA264_16275	iAF987.Gmet_2369	39.0	59	34	1	197	255	190	246	5.60e-04	40.4
CA264_16280	iML1515.b4167	32.6	482	298	11	21	495	35	496	1.95e-59	204
CA264_16290	iIT341.HP0620	44.8	154	82	2	23	173	18	171	7.06e-38	128
CA264_16290	iAF692.Mbar_A1481	41.7	156	91	0	18	173	5	160	1.27e-36	124
CA264_16290	iSynCJ816.SGL_RS11485	46.4	140	72	1	19	158	14	150	2.86e-36	124
CA264_16290	iAF692.Mbar_A3712	38.5	156	96	0	18	173	5	160	3.67e-33	115
CA264_16300	iAF987.Gmet_3407	45.9	294	149	6	1	293	1	285	3.64e-80	244
CA264_16305	iAF987.Gmet_3408	61.2	526	174	7	3	522	2	503	1.25e-215	605
CA264_16305	iLJ478.TM1612	59.8	518	182	6	4	519	3	496	3.87e-212	597
CA264_16305	iSynCJ816.SGL_RS02675	60.7	522	176	6	1	519	1	496	2.40e-208	587
CA264_16305	iCN900.CD630_34700	62.8	481	155	4	4	484	3	459	9.46e-205	578
CA264_16305	iMM1415.11946	59.5	513	185	5	8	516	50	543	2.43e-203	576
CA264_16305	iHN637.CLJU_RS01180	60.6	490	169	4	4	493	3	468	5.08e-203	573
CA264_16305	iIT341.HP1134	57.0	526	201	5	1	525	1	502	9.86e-203	573
CA264_16305	iYO844.BSU36830	57.7	513	190	5	4	513	3	491	1.91e-202	572
CA264_16305	iCHOv1.100770431	59.3	516	184	6	8	516	50	546	1.02e-200	570
CA264_16305	iYS854.USA300HOU_RS11370	59.8	498	176	4	4	501	3	476	3.13e-201	569
CA264_16305	iMM904.YBL099W	57.0	526	199	5	5	524	41	545	1.85e-198	563
CA264_16305	iEK1008.Rv1308	57.4	516	197	5	7	518	9	505	3.47e-197	560
CA264_16305	iNF517.LLMG_RS09745	59.4	498	176	5	4	500	3	475	1.46e-196	557
CA264_16310	iSynCJ816.SGL_RS02680	30.8	169	116	1	5	172	9	177	1.62e-22	89.0
CA264_16310	iAF987.Gmet_3409	29.6	169	118	1	6	173	6	174	2.02e-22	88.6
CA264_16310	iCN900.CD630_34710	24.9	169	126	1	6	173	5	173	2.59e-19	80.5
CA264_16315	iYS854.USA300HOU_RS11380	29.7	148	103	1	14	161	24	170	5.00e-10	55.1
CA264_16315	iYO844.BSU36850	29.4	153	107	1	9	161	15	166	1.74e-08	50.8
CA264_16320	iSynCJ816.SGL_RS02695	33.8	77	40	1	9	85	12	77	9.02e-06	39.7
CA264_16320	iAF987.Gmet_3360	47.7	44	23	0	42	85	32	75	1.54e-05	39.3
CA264_16320	iYO844.BSU36860	36.0	75	37	1	7	81	3	66	1.61e-04	36.2
CA264_16325	iAF987.Gmet_3359	32.5	212	129	6	121	330	28	227	2.92e-23	95.9
CA264_16325	iIT341.HP0828	32.5	209	126	5	123	328	24	220	7.29e-23	94.7
CA264_16345	iAF987.Gmet_0354	29.8	752	406	17	44	714	46	756	4.08e-90	301
CA264_16345	iJN1463.PP_5084	27.9	773	457	17	28	727	11	756	2.99e-79	271
CA264_16370	iJN1463.PP_4215	33.3	177	102	4	150	326	138	298	4.19e-19	85.9
CA264_16380	iMM904.YOR278W	32.1	137	79	2	135	257	135	271	5.96e-10	58.2
CA264_16395	iLB1027_lipid.PHATRDRAFT_51454	48.1	162	72	5	53	210	4	157	1.63e-44	146
CA264_16420	iCHOv1.100754792	26.3	643	390	12	14	581	376	1009	2.69e-56	205
CA264_16430	iJN1463.PP_4838	29.0	176	106	6	158	324	78	243	5.10e-08	56.2
CA264_16455	iCHOv1.100757665	39.3	163	88	3	4	155	6	168	1.69e-29	105
CA264_16455	iMM1415.69215	35.3	187	87	3	4	156	6	192	6.25e-29	104
CA264_16455	iMM1415.20229	37.6	165	92	3	3	156	5	169	5.02e-29	104
CA264_16455	iCHOv1.100689427	37.0	165	93	3	3	156	5	169	4.00e-28	102
CA264_16490	iLJ478.TM0862	32.5	305	184	11	2	298	3	293	6.34e-35	130
CA264_16515	iAF987.Gmet_0043	27.0	363	233	11	334	686	15	355	1.78e-22	102
CA264_16520	iAF987.Gmet_1914	38.0	108	67	0	1	108	1	108	1.54e-16	81.3
CA264_16520	iAF987.Gmet_1919	33.3	120	80	0	1	120	2	121	3.42e-16	79.3
CA264_16520	iAF987.Gmet_3476	36.1	119	74	2	3	119	11	129	7.91e-16	79.0
CA264_16545	iJN1463.PP_1689	27.1	413	280	11	13	411	16	421	1.17e-38	143
CA264_16550	iSynCJ816.SGL_RS18325	25.3	312	216	8	1	298	15	323	2.07e-22	94.7
CA264_16555	iSynCJ816.SGL_RS08655	29.5	251	173	1	8	254	9	259	2.26e-35	127
CA264_16560	iSynCJ816.SGL_RS04070	27.1	225	147	8	22	239	12	226	3.13e-10	58.9
CA264_16600	iJN1463.PP_1380	24.0	262	182	8	5	260	6	256	2.22e-10	59.3
CA264_16625	iMM904.YER175C	23.2	168	105	7	12	156	14	180	3.69e-07	49.7
CA264_16635	iAF692.Mbar_A1776	27.6	239	122	8	83	299	112	321	5.01e-05	44.7
CA264_16670	iAF987.Gmet_2529	30.5	462	310	8	2	455	4	462	4.15e-54	192
CA264_16675	iAF987.Gmet_2530	28.7	487	284	7	4	433	7	487	1.96e-61	207
CA264_16685	iSynCJ816.SGL_RS14375	43.4	461	230	10	6	458	3	440	4.71e-111	334
CA264_16715	iML1515.b0957	40.4	89	51	1	551	637	220	308	5.35e-11	64.3
CA264_16715	iSbBS512_1146.SbBS512_E2359	40.4	89	51	1	551	637	220	308	5.35e-11	64.3
CA264_16715	iSDY_1059.SDY_0930	40.4	89	51	1	551	637	224	312	5.48e-11	64.3
CA264_16715	iSF_1195.SF0957	40.4	89	51	1	551	637	222	310	5.41e-11	64.3
CA264_16715	iSSON_1240.SSON_0961	40.4	89	51	1	551	637	220	308	5.35e-11	64.3
CA264_16715	iYL1228.KPN_00986	38.9	90	51	2	551	637	230	318	2.33e-09	59.3
CA264_16765	iYO844.BSU25500	34.7	372	238	4	1	368	1	371	2.75e-72	229
CA264_16765	iEK1008.Rv2388c	35.8	371	225	4	3	368	7	369	5.18e-68	218
CA264_16765	iCN900.CD630_24640	31.7	388	248	3	1	371	1	388	4.87e-66	214
CA264_16780	iCHOv1.100774930	32.4	309	180	6	11	317	85	366	4.60e-42	154
CA264_16780	iMM1415.17769	32.3	310	179	7	11	317	88	369	4.79e-42	154
CA264_16780	iAT_PLT_636.4524	32.4	309	180	6	11	317	96	377	6.24e-42	153
CA264_16780	iMM904.YGL125W	29.2	325	194	8	1	317	1	297	3.89e-40	147
CA264_16785	iJN1463.PP_2375	60.0	1233	481	5	3	1228	7	1234	0.0	1471
CA264_16785	iCN718.ABAYE_RS14075	59.4	1235	482	11	1	1226	1	1224	0.0	1451
CA264_16785	iYL1228.KPN_04399	60.2	1232	476	7	2	1228	3	1225	0.0	1442
CA264_16785	iML1515.b4019	60.0	1230	482	7	2	1228	3	1225	0.0	1438
CA264_16785	iSF_1195.SF4085	59.9	1230	483	7	2	1228	3	1225	0.0	1436
CA264_16785	iSSON_1240.SSON_4190	59.8	1230	484	7	2	1228	3	1225	0.0	1436
CA264_16785	iSDY_1059.SDY_4322	59.7	1229	485	7	2	1227	3	1224	0.0	1432
CA264_16785	iPC815.YPO3722	60.0	1229	481	8	3	1228	9	1229	0.0	1432
CA264_16785	iCHOv1.100763416	56.7	1248	510	14	7	1228	9	1251	0.0	1351
CA264_16785	iMM1415.238505	56.8	1248	508	14	7	1228	9	1251	0.0	1347
CA264_16800	iCHOv1.100752542	70.9	320	91	1	2	319	71	390	7.37e-167	469
CA264_16800	iMM1415.20135	70.6	320	92	1	2	319	71	390	2.99e-166	467
CA264_16800	iIS312.TCDM_08240	68.8	321	97	3	2	319	17	337	4.13e-163	457
CA264_16800	iMM904.YJL026W	67.3	324	100	3	2	319	76	399	1.45e-154	438
CA264_16800	iCHOv1.100768429	70.4	297	86	1	25	319	1	297	1.03e-151	427
CA264_16800	iAM_Pb448.PBANKA_103660	65.8	319	108	1	2	319	31	349	1.31e-150	426
CA264_16800	iAM_Pf480.PF3D7_1405600	65.2	319	110	1	2	319	31	349	2.63e-150	425
CA264_16800	iAM_Pc455.PCYB_135090	65.2	319	110	1	2	319	37	355	2.65e-149	423
CA264_16805	iMM1415.20133	67.0	797	255	4	1	794	1	792	0.0	1108
CA264_16805	iCHOv1.100761591	67.1	797	254	4	1	794	1	792	0.0	1107
CA264_16805	iLB1027_lipid.PHATRDRAFT_42726	67.1	761	248	2	1	760	3	762	0.0	1072
CA264_16805	iMM904.YER070W	65.7	775	259	4	1	770	1	773	0.0	1050
CA264_16805	iMM904.YIL066C	65.1	764	264	3	1	763	1	762	0.0	1042
CA264_16805	iAM_Pb448.PBANKA_061160	62.9	770	281	3	1	770	42	806	0.0	1021
CA264_16805	iAM_Pc455.PCYB_132180	62.3	770	285	3	1	770	31	795	0.0	1013
CA264_16805	iAM_Pv461.PVX_084685	62.3	770	285	3	1	770	42	806	0.0	1011
CA264_16805	iAM_Pf480.PF3D7_1437200	62.2	770	286	3	1	770	42	806	0.0	1007
CA264_16825	iML1515.b0957	34.5	116	68	3	70	184	197	305	1.42e-12	65.1
CA264_16825	iAF987.Gmet_1832	32.7	104	70	0	100	203	413	516	1.86e-12	65.1
CA264_16825	iSbBS512_1146.SbBS512_E2359	34.5	116	68	3	70	184	197	305	1.42e-12	65.1
CA264_16825	iSDY_1059.SDY_0930	34.5	116	68	3	70	184	201	309	1.44e-12	65.1
CA264_16825	iSSON_1240.SSON_0961	34.5	116	68	3	70	184	197	305	1.42e-12	65.1
CA264_16825	iSF_1195.SF0957	37.0	92	56	2	94	184	217	307	3.60e-12	63.9
CA264_16825	iAF987.Gmet_2727	39.3	107	63	2	98	204	291	395	1.55e-10	59.3
CA264_16830	iSDY_1059.SDY_1943	22.4	397	281	8	5	385	4	389	5.54e-17	82.8
CA264_16830	iYL1228.KPN_01017	21.4	388	296	4	5	385	4	389	7.39e-17	82.4
CA264_16830	iML1515.b1301	22.2	397	282	8	5	385	4	389	9.86e-17	82.0
CA264_16830	iSSON_1240.SSON_1839	22.2	397	282	8	5	385	4	389	9.86e-17	82.0
CA264_16830	iSF_1195.SF1306	22.2	397	282	8	5	385	4	389	4.17e-16	80.1
CA264_16830	iSbBS512_1146.SbBS512_E1537	21.9	397	283	8	5	385	4	389	7.41e-16	79.3
CA264_16830	iCN900.CD630_28680	21.4	393	283	10	18	394	20	402	8.74e-16	79.0
CA264_16830	iJN1463.PP_4548	30.7	225	141	6	19	233	26	245	2.41e-14	74.7
CA264_16840	iAF987.Gmet_1832	34.6	107	70	0	100	206	412	518	1.07e-14	71.6
CA264_16840	iAF987.Gmet_2727	38.1	105	63	2	101	205	293	395	2.61e-13	67.4
CA264_16885	iSbBS512_1146.SbBS512_E3793	30.8	104	67	2	3	106	15	113	3.94e-07	49.3
CA264_16885	iSSON_1240.SSON_3545	30.8	104	67	2	3	106	15	113	3.94e-07	49.3
CA264_16885	iML1515.b3412	29.8	104	68	1	3	106	15	113	5.32e-07	48.9
CA264_16885	iSF_1195.SF3435	29.8	104	68	1	3	106	15	113	5.48e-07	48.9
CA264_16885	iCHOv1.100757328	31.3	80	53	1	25	102	281	360	1.18e-06	48.5
CA264_16885	iSDY_1059.SDY_3663	27.9	104	70	1	3	106	15	113	3.20e-06	46.6
CA264_16925	iCHOv1.100769585	29.0	145	87	3	39	167	49	193	5.20e-10	58.2
CA264_16925	iMM1415.14711	28.1	146	87	4	39	167	49	193	5.20e-10	58.2
CA264_16940	iAF987.Gmet_1988	46.3	272	142	2	11	282	4	271	1.05e-76	234
CA264_16940	iHN637.CLJU_RS12010	41.0	273	157	2	11	283	6	274	6.44e-70	217
CA264_16940	iJN1463.PP_0787	42.4	269	149	4	15	283	17	279	2.48e-68	213
CA264_16950	iHN637.CLJU_RS19260	52.2	506	239	3	3	506	4	508	1.70e-178	511
CA264_16950	iCN900.CD630_31710	50.9	511	244	5	1	507	2	509	6.15e-176	504
CA264_16950	iYO844.BSU33910	51.5	509	239	5	3	506	4	509	9.01e-176	504
CA264_16950	iAF692.Mbar_A1223	50.4	508	247	5	3	506	9	515	1.64e-167	483
CA264_16950	iAF987.Gmet_3203	50.0	512	247	7	1	506	1	509	1.12e-166	481
CA264_16950	iYS854.USA300HOU_RS04200	47.7	509	256	6	3	508	4	505	4.31e-162	469
CA264_16980	iAM_Pc455.PCYB_125790	31.1	103	69	1	1	103	1	101	5.43e-20	77.4
CA264_16980	iAM_Pf480.PF3D7_1457200	29.2	106	73	1	1	106	1	104	2.19e-19	75.9
CA264_16980	iAM_Pv461.PVX_117605	31.1	106	71	1	1	106	1	104	2.19e-19	75.9
CA264_16980	iAM_Pb448.PBANKA_132090	31.9	94	62	1	10	103	10	101	2.50e-18	73.2
CA264_17000	iYS854.USA300HOU_RS13915	33.1	486	313	5	5	483	6	486	1.33e-76	248
CA264_17010	iAM_Pc455.PCYB_113330	33.8	207	124	6	507	704	329	531	1.06e-24	111
CA264_17035	iLJ478.TM1080	48.6	140	72	0	3	142	1	140	2.89e-45	144
CA264_17045	iAF987.Gmet_1605	54.0	420	177	1	4	423	8	411	5.20e-157	449
CA264_17045	iSynCJ816.SGL_RS04690	56.8	407	160	2	4	409	13	404	1.82e-155	446
CA264_17045	iLJ478.TM0720	52.2	427	183	4	2	422	7	418	4.20e-154	442
CA264_17045	iYS854.USA300HOU_RS11410	53.3	422	180	2	2	422	6	411	3.56e-154	442
CA264_17045	iML1515.b2551	53.6	420	181	2	4	423	12	417	1.20e-153	441
CA264_17045	iYL1228.KPN_02876	53.3	420	182	2	4	423	12	417	1.20e-153	441
CA264_17045	iSbBS512_1146.SbBS512_E2916	53.6	420	181	2	4	423	12	417	1.20e-153	441
CA264_17045	iSF_1195.SF2598	53.6	420	181	2	4	423	12	417	1.20e-153	441
CA264_17045	iYO844.BSU36900	53.6	420	179	2	3	422	7	410	2.26e-153	440
CA264_17045	iSDY_1059.SDY_2741	53.3	420	182	2	4	423	12	417	4.86e-153	439
CA264_17045	iSSON_1240.SSON_2634	53.3	420	182	2	4	423	12	417	4.86e-153	439
CA264_17045	STM_v1_0.STM2555	52.9	420	184	2	4	423	12	417	6.90e-153	439
CA264_17045	iHN637.CLJU_RS05640	51.3	419	186	2	4	422	10	410	9.47e-150	431
CA264_17045	iCN900.CD630_27260	53.2	419	176	3	4	422	9	407	2.70e-149	429
CA264_17045	iJN1463.PP_0322	52.5	419	185	1	4	422	12	416	4.87e-148	426
CA264_17045	iJN1463.PP_0671	52.3	419	185	2	4	422	12	415	1.39e-147	425
CA264_17045	iAF692.Mbar_A2316	49.4	419	197	1	4	422	8	411	2.35e-147	424
CA264_17045	iPC815.YPO2907	52.4	420	186	2	4	423	12	417	7.93e-147	423
CA264_17045	iCN718.ABAYE_RS06300	51.0	420	192	1	4	423	11	416	4.53e-146	421
CA264_17045	iNF517.LLMG_RS02930	51.3	419	188	2	4	421	12	415	2.42e-145	419
CA264_17045	iIT341.HP0183	48.5	421	201	2	2	422	7	411	1.00e-139	405
CA264_17055	STM_v1_0.STM0088	45.9	74	37	1	1	74	1	71	5.30e-10	57.8
CA264_17055	iJN1463.PP_0399	40.5	74	41	1	1	74	1	71	4.60e-09	55.1
CA264_17055	iML1515.b0049	43.2	74	39	1	1	74	1	71	3.67e-08	52.4
CA264_17055	iSbBS512_1146.SbBS512_E0043	43.2	74	39	1	1	74	1	71	3.67e-08	52.4
CA264_17055	iSDY_1059.SDY_0074	43.2	74	39	1	1	74	1	71	3.71e-08	52.4
CA264_17055	iSF_1195.SF0046	43.2	74	39	1	1	74	1	71	3.67e-08	52.4
CA264_17055	iSSON_1240.SSON_0057	43.2	74	39	1	1	74	1	71	3.67e-08	52.4
CA264_17070	iML1515.b3003	52.5	276	129	2	11	284	16	291	4.81e-93	276
CA264_17075	iSynCJ816.SGL_RS08415	51.4	70	33	1	2	71	22	90	9.10e-19	73.2
CA264_17075	iCHOv1.100767749	43.2	81	43	2	2	80	42	121	8.94e-16	66.2
CA264_17075	iMM1415.13180	43.2	81	43	2	2	80	25	104	5.94e-16	66.2
CA264_17080	iCN900.CD630_34260	19.8	227	166	7	9	223	4	226	2.61e-04	40.8
CA264_17080	iYS854.USA300HOU_RS12965	21.7	240	170	8	1	226	1	236	7.56e-04	39.7
CA264_17090	iAF987.Gmet_0697	41.3	240	139	1	15	254	14	251	1.92e-57	184
CA264_17090	iML1515.b2533	40.9	237	139	1	15	250	13	249	2.11e-55	179
CA264_17090	STM_v1_0.STM2546	40.9	237	139	1	15	250	13	249	2.11e-55	179
CA264_17090	iSbBS512_1146.SbBS512_E2908	40.9	237	139	1	15	250	13	249	2.11e-55	179
CA264_17090	iSDY_1059.SDY_2729	40.9	237	139	1	15	250	13	249	2.11e-55	179
CA264_17090	iSF_1195.SF2580	40.9	237	139	1	15	250	13	249	2.11e-55	179
CA264_17090	iSSON_1240.SSON_2615	40.5	237	140	1	15	250	13	249	3.34e-54	176
CA264_17090	iYL1228.KPN_02865	39.3	247	149	1	15	260	13	259	5.28e-53	172
CA264_17090	iPC815.YPO2899	37.0	246	154	1	15	259	13	258	2.34e-51	168
CA264_17090	iJN1463.PP_0838	38.9	239	140	2	15	247	13	251	3.80e-51	168
CA264_17090	iSynCJ816.SGL_RS10525	43.7	222	122	3	40	259	50	270	5.74e-51	168
CA264_17105	iML1515.b2924	27.7	253	178	2	28	280	30	277	1.10e-26	105
CA264_17130	iAF987.Gmet_0043	23.6	258	185	5	715	962	8	263	1.90e-10	64.3
CA264_17135	iJN1463.PP_1382	31.4	159	99	4	1	158	1	150	1.46e-15	69.7
CA264_17145	iCHOv1.100773218	65.9	460	153	3	4	461	48	505	1.32e-207	583
CA264_17145	iMM1415.14194	66.1	460	152	3	4	461	48	505	2.66e-207	582
CA264_17145	STM_v1_0.STM1469	62.9	461	170	1	3	463	4	463	7.44e-207	579
CA264_17145	iSSON_1240.SSON_1549	63.0	462	170	1	3	464	4	464	7.44e-207	579
CA264_17145	iAT_PLT_636.2271	65.4	460	155	3	4	461	51	508	6.86e-206	578
CA264_17145	iML1515.b1611	62.8	462	171	1	3	464	4	464	2.13e-206	578
CA264_17145	iSbBS512_1146.SbBS512_E1796	62.8	462	171	1	3	464	4	464	2.13e-206	578
CA264_17145	iSDY_1059.SDY_1827	62.6	462	172	1	3	464	4	464	3.02e-206	578
CA264_17145	iYO844.BSU33040	63.0	460	168	1	1	460	1	458	1.45e-205	576
CA264_17145	iSF_1195.SF1634	62.6	462	172	1	3	464	4	464	2.46e-205	575
CA264_17145	iYL1228.KPN_01517	62.8	460	170	1	4	463	5	463	3.67e-202	567
CA264_17145	iCN718.ABAYE_RS08160	63.0	465	171	1	1	465	1	464	1.96e-201	565
CA264_17145	iIT341.HP1325	60.5	461	181	1	1	461	1	460	7.23e-199	559
CA264_17145	iJN1463.PP_1755	59.5	457	184	1	4	460	3	458	2.92e-191	540
CA264_17145	iSynCJ816.SGL_RS13465	60.0	460	183	1	4	463	6	464	4.18e-189	534
CA264_17145	iMM904.YPL262W	61.1	460	175	2	4	461	29	486	5.16e-188	532
CA264_17145	iYS854.USA300HOU_RS09890	58.7	460	188	1	1	460	1	458	5.73e-188	531
CA264_17145	iLB1027_lipid.PHATRDRAFT_36139	62.3	454	168	2	10	461	1	453	1.69e-187	530
CA264_17165	iEK1008.Rv3084	30.5	239	163	3	64	300	48	285	4.35e-29	112
CA264_17185	iEK1008.Rv2674	51.7	118	53	3	12	125	16	133	1.96e-38	126
CA264_17190	iPC815.YPO2158	43.0	79	44	1	17	94	42	120	2.60e-19	76.6
CA264_17190	iYL1228.KPN_01198	36.5	85	53	1	17	100	42	126	5.20e-19	75.9
CA264_17190	STM_v1_0.STM1291	34.8	89	57	1	17	104	52	140	7.38e-18	73.2
CA264_17190	iML1515.b1778	38.0	79	48	1	17	94	42	120	2.33e-17	71.6
CA264_17190	iSF_1195.SF1445	38.0	79	48	1	17	94	42	120	2.33e-17	71.6
CA264_17190	iSSON_1240.SSON_1385	38.0	79	48	1	17	94	42	120	2.33e-17	71.6
CA264_17190	iSDY_1059.SDY_1489	38.0	79	48	1	17	94	42	120	4.65e-17	70.9
CA264_17195	STM_v1_0.STM4408	36.7	147	79	3	17	149	44	190	2.32e-20	85.1
CA264_17195	iCN900.CD630_21660	35.6	146	83	3	19	153	7	152	4.47e-19	83.6
CA264_17195	iAF987.Gmet_0268	35.1	148	85	3	17	153	8	155	4.16e-20	83.2
CA264_17195	iSbBS512_1146.SbBS512_E4863	36.7	147	79	3	17	149	44	190	1.23e-19	83.2
CA264_17195	iYL1228.KPN_04615	36.7	147	79	3	17	149	64	210	2.49e-19	82.8
CA264_17195	iML1515.b4219	36.7	147	79	3	17	149	44	190	2.40e-19	82.4
CA264_17195	iSF_1195.SF4268	36.7	147	79	3	17	149	44	190	2.40e-19	82.4
CA264_17195	iSSON_1240.SSON_4404	36.7	147	79	3	17	149	44	190	2.40e-19	82.4
CA264_17195	iPC815.YPO3525	37.2	145	77	4	19	149	46	190	9.05e-19	80.9
CA264_17195	iSDY_1059.SDY_4456	35.4	147	81	3	17	149	44	190	1.76e-18	80.1
CA264_17200	iAF987.Gmet_0268	53.3	150	70	0	1	150	7	156	1.90e-54	169
CA264_17200	iYO844.BSU21690	53.8	145	67	0	2	146	6	150	6.11e-54	169
CA264_17200	iCN900.CD630_21660	54.1	146	67	0	1	146	4	149	5.05e-52	168
CA264_17200	iYS854.USA300HOU_RS07280	49.7	145	73	0	2	146	4	148	1.15e-51	163
CA264_17205	iYS854.USA300HOU_RS08370	45.3	106	58	0	12	117	4	109	2.66e-21	82.0
CA264_17205	iAF987.Gmet_2369	42.2	109	63	0	10	118	34	142	1.16e-19	81.3
CA264_17205	iHN637.CLJU_RS03985	37.6	109	68	0	6	114	4	112	1.51e-18	77.8
CA264_17205	iNF517.LLMG_RS07495	47.2	108	56	1	10	116	37	144	2.37e-18	75.5
CA264_17235	iJN1463.PP_4215	27.4	186	81	4	221	401	162	298	4.64e-07	50.8
CA264_17245	iML1515.b2210	56.7	490	212	0	8	497	29	518	1.84e-198	563
CA264_17245	iSDY_1059.SDY_0866	56.5	490	213	0	8	497	29	518	3.69e-198	562
CA264_17245	iSbBS512_1146.SbBS512_E0730	56.5	490	213	0	8	497	29	518	5.23e-198	561
CA264_17245	iSSON_1240.SSON_2268	56.5	490	213	0	8	497	29	518	7.42e-198	561
CA264_17245	iJN1463.PP_0751	56.6	486	209	2	12	497	8	491	7.55e-194	549
CA264_17245	iYS854.USA300HOU_RS12800	54.8	484	216	2	12	495	9	489	1.53e-188	535
CA264_17245	iJN1463.PP_2925	55.3	490	218	1	12	501	32	520	1.10e-187	535
CA264_17245	iJN1463.PP_1251	54.1	486	223	0	12	497	12	497	1.36e-185	529
CA264_17245	iYL1228.KPN_02629	54.0	491	224	2	8	497	25	514	3.96e-184	526
CA264_17245	iYS854.USA300HOU_RS14130	53.8	491	223	3	9	497	5	493	3.80e-178	509
CA264_17255	iCN900.CD630_19930	38.7	106	64	1	4	109	3	107	2.52e-22	84.0
CA264_17285	iSynCJ816.SGL_RS13580	35.2	91	53	2	299	388	288	373	8.73e-05	45.1
CA264_17300	iSynCJ816.SGL_RS14400	32.9	569	345	10	12	548	10	573	2.10e-78	264
CA264_17315	iYS854.USA300HOU_RS08350	52.1	478	205	6	17	492	8	463	1.05e-165	476
CA264_17325	iHN637.CLJU_RS00920	40.0	1086	562	18	12	1092	11	1011	9.55e-278	806
CA264_17330	STM_v1_0.STM0047	37.6	85	17	4	100	182	102	152	2.17e-04	40.0
CA264_17345	iSbBS512_1146.SbBS512_E2519	47.0	581	286	6	6	585	12	571	1.74e-171	501
CA264_17345	iML1515.b0829	46.5	581	289	4	6	585	12	571	1.39e-170	498
CA264_17345	iSSON_1240.SSON_0811	46.5	581	289	4	6	585	1	560	1.38e-170	498
CA264_17345	iYL1228.KPN_00862	46.9	582	282	6	3	582	9	565	6.93e-170	496
CA264_17345	iSDY_1059.SDY_0758	46.1	581	291	4	6	585	1	560	1.26e-168	493
CA264_17345	iSF_1195.SF0779	46.1	581	291	4	6	585	1	560	1.26e-168	493
CA264_17345	STM_v1_0.STM0848	46.0	578	290	4	6	582	12	568	1.01e-167	491
CA264_17360	iAF692.Mbar_A1417	41.4	244	141	1	2	243	6	249	9.47e-59	191
CA264_17370	iSynCJ816.SGL_RS06280	26.1	115	77	2	52	159	17	130	1.28e-08	50.4
CA264_17380	iJN1463.PP_3931	32.5	610	379	12	8	592	8	609	1.38e-83	273
CA264_17380	iLB1027_lipid.PHATRDRAFT_22453	32.1	582	362	12	21	580	7	577	1.05e-81	268
CA264_17385	iYL1228.KPN_00941	32.3	372	245	3	240	611	215	579	4.85e-55	196
CA264_17385	STM_v1_0.STM0984	33.1	372	242	3	240	611	215	579	4.85e-55	196
CA264_17385	iML1515.b0914	32.5	372	244	3	240	611	215	579	1.67e-53	192
CA264_17385	iSbBS512_1146.SbBS512_E2410	32.5	372	244	3	240	611	215	579	1.67e-53	192
CA264_17385	iSDY_1059.SDY_2344	32.5	372	244	3	240	611	215	579	1.67e-53	192
CA264_17385	iSF_1195.SF0910	32.5	372	244	3	240	611	215	579	2.31e-53	191
CA264_17385	iSSON_1240.SSON_0916	32.5	372	244	3	240	611	215	579	2.31e-53	191
CA264_17385	iAF987.Gmet_2349	31.4	373	246	6	240	611	206	569	9.54e-53	189
CA264_17385	iCHOv1.100682535	34.5	342	201	6	274	614	315	634	8.69e-51	189
CA264_17385	iPC815.YPO1395	32.3	372	245	4	240	611	215	579	3.00e-52	188
CA264_17385	iMM1415.18670	33.9	342	203	6	274	614	312	631	5.12e-50	187
CA264_17385	iJN1463.PP_4935	29.5	440	285	9	175	607	167	588	2.04e-51	186
CA264_17385	iPC815.YPO1913	32.9	383	225	10	228	609	226	577	6.54e-50	182
CA264_17395	iSbBS512_1146.SbBS512_E3379	31.0	323	188	12	15	331	20	313	1.77e-40	144
CA264_17395	iSSON_1240.SSON_3101	30.7	323	189	12	15	331	20	313	1.77e-40	144
CA264_17395	iML1515.b2947	30.7	323	189	12	15	331	20	313	3.46e-40	143
CA264_17395	iSF_1195.SF2938	30.7	323	189	12	15	331	20	313	3.46e-40	143
CA264_17395	iPC815.YPO0935	34.2	257	145	9	86	335	79	318	7.26e-40	142
CA264_17395	iSDY_1059.SDY_3125	30.0	323	191	12	15	331	20	313	5.07e-39	140
CA264_17395	iYL1228.KPN_03380	30.3	340	197	13	3	331	4	314	9.91e-39	139
CA264_17395	STM_v1_0.STM3095	28.6	336	207	11	3	331	4	313	2.64e-38	138
CA264_17395	iSynCJ816.SGL_RS06800	30.1	339	208	13	1	330	1	319	4.28e-37	135
CA264_17450	iAF987.Gmet_0769	40.2	127	76	0	16	142	6	132	3.55e-22	87.0
CA264_17450	iCHOv1.100755154	31.2	141	95	1	5	143	159	299	2.26e-18	80.5
CA264_17480	iAF987.Gmet_2760	48.5	307	158	0	32	338	18	324	4.90e-98	293
CA264_17480	iCN900.CD630_00360	44.2	317	177	0	24	340	6	322	8.94e-90	271
CA264_17480	iCHOv1.100774853	47.2	324	164	5	24	345	57	375	9.28e-87	266
CA264_17480	iAT_PLT_636.5160	47.2	324	164	5	24	345	95	413	2.81e-86	266
CA264_17480	iMM1415.18597	47.2	324	164	5	24	345	57	375	9.28e-87	266
CA264_17490	iNF517.LLMG_RS07695	47.4	135	71	0	24	158	15	149	2.43e-37	125
CA264_17490	iHN637.CLJU_RS10825	45.2	135	74	0	24	158	15	149	3.35e-37	124
CA264_17490	iYS854.USA300HOU_RS09385	48.1	133	69	0	26	158	16	148	4.50e-35	119
CA264_17490	iCN900.CD630_16970	47.0	134	71	0	25	158	15	148	2.49e-34	117
CA264_17490	iAF987.Gmet_1627	44.9	136	75	0	18	153	10	145	5.27e-34	116
CA264_17490	iYO844.BSU23250	44.8	134	74	0	25	158	16	149	4.12e-33	114
CA264_17490	iJN1463.PP_0517	42.2	135	78	0	24	158	17	151	4.61e-33	114
CA264_17510	iNF517.LLMG_RS06045	39.5	233	136	2	310	538	1	232	2.24e-49	170
CA264_17510	iYS854.USA300HOU_RS07985	40.2	229	132	2	311	535	7	234	7.42e-48	166
CA264_17510	iCN900.CD630_20500	35.2	236	146	3	310	539	1	235	1.22e-45	160
CA264_17515	iLJ478.TM0883	32.2	233	134	9	6	221	5	230	1.19e-20	87.0
CA264_17555	iAF987.Gmet_1282	56.5	239	104	0	1	239	8	246	7.57e-94	275
CA264_17555	iJN1463.PP_0953	56.3	238	103	1	3	239	4	241	3.00e-92	271
CA264_17555	iML1515.b3201	56.7	238	102	1	3	239	4	241	6.03e-92	270
CA264_17555	iSbBS512_1146.SbBS512_E3569	56.7	238	102	1	3	239	4	241	6.03e-92	270
CA264_17555	iSDY_1059.SDY_3382	56.7	238	102	1	3	239	4	241	6.03e-92	270
CA264_17555	iSF_1195.SF3241	56.7	238	102	1	3	239	4	241	6.03e-92	270
CA264_17555	iSSON_1240.SSON_3349	56.7	238	102	1	3	239	4	241	6.03e-92	270
CA264_17580	iCN718.ABAYE_RS01925	39.9	499	264	9	4	500	2	466	1.64e-118	357
CA264_17580	iCN900.CD630_00510	38.9	511	269	10	5	500	3	485	5.57e-117	353
CA264_17580	iHN637.CLJU_RS06575	38.4	513	272	9	4	509	3	478	9.28e-109	332
CA264_17580	iJN1463.PP_1977	39.2	505	271	9	5	507	4	474	1.21e-106	327
CA264_17590	iML1515.b1010	32.3	124	84	0	1	124	1	124	2.25e-18	74.7
CA264_17590	iSDY_1059.SDY_0985	32.3	124	84	0	1	124	1	124	2.25e-18	74.7
CA264_17590	iSF_1195.SF1013	32.3	124	84	0	1	124	1	124	3.17e-18	74.3
CA264_17595	iCN718.ABAYE_RS11940	37.7	106	66	0	111	216	386	491	1.89e-17	80.1
CA264_17595	iML1515.b1395	43.8	96	54	0	125	220	373	468	1.79e-17	80.1
CA264_17595	iAF987.Gmet_1717	27.1	155	108	2	64	215	109	261	3.72e-17	77.8
CA264_17595	iAF987.Gmet_2072	26.8	157	114	1	60	215	105	261	3.72e-17	77.8
CA264_17595	iJN1463.PP_3755	28.4	155	110	1	63	216	109	263	6.78e-16	74.3
CA264_17605	iAF987.Gmet_1487	53.4	612	281	3	1	611	1	609	9.96e-219	621
CA264_17605	iAF987.Gmet_0104	51.0	612	296	3	1	611	1	609	5.65e-213	606
CA264_17610	iLJ478.TM0895	26.9	234	162	4	4	235	1	227	3.58e-29	114
CA264_17610	iCN900.CD630_08840	28.5	246	150	7	4	239	1	230	2.30e-28	112
CA264_17610	iAF987.Gmet_0707	30.5	190	130	2	1	190	1	188	3.71e-28	112
CA264_17610	iYO844.BSU30950	28.8	233	154	4	4	235	1	222	7.73e-27	108
CA264_17615	iLJ478.TM1077	45.0	278	149	2	1	276	1	276	1.77e-78	239
CA264_17615	iCN718.ABAYE_RS15830	48.9	264	129	4	18	279	18	277	2.45e-76	233
CA264_17615	iPC815.YPO3402	43.6	287	155	5	1	283	1	284	1.99e-70	218
CA264_17620	iYS854.USA300HOU_RS14075	54.1	111	51	0	5	115	1	111	1.10e-42	135
CA264_17620	iYO844.BSU22410	54.4	114	52	0	1	114	1	114	2.91e-41	132
CA264_17620	iIT341.HP0034	50.4	115	56	1	1	115	1	114	2.37e-38	124
CA264_17620	iEK1008.Rv3601c	53.2	111	52	0	5	115	5	115	9.16e-38	124
CA264_17630	iAF987.Gmet_0922	55.5	155	69	0	2	156	329	483	4.20e-51	169
CA264_17630	iJN1463.PP_4934	51.0	153	75	0	7	159	321	473	2.01e-47	159
CA264_17640	iYO844.BSU37170	56.2	377	165	0	1	377	1	377	5.62e-136	392
CA264_17640	iCN900.CD630_10540	54.0	361	166	0	19	379	18	378	2.05e-133	386
CA264_17640	iYO844.BSU24150	50.3	374	186	0	5	378	3	376	8.43e-123	359
CA264_17640	iAF987.Gmet_1715	48.4	378	195	0	1	378	1	378	3.89e-121	355
CA264_17650	iAF692.Mbar_A0675	34.6	234	146	5	16	246	15	244	4.96e-34	122
CA264_17675	iAF987.Gmet_0685	33.3	445	244	13	15	453	10	407	5.86e-58	201
CA264_17675	iAF987.Gmet_2065	30.0	450	271	8	3	451	2	408	2.09e-56	197
CA264_17675	iAF987.Gmet_2255	31.3	451	254	12	8	453	7	406	1.29e-52	187
CA264_17680	iAF987.Gmet_2070	46.5	245	123	4	10	254	423	659	5.43e-73	234
CA264_17680	iAF987.Gmet_2255	47.1	244	121	5	12	254	415	651	3.96e-70	227
CA264_17680	iAF987.Gmet_2065	45.3	256	132	6	1	255	408	656	1.21e-68	223
CA264_17680	iAF987.Gmet_1714	43.0	249	136	3	6	254	417	659	1.13e-67	221
CA264_17680	iAF987.Gmet_0685	43.7	245	131	5	12	255	416	654	3.69e-66	216
CA264_17690	iML1515.b0957	40.6	101	58	1	529	627	209	309	3.67e-15	77.0
CA264_17690	iYL1228.KPN_00986	39.6	101	59	1	529	627	219	319	4.02e-15	77.0
CA264_17690	iSbBS512_1146.SbBS512_E2359	40.6	101	58	1	529	627	209	309	3.67e-15	77.0
CA264_17690	iSDY_1059.SDY_0930	40.6	101	58	1	529	627	213	313	3.81e-15	77.0
CA264_17690	iSF_1195.SF0957	40.6	101	58	1	529	627	211	311	3.74e-15	77.0
CA264_17690	iSSON_1240.SSON_0961	40.6	101	58	1	529	627	209	309	3.67e-15	77.0
CA264_17695	iAF692.Mbar_A0862	24.5	326	188	10	47	371	55	323	4.31e-21	92.8
CA264_17695	iHN637.CLJU_RS04220	24.6	334	188	10	45	372	50	325	4.29e-19	87.0
CA264_17695	iCN900.CD630_02210	25.7	307	170	12	54	353	62	317	2.59e-18	85.1
CA264_17720	iAF987.Gmet_2058	60.3	401	155	3	1	399	1	399	1.32e-166	472
CA264_17725	iYS854.USA300HOU_RS12020	35.7	241	153	1	1	239	1	241	2.97e-47	157
CA264_17725	iNF517.LLMG_RS02350	36.8	247	151	4	2	243	3	249	2.20e-43	147
CA264_17730	iJN1463.PP_1308	40.4	401	214	6	26	424	17	394	3.12e-87	271
CA264_17730	iAF692.Mbar_A3023	39.8	387	208	7	40	424	28	391	1.19e-82	259
CA264_17730	iCHOv1.100752127	37.9	401	233	10	27	424	25	412	3.13e-79	251
CA264_17735	iAF987.Gmet_2349	32.1	576	377	5	15	583	2	570	6.75e-103	322
CA264_17735	iYL1228.KPN_00941	32.7	542	357	4	44	583	45	580	2.54e-102	321
CA264_17735	iSF_1195.SF0910	32.8	542	356	4	44	583	45	580	7.06e-102	320
CA264_17735	iML1515.b0914	32.8	542	356	4	44	583	45	580	9.93e-102	319
CA264_17735	iSbBS512_1146.SbBS512_E2410	32.8	542	356	4	44	583	45	580	9.93e-102	319
CA264_17735	iSDY_1059.SDY_2344	32.8	542	356	4	44	583	45	580	9.93e-102	319
CA264_17735	iPC815.YPO1395	32.5	590	380	6	1	583	2	580	9.93e-102	319
CA264_17735	iSSON_1240.SSON_0916	32.8	542	356	4	44	583	45	580	1.40e-101	319
CA264_17735	iJN1463.PP_4935	32.0	594	388	6	1	581	1	591	1.01e-99	315
CA264_17735	STM_v1_0.STM0984	32.1	542	360	4	44	583	45	580	4.59e-99	312
CA264_17735	iPC815.YPO3144	33.2	576	364	8	17	582	11	575	7.02e-93	297
CA264_17755	iAF987.Gmet_2349	35.1	516	325	5	78	588	60	570	2.00e-90	290
CA264_17755	iML1515.b0914	31.9	526	348	4	71	590	61	582	2.61e-85	276
CA264_17755	iSbBS512_1146.SbBS512_E2410	31.9	526	348	4	71	590	61	582	2.61e-85	276
CA264_17755	iSDY_1059.SDY_2344	31.9	526	348	4	71	590	61	582	2.61e-85	276
CA264_17755	iSF_1195.SF0910	31.7	526	349	4	71	590	61	582	7.17e-85	275
CA264_17755	iSSON_1240.SSON_0916	31.7	526	349	4	71	590	61	582	7.17e-85	275
CA264_17755	STM_v1_0.STM0984	31.7	526	349	4	71	590	61	582	3.87e-84	273
CA264_17755	iYL1228.KPN_00941	31.1	524	351	4	71	588	61	580	2.08e-83	271
CA264_17755	iJN1463.PP_4935	33.4	512	328	6	79	584	85	589	9.73e-82	268
CA264_17755	iPC815.YPO1395	32.4	487	320	3	109	590	100	582	6.68e-80	262
CA264_17760	iYO844.BSU24080	55.1	352	157	1	15	366	3	353	8.46e-136	391
CA264_17775	iHN637.CLJU_RS03260	50.5	331	161	2	3	332	4	332	4.47e-110	323
CA264_17775	iCN900.CD630_08340	51.8	332	150	3	1	328	1	326	1.08e-109	322
CA264_17775	iAT_PLT_636.3419	48.7	335	166	3	1	332	31	362	2.58e-98	294
CA264_17775	iMM1415.67834	48.1	335	168	3	1	332	31	362	2.08e-97	292
CA264_17795	iYS854.USA300HOU_RS08945	34.1	185	120	2	4	187	5	188	1.84e-27	102
CA264_17795	iJN1463.PP_0631	32.0	175	115	3	4	177	11	182	6.49e-24	93.6
CA264_17815	iML1515.b1330	23.6	318	228	5	56	369	27	333	7.76e-29	114
CA264_17820	iYL1228.KPN_01492	29.8	329	188	14	27	352	63	351	1.55e-18	86.7
CA264_17820	iHN637.CLJU_RS01300	23.8	344	210	9	12	333	56	369	2.55e-16	80.1
CA264_17825	iYL1228.KPN_01978	33.1	366	220	11	8	355	7	365	1.03e-40	146
CA264_17825	STM_v1_0.STM1446	34.2	365	217	13	8	355	7	365	1.40e-40	146
CA264_17825	iSbBS512_1146.SbBS512_E1832	33.8	367	216	14	8	355	7	365	1.36e-38	140
CA264_17825	iSDY_1059.SDY_1863	33.8	367	216	14	8	355	7	365	1.36e-38	140
CA264_17825	iSF_1195.SF1667	33.8	367	216	14	8	355	7	365	1.36e-38	140
CA264_17825	iSSON_1240.SSON_1516	33.8	367	216	14	8	355	7	365	1.36e-38	140
CA264_17825	iML1515.b1640	33.5	367	217	14	8	355	7	365	5.12e-38	139
CA264_17825	iJN1463.PP_0434	33.9	369	211	12	8	355	5	361	1.23e-37	138
CA264_17825	iCN900.CD630_30510	31.9	373	209	14	8	345	4	366	2.53e-36	135
CA264_17835	iAF987.Gmet_3233	32.1	442	270	7	4	427	2	431	5.69e-67	219
CA264_17850	iCN900.CD630_16550	37.2	549	314	6	116	653	43	571	2.00e-109	341
CA264_17855	iJN1463.PP_2872	24.9	257	169	9	1	244	33	278	3.60e-08	52.8
CA264_17855	iYL1228.KPN_01622	26.3	255	166	8	1	244	41	284	4.94e-08	52.4
CA264_17860	iML1515.b2147	23.4	167	102	6	73	216	108	271	3.90e-04	41.6
CA264_17860	iSbBS512_1146.SbBS512_E0824	23.4	167	102	6	73	216	108	271	3.90e-04	41.6
CA264_17860	iSSON_1240.SSON_2203	23.4	167	102	6	73	216	110	273	3.91e-04	41.6
CA264_17865	iCN900.CD630_16150	33.7	95	60	1	168	259	540	634	7.06e-10	59.7
CA264_17870	iYS854.USA300HOU_RS06355	36.9	233	124	6	29	252	33	251	8.23e-38	133
CA264_17870	iML1515.b0175	52.5	120	54	2	135	252	154	272	1.74e-35	127
CA264_17870	iSbBS512_1146.SbBS512_E0168	52.5	120	54	2	135	252	154	272	1.74e-35	127
CA264_17870	iSDY_1059.SDY_0191	52.5	120	54	2	135	252	118	236	7.38e-36	127
CA264_17870	iSF_1195.SF0165	52.5	120	54	2	135	252	118	236	7.38e-36	127
CA264_17870	iSSON_1240.SSON_0187	52.5	120	54	2	135	252	118	236	7.38e-36	127
CA264_17870	iYL1228.KPN_00188	51.3	119	57	1	135	252	129	247	1.91e-35	127
CA264_17870	STM_v1_0.STM0222	50.8	120	56	2	135	252	154	272	4.80e-35	126
CA264_17870	iPC815.YPO1050	53.7	123	48	2	135	252	154	272	4.48e-35	126
CA264_17870	iYO844.BSU16540	32.1	262	176	2	1	261	8	268	1.05e-32	120
CA264_17875	iLJ478.TM1015	53.4	408	188	2	16	422	7	413	6.21e-146	421
CA264_17875	iYL1228.KPN_01492	46.9	409	216	1	14	422	13	420	2.73e-131	384
CA264_17880	iAF987.Gmet_1263	37.0	173	108	1	46	218	46	217	1.74e-36	127
CA264_17885	iJN1463.PP_1877	48.7	150	74	2	6	152	1	150	8.36e-40	131
CA264_17890	iCN900.CD630_17000	43.1	334	175	7	5	327	10	339	1.50e-76	239
CA264_17890	iAF987.Gmet_1624	40.8	338	182	4	1	326	1	332	7.43e-74	232
CA264_17890	iYO844.BSU23280	38.2	348	200	6	5	343	2	343	1.43e-71	226
CA264_17890	iHN637.CLJU_RS10840	38.7	336	191	3	4	326	6	339	8.57e-70	222
CA264_17890	iNF517.LLMG_RS07710	37.7	353	184	8	5	338	4	339	5.67e-68	217
CA264_17895	iSynCJ816.SGL_RS09640	33.2	226	142	5	65	283	73	296	8.01e-27	105
CA264_17900	iAF987.Gmet_1994	61.7	405	154	1	13	416	9	413	4.21e-173	491
CA264_17900	iCN718.ABAYE_RS18925	55.5	418	184	2	9	424	5	422	1.18e-166	474
CA264_17905	iYO844.BSU38860	52.3	333	154	4	6	338	3	330	1.54e-114	335
CA264_17905	iCHOv1.100759306	51.3	339	155	4	4	336	19	353	7.50e-111	327
CA264_17905	iMM1415.74246	51.0	339	156	5	4	336	2	336	4.30e-111	327
CA264_17905	iAT_PLT_636.2582	51.0	339	156	4	4	336	3	337	2.54e-110	325
CA264_17905	iMM904.YBR019C	50.4	343	156	5	2	335	10	347	7.52e-104	319
CA264_17905	iCN900.CD630_27140	49.8	331	161	4	6	336	3	328	6.60e-108	318
CA264_17905	iLB1027_lipid.PHATRDRAFT_27190	47.1	348	170	4	2	336	4	350	1.33e-106	316
CA264_17905	iYL1228.KPN_00773	48.5	332	167	4	5	336	2	329	6.32e-106	313
CA264_17905	STM_v1_0.STM0776	48.5	332	167	3	5	336	2	329	1.27e-105	312
CA264_17905	iPC815.YPO1139	48.9	331	165	4	6	336	3	329	2.55e-105	311
CA264_17905	iML1515.b0759	47.3	332	171	3	5	336	2	329	1.45e-104	310
CA264_17905	iSSON_1240.SSON_0711	47.0	332	172	3	5	336	2	329	8.28e-104	308
CA264_17905	iSbBS512_1146.SbBS512_E0680	47.0	332	172	3	5	336	2	329	1.17e-103	307
CA264_17905	iSDY_1059.SDY_0706	46.7	332	173	3	5	336	2	329	9.47e-103	305
CA264_17905	iSF_1195.SF0545	46.4	332	174	3	5	336	2	329	2.69e-102	304
CA264_17910	iAF987.Gmet_2473	58.8	345	141	1	3	346	10	354	4.86e-151	429
CA264_17910	iSF_1195.SF2104	57.5	362	139	4	1	349	1	360	1.37e-146	417
CA264_17910	iSbBS512_1146.SbBS512_E1192	57.7	362	138	5	1	349	1	360	1.94e-146	417
CA264_17910	STM_v1_0.STM2097	57.7	362	138	4	1	349	1	360	2.76e-146	417
CA264_17910	iSDY_1059.SDY_2204	56.9	362	141	4	1	349	1	360	7.87e-146	416
CA264_17910	iML1515.b2041	56.6	362	142	4	1	349	1	360	7.40e-144	410
CA264_17910	iYL1228.KPN_02491	57.5	346	138	4	1	338	1	345	2.40e-138	396
CA264_17910	iSF_1195.SF3862	57.2	346	139	4	2	339	3	347	1.43e-137	394
CA264_17910	iYL1228.KPN_02497	57.5	346	138	4	1	338	1	345	1.96e-137	394
CA264_17910	iHN637.CLJU_RS02615	53.3	349	158	2	4	349	5	351	1.44e-136	392
CA264_17910	iSSON_1240.SSON_3960	56.9	346	140	4	2	339	3	347	3.31e-136	391
CA264_17910	iML1515.b3788	56.6	346	141	4	2	339	3	347	1.34e-135	389
CA264_17910	iPC815.YPO3862	56.8	345	140	4	2	338	3	346	1.34e-135	389
CA264_17910	iHN637.CLJU_RS02730	53.6	349	157	3	4	349	5	351	1.66e-135	389
CA264_17915	iCN718.ABAYE_RS18920	56.5	322	127	4	15	325	17	336	4.07e-119	347
CA264_17920	iSDY_1059.SDY_2206	65.4	286	98	1	2	286	5	290	2.15e-134	381
CA264_17920	iEK1008.Rv0334	65.0	286	100	0	1	286	1	286	2.66e-134	381
CA264_17920	iSbBS512_1146.SbBS512_E1194	64.7	286	100	1	2	286	5	290	1.24e-133	379
CA264_17920	iML1515.b2039	65.7	286	97	1	2	286	5	290	1.05e-132	377
CA264_17920	iSF_1195.SF2102	65.4	286	98	1	2	286	5	290	1.01e-132	377
CA264_17920	STM_v1_0.STM2095	65.4	286	98	1	2	286	5	290	3.36e-131	373
CA264_17920	iNF517.LLMG_RS01090	64.0	286	102	1	1	285	1	286	8.65e-131	372
CA264_17920	iHN637.CLJU_RS02620	62.5	285	106	1	2	285	3	287	1.29e-128	367
CA264_17920	iPC815.YPO3861	62.2	286	107	1	1	285	1	286	1.26e-126	362
CA264_17920	iJN1463.PP_1783	63.8	287	101	2	2	286	4	289	1.46e-125	359
CA264_17920	iML1515.b3789	61.7	287	109	1	1	286	1	287	4.18e-125	358
CA264_17920	iSbBS512_1146.SbBS512_E4132	61.7	287	109	1	1	286	1	287	4.18e-125	358
CA264_17920	iSF_1195.SF3863	61.7	287	109	1	1	286	1	287	4.18e-125	358
CA264_17920	iSDY_1059.SDY_3959	61.3	287	110	1	1	286	1	287	4.84e-124	355
CA264_17920	iSSON_1240.SSON_3961	61.3	287	110	1	1	286	1	287	4.84e-124	355
CA264_17920	iYL1228.KPN_02490	61.2	286	110	1	1	285	1	286	4.89e-123	352
CA264_17920	iYL1228.KPN_02496	61.2	286	110	1	1	285	1	286	4.89e-123	352
CA264_17920	iAF987.Gmet_0924	63.1	282	101	2	2	282	5	284	4.39e-122	350
CA264_17920	iYL1228.KPN_04289	60.6	287	112	1	1	286	2	288	3.34e-122	350
CA264_17925	iAF987.Gmet_2731	36.7	169	100	1	222	390	11	172	3.03e-22	92.4
CA264_17925	iJN1463.PP_2556	25.6	383	230	10	13	349	26	399	1.15e-17	84.0
CA264_17930	iLB1027_lipid.PHATRDRAFT_45605	24.9	350	209	10	9	322	3	334	6.88e-21	91.3
CA264_17960	iCN900.CD630_00500	50.4	488	224	2	5	492	12	481	3.16e-172	493
CA264_17980	iAF692.Mbar_A1823	30.1	386	243	11	35	401	39	416	2.16e-31	125
CA264_17980	iAF692.Mbar_A2221	28.7	394	252	12	28	401	33	417	7.65e-28	115
CA264_17990	iPC815.YPO2908	43.2	403	219	4	1	401	2	396	5.41e-116	343
CA264_17990	iYL1228.KPN_02877	44.0	391	209	3	9	397	10	392	2.36e-109	326
CA264_17990	iML1515.b2552	43.5	391	211	3	9	397	10	392	4.31e-107	320
CA264_17990	iSbBS512_1146.SbBS512_E2917	43.5	391	211	3	9	397	10	392	4.31e-107	320
CA264_17990	iSF_1195.SF2599	43.5	391	211	3	9	397	10	392	4.31e-107	320
CA264_17990	iSDY_1059.SDY_2742	43.9	394	205	5	9	397	10	392	1.73e-106	319
CA264_17990	iSSON_1240.SSON_2635	43.2	391	212	3	9	397	10	392	2.44e-106	318
CA264_17990	STM_v1_0.STM2556	43.2	391	212	3	9	397	10	392	3.46e-106	318
CA264_17995	iCHOv1.100751303	50.5	479	233	2	4	480	77	553	8.74e-172	494
CA264_18000	iLJ478.TM1169	37.0	257	136	5	1	257	1	231	2.28e-42	144
CA264_18005	iMM1415.107766	45.6	158	84	1	3	160	1	156	1.85e-45	150
CA264_18005	iCHOv1.100759566	46.8	158	82	1	3	160	1	156	5.21e-45	149
CA264_18005	iMM904.YJR025C	41.6	166	91	3	6	167	6	169	4.29e-42	138
CA264_18010	iCHOv1.100771266	62.1	335	126	1	1	334	1	335	2.83e-161	454
CA264_18010	iMM1415.266645	62.7	335	124	1	1	334	1	335	2.54e-161	454
CA264_18015	iMM904.YLR231C	42.8	416	210	8	36	423	36	451	4.79e-110	331
CA264_18025	iCN900.CD630_22760	40.1	456	242	9	8	449	3	441	5.55e-96	296
CA264_18030	iAF692.Mbar_A3070	24.0	375	273	7	25	397	26	390	1.08e-17	84.3
CA264_18040	iCHOv1.100772925	41.8	423	238	5	2	422	7	423	2.28e-108	328
CA264_18040	iMM1415.98256	42.5	424	234	6	2	422	6	422	7.00e-107	325
CA264_18065	iSynCJ816.SGL_RS16775	58.5	480	180	4	1	479	1	462	5.39e-202	567
CA264_18065	iPC815.YPO1412	57.0	484	185	7	1	479	1	466	2.62e-191	540
CA264_18065	iCN900.CD630_22450	56.1	478	186	6	6	479	8	465	3.37e-189	535
CA264_18065	iYL1228.KPN_00961	56.4	484	188	7	1	479	1	466	2.00e-188	533
CA264_18065	STM_v1_0.STM1000	56.4	484	188	7	1	479	1	466	1.63e-187	531
CA264_18065	iSbBS512_1146.SbBS512_E2388	56.0	484	190	7	1	479	1	466	1.63e-187	531
CA264_18065	iSF_1195.SF0927	56.0	484	190	7	1	479	1	466	1.63e-187	531
CA264_18065	iSSON_1240.SSON_0933	56.0	484	190	7	1	479	1	466	1.63e-187	531
CA264_18065	iAF987.Gmet_2412	57.9	477	182	4	3	479	4	461	1.94e-187	530
CA264_18065	iSDY_1059.SDY_2327	55.8	484	191	7	1	479	1	466	1.88e-186	528
CA264_18075	iML1515.b3575	47.9	332	166	3	8	333	2	332	2.38e-104	308
CA264_18075	iSF_1195.SF3619	47.6	332	167	3	8	333	2	332	6.76e-104	307
CA264_18075	iSbBS512_1146.SbBS512_E3947	47.4	329	166	3	8	330	2	329	7.02e-103	305
CA264_18075	STM_v1_0.STM3668	46.1	332	172	3	8	333	2	332	2.33e-99	296
CA264_18085	iYL1228.KPN_01475	47.1	257	133	1	6	259	5	261	1.36e-72	222
CA264_18085	iJN1463.PP_3283	43.9	262	144	1	1	259	1	262	1.98e-72	222
CA264_18085	iML1515.b1394	45.2	259	139	1	4	259	3	261	4.40e-71	218
CA264_18085	iCN718.ABAYE_RS11945	44.7	262	142	1	1	259	1	262	2.58e-70	216
CA264_18100	iCN900.CD630_31950	31.9	955	471	16	28	953	2	806	3.99e-156	480
CA264_18115	iAM_Pv461.PVX_089645	45.2	146	72	3	132	274	214	354	1.41e-30	117
CA264_18115	iAM_Pb448.PBANKA_071570	44.2	147	78	2	132	277	188	331	2.69e-30	116
CA264_18115	iAM_Pc455.PCYB_052680	45.2	146	72	3	132	274	189	329	2.51e-30	116
CA264_18115	iAM_Pf480.PF3D7_0413700	46.5	142	68	3	132	270	180	316	2.31e-30	116
CA264_18120	iJN1463.PP_4210	28.4	419	259	13	9	415	265	654	1.83e-31	126
CA264_18125	iYS854.USA300HOU_RS08725	47.1	348	177	3	1	348	1	341	5.77e-111	326
CA264_18130	iYO844.BSU00900	40.3	221	128	3	9	225	6	226	2.20e-44	148
CA264_18130	iAF987.Gmet_0060	39.9	228	129	4	7	226	4	231	6.20e-44	147
CA264_18135	iSbBS512_1146.SbBS512_E0489	30.6	222	153	1	6	226	11	232	5.88e-34	122
CA264_18135	iSSON_1240.SSON_0539	30.2	222	154	1	6	226	11	232	3.21e-33	120
CA264_18135	iML1515.b0588	30.2	222	154	1	6	226	11	232	8.86e-33	119
CA264_18135	iSDY_1059.SDY_0519	30.2	222	154	1	6	226	11	232	8.86e-33	119
CA264_18135	iSF_1195.SF0502	30.2	222	154	1	6	226	11	232	8.86e-33	119
CA264_18135	iYO844.BSU33290	28.9	232	159	2	3	228	4	235	1.19e-32	119
CA264_18135	iAF692.Mbar_A1172	32.0	197	132	2	2	197	1	196	5.16e-32	117
CA264_18135	iYS854.USA300HOU_RS08305	32.3	201	128	5	2	198	10	206	8.10e-31	114
CA264_18135	iNF517.LLMG_RS01785	31.8	201	136	1	1	200	1	201	2.14e-30	113
CA264_18135	iCN900.CD630_28750	29.2	219	152	2	3	219	4	221	3.06e-30	112
CA264_18135	iSynCJ816.SGL_RS04625	33.0	200	124	4	2	198	22	214	7.88e-30	112
CA264_18150	iCN900.CD630_04310	23.9	536	292	18	17	519	14	466	7.10e-22	98.6
CA264_18150	iPC815.YPO2060	33.9	186	106	5	327	504	4	180	1.19e-20	91.3
CA264_18155	iML1515.b2430	27.7	365	195	17	53	370	56	398	8.14e-18	85.5
CA264_18170	iAM_Pb448.PBANKA_080930	38.8	165	97	2	5	169	62	222	4.47e-33	117
CA264_18170	iAM_Pc455.PCYB_071570	38.6	171	93	2	5	171	67	229	1.55e-31	114
CA264_18170	iAM_Pv461.PVX_098840	38.5	169	96	2	5	171	12	174	1.73e-30	109
CA264_18170	iAM_Pf480.PF3D7_0907900	35.6	177	101	3	5	179	67	232	1.84e-29	108
CA264_18185	iLB1027_lipid.PHATRDRAFT_49112	22.4	441	276	18	8	388	35	469	6.51e-13	69.7
CA264_18185	iMM1415.15233	26.4	311	196	15	98	386	128	427	3.26e-12	67.4
CA264_18185	iCHOv1.100762426	25.4	311	199	14	98	386	128	427	4.34e-12	67.0
CA264_18205	iCN900.CD630_34190	54.3	324	144	4	1	323	1	321	7.89e-115	334
CA264_18205	iSynCJ816.SGL_RS09590	54.5	323	141	3	4	322	6	326	4.49e-113	330
CA264_18205	iAF987.Gmet_0189	53.1	320	148	2	4	323	7	324	1.20e-112	329
CA264_18205	iHN637.CLJU_RS15750	52.3	323	152	2	1	323	1	321	2.32e-112	328
CA264_18205	iYO844.BSU28130	51.6	318	152	2	4	321	7	322	2.02e-108	318
CA264_18205	iPC815.YPO3771	50.9	322	155	2	3	321	12	333	5.57e-107	315
CA264_18205	iAF692.Mbar_A1463	53.2	312	141	4	14	322	15	324	9.26e-102	301
CA264_18210	iNF517.LLMG_RS08705	45.6	261	138	3	26	283	22	281	1.06e-58	189
CA264_18210	iHN637.CLJU_RS16390	42.3	284	151	5	13	288	10	288	8.03e-56	182
CA264_18210	iYO844.BSU15860	40.4	267	153	4	26	288	23	287	8.34e-55	179
CA264_18210	iYS854.USA300HOU_RS13725	37.4	289	177	2	4	288	1	289	5.52e-52	172
CA264_18220	iAF987.Gmet_2729	41.6	89	52	0	5	93	4	92	1.94e-12	57.4
CA264_18220	iML1515.b0968	47.0	66	34	1	12	76	10	75	2.15e-11	54.7
CA264_18220	iSbBS512_1146.SbBS512_E2346	47.0	66	34	1	12	76	10	75	2.15e-11	54.7
CA264_18220	iSDY_1059.SDY_0943	47.0	66	34	1	12	76	10	75	2.15e-11	54.7
CA264_18220	iSSON_1240.SSON_0973	47.0	66	34	1	12	76	10	75	2.15e-11	54.7
CA264_18220	iSF_1195.SF0969	45.5	66	35	1	12	76	10	75	3.03e-11	54.3
CA264_18220	iLJ478.TM1564	42.7	75	43	0	6	80	2	76	1.16e-10	52.8
CA264_18245	iSynCJ816.SGL_RS10725	47.0	117	52	1	15	131	13	119	1.59e-33	114
CA264_18250	iMM1415.75406	67.1	143	46	1	10	152	74	215	6.18e-69	208
CA264_18250	iCHOv1.100766693	66.4	143	47	1	10	152	69	210	3.02e-68	206
CA264_18250	iLB1027_lipid.PHATRDRAFT_41645	65.0	140	48	1	11	150	17	155	4.22e-66	199
CA264_18255	iAF987.Gmet_0043	25.7	474	262	16	337	781	25	437	1.36e-20	97.1
CA264_18260	iAF987.Gmet_3353	41.4	128	66	3	31	157	31	150	3.29e-27	100
CA264_18290	iAF987.Gmet_3352	44.4	394	190	5	29	403	7	390	5.04e-107	320
CA264_18290	iMM1415.226646	42.5	395	196	7	29	403	80	463	9.79e-103	311
CA264_18290	iCHOv1.100768067	41.8	395	199	7	29	403	80	463	3.90e-102	310
CA264_18290	iAT_PLT_636.4720	42.2	393	196	7	31	403	82	463	7.79e-102	309
CA264_18290	iSynCJ816.SGL_RS08920	45.4	394	186	9	29	403	11	394	4.29e-101	305
CA264_18295	iML1515.b0307	41.5	378	220	1	30	407	33	409	2.90e-99	305
CA264_18295	iSF_1195.SF0259	41.3	378	221	1	30	407	33	409	8.15e-99	304
CA264_18295	iSSON_1240.SSON_0317	41.3	378	221	1	30	407	33	409	1.62e-98	303
CA264_18295	iSbBS512_1146.SbBS512_E0258	41.3	378	221	1	30	407	33	409	9.08e-98	301
CA264_18305	iAF987.Gmet_0059	52.9	157	74	0	5	161	1	157	1.16e-56	174
CA264_18305	iJN1463.PP_1618	48.7	154	79	0	5	158	1	154	1.56e-54	169
CA264_18305	iCN718.ABAYE_RS08190	50.0	158	79	0	1	158	1	158	3.98e-53	165
CA264_18305	iYO844.BSU00910	52.9	155	73	0	6	160	3	157	1.07e-52	164
CA264_18305	iCN900.CD630_00480	51.3	154	75	0	5	158	1	154	2.36e-52	163
CA264_18315	iJN1463.PP_0920	50.1	357	167	4	6	362	4	349	9.82e-114	334
CA264_18320	iYL1228.KPN_00221	44.9	267	140	6	11	272	3	267	5.51e-71	219
CA264_18320	iSSON_1240.SSON_0221	43.4	267	144	6	11	272	3	267	3.13e-70	217
CA264_18320	iSF_1195.SF0192	43.4	267	144	6	11	272	3	267	8.88e-70	216
CA264_18320	iML1515.b0207	43.1	267	145	6	11	272	3	267	5.04e-69	214
CA264_18320	iSbBS512_1146.SbBS512_E0204	43.1	267	145	6	11	272	3	267	5.04e-69	214
CA264_18320	STM_v1_0.STM0255	42.2	268	148	6	10	272	2	267	4.60e-67	209
CA264_18320	iHN637.CLJU_RS08755	45.0	251	130	5	8	255	13	258	4.95e-64	201
CA264_18320	iJN1463.PP_2368	40.8	267	153	3	10	272	2	267	3.80e-63	199
CA264_18320	iSDY_1059.SDY_0226	42.0	245	137	4	11	251	3	246	2.64e-63	199
CA264_18320	iYO844.BSU33400	44.1	256	137	5	8	260	14	266	1.99e-62	197
CA264_18335	iAF987.Gmet_2530	28.7	450	257	8	5	394	31	476	5.62e-46	165
CA264_18340	iYO844.BSU24040	47.7	306	155	3	344	644	6	311	1.04e-90	284
CA264_18340	iCN900.CD630_00370	48.6	311	154	4	341	646	5	314	2.13e-90	283
CA264_18340	iAT_PLT_636.594	41.0	334	186	6	334	659	62	392	1.33e-82	265
CA264_18340	iCHOv1.100774277	42.1	330	180	6	338	659	64	390	1.76e-82	265
CA264_18340	iMM1415.12040	41.8	330	181	6	338	659	64	390	4.86e-82	264
CA264_18340	iAM_Pv461.PVX_097790	45.7	302	157	3	339	634	15	315	1.45e-82	263
CA264_18340	iAM_Pc455.PCYB_103700	45.4	302	158	3	339	634	50	350	1.74e-81	262
CA264_18340	iAM_Pb448.PBANKA_110420	45.2	294	154	3	347	634	56	348	5.97e-81	260
CA264_18370	iYS854.USA300HOU_RS04580	51.4	280	133	2	23	299	10	289	1.15e-99	294
CA264_18370	iJN1463.PP_4800	47.1	278	144	2	22	296	52	329	1.07e-92	278
CA264_18370	iAM_Pc455.PCYB_121910	46.7	276	143	3	23	294	109	384	6.87e-88	268
CA264_18370	iAM_Pv461.PVX_083125	47.1	276	142	3	23	294	146	421	2.00e-87	268
CA264_18385	iML1515.b0957	31.2	154	88	5	516	659	190	335	1.26e-10	63.2
CA264_18385	iYL1228.KPN_00986	32.8	134	80	4	516	647	200	325	1.34e-10	63.2
CA264_18385	iSbBS512_1146.SbBS512_E2359	31.2	154	88	5	516	659	190	335	1.26e-10	63.2
CA264_18385	iSDY_1059.SDY_0930	31.2	154	88	5	516	659	194	339	1.30e-10	63.2
CA264_18385	iSSON_1240.SSON_0961	31.2	154	88	5	516	659	190	335	1.26e-10	63.2
CA264_18385	iSF_1195.SF0957	29.5	149	81	5	521	659	203	337	4.03e-10	61.6
CA264_18390	iCN718.ABAYE_RS07200	30.3	379	208	14	57	391	67	433	3.02e-39	145
CA264_18395	iJN1463.PP_1006	23.4	758	448	33	100	753	126	854	1.10e-11	68.2
CA264_18395	iJN1463.PP_0867	21.6	578	394	21	125	665	143	698	3.18e-11	66.6
CA264_18395	iJN1463.PP_0160	22.1	678	424	27	115	731	168	802	2.88e-10	63.5
CA264_18410	iSynCJ816.SGL_RS11955	60.1	965	372	6	4	963	26	982	0.0	1133
CA264_18410	iJN1463.PP_0988	58.2	965	386	9	1	963	1	950	0.0	1092
CA264_18410	iJN1463.PP_5192	59.0	954	375	9	11	961	16	956	0.0	1076
CA264_18410	iPC815.YPO0905	56.5	955	405	7	9	961	12	958	0.0	1057
CA264_18410	STM_v1_0.STM3053	57.9	956	384	11	11	961	14	956	0.0	1051
CA264_18410	iSDY_1059.SDY_3178	57.5	959	390	11	8	961	11	956	0.0	1050
CA264_18410	iML1515.b2903	57.4	959	391	11	8	961	11	956	0.0	1047
CA264_18410	iYL1228.KPN_03339	57.5	958	389	11	9	961	12	956	0.0	1046
CA264_18410	iSSON_1240.SSON_3056	57.2	959	392	11	8	961	11	956	0.0	1045
CA264_18410	iSF_1195.SF2889	57.2	959	392	11	8	961	11	956	0.0	1045
CA264_18410	iSbBS512_1146.SbBS512_E3324	57.0	959	394	11	8	961	11	956	0.0	1043
CA264_18410	iMM1415.104174	54.0	958	426	8	9	961	66	1013	0.0	1032
CA264_18410	iLB1027_lipid.PHATRDRAFT_22187	54.6	978	420	7	9	970	35	1004	0.0	1030
CA264_18415	iMM1415.30956	29.1	440	251	12	17	403	37	468	4.94e-40	152
CA264_18415	iCHOv1.100751161	28.9	440	252	12	17	403	37	468	1.65e-39	150
CA264_18415	iAT_PLT_636.10157	27.5	440	258	11	17	403	37	468	1.64e-36	141
CA264_18450	iIT341.HP0649	60.4	460	181	1	5	464	2	460	2.14e-200	563
CA264_18450	iML1515.b4139	57.3	466	197	2	2	466	3	467	8.37e-193	544
CA264_18450	iSbBS512_1146.SbBS512_E4668	57.3	466	197	2	2	466	3	467	8.37e-193	544
CA264_18450	iSDY_1059.SDY_4444	57.3	466	197	2	2	466	18	482	1.41e-192	544
CA264_18450	iSF_1195.SF4293	57.3	466	197	2	2	466	18	482	1.41e-192	544
CA264_18450	iSSON_1240.SSON_4322	57.3	466	197	2	2	466	18	482	1.41e-192	544
CA264_18450	STM_v1_0.STM4326	57.5	466	196	2	2	466	3	467	1.94e-191	541
CA264_18450	iPC815.YPO0348	56.4	466	201	2	2	466	3	467	2.75e-191	540
CA264_18450	iJN1463.PP_5338	58.7	467	191	2	2	467	9	474	9.07e-190	536
CA264_18450	iYL1228.KPN_04529	56.1	467	203	2	1	466	2	467	1.48e-188	533
CA264_18485	iJN1463.PP_4189	45.3	942	476	14	5	918	13	943	1.17e-262	757
CA264_18485	iAF987.Gmet_2769	45.8	920	460	12	5	915	2	891	1.03e-259	748
CA264_18485	iYL1228.KPN_00732	45.3	931	483	12	5	918	13	934	2.37e-257	743
CA264_18485	iCN718.ABAYE_RS04435	44.9	929	476	13	14	918	21	937	3.84e-256	741
CA264_18485	iSF_1195.SF0571	45.0	937	475	13	5	918	13	932	1.61e-254	736
CA264_18485	iML1515.b0726	45.0	937	475	13	5	918	13	932	4.56e-254	735
CA264_18485	STM_v1_0.STM0736	44.6	940	475	15	5	918	13	932	4.56e-254	735
CA264_18485	iSbBS512_1146.SbBS512_E0645	45.0	937	475	13	5	918	13	932	4.56e-254	735
CA264_18485	iSSON_1240.SSON_0677	45.0	937	475	13	5	918	13	932	6.45e-254	734
CA264_18485	iSDY_1059.SDY_0664	44.9	937	476	13	5	918	13	932	7.29e-253	732
CA264_18485	iPC815.YPO1113	44.1	939	483	14	5	918	13	934	8.98e-249	721
CA264_18485	iEK1008.Rv1248c	44.7	876	441	11	72	916	367	1230	2.91e-244	720
CA264_18490	iCN718.ABAYE_RS04440	53.5	411	172	5	113	522	4	396	7.23e-127	375
CA264_18490	iSDY_1059.SDY_0665	51.0	416	189	4	111	524	3	405	7.52e-123	365
CA264_18490	iSbBS512_1146.SbBS512_E0646	50.7	420	184	4	111	524	3	405	2.13e-122	364
CA264_18490	iML1515.b0727	50.6	423	180	5	111	524	3	405	6.02e-122	363
CA264_18490	iSSON_1240.SSON_0678	50.6	423	180	5	111	524	3	405	6.02e-122	363
CA264_18490	STM_v1_0.STM0737	50.1	417	188	4	111	524	3	402	2.18e-121	362
CA264_18490	iSF_1195.SF0570	50.4	423	181	5	111	524	3	405	2.41e-121	362
CA264_18490	iJN1463.PP_4188	54.1	416	177	4	112	524	3	407	1.45e-120	360
CA264_18490	iYL1228.KPN_00733	50.6	419	189	5	111	524	3	408	4.25e-120	358
CA264_18490	iPC815.YPO1114	50.7	418	189	6	111	524	3	407	7.42e-118	353
CA264_18500	iLB1027_lipid.PHATRDRAFT_26432	52.3	461	212	4	2	457	34	491	2.69e-156	452
CA264_18500	iCHOv1.100689437	51.2	467	223	5	4	466	43	508	1.67e-154	448
CA264_18500	iAT_PLT_636.1738	50.7	467	225	5	4	466	43	508	1.35e-153	446
CA264_18500	iMM1415.13382	49.8	470	231	5	1	466	40	508	2.18e-152	442
CA264_18500	iJN1463.PP_4187	51.2	473	220	5	2	467	4	472	1.02e-150	437
CA264_18500	iJN1463.PP_5366	51.7	458	216	5	2	457	3	457	5.55e-150	435
CA264_18500	iMM904.YFL018C	48.4	475	233	6	2	466	26	498	4.16e-142	416
CA264_18500	iAF987.Gmet_2764	47.8	475	233	6	3	466	6	476	3.74e-140	410
CA264_18505	iYO844.BSU02750	29.4	228	147	5	1	216	1	226	5.48e-26	102
CA264_18535	iPC815.YPO3910	31.8	148	70	6	151	273	69	210	4.36e-09	59.7
CA264_18535	iYL1228.KPN_02593	42.9	91	38	4	157	233	50	140	3.95e-08	56.6
CA264_18535	STM_v1_0.STM2199	41.8	91	39	4	157	233	69	159	6.96e-08	55.8
CA264_18600	STM_v1_0.STM2232	24.2	297	184	12	5	270	9	295	1.92e-05	46.2
CA264_18605	iML1515.b0089	27.8	342	189	9	105	441	119	407	2.19e-30	121
CA264_18610	iAF987.Gmet_0928	31.8	603	364	14	25	601	36	617	2.85e-86	281
CA264_18610	iYL1228.KPN_00667	33.5	615	335	19	13	586	27	608	6.49e-76	253
CA264_18625	STM_v1_0.STM0659	28.2	220	129	7	8	202	5	220	7.70e-10	59.7
CA264_18630	iYO844.BSU06520	43.9	515	271	9	6	507	3	512	5.37e-135	400
CA264_18630	iHN637.CLJU_RS04230	44.3	510	264	7	6	507	2	499	7.47e-129	384
CA264_18630	iNF517.LLMG_RS05055	41.8	517	284	7	7	507	3	518	6.10e-127	379
CA264_18630	iCN900.CD630_02230	43.9	517	265	9	7	507	3	510	3.79e-126	377
CA264_18630	iSynCJ816.SGL_RS18300	42.7	511	277	8	9	507	5	511	1.98e-123	370
CA264_18630	STM_v1_0.STM4176	42.2	526	277	9	6	507	7	529	9.70e-123	369
CA264_18630	iML1515.b4006	41.8	526	279	9	6	507	7	529	1.73e-120	363
CA264_18630	iSbBS512_1146.SbBS512_E4498	41.8	526	279	9	6	507	7	529	1.73e-120	363
CA264_18630	iSF_1195.SF4078	41.8	526	279	9	6	507	7	529	1.73e-120	363
CA264_18630	iSSON_1240.SSON_4179	41.8	526	279	9	6	507	7	529	1.73e-120	363
CA264_18630	iYL1228.KPN_04388	41.6	526	280	9	6	507	7	529	6.88e-120	362
CA264_18630	iSDY_1059.SDY_3720	41.8	526	279	9	6	507	7	529	9.71e-120	361
CA264_18630	iPC815.YPO3728	42.0	526	278	8	6	507	7	529	9.71e-120	361
CA264_18635	iJN1463.PP_1664	35.8	187	110	3	3	184	2	183	1.94e-35	123
CA264_18635	iYL1228.KPN_02825	36.0	186	109	3	7	187	2	182	2.75e-34	120
CA264_18635	iPC815.YPO2829	35.5	186	110	3	7	187	2	182	1.06e-33	119
CA264_18635	STM_v1_0.STM2500	34.6	185	111	3	8	187	2	181	8.35e-33	116
CA264_18635	iHN637.CLJU_RS04225	34.1	182	117	2	9	187	4	185	2.69e-32	115
CA264_18635	iAF692.Mbar_A1295	37.5	184	110	2	2	180	4	187	2.69e-32	115
CA264_18635	iYO844.BSU06510	34.7	190	114	3	7	191	2	186	1.19e-31	113
CA264_18635	iSF_1195.SF2544	35.5	186	108	4	8	187	2	181	1.84e-31	113
CA264_18635	iSbBS512_1146.SbBS512_E2874	35.5	186	108	4	8	187	2	181	2.59e-31	112
CA264_18635	iSSON_1240.SSON_2582	34.9	186	109	4	8	187	2	181	2.59e-31	112
CA264_18635	iML1515.b2500	34.9	186	109	4	8	187	2	181	7.24e-31	111
CA264_18635	iSDY_1059.SDY_2689	34.9	186	109	4	8	187	2	181	1.02e-30	111
CA264_18645	iML1515.b3697	26.4	277	189	6	1	272	1	267	6.39e-18	80.9
CA264_18645	STM_v1_0.STM0457	27.0	256	173	6	4	258	3	245	5.68e-16	75.5
CA264_18675	iJN1463.PP_0956	44.2	154	86	0	11	164	12	165	2.21e-36	123
CA264_18675	iYL1228.KPN_03608	41.8	153	89	0	10	162	25	177	1.85e-35	121
CA264_18675	STM_v1_0.STM3316	39.9	158	95	0	5	162	20	177	2.95e-34	118
CA264_18675	iML1515.b3198	40.5	153	91	0	10	162	25	177	4.17e-34	118
CA264_18675	iSDY_1059.SDY_3379	40.5	153	91	0	10	162	25	177	4.17e-34	118
CA264_18675	iSF_1195.SF3238	40.5	153	91	0	10	162	25	177	4.17e-34	118
CA264_18675	iSSON_1240.SSON_3346	40.5	153	91	0	10	162	25	177	4.17e-34	118
CA264_18675	iPC815.YPO3578	39.6	154	93	0	10	163	24	177	4.58e-33	115
CA264_18675	iSbBS512_1146.SbBS512_E3572	39.9	153	92	0	10	162	25	177	6.65e-33	115
CA264_18685	iMM904.YPL252C	42.0	100	55	3	1	98	63	161	4.08e-18	74.3
CA264_18695	iEK1008.Rv3032	26.1	211	152	3	197	404	189	398	1.30e-11	65.5
CA264_18695	iSynCJ816.SGL_RS09310	28.2	170	113	5	189	353	157	322	2.12e-11	64.7
CA264_18695	iJN1463.PP_4943	34.4	131	82	3	231	360	201	328	1.13e-10	62.4
CA264_18695	iSynCJ816.SGL_RS16460	25.5	298	170	9	122	370	121	415	1.37e-09	59.7
CA264_18715	iJN1463.PP_4325	27.6	98	70	1	72	169	93	189	7.94e-07	48.1
CA264_18725	iCN900.CD630_32860	21.7	198	147	4	16	209	345	538	1.68e-05	45.1
CA264_18730	iJN1463.PP_5326	67.3	254	83	0	1	254	28	281	8.38e-121	345
CA264_18730	iHN637.CLJU_RS06095	65.8	243	82	1	12	254	8	249	3.35e-115	330
CA264_18730	iCN900.CD630_32610	64.5	248	87	1	7	254	8	254	2.52e-111	320
CA264_18730	iYO844.BSU24960	64.0	247	89	0	8	254	23	269	1.71e-110	318
CA264_18730	iAF987.Gmet_2704	61.2	250	96	1	6	254	3	252	1.28e-108	313
CA264_18730	iYO844.BSU24950	63.6	242	88	0	13	254	19	260	6.84e-108	311
CA264_18735	iYS854.USA300HOU_RS07060	48.4	279	139	1	9	282	26	304	3.46e-87	262
CA264_18740	iYS854.USA300HOU_RS07065	49.8	287	144	0	4	290	22	308	1.79e-89	268
CA264_18745	iSynCJ816.SGL_RS14205	53.0	321	137	4	5	324	6	313	1.14e-107	317
CA264_18765	iEK1008.Rv0958	24.0	104	76	2	102	202	180	283	9.08e-04	40.4
CA264_18785	iSynCJ816.SGL_RS08340	27.4	84	61	0	11	94	13	96	1.83e-08	50.1
CA264_18785	iYL1228.KPN_00244	31.7	82	53	1	4	85	36	114	4.28e-07	46.2
CA264_18790	iYO844.BSU37060	51.6	188	84	2	17	197	8	195	1.73e-59	184
CA264_18790	iYS854.USA300HOU_RS11440	51.4	177	79	2	17	186	8	184	2.96e-56	176
CA264_18805	iAF987.Gmet_2161	40.6	128	70	2	46	169	465	590	2.51e-18	80.9
CA264_18815	iHN637.CLJU_RS06465	31.5	311	188	9	5	309	5	296	1.73e-44	154
CA264_18820	iAF987.Gmet_2686	54.3	129	59	0	6	134	4	132	1.35e-45	144
CA264_18820	iJN1463.PP_0849	56.2	137	60	0	1	137	1	137	2.17e-45	144
CA264_18820	iPC815.YPO2883	51.1	139	68	0	1	139	1	139	4.90e-42	135
CA264_18820	iCN718.ABAYE_RS16260	51.8	137	66	0	1	137	1	137	2.90e-41	134
CA264_18845	iCHOv1.100769391	22.4	263	174	7	12	253	74	327	4.97e-13	67.4
CA264_18845	iML1515.b0349	23.7	245	177	7	3	237	28	272	1.24e-12	65.9
CA264_18845	iAF987.Gmet_0843	25.9	263	177	7	3	254	14	269	1.08e-12	65.9
CA264_18845	iSynCJ816.SGL_RS04775	25.3	265	174	8	7	252	22	281	1.19e-12	65.9
CA264_18845	iJN1463.PP_0553	25.8	244	167	7	9	249	132	364	6.33e-12	64.3
CA264_18850	iAF987.Gmet_2822	47.0	627	325	5	7	632	3	623	3.61e-191	553
CA264_18850	iSynCJ816.SGL_RS04515	44.1	623	342	5	9	628	3	622	6.87e-190	550
CA264_18850	iPC815.YPO3177	45.5	620	322	7	9	628	11	614	3.73e-184	534
CA264_18850	iJN1463.PP_0527	46.3	622	319	6	8	629	17	623	3.14e-183	532
CA264_18850	STM_v1_0.STM0422	45.1	623	323	7	9	629	11	616	4.38e-183	531
CA264_18850	iSDY_1059.SDY_0310	44.9	621	327	6	9	629	11	616	4.38e-183	531
CA264_18850	iSbBS512_1146.SbBS512_E0341	44.9	621	327	6	9	629	11	616	8.77e-183	531
CA264_18850	iML1515.b0420	44.8	621	328	6	9	629	11	616	1.24e-182	530
CA264_18850	iYL1228.KPN_00372	45.2	622	326	6	9	630	11	617	1.76e-182	530
CA264_18850	iSSON_1240.SSON_0397	44.8	621	328	6	9	629	11	616	4.98e-182	529
CA264_18850	iSF_1195.SF0357	44.6	621	329	6	9	629	11	616	2.00e-181	527
CA264_18850	iYO844.BSU24270	43.5	626	347	5	9	632	3	623	7.89e-179	521
CA264_18850	iAF987.Gmet_1934	44.9	623	336	5	8	629	4	620	6.08e-179	521
CA264_18850	iCN718.ABAYE_RS02420	44.4	628	323	7	8	628	15	623	5.39e-174	509
CA264_18865	iYS854.USA300HOU_RS12480	34.7	377	239	3	1	377	1	370	4.35e-71	226
CA264_18890	iHN637.CLJU_RS17045	53.2	325	149	2	3	325	5	328	3.29e-115	336
CA264_18890	iAF987.Gmet_0604	54.1	333	145	4	3	328	7	338	3.59e-109	321
CA264_18890	iCN900.CD630_32240	51.1	333	156	3	1	329	4	333	3.38e-108	318
CA264_18920	STM_v1_0.STM2774	26.9	301	211	5	272	566	273	570	4.74e-24	107
CA264_18920	iYL1228.KPN_00919	27.9	251	178	3	314	563	322	570	2.99e-24	106
CA264_18920	iSDY_1059.SDY_1025	26.8	302	211	5	272	566	273	571	8.35e-24	106
CA264_18920	iPC815.YPO3144	29.1	234	155	3	342	565	341	573	1.01e-23	105
CA264_18920	STM_v1_0.STM0957	28.3	254	173	5	314	563	322	570	2.22e-23	103
CA264_18920	iSDY_1059.SDY_2374	28.3	254	173	5	314	563	322	570	6.98e-23	102
CA264_18920	iSSON_1240.SSON_0888	28.0	254	174	5	314	563	322	570	1.23e-22	101
CA264_18920	iML1515.b0887	28.0	254	174	5	314	563	322	570	1.64e-22	101
CA264_18920	iSF_1195.SF0846	28.0	254	174	5	314	563	322	570	1.64e-22	101
CA264_18920	iSbBS512_1146.SbBS512_E2442	27.2	254	176	5	314	563	322	570	3.76e-21	97.1
CA264_18955	iAF987.Gmet_2123	37.1	70	36	2	46	108	40	108	4.93e-06	42.4
CA264_18955	iSynCJ816.SGL_RS05875	32.5	77	41	3	40	107	38	112	5.75e-06	42.0
CA264_18960	iCN718.ABAYE_RS07200	29.2	202	101	8	270	459	255	426	1.24e-06	50.4
CA264_18975	iSynCJ816.SGL_RS17040	29.2	359	206	13	166	496	140	478	3.09e-28	120
CA264_18985	iML1515.b2155	32.5	160	91	6	104	262	31	174	3.64e-08	57.0
CA264_18985	iSSON_1240.SSON_2211	32.5	160	91	6	104	262	31	174	3.64e-08	57.0
CA264_18985	iSDY_1059.SDY_1022	33.1	163	99	5	90	250	19	173	1.13e-07	55.5
CA264_18985	STM_v1_0.STM0585	34.4	160	86	7	97	249	28	175	1.51e-07	55.1
CA264_18985	iSbBS512_1146.SbBS512_E0485	32.9	155	92	5	97	249	27	171	1.98e-07	54.7
CA264_18985	iML1515.b0584	32.9	155	92	5	97	249	27	171	3.42e-07	53.9
CA264_18985	iSDY_1059.SDY_0512	32.9	155	92	5	97	249	27	171	3.42e-07	53.9
CA264_18985	iSF_1195.SF0496	32.9	155	92	5	97	249	27	171	3.42e-07	53.9
CA264_18985	iSSON_1240.SSON_0534	32.9	155	92	5	97	249	27	171	3.42e-07	53.9
CA264_18985	STM_v1_0.STM2199	32.3	155	87	6	94	248	23	159	5.61e-07	53.1
CA264_18985	iYL1228.KPN_02593	31.7	145	83	5	104	248	12	140	9.54e-07	52.4
CA264_18985	iYL1228.KPN_00602	34.9	149	81	6	104	248	39	175	1.02e-06	52.4
CA264_18995	iCN718.ABAYE_RS04050	33.8	473	261	9	118	540	8	478	1.92e-60	207
CA264_18995	iSynCJ816.SGL_RS07160	31.6	469	272	11	129	549	14	481	4.43e-57	198
CA264_18995	iJN1463.PP_0931	32.2	479	275	11	118	548	5	481	1.66e-56	196
CA264_19025	iYS854.USA300HOU_RS09495	50.7	436	156	7	4	429	7	393	8.03e-137	397
CA264_19025	iHN637.CLJU_RS01260	50.2	438	159	9	1	429	1	388	2.45e-134	391
CA264_19025	iJN1463.PP_4967	51.0	431	171	7	4	434	6	396	8.73e-131	382
CA264_19025	iYO844.BSU30550	52.0	402	151	5	4	394	7	377	5.69e-130	380
CA264_19025	iLJ478.TM1658	47.6	445	172	8	1	434	1	395	2.22e-128	376
CA264_19025	STM_v1_0.STM3090	48.1	432	172	6	3	434	4	383	6.18e-128	374
CA264_19025	iNF517.LLMG_RS10795	49.4	443	163	7	3	433	5	398	2.89e-127	373
CA264_19025	iYL1228.KPN_03375	47.9	432	173	6	3	434	4	383	1.42e-126	371
CA264_19025	iAF987.Gmet_1290	50.7	434	162	9	3	434	6	389	2.37e-126	370
CA264_19025	iCN900.CD630_01300	46.6	442	171	9	3	431	4	393	8.78e-126	369
CA264_19025	iML1515.b2942	48.1	432	172	7	3	434	4	383	8.08e-126	369
CA264_19025	iSbBS512_1146.SbBS512_E3374	47.7	432	174	6	3	434	4	383	8.08e-126	369
CA264_19025	iSDY_1059.SDY_3130	48.1	432	172	7	3	434	4	383	8.08e-126	369
CA264_19025	iSF_1195.SF2933	48.1	432	172	7	3	434	4	383	8.08e-126	369
CA264_19025	iSSON_1240.SSON_3096	48.1	432	172	7	3	434	4	383	8.08e-126	369
CA264_19025	iIT341.HP0197	49.3	430	167	8	3	432	5	383	2.37e-125	368
CA264_19025	iPC815.YPO0931	47.5	432	175	7	3	434	4	383	1.20e-122	361
CA264_19025	iCN718.ABAYE_RS10800	47.3	431	179	7	4	434	6	388	5.52e-122	359
CA264_19045	iYO844.BSU37170	52.8	377	178	0	1	377	1	377	1.97e-131	381
CA264_19045	iYO844.BSU24150	49.7	376	189	0	3	378	1	376	1.84e-129	376
CA264_19045	iCN900.CD630_10540	49.6	379	190	1	1	379	1	378	8.24e-128	372
CA264_19045	iYO844.BSU18260	48.9	380	193	1	1	379	1	380	6.52e-120	352
CA264_19055	iAF692.Mbar_A1144	32.7	226	125	7	2	208	3	220	1.10e-15	75.9
CA264_19075	iHN637.CLJU_RS14365	36.1	255	139	9	5	245	6	250	2.95e-36	129
CA264_19075	iYS854.USA300HOU_RS08505	31.6	253	159	6	3	245	2	250	2.29e-34	124
CA264_19075	iAF692.Mbar_A0923	34.9	258	147	6	4	242	5	260	4.22e-34	123
CA264_19075	iCN900.CD630_18370	33.6	253	151	6	1	242	1	247	6.95e-33	120
CA264_19075	iYO844.BSU25660	31.1	264	152	7	4	245	5	260	2.45e-32	119
CA264_19080	iHN637.CLJU_RS03010	33.8	65	43	0	79	143	204	268	6.58e-06	45.1
CA264_19150	iJN1463.PP_0525	22.8	438	281	12	84	501	109	509	2.08e-08	57.0
CA264_19160	iCN718.ABAYE_RS19035	35.3	51	33	0	89	139	371	421	5.70e-04	38.9
CA264_19160	iCHOv1.100757665	34.4	64	38	1	88	147	90	153	6.01e-04	38.1
CA264_19185	iCHOv1.100750969	68.4	431	132	3	6	435	5	432	1.50e-204	571
CA264_19185	iAT_PLT_636.191	68.2	431	133	3	6	435	5	432	6.07e-204	569
CA264_19185	iIS312.TCDM_07587	66.3	436	137	5	8	435	4	437	8.23e-196	549
CA264_19185	iMM904.YER043C	64.5	445	138	5	8	435	8	449	3.70e-190	535
CA264_19200	iAF987.Gmet_2344	34.7	242	153	4	4	244	2	239	6.24e-50	164
CA264_19205	iAF692.Mbar_A1731	27.1	273	180	7	95	361	109	368	2.77e-21	93.6
CA264_19210	iAM_Pv461.PVX_117705	25.6	117	71	4	20	120	34	150	5.14e-07	48.5
CA264_19210	iAM_Pc455.PCYB_126000	25.6	117	71	4	20	120	34	150	6.01e-07	48.1
CA264_19210	iMM904.YML008C	30.3	132	76	5	3	120	93	222	8.59e-06	45.8
CA264_19210	iSynCJ816.SGL_RS11800	30.6	111	55	4	29	124	94	197	1.84e-05	44.7
CA264_19225	iLJ478.TM1689	41.2	194	107	4	1	194	1	187	1.12e-43	144
CA264_19225	iMM904.YDR454C	40.4	188	103	5	6	190	5	186	3.67e-40	134
CA264_19230	iYO844.BSU25640	32.1	190	124	2	2	190	3	188	1.10e-35	123
CA264_19230	iCN900.CD630_25240	35.7	199	118	3	1	190	28	225	7.73e-33	117
CA264_19240	iAF987.Gmet_1252	66.2	231	78	0	3	233	6	236	9.05e-107	308
CA264_19240	iSynCJ816.SGL_RS12175	57.5	233	99	0	1	233	1	233	4.04e-96	281
CA264_19245	iLB1027_lipid.PHATRDRAFT_30519	41.1	73	42	1	62	134	1147	1218	7.44e-11	59.3
CA264_19245	iAF987.Gmet_0816	41.4	70	40	1	65	134	1048	1116	1.57e-09	55.5
CA264_19245	iMM904.YGL062W	37.2	78	48	1	60	137	1064	1140	1.58e-09	55.5
CA264_19245	iMM904.YBR218C	35.6	73	46	1	65	137	1070	1141	5.34e-09	53.9
CA264_19250	iSynCJ816.SGL_RS17040	34.8	610	357	14	58	651	25	609	9.22e-104	340
CA264_19270	iSynCJ816.SGL_RS10925	70.2	399	113	2	1	394	1	398	5.58e-198	551
CA264_19335	iEK1008.Rv0684	55.0	698	303	8	5	697	9	700	1.74e-258	729
CA264_19335	iSynCJ816.SGL_RS10930	52.4	694	321	6	6	699	7	691	3.72e-250	707
CA264_19450	iSynCJ816.SGL_RS14865	44.6	242	133	1	6	246	9	250	1.20e-70	217
CA264_19450	iSynCJ816.SGL_RS16015	41.7	247	132	3	9	246	29	272	6.81e-67	208
CA264_19450	iSynCJ816.SGL_RS14930	44.7	244	133	2	5	246	32	275	3.27e-66	206
CA264_19490	iAF987.Gmet_1771	46.3	376	185	3	8	369	2	374	1.82e-113	335
CA264_19490	iSynCJ816.SGL_RS17390	46.8	378	182	4	9	371	9	382	4.27e-109	324
CA264_19490	iCN718.ABAYE_RS04535	46.6	380	183	6	6	368	2	378	1.03e-108	323
CA264_19490	iLJ478.TM0558	45.9	390	181	4	6	366	2	390	1.78e-107	320
CA264_19490	iPC815.YPO0481	43.4	373	193	3	9	365	5	375	6.34e-105	313
CA264_19490	iYS854.USA300HOU_RS06040	44.7	365	194	5	7	370	3	360	2.62e-103	308
CA264_19490	iHN637.CLJU_RS02150	42.9	354	192	4	8	361	2	345	6.09e-103	307
CA264_19490	iHN637.CLJU_RS12425	43.5	356	194	4	9	364	3	351	7.16e-103	307
CA264_19490	STM_v1_0.STM0066	43.0	374	195	5	9	366	5	376	2.47e-102	306
CA264_19490	iML1515.b0032	42.0	374	199	3	9	366	5	376	1.40e-101	305
CA264_19490	iSbBS512_1146.SbBS512_E0036	42.0	374	199	3	9	366	5	376	1.40e-101	305
CA264_19490	iSDY_1059.SDY_0054	42.0	374	199	3	9	366	5	376	1.40e-101	305
CA264_19490	iSSON_1240.SSON_0037	42.0	374	199	3	9	366	5	376	1.40e-101	305
CA264_19490	iSF_1195.SF0029	42.0	374	199	3	9	366	5	376	2.81e-101	304
CA264_19490	iYL1228.KPN_00040	42.4	373	197	4	9	365	14	384	1.06e-100	303
CA264_19490	iCN900.CD630_35890	44.7	360	185	5	8	365	2	349	3.95e-101	302
CA264_19495	iHN637.CLJU_RS19255	68.3	419	130	2	4	422	7	422	1.02e-204	571
CA264_19495	iYO844.BSU33900	66.1	422	142	1	1	422	1	421	6.34e-203	566
CA264_19495	iCN900.CD630_31700	65.3	424	146	1	1	424	1	423	9.00e-203	566
CA264_19495	iYS854.USA300HOU_RS04205	64.8	429	144	3	1	424	1	427	4.62e-199	556
CA264_19495	iAF987.Gmet_2372	63.8	423	151	1	1	423	1	421	5.18e-197	551
CA264_19495	iNF517.LLMG_RS03215	64.3	428	147	3	1	424	1	426	6.54e-194	543
CA264_19495	iLJ478.TM0877	61.0	421	161	1	4	424	3	420	8.45e-186	523
CA264_19505	iSbBS512_1146.SbBS512_E0599	31.8	513	310	11	13	517	1	481	3.34e-73	244
CA264_19505	iSSON_1240.SSON_0604	31.8	513	310	11	13	517	1	481	4.66e-73	244
CA264_19505	iML1515.b0650	31.6	513	311	11	13	517	1	481	1.27e-72	243
CA264_19505	STM_v1_0.STM0659	33.4	485	275	13	20	492	8	456	2.92e-67	229
CA264_19515	iHN637.CLJU_RS02910	34.6	358	218	4	4	354	8	356	8.42e-68	217
CA264_19525	iAF987.Gmet_0880	31.0	310	202	3	4	309	5	306	5.39e-35	132
CA264_19525	iCN900.CD630_34910	27.2	302	215	3	4	305	2	298	2.05e-34	127
CA264_19550	iCN900.CD630_25900	34.7	285	140	9	3	254	1	272	3.37e-37	132
CA264_19550	iIT341.HP0566	37.9	227	110	7	5	209	3	220	3.14e-37	132
CA264_19550	iHN637.CLJU_RS05285	34.1	279	147	12	3	254	1	269	1.22e-36	130
CA264_19550	iSynCJ816.SGL_RS17890	32.9	283	153	10	1	254	1	275	2.78e-36	129
CA264_19550	iAF987.Gmet_2992	31.4	290	160	10	3	261	1	282	5.09e-33	121
CA264_19550	iYL1228.KPN_04308	32.0	281	159	8	3	258	2	275	1.68e-32	119
CA264_19550	iLB1027_lipid.PHATRDRAFT_34582	30.9	304	141	10	3	254	44	330	7.75e-32	119
CA264_19555	iPC815.YPO2830	30.6	144	96	3	10	153	9	148	6.34e-14	65.9
CA264_19555	iYL1228.KPN_01583	30.1	143	96	3	7	149	6	144	1.38e-11	59.7
CA264_19565	iYS854.USA300HOU_RS00730	47.4	209	107	2	9	217	6	211	5.95e-57	179
CA264_19565	iHN637.CLJU_RS08910	47.4	213	110	2	6	218	3	213	7.02e-57	179
CA264_19565	iYS854.USA300HOU_RS11540	46.9	211	109	2	7	217	4	211	4.79e-56	177
CA264_19565	iYO844.BSU39420	45.4	218	117	2	6	223	3	218	1.69e-54	173
CA264_19565	iCN900.CD630_15020	43.6	211	115	2	10	220	8	214	5.50e-52	167
CA264_19565	iNF517.LLMG_RS05390	45.5	213	113	2	5	217	2	211	5.67e-52	167
CA264_19575	iSynCJ816.SGL_RS15740	39.9	391	230	4	7	395	2	389	6.85e-95	289
CA264_19575	iCN900.CD630_21730	37.5	389	237	4	7	394	5	388	2.08e-87	270
CA264_19575	iSynCJ816.SGL_RS17805	39.1	368	220	4	20	385	28	393	3.02e-84	262
CA264_19575	iYS854.USA300HOU_RS02885	40.5	373	214	5	10	380	6	372	8.20e-84	260
CA264_19595	iEK1008.Rv0125	28.7	282	186	9	114	388	76	349	1.08e-22	99.0
CA264_19600	iJN1463.PP_5258	60.8	477	183	4	47	522	23	496	3.06e-192	546
CA264_19600	iCHOv1.100756509	53.3	508	224	5	18	522	42	539	5.60e-173	498
CA264_19600	iMM1415.110695	52.7	505	230	5	18	521	42	538	1.28e-171	495
CA264_19620	iML1515.b1010	30.4	92	62	2	51	141	37	127	5.51e-09	50.8
CA264_19620	iSDY_1059.SDY_0985	30.4	92	62	2	51	141	37	127	5.51e-09	50.8
CA264_19620	iSF_1195.SF1013	30.4	92	62	2	51	141	37	127	7.70e-09	50.4
CA264_19670	iEK1008.Rv3777	40.3	303	176	3	27	325	27	328	3.72e-73	228
CA264_19675	iSDY_1059.SDY_2837	31.9	235	145	6	10	235	86	314	1.05e-26	104
CA264_19675	iSF_1195.SF2653	31.5	235	146	6	10	235	86	314	2.84e-25	100
CA264_19675	iSSON_1240.SSON_2720	31.5	235	146	6	10	235	86	314	2.84e-25	100
CA264_19675	iSbBS512_1146.SbBS512_E2975	30.6	235	148	5	10	235	86	314	1.06e-24	99.4
CA264_19675	iNF517.LLMG_RS12010	36.0	164	103	1	10	171	83	246	1.62e-24	98.2
CA264_19675	STM_v1_0.STM2662	31.8	239	140	8	10	235	86	314	2.83e-24	98.2
CA264_19675	iCN900.CD630_10600	29.9	234	137	6	10	234	85	300	3.69e-24	97.4
CA264_19680	iAF987.Gmet_0043	26.1	230	143	6	121	335	43	260	7.30e-17	81.3
CA264_19685	iAF987.Gmet_1706	39.0	118	70	1	8	125	2	117	4.96e-18	80.9
CA264_19710	iLJ478.TM1724	38.0	250	149	3	4	252	2	246	4.51e-45	152
CA264_19710	iYL1228.KPN_01091	36.8	253	143	7	5	252	3	243	2.66e-39	137
CA264_19750	iYO844.BSU00090	60.4	487	187	3	5	488	3	486	1.60e-200	565
CA264_19750	iNF517.LLMG_RS01210	58.5	487	199	2	5	488	5	491	3.60e-198	559
CA264_19750	iAF987.Gmet_2293	59.4	478	193	1	11	487	8	485	4.76e-198	559
CA264_19750	iHN637.CLJU_RS18305	59.3	484	192	3	6	488	2	481	6.10e-197	556
CA264_19750	iLJ478.TM1347	59.5	479	189	3	11	487	3	478	1.07e-194	550
CA264_19750	iJN1463.PP_1031	58.6	481	194	4	11	487	7	486	3.18e-193	546
CA264_19750	iML1515.b2508	58.2	483	199	3	7	487	3	484	3.82e-189	536
CA264_19750	iSbBS512_1146.SbBS512_E2883	58.2	483	199	3	7	487	3	484	3.82e-189	536
CA264_19750	iSF_1195.SF2554	58.2	483	199	3	7	487	3	484	3.82e-189	536
CA264_19750	iSSON_1240.SSON_2590	58.2	483	199	3	7	487	3	484	3.82e-189	536
CA264_19750	iYL1228.KPN_02834	58.0	483	200	3	7	487	3	484	5.42e-189	536
CA264_19750	iSDY_1059.SDY_2704	58.2	483	199	3	7	487	3	484	5.42e-189	536
CA264_19750	STM_v1_0.STM2511	57.8	483	201	3	7	487	3	484	3.11e-188	534
CA264_19750	iCN718.ABAYE_RS01355	58.1	484	197	5	8	487	4	485	3.58e-187	531
CA264_19750	iEK1008.Rv3411c	56.6	491	206	2	4	487	36	526	4.19e-186	530
CA264_19750	iYS854.USA300HOU_RS02065	57.3	487	203	5	5	488	3	487	1.02e-186	530
CA264_19750	iPC815.YPO2871	56.1	483	209	3	7	487	3	484	3.98e-186	528
CA264_19750	iIT341.HP0829	56.2	482	206	4	7	487	2	479	2.14e-179	511
CA264_19755	iEK1008.Rv3206c	35.2	105	64	3	4	105	289	392	2.35e-13	63.9
CA264_19755	iEK1008.Rv3116	37.1	105	62	3	4	105	286	389	4.38e-13	63.2
CA264_19770	iPC815.YPO0444	33.1	124	79	2	4	123	234	357	3.00e-11	60.5
CA264_19770	iML1515.b4390	32.3	124	80	2	4	123	234	357	1.37e-10	58.5
CA264_19770	iSbBS512_1146.SbBS512_E4937	32.3	124	80	2	4	123	234	357	1.37e-10	58.5
CA264_19770	iSDY_1059.SDY_4651	32.3	124	80	2	4	123	241	364	1.38e-10	58.5
CA264_19770	iSF_1195.SF4422	32.3	124	80	2	4	123	241	364	1.38e-10	58.5
CA264_19770	iSSON_1240.SSON_4540	32.3	124	80	2	4	123	241	364	1.38e-10	58.5
CA264_19770	iYL1228.KPN_04845	32.3	124	80	2	4	123	234	357	1.16e-09	55.8
CA264_19775	iCN900.CD630_34400	30.2	291	193	4	5	290	4	289	2.36e-51	170
CA264_19790	iAF987.Gmet_2075	58.2	385	158	3	10	392	9	392	1.41e-162	461
CA264_19795	iNF517.LLMG_RS07830	24.0	121	77	3	9	114	119	239	6.56e-04	38.9
CA264_19810	iJN1463.PP_4900	42.9	212	114	4	10	216	15	224	1.69e-50	170
CA264_19835	iSynCJ816.SGL_RS06190	61.6	354	135	1	1	353	1	354	1.23e-152	433
CA264_19835	iLB1027_lipid.PHATRDRAFT_43429	57.8	358	146	4	3	355	28	385	6.28e-135	391
CA264_19860	iLB1027_lipid.PHATRDRAFT_16693	40.2	189	97	6	17	196	14	195	3.11e-34	120
CA264_19880	iYO844.BSU14510	36.4	225	131	2	1	225	1	213	1.09e-42	143
CA264_19880	iYS854.USA300HOU_RS05420	36.4	225	131	3	1	225	1	213	3.72e-40	137
CA264_19880	iYO844.BSU31090	34.2	222	134	1	4	225	8	217	6.84e-38	131
CA264_19885	iYS854.USA300HOU_RS08580	30.9	204	141	0	1	204	1	204	6.03e-41	137
CA264_19885	iNF517.LLMG_RS03940	34.8	198	129	0	1	198	1	198	8.28e-41	137
CA264_19885	iMM1415.80914	32.8	195	122	2	3	188	19	213	2.44e-37	130
CA264_19890	iCN900.CD630_33080	40.1	182	104	4	7	183	256	437	5.46e-35	127
CA264_19890	iSynCJ816.SGL_RS12040	42.6	188	101	3	1	186	1	183	3.38e-36	124
CA264_19890	iYS854.USA300HOU_RS05760	37.7	191	117	2	1	190	1	190	4.91e-36	124
CA264_19890	iAF987.Gmet_1875	41.8	189	106	3	1	185	1	189	4.49e-34	119
CA264_19895	iHN637.CLJU_RS05275	34.2	158	94	3	10	159	6	161	8.18e-20	81.3
CA264_19895	iSynCJ816.SGL_RS14540	34.5	165	90	4	11	163	8	166	6.42e-19	79.0
CA264_19895	iCN900.CD630_25950	34.2	158	97	3	11	161	7	164	1.24e-18	78.2
CA264_19895	iAF987.Gmet_1768	34.0	162	100	2	11	165	8	169	1.26e-18	78.2
CA264_19895	iYS854.USA300HOU_RS06020	31.9	166	100	4	8	163	3	165	4.91e-17	73.9
CA264_19905	iAF692.Mbar_A2020	38.4	73	43	1	254	326	313	383	6.29e-08	53.9
CA264_19915	iCN718.ABAYE_RS17455	40.7	305	177	2	8	310	2	304	2.75e-67	212
CA264_19915	iPC815.YPO3849	40.2	306	179	2	7	310	3	306	1.55e-65	208
CA264_19915	iAF987.Gmet_3234	39.0	305	181	3	8	310	4	305	2.53e-65	207
CA264_19915	iJN1463.PP_0186	39.3	313	186	3	5	315	1	311	1.37e-63	203
CA264_19915	iYO844.BSU28150	39.6	313	181	5	8	316	3	311	5.61e-63	201
CA264_19915	iML1515.b3805	39.9	306	180	2	7	310	3	306	3.05e-62	199
CA264_19915	iSDY_1059.SDY_3941	39.5	309	183	2	4	310	7	313	5.25e-62	199
CA264_19915	iSF_1195.SF3877	39.9	306	180	2	7	310	3	306	4.31e-62	199
CA264_19915	iYL1228.KPN_04304	39.5	306	181	2	7	310	3	306	6.08e-62	199
CA264_19915	iSbBS512_1146.SbBS512_E4264	39.2	309	184	2	4	310	7	313	1.48e-61	198
CA264_19915	iSSON_1240.SSON_3977	39.2	309	184	2	4	310	7	313	1.48e-61	198
CA264_19915	iSynCJ816.SGL_RS07710	39.4	312	182	5	9	315	9	318	1.82e-59	192
CA264_19915	STM_v1_0.STM3938	37.9	309	188	2	4	310	5	311	2.43e-59	192
CA264_19915	iAT_PLT_636.3145	36.9	336	173	7	8	307	19	351	1.09e-58	192
CA264_19920	iCN900.CD630_22760	37.9	454	255	9	59	505	17	450	5.87e-80	256
CA264_19930	iHN637.CLJU_RS02625	33.3	267	167	6	3	267	2	259	3.03e-37	134
CA264_19930	iSynCJ816.SGL_RS02095	29.4	306	185	6	3	299	4	287	6.63e-34	125
CA264_19935	iCHOv1.100773003	26.0	519	296	17	5	468	56	541	2.33e-34	137
CA264_19935	iMM1415.20538	26.2	520	294	18	5	468	178	663	6.11e-32	130
CA264_19935	iCHOv1.100754706	24.8	512	306	15	5	467	79	560	9.89e-32	129
CA264_19935	iCHOv1.100760370	23.8	530	333	15	4	488	43	546	1.12e-31	129
CA264_19935	iAT_PLT_636.6532	24.9	511	307	16	5	467	79	560	1.33e-31	129
CA264_19935	iMM1415.232333	23.8	530	333	15	4	488	43	546	1.12e-31	129
CA264_19935	iMM1415.14412	23.9	519	330	14	5	480	43	539	1.63e-31	128
CA264_19935	iMM1415.240332	25.1	562	348	14	2	508	34	577	6.03e-31	127
CA264_19935	iMM1415.104245	23.0	551	337	10	5	488	208	738	2.30e-30	125
CA264_19935	iCHOv1.100761450	22.9	551	338	10	5	488	185	715	3.96e-30	125
CA264_19935	iMM1415.15567	24.2	508	314	14	5	467	79	560	2.55e-30	125
CA264_19955	iSynCJ816.SGL_RS11800	29.2	137	76	6	46	171	95	221	3.99e-08	53.1
CA264_19955	iMM904.YML008C	31.4	105	69	3	48	152	123	224	4.83e-07	50.1
CA264_19955	iNF517.LLMG_RS03890	29.1	151	98	4	26	170	29	176	4.02e-07	49.7
CA264_19955	iLB1027_lipid.PHATRDRAFT_20470	29.6	142	88	6	15	150	51	186	9.99e-07	48.9
CA264_19955	iJN1463.PP_1765	29.9	107	70	2	47	153	50	151	6.62e-07	48.9
CA264_19960	iAF987.Gmet_1790	31.0	87	50	2	44	130	48	124	6.43e-08	48.9
CA264_20025	iJN1463.PP_3970	46.2	392	200	4	1	385	1	388	6.04e-114	337
CA264_20025	iYO844.BSU26970	44.7	389	200	5	1	385	1	378	5.47e-112	332
CA264_20035	iML1515.b0543	37.5	104	65	0	5	108	4	107	1.94e-14	63.5
CA264_20045	iAF987.Gmet_2776	26.0	242	172	3	13	254	2	236	8.02e-26	101
CA264_20050	iSbBS512_1146.SbBS512_E0257	31.5	149	97	3	70	214	83	230	3.98e-15	71.2
CA264_20050	iSF_1195.SF0258	31.5	149	97	3	70	214	132	279	7.25e-15	71.2
CA264_20050	iSSON_1240.SSON_0316	31.5	149	97	3	70	214	83	230	5.50e-15	70.9
CA264_20050	iML1515.b0308	31.5	149	97	3	70	214	83	230	1.05e-14	70.1
CA264_20055	iAT_PLT_636.4905	36.7	218	115	5	230	430	248	459	1.10e-28	122
CA264_20055	iMM1415.18195	36.7	218	115	5	230	430	248	459	1.10e-28	122
CA264_20065	iYO844.BSU22440	34.1	182	113	3	5	181	79	258	7.51e-26	102
CA264_20065	iAF987.Gmet_1987	31.3	195	127	3	8	197	93	285	8.57e-23	94.7
CA264_20100	iCN900.CD630_27790	36.5	356	221	4	6	358	4	357	1.24e-78	244
CA264_20100	iAF987.Gmet_1104	39.8	362	191	10	6	352	2	351	6.94e-75	235
CA264_20100	iHN637.CLJU_RS02610	38.2	353	194	8	7	352	3	338	8.91e-73	233
CA264_20100	iHN637.CLJU_RS02725	36.8	353	199	8	7	352	3	338	4.14e-69	223
CA264_20105	iJN1463.PP_0957	47.7	325	167	3	1	323	1	324	2.72e-93	280
CA264_20105	iAF987.Gmet_1278	50.0	316	153	3	11	322	6	320	6.44e-91	273
CA264_20105	iPC815.YPO3577	46.6	313	165	2	12	323	17	328	8.05e-91	273
CA264_20105	iYL1228.KPN_03607	45.4	313	169	2	12	323	23	334	4.45e-89	269
CA264_20105	iSF_1195.SF3237	45.4	313	169	2	12	323	17	328	3.68e-89	269
CA264_20105	iML1515.b3197	45.4	313	169	2	12	323	17	328	5.21e-89	269
CA264_20105	iSbBS512_1146.SbBS512_E3573	45.4	313	169	2	12	323	17	328	5.21e-89	269
CA264_20105	iSSON_1240.SSON_3345	45.4	313	169	2	12	323	17	328	5.21e-89	269
CA264_20105	iSDY_1059.SDY_3378	45.4	313	169	2	12	323	17	328	1.04e-88	268
CA264_20105	STM_v1_0.STM3315	44.4	313	172	2	12	323	17	328	2.71e-86	262
CA264_20105	iCN718.ABAYE_RS12520	44.1	322	176	4	4	322	4	324	1.12e-84	258
CA264_20110	iYS854.USA300HOU_RS07595	31.6	430	242	6	13	397	6	428	6.16e-56	197
CA264_20115	iCN900.CD630_02240	45.4	421	224	2	1	421	1	415	1.71e-126	372
CA264_20115	iPC815.YPO3729	48.3	429	207	8	1	422	1	421	1.44e-125	370
CA264_20115	iYL1228.KPN_04387	48.1	428	209	7	1	422	1	421	8.28e-123	363
CA264_20115	STM_v1_0.STM4175	48.1	428	209	7	1	422	1	421	6.24e-122	360
CA264_20115	iSSON_1240.SSON_4178	48.1	428	209	7	1	422	1	421	5.02e-121	358
CA264_20115	iSDY_1059.SDY_3721	48.1	428	209	7	1	422	1	421	1.42e-120	357
CA264_20115	iML1515.b4005	47.9	428	210	7	1	422	1	421	2.01e-120	357
CA264_20115	iSbBS512_1146.SbBS512_E4496	47.9	428	210	7	1	422	1	421	2.01e-120	357
CA264_20115	iSF_1195.SF4077	47.4	428	212	7	1	422	1	421	4.03e-120	356
CA264_20115	iCN718.ABAYE_RS07250	46.9	426	215	6	1	422	1	419	2.86e-117	348
CA264_20115	iHN637.CLJU_RS04235	45.3	422	220	4	1	421	1	412	1.62e-115	343
CA264_20115	iJN1463.PP_4823	45.9	427	218	7	1	422	1	419	1.63e-114	342
CA264_20115	iCHOv1.100689446	44.2	425	226	6	3	422	5	423	7.58e-108	340
CA264_20115	iAT_PLT_636.2618	44.8	426	222	7	3	422	5	423	1.10e-106	337
CA264_20115	iYO844.BSU06530	43.7	421	229	3	1	421	1	413	3.15e-112	335
CA264_20115	iMM1415.14450	43.5	425	229	6	3	422	5	423	8.20e-106	335
CA264_20135	iJN1463.PP_1386	24.0	359	252	5	5	347	6	359	8.81e-21	92.0
CA264_20135	iYL1228.KPN_03672	24.9	357	234	7	17	346	19	368	3.36e-19	87.4
CA264_20135	iJN1463.PP_3425	27.0	355	220	10	20	345	22	366	3.53e-18	84.7
CA264_20140	iJN1463.PP_0043	25.3	1064	714	22	2	1015	4	1036	3.29e-74	265
CA264_20140	iJN1463.PP_2410	24.5	1064	722	23	2	1015	4	1036	9.85e-72	258
CA264_20140	iAF987.Gmet_3509	24.5	1055	713	24	2	1012	4	1019	3.90e-68	247
CA264_20160	iAF987.Gmet_3509	29.3	1043	698	13	4	1023	5	1031	1.48e-134	431
CA264_20160	iJN1463.PP_0043	28.1	1051	707	16	8	1023	9	1045	4.97e-128	414
CA264_20160	iJN1463.PP_2410	28.2	1053	711	16	4	1023	5	1045	3.39e-123	401
CA264_20165	iJN1463.PP_5386	26.7	187	133	3	193	379	202	384	3.45e-05	45.4
CA264_20170	iAF987.Gmet_3507	23.9	394	269	7	68	439	33	417	4.06e-16	79.7
CA264_20175	iPC815.YPO2418	25.1	358	242	9	50	394	34	378	3.49e-16	81.3
CA264_20180	iAF987.Gmet_0887	28.4	338	225	8	3	330	11	341	4.77e-26	111
CA264_20180	iML1515.b2257	30.3	360	218	10	35	375	29	374	1.54e-24	107
CA264_20180	iSbBS512_1146.SbBS512_E2633	30.9	363	212	11	35	375	29	374	3.69e-24	105
CA264_20180	iSF_1195.SF2336	30.9	363	212	11	35	375	29	374	3.69e-24	105
CA264_20180	iSSON_1240.SSON_2318	30.3	366	210	12	35	375	29	374	4.93e-24	105
CA264_20180	iSDY_1059.SDY_2453	30.3	360	218	10	35	375	29	374	8.79e-24	104
CA264_20180	STM_v1_0.STM2301	28.6	377	200	9	35	375	30	373	1.55e-23	103
CA264_20180	iYL1228.KPN_03843	29.2	315	187	8	35	329	29	327	6.67e-23	102
CA264_20190	iAF987.Gmet_0885	31.7	205	139	1	5	208	6	210	2.05e-27	106
CA264_20195	iYL1228.KPN_02492	50.9	348	147	2	6	345	2	333	4.80e-122	354
CA264_20195	iAF987.Gmet_2330	51.7	350	138	4	7	344	4	334	5.51e-119	347
CA264_20195	iSbBS512_1146.SbBS512_E1204	49.1	348	153	3	6	345	2	333	1.37e-116	340
CA264_20205	iAF987.Gmet_1919	27.3	220	148	4	3	219	5	215	1.43e-14	71.2
CA264_20205	iAF987.Gmet_1706	35.3	119	73	3	1	117	1	117	5.13e-13	66.6
CA264_20205	iAF987.Gmet_1914	24.8	149	99	1	2	150	3	138	2.45e-12	65.1
CA264_20210	iAF987.Gmet_0043	24.0	217	139	7	210	405	43	254	6.60e-04	41.6
CA264_20220	iYS854.USA300HOU_RS07240	30.6	196	130	3	52	247	8	197	1.61e-16	75.5
CA264_20315	iHN637.CLJU_RS11995	52.4	378	178	1	1	378	1	376	3.28e-145	416
CA264_20315	iYO844.BSU27250	54.2	378	171	1	1	378	1	376	1.48e-143	412
CA264_20315	iIT341.HP0106	53.3	377	174	1	1	377	1	375	2.87e-141	406
CA264_20315	iNF517.LLMG_RS08915	51.9	374	178	1	5	378	6	377	5.05e-137	395
CA264_20315	iYS854.USA300HOU_RS02320	50.9	379	183	2	1	378	1	377	1.17e-135	392
CA264_20315	iEK1008.Rv1079	51.2	377	178	4	5	379	16	388	7.61e-131	380
CA264_20335	iSDY_1059.SDY_0759	53.1	303	136	1	28	330	3	299	3.43e-101	300
CA264_20335	iML1515.b0828	52.8	303	137	1	28	330	3	299	3.92e-100	298
CA264_20335	iSF_1195.SF0778	52.8	303	137	1	28	330	3	299	3.92e-100	298
CA264_20335	iSSON_1240.SSON_0810	52.5	303	138	1	28	330	3	299	4.48e-99	295
CA264_20335	STM_v1_0.STM0847	51.0	304	143	1	27	330	2	299	4.89e-99	295
CA264_20335	iSbBS512_1146.SbBS512_E2520	52.1	303	139	1	28	330	3	299	2.55e-98	293
CA264_20335	iYL1228.KPN_00861	50.5	317	150	2	28	343	3	313	2.25e-97	290
CA264_20360	iML1515.b3781	52.3	109	51	1	1	108	1	109	9.05e-42	132
CA264_20360	STM_v1_0.STM3915	52.3	109	51	1	1	108	1	109	9.05e-42	132
CA264_20360	iSbBS512_1146.SbBS512_E4140	52.3	109	51	1	1	108	1	109	9.05e-42	132
CA264_20360	iSDY_1059.SDY_3968	52.3	109	51	1	1	108	19	127	1.56e-41	132
CA264_20360	iSF_1195.SF3854	52.3	109	51	1	1	108	19	127	1.56e-41	132
CA264_20360	iSSON_1240.SSON_3952	52.3	109	51	1	1	108	19	127	1.56e-41	132
CA264_20360	iYL1228.KPN_04282	52.3	109	51	1	1	108	1	109	7.41e-41	130
CA264_20360	iYS854.USA300HOU_RS05725	55.9	102	44	1	6	107	4	104	1.23e-38	124
CA264_20360	iPC815.YPO3868	50.0	108	53	1	1	107	1	108	4.59e-37	120
CA264_20370	iYS854.USA300HOU_RS11805	24.1	390	289	6	20	406	3	388	3.15e-27	112
CA264_20380	iAF987.Gmet_2556	25.1	355	240	8	67	400	126	475	1.35e-17	86.3
CA264_20385	iMM1415.69156	33.9	174	108	2	45	213	90	261	1.55e-23	94.4
CA264_20385	iCHOv1.100762102	33.3	174	109	2	45	213	90	261	2.17e-23	94.0
CA264_20385	iCN718.ABAYE_RS12465	28.1	171	119	1	10	176	10	180	2.22e-20	85.1
CA264_20390	iAM_Pb448.PBANKA_083440	29.5	396	257	7	29	403	60	454	3.81e-37	140
CA264_20390	iAM_Pc455.PCYB_074100	35.4	209	134	1	2	210	5	212	1.32e-34	133
CA264_20390	iMM1415.22273	25.8	419	299	6	1	409	45	461	1.13e-33	130
CA264_20390	iAM_Pv461.PVX_087035	34.9	209	135	1	2	210	23	230	1.82e-33	130
CA264_20390	iAM_Pf480.PF3D7_0933600	26.2	424	287	7	2	403	40	459	5.78e-33	129
CA264_20400	iYL1228.KPN_03968	30.7	287	178	8	3	269	15	300	4.59e-28	111
CA264_20405	iNF517.LLMG_RS06155	26.6	124	84	3	64	182	82	203	3.16e-05	42.7
CA264_20405	iHN637.CLJU_RS06600	32.5	83	49	2	112	191	118	196	1.31e-04	40.8
CA264_20405	iIT341.HP0843	29.7	165	107	6	30	189	55	215	1.96e-04	40.4
CA264_20405	iAF692.Mbar_A3318	35.4	65	42	0	112	176	133	197	3.59e-04	39.7
CA264_20405	iYL1228.KPN_04375	25.6	164	111	5	22	176	28	189	6.30e-04	38.9
CA264_20410	iEK1008.Rv3116	40.9	367	205	5	2	358	14	378	7.39e-92	280
CA264_20410	iEK1008.Rv3206c	41.1	370	202	7	2	358	15	381	1.83e-90	276
CA264_20410	iLB1027_lipid.PHATRDRAFT_20318	38.8	399	203	5	2	360	54	451	1.01e-82	258
CA264_20415	iPC815.YPO3743	54.1	368	168	1	3	369	5	372	2.65e-138	398
CA264_20415	iML1515.b3990	52.8	369	173	1	2	369	3	371	1.81e-136	393
CA264_20415	iSF_1195.SF4062	52.6	369	174	1	2	369	3	371	2.57e-136	393
CA264_20415	iSDY_1059.SDY_3737	52.6	369	174	1	2	369	3	371	1.04e-135	391
CA264_20415	iSSON_1240.SSON_4162	52.3	369	175	1	2	369	3	371	8.42e-135	389
CA264_20415	iYL1228.KPN_04371	52.3	369	175	1	2	369	3	371	3.40e-134	387
CA264_20415	STM_v1_0.STM4159	52.0	369	176	1	2	369	3	371	9.69e-134	386
CA264_20420	iML1515.b3991	70.6	252	74	0	4	255	2	253	6.19e-118	337
CA264_20420	STM_v1_0.STM4160	70.5	254	75	0	4	257	2	255	8.78e-118	337
CA264_20420	iSbBS512_1146.SbBS512_E4481	70.6	252	74	0	4	255	2	253	1.77e-117	336
CA264_20420	iSSON_1240.SSON_4163	70.6	252	74	0	4	255	27	278	4.19e-117	336
CA264_20420	iSF_1195.SF4063	69.8	252	76	0	4	255	27	278	4.85e-116	333
CA264_20420	iSDY_1059.SDY_3736	69.8	252	76	0	4	255	27	278	6.89e-116	333
CA264_20420	iPC815.YPO3742	68.5	267	68	2	4	257	2	265	6.93e-116	332
CA264_20420	iYL1228.KPN_04372	68.1	254	81	0	4	257	2	255	2.76e-114	328
CA264_20425	iHN637.CLJU_RS16295	35.0	180	112	1	19	198	23	197	4.81e-28	104
CA264_20425	iSynCJ816.SGL_RS03970	35.3	187	111	2	22	206	160	338	2.00e-26	103
CA264_20425	iYO844.BSU38290	32.3	189	120	3	22	207	33	216	6.23e-26	99.8
CA264_20425	iIT341.HP0843	39.0	164	88	5	45	205	64	218	1.15e-25	99.0
CA264_20425	iAF987.Gmet_2909	33.5	185	117	2	18	202	35	213	4.46e-23	95.9
CA264_20430	iCN900.CD630_15990	33.8	237	145	6	8	235	8	241	8.81e-29	109
CA264_20430	iPC815.YPO2859	30.4	250	164	4	4	244	2	250	3.68e-27	105
CA264_20430	iJN1463.PP_4782	32.4	247	156	6	5	244	7	249	7.29e-26	101
CA264_20430	iAF692.Mbar_A3501	34.4	241	136	8	6	233	11	242	1.09e-24	101
CA264_20430	STM_v1_0.STM2146	30.2	252	162	7	4	244	2	250	1.45e-25	100
CA264_20435	iJN1463.PP_4922	78.4	607	122	4	16	619	23	623	0.0	970
CA264_20435	iCN718.ABAYE_RS17505	75.5	611	142	5	9	619	20	622	0.0	936
CA264_20435	STM_v1_0.STM4164	73.9	610	145	5	15	619	25	625	0.0	914
CA264_20435	iYL1228.KPN_04376	73.0	608	154	4	15	619	25	625	0.0	902
CA264_20435	iML1515.b3994	72.5	610	154	5	15	619	25	625	0.0	900
CA264_20435	iSbBS512_1146.SbBS512_E4485	72.3	610	155	5	15	619	25	625	0.0	899
CA264_20435	iSSON_1240.SSON_4167	72.1	610	156	5	15	619	25	625	0.0	896
CA264_20435	iSF_1195.SF4066	72.1	610	156	5	15	619	25	625	0.0	895
CA264_20435	iSDY_1059.SDY_3732	72.0	610	157	5	15	619	25	625	0.0	892
CA264_20435	iYO844.BSU08790	70.7	624	143	5	1	619	1	589	0.0	890
CA264_20435	iPC815.YPO3739	68.4	630	167	5	17	619	42	666	1.76e-317	875
CA264_20440	iYL1228.KPN_04373	40.3	67	39	1	1	67	1	66	8.83e-12	53.9
CA264_20440	iML1515.b4407	37.3	67	41	1	1	67	1	66	4.15e-10	49.7
CA264_20440	iSDY_1059.SDY_3735	35.8	67	42	1	1	67	1	66	4.15e-10	49.7
CA264_20445	iYS854.USA300HOU_RS08170	32.1	240	135	6	174	408	122	338	9.68e-31	120
CA264_20450	iSF_1195.SF0957	33.9	112	70	3	348	457	200	309	2.52e-09	58.5
CA264_20450	iML1515.b0957	37.5	88	52	2	372	457	221	307	7.83e-09	57.0
CA264_20450	iSbBS512_1146.SbBS512_E2359	37.5	88	52	2	372	457	221	307	7.83e-09	57.0
CA264_20450	iSDY_1059.SDY_0930	37.5	88	52	2	372	457	225	311	7.97e-09	57.0
CA264_20450	iSSON_1240.SSON_0961	37.5	88	52	2	372	457	221	307	7.83e-09	57.0
CA264_20450	iYL1228.KPN_00986	36.4	88	53	2	372	457	231	317	2.55e-08	55.5
CA264_20455	iEK1008.Rv0132c	28.5	179	96	10	31	189	59	225	9.60e-05	43.5
CA264_20465	iAF987.Gmet_1769	50.7	296	145	1	7	301	6	301	8.99e-100	295
CA264_20465	iJN1463.PP_4998	49.2	299	149	2	5	300	17	315	2.23e-90	272
CA264_20465	iEK1008.Rv1380	47.7	304	153	2	4	301	1	304	1.58e-89	269
CA264_20470	iAF987.Gmet_1768	41.5	147	85	1	18	164	20	165	7.04e-35	120
CA264_20470	iCN900.CD630_25950	41.7	151	87	1	2	152	3	152	1.09e-33	117
CA264_20470	iYS854.USA300HOU_RS06020	37.0	162	101	1	1	162	1	161	8.23e-33	115
CA264_20470	iSynCJ816.SGL_RS14540	45.5	132	70	2	18	149	20	149	2.00e-31	111
CA264_20495	iYS854.USA300HOU_RS05715	32.8	564	360	6	1	553	1	556	4.88e-95	301
CA264_20500	iJN1463.PP_0341	27.2	342	202	14	3	318	2	322	3.33e-21	92.4
CA264_20500	iAF987.Gmet_2345	26.9	350	213	12	4	329	16	346	1.77e-20	90.5
CA264_20510	iNF517.LLMG_RS03735	46.3	423	217	5	1	419	1	417	3.02e-114	340
CA264_20510	iAF987.Gmet_3528	45.3	422	222	5	1	419	1	416	3.42e-113	338
CA264_20510	iSynCJ816.SGL_RS05225	44.1	426	229	5	1	418	1	425	1.27e-106	321
CA264_20510	iCN718.ABAYE_RS04335	43.1	422	232	5	1	419	1	417	5.78e-106	319
CA264_20510	iPC815.YPO1379	44.1	429	225	6	1	419	1	424	2.03e-105	318
CA264_20510	iAF692.Mbar_A0541	42.2	424	234	7	1	422	28	442	1.06e-104	317
CA264_20510	iCN900.CD630_00140	41.3	426	243	5	1	423	1	422	7.36e-104	314
CA264_20510	iHN637.CLJU_RS00085	45.5	334	179	3	93	423	91	424	1.45e-101	308
CA264_20510	iYL1228.KPN_00925	42.9	434	232	7	1	423	1	429	2.32e-101	308
CA264_20515	iCN900.CD630_02510	26.8	269	172	7	304	559	133	389	3.92e-12	68.2
CA264_20515	iYS854.USA300HOU_RS11360	24.3	367	240	12	243	580	53	410	9.48e-11	63.9
CA264_20540	iAF987.Gmet_0354	29.9	755	421	20	38	721	39	756	1.23e-92	308
CA264_20550	STM_v1_0.STM2193	53.7	216	97	2	6	218	4	219	1.82e-66	204
CA264_20550	iML1515.b2153	53.9	204	93	1	16	218	16	219	1.04e-65	202
CA264_20550	iSbBS512_1146.SbBS512_E0813	53.9	204	93	1	16	218	16	219	1.04e-65	202
CA264_20550	iSDY_1059.SDY_2127	53.9	204	93	1	16	218	16	219	1.04e-65	202
CA264_20550	iSF_1195.SF2238	53.9	204	93	1	16	218	16	219	1.04e-65	202
CA264_20550	iSSON_1240.SSON_2209	53.9	204	93	1	16	218	16	219	1.04e-65	202
CA264_20550	iYL1228.KPN_02591	53.4	204	94	1	16	218	16	219	4.18e-65	200
CA264_20550	iPC815.YPO1505	54.0	200	89	2	20	218	20	217	3.64e-63	195
CA264_20555	iCHOv1.100750756	41.8	134	78	0	2	135	10	143	7.38e-36	120
CA264_20555	iMM1415.19286	40.3	134	80	0	2	135	10	143	2.41e-34	116
CA264_20595	iJN1463.PP_0217	29.8	228	145	7	19	242	30	246	1.65e-18	83.6
CA264_20595	iSynCJ816.SGL_RS15040	32.3	235	132	9	23	248	101	317	8.85e-19	83.6
CA264_20600	iNF517.LLMG_RS12010	32.7	211	128	5	3	213	82	278	3.29e-24	97.1
CA264_20600	iNF517.LLMG_RS07670	31.9	204	130	4	2	201	77	275	1.06e-23	95.9
CA264_20600	iCN900.CD630_10600	31.2	215	139	5	2	214	83	290	2.01e-21	89.7
CA264_20605	iAF987.Gmet_1642	47.3	260	137	0	9	268	3	262	6.34e-93	275
CA264_20605	iCN900.CD630_15130	44.9	263	145	0	10	272	2	264	4.07e-83	250
CA264_20615	iAF987.Gmet_1425	35.1	242	137	5	18	252	187	415	1.53e-30	117
CA264_20615	iJN1463.PP_4897	34.4	227	142	5	33	255	180	403	1.07e-26	107
CA264_20615	iYL1228.KPN_02778	34.0	238	144	6	20	252	47	276	1.98e-27	106
CA264_20625	iAF987.Gmet_3290	50.3	527	246	2	4	530	14	524	1.51e-181	521
CA264_20625	iCHOv1.100756739	47.3	531	261	3	5	533	42	555	3.86e-168	488
CA264_20625	iAT_PLT_636.64087	47.1	531	262	3	5	533	42	555	4.40e-167	485
CA264_20625	iJN1463.PP_4065	46.6	530	267	2	4	533	14	527	3.49e-167	484
CA264_20625	iMM1415.78038	46.3	531	266	3	5	533	42	555	1.01e-165	481
CA264_20640	iSbBS512_1146.SbBS512_E3847	40.5	74	39	3	48	120	30	99	8.40e-09	53.1
CA264_20640	iSDY_1059.SDY_3630	40.5	74	39	3	48	120	30	99	9.04e-09	53.1
CA264_20640	iSSON_1240.SSON_3713	40.5	74	39	3	48	120	30	99	9.04e-09	53.1
CA264_20640	iML1515.b3475	40.5	74	39	3	48	120	30	99	1.69e-08	52.4
CA264_20640	iSF_1195.SF3493	39.7	73	39	3	48	119	30	98	3.17e-08	51.6
CA264_20640	STM_v1_0.STM3583	41.1	73	38	3	48	119	30	98	4.18e-08	51.2
CA264_20655	iYO844.BSU00780	36.5	115	72	1	1	114	1	115	2.41e-22	84.3
CA264_20660	iCHOv1.100772148	45.9	327	166	3	8	324	89	414	8.40e-86	264
CA264_20660	iMM1415.109136	45.9	327	166	3	8	324	84	409	1.03e-85	263
CA264_20660	iML1515.b2918	49.0	263	133	1	17	279	17	278	7.50e-85	258
CA264_20675	iYL1228.KPN_02303	50.4	494	240	4	37	527	45	536	1.84e-171	497
CA264_20675	iML1515.b1197	50.0	494	242	4	37	527	40	531	7.06e-170	492
CA264_20675	iSF_1195.SF1200	49.8	494	243	4	37	527	40	531	4.01e-169	490
CA264_20675	iSDY_1059.SDY_1246	50.0	494	242	4	37	527	40	531	5.68e-169	490
CA264_20675	iML1515.b3519	49.1	509	253	5	25	530	43	548	4.74e-169	489
CA264_20675	iSbBS512_1146.SbBS512_E3922	49.1	509	253	5	25	530	43	548	4.74e-169	489
CA264_20675	iSF_1195.SF3550	48.9	509	254	5	25	530	43	548	9.51e-169	489
CA264_20675	iSSON_1240.SSON_3567	48.9	509	254	5	25	530	43	548	9.51e-169	489
CA264_20675	STM_v1_0.STM1796	50.2	494	241	4	37	527	47	538	3.81e-168	488
CA264_20675	iYL1228.KPN_03869	49.3	509	252	5	25	530	43	548	1.12e-167	486
CA264_20675	STM_v1_0.STM3603	49.1	509	253	5	25	530	43	548	1.24e-166	483
CA264_20690	iEK1008.Rv1493	66.8	696	219	3	29	712	50	745	0.0	912
CA264_20690	iCHOv1.100765277	66.5	684	224	3	29	710	59	739	0.0	905
CA264_20690	iAT_PLT_636.4594	66.8	684	222	3	29	710	61	741	0.0	904
CA264_20690	iMM1415.17850	66.7	684	223	3	29	710	59	739	0.0	903
CA264_20690	iML1515.b2917	64.1	679	239	2	31	705	29	706	4.55e-312	866
CA264_20690	iSSON_1240.SSON_3068	63.9	679	240	2	31	705	29	706	3.71e-311	864
CA264_20690	iSF_1195.SF2902	63.9	679	240	2	31	705	29	706	1.06e-310	863
CA264_20695	iML1515.b2917	30.3	455	280	6	22	440	6	459	1.75e-54	197
CA264_20695	iAT_PLT_636.4594	32.8	473	279	11	8	445	29	497	2.67e-54	197
CA264_20695	iSSON_1240.SSON_3068	30.1	455	281	6	22	440	6	459	2.19e-53	194
CA264_20695	iSF_1195.SF2902	30.1	455	281	6	22	440	6	459	3.01e-53	193
CA264_20695	iCHOv1.100765277	32.7	459	271	10	22	445	40	495	8.22e-53	192
CA264_20695	iMM1415.17850	32.7	459	271	10	22	445	40	495	1.12e-52	192
CA264_20695	iEK1008.Rv1492	29.7	501	324	10	31	517	37	523	5.24e-53	191
CA264_20695	iEK1008.Rv1493	31.8	447	266	8	37	445	46	491	3.72e-49	182
CA264_20700	iHN637.CLJU_RS03010	39.4	66	37	2	3	65	181	246	9.61e-07	45.8
CA264_20705	iSynCJ816.SGL_RS17805	36.0	400	228	7	46	439	26	403	3.54e-73	235
CA264_20705	iSynCJ816.SGL_RS15740	36.2	401	235	9	39	437	6	387	2.40e-66	217
CA264_20710	iLJ478.TM1878	35.8	148	88	4	104	246	359	504	8.91e-21	90.5
CA264_20710	iCN718.ABAYE_RS09695	27.1	240	149	7	32	250	368	602	1.77e-18	84.0
CA264_20715	iCHOv1.100759374	34.3	283	157	6	28	289	25	299	2.02e-43	155
CA264_20715	iYO844.BSU07840	33.6	304	147	9	34	304	669	950	3.57e-42	155
CA264_20715	iAT_PLT_636.4907	33.9	283	158	6	28	289	23	297	6.94e-42	152
CA264_20715	iMM1415.23959	33.8	284	157	8	28	289	25	299	2.37e-39	145
CA264_20725	iAF692.Mbar_A2517	37.9	768	361	20	9	678	23	772	1.89e-154	465
CA264_20725	iEK1008.Rv1564c	39.7	696	337	26	9	647	22	691	6.42e-144	436
CA264_20730	iAF987.Gmet_1548	34.0	341	215	3	42	372	91	431	2.72e-56	190
CA264_20735	iAF987.Gmet_1548	26.3	384	227	6	64	434	73	413	4.05e-30	121
CA264_20745	iAF987.Gmet_1547	51.7	617	290	4	22	637	426	1035	3.00e-205	603
CA264_20750	iAF987.Gmet_1547	53.6	418	193	1	1	417	1	418	6.63e-153	459
CA264_20770	iJN1463.PP_0316	29.3	352	238	2	302	653	27	367	1.79e-46	168
CA264_20780	iAF987.Gmet_3159	33.0	606	324	18	21	549	111	711	1.18e-79	266
CA264_20780	iEK1008.Rv1328	29.4	615	342	16	21	550	113	720	1.16e-71	245
CA264_20790	iAF692.Mbar_A3564	41.0	339	191	5	4	339	3	335	2.15e-88	268
CA264_20790	iAF692.Mbar_A2189	41.3	339	190	5	4	339	3	335	9.76e-87	264
CA264_20810	iJN1463.PP_1156	44.0	248	139	0	20	267	26	273	6.53e-70	217
CA264_20810	STM_v1_0.STM2393	40.2	244	146	0	22	265	40	283	1.87e-61	196
CA264_20840	iYL1228.KPN_00869	25.2	242	144	7	67	302	40	250	1.75e-14	74.3
CA264_20855	STM_v1_0.STM1731	49.4	267	117	5	1	266	1	250	3.61e-78	239
CA264_20930	iAF692.Mbar_A1889	34.9	63	41	0	132	194	203	265	9.65e-08	51.2
CA264_20930	iSynCJ816.SGL_RS12475	34.3	67	44	0	128	194	21	87	1.85e-06	47.4
CA264_20940	iAF692.Mbar_A0570	41.5	451	250	5	2	443	4	449	1.20e-117	351
CA264_20940	iAF692.Mbar_A3561	40.4	450	254	6	3	443	5	449	7.18e-108	326
CA264_21055	iJN1463.PP_0043	44.8	1059	552	11	1	1043	1	1042	1.47e-279	824
CA264_21055	iJN1463.PP_2410	44.3	1054	552	12	1	1037	1	1036	1.81e-272	805
CA264_21055	iAF987.Gmet_3509	41.9	1055	574	14	1	1043	1	1028	1.73e-261	776
CA264_21060	iJN1463.PP_2409	24.5	379	246	7	42	419	65	404	6.75e-27	110
CA264_21060	iJN1463.PP_0044	22.8	373	251	6	48	419	80	416	6.94e-24	102
CA264_21080	iYO844.BSU33490	51.9	595	275	5	88	675	112	702	2.23e-192	560
CA264_21080	iSynCJ816.SGL_RS16100	50.4	625	294	9	56	671	104	721	4.31e-186	544
CA264_21080	iCN900.CD630_03130	47.7	619	309	8	60	671	185	795	2.19e-179	530
CA264_21095	iJN1463.PP_0041	60.5	646	252	3	193	838	21	663	6.91e-254	721
CA264_21115	iLB1027_lipid.PHATRDRAFT_26432	48.7	466	235	3	2	463	34	499	9.49e-151	438
CA264_21115	iAF987.Gmet_2764	49.2	474	227	5	3	464	6	477	1.52e-146	426
CA264_21115	iJN1463.PP_5366	49.4	464	230	5	2	462	3	464	1.21e-145	424
CA264_21115	iJN1463.PP_4187	47.3	469	239	3	2	463	4	471	2.80e-139	408
CA264_21115	iAT_PLT_636.1738	46.5	458	240	5	4	456	43	500	1.74e-137	404
CA264_21115	iCHOv1.100689437	46.7	458	239	5	4	456	43	500	4.92e-137	403
CA264_21115	iMM1415.13382	46.0	461	244	5	1	456	40	500	6.96e-137	403
CA264_21115	iMM904.YFL018C	45.5	473	247	4	2	463	26	498	1.43e-136	402
CA264_21120	iSDY_1059.SDY_3200	24.1	249	173	8	8	245	9	252	5.28e-08	52.0
CA264_21120	STM_v1_0.STM3190	25.0	252	167	9	8	245	9	252	2.37e-07	50.1
CA264_21120	iML1515.b3040	24.1	249	173	8	8	245	9	252	5.82e-07	48.9
CA264_21120	iSSON_1240.SSON_3177	24.1	249	173	8	8	245	9	252	5.82e-07	48.9
CA264_21120	iYL1228.KPN_03453	23.1	247	177	6	8	245	3	245	1.02e-06	48.1
CA264_21120	iSF_1195.SF3080	24.1	249	173	8	8	245	9	252	1.06e-06	48.1
CA264_21135	iJN1463.PP_0026	48.3	292	148	2	3	294	7	295	3.99e-91	272
CA264_21145	iAF692.Mbar_A1916	20.3	404	264	10	209	589	182	550	3.10e-08	56.2
CA264_21150	iHN637.CLJU_RS11425	31.5	279	155	13	17	280	16	273	6.13e-21	92.4
CA264_21150	iPC815.YPO0060	26.7	374	233	14	1	366	1	341	1.77e-20	90.9
CA264_21150	STM_v1_0.STM3708	26.7	374	233	14	1	366	1	341	8.31e-20	89.0
CA264_21150	iYL1228.KPN_03961	27.6	294	183	10	1	287	1	271	1.54e-19	88.2
CA264_21150	iML1515.b3616	26.2	374	235	15	1	366	1	341	5.27e-19	86.7
CA264_21150	iSSON_1240.SSON_3788	26.2	374	235	15	1	366	1	341	7.16e-19	86.3
CA264_21150	iSbBS512_1146.SbBS512_E4044	26.2	374	235	15	1	366	1	341	9.74e-19	85.9
CA264_21150	iSF_1195.SF3656	26.2	374	235	15	1	366	1	341	9.74e-19	85.9
CA264_21150	iCN900.CD630_04900	26.3	274	173	9	17	284	16	266	1.96e-18	85.1
CA264_21150	iSDY_1059.SDY_4049	26.2	374	235	15	1	366	1	341	6.09e-18	83.6
CA264_21180	iYO844.BSU15790	50.5	214	105	1	4	216	4	217	3.81e-71	215
CA264_21180	iAF987.Gmet_0067	51.9	210	101	0	4	213	4	213	4.33e-71	215
CA264_21180	iSynCJ816.SGL_RS09950	50.7	215	104	1	4	216	7	221	5.78e-71	215
CA264_21180	iCN900.CD630_25750	50.7	207	101	1	4	209	4	210	8.07e-67	204
CA264_21180	iHN637.CLJU_RS06205	46.4	211	113	0	4	214	4	214	9.79e-64	196
CA264_21240	iAF987.Gmet_1043	31.4	137	89	3	176	311	51	183	8.69e-09	56.2
CA264_21260	iAF987.Gmet_1547	35.0	1269	577	27	1	1260	1	1030	6.36e-222	668
CA264_21260	iJN1463.PP_5387	32.8	1276	605	24	1	1261	1	1038	7.65e-197	603
CA264_21265	iAF987.Gmet_1549	24.1	315	227	5	29	335	13	323	3.90e-13	70.5
CA264_21270	iAF987.Gmet_1548	36.7	401	218	5	46	429	50	431	2.31e-75	247
CA264_21280	iAF692.Mbar_A1889	34.3	70	45	1	47	115	12	81	1.41e-06	45.4
CA264_21280	iSynCJ816.SGL_RS16100	37.7	61	38	0	47	107	19	79	3.49e-06	44.3
CA264_21295	iJN1463.PP_3382	30.3	99	64	3	29	124	318	414	7.50e-08	49.3
CA264_21325	iCN900.CD630_21150	48.3	749	358	10	15	740	83	825	6.84e-222	642
CA264_21325	iSynCJ816.SGL_RS05435	49.5	738	357	8	15	740	8	741	2.20e-222	640
CA264_21325	iYO844.BSU33500	49.8	743	343	9	11	740	74	799	8.08e-221	639
CA264_21325	iYS854.USA300HOU_RS13880	46.2	732	371	6	15	740	77	791	2.43e-214	622
CA264_21325	STM_v1_0.STM0353	48.1	740	362	7	16	740	15	747	1.71e-212	616
CA264_21325	iAF692.Mbar_A1889	47.9	752	356	13	16	740	208	950	2.74e-206	607
CA264_21330	iSynCJ816.SGL_RS08475	26.9	227	140	7	1	224	1	204	2.34e-14	72.0
CA264_21330	iCN718.ABAYE_RS09945	25.4	228	142	6	1	224	1	204	3.12e-14	71.6
CA264_21330	iEK1008.Rv0634c	29.4	211	104	8	27	218	45	229	1.28e-12	67.0
CA264_21335	iCN900.CD630_21150	42.4	59	34	0	8	66	84	142	1.32e-11	58.2
CA264_21335	iAF692.Mbar_A1889	38.8	67	41	0	3	69	135	201	8.68e-11	55.8
CA264_21335	iYS854.USA300HOU_RS13885	36.9	65	41	0	1	65	1	65	1.79e-11	53.9
CA264_21335	iYO844.BSU33500	35.5	62	40	0	6	67	77	138	1.05e-09	52.8
CA264_21350	iSynCJ816.SGL_RS03640	25.9	344	193	17	17	333	9	317	2.48e-10	60.8
CA264_21420	STM_v1_0.STM0353	40.0	60	33	2	10	69	18	74	1.28e-05	40.4
CA264_21420	iYL1228.KPN_00464	36.7	60	35	1	10	69	125	181	6.18e-05	38.5
CA264_21425	iCN900.CD630_21150	45.4	753	385	8	20	751	78	825	8.57e-206	602
CA264_21425	iSynCJ816.SGL_RS05435	46.3	754	368	8	20	751	3	741	1.09e-200	585
CA264_21425	iYS854.USA300HOU_RS13880	43.0	742	399	9	20	755	72	795	1.90e-196	577
CA264_21425	iAF692.Mbar_A1889	43.5	766	394	9	18	755	200	954	3.90e-187	558
CA264_21425	iYO844.BSU33500	44.0	747	389	9	20	754	73	802	8.58e-189	557
CA264_21440	iAF987.Gmet_1547	55.0	418	187	1	1	417	1	418	3.26e-157	470
CA264_21445	iAF987.Gmet_1547	51.9	628	295	4	7	634	425	1045	6.30e-227	658
CA264_21450	iAF987.Gmet_1549	21.6	269	189	7	132	388	132	390	6.65e-06	47.8
CA264_21455	iAF987.Gmet_1548	30.8	428	231	5	22	434	40	417	1.10e-55	191
CA264_21460	iAF987.Gmet_1548	32.6	387	242	4	28	396	40	425	4.08e-62	206
CA264_21495	iAF692.Mbar_A0818	55.5	663	281	4	34	683	168	829	9.68e-237	678
CA264_21515	iML1515.b1985	26.5	446	308	7	26	458	45	483	7.76e-47	169
CA264_21560	iAF692.Mbar_A0818	57.1	653	265	4	73	712	179	829	4.58e-240	687
CA264_21575	iYL1228.KPN_01017	23.2	379	260	9	19	377	17	384	2.29e-18	87.0
CA264_21575	iCN900.CD630_28680	21.7	387	283	9	20	391	21	402	2.02e-17	84.0
CA264_21575	iJN1463.PP_5273	23.3	386	245	8	26	380	27	392	2.38e-17	84.0
CA264_21575	iML1515.b1301	23.4	363	255	8	31	377	29	384	4.15e-17	83.2
CA264_21575	iSSON_1240.SSON_1839	23.4	363	255	8	31	377	29	384	4.15e-17	83.2
CA264_21575	iSbBS512_1146.SbBS512_E1537	23.4	363	255	8	31	377	29	384	5.54e-17	82.8
CA264_21575	iSDY_1059.SDY_1943	23.4	363	255	8	31	377	29	384	9.86e-17	82.0
CA264_21575	iSF_1195.SF1306	22.9	362	258	7	31	377	29	384	4.17e-16	80.1
CA264_21575	iJN1463.PP_3146	24.5	387	250	13	17	375	15	387	5.70e-16	79.7
CA264_21595	iJN1463.PP_2205	34.1	621	303	14	37	646	43	568	8.50e-86	284
CA264_21645	iAF692.Mbar_A0363	31.4	283	184	7	5	286	3	276	3.59e-32	120
CA264_21645	iPC815.YPO2013	29.7	283	186	7	2	277	3	279	7.12e-31	117
CA264_21645	iSbBS512_1146.SbBS512_E1371	30.0	300	194	9	2	291	3	296	9.92e-31	117
CA264_21645	iML1515.b1207	30.0	300	194	9	2	291	3	296	1.38e-30	116
CA264_21645	iSDY_1059.SDY_1256	30.0	300	194	9	2	291	3	296	1.38e-30	116
CA264_21645	iSSON_1240.SSON_1971	30.0	300	194	9	2	291	3	296	1.38e-30	116
CA264_21645	iAF987.Gmet_2848	27.4	274	191	5	5	274	7	276	1.89e-30	116
CA264_21645	STM_v1_0.STM1780	29.7	300	195	9	2	291	3	296	3.74e-30	115
CA264_21645	iSF_1195.SF1210	30.0	300	194	9	2	291	3	296	3.74e-30	115
CA264_21645	iCN718.ABAYE_RS14860	27.5	302	202	9	4	296	5	298	1.03e-29	114
CA264_21645	iYL1228.KPN_02238	29.2	277	183	7	5	274	3	273	1.33e-29	114
CA264_21645	iIT341.HP0742	26.3	289	206	5	5	290	15	299	5.56e-29	112
CA264_21650	iAF692.Mbar_A3188	40.5	378	218	3	113	484	104	480	1.07e-85	272
CA264_21665	iSynCJ816.SGL_RS17385	52.0	321	153	1	1	320	1	321	1.63e-109	322
CA264_21665	iML1515.b1380	48.9	329	166	2	1	328	1	328	2.16e-106	313
CA264_21665	STM_v1_0.STM1647	49.8	329	163	2	1	328	1	328	2.16e-106	313
CA264_21665	iSbBS512_1146.SbBS512_E1618	48.9	329	166	2	1	328	1	328	2.16e-106	313
CA264_21665	iSSON_1240.SSON_1744	48.9	329	166	2	1	328	1	328	2.16e-106	313
CA264_21665	iSF_1195.SF1814	48.9	329	166	2	1	328	1	328	3.06e-106	313
CA264_21665	iSDY_1059.SDY_1464	48.3	329	168	2	1	328	1	328	1.00e-104	309
CA264_21665	iYL1228.KPN_01449	50.3	322	158	2	1	321	1	321	8.09e-104	307
CA264_21665	iPC815.YPO2329	49.4	322	161	2	1	321	1	321	8.35e-104	307
CA264_21665	iJN1463.PP_1649	51.6	322	154	2	1	321	14	334	1.41e-102	304
