SMc02792	iML1515.b3248	34.0	194	118	5	5	197	4	188	4.94e-20	83.2
SMc02791	iYO844.BSU25660	34.3	274	170	6	14	282	7	275	3.02e-40	140
SMc02791	iAF987.Gmet_1392	34.5	275	169	3	14	280	12	283	3.50e-40	140
SMc02791	iSynCJ816.SGL_RS17415	33.3	282	175	6	14	286	13	290	8.18e-39	137
SMc02791	iAF692.Mbar_A0923	36.5	266	157	7	14	271	7	268	4.92e-38	135
SMc02791	iLJ478.TM0346	38.6	251	134	8	14	263	5	236	1.38e-37	133
SMc02791	iYS854.USA300HOU_RS08505	32.9	252	158	4	14	263	5	247	3.02e-36	130
SMc02791	iYL1228.KPN_03682	38.7	274	146	12	14	276	6	268	6.55e-36	129
SMc02791	iJN1463.PP_0074	37.6	274	153	8	14	277	6	271	6.86e-36	129
SMc02790	iYO844.BSU29060	36.9	203	100	4	2	188	3	193	1.35e-30	110
SMc02785	iJN1463.PP_4971	31.0	306	196	6	58	359	87	381	4.15e-38	140
SMc02781	iSynCJ816.SGL_RS08770	23.8	185	99	5	39	195	30	200	3.08e-05	42.7
SMc02780	iYL1228.KPN_00256	70.1	481	144	0	1	481	1	481	4.39e-250	690
SMc02780	iJN1463.PP_0213	70.2	480	141	1	1	480	1	478	9.55e-249	687
SMc02780	iML1515.b2661	68.8	481	150	0	1	481	1	481	2.79e-246	681
SMc02780	STM_v1_0.STM2791	68.6	481	151	0	1	481	1	481	3.75e-244	675
SMc02780	iSSON_1240.SSON_2805	68.4	481	152	0	1	481	1	481	1.52e-243	674
SMc02780	iAF987.Gmet_3395	67.9	483	155	0	1	483	2	484	1.71e-238	661
SMc02778	iSF_1195.SF4379	53.4	249	116	0	5	253	2	250	1.09e-94	279
SMc02778	iSSON_1240.SSON_4494	53.0	249	117	0	5	253	2	250	1.31e-94	278
SMc02778	iYL1228.KPN_04783	54.0	248	114	0	6	253	3	250	2.05e-94	278
SMc02778	iSbBS512_1146.SbBS512_E4885	52.6	249	118	0	5	253	2	250	2.64e-94	278
SMc02778	STM_v1_0.STM1106	53.0	249	117	0	5	253	2	250	1.46e-91	271
SMc02778	iML1515.b2245	48.5	262	133	2	6	266	7	267	3.13e-84	252
SMc02778	STM_v1_0.STM2289	50.4	242	120	0	6	247	7	248	3.13e-84	252
SMc02776	iJN1463.PP_2834	54.8	504	218	5	4	499	10	511	7.99e-173	496
SMc02775	iYO844.BSU39780	24.9	334	202	8	1	318	1	301	1.27e-16	79.0
SMc02775	iML1515.b1771	27.8	255	152	8	6	253	6	235	7.74e-15	73.9
SMc02774	iYL1228.KPN_04156	32.6	301	185	7	16	312	9	295	3.77e-30	115
SMc02774	STM_v1_0.STM3884	31.6	301	188	7	16	312	9	295	3.80e-28	110
SMc02774	iML1515.b3751	31.6	301	188	7	16	312	9	295	1.02e-27	109
SMc02773	iPC815.YPO3964	41.8	486	281	2	28	511	5	490	2.71e-125	375
SMc02773	iYO844.BSU35940	40.1	484	288	2	30	511	3	486	6.32e-120	361
SMc02773	iHN637.CLJU_RS00620	39.8	487	289	3	29	511	5	491	1.71e-118	357
SMc02773	iNF517.LLMG_RS04060	40.0	485	286	4	30	511	3	485	7.74e-118	355
SMc02773	iPC815.YPO2256	39.3	496	290	4	27	515	17	508	5.54e-114	347
SMc02773	iLJ478.TM0115	38.3	493	294	4	29	511	14	506	4.47e-112	342
SMc02773	iYL1228.KPN_03931	38.5	499	295	4	29	515	4	502	4.05e-111	339
SMc02773	iLJ478.TM0956	39.3	499	291	5	29	515	12	510	5.44e-111	339
SMc02772	iPC815.YPO2499	41.4	292	171	0	30	321	39	330	1.82e-64	206
SMc02772	iLJ478.TM0112	43.1	283	159	1	43	323	33	315	7.86e-63	201
SMc02772	iCN900.CD630_03020	40.4	292	173	1	29	319	33	324	1.16e-59	194
SMc02772	iNF517.LLMG_RS04065	38.5	301	183	1	23	321	11	311	1.92e-59	192
SMc02772	iYL1228.KPN_04155	39.2	301	178	2	24	320	22	321	6.72e-59	191
SMc02772	iML1515.b3750	38.5	301	180	2	24	320	22	321	2.65e-58	190
SMc02772	iYO844.BSU35950	40.2	291	172	1	29	317	28	318	1.52e-57	188
SMc02771	iML1515.b4358	41.8	340	186	5	1	333	4	338	2.74e-79	245
SMc02771	iSSON_1240.SSON_4504	41.8	340	186	5	1	333	9	343	3.19e-79	245
SMc02771	iSbBS512_1146.SbBS512_E4898	41.4	338	190	4	1	333	4	338	1.10e-78	243
SMc02767	iCN718.ABAYE_RS03580	39.8	216	123	4	2	215	8	218	3.17e-40	136
SMc02766	iJN1463.PP_0083	72.4	391	108	0	8	398	4	394	3.07e-211	585
SMc02766	iCN718.ABAYE_RS03585	66.8	391	130	0	14	404	14	404	2.09e-191	535
SMc02765	iJN1463.PP_0082	57.4	272	111	1	3	274	2	268	2.11e-103	301
SMc02764	iPC815.YPO2768	47.0	296	157	0	1	296	1	296	1.63e-87	263
SMc02764	STM_v1_0.STM2366	49.5	285	140	2	1	284	1	282	1.32e-86	261
SMc02764	iML1515.b2316	49.1	285	141	2	1	284	1	282	2.64e-86	260
SMc02764	iCN718.ABAYE_RS03615	53.3	257	119	1	27	283	43	298	3.09e-86	260
SMc02764	iSbBS512_1146.SbBS512_E2694	49.1	285	141	2	1	284	1	282	5.29e-86	259
SMc02764	iSDY_1059.SDY_2515	49.1	285	141	2	1	284	1	282	5.29e-86	259
SMc02764	iYL1228.KPN_02706	48.8	285	142	2	1	284	1	282	7.98e-86	259
SMc02764	iSSON_1240.SSON_2374	49.1	285	141	2	1	284	1	282	7.49e-86	259
SMc02764	iAF987.Gmet_2476	49.0	263	134	0	20	282	18	280	1.60e-84	255
SMc02764	iSynCJ816.SGL_RS12910	48.1	260	135	0	19	278	26	285	2.50e-81	248
SMc02764	iJN1463.PP_1996	46.0	276	148	1	2	276	3	278	6.57e-80	244
SMc02764	iHN637.CLJU_RS20740	46.9	258	134	1	21	278	32	286	2.49e-78	239
SMc02763	iAF987.Gmet_2475	35.1	447	252	12	11	447	5	423	7.23e-63	209
SMc02761	iML1515.b3781	58.1	93	39	0	10	102	12	104	6.13e-35	115
SMc02761	STM_v1_0.STM3915	58.1	93	39	0	10	102	12	104	6.13e-35	115
SMc02761	iSbBS512_1146.SbBS512_E4140	58.1	93	39	0	10	102	12	104	6.13e-35	115
SMc02761	iSDY_1059.SDY_3968	58.1	93	39	0	10	102	30	122	1.04e-34	115
SMc02761	iSF_1195.SF3854	58.1	93	39	0	10	102	30	122	1.04e-34	115
SMc02761	iSSON_1240.SSON_3952	58.1	93	39	0	10	102	30	122	1.04e-34	115
SMc02761	iYL1228.KPN_04282	58.1	93	39	0	10	102	12	104	3.53e-34	113
SMc02761	iJN1463.PP_5215	54.6	97	44	0	6	102	9	105	1.01e-33	112
SMc02761	iPC815.YPO3868	53.8	93	43	0	10	102	12	104	2.29e-32	108
SMc02761	iYS854.USA300HOU_RS05725	53.5	99	44	1	1	99	1	97	3.35e-31	105
SMc02761	STM_v1_0.STM2649	48.4	93	48	0	14	106	47	139	1.29e-30	105
SMc02761	iYL1228.KPN_02905	50.0	92	46	0	14	105	47	138	2.73e-30	104
SMc02758	iEK1008.Rv3264c	25.6	242	162	6	5	238	7	238	9.66e-16	75.1
SMc02758	iMM1415.331026	26.5	234	149	8	5	227	2	223	1.80e-15	74.3
SMc02758	iMM904.YDL055C	28.1	235	145	8	5	227	2	224	1.57e-14	71.6
SMc02758	iCHOv1.100760573	26.1	234	150	8	5	227	2	223	3.92e-14	70.5
SMc02758	iIS312.TCDM_10698	27.7	235	153	8	5	231	15	240	1.45e-13	68.9
SMc02758	iSynCJ816.SGL_RS11220	39.4	99	50	2	5	93	2	100	1.99e-13	68.6
SMc02756	iAF987.Gmet_0043	32.0	241	154	3	584	815	27	266	3.36e-29	123
SMc02755	iAF987.Gmet_1294	69.5	465	142	0	2	466	12	476	7.32e-231	640
SMc02754	iYO844.BSU13900	40.0	70	42	0	20	89	13	82	3.69e-12	56.6
SMc02754	iML1515.b1198	36.6	82	52	0	13	94	160	241	8.10e-10	53.5
SMc02754	iSbBS512_1146.SbBS512_E1357	36.6	82	52	0	13	94	160	241	8.10e-10	53.5
SMc02754	iML1515.b2169	34.8	92	57	1	6	94	283	374	1.07e-09	53.1
SMc02754	iSbBS512_1146.SbBS512_E0794	34.8	92	57	1	6	94	283	374	1.07e-09	53.1
SMc02754	iSDY_1059.SDY_2317	34.8	92	57	1	6	94	283	374	1.07e-09	53.1
SMc02754	iSF_1195.SF2254	34.8	92	57	1	6	94	283	374	1.07e-09	53.1
SMc02754	iSF_1195.SF1201	36.6	82	52	0	13	94	160	241	1.11e-09	53.1
SMc02754	iSSON_1240.SSON_2225	34.8	92	57	1	6	94	283	374	1.07e-09	53.1
SMc02754	iNF517.LLMG_RS00670	40.3	72	43	0	10	81	3	74	1.18e-10	52.8
SMc02754	STM_v1_0.STM2206	34.8	92	57	1	6	94	283	374	2.01e-09	52.4
SMc02753	iCN900.CD630_02840	31.8	132	89	1	1	131	1	132	2.56e-23	87.8
SMc02752	iYS854.USA300HOU_RS04115	39.3	89	47	3	3	90	130	212	1.40e-07	48.9
SMc04446	iAF987.Gmet_0043	27.0	244	146	9	362	592	44	268	3.70e-07	52.8
SMc02560	iAF987.Gmet_0069	34.4	122	73	3	2	117	3	123	1.71e-15	73.9
SMc02560	iAF987.Gmet_1914	39.0	105	63	1	1	104	1	105	6.48e-14	70.1
SMc02560	iAF987.Gmet_2999	34.5	116	73	1	4	116	10	125	7.90e-13	66.6
SMc02562	iAF987.Gmet_3169	54.7	519	230	4	12	526	11	528	3.66e-202	573
SMc02562	iYO844.BSU30560	53.6	509	231	5	24	529	19	525	1.15e-182	523
SMc02567	iPC815.YPO3758	53.1	311	139	5	23	330	10	316	8.34e-108	317
SMc02567	iSF_1195.SF4052	52.4	311	141	5	23	330	2	308	9.06e-108	316
SMc02567	iML1515.b3974	52.4	311	141	5	23	330	10	316	2.37e-107	315
SMc02567	STM_v1_0.STM4139	52.1	311	142	5	23	330	10	316	2.37e-107	315
SMc02567	iSSON_1240.SSON_4147	52.4	311	141	5	23	330	10	316	2.37e-107	315
SMc02567	iYL1228.KPN_04352	52.1	311	142	5	23	330	12	318	3.60e-107	315
SMc02567	iSDY_1059.SDY_3754	52.4	311	141	5	23	330	10	316	3.37e-107	315
SMc02567	iSbBS512_1146.SbBS512_E4462	52.4	311	141	5	23	330	10	316	6.76e-107	314
SMc02567	iEK1008.Rv1092c	52.9	314	138	3	21	331	6	312	3.38e-106	312
SMc02567	iYO844.BSU23760	50.0	308	153	1	25	331	12	319	1.39e-104	308
SMc02568	iLJ478.TM1035	48.2	85	44	0	8	92	111	195	5.70e-17	72.0
SMc02568	iML1515.b2026	46.0	87	47	0	6	92	115	201	1.75e-16	70.9
SMc02568	iYL1228.KPN_02482	46.0	87	47	0	6	92	111	197	2.26e-16	70.5
SMc02568	iSbBS512_1146.SbBS512_E1206	46.0	87	47	0	6	92	115	201	3.44e-16	70.1
SMc02568	iSDY_1059.SDY_2215	46.0	87	47	0	6	92	115	201	3.44e-16	70.1
SMc02568	iSSON_1240.SSON_2097	46.0	87	47	0	6	92	115	201	3.44e-16	70.1
SMc02568	iYO844.BSU34860	43.3	90	51	0	6	95	117	206	5.32e-16	69.7
SMc02568	iSF_1195.SF2088	46.0	87	47	0	6	92	115	201	6.77e-16	69.3
SMc02568	iAF987.Gmet_0390	40.2	102	61	0	3	104	5	106	1.90e-16	68.6
SMc02568	iPC815.YPO1542	43.7	87	49	0	6	92	115	201	1.35e-15	68.6
SMc02568	STM_v1_0.STM2078	44.8	87	48	0	6	92	115	201	2.61e-15	67.8
SMc02568	iJN1463.PP_5015	42.9	105	56	1	5	105	4	108	5.64e-16	67.4
SMc02569	iJN1463.PP_0293	69.9	256	77	0	1	256	1	256	6.47e-125	355
SMc02569	iAF987.Gmet_0389	69.0	255	76	1	3	257	2	253	4.99e-119	340
SMc02569	iCN718.ABAYE_RS01735	66.7	255	81	1	3	257	2	252	1.01e-113	326
SMc02570	iAF987.Gmet_0388	58.8	240	99	0	1	240	1	240	3.14e-91	268
SMc02570	iJN1463.PP_0292	52.5	236	111	1	1	235	1	236	2.89e-82	246
SMc02572	iAF987.Gmet_0387	43.2	213	106	4	3	211	4	205	7.80e-48	155
SMc02572	iAF692.Mbar_A3476	38.5	213	113	7	2	212	3	199	4.05e-43	143
SMc02574	iCN718.ABAYE_RS01785	52.3	197	94	0	5	201	1	197	1.10e-71	215
SMc02574	iSynCJ816.SGL_RS15395	49.5	196	99	0	6	201	15	210	4.50e-69	209
SMc02574	iAF987.Gmet_0386	52.3	195	92	1	7	201	2	195	1.12e-68	207
SMc02574	iJN1463.PP_0289	49.0	198	101	0	4	201	13	210	3.66e-68	207
SMc02574	iAF692.Mbar_A1310	48.5	194	96	2	8	201	2	191	1.23e-64	197
SMc02579	iCHOv1.100767149	27.4	394	258	11	86	461	123	506	9.30e-38	144
SMc02579	iCHOv1.100768783	26.8	425	264	12	59	457	98	501	9.18e-38	144
SMc02579	iMM1415.13117	26.1	448	276	13	33	457	86	501	1.73e-37	143
SMc02579	iMM1415.64385	29.2	428	256	15	64	461	113	523	5.83e-37	142
SMc02579	iCHOv1.100766524	28.9	408	255	12	54	441	79	471	5.69e-37	141
SMc02579	iMM1415.13113	29.9	431	269	14	54	464	79	496	5.69e-37	141
SMc02579	iCHOv1.100773614	29.5	427	260	16	62	461	104	516	4.76e-36	139
SMc02579	iCHOv1.100774306	28.7	425	262	13	64	461	106	516	6.66e-36	139
SMc02579	iMM1415.208285	29.1	423	267	13	62	461	104	516	9.12e-36	138
SMc02579	iCHOv1.100755384	28.3	421	264	13	62	457	104	511	2.15e-35	137
SMc02579	iCHOv1.100767921	35.7	224	133	7	242	461	287	503	1.92e-35	137
SMc02579	iCHOv1.100768211	35.7	224	133	7	242	461	284	500	3.48e-35	136
SMc02579	iCHOv1.100761725	28.6	434	271	14	54	461	96	516	2.78e-34	134
SMc02579	iMM1415.72054	28.0	421	274	12	62	461	104	516	3.88e-34	134
SMc02579	iMM1415.106648	27.6	428	274	12	62	461	109	528	2.76e-33	131
SMc02579	iMM1415.100041375	27.8	454	291	13	34	464	9	448	2.88e-33	130
SMc02580	iAF692.Mbar_A2490	36.7	575	318	15	7	571	1	539	1.71e-96	310
SMc02580	iAF692.Mbar_A1067	35.5	592	329	15	4	582	2	553	4.06e-96	310
SMc02580	iAF692.Mbar_A0141	35.4	639	357	15	4	625	2	601	2.34e-94	304
SMc02580	iAF692.Mbar_A2491	33.9	614	358	15	7	605	23	603	1.04e-90	296
SMc02580	iAF692.Mbar_A1068	34.0	583	322	14	7	571	5	542	7.85e-89	290
SMc02581	iJN1463.PP_0356	66.8	720	238	1	4	722	5	724	0.0	988
SMc02581	iEK1008.Rv1837c	62.9	723	263	3	2	720	3	724	0.0	902
SMc02581	iCN718.ABAYE_RS10490	62.1	720	270	2	3	722	4	720	0.0	892
SMc02582	iML1515.b1678	37.4	147	86	4	131	275	91	233	4.44e-14	70.9
SMc02582	STM_v1_0.STM1375	34.9	149	91	4	131	277	91	235	2.02e-13	68.9
SMc02582	iML1515.b1113	34.6	153	84	5	131	275	97	241	3.43e-13	68.2
SMc02582	iML1515.b1990	36.5	156	77	8	131	277	91	233	2.00e-12	65.9
SMc02584	iAF987.Gmet_1914	25.7	105	78	0	25	129	4	108	2.81e-08	52.4
SMc02584	iAF987.Gmet_1919	25.2	111	83	0	24	134	4	114	2.07e-07	49.7
SMc02584	iAF987.Gmet_2999	27.0	111	79	1	24	132	9	119	3.84e-07	48.9
SMc02584	iAF987.Gmet_3476	30.3	109	74	2	25	131	12	120	5.58e-07	48.5
SMc02587	iJN1463.PP_1484	41.9	191	108	1	28	218	18	205	1.94e-37	133
SMc02587	iSbBS512_1146.SbBS512_E0058	43.6	181	99	1	31	211	16	193	2.05e-38	132
SMc02587	iSDY_1059.SDY_0093	43.6	181	99	1	31	211	16	193	2.05e-38	132
SMc02587	iSF_1195.SF0061	43.6	181	99	1	31	211	16	193	2.05e-38	132
SMc02587	iJN1463.PP_3817	44.0	175	95	1	37	211	37	208	1.11e-36	132
SMc02587	iML1515.b0066	43.1	181	100	1	31	211	16	193	1.14e-37	130
SMc02587	iAF692.Mbar_A1305	36.3	204	127	1	16	219	4	204	1.78e-36	130
SMc02587	STM_v1_0.STM0106	44.5	182	98	1	40	221	25	203	1.74e-37	130
SMc02587	iSSON_1240.SSON_0072	43.1	181	100	1	31	211	16	193	1.61e-37	130
SMc02587	STM_v1_0.STM0428	40.3	201	115	3	13	211	16	213	6.58e-36	129
SMc02587	iSynCJ816.SGL_RS10355	37.6	218	122	5	11	218	14	227	9.04e-36	129
SMc02587	iCN900.CD630_35300	41.8	184	104	1	28	211	17	197	8.75e-36	128
SMc02587	iCN900.CD630_35270	40.7	204	108	4	28	222	17	216	1.72e-35	127
SMc02587	STM_v1_0.STM0878	39.4	193	114	1	26	218	31	220	5.65e-35	127
SMc02587	iPC815.YPO1332	38.5	208	122	4	13	218	17	220	7.89e-35	127
SMc02587	iEK1008.Rv2832c	42.3	182	102	2	37	218	28	206	8.18e-35	126
SMc02587	iEK1008.Rv2397c	41.0	183	105	1	29	211	19	198	6.94e-35	126
SMc02587	iML1515.b0855	38.9	193	115	1	26	218	31	220	1.54e-34	126
SMc02587	iSDY_1059.SDY_0740	38.9	193	115	1	26	218	31	220	1.54e-34	126
SMc02587	iSF_1195.SF0809	38.9	193	115	1	26	218	58	247	2.37e-34	126
SMc02587	iYL1228.KPN_00886	38.9	193	115	1	26	218	47	236	3.89e-34	125
SMc02587	iJN1463.PP_1722	41.8	194	108	3	26	218	15	204	1.25e-34	125
SMc02587	iSbBS512_1146.SbBS512_E2476	38.9	193	115	1	26	218	31	220	3.00e-34	125
SMc02587	iSSON_1240.SSON_0840	38.9	193	115	1	26	218	58	247	4.61e-34	125
SMc02587	iPC815.YPO0520	42.7	185	103	1	37	221	13	194	1.23e-35	125
SMc02587	iEK1008.Rv2038c	39.1	197	113	2	24	218	15	206	2.96e-34	125
SMc02587	iML1515.b1441	38.7	191	114	1	28	218	18	205	7.85e-34	123
SMc02587	iSDY_1059.SDY_1733	38.5	192	115	1	28	219	18	206	7.85e-34	123
SMc02587	iSDY_1059.SDY_2026	38.7	194	116	2	26	219	29	219	2.25e-33	123
SMc02587	iML1515.b1126	38.7	194	116	2	26	219	29	219	3.14e-33	122
SMc02587	iYL1228.KPN_00065	42.3	175	98	1	37	211	22	193	1.57e-34	122
SMc02587	iSbBS512_1146.SbBS512_E1304	38.7	194	116	2	26	219	29	219	3.14e-33	122
SMc02587	iSF_1195.SF1128	38.7	194	116	2	26	219	29	219	3.14e-33	122
SMc02587	iSSON_1240.SSON_1144	38.7	194	116	2	26	219	29	219	3.14e-33	122
SMc02587	iSSON_1240.SSON_1696	38.7	191	114	1	28	218	18	205	1.54e-33	122
SMc02587	iYL1228.KPN_01927	38.7	191	114	1	28	218	18	205	2.15e-33	122
SMc02587	iLJ478.TM1376	39.8	191	112	1	28	218	19	206	3.72e-33	122
SMc02587	iYL1228.KPN_01132	36.4	214	128	3	7	219	13	219	8.53e-33	121
SMc02587	iPC815.YPO3712	40.8	206	116	4	16	219	4	205	7.37e-33	121
SMc02587	STM_v1_0.STM1226	36.9	203	124	3	18	219	20	219	1.19e-32	121
SMc02587	iEK1008.Rv1859	39.9	198	108	4	31	219	15	210	2.00e-32	120
SMc02587	iJN1463.PP_5179	38.2	186	112	1	33	218	41	223	3.33e-32	120
SMc02588	iCN900.CD630_10260	25.5	145	103	1	399	538	84	228	2.15e-06	48.9
SMc02588	iYL1228.KPN_01130	27.9	147	99	2	360	506	65	204	7.95e-06	47.4
SMc02588	iML1515.b1124	29.1	110	74	1	397	506	99	204	1.93e-05	46.2
SMc02588	iSbBS512_1146.SbBS512_E2201	29.1	110	74	1	397	506	99	204	1.93e-05	46.2
SMc02588	iSDY_1059.SDY_2028	29.1	110	74	1	397	506	99	204	1.93e-05	46.2
SMc02588	iSF_1195.SF1126	29.1	110	74	1	397	506	99	204	1.93e-05	46.2
SMc02588	iSSON_1240.SSON_1142	29.1	110	74	1	397	506	99	204	1.93e-05	46.2
SMc02588	STM_v1_0.STM1223	29.1	110	74	1	397	506	99	204	2.50e-05	45.8
SMc02594	iAF987.Gmet_1179	29.5	139	92	2	82	216	43	179	5.84e-14	67.4
SMc02594	iCN900.CD630_34560	40.9	66	39	0	152	217	117	182	1.09e-12	63.9
SMc02595	STM_v1_0.STM4100	54.0	376	172	1	33	407	7	382	2.89e-135	392
SMc02595	iYL1228.KPN_04233	54.3	376	171	1	33	407	7	382	5.80e-135	391
SMc02595	iSSON_1240.SSON_4113	53.7	376	173	1	33	407	7	382	1.34e-133	388
SMc02595	iML1515.b3939	53.7	376	173	1	33	407	7	382	1.89e-133	387
SMc02595	iSDY_1059.SDY_3774	53.7	376	173	1	33	407	7	382	1.89e-133	387
SMc02595	iSbBS512_1146.SbBS512_E4425	53.2	376	175	1	33	407	7	382	3.08e-132	384
SMc02595	iSF_1195.SF4017	53.5	376	174	1	33	407	7	382	3.08e-132	384
SMc04463	iCHOv1.100759566	36.8	57	33	2	45	98	49	105	5.02e-04	37.7
SMc02604	iAF987.Gmet_1162	52.1	290	128	5	1	290	1	279	7.84e-92	274
SMc02604	iSynCJ816.SGL_RS13155	49.5	291	141	3	4	294	10	294	7.85e-89	266
SMc02604	iJN1463.PP_1945	49.3	292	143	3	4	295	5	291	2.03e-88	265
SMc02604	iJN1463.PP_2265	49.7	286	134	4	4	289	5	280	1.79e-82	250
SMc02606	iJN1463.PP_0325	43.1	1007	545	15	3	987	4	1004	3.48e-251	733
SMc02607	iJN1463.PP_0324	46.7	75	34	4	7	76	6	79	4.14e-17	69.7
SMc02608	iJN1463.PP_0323	56.9	411	176	1	2	411	3	413	1.85e-160	457
SMc02610	iSynCJ816.SGL_RS13120	34.6	159	96	3	133	283	66	224	4.46e-17	81.3
SMc02612	iAF692.Mbar_A0664	35.9	409	224	6	23	410	85	476	7.18e-64	213
SMc02612	iLJ478.TM0397	33.9	410	235	5	21	410	85	478	1.32e-59	202
SMc02613	iYO844.BSU17460	33.8	444	264	11	4	430	8	438	1.33e-70	229
SMc02613	iNF517.LLMG_RS12480	33.8	455	262	13	4	435	7	445	6.86e-67	219
SMc02613	iAF692.Mbar_A0666	33.8	444	273	10	4	435	12	446	5.77e-65	214
SMc02613	iLJ478.TM0943	31.8	447	281	10	1	433	1	437	1.97e-63	210
SMc02613	iYS854.USA300HOU_RS06590	32.7	447	261	13	4	428	10	438	2.49e-62	207
SMc02616	iAF692.Mbar_A0847	44.3	456	246	3	10	464	3	451	3.57e-121	361
SMc04154	iJN1463.PP_1943	49.1	285	142	3	1	283	1	284	8.03e-92	273
SMc04154	iJN1463.PP_0327	48.0	277	144	0	6	282	8	284	8.92e-91	271
SMc04154	iJN1463.PP_1367	46.5	282	150	1	3	283	1	282	1.89e-84	254
SMc04154	iYO844.BSU13110	45.9	281	144	3	8	283	22	299	1.20e-81	248
SMc04153	iLJ478.TM0211	26.4	307	211	5	7	308	28	324	2.99e-36	134
SMc04153	iHN637.CLJU_RS11895	29.7	337	211	8	11	334	35	358	3.26e-34	129
SMc04153	iCN900.CD630_16570	26.7	322	215	9	11	323	35	344	1.90e-30	122
SMc04151	iJN1463.PP_3737	35.8	310	187	6	18	321	13	316	3.63e-56	184
SMc04149	iCHOv1.100750993	30.4	230	134	7	3	226	4	213	6.91e-22	97.8
SMc04148	iHN637.CLJU_RS11895	29.4	378	247	8	408	781	2	363	8.12e-49	176
SMc04148	iLJ478.TM0211	30.8	383	224	8	411	780	2	356	4.89e-48	174
SMc04148	iYS854.USA300HOU_RS08205	31.7	378	230	12	411	781	6	362	8.97e-48	173
SMc04148	iCN900.CD630_16570	27.8	363	241	9	428	786	22	367	2.15e-44	171
SMc04147	iYS854.USA300HOU_RS14110	22.3	332	231	10	214	540	160	469	1.17e-08	57.4
SMc04146	iSynCJ816.SGL_RS18020	59.3	788	315	3	16	799	18	803	0.0	1023
SMc04146	iLB1027_lipid.PHATRDRAFT_36257	56.5	813	309	8	29	799	24	833	0.0	948
SMc04145	iJN1463.PP_1171	53.3	257	117	2	4	257	8	264	4.37e-93	275
SMc04144	iCN718.ABAYE_RS08940	50.1	557	273	3	11	562	8	564	9.90e-186	534
SMc04142	iCHOv1.100752401	29.8	295	196	5	5	289	4	297	6.54e-32	119
SMc04140	iSF_1195.SF4170	56.2	361	154	2	4	360	3	363	7.53e-132	381
SMc04140	STM_v1_0.STM4230	56.3	359	155	2	4	360	3	361	2.01e-131	380
SMc04140	iPC815.YPO3712	56.0	359	156	2	4	360	3	361	2.84e-131	379
SMc04140	iML1515.b4035	56.0	361	155	2	4	360	3	363	4.31e-131	379
SMc04140	iSSON_1240.SSON_4213	56.0	361	155	2	4	360	3	363	4.31e-131	379
SMc04140	iYL1228.KPN_04424	56.3	359	155	2	4	360	3	361	1.32e-129	375
SMc04139	STM_v1_0.STM4433	22.6	345	237	12	8	340	8	334	6.56e-13	68.6
SMc04139	iAF692.Mbar_A1138	26.9	193	121	6	6	195	4	179	1.32e-12	67.4
SMc04139	STM_v1_0.STM4425	24.5	364	225	16	1	345	1	333	1.55e-12	67.4
SMc04137	iYO844.BSU06990	45.9	270	143	3	27	294	28	296	8.49e-86	258
SMc04136	iYO844.BSU06980	54.5	286	129	1	31	315	21	306	1.12e-114	333
SMc04135	iYO844.BSU06970	27.9	401	280	6	29	426	31	425	6.26e-58	195
SMc04133	iYL1228.KPN_00507	26.0	235	152	8	54	287	39	252	6.30e-07	50.4
SMc04133	iAF692.Mbar_A1138	26.6	229	133	8	1	228	1	195	1.03e-06	49.7
SMc04133	STM_v1_0.STM4433	32.4	74	48	1	89	160	74	147	1.96e-05	45.8
SMc04130	iSF_1195.SF4283	52.9	255	113	3	7	257	12	263	2.87e-88	264
SMc04129	STM_v1_0.STM4425	26.3	179	119	4	33	209	28	195	2.35e-13	70.5
SMc04129	iYO844.BSU39700	28.6	203	128	5	7	206	4	192	4.47e-13	69.7
SMc04129	iAF692.Mbar_A1138	33.3	123	79	2	33	155	26	145	2.73e-12	67.0
SMc04129	iYL1228.KPN_04675	27.7	173	114	3	35	206	56	218	1.62e-11	65.1
SMc04128	iYL1228.KPN_03835	48.0	735	327	9	10	743	53	733	2.67e-181	535
SMc04128	iSSON_1240.SSON_3707	48.0	735	325	9	10	743	52	730	8.38e-179	528
SMc04128	iSF_1195.SF3487	47.9	735	326	9	10	743	52	730	3.34e-178	527
SMc04128	iML1515.b3469	47.8	735	327	9	10	743	52	730	1.88e-177	525
SMc04128	iSbBS512_1146.SbBS512_E3853	47.8	735	327	9	10	743	52	730	3.74e-177	524
SMc04128	iSDY_1059.SDY_3620	47.6	735	328	9	10	743	52	730	5.29e-177	524
SMc04128	STM_v1_0.STM3576	47.8	735	327	10	10	743	52	730	4.18e-173	514
SMc04128	iPC815.YPO3820	45.1	747	349	10	10	743	86	784	4.37e-166	498
SMc04127	iHN637.CLJU_RS00620	38.2	502	292	7	1	496	1	490	7.12e-100	309
SMc04127	STM_v1_0.STM2189	37.3	480	294	3	6	485	14	486	3.43e-99	308
SMc04127	iML1515.b2149	37.1	480	295	3	6	485	14	486	2.69e-98	305
SMc04127	iSF_1195.SF2234	37.1	480	295	3	6	485	14	486	2.69e-98	305
SMc04127	iSSON_1240.SSON_2205	37.1	480	295	3	6	485	14	486	2.69e-98	305
SMc04127	iLJ478.TM0115	37.5	510	293	6	6	502	15	511	5.63e-98	305
SMc04127	iPC815.YPO3964	37.3	510	299	8	1	503	1	496	5.50e-98	305
SMc04127	iYL1228.KPN_02587	36.1	479	297	4	8	485	1	471	1.67e-95	298
SMc04127	iPC815.YPO1508	35.2	480	304	3	6	485	14	486	3.96e-94	295
SMc04127	iNF517.LLMG_RS04060	37.9	504	290	9	6	502	3	490	8.22e-93	291
SMc04127	iYL1228.KPN_04154	36.7	502	305	5	6	506	5	494	1.49e-92	290
SMc04127	STM_v1_0.STM3882	36.7	502	305	5	6	506	5	494	2.95e-92	290
SMc04127	iML1515.b3749	36.3	502	307	5	6	506	5	494	4.16e-92	289
SMc04127	iYO844.BSU35940	36.0	505	299	8	6	502	3	491	2.59e-91	287
SMc04127	iLJ478.TM0956	37.8	505	292	8	4	496	11	505	1.08e-87	278
SMc04126	iJN1463.PP_4842	30.7	88	53	2	213	292	352	439	5.35e-04	41.6
SMc04126	iLJ478.TM0112	23.8	168	108	4	199	354	153	312	7.33e-04	40.8
SMc04125	iPC815.YPO2257	22.8	202	132	4	29	230	90	267	8.38e-08	52.8
SMc04124	iNF517.LLMG_RS05395	43.9	123	69	0	26	148	6	128	1.49e-26	96.7
SMc04124	iMM1415.72269	40.5	126	73	2	27	151	18	142	1.83e-25	94.4
SMc04124	iCHOv1.100754972	40.5	126	73	2	27	151	18	142	2.66e-25	94.0
SMc04124	iHN637.CLJU_RS08905	42.9	126	72	0	27	152	6	131	5.03e-25	92.8
SMc04124	iYO844.BSU25300	38.5	130	80	0	22	151	1	130	2.24e-24	91.3
SMc04124	iLJ478.TM0846	40.2	122	72	1	25	146	5	125	4.52e-23	87.8
SMc04123	iPC815.YPO1171	45.8	251	133	1	17	264	34	284	9.08e-70	216
SMc04123	iCN900.CD630_12240	47.8	228	116	1	17	241	20	247	3.07e-69	214
SMc04123	iYO844.BSU23490	44.9	245	131	2	4	245	8	251	2.04e-67	209
SMc04123	STM_v1_0.STM2422	45.1	246	132	1	6	248	15	260	5.57e-66	206
SMc04123	iML1515.b2407	45.1	246	132	1	6	248	15	260	1.11e-65	205
SMc04123	iHN637.CLJU_RS10190	41.6	250	143	1	17	263	28	277	1.84e-64	202
SMc04123	iLJ478.TM1737	44.3	264	140	3	4	261	34	296	1.93e-63	200
SMc04122	iML1515.b4382	54.4	436	197	1	4	437	3	438	2.03e-149	431
SMc04122	iSbBS512_1146.SbBS512_E4929	54.4	436	197	1	4	437	3	438	2.03e-149	431
SMc04122	iSSON_1240.SSON_4533	54.4	436	197	1	4	437	3	438	2.03e-149	431
SMc04122	iSDY_1059.SDY_4642	54.1	436	198	1	4	437	3	438	5.78e-149	430
SMc04122	iYL1228.KPN_04838	54.1	436	198	1	4	437	3	438	1.64e-148	429
SMc04122	STM_v1_0.STM4568	53.9	436	199	1	4	437	3	438	2.33e-148	429
SMc04122	iSF_1195.SF4414	54.1	436	198	1	4	437	3	438	1.33e-147	427
SMc04121	iYS854.USA300HOU_RS11405	60.3	209	83	0	1	209	1	209	1.37e-86	254
SMc04121	iYO844.BSU36890	56.9	209	90	0	1	209	1	209	9.15e-85	249
SMc04121	iNF517.LLMG_RS10940	56.9	211	89	1	1	209	1	211	1.39e-84	249
SMc04121	iHN637.CLJU_RS01135	56.9	209	90	0	1	209	1	209	3.03e-83	245
SMc04121	iCN900.CD630_34790	55.5	209	93	0	1	209	1	209	1.42e-81	241
SMc04120	iJN1463.PP_0591	32.0	309	206	3	5	310	8	315	7.93e-48	162
SMc04120	iCN718.ABAYE_RS13035	32.0	322	215	3	5	323	10	330	2.39e-47	162
SMc04119	iPC815.YPO0439	58.4	409	165	3	1	406	1	407	2.56e-170	482
SMc04119	iYL1228.KPN_04839	56.9	408	171	3	1	405	5	410	1.84e-166	472
SMc04119	iML1515.b4383	57.1	408	170	3	1	405	1	406	2.26e-166	472
SMc04119	iSbBS512_1146.SbBS512_E4930	57.1	408	170	3	1	405	1	406	2.26e-166	472
SMc04119	iSF_1195.SF4415	57.1	408	170	3	1	405	1	406	2.26e-166	472
SMc04119	iSDY_1059.SDY_4643	57.1	408	170	3	1	405	1	406	3.21e-166	471
SMc04119	iSSON_1240.SSON_4534	56.9	408	171	3	1	405	1	406	9.16e-166	470
SMc04119	STM_v1_0.STM4569	55.9	410	174	4	1	406	1	407	3.02e-164	466
SMc02825	iJN1463.PP_0980	37.9	335	192	6	115	435	137	469	4.96e-59	201
SMc02825	iCN900.CD630_13000	36.4	360	213	8	111	456	122	479	3.80e-58	198
SMc02825	iPC815.YPO2889	39.2	306	176	5	134	430	93	397	4.78e-57	194
SMc02825	iYL1228.KPN_02855	39.3	305	172	5	137	430	94	396	4.74e-55	189
SMc02825	STM_v1_0.STM2536	38.9	303	176	4	137	430	94	396	4.63e-55	189
SMc02825	iSbBS512_1146.SbBS512_E2898	38.3	303	178	4	137	430	94	396	6.71e-54	186
SMc02825	iSDY_1059.SDY_2719	34.2	421	242	11	23	430	27	425	1.78e-53	185
SMc02825	iML1515.b2523	38.0	303	179	4	137	430	94	396	1.83e-53	184
SMc02825	iSSON_1240.SSON_2605	33.6	426	238	11	23	430	27	425	3.46e-53	184
SMc02825	iSF_1195.SF2570	38.0	303	179	4	137	430	94	396	4.97e-53	183
SMc02825	iAM_Pf480.PF3D7_1446200	36.4	302	186	4	149	445	290	590	2.62e-51	182
SMc02825	iAM_Pb448.PBANKA_130990	36.1	302	187	4	149	445	320	620	1.05e-50	181
SMc02827	iML1515.b1655	35.6	101	62	3	180	277	155	255	7.02e-05	43.1
SMc02828	iML1515.b1033	38.4	289	165	6	38	319	30	312	3.83e-50	168
SMc02828	iSSON_1240.SSON_1042	38.4	289	165	6	38	319	43	325	5.35e-50	168
SMc02828	iSbBS512_1146.SbBS512_E2296	38.4	289	165	6	38	319	30	312	7.58e-50	167
SMc02828	STM_v1_0.STM1135	39.8	284	158	6	43	319	35	312	1.50e-49	167
SMc02828	iSDY_1059.SDY_1004	38.4	289	165	6	38	319	43	325	2.94e-49	166
SMc02828	iYL1228.KPN_01056	39.1	279	157	5	48	319	40	312	2.30e-48	164
SMc02829	iJN1463.PP_4150	64.3	526	186	2	5	530	6	529	1.78e-234	655
SMc02829	iML1515.b2180	58.4	527	219	0	1	527	1	527	9.28e-214	602
SMc02830	iJN1463.PP_4149	60.4	361	117	4	16	374	3	339	5.67e-155	439
SMc02830	iML1515.b2179	55.6	360	135	2	16	374	4	339	6.03e-143	409
SMc02831	iJN1463.PP_4148	63.9	360	125	2	1	359	1	356	2.56e-158	447
SMc02831	iML1515.b2178	57.9	373	133	3	1	358	1	364	2.59e-150	427
SMc02832	iJN1463.PP_4147	45.1	605	311	10	12	614	10	595	3.46e-172	503
SMc02833	iYL1228.KPN_02718	40.2	254	140	5	48	301	29	270	3.68e-54	179
SMc02833	iPC815.YPO2752	38.8	258	137	7	48	301	29	269	1.95e-50	169
SMc02833	STM_v1_0.STM2383	38.6	254	144	5	48	301	29	270	1.05e-49	167
SMc02834	iLJ478.TM1185	57.0	121	51	1	1	121	12	131	6.58e-39	128
SMc02834	iPC815.YPO1441	51.2	121	58	1	1	121	8	127	2.01e-35	119
SMc02834	iCN900.CD630_11530	51.3	115	55	1	7	121	3	116	2.47e-35	118
SMc02834	iYO844.BSU22480	53.9	115	52	1	7	121	3	116	3.51e-35	117
SMc02834	STM_v1_0.STM1076	50.0	118	58	1	4	121	11	127	2.18e-34	116
SMc02834	iYL1228.KPN_00992	50.8	118	57	1	4	121	16	132	3.56e-34	115
SMc02835	iPC815.YPO2977	37.1	310	194	1	14	323	6	314	1.01e-59	194
SMc02835	iSDY_1059.SDY_2587	36.5	310	196	1	14	323	6	314	8.27e-58	189
SMc02835	STM_v1_0.STM2403	36.5	310	196	1	14	323	6	314	1.64e-57	188
SMc02835	iSF_1195.SF2454	36.1	310	197	1	14	323	6	314	3.26e-57	187
SMc02835	iML1515.b2388	36.1	310	197	1	14	323	6	314	4.59e-57	187
SMc02835	iSbBS512_1146.SbBS512_E2757	36.1	310	197	1	14	323	6	314	4.59e-57	187
SMc02835	iSSON_1240.SSON_2480	35.8	310	198	1	14	323	6	314	6.47e-57	187
SMc02835	iYL1228.KPN_02738	35.8	310	198	1	14	323	6	314	5.05e-56	184
SMc02836	iAF987.Gmet_2349	37.4	564	347	3	31	590	10	571	1.12e-115	355
SMc02836	iSF_1195.SF0910	34.3	557	361	4	34	588	26	579	4.62e-103	323
SMc02836	iSSON_1240.SSON_0916	34.3	557	361	4	34	588	26	579	6.50e-103	323
SMc02836	iML1515.b0914	34.1	557	362	4	34	588	26	579	2.54e-102	321
SMc02836	iSbBS512_1146.SbBS512_E2410	34.1	557	362	4	34	588	26	579	2.54e-102	321
SMc02836	iSDY_1059.SDY_2344	34.1	557	362	4	34	588	26	579	2.54e-102	321
SMc02837	iCN718.ABAYE_RS00740	46.6	266	140	2	7	272	6	269	2.66e-70	217
SMc02837	iPC815.YPO0480	45.1	273	147	2	1	272	1	271	2.14e-69	215
SMc02837	iJN1463.PP_4725	44.9	265	145	1	7	271	3	266	5.04e-69	214
SMc02837	iYL1228.KPN_00039	44.3	273	149	2	1	272	1	271	3.44e-68	212
SMc02837	STM_v1_0.STM0064	45.6	274	144	4	1	272	1	271	6.89e-68	211
SMc02837	iML1515.b0031	44.0	273	150	2	1	272	1	271	1.56e-66	207
SMc02837	iSF_1195.SF0028	44.9	274	146	4	1	272	1	271	1.56e-66	207
SMc02837	iSSON_1240.SSON_0036	44.0	273	150	2	1	272	1	271	1.56e-66	207
SMc02837	iSDY_1059.SDY_0053	44.7	273	146	4	1	271	1	270	8.86e-66	206
SMc02837	iSbBS512_1146.SbBS512_E0035	43.2	273	152	2	1	272	1	271	5.02e-65	204
SMc02838	iCHOv1.100766080	49.1	230	89	2	5	206	6	235	2.88e-67	206
SMc02838	iAT_PLT_636.5223	48.7	230	90	2	5	206	6	235	4.08e-67	206
SMc02838	iMM1415.18648	48.7	230	90	2	5	206	6	235	4.08e-67	206
SMc02838	iAT_PLT_636.5224	46.1	230	96	3	5	206	6	235	2.38e-63	196
SMc02838	iCHOv1.100761944	46.8	218	89	1	5	195	6	223	1.36e-62	194
SMc02838	iML1515.b0755	46.7	227	96	1	5	206	6	232	8.06e-61	190
SMc02838	iSbBS512_1146.SbBS512_E0676	46.7	227	96	1	5	206	6	232	8.06e-61	190
SMc02838	iSF_1195.SF0549	46.7	227	96	1	5	206	6	232	8.06e-61	190
SMc02838	iSSON_1240.SSON_0707	46.7	227	96	1	5	206	6	232	8.06e-61	190
SMc02838	iYS854.USA300HOU_RS13070	44.9	225	99	1	5	204	4	228	4.13e-61	190
SMc02838	iMM1415.56012	46.8	216	88	2	5	193	6	221	1.77e-60	189
SMc02838	iSDY_1059.SDY_0702	46.7	227	96	1	5	206	6	232	3.24e-60	188
SMc02838	STM_v1_0.STM0772	46.3	227	97	1	5	206	6	232	4.59e-60	188
SMc02838	iAF987.Gmet_1653	45.8	227	98	1	5	206	4	230	8.40e-60	187
SMc02838	iAM_Pf480.PF3D7_1120100	47.0	215	89	1	4	193	5	219	9.19e-60	187
SMc02838	iPC815.YPO1133	46.3	227	97	1	5	206	6	232	1.84e-59	186
SMc02846	iMM904.YJR105W	26.5	332	214	11	6	314	5	329	4.45e-17	80.5
SMc02846	iIS312.TCDM_01513	27.7	329	205	11	11	313	12	333	8.64e-17	79.7
SMc02846	iYO844.BSU39740	25.7	269	178	4	58	311	43	304	1.73e-14	72.8
SMc02849	iYS854.USA300HOU_RS12475	38.4	318	186	7	9	325	4	312	7.75e-66	209
SMc02849	iJN1463.PP_3376	40.5	326	183	8	6	329	2	318	3.64e-61	197
SMc02852	iCHOv1.100760626	25.9	468	323	6	2	452	1	461	2.05e-49	175
SMc02856	iAF987.Gmet_1671	37.5	550	327	8	127	665	38	581	1.57e-98	318
SMc02856	iSynCJ816.SGL_RS05320	37.0	583	320	16	122	665	169	743	1.90e-96	315
SMc02856	iAF987.Gmet_0354	32.0	731	340	15	98	672	32	761	2.67e-93	309
SMc02856	iJN1463.PP_5084	29.1	728	347	13	106	668	21	744	1.19e-85	288
SMc02857	STM_v1_0.STM0659	34.2	511	291	8	5	508	8	480	1.25e-85	278
SMc02857	iSbBS512_1146.SbBS512_E0599	35.5	484	267	8	5	481	8	453	3.18e-85	277
SMc02857	iSSON_1240.SSON_0604	35.7	484	266	8	5	481	8	453	3.18e-85	277
SMc02857	iML1515.b0650	35.5	484	267	8	5	481	8	453	8.73e-85	276
SMc02861	iAF987.Gmet_3131	47.4	327	168	3	1	327	2	324	1.70e-99	296
SMc02861	iHN637.CLJU_RS06110	47.0	334	171	5	1	332	1	330	2.83e-92	278
SMc02861	iYO844.BSU12840	43.9	335	183	3	1	333	1	332	2.77e-90	273
SMc02864	iEK1008.Rv3206c	56.7	247	104	1	5	251	13	256	1.77e-88	267
SMc02864	iEK1008.Rv3116	55.6	243	101	2	6	248	13	248	2.16e-83	254
SMc02867	iML1515.b0462	54.3	1035	467	6	1	1029	1	1035	0.0	1043
SMc02867	iYL1228.KPN_03673	54.4	1034	466	6	1	1029	1	1033	0.0	1033
SMc02867	STM_v1_0.STM3391	53.5	1034	476	5	1	1029	1	1034	0.0	1033
SMc02867	iML1515.b3266	53.9	1033	471	5	1	1028	1	1033	0.0	1029
SMc02867	iJN1463.PP_1385	52.4	1038	489	3	1	1035	1	1036	0.0	1004
SMc02867	iML1515.b2470	53.2	1030	479	3	1	1027	1	1030	0.0	994
SMc02867	iSF_1195.SF2512	53.2	1030	479	3	1	1027	1	1030	0.0	994
SMc02867	iSSON_1240.SSON_2550	53.1	1030	480	3	1	1027	1	1030	0.0	992
SMc02867	iSDY_1059.SDY_2654	52.8	1030	483	3	1	1027	1	1030	0.0	987
SMc02868	iML1515.b0463	48.7	335	172	0	43	377	40	374	2.69e-101	306
SMc02868	iSSON_1240.SSON_0450	48.7	335	172	0	43	377	40	374	3.81e-101	305
SMc02868	iSF_1195.SF0408	48.7	335	172	0	43	377	40	374	1.52e-100	304
SMc02868	iSDY_1059.SDY_0456	48.4	335	173	0	43	377	40	374	2.15e-100	303
SMc02868	STM_v1_0.STM3390	46.8	346	184	0	43	388	39	384	6.69e-99	299
SMc02868	iPC815.YPO3132	43.8	377	206	2	5	377	1	375	2.06e-97	296
SMc02868	iJN1463.PP_1386	46.0	385	188	5	12	394	10	376	5.86e-97	294
SMc02868	iSbBS512_1146.SbBS512_E3648	44.9	363	195	2	16	377	15	373	4.82e-96	292
SMc02868	iML1515.b3265	44.6	363	196	2	16	377	15	373	1.93e-95	290
SMc02868	iYL1228.KPN_03672	44.0	368	197	3	11	377	9	368	6.39e-95	289
SMc02869	iPC815.YPO3712	51.9	368	135	5	17	349	1	361	1.90e-109	323
SMc02869	iYL1228.KPN_04424	54.7	318	115	3	17	306	1	317	1.00e-106	317
SMc02869	STM_v1_0.STM4230	54.7	318	115	3	17	306	1	317	4.02e-106	315
SMc02869	iSF_1195.SF4170	54.0	324	118	3	17	310	1	323	2.44e-105	313
SMc02869	iML1515.b4035	53.7	324	119	3	17	310	1	323	1.39e-104	311
SMc02869	iSSON_1240.SSON_4213	53.7	324	119	3	17	310	1	323	1.39e-104	311
SMc02869	iPC815.YPO3793	48.6	356	149	4	17	344	1	350	2.03e-103	308
SMc02869	STM_v1_0.STM3554	53.5	312	121	4	17	304	1	312	7.90e-103	306
SMc02869	iML1515.b3450	48.3	352	157	4	17	344	1	351	1.81e-101	303
SMc02869	iSbBS512_1146.SbBS512_E3873	48.3	352	157	4	17	344	1	351	1.46e-100	300
SMc02869	iYL1228.KPN_03810	48.9	352	155	4	17	344	1	351	2.06e-100	300
SMc02870	STM_v1_0.STM4425	25.3	186	124	5	8	185	3	181	8.41e-13	68.2
SMc02870	iAF692.Mbar_A1138	31.0	184	110	6	8	185	2	174	9.59e-13	67.8
SMc02871	iEK1008.Rv2317	31.5	273	172	7	13	279	11	274	9.59e-33	120
SMc02871	iYO844.BSU28730	26.2	260	188	3	22	279	23	280	3.22e-31	117
SMc02871	iJN1463.PP_1017	30.2	268	183	3	13	279	16	280	6.29e-31	116
SMc02871	iEK1008.Rv2834c	28.6	273	189	4	9	279	6	274	7.74e-31	115
SMc02871	iEK1008.Rv2039c	30.7	267	179	5	8	273	12	273	1.25e-29	112
SMc02871	iYO844.BSU30290	28.9	280	193	3	1	279	1	275	2.25e-29	112
SMc02872	iEK1008.Rv2040c	31.5	302	194	7	10	309	1	291	6.79e-36	130
SMc02872	iSynCJ816.SGL_RS16645	30.0	277	172	8	24	295	2	261	1.32e-32	121
SMc02873	iEK1008.Rv2041c	23.9	351	216	15	8	326	16	347	1.48e-04	43.5
SMc02874	iCN900.CD630_30460	34.7	288	188	0	6	293	11	298	1.12e-38	137
SMc02874	iSDY_1059.SDY_2624	37.7	247	154	0	38	284	40	286	1.10e-36	132
SMc02874	iML1515.b2428	37.2	247	155	0	38	284	40	286	1.16e-35	129
SMc02874	iSbBS512_1146.SbBS512_E2800	37.2	247	155	0	38	284	40	286	1.16e-35	129
SMc02874	iSSON_1240.SSON_2517	37.2	247	155	0	38	284	40	286	1.16e-35	129
SMc02874	iSF_1195.SF2481	36.8	247	156	0	38	284	40	286	3.18e-35	128
SMc02874	iYS854.USA300HOU_RS01010	33.1	263	176	0	6	268	6	268	4.67e-34	125
SMc02877	iNF517.LLMG_RS07630	29.7	310	194	7	45	336	298	601	3.98e-21	94.0
SMc02877	iEK1008.Rv3436c	31.7	328	189	11	34	335	301	619	5.49e-21	93.6
SMc02877	iAF987.Gmet_1487	30.8	312	195	8	42	335	296	604	2.56e-19	88.6
SMc02877	iAF987.Gmet_0104	30.2	308	196	6	45	335	299	604	3.44e-19	88.2
SMc02877	iCN900.CD630_01200	27.3	311	201	7	45	335	300	605	6.22e-19	87.4
SMc02877	iJN1463.PP_5409	31.0	313	188	10	45	335	300	606	2.73e-18	85.5
SMc02878	iML1515.b0677	36.3	380	235	4	7	383	4	379	2.49e-63	207
SMc02878	iSbBS512_1146.SbBS512_E0574	36.3	380	235	4	7	383	4	379	2.49e-63	207
SMc02878	iSSON_1240.SSON_0631	36.3	380	235	4	7	383	4	379	3.50e-63	206
SMc02878	iSDY_1059.SDY_0611	36.1	380	236	4	7	383	4	379	6.92e-63	206
SMc02878	STM_v1_0.STM0683	36.3	380	235	4	7	383	4	379	1.44e-62	205
SMc02878	iSF_1195.SF0616	36.1	380	236	4	7	383	4	379	2.71e-62	204
SMc02878	iPC815.YPO2626	34.3	388	236	6	7	385	4	381	8.65e-60	197
SMc02878	iYL1228.KPN_00698	33.7	380	245	4	7	383	4	379	2.46e-59	196
SMc02880	STM_v1_0.STM1220	32.5	295	196	1	5	296	5	299	1.10e-40	143
SMc02880	iAF987.Gmet_2805	34.4	299	178	5	6	297	9	296	1.02e-39	140
SMc02880	iYL1228.KPN_01116	33.2	295	194	1	5	296	5	299	1.75e-38	137
SMc02880	iSF_1195.SF1123	31.9	295	198	1	5	296	5	299	5.10e-37	133
SMc02880	iPC815.YPO3211	31.4	287	184	3	1	284	1	277	2.00e-36	132
SMc02880	iML1515.b1119	31.5	295	199	1	5	296	5	299	5.37e-36	130
SMc02880	iSDY_1059.SDY_2031	31.5	295	199	1	5	296	5	299	5.37e-36	130
SMc02880	iSSON_1240.SSON_1139	31.5	295	199	1	5	296	5	299	1.47e-35	129
SMc02881	iJN1463.PP_0931	31.8	481	273	12	2	442	1	466	8.93e-43	157
SMc02885	iML1515.b4219	56.9	211	89	2	4	214	1	209	6.43e-83	245
SMc02885	iSF_1195.SF4268	56.9	211	89	2	4	214	1	209	6.43e-83	245
SMc02885	iSSON_1240.SSON_4404	56.9	211	89	2	4	214	1	209	6.43e-83	245
SMc02885	STM_v1_0.STM4408	57.3	211	88	2	4	214	1	209	1.29e-82	244
SMc02885	iSbBS512_1146.SbBS512_E4863	56.4	211	90	2	4	214	1	209	5.24e-82	243
SMc02885	iPC815.YPO3525	60.3	204	80	1	11	214	7	209	5.24e-82	243
SMc02885	iSDY_1059.SDY_4456	56.4	211	90	2	4	214	1	209	7.43e-82	242
SMc02885	iYL1228.KPN_04615	57.3	211	88	2	4	214	21	229	8.25e-81	240
SMc02885	iJN1463.PP_0336	58.0	207	84	3	10	214	11	216	3.21e-78	233
SMc02889	iPC815.YPO3162	28.8	378	236	10	15	373	18	381	7.60e-23	100
SMc02889	iYL1228.KPN_00395	27.7	419	256	12	15	404	18	418	3.60e-21	95.1
SMc02889	iML1515.b0433	28.2	387	237	11	10	373	13	381	8.74e-21	94.0
SMc02889	STM_v1_0.STM0444	27.6	387	239	11	10	373	13	381	8.74e-21	94.0
SMc02889	iSbBS512_1146.SbBS512_E0355	28.2	387	237	11	10	373	13	381	8.74e-21	94.0
SMc02889	iSDY_1059.SDY_0300	28.2	387	237	11	10	373	13	381	8.74e-21	94.0
SMc02889	iSF_1195.SF0377	28.2	387	237	11	10	373	13	381	8.74e-21	94.0
SMc02889	iSSON_1240.SSON_0416	28.2	387	237	11	10	373	13	381	8.74e-21	94.0
SMc02890	STM_v1_0.STM2199	22.7	704	397	33	16	643	18	650	7.47e-15	77.8
SMc02890	iJN1463.PP_0160	23.0	710	416	30	41	666	166	828	7.23e-13	71.6
SMc02890	iML1515.b2155	21.7	691	408	29	12	634	14	639	8.29e-13	71.2
SMc02890	iJN1463.PP_1006	21.4	730	423	31	26	636	124	821	2.22e-12	70.1
SMc02891	iYL1228.KPN_01663	27.5	316	212	8	1	307	1	308	5.26e-15	75.5
SMc02891	iCN718.ABAYE_RS01180	25.8	337	199	7	1	311	1	312	9.91e-14	71.6
SMc02892	iYO844.BSU03070	21.7	414	317	3	21	431	7	416	1.74e-20	94.0
SMc02896	iEK1008.Rv2210c	54.0	367	163	3	2	364	3	367	1.51e-139	400
SMc02897	iMM904.YJR048W	45.0	100	48	3	76	173	12	106	1.88e-23	91.3
SMc02897	iMM904.YEL039C	46.1	102	48	3	76	175	16	112	5.78e-23	90.1
SMc02898	iYL1228.KPN_00945	47.6	246	112	4	10	243	4	244	3.82e-58	184
SMc02898	iPC815.YPO1400	46.2	251	114	6	10	246	4	247	1.84e-56	180
SMc02898	iML1515.b0918	46.7	246	114	5	10	243	4	244	4.41e-54	174
SMc02898	iSDY_1059.SDY_2340	46.6	247	113	5	10	243	4	244	8.82e-54	173
SMc02898	iSbBS512_1146.SbBS512_E2406	46.3	246	115	5	10	243	4	244	7.03e-53	171
SMc02898	iSF_1195.SF0914	46.3	246	115	5	10	243	4	244	7.03e-53	171
SMc02898	iSSON_1240.SSON_0920	46.3	246	115	5	10	243	4	244	7.03e-53	171
SMc02898	STM_v1_0.STM0988	46.2	247	114	5	10	243	4	244	2.80e-52	169
SMc02899	iLB1027_lipid.PHATRDRAFT_3267	35.0	303	163	5	7	276	2	303	1.59e-46	157
SMc02902	iAF692.Mbar_A1588	39.7	58	32	1	18	75	18	72	1.24e-04	42.0
SMc02903	iCN718.ABAYE_RS13345	37.1	178	109	2	104	281	47	221	5.49e-34	124
SMc02903	iEK1008.Rv3199c	33.0	288	184	6	36	321	31	311	9.22e-33	123
SMc02903	iLB1027_lipid.PHATRDRAFT_16157	36.1	183	102	3	141	320	1	171	1.31e-32	119
SMc02903	iJN1463.PP_4029	40.0	145	85	1	138	282	99	241	6.18e-31	117
SMc02907	iPC815.YPO3831	25.4	173	129	0	19	191	19	191	7.38e-14	67.0
SMc02907	iML1515.b3824	26.0	169	125	0	19	187	19	187	1.84e-11	60.5
SMc02907	iSbBS512_1146.SbBS512_E4291	26.0	169	125	0	19	187	19	187	1.84e-11	60.5
SMc02909	iJN1463.PP_4805	36.0	228	139	4	113	337	118	341	2.00e-33	127
SMc02909	iYL1228.KPN_03036	33.9	233	146	5	113	344	104	329	8.75e-30	117
SMc02909	iPC815.YPO2957	34.6	228	137	6	113	337	140	358	3.34e-29	116
SMc02910	iYS854.USA300HOU_RS11805	31.1	164	111	2	38	199	15	178	3.02e-12	68.2
SMc02910	iYL1228.KPN_00609	27.6	409	260	12	22	410	16	408	4.31e-12	67.8
SMc02910	STM_v1_0.STM0593	27.4	401	251	13	22	399	16	399	1.72e-10	62.8
SMc02914	iCN900.CD630_24930	30.4	217	133	8	391	599	5	211	2.18e-12	70.5
SMc02914	iML1515.b3590	32.6	230	132	7	391	607	2	221	2.14e-12	70.5
SMc02914	iSynCJ816.SGL_RS10925	31.9	226	129	7	395	595	18	243	6.33e-12	68.2
SMc00321	iSynCJ816.SGL_RS18050	37.6	263	149	6	14	271	3	255	2.84e-46	157
SMc00321	iEK1008.Rv2793c	39.4	218	127	2	14	226	7	224	1.47e-42	148
SMc00321	iYS854.USA300HOU_RS06405	33.3	309	186	8	13	308	3	304	3.45e-42	147
SMc00321	iNF517.LLMG_RS07220	34.2	266	155	5	12	266	5	261	9.24e-41	144
SMc00324	iHN637.CLJU_RS10465	38.7	119	67	4	582	696	520	636	3.00e-10	63.2
SMc00326	iIT341.HP0195	49.2	258	131	0	3	260	2	259	3.07e-84	253
SMc00326	iYL1228.KPN_01284	52.1	259	123	1	3	260	2	260	6.59e-83	249
SMc00326	iYO844.BSU11720	51.8	257	122	1	1	255	1	257	2.68e-81	244
SMc00326	STM_v1_0.STM1700	50.6	259	127	1	3	260	2	260	6.12e-81	244
SMc00326	iML1515.b1288	50.2	259	128	1	3	260	2	260	2.47e-80	242
SMc00326	iSF_1195.SF1293	50.2	259	128	1	3	260	2	260	2.47e-80	242
SMc00326	iSSON_1240.SSON_1852	50.2	259	128	1	3	260	2	260	2.47e-80	242
SMc00326	iAF987.Gmet_2558	48.6	255	130	1	3	256	2	256	8.20e-80	241
SMc00326	iSDY_1059.SDY_1368	49.8	259	129	1	3	260	2	260	1.41e-79	240
SMc00326	iSbBS512_1146.SbBS512_E1522	49.8	259	129	1	3	260	2	260	4.01e-79	239
SMc00326	iSynCJ816.SGL_RS04250	47.8	255	130	1	5	256	4	258	1.42e-78	238
SMc00326	iCN718.ABAYE_RS16180	52.7	256	119	2	3	256	4	259	1.08e-77	236
SMc00327	iJN1463.PP_4175	62.6	406	151	1	1	406	1	405	3.62e-177	499
SMc00327	iYL1228.KPN_02713	62.3	406	151	2	1	405	1	405	3.21e-173	489
SMc00327	iML1515.b2323	61.9	404	152	2	1	403	1	403	5.74e-169	478
SMc00327	iSbBS512_1146.SbBS512_E2701	61.9	404	152	2	1	403	1	403	5.74e-169	478
SMc00327	iSDY_1059.SDY_2522	61.9	404	152	2	1	403	1	403	8.14e-169	478
SMc00327	iSSON_1240.SSON_2381	61.9	404	152	2	1	403	1	403	8.14e-169	478
SMc00327	iSF_1195.SF2399	61.9	404	152	2	1	403	1	403	2.09e-168	477
SMc00327	STM_v1_0.STM2378	61.2	405	153	3	1	403	1	403	3.07e-168	476
SMc00327	iPC815.YPO2757	59.9	406	160	2	1	404	1	405	4.84e-168	476
SMc00328	iML1515.b0954	61.3	168	65	0	1	168	1	168	2.02e-77	228
SMc00328	iSbBS512_1146.SbBS512_E2362	61.3	168	65	0	1	168	1	168	2.02e-77	228
SMc00328	iSDY_1059.SDY_0927	61.3	168	65	0	1	168	1	168	2.02e-77	228
SMc00328	iSF_1195.SF0954	61.3	168	65	0	1	168	1	168	2.02e-77	228
SMc00328	iSSON_1240.SSON_0958	61.3	168	65	0	1	168	1	168	2.02e-77	228
SMc00328	STM_v1_0.STM1067	60.7	168	66	0	1	168	1	168	1.66e-76	225
SMc00328	iYL1228.KPN_00983	60.7	168	66	0	1	168	1	168	3.34e-76	224
SMc00328	iJN1463.PP_4174	63.4	164	60	0	3	166	2	165	9.24e-76	223
SMc00328	iPC815.YPO1430	59.5	168	68	0	1	168	1	168	2.24e-74	220
SMc00333	iJN1463.PP_1770	49.4	433	206	4	18	449	322	742	1.72e-122	373
SMc00333	iCN718.ABAYE_RS06470	47.4	439	220	6	18	451	316	748	4.37e-120	367
SMc00334	iEK1008.Rv1712	43.3	203	101	2	4	192	8	210	1.55e-42	142
SMc00334	iYL1228.KPN_00937	41.2	211	109	3	4	200	7	216	2.27e-41	139
SMc00334	iJN1463.PP_1771	40.2	214	111	3	1	198	4	216	3.29e-41	139
SMc00334	iSDY_1059.SDY_2348	42.2	211	107	4	4	200	7	216	3.58e-40	136
SMc00334	STM_v1_0.STM0980	42.2	211	107	4	4	200	7	216	5.05e-40	136
SMc00334	iSSON_1240.SSON_0912	42.2	211	107	4	4	200	7	216	7.13e-40	135
SMc00334	iCN718.ABAYE_RS10535	39.5	220	110	5	4	205	5	219	1.03e-39	135
SMc00334	iML1515.b0910	42.2	211	107	4	4	200	7	216	1.01e-39	135
SMc00334	iSbBS512_1146.SbBS512_E2418	42.2	211	107	4	4	200	7	216	1.01e-39	135
SMc00334	iSF_1195.SF0906	42.9	205	102	4	4	194	7	210	1.42e-39	135
SMc00334	iPC815.YPO1391	38.4	211	115	3	4	200	7	216	2.42e-38	132
SMc00335	iHN637.CLJU_RS10465	35.2	341	215	3	22	357	297	636	1.08e-58	206
SMc00339	iSynCJ816.SGL_RS03900	30.2	212	146	1	441	652	413	622	4.08e-24	107
SMc00340	iEK1008.Rv0728c	33.7	303	176	9	21	317	23	306	5.05e-29	114
SMc00340	iJN1463.PP_3376	29.0	293	202	4	30	317	14	305	3.21e-28	111
SMc00340	iYS854.USA300HOU_RS04605	31.0	268	171	5	58	318	46	306	7.79e-26	105
SMc00349	iSynCJ816.SGL_RS17200	27.3	498	226	16	10	388	5	485	1.60e-25	111
SMc00349	iEK1008.Rv0684	25.5	495	237	12	8	384	8	488	4.88e-24	106
SMc00349	iSynCJ816.SGL_RS10930	25.3	494	232	13	9	384	6	480	6.34e-24	106
SMc00352	iCN718.ABAYE_RS09345	34.3	169	111	0	5	173	3	171	2.71e-31	110
SMc00354	iAF987.Gmet_2727	36.6	101	64	0	115	215	295	395	2.50e-15	73.6
SMc00354	iAF987.Gmet_1832	41.3	104	59	2	112	213	412	515	4.71e-14	70.1
SMc00355	iYO844.BSU19690	35.3	326	209	2	22	347	52	375	1.21e-65	214
SMc00355	iAF692.Mbar_A0670	36.4	343	214	3	7	347	22	362	2.99e-62	204
SMc00356	iCN718.ABAYE_RS04800	37.3	332	176	9	20	344	14	320	1.03e-47	163
SMc00356	iSynCJ816.SGL_RS06545	35.2	327	195	7	23	345	187	500	9.15e-46	162
SMc00356	iAF987.Gmet_2360	34.2	336	205	8	12	344	163	485	3.50e-45	160
SMc00356	iJN1463.PP_1496	34.6	335	206	7	12	344	171	494	2.87e-41	150
SMc00358	iIT341.HP0416	39.4	371	204	7	31	395	32	387	2.86e-79	249
SMc00365	iJN1463.PP_2469	52.2	345	156	4	1	344	1	337	1.24e-122	356
SMc00365	iCN718.ABAYE_RS15760	51.3	341	148	4	4	344	3	325	2.70e-116	340
SMc00365	STM_v1_0.STM1337	50.9	344	151	4	1	344	1	326	9.12e-115	336
SMc00365	iYL1228.KPN_02176	50.3	344	153	4	1	344	1	326	2.10e-113	332
SMc00365	iSDY_1059.SDY_1809	50.0	344	154	4	1	344	1	326	2.10e-113	332
SMc00365	iSbBS512_1146.SbBS512_E1956	50.3	344	153	4	1	344	1	326	2.98e-113	332
SMc00365	iSF_1195.SF1517	50.0	344	154	4	1	344	1	326	5.99e-113	331
SMc00365	iSSON_1240.SSON_1444	50.0	344	154	4	1	344	1	326	2.41e-112	330
SMc00365	iPC815.YPO2429	49.7	332	149	4	13	344	13	326	3.17e-110	324
SMc00366	STM_v1_0.STM1338	37.8	810	461	17	1	795	1	782	8.02e-158	479
SMc00366	iPC815.YPO2428	36.6	800	484	11	1	795	1	782	1.37e-155	473
SMc00366	iJN1463.PP_2470	37.5	817	476	17	1	807	1	792	1.82e-155	473
SMc00366	iYL1228.KPN_02175	36.9	804	476	15	1	795	1	782	8.30e-154	468
SMc00366	iSF_1195.SF1518	36.7	807	474	16	1	795	1	782	9.11e-153	466
SMc00366	iSSON_1240.SSON_1445	36.6	807	475	16	1	795	1	782	3.58e-152	464
SMc00366	iSbBS512_1146.SbBS512_E1955	36.4	807	476	16	1	795	1	782	5.52e-151	461
SMc00366	iSDY_1059.SDY_1808	36.3	807	477	16	1	795	1	782	1.20e-149	457
SMc00368	iLB1027_lipid.PHATRDRAFT_44546	36.4	209	125	3	29	233	87	291	5.20e-35	127
SMc00368	iYO844.BSU09530	37.2	207	129	1	36	241	108	314	8.03e-32	119
SMc00368	iYO844.BSU39780	33.6	226	144	2	1	226	79	298	5.38e-32	119
SMc00372	iLJ478.TM1724	39.1	248	145	4	3	250	2	243	9.82e-34	122
SMc00372	iYO844.BSU03930	36.7	248	153	3	4	250	5	249	7.64e-33	120
SMc00372	iAF987.Gmet_1601	39.0	249	142	5	4	250	3	243	1.14e-31	116
SMc00372	iAF987.Gmet_1531	35.6	253	156	5	1	253	1	246	1.22e-31	116
SMc00372	iEK1008.Rv1928c	36.5	249	150	4	4	250	9	251	1.06e-30	114
SMc00372	iAF987.Gmet_1694	38.2	246	144	5	6	250	5	243	4.58e-30	112
SMc00372	iCN718.ABAYE_RS09790	35.9	256	152	4	4	250	5	257	1.28e-29	111
SMc00372	iYL1228.KPN_01091	38.6	246	142	5	5	250	4	240	1.23e-29	111
SMc00372	iML1515.b1093	38.2	246	143	5	5	250	4	240	2.42e-29	110
SMc00372	iSbBS512_1146.SbBS512_E2231	38.2	246	143	5	5	250	4	240	2.42e-29	110
SMc00372	iSF_1195.SF1097	38.2	246	143	5	5	250	4	240	2.42e-29	110
SMc00372	iSSON_1240.SSON_1113	38.2	246	143	5	5	250	4	240	2.42e-29	110
SMc00372	STM_v1_0.STM1195	38.2	246	143	5	5	250	4	240	3.39e-29	110
SMc00374	iYO844.BSU09530	32.4	327	194	9	1	316	1	311	8.95e-38	136
SMc00374	iCN718.ABAYE_RS12975	27.9	348	209	6	1	314	1	340	1.46e-32	123
SMc00375	iCHOv1.100753544	32.6	144	94	2	2	143	3	145	3.98e-17	80.1
SMc00379	iJN1463.PP_3720	35.8	123	64	2	1	108	3	125	3.61e-14	68.2
SMc00381	iSF_1195.SF1561	25.7	230	154	6	71	286	35	261	1.60e-06	48.1
SMc00381	iML1515.b1533	25.2	298	193	11	9	286	7	294	7.87e-06	46.2
SMc00383	iCHOv1.100758427	31.8	198	124	5	5	199	24	213	5.60e-23	92.8
SMc00386	iJN1463.PP_1645	29.6	108	73	2	3	108	4	110	7.48e-06	41.6
SMc00387	iSF_1195.SF0925	43.9	380	207	3	1	374	1	380	2.76e-104	313
SMc00387	iML1515.b0928	43.7	380	208	3	1	374	1	380	1.11e-103	311
SMc00387	iSbBS512_1146.SbBS512_E2390	43.7	380	208	3	1	374	1	380	1.11e-103	311
SMc00387	iSDY_1059.SDY_2329	43.7	380	208	3	1	374	1	380	1.11e-103	311
SMc00387	iSSON_1240.SSON_0931	43.7	380	208	3	1	374	1	380	1.11e-103	311
SMc00387	STM_v1_0.STM0998	43.2	380	210	3	1	374	1	380	5.03e-102	307
SMc00387	iYL1228.KPN_00955	43.9	380	207	3	1	374	1	380	7.11e-102	306
SMc00387	iPC815.YPO1410	42.4	380	213	3	1	374	1	380	9.12e-100	301
SMc00388	iJN1463.PP_4423	26.6	297	177	12	32	321	49	311	2.97e-05	45.1
SMc00394	iYL1228.KPN_02833	55.2	525	230	2	1	520	1	525	1.03e-208	588
SMc00394	iML1515.b2507	54.9	525	232	1	1	520	1	525	1.46e-208	588
SMc00394	iSF_1195.SF2553	54.7	525	233	1	1	520	1	525	1.46e-208	588
SMc00394	iSDY_1059.SDY_2703	54.7	525	233	1	1	520	1	525	5.92e-208	587
SMc00394	iSSON_1240.SSON_2589	54.7	525	233	1	1	520	1	525	1.69e-207	585
SMc00394	iSbBS512_1146.SbBS512_E2882	54.5	525	234	1	1	520	1	525	2.39e-207	585
SMc00394	iCN718.ABAYE_RS18570	56.1	513	225	0	8	520	10	522	3.52e-206	582
SMc00394	STM_v1_0.STM2510	54.9	525	232	2	1	520	1	525	5.55e-206	582
SMc00394	iPC815.YPO2870	53.7	525	238	2	1	520	1	525	7.37e-204	576
SMc00394	iHN637.CLJU_RS18300	54.7	514	225	3	8	520	4	510	6.18e-204	576
SMc00394	iAF987.Gmet_2292	55.9	521	228	2	1	520	1	520	2.50e-203	575
SMc00394	iCN900.CD630_01980	54.8	516	222	5	8	520	4	511	6.00e-202	571
SMc00394	iJN1463.PP_1032	54.0	522	231	2	6	520	6	525	1.40e-196	558
SMc00394	iYS854.USA300HOU_RS02070	54.6	513	226	3	8	520	8	513	9.21e-197	558
SMc00394	iSynCJ816.SGL_RS13520	52.4	517	237	2	10	520	29	542	2.04e-195	555
SMc00394	iYO844.BSU06360	54.4	513	228	2	8	520	7	513	4.28e-195	553
SMc00394	iIT341.HP0409	52.9	514	232	5	10	520	2	508	1.36e-187	534
SMc00394	iNF517.LLMG_RS05125	52.0	513	240	2	8	520	7	513	9.26e-187	532
SMc00395	iCN718.ABAYE_RS19070	32.1	162	101	4	36	196	29	182	2.26e-18	79.0
SMc00399	iML1515.b3816	35.9	329	198	5	1	329	1	316	1.82e-55	182
SMc00399	iSbBS512_1146.SbBS512_E4281	35.9	329	198	5	1	329	1	316	1.82e-55	182
SMc00399	iSDY_1059.SDY_3929	35.9	329	198	5	1	329	1	316	1.82e-55	182
SMc00399	iSF_1195.SF3894	35.9	329	198	5	1	329	1	316	1.82e-55	182
SMc00399	iSSON_1240.SSON_3991	35.9	329	198	5	1	329	1	316	1.82e-55	182
SMc00399	iPC815.YPO3837	36.7	332	191	8	1	329	1	316	3.96e-54	179
SMc00399	iYL1228.KPN_04313	35.8	330	197	7	1	329	17	332	8.53e-54	179
SMc00399	STM_v1_0.STM3952	35.8	330	197	7	1	329	1	316	3.09e-53	177
SMc00406	iJN1463.PP_4900	43.5	310	171	4	49	354	41	350	4.14e-81	251
SMc00408	iCN718.ABAYE_RS04130	47.0	264	137	3	1	262	1	263	1.28e-69	215
SMc00408	iSSON_1240.SSON_3194	42.8	269	142	6	1	259	1	267	1.80e-61	194
SMc00410	iAT_PLT_636.4704	31.1	315	200	7	9	316	55	359	1.56e-33	126
SMc00410	iLB1027_lipid.PHATRDRAFT_17671	28.8	340	211	7	10	321	56	392	2.16e-33	126
SMc00410	iCHOv1.100773563	32.2	311	202	6	9	316	55	359	2.16e-33	126
SMc00410	iMM1415.66108	32.3	316	195	10	9	316	55	359	8.05e-33	124
SMc00412	iAF987.Gmet_1355	42.9	231	125	2	5	228	6	236	6.50e-47	155
SMc00412	iJN1463.PP_1815	42.7	225	123	2	9	228	8	231	4.89e-45	150
SMc00412	iCN718.ABAYE_RS10515	41.1	224	128	2	9	228	8	231	3.77e-44	147
SMc00412	iPC815.YPO2227	37.9	232	139	1	2	228	10	241	5.25e-41	140
SMc00419	iPC815.YPO0935	43.8	315	174	3	4	315	1	315	2.10e-89	269
SMc00419	iJN1463.PP_4993	45.3	311	168	2	5	313	3	313	1.28e-87	265
SMc00419	iML1515.b2947	42.9	310	175	2	4	311	1	310	3.34e-82	251
SMc00419	STM_v1_0.STM3095	41.4	314	182	2	4	315	1	314	3.24e-82	251
SMc00419	iSSON_1240.SSON_3101	42.9	310	175	2	4	311	1	310	3.34e-82	251
SMc00419	iYL1228.KPN_03380	41.9	313	179	3	4	313	1	313	4.73e-82	250
SMc00419	iSbBS512_1146.SbBS512_E3379	42.6	310	176	2	4	311	1	310	6.69e-82	250
SMc00419	iSF_1195.SF2938	42.9	310	175	2	4	311	1	310	1.34e-81	249
SMc00419	iSDY_1059.SDY_3125	42.3	310	177	2	4	311	1	310	2.15e-80	246
SMc00421	iAF987.Gmet_1558	62.7	308	112	2	11	318	3	307	4.14e-131	375
SMc00421	iSynCJ816.SGL_RS06370	61.6	310	119	0	11	320	2	311	1.34e-125	361
SMc00421	iEK1008.Rv2334	61.8	306	114	2	12	317	3	305	2.53e-125	360
SMc00421	iAF692.Mbar_A2422	61.0	310	117	3	10	318	2	308	9.55e-125	359
SMc00422	iYL1228.KPN_04320	30.0	203	140	2	1	202	1	202	3.81e-12	62.4
SMc00422	iML1515.b1798	31.8	129	86	2	11	138	16	143	2.07e-11	60.5
SMc00422	iML1515.b3824	29.2	202	143	0	1	202	1	202	9.51e-11	58.5
SMc00422	iAF692.Mbar_A2583	29.6	125	86	2	18	141	19	142	9.75e-11	58.5
SMc00422	STM_v1_0.STM3960	29.3	184	128	2	20	202	20	202	9.51e-11	58.5
SMc00422	iSbBS512_1146.SbBS512_E4291	29.2	202	143	0	1	202	1	202	9.51e-11	58.5
SMc00422	iAF987.Gmet_0798	30.5	141	97	1	1	141	1	140	1.80e-10	57.8
SMc00422	iPC815.YPO3831	29.6	203	141	2	1	202	1	202	6.45e-10	56.2
SMc00423	iAF692.Mbar_A2583	35.1	154	99	1	1	154	1	153	7.40e-27	101
SMc00423	iAF987.Gmet_0798	31.1	209	136	3	4	209	3	206	4.48e-24	94.4
SMc00461	iAF987.Gmet_1593	56.3	142	60	1	17	158	8	147	4.76e-44	142
SMc00461	iHN637.CLJU_RS04975	54.1	133	57	1	28	160	15	143	2.52e-40	132
SMc00427	iEK1008.Rv0684	28.2	475	301	10	9	451	10	476	1.25e-46	172
SMc00427	iSynCJ816.SGL_RS10930	28.4	476	294	11	9	451	7	468	2.61e-45	169
SMc00428	STM_v1_0.STM1517	27.9	298	186	10	10	289	8	294	7.87e-08	52.4
SMc00428	iJN1463.PP_2872	30.0	267	155	9	31	283	29	277	1.91e-06	48.1
SMc00430	iEK1008.Rv3468c	47.1	327	173	0	1	327	36	362	2.31e-97	291
SMc00432	iYL1228.KPN_04671	55.3	262	114	3	4	264	3	262	2.53e-91	270
SMc00432	STM_v1_0.STM4420	53.2	263	121	2	1	262	1	262	2.20e-87	260
SMc00433	iYL1228.KPN_04677	38.5	299	176	4	2	297	6	299	5.44e-67	211
SMc00433	iYO844.BSU39720	39.6	280	164	4	2	280	6	281	5.16e-61	195
SMc01166	iYO844.BSU39730	41.7	636	340	4	4	613	3	633	2.56e-161	476
SMc01166	iYL1228.KPN_04674	42.9	645	332	6	6	616	4	646	4.32e-159	470
SMc01165	iYL1228.KPN_04673	49.7	634	310	6	13	641	3	632	6.56e-206	591
SMc01163	iAF692.Mbar_A1138	26.0	369	211	12	9	376	4	311	4.63e-20	89.4
SMc01163	STM_v1_0.STM4425	32.1	156	98	3	10	163	6	155	1.14e-17	82.8
SMc01162	iEK1008.Rv3702c	30.2	252	143	10	1	250	1	221	1.72e-17	79.0
SMc01161	iPC815.YPO0048	47.1	397	206	3	3	398	4	397	1.40e-98	299
SMc01161	iCN718.ABAYE_RS03170	48.4	376	180	5	6	371	11	382	4.68e-97	295
SMc01161	iSDY_1059.SDY_4069	46.3	400	212	3	1	398	25	423	2.20e-95	291
SMc01161	iML1515.b3639	46.3	400	212	3	1	398	1	399	1.51e-95	291
SMc01161	iYL1228.KPN_03979	46.5	400	209	4	1	398	2	398	1.46e-95	291
SMc01161	iSSON_1240.SSON_3767	46.3	400	212	3	1	398	25	423	4.38e-95	291
SMc01161	STM_v1_0.STM3730	45.8	400	214	3	1	398	2	400	1.24e-94	289
SMc01161	iSF_1195.SF3678	46.0	400	213	3	1	398	25	423	2.47e-94	289
SMc01161	iJN1463.PP_5285	45.6	397	211	5	6	400	7	400	4.37e-94	287
SMc01161	iSbBS512_1146.SbBS512_E4064	45.8	400	214	3	1	398	1	399	2.70e-93	285
SMc01161	iAF987.Gmet_2673	45.8	389	202	7	3	388	2	384	3.91e-92	282
SMc01161	iYO844.BSU15700	42.0	400	223	7	3	397	2	397	5.40e-90	277
SMc01159	iSynCJ816.SGL_RS18325	25.2	298	200	9	9	289	17	308	6.43e-13	67.8
SMc01159	iEK1008.Rv3913	27.2	305	200	8	9	296	16	315	5.51e-12	65.1
SMc01159	iYS854.USA300HOU_RS04135	25.1	307	194	9	9	292	7	300	1.18e-11	63.9
SMc01157	iLJ478.TM1169	37.5	256	138	4	1	256	1	234	9.08e-41	140
SMc01157	iYL1228.KPN_01091	36.5	252	149	3	3	254	1	241	3.68e-38	133
SMc01157	iML1515.b1093	35.3	252	152	2	3	254	1	241	4.02e-37	130
SMc01157	iSbBS512_1146.SbBS512_E2231	35.3	252	152	2	3	254	1	241	4.02e-37	130
SMc01157	iSF_1195.SF1097	35.3	252	152	2	3	254	1	241	4.02e-37	130
SMc01157	iSSON_1240.SSON_1113	35.3	252	152	2	3	254	1	241	4.02e-37	130
SMc01157	STM_v1_0.STM1195	34.5	252	154	2	3	254	1	241	1.58e-36	129
SMc01157	iSDY_1059.SDY_2057	34.9	252	153	2	3	254	1	241	1.22e-35	127
SMc01157	iPC815.YPO1599	33.7	252	156	2	3	254	1	241	2.41e-35	126
SMc01156	iJN1463.PP_5013	38.8	420	242	4	55	469	56	465	2.08e-89	284
SMc01156	iYL1228.KPN_04331	36.9	455	269	5	58	506	56	498	6.09e-86	275
SMc01156	iSbBS512_1146.SbBS512_E4307	38.2	414	248	4	58	465	56	467	9.93e-84	269
SMc01156	iSDY_1059.SDY_3908	38.2	414	248	4	58	465	56	467	9.93e-84	269
SMc01156	iSF_1195.SF3913	38.2	414	248	4	58	465	56	467	9.93e-84	269
SMc01156	STM_v1_0.STM3972	38.4	414	244	5	58	465	56	464	1.39e-83	269
SMc01156	iSSON_1240.SSON_4010	38.2	414	248	4	58	465	56	467	1.96e-83	268
SMc01156	iPC815.YPO3779	37.2	470	280	7	3	465	2	463	5.39e-82	265
SMc01155	iPC815.YPO3781	49.6	244	121	1	26	269	9	250	4.28e-79	239
SMc01155	iLB1027_lipid.PHATRDRAFT_47199	47.1	280	124	3	14	269	42	321	8.18e-78	238
SMc01155	iYL1228.KPN_04329	49.2	244	122	1	26	269	9	250	2.26e-76	232
SMc01155	iJN1463.PP_5011	46.7	257	135	1	13	269	1	255	1.51e-75	230
SMc01155	iML1515.b3833	47.5	244	126	1	26	269	9	250	1.04e-74	228
SMc01155	iSbBS512_1146.SbBS512_E4305	47.5	244	126	1	26	269	9	250	1.04e-74	228
SMc01155	iSDY_1059.SDY_3910	47.5	244	126	1	26	269	9	250	1.04e-74	228
SMc01155	iSF_1195.SF3911	47.5	244	126	1	26	269	9	250	1.04e-74	228
SMc01155	iSSON_1240.SSON_4008	47.5	244	126	1	26	269	9	250	1.04e-74	228
SMc01155	STM_v1_0.STM3970	47.1	244	127	1	26	269	9	250	1.48e-74	227
SMc01155	iCN718.ABAYE_RS17020	49.2	250	121	4	23	270	70	315	3.43e-72	223
SMc01153	iEK1008.Rv1070c	67.7	257	83	0	1	257	1	257	6.67e-113	324
SMc01153	iJN1463.PP_2217	65.0	257	90	0	1	257	1	257	7.73e-112	322
SMc01153	iCN718.ABAYE_RS18690	64.5	256	91	0	1	256	1	256	3.98e-107	310
SMc01147	iAF987.Gmet_3535	39.2	388	217	8	13	389	1	380	1.44e-78	246
SMc01147	iYL1228.KPN_03389	36.0	378	228	6	15	388	5	372	1.06e-73	234
SMc01147	iPC815.YPO0946	40.1	292	169	3	15	304	5	292	4.38e-72	229
SMc01146	iPC815.YPO0945	39.3	206	103	4	9	209	4	192	5.92e-38	130
SMc01146	iCN900.CD630_33080	38.9	203	108	3	9	209	253	441	2.14e-34	126
SMc01146	iSbBS512_1146.SbBS512_E3386	39.1	207	102	5	9	209	4	192	3.71e-36	125
SMc01146	iSF_1195.SF2945	39.1	207	102	5	9	209	4	192	3.71e-36	125
SMc01146	iSSON_1240.SSON_3108	39.1	207	102	5	9	209	4	192	3.71e-36	125
SMc01146	iJN1463.PP_5100	39.5	200	103	4	9	206	7	190	3.01e-35	123
SMc01146	iSDY_1059.SDY_3118	38.2	207	104	5	9	209	4	192	2.31e-34	120
SMc01146	iML1515.b2954	37.7	207	105	5	9	209	4	192	4.61e-34	120
SMc01146	iAF987.Gmet_1875	41.2	199	102	5	9	206	4	188	4.48e-34	120
SMc01146	iSynCJ816.SGL_RS12040	39.4	198	98	5	8	204	3	179	1.19e-33	119
SMc01146	STM_v1_0.STM3103	38.3	206	105	5	9	209	4	192	5.11e-33	117
SMc01144	iCN900.CD630_33080	52.6	232	109	1	6	237	7	237	2.37e-74	232
SMc01141	iYO844.BSU14400	34.2	146	95	1	1	145	1	146	2.06e-20	86.3
SMc01141	iYS854.USA300HOU_RS03780	31.8	148	100	1	1	147	1	148	6.20e-19	82.0
SMc01141	iCN900.CD630_30150	31.8	151	99	3	1	148	1	150	3.15e-19	78.6
SMc01141	iNF517.LLMG_RS07900	35.1	134	86	1	1	133	1	134	9.96e-18	78.6
SMc01138	iML1515.b3201	58.2	239	99	1	33	270	3	241	1.14e-96	283
SMc01138	iSbBS512_1146.SbBS512_E3569	58.2	239	99	1	33	270	3	241	1.14e-96	283
SMc01138	iSDY_1059.SDY_3382	58.2	239	99	1	33	270	3	241	1.14e-96	283
SMc01138	iSF_1195.SF3241	58.2	239	99	1	33	270	3	241	1.14e-96	283
SMc01138	iSSON_1240.SSON_3349	58.2	239	99	1	33	270	3	241	1.14e-96	283
SMc01138	iAF987.Gmet_1282	58.3	240	100	0	31	270	7	246	5.11e-94	276
SMc01138	iJN1463.PP_0953	58.6	239	98	1	33	270	3	241	1.16e-91	270
SMc01135	iAF987.Gmet_1750	43.5	191	108	0	51	241	43	233	1.50e-41	145
SMc01129	STM_v1_0.STM0047	40.1	142	82	1	18	156	16	157	2.73e-27	100
SMc01128	iAF987.Gmet_0043	25.4	284	193	5	144	417	10	284	8.67e-18	87.0
SMc01126	iAF987.Gmet_1637	48.5	746	380	4	17	759	5	749	2.62e-240	687
SMc01126	iYL1228.KPN_02797	47.2	756	382	8	17	761	7	756	1.04e-214	622
SMc01126	STM_v1_0.STM2472	46.9	752	390	7	17	761	7	756	1.67e-213	619
SMc01123	iJN1463.PP_0601	35.3	507	305	8	1	498	1	493	1.36e-75	247
SMc01123	iSDY_1059.SDY_2083	32.6	525	331	7	1	516	1	511	1.07e-73	242
SMc01123	iSbBS512_1146.SbBS512_E2257	32.4	525	332	7	1	516	1	511	2.94e-73	241
SMc01123	iSF_1195.SF1075	32.4	525	332	7	1	516	1	511	2.94e-73	241
SMc01123	iSSON_1240.SSON_1089	32.4	525	332	7	1	516	1	511	2.94e-73	241
SMc01123	iML1515.b1069	32.4	525	332	7	1	516	1	511	4.12e-73	241
SMc01121	iSynCJ816.SGL_RS07690	47.6	349	165	3	5	353	3	333	3.13e-98	294
SMc01121	iLB1027_lipid.PHATRDRAFT_15595	44.7	358	180	4	8	352	2	354	8.98e-90	273
SMc01121	iPC815.YPO0157	43.3	349	178	3	5	353	15	343	7.47e-88	268
SMc01121	STM_v1_0.STM3481	42.7	349	180	3	5	353	3	331	2.91e-87	266
SMc01119	iLB1027_lipid.PHATRDRAFT_16693	41.0	195	100	5	1	185	6	195	4.15e-42	139
SMc01116	iCN718.ABAYE_RS03025	35.0	180	97	6	41	217	58	220	2.51e-19	85.1
SMc01111	iML1515.b0657	30.5	489	296	16	16	489	13	472	5.34e-41	154
SMc01111	iSF_1195.SF0625	30.7	489	295	16	16	489	13	472	5.34e-41	154
SMc01111	iSbBS512_1146.SbBS512_E0590	30.5	489	296	16	16	489	13	472	1.01e-40	153
SMc01111	iSSON_1240.SSON_0611	30.9	473	283	16	16	473	13	456	1.89e-40	152
SMc01111	iJN1463.PP_4790	31.7	477	255	19	23	473	18	449	3.22e-40	152
SMc01111	iSDY_1059.SDY_0593	30.3	489	297	16	16	489	13	472	3.57e-40	152
SMc01111	iYL1228.KPN_00682	30.9	482	271	17	16	473	13	456	1.14e-38	147
SMc01111	STM_v1_0.STM0666	30.0	487	301	14	16	489	13	472	7.51e-38	145
SMc01111	iPC815.YPO2616	29.9	468	295	15	16	473	13	457	3.30e-36	140
SMc01109	iAF987.Gmet_1290	47.5	408	184	9	4	408	5	385	1.74e-121	358
SMc01109	iCN900.CD630_01300	48.3	418	177	11	3	408	2	392	9.10e-121	356
SMc01109	iIT341.HP0197	47.2	409	185	7	1	407	1	380	8.69e-121	356
SMc01109	iCN718.ABAYE_RS10800	49.1	411	181	8	1	409	1	385	5.46e-120	354
SMc01109	iYO844.BSU30550	49.0	418	174	10	6	410	7	398	1.14e-119	353
SMc01109	iJN1463.PP_4967	49.9	413	173	8	6	409	6	393	1.00e-119	353
SMc01109	iYS854.USA300HOU_RS09495	49.9	421	164	12	6	410	7	396	1.04e-119	353
SMc01109	iNF517.LLMG_RS10795	48.7	423	178	10	1	410	1	397	1.16e-116	346
SMc01109	iHN637.CLJU_RS01260	47.4	416	176	11	6	408	4	389	7.17e-116	343
SMc01109	iLJ478.TM1658	48.1	416	179	8	6	410	4	393	2.12e-113	337
SMc01109	STM_v1_0.STM3090	47.7	409	182	6	3	409	2	380	4.21e-113	336
SMc01109	iSbBS512_1146.SbBS512_E3374	47.9	409	181	6	3	409	2	380	4.21e-113	336
SMc01109	iPC815.YPO0931	48.2	409	180	7	3	409	2	380	1.19e-112	335
SMc01109	iML1515.b2942	47.7	409	182	6	3	409	2	380	3.38e-112	334
SMc01109	iSDY_1059.SDY_3130	47.7	409	182	6	3	409	2	380	3.38e-112	334
SMc01109	iSF_1195.SF2933	47.7	409	182	6	3	409	2	380	3.38e-112	334
SMc01109	iSSON_1240.SSON_3096	47.7	409	182	6	3	409	2	380	3.38e-112	334
SMc01109	iYL1228.KPN_03375	47.4	409	183	6	3	409	2	380	9.58e-112	333
SMc01109	iSynCJ816.SGL_RS03470	45.8	445	186	12	1	417	1	418	1.21e-110	331
SMc01109	iEK1008.Rv1392	48.1	420	180	10	6	410	7	403	1.42e-110	330
SMc01105	iJN1463.PP_2460	45.8	308	167	0	7	314	14	321	4.71e-99	294
SMc01105	iML1515.b0651	50.8	309	148	4	4	311	2	307	2.83e-95	284
SMc01105	iSbBS512_1146.SbBS512_E0598	50.8	309	148	4	4	311	2	307	8.04e-95	283
SMc01105	iSF_1195.SF0630	50.5	309	149	4	4	311	2	307	2.28e-94	281
SMc01105	iSSON_1240.SSON_0605	50.5	309	149	4	4	311	2	307	2.28e-94	281
SMc01105	STM_v1_0.STM0661	50.5	309	149	4	4	311	2	307	4.58e-94	281
SMc01105	iYL1228.KPN_01912	48.4	310	156	4	4	312	2	308	2.41e-91	274
SMc01103	iYL1228.KPN_04157	38.6	295	180	1	2	295	8	302	1.03e-46	159
SMc01103	iPC815.YPO0008	38.6	295	180	1	2	295	6	300	1.50e-45	155
SMc01103	iSF_1195.SF3835	38.1	299	184	1	2	299	12	310	1.34e-44	153
SMc01103	iML1515.b3752	39.1	302	177	3	2	299	7	305	2.34e-44	152
SMc01103	iSSON_1240.SSON_3922	39.1	302	177	3	2	299	7	305	2.34e-44	152
SMc01103	STM_v1_0.STM3885	38.7	302	178	3	2	299	7	305	3.29e-44	152
SMc01103	iSbBS512_1146.SbBS512_E4167	38.9	298	175	3	2	295	7	301	3.29e-44	152
SMc01103	iSDY_1059.SDY_3995	38.6	293	173	3	2	290	7	296	1.49e-41	145
SMc01101	iAM_Pb448.PBANKA_080930	39.9	163	97	1	10	171	62	224	6.41e-36	124
SMc01101	iAM_Pv461.PVX_098840	38.4	164	100	1	10	172	12	175	1.54e-34	119
SMc01100	iJN1463.PP_0067	46.8	299	151	3	3	298	1	294	2.21e-80	246
SMc01100	iSbBS512_1146.SbBS512_E3672	43.4	302	161	4	3	299	5	301	9.62e-75	231
SMc01100	iSDY_1059.SDY_3464	43.3	300	164	3	3	299	5	301	5.44e-74	229
SMc01100	iSSON_1240.SSON_3428	43.3	300	164	3	3	299	5	301	7.69e-74	229
SMc01100	iYL1228.KPN_03688	43.4	302	161	5	3	299	5	301	1.09e-73	229
SMc01100	iSF_1195.SF3319	43.0	300	165	3	3	299	5	301	1.54e-73	228
SMc01100	STM_v1_0.STM3407	42.7	302	163	4	3	299	5	301	2.45e-72	225
SMc01099	iCN900.CD630_01030	32.9	249	159	4	1	247	1	243	3.47e-45	151
SMc01096	iCN718.ABAYE_RS03915	41.7	386	207	4	4	388	4	372	7.00e-91	278
SMc01096	iML1515.b2472	42.8	376	192	6	13	385	12	367	7.41e-90	275
SMc01096	iSbBS512_1146.SbBS512_E2843	42.8	376	192	6	13	385	12	367	7.41e-90	275
SMc01096	iSF_1195.SF2514	42.8	376	192	6	13	385	12	367	7.41e-90	275
SMc01096	iSSON_1240.SSON_2552	42.8	376	192	6	13	385	12	367	1.05e-89	275
SMc01096	iPC815.YPO3053	42.4	382	200	6	6	385	4	367	2.09e-89	274
SMc01096	iSDY_1059.SDY_2656	42.3	376	194	6	13	385	12	367	3.32e-88	271
SMc01096	iYL1228.KPN_02805	41.4	384	201	7	6	385	4	367	4.70e-88	271
SMc01096	iJN1463.PP_1525	40.9	384	201	6	13	390	17	380	5.98e-88	271
SMc01096	STM_v1_0.STM2483	41.5	376	197	6	13	385	12	367	1.05e-86	267
SMc01095	iJN1463.PP_3426	65.6	1039	356	1	1	1038	1	1039	0.0	1312
SMc01094	iJN1463.PP_3425	44.6	352	188	3	44	394	27	372	3.65e-80	252
SMc01093	iEK1008.Rv0217c	33.9	221	139	4	12	231	52	266	8.52e-23	94.7
SMc01093	iEK1008.Rv1400c	35.8	204	125	4	29	227	82	284	5.31e-21	90.1
SMc01732	iPC815.YPO1041	60.0	280	102	4	17	295	1	271	1.53e-86	259
SMc01732	iSbBS512_1146.SbBS512_E0158	60.4	280	101	5	17	295	1	271	6.14e-86	258
SMc01732	iSDY_1059.SDY_0182	60.4	280	101	5	17	295	1	271	6.14e-86	258
SMc01732	STM_v1_0.STM0213	60.7	280	100	5	17	295	1	271	8.70e-86	258
SMc01732	iML1515.b0166	60.4	280	101	5	17	295	1	271	1.75e-85	257
SMc01732	iSF_1195.SF0156	60.4	280	101	5	17	295	1	271	1.75e-85	257
SMc01732	iSSON_1240.SSON_0178	60.4	280	101	5	17	295	1	271	1.75e-85	257
SMc01732	iYL1228.KPN_00179	60.4	280	101	5	17	295	1	271	4.97e-85	256
SMc01732	iCN718.ABAYE_RS05125	57.1	280	110	5	17	295	1	271	5.34e-79	240
SMc01731	iAM_Pb448.PBANKA_071570	48.7	150	76	1	141	289	188	337	1.80e-41	146
SMc01731	iAM_Pc455.PCYB_052680	46.8	141	74	1	141	280	189	329	1.51e-36	133
SMc01730	iMM904.YGL224C	25.4	193	129	6	44	223	60	250	3.03e-10	58.9
SMc01727	iYO844.BSU24120	27.9	219	138	4	2	213	10	215	1.34e-10	60.1
SMc01727	STM_v1_0.STM0368	27.9	258	174	7	1	253	1	251	3.58e-09	55.8
SMc01726	iAF987.Gmet_0203	51.8	284	136	1	10	293	8	290	1.78e-99	293
SMc01726	iJN1463.PP_5289	48.9	284	145	0	10	293	12	295	2.23e-97	288
SMc01726	iCN718.ABAYE_RS14570	51.4	284	137	1	10	293	12	294	9.92e-94	279
SMc01726	iLJ478.TM1784	51.4	282	125	2	12	293	8	277	2.22e-90	270
SMc01724	iYL1228.KPN_01198	45.2	124	67	1	40	162	6	129	2.78e-39	129
SMc01724	STM_v1_0.STM1291	45.5	121	65	1	43	162	19	139	6.08e-38	126
SMc01724	iSF_1195.SF1445	43.7	119	66	1	43	160	9	127	5.94e-36	121
SMc01724	iML1515.b1778	43.7	119	66	1	43	160	9	127	1.19e-35	120
SMc01724	iSDY_1059.SDY_1489	43.7	119	66	1	43	160	9	127	1.19e-35	120
SMc01724	iSSON_1240.SSON_1385	43.7	119	66	1	43	160	9	127	1.19e-35	120
SMc01724	iPC815.YPO2158	45.9	109	58	1	55	162	21	129	2.73e-34	117
SMc01717	iAF987.Gmet_0177	33.5	445	288	6	6	443	5	448	8.61e-61	205
SMc01717	iYO844.BSU08090	29.5	451	307	6	9	451	3	450	6.03e-55	189
SMc01712	iLB1027_lipid.PHATRDRAFT_50804	40.1	394	231	2	6	398	12	401	7.62e-97	295
SMc01702	iYO844.BSU39780	32.5	295	185	5	1	291	1	285	1.89e-39	140
SMc02181	iJN1463.PP_4947	60.9	1250	447	14	18	1233	76	1317	0.0	1383
SMc02181	iYL1228.KPN_01041	60.7	1253	447	14	17	1233	83	1326	0.0	1382
SMc02181	iSbBS512_1146.SbBS512_E2304	59.5	1268	464	14	2	1233	67	1320	0.0	1365
SMc02181	iPC815.YPO1851	59.7	1251	465	10	17	1233	78	1323	0.0	1365
SMc02181	iML1515.b1014	59.5	1268	463	14	2	1233	67	1320	0.0	1364
SMc02181	iSSON_1240.SSON_1034	59.5	1268	464	14	2	1233	67	1320	0.0	1363
SMc02179	iEK1008.Rv0805	28.6	227	143	7	4	222	16	231	1.14e-15	75.1
SMc02176	iSynCJ816.SGL_RS03900	28.1	342	206	10	253	568	248	575	1.43e-24	108
SMc02173	iLJ478.TM0959	24.1	137	94	4	8	141	6	135	2.31e-04	38.5
SMc02172	iMM1415.50798	32.4	108	73	0	160	267	497	604	2.33e-08	55.8
SMc02172	iCHOv1.100689450	32.4	108	73	0	160	267	466	573	3.03e-08	55.5
SMc02172	iHN637.CLJU_RS10220	31.0	116	75	3	157	271	62	173	2.12e-08	55.1
SMc02172	iSynCJ816.SGL_RS12595	23.8	240	159	4	163	392	90	315	3.92e-08	54.3
SMc02171	iML1515.b3751	28.8	302	192	8	1	302	3	281	1.37e-21	92.8
SMc02171	STM_v1_0.STM3884	28.5	302	193	9	1	302	3	281	2.60e-21	92.0
SMc02171	iYL1228.KPN_04156	28.1	302	194	9	1	302	3	281	1.27e-20	90.1
SMc02171	iLJ478.TM0958	26.9	294	190	8	32	320	35	308	1.98e-18	84.3
SMc02171	iLJ478.TM0114	31.6	297	165	12	39	320	42	315	4.17e-18	83.6
SMc02170	iNF517.LLMG_RS04065	38.4	284	168	3	69	352	30	306	6.17e-58	190
SMc02170	iYO844.BSU35950	38.4	289	171	4	65	353	37	318	2.05e-54	181
SMc02170	iPC815.YPO2499	35.8	338	201	6	21	357	8	330	2.12e-52	176
SMc02170	iCN900.CD630_03020	36.3	273	166	3	81	353	58	322	9.41e-51	172
SMc02169	iPC815.YPO3964	36.5	249	149	2	1	249	1	240	8.25e-49	167
SMc02169	iLJ478.TM0956	36.4	250	145	4	3	249	9	247	1.61e-45	159
SMc02169	iSF_1195.SF4262	37.0	246	146	2	4	249	7	243	1.62e-44	156
SMc02169	iSSON_1240.SSON_4410	37.0	246	146	2	4	249	7	243	1.62e-44	156
SMc02169	iML1515.b4485	39.3	224	127	2	4	227	7	221	2.25e-44	155
SMc02169	iLJ478.TM0115	34.0	244	158	2	6	249	14	254	3.03e-44	155
SMc02169	iYL1228.KPN_04623	36.7	248	148	2	2	249	5	243	1.18e-43	154
SMc02169	iCN900.CD630_03010	37.1	237	140	3	6	242	5	232	4.65e-43	152
SMc02167	iEK1008.Rv1092c	26.7	150	107	2	20	167	91	239	1.15e-12	65.1
SMc02167	iYO844.BSU23760	28.6	161	95	5	20	168	90	242	4.11e-12	63.5
SMc02167	iPC815.YPO3758	28.0	157	100	4	20	168	89	240	2.59e-11	61.2
SMc02167	STM_v1_0.STM4139	28.0	161	95	5	20	168	89	240	1.20e-10	59.3
SMc02167	iNF517.LLMG_RS05370	27.8	169	107	6	11	173	75	234	1.57e-10	58.9
SMc02166	iYL1228.KPN_01074	59.0	317	130	0	2	318	6	322	4.29e-132	380
SMc02166	iSDY_1059.SDY_2091	58.2	318	133	0	2	319	6	323	2.46e-131	378
SMc02166	iML1515.b1062	58.2	318	133	0	2	319	6	323	3.49e-131	378
SMc02166	iSSON_1240.SSON_1082	58.2	318	133	0	2	319	6	323	3.49e-131	378
SMc02166	iSbBS512_1146.SbBS512_E2265	57.9	318	134	0	2	319	6	323	9.94e-131	377
SMc02166	iSF_1195.SF1068	57.9	318	134	0	2	319	6	323	2.83e-130	375
SMc02166	iSynCJ816.SGL_RS12080	58.1	313	130	1	1	313	1	312	2.03e-126	365
SMc02166	STM_v1_0.STM1163	56.5	317	138	0	2	318	6	322	4.06e-125	362
SMc02166	iPC815.YPO1587	53.1	343	159	1	2	344	6	346	5.75e-125	362
SMc02166	iJN1463.PP_1086	54.8	312	141	0	4	315	5	316	3.54e-121	352
SMc02165	iYO844.BSU15560	34.6	211	133	3	11	219	6	213	9.67e-37	128
SMc02165	iNF517.LLMG_RS07605	33.0	212	134	3	8	219	4	207	9.81e-35	122
SMc02165	iYS854.USA300HOU_RS06055	42.3	156	88	2	12	167	1	154	1.66e-34	122
SMc02164	iLJ478.TM0296	33.7	264	162	7	2	256	3	262	9.20e-31	117
SMc02164	iYL1228.KPN_00516	32.0	309	188	9	6	306	9	303	2.16e-29	113
SMc02164	iCN900.CD630_18060	29.9	271	181	6	2	264	4	273	7.74e-28	109
SMc02163	iCHOv1.100689468	55.4	522	226	4	19	533	25	546	1.75e-193	552
SMc02163	iMM1415.14751	55.3	521	226	4	20	533	26	546	2.01e-192	549
SMc02163	iAT_PLT_636.2821	54.0	522	233	4	19	533	64	585	1.98e-189	543
SMc02163	iPC815.YPO3718	53.9	516	235	3	20	533	27	541	3.06e-189	541
SMc02163	iML1515.b4025	54.7	512	229	3	24	533	31	541	1.81e-188	539
SMc02163	iSbBS512_1146.SbBS512_E4530	54.7	512	229	3	24	533	31	541	1.81e-188	539
SMc02163	iSDY_1059.SDY_4226	54.7	512	229	3	24	533	31	541	1.81e-188	539
SMc02163	iSSON_1240.SSON_4203	54.7	512	229	3	24	533	31	541	1.81e-188	539
SMc02163	iYL1228.KPN_04413	53.9	516	235	3	20	533	27	541	2.56e-188	538
SMc02163	iSF_1195.SF4180	54.5	512	230	3	24	533	31	541	5.15e-188	538
SMc02163	STM_v1_0.STM4221	53.7	516	236	3	20	533	27	541	5.90e-187	535
SMc02163	iLB1027_lipid.PHATRDRAFT_23924	52.3	524	239	4	20	533	25	547	2.99e-183	526
SMc02163	iMM904.YBR196C	51.1	522	239	4	20	533	34	547	1.25e-174	504
SMc02163	iIS312.TCDM_05039	52.3	520	232	7	29	533	81	599	4.21e-173	502
SMc02162	iCN718.ABAYE_RS18250	57.9	554	230	3	15	565	3	556	2.72e-224	631
SMc02162	iSF_1195.SF1423	55.4	558	242	4	10	565	20	572	2.09e-217	615
SMc02162	iML1515.b1805	55.7	553	238	4	15	565	3	550	2.76e-217	613
SMc02162	iSDY_1059.SDY_1709	55.7	553	238	4	15	565	3	550	2.76e-217	613
SMc02162	iSbBS512_1146.SbBS512_E2065	55.5	553	239	4	15	565	3	550	1.12e-216	612
SMc02162	iSSON_1240.SSON_1356	55.5	553	239	4	15	565	3	550	1.12e-216	612
SMc02162	iYL1228.KPN_02322	55.9	558	239	5	10	565	9	561	7.61e-215	608
SMc02162	STM_v1_0.STM1818	55.5	553	239	4	15	565	3	550	2.10e-214	606
SMc02162	iPC815.YPO2074	56.1	553	236	4	15	565	3	550	1.24e-213	604
SMc02161	iJN1463.PP_2428	27.4	380	252	7	32	399	31	398	3.92e-20	91.3
SMc02161	STM_v1_0.STM1522	26.0	362	256	5	32	387	16	371	4.81e-20	90.9
SMc02161	iYL1228.KPN_01628	25.4	362	258	5	32	387	16	371	2.98e-19	88.6
SMc02161	iJN1463.PP_2647	27.9	265	186	4	32	293	27	289	4.29e-19	88.2
SMc02158	iAF987.Gmet_1613	27.7	173	113	4	31	194	652	821	3.84e-08	52.4
SMc02157	iPC815.YPO2816	43.4	272	149	4	43	312	40	308	3.15e-66	209
SMc02152	iAM_Pc455.PCYB_113330	31.4	105	72	0	557	661	1271	1375	1.51e-07	55.8
SMc02150	iLJ478.TM0800	24.9	301	207	5	14	310	16	301	5.00e-15	74.3
SMc02148	iAF987.Gmet_1092	29.6	216	138	2	85	289	72	284	5.80e-25	101
SMc02147	iAF987.Gmet_0043	27.0	226	158	5	198	418	40	263	1.54e-13	72.0
SMc02147	iAF987.Gmet_1991	25.1	215	152	3	196	408	193	400	7.49e-13	70.1
SMc02146	iYS854.USA300HOU_RS07070	28.1	303	163	9	31	328	41	293	8.92e-28	110
SMc02144	iYS854.USA300HOU_RS07065	45.6	294	141	3	9	302	34	308	2.19e-69	217
SMc02143	iYS854.USA300HOU_RS07060	45.2	261	137	2	184	440	47	305	5.55e-62	202
SMc02142	iCN900.CD630_32610	65.1	249	85	2	23	271	8	254	7.23e-113	325
SMc02142	iJN1463.PP_5326	61.8	262	97	2	10	271	23	281	2.30e-108	314
SMc02142	iAF692.Mbar_A1781	60.7	244	94	1	28	271	17	258	4.93e-107	310
SMc02142	iHN637.CLJU_RS06095	61.9	244	91	2	28	271	8	249	1.03e-106	309
SMc02142	iAF987.Gmet_2704	60.9	256	95	3	17	271	1	252	1.88e-105	306
SMc02142	iYO844.BSU24950	58.8	245	100	1	27	271	17	260	7.67e-102	297
SMc02142	iYS854.USA300HOU_RS07055	57.8	244	102	1	28	271	41	283	4.74e-101	296
SMc02142	iNF517.LLMG_RS09490	59.2	245	99	1	27	271	10	253	4.02e-100	292
SMc02141	iCN900.CD630_32860	23.2	194	136	5	24	210	347	534	3.84e-05	43.9
SMc02140	iAF987.Gmet_1706	37.3	118	72	1	4	121	2	117	8.31e-17	77.4
SMc02140	iAF987.Gmet_2999	33.3	129	84	1	3	129	8	136	1.15e-14	71.6
SMc02140	iAF987.Gmet_0069	33.9	121	74	3	5	121	5	123	4.17e-14	69.7
SMc02138	iCN718.ABAYE_RS02280	48.3	379	189	3	14	386	21	398	5.31e-109	325
SMc02138	iYL1228.KPN_01221	47.5	385	194	4	6	386	16	396	9.09e-108	322
SMc02138	iAF987.Gmet_0204	48.4	380	192	4	7	384	14	391	2.06e-107	321
SMc02138	iLJ478.TM1785	45.8	365	193	4	7	369	3	364	8.53e-106	317
SMc02138	STM_v1_0.STM3468	45.6	371	195	3	20	386	32	399	9.09e-105	315
SMc02138	iSF_1195.SF3378	44.7	385	206	3	14	392	22	405	2.65e-104	313
SMc02138	iJN1463.PP_4481	45.8	371	196	2	20	386	30	399	3.76e-104	313
SMc02138	iYL1228.KPN_03745	45.2	385	203	4	6	386	19	399	5.31e-104	313
SMc02138	STM_v1_0.STM1303	45.9	386	204	2	7	388	14	398	5.65e-104	313
SMc02138	iSSON_1240.SSON_1409	45.6	386	205	2	7	388	14	398	7.51e-104	312
SMc02138	iSynCJ816.SGL_RS04875	44.3	393	207	4	5	386	33	424	2.16e-103	312
SMc02138	iSbBS512_1146.SbBS512_E3735	44.4	385	207	3	14	392	22	405	1.50e-103	311
SMc02138	iPC815.YPO1962	45.2	394	205	4	7	390	16	408	2.73e-103	311
SMc02138	iML1515.b3359	44.4	385	207	3	14	392	22	405	4.25e-103	310
SMc02138	iSDY_1059.SDY_3521	44.2	385	208	3	14	392	22	405	4.25e-103	310
SMc02138	iSSON_1240.SSON_3490	44.4	385	207	3	14	392	22	405	1.20e-102	309
SMc02138	iSbBS512_1146.SbBS512_E1995	45.3	386	206	2	7	388	14	398	1.70e-102	309
SMc02138	iML1515.b1748	45.3	386	206	2	7	388	14	398	2.41e-102	308
SMc02138	iYO844.BSU11220	45.4	383	196	6	7	386	4	376	1.76e-102	308
SMc02137	iJN1463.PP_1079	51.9	295	138	2	3	296	4	295	1.88e-99	294
SMc02137	iYO844.BSU11250	55.6	261	111	2	41	296	46	306	1.14e-93	280
SMc02137	iCN718.ABAYE_RS08200	47.5	299	153	2	3	300	4	299	2.13e-93	278
SMc02137	iAF987.Gmet_0205	47.2	299	156	2	1	297	1	299	1.02e-90	271
SMc02134	iAF692.Mbar_A1498	32.4	176	95	7	33	197	1	163	7.79e-06	44.3
SMc02217	iEK1008.Rv0391	52.6	386	179	1	8	389	20	405	9.72e-135	391
SMc02218	iSDY_1059.SDY_2197	31.7	164	98	5	8	163	3	160	8.06e-11	60.5
SMc02218	iML1515.b2065	31.1	164	99	5	8	163	3	160	1.48e-10	59.7
SMc02218	iSbBS512_1146.SbBS512_E1167	31.1	164	99	5	8	163	3	160	1.48e-10	59.7
SMc02218	iSF_1195.SF2129	31.1	164	99	5	8	163	3	160	1.48e-10	59.7
SMc02218	iSSON_1240.SSON_2118	31.1	164	99	5	8	163	3	160	1.48e-10	59.7
SMc02218	iYL1228.KPN_02518	30.5	164	100	4	8	163	3	160	3.71e-10	58.5
SMc02218	iPC815.YPO1525	29.7	165	100	6	8	163	3	160	2.30e-09	56.2
SMc02218	STM_v1_0.STM2121	29.9	164	101	5	8	163	3	160	5.71e-09	55.1
SMc02219	iPC815.YPO1351	28.4	236	157	4	71	304	18	243	3.19e-25	100
SMc02219	iML1515.b0863	28.6	227	154	3	76	302	23	241	4.43e-23	95.1
SMc02219	iYL1228.KPN_00896	28.0	232	159	3	71	302	25	248	5.09e-23	95.1
SMc02219	iSbBS512_1146.SbBS512_E2468	28.6	227	154	3	76	302	23	241	4.43e-23	95.1
SMc02219	iSF_1195.SF0817	28.6	227	154	3	76	302	23	241	4.43e-23	95.1
SMc02219	iSSON_1240.SSON_0848	28.6	227	154	3	76	302	23	241	4.43e-23	95.1
SMc02219	STM_v1_0.STM0890	28.6	227	154	3	76	302	23	241	6.15e-23	94.7
SMc02219	STM_v1_0.STM0887	26.3	232	159	4	75	304	22	243	6.07e-22	92.0
SMc02219	iCN718.ABAYE_RS06325	29.5	234	160	4	76	307	31	261	2.24e-21	90.9
SMc02220	iSynCJ816.SGL_RS04070	25.0	156	110	4	96	248	78	229	7.56e-09	54.7
SMc02224	STM_v1_0.STM1771	31.7	315	207	4	47	355	50	362	5.07e-40	144
SMc02224	iPC815.YPO1958	30.9	311	213	2	47	355	52	362	1.92e-39	143
SMc02224	iSDY_1059.SDY_1266	31.1	315	209	4	47	355	50	362	3.80e-38	139
SMc02224	iSF_1195.SF1219	30.7	313	213	3	47	355	50	362	5.29e-38	139
SMc02224	iML1515.b1216	31.1	315	209	4	47	355	50	362	7.37e-38	139
SMc02224	iSbBS512_1146.SbBS512_E1383	31.1	315	209	4	47	355	50	362	1.03e-37	138
SMc02224	iSSON_1240.SSON_1961	31.1	315	209	4	47	355	50	362	1.03e-37	138
SMc02224	iYL1228.KPN_02229	30.5	315	211	4	47	355	50	362	2.80e-36	134
SMc02227	iEK1008.Rv0860	43.2	724	378	12	9	713	9	718	3.35e-179	529
SMc02227	iCN718.ABAYE_RS03685	41.4	719	394	7	9	719	7	706	3.59e-173	513
SMc02228	iCN718.ABAYE_RS03690	56.2	402	175	1	1	402	1	401	3.99e-162	461
SMc02228	iEK1008.Rv0859	58.1	401	166	2	3	402	4	403	1.15e-159	454
SMc02228	iAF987.Gmet_2197	57.9	399	167	1	3	401	4	401	5.17e-158	450
SMc02229	iJN1463.PP_0368	55.3	599	265	3	1	598	1	597	8.25e-225	635
SMc02237	iYS854.USA300HOU_RS07595	25.1	347	214	14	38	378	19	325	4.64e-09	59.3
SMc02241	iAF987.Gmet_0844	33.0	106	60	3	148	250	46	143	2.58e-05	44.7
SMc02244	iML1515.b1985	23.2	427	295	13	24	428	40	455	2.32e-08	55.8
SMc02245	iMM1415.56749	45.9	342	175	2	15	348	48	387	3.71e-94	286
SMc02245	iJN1463.PP_2095	46.3	337	172	3	8	337	4	338	6.11e-93	281
SMc02245	iCHOv1.100756632	47.1	331	165	2	15	337	48	376	4.74e-92	280
SMc02245	iCN718.ABAYE_RS06810	46.6	337	170	4	5	335	2	334	1.01e-92	280
SMc02245	iPC815.YPO1415	46.8	329	170	3	8	331	5	333	8.65e-92	278
SMc02245	iML1515.b0945	45.9	331	166	4	10	331	7	333	1.79e-88	269
SMc02245	iSbBS512_1146.SbBS512_E2372	45.9	331	166	4	10	331	7	333	1.79e-88	269
SMc02245	iSSON_1240.SSON_0949	45.9	331	166	4	10	331	7	333	1.79e-88	269
SMc02245	STM_v1_0.STM1058	46.2	327	171	3	10	331	7	333	2.53e-88	269
SMc02245	iSDY_1059.SDY_0918	45.6	331	167	4	10	331	7	333	5.06e-88	268
SMc02245	iSF_1195.SF0946	45.6	331	167	4	10	331	7	333	5.06e-88	268
SMc02245	iYL1228.KPN_00974	45.5	330	169	3	10	331	7	333	1.01e-87	267
SMc02248	iAF987.Gmet_0069	34.3	105	66	2	5	107	4	107	1.81e-08	53.1
SMc02248	iAF987.Gmet_2999	38.2	76	44	2	41	114	43	117	3.97e-07	49.3
SMc02249	iYO844.BSU19580	20.5	479	318	15	38	498	46	479	2.64e-04	44.7
SMc02250	iML1515.b3291	45.8	144	61	5	1	141	3	132	4.43e-27	97.8
SMc02251	iLJ478.TM1255	31.9	386	249	7	7	388	2	377	5.67e-56	187
SMc02251	iAF692.Mbar_A2083	32.4	383	244	7	8	383	3	377	9.82e-54	182
SMc02251	iAF692.Mbar_A3463	32.6	377	241	8	15	385	19	388	3.70e-53	181
SMc02251	iJN1463.PP_3721	32.8	354	233	4	32	383	34	384	3.97e-53	181
SMc02251	iYO844.BSU31400	32.2	385	255	6	4	385	1	382	3.33e-52	178
SMc02251	iYO844.BSU14000	30.2	387	256	8	7	388	5	382	1.14e-50	174
SMc02251	iHN637.CLJU_RS14495	29.5	356	246	4	30	383	29	381	1.60e-50	174
SMc02251	iAF692.Mbar_A1546	29.9	385	258	5	7	385	10	388	9.60e-50	172
SMc02252	iAF987.Gmet_2329	54.7	327	147	1	1	327	1	326	6.55e-115	335
SMc02252	iAF987.Gmet_1486	52.9	329	153	2	1	329	1	327	5.60e-107	315
SMc02252	iSynCJ816.SGL_RS03640	48.6	327	166	2	3	329	9	333	3.79e-102	303
SMc02253	iML1515.b2600	29.9	87	58	1	6	92	3	86	1.66e-06	44.3
SMc02253	iYL1228.KPN_02922	28.7	87	59	1	6	92	3	86	1.66e-06	44.3
SMc02253	iSbBS512_1146.SbBS512_E2987	29.9	87	58	1	6	92	3	86	1.66e-06	44.3
SMc02253	iSSON_1240.SSON_2751	29.9	87	58	1	6	92	3	86	1.66e-06	44.3
SMc02253	STM_v1_0.STM2669	28.7	87	59	1	6	92	3	86	3.09e-06	43.5
SMc02253	iPC815.YPO3285	29.9	87	58	1	6	92	3	86	5.77e-06	42.7
SMc02253	iSDY_1059.SDY_2766	28.7	87	59	1	6	92	3	86	3.74e-05	40.4
SMc02254	iJN1463.PP_4650	55.8	335	147	1	1	334	1	335	1.95e-131	377
SMc02254	iCN718.ABAYE_RS11265	53.2	333	155	1	3	334	2	334	1.28e-119	347
SMc02255	iJN1463.PP_4651	60.5	435	170	2	29	462	5	438	1.11e-184	525
SMc02255	iCN718.ABAYE_RS11260	57.2	435	181	5	30	461	7	439	3.05e-170	488
SMc02256	iSynCJ816.SGL_RS17805	39.9	391	232	2	2	389	11	401	8.75e-92	281
SMc02257	iJN1463.PP_0280	37.7	223	135	1	45	267	1	219	7.57e-45	150
SMc02257	iJN1463.PP_4484	38.7	222	128	2	47	268	9	222	2.31e-44	149
SMc02258	iCN718.ABAYE_RS06330	40.4	223	133	0	14	236	1	223	3.08e-47	155
SMc02258	iSF_1195.SF2384	43.0	214	122	0	18	231	4	217	9.47e-46	152
SMc02258	iSDY_1059.SDY_2507	43.0	214	122	0	18	231	4	217	1.34e-45	151
SMc02258	iSSON_1240.SSON_2366	43.0	214	122	0	18	231	4	217	1.34e-45	151
SMc02258	iSbBS512_1146.SbBS512_E2686	42.5	214	123	0	18	231	4	217	2.67e-45	150
SMc02258	iML1515.b2308	42.5	214	123	0	18	231	4	217	3.77e-45	150
SMc02258	iJN1463.PP_4485	43.3	215	121	1	18	231	4	218	1.54e-44	149
SMc02258	iPC815.YPO2775	39.7	219	132	0	18	236	4	222	4.21e-44	147
SMc02258	STM_v1_0.STM2353	40.7	214	127	0	18	231	4	217	1.32e-42	144
SMc02258	iYL1228.KPN_02698	41.1	214	126	0	18	231	4	217	2.63e-42	143
SMc02259	iCN718.ABAYE_RS06325	44.6	224	122	2	36	258	39	261	1.39e-58	186
SMc02259	STM_v1_0.STM2354	40.9	264	148	5	1	260	1	260	1.91e-58	186
SMc02259	iML1515.b2309	41.1	248	137	5	17	260	18	260	3.81e-58	185
SMc02259	iSbBS512_1146.SbBS512_E2687	41.1	248	137	5	17	260	18	260	3.81e-58	185
SMc02259	iSSON_1240.SSON_2367	41.1	248	137	5	17	260	18	260	3.81e-58	185
SMc02259	STM_v1_0.STM2355	41.8	261	148	4	1	259	1	259	5.39e-58	185
SMc02259	iYL1228.KPN_02700	42.4	236	133	3	25	259	13	246	2.07e-57	183
SMc02259	iSDY_1059.SDY_2508	40.7	248	138	5	17	260	18	260	3.04e-57	183
SMc02259	iPC815.YPO2774	40.1	262	151	5	1	259	3	261	1.29e-56	181
SMc02259	iML1515.b2310	39.8	261	153	4	1	259	1	259	1.93e-55	178
SMc02259	iSbBS512_1146.SbBS512_E2688	39.8	261	153	4	1	259	1	259	1.93e-55	178
SMc02259	iJN1463.PP_4486	40.2	259	149	4	5	259	1	257	2.81e-55	178
SMc02259	iSDY_1059.SDY_2509	42.7	225	127	2	36	259	36	259	2.73e-55	178
SMc02259	iSSON_1240.SSON_2368	39.8	261	153	4	1	259	1	259	2.73e-55	178
SMc02259	iYL1228.KPN_02699	39.5	263	151	5	1	259	1	259	1.09e-54	176
SMc02259	iJN1463.PP_0282	39.7	252	144	4	6	257	6	249	1.63e-54	176
SMc02259	iSF_1195.SF2386	39.5	261	154	4	1	259	1	259	2.44e-53	173
SMc02259	iJN1463.PP_3593	38.3	253	150	3	6	258	3	249	4.11e-52	169
SMc02260	iJN1463.PP_0283	62.0	255	97	0	28	282	1	255	1.07e-111	322
SMc02260	iJN1463.PP_4483	62.3	247	93	0	35	281	4	250	4.93e-107	310
SMc02260	iCN718.ABAYE_RS06340	64.1	248	88	1	35	281	7	254	1.61e-106	309
SMc02260	iPC815.YPO2777	62.5	253	94	1	30	281	9	261	6.74e-105	305
SMc02260	iYL1228.KPN_02696	62.9	245	90	1	37	280	8	252	9.72e-103	300
SMc02260	iML1515.b2306	61.6	245	93	1	37	280	8	252	1.84e-100	294
SMc02260	STM_v1_0.STM2351	61.6	245	93	1	37	280	9	253	2.70e-100	293
SMc02260	iSbBS512_1146.SbBS512_E2684	61.6	245	93	1	37	280	8	252	2.61e-100	293
SMc02260	iSF_1195.SF2382	61.6	245	93	1	37	280	8	252	2.61e-100	293
SMc02260	iSSON_1240.SSON_2364	61.6	245	93	1	37	280	8	252	2.61e-100	293
SMc02260	iSDY_1059.SDY_2505	61.2	245	94	1	37	280	8	252	7.43e-100	292
SMc02262	iJN1463.PP_3721	38.6	383	234	1	1	382	1	383	1.06e-94	288
SMc02263	iJN1463.PP_1394	50.5	537	253	5	7	531	3	538	6.07e-164	476
SMc02268	iJN1463.PP_0957	46.4	323	164	3	17	336	7	323	1.09e-85	261
SMc02268	iAF987.Gmet_1278	45.7	326	166	4	17	337	2	321	2.26e-84	257
SMc02268	STM_v1_0.STM3315	47.2	288	148	3	52	336	41	327	1.47e-78	243
SMc02271	iCHOv1.100774578	37.2	250	156	1	3	251	34	283	4.07e-45	154
SMc02271	iMM1415.70750	36.4	250	158	1	3	251	34	283	1.59e-44	152
SMc02272	iYO844.BSU17000	35.1	365	234	3	85	449	28	389	2.73e-73	236
SMc02272	iJN1463.PP_0363	37.2	363	218	4	85	444	25	380	1.00e-68	224
SMc02273	iEK1008.Rv2933	28.3	2525	1333	66	3	2467	37	2145	1.12e-199	666
SMc02273	iEK1008.Rv3825c	27.5	2517	1353	64	3	2471	27	2117	2.93e-197	658
SMc02273	iEK1008.Rv2048c	27.8	2505	1261	63	3	2468	37	2039	1.67e-187	642
SMc02273	iEK1008.Rv2940c	26.5	2509	1385	61	3	2468	8	2101	1.65e-186	627
SMc02275	iCN718.ABAYE_RS00855	57.7	194	82	0	15	208	9	202	1.27e-81	241
SMc02276	iCN718.ABAYE_RS01050	33.9	419	235	10	17	420	1	392	1.28e-61	204
SMc02276	STM_v1_0.STM1004	35.6	396	221	11	19	407	7	375	5.80e-57	192
SMc02276	iYL1228.KPN_00967	35.0	394	226	9	19	407	19	387	1.09e-56	192
SMc02276	iSbBS512_1146.SbBS512_E2387	35.8	394	223	11	19	407	7	375	8.13e-57	192
SMc02276	iSDY_1059.SDY_2326	35.5	394	224	11	19	407	7	375	1.60e-56	191
SMc02276	iSF_1195.SF0928	35.5	394	224	11	19	407	7	375	3.13e-56	190
SMc02276	iSSON_1240.SSON_0934	35.5	394	224	11	19	407	7	375	3.13e-56	190
SMc02276	iML1515.b0931	35.5	394	224	11	19	407	7	375	4.39e-56	190
SMc02276	iIS312.TCDM_04910	34.3	408	220	12	19	407	7	385	1.63e-55	189
SMc02276	iPC815.YPO1413	35.4	415	238	11	14	422	2	392	2.42e-55	188
SMc02276	iJN1463.PP_4868	34.9	401	217	11	20	407	11	380	3.47e-55	187
SMc02282	iJN1463.PP_5380	39.4	132	77	2	96	226	69	198	2.25e-23	102
SMc02282	iJN1463.PP_2205	40.2	127	74	1	96	222	65	189	3.29e-23	102
SMc02284	iYL1228.KPN_04738	36.5	52	33	0	28	79	46	97	6.62e-08	46.2
SMc02284	iJN1463.PP_5388	41.2	68	37	3	28	94	46	111	9.14e-08	45.8
SMc02284	iSF_1195.SF0474	37.3	51	32	0	29	79	42	92	2.41e-07	44.7
SMc02284	iML1515.b0573	35.3	51	33	0	29	79	42	92	3.39e-07	44.3
SMc02284	iSSON_1240.SSON_0524	35.3	51	33	0	29	79	42	92	3.39e-07	44.3
SMc02284	iJN1463.PP_5386	44.6	56	30	1	34	88	424	479	2.54e-06	43.5
SMc02285	iSynCJ816.SGL_RS03900	32.7	168	111	1	196	361	409	576	1.80e-20	93.6
SMc02285	iEK1008.Rv3645	33.9	186	108	3	192	373	325	499	5.95e-19	88.6
SMc02285	iEK1008.Rv1319c	27.5	280	171	6	99	373	247	499	1.05e-17	84.7
SMc02327	iEK1008.Rv2228c	30.1	156	90	5	14	168	2	139	1.34e-09	55.5
SMc02305	iJN1463.PP_0964	52.8	428	193	1	1	428	1	419	2.12e-149	430
SMc02305	iYL1228.KPN_03599	50.9	428	198	2	1	428	1	416	3.41e-140	407
SMc02305	iML1515.b3189	51.2	428	197	2	1	428	1	416	4.83e-140	406
SMc02305	iSF_1195.SF3229	51.2	428	197	2	1	428	1	416	4.83e-140	406
SMc02305	iSSON_1240.SSON_3337	51.2	428	197	2	1	428	1	416	4.83e-140	406
SMc02305	iSbBS512_1146.SbBS512_E3581	50.9	428	198	2	1	428	1	416	1.95e-139	405
SMc02305	iSDY_1059.SDY_3370	50.7	428	199	2	1	428	1	416	5.53e-139	404
SMc02305	STM_v1_0.STM3307	50.7	428	199	2	1	428	1	416	1.57e-138	402
SMc02305	iPC815.YPO3569	52.1	428	194	2	1	428	1	417	2.31e-138	402
SMc02305	iAF987.Gmet_0382	49.5	430	204	3	1	430	1	417	1.26e-134	392
SMc02305	iCN718.ABAYE_RS15605	50.6	429	201	2	1	429	1	418	2.62e-134	392
SMc02307	iAF987.Gmet_0384	53.6	425	196	1	5	428	4	428	6.93e-140	407
SMc02307	iJN1463.PP_0966	53.0	432	202	1	4	434	9	440	1.64e-139	406
SMc02307	iCN718.ABAYE_RS15595	52.2	425	202	1	4	427	3	427	1.14e-131	385
SMc02309	iAF987.Gmet_0521	33.9	124	80	1	15	138	5	126	6.48e-12	59.3
SMc02311	iJN1463.PP_0936	44.1	186	97	3	7	192	4	182	1.19e-33	119
SMc02311	iML1515.b3248	41.0	200	106	4	7	201	4	196	6.27e-32	114
SMc02318	iLJ478.TM0514	26.0	131	85	4	28	153	262	385	1.82e-05	43.1
SMc02321	iLJ478.TM1071	41.2	371	208	3	53	419	18	382	1.08e-94	289
SMc02322	iLJ478.TM1724	29.4	262	160	4	435	692	3	243	1.31e-21	94.4
SMc02322	iCN718.ABAYE_RS09790	31.8	264	167	6	433	692	3	257	1.48e-20	91.7
SMc02322	iAF987.Gmet_1601	30.9	262	158	5	434	692	2	243	2.74e-20	90.5
SMc02322	iCN900.CD630_26790	31.4	255	170	4	438	692	5	254	4.69e-20	90.1
SMc02322	iEK1008.Rv1928c	31.5	260	159	4	435	692	9	251	4.43e-20	90.1
SMc02322	iAF987.Gmet_1531	31.0	258	160	7	435	692	4	243	5.33e-20	89.7
SMc02322	iYL1228.KPN_02061	29.8	255	174	3	438	692	3	252	6.11e-20	89.7
SMc02322	iYL1228.KPN_03040	27.5	255	183	1	438	692	3	255	1.60e-19	88.6
SMc02322	iCN900.CD630_25770	30.2	255	162	6	438	692	4	242	3.05e-19	87.4
SMc02322	iCN900.CD630_11820	29.6	260	165	5	434	692	3	245	1.50e-18	85.5
SMc02322	iSbBS512_1146.SbBS512_E3172	27.1	255	184	1	438	692	3	255	1.80e-18	85.5
SMc02322	iEK1008.Rv1350	29.9	264	155	5	435	692	5	244	1.95e-18	85.1
SMc02324	iML1515.b1516	35.0	283	180	4	27	307	28	308	3.18e-52	175
SMc02325	iML1515.b3749	46.4	494	263	2	1	493	1	493	6.25e-149	435
SMc02325	STM_v1_0.STM3882	45.7	494	266	2	1	493	1	493	1.63e-146	429
SMc02325	iYL1228.KPN_04154	45.7	494	266	2	1	493	1	493	3.26e-146	428
SMc02325	iLJ478.TM0956	44.2	493	263	4	10	491	18	509	1.78e-140	414
SMc02325	iHN637.CLJU_RS00620	42.7	489	278	2	7	493	8	496	2.19e-135	400
SMc03000	iSF_1195.SF1584	37.0	303	187	2	8	310	8	306	7.71e-49	166
SMc03000	iML1515.b1514	37.0	303	187	2	8	310	8	306	1.52e-48	165
SMc03000	iNF517.LLMG_RS04065	34.6	301	195	1	15	315	15	313	1.31e-45	157
SMc03000	iPC815.YPO2499	37.3	276	169	2	30	305	51	322	2.97e-44	154
SMc03000	iML1515.b2148	34.2	316	193	4	15	315	20	335	6.73e-44	153
SMc03000	iSbBS512_1146.SbBS512_E0823	34.2	316	193	4	15	315	20	335	6.73e-44	153
SMc03000	iSF_1195.SF2233	34.2	316	193	4	15	315	20	335	6.73e-44	153
SMc03000	iSSON_1240.SSON_2204	34.2	316	193	4	15	315	20	335	6.73e-44	153
SMc03000	iYL1228.KPN_04155	34.9	298	186	3	15	308	24	317	1.30e-43	152
SMc03000	iML1515.b3750	35.2	298	185	3	15	308	24	317	1.83e-43	151
SMc03000	iYL1228.KPN_02586	33.2	316	196	4	15	315	20	335	7.16e-43	150
SMc03000	iPC815.YPO0411	34.9	295	188	2	8	302	8	298	1.97e-42	149
SMc03001	iYO844.BSU35950	36.4	294	180	3	30	321	28	316	6.33e-48	163
SMc03001	iPC815.YPO2499	34.9	307	188	3	24	321	21	324	3.00e-47	162
SMc03001	iPC815.YPO2257	34.0	326	206	5	8	330	28	347	7.12e-46	159
SMc03001	iNF517.LLMG_RS04065	30.7	313	211	4	22	331	4	313	2.28e-45	156
SMc03001	iCN900.CD630_03020	34.8	287	183	3	35	319	34	318	2.09e-43	152
SMc03001	iML1515.b4460	34.8	302	194	2	30	330	27	326	1.03e-42	150
SMc03001	iML1515.b1515	33.4	305	196	2	21	319	2	305	4.15e-42	148
SMc03001	iSF_1195.SF1585	33.4	305	196	2	21	319	2	305	4.15e-42	148
SMc03001	iSbBS512_1146.SbBS512_E1023	34.4	302	195	2	30	330	27	326	5.55e-42	148
SMc03001	iSSON_1240.SSON_1219	34.4	302	195	2	30	330	28	327	5.68e-42	148
SMc03003	iYL1228.KPN_03154	26.5	275	183	8	6	268	6	273	5.03e-13	70.5
SMc03003	iYL1228.KPN_02542	28.1	242	161	6	9	241	5	242	2.75e-11	65.1
SMc03006	iAF987.Gmet_0069	36.5	115	71	2	1	113	1	115	7.84e-22	87.4
SMc03010	iAF987.Gmet_0069	36.4	107	61	3	7	109	5	108	1.57e-06	48.9
SMc03010	iAF987.Gmet_2999	31.2	109	68	3	4	109	7	111	1.33e-05	46.2
SMc03011	iAF987.Gmet_1706	32.8	116	75	2	8	123	2	114	1.03e-11	60.1
SMc03011	iAF987.Gmet_0069	33.3	114	75	1	9	121	5	118	4.84e-11	58.2
SMc03025	iCN900.CD630_02510	47.6	332	169	4	110	440	101	428	9.14e-91	282
SMc03059	iAF987.Gmet_1162	51.4	288	129	4	1	288	1	277	8.03e-90	268
SMc03059	iJN1463.PP_1945	50.7	284	135	3	5	288	6	284	4.15e-86	259
SMc03059	iSynCJ816.SGL_RS13155	51.1	282	132	3	4	285	10	285	6.81e-83	251
SMc03059	iNF517.LLMG_RS08520	52.8	286	124	5	5	290	4	278	3.32e-81	246
SMc03060	iPC815.YPO3908	22.4	245	173	8	105	337	66	305	5.05e-04	41.2
SMc03061	iSynCJ816.SGL_RS16640	41.2	403	226	5	53	454	27	419	1.03e-109	330
SMc03062	iSynCJ816.SGL_RS16645	53.7	272	125	1	57	328	1	271	2.82e-93	278
SMc03063	iSynCJ816.SGL_RS16650	44.0	366	111	2	13	378	26	297	3.61e-94	283
SMc03064	iYO844.BSU34560	35.8	542	287	12	16	517	3	523	8.11e-108	333
SMc03064	iCN900.CD630_30910	33.7	546	303	12	15	524	2	524	1.65e-105	327
SMc03064	iYS854.USA300HOU_RS08055	35.0	531	302	11	14	517	2	516	1.53e-104	324
SMc03064	iYL1228.KPN_04651	37.3	526	274	14	17	510	7	508	3.64e-99	310
SMc03064	STM_v1_0.STM4453	37.5	496	255	12	17	481	6	477	2.75e-98	308
SMc03064	iNF517.LLMG_RS03830	32.4	556	320	11	15	546	3	526	6.39e-98	306
SMc03064	iEK1008.Rv2471	37.1	529	292	17	12	524	23	526	9.67e-98	306
SMc03064	iYO844.BSU07810	33.5	532	303	12	17	517	8	519	1.59e-96	304
SMc03065	STM_v1_0.STM4230	52.5	362	170	2	1	361	1	361	8.67e-121	353
SMc03065	iSF_1195.SF4170	53.0	364	167	2	1	361	1	363	1.31e-120	352
SMc03065	iML1515.b4035	52.7	364	168	2	1	361	1	363	7.50e-120	350
SMc03065	iSSON_1240.SSON_4213	52.7	364	168	2	1	361	1	363	7.50e-120	350
SMc03065	iYL1228.KPN_04424	52.5	362	170	2	1	361	1	361	2.83e-119	349
SMc03065	iPC815.YPO3712	52.8	358	167	2	1	357	1	357	8.05e-119	348
SMc03065	iPC815.YPO3793	50.4	357	169	6	1	356	1	350	8.45e-108	319
SMc03068	iML1515.b1851	59.6	599	241	1	6	604	4	601	3.81e-260	726
SMc03068	iSF_1195.SF1861	59.6	599	241	1	6	604	4	601	7.67e-260	725
SMc03068	iSDY_1059.SDY_1137	60.0	595	237	1	10	604	8	601	1.54e-259	724
SMc03068	iSbBS512_1146.SbBS512_E2126	59.4	599	242	1	6	604	4	601	3.10e-259	723
SMc03068	iSSON_1240.SSON_1297	59.6	599	241	1	6	604	4	601	4.40e-259	723
SMc03068	iJN1463.PP_1010	58.0	600	246	3	6	603	4	599	1.15e-255	714
SMc03068	iYL1228.KPN_02366	59.3	595	241	1	10	604	4	597	1.18e-255	714
SMc03068	STM_v1_0.STM1885	59.2	595	242	1	10	604	8	601	2.74e-255	713
SMc03068	iCN718.ABAYE_RS16325	58.9	598	244	2	7	603	8	604	8.01e-251	702
SMc03068	iPC815.YPO2533	56.1	620	251	2	1	600	1	619	4.65e-247	693
SMc03069	iJN1463.PP_1023	48.9	227	112	2	6	232	20	242	6.31e-56	178
SMc03070	iJN1463.PP_5351	53.4	481	217	5	10	488	9	484	3.25e-170	488
SMc03070	iJN1463.PP_1022	49.1	485	241	5	6	487	4	485	5.44e-157	454
SMc03070	STM_v1_0.STM1886	48.8	482	240	6	12	489	11	489	1.52e-154	448
SMc03070	iYL1228.KPN_02367	48.5	482	241	6	12	489	11	489	2.16e-154	448
SMc03070	iSbBS512_1146.SbBS512_E2127	48.8	482	240	6	12	489	11	489	3.06e-154	447
SMc03070	iSSON_1240.SSON_1296	48.8	482	240	6	12	489	11	489	3.06e-154	447
SMc03070	iML1515.b1852	48.8	482	240	6	12	489	11	489	4.33e-154	447
SMc03070	iSDY_1059.SDY_1138	48.8	482	240	6	12	489	11	489	4.33e-154	447
SMc03070	iSF_1195.SF1862	48.8	482	240	6	12	489	11	489	4.33e-154	447
SMc03070	iPC815.YPO2066	48.3	482	242	6	12	489	11	489	7.01e-153	444
SMc00761	iJN1463.PP_5273	34.4	421	268	6	12	426	10	428	2.28e-69	225
SMc00761	iYL1228.KPN_01017	32.8	421	274	5	12	427	7	423	7.23e-66	216
SMc00761	iJN1463.PP_3146	33.0	424	270	7	12	426	10	428	8.21e-66	216
SMc00761	iSSON_1240.SSON_1839	32.4	423	273	5	12	427	7	423	1.54e-64	213
SMc00761	iJN1463.PP_2448	33.0	421	272	4	12	427	9	424	6.12e-64	211
SMc00761	iSDY_1059.SDY_1943	32.4	423	273	5	12	427	7	423	8.38e-64	211
SMc00761	iSF_1195.SF1306	32.4	423	273	5	12	427	7	423	1.18e-63	210
SMc00761	iML1515.b1301	32.2	423	274	5	12	427	7	423	6.41e-63	208
SMc00761	iSbBS512_1146.SbBS512_E1537	31.9	423	275	5	12	427	7	423	9.62e-62	205
SMc00761	iJN1463.PP_4020	32.9	423	272	6	12	427	11	428	2.04e-61	204
SMc00762	iJN1463.PP_5183	51.1	446	216	2	35	478	7	452	6.10e-169	483
SMc00762	iJN1463.PP_3148	51.4	442	213	2	39	478	11	452	3.03e-164	471
SMc00763	iNF517.LLMG_RS07275	28.4	109	63	3	1	108	55	149	2.50e-04	42.7
SMc00768	iEK1008.Rv0467	67.6	410	129	3	15	424	22	427	4.91e-191	536
SMc00768	iYL1228.KPN_04396	63.4	418	143	5	15	424	24	439	7.19e-179	506
SMc00768	iJN1463.PP_4116	60.8	426	153	3	11	424	17	440	4.43e-178	504
SMc00768	STM_v1_0.STM4184	61.7	418	150	5	15	424	19	434	2.16e-174	494
SMc00768	iSbBS512_1146.SbBS512_E4509	61.0	418	153	5	15	424	19	434	1.24e-173	492
SMc00768	iML1515.b4015	60.8	418	154	5	15	424	19	434	3.53e-173	491
SMc00768	iSDY_1059.SDY_4328	60.8	418	154	5	15	424	19	434	3.53e-173	491
SMc00768	iSF_1195.SF4081	60.8	418	154	5	15	424	19	434	1.43e-172	489
SMc00768	iPC815.YPO3725	60.8	418	154	5	15	424	20	435	5.62e-170	483
SMc00770	iJN1463.PP_5180	54.1	351	160	1	15	364	14	364	1.04e-133	385
SMc00770	iPC815.YPO1331	53.0	353	164	2	14	364	17	369	3.52e-133	384
SMc00770	iYL1228.KPN_00885	54.9	355	155	4	12	364	19	370	4.19e-132	382
SMc00770	iML1515.b0854	51.5	355	170	2	12	364	16	370	5.18e-128	371
SMc00770	iSbBS512_1146.SbBS512_E2477	51.5	355	170	2	12	364	16	370	5.18e-128	371
SMc00770	iSSON_1240.SSON_0839	51.5	355	170	2	12	364	16	370	5.18e-128	371
SMc00770	STM_v1_0.STM0877	51.7	344	164	2	23	364	27	370	2.09e-127	370
SMc00770	iSF_1195.SF0808	51.3	355	171	2	12	364	16	370	2.09e-127	370
SMc00770	iSDY_1059.SDY_0741	50.7	355	173	2	12	364	16	370	3.41e-126	367
SMc00770	iJN1463.PP_5181	50.7	359	175	2	8	364	7	365	2.68e-124	362
SMc00770	iJN1463.PP_3147	52.0	333	160	0	28	360	26	358	2.79e-123	359
SMc00770	iJN1463.PP_0873	50.9	340	164	2	26	363	20	358	2.69e-120	351
SMc00770	iJN1463.PP_5341	49.6	363	180	2	3	363	5	366	1.00e-119	350
SMc00771	STM_v1_0.STM0878	56.4	362	156	2	19	379	15	375	4.91e-137	395
SMc00771	iPC815.YPO1332	55.6	367	161	2	14	379	10	375	4.91e-137	395
SMc00771	iML1515.b0855	56.1	362	157	2	19	379	15	375	1.40e-136	394
SMc00771	iSSON_1240.SSON_0840	56.1	362	157	2	19	379	42	402	3.48e-136	394
SMc00771	iYL1228.KPN_00886	56.4	365	157	2	16	379	28	391	6.85e-136	393
SMc00771	iSF_1195.SF0809	55.8	362	158	2	19	379	42	402	9.91e-136	393
SMc00771	iSbBS512_1146.SbBS512_E2476	56.6	362	155	2	19	379	15	375	5.65e-136	392
SMc00771	iSDY_1059.SDY_0740	55.8	362	158	2	19	379	15	375	8.01e-136	392
SMc00771	iJN1463.PP_5179	55.0	369	142	5	24	380	23	379	1.90e-127	371
SMc00772	iML1515.b0856	57.7	291	118	1	11	301	30	315	1.44e-111	325
SMc00772	iSF_1195.SF0810	57.7	291	118	1	11	301	30	315	1.44e-111	325
SMc00772	iSbBS512_1146.SbBS512_E2475	57.4	291	119	1	11	301	30	315	4.10e-111	324
SMc00772	STM_v1_0.STM0879	57.0	291	120	1	11	301	30	315	2.35e-110	322
SMc00772	iSSON_1240.SSON_0841	57.4	291	119	1	11	301	30	315	6.69e-110	321
SMc00772	iSDY_1059.SDY_0739	56.7	291	121	1	11	301	30	315	7.71e-109	318
SMc00772	iYL1228.KPN_00887	53.8	301	134	1	2	302	21	316	6.26e-108	316
SMc00772	iPC815.YPO1333	55.6	293	125	2	11	303	34	321	3.81e-105	309
SMc00772	iJN1463.PP_5178	54.7	287	125	1	11	297	19	300	9.37e-105	307
SMc00773	iYL1228.KPN_00888	57.5	266	107	1	5	264	9	274	5.16e-98	288
SMc00773	STM_v1_0.STM0880	57.5	266	107	1	5	264	9	274	4.82e-96	283
SMc00773	iML1515.b0857	56.8	266	109	1	5	264	9	274	5.55e-95	280
SMc00773	iSbBS512_1146.SbBS512_E2474	56.8	266	109	1	5	264	9	274	5.55e-95	280
SMc00773	iSDY_1059.SDY_0738	56.8	266	109	1	5	264	9	274	5.55e-95	280
SMc00773	iSF_1195.SF0811	56.4	266	110	1	5	264	9	274	6.39e-94	278
SMc00773	iSSON_1240.SSON_0842	56.4	266	110	1	5	264	9	274	6.39e-94	278
SMc00773	iPC815.YPO1334	55.7	271	111	2	4	268	11	278	6.39e-94	278
SMc00774	iJN1463.PP_3071	56.7	649	273	5	7	650	5	650	8.57e-248	698
SMc00775	iSynCJ816.SGL_RS12585	41.4	534	301	3	35	558	20	551	1.13e-125	379
SMc00776	iAF987.Gmet_1991	28.1	178	116	5	903	1078	196	363	1.50e-05	48.9
SMc00778	iLJ478.TM1724	32.5	246	160	1	4	249	2	241	7.33e-33	119
SMc00778	iCHOv1.100766065	32.3	248	158	4	3	249	2	240	8.23e-31	114
SMc00778	iML1515.b4266	31.6	247	161	2	5	249	7	247	1.01e-30	114
SMc00778	iSSON_1240.SSON_4451	31.6	247	161	2	5	249	7	247	1.42e-30	114
SMc00778	iYS854.USA300HOU_RS13400	36.4	220	127	5	37	249	3	216	1.00e-30	114
SMc00778	iEK1008.Rv1928c	34.1	252	156	6	5	253	9	253	5.59e-30	112
SMc00778	iPC815.YPO2539	32.0	247	160	2	5	249	7	247	7.66e-30	112
SMc00778	iYO844.BSU32000	31.6	253	161	4	5	249	6	254	1.25e-29	111
SMc00778	STM_v1_0.STM4483	31.2	247	162	2	5	249	7	247	1.50e-29	111
SMc00779	iCHOv1.100760306	26.0	438	283	10	5	408	36	466	1.46e-50	176
SMc00781	iEK1008.Rv0753c	67.2	506	155	2	3	497	4	509	2.97e-249	690
SMc00784	iSynCJ816.SGL_RS03245	43.4	316	174	4	29	341	46	359	2.83e-89	271
SMc00784	iSynCJ816.SGL_RS15495	40.6	340	190	6	8	341	12	345	4.84e-84	258
SMc00786	iYL1228.KPN_03899	53.9	519	235	4	13	529	9	525	4.33e-201	570
SMc00786	STM_v1_0.STM3630	54.5	519	232	4	13	529	18	534	5.92e-201	570
SMc00786	iML1515.b3544	54.3	519	233	4	13	529	18	534	1.11e-198	564
SMc00786	iSDY_1059.SDY_4567	54.1	519	234	4	13	529	18	534	2.23e-198	563
SMc00786	iSF_1195.SF3579	54.1	519	234	4	13	529	18	534	2.23e-198	563
SMc00786	iSSON_1240.SSON_3846	54.1	519	234	4	13	529	18	534	4.48e-198	562
SMc00786	iPC815.YPO4003	53.0	519	240	4	13	529	18	534	8.41e-196	556
SMc00786	iJN1463.PP_0885	49.2	518	249	6	23	529	25	539	1.64e-179	515
SMc00787	STM_v1_0.STM3629	61.1	337	128	1	1	334	1	337	7.68e-149	422
SMc00787	iYL1228.KPN_03898	61.1	337	128	1	1	334	1	337	8.90e-148	419
SMc00787	iML1515.b3543	60.5	337	130	1	1	334	1	337	2.54e-147	418
SMc00787	iSDY_1059.SDY_4566	60.5	337	130	1	1	334	1	337	2.54e-147	418
SMc00787	iSSON_1240.SSON_3847	60.5	337	130	1	1	334	1	337	2.54e-147	418
SMc00787	iSF_1195.SF3578	60.2	337	131	1	1	334	1	337	1.03e-146	416
SMc00787	iJN1463.PP_0881	60.5	334	132	0	1	334	1	334	1.01e-143	409
SMc00788	iJN1463.PP_0880	67.3	281	92	0	22	302	27	307	1.67e-127	365
SMc00788	STM_v1_0.STM3628	60.6	292	115	0	10	301	9	300	3.31e-118	341
SMc00788	iSDY_1059.SDY_4565	60.1	301	119	1	1	301	1	300	3.31e-118	341
SMc00788	iYL1228.KPN_03897	60.4	288	114	0	14	301	13	300	1.90e-117	339
SMc00788	iPC815.YPO4001	60.8	293	115	0	9	301	8	300	1.09e-116	337
SMc00788	iML1515.b3542	59.8	301	120	1	1	301	1	300	1.55e-116	337
SMc00788	iSF_1195.SF3577	59.8	301	120	1	1	301	1	300	3.11e-116	336
SMc00788	iSSON_1240.SSON_3848	59.5	301	121	1	1	301	1	300	4.41e-116	336
SMc00789	iYL1228.KPN_03896	58.2	261	109	0	1	261	1	261	2.30e-105	309
SMc00789	iSSON_1240.SSON_3849	57.9	261	110	0	1	261	1	261	9.31e-105	307
SMc00789	iML1515.b3541	57.9	261	110	0	1	261	1	261	1.32e-104	307
SMc00789	iSF_1195.SF3576	57.9	261	110	0	1	261	1	261	1.32e-104	307
SMc00789	iSDY_1059.SDY_4564	57.1	261	112	0	1	261	1	261	3.05e-103	303
SMc00789	iPC815.YPO4000	57.1	261	112	0	1	261	1	261	8.40e-103	302
SMc00789	STM_v1_0.STM3627	56.3	261	114	0	1	261	1	261	5.70e-101	298
SMc00789	iJN1463.PP_0879	57.8	270	112	2	1	269	1	269	2.58e-98	291
SMc00790	iPC815.YPO3999	61.7	256	98	0	4	259	33	288	5.57e-106	311
SMc00790	iYL1228.KPN_03895	60.1	258	99	2	4	259	12	267	2.63e-104	306
SMc00790	iSSON_1240.SSON_3850	59.7	258	100	2	4	259	12	267	3.38e-104	306
SMc00790	iML1515.b3540	59.7	258	100	2	4	259	12	267	4.79e-104	305
SMc00790	iSF_1195.SF3575	59.7	258	100	2	4	259	12	267	6.79e-104	305
SMc00790	STM_v1_0.STM3626	59.3	258	101	2	4	259	12	267	2.13e-103	304
SMc00790	iSDY_1059.SDY_4563	59.3	258	101	2	4	259	12	267	7.80e-103	302
SMc00790	iJN1463.PP_0878	58.1	258	108	0	1	258	1	258	1.40e-100	296
SMc00793	iML1515.b1601	23.4	325	229	9	46	364	17	327	1.08e-11	65.1
SMc00797	iJN1463.PP_3596	47.4	416	215	3	1	415	1	413	1.75e-130	381
SMc00799	iCN900.CD630_32700	38.5	130	77	1	19	148	9	135	1.23e-19	82.4
SMc00808	iJN1463.PP_2556	48.3	470	214	6	11	476	5	449	8.11e-128	378
SMc00810	iAF987.Gmet_0880	32.5	320	200	2	95	414	7	310	3.57e-38	144
SMc00813	iYO844.BSU03070	25.2	412	296	4	2	407	11	416	1.14e-30	124
SMc00815	iJN1463.PP_1031	59.9	491	186	3	12	499	7	489	1.09e-196	556
SMc00815	iLJ478.TM1347	58.0	486	193	3	12	496	3	478	9.34e-189	535
SMc00815	iCN718.ABAYE_RS01355	57.0	491	199	4	12	499	7	488	1.43e-184	525
SMc00815	iAF987.Gmet_2293	56.5	485	204	1	12	496	8	485	1.82e-183	522
SMc00815	iML1515.b2508	56.7	490	203	3	12	500	7	488	9.40e-183	520
SMc00815	iSbBS512_1146.SbBS512_E2883	56.7	490	203	3	12	500	7	488	9.40e-183	520
SMc00815	iSF_1195.SF2554	56.7	490	203	3	12	500	7	488	9.40e-183	520
SMc00815	iSSON_1240.SSON_2590	56.7	490	203	3	12	500	7	488	9.40e-183	520
SMc00815	STM_v1_0.STM2511	56.7	490	203	3	12	500	7	488	1.33e-182	520
SMc00815	iSDY_1059.SDY_2704	56.5	490	204	3	12	500	7	488	7.63e-182	518
SMc00815	iYL1228.KPN_02834	56.5	490	204	3	12	500	7	488	8.77e-181	515
SMc00815	iHN637.CLJU_RS18305	54.6	496	209	3	1	496	1	480	4.37e-180	513
SMc00815	iPC815.YPO2871	57.0	486	200	3	12	496	7	484	6.88e-180	513
SMc00815	iYO844.BSU00090	55.2	491	212	2	6	496	3	485	2.87e-179	511
SMc00815	iNF517.LLMG_RS01210	53.6	491	223	1	6	496	5	490	1.04e-175	503
SMc00815	iEK1008.Rv3411c	56.1	490	200	5	14	496	45	526	2.02e-174	501
SMc00819	iJN1463.PP_0481	58.0	474	193	4	7	478	5	474	1.40e-200	565
SMc00819	iPC815.YPO1207	56.4	479	205	2	1	478	2	477	1.68e-199	562
SMc00819	iYO844.BSU08820	54.8	476	205	5	7	478	6	475	2.23e-183	521
SMc00825	iEK1008.Rv3704c	29.3	379	225	13	7	371	19	368	1.50e-26	110
SMc00827	iIT341.HP1491	42.4	517	254	3	37	509	10	526	6.06e-115	349
SMc00832	iJN1463.PP_3745	50.1	449	223	1	25	472	25	473	7.18e-149	434
SMc00832	iML1515.b2979	47.8	456	237	1	18	472	18	473	2.43e-144	422
SMc00832	iSynCJ816.SGL_RS13765	44.0	470	257	3	5	472	1	466	3.99e-133	393
SMc00833	iJN1463.PP_3746	37.6	383	186	10	17	398	15	345	3.27e-60	198
SMc00926	iJN1463.PP_3747	44.1	431	216	7	14	441	1	409	1.22e-115	344
SMc00926	iML1515.b4467	42.3	428	215	7	14	434	1	403	1.82e-108	326
SMc00925	iML1515.b0819	40.1	142	74	4	69	206	100	234	3.47e-26	102
SMc00925	STM_v1_0.STM0837	40.1	142	74	4	69	206	100	234	1.31e-25	101
SMc00925	iML1515.b1113	38.3	141	82	2	69	206	103	241	4.40e-24	97.4
SMc00925	STM_v1_0.STM1215	38.3	141	82	2	69	206	103	241	4.43e-23	94.7
SMc00925	iML1515.b1990	36.6	142	79	4	69	206	97	231	5.27e-23	94.4
SMc00924	iML1515.b0819	38.5	148	84	3	100	243	87	231	5.13e-26	102
SMc00924	iML1515.b1990	38.4	151	86	3	100	246	84	231	1.48e-25	101
SMc00924	STM_v1_0.STM0837	38.5	148	84	3	100	243	87	231	1.92e-25	101
SMc00922	iHN637.CLJU_RS07510	39.2	467	267	6	10	472	18	471	5.00e-109	332
SMc00922	iJN1463.PP_4309	35.4	472	277	8	8	469	32	485	5.56e-101	311
SMc00922	iPC815.YPO1083	37.4	479	270	9	2	469	11	470	3.90e-100	309
SMc00919	iLB1027_lipid.PHATRDRAFT_16944	33.5	430	241	18	37	454	24	420	3.85e-42	155
SMc00919	iMM904.YPR033C	28.5	477	272	19	16	454	58	503	1.42e-40	153
SMc00919	iLB1027_lipid.PHATRDRAFT_23920	30.1	458	277	15	16	470	81	498	6.70e-39	147
SMc00918	iAF987.Gmet_3259	27.5	360	182	16	11	363	31	318	1.53e-11	65.1
SMc00918	iNF517.LLMG_RS06580	22.9	362	194	12	17	373	34	315	7.32e-11	62.4
SMc00917	iAF692.Mbar_A1312	32.3	229	132	9	3	231	2	207	5.16e-25	99.4
SMc00916	iML1515.b2302	48.1	162	79	4	20	180	1	158	2.21e-42	143
SMc00916	iJN1463.PP_2933	46.6	163	76	3	21	177	45	202	6.86e-37	130
SMc00915	iJN1463.PP_2933	42.6	61	29	2	5	61	202	260	1.37e-09	51.2
SMc00914	iML1515.b2542	35.6	404	246	9	5	403	6	400	8.17e-65	212
SMc00914	iSSON_1240.SSON_2624	35.6	404	246	9	5	403	6	400	4.49e-64	210
SMc00914	iCN718.ABAYE_RS14180	35.4	404	252	7	4	403	3	401	4.04e-62	205
SMc00910	iEK1008.Rv1692	27.1	251	155	10	9	249	2	234	2.42e-09	57.0
SMc00909	iYL1228.KPN_00020	39.6	298	178	2	13	310	10	305	2.51e-57	187
SMc00909	iSDY_1059.SDY_0047	38.6	298	181	2	19	316	17	312	5.12e-57	186
SMc00909	iML1515.b0025	38.6	298	181	2	19	316	17	312	7.22e-57	186
SMc00909	iSbBS512_1146.SbBS512_E0029	38.6	298	181	2	19	316	17	312	7.22e-57	186
SMc00909	iSF_1195.SF0021	38.6	298	181	2	19	316	17	312	7.22e-57	186
SMc00909	iSSON_1240.SSON_0030	38.6	298	181	2	19	316	17	312	7.22e-57	186
SMc00909	iJN1463.PP_0602	40.2	296	174	3	14	309	12	304	3.09e-56	184
SMc00909	iEK1008.Rv2786c	35.0	326	197	4	1	312	5	329	1.10e-53	178
SMc00909	STM_v1_0.STM0045	37.8	296	182	2	13	308	10	303	9.37e-54	178
SMc00909	iAF987.Gmet_1388	33.1	311	205	3	4	314	1	308	6.76e-53	176
SMc00909	iCN900.CD630_13150	36.7	289	176	6	17	303	13	296	9.49e-53	175
SMc00909	iPC815.YPO0474	37.8	299	184	2	19	317	16	312	3.14e-51	171
SMc00908	iAF987.Gmet_0351	44.3	973	475	20	8	963	1	923	6.50e-251	728
SMc00908	iYS854.USA300HOU_RS05995	41.5	960	480	22	8	947	1	898	4.48e-226	664
SMc00908	iSSON_1240.SSON_0031	40.3	985	510	24	9	968	3	934	1.72e-225	664
SMc00908	iSbBS512_1146.SbBS512_E0030	40.3	985	510	24	9	968	3	934	2.43e-225	663
SMc00908	iSF_1195.SF0022	40.3	985	510	24	9	968	3	934	2.43e-225	663
SMc00908	iSDY_1059.SDY_0048	40.2	985	511	24	9	968	3	934	1.36e-224	661
SMc00908	iCN718.ABAYE_RS19095	40.6	972	511	20	4	957	7	930	2.99e-222	655
SMc00906	iCHOv1.100757665	33.5	164	97	3	5	157	6	168	4.15e-31	109
SMc00906	iMM1415.69215	31.0	187	94	4	5	157	6	191	1.23e-29	106
SMc00905	iYO844.BSU00180	43.9	139	78	0	7	145	7	145	5.19e-33	114
SMc00905	iNF517.LLMG_RS09230	47.9	144	73	2	7	149	11	153	1.25e-32	112
SMc00905	iAF987.Gmet_3524	47.6	143	75	0	7	149	15	157	5.49e-32	111
SMc00904	iNF517.LLMG_RS06045	34.8	224	143	2	48	269	2	224	8.49e-37	136
SMc00902	iCN718.ABAYE_RS13845	39.2	125	70	3	1	125	5	123	2.22e-17	75.5
SMc00930	iMM904.YML059C	28.9	194	127	5	25	217	1371	1554	1.51e-12	67.8
SMc00898	iJN1463.PP_3311	47.1	546	278	5	14	554	16	555	8.44e-143	426
SMc00898	iSSON_1240.SSON_3481	43.3	556	310	4	1	555	1	552	5.33e-131	396
SMc00898	iML1515.b3350	43.3	556	310	4	1	555	1	552	7.52e-131	396
SMc00898	iSbBS512_1146.SbBS512_E3725	43.3	556	310	4	1	555	1	552	1.06e-130	395
SMc00898	STM_v1_0.STM3457	43.5	563	299	7	1	555	1	552	1.67e-129	392
SMc00898	iYL1228.KPN_03736	43.0	551	296	7	13	555	12	552	1.31e-128	390
SMc00896	iSynCJ816.SGL_RS16880	29.3	273	163	9	8	257	6	271	2.63e-21	90.5
SMc00896	iAF987.Gmet_0697	30.0	237	154	5	14	242	4	236	5.88e-21	89.0
SMc00896	iML1515.b4214	30.0	233	152	6	16	241	2	230	8.50e-19	82.8
SMc00896	iSbBS512_1146.SbBS512_E4758	30.0	233	152	6	16	241	2	230	8.50e-19	82.8
SMc00896	iSDY_1059.SDY_4385	30.0	233	152	6	16	241	2	230	8.50e-19	82.8
SMc00896	iSF_1195.SF4272	30.0	233	152	6	16	241	2	230	8.50e-19	82.8
SMc00896	iSSON_1240.SSON_4399	30.0	233	152	6	16	241	2	230	8.50e-19	82.8
SMc00896	iJN1463.PP_0261	28.9	242	146	8	19	241	4	238	2.22e-18	82.0
SMc00896	iIS312.TCDM_05171	29.5	241	150	6	13	235	5	243	2.82e-18	82.0
SMc00894	STM_v1_0.STM3724	36.7	412	252	7	20	424	13	422	2.38e-70	228
SMc00894	iML1515.b3633	36.7	412	252	7	20	424	13	422	1.01e-68	224
SMc00894	iSbBS512_1146.SbBS512_E4058	36.7	412	252	7	20	424	13	422	1.01e-68	224
SMc00894	iSSON_1240.SSON_3774	36.7	412	252	7	20	424	13	422	1.01e-68	224
SMc00894	iSDY_1059.SDY_4063	36.4	412	253	7	20	424	13	422	2.80e-68	223
SMc00894	iYL1228.KPN_03972	34.9	410	258	6	20	422	12	419	5.38e-68	222
SMc00894	iSF_1195.SF3672	36.4	412	253	7	20	424	13	422	2.15e-67	220
SMc00894	iPC815.YPO0055	34.6	416	265	5	13	422	6	420	3.26e-66	217
SMc00894	iJN1463.PP_4928	37.1	404	243	8	28	422	21	422	3.59e-64	212
SMc00893	iYS854.USA300HOU_RS02915	24.5	212	149	3	10	216	4	209	1.97e-14	69.7
SMc00892	iAF987.Gmet_2347	37.5	293	162	9	46	321	58	346	3.12e-36	134
SMc00892	iML1515.b0915	32.2	286	173	8	20	294	16	291	1.91e-33	125
SMc00892	iSF_1195.SF0911	32.2	286	173	8	20	294	16	291	1.91e-33	125
SMc00892	iSSON_1240.SSON_0917	32.2	286	173	8	20	294	16	291	1.91e-33	125
SMc00892	iSbBS512_1146.SbBS512_E2409	31.8	286	174	8	20	294	16	291	1.38e-32	123
SMc00892	iSDY_1059.SDY_2343	31.8	286	174	8	20	294	16	291	3.72e-32	122
SMc00892	iPC815.YPO1396	34.3	283	170	7	20	294	16	290	3.72e-32	122
SMc00887	iYL1228.KPN_02455	38.5	374	228	2	56	429	221	592	2.61e-79	256
SMc00887	iAF987.Gmet_3085	36.6	423	263	2	23	440	463	885	1.28e-76	256
SMc00887	iAF987.Gmet_0782	35.4	444	282	2	2	440	283	726	2.75e-74	246
SMc00887	iAF987.Gmet_0700	35.7	412	261	1	21	428	396	807	2.03e-73	246
SMc00887	iAF987.Gmet_0957	36.0	417	262	2	21	432	197	613	1.11e-73	243
SMc00887	iJN1463.PP_0914	34.3	426	276	1	23	444	263	688	4.97e-73	242
SMc00887	iAF987.Gmet_0987	36.4	390	244	1	58	443	399	788	7.08e-71	238
SMc00887	iJN1463.PP_1144	35.6	433	272	4	13	440	283	713	5.48e-70	235
SMc00884	iCN718.ABAYE_RS08940	62.9	574	209	2	5	574	4	577	4.62e-256	713
SMc00883	iCHOv1.100752401	27.8	212	139	7	86	286	83	291	1.96e-13	68.9
SMc00882	iYL1228.KPN_04096	50.3	193	96	0	12	204	8	200	2.27e-50	162
SMc00882	iML1515.b4477	49.7	193	97	0	12	204	8	200	5.18e-49	158
SMc00881	STM_v1_0.STM3829	33.6	301	181	7	7	303	5	290	6.00e-37	133
SMc00881	iML1515.b3693	33.7	297	186	6	7	303	5	290	1.65e-36	132
SMc00881	iSSON_1240.SSON_3644	33.7	297	186	6	7	303	5	290	1.65e-36	132
SMc00881	iSF_1195.SF3770	33.9	301	180	7	7	303	5	290	3.23e-36	131
SMc00881	iYL1228.KPN_04097	36.3	300	174	11	7	303	5	290	6.67e-35	127
SMc00880	iLJ478.TM1724	36.4	239	149	2	17	255	9	244	1.52e-36	129
SMc00880	iML1515.b2842	32.7	245	161	3	11	254	8	249	3.58e-36	128
SMc00880	iCN900.CD630_25770	34.0	244	159	1	11	254	1	242	1.15e-35	127
SMc00880	iAF987.Gmet_1531	34.1	246	154	4	11	254	4	243	5.35e-34	122
SMc00880	iYS854.USA300HOU_RS06185	35.1	245	153	4	14	256	3	243	1.42e-32	119
SMc00874	iML1515.b3816	36.1	299	182	3	28	326	27	316	1.22e-51	172
SMc00874	iSbBS512_1146.SbBS512_E4281	36.1	299	182	3	28	326	27	316	1.22e-51	172
SMc00874	iSDY_1059.SDY_3929	36.1	299	182	3	28	326	27	316	1.22e-51	172
SMc00874	iSF_1195.SF3894	36.1	299	182	3	28	326	27	316	1.22e-51	172
SMc00874	iSSON_1240.SSON_3991	36.1	299	182	3	28	326	27	316	1.22e-51	172
SMc00874	STM_v1_0.STM3952	35.5	301	185	3	26	326	25	316	1.71e-51	172
SMc00874	iPC815.YPO3837	35.5	299	184	3	28	326	27	316	3.39e-51	171
SMc00874	iAF987.Gmet_0134	32.5	329	207	6	1	326	1	317	7.49e-50	168
SMc00874	iYL1228.KPN_04313	35.1	299	185	3	28	326	43	332	3.05e-49	167
SMc00873	iJN1463.PP_1200	47.2	629	316	4	2	622	16	636	1.45e-186	540
SMc00873	iPC815.YPO0006	43.1	622	350	2	2	622	4	622	8.52e-174	507
SMc00873	iML1515.b3747	42.6	622	353	2	2	622	4	622	9.66e-173	504
SMc00873	STM_v1_0.STM3880	42.9	622	351	2	2	622	4	622	9.66e-173	504
SMc00873	iSSON_1240.SSON_3917	42.6	622	353	2	2	622	4	622	1.37e-172	504
SMc00873	iSbBS512_1146.SbBS512_E4173	42.6	622	353	2	2	622	4	622	1.93e-172	504
SMc00873	iYL1228.KPN_04152	42.6	622	353	2	2	622	4	622	3.87e-172	503
SMc00873	iSF_1195.SF3828	42.3	622	355	2	2	622	4	622	6.21e-171	500
SMc00873	iSDY_1059.SDY_4001	42.1	624	355	3	2	622	4	624	1.06e-169	497
SMc00928	iHN637.CLJU_RS19935	28.5	123	74	3	257	377	61	171	9.69e-08	51.2
SMc00871	iMM904.Q0085	35.6	247	153	4	5	246	12	257	9.65e-40	137
SMc00870	iCHOv1.100754380	50.0	70	35	0	5	74	71	140	1.77e-16	68.2
SMc00870	iCHOv1.100752739	50.0	70	35	0	5	74	66	135	1.58e-16	68.2
SMc00870	iCHOv1.100772366	50.0	70	35	0	5	74	186	255	1.17e-15	68.2
SMc00870	iAT_PLT_636.518	50.0	70	35	0	5	74	72	141	1.81e-16	68.2
SMc00870	iAT_PLT_636.516	50.0	70	35	0	5	74	66	135	1.58e-16	68.2
SMc00870	iAT_PLT_636.517	50.0	70	35	0	5	74	87	156	2.49e-16	68.2
SMc00870	iMM1415.11951	50.0	70	35	0	5	74	66	135	1.58e-16	68.2
SMc00870	iMM904.Q0130	45.1	71	39	0	5	75	6	76	1.71e-15	63.9
SMc00863	iJN1463.PP_4600	56.6	159	69	0	10	168	9	167	1.06e-60	186
SMc00863	iJN1463.PP_2122	54.7	159	72	0	9	167	8	166	4.10e-57	177
SMc00862	iJN1463.PP_0723	37.2	277	149	9	11	284	4	258	3.67e-35	128
SMc00862	iAF987.Gmet_2849	34.2	298	160	7	11	295	4	278	9.46e-34	124
SMc00862	iYO844.BSU00460	34.7	259	154	5	15	268	7	255	4.65e-31	117
SMc00860	STM_v1_0.STM3305	47.7	321	167	1	16	336	2	321	3.41e-95	285
SMc00860	iML1515.b3187	47.0	321	169	1	16	336	2	321	1.94e-94	283
SMc00860	iSbBS512_1146.SbBS512_E3583	47.0	321	169	1	16	336	2	321	1.94e-94	283
SMc00860	iSF_1195.SF3227	47.0	321	169	1	16	336	2	321	1.94e-94	283
SMc00860	iSSON_1240.SSON_3335	47.0	321	169	1	16	336	2	321	1.94e-94	283
SMc00860	iSDY_1059.SDY_3368	46.7	321	170	1	16	336	2	321	2.75e-94	283
SMc00860	iYL1228.KPN_03597	46.7	321	170	1	16	336	2	321	1.26e-92	278
SMc00860	iJN1463.PP_0687	47.4	310	161	1	27	336	13	320	4.49e-90	272
SMc00860	iPC815.YPO3513	45.8	321	173	1	16	336	2	321	1.06e-88	268
SMc00860	iAF987.Gmet_2455	42.3	310	179	0	27	336	11	320	2.13e-85	260
SMc00857	iAF987.Gmet_1750	31.1	193	131	1	38	230	51	241	5.42e-20	87.4
SMc00855	iJN1463.PP_0061	67.1	298	83	3	5	301	9	292	1.28e-140	399
SMc00855	iCN718.ABAYE_RS02360	66.3	297	85	3	6	301	10	292	7.34e-140	397
SMc00855	iSbBS512_1146.SbBS512_E3965	65.9	293	87	3	5	296	7	287	9.20e-138	391
SMc00855	iSDY_1059.SDY_4344	65.9	293	87	3	5	296	7	287	9.20e-138	391
SMc00855	iSF_1195.SF3603	65.9	293	87	3	5	296	7	287	9.20e-138	391
SMc00855	iSSON_1240.SSON_3829	65.9	293	87	3	5	296	7	287	9.20e-138	391
SMc00855	iYL1228.KPN_03923	65.5	293	88	3	5	296	7	287	1.85e-137	390
SMc00855	STM_v1_0.STM3656	65.5	293	88	3	5	296	7	287	3.73e-137	390
SMc00855	iPC815.YPO4072	64.8	293	90	3	5	296	7	287	1.10e-136	389
SMc00855	iAF987.Gmet_2942	63.4	292	90	2	6	297	2	276	7.68e-134	381
SMc00851	iAF987.Gmet_2941	37.4	728	405	13	1	720	1	685	1.36e-127	394
SMc00851	iCN718.ABAYE_RS02355	36.0	725	416	11	4	721	6	689	2.26e-122	380
SMc00851	iCN900.CD630_24320	34.3	726	422	13	4	719	5	685	2.51e-116	365
SMc00851	iYL1228.KPN_03922	35.8	721	414	12	5	717	7	686	7.16e-116	363
SMc00850	iCN718.ABAYE_RS00870	42.2	154	86	2	5	158	2	152	2.79e-35	120
SMc00993	iSSON_1240.SSON_4178	57.8	427	174	5	1	421	1	427	4.97e-158	452
SMc00993	iSF_1195.SF4077	57.6	427	175	5	1	421	1	427	2.01e-157	451
SMc00993	iSDY_1059.SDY_3721	57.6	427	175	5	1	421	1	427	4.03e-157	450
SMc00993	STM_v1_0.STM4175	57.1	427	177	5	1	421	1	427	2.31e-156	448
SMc00993	iML1515.b4005	57.4	427	176	5	1	421	1	427	3.27e-156	447
SMc00993	iSbBS512_1146.SbBS512_E4496	57.4	427	176	5	1	421	1	427	3.27e-156	447
SMc00993	iYL1228.KPN_04387	56.6	429	180	5	1	423	1	429	4.97e-156	447
SMc00993	iPC815.YPO3729	54.7	426	187	5	1	420	1	426	2.08e-149	430
SMc00993	iJN1463.PP_4823	55.0	427	184	6	1	421	1	425	4.01e-145	419
SMc00993	iAF987.Gmet_2904	53.0	423	196	2	1	420	1	423	1.42e-143	415
SMc00993	iCN718.ABAYE_RS07250	51.9	428	200	5	1	423	1	427	2.38e-143	415
SMc00992	iJN1463.PP_1144	35.6	432	266	6	334	762	286	708	1.40e-71	249
SMc00992	iAF987.Gmet_2629	34.3	429	265	7	334	757	382	798	4.96e-66	234
SMc00992	iAF987.Gmet_0782	33.5	427	274	4	334	758	298	716	5.06e-66	233
SMc00992	iAF987.Gmet_0700	31.0	426	284	3	334	757	391	808	3.22e-65	232
SMc00992	iJN1463.PP_3581	35.5	420	260	4	341	758	266	676	3.28e-65	230
SMc00992	iAF987.Gmet_0987	34.0	426	269	5	341	763	364	780	2.77e-64	229
SMc00991	iCN900.CD630_10270	29.3	328	219	6	5	327	14	333	1.51e-33	126
SMc00991	STM_v1_0.STM1222	27.2	320	214	8	17	327	21	330	2.68e-29	115
SMc00990	iAF987.Gmet_0333	22.6	350	245	9	44	373	58	401	9.55e-10	59.7
SMc00988	iMM1415.71883	43.9	305	151	7	19	316	63	354	3.24e-65	209
SMc00988	iLB1027_lipid.PHATRDRAFT_12269	44.5	299	154	7	18	310	2	294	8.00e-66	208
SMc00988	iCHOv1.100755903	44.2	283	142	6	35	312	2	273	5.14e-62	198
SMc00985	iMM904.YDL178W	38.1	441	258	4	41	474	98	530	5.95e-101	312
SMc00985	iMM904.YEL071W	38.5	457	264	7	26	474	49	496	2.97e-95	296
SMc00982	iJN1463.PP_0315	47.8	395	202	4	11	403	24	416	5.06e-133	388
SMc00981	iJN1463.PP_0316	42.8	367	206	1	1	363	1	367	5.00e-102	305
SMc00977	iJN1463.PP_2048	50.0	478	215	6	2	472	3	463	9.30e-146	433
SMc00977	iJN1463.PP_0368	47.2	472	236	4	2	468	4	467	8.05e-141	421
SMc00976	iCN718.ABAYE_RS11685	39.5	223	134	1	26	247	34	256	3.16e-40	139
SMc00972	iJN1463.PP_0527	53.0	621	280	6	10	629	13	622	5.27e-210	601
SMc00972	iAF987.Gmet_1934	51.2	627	288	7	12	629	2	619	1.16e-199	574
SMc00972	iAF987.Gmet_2822	50.6	620	298	5	14	629	4	619	2.29e-199	574
SMc00972	iSDY_1059.SDY_0310	50.2	618	296	6	13	629	9	615	4.48e-198	570
SMc00972	iML1515.b0420	50.3	618	295	6	13	629	9	615	8.99e-198	569
SMc00972	iSbBS512_1146.SbBS512_E0341	50.2	618	296	6	13	629	9	615	1.27e-197	569
SMc00972	iSSON_1240.SSON_0397	50.2	618	296	6	13	629	9	615	1.27e-197	569
SMc00972	iSF_1195.SF0357	50.0	618	297	6	13	629	9	615	3.61e-197	568
SMc00972	iPC815.YPO3177	50.0	614	294	7	13	625	9	610	1.13e-195	564
SMc00972	STM_v1_0.STM0422	49.8	618	298	6	13	629	9	615	6.66e-195	562
SMc00972	iYL1228.KPN_00372	49.7	618	299	6	13	629	9	615	1.52e-193	558
SMc00969	iYO844.BSU29710	29.4	299	187	8	25	309	33	321	8.17e-29	113
SMc00969	iAM_Pf480.PF3D7_1008000	25.1	319	104	2	116	299	962	1280	4.90e-26	108
SMc00969	iAM_Pc455.PCYB_124280	30.4	263	136	10	74	291	1123	1383	6.32e-26	107
SMc00969	iAM_Pv461.PVX_094595	24.5	318	99	2	116	292	885	1202	6.57e-26	107
SMc00969	iAM_Pc455.PCYB_081730	24.1	323	99	2	116	292	810	1132	2.19e-25	106
SMc00969	iAM_Pb448.PBANKA_133540	29.9	261	133	10	79	291	1155	1413	7.04e-25	104
SMc00968	iEK1008.Rv2933	25.8	330	225	8	2	318	1456	1778	4.71e-07	51.2
SMc00968	iEK1008.Rv3825c	33.9	115	72	3	8	119	1431	1544	8.27e-07	50.4
SMc00966	iYS854.USA300HOU_RS03015	44.4	381	201	7	12	389	5	377	5.94e-84	260
SMc00966	iJN1463.PP_4636	41.4	389	207	7	12	385	5	387	5.94e-78	245
SMc00966	iJN1463.PP_3280	44.8	400	186	10	12	385	10	400	6.94e-77	243
SMc00966	iYS854.USA300HOU_RS01880	41.4	389	214	5	12	389	5	390	2.33e-74	236
SMc00965	iYO844.BSU10360	32.1	358	229	7	131	487	128	472	2.20e-45	165
SMc00965	iEK1008.Rv0270	32.4	343	217	7	152	485	223	559	2.86e-40	152
SMc00964	iYS854.USA300HOU_RS12355	44.4	171	90	1	1	171	1	166	2.45e-35	122
SMc00962	iCN900.CD630_01000	37.2	207	121	3	22	219	26	232	4.00e-39	135
SMc00962	iAF987.Gmet_2439	39.7	199	118	2	30	226	35	233	3.02e-39	135
SMc00962	iSynCJ816.SGL_RS14425	38.8	188	112	3	29	215	79	264	2.85e-37	131
SMc00068	iJN1463.PP_4803	40.7	236	138	2	22	256	35	269	5.71e-43	154
SMc00068	iPC815.YPO2601	38.2	238	140	3	26	256	45	282	1.48e-38	142
SMc00069	iSynCJ816.SGL_RS10830	49.2	193	96	1	14	206	40	230	6.42e-62	192
SMc00069	iJN1463.PP_1129	45.6	193	101	2	16	206	25	215	2.59e-55	174
SMc00005	iIT341.HP0195	54.0	261	120	0	6	266	2	262	7.67e-96	282
SMc00005	iAF987.Gmet_2558	52.9	255	119	1	6	259	2	256	3.60e-87	259
SMc00005	iYO844.BSU11720	55.2	250	110	1	8	255	5	254	1.78e-85	255
SMc00006	iSDY_1059.SDY_4656	37.1	159	83	6	3	155	4	151	2.59e-16	73.6
SMc00006	iSbBS512_1146.SbBS512_E4944	37.1	159	83	6	3	155	4	151	5.02e-16	72.8
SMc00006	iSF_1195.SF4427	37.1	159	83	6	3	155	4	151	5.02e-16	72.8
SMc00006	iSSON_1240.SSON_4545	37.1	159	83	6	3	155	4	151	5.02e-16	72.8
SMc00006	STM_v1_0.STM4585	37.1	159	83	6	3	155	4	151	9.76e-15	69.3
SMc00006	iCN900.CD630_18140	29.7	192	117	7	3	188	5	184	2.53e-14	68.2
SMc00006	iYL1228.KPN_04850	37.3	161	80	8	3	155	4	151	3.62e-14	67.8
SMc00006	iHN637.CLJU_RS17500	31.7	167	98	6	1	162	1	156	5.27e-14	67.0
SMc00006	iLJ478.TM1374	34.1	123	66	3	1	123	1	108	7.81e-14	66.6
SMc00007	iYL1228.KPN_02719	58.6	365	135	5	1	362	1	352	3.61e-141	404
SMc00007	iML1515.b2329	58.2	368	138	5	1	365	1	355	2.07e-140	402
SMc00007	iSDY_1059.SDY_2528	57.9	368	139	5	1	365	1	355	8.37e-140	401
SMc00007	iSbBS512_1146.SbBS512_E2707	57.9	368	139	5	1	365	1	355	4.80e-139	399
SMc00007	iSSON_1240.SSON_2387	57.9	368	139	5	1	365	1	355	4.80e-139	399
SMc00007	STM_v1_0.STM2384	59.0	368	135	6	1	365	1	355	1.37e-138	398
SMc00007	iSF_1195.SF2405	57.6	368	140	5	1	365	1	355	1.94e-138	397
SMc00007	iJN1463.PP_1830	59.9	362	130	6	1	360	1	349	6.84e-137	394
SMc00007	iPC815.YPO2751	58.1	365	137	6	1	362	1	352	3.66e-136	392
SMc00007	iCN718.ABAYE_RS10010	54.8	363	148	5	1	360	1	350	1.49e-128	372
SMc00008	iYO844.BSU23260	42.5	365	198	4	8	361	5	368	6.44e-97	293
SMc00008	iAF987.Gmet_1626	43.0	365	196	3	7	360	5	368	2.48e-94	286
SMc00008	iEK1008.Rv1415	42.0	371	196	6	8	360	7	376	2.98e-87	269
SMc00009	iCHOv1.3979186	36.8	231	132	4	30	260	6	222	4.25e-49	162
SMc00009	iMM904.Q0250	40.6	244	128	7	24	261	16	248	4.71e-48	160
SMc00009	iJN1463.PP_0103	36.8	242	148	4	20	261	15	251	8.70e-45	155
SMc00009	iAT_PLT_636.4513	40.2	224	118	6	30	252	6	214	2.93e-46	155
SMc00010	iAT_PLT_636.4512	59.8	533	183	6	29	557	2	507	1.67e-232	650
SMc00010	iCHOv1.3979185	59.1	538	189	6	29	562	2	512	6.74e-225	631
SMc00010	iMM904.Q0045	59.1	489	178	3	31	518	3	470	2.46e-215	607
SMc00010	iJN1463.PP_0104	53.2	562	230	6	1	562	1	529	2.25e-207	587
SMc00450	iSynCJ816.SGL_RS10195	41.8	287	160	5	55	338	16	298	9.05e-59	192
SMc00450	iJN1463.PP_0110	39.6	283	166	2	58	339	13	291	1.48e-58	191
SMc00450	iEK1008.Rv1451	41.3	286	160	4	60	342	23	303	6.24e-57	187
SMc00012	iAM_Pb448.PBANKA_130090	45.2	157	79	2	28	179	45	199	1.59e-43	144
SMc00012	iAM_Pf480.PF3D7_1475300	42.7	178	92	4	8	179	27	200	9.22e-43	142
SMc00012	iAM_Pv461.PVX_118645	41.8	165	87	2	22	179	39	201	1.69e-40	137
SMc00012	iAM_Pc455.PCYB_127810	41.8	165	87	2	22	179	39	201	2.38e-40	136
SMc00013	iCHOv1.3979189	50.0	276	116	4	9	283	6	260	7.05e-96	283
SMc00013	iAT_PLT_636.4514	48.2	280	122	4	5	283	3	260	6.59e-94	278
SMc00016	iJN1463.PP_0606	52.9	312	140	3	27	335	3	310	9.92e-96	286
SMc00016	iPC815.YPO0477	52.4	313	140	6	27	335	3	310	1.21e-94	284
SMc00016	STM_v1_0.STM0049	51.4	311	145	3	27	335	3	309	2.34e-94	283
SMc00016	iCN718.ABAYE_RS02095	50.3	312	148	3	27	335	3	310	4.70e-94	282
SMc00016	iYL1228.KPN_00024	51.8	311	144	3	27	335	3	309	9.42e-94	281
SMc00016	iML1515.b0029	50.5	311	148	3	27	335	3	309	2.67e-93	280
SMc00016	iSbBS512_1146.SbBS512_E0033	50.5	311	148	3	27	335	3	309	2.67e-93	280
SMc00016	iSDY_1059.SDY_0051	50.5	311	148	3	27	335	3	309	2.67e-93	280
SMc00016	iSSON_1240.SSON_0034	50.5	311	148	3	27	335	3	309	2.67e-93	280
SMc00016	iSF_1195.SF0026	50.5	311	148	3	27	335	3	309	7.58e-93	279
SMc00016	iEK1008.Rv1110	50.5	309	149	2	27	335	28	332	1.58e-91	276
SMc00017	iJN1463.PP_0121	35.8	324	195	5	1	319	1	316	3.83e-57	187
SMc00018	iEK1008.Rv2228c	30.8	156	88	6	1	151	1	141	2.53e-04	39.7
SMc00072	iAM_Pf480.PF3D7_0729200	36.8	114	70	2	25	137	93	205	5.42e-20	82.8
SMc00072	iAM_Pb448.PBANKA_021330	33.6	131	79	3	14	137	81	210	1.61e-19	81.6
SMc00072	iMM904.YLR109W	36.3	124	74	3	27	147	40	161	2.34e-19	79.7
SMc00072	iAM_Pv461.PVX_081760	33.3	114	74	2	25	137	90	202	5.58e-18	77.4
SMc00072	iAM_Pc455.PCYB_022410	33.3	114	74	2	25	137	90	202	4.11e-17	75.1
SMc00074	iAF987.Gmet_3085	36.8	508	310	5	461	962	383	885	2.00e-91	310
SMc00074	iAF987.Gmet_2629	35.2	475	303	4	493	965	341	812	2.26e-86	295
SMc00074	iAF987.Gmet_0700	36.8	476	293	5	492	963	349	820	1.53e-85	292
SMc00074	iAF987.Gmet_0987	36.7	442	276	3	523	962	346	785	8.63e-85	290
SMc00074	iAF987.Gmet_0782	38.1	444	267	4	523	962	287	726	9.86e-85	288
SMc00074	iAF987.Gmet_0957	37.6	444	266	6	523	960	181	619	2.51e-84	284
SMc00074	iYL1228.KPN_02455	38.3	447	252	8	515	950	158	591	5.08e-84	282
SMc00075	iPC815.YPO2830	36.5	85	50	1	99	183	77	157	3.94e-08	50.8
SMc00451	iAM_Pv461.PVX_087035	30.3	432	279	6	6	416	28	458	3.99e-61	205
SMc00451	iMM1415.22273	30.1	425	283	6	8	420	53	475	7.51e-61	204
SMc00451	iCHOv1.100766805	30.1	419	279	6	14	420	2	418	3.85e-61	204
SMc00451	iAM_Pc455.PCYB_074100	29.4	446	281	5	4	416	8	452	1.98e-59	200
SMc00451	iAM_Pb448.PBANKA_083440	29.7	435	283	6	4	416	37	470	2.31e-57	195
SMc00451	iAT_PLT_636.7384	28.5	432	293	7	2	420	47	475	6.71e-56	191
SMc00451	iAM_Pf480.PF3D7_0933600	29.4	432	283	5	6	416	45	475	2.77e-55	190
SMc00077	iJN1463.PP_1471	52.1	461	219	2	2	460	1	461	1.07e-160	462
SMc00077	iAF987.Gmet_1631	50.5	461	225	3	2	461	1	459	9.97e-157	452
SMc00078	STM_v1_0.STM3567	43.6	337	185	3	24	359	23	355	3.71e-91	277
SMc00078	iSF_1195.SF3478	42.4	354	198	4	14	365	33	382	7.96e-90	275
SMc00078	iSbBS512_1146.SbBS512_E3862	42.8	348	193	4	14	359	14	357	6.30e-90	274
SMc00078	iSDY_1059.SDY_3611	42.8	348	193	4	14	359	33	376	1.12e-89	274
SMc00078	iML1515.b3460	42.8	348	193	4	14	359	14	357	8.91e-90	274
SMc00078	iSSON_1240.SSON_3698	42.8	348	193	4	14	359	33	376	1.59e-89	274
SMc00078	iPC815.YPO3808	42.4	347	197	3	24	368	26	371	1.42e-89	273
SMc00078	iYL1228.KPN_03822	43.6	337	185	3	24	359	25	357	1.78e-89	273
SMc00078	iJN1463.PP_4867	44.1	356	193	5	9	360	13	366	5.04e-86	265
SMc00078	iML1515.b3458	40.9	347	201	3	24	368	25	369	1.22e-84	261
SMc00078	iSbBS512_1146.SbBS512_E3864	40.9	347	201	3	24	368	25	369	1.22e-84	261
SMc00078	iSSON_1240.SSON_3696	40.9	347	201	3	24	368	25	369	1.22e-84	261
SMc00078	iSDY_1059.SDY_3607	40.9	347	201	3	24	368	25	369	1.73e-84	260
SMc00078	iSF_1195.SF3476	40.9	347	201	3	24	368	25	369	3.45e-84	259
SMc00078	iJN1463.PP_1141	40.5	363	213	3	2	363	3	363	1.03e-83	258
SMc00078	iYL1228.KPN_03820	41.0	346	199	3	24	366	25	368	1.09e-82	256
SMc00078	STM_v1_0.STM3564	40.6	345	202	2	24	367	25	367	8.69e-82	253
SMc00079	iML1515.b3715	30.2	192	131	2	1	191	1	190	2.10e-23	93.6
SMc00025	iAF987.Gmet_2940	62.2	884	331	2	3	885	4	885	0.0	1100
SMc00025	iLJ478.TM0272	58.4	891	353	5	3	888	4	881	0.0	996
SMc00087	iJN1463.PP_4144	35.3	136	65	4	47	180	23	137	8.11e-09	55.1
SMc00028	iML1515.b0465	35.0	274	177	1	576	848	845	1118	6.86e-40	159
SMc00089	iAF692.Mbar_A2079	42.6	47	27	0	62	108	9	55	5.53e-04	37.4
SMc00090	iAF987.Gmet_2860	52.1	409	193	3	33	439	25	432	3.48e-130	389
SMc00090	iYL1228.KPN_03113	50.0	408	200	4	33	437	28	434	2.07e-128	381
SMc00090	iML1515.b2751	48.2	434	220	5	8	437	2	434	2.34e-127	379
SMc00090	iSSON_1240.SSON_2899	48.2	434	220	5	8	437	2	434	2.34e-127	379
SMc00090	iSDY_1059.SDY_2950	48.2	434	220	5	8	437	2	434	3.31e-127	378
SMc00090	iSbBS512_1146.SbBS512_E3123	47.9	434	221	5	8	437	2	434	3.74e-126	375
SMc00090	STM_v1_0.STM2934	49.8	410	198	6	33	437	28	434	4.80e-125	373
SMc00090	iCN718.ABAYE_RS13930	49.3	412	203	4	33	439	25	435	4.10e-124	372
SMc00090	iSF_1195.SF2774	49.3	408	203	4	33	437	28	434	2.39e-124	371
SMc00090	iJN1463.PP_1304	45.5	477	244	6	33	494	25	500	1.52e-121	369
SMc00090	iPC815.YPO3365	49.4	423	203	7	33	450	31	447	1.51e-120	361
SMc00091	iAF987.Gmet_2859	69.8	295	89	0	23	317	7	301	4.07e-154	433
SMc00091	iCN718.ABAYE_RS13935	69.5	295	90	0	23	317	8	302	1.21e-153	432
SMc00091	iYL1228.KPN_03114	69.5	295	90	0	23	317	8	302	1.40e-152	429
SMc00091	STM_v1_0.STM2935	69.8	295	89	0	23	317	8	302	4.00e-152	428
SMc00091	iML1515.b2752	69.5	295	90	0	23	317	8	302	1.14e-151	427
SMc00091	iSF_1195.SF2775	69.5	295	90	0	23	317	8	302	1.14e-151	427
SMc00091	iSSON_1240.SSON_2900	69.5	295	90	0	23	317	8	302	1.14e-151	427
SMc00091	iPC815.YPO3366	69.8	295	89	0	23	317	8	302	1.63e-151	426
SMc00091	iSbBS512_1146.SbBS512_E3122	68.8	295	92	0	23	317	8	302	3.80e-150	423
SMc00091	iSDY_1059.SDY_2951	69.2	295	91	0	23	317	8	302	3.80e-150	423
SMc00091	iJN1463.PP_1303	67.2	299	94	2	23	317	7	305	1.15e-147	417
SMc00092	iAF987.Gmet_2858	43.3	208	117	1	43	249	26	233	8.53e-58	184
SMc00093	iML1515.b0311	51.5	542	253	7	1	534	1	540	6.91e-182	523
SMc00093	iJN1463.PP_5064	50.3	545	261	7	4	540	6	548	7.56e-181	520
SMc00093	iCHOv1.100772204	48.3	553	277	4	5	549	48	599	2.67e-179	518
SMc00093	iCN718.ABAYE_RS14300	50.9	540	254	7	4	534	7	544	1.59e-179	516
SMc00093	iMM1415.218865	48.1	539	272	3	5	535	45	583	8.96e-177	511
SMc00093	iYS854.USA300HOU_RS14155	48.4	535	268	6	4	531	9	542	9.26e-170	492
SMc00094	iYL1228.KPN_00585	55.6	480	208	5	10	485	7	485	2.82e-173	496
SMc00094	iPC815.YPO1166	54.6	476	211	5	10	481	10	484	2.05e-171	491
SMc00094	iJN1463.PP_5063	54.4	476	212	5	10	481	10	484	2.35e-170	488
SMc00094	iML1515.b0312	54.4	480	214	5	10	485	10	488	1.54e-168	484
SMc00094	iCN718.ABAYE_RS14295	52.9	480	221	5	10	485	10	488	7.14e-167	479
SMc00094	iCHOv1.100758951	50.6	484	232	6	9	487	37	518	3.67e-159	461
SMc00094	iAT_PLT_636.223	50.8	474	226	6	18	487	48	518	1.84e-153	446
SMc00127	iJN1463.PP_0077	48.6	506	250	6	5	509	3	499	1.20e-157	457
SMc00033	iYL1228.KPN_02455	32.0	241	158	3	12	250	356	592	1.11e-25	111
SMc00033	iAF987.Gmet_1989	36.9	179	105	4	412	587	255	428	7.21e-25	107
SMc00033	iAF987.Gmet_0700	33.2	223	141	4	32	249	588	807	4.00e-23	103
SMc00033	iJN1463.PP_1144	30.3	244	165	4	32	272	483	724	1.13e-22	102
SMc00033	iAF987.Gmet_3085	31.7	224	147	5	32	251	654	875	1.77e-22	102
SMc00034	iEK1008.Rv3777	48.2	303	153	2	27	326	27	328	3.11e-86	262
SMc00035	iSynCJ816.SGL_RS15655	32.0	284	173	2	2	285	34	297	3.61e-37	135
SMc00036	iJN1463.PP_4619	30.1	196	132	4	6	199	6	198	1.17e-14	69.3
SMc00097	iLB1027_lipid.PHATRDRAFT_36390	29.7	175	108	5	50	212	40	211	1.60e-07	50.1
SMc00038	iAF987.Gmet_3085	51.0	439	211	3	332	768	448	884	2.32e-139	433
SMc00038	iAF987.Gmet_0957	48.5	476	239	3	295	767	147	619	4.13e-140	426
SMc00038	iAF987.Gmet_0782	47.3	444	225	4	332	771	290	728	3.89e-132	409
SMc00038	iAF987.Gmet_0700	50.8	427	209	1	332	758	383	808	2.15e-129	404
SMc00038	iAF987.Gmet_0987	48.3	443	224	4	332	772	349	788	1.23e-127	399
SMc00039	iML1515.b1990	33.8	133	76	5	105	233	98	222	2.19e-12	65.1
SMc00039	iML1515.b1113	29.1	220	127	9	31	233	25	232	4.27e-12	64.3
SMc00039	STM_v1_0.STM1375	35.5	141	83	5	105	242	98	233	8.35e-12	63.5
SMc00039	STM_v1_0.STM1215	30.4	224	119	10	31	233	25	232	2.67e-11	62.0
SMc00039	iML1515.b1678	34.8	141	84	5	105	242	98	233	3.82e-11	61.6
SMc00039	iML1515.b0819	32.8	134	76	5	105	233	101	225	3.37e-11	61.6
SMc00039	STM_v1_0.STM0837	32.1	134	77	5	105	233	101	225	1.54e-10	59.7
SMc00099	iJN1463.PP_0686	50.0	66	33	0	4	69	47	112	9.37e-18	70.5
SMc00099	iCN900.CD630_36220	46.5	71	35	1	3	70	44	114	3.13e-16	66.6
SMc00101	iJN1463.PP_2368	46.3	268	139	4	10	274	2	267	6.89e-78	236
SMc00101	iYL1228.KPN_00221	45.3	267	141	4	11	274	3	267	1.34e-72	223
SMc00101	iSSON_1240.SSON_0221	44.2	267	144	4	11	274	3	267	4.91e-70	216
SMc00101	iML1515.b0207	44.2	267	144	4	11	274	3	267	9.84e-70	216
SMc00101	STM_v1_0.STM0255	44.9	267	142	4	11	274	3	267	1.97e-69	215
SMc00101	iSF_1195.SF0192	43.8	267	145	4	11	274	3	267	3.95e-69	214
SMc00101	iSbBS512_1146.SbBS512_E0204	43.8	267	145	4	11	274	3	267	7.91e-69	213
SMc00225	iJN1463.PP_2545	46.9	260	131	3	1	255	15	272	6.51e-80	241
SMc00225	iPC815.YPO2509	47.4	253	133	0	1	253	2	254	2.04e-75	229
SMc00225	iYL1228.KPN_01646	45.5	253	132	1	3	255	18	264	1.25e-73	225
SMc00225	iSDY_1059.SDY_1625	45.1	253	133	1	3	255	4	250	3.14e-73	223
SMc00225	iSF_1195.SF1576	45.1	253	133	1	3	255	4	250	6.29e-73	223
SMc00225	iML1515.b1519	45.1	253	133	1	3	255	4	250	8.92e-73	222
SMc00105	iLB1027_lipid.PHATRDRAFT_12757	46.9	339	173	4	1	333	1	338	1.84e-98	294
SMc00042	iSF_1195.SF3845	28.9	287	184	8	12	283	8	289	1.61e-28	110
SMc00042	iML1515.b3770	28.9	287	184	8	12	283	8	289	2.25e-28	110
SMc00042	iSbBS512_1146.SbBS512_E4150	28.9	287	184	8	12	283	8	289	2.25e-28	110
SMc00042	iSDY_1059.SDY_3978	28.9	287	184	8	12	283	8	289	2.25e-28	110
SMc00042	iSSON_1240.SSON_3941	29.6	280	177	8	12	276	8	282	6.04e-28	109
SMc00042	iYL1228.KPN_04269	27.9	283	192	5	12	283	8	289	8.40e-28	108
SMc00042	STM_v1_0.STM3903	27.7	285	190	5	12	283	8	289	8.40e-28	108
SMc00042	iPC815.YPO3899	27.0	285	192	5	12	283	7	288	8.25e-28	108
SMc00042	iAF692.Mbar_A0576	28.7	275	179	7	14	278	7	274	4.45e-25	101
SMc00042	iSynCJ816.SGL_RS16510	28.1	285	171	8	27	286	22	297	1.07e-24	100
SMc00043	iSynCJ816.SGL_RS09370	51.0	200	95	2	1	198	1	199	5.11e-70	211
SMc00043	iYO844.BSU25020	50.7	203	93	4	1	198	1	201	3.50e-66	201
SMc00043	iJN1463.PP_0915	51.3	197	90	4	1	196	1	192	1.16e-63	195
SMc00044	iAF987.Gmet_0798	30.7	166	110	2	19	182	18	180	6.42e-17	75.5
SMc00044	iAF692.Mbar_A2583	27.3	165	120	0	19	183	19	183	6.65e-17	75.5
SMc00086	iJN1463.PP_3948	35.3	258	159	3	45	301	806	1056	9.94e-46	165
SMc00086	iJN1463.PP_3382	36.1	263	154	5	48	302	32	288	6.86e-46	159
SMc00108	iCHOv1.100757665	29.0	138	87	3	32	159	6	142	4.37e-09	52.8
SMc00047	iYO844.BSU18800	41.2	250	144	2	43	292	55	301	3.29e-60	193
SMc00110	iJN1463.PP_1444	51.8	784	350	7	14	776	25	801	3.44e-286	806
SMc00110	iYL1228.KPN_00132	48.2	786	386	9	5	777	3	780	5.84e-262	744
SMc00115	iYS854.USA300HOU_RS13675	39.2	260	143	8	30	286	16	263	5.33e-52	171
SMc00117	iPC815.YPO2158	59.5	116	47	0	20	135	14	129	6.80e-52	160
SMc00117	iYL1228.KPN_01198	55.6	124	55	0	12	135	6	129	9.65e-52	160
SMc00117	iSF_1195.SF1445	56.2	121	53	0	14	134	8	128	6.45e-50	155
SMc00117	iML1515.b1778	56.2	121	53	0	14	134	8	128	1.30e-49	154
SMc00117	STM_v1_0.STM1291	55.7	122	54	0	14	135	18	139	1.77e-49	154
SMc00117	iSSON_1240.SSON_1385	56.2	121	53	0	14	134	8	128	1.30e-49	154
SMc00117	iSDY_1059.SDY_1489	55.4	121	54	0	14	134	8	128	5.27e-49	153
SMc00051	iYS854.USA300HOU_RS04720	35.0	802	465	15	6	768	3	787	1.57e-138	428
SMc00051	iYO844.BSU31600	34.3	764	470	10	34	768	32	792	1.18e-133	416
SMc00051	iJN1463.PP_2230	36.6	779	460	10	13	766	9	778	4.33e-124	395
SMc00052	iYO844.BSU31610	37.2	137	83	2	2	136	7	142	1.25e-21	84.0
SMc00053	iYO844.BSU31620	45.9	111	56	1	1	111	1	107	5.54e-24	88.6
SMc00054	iYO844.BSU31630	34.7	490	316	3	27	515	5	491	8.23e-89	281
SMc00055	iYO844.BSU31640	39.1	151	92	0	4	154	5	155	1.71e-27	100
SMc00055	iYS854.USA300HOU_RS04700	33.8	154	102	0	4	157	5	158	6.93e-24	90.9
SMc00056	iYO844.BSU31650	34.7	75	49	0	13	87	8	82	8.56e-10	51.6
SMc00057	iYO844.BSU31660	36.4	99	61	1	9	105	8	106	2.07e-15	66.6
SMc00057	iYS854.USA300HOU_RS04690	36.8	95	58	1	15	107	15	109	2.54e-15	66.2
SMc00118	iML1515.b1679	36.2	130	80	1	5	134	8	134	6.75e-29	102
SMc00118	iSDY_1059.SDY_1910	36.2	130	80	1	5	134	8	134	6.75e-29	102
SMc00118	iSbBS512_1146.SbBS512_E1880	35.4	130	81	1	5	134	8	134	1.92e-28	101
SMc00118	iSF_1195.SF1708	35.4	130	81	1	5	134	8	134	2.18e-27	98.6
SMc00118	iSSON_1240.SSON_1477	35.4	130	81	1	5	134	8	134	2.18e-27	98.6
SMc00059	iAF987.Gmet_0043	30.0	233	155	4	236	463	37	266	8.44e-20	92.4
SMc00122	iAF987.Gmet_1671	36.2	583	350	13	77	648	13	584	2.62e-88	291
SMc00122	iSynCJ816.SGL_RS05320	35.1	533	317	11	125	633	206	733	7.13e-84	281
SMc00122	iAF987.Gmet_0354	30.8	694	316	14	116	652	75	761	3.91e-82	278
SMc00458	iAF987.Gmet_1914	35.8	106	68	0	2	107	3	108	1.15e-13	68.9
SMc00458	iAF987.Gmet_0069	31.1	119	78	2	3	117	5	123	8.68e-13	65.9
SMc00458	iAF987.Gmet_1706	34.2	117	77	0	1	117	1	117	3.14e-12	64.3
SMc02362	iML1515.b2197	41.3	143	76	4	3	138	4	145	2.69e-24	91.7
SMc02362	iSbBS512_1146.SbBS512_E0744	41.3	143	76	4	3	138	4	145	2.69e-24	91.7
SMc02362	iSDY_1059.SDY_0881	41.3	143	76	4	3	138	4	145	2.69e-24	91.7
SMc02362	iSF_1195.SF2281	41.3	143	76	4	3	138	4	145	2.69e-24	91.7
SMc02362	iSSON_1240.SSON_2255	41.3	143	76	4	3	138	4	145	2.69e-24	91.7
SMc02365	iEK1008.Rv0125	31.7	287	166	11	124	392	79	353	3.74e-19	88.6
SMc02366	iAF987.Gmet_0069	27.8	126	87	2	7	128	5	130	3.04e-11	61.6
SMc02366	iAF987.Gmet_1706	29.1	117	83	0	5	121	1	117	5.85e-11	60.8
SMc02369	iAF987.Gmet_0043	27.4	274	185	4	504	772	5	269	7.18e-21	97.1
SMc02370	iJN1463.PP_2017	47.1	891	453	11	1	880	1	884	6.22e-271	775
SMc02370	iPC815.YPO1414	46.1	880	460	10	3	880	2	869	9.46e-256	736
SMc02370	iYL1228.KPN_00968	45.1	880	470	9	3	880	2	870	1.52e-254	733
SMc02370	STM_v1_0.STM1057	45.0	880	470	8	3	880	2	869	2.08e-254	732
SMc02370	iSbBS512_1146.SbBS512_E2386	45.3	885	460	12	3	880	2	869	5.36e-252	726
SMc02370	iML1515.b0932	45.3	885	460	12	3	880	2	869	2.15e-251	724
SMc02370	iSSON_1240.SSON_0935	45.2	885	461	12	3	880	2	869	1.22e-250	723
SMc02370	iSDY_1059.SDY_2325	45.1	885	462	12	3	880	2	869	2.76e-249	719
SMc02370	iSF_1195.SF0929	45.1	886	461	13	3	880	2	870	9.17e-248	715
SMc02371	iML1515.b3943	25.5	212	141	5	84	284	77	282	6.73e-07	49.7
SMc02376	STM_v1_0.STM0659	21.5	423	230	12	4	414	7	339	7.31e-09	57.4
SMc02377	iJN1463.PP_4203	54.7	563	238	9	4	554	3	560	3.74e-204	580
SMc02377	iMM1415.66841	52.2	561	247	10	9	554	62	616	6.98e-193	553
SMc02377	iAT_PLT_636.2110	51.9	561	249	10	9	554	63	617	2.90e-192	551
SMc02377	iCHOv1.100763190	52.2	561	247	10	9	554	63	617	4.11e-192	551
SMc02377	iLB1027_lipid.PHATRDRAFT_42245	50.1	575	248	11	13	551	1	572	4.81e-183	526
SMc02379	iSSON_1240.SSON_2823	42.0	293	159	2	2	284	38	329	7.02e-65	207
SMc02379	iML1515.b2678	42.0	293	159	2	2	284	38	329	9.90e-65	206
SMc02379	iSbBS512_1146.SbBS512_E3201	42.0	293	159	2	2	284	38	329	9.90e-65	206
SMc02379	iSF_1195.SF2706	41.6	293	160	2	2	284	38	329	3.93e-64	205
SMc02379	iPC815.YPO2646	45.9	242	130	1	43	284	121	361	2.73e-63	204
SMc02379	STM_v1_0.STM2810	50.7	221	108	1	64	284	110	329	3.44e-62	200
SMc02379	iAF692.Mbar_A2377	43.8	249	139	1	33	280	21	269	9.99e-63	199
SMc02379	iYL1228.KPN_03009	49.3	221	111	1	64	284	111	330	7.81e-61	196
SMc02379	iYO844.BSU02990	42.2	270	153	2	13	280	2	270	8.01e-61	194
SMc02379	iNF517.LLMG_RS05330	48.0	227	117	1	55	280	48	274	3.99e-57	192
SMc02380	iEK1008.Rv3825c	31.5	314	192	8	28	334	1451	1748	1.02e-20	93.2
SMc02380	iEK1008.Rv3777	28.4	324	213	10	18	334	15	326	1.35e-20	90.5
SMc02380	iJN1463.PP_0072	35.6	177	106	3	28	204	26	194	3.33e-20	89.4
SMc02382	iSynCJ816.SGL_RS16525	28.8	153	106	3	47	199	179	328	1.18e-08	55.5
SMc02384	iAF987.Gmet_0885	33.2	313	198	6	20	332	6	307	5.40e-52	174
SMc02384	STM_v1_0.STM2298	37.1	299	178	7	20	317	10	299	5.86e-48	164
SMc02386	STM_v1_0.STM2009	50.0	482	226	8	27	500	10	484	9.99e-143	418
SMc02386	iML1515.b1982	50.4	482	224	10	27	500	10	484	1.83e-140	412
SMc02386	iSF_1195.SF2053	49.8	482	227	10	27	500	10	484	1.04e-139	410
SMc02386	iYL1228.KPN_02445	49.4	482	229	10	27	500	10	484	1.47e-139	410
SMc02386	iSSON_1240.SSON_2047	50.2	482	225	10	27	500	10	484	2.08e-139	410
SMc02386	iJN1463.PP_4779	49.5	485	230	9	25	500	9	487	9.20e-139	408
SMc02386	iSDY_1059.SDY_2253	49.8	482	227	10	27	500	10	484	1.18e-138	408
SMc02386	iPC815.YPO2288	47.1	499	231	11	29	498	14	508	3.19e-129	386
SMc02390	iML1515.b2302	52.0	202	95	2	5	204	2	203	7.09e-70	213
SMc02393	iYS854.USA300HOU_RS03910	34.4	302	193	4	11	310	5	303	3.49e-48	166
SMc02393	iEK1008.Rv3772	34.9	315	186	6	5	313	3	304	4.78e-42	150
SMc02403	iJN1463.PP_2130	37.3	153	90	1	519	671	501	647	3.45e-19	91.7
SMc02403	iPC815.YPO0452	40.4	146	81	3	529	673	492	632	7.69e-19	90.5
SMc02403	iAF987.Gmet_1377	27.2	412	245	16	283	662	306	694	1.54e-18	89.7
SMc02403	iYL1228.KPN_04847	41.1	146	80	4	529	673	506	646	1.38e-18	89.7
SMc02403	iML1515.b4392	39.1	151	86	4	529	678	498	643	5.49e-18	87.8
SMc02403	iSbBS512_1146.SbBS512_E4940	39.1	151	86	4	529	678	498	643	5.49e-18	87.8
SMc02403	iSDY_1059.SDY_4653	39.1	151	86	4	529	678	507	652	5.59e-18	87.8
SMc02403	iSF_1195.SF4424	39.1	151	86	4	529	678	507	652	5.59e-18	87.8
SMc02403	iSSON_1240.SSON_4542	39.1	151	86	4	529	678	507	652	5.59e-18	87.8
SMc02403	STM_v1_0.STM4582	39.0	146	83	4	529	673	510	650	5.21e-17	84.7
SMc02404	iJN1463.PP_1237	46.6	296	153	3	1	293	1	294	2.00e-78	239
SMc02404	iYL1228.KPN_02812	45.6	294	157	3	1	293	1	292	1.18e-76	235
SMc02404	iAF987.Gmet_0211	47.6	271	140	2	1	271	1	269	1.78e-75	232
SMc02404	iSbBS512_1146.SbBS512_E2850	44.2	294	161	3	1	293	1	292	1.07e-74	230
SMc02404	iSSON_1240.SSON_2559	44.2	294	161	3	1	293	1	292	1.07e-74	230
SMc02404	iPC815.YPO3062	45.8	295	156	4	1	293	1	293	1.57e-74	229
SMc02404	iML1515.b2478	43.9	294	162	3	1	293	1	292	3.04e-74	229
SMc02404	STM_v1_0.STM2489	44.6	294	160	3	1	293	1	292	3.04e-74	229
SMc02404	iSF_1195.SF2521	43.9	294	162	3	1	293	1	292	3.04e-74	229
SMc02404	iSDY_1059.SDY_2667	43.9	294	162	3	1	293	1	292	4.30e-74	228
SMc02404	iCN718.ABAYE_RS00850	45.0	269	147	1	3	271	9	276	6.45e-72	223
SMc02404	iAF692.Mbar_A1150	43.2	294	162	4	1	293	1	290	2.76e-69	216
SMc02659	iAF987.Gmet_2325	38.6	744	422	10	1	739	1	714	1.65e-164	491
SMc02659	iJN1463.PP_5302	36.1	736	425	7	7	739	7	700	4.95e-153	461
SMc02659	iHN637.CLJU_RS16615	36.7	743	434	11	7	738	5	722	1.87e-149	452
SMc02659	iPC815.YPO0038	36.8	734	413	8	11	738	11	699	5.30e-149	451
SMc02659	iSDY_1059.SDY_4082	37.3	738	412	9	7	738	7	699	2.95e-148	449
SMc02659	iML1515.b3650	37.3	738	412	10	7	738	7	699	8.27e-148	447
SMc02659	iSbBS512_1146.SbBS512_E4101	37.3	738	412	10	7	738	7	699	8.27e-148	447
SMc02659	iSF_1195.SF3690	37.3	738	412	10	7	738	7	699	8.27e-148	447
SMc02659	iSSON_1240.SSON_3755	37.3	738	412	10	7	738	7	699	8.27e-148	447
SMc02659	iCN900.CD630_27440	36.8	741	446	10	6	739	8	733	6.07e-147	446
SMc02659	iYL1228.KPN_03998	36.6	738	421	8	7	738	7	703	2.61e-147	446
SMc02659	STM_v1_0.STM3742	36.3	738	420	8	7	738	7	700	1.33e-146	444
SMc02654	STM_v1_0.STM2577	40.6	128	72	2	2	129	3	126	1.45e-19	78.2
SMc02654	iYL1228.KPN_02888	39.8	128	73	2	2	129	3	126	1.15e-18	75.9
SMc02654	iML1515.b2563	39.8	128	73	2	2	129	3	126	6.44e-18	73.9
SMc02654	iSbBS512_1146.SbBS512_E2928	39.8	128	73	2	2	129	3	126	9.09e-18	73.6
SMc02654	iSF_1195.SF2625	39.8	128	73	2	2	129	3	126	9.09e-18	73.6
SMc02654	iSSON_1240.SSON_2687	39.8	128	73	2	2	129	3	126	9.09e-18	73.6
SMc02654	iAF987.Gmet_1884	38.3	128	75	1	1	128	1	124	1.28e-17	73.2
SMc02654	iSDY_1059.SDY_2804	39.8	128	73	2	2	129	3	126	1.28e-17	73.2
SMc02654	iPC815.YPO2929	37.5	128	76	2	2	129	3	126	1.81e-17	72.8
SMc02651	iML1515.b4173	29.5	166	109	5	24	185	200	361	9.11e-07	49.7
SMc02650	iSynCJ816.SGL_RS11360	75.8	194	47	0	33	226	6	199	4.74e-97	281
SMc02649	iML1515.b3503	64.2	137	49	0	3	139	4	140	5.14e-63	189
SMc02649	iSbBS512_1146.SbBS512_E3818	64.2	137	49	0	3	139	4	140	5.14e-63	189
SMc02649	iSF_1195.SF3536	64.2	137	49	0	3	139	4	140	5.14e-63	189
SMc02649	iSSON_1240.SSON_3738	64.2	137	49	0	3	139	4	140	5.14e-63	189
SMc02649	iSDY_1059.SDY_3559	63.5	137	50	0	3	139	4	140	3.45e-61	184
SMc02648	iYL1228.KPN_03485	29.7	222	136	6	2	221	3	206	2.27e-11	61.6
SMc02648	iJN1463.PP_1076	30.1	272	145	11	1	231	5	272	5.49e-10	57.8
SMc02646	iYS854.USA300HOU_RS05595	32.0	128	86	1	68	195	60	186	2.09e-11	63.5
SMc02646	iYS854.USA300HOU_RS09130	36.1	108	58	4	66	171	22	120	5.53e-11	61.6
SMc02645	iIT341.HP0416	38.7	349	207	6	52	396	42	387	1.45e-70	227
SMc02645	STM_v1_0.STM1427	41.1	336	183	7	37	370	36	358	4.02e-64	210
SMc02645	iSF_1195.SF1689	41.4	336	182	8	37	370	36	358	5.65e-64	209
SMc02645	iML1515.b1661	41.4	336	182	8	37	370	36	358	1.12e-63	209
SMc02645	iSDY_1059.SDY_1887	41.4	336	182	8	37	370	36	358	1.12e-63	209
SMc02645	iSSON_1240.SSON_1495	41.4	336	182	8	37	370	36	358	1.12e-63	209
SMc02645	iSbBS512_1146.SbBS512_E1859	41.1	336	183	8	37	370	36	358	3.10e-63	207
SMc02644	iHN637.CLJU_RS10465	42.0	69	37	2	653	720	481	547	1.86e-07	54.3
SMc02641	iAF987.Gmet_1430	48.2	446	217	5	1	435	1	443	9.14e-137	399
SMc02641	iYO844.BSU35580	46.9	437	223	6	2	436	3	432	4.85e-134	393
SMc02641	iPC815.YPO2174	45.7	442	232	4	1	435	1	441	1.89e-130	383
SMc02641	iCN900.CD630_27710	46.1	438	226	8	1	435	1	431	1.92e-123	365
SMc02640	iAF987.Gmet_2330	52.6	331	156	1	4	334	5	334	3.32e-117	342
SMc02640	iYL1228.KPN_02492	52.5	335	157	2	1	335	1	333	1.02e-115	338
SMc02640	iSbBS512_1146.SbBS512_E1204	52.5	337	154	4	1	335	1	333	3.33e-114	334
SMc02636	iML1515.b1678	43.2	139	76	2	38	175	97	233	8.12e-20	85.1
SMc02636	STM_v1_0.STM1375	41.0	139	79	2	38	175	97	233	5.56e-19	82.8
SMc02636	iML1515.b0819	37.0	146	83	3	29	172	93	231	1.11e-18	81.6
SMc02636	STM_v1_0.STM0837	36.3	146	84	3	29	172	93	231	2.94e-18	80.5
SMc02603	iCHOv1.100768407	23.0	243	159	6	71	290	73	310	2.62e-09	58.5
SMc02601	iAF987.Gmet_3544	43.7	293	162	2	67	357	10	301	1.60e-80	248
SMc02601	iAF692.Mbar_A1865	40.3	300	176	2	61	358	4	302	2.60e-76	237
SMc02601	iHN637.CLJU_RS12020	41.8	299	169	4	64	358	7	304	2.07e-75	234
SMc02601	iEK1008.Rv1594	43.8	317	154	7	57	357	34	342	1.57e-71	226
SMc02599	iPC815.YPO2710	39.2	531	289	13	3	504	9	534	6.29e-100	311
SMc02599	iSynCJ816.SGL_RS17230	36.6	543	290	9	16	514	7	539	1.87e-97	305
SMc02599	iAF987.Gmet_1954	38.6	528	289	12	16	514	6	527	7.94e-97	303
SMc02599	iYL1228.KPN_02899	40.0	522	277	12	16	507	10	525	2.76e-96	302
SMc02599	STM_v1_0.STM2641	39.8	517	279	14	16	504	10	522	1.57e-95	300
SMc02599	iSDY_1059.SDY_2815	39.1	522	274	13	16	503	10	521	8.65e-95	298
SMc02599	iML1515.b2574	39.3	517	280	13	16	503	10	521	1.22e-94	298
SMc02599	iEK1008.Rv1595	39.4	513	269	14	16	507	11	502	1.69e-94	297
SMc02599	iJN1463.PP_1426	38.6	518	282	9	16	502	8	520	1.23e-92	292
SMc02598	iAF987.Gmet_1988	44.5	283	142	2	13	295	4	271	3.11e-74	228
SMc02597	iAF692.Mbar_A2345	36.5	156	91	5	21	172	25	176	7.95e-21	84.0
SMc02661	STM_v1_0.STM2774	30.7	443	289	11	100	532	728	1162	3.28e-41	159
SMc02661	iSDY_1059.SDY_1025	30.1	442	293	9	100	532	725	1159	1.92e-40	157
SMc02661	iJN1463.PP_3466	27.5	505	353	6	36	532	39	538	1.26e-40	154
SMc02661	iAF987.Gmet_2634	29.8	363	250	3	171	532	176	534	1.58e-39	151
SMc02661	iJN1463.PP_4935	29.5	451	290	10	96	532	114	550	7.34e-37	144
SMc02554	STM_v1_0.STM1301	35.7	112	66	3	11	121	9	115	5.50e-12	59.3
SMc02554	iPC815.YPO2167	50.0	54	26	1	11	63	6	59	6.97e-10	53.5
SMc02551	iAF987.Gmet_0057	44.2	507	208	13	7	462	3	485	4.59e-121	362
SMc02551	iYL1228.KPN_00482	43.9	476	225	9	6	455	1	460	4.43e-118	353
SMc02551	iSSON_1240.SSON_0492	43.1	476	229	9	6	455	1	460	2.50e-117	351
SMc02551	iSbBS512_1146.SbBS512_E0448	42.9	476	230	9	6	455	1	460	1.41e-116	349
SMc02551	iSF_1195.SF0457	42.9	476	230	9	6	455	1	460	7.99e-116	347
SMc02551	iSDY_1059.SDY_0278	42.4	476	232	9	6	455	1	460	1.80e-114	344
SMc02551	STM_v1_0.STM0537	42.6	476	231	9	6	455	1	460	1.02e-113	342
SMc02551	iPC815.YPO3073	42.0	476	234	10	6	455	1	460	1.62e-112	339
SMc02551	iCN900.CD630_00520	40.0	485	236	10	7	456	1	465	3.28e-110	333
SMc02551	iCN718.ABAYE_RS12525	43.2	482	205	14	9	446	6	462	1.18e-109	332
SMc02547	iYL1228.KPN_02120	31.6	136	84	5	10	138	5	138	8.69e-08	52.4
SMc02547	iEK1008.Rv3617	28.8	118	81	2	32	147	20	136	1.36e-06	48.9
SMc02546	iAF987.Gmet_1879	48.4	533	259	6	6	533	4	525	1.44e-155	454
SMc02546	iSynCJ816.SGL_RS11140	45.8	546	273	7	6	534	8	547	6.33e-151	443
SMc02546	iLJ478.TM0552	46.3	542	264	7	6	532	3	532	8.08e-144	424
SMc02544	iAM_Pv461.PVX_089645	26.9	145	84	6	47	181	217	349	3.19e-04	40.4
SMc00550	iML1515.b0914	41.9	389	216	6	211	594	192	575	3.25e-84	275
SMc00550	iSbBS512_1146.SbBS512_E2410	41.9	389	216	6	211	594	192	575	3.25e-84	275
SMc00550	iSDY_1059.SDY_2344	41.9	389	216	6	211	594	192	575	3.25e-84	275
SMc00550	iSF_1195.SF0910	41.9	389	216	6	211	594	192	575	3.25e-84	275
SMc00550	iSSON_1240.SSON_0916	41.9	389	216	6	211	594	192	575	3.25e-84	275
SMc00550	STM_v1_0.STM0984	40.9	394	215	5	210	594	191	575	3.42e-83	272
SMc00550	iPC815.YPO1395	41.1	389	219	5	211	594	192	575	2.81e-80	264
SMc00550	iYL1228.KPN_00941	40.1	384	224	4	214	594	195	575	5.48e-80	263
SMc00550	iAF987.Gmet_2349	43.7	323	181	1	276	598	248	569	6.15e-79	260
SMc00550	iJN1463.PP_4935	41.1	377	214	6	221	594	217	588	1.05e-73	247
SMc00551	iEK1008.Rv0437c	45.0	218	118	2	3	219	13	229	8.75e-59	185
SMc00551	iAF987.Gmet_1263	45.4	218	108	4	7	217	1	214	1.59e-53	171
SMc00552	iEK1008.Rv0436c	37.1	232	134	4	41	267	15	239	5.34e-40	140
SMc00553	iYL1228.KPN_02546	31.1	241	153	6	1	234	1	235	3.44e-21	88.6
SMc00553	iAF987.Gmet_1601	31.9	191	129	1	4	194	2	191	5.17e-20	85.5
SMc00553	iEK1008.Rv1928c	32.0	194	128	3	4	194	8	200	5.80e-18	80.1
SMc00554	iAF987.Gmet_1939	52.5	467	211	4	20	486	8	463	4.68e-169	484
SMc00554	iNF517.LLMG_RS04970	47.1	499	244	8	1	496	1	482	6.10e-151	439
SMc00557	iJN1463.PP_5269	34.1	375	215	11	12	377	5	356	7.48e-45	157
SMc00557	iYL1228.KPN_02308	33.2	364	215	8	14	370	8	350	1.55e-42	151
SMc00557	iSSON_1240.SSON_1182	32.0	362	216	9	14	367	8	347	1.21e-39	144
SMc00557	iML1515.b1190	31.8	365	219	9	14	370	8	350	1.69e-39	143
SMc00557	iSF_1195.SF1179	32.1	365	218	9	14	370	8	350	3.28e-39	142
SMc00559	iSF_1195.SF2709	25.1	203	146	4	20	216	2	204	6.06e-13	66.2
SMc00559	iSbBS512_1146.SbBS512_E3194	24.6	203	147	4	20	216	2	204	1.56e-12	65.1
SMc00559	iSDY_1059.SDY_2877	24.6	203	147	4	20	216	2	204	1.56e-12	65.1
SMc00559	iSSON_1240.SSON_2826	24.6	203	147	4	20	216	2	204	1.56e-12	65.1
SMc00559	iML1515.b2682	24.6	203	147	4	20	216	2	204	2.13e-12	64.7
SMc00559	iAF692.Mbar_A2616	28.6	185	115	6	33	209	19	194	1.47e-10	60.1
SMc00564	iML1515.b3241	25.6	328	163	11	16	332	14	271	1.52e-10	61.2
SMc00570	iCN718.ABAYE_RS12975	44.7	349	188	4	1	346	1	347	7.23e-98	293
SMc00571	iAF987.Gmet_1600	48.9	305	151	2	4	307	5	305	5.22e-79	242
SMc00571	iYO844.BSU15900	46.3	311	162	2	3	312	4	310	3.12e-77	238
SMc00571	iML1515.b1092	46.6	307	161	1	3	309	4	307	1.13e-72	226
SMc00571	iSbBS512_1146.SbBS512_E2232	46.6	307	161	1	3	309	4	307	1.13e-72	226
SMc00571	STM_v1_0.STM1194	46.3	307	162	1	3	309	4	307	1.60e-72	226
SMc00571	iYL1228.KPN_01090	46.6	307	161	1	3	309	4	307	3.20e-72	225
SMc00571	iSSON_1240.SSON_1112	46.3	307	162	1	3	309	4	307	9.04e-72	224
SMc00571	iSDY_1059.SDY_2058	45.9	307	163	1	3	309	4	307	1.44e-70	221
SMc00571	iSF_1195.SF1096	45.9	307	163	1	3	309	4	307	4.07e-70	219
SMc00572	iML1515.b1093	52.5	244	116	0	2	245	1	244	1.29e-82	246
SMc00572	iSbBS512_1146.SbBS512_E2231	52.5	244	116	0	2	245	1	244	1.29e-82	246
SMc00572	iSDY_1059.SDY_2057	52.5	244	116	0	2	245	1	244	1.29e-82	246
SMc00572	iSF_1195.SF1097	52.5	244	116	0	2	245	1	244	1.29e-82	246
SMc00572	iSSON_1240.SSON_1113	52.5	244	116	0	2	245	1	244	1.29e-82	246
SMc00572	iYL1228.KPN_01091	52.0	244	117	0	2	245	1	244	1.05e-81	244
SMc00572	STM_v1_0.STM1195	52.0	244	117	0	2	245	1	244	2.11e-81	243
SMc00572	iPC815.YPO1599	51.6	244	118	0	2	245	1	244	4.88e-80	240
SMc00572	iCN900.CD630_11820	48.4	248	124	1	1	244	1	248	2.00e-75	228
SMc00572	iAF987.Gmet_1601	50.4	246	119	1	2	244	1	246	3.40e-73	223
SMc00573	iYS854.USA300HOU_RS06195	65.3	72	25	0	6	77	5	76	3.74e-27	93.6
SMc00573	iPC815.YPO1600	61.0	77	30	0	1	77	1	77	9.05e-26	90.1
SMc00573	iML1515.b1094	61.5	78	30	0	1	78	1	78	3.68e-25	88.6
SMc00573	iYL1228.KPN_01092	61.5	78	30	0	1	78	1	78	3.68e-25	88.6
SMc00573	STM_v1_0.STM1196	61.5	78	30	0	1	78	1	78	3.68e-25	88.6
SMc00573	iSbBS512_1146.SbBS512_E2230	61.5	78	30	0	1	78	1	78	3.68e-25	88.6
SMc00573	iSDY_1059.SDY_2056	61.5	78	30	0	1	78	1	78	3.68e-25	88.6
SMc00573	iSF_1195.SF1098	61.5	78	30	0	1	78	1	78	3.68e-25	88.6
SMc00573	iSSON_1240.SSON_1114	61.5	78	30	0	1	78	1	78	3.68e-25	88.6
SMc00573	iJN1463.PP_1915	61.5	78	30	0	1	78	1	78	5.23e-25	88.2
SMc00574	iYO844.BSU11340	52.6	418	187	4	2	418	4	411	3.31e-144	416
SMc00574	iJN1463.PP_1916	53.1	420	187	6	2	420	4	414	1.38e-143	415
SMc00574	iCHOv1.100769182	53.1	418	189	4	2	415	42	456	1.01e-141	412
SMc00574	iAF987.Gmet_1603	51.4	418	193	4	1	417	1	409	3.94e-142	411
SMc00574	STM_v1_0.STM1197	51.4	418	192	5	2	417	4	412	4.31e-137	398
SMc00574	iYL1228.KPN_01093	51.2	418	193	5	2	417	4	412	1.74e-136	397
SMc00574	iML1515.b1095	50.8	419	193	7	2	417	4	412	4.94e-136	395
SMc00574	iSF_1195.SF1099	50.8	419	193	7	2	417	4	412	4.94e-136	395
SMc00574	iSDY_1059.SDY_2055	50.8	419	193	7	2	417	4	412	7.00e-136	395
SMc00574	iSSON_1240.SSON_1115	50.8	419	193	7	2	417	4	412	9.92e-136	395
SMc00574	iJN1463.PP_3303	50.0	420	206	4	2	418	15	433	3.12e-135	394
SMc00574	iSbBS512_1146.SbBS512_E2229	50.6	419	194	7	2	417	4	412	1.61e-134	392
SMc00574	iPC815.YPO1601	50.5	420	193	8	2	417	4	412	9.19e-134	390
SMc00574	iCN900.CD630_11840	48.1	418	207	4	2	418	3	411	2.67e-130	381
SMc00575	iML1515.b1097	36.3	333	194	4	55	373	5	333	1.78e-58	193
SMc00577	iML1515.b3648	51.8	191	89	2	14	202	3	192	1.34e-64	198
SMc00577	STM_v1_0.STM3740	51.8	191	89	2	14	202	3	192	1.34e-64	198
SMc00577	iSbBS512_1146.SbBS512_E4099	51.8	191	89	2	14	202	3	192	1.34e-64	198
SMc00577	iSF_1195.SF3688	51.8	191	89	2	14	202	3	192	1.34e-64	198
SMc00577	iSSON_1240.SSON_3757	51.8	191	89	2	14	202	3	192	1.34e-64	198
SMc00577	iYL1228.KPN_03996	51.8	191	89	2	14	202	3	192	1.08e-63	196
SMc00577	iSDY_1059.SDY_4080	51.3	191	90	2	14	202	3	192	1.54e-63	196
SMc00577	iPC815.YPO0040	50.3	191	92	2	14	202	3	192	1.87e-59	185
SMc00579	iAM_Pv461.PVX_101390	31.6	231	143	6	51	274	276	498	3.90e-22	95.1
SMc00579	iAM_Pc455.PCYB_147430	30.6	232	145	6	51	274	96	319	3.91e-21	90.9
SMc00579	iAM_Pb448.PBANKA_146280	33.2	232	135	7	51	274	227	446	2.07e-19	87.0
SMc00580	iAF987.Gmet_3404	47.5	337	166	4	9	340	8	338	1.17e-84	259
SMc00580	iJN1463.PP_0402	45.2	330	169	4	10	336	7	327	1.81e-75	235
SMc00582	iML1515.b0054	26.9	301	173	11	75	358	71	341	1.82e-16	83.6
SMc00582	iSF_1195.SF0051	26.9	301	173	11	75	358	71	341	1.82e-16	83.6
SMc00582	iSSON_1240.SSON_0062	26.5	321	188	13	75	370	71	368	5.48e-16	82.0
SMc00582	iSbBS512_1146.SbBS512_E0048	26.5	321	188	13	75	370	71	368	7.22e-16	81.6
SMc00582	iSDY_1059.SDY_0079	26.2	321	189	13	75	370	71	368	4.95e-15	79.0
SMc00583	iAF987.Gmet_1248	24.1	349	253	5	4	345	2	345	2.61e-18	84.7
SMc00584	iSSON_1240.SSON_4446	23.1	355	253	4	3	350	2	343	9.94e-10	59.3
SMc00584	iML1515.b4261	23.1	355	253	4	3	350	2	343	1.77e-09	58.5
SMc00584	iSF_1195.SF4228	23.1	355	253	4	3	350	2	343	1.77e-09	58.5
SMc00584	iSDY_1059.SDY_4285	22.8	355	254	4	3	350	2	343	5.57e-09	57.0
SMc00585	iJN1463.PP_0980	43.8	434	233	6	40	466	40	469	2.07e-107	328
SMc00588	iAF987.Gmet_2352	38.1	84	51	1	60	142	64	147	1.18e-07	52.0
SMc00590	iCN900.CD630_04310	25.9	398	213	13	146	518	143	483	1.65e-18	88.6
SMc00590	iJN1463.PP_0118	31.3	179	115	5	323	496	17	192	1.50e-18	85.5
SMc00590	iPC815.YPO2060	31.8	176	112	4	326	496	19	191	1.86e-18	85.1
SMc00592	iAF987.Gmet_2020	30.3	284	178	7	123	391	160	438	1.35e-28	120
SMc00592	iYO844.BSU10270	30.9	356	208	12	124	457	169	508	9.42e-27	115
SMc00594	iCHOv1.100758427	34.2	73	45	2	14	83	28	100	2.95e-05	43.5
SMc00595	iJN1463.PP_0849	65.2	138	48	0	1	138	1	138	3.28e-59	179
SMc00595	iAF987.Gmet_2686	62.0	137	52	0	3	139	1	137	1.12e-56	172
SMc00595	iCN718.ABAYE_RS16260	58.7	138	57	0	1	138	1	138	2.45e-52	162
SMc00598	iYL1228.KPN_03819	26.7	292	206	3	3	290	7	294	4.56e-24	99.0
SMc00598	iML1515.b3457	27.0	296	200	5	3	290	7	294	1.61e-22	94.7
SMc00598	iSbBS512_1146.SbBS512_E3865	27.0	296	200	5	3	290	7	294	1.61e-22	94.7
SMc00598	iSSON_1240.SSON_3695	27.0	296	200	5	3	290	7	294	1.61e-22	94.7
SMc00598	STM_v1_0.STM3563	26.7	296	201	5	3	290	7	294	2.22e-22	94.4
SMc00598	iPC815.YPO3807	26.7	296	201	5	3	290	7	294	4.22e-22	93.6
SMc00598	iSF_1195.SF3475	26.7	296	201	5	3	290	7	294	2.90e-21	91.3
SMc00599	iJN1463.PP_1294	47.3	150	75	2	5	152	1	148	2.80e-39	129
SMc00600	iSDY_1059.SDY_0822	30.1	83	55	2	4	86	2	81	8.18e-10	50.1
SMc00600	iSF_1195.SF0734	30.1	83	55	2	4	86	2	81	8.18e-10	50.1
SMc00600	iSSON_1240.SSON_0763	30.1	83	55	2	4	86	2	81	8.18e-10	50.1
SMc00600	iML1515.b0784	28.9	83	56	2	4	86	2	81	1.64e-09	49.3
SMc00600	iSbBS512_1146.SbBS512_E2568	28.9	83	56	2	4	86	2	81	1.64e-09	49.3
SMc00601	iML1515.b1912	37.7	191	106	4	7	195	3	182	1.35e-33	117
SMc00601	iSbBS512_1146.SbBS512_E1039	37.7	191	106	4	7	195	3	182	1.35e-33	117
SMc00601	iSDY_1059.SDY_1106	37.7	191	106	4	7	195	3	182	1.35e-33	117
SMc00601	iSSON_1240.SSON_1206	37.7	191	106	4	7	195	3	182	1.35e-33	117
SMc00601	iYL1228.KPN_02410	36.6	191	108	4	7	195	3	182	2.68e-33	117
SMc00601	STM_v1_0.STM1945	38.2	191	105	4	7	195	3	182	5.35e-33	116
SMc00601	iSF_1195.SF1955	37.2	191	107	4	7	195	3	182	5.35e-33	116
SMc00601	iJN1463.PP_4097	37.8	188	104	5	8	192	2	179	1.16e-29	107
SMc00601	iCN718.ABAYE_RS17215	39.9	193	100	6	8	192	8	192	2.06e-29	107
SMc00601	iPC815.YPO1867	38.8	183	99	4	8	188	4	175	2.93e-29	106
SMc00603	iSynCJ816.SGL_RS07840	34.7	248	154	3	1	242	1	246	1.27e-34	124
SMc00609	iYO844.BSU18570	33.9	707	421	13	9	703	7	679	2.32e-117	367
SMc00610	iSDY_1059.SDY_2650	44.3	183	99	2	11	192	7	187	7.76e-47	152
SMc00610	iML1515.b2467	45.3	179	95	2	11	188	7	183	1.56e-46	151
SMc00610	iSF_1195.SF2509	44.3	183	99	2	11	192	7	187	1.56e-46	151
SMc00610	iSbBS512_1146.SbBS512_E2835	45.3	179	95	2	11	188	7	183	2.20e-46	150
SMc00610	iSSON_1240.SSON_2547	45.3	179	95	2	11	188	7	183	2.20e-46	150
SMc00610	STM_v1_0.STM2477	42.5	179	100	2	11	188	7	183	2.59e-42	140
SMc00610	iYL1228.KPN_02801	41.3	179	102	2	11	188	7	183	2.54e-41	138
SMc00611	iYS854.USA300HOU_RS06925	33.2	283	186	2	559	840	539	819	8.18e-45	173
SMc00614	iJN1463.PP_1664	49.0	208	105	1	10	216	8	215	4.05e-61	190
SMc00614	iSSON_1240.SSON_2582	47.1	189	100	0	10	198	3	191	2.39e-56	177
SMc00614	iSF_1195.SF2544	46.6	189	101	0	10	198	3	191	3.38e-56	177
SMc00614	iSbBS512_1146.SbBS512_E2874	46.6	189	101	0	10	198	3	191	4.79e-56	177
SMc00614	iSDY_1059.SDY_2689	46.6	189	101	0	10	198	3	191	4.79e-56	177
SMc00614	iML1515.b2500	46.0	189	102	0	10	198	3	191	1.36e-55	176
SMc00614	iYL1228.KPN_02825	45.0	191	105	0	8	198	2	192	1.99e-55	175
SMc00615	iCHOv1.100689446	59.4	342	135	3	8	346	434	774	7.63e-127	387
SMc00615	iAT_PLT_636.2618	59.2	341	135	3	9	346	435	774	2.11e-126	386
SMc00615	iMM1415.14450	58.8	342	137	3	8	346	434	774	4.16e-126	385
SMc00615	iPC815.YPO2828	55.9	340	147	3	6	345	4	340	8.84e-129	372
SMc00615	iMM904.YGL234W	56.1	355	150	4	2	351	443	796	8.28e-123	372
SMc00615	iYL1228.KPN_02824	57.4	331	138	3	6	336	4	331	4.73e-128	370
SMc00615	iAF987.Gmet_1844	55.8	335	146	2	5	338	2	335	3.45e-126	365
SMc00615	iSbBS512_1146.SbBS512_E2873	56.5	331	141	3	6	336	4	331	6.27e-126	365
SMc00615	iSDY_1059.SDY_2688	56.5	331	141	3	6	336	4	331	6.27e-126	365
SMc00615	iSF_1195.SF2543	56.5	331	141	3	6	336	9	336	7.43e-126	365
SMc00615	iSSON_1240.SSON_2581	56.5	331	141	3	6	336	4	331	6.27e-126	365
SMc00615	iML1515.b2499	56.5	331	141	3	6	336	4	331	8.89e-126	364
SMc00615	iLB1027_lipid.PHATRDRAFT_47067	54.7	351	148	7	9	354	892	1236	1.15e-115	362
SMc00615	iJN1463.PP_1665	55.2	337	149	2	9	345	7	341	1.30e-124	362
SMc00616	iSynCJ816.SGL_RS13900	27.9	315	209	11	31	339	54	356	7.10e-18	84.0
SMc00618	iSynCJ816.SGL_RS15845	45.5	707	346	10	30	706	14	711	2.58e-186	547
SMc00618	iEK1008.Rv2984	45.8	692	332	12	22	686	41	716	9.11e-179	528
SMc00618	iCN718.ABAYE_RS13985	41.9	681	381	7	33	707	17	688	4.82e-171	507
SMc00618	iAF692.Mbar_A1195	41.8	696	379	12	29	709	33	717	1.15e-166	497
SMc00619	iAF987.Gmet_0880	26.3	501	330	12	16	491	6	492	3.10e-28	117
SMc00621	iEK1008.Rv3645	28.8	184	105	6	130	300	330	500	4.98e-09	57.4
SMc01754	iJN1463.PP_2205	25.7	588	289	24	3	463	6	572	6.63e-24	104
SMc01756	iSynCJ816.SGL_RS08775	43.8	596	312	11	5	587	2	587	9.38e-160	469
SMc01756	iAF987.Gmet_1357	43.7	586	322	4	5	588	10	589	1.60e-159	469
SMc01756	iLJ478.TM1441	43.2	588	315	10	5	588	3	575	8.96e-158	464
SMc01756	iCN718.ABAYE_RS03490	43.3	591	318	12	5	588	3	583	5.55e-154	454
SMc01756	iJN1463.PP_1213	42.7	592	320	10	5	588	3	583	1.52e-153	453
SMc01756	iCN900.CD630_27390	42.1	591	324	10	5	588	9	588	4.39e-151	447
SMc01756	iYS854.USA300HOU_RS08675	41.5	590	331	7	5	588	4	585	1.99e-150	445
SMc01756	iYL1228.KPN_02380	40.9	594	332	10	5	590	2	584	3.99e-146	434
SMc01756	iSbBS512_1146.SbBS512_E1106	41.2	590	336	8	5	590	2	584	9.63e-146	433
SMc01756	iSSON_1240.SSON_1275	41.2	590	336	8	5	590	2	584	1.36e-145	433
SMc01756	iPC815.YPO2053	41.2	597	332	10	5	593	2	587	6.96e-145	431
SMc01756	iSF_1195.SF1876	41.0	590	337	8	5	590	2	584	1.53e-144	430
SMc01756	iSDY_1059.SDY_1153	41.0	590	337	8	5	590	2	584	3.06e-144	429
SMc01756	STM_v1_0.STM1901	41.2	590	336	8	5	590	2	584	6.10e-144	429
SMc01757	iML1515.b1308	34.1	82	47	2	36	117	24	98	6.34e-09	49.7
SMc01757	iSbBS512_1146.SbBS512_E1544	34.1	82	47	2	36	117	24	98	6.34e-09	49.7
SMc01757	iSDY_1059.SDY_1936	34.1	82	47	2	36	117	24	98	6.34e-09	49.7
SMc01757	iSF_1195.SF1313	34.1	82	47	2	36	117	35	109	7.92e-09	49.7
SMc01757	iSSON_1240.SSON_1832	34.1	82	47	2	36	117	24	98	6.34e-09	49.7
SMc01757	STM_v1_0.STM1686	34.6	81	46	3	36	116	24	97	6.81e-08	47.0
SMc01766	iPC815.YPO3771	52.5	322	151	2	58	377	12	333	3.54e-115	338
SMc01766	iJN1463.PP_3322	57.1	287	123	0	59	345	18	304	4.55e-114	335
SMc01766	iSynCJ816.SGL_RS09590	52.9	323	145	3	59	377	6	325	2.38e-107	318
SMc01766	iAF987.Gmet_0189	50.2	321	157	2	59	379	7	324	4.71e-104	309
SMc01769	iML1515.b0925	36.8	302	185	5	134	431	313	612	2.83e-56	196
SMc01770	iSynCJ816.SGL_RS04690	59.5	430	163	3	2	431	1	419	1.45e-178	504
SMc01770	STM_v1_0.STM2555	60.3	418	156	5	13	428	7	416	2.37e-177	501
SMc01770	iYL1228.KPN_02876	60.0	418	157	4	13	428	7	416	3.37e-177	501
SMc01770	iLJ478.TM0720	61.4	415	151	2	18	428	9	418	7.84e-176	498
SMc01770	iSSON_1240.SSON_2634	60.0	418	157	4	13	428	7	416	7.83e-176	497
SMc01770	iML1515.b2551	59.8	418	158	4	13	428	7	416	2.23e-175	496
SMc01770	iSbBS512_1146.SbBS512_E2916	59.8	418	158	4	13	428	7	416	2.23e-175	496
SMc01770	iSF_1195.SF2598	59.8	418	158	4	13	428	7	416	2.23e-175	496
SMc01770	iSDY_1059.SDY_2741	59.6	418	159	4	13	428	7	416	9.04e-175	494
SMc01770	iAF987.Gmet_1605	61.3	411	151	2	18	428	8	410	4.84e-174	493
SMc01770	iPC815.YPO2907	58.6	418	163	5	13	428	7	416	4.88e-172	488
SMc01770	iJN1463.PP_0671	58.9	423	163	4	10	429	2	416	5.63e-171	485
SMc01770	iYO844.BSU36900	58.8	417	164	4	12	428	2	410	3.01e-170	483
SMc01770	iAF692.Mbar_A2316	58.3	412	165	2	17	428	7	411	1.10e-169	481
SMc01770	iYS854.USA300HOU_RS11410	59.6	416	159	4	14	428	4	411	2.55e-168	478
SMc01770	iCN718.ABAYE_RS06300	57.5	421	171	2	9	428	2	415	6.11e-168	477
SMc01770	iJN1463.PP_0322	59.2	412	160	2	18	428	12	416	2.47e-167	476
SMc01770	iNF517.LLMG_RS02930	58.4	411	163	3	18	427	12	415	6.16e-165	469
SMc01772	iAF987.Gmet_1624	39.8	362	167	5	9	364	6	322	1.76e-68	220
SMc01772	iSbBS512_1146.SbBS512_E0335	38.2	369	174	6	7	364	2	327	3.91e-62	204
SMc01772	iML1515.b0414	37.7	369	176	6	7	364	2	327	5.50e-62	203
SMc01772	iSSON_1240.SSON_0391	37.9	369	175	6	7	364	2	327	1.53e-61	202
SMc01772	iSDY_1059.SDY_0320	37.7	369	176	6	7	364	2	327	3.03e-61	201
SMc01772	iSF_1195.SF0351	37.7	369	176	6	7	364	2	327	8.41e-61	200
SMc01772	iYL1228.KPN_00366	38.6	370	171	6	7	364	2	327	3.28e-60	199
SMc01773	iJN1463.PP_0515	44.9	198	103	3	1	197	1	193	1.62e-52	167
SMc01773	iCN718.ABAYE_RS17635	43.1	197	107	2	1	197	1	192	1.80e-48	157
SMc01777	STM_v1_0.STM0417	40.5	148	77	3	9	151	15	156	1.50e-20	82.0
SMc01777	iPC815.YPO3182	40.4	141	75	3	9	145	15	150	2.11e-20	81.6
SMc01777	iML1515.b0415	39.9	148	78	3	9	151	15	156	5.91e-20	80.5
SMc01777	iYL1228.KPN_00367	39.9	148	78	3	9	151	15	156	5.91e-20	80.5
SMc01777	iSbBS512_1146.SbBS512_E0336	39.9	148	78	3	9	151	15	156	5.91e-20	80.5
SMc01777	iSDY_1059.SDY_0319	39.9	148	78	3	9	151	15	156	5.91e-20	80.5
SMc01777	iSF_1195.SF0352	39.9	148	78	3	9	151	15	156	5.91e-20	80.5
SMc01777	iSSON_1240.SSON_0392	39.9	148	78	3	9	151	15	156	5.91e-20	80.5
SMc01777	iLJ478.TM1825	36.1	144	84	2	9	149	15	153	4.02e-19	78.6
SMc01777	iCN718.ABAYE_RS01015	39.1	138	76	3	11	145	20	152	4.61e-19	78.2
SMc01777	iYS854.USA300HOU_RS09385	37.7	151	84	3	5	151	10	154	1.73e-18	76.6
SMc01777	iJN1463.PP_0517	37.0	146	82	3	11	152	19	158	5.28e-18	75.5
SMc01777	iYO844.BSU23250	37.9	140	79	2	11	147	17	151	9.56e-18	74.7
SMc01780	iAF987.Gmet_3239	57.0	704	271	7	8	711	10	681	1.33e-238	678
SMc01784	iJN1463.PP_1912	42.4	330	185	4	4	332	6	331	7.38e-72	226
SMc01784	iAF987.Gmet_1598	38.2	338	200	4	2	335	1	333	1.88e-68	218
SMc01785	iAF987.Gmet_1599	50.5	331	151	3	1	323	1	326	1.75e-107	316
SMc01785	iPC815.YPO1597	48.9	317	156	1	6	322	5	315	4.07e-101	299
SMc01785	iSDY_1059.SDY_2059	49.1	316	154	2	8	322	7	316	6.83e-100	296
SMc01785	iML1515.b1091	48.7	316	155	2	8	322	7	316	2.75e-99	295
SMc01785	iSbBS512_1146.SbBS512_E2233	48.7	316	155	2	8	322	7	316	2.75e-99	295
SMc01785	iSSON_1240.SSON_1111	48.7	316	155	2	8	322	7	316	2.75e-99	295
SMc01785	iSF_1195.SF1095	48.4	316	156	2	8	322	7	316	3.15e-98	292
SMc01785	STM_v1_0.STM1193	48.1	316	157	2	8	322	7	316	1.27e-97	290
SMc01790	iEK1008.Rv0486	26.4	261	166	8	92	334	142	394	2.93e-13	70.9
SMc01790	iEK1008.Rv2610c	27.0	359	221	14	23	363	15	350	3.73e-12	67.0
SMc01792	iML1515.b2047	38.0	366	215	6	156	520	110	464	3.77e-71	234
SMc01793	iEK1008.Rv3032	25.6	402	256	15	16	386	15	404	2.07e-11	64.7
SMc01797	iYL1228.KPN_00440	54.5	66	28	1	110	173	116	181	1.91e-14	68.6
SMc01797	iYO844.BSU40850	51.5	66	30	1	110	173	117	182	4.72e-13	64.7
SMc01797	iYS854.USA300HOU_RS13870	44.6	65	36	0	120	184	129	193	4.21e-12	62.4
SMc01800	iMM904.YER141W	39.0	359	183	6	21	343	81	439	2.54e-71	230
SMc01800	iCHOv1.100751499	38.3	329	192	4	29	347	75	402	6.24e-67	216
SMc01801	iJN1463.PP_3633	50.2	309	149	3	3	310	4	308	1.32e-100	297
SMc01802	iJN1463.PP_2196	54.0	302	138	1	10	310	1	302	4.11e-111	324
SMc01806	iCN900.CD630_08000	30.6	252	167	4	19	268	10	255	2.70e-29	111
SMc01806	iYL1228.KPN_01474	35.2	264	149	6	16	271	4	253	4.73e-29	110
SMc01806	iAF987.Gmet_2224	32.7	260	166	4	16	271	6	260	3.93e-28	108
SMc01806	iAF987.Gmet_3291	32.0	250	163	4	24	270	15	260	4.19e-28	108
SMc01806	iEK1008.Rv1070c	32.9	249	151	5	27	270	17	254	3.69e-28	108
SMc01806	iJN1463.PP_2217	33.2	259	163	4	16	272	6	256	3.69e-28	108
SMc01806	iAF987.Gmet_2212	30.2	255	173	4	16	268	6	257	1.56e-27	106
SMc01806	iAF987.Gmet_2195	31.5	260	160	7	16	270	8	254	2.03e-26	103
SMc01806	iML1515.b1393	32.8	256	150	6	24	271	12	253	2.79e-25	100
SMc01809	iAF692.Mbar_A2427	55.0	420	187	2	6	425	39	456	1.34e-160	460
SMc01809	iAF987.Gmet_2390	53.5	417	193	1	7	423	8	423	7.05e-161	459
SMc01809	iJN1463.PP_2528	55.7	418	184	1	7	423	3	420	2.09e-159	456
SMc01809	iHN637.CLJU_RS03265	53.9	421	193	1	6	426	8	427	5.18e-158	452
SMc01809	iLJ478.TM0882	55.6	423	184	4	6	426	7	427	8.13e-158	452
SMc01809	iEK1008.Rv3340	54.2	421	190	3	7	426	18	436	2.05e-150	434
SMc01812	iEK1008.Rv3518c	33.6	318	207	2	101	415	75	391	5.98e-53	181
SMc04448	iAF987.Gmet_0078	32.7	437	282	7	48	473	36	471	5.19e-63	213
SMc01904	iCN900.CD630_20200	21.6	320	182	11	46	336	533	812	4.37e-04	42.4
SMc01904	iAT_PLT_636.4905	34.0	106	61	5	117	216	256	358	7.34e-04	41.6
SMc01904	iMM1415.18195	34.0	106	61	5	117	216	256	358	7.34e-04	41.6
SMc01912	iAF987.Gmet_3355	44.9	118	65	0	4	121	1	118	2.74e-34	114
SMc01913	iMM1415.75406	83.1	142	24	0	45	186	73	214	9.59e-86	251
SMc01913	iCHOv1.100766693	82.4	142	25	0	45	186	68	209	4.68e-85	249
SMc01913	iLB1027_lipid.PHATRDRAFT_41645	80.1	141	28	0	45	185	15	155	2.15e-83	243
SMc01914	iAT_PLT_636.4722	59.4	160	65	0	27	186	81	240	3.10e-66	204
SMc01914	iCHOv1.100761333	56.3	160	70	0	27	186	80	239	9.00e-63	195
SMc01915	iMM1415.226646	63.5	397	139	2	1	396	72	463	5.24e-188	528
SMc01915	iCHOv1.100768067	63.3	392	138	2	6	396	77	463	6.07e-187	526
SMc01915	iAT_PLT_636.4720	63.3	392	138	2	6	396	77	463	9.95e-186	523
SMc01917	iMM1415.72900	45.7	188	99	2	16	203	52	236	6.17e-49	162
SMc01917	iCHOv1.100757242	45.2	188	100	2	16	203	71	255	2.94e-48	160
SMc01917	iAT_PLT_636.4729	45.7	188	99	2	16	203	53	237	5.01e-48	159
SMc01918	iAT_PLT_636.4723	66.0	429	145	1	2	429	35	463	1.29e-222	618
SMc01918	iMM1415.17995	67.2	421	137	1	2	421	35	455	1.50e-221	615
SMc01918	iCHOv1.100757245	67.5	419	135	1	2	419	35	453	4.28e-221	614
SMc01920	iMM1415.227197	49.9	703	296	14	6	680	36	710	4.94e-216	622
SMc01920	iCHOv1.100754223	49.4	702	301	13	6	680	36	710	1.60e-214	618
SMc01920	iAT_PLT_636.4719	49.4	703	300	14	6	680	50	724	1.44e-213	616
SMc01921	iAF987.Gmet_3348	43.0	349	161	3	15	343	16	346	1.21e-84	259
SMc01921	iCHOv1.3979183	45.3	316	149	4	20	333	7	300	4.61e-83	254
SMc01921	iAF987.Gmet_0161	43.2	340	164	4	13	343	9	328	1.84e-82	253
SMc01921	iAT_PLT_636.4535	43.5	317	159	3	17	333	4	300	2.67e-79	244
SMc01921	iEK1008.Rv3152	41.6	344	167	6	17	343	14	340	1.58e-77	243
SMc01921	iMM1415.17716	43.7	316	154	4	20	333	7	300	3.05e-75	234
SMc01922	iLB1027_lipid.PHATRDRAFT_14260	66.3	160	53	1	5	164	5	163	9.60e-58	177
SMc01922	iMM1415.225887	64.6	164	57	1	1	164	50	212	4.73e-54	169
SMc01922	iCHOv1.100755890	64.6	158	55	1	7	164	54	210	1.03e-52	166
SMc01922	iAT_PLT_636.4728	71.1	142	40	1	23	164	70	210	1.03e-52	166
SMc01923	iAF987.Gmet_3346	36.5	167	102	3	3	169	1	163	6.40e-18	77.0
SMc01924	iAF987.Gmet_3345	48.5	99	50	1	3	101	2	99	1.04e-25	91.7
SMc01924	iIT341.HP1270	43.0	100	56	1	3	102	2	100	7.92e-23	84.3
SMc01924	iSynCJ816.SGL_RS16985	45.6	103	53	2	1	101	1	102	8.59e-23	84.3
SMc01925	iAF987.Gmet_3344	44.1	682	313	14	12	655	12	663	1.44e-167	494
SMc01926	iAF987.Gmet_3343	50.1	491	235	5	1	485	1	487	2.24e-169	488
SMc01927	iAF987.Gmet_3342	42.9	431	241	3	14	440	15	444	3.25e-107	327
SMc01927	iSynCJ816.SGL_RS02610	39.6	434	246	4	14	437	17	444	1.82e-100	310
SMc01928	iAF692.Mbar_A1588	32.4	241	146	4	22	254	91	322	4.52e-28	108
SMc01928	iYO844.BSU22440	35.5	245	133	9	17	249	89	320	4.50e-27	106
SMc01928	iAF987.Gmet_1987	33.9	242	148	5	18	252	98	334	1.07e-26	105
SMc01928	iJN1463.PP_0437	34.9	241	144	9	18	252	78	311	5.70e-25	100
SMc01930	iMM1415.73724	62.1	132	49	1	2	133	47	177	1.16e-51	161
SMc01930	iCHOv1.100763022	62.9	132	48	1	2	133	51	181	3.74e-51	160
SMc01934	iAF987.Gmet_1354	40.6	557	209	7	1	435	1	557	9.22e-127	378
SMc01934	iCN718.ABAYE_RS03855	39.4	573	208	8	1	438	1	569	1.90e-126	377
SMc01934	iYL1228.KPN_00208	38.9	570	218	9	1	441	1	569	7.04e-121	363
SMc01934	iJN1463.PP_1205	38.7	548	209	7	1	421	1	548	3.06e-119	359
SMc01934	STM_v1_0.STM0242	38.2	570	222	9	1	441	1	569	1.77e-118	357
SMc01934	iSbBS512_1146.SbBS512_E0188	38.6	568	219	9	1	439	1	567	1.77e-118	357
SMc01934	iSF_1195.SF0185	38.6	568	219	9	1	439	1	567	1.77e-118	357
SMc01934	iSSON_1240.SSON_0208	38.6	568	219	9	1	439	1	567	1.77e-118	357
SMc01934	iSDY_1059.SDY_0213	38.0	568	222	7	1	439	1	567	4.99e-118	356
SMc01934	iPC815.YPO1068	37.6	556	217	6	1	427	1	555	2.79e-114	346
SMc01934	iYS854.USA300HOU_RS06365	37.9	559	214	11	1	432	1	553	3.82e-113	343
SMc01935	iYO844.BSU30410	24.0	204	144	5	207	408	241	435	9.71e-09	56.6
SMc01376	iCN900.CD630_19470	40.7	221	131	0	5	225	8	228	4.12e-55	175
SMc01376	iJN1463.PP_4210	44.1	220	121	2	7	225	6	224	5.60e-49	169
SMc01371	iAF987.Gmet_2999	28.3	120	86	0	2	121	7	126	4.49e-14	66.6
SMc01370	iAF987.Gmet_0069	36.7	300	184	4	155	450	4	301	4.26e-56	188
SMc01362	iAF987.Gmet_3020	46.4	181	93	4	21	198	12	191	3.82e-35	122
SMc01361	iAF987.Gmet_1770	38.4	424	257	2	5	428	1	420	9.96e-97	296
SMc01360	iJN1463.PP_4998	53.4	305	139	2	7	308	19	323	9.65e-104	306
SMc01360	iAF987.Gmet_1769	51.3	298	144	1	4	300	3	300	2.59e-103	304
SMc01360	iEK1008.Rv1380	51.8	305	141	2	7	305	4	308	3.73e-92	276
SMc01359	iEK1008.Rv0672	43.6	532	293	4	15	543	9	536	3.22e-136	405
SMc01358	iJN1463.PP_3561	35.5	301	187	3	7	305	18	313	6.55e-41	144
SMc01354	iCN900.CD630_27420	51.5	33	16	0	44	76	49	81	1.84e-05	43.9
SMc01353	iAF987.Gmet_0076	40.0	95	57	0	1	95	1	95	3.31e-19	74.7
SMc01353	iJN1463.PP_0932	36.8	95	60	0	1	95	8	102	1.60e-18	73.2
SMc01352	iAF987.Gmet_0075	56.3	487	204	4	3	488	2	480	3.03e-186	529
SMc01350	iJN1463.PP_0930	56.0	482	200	5	38	512	3	479	6.56e-183	521
SMc01350	iCN718.ABAYE_RS04045	56.1	485	196	5	38	513	13	489	2.00e-181	518
SMc01350	iAF987.Gmet_0073	52.5	482	217	5	37	512	2	477	6.39e-165	475
SMc01348	iAT_PLT_636.55967	36.0	114	51	6	7	109	24	126	6.14e-14	63.9
SMc01348	iMM1415.66414	35.6	118	54	6	3	109	24	130	2.79e-12	59.7
SMc01348	iCHOv1.100757306	38.7	93	44	5	28	109	40	130	5.48e-12	58.9
SMc01345	iJN1463.PP_0558	61.8	445	166	2	4	445	5	448	2.90e-203	569
SMc01345	iPC815.YPO3658	61.2	441	169	1	3	441	1	441	3.73e-196	551
SMc01345	iML1515.b3256	61.2	441	169	1	3	441	1	441	6.11e-195	548
SMc01345	iSbBS512_1146.SbBS512_E3288	61.2	441	169	1	3	441	1	441	6.11e-195	548
SMc01345	iSDY_1059.SDY_3433	61.2	441	169	1	3	441	1	441	6.11e-195	548
SMc01345	iYL1228.KPN_03665	60.8	441	171	1	3	441	1	441	8.67e-195	547
SMc01345	iSSON_1240.SSON_3397	61.2	441	169	1	3	441	1	441	1.23e-194	547
SMc01345	STM_v1_0.STM3380	61.0	441	170	2	3	441	1	441	4.98e-194	545
SMc01345	iCN718.ABAYE_RS08035	59.1	443	180	1	3	444	1	443	2.59e-193	544
SMc01345	iSF_1195.SF3294	60.8	441	171	1	3	441	1	441	5.76e-193	543
SMc01345	iAF987.Gmet_0984	58.7	441	180	2	3	441	1	441	3.31e-184	520
SMc01345	iYO844.BSU24340	56.9	443	187	3	3	441	1	443	1.26e-182	516
SMc01344	STM_v1_0.STM3379	40.6	155	79	3	13	158	6	156	1.02e-25	95.5
SMc01344	iSynCJ816.SGL_RS13735	40.0	145	83	3	13	155	8	150	9.73e-26	95.5
SMc01344	iML1515.b3255	40.6	155	79	3	13	158	6	156	2.89e-25	94.4
SMc01344	iSbBS512_1146.SbBS512_E3287	40.6	155	79	3	13	158	6	156	2.89e-25	94.4
SMc01344	iSF_1195.SF3293	40.6	155	79	3	13	158	6	156	2.89e-25	94.4
SMc01344	iSSON_1240.SSON_3396	40.6	155	79	3	13	158	6	156	2.89e-25	94.4
SMc01344	iPC815.YPO3659	40.8	152	81	3	13	158	6	154	3.87e-25	94.0
SMc01344	iCN718.ABAYE_RS08040	40.1	142	72	1	13	154	6	134	7.36e-25	92.8
SMc01344	iSDY_1059.SDY_3432	40.0	155	80	3	13	158	6	156	2.29e-24	92.0
SMc01344	iAF987.Gmet_0983	35.0	163	78	3	13	158	6	157	9.78e-24	90.5
SMc01344	iNF517.LLMG_RS08940	38.1	147	87	1	13	155	6	152	1.76e-23	89.7
SMc01343	iJN1463.PP_2407	50.0	146	73	0	1	146	1	146	9.37e-51	158
SMc01343	iAF987.Gmet_0981	54.9	142	64	0	5	146	3	144	7.43e-48	151
SMc01343	iSynCJ816.SGL_RS06095	55.9	136	60	0	5	140	7	142	3.00e-45	144
SMc01340	iEK1008.Rv3565	49.4	387	186	5	3	384	4	385	2.90e-114	338
SMc01335	iML1515.b2435	40.9	232	128	5	192	417	47	275	2.59e-40	145
SMc01335	iSbBS512_1146.SbBS512_E2807	40.9	232	128	5	192	417	47	275	2.59e-40	145
SMc01335	iSDY_1059.SDY_2633	40.9	232	128	5	192	417	47	275	2.59e-40	145
SMc01335	iSF_1195.SF2488	40.9	232	128	5	192	417	47	275	2.59e-40	145
SMc01335	iSSON_1240.SSON_2524	40.9	232	128	5	192	417	47	275	2.59e-40	145
SMc01335	iSF_1195.SF2828	31.7	372	239	10	58	417	68	436	1.28e-38	144
SMc01335	iML1515.b2817	31.7	372	239	10	58	417	38	406	1.07e-38	144
SMc01335	iSbBS512_1146.SbBS512_E3045	31.7	372	239	10	58	417	38	406	1.07e-38	144
SMc01335	iSSON_1240.SSON_2974	31.7	372	239	10	58	417	68	436	1.78e-38	144
SMc01335	iSDY_1059.SDY_3034	31.7	372	239	10	58	417	68	436	2.45e-38	143
SMc01335	iJN1463.PP_4897	37.4	243	135	4	179	417	171	400	5.00e-37	140
SMc01335	iYL1228.KPN_02778	39.1	220	131	3	199	417	59	276	1.99e-38	140
SMc01335	iPC815.YPO1023	31.3	386	236	11	58	426	38	411	2.71e-37	140
SMc01335	STM_v1_0.STM2450	39.4	221	129	4	199	417	58	275	3.77e-38	139
SMc01335	STM_v1_0.STM2991	31.7	378	231	12	58	417	38	406	2.66e-36	137
SMc01335	iYL1228.KPN_03225	30.2	414	262	13	21	417	3	406	1.34e-35	135
SMc01334	iAF987.Gmet_0354	39.3	794	427	14	17	779	34	803	7.91e-171	514
SMc01331	iIS312.TCDM_01819	28.5	235	147	3	35	257	577	802	2.31e-25	104
SMc04435	iAM_Pv461.PVX_113400	29.5	129	69	5	8	126	66	182	3.50e-04	38.9
SMc01329	iYO844.BSU19230	34.8	178	111	2	13	186	15	191	4.19e-32	115
SMc01329	iNF517.LLMG_RS02035	34.4	189	116	3	10	196	12	194	4.26e-30	109
SMc01329	iYS854.USA300HOU_RS01080	32.8	201	127	4	2	194	3	203	4.32e-28	104
SMc01326	iSynCJ816.SGL_RS10925	71.8	401	101	4	1	391	1	399	1.60e-203	565
SMc01324	iAF692.Mbar_A1144	29.6	250	148	6	3	249	2	226	2.15e-19	85.9
SMc01312	iEK1008.Rv0684	62.2	693	252	5	11	698	14	701	1.10e-305	849
SMc01311	iSynCJ816.SGL_RS10925	71.8	401	101	4	1	391	1	399	1.60e-203	565
SMc01288	iAF987.Gmet_0647	47.4	213	91	2	1	192	1	213	2.54e-54	171
SMc01288	iAF692.Mbar_A0086	43.6	211	99	2	1	191	1	211	1.02e-53	170
SMc01288	iYL1228.KPN_00456	46.1	219	84	5	1	191	1	213	2.27e-52	166
SMc01288	iEK1008.Rv0733	45.5	191	92	2	1	191	1	179	3.36e-52	165
SMc01288	iSF_1195.SF0419	44.7	217	90	4	1	191	1	213	1.29e-51	164
SMc01288	iSSON_1240.SSON_0461	44.7	217	90	4	1	191	1	213	1.29e-51	164
SMc01288	iML1515.b0474	44.7	217	90	4	1	191	1	213	1.83e-51	164
SMc01288	iSbBS512_1146.SbBS512_E0406	44.7	217	90	4	1	191	1	213	1.83e-51	164
SMc01288	STM_v1_0.STM0488	45.7	219	85	5	1	191	1	213	3.68e-51	163
SMc01288	iSDY_1059.SDY_0445	44.7	217	90	4	1	191	1	213	5.20e-51	163
SMc01288	iNF517.LLMG_RS11835	42.1	214	101	3	1	191	1	214	6.11e-50	160
SMc01288	iPC815.YPO3118	43.8	219	89	5	1	191	1	213	5.93e-50	160
SMc01288	iYO844.BSU01370	40.6	212	105	2	1	191	1	212	4.19e-48	155
SMc01288	iJN1463.PP_1506	43.1	216	89	5	1	187	1	211	5.76e-48	155
SMc01288	iMM904.YDR226W	41.1	209	101	2	1	187	7	215	1.37e-47	154
SMc01288	iLJ478.TM1479	42.2	211	100	2	3	191	5	215	1.29e-47	154
SMc01280	iEK1008.Rv0125	31.9	295	157	9	91	361	79	353	1.38e-23	101
SMc01278	iML1515.b1599	37.9	103	58	3	2	102	10	108	5.32e-09	49.3
SMc01278	iSbBS512_1146.SbBS512_E1785	37.9	103	58	3	2	102	10	108	5.32e-09	49.3
SMc01278	iSSON_1240.SSON_1561	37.9	103	58	3	2	102	10	108	5.32e-09	49.3
SMc01278	iSDY_1059.SDY_1554	37.9	103	58	3	2	102	10	108	1.48e-08	48.1
SMc01278	iSF_1195.SF1620	36.9	103	59	3	2	102	10	108	2.09e-08	47.8
SMc01278	iML1515.b1600	31.9	94	58	1	8	101	16	103	3.67e-08	47.4
SMc01278	iSbBS512_1146.SbBS512_E1786	31.9	94	58	1	8	101	16	103	3.67e-08	47.4
SMc01278	iSDY_1059.SDY_1553	31.9	94	58	1	8	101	16	103	3.67e-08	47.4
SMc01278	iSF_1195.SF1621	31.9	94	58	1	8	101	16	103	3.67e-08	47.4
SMc01278	iSSON_1240.SSON_1560	31.9	94	58	1	8	101	16	103	3.67e-08	47.4
SMc01276	iCN718.ABAYE_RS16760	34.2	196	121	4	2	197	6	193	2.43e-23	93.2
SMc01275	iCN900.CD630_10600	28.5	291	165	9	34	314	37	294	2.98e-27	108
SMc01275	iSbBS512_1146.SbBS512_E2975	27.9	326	202	13	9	322	11	315	1.66e-25	103
SMc01275	iSF_1195.SF2653	28.2	326	201	13	9	322	11	315	1.66e-25	103
SMc01275	iSSON_1240.SSON_2720	28.2	326	201	13	9	322	11	315	1.66e-25	103
SMc01275	iSDY_1059.SDY_2837	27.9	326	202	13	9	322	11	315	6.04e-25	102
SMc01275	iNF517.LLMG_RS07670	27.7	278	164	7	34	302	30	279	2.03e-24	100
SMc01275	STM_v1_0.STM2662	27.1	329	201	11	9	322	11	315	2.07e-23	98.2
SMc01274	iML1515.b0624	35.8	95	60	1	1	95	2	95	2.32e-14	64.3
SMc01273	iCHOv1.100774799	52.1	280	130	3	1	277	3	281	6.60e-100	293
SMc01273	iMM1415.13885	51.8	280	131	3	1	277	16	294	4.10e-99	291
SMc01273	iAT_PLT_636.2098	51.8	280	131	3	1	277	3	281	8.76e-98	288
SMc01273	iJN1463.PP_1617	51.1	278	131	4	4	277	6	282	8.75e-96	283
SMc01273	iSSON_1240.SSON_0334	47.3	277	144	2	1	277	1	275	2.44e-91	271
SMc01273	iML1515.b2154	48.9	278	138	3	1	276	1	276	3.58e-91	271
SMc01273	iSbBS512_1146.SbBS512_E0812	48.9	278	138	3	1	276	1	276	3.58e-91	271
SMc01273	iSSON_1240.SSON_2210	48.9	278	138	3	1	276	1	276	5.07e-91	270
SMc01273	iPC815.YPO1501	46.0	276	147	2	1	276	5	278	6.22e-90	268
SMc01273	iSDY_1059.SDY_2112	48.6	278	139	3	1	276	1	276	1.17e-89	267
SMc01273	iYL1228.KPN_02592	48.6	280	135	5	1	276	1	275	4.57e-89	265
SMc01273	iML1515.b0355	45.8	277	148	2	1	277	1	275	9.18e-89	265
SMc01270	iCN718.ABAYE_RS09595	61.9	373	136	1	1	373	1	367	1.19e-170	480
SMc01270	iSynCJ816.SGL_RS04900	60.8	375	141	1	1	375	1	369	5.28e-167	471
SMc01270	iYL1228.KPN_01952	61.4	373	138	1	1	373	1	367	4.79e-166	468
SMc01270	STM_v1_0.STM1627	61.1	373	139	1	1	373	1	367	4.79e-166	468
SMc01270	iJN1463.PP_1616	61.4	370	137	1	4	373	6	369	1.77e-163	462
SMc01270	iSbBS512_1146.SbBS512_E0271	58.9	375	148	1	1	375	1	369	1.65e-163	462
SMc01270	iSSON_1240.SSON_0335	58.9	375	148	1	1	375	1	369	1.65e-163	462
SMc01270	iML1515.b0356	58.9	375	148	1	1	375	1	369	1.35e-162	459
SMc01270	iPC815.YPO1502	60.3	370	141	1	4	373	5	368	5.09e-162	458
SMc01270	iAT_PLT_636.128	57.8	370	150	1	4	373	9	372	2.87e-158	449
SMc01270	iCHOv1.100767929	57.3	370	152	1	4	373	9	372	9.48e-157	445
SMc01270	iMM1415.11532	56.5	370	155	1	4	373	9	372	1.91e-156	444
SMc01268	iJN1463.PP_4801	41.4	198	102	3	40	237	13	196	1.48e-41	141
SMc01268	iML1515.b0630	42.6	162	79	2	59	220	32	179	3.34e-39	135
SMc01268	iSbBS512_1146.SbBS512_E0621	42.6	162	79	2	59	220	32	179	3.34e-39	135
SMc01268	iSDY_1059.SDY_0552	42.6	162	79	2	59	220	10	157	1.80e-39	135
SMc01268	iSSON_1240.SSON_0584	42.6	162	79	2	59	220	10	157	1.80e-39	135
SMc01268	iSF_1195.SF0651	42.0	162	80	2	59	220	10	157	1.01e-38	133
SMc01262	iYO844.BSU15720	37.6	149	92	1	1	149	1	148	4.45e-26	97.1
SMc01261	iJN1463.PP_4471	37.9	425	263	1	44	467	52	476	2.87e-85	270
SMc01256	iJN1463.PP_0987	51.9	466	216	3	1	466	1	458	5.15e-156	450
SMc01256	iJN1463.PP_3144	52.2	467	213	5	1	466	1	458	1.36e-153	444
SMc01256	iCN718.ABAYE_RS11985	50.1	467	224	4	1	466	1	459	3.23e-152	440
SMc01256	iJN1463.PP_0297	50.5	467	221	5	1	466	1	458	8.88e-152	439
SMc01256	iEK1008.Rv0069c	49.7	475	216	9	1	466	1	461	1.16e-142	416
SMc00996	iJN1463.PP_4803	36.5	244	153	1	40	283	28	269	1.14e-38	144
SMc00996	iYL1228.KPN_00664	35.6	236	145	2	55	283	46	281	1.58e-34	133
SMc00996	iML1515.b0632	35.2	236	146	2	55	283	50	285	8.23e-34	131
SMc00996	iSDY_1059.SDY_0554	35.2	236	146	2	55	283	50	285	8.23e-34	131
SMc00996	iSF_1195.SF0649	35.2	236	146	2	55	283	50	285	8.23e-34	131
SMc00996	iSSON_1240.SSON_0586	35.2	236	146	2	55	283	50	285	8.23e-34	131
SMc00996	iPC815.YPO2601	35.6	236	145	2	55	283	47	282	7.83e-34	131
SMc00996	STM_v1_0.STM0637	34.7	236	147	2	55	283	50	285	1.55e-33	130
SMc01002	iLJ478.TM1347	31.5	111	67	4	15	122	94	198	1.17e-08	52.0
SMc01002	iYO844.BSU29700	29.2	120	80	2	13	127	10	129	1.60e-07	48.1
SMc01002	iYS854.USA300HOU_RS02065	28.1	114	75	2	12	123	97	205	6.39e-07	47.0
SMc01003	iMM904.YML059C	32.8	183	111	3	40	214	1371	1549	7.22e-17	81.3
SMc01004	iAF692.Mbar_A3654	52.5	122	46	4	27	147	17	127	9.40e-35	117
SMc01004	iCN718.ABAYE_RS17040	49.2	124	57	2	24	147	11	128	2.61e-30	109
SMc01004	iHN637.CLJU_RS05760	52.1	96	44	1	28	123	21	114	2.69e-31	108
SMc01004	iAF987.Gmet_1897	46.2	119	58	2	29	147	11	123	1.02e-30	107
SMc01004	iJN1463.PP_5014	45.6	125	62	3	24	148	9	127	1.17e-30	107
SMc01005	iHN637.CLJU_RS03120	56.4	172	73	1	19	190	4	173	6.48e-64	195
SMc01005	iSynCJ816.SGL_RS14545	50.3	179	86	2	24	201	52	228	4.41e-60	187
SMc01005	iEK1008.Rv3609c	52.7	184	83	2	19	200	18	199	6.62e-60	186
SMc01005	iCHOv1.100750667	46.9	207	97	4	6	201	43	247	4.97e-57	180
SMc01005	iYO844.BSU22780	48.4	184	92	2	19	201	6	187	2.78e-56	176
SMc01006	iAF987.Gmet_0991	28.8	80	55	1	6	83	4	83	5.28e-04	38.5
SMc01010	iJN1463.PP_2465	50.5	618	291	5	8	623	4	608	2.07e-231	656
SMc01010	iSDY_1059.SDY_1814	49.0	649	315	6	8	653	4	639	1.67e-228	649
SMc01010	iSF_1195.SF1512	48.8	649	316	6	8	653	4	639	4.74e-228	648
SMc01010	iSSON_1240.SSON_1439	48.8	649	316	6	8	653	4	639	4.74e-228	648
SMc01010	iSbBS512_1146.SbBS512_E1961	48.8	649	316	6	8	653	4	639	6.72e-228	647
SMc01010	STM_v1_0.STM1333	50.1	619	293	6	8	623	4	609	1.25e-225	642
SMc01010	iPC815.YPO2433	49.8	619	295	6	8	623	4	609	1.01e-224	639
SMc01010	iCN718.ABAYE_RS15805	48.8	631	308	5	8	636	4	621	1.08e-223	637
SMc01010	iYL1228.KPN_02180	49.3	623	300	6	26	645	2	611	5.40e-222	632
SMc01017	iML1515.b4093	33.0	94	58	1	42	130	40	133	3.74e-08	49.3
SMc01020	iEK1008.Rv3790	32.9	414	252	12	41	436	55	460	6.52e-51	178
SMc01023	iJN1463.PP_4715	44.6	249	131	4	6	250	3	248	2.82e-60	190
SMc01023	iMM904.YDR050C	43.8	235	129	2	9	242	7	239	1.03e-59	189
SMc01023	STM_v1_0.STM4081	42.8	250	136	3	7	252	4	250	1.80e-59	188
SMc01023	iYO844.BSU33920	41.6	245	135	4	6	245	3	244	2.71e-58	185
SMc01023	iCN900.CD630_31720	41.2	243	137	3	6	245	3	242	2.27e-58	185
SMc01023	iAF987.Gmet_1948	43.3	245	133	4	7	247	4	246	4.09e-57	182
SMc01023	iML1515.b3919	41.6	250	139	3	7	252	4	250	9.19e-57	181
SMc01023	iSbBS512_1146.SbBS512_E4399	41.6	250	139	3	7	252	4	250	9.19e-57	181
SMc01023	iSDY_1059.SDY_3826	41.6	250	139	3	7	252	4	250	9.19e-57	181
SMc01023	iSF_1195.SF3997	41.6	250	139	3	7	252	4	250	9.19e-57	181
SMc01023	iSSON_1240.SSON_4088	41.6	250	139	3	7	252	4	250	9.19e-57	181
SMc01023	iYL1228.KPN_04005	41.8	244	139	2	11	252	2	244	1.74e-55	178
SMc01023	iPC815.YPO0085	41.8	249	136	4	7	250	4	248	2.33e-54	175
SMc01023	iHN637.CLJU_RS19265	40.7	246	139	4	6	247	3	245	2.69e-54	175
SMc01025	iAF987.Gmet_1276	57.9	537	214	5	3	537	4	530	4.40e-219	616
SMc01025	STM_v1_0.STM2953	57.2	540	227	4	3	540	4	541	1.13e-218	615
SMc01025	iYL1228.KPN_03124	57.0	540	228	4	3	540	4	541	6.50e-218	613
SMc01025	iPC815.YPO3377	56.6	535	228	4	3	535	4	536	3.73e-217	612
SMc01025	iJN1463.PP_1610	57.2	540	227	4	1	538	1	538	1.80e-214	605
SMc01025	iML1515.b2780	56.6	537	229	4	3	537	4	538	1.63e-213	602
SMc01025	iSbBS512_1146.SbBS512_E3093	56.6	537	229	4	3	537	4	538	1.63e-213	602
SMc01025	iSDY_1059.SDY_2997	56.6	537	229	4	3	537	4	538	1.63e-213	602
SMc01025	iSF_1195.SF2795	56.6	537	229	4	3	537	4	538	1.63e-213	602
SMc01025	iSSON_1240.SSON_2937	56.6	537	229	4	3	537	4	538	1.63e-213	602
SMc01025	iCN718.ABAYE_RS08660	54.0	541	245	4	1	538	1	540	1.76e-210	595
SMc01025	iHN637.CLJU_RS01075	54.0	537	234	5	3	536	4	530	4.55e-203	575
SMc01025	iYS854.USA300HOU_RS11480	51.9	540	248	4	1	537	1	531	1.13e-201	572
SMc01025	iSynCJ816.SGL_RS10805	52.3	541	245	4	1	538	1	531	1.12e-200	570
SMc01025	iYO844.BSU37150	51.5	540	249	4	1	537	1	530	2.70e-197	561
SMc01027	iAF987.Gmet_1277	60.0	265	106	0	15	279	8	272	1.67e-108	315
SMc01028	iHN637.CLJU_RS19255	64.2	416	148	1	4	418	7	422	1.34e-190	535
SMc01028	iAF987.Gmet_2372	64.5	423	148	2	1	421	1	423	8.00e-189	530
SMc01028	iEK1008.Rv1023	63.5	419	150	2	1	418	1	417	1.43e-184	520
SMc01028	iCN900.CD630_31700	65.1	421	144	2	1	418	1	421	1.72e-183	517
SMc01028	iJN1463.PP_1612	62.7	429	155	2	1	424	1	429	1.66e-183	517
SMc01028	iML1515.b2779	62.6	430	155	3	1	424	1	430	8.63e-182	513
SMc01028	iSbBS512_1146.SbBS512_E3094	62.6	430	155	3	1	424	1	430	8.63e-182	513
SMc01028	iSDY_1059.SDY_2996	62.6	430	155	3	1	424	1	430	8.63e-182	513
SMc01028	iSF_1195.SF2794	62.6	430	155	3	1	424	1	430	8.63e-182	513
SMc01028	iYO844.BSU33900	63.2	421	152	2	1	418	1	421	2.29e-181	511
SMc01028	STM_v1_0.STM2952	62.3	430	156	3	1	424	1	430	3.49e-181	511
SMc01028	iSSON_1240.SSON_2936	62.3	430	156	3	1	424	1	430	7.03e-181	510
SMc01028	iYL1228.KPN_03123	62.6	430	155	3	1	424	1	430	1.41e-180	509
SMc01028	iPC815.YPO3376	61.6	430	159	3	1	424	1	430	1.82e-178	504
SMc01028	iNF517.LLMG_RS03215	62.0	424	155	4	1	418	1	424	3.94e-178	503
SMc01028	iYS854.USA300HOU_RS04205	61.6	425	156	4	1	418	1	425	4.08e-178	503
SMc01028	iLJ478.TM0877	60.3	418	161	3	4	418	3	418	3.76e-172	488
SMc01030	iCHOv1.100774853	56.4	312	131	4	32	342	57	364	1.27e-116	342
SMc01030	iMM1415.18597	56.4	312	131	4	32	342	57	364	1.27e-116	342
SMc01030	iAT_PLT_636.5160	56.4	312	131	4	32	342	95	402	6.09e-116	342
SMc01030	iAT_PLT_636.5161	56.3	309	130	4	35	342	58	362	6.28e-114	335
SMc01030	iMM1415.18598	53.6	317	142	3	27	342	53	365	3.18e-112	331
SMc01031	iLB1027_lipid.PHATRDRAFT_20183	57.2	327	136	2	138	460	30	356	2.08e-129	378
SMc01031	iCHOv1.100774878	58.4	322	130	2	138	455	36	357	1.80e-128	376
SMc01031	iAT_PLT_636.5162	58.1	322	131	2	138	455	15	336	8.79e-129	376
SMc01031	iMM1415.68263	58.4	322	130	2	138	455	33	354	3.26e-128	375
SMc01031	iMM904.YBR221C	58.3	326	130	4	137	457	38	362	7.63e-126	369
SMc01031	iIS312.TCDM_03948	54.1	327	146	2	135	457	19	345	1.85e-124	365
SMc01032	iMM1415.235339	43.2	447	230	5	3	447	218	642	1.49e-96	303
SMc01032	iCHOv1.100773493	43.2	447	231	5	3	447	221	646	1.07e-93	295
SMc01032	iAT_PLT_636.1737	43.0	447	235	5	3	447	219	647	9.13e-92	290
SMc01035	iCN718.ABAYE_RS09970	52.1	478	210	5	5	480	6	466	3.73e-167	479
SMc01037	iJN1463.PP_4800	52.7	281	132	1	24	303	47	327	1.49e-98	293
SMc01037	iYS854.USA300HOU_RS04580	52.5	280	132	1	27	305	7	286	2.35e-97	289
SMc01037	iML1515.b0628	51.4	278	133	2	28	303	34	311	4.18e-94	281
SMc01037	iSbBS512_1146.SbBS512_E0542	51.4	278	133	2	28	303	34	311	4.18e-94	281
SMc01037	iSDY_1059.SDY_0550	51.4	278	133	2	28	303	34	311	4.18e-94	281
SMc01037	iSF_1195.SF0653	51.4	278	133	2	28	303	34	311	4.18e-94	281
SMc01037	iSSON_1240.SSON_0582	51.4	278	133	2	28	303	34	311	4.18e-94	281
SMc01039	iML1515.b2700	50.6	156	72	3	4	156	2	155	3.91e-35	120
SMc01040	iJN1463.PP_1618	52.9	157	74	0	267	423	1	157	2.93e-51	169
SMc01040	iCN718.ABAYE_RS08190	49.7	157	79	0	264	420	2	158	9.68e-50	166
SMc01040	iAF987.Gmet_0059	51.3	150	73	0	267	416	1	150	2.17e-46	157
SMc01040	iSynCJ816.SGL_RS06450	51.6	155	75	0	267	421	4	158	2.46e-46	157
SMc01041	iML1515.b2147	25.5	204	122	7	51	228	73	272	8.10e-07	50.1
SMc01041	iSbBS512_1146.SbBS512_E0824	25.5	204	122	7	51	228	73	272	8.10e-07	50.1
SMc01041	iSSON_1240.SSON_2203	25.5	204	122	7	51	228	75	274	8.13e-07	50.1
SMc01043	iAF987.Gmet_1919	35.7	115	74	0	5	119	4	118	2.43e-13	70.9
SMc01043	iAF987.Gmet_1914	32.5	120	79	1	6	125	4	121	5.20e-12	67.4
SMc01045	iAF987.Gmet_1919	40.5	131	76	1	1	131	1	129	2.52e-16	79.7
SMc01046	iJN1463.PP_0065	39.6	462	270	4	1	458	1	457	3.94e-110	332
SMc01046	STM_v1_0.STM3409	40.4	458	265	4	1	454	1	454	4.07e-110	332
SMc01046	iSDY_1059.SDY_3466	40.2	458	266	4	1	454	1	454	1.62e-109	331
SMc01046	iYL1228.KPN_03690	40.2	458	266	4	1	454	1	454	4.58e-109	330
SMc01046	iML1515.b3290	40.0	458	267	4	1	454	1	454	6.47e-109	329
SMc01046	iSbBS512_1146.SbBS512_E3674	40.0	458	267	4	1	454	1	454	6.47e-109	329
SMc01046	iSF_1195.SF3321	40.0	458	267	4	1	454	1	454	6.47e-109	329
SMc01046	iSSON_1240.SSON_3430	40.0	458	267	4	1	454	1	454	6.47e-109	329
SMc01046	iPC815.YPO0239	39.7	458	268	4	1	454	1	454	9.14e-109	329
SMc01047	iYS854.USA300HOU_RS09295	34.4	273	175	3	6	278	5	273	4.08e-49	164
SMc01049	iML1515.b4173	44.4	390	211	3	53	442	23	406	1.30e-89	279
SMc01049	iJN1463.PP_4893	42.5	412	228	5	48	459	22	424	2.64e-84	265
SMc01051	STM_v1_0.STM2954	50.0	274	119	4	1	270	1	260	1.47e-82	248
SMc01051	iML1515.b2781	51.9	268	111	4	7	270	4	257	1.89e-82	248
SMc01051	iSbBS512_1146.SbBS512_E3092	51.9	268	111	4	7	270	4	257	1.89e-82	248
SMc01051	iSDY_1059.SDY_2998	51.1	266	116	3	7	270	4	257	1.89e-82	248
SMc01051	iSF_1195.SF2796	51.9	268	111	4	7	270	4	257	1.89e-82	248
SMc01051	iSSON_1240.SSON_2938	51.9	268	111	4	7	270	4	257	1.89e-82	248
SMc01051	iYL1228.KPN_03125	48.9	272	125	3	7	276	4	263	1.23e-80	243
SMc01051	iJN1463.PP_1657	49.8	275	121	4	10	276	8	273	2.73e-80	243
SMc01051	iPC815.YPO3378	48.9	280	119	4	7	276	15	280	1.21e-79	241
SMc01052	iAF692.Mbar_A3057	32.9	85	51	2	19	100	13	94	1.59e-06	45.8
SMc01052	iYO844.BSU13170	31.0	100	63	3	33	130	26	121	1.43e-05	43.1
SMc01053	iJN1463.PP_3999	40.2	448	267	1	5	451	1	448	4.92e-99	305
SMc01053	iML1515.b3368	39.4	444	265	3	9	451	5	445	5.48e-93	289
SMc01053	iSbBS512_1146.SbBS512_E3744	39.2	444	266	3	9	451	5	445	1.54e-92	288
SMc01053	iSF_1195.SF3387	39.2	444	266	3	9	451	5	445	1.54e-92	288
SMc01053	iSSON_1240.SSON_3499	39.2	444	266	3	9	451	5	445	1.54e-92	288
SMc01053	STM_v1_0.STM3477	38.9	445	268	3	9	452	5	446	1.21e-91	286
SMc01053	iSDY_1059.SDY_3530	39.2	444	266	3	9	451	5	445	1.70e-91	285
SMc02124	iJN1463.PP_2371	53.3	550	252	3	1	549	1	546	3.88e-212	600
SMc02124	iCN718.ABAYE_RS03715	52.6	551	254	5	1	549	1	546	7.06e-207	586
SMc02122	iJN1463.PP_1638	55.4	251	110	2	21	269	7	257	5.93e-96	282
SMc02121	iJN1463.PP_1300	80.4	240	47	0	19	258	15	254	5.09e-147	410
SMc02120	iJN1463.PP_1299	55.6	367	150	2	18	384	11	364	1.11e-128	374
SMc02119	iJN1463.PP_1298	49.6	383	192	1	16	397	10	392	1.98e-121	357
SMc02118	iJN1463.PP_1297	56.1	342	147	2	1	341	3	342	1.67e-138	396
SMc02117	iYL1228.KPN_03428	45.8	397	194	6	9	390	2	392	1.40e-108	324
SMc02117	iML1515.b3008	45.7	394	199	6	9	390	2	392	1.80e-106	318
SMc02117	iSF_1195.SF3053	45.9	394	198	6	9	390	2	392	1.80e-106	318
SMc02117	iSSON_1240.SSON_3151	45.7	394	199	6	9	390	2	392	3.61e-106	318
SMc02117	iSDY_1059.SDY_3065	45.9	394	198	6	9	390	2	392	5.10e-106	317
SMc02117	iSbBS512_1146.SbBS512_E3435	45.4	394	200	6	9	390	2	392	5.79e-105	315
SMc02117	iMM904.YFR055W	45.4	335	176	3	12	344	11	340	7.30e-103	307
SMc02117	STM_v1_0.STM3161	43.3	390	206	5	13	390	6	392	5.97e-102	307
SMc02116	iJN1463.PP_3944	32.6	371	229	8	1	358	1	363	4.00e-46	162
SMc02114	iEK1008.Rv1938	35.3	119	63	4	25	135	24	136	9.33e-14	69.7
SMc02114	iJN1463.PP_0553	37.4	123	69	5	15	136	120	235	3.68e-12	65.1
SMc02114	iJN1463.PP_1380	26.3	251	156	7	26	255	18	260	3.65e-12	64.3
SMc02114	iAF987.Gmet_0843	40.4	114	58	5	16	129	10	113	5.40e-12	63.9
SMc02113	iML1515.b3607	51.8	257	124	0	12	268	2	258	5.68e-91	270
SMc02113	iSbBS512_1146.SbBS512_E4035	51.8	257	124	0	12	268	2	258	5.68e-91	270
SMc02113	iSF_1195.SF3646	51.8	257	124	0	12	268	2	258	5.68e-91	270
SMc02113	iSSON_1240.SSON_3798	51.8	257	124	0	12	268	2	258	5.68e-91	270
SMc02113	STM_v1_0.STM3699	52.2	255	122	0	14	268	4	258	1.62e-90	269
SMc02113	iSDY_1059.SDY_4040	51.4	257	125	0	12	268	2	258	6.53e-90	267
SMc02113	iYL1228.KPN_03951	51.4	255	124	0	14	268	4	258	1.06e-88	264
SMc02113	iPC815.YPO0070	48.2	257	133	0	12	268	2	258	5.57e-81	244
SMc02109	iCN900.CD630_20200	36.7	867	388	15	8	742	10	847	5.49e-167	506
SMc02106	iML1515.b1103	35.7	115	69	3	9	120	6	118	1.34e-15	67.8
SMc02104	iCN718.ABAYE_RS03565	27.3	216	135	7	12	214	4	210	3.19e-10	58.2
SMc02099	iAF987.Gmet_1252	55.4	233	104	0	5	237	4	236	4.20e-86	255
SMc02099	iJN1463.PP_1593	51.3	236	115	0	4	239	9	244	1.79e-84	251
SMc02099	iYL1228.KPN_00184	51.3	238	116	0	2	239	4	241	2.96e-84	250
SMc02099	STM_v1_0.STM0218	50.4	238	118	0	2	239	4	241	2.41e-83	248
SMc02099	iML1515.b0171	50.4	238	118	0	2	239	4	241	3.42e-83	248
SMc02099	iSbBS512_1146.SbBS512_E0164	50.4	238	118	0	2	239	4	241	3.42e-83	248
SMc02099	iSF_1195.SF0161	50.4	238	118	0	2	239	4	241	3.42e-83	248
SMc02099	iSSON_1240.SSON_0183	50.4	238	118	0	2	239	4	241	3.42e-83	248
SMc02099	iSDY_1059.SDY_0187	50.0	238	119	0	2	239	4	241	6.87e-83	247
SMc02099	iPC815.YPO1046	49.6	236	119	0	2	237	4	239	9.12e-81	241
SMc02099	iSynCJ816.SGL_RS12175	52.1	234	112	0	7	240	3	236	5.06e-80	239
SMc02097	iHN637.CLJU_RS06410	50.6	231	114	0	8	238	24	254	9.87e-78	234
SMc02097	iCN900.CD630_21360	48.9	231	118	0	8	238	13	243	3.21e-76	230
SMc02097	iLJ478.TM1398	51.7	230	109	1	9	238	3	230	2.25e-76	230
SMc02097	iAF987.Gmet_1254	50.0	228	114	0	9	236	9	236	1.28e-73	224
SMc02097	iJN1463.PP_1595	49.8	231	116	0	6	236	9	239	8.58e-73	222
SMc02097	STM_v1_0.STM0221	50.2	241	119	1	1	241	8	247	1.78e-72	221
SMc02097	iSbBS512_1146.SbBS512_E0167	48.5	241	123	1	1	241	8	247	1.44e-71	219
SMc02097	iML1515.b0174	48.5	241	123	1	1	241	9	248	2.10e-71	218
SMc02097	iSDY_1059.SDY_0190	48.5	241	123	1	1	241	9	248	2.10e-71	218
SMc02097	iSF_1195.SF0164	48.5	241	123	1	1	241	9	248	2.10e-71	218
SMc02097	iSSON_1240.SSON_0186	48.5	241	123	1	1	241	9	248	2.10e-71	218
SMc02097	iYL1228.KPN_00187	48.1	241	124	1	1	241	14	253	4.92e-71	218
SMc02097	iYS854.USA300HOU_RS06350	43.1	239	136	0	2	240	17	255	9.28e-71	217
SMc02097	iSynCJ816.SGL_RS16700	45.7	234	127	0	3	236	14	247	4.25e-70	215
SMc02097	iEK1008.Rv2361c	50.0	228	114	0	9	236	67	294	2.54e-69	214
SMc02097	iYO844.BSU16530	45.1	237	130	0	2	238	24	260	1.37e-68	211
SMc02096	iML1515.b0175	31.8	289	147	12	5	253	2	280	1.32e-29	112
SMc02096	iSbBS512_1146.SbBS512_E0168	31.8	289	147	12	5	253	2	280	1.32e-29	112
SMc02096	STM_v1_0.STM0222	31.5	289	148	12	5	253	2	280	9.77e-29	110
SMc02096	iJN1463.PP_1596	35.7	263	141	12	5	248	2	255	2.79e-28	108
SMc02096	iYO844.BSU16540	32.0	259	156	5	4	247	3	256	1.02e-27	107
SMc02096	iSDY_1059.SDY_0191	33.5	242	131	8	24	253	21	244	9.32e-28	107
SMc02096	iSF_1195.SF0165	33.5	242	131	8	24	253	21	244	9.32e-28	107
SMc02096	iSSON_1240.SSON_0187	33.5	242	131	8	24	253	21	244	9.32e-28	107
SMc02096	iPC815.YPO1050	29.9	291	150	12	5	253	2	280	1.84e-27	107
SMc02096	iYL1228.KPN_00188	32.2	236	142	5	24	253	32	255	1.65e-27	106
SMc02096	iCN718.ABAYE_RS08240	31.9	213	93	6	40	248	92	256	1.61e-26	104
SMc02096	iNF517.LLMG_RS12105	32.7	257	152	7	8	247	4	256	1.95e-26	103
SMc02093	STM_v1_0.STM0226	48.6	257	110	7	13	263	4	244	2.92e-32	123
SMc02093	iIT341.HP0196	42.2	244	130	1	33	276	19	251	1.84e-29	115
SMc02093	iSbBS512_1146.SbBS512_E0172	42.4	257	126	7	13	263	4	244	3.72e-28	112
SMc02093	iSF_1195.SF0169	42.4	257	126	7	13	263	4	244	3.72e-28	112
SMc02093	iSSON_1240.SSON_0191	42.4	257	126	7	13	263	4	244	3.72e-28	112
SMc02093	iML1515.b0179	42.0	257	127	7	13	263	4	244	5.13e-28	111
SMc02093	iSDY_1059.SDY_0195	42.0	257	127	7	13	263	4	244	5.13e-28	111
SMc02092	iIT341.HP1376	50.0	146	67	1	13	152	14	159	3.49e-47	150
SMc02092	iAF987.Gmet_2354	48.3	143	72	1	12	152	6	148	2.33e-43	140
SMc02091	iAF987.Gmet_2353	41.5	205	119	1	57	261	51	254	6.15e-43	146
SMc02091	STM_v1_0.STM0228	40.8	223	132	0	1	223	1	223	9.44e-40	138
SMc02091	iML1515.b0181	44.1	261	145	1	1	261	1	260	2.86e-38	134
SMc02091	iSDY_1059.SDY_0197	44.1	261	145	1	1	261	1	260	2.86e-38	134
SMc02091	iSF_1195.SF0171	44.1	261	145	1	1	261	1	260	2.86e-38	134
SMc02091	iSSON_1240.SSON_0193	44.1	261	145	1	1	261	1	260	2.86e-38	134
SMc02091	iSynCJ816.SGL_RS14465	40.0	170	101	1	57	226	84	252	8.87e-38	134
SMc02091	iSbBS512_1146.SbBS512_E0174	43.5	223	126	0	1	223	1	223	5.65e-38	134
SMc02089	iJN1463.PP_1604	34.1	381	237	7	8	387	6	373	1.20e-48	168
SMc02089	iAF987.Gmet_2350	32.1	383	247	8	7	386	8	380	3.37e-44	157
SMc02089	iYL1228.KPN_00195	33.1	390	235	10	4	383	5	378	3.40e-43	154
SMc02087	iYL1228.KPN_00727	70.2	430	124	4	1	429	1	427	1.52e-220	611
SMc02087	iJN1463.PP_4194	68.6	427	132	2	3	429	4	428	4.21e-216	600
SMc02087	STM_v1_0.STM0730	68.8	430	130	4	1	429	1	427	2.26e-215	598
SMc02087	iML1515.b0720	68.4	430	132	4	1	429	1	427	1.06e-213	593
SMc02087	iSbBS512_1146.SbBS512_E0638	68.4	430	132	4	1	429	1	427	1.06e-213	593
SMc02087	iSSON_1240.SSON_0671	68.4	430	132	4	1	429	1	427	1.06e-213	593
SMc02087	iSF_1195.SF0577	67.9	430	134	4	1	429	1	427	5.00e-212	589
SMc02087	iSDY_1059.SDY_0658	68.6	424	129	4	1	423	1	421	1.01e-211	588
SMc02087	iPC815.YPO1108	66.7	429	140	3	1	429	1	426	2.64e-209	582
SMc02087	iCN718.ABAYE_RS04410	65.7	420	138	5	4	422	7	421	3.25e-200	559
SMc02085	iJN1463.PP_5306	57.4	230	95	1	82	311	88	314	2.23e-70	221
SMc02084	iJN1463.PP_5307	59.0	139	56	1	1	138	1	139	5.96e-46	145
SMc02084	iPC815.YPO0683	56.2	137	60	0	1	137	1	137	6.15e-46	145
SMc02084	STM_v1_0.STM3158	55.3	141	63	0	1	141	1	141	8.20e-46	145
SMc02084	iML1515.b3005	53.9	141	65	0	1	141	1	141	5.45e-44	140
SMc02084	iSbBS512_1146.SbBS512_E3433	53.9	141	65	0	1	141	1	141	5.45e-44	140
SMc02084	iSDY_1059.SDY_3068	53.9	141	65	0	1	141	1	141	5.45e-44	140
SMc02084	iSF_1195.SF3050	53.9	141	65	0	1	141	1	141	5.45e-44	140
SMc02084	iSSON_1240.SSON_3148	53.9	141	65	0	1	141	1	141	5.45e-44	140
SMc02084	iYL1228.KPN_03425	51.8	141	68	0	1	141	1	141	1.80e-42	137
SMc02083	iAM_Pv461.PVX_085660	31.2	141	84	3	63	190	89	229	3.36e-07	49.7
SMc02082	iSDY_1059.SDY_3205	25.8	419	277	8	27	422	24	431	1.31e-16	81.6
SMc02082	iML1515.b3035	25.5	419	278	8	27	422	22	429	2.31e-16	80.9
SMc02082	iSSON_1240.SSON_3173	25.5	419	278	8	27	422	24	431	2.32e-16	80.9
SMc02082	iSF_1195.SF3075	25.3	419	279	8	27	422	22	429	9.68e-16	79.0
SMc02082	iSbBS512_1146.SbBS512_E3468	25.1	419	280	8	27	422	24	431	1.30e-15	78.6
SMc02080	iAF987.Gmet_0956	50.7	953	384	13	2	943	6	883	2.62e-313	885
SMc02080	iYL1228.KPN_04663	47.9	975	414	13	2	926	1	931	7.69e-311	882
SMc02080	iSF_1195.SF4231	48.0	975	413	13	2	926	1	931	1.54e-310	881
SMc02080	iSSON_1240.SSON_4443	48.0	975	413	13	2	926	1	931	2.18e-310	880
SMc02080	iSbBS512_1146.SbBS512_E4823	48.0	975	413	13	2	926	1	931	3.09e-310	880
SMc02080	iPC815.YPO3443	47.7	968	426	9	2	926	15	945	7.05e-310	880
SMc02080	iSDY_1059.SDY_4282	47.9	975	414	13	2	926	1	931	5.00e-309	877
SMc02080	iJN1463.PP_0977	47.9	973	418	14	2	928	1	930	5.42e-305	867
SMc02080	STM_v1_0.STM4475	47.1	975	422	13	2	926	1	931	6.85e-304	864
SMc02080	iCN718.ABAYE_RS04250	46.6	993	429	16	5	944	13	957	1.52e-299	853
SMc02080	iLJ478.TM1817	47.6	929	398	14	2	926	4	847	4.29e-280	800
SMc02079	iPC815.YPO2744	24.7	154	104	4	198	351	202	343	1.27e-06	50.1
SMc02076	iAF987.Gmet_0065	39.2	487	267	8	16	487	5	477	1.03e-92	289
SMc02075	iYS854.USA300HOU_RS04660	42.9	105	59	1	4	107	3	107	1.49e-23	87.0
SMc02075	iJN1463.PP_0844	39.0	105	64	0	5	109	3	107	1.23e-22	84.3
SMc02075	iSbBS512_1146.SbBS512_E2903	36.7	109	69	0	1	109	1	109	2.62e-22	83.6
SMc02075	iML1515.b2528	36.8	106	67	0	4	109	2	107	3.51e-22	83.2
SMc02075	iSDY_1059.SDY_2724	36.8	106	67	0	4	109	2	107	3.51e-22	83.2
SMc02075	iSF_1195.SF2575	36.8	106	67	0	4	109	2	107	3.51e-22	83.2
SMc02075	iSSON_1240.SSON_2610	36.8	106	67	0	4	109	2	107	3.51e-22	83.2
SMc02075	iSF_1195.SF1714	38.1	105	65	0	5	109	18	122	3.39e-20	78.6
SMc02074	iAF987.Gmet_1762	41.9	391	194	5	16	399	16	380	3.54e-98	297
SMc02073	iAF987.Gmet_1434	39.9	572	285	14	33	584	37	569	2.47e-122	372
SMc02073	iYS854.USA300HOU_RS03230	38.3	553	310	7	33	584	31	553	5.93e-119	363
SMc02073	iCN718.ABAYE_RS18530	38.5	595	293	11	34	584	31	596	1.80e-116	358
SMc02071	iJN1463.PP_2145	35.5	276	165	8	19	291	15	280	2.97e-43	152
SMc02071	iCN718.ABAYE_RS16285	34.6	283	176	6	12	291	4	280	9.64e-41	145
SMc02071	iYL1228.KPN_01104	32.8	299	179	9	18	306	5	291	1.32e-39	142
SMc02071	STM_v1_0.STM1209	32.5	308	188	10	14	314	8	302	5.79e-38	138
SMc02071	iPC815.YPO1615	32.1	302	183	9	22	313	13	302	8.42e-38	137
SMc02068	iPC815.YPO1332	41.3	293	156	4	20	300	16	304	1.28e-67	217
SMc02068	iJN1463.PP_1722	40.7	337	176	7	24	355	4	321	1.31e-67	216
SMc02068	STM_v1_0.STM0878	40.8	292	157	4	24	303	20	307	5.03e-67	216
SMc02068	iSbBS512_1146.SbBS512_E2476	39.9	291	159	3	24	302	20	306	7.09e-67	215
SMc02068	iYL1228.KPN_00886	40.5	289	156	4	24	300	36	320	2.16e-66	214
SMc02068	iML1515.b0855	40.9	291	156	4	24	302	20	306	1.98e-66	214
SMc02068	iSDY_1059.SDY_0740	40.5	291	157	4	24	302	20	306	2.79e-66	214
SMc02068	iSF_1195.SF0809	40.9	291	156	4	24	302	47	333	5.73e-66	214
SMc02068	iSSON_1240.SSON_0840	40.9	291	156	4	24	302	47	333	8.07e-66	213
SMc02068	iSynCJ816.SGL_RS10355	47.5	240	122	2	30	265	27	266	4.34e-66	213
SMc02068	iSDY_1059.SDY_2026	42.0	281	148	3	33	302	27	303	7.51e-63	205
SMc02068	iML1515.b1126	42.0	281	148	3	33	302	27	303	1.06e-62	204
SMc02068	iSF_1195.SF1128	42.0	281	148	3	33	302	27	303	1.06e-62	204
SMc02068	STM_v1_0.STM1226	40.7	295	160	3	19	302	13	303	1.49e-62	204
SMc02068	iPC815.YPO3012	43.8	251	131	3	23	267	2	248	9.97e-63	204
SMc02068	iYL1228.KPN_01132	41.8	285	151	3	29	302	23	303	4.14e-62	203
SMc02068	iJN1463.PP_1078	39.0	310	180	5	24	328	7	312	3.27e-62	203
SMc02068	iSbBS512_1146.SbBS512_E1304	41.6	281	149	3	33	302	27	303	4.14e-62	203
SMc02068	iSSON_1240.SSON_1144	41.6	281	149	3	33	302	27	303	4.14e-62	203
SMc02068	STM_v1_0.STM0428	41.8	256	141	4	22	274	17	267	6.47e-62	202
SMc02068	iSynCJ816.SGL_RS17160	42.3	241	133	2	23	261	2	238	6.85e-61	199
SMc02068	iSSON_1240.SSON_1696	37.1	350	190	8	26	369	7	332	5.91e-61	199
SMc02068	iML1515.b1441	37.1	350	190	8	26	369	7	332	8.33e-61	198
SMc02068	iAF987.Gmet_1903	37.4	337	185	6	28	356	7	325	1.38e-60	198
SMc02068	iJN1463.PP_5137	43.5	239	131	1	22	260	8	242	3.49e-60	197
SMc02068	iJN1463.PP_5179	41.0	244	138	2	27	268	26	265	7.30e-60	197
SMc02068	iCN900.CD630_35300	41.7	242	135	2	24	263	4	241	3.91e-60	196
SMc02064	iJN1463.PP_4000	54.3	427	189	4	1	423	1	425	5.55e-145	419
SMc02064	iAF987.Gmet_3528	52.0	425	198	3	1	423	1	421	9.36e-143	413
SMc02064	iPC815.YPO1379	52.8	432	192	4	1	423	1	429	4.77e-142	412
SMc02064	iYL1228.KPN_00925	52.9	431	193	2	1	423	1	429	5.47e-141	409
SMc02064	STM_v1_0.STM0963	52.7	431	194	2	1	423	1	429	1.10e-140	408
SMc02064	iSDY_1059.SDY_2368	52.4	431	195	2	1	423	1	429	2.52e-139	405
SMc02064	iSbBS512_1146.SbBS512_E2435	52.4	431	195	2	1	423	1	429	3.58e-139	404
SMc02064	iSF_1195.SF0852	52.4	431	195	2	1	423	1	429	5.07e-139	404
SMc02064	iSSON_1240.SSON_0894	52.4	431	195	2	1	423	1	429	5.07e-139	404
SMc02064	iCN718.ABAYE_RS04335	49.8	426	209	3	1	424	1	423	1.06e-136	398
SMc02064	iNF517.LLMG_RS03735	50.8	427	203	5	1	424	1	423	1.71e-135	395
SMc02064	iAF692.Mbar_A0541	48.1	424	212	6	1	423	28	444	4.60e-129	379
SMc02063	iAF987.Gmet_1419	40.1	242	141	2	1	242	1	238	1.51e-54	176
SMc02060	iAF987.Gmet_3012	44.3	88	48	1	413	500	50	136	1.19e-16	78.2
SMc02053	iSynCJ816.SGL_RS13580	46.6	468	211	8	10	467	6	444	2.41e-126	374
SMc02049	iJN1463.PP_0988	61.0	942	353	3	21	952	14	951	0.0	1151
SMc02049	iJN1463.PP_5192	60.1	941	362	5	20	949	18	956	0.0	1121
SMc02049	STM_v1_0.STM3053	60.4	943	356	7	21	949	17	956	0.0	1100
SMc02049	iML1515.b2903	59.8	943	362	7	21	949	17	956	0.0	1095
SMc02049	iYL1228.KPN_03339	60.6	943	355	7	21	949	17	956	0.0	1095
SMc02049	iSDY_1059.SDY_3178	59.8	943	362	7	21	949	17	956	0.0	1094
SMc02049	iSF_1195.SF2889	59.8	943	362	7	21	949	17	956	0.0	1094
SMc02049	iSynCJ816.SGL_RS11955	58.2	954	383	5	14	951	29	982	0.0	1093
SMc02049	iSSON_1240.SSON_3056	59.7	943	363	7	21	949	17	956	0.0	1093
SMc02049	iSbBS512_1146.SbBS512_E3324	59.5	943	365	7	21	949	17	956	0.0	1090
SMc02049	iPC815.YPO0905	58.7	944	375	6	20	949	16	958	0.0	1077
SMc02049	iMM1415.104174	57.1	951	390	8	15	949	65	1013	0.0	1050
SMc02048	iML1515.b2904	56.0	116	50	1	2	116	8	123	3.75e-41	132
SMc02048	iSbBS512_1146.SbBS512_E3325	56.0	116	50	1	2	116	8	123	3.75e-41	132
SMc02048	iSF_1195.SF2890	56.0	116	50	1	2	116	8	123	3.75e-41	132
SMc02048	iSSON_1240.SSON_3057	56.0	116	50	1	2	116	8	123	3.75e-41	132
SMc02048	STM_v1_0.STM3054	56.0	116	50	1	2	116	8	123	7.55e-41	131
SMc02048	iSDY_1059.SDY_3177	55.2	116	51	1	2	116	8	123	1.52e-40	130
SMc02048	iLB1027_lipid.PHATRDRAFT_32847	53.5	114	53	0	4	117	37	150	4.96e-40	130
SMc02048	iJN1463.PP_0989	57.4	115	47	2	2	115	4	117	5.80e-40	129
SMc02048	iYL1228.KPN_03340	55.2	116	51	1	2	116	8	123	7.13e-39	126
SMc02048	iYS854.USA300HOU_RS04375	45.8	118	64	0	2	119	7	124	2.16e-37	122
SMc02048	iJN1463.PP_5193	49.6	119	58	2	2	119	8	125	6.34e-37	121
SMc02047	iJN1463.PP_0986	60.6	376	139	4	6	379	4	372	1.78e-150	429
SMc01238	iCHOv1.100764455	32.3	96	63	1	1	94	49	144	1.14e-10	59.7
SMc01238	iAT_PLT_636.2954	33.0	94	61	1	3	94	4	97	4.66e-11	59.7
SMc01238	iMM1415.14874	33.0	94	61	1	3	94	4	97	1.21e-10	58.5
SMc01238	iJN1463.PP_4619	27.6	156	106	3	19	172	15	165	3.67e-09	54.3
SMc01237	iHN637.CLJU_RS03365	34.8	1147	522	17	3	1111	8	966	4.26e-204	620
SMc01235	iCN900.CD630_31950	32.9	977	462	15	4	957	1	806	3.29e-167	509
SMc01230	iAF987.Gmet_3262	32.5	157	94	4	49	198	101	252	6.16e-15	73.2
SMc01229	iJN1463.PP_4846	59.0	166	67	1	2	167	4	168	1.33e-65	197
SMc01229	iML1515.b1448	60.1	163	64	1	1	163	1	162	4.53e-64	194
SMc01227	iJN1463.PP_0920	48.1	370	170	6	1	369	1	349	1.92e-107	318
SMc01227	iJN1463.PP_2486	43.7	380	195	4	2	371	4	374	1.12e-104	312
SMc01227	iJN1463.PP_3173	46.0	376	183	6	4	372	3	365	1.14e-99	299
SMc01224	iCN718.ABAYE_RS14635	55.9	320	126	5	1	313	1	312	6.61e-120	347
SMc01224	iCN718.ABAYE_RS18170	56.9	320	123	5	1	313	1	312	4.06e-119	345
SMc01224	iAF987.Gmet_3070	54.4	320	130	6	1	313	1	311	8.57e-111	324
SMc01224	iYL1228.KPN_00920	54.7	322	130	6	2	315	12	325	2.84e-110	323
SMc01224	iPC815.YPO1374	54.5	321	131	5	2	315	3	315	1.97e-110	323
SMc01224	STM_v1_0.STM0958	54.9	324	126	7	2	315	3	316	5.58e-108	317
SMc01224	iML1515.b0888	53.7	322	133	6	2	315	3	316	7.65e-108	317
SMc01224	iSDY_1059.SDY_2373	53.7	322	133	6	2	315	3	316	7.65e-108	317
SMc01224	iSSON_1240.SSON_0889	53.7	322	133	6	2	315	3	316	7.65e-108	317
SMc01224	iSbBS512_1146.SbBS512_E2441	53.7	322	133	6	2	315	3	316	1.08e-107	316
SMc01224	iSF_1195.SF0847	53.4	322	134	6	2	315	3	316	6.20e-107	314
SMc01224	iJN1463.PP_0786	53.9	319	131	6	4	315	5	314	8.50e-107	314
SMc01222	iAF987.Gmet_2344	34.5	252	143	9	7	251	3	239	2.43e-36	129
SMc01221	iYS854.USA300HOU_RS07460	27.8	216	148	3	125	332	148	363	9.06e-14	71.2
SMc01221	iEK1008.Rv3032	26.8	224	153	4	121	336	170	390	5.98e-13	68.9
SMc01220	iJN1463.PP_4943	34.4	183	112	4	159	335	186	366	9.26e-21	91.7
SMc01219	iEK1008.Rv3032	26.9	301	184	9	72	351	110	395	1.11e-13	71.2
SMc01219	iEK1008.Rv2188c	32.0	194	114	8	142	325	172	357	5.82e-13	68.9
SMc01219	iJN1463.PP_4943	34.3	134	84	2	154	287	182	311	1.01e-12	68.2
SMc01217	iYO844.BSU03070	22.8	404	299	7	41	436	18	416	9.35e-22	97.8
SMc01215	iCN718.ABAYE_RS04530	59.8	1147	360	13	1	1139	1	1054	0.0	1269
SMc01215	iAF987.Gmet_1774	58.1	1173	384	11	1	1160	1	1079	0.0	1263
SMc01215	iJN1463.PP_4723	59.3	1149	369	9	1	1145	4	1057	0.0	1257
SMc01215	STM_v1_0.STM0067	59.6	1149	368	11	1	1146	1	1056	0.0	1253
SMc01215	iML1515.b0033	59.6	1149	368	12	1	1146	1	1056	0.0	1253
SMc01215	iSbBS512_1146.SbBS512_E0037	59.6	1149	368	12	1	1146	1	1056	0.0	1253
SMc01215	iSSON_1240.SSON_0038	59.6	1149	368	12	1	1146	1	1056	0.0	1253
SMc01215	iYL1228.KPN_00041	59.8	1148	367	12	1	1146	1	1056	0.0	1252
SMc01215	iSF_1195.SF0030	59.6	1149	368	12	1	1146	1	1056	0.0	1252
SMc01215	iSDY_1059.SDY_0055	59.4	1149	371	12	1	1146	1	1056	0.0	1244
SMc01215	iPC815.YPO0482	58.8	1154	370	12	1	1146	1	1056	0.0	1224
SMc01215	iSynCJ816.SGL_RS14530	56.0	1176	404	16	1	1160	1	1079	0.0	1202
SMc01214	iHN637.CLJU_RS11425	34.3	359	209	6	1	339	1	352	4.96e-54	181
SMc01214	iLJ478.TM0298	32.6	331	193	8	1	326	1	306	1.89e-49	167
SMc01214	iCN900.CD630_23230	34.6	347	211	9	1	337	1	341	5.11e-49	167
SMc01212	iYO844.BSU26590	28.1	352	234	8	18	361	19	359	2.88e-34	131
SMc01211	iML1515.b1985	25.2	436	305	9	27	452	45	469	3.34e-17	83.6
SMc01209	iYL1228.KPN_03974	43.2	162	87	1	2	163	3	159	1.12e-40	134
SMc01209	STM_v1_0.STM3725	42.5	160	87	1	4	163	5	159	1.28e-39	131
SMc01209	iJN1463.PP_5123	42.9	163	88	2	1	163	1	158	1.92e-39	130
SMc01209	iML1515.b3634	41.8	158	87	1	4	161	5	157	1.03e-38	129
SMc01209	iSbBS512_1146.SbBS512_E4059	41.8	158	87	1	4	161	5	157	1.03e-38	129
SMc01209	iSF_1195.SF3673	41.8	158	87	1	4	161	5	157	1.03e-38	129
SMc01209	iSSON_1240.SSON_3773	41.8	158	87	1	4	161	5	157	2.07e-38	128
SMc01209	iPC815.YPO0053	41.6	161	89	2	1	161	2	157	1.67e-37	125
SMc01209	iCN900.CD630_25580	41.1	158	88	1	4	161	8	160	3.98e-37	125
SMc01209	iCN718.ABAYE_RS14785	40.7	162	91	1	2	163	4	160	5.32e-37	124
SMc01209	iSDY_1059.SDY_4064	40.5	158	89	1	4	161	5	157	6.72e-37	124
SMc01207	iJN1463.PP_0832	47.8	360	164	8	1	358	1	338	2.21e-89	272
SMc01207	iYS854.USA300HOU_RS08725	42.3	357	188	6	1	356	1	340	3.13e-87	266
SMc01206	iJN1463.PP_0833	53.2	355	165	1	7	361	3	356	3.85e-131	380
SMc01206	iYS854.USA300HOU_RS08720	50.1	363	181	0	4	366	5	367	1.24e-126	369
SMc01205	iML1515.b1920	26.8	190	120	3	25	212	34	206	5.20e-17	77.8
SMc01205	STM_v1_0.STM1954	27.4	190	119	4	25	212	34	206	7.17e-17	77.4
SMc01205	iJN1463.PP_0227	28.0	189	115	4	17	201	23	194	2.36e-15	73.2
SMc01205	iYO844.BSU23980	27.2	136	94	2	16	151	20	150	3.98e-15	72.4
SMc01205	iPC815.YPO2512	29.8	171	101	5	32	201	25	177	9.35e-15	71.2
SMc01204	iCHOv1.100751291	33.8	195	122	4	4	193	46	238	1.03e-20	89.7
SMc01204	iLB1027_lipid.PHATRDRAFT_25360	34.0	200	125	3	1	193	45	244	2.15e-19	86.3
SMc01204	iAF987.Gmet_1694	33.2	187	123	2	11	196	8	193	6.37e-19	83.6
SMc01204	iMM1415.15487	34.2	184	116	3	12	192	48	229	2.87e-18	82.8
SMc01204	STM_v1_0.STM1511	36.6	186	113	3	11	194	3	185	3.35e-18	81.6
SMc01200	STM_v1_0.STM0837	37.3	142	71	4	57	190	100	231	6.68e-20	84.7
SMc01200	iML1515.b1990	40.1	142	70	5	59	193	98	231	1.86e-19	83.6
SMc01200	iML1515.b0819	35.9	142	73	4	57	190	100	231	1.78e-19	83.6
SMc01200	iML1515.b1113	42.1	140	74	5	59	193	104	241	2.76e-18	80.5
SMc01200	iML1515.b1678	38.4	138	80	4	59	193	98	233	2.14e-17	78.2
SMc01698	iLJ478.TM1724	39.7	247	137	3	5	246	3	242	2.43e-47	157
SMc01698	iAF987.Gmet_1601	41.5	246	138	3	3	246	1	242	1.36e-46	155
SMc01698	iCN718.ABAYE_RS09790	35.8	257	153	3	5	250	5	260	2.90e-46	154
SMc01192	iYO844.BSU00380	47.1	527	264	8	2	515	3	527	1.79e-165	483
SMc01192	iAF987.Gmet_2321	48.7	507	249	7	7	510	5	503	3.16e-157	457
SMc01192	iYS854.USA300HOU_RS02505	44.0	516	277	6	7	510	6	521	2.33e-147	437
SMc01189	iAF987.Gmet_2318	45.2	210	112	1	14	220	2	211	1.23e-47	156
SMc01188	iJN1463.PP_4803	35.4	353	221	2	31	383	37	382	3.36e-64	209
SMc01179	iML1515.b1600	47.7	111	58	0	1	111	1	111	2.66e-23	86.7
SMc01179	iSbBS512_1146.SbBS512_E1786	47.7	111	58	0	1	111	1	111	2.66e-23	86.7
SMc01179	iSDY_1059.SDY_1553	47.7	111	58	0	1	111	1	111	2.66e-23	86.7
SMc01179	iSF_1195.SF1621	47.7	111	58	0	1	111	1	111	2.66e-23	86.7
SMc01179	iSSON_1240.SSON_1560	47.7	111	58	0	1	111	1	111	2.66e-23	86.7
SMc01178	iML1515.b1599	45.2	93	51	0	16	108	17	109	4.10e-21	80.5
SMc01178	iSbBS512_1146.SbBS512_E1785	45.2	93	51	0	16	108	17	109	4.10e-21	80.5
SMc01178	iSSON_1240.SSON_1561	45.2	93	51	0	16	108	17	109	4.10e-21	80.5
SMc01178	iSF_1195.SF1620	44.1	93	52	0	16	108	17	109	1.65e-20	79.0
SMc01178	iSDY_1059.SDY_1554	46.1	89	48	0	16	104	17	105	6.64e-20	77.4
SMc01175	iLJ478.TM1724	35.7	196	119	3	8	199	2	194	7.65e-25	99.4
SMc01175	iML1515.b1093	33.2	208	137	1	10	217	4	209	7.46e-24	96.7
SMc01175	iSbBS512_1146.SbBS512_E2231	33.2	208	137	1	10	217	4	209	7.46e-24	96.7
SMc01175	iSF_1195.SF1097	33.2	208	137	1	10	217	4	209	7.46e-24	96.7
SMc01175	iSSON_1240.SSON_1113	33.2	208	137	1	10	217	4	209	7.46e-24	96.7
SMc01175	iHN637.CLJU_RS20765	32.8	183	117	2	16	194	11	191	8.13e-23	94.0
SMc01175	iSDY_1059.SDY_2057	32.7	208	138	1	10	217	4	209	2.02e-22	92.8
SMc01175	iYL1228.KPN_01091	33.0	185	122	1	10	194	4	186	5.41e-22	91.7
SMc01175	iYS854.USA300HOU_RS06185	33.1	181	119	2	14	192	5	185	1.04e-21	90.9
SMc01175	iYO844.BSU15910	31.7	186	125	2	16	199	9	194	1.50e-21	90.5
SMc01175	iAF987.Gmet_1601	34.9	186	120	1	10	194	4	189	2.09e-21	90.1
SMc01174	iSynCJ816.SGL_RS02310	60.6	330	125	1	16	345	1	325	1.19e-139	399
SMc01173	iAF692.Mbar_A2092	35.1	245	133	9	7	236	4	237	1.73e-31	115
SMc01172	iPC815.YPO1194	44.9	276	150	1	9	282	3	278	5.38e-87	261
SMc01172	STM_v1_0.STM2533	44.6	276	146	3	11	282	5	277	1.51e-80	244
SMc01172	iYL1228.KPN_02851	44.4	277	146	4	11	282	5	278	5.01e-80	243
SMc01172	iML1515.b2521	44.0	273	152	1	11	282	5	277	1.25e-79	242
SMc01172	iSSON_1240.SSON_2603	44.0	273	152	1	11	282	58	330	6.45e-79	242
SMc01172	iSDY_1059.SDY_2717	43.6	273	153	1	11	282	58	330	1.03e-77	239
SMc01172	iSbBS512_1146.SbBS512_E2896	43.6	273	153	1	11	282	5	277	2.87e-78	238
SMc01169	iYO844.BSU31930	58.1	363	148	4	1	361	1	361	1.04e-131	381
SMc01169	iEK1008.Rv2780	53.2	370	172	1	1	369	1	370	7.66e-125	363
SMc01169	iYS854.USA300HOU_RS09065	55.2	373	164	3	1	371	1	372	7.92e-125	363
SMc01169	iSynCJ816.SGL_RS02960	53.4	354	164	1	1	354	1	353	9.80e-118	345
SMc04449	iYO844.BSU07840	49.0	635	296	10	32	657	38	653	7.45e-198	596
SMc04449	iYL1228.KPN_04607	47.3	632	310	12	39	657	24	645	2.18e-195	565
SMc04449	iPC815.YPO3530	46.2	643	321	12	29	657	22	653	3.94e-190	551
SMc04449	STM_v1_0.STM4403	46.7	632	314	13	39	657	24	645	2.36e-189	549
SMc04449	iSF_1195.SF4273	46.0	632	318	11	39	657	24	645	3.33e-189	549
SMc04449	iML1515.b4213	46.2	632	317	11	39	657	24	645	4.72e-189	548
SMc04449	iSSON_1240.SSON_4398	46.0	632	318	11	39	657	24	645	1.89e-188	547
SMc04449	iSDY_1059.SDY_4383	45.7	632	320	11	39	657	26	647	1.19e-184	537
SMc00936	iYO844.BSU21770	44.0	414	226	5	3	415	14	422	2.29e-108	325
SMc00936	iEK1008.Rv1559	45.8	402	209	6	4	402	21	416	2.62e-103	312
SMc00936	iYS854.USA300HOU_RS11100	41.5	419	233	8	3	415	10	422	1.07e-100	305
SMc00936	iNF517.LLMG_RS06470	39.0	415	248	5	3	415	5	416	3.61e-97	296
SMc00937	iJN1463.PP_3953	39.3	478	281	5	12	483	9	483	1.31e-107	328
SMc00937	iJN1463.PP_4507	39.3	412	249	1	73	484	74	484	7.28e-104	318
SMc00943	iAF987.Gmet_0771	59.5	200	76	2	3	197	2	201	5.96e-72	216
SMc00943	iML1515.b1004	60.6	198	75	3	1	197	1	196	4.12e-71	214
SMc00944	iMM1415.319945	30.7	228	143	6	7	226	16	236	1.37e-26	107
SMc00944	iCHOv1.100774575	29.8	228	145	6	7	226	14	234	4.77e-26	105
SMc00945	iML1515.b0238	49.0	151	70	3	10	160	7	150	9.66e-51	159
SMc00945	iYL1228.KPN_00250	49.0	153	71	3	8	160	5	150	9.66e-51	159
SMc00945	iSbBS512_1146.SbBS512_E0235	49.0	151	70	3	10	160	7	150	9.66e-51	159
SMc00945	iSDY_1059.SDY_0479	49.0	151	70	3	10	160	7	150	9.66e-51	159
SMc00945	iSF_1195.SF0286	49.0	151	70	3	10	160	7	150	9.66e-51	159
SMc00945	iSSON_1240.SSON_0280	49.0	151	70	3	10	160	7	150	9.66e-51	159
SMc00945	STM_v1_0.STM0317	47.7	153	73	3	8	160	5	150	5.54e-50	157
SMc00945	iPC815.YPO3225	47.7	153	73	3	8	160	5	150	1.11e-49	156
SMc00946	iML1515.b4167	32.0	465	288	10	26	479	35	482	1.97e-45	166
SMc00948	STM_v1_0.STM4007	65.4	468	161	1	3	469	2	469	2.84e-227	631
SMc00948	iML1515.b3870	65.2	468	162	1	3	469	2	469	5.72e-227	630
SMc00948	iSbBS512_1146.SbBS512_E4346	65.2	468	162	1	3	469	2	469	5.72e-227	630
SMc00948	iSDY_1059.SDY_3873	65.2	468	162	1	3	469	2	469	5.72e-227	630
SMc00948	iSF_1195.SF3940	65.2	468	162	1	3	469	2	469	5.72e-227	630
SMc00948	iSSON_1240.SSON_4042	65.2	468	162	1	3	469	2	469	5.72e-227	630
SMc00948	iYL1228.KPN_04178	65.7	460	157	1	11	469	2	461	4.96e-226	628
SMc00948	iPC815.YPO0024	64.5	468	165	1	3	469	2	469	1.09e-224	625
SMc00948	iJN1463.PP_5046	65.9	460	155	2	11	468	8	467	1.41e-222	619
SMc00948	iCN718.ABAYE_RS06065	64.1	468	166	2	4	469	2	469	1.31e-218	609
SMc00951	iJN1463.PP_4147	42.9	580	321	3	21	599	23	593	6.43e-163	478
SMc00954	iCHOv1.100753973	23.3	446	217	18	12	441	31	367	2.22e-15	79.3
SMc00954	iMM1415.50917	30.4	263	152	14	12	254	28	279	3.72e-15	78.2
SMc00954	iMM1415.11881	25.9	259	158	7	2	247	36	273	2.64e-13	72.8
SMc00954	iAT_PLT_636.412	36.4	143	82	6	9	147	31	168	5.14e-13	72.0
SMc00228	iYS854.USA300HOU_RS07595	27.1	118	81	3	485	598	213	329	9.42e-04	42.0
SMc00231	iCN718.ABAYE_RS00990	49.7	616	298	6	1	608	1	612	9.85e-196	562
SMc00231	iJN1463.PP_5409	49.7	614	300	7	1	608	1	611	8.09e-192	552
SMc00231	iAF987.Gmet_1487	49.3	613	302	5	1	608	1	609	1.40e-189	546
SMc00231	iSF_1195.SF3809	49.1	613	303	7	1	608	1	609	6.40e-188	542
SMc00231	iSSON_1240.SSON_3890	49.1	613	303	7	1	608	1	609	6.40e-188	542
SMc00231	iSbBS512_1146.SbBS512_E4192	49.1	613	303	7	1	608	1	609	9.07e-188	542
SMc00231	iML1515.b3729	49.1	613	303	7	1	608	1	609	1.28e-187	541
SMc00231	iSDY_1059.SDY_4019	49.1	613	303	7	1	608	1	609	1.82e-187	541
SMc00231	iPC815.YPO4118	48.9	613	304	8	1	608	1	609	1.46e-186	539
SMc00231	STM_v1_0.STM3861	48.9	613	304	7	1	608	1	609	2.07e-186	538
SMc00231	iAF987.Gmet_0104	47.1	613	315	6	1	608	1	609	3.07e-183	530
SMc00231	iYL1228.KPN_04134	47.8	613	311	7	1	608	1	609	5.87e-178	517
SMc00232	iJN1463.PP_5411	40.1	441	238	8	8	428	6	440	5.77e-90	280
SMc00232	iCN718.ABAYE_RS00995	39.0	441	243	8	8	428	6	440	3.31e-85	268
SMc00232	iPC815.YPO4119	37.3	440	252	7	8	428	9	443	9.78e-85	267
SMc00232	iML1515.b3730	37.6	450	256	8	8	437	9	453	1.08e-83	264
SMc00232	iSbBS512_1146.SbBS512_E4191	37.3	450	257	8	8	437	9	453	1.08e-83	264
SMc00232	iSDY_1059.SDY_4018	37.6	450	256	8	8	437	9	453	1.08e-83	264
SMc00232	iSF_1195.SF3810	37.6	450	256	8	8	437	9	453	1.08e-83	264
SMc00232	iSSON_1240.SSON_3889	37.6	450	256	8	8	437	9	453	1.08e-83	264
SMc00232	STM_v1_0.STM3862	36.6	445	258	7	8	433	9	448	8.40e-83	262
SMc00232	iLJ478.TM1629	39.7	443	242	9	7	433	3	436	3.43e-82	260
SMc00232	iYS854.USA300HOU_RS02555	37.4	447	256	7	7	433	5	447	2.39e-80	255
SMc00233	iML1515.b4020	35.2	532	340	4	7	535	4	533	2.44e-88	282
SMc00233	iJN1463.PP_0145	33.4	548	346	6	7	542	4	544	2.93e-84	271
SMc00235	iAF987.Gmet_2495	45.7	348	173	2	4	335	2	349	6.10e-86	262
SMc00235	iHN637.CLJU_RS07885	45.4	335	179	3	4	335	2	335	4.29e-80	247
SMc00235	iJN1463.PP_0421	45.0	338	173	5	3	330	2	336	8.71e-80	246
SMc00235	iAF692.Mbar_A3624	44.6	307	167	2	17	321	14	319	2.04e-76	238
SMc00236	iAF987.Gmet_2494	56.5	260	112	1	3	261	6	265	2.07e-83	250
SMc00237	iML1515.b0783	63.8	152	55	0	6	157	4	155	1.35e-59	182
SMc00237	iSbBS512_1146.SbBS512_E2569	63.8	152	55	0	6	157	4	155	1.35e-59	182
SMc00237	iSDY_1059.SDY_0823	63.8	152	55	0	6	157	4	155	1.35e-59	182
SMc00237	iSF_1195.SF0733	63.8	152	55	0	6	157	4	155	1.35e-59	182
SMc00237	iSSON_1240.SSON_0762	63.2	152	56	0	6	157	4	155	5.48e-59	180
SMc00237	iEK1008.Rv3111	62.2	156	58	1	5	160	7	161	5.27e-54	168
SMc00237	iJN1463.PP_1292	60.5	152	59	1	6	157	2	152	5.57e-53	165
SMc00238	iML1515.b0827	39.4	386	222	6	3	383	7	385	1.41e-73	235
SMc00238	iSbBS512_1146.SbBS512_E2521	39.4	386	222	6	3	383	7	385	3.94e-73	234
SMc00238	iSSON_1240.SSON_0809	39.4	386	222	6	3	383	7	385	3.94e-73	234
SMc00238	iSF_1195.SF0777	39.4	386	222	6	3	383	7	385	7.81e-73	233
SMc00238	iSDY_1059.SDY_0760	38.6	386	225	6	3	383	7	385	4.74e-71	228
SMc00238	iJN1463.PP_2123	39.9	388	219	8	3	387	13	389	3.43e-66	216
SMc00244	iYL1228.KPN_04624	27.1	192	131	2	11	202	59	241	4.15e-06	47.4
SMc00243	iPC815.YPO3906	21.9	215	145	5	59	268	56	252	7.50e-05	43.9
SMc00245	iPC815.YPO3964	34.0	506	315	6	11	511	5	496	1.74e-86	275
SMc00245	iNF517.LLMG_RS04060	33.1	508	310	6	13	510	3	490	5.35e-84	268
SMc00245	iPC815.YPO0958	33.1	496	315	4	13	504	6	488	3.53e-83	266
SMc00245	STM_v1_0.STM2189	32.2	516	330	7	5	512	2	505	5.98e-83	266
SMc00245	iLJ478.TM0115	35.4	523	297	11	12	514	14	515	1.21e-82	266
SMc00245	iPC815.YPO1508	33.2	515	308	10	12	512	13	505	2.33e-82	265
SMc00245	iML1515.b2149	33.1	508	318	9	12	512	13	505	1.79e-81	262
SMc00245	iSF_1195.SF2234	33.1	508	318	9	12	512	13	505	1.79e-81	262
SMc00245	iSSON_1240.SSON_2205	33.1	508	318	9	12	512	13	505	1.79e-81	262
SMc00245	iLJ478.TM0956	33.6	500	319	4	12	504	12	505	2.97e-80	259
SMc00245	iYO844.BSU35940	31.8	507	319	7	13	510	3	491	3.79e-80	258
SMc00245	iHN637.CLJU_RS00620	31.9	505	319	6	9	504	2	490	6.22e-80	258
SMc00245	iJN1463.PP_2455	34.6	506	305	9	8	504	12	500	2.33e-79	257
SMc00245	iYL1228.KPN_02587	31.0	500	329	6	17	512	3	490	1.40e-79	257
SMc00245	iML1515.b3567	33.4	506	312	7	12	504	4	497	1.34e-78	255
SMc00245	iSbBS512_1146.SbBS512_E3955	33.2	506	313	7	12	504	4	497	1.89e-78	254
SMc00245	iSF_1195.SF3611	33.2	506	313	7	12	504	4	497	3.71e-78	254
SMc00245	iML1515.b3749	31.1	498	324	5	12	504	4	487	5.38e-78	253
SMc00245	iYL1228.KPN_03931	32.1	502	324	5	12	504	4	497	7.80e-77	250
SMc00245	STM_v1_0.STM3882	31.1	498	324	5	12	504	4	487	1.59e-76	249
SMc00246	iJN1463.PP_0072	52.5	326	153	2	1	325	1	325	3.90e-104	307
SMc00247	iIT341.HP1071	26.4	129	79	4	20	140	11	131	1.99e-07	50.1
SMc00247	iCN718.ABAYE_RS02880	23.3	120	83	2	20	134	47	162	2.67e-06	47.0
SMc00247	iAF692.Mbar_A0874	25.7	183	108	7	37	202	41	212	8.25e-06	45.4
SMc00316	iYL1228.KPN_00687	30.0	390	247	10	22	395	2	381	1.20e-36	137
SMc00316	iJN1463.PP_5199	30.6	402	251	8	23	407	1	391	1.91e-36	137
SMc00316	STM_v1_0.STM0671	30.1	392	244	11	22	395	2	381	8.41e-36	135
SMc00316	iSbBS512_1146.SbBS512_E0585	29.5	386	254	8	22	395	2	381	2.22e-35	134
SMc00316	iSF_1195.SF0620	30.4	388	248	10	22	395	2	381	2.22e-35	134
SMc00316	iML1515.b0662	30.1	389	248	10	22	395	2	381	4.25e-35	133
SMc00316	iSSON_1240.SSON_0616	29.3	386	255	8	22	395	2	381	8.12e-35	132
SMc00316	iJN1463.PP_5197	28.5	397	257	11	27	403	6	395	1.47e-34	132
SMc00316	iPC815.YPO2621	27.2	394	269	7	22	403	4	391	8.05e-34	130
SMc00316	iSDY_1059.SDY_0598	29.8	389	249	10	22	395	2	381	1.07e-33	129
SMc00316	iSynCJ816.SGL_RS03280	27.4	391	266	6	22	400	9	393	5.24e-32	125
SMc00316	iML1515.b2907	26.5	400	255	7	28	403	3	387	7.09e-32	124
SMc00316	iSbBS512_1146.SbBS512_E3328	26.5	400	255	7	28	403	3	387	9.76e-32	124
SMc00317	iCN900.CD630_31690	21.0	310	237	4	6	314	9	311	3.02e-08	53.9
SMc00260	iIT341.HP0561	35.7	241	150	3	6	243	6	244	2.85e-40	139
SMc00260	iYS854.USA300HOU_RS06185	37.2	242	145	4	6	243	3	241	9.71e-37	129
SMc00260	iLJ478.TM1724	35.5	245	148	5	6	245	6	245	1.44e-36	129
SMc00260	iPC815.YPO1599	36.6	238	148	3	6	243	6	240	1.37e-36	129
SMc00260	iEK1008.Rv1714	33.5	245	157	2	6	244	23	267	2.79e-35	126
SMc00260	iCN900.CD630_11820	34.6	240	152	4	9	245	10	247	6.58e-35	125
SMc00260	iML1515.b4266	32.7	245	161	3	6	247	10	253	7.43e-35	125
SMc00261	iAF987.Gmet_2246	30.7	518	346	8	18	529	1	511	1.26e-73	243
SMc00261	iEK1008.Rv3089	33.3	516	315	12	19	527	3	496	1.39e-71	237
SMc00261	iEK1008.Rv0166	32.7	550	333	14	12	545	20	548	6.96e-69	231
SMc00262	iAF692.Mbar_A0550	38.4	396	227	7	1	387	1	388	3.62e-66	214
SMc00264	iAF987.Gmet_1531	34.0	256	155	4	5	260	4	245	1.16e-31	117
SMc00264	iLJ478.TM1724	34.8	256	152	5	4	258	2	243	2.39e-29	110
SMc00264	iAF987.Gmet_1601	35.3	255	152	3	5	259	3	244	1.28e-28	108
SMc00265	iML1515.b3579	31.6	307	204	3	1	306	1	302	9.58e-45	155
SMc00265	STM_v1_0.STM3673	31.5	295	194	3	18	308	14	304	5.19e-44	153
SMc00266	iJN1463.PP_1167	30.4	418	282	5	207	619	6	419	4.11e-45	165
SMc00266	STM_v1_0.STM3672	27.4	409	293	1	207	615	10	414	6.65e-43	159
SMc00266	iML1515.b3578	27.4	402	285	2	203	601	3	400	2.18e-41	155
SMc00268	iLJ478.TM1724	45.5	253	122	6	6	251	3	246	1.36e-58	186
SMc00268	iCN900.CD630_11820	40.8	250	139	4	6	251	4	248	3.43e-54	174
SMc00268	iCN900.CD630_25770	38.5	247	137	6	12	251	7	245	1.37e-52	170
SMc00268	iSDY_1059.SDY_2057	40.1	242	140	3	7	248	4	240	1.50e-51	167
SMc00269	iCN718.ABAYE_RS14080	67.4	322	103	1	27	348	14	333	4.30e-153	433
SMc00270	iCN718.ABAYE_RS14085	69.3	264	81	0	15	278	15	278	5.03e-128	365
SMc00271	STM_v1_0.STM3673	33.8	314	206	2	4	315	8	321	1.44e-56	186
SMc00271	iML1515.b3579	35.3	278	179	1	20	296	24	301	2.03e-56	185
SMc00273	iJN1463.PP_1167	35.7	423	258	6	4	419	5	420	3.12e-73	235
SMc00273	iML1515.b3578	34.7	406	264	1	13	418	14	418	1.01e-70	228
SMc00273	STM_v1_0.STM3672	34.0	406	267	1	13	418	14	418	4.67e-68	221
SMc00274	iJN1463.PP_4666	36.2	293	178	4	6	290	2	293	2.38e-50	167
SMc00274	iCN718.ABAYE_RS18705	34.5	290	181	4	7	288	3	291	4.99e-46	156
SMc00276	iCN718.ABAYE_RS09945	30.7	261	141	9	9	267	6	228	2.15e-29	111
SMc00276	iSynCJ816.SGL_RS08475	28.1	260	135	9	10	261	7	222	2.39e-27	105
SMc00277	iCN900.CD630_30320	29.9	318	205	9	108	422	83	385	2.65e-24	104
SMc00287	iCHOv1.100773999	43.5	92	51	1	4	95	79	169	3.11e-17	72.0
SMc00287	iMM1415.17993	43.5	92	51	1	4	95	78	168	4.29e-17	71.6
SMc00287	iAT_PLT_636.4724	40.2	92	54	1	4	95	78	168	3.34e-16	69.3
SMc00290	iSynCJ816.SGL_RS12955	40.6	128	65	3	4	126	4	125	8.48e-30	104
SMc00290	iCN718.ABAYE_RS05715	39.4	132	69	3	1	127	1	126	2.05e-28	101
SMc00290	iPC815.YPO2381	39.7	131	68	4	1	126	1	125	2.46e-27	98.6
SMc00290	iML1515.b1651	35.6	132	74	3	1	127	1	126	7.92e-26	94.7
SMc00290	iSDY_1059.SDY_1877	35.6	132	74	3	1	127	1	126	7.92e-26	94.7
SMc00290	iSF_1195.SF1678	35.6	132	74	3	1	127	1	126	7.92e-26	94.7
SMc00290	iSSON_1240.SSON_1505	35.6	132	74	3	1	127	1	126	7.92e-26	94.7
SMc00293	iJN1463.PP_1470	44.2	434	235	4	5	436	4	432	1.88e-111	334
SMc00293	iAF987.Gmet_1629	43.4	440	229	5	5	435	4	432	6.40e-110	330
SMc00293	iCN718.ABAYE_RS17565	43.3	436	232	6	5	435	4	429	1.68e-106	322
SMc00294	iML1515.b2379	52.9	382	180	0	4	385	10	391	2.06e-143	414
SMc00294	iSSON_1240.SSON_2470	52.9	382	180	0	4	385	10	391	2.06e-143	414
SMc00294	iSF_1195.SF2445	52.9	382	180	0	4	385	10	391	1.18e-142	412
SMc00294	iSbBS512_1146.SbBS512_E2748	52.6	382	181	0	4	385	10	391	2.36e-142	411
SMc00294	iSDY_1059.SDY_2577	52.6	382	181	0	4	385	10	391	4.75e-142	410
SMc00294	iJN1463.PP_0817	51.8	382	184	0	4	385	10	391	1.94e-141	408
SMc00296	iJN1463.PP_5003	35.3	493	306	10	123	610	75	559	5.90e-100	315
SMc00296	iJN1463.PP_5005	34.1	546	342	10	68	610	30	560	5.49e-97	307
SMc00298	iSynCJ816.SGL_RS14865	53.8	247	113	1	18	263	5	251	5.17e-88	262
SMc00298	iSynCJ816.SGL_RS16015	49.6	260	124	4	11	264	16	274	9.38e-81	244
SMc00300	iEK1008.Rv2713	49.1	462	232	3	1	461	1	460	5.48e-148	430
SMc00301	iJN1463.PP_0844	39.6	106	63	1	6	111	3	107	4.89e-25	91.3
SMc00301	iML1515.b2528	40.6	106	62	1	6	111	3	107	3.95e-24	89.0
SMc00301	iSbBS512_1146.SbBS512_E2903	42.2	109	60	2	5	111	2	109	4.17e-24	89.0
SMc00301	iSDY_1059.SDY_2724	40.6	106	62	1	6	111	3	107	3.95e-24	89.0
SMc00301	iSF_1195.SF2575	40.6	106	62	1	6	111	3	107	3.95e-24	89.0
SMc00301	iSSON_1240.SSON_2610	40.6	106	62	1	6	111	3	107	3.95e-24	89.0
SMc00301	iML1515.b1684	42.7	103	58	1	6	108	18	119	3.83e-22	84.3
SMc00301	iSSON_1240.SSON_1472	42.7	103	58	1	6	108	18	119	3.83e-22	84.3
SMc00301	iSF_1195.SF1714	40.6	106	62	1	6	111	18	122	7.66e-22	83.6
SMc00302	iYS854.USA300HOU_RS04825	40.6	96	57	0	29	124	5	100	7.44e-25	90.5
SMc00533	iSynCJ816.SGL_RS15265	48.6	401	203	1	16	413	13	413	4.24e-137	398
SMc00533	iCN718.ABAYE_RS11400	49.4	395	200	0	12	406	249	643	1.21e-133	397
SMc00533	iYS854.USA300HOU_RS04525	44.9	405	222	1	10	413	8	412	2.03e-126	371
SMc00533	iSSON_1240.SSON_1476	47.5	402	209	2	11	411	3	403	1.35e-124	366
SMc00533	iML1515.b1680	47.3	402	210	2	11	411	3	403	3.82e-124	365
SMc00533	iSbBS512_1146.SbBS512_E1881	47.0	402	211	2	11	411	3	403	6.19e-123	362
SMc00532	iML1515.b1681	29.8	383	241	4	41	406	33	404	3.21e-40	148
SMc00532	iSSON_1240.SSON_1475	29.5	383	242	4	41	406	33	404	8.39e-39	144
SMc00532	iSF_1195.SF1711	29.5	383	242	4	41	406	33	404	1.61e-38	143
SMc00532	iSDY_1059.SDY_1912	29.2	384	244	5	41	407	33	405	2.08e-36	137
SMc00531	iSSON_1240.SSON_1474	58.5	248	101	1	1	248	1	246	3.52e-97	284
SMc00531	iML1515.b1682	58.5	248	101	1	1	248	1	246	1.00e-96	283
SMc00531	iSF_1195.SF1712	58.1	248	102	1	1	248	1	246	1.00e-96	283
SMc00531	iSDY_1059.SDY_1913	58.1	248	102	1	1	248	1	246	2.87e-96	281
SMc00530	iML1515.b1683	62.0	484	162	4	19	489	21	495	3.05e-219	613
SMc00530	iSSON_1240.SSON_1473	62.0	484	162	4	19	489	34	508	4.85e-219	613
SMc00530	iSF_1195.SF1713	61.8	484	163	4	19	489	21	495	5.01e-218	610
SMc00529	iAF987.Gmet_0872	40.2	386	211	8	6	382	3	377	4.66e-71	227
SMc00527	iYL1228.KPN_01978	36.5	373	198	9	8	364	7	356	2.19e-52	178
SMc00527	STM_v1_0.STM1446	35.2	369	208	9	8	364	7	356	2.27e-51	175
SMc00527	iML1515.b1640	34.1	372	208	9	8	364	7	356	8.94e-49	168
SMc00527	iSbBS512_1146.SbBS512_E1832	34.1	372	208	9	8	364	7	356	8.94e-49	168
SMc00527	iSDY_1059.SDY_1863	34.1	372	208	9	8	364	7	356	8.94e-49	168
SMc00527	iSSON_1240.SSON_1516	34.1	372	208	9	8	364	7	356	8.94e-49	168
SMc00527	iPC815.YPO2372	32.5	366	222	7	8	364	7	356	4.92e-48	166
SMc00527	iSF_1195.SF1667	33.9	372	209	9	8	364	7	356	1.32e-47	165
SMc00527	iJN1463.PP_0434	34.9	350	197	9	8	346	5	334	6.16e-47	163
SMc00526	iYL1228.KPN_01975	41.8	419	233	4	6	414	8	425	2.17e-102	310
SMc00526	STM_v1_0.STM1449	41.3	419	235	4	6	414	4	421	7.66e-102	308
SMc00526	iSDY_1059.SDY_1860	41.1	419	236	4	6	414	4	421	1.08e-101	308
SMc00526	iSbBS512_1146.SbBS512_E1829	41.1	419	236	4	6	414	4	421	3.06e-101	307
SMc00526	iSSON_1240.SSON_1519	41.1	419	236	4	6	414	4	421	3.06e-101	307
SMc00526	iPC815.YPO2369	41.8	419	233	4	6	414	4	421	2.44e-100	305
SMc00526	iNF517.LLMG_RS02055	39.0	413	240	4	12	414	7	417	1.50e-97	297
SMc00526	iYS854.USA300HOU_RS09175	41.7	415	230	7	9	414	6	417	4.89e-96	293
SMc00524	iJN1463.PP_1235	43.8	144	81	0	12	155	11	154	6.40e-40	131
SMc00539	iAF987.Gmet_3012	55.9	111	48	1	309	418	25	135	3.64e-30	115
SMc00522	iYS854.USA300HOU_RS07595	22.7	322	225	9	21	336	11	314	2.27e-11	65.5
SMc00521	iAF987.Gmet_0988	36.9	103	60	3	21	123	33	130	2.49e-09	52.0
SMc00519	iAF987.Gmet_0103	30.1	123	85	1	339	461	2	123	8.57e-07	51.2
SMc00519	iYO844.BSU32500	28.8	205	107	8	344	527	9	195	6.21e-06	47.0
SMc00519	iSynCJ816.SGL_RS16850	28.9	128	90	1	341	468	2	128	2.36e-05	46.6
SMc00518	iYO844.BSU32510	35.9	153	90	3	73	224	181	326	1.36e-13	68.6
SMc00517	iYO844.BSU32510	30.9	110	68	2	1	108	1	104	6.97e-08	48.5
SMc00514	iYL1228.KPN_04779	35.5	155	100	0	21	175	8	162	1.79e-34	119
SMc00514	iCN718.ABAYE_RS15340	37.9	153	93	1	23	175	7	157	1.66e-33	116
SMc00514	iML1515.b1007	39.2	158	94	1	18	175	4	159	4.35e-31	110
SMc00513	iYL1228.KPN_03820	25.5	365	245	9	11	356	12	368	4.42e-17	81.3
SMc00513	iJN1463.PP_4867	24.6	342	238	7	23	347	27	365	2.84e-16	79.0
SMc00513	STM_v1_0.STM3567	24.1	357	253	7	13	355	12	364	2.61e-16	79.0
SMc00511	iAF987.Gmet_0067	59.4	219	84	3	7	223	3	218	2.44e-82	244
SMc00511	iYO844.BSU15790	56.5	200	84	1	6	202	2	201	1.09e-77	232
SMc00511	iCN900.CD630_25750	56.6	205	86	2	6	207	2	206	1.07e-76	230
SMc00511	iSynCJ816.SGL_RS09950	53.4	221	96	3	2	218	1	218	3.84e-76	229
SMc00508	iAF987.Gmet_1943	66.6	434	142	1	1	434	1	431	2.51e-205	573
SMc00503	iJN1463.PP_2515	64.2	240	81	2	3	238	19	257	7.57e-109	313
SMc00502	iJN1463.PP_2514	60.8	222	87	0	3	224	10	231	7.60e-92	269
SMc00500	STM_v1_0.STM2788	37.5	488	301	3	6	490	9	495	2.02e-95	298
SMc00500	iJN1463.PP_1416	36.3	491	307	3	6	491	9	498	4.55e-90	284
SMc00499	iJN1463.PP_1418	29.1	285	184	8	8	279	8	287	9.22e-25	101
SMc00497	iJN1463.PP_2513	61.4	345	132	1	6	350	6	349	3.15e-141	404
SMc00495	iYO844.BSU06450	53.0	234	107	1	7	240	9	239	5.71e-83	248
SMc00495	iHN637.CLJU_RS04210	53.0	236	107	1	1	236	1	232	1.34e-82	246
SMc00495	iCN900.CD630_02190	50.0	230	112	1	7	236	3	229	5.26e-79	237
SMc00495	iCN718.ABAYE_RS00840	49.6	232	113	1	7	238	7	234	8.72e-77	232
SMc00495	iJN1463.PP_1240	46.6	238	123	2	1	238	1	234	2.25e-76	231
SMc00494	iSynCJ816.SGL_RS15525	54.9	71	32	0	5	75	8	78	7.26e-21	78.2
SMc00493	iYO844.BSU06470	56.0	216	93	1	1	216	1	214	1.09e-76	230
SMc00493	iNF517.LLMG_RS04960	54.1	218	99	1	1	218	1	217	8.61e-76	228
SMc00493	iSynCJ816.SGL_RS15530	49.3	219	104	2	5	216	6	224	1.15e-70	214
SMc00490	iCHOv1.100771752	28.0	189	121	4	175	349	114	301	1.68e-12	68.2
SMc00488	iYO844.BSU06480	50.8	669	314	6	18	680	22	681	4.24e-221	637
SMc00488	iSynCJ816.SGL_RS02220	49.0	706	328	9	6	681	2	705	2.14e-214	621
SMc00488	iNF517.LLMG_RS04965	45.6	732	371	9	18	735	20	738	2.58e-205	597
SMc00488	iYS854.USA300HOU_RS05325	46.4	673	337	6	18	683	22	677	6.13e-201	585
SMc00538	iMM904.YPL059W	52.5	101	45	1	4	101	34	134	9.48e-34	114
SMc00538	iPC815.YPO2383	49.0	96	49	0	6	101	5	100	3.36e-32	108
SMc00538	iYL1228.KPN_01992	47.5	101	53	0	1	101	1	101	4.63e-32	108
SMc00538	STM_v1_0.STM1433	47.5	101	53	0	1	101	1	101	9.31e-32	107
SMc00538	iML1515.b1654	47.5	101	53	0	1	101	1	101	1.87e-31	107
SMc00538	iSbBS512_1146.SbBS512_E1850	47.5	101	53	0	1	101	1	101	1.87e-31	107
SMc00538	iSDY_1059.SDY_1880	47.5	101	53	0	1	101	1	101	1.87e-31	107
SMc00538	iSF_1195.SF1682	47.5	101	53	0	1	101	1	101	1.87e-31	107
SMc00538	iSSON_1240.SSON_1502	46.5	101	54	0	1	101	1	101	7.59e-31	105
SMc00537	iML1515.b4337	29.2	195	136	2	32	226	27	219	5.02e-17	82.0
SMc00537	iJN1463.PP_3588	27.0	382	253	12	22	395	16	379	2.69e-16	79.7
SMc00536	iML1515.b4337	29.5	173	121	1	38	210	45	216	2.21e-15	77.0
SMc00536	iPC815.YPO4048	30.3	188	121	3	24	209	40	219	4.04e-14	73.2
SMc00535	iLJ478.TM1415	31.3	211	129	5	33	243	3	197	1.86e-23	95.1
SMc00486	iML1515.b1524	50.7	304	145	3	12	313	8	308	1.74e-93	279
SMc00486	iSbBS512_1146.SbBS512_E1682	50.7	304	145	3	12	313	8	308	1.74e-93	279
SMc00486	iSSON_1240.SSON_1604	50.7	304	145	3	12	313	8	308	1.74e-93	279
SMc00486	iSDY_1059.SDY_1631	50.7	304	145	3	12	313	8	308	2.46e-93	279
SMc00486	iSF_1195.SF1569	50.3	304	146	3	12	313	8	308	6.98e-93	278
SMc00486	iYL1228.KPN_01636	50.0	304	147	3	12	313	15	315	1.62e-90	272
SMc00486	STM_v1_0.STM1525	50.3	304	146	3	12	313	8	308	1.83e-90	271
SMc00483	iML1515.b3967	40.1	227	132	3	2	227	16	239	3.60e-48	161
SMc00483	iSDY_1059.SDY_3761	40.1	227	132	3	2	227	20	243	4.00e-48	161
SMc00483	iSSON_1240.SSON_4140	40.1	227	132	3	2	227	20	243	4.00e-48	161
SMc00483	iYL1228.KPN_04256	41.6	219	125	2	9	227	1	216	2.58e-48	160
SMc00483	iSF_1195.SF4049	40.2	219	128	2	9	227	1	216	1.52e-47	159
SMc00483	STM_v1_0.STM4131	40.5	227	131	3	2	227	16	239	7.47e-47	157
SMc00483	iSbBS512_1146.SbBS512_E4453	39.7	219	129	2	9	227	1	216	1.19e-46	156
SMc00483	iPC815.YPO3909	39.0	218	130	2	10	227	29	243	1.19e-42	147
SMc00480	iEK1008.Rv3339c	73.4	403	105	2	3	403	6	408	6.64e-218	602
SMc00480	iAT_PLT_636.3418	69.0	407	119	2	3	402	43	449	6.30e-210	584
SMc00480	iCHOv1.103158535	69.3	407	118	2	3	402	43	449	1.27e-209	583
SMc00480	iMM1415.269951	69.0	407	119	2	3	402	43	449	2.56e-209	582
SMc00480	iAT_PLT_636.3417	68.0	410	124	4	1	403	1	410	1.68e-205	571
SMc00480	iCHOv1.100758958	67.6	410	126	4	1	403	1	410	4.79e-205	570
SMc00480	iMM1415.15926	68.6	401	119	4	10	403	10	410	1.12e-203	566
SMc00476	iYO844.BSU34660	41.4	515	284	6	15	524	8	509	9.95e-114	347
SMc00475	STM_v1_0.STM2827	53.7	887	378	12	6	883	7	869	9.47e-303	856
SMc00475	iYL1228.KPN_03029	53.6	887	379	11	6	883	7	869	1.30e-302	855
SMc00475	iSDY_1059.SDY_2893	53.3	887	381	12	6	883	7	869	2.18e-301	852
SMc00475	iSbBS512_1146.SbBS512_E3180	53.2	887	382	12	6	883	7	869	3.08e-301	852
SMc00475	iSF_1195.SF2720	53.1	887	383	12	6	883	7	869	1.24e-300	850
SMc00475	iSSON_1240.SSON_2841	53.2	887	382	12	6	883	7	869	1.24e-300	850
SMc00475	iPC815.YPO3305	52.6	874	381	11	6	870	7	856	9.47e-295	835
SMc00475	iJN1463.PP_4474	51.5	875	390	11	6	870	5	855	9.86e-284	807
SMc00475	iCN718.ABAYE_RS13005	51.5	875	393	12	6	869	5	859	5.44e-279	795
SMc00475	iAF987.Gmet_0201	49.6	887	422	9	5	883	4	873	2.04e-278	794
SMc00473	iML1515.b2166	27.4	314	217	6	10	319	7	313	3.48e-22	94.4
SMc00472	iML1515.b2165	51.2	299	144	2	6	303	7	304	3.22e-88	266
SMc00471	iAF987.Gmet_0043	27.9	290	152	9	587	867	154	395	6.49e-13	72.0
SMc00465	iHN637.CLJU_RS03130	44.4	135	75	0	4	138	116	250	9.21e-37	127
SMc00465	iCN900.CD630_14520	43.4	143	81	0	10	152	4	146	6.34e-37	125
SMc00465	iYS854.USA300HOU_RS02645	40.1	162	90	1	10	171	4	158	2.70e-36	123
SMc00465	iYL1228.KPN_00142	46.3	149	75	2	12	155	6	154	2.87e-33	115
SMc00463	iCN900.CD630_14510	40.2	117	70	0	7	123	4	120	7.32e-23	85.9
SMc00462	iAF987.Gmet_1889	49.1	277	134	3	8	278	10	285	1.11e-73	227
SMc00192	iMM904.YPL252C	43.6	101	56	1	3	103	62	161	3.61e-23	87.4
SMc00189	iAT_PLT_636.1537	41.1	282	136	4	2	283	57	308	7.68e-68	213
SMc00189	iMM1415.66445	41.5	282	135	4	2	283	57	308	2.17e-67	212
SMc00189	iCHOv1.100766032	40.4	282	138	4	2	283	57	308	6.86e-66	208
SMc00189	iAM_Pc455.PCYB_125240	42.1	259	112	6	39	290	158	385	6.12e-62	200
SMc00189	iAM_Pv461.PVX_117325	43.1	255	108	6	39	283	158	385	1.21e-61	199
SMc00189	iAM_Pb448.PBANKA_132630	41.7	259	113	6	39	290	158	385	1.34e-60	197
SMc00189	iAM_Pf480.PF3D7_1462700	43.1	255	108	6	39	283	158	385	1.88e-60	196
SMc00188	iMM1415.17711	49.7	376	178	3	23	398	9	373	1.15e-135	394
SMc00188	iMM904.Q0105	51.1	372	173	2	27	398	12	374	8.61e-134	389
SMc00188	iCHOv1.3979182	49.7	376	178	3	23	398	9	373	1.03e-133	389
SMc00188	iAT_PLT_636.4519	47.9	376	185	3	23	398	9	373	5.35e-126	369
SMc00187	iAT_PLT_636.7386	47.4	190	82	3	6	192	100	274	3.43e-57	181
SMc00187	iMM1415.66694	45.3	190	86	3	6	192	100	274	6.24e-55	175
SMc00187	iCHOv1.100759002	44.7	190	87	3	6	192	62	236	8.35e-55	173
SMc00187	iMM904.YEL024W	47.2	176	75	3	17	189	53	213	6.31e-55	173
SMc00187	iLB1027_lipid.PHATRDRAFT_12233	46.0	187	83	3	9	192	8	179	9.68e-54	169
SMc00186	iAF987.Gmet_2349	34.2	424	267	5	208	628	155	569	5.46e-70	237
SMc00186	iPC815.YPO1395	47.7	256	127	3	377	630	331	581	2.64e-66	227
SMc00186	iYL1228.KPN_00941	47.7	256	127	3	377	630	331	581	9.83e-66	226
SMc00186	STM_v1_0.STM0984	49.6	246	117	3	387	630	341	581	2.62e-64	222
SMc00186	iML1515.b0914	47.3	256	128	3	377	630	331	581	2.59e-63	219
SMc00186	iSbBS512_1146.SbBS512_E2410	47.3	256	128	3	377	630	331	581	2.59e-63	219
SMc00186	iSDY_1059.SDY_2344	47.3	256	128	3	377	630	331	581	2.59e-63	219
SMc00186	iSF_1195.SF0910	47.3	256	128	3	377	630	331	581	2.59e-63	219
SMc00186	iSSON_1240.SSON_0916	47.3	256	128	3	377	630	331	581	2.59e-63	219
SMc00186	iEK1008.Rv1348	44.9	265	140	2	370	634	592	850	3.06e-61	218
SMc00186	iPC815.YPO1914	31.7	436	281	6	207	637	166	589	1.84e-61	214
SMc00185	iAF987.Gmet_2349	41.5	287	155	3	322	601	289	569	3.52e-64	221
SMc00185	iML1515.b0914	30.6	601	363	14	25	603	13	581	4.38e-63	218
SMc00185	STM_v1_0.STM0984	30.8	601	362	14	25	603	13	581	4.38e-63	218
SMc00185	iSbBS512_1146.SbBS512_E2410	30.6	601	363	14	25	603	13	581	4.38e-63	218
SMc00185	iSDY_1059.SDY_2344	30.6	601	363	14	25	603	13	581	4.38e-63	218
SMc00185	iSF_1195.SF0910	30.6	601	363	14	25	603	13	581	4.38e-63	218
SMc00185	iSSON_1240.SSON_0916	30.6	601	363	14	25	603	13	581	8.44e-63	217
SMc00185	iYL1228.KPN_00941	45.9	259	132	4	347	603	329	581	1.17e-62	217
SMc00185	iPC815.YPO1395	30.6	592	375	13	25	603	13	581	4.34e-62	215
SMc00185	iPC815.YPO1913	41.3	286	150	4	341	613	318	598	1.06e-57	204
SMc00185	iMM1415.18670	44.6	260	135	3	358	613	388	642	1.60e-54	200
SMc00185	iJN1463.PP_4935	46.5	245	118	4	358	597	352	588	3.83e-56	199
SMc00185	iCHOv1.100682535	44.2	260	136	3	358	613	391	645	5.29e-54	199
SMc00183	iMM904.YLR011W	33.3	141	71	4	5	124	1	139	1.40e-18	79.0
SMc00180	iJN1463.PP_0073	44.0	302	129	9	14	302	1	275	6.54e-73	226
SMc00180	iSynCJ816.SGL_RS03345	40.9	325	147	9	3	302	8	312	7.01e-70	219
SMc00180	iML1515.b2436	43.2	292	129	8	22	302	9	274	1.89e-68	214
SMc00180	iYL1228.KPN_02779	41.5	294	137	7	19	302	6	274	2.67e-68	214
SMc00180	iSDY_1059.SDY_2634	42.3	291	133	7	22	302	9	274	2.67e-68	214
SMc00180	iSF_1195.SF2489	42.8	292	130	8	22	302	9	274	2.67e-68	214
SMc00180	iSSON_1240.SSON_2525	42.8	292	130	8	22	302	9	274	7.54e-68	213
SMc00180	iSbBS512_1146.SbBS512_E2808	42.3	291	133	7	22	302	9	274	1.51e-67	212
SMc00180	STM_v1_0.STM2451	43.0	277	128	9	39	302	15	274	1.70e-66	209
SMc00180	iPC815.YPO3032	40.5	294	141	7	19	302	7	276	2.27e-66	209
SMc00175	iJN1463.PP_0958	35.6	239	153	1	20	258	9	246	1.65e-49	164
SMc00174	iJN1463.PP_0959	33.3	207	137	1	162	367	49	255	3.49e-26	105
SMc00459	iYL1228.KPN_01308	44.7	311	170	1	10	318	9	319	1.29e-83	255
SMc00459	iML1515.b1325	44.1	306	169	1	10	313	9	314	4.27e-79	243
SMc00459	iSDY_1059.SDY_1403	43.8	306	170	1	10	313	23	328	9.23e-79	243
SMc00459	iSF_1195.SF1331	43.8	306	170	1	10	313	9	314	1.21e-78	242
SMc00459	iSbBS512_1146.SbBS512_E1559	43.5	306	171	1	10	313	9	314	1.93e-77	239
SMc00459	STM_v1_0.STM1681	43.5	306	171	1	10	313	9	314	3.86e-77	238
SMc00459	iSSON_1240.SSON_1813	43.7	293	163	1	10	300	9	301	4.41e-74	230
SMc00172	STM_v1_0.STM2554	29.2	380	236	9	17	380	4	366	3.07e-32	125
SMc00172	iSbBS512_1146.SbBS512_E2910	28.1	366	248	6	22	380	9	366	1.87e-29	117
SMc00172	iML1515.b2536	27.9	369	245	7	22	380	9	366	4.87e-29	116
SMc00172	iYL1228.KPN_02870	27.5	331	217	5	17	336	4	322	6.60e-29	115
SMc00172	iSSON_1240.SSON_2618	27.9	369	245	7	22	380	9	366	6.70e-29	115
SMc00172	iSF_1195.SF2583	27.9	369	245	7	22	380	9	366	1.26e-28	115
SMc00172	iSDY_1059.SDY_2732	27.6	369	246	7	22	380	9	366	2.39e-28	114
SMc00171	iAF987.Gmet_2776	23.9	251	157	10	15	249	1	233	1.19e-10	60.1
SMc00169	iML1515.b2463	59.8	751	299	3	18	766	5	754	1.70e-313	874
SMc00169	iSbBS512_1146.SbBS512_E2829	59.7	751	300	3	18	766	5	754	1.70e-313	874
SMc00169	iSDY_1059.SDY_2645	59.8	751	299	3	18	766	5	754	3.41e-313	873
SMc00169	iSSON_1240.SSON_2543	59.8	751	299	3	18	766	5	754	3.41e-313	873
SMc00169	iSF_1195.SF2505	59.8	751	299	3	18	766	5	754	4.84e-313	873
SMc00169	iYL1228.KPN_02797	59.7	751	300	3	18	766	5	754	1.59e-311	869
SMc00169	iPC815.YPO3034	59.2	753	302	4	18	766	5	756	4.87e-311	868
SMc00169	STM_v1_0.STM2472	58.7	751	307	3	18	766	5	754	9.84e-308	859
SMc00169	iCN718.ABAYE_RS06135	57.2	750	314	5	18	765	6	750	1.81e-292	820
SMc00166	iJN1463.PP_1674	44.2	215	115	4	14	227	5	215	3.15e-54	172
SMc00165	iNF517.LLMG_RS08950	34.9	249	149	6	11	259	6	241	2.18e-25	100
SMc00165	iHN637.CLJU_RS20765	29.7	246	164	3	11	256	7	243	4.86e-23	94.4
SMc00165	iYO844.BSU15910	28.9	249	168	3	8	256	2	241	9.05e-23	93.6
SMc00165	iYL1228.KPN_02061	30.0	250	169	3	11	256	3	250	2.93e-22	92.4
SMc00165	iLJ478.TM1724	30.0	250	165	3	7	256	2	241	2.43e-22	92.4
SMc00165	iAF987.Gmet_1601	31.3	246	159	4	8	253	3	238	9.07e-22	90.9
SMc00165	iEK1008.Rv1928c	33.1	251	156	5	8	256	9	249	1.49e-21	90.5
SMc00164	iCHOv1.100774732	40.9	44	26	0	257	300	242	285	1.52e-04	43.1
SMc00163	iLJ478.TM0114	26.5	189	130	4	109	293	78	261	3.46e-11	63.2
SMc00161	iPC815.YPO2912	46.1	551	274	6	10	556	4	535	1.46e-153	450
SMc00161	iLJ478.TM1253	42.1	579	296	5	11	558	4	574	2.48e-144	428
SMc00161	iCN718.ABAYE_RS14710	42.7	546	299	6	10	554	3	535	9.63e-138	410
SMc00155	iJN1463.PP_1866	64.1	446	157	2	1	445	1	444	2.20e-211	590
SMc00154	iJN1463.PP_3819	52.7	448	208	3	3	449	2	446	1.00e-145	423
SMc00152	iNF517.LLMG_RS12615	43.3	231	113	4	4	229	6	223	9.65e-48	156
SMc00152	iAF692.Mbar_A3172	46.2	208	106	4	7	213	13	215	1.72e-47	156
SMc00152	iYS854.USA300HOU_RS12640	37.6	229	136	3	2	228	3	226	2.72e-42	142
SMc00151	iCN718.ABAYE_RS17405	35.2	210	135	1	5	213	11	220	1.84e-33	119
SMc00151	iPC815.YPO0156	34.4	212	136	3	6	215	10	220	1.30e-32	117
SMc00151	STM_v1_0.STM3482	33.5	230	135	4	6	217	10	239	1.74e-30	112
SMc00151	iJN1463.PP_0416	32.7	214	140	3	5	215	15	227	2.03e-29	110
SMc00151	iML1515.b3385	32.6	230	137	4	6	217	10	239	7.20e-29	108
SMc00151	iSF_1195.SF3403	32.6	230	137	4	6	217	10	239	7.20e-29	108
SMc00151	iSSON_1240.SSON_3516	32.6	230	137	4	6	217	10	239	1.01e-28	108
SMc00150	iML1515.b0925	33.0	300	189	5	339	629	317	613	4.50e-41	157
SMc00149	iMM1415.14194	66.0	462	154	2	13	472	46	506	7.06e-212	594
SMc00149	iCHOv1.100773218	65.8	462	155	2	13	472	46	506	4.06e-211	592
SMc00149	iAT_PLT_636.2271	66.0	462	154	2	13	472	49	509	6.40e-211	592
SMc00149	iMM904.YPL262W	64.7	462	160	2	13	472	27	487	3.08e-201	566
SMc00144	iJN1463.PP_4597	47.4	333	165	6	21	349	8	334	1.25e-95	287
SMc00143	iSF_1195.SF3928	34.9	192	109	6	14	203	10	187	3.95e-19	81.3
SMc00143	iSbBS512_1146.SbBS512_E4329	34.9	192	109	6	14	203	10	187	7.71e-19	80.5
SMc00143	iML1515.b3857	34.4	192	110	6	14	203	10	187	2.93e-18	79.0
SMc00143	iSDY_1059.SDY_3888	34.4	192	110	6	14	203	10	187	2.93e-18	79.0
SMc00143	iSSON_1240.SSON_4029	34.4	192	110	6	14	203	10	187	4.09e-18	78.6
SMc00142	iML1515.b3856	36.5	159	98	2	10	166	9	166	4.50e-30	107
SMc00142	iSbBS512_1146.SbBS512_E4328	36.5	159	98	2	10	166	9	166	4.50e-30	107
SMc00142	iSSON_1240.SSON_4028	36.5	159	98	2	10	166	4	161	5.57e-30	107
SMc00142	iSF_1195.SF3927	36.5	159	98	2	10	166	9	166	1.27e-29	106
SMc00142	iSDY_1059.SDY_3889	35.8	159	99	2	10	166	4	161	2.22e-29	105
SMc00140	iJN1463.PP_3593	51.4	243	109	4	18	258	14	249	1.76e-75	229
SMc00140	iJN1463.PP_0282	48.8	246	120	3	12	257	10	249	2.02e-74	226
SMc00140	iJN1463.PP_4486	46.5	241	125	3	22	259	18	257	2.04e-66	206
SMc00139	iJN1463.PP_3594	50.7	227	112	0	36	262	6	232	4.41e-70	215
SMc00138	iJN1463.PP_3595	59.4	224	91	0	51	274	12	235	2.64e-88	262
SMc00136	iLJ478.TM1724	35.5	245	137	5	3	230	4	244	9.30e-39	134
SMc00134	iJN1463.PP_1765	26.2	126	83	3	90	209	29	150	4.33e-04	40.4
SMc00133	iNF517.LLMG_RS12530	41.2	284	165	2	1	284	1	282	1.62e-61	196
SMc04212	iAF987.Gmet_0043	27.9	233	161	4	258	486	37	266	4.18e-18	87.0
SMc04213	iML1515.b4042	36.6	101	63	1	21	120	7	107	2.22e-09	51.6
SMc04213	iSbBS512_1146.SbBS512_E4555	36.6	101	63	1	21	120	7	107	2.22e-09	51.6
SMc04213	iSDY_1059.SDY_4532	36.6	101	63	1	21	120	7	107	2.22e-09	51.6
SMc04213	iSF_1195.SF4163	36.6	101	63	1	21	120	7	107	2.22e-09	51.6
SMc04213	iSSON_1240.SSON_4222	36.6	101	63	1	21	120	7	107	2.22e-09	51.6
SMc04213	iYL1228.KPN_04430	36.6	101	63	1	21	120	7	107	4.36e-09	50.8
SMc04213	iCN718.ABAYE_RS04660	33.6	113	71	2	14	122	5	117	8.87e-09	50.1
SMc04213	iJN1463.PP_2973	34.6	104	67	1	21	123	6	109	5.83e-08	47.8
SMc04214	iEK1008.Rv2207	43.0	337	172	3	21	337	10	346	7.92e-69	219
SMc04214	iJN1463.PP_1679	40.5	336	180	4	22	337	14	349	1.32e-67	215
SMc04214	iCN718.ABAYE_RS10195	37.4	345	195	5	15	338	5	349	3.98e-63	204
SMc04214	iAF987.Gmet_0467	36.8	342	196	3	13	334	6	347	9.23e-62	200
SMc04215	iAF987.Gmet_0468	34.7	239	145	6	17	255	32	259	3.89e-20	86.7
SMc04215	iSF_1195.SF2060	32.4	247	155	6	15	258	9	246	2.70e-19	84.0
SMc04215	STM_v1_0.STM2017	33.3	246	154	6	15	258	9	246	3.74e-19	83.6
SMc04215	iSbBS512_1146.SbBS512_E0966	33.3	246	154	6	15	258	9	246	5.18e-19	83.2
SMc04215	iSSON_1240.SSON_2053	33.3	246	154	6	15	258	9	246	5.18e-19	83.2
SMc04215	iML1515.b1992	34.3	248	149	7	15	258	9	246	9.93e-19	82.4
SMc04215	iSDY_1059.SDY_2241	33.3	246	154	6	15	258	9	246	9.93e-19	82.4
SMc04215	iYL1228.KPN_02464	35.3	249	146	7	14	258	8	245	1.35e-18	82.0
SMc04219	iEK1008.Rv2936	35.0	309	185	9	5	301	8	312	1.29e-39	141
SMc04219	iCHOv1.100761226	38.1	226	135	4	5	226	899	1123	3.84e-35	134
SMc04219	iMM1415.11303	38.1	226	135	4	5	226	899	1123	5.21e-35	134
SMc04219	iCN718.ABAYE_RS05140	37.7	215	125	5	5	212	3	215	1.76e-34	128
SMc04228	iAF987.Gmet_0769	39.5	119	72	0	8	126	2	120	4.43e-20	79.7
SMc04240	iCHOv1.100766004	46.4	196	104	1	25	220	15	209	9.45e-55	174
SMc04241	iML1515.b1400	46.0	161	85	1	1	161	1	159	3.40e-21	85.5
SMc04243	iJN1463.PP_0117	58.0	255	107	0	2	256	1	255	9.18e-87	259
SMc04243	iPC815.YPO2059	51.4	253	123	0	4	256	3	255	4.34e-80	242
SMc04243	iML1515.b1859	52.6	247	117	0	11	257	10	256	2.00e-78	238
SMc04243	iSDY_1059.SDY_1146	52.2	247	118	0	11	257	10	256	2.00e-78	238
SMc04243	iSSON_1240.SSON_1282	52.2	247	118	0	11	257	10	256	2.00e-78	238
SMc04243	iSF_1195.SF1869	51.6	248	120	0	10	257	1	248	6.24e-78	236
SMc04243	STM_v1_0.STM1893	50.0	254	127	0	4	257	3	256	9.22e-77	233
SMc04244	iSDY_1059.SDY_1145	50.0	240	120	0	1	240	4	243	1.29e-83	251
SMc04244	iML1515.b1858	50.0	240	120	0	1	240	4	243	1.83e-83	251
SMc04244	iSSON_1240.SSON_1283	50.0	240	120	0	1	240	4	243	1.83e-83	251
SMc04244	iSbBS512_1146.SbBS512_E0954	49.6	240	121	0	1	240	4	243	1.04e-82	249
SMc04244	iSF_1195.SF1867	50.0	240	120	0	1	240	4	243	1.04e-82	249
SMc04244	iPC815.YPO2060	48.8	240	123	0	1	240	4	243	1.24e-81	246
SMc04244	iYL1228.KPN_02373	48.3	240	124	0	1	240	4	243	2.32e-81	245
SMc04244	iJN1463.PP_0118	49.2	240	121	1	1	240	5	243	1.54e-78	238
SMc04245	iPC815.YPO2061	35.9	329	188	4	8	336	12	317	1.63e-60	196
SMc04245	iML1515.b1857	36.0	317	170	3	21	336	23	307	9.77e-57	186
SMc04245	iSSON_1240.SSON_1284	36.0	317	170	3	21	336	41	325	1.60e-56	186
SMc04245	STM_v1_0.STM1891	35.6	334	182	4	7	336	26	330	2.57e-56	186
SMc04245	iSbBS512_1146.SbBS512_E0953	35.6	317	171	3	21	336	23	307	1.38e-56	186
SMc04245	iSF_1195.SF1868	36.2	334	176	4	7	336	49	349	8.38e-56	185
SMc04245	iSDY_1059.SDY_1144	35.8	318	169	3	21	336	41	325	1.75e-55	183
SMc04245	iYL1228.KPN_02372	34.4	320	173	4	22	336	8	295	2.16e-55	182
SMc04245	iJN1463.PP_0120	35.6	312	168	3	25	336	21	299	4.78e-55	181
SMc04248	iSynCJ816.SGL_RS10915	42.0	174	96	1	1	169	1	174	9.57e-38	128
SMc04249	iSynCJ816.SGL_RS10910	46.9	507	192	4	9	515	7	436	4.22e-132	393
SMc04252	iSF_1195.SF3047	59.4	345	136	1	1	341	1	345	3.28e-149	423
SMc04252	iML1515.b3001	59.1	345	137	1	1	341	1	345	4.66e-149	423
SMc04252	iSSON_1240.SSON_3145	59.1	345	137	1	1	341	1	345	1.33e-148	422
SMc04252	iSbBS512_1146.SbBS512_E3430	58.8	345	138	1	1	341	1	345	3.80e-148	421
SMc04252	iYL1228.KPN_02741	64.6	314	109	2	13	325	1	313	2.42e-142	405
SMc04253	iSynCJ816.SGL_RS02995	33.2	199	116	7	7	198	13	201	3.62e-14	72.4
SMc04255	iLJ478.TM1624	32.1	751	472	18	19	756	3	728	6.58e-109	351
SMc04255	iMM1415.110173	31.7	684	395	20	22	650	25	691	5.79e-106	346
SMc04256	iJN1463.PP_1018	47.8	366	185	4	1	361	1	365	5.27e-110	326
SMc04256	iML1515.b3450	50.4	349	165	4	14	361	15	356	4.27e-110	325
SMc04256	iSbBS512_1146.SbBS512_E3873	50.4	349	165	4	14	361	15	356	2.43e-109	323
SMc04256	iPC815.YPO3793	46.6	365	181	5	1	361	1	355	5.76e-108	320
SMc04256	STM_v1_0.STM3554	49.4	350	167	5	14	361	15	356	2.24e-107	318
SMc04256	iYL1228.KPN_03810	49.1	348	169	4	14	360	15	355	7.28e-106	314
SMc04256	iSynCJ816.SGL_RS17635	47.1	365	186	4	1	361	1	362	1.61e-98	296
SMc04257	iJN1463.PP_1017	49.3	286	134	2	20	305	7	281	9.40e-92	273
SMc04258	iJN1463.PP_1016	41.9	291	169	0	9	299	10	300	1.31e-77	238
SMc04259	iJN1463.PP_1015	37.0	365	216	9	6	362	7	365	5.92e-63	208
SMc04262	iYO844.BSU23860	49.6	470	234	2	1	470	1	467	5.95e-150	435
SMc04262	iMM904.YGR256W	48.0	471	241	3	1	469	1	469	9.47e-147	428
SMc04262	iML1515.b2029	48.5	474	232	5	1	470	1	466	1.12e-144	422
SMc04262	iSSON_1240.SSON_2100	48.4	471	237	4	1	470	1	466	1.12e-144	422
SMc04262	iMM904.YHR183W	47.9	455	235	2	3	457	2	454	3.17e-144	421
SMc04262	iSbBS512_1146.SbBS512_E1202	48.5	474	232	5	1	470	1	466	1.59e-144	421
SMc04262	iSDY_1059.SDY_2212	48.5	474	232	5	1	470	1	466	1.59e-144	421
SMc04262	iSF_1195.SF2091	48.2	471	238	4	1	470	1	466	3.19e-144	421
SMc04262	iPC815.YPO1541	48.6	471	237	4	1	470	1	467	4.67e-144	420
SMc04262	iNF517.LLMG_RS03045	49.4	472	233	3	1	470	1	468	2.93e-143	418
SMc04262	STM_v1_0.STM2081	48.5	474	232	5	1	470	1	466	2.93e-142	416
SMc04262	iSynCJ816.SGL_RS12985	49.0	465	230	4	1	461	1	462	3.69e-142	416
SMc04262	iYL1228.KPN_02499	48.0	471	239	4	1	470	1	466	1.18e-141	414
SMc04262	iEK1008.Rv1844c	48.9	474	231	5	4	472	11	478	2.91e-141	414
SMc04262	iYS854.USA300HOU_RS08075	47.8	467	238	4	5	470	4	465	2.27e-136	400
SMc04262	iLJ478.TM0438	45.2	471	252	3	3	473	2	466	4.69e-136	400
SMc04262	iMM1415.110208	46.6	459	241	4	1	458	1	456	2.96e-135	398
SMc04262	iAT_PLT_636.5226	47.1	459	239	4	1	458	1	456	2.38e-134	396
SMc04262	iCHOv1.100765199	46.6	459	241	4	1	458	1	456	5.41e-133	392
SMc04263	iYO844.BSU18120	48.6	471	221	10	2	469	6	458	1.79e-136	400
SMc04263	iYO844.BSU02420	46.5	454	234	6	1	453	5	450	1.83e-131	388
SMc04263	STM_v1_0.STM0006	45.1	470	257	1	1	469	1	470	1.38e-130	386
SMc04263	iML1515.b0007	43.8	470	263	1	1	469	1	470	1.56e-129	383
SMc04263	iCN900.CD630_16960	45.0	471	243	8	7	472	17	476	4.44e-128	380
SMc04263	iCN718.ABAYE_RS04005	46.1	482	236	10	7	469	15	491	3.23e-127	378
SMc04263	iSbBS512_1146.SbBS512_E0007	43.4	470	265	1	1	469	1	470	2.01e-127	378
SMc04263	iYS854.USA300HOU_RS06905	46.5	447	223	7	13	452	24	461	8.86e-126	374
SMc04268	iJN1463.PP_0063	24.9	285	189	9	29	301	8	279	1.26e-13	69.7
SMc04270	iEK1008.Rv3777	29.5	352	206	6	1	339	4	326	4.18e-38	138
SMc04270	iJN1463.PP_0072	31.5	330	189	6	19	339	22	323	3.00e-36	133
SMc04273	iAF987.Gmet_1603	39.2	413	236	5	14	421	4	406	8.80e-78	246
SMc04273	iIT341.HP0558	39.3	422	225	7	14	421	4	408	8.01e-76	241
SMc04273	iYO844.BSU11340	36.8	408	252	3	14	421	6	407	3.32e-71	229
SMc04273	iJN1463.PP_1916	37.8	429	230	7	9	421	1	408	9.49e-71	228
SMc04273	STM_v1_0.STM1197	34.3	423	244	6	14	421	6	409	2.17e-68	222
SMc04275	iCHOv1.100769182	29.5	285	169	11	8	276	44	312	2.42e-10	61.6
SMc04275	iNF517.LLMG_RS08945	26.4	277	176	7	6	272	3	261	1.20e-09	59.3
SMc04275	STM_v1_0.STM1197	26.4	216	139	4	62	272	62	262	1.18e-08	56.2
SMc04275	iYL1228.KPN_01093	25.4	213	145	3	62	272	62	262	1.57e-08	55.8
SMc04277	iJN1463.PP_1602	33.3	123	78	1	6	124	34	156	3.26e-14	65.9
SMc04277	iLJ478.TM0801	36.0	125	64	5	6	118	16	136	3.74e-14	65.1
SMc04277	iYL1228.KPN_00193	32.5	123	77	3	6	124	23	143	7.05e-14	64.7
SMc04277	STM_v1_0.STM0227	32.5	123	77	3	6	124	23	143	7.05e-14	64.7
SMc04277	iML1515.b0180	32.5	123	77	3	6	124	23	143	1.39e-13	63.9
SMc04277	iSbBS512_1146.SbBS512_E0173	32.5	123	77	3	6	124	23	143	1.39e-13	63.9
SMc04277	iSDY_1059.SDY_0196	32.5	123	77	3	6	124	23	143	1.39e-13	63.9
SMc04277	iSF_1195.SF0170	32.5	123	77	3	6	124	23	143	1.39e-13	63.9
SMc04277	iSSON_1240.SSON_0192	32.5	123	77	3	6	124	23	143	1.39e-13	63.9
SMc04277	iAF987.Gmet_2354	32.5	123	79	2	6	125	20	141	2.66e-13	63.2
SMc04277	iNF517.LLMG_RS02815	33.0	109	72	1	16	123	30	138	5.33e-13	62.4
SMc04277	iIT341.HP1376	34.6	130	67	6	8	125	29	152	1.70e-12	61.2
SMc04277	iNF517.LLMG_RS08935	32.7	113	73	2	6	117	21	131	4.89e-12	59.7
SMc04278	iHN637.CLJU_RS06285	47.3	55	29	0	7	61	3	57	5.02e-10	50.8
SMc04278	iCN900.CD630_10620	34.9	83	42	2	7	88	2	73	7.68e-09	47.8
SMc04278	iYS854.USA300HOU_RS06195	41.8	55	32	0	7	61	4	58	1.14e-08	47.4
SMc04279	iAF987.Gmet_0486	43.2	287	143	5	8	288	7	279	5.55e-54	179
SMc04279	iYL1228.KPN_03199	39.3	303	174	6	11	311	8	302	4.46e-49	166
SMc04281	iJN1463.PP_1676	41.1	331	178	9	5	328	2	322	2.03e-59	193
SMc04282	iAF987.Gmet_0470	39.0	441	248	9	1	424	1	437	1.15e-79	253
SMc04282	iAF692.Mbar_A1187	38.0	424	251	8	3	423	4	418	2.67e-78	249
SMc04282	iAF692.Mbar_A2158	36.9	428	250	9	3	423	4	418	2.31e-72	233
SMc04284	iAF987.Gmet_3235	50.4	266	125	2	10	275	5	263	2.01e-75	238
SMc04288	iYL1228.KPN_00862	53.9	601	264	7	2	590	9	608	7.64e-206	588
SMc04288	iML1515.b0829	52.7	607	261	7	4	590	11	611	2.58e-197	566
SMc04288	iSSON_1240.SSON_0811	52.8	606	260	7	5	590	1	600	1.78e-197	566
SMc04288	iSDY_1059.SDY_0758	52.8	606	260	7	5	590	1	600	2.52e-197	566
SMc04288	iSF_1195.SF0779	52.8	606	260	7	5	590	1	600	7.17e-197	565
SMc04288	iSbBS512_1146.SbBS512_E2519	52.6	607	262	7	4	590	11	611	2.95e-196	563
SMc04288	STM_v1_0.STM0848	53.4	584	250	6	25	590	32	611	6.23e-193	555
SMc04290	iLB1027_lipid.PHATRDRAFT_54476	26.4	390	193	12	18	316	22	408	1.08e-20	91.7
SMc04293	iPC815.YPO4003	34.1	463	257	18	58	495	60	499	1.02e-66	224
SMc04293	STM_v1_0.STM3630	34.5	461	258	18	58	495	60	499	2.77e-66	223
SMc04293	iML1515.b3544	33.6	461	262	17	58	495	60	499	7.77e-65	219
SMc04293	iSDY_1059.SDY_4567	33.4	461	263	17	58	495	60	499	1.51e-64	219
SMc04293	iSF_1195.SF3579	33.4	461	263	17	58	495	60	499	1.51e-64	219
SMc04293	iSSON_1240.SSON_3846	34.2	444	251	16	58	478	60	485	2.11e-64	218
SMc04293	iYL1228.KPN_03899	33.2	461	264	17	58	495	51	490	9.39e-63	214
SMc04293	STM_v1_0.STM0849	29.2	503	320	11	18	514	23	495	1.88e-62	213
SMc04293	iYL1228.KPN_00863	28.9	523	328	11	2	514	7	495	5.20e-62	211
SMc04293	iSDY_1059.SDY_0757	28.6	517	332	11	4	514	10	495	2.68e-61	209
SMc04293	iSbBS512_1146.SbBS512_E2518	28.6	517	332	11	4	514	10	495	3.73e-61	209
SMc04293	iSF_1195.SF0780	28.6	517	332	11	4	514	10	495	5.20e-61	209
SMc04293	iSSON_1240.SSON_0812	28.6	517	332	11	4	514	10	495	5.20e-61	209
SMc04293	iML1515.b0830	28.6	517	332	11	4	514	10	495	1.01e-60	208
SMc04294	iML1515.b0831	39.1	304	185	0	1	304	1	304	7.92e-73	226
SMc04294	iSDY_1059.SDY_0756	39.1	304	185	0	1	304	1	304	7.92e-73	226
SMc04294	iSSON_1240.SSON_0813	39.1	304	185	0	1	304	1	304	7.92e-73	226
SMc04294	iSF_1195.SF0781	38.8	304	186	0	1	304	1	304	3.17e-72	224
SMc04294	iSbBS512_1146.SbBS512_E2517	38.8	304	186	0	1	304	1	304	1.27e-71	223
SMc04294	iYL1228.KPN_00864	38.2	304	188	0	1	304	1	304	1.79e-71	223
SMc04294	STM_v1_0.STM0850	38.2	304	188	0	1	304	1	304	2.86e-70	219
SMc04295	iJN1463.PP_0880	42.7	274	156	1	20	292	29	302	5.92e-62	198
SMc04295	iSDY_1059.SDY_4565	41.2	274	160	1	20	292	23	296	1.63e-56	184
SMc04295	iYL1228.KPN_00865	36.5	277	172	1	20	296	17	289	1.69e-56	183
SMc04295	iSbBS512_1146.SbBS512_E2516	37.3	284	172	3	15	296	24	303	7.00e-56	182
SMc04295	iSSON_1240.SSON_0814	37.3	284	172	3	15	296	24	303	7.00e-56	182
SMc04295	iML1515.b0832	37.0	284	173	3	15	296	24	303	9.87e-56	182
SMc04295	iSDY_1059.SDY_0755	37.0	284	173	3	15	296	24	303	2.77e-55	181
SMc04295	iML1515.b3542	40.5	274	162	1	20	292	23	296	1.01e-54	179
SMc04295	STM_v1_0.STM3628	40.2	276	160	2	20	292	23	296	2.01e-54	178
SMc04301	iSynCJ816.SGL_RS11810	32.9	371	225	9	9	365	58	418	2.59e-50	174
SMc04302	iJN1463.PP_1672	51.0	200	95	3	14	213	6	202	9.83e-65	198
SMc04302	iSynCJ816.SGL_RS08905	50.5	196	94	3	20	214	10	203	2.42e-60	187
SMc04303	iJN1463.PP_3507	49.2	1262	596	14	1	1247	1	1232	0.0	1146
SMc04304	iJN1463.PP_4639	29.3	352	206	12	11	353	3	320	2.05e-33	125
SMc04304	iML1515.b4352	29.6	351	201	12	11	353	4	316	5.02e-31	119
SMc04305	iAF987.Gmet_0466	51.5	167	77	2	11	174	7	172	5.57e-52	163
SMc04305	iJN1463.PP_1678	50.0	168	81	2	10	175	4	170	4.04e-47	151
SMc04307	iSynCJ816.SGL_RS03900	29.0	362	240	7	299	647	264	621	5.51e-30	126
SMc04308	iAF987.Gmet_0843	27.6	261	158	8	35	267	12	269	1.31e-19	85.5
SMc04309	iJN1463.PP_1677	49.3	446	222	4	5	449	4	446	4.82e-139	408
SMc04309	iAF987.Gmet_0485	49.4	462	209	8	2	443	295	751	5.84e-126	385
SMc04439	iYO844.BSU02980	60.5	228	90	0	4	231	59	286	1.89e-95	287
SMc04439	iNF517.LLMG_RS05325	59.0	229	94	0	4	232	54	282	1.41e-92	280
SMc04439	iAF692.Mbar_A2376	52.7	273	124	2	4	276	56	323	1.05e-89	275
SMc04439	iML1515.b2677	48.1	283	143	2	4	285	54	333	1.71e-86	264
SMc04439	iSbBS512_1146.SbBS512_E3202	48.1	283	143	2	4	285	54	333	1.71e-86	264
SMc04439	iSF_1195.SF2705	48.1	283	143	2	4	285	54	333	1.71e-86	264
SMc04439	iSSON_1240.SSON_2822	48.1	283	143	2	4	285	54	333	4.82e-86	263
SMc04439	STM_v1_0.STM2809	55.7	228	101	0	4	231	54	281	1.36e-85	261
SMc04325	iAF987.Gmet_0549	35.7	286	168	5	17	296	13	288	2.98e-45	164
SMc04326	iLJ478.TM1255	27.9	298	193	6	56	343	62	347	1.77e-26	108
SMc04326	iJN1463.PP_3721	33.5	185	117	2	56	234	65	249	7.95e-26	107
SMc04326	iAF692.Mbar_A3133	27.5	302	191	8	55	345	59	343	1.08e-25	106
SMc04326	iAF692.Mbar_A1546	28.1	338	193	11	56	368	70	382	3.90e-25	105
SMc04326	iAF692.Mbar_A3463	27.8	309	196	8	50	342	61	358	1.55e-23	100
SMc04326	iEK1008.Rv0858c	27.4	296	205	5	56	342	57	351	5.59e-23	99.0
SMc04331	iAF692.Mbar_A1501	42.7	178	101	1	46	222	30	207	6.36e-45	149
SMc04331	iAF692.Mbar_A3604	41.6	178	103	1	46	222	36	213	3.00e-41	139
SMc04334	iSynCJ816.SGL_RS13995	30.8	104	71	1	136	239	92	194	5.76e-10	58.5
SMc04339	iCN718.ABAYE_RS09260	32.8	116	70	5	61	174	346	455	5.25e-08	51.6
SMc04340	iHN637.CLJU_RS18520	37.2	293	181	2	26	318	4	293	1.18e-66	212
SMc04340	iAF987.Gmet_1160	39.9	288	166	3	26	313	5	285	7.17e-62	199
SMc04340	iCN900.CD630_07220	36.3	295	181	3	26	318	4	293	3.14e-60	195
SMc04340	iSynCJ816.SGL_RS07805	36.2	309	188	4	10	318	36	335	7.10e-58	191
SMc04342	iCN900.CD630_35960	45.0	260	138	2	23	282	317	571	9.76e-64	214
SMc04342	iAF987.Gmet_0549	41.2	296	165	2	4	294	305	596	2.13e-63	214
SMc04347	iHN637.CLJU_RS18480	27.6	670	426	13	15	658	4	640	1.19e-88	290
SMc04347	iCN900.CD630_07300	27.4	665	422	13	15	652	4	634	9.41e-85	279
SMc04165	iAF987.Gmet_0843	24.8	270	160	11	35	277	12	265	1.59e-10	60.1
SMc04167	iYL1228.KPN_00756	32.7	333	165	8	1	317	1	290	5.24e-37	134
SMc04167	iSSON_1240.SSON_0704	31.7	315	177	8	12	317	5	290	2.04e-35	130
SMc04167	iSbBS512_1146.SbBS512_E0672	31.7	315	177	8	12	317	5	290	3.98e-35	129
SMc04167	iML1515.b0752	31.4	315	178	8	12	317	5	290	1.08e-34	128
SMc04167	iSDY_1059.SDY_0696	31.4	315	178	8	12	317	5	290	1.08e-34	128
SMc04167	iSF_1195.SF0552	31.4	315	178	8	12	317	5	290	1.08e-34	128
SMc04167	STM_v1_0.STM0758	32.2	323	180	7	1	317	1	290	7.85e-34	125
SMc04167	iYO844.BSU26650	29.2	312	184	7	17	317	1	286	2.09e-33	124
SMc04170	iAF987.Gmet_1706	32.5	126	82	2	144	269	3	125	3.47e-13	68.2
SMc04172	iEK1008.Rv1900c	30.8	133	85	1	300	432	297	422	1.85e-09	59.3
SMc04172	iEK1008.Rv1647	29.3	184	118	5	290	468	120	296	2.62e-09	58.2
SMc04172	iMM904.YJL005W	29.5	149	84	5	298	426	1666	1813	2.18e-08	56.6
SMc04172	iEK1008.Rv2212	29.6	169	97	6	303	468	211	360	1.92e-08	55.8
SMc04176	iML1515.b0465	33.9	218	139	1	587	799	844	1061	3.22e-31	131
SMc04176	iML1515.b4159	30.9	256	174	1	579	831	829	1084	3.84e-30	128
SMc04179	iJN1463.PP_3931	30.2	596	395	9	11	586	11	605	3.11e-63	218
SMc04185	iYO844.BSU35550	33.6	107	69	1	3	109	5	109	2.60e-09	56.2
SMc04205	iJN1463.PP_1006	24.1	863	549	33	33	861	31	821	8.71e-23	104
SMc04207	iMM1415.18670	39.1	215	126	3	351	562	1047	1259	2.79e-34	139
SMc04207	iCHOv1.100682535	38.6	215	127	3	351	562	1052	1264	3.73e-34	139
SMc04207	iPC815.YPO1913	39.6	207	124	1	356	562	363	568	9.17e-35	139
SMc04207	STM_v1_0.STM2774	25.3	478	351	4	89	561	716	1192	8.57e-34	137
SMc04207	iAF987.Gmet_2349	38.8	209	123	4	356	562	353	558	1.54e-32	132
SMc04207	iEK1008.Rv1349	39.3	214	129	1	348	561	344	556	2.97e-32	131
SMc04207	iSDY_1059.SDY_1025	26.5	483	339	6	89	561	713	1189	2.64e-31	130
SMc04207	iCHOv1.100762480	37.0	211	128	3	355	562	1098	1306	4.77e-30	126
SMc04207	iJN1463.PP_3466	31.3	297	193	4	263	553	269	560	1.72e-30	125
SMc04267	iEK1008.Rv0295c	25.1	255	147	10	1	214	5	256	1.01e-04	42.4
SMc04283	iSynCJ816.SGL_RS10910	28.1	555	264	3	21	575	22	441	1.10e-52	186
SMc04287	iSynCJ816.SGL_RS10915	32.3	155	99	2	22	171	11	164	1.09e-18	80.1
SMc04289	iML1515.b3579	28.9	239	136	11	61	282	44	265	1.88e-05	45.8
SMc04289	iJN1463.PP_1169	43.9	57	30	1	171	225	154	210	7.70e-05	43.9
SMc04291	iCN718.ABAYE_RS07200	61.2	436	162	3	6	440	4	433	5.81e-195	548
SMc04292	iEK1008.Rv1900c	30.9	139	85	2	2	136	293	424	1.94e-08	56.6
SMc04292	iEK1008.Rv2212	30.7	150	95	4	35	183	237	378	3.48e-07	52.4
SMc04299	iSF_1195.SF0772	24.7	267	152	6	1	220	1	265	1.04e-09	59.3
SMc04299	iSSON_1240.SSON_0804	24.7	267	152	6	1	220	1	265	1.04e-09	59.3
SMc04299	iML1515.b0822	24.7	267	152	6	1	220	1	265	1.40e-09	58.9
SMc04299	iSbBS512_1146.SbBS512_E2526	23.6	267	155	6	1	220	1	265	6.05e-09	57.0
SMc04300	iJN1463.PP_0411	51.1	221	104	1	25	245	31	247	8.16e-68	217
SMc04300	iML1515.b4035	46.5	245	121	2	1	245	1	235	2.11e-67	216
SMc04300	iSF_1195.SF4170	46.5	245	121	2	1	245	1	235	2.11e-67	216
SMc04300	iSSON_1240.SSON_4213	46.5	245	121	2	1	245	1	235	2.11e-67	216
SMc04300	iPC815.YPO3793	39.9	338	175	8	1	329	1	319	4.01e-67	214
SMc04300	STM_v1_0.STM4230	46.1	245	122	2	1	245	1	235	1.56e-66	213
SMc04300	iPC815.YPO3712	46.1	245	122	2	1	245	1	235	1.23e-65	211
SMc04300	iPC815.YPO1332	48.3	242	115	2	4	245	20	251	4.26e-65	210
SMc04300	iEK1008.Rv2038c	42.8	311	156	7	1	307	1	293	3.49e-65	209
SMc04300	iYL1228.KPN_04424	44.9	245	125	2	1	245	1	235	6.82e-65	209
SMc04300	iLJ478.TM1376	45.3	232	123	1	25	256	21	248	2.05e-63	205
SMc04300	STM_v1_0.STM3554	40.9	313	165	8	1	307	1	299	2.94e-63	204
SMc04300	iLJ478.TM0421	47.7	222	112	1	24	245	18	235	3.19e-63	204
SMc04300	iYS854.USA300HOU_RS01090	42.3	253	137	2	1	253	1	244	2.08e-62	202
SMc04300	iPC815.YPO2846	46.1	230	120	1	16	245	12	237	7.35e-62	201
SMc04300	iYL1228.KPN_00886	48.8	242	114	3	4	245	36	267	3.37e-61	200
SMc04300	iSynCJ816.SGL_RS10355	36.8	340	192	8	4	335	19	343	1.76e-61	200
SMc04300	iYL1228.KPN_03810	40.4	314	161	9	1	305	1	297	5.02e-61	199
SMc04300	iSDY_1059.SDY_0740	47.5	242	117	2	4	245	20	251	8.74e-61	199
SMc04300	iML1515.b0855	47.5	242	117	2	4	245	20	251	1.23e-60	198
SMc04300	iSF_1195.SF0809	47.5	242	117	2	4	245	47	278	2.45e-60	198
SMc04300	iML1515.b3450	43.4	249	132	3	1	249	1	240	1.40e-60	197
SMc04300	STM_v1_0.STM0878	47.1	242	118	2	4	245	20	251	2.44e-60	197
SMc04300	iSbBS512_1146.SbBS512_E2476	47.5	242	117	2	4	245	20	251	2.44e-60	197
SMc04300	iSSON_1240.SSON_0840	47.5	242	117	2	4	245	47	278	4.84e-60	197
SMc04300	iCN900.CD630_35300	44.6	231	123	2	15	245	10	235	1.00e-60	197
SMc04300	iCN900.CD630_35270	44.2	231	124	2	15	245	10	235	1.41e-60	197
SMc04300	iEK1008.Rv1238	42.2	249	135	2	1	249	1	240	7.26e-60	197
SMc04300	iCN900.CD630_34170	41.6	245	134	3	1	245	1	236	3.92e-60	196
SMc04300	iSbBS512_1146.SbBS512_E3873	43.4	249	132	3	1	249	1	240	3.92e-60	196
SMc04300	iJN1463.PP_1484	45.9	231	121	1	24	254	19	245	3.89e-60	196
SMc04316	iJN1463.PP_4882	29.5	499	307	8	137	633	28	483	3.49e-32	130
SMc04317	iJN1463.PP_5135	30.1	322	212	6	2	313	3	321	5.72e-28	110
SMc04321	iCN718.ABAYE_RS00890	23.0	213	147	7	5	208	3	207	8.66e-04	38.9
SMc04322	iYO844.BSU39780	32.3	316	203	4	1	315	1	306	1.62e-39	141
SMc04322	iCN718.ABAYE_RS12975	30.8	357	194	8	1	319	1	342	5.36e-39	141
SMc04322	iYL1228.KPN_02741	34.0	335	183	11	1	317	1	315	1.45e-38	139
SMc04322	iML1515.b3001	32.0	325	197	10	1	313	13	325	1.96e-37	137
SMc04322	iSF_1195.SF3047	31.7	328	200	10	1	315	13	329	2.74e-37	136
SMc04322	iSSON_1240.SSON_3145	31.7	328	200	10	1	315	13	329	2.74e-37	136
SMc04322	iSbBS512_1146.SbBS512_E3430	31.7	328	200	10	1	315	13	329	1.44e-36	134
SMc04322	iML1515.b1771	31.4	334	192	9	1	314	1	317	2.58e-36	133
SMc04322	STM_v1_0.STM1288	33.6	268	138	8	48	315	43	270	5.69e-35	129
SMc04323	iCN900.CD630_36640	38.1	396	234	6	8	401	5	391	9.44e-88	271
SMc04338	iML1515.b1678	41.3	138	76	4	88	222	98	233	3.89e-17	78.6
SMc04338	iML1515.b1990	36.3	146	74	6	88	224	98	233	2.11e-16	76.3
SMc04338	STM_v1_0.STM1375	38.6	140	81	4	88	224	98	235	2.56e-16	76.3
SMc04338	STM_v1_0.STM0837	37.4	139	75	4	86	219	100	231	4.81e-15	72.4
SMc04338	iML1515.b0819	36.0	139	77	4	86	219	100	231	1.24e-14	71.2
SMc04341	iJN1463.PP_2775	30.5	275	168	7	59	312	65	337	4.98e-28	110
SMc04343	iEK1008.Rv2212	32.6	129	78	2	40	168	239	358	2.68e-09	57.4
SMc04343	iEK1008.Rv1900c	32.6	144	80	4	6	142	293	426	4.20e-09	57.0
SMc04343	iEK1008.Rv1647	29.3	140	96	2	3	142	124	260	1.25e-08	55.1
SMc04346	iAF987.Gmet_1262	62.8	339	125	1	1	339	1	338	2.48e-153	433
SMc04346	iJN1463.PP_4678	62.8	339	125	1	1	339	1	338	3.32e-151	428
SMc04346	iCN718.ABAYE_RS16130	62.2	339	127	1	1	339	1	338	1.56e-149	424
SMc04346	iSynCJ816.SGL_RS17215	61.8	327	124	1	2	328	20	345	3.12e-137	393
SMc04350	iJN1463.PP_4209	38.3	400	216	5	27	404	2	392	1.60e-67	219
SMc04351	iJN1463.PP_4210	48.7	655	322	6	3	647	4	654	2.72e-187	544
SMc04361	iYL1228.KPN_01788	30.8	214	137	4	7	214	8	216	1.96e-15	72.4
SMc04362	iYO844.BSU33960	26.7	465	296	14	21	458	12	458	7.05e-30	121
SMc04452	iSynCJ816.SGL_RS08135	47.7	419	210	3	4	413	9	427	2.43e-126	372
SMc04452	iEK1008.Rv1854c	44.1	433	223	6	4	422	14	441	3.94e-113	339
SMc01404	iCN718.ABAYE_RS07190	43.3	231	131	0	3	233	1	231	4.30e-70	214
SMc01404	iCN900.CD630_22540	44.9	225	123	1	3	226	1	225	2.94e-67	206
SMc01404	iHN637.CLJU_RS14520	42.4	229	131	1	3	230	1	229	3.79e-63	196
SMc01406	iAT_PLT_636.51166	30.5	167	102	3	174	326	150	316	2.20e-13	71.6
SMc01407	iML1515.b2564	35.8	240	145	4	5	244	6	236	1.62e-40	139
SMc01407	iSDY_1059.SDY_2805	35.8	240	145	4	5	244	6	236	1.62e-40	139
SMc01407	iSbBS512_1146.SbBS512_E2929	35.4	240	146	4	5	244	6	236	3.21e-40	138
SMc01407	iSF_1195.SF2626	35.4	240	146	4	5	244	6	236	3.21e-40	138
SMc01407	iSSON_1240.SSON_2688	35.0	240	147	4	5	244	6	236	4.53e-40	138
SMc01407	STM_v1_0.STM2578	34.6	240	148	4	5	244	6	236	1.08e-37	132
SMc01407	iSynCJ816.SGL_RS02965	34.4	241	149	4	5	245	4	235	4.05e-37	130
SMc01407	iYL1228.KPN_02889	33.9	239	149	4	5	243	6	235	9.21e-36	127
SMc01491	iSynCJ816.SGL_RS03900	25.3	186	136	1	32	214	436	621	1.11e-08	58.9
SMc01425	iPC815.YPO0181	38.9	190	113	2	1	187	1	190	2.35e-36	125
SMc01426	iAM_Pv461.PVX_083045	24.7	158	95	6	45	182	55	208	2.56e-06	47.0
SMc01426	iAM_Pc455.PCYB_122070	32.1	84	53	2	33	112	34	117	3.36e-06	46.6
SMc01426	iAF692.Mbar_A3635	32.0	100	63	3	45	140	34	132	8.36e-06	45.4
SMc01426	iYL1228.KPN_01999	27.1	133	91	3	10	140	86	214	5.87e-05	43.1
SMc01429	iYL1228.KPN_01195	51.8	280	130	1	7	281	15	294	2.83e-95	282
SMc01429	STM_v1_0.STM1288	52.1	282	130	1	5	281	4	285	4.23e-95	281
SMc01429	iML1515.b1781	49.8	279	135	2	8	281	6	284	2.88e-90	269
SMc01429	iSbBS512_1146.SbBS512_E2029	49.1	279	137	2	8	281	6	284	3.79e-88	263
SMc01429	iSSON_1240.SSON_1381	49.5	279	136	2	8	281	6	284	3.79e-88	263
SMc01429	iSDY_1059.SDY_1486	49.5	279	135	3	8	281	6	283	4.82e-86	258
SMc01430	iAF987.Gmet_1261	48.5	167	78	2	24	190	3	161	8.88e-48	153
SMc01431	iAF987.Gmet_1260	51.1	567	271	4	7	571	2	564	1.58e-204	582
SMc01431	iYL1228.KPN_00082	51.8	571	262	7	8	571	4	568	8.30e-199	568
SMc01431	iSSON_1240.SSON_0084	50.8	571	268	7	8	571	4	568	2.70e-197	564
SMc01431	iML1515.b0077	50.6	571	269	7	8	571	4	568	1.54e-196	562
SMc01431	iJN1463.PP_4680	49.7	575	279	7	8	576	4	574	4.39e-196	561
SMc01431	iSDY_1059.SDY_0107	50.6	571	269	7	8	571	4	568	1.25e-195	560
SMc01431	iAF692.Mbar_A0218	48.7	577	282	6	2	577	3	566	2.85e-195	560
SMc01431	iSF_1195.SF0072	50.3	571	271	7	8	571	32	596	1.30e-194	558
SMc01431	iCN718.ABAYE_RS16140	49.3	570	274	8	8	569	4	566	6.09e-191	548
SMc01494	iCN718.ABAYE_RS01030	47.1	227	117	2	68	292	178	403	1.48e-52	176
SMc01494	iJN1463.PP_4909	46.3	227	119	2	68	292	187	412	2.31e-48	166
SMc01438	iEK1008.Rv0125	29.5	278	176	7	104	368	79	349	2.05e-19	89.4
SMc01442	iJN1463.PP_5132	42.9	170	93	2	1	168	1	168	5.06e-41	135
SMc01442	iAF987.Gmet_2947	44.8	165	80	4	7	171	3	156	4.31e-40	133
SMc01442	iPC815.YPO0486	42.4	165	88	2	7	171	3	160	1.24e-36	124
SMc01442	iYL1228.KPN_00045	43.6	165	86	2	7	171	2	159	1.70e-36	124
SMc01442	STM_v1_0.STM0087	41.2	165	90	1	7	171	2	159	6.81e-36	122
SMc01443	iCHOv1.100758427	23.2	164	105	5	12	166	35	186	5.81e-04	39.3
SMc01443	iMM1415.14874	35.7	70	44	1	10	78	15	84	7.14e-04	38.9
SMc01443	iLB1027_lipid.PHATRDRAFT_36390	28.8	184	101	9	1	160	1	178	7.91e-04	38.9
SMc01443	iAT_PLT_636.2954	31.0	100	65	3	10	107	15	112	9.63e-04	38.5
SMc01444	iYO844.BSU21820	68.6	264	83	0	1	264	1	264	2.79e-141	397
SMc01444	iYL1228.KPN_03236	67.8	264	85	0	1	264	1	264	3.25e-140	394
SMc01444	iML1515.b2827	66.7	264	88	0	1	264	1	264	1.08e-138	390
SMc01444	iSSON_1240.SSON_2984	66.7	264	88	0	1	264	1	264	1.08e-138	390
SMc01444	iSF_1195.SF2837	66.3	264	89	0	1	264	1	264	1.54e-138	390
SMc01444	iSDY_1059.SDY_3044	66.3	264	89	0	1	264	1	264	3.10e-138	389
SMc01444	STM_v1_0.STM3001	65.9	264	90	0	1	264	1	264	1.79e-137	387
SMc01444	iSbBS512_1146.SbBS512_E3035	66.3	264	89	0	1	264	1	264	1.79e-137	387
SMc01444	iCN718.ABAYE_RS16485	66.1	280	79	3	1	264	1	280	2.44e-134	380
SMc01444	iPC815.YPO0783	63.6	264	96	0	1	264	1	264	2.18e-131	372
SMc01444	iEK1008.Rv2764c	63.0	265	95	2	1	264	1	263	5.45e-127	360
SMc01455	iAT_PLT_636.197257	49.4	443	220	2	28	466	41	483	9.64e-148	430
SMc01455	iCHOv1.100769710	49.3	438	218	2	33	466	46	483	2.03e-144	421
SMc01455	iMM1415.52815	48.4	438	222	2	33	466	46	483	1.87e-142	416
SMc01457	iJN1463.PP_3426	31.2	1067	676	15	20	1042	3	1055	6.57e-124	404
SMc01457	iSF_1195.SF2512	31.6	1034	660	19	24	1020	5	1028	1.55e-123	402
SMc01457	iSSON_1240.SSON_2550	31.3	1034	663	18	24	1020	5	1028	1.56e-122	400
SMc01457	iML1515.b2470	31.5	1034	661	19	24	1020	5	1028	8.10e-122	398
SMc01457	iSDY_1059.SDY_2654	31.4	1034	662	18	24	1020	5	1028	8.10e-122	398
SMc01457	iML1515.b0462	30.9	1041	680	17	24	1029	5	1041	5.33e-119	390
SMc01457	iYL1228.KPN_03673	30.7	1045	670	17	24	1027	5	1036	5.66e-118	387
SMc01457	STM_v1_0.STM3391	31.0	1048	664	17	24	1027	5	1037	1.11e-117	387
SMc01457	iML1515.b3266	30.9	1039	669	20	24	1023	5	1033	2.78e-116	383
SMc01457	iJN1463.PP_1385	30.6	1031	673	19	24	1019	5	1027	2.56e-112	372
SMc01458	iJN1463.PP_5386	29.7	175	118	3	199	369	211	384	1.08e-10	62.8
SMc01458	iAF987.Gmet_1548	24.7	312	205	8	77	369	106	406	1.78e-09	58.9
SMc01462	iCHOv1.100757665	29.6	115	64	3	31	137	35	140	3.88e-04	38.5
SMc01462	iMM1415.69215	27.4	106	70	3	50	150	78	181	8.37e-04	37.7
SMc01464	iJN1463.PP_0129	40.3	154	92	0	236	389	488	641	9.85e-22	97.4
SMc01464	iSDY_1059.SDY_1629	36.4	162	95	3	236	392	306	464	2.18e-21	95.9
SMc01464	iAF987.Gmet_2425	37.6	178	94	5	223	391	177	346	4.33e-21	93.6
SMc01464	iAF987.Gmet_0069	35.6	163	103	1	229	389	138	300	2.61e-19	87.8
SMc01471	iIS312.TCDM_05651	38.6	140	83	2	39	176	99	237	7.99e-31	113
SMc01885	iAM_Pf480.PF3D7_1454400	26.9	654	401	16	17	609	135	772	5.57e-53	193
SMc01885	iAM_Pv461.PVX_117760	37.6	287	167	4	311	593	513	791	2.02e-50	186
SMc01885	iAM_Pb448.PBANKA_131810	26.1	644	388	14	15	591	127	749	3.24e-49	182
SMc01885	iAM_Pc455.PCYB_126090	37.3	287	168	4	311	593	361	639	3.68e-49	181
SMc01882	iSF_1195.SF2709	30.8	221	143	5	6	219	15	232	4.13e-17	77.4
SMc01882	iML1515.b2682	30.3	221	144	5	6	219	15	232	7.91e-17	76.6
SMc01882	iSbBS512_1146.SbBS512_E3194	30.3	221	144	5	6	219	15	232	1.09e-16	76.3
SMc01882	iSDY_1059.SDY_2877	30.3	221	144	5	6	219	15	232	1.09e-16	76.3
SMc01882	iSSON_1240.SSON_2826	30.3	221	144	5	6	219	15	232	1.09e-16	76.3
SMc01881	iLJ478.TM1728	47.9	259	133	2	15	272	6	263	8.48e-74	226
SMc01881	iIT341.HP1058	42.0	264	151	2	1	263	1	263	3.41e-73	224
SMc01881	iAF987.Gmet_1642	43.4	265	146	3	8	269	3	266	1.62e-70	218
SMc01881	iCN900.CD630_15130	43.9	246	137	1	27	271	21	266	3.78e-68	212
SMc01881	iSynCJ816.SGL_RS16615	51.0	247	117	4	19	263	13	257	3.38e-68	211
SMc01881	iYO844.BSU22430	43.4	256	144	1	19	273	12	267	2.58e-66	207
SMc01880	iLJ478.TM1077	48.9	280	142	1	1	280	1	279	2.52e-85	256
SMc01880	iJN1463.PP_4700	50.5	279	134	3	1	277	1	277	5.37e-81	246
SMc01880	iAF987.Gmet_1643	48.2	280	144	1	1	280	1	279	2.17e-79	241
SMc01880	iYS854.USA300HOU_RS14080	46.2	277	148	1	4	280	5	280	1.61e-76	234
SMc01880	iPC815.YPO3402	45.3	289	140	4	1	280	1	280	4.70e-76	233
SMc01880	iYO844.BSU22420	45.6	283	146	3	1	280	1	278	2.01e-75	231
SMc01880	iCN900.CD630_15120	45.6	274	148	1	4	277	3	275	1.77e-75	231
SMc01878	iSSON_1240.SSON_2500	46.4	705	332	11	18	716	6	670	4.76e-192	559
SMc01878	iSDY_1059.SDY_2608	46.5	705	331	11	18	716	6	670	6.73e-192	559
SMc01878	iML1515.b2411	46.4	705	332	11	18	716	6	670	1.35e-191	558
SMc01878	iSF_1195.SF2466	46.2	705	333	11	18	716	6	670	2.70e-191	557
SMc01878	STM_v1_0.STM2427	46.2	705	333	11	18	716	6	670	5.39e-191	556
SMc01878	iYL1228.KPN_02758	45.7	705	337	12	18	716	6	670	2.21e-187	547
SMc01875	iML1515.b0096	41.5	284	162	3	14	295	4	285	3.62e-75	233
SMc01875	iSDY_1059.SDY_0126	41.5	284	162	3	14	295	4	285	3.62e-75	233
SMc01875	iSF_1195.SF0093	41.5	284	162	3	14	295	4	285	3.62e-75	233
SMc01875	iSSON_1240.SSON_0104	41.5	284	162	3	14	295	4	285	3.62e-75	233
SMc01875	STM_v1_0.STM0134	41.5	284	162	3	14	295	4	285	5.12e-75	232
SMc01875	iSbBS512_1146.SbBS512_E0090	41.5	284	162	3	14	295	4	285	7.25e-75	232
SMc01875	iYL1228.KPN_00100	41.2	284	163	3	14	295	4	285	1.45e-74	231
SMc01875	iPC815.YPO0561	40.8	284	164	3	14	295	4	285	1.49e-74	231
SMc01875	iJN1463.PP_1343	41.5	284	161	4	14	295	4	284	5.45e-74	229
SMc01875	iCN718.ABAYE_RS01305	40.8	284	163	4	14	295	4	284	2.87e-67	212
SMc01872	iAF987.Gmet_0415	26.7	105	76	1	91	195	420	523	1.87e-06	48.9
SMc01871	iAF987.Gmet_0415	42.9	308	166	5	1	305	6	306	4.73e-69	225
SMc01870	iYL1228.KPN_00909	67.4	224	71	1	1	222	1	224	2.93e-105	303
SMc01870	iML1515.b0875	67.0	224	72	1	1	222	1	224	4.83e-104	300
SMc01870	iSF_1195.SF0832	67.0	224	72	1	1	222	1	224	4.83e-104	300
SMc01870	iSbBS512_1146.SbBS512_E2456	67.0	224	72	1	1	222	1	224	6.85e-104	299
SMc01869	iEK1008.Rv1200	41.9	408	230	4	25	425	3	410	9.35e-100	304
SMc01868	iAF987.Gmet_0414	40.2	291	170	3	18	307	11	298	2.38e-60	194
SMc01868	iNF517.LLMG_RS06735	40.6	281	162	4	29	307	20	297	3.34e-53	176
SMc01867	iAF987.Gmet_0413	49.1	468	229	4	3	468	1	461	6.19e-149	432
SMc01866	iAF987.Gmet_0412	36.8	364	200	5	6	353	3	352	1.42e-60	199
SMc01866	iJN1463.PP_1337	39.0	346	201	5	6	349	8	345	3.43e-56	187
SMc01865	iJN1463.PP_1336	33.3	360	220	10	17	360	21	376	2.44e-42	152
SMc01865	iML1515.b0089	30.5	374	241	8	18	378	45	412	1.12e-38	142
SMc01864	iAF987.Gmet_0410	34.8	460	270	9	9	456	5	446	9.27e-60	202
SMc01864	iSynCJ816.SGL_RS07755	38.5	397	205	14	70	449	70	444	3.09e-54	187
SMc01863	iAF987.Gmet_0409	53.0	362	161	2	5	366	6	358	1.85e-128	372
SMc01863	iJN1463.PP_1334	52.2	366	164	3	5	366	2	360	1.13e-122	357
SMc01863	STM_v1_0.STM0125	51.0	367	172	3	1	366	1	360	6.47e-122	355
SMc01863	iYL1228.KPN_00091	51.2	367	171	3	1	366	1	360	9.16e-122	355
SMc01863	iML1515.b0087	50.7	367	173	3	1	366	1	360	3.70e-121	353
SMc01863	iSbBS512_1146.SbBS512_E0080	50.7	367	173	3	1	366	1	360	3.70e-121	353
SMc01863	iSF_1195.SF0084	50.7	367	173	3	1	366	1	360	3.70e-121	353
SMc01863	iSSON_1240.SSON_0095	50.7	367	173	3	1	366	1	360	3.70e-121	353
SMc01863	iSDY_1059.SDY_0117	50.4	367	174	3	1	366	1	360	1.49e-120	352
SMc01863	iPC815.YPO0552	49.9	367	176	3	1	366	1	360	2.42e-119	349
SMc01862	iJN1463.PP_1333	35.6	407	244	8	8	412	8	398	7.19e-60	202
SMc01862	iAF987.Gmet_0408	34.7	478	279	11	4	467	2	460	5.61e-58	198
SMc01862	iPC815.YPO0551	36.9	390	217	7	26	407	29	397	9.22e-55	189
SMc01861	iEK1008.Rv2158c	38.2	508	275	11	3	486	39	531	7.04e-84	268
SMc01861	iAF987.Gmet_0407	36.7	509	287	7	1	482	1	501	8.80e-82	262
SMc01861	iSDY_1059.SDY_0115	38.8	503	273	12	6	484	1	492	4.47e-81	259
SMc01861	iSF_1195.SF0082	38.0	502	282	10	6	486	1	494	4.47e-81	259
SMc01861	iSSON_1240.SSON_0093	38.2	502	279	10	6	484	1	494	1.31e-80	258
SMc01861	iML1515.b0085	38.2	500	280	10	6	484	1	492	3.45e-80	257
SMc01861	iPC815.YPO0550	38.6	474	268	10	30	485	20	488	1.66e-79	255
SMc01861	STM_v1_0.STM0123	37.1	501	284	11	6	484	1	492	2.66e-79	255
SMc01861	iSbBS512_1146.SbBS512_E0078	37.8	500	282	10	6	484	1	492	3.74e-79	254
SMc01861	iYL1228.KPN_00089	36.7	498	294	8	6	486	1	494	2.05e-78	253
SMc01861	iJN1463.PP_1332	37.2	486	254	10	30	483	22	488	8.18e-78	251
SMc01861	iHN637.CLJU_RS05190	35.8	467	283	8	25	483	21	478	6.15e-77	248
SMc01861	iYO844.BSU15180	36.7	496	289	9	1	483	1	484	1.65e-76	248
SMc01861	iSynCJ816.SGL_RS16625	37.2	468	277	8	29	483	37	500	2.51e-74	242
SMc01860	iAF987.Gmet_0406	34.6	512	295	12	90	569	60	563	4.37e-73	246
SMc01858	iNF517.LLMG_RS08455	39.5	304	173	7	18	311	4	306	2.42e-51	172
SMc01856	iSF_1195.SF1066	23.8	391	254	18	6	384	4	362	1.85e-11	64.7
SMc01856	iML1515.b1059	23.8	391	254	18	6	384	4	362	5.87e-11	63.2
SMc01856	iSbBS512_1146.SbBS512_E2268	23.5	391	255	18	6	384	4	362	5.87e-11	63.2
SMc01856	STM_v1_0.STM1160	23.8	378	247	13	6	373	4	350	1.39e-10	62.0
SMc01856	iSSON_1240.SSON_1079	23.3	391	256	18	6	384	4	362	3.30e-10	60.8
SMc01856	iSDY_1059.SDY_2096	24.2	401	240	19	6	384	4	362	4.40e-10	60.5
SMc01856	iPC815.YPO2448	21.9	401	236	14	6	378	4	355	1.84e-09	58.5
SMc01855	iAF987.Gmet_3262	30.6	121	75	2	62	177	138	254	7.95e-13	64.3
SMc01854	iML1515.b0867	38.9	226	118	7	27	238	43	262	3.61e-41	142
SMc01852	iLB1027_lipid.PHATRDRAFT_55126	47.6	403	201	5	6	398	15	417	1.24e-117	348
SMc01851	STM_v1_0.STM3960	34.4	209	134	1	1	209	1	206	1.11e-29	108
SMc01851	iPC815.YPO3831	35.0	206	129	2	1	204	1	203	1.21e-28	106
SMc01851	iML1515.b3824	34.4	209	134	1	1	209	1	206	1.71e-28	105
SMc01851	iSbBS512_1146.SbBS512_E4291	34.4	209	134	1	1	209	1	206	1.71e-28	105
SMc01851	iYL1228.KPN_04320	33.5	209	136	1	1	209	1	206	3.38e-28	105
SMc01850	iAF987.Gmet_3262	34.7	124	72	4	194	316	112	227	2.99e-09	56.6
SMc01849	iAF692.Mbar_A1202	22.5	293	181	10	162	427	40	313	3.42e-05	45.4
SMc01848	iLB1027_lipid.PHATRDRAFT_42872	27.9	369	225	14	45	398	161	503	1.10e-17	85.1
SMc01847	iLB1027_lipid.PHATRDRAFT_42872	30.4	184	109	6	10	176	551	732	2.00e-12	65.5
SMc01845	iJN1463.PP_4805	32.4	244	153	5	97	333	103	341	2.20e-30	119
SMc01844	iML1515.b3943	29.2	295	177	12	20	302	15	289	2.07e-12	66.2
SMc01843	iPC815.YPO0117	42.2	282	151	3	14	293	23	294	3.55e-70	219
SMc01843	iYL1228.KPN_04239	42.5	280	153	3	14	293	23	294	2.06e-69	217
SMc01843	iML1515.b3941	41.8	280	155	3	14	293	23	294	1.70e-68	215
SMc01843	STM_v1_0.STM4105	42.5	280	153	3	14	293	23	294	1.70e-68	215
SMc01843	iSbBS512_1146.SbBS512_E4428	41.8	280	155	3	14	293	23	294	1.70e-68	215
SMc01843	iSF_1195.SF4019	41.8	280	155	3	14	293	23	294	1.70e-68	215
SMc01843	iSSON_1240.SSON_4115	41.8	280	155	3	14	293	23	294	1.70e-68	215
SMc01843	iSDY_1059.SDY_3776	41.8	280	155	3	14	293	23	294	2.40e-68	214
SMc01842	iNF517.LLMG_RS03890	31.3	147	96	4	118	259	7	153	6.35e-10	58.5
SMc01842	iCN718.ABAYE_RS17020	34.9	106	65	2	160	261	131	236	1.95e-08	54.7
SMc01842	iHN637.CLJU_RS19845	30.2	159	105	4	121	273	9	167	1.51e-08	54.3
SMc04454	iCN900.CD630_04310	24.8	516	311	14	12	509	10	466	3.83e-22	99.4
SMc04454	iNF517.LLMG_RS04060	23.8	499	264	13	9	470	5	424	5.18e-22	99.0
SMc04454	STM_v1_0.STM3882	23.8	530	287	21	6	496	4	455	1.73e-21	97.4
SMc04454	iML1515.b3749	23.5	531	287	20	6	496	4	455	2.31e-21	97.1
SMc04454	iYL1228.KPN_04154	24.1	532	283	19	6	496	4	455	3.09e-21	96.7
SMc04454	iJN1463.PP_2455	24.0	546	294	16	1	502	11	479	4.59e-21	96.3
SMc04454	iHN637.CLJU_RS00620	23.5	531	283	16	6	492	5	456	1.71e-19	91.3
SMc04454	iML1515.b1917	31.7	221	128	5	318	515	4	224	2.06e-20	90.5
SMc02818	iEK1008.Rv0183	27.8	284	169	8	27	307	29	279	2.53e-17	80.1
SMc02818	iCHOv1.100767455	28.9	287	157	11	13	290	37	285	3.88e-15	74.3
SMc04455	STM_v1_0.STM3901	30.5	532	358	7	4	532	3	525	1.25e-74	246
SMc04455	iYL1228.KPN_04267	29.8	533	360	9	4	532	3	525	9.86e-73	241
SMc04455	iSynCJ816.SGL_RS09105	31.4	558	336	13	2	529	21	561	1.00e-69	235
SMc04455	iYS854.USA300HOU_RS11065	30.1	561	350	12	1	538	34	575	1.96e-69	233
SMc04455	iAF692.Mbar_A0218	29.6	541	364	8	4	535	11	543	3.74e-69	233
SMc04455	iHN637.CLJU_RS10020	29.8	544	357	9	6	537	5	535	6.57e-68	228
SMc04455	iML1515.b0077	31.2	542	340	11	1	520	3	533	1.51e-67	228
SMc04455	iYO844.BSU28310	28.6	542	370	8	3	534	19	553	7.94e-67	226
SMc04455	iAF692.Mbar_A0428	29.9	551	369	8	3	545	38	579	2.59e-66	225
SMc04455	iSF_1195.SF0072	31.0	542	341	11	1	520	31	561	3.81e-66	225
SMc04455	iSSON_1240.SSON_0084	31.0	542	341	11	1	520	3	533	4.18e-66	224
SMc04455	iLJ478.TM0548	30.6	542	355	10	4	533	8	540	9.97e-66	223
SMc04455	iHN637.CLJU_RS19160	30.5	551	359	10	6	545	15	552	7.75e-66	223
SMc04455	iJN1463.PP_4680	31.8	516	327	11	3	499	5	514	1.13e-65	223
SMc04455	iYL1228.KPN_00082	30.4	542	344	11	1	520	3	533	2.20e-65	222
SMc01576	iJN1463.PP_5257	41.6	416	236	4	10	423	13	423	5.15e-102	310
SMc01582	iAF987.Gmet_1046	36.6	382	229	5	4	377	7	383	4.57e-71	227
SMc01582	iYL1228.KPN_03491	37.7	366	213	5	10	365	11	371	5.73e-65	211
SMc01582	iMM904.YGL256W	34.3	373	236	4	1	369	1	368	1.40e-64	210
SMc01582	iYO844.BSU31050	34.5	383	232	5	10	380	19	394	1.30e-63	208
SMc01588	iLB1027_lipid.PHATRDRAFT_31599	32.7	450	293	5	8	453	16	459	4.73e-72	234
SMc01588	iAF692.Mbar_A1620	30.1	452	309	4	4	453	3	449	2.35e-71	232
SMc01588	iYL1228.KPN_04772	34.3	452	284	6	7	452	6	450	6.86e-71	231
SMc01588	iAF692.Mbar_A2542	29.8	457	314	4	4	458	3	454	3.83e-69	226
SMc01588	iEK1008.Rv0223c	33.0	454	296	5	4	453	28	477	4.69e-68	224
SMc01588	iYO844.BSU31060	32.8	436	285	5	24	452	40	474	5.68e-66	219
SMc01588	iAF987.Gmet_2131	31.9	445	283	6	2	437	19	452	8.81e-66	218
SMc01588	iAF692.Mbar_A0503	31.8	437	290	6	7	437	21	455	1.12e-65	218
SMc01588	STM_v1_0.STM1102	31.8	444	280	8	8	437	23	457	2.92e-65	217
SMc01588	iYL1228.KPN_04787	31.8	444	280	8	8	437	23	457	8.03e-65	216
SMc01588	iSbBS512_1146.SbBS512_E4889	31.8	444	280	8	8	437	23	457	8.03e-65	216
SMc01588	iJN1463.PP_3151	30.6	454	307	4	7	458	13	460	1.16e-64	215
SMc01588	iSSON_1240.SSON_1603	31.4	443	296	4	7	446	20	457	1.44e-64	215
SMc01588	iCN718.ABAYE_RS05595	32.5	462	295	8	4	459	26	476	4.58e-64	214
SMc01588	iSbBS512_1146.SbBS512_E1681	31.5	444	294	6	7	446	12	449	3.28e-64	214
SMc01588	iML1515.b1525	31.2	443	297	4	7	446	12	449	4.60e-64	213
SMc01588	iYO844.BSU03910	33.3	442	274	6	8	437	9	441	9.03e-64	213
SMc01588	iEK1008.Rv0234c	30.5	459	302	4	4	453	57	507	3.89e-63	212
SMc01588	iAT_PLT_636.216	36.5	362	224	4	99	457	137	495	6.10e-63	211
SMc01594	iEK1008.Rv2860c	51.4	451	214	5	4	453	10	456	2.74e-147	427
SMc01597	iMM904.YDL210W	26.2	508	328	16	12	492	57	544	1.27e-30	125
SMc01606	iPC815.YPO3014	28.3	180	114	4	38	214	54	221	9.34e-15	72.0
SMc01607	iEK1008.Rv2399c	26.4	208	137	5	52	251	72	271	9.62e-11	60.5
SMc01607	STM_v1_0.STM1223	27.5	200	133	4	58	253	62	253	2.01e-10	59.3
SMc01608	iCN900.CD630_35300	56.4	241	105	0	1	241	1	241	2.97e-94	283
SMc01608	iCN900.CD630_35270	55.3	244	109	0	1	244	1	244	3.38e-93	281
SMc01608	iJN1463.PP_1722	49.4	326	142	6	1	326	1	303	2.55e-92	278
SMc01608	iHN637.CLJU_RS10680	44.3	352	192	2	2	351	8	357	3.89e-89	272
SMc01608	iCN718.ABAYE_RS05140	48.5	293	137	3	4	285	3	292	4.48e-88	268
SMc01608	iJN1463.PP_1484	51.3	265	126	1	4	265	5	269	1.69e-85	261
SMc01608	iLJ478.TM1376	47.5	284	139	2	4	281	6	285	4.07e-84	259
SMc01608	iYL1228.KPN_04424	44.1	320	172	3	1	315	1	318	1.18e-83	258
SMc01608	iYL1228.KPN_00886	42.9	357	194	6	4	351	36	391	3.40e-83	257
SMc01608	iML1515.b4035	43.8	322	172	3	1	315	1	320	5.02e-83	256
SMc01608	iSSON_1240.SSON_4213	43.8	322	172	3	1	315	1	320	5.02e-83	256
SMc01608	iSF_1195.SF4170	43.8	322	172	3	1	315	1	320	7.09e-83	256
SMc01609	iPC815.YPO3182	31.9	119	80	1	21	138	7	125	1.84e-17	74.7
SMc01609	STM_v1_0.STM0417	34.8	115	74	1	25	138	11	125	3.63e-17	73.9
SMc01609	iJN1463.PP_0517	33.3	114	76	0	25	138	13	126	2.89e-16	71.6
SMc01609	iML1515.b0415	32.2	115	77	1	25	138	11	125	3.89e-16	71.2
SMc01609	iYL1228.KPN_00367	32.2	115	77	1	25	138	11	125	3.89e-16	71.2
SMc01609	iSbBS512_1146.SbBS512_E0336	32.2	115	77	1	25	138	11	125	3.89e-16	71.2
SMc01609	iSDY_1059.SDY_0319	32.2	115	77	1	25	138	11	125	3.89e-16	71.2
SMc01609	iSF_1195.SF0352	32.2	115	77	1	25	138	11	125	3.89e-16	71.2
SMc01609	iSSON_1240.SSON_0392	32.2	115	77	1	25	138	11	125	3.89e-16	71.2
SMc01609	iCN900.CD630_16970	32.4	111	75	0	28	138	13	123	1.00e-15	70.1
SMc01609	iAF987.Gmet_1627	33.3	111	74	0	28	138	15	125	4.04e-15	68.6
SMc01611	iYL1228.KPN_00165	38.4	737	400	21	14	723	16	725	1.60e-133	411
SMc01611	STM_v1_0.STM0191	37.5	702	399	13	40	723	40	719	2.45e-126	392
SMc01611	iSSON_1240.SSON_0162	37.5	686	395	12	53	723	53	719	2.45e-126	392
SMc01611	iSbBS512_1146.SbBS512_E0142	37.3	683	394	12	56	723	56	719	1.35e-125	390
SMc01611	iML1515.b0150	36.9	707	388	16	53	723	53	737	2.35e-124	388
SMc01611	iSF_1195.SF0142	36.9	707	388	16	53	723	53	737	3.31e-124	387
SMc01611	iSDY_1059.SDY_0166	36.6	707	390	16	53	723	53	737	5.01e-123	384
SMc01611	iJN1463.PP_0350	35.4	704	408	17	53	733	131	810	1.37e-121	382
SMc01611	iJN1463.PP_0160	35.6	700	403	16	54	730	151	825	5.88e-121	381
SMc01613	iYL1228.KPN_01125	56.3	142	55	3	3	139	4	143	4.11e-42	136
SMc01613	iPC815.YPO3353	50.0	148	69	2	1	144	2	148	7.49e-40	130
SMc01614	iYL1228.KPN_01120	46.3	257	126	6	6	253	5	258	6.84e-67	207
SMc01614	iCN900.CD630_31720	42.5	247	131	5	8	249	6	246	4.26e-61	192
SMc01617	iEK1008.Rv1692	27.9	247	159	8	10	252	1	232	1.56e-11	63.5
SMc01618	iLJ478.TM0116	25.0	456	284	14	7	420	3	442	1.99e-22	99.0
SMc01620	iSDY_1059.SDY_3649	52.7	490	228	2	7	496	3	488	3.42e-182	520
SMc01620	iSbBS512_1146.SbBS512_E3808	52.4	490	229	2	7	496	3	488	9.74e-182	518
SMc01620	iSSON_1240.SSON_3663	52.4	490	229	2	7	496	3	488	1.96e-181	518
SMc01620	iML1515.b3426	52.4	490	229	2	7	496	3	488	3.93e-181	517
SMc01620	iSF_1195.SF3448	52.2	490	230	2	7	496	8	493	6.62e-181	516
SMc01620	STM_v1_0.STM3526	52.0	490	231	2	7	496	3	488	2.68e-179	512
SMc01620	iYL1228.KPN_03792	52.0	490	231	3	7	496	3	488	8.75e-178	508
SMc01620	iJN1463.PP_1073	54.4	491	219	4	8	498	17	502	8.64e-176	504
SMc01620	iCN718.ABAYE_RS04625	51.6	490	229	4	8	496	12	494	3.88e-172	494
SMc01621	iYL1228.KPN_03151	48.4	213	106	2	1	212	1	210	2.33e-60	188
SMc01621	iSSON_1240.SSON_2957	47.4	213	108	2	1	212	1	210	1.07e-58	184
SMc01621	STM_v1_0.STM2974	46.0	213	111	2	1	212	1	210	2.15e-58	183
SMc01621	iML1515.b2800	46.9	213	109	2	1	212	1	210	1.74e-57	181
SMc01621	iSDY_1059.SDY_3017	46.9	213	109	2	1	212	1	210	1.74e-57	181
SMc01621	iSF_1195.SF2814	46.9	213	109	2	1	212	1	210	1.74e-57	181
SMc01622	iHN637.CLJU_RS05680	33.9	336	215	6	3	336	2	332	6.41e-58	190
SMc01623	iHN637.CLJU_RS08965	27.0	503	331	13	6	497	4	481	3.75e-40	151
SMc01623	iPC815.YPO4039	28.5	466	304	12	6	466	3	444	2.49e-35	137
SMc01624	iEK1008.Rv1238	37.1	391	204	5	6	364	4	384	4.25e-81	253
SMc01624	iJN1463.PP_1018	36.9	371	210	7	6	364	4	362	3.61e-77	242
SMc01625	iJN1463.PP_1018	39.0	382	219	9	1	371	1	379	1.78e-70	225
SMc01625	iPC815.YPO3793	38.6	373	200	8	1	360	1	357	6.55e-70	223
SMc01625	iML1515.b3450	39.4	363	208	7	1	358	1	356	8.98e-70	222
SMc01625	STM_v1_0.STM3554	40.0	370	196	8	1	358	1	356	8.98e-70	222
SMc01625	iSbBS512_1146.SbBS512_E3873	39.1	363	209	7	1	358	1	356	9.95e-69	219
SMc01625	iLJ478.TM0421	35.8	360	229	2	1	359	1	359	2.38e-67	216
SMc01625	iYL1228.KPN_04424	42.3	286	162	3	1	283	1	286	2.46e-66	214
SMc01625	iML1515.b4035	41.7	288	163	3	1	283	1	288	5.15e-66	213
SMc01625	iSF_1195.SF4170	41.7	288	163	3	1	283	1	288	5.15e-66	213
SMc01625	iSSON_1240.SSON_4213	41.7	288	163	3	1	283	1	288	5.15e-66	213
SMc01625	iYS854.USA300HOU_RS01090	36.2	367	224	4	1	359	1	365	8.67e-66	212
SMc01625	STM_v1_0.STM4230	41.1	287	164	3	1	283	1	286	2.70e-65	211
SMc01625	iYL1228.KPN_03810	38.7	362	210	7	1	357	1	355	2.67e-65	211
SMc01625	iPC815.YPO3712	39.7	312	180	4	1	309	1	307	3.81e-65	211
SMc01625	iSynCJ816.SGL_RS17635	35.6	334	201	5	1	330	1	324	4.28e-62	202
SMc01626	iEK1008.Rv1237	35.1	276	157	7	17	285	14	274	3.06e-32	119
SMc01627	iEK1008.Rv1236	32.6	285	177	6	15	294	19	293	1.99e-32	121
SMc01627	iLJ478.TM1121	29.1	282	191	6	18	294	16	293	1.92e-29	113
SMc01627	iCN900.CD630_34160	29.1	234	162	1	66	295	52	285	2.07e-29	113
SMc01627	iEK1008.Rv2316	29.5	268	182	4	18	284	8	269	7.93e-29	111
SMc01627	iJN1463.PP_1016	26.2	305	217	4	3	303	2	302	5.21e-28	109
SMc01631	iPC815.YPO1332	47.0	319	158	3	9	318	20	336	1.70e-95	288
SMc01631	iCN900.CD630_10240	45.6	351	177	5	7	356	4	341	6.06e-94	283
SMc01631	iYL1228.KPN_00886	46.9	320	159	3	9	319	36	353	1.01e-92	282
SMc01631	iYS854.USA300HOU_RS05485	44.6	352	176	5	9	356	5	341	4.14e-93	282
SMc01631	iSF_1195.SF0809	46.3	320	161	3	9	319	47	364	1.12e-91	280
SMc01631	iML1515.b0855	46.3	320	161	3	9	319	20	337	7.00e-92	279
SMc01631	iSSON_1240.SSON_0840	46.3	320	161	3	9	319	47	364	1.59e-91	279
SMc01631	STM_v1_0.STM0878	46.3	320	161	3	9	319	20	337	9.90e-92	279
SMc01631	iSbBS512_1146.SbBS512_E2476	46.3	320	161	3	9	319	20	337	2.80e-91	278
SMc01631	iSDY_1059.SDY_0740	45.9	320	162	3	9	319	20	337	2.80e-91	278
SMc01631	iJN1463.PP_1484	44.4	354	169	6	9	356	5	336	2.01e-88	269
SMc01631	iJN1463.PP_0411	46.0	326	166	5	9	326	15	338	5.28e-85	261
SMc01631	iYL1228.KPN_01132	54.3	243	109	1	9	251	18	258	8.41e-85	261
SMc01631	iSDY_1059.SDY_2026	47.2	337	167	6	9	337	18	351	2.37e-84	260
SMc01632	iNF517.LLMG_RS06715	30.2	321	214	5	45	361	13	327	3.56e-42	150
SMc01632	iCN900.CD630_10270	28.3	315	216	4	74	383	41	350	2.35e-41	148
SMc01632	iML1515.b1123	32.9	307	194	7	55	357	19	317	1.73e-38	140
SMc01632	STM_v1_0.STM1222	32.3	319	195	7	59	362	10	322	1.73e-38	140
SMc01632	iSDY_1059.SDY_2029	32.9	307	194	7	55	357	19	317	1.73e-38	140
SMc01632	iSF_1195.SF1125	32.9	307	194	7	55	357	19	317	1.73e-38	140
SMc01632	iSSON_1240.SSON_1141	32.6	307	195	7	55	357	19	317	6.51e-38	139
SMc01632	iSbBS512_1146.SbBS512_E2202	32.6	307	195	7	55	357	19	317	3.40e-37	137
SMc01632	iJN1463.PP_5181	30.1	306	197	6	67	356	28	332	9.24e-37	136
SMc01632	iJN1463.PP_5180	30.9	304	196	4	72	361	33	336	1.26e-36	136
SMc01633	iHN637.CLJU_RS10675	39.0	267	157	4	17	278	17	282	2.45e-56	182
SMc01633	iCN900.CD630_10250	38.5	252	148	5	19	267	10	257	3.91e-52	171
SMc01634	iPC815.YPO1334	40.0	250	136	4	2	249	13	250	1.46e-44	151
SMc01634	iSF_1195.SF0811	40.1	242	129	5	11	249	22	250	4.47e-43	147
SMc01634	iML1515.b0857	40.1	242	129	5	11	249	22	250	8.86e-43	147
SMc01634	iSbBS512_1146.SbBS512_E2474	40.1	242	129	5	11	249	22	250	8.86e-43	147
SMc01634	iSDY_1059.SDY_0738	40.1	242	129	5	11	249	22	250	8.86e-43	147
SMc01634	STM_v1_0.STM0880	40.1	242	129	5	11	249	22	250	1.25e-42	146
SMc01634	iSSON_1240.SSON_0842	39.7	242	130	5	11	249	22	250	9.67e-42	144
SMc01634	iYL1228.KPN_00888	38.8	242	132	5	11	249	22	250	4.11e-40	140
SMc01635	iLJ478.TM1724	35.7	249	154	2	1	249	1	243	7.90e-43	145
SMc01635	iCN718.ABAYE_RS09790	35.9	256	158	1	2	251	4	259	1.43e-40	140
SMc01635	iAF987.Gmet_1601	38.2	249	148	2	1	249	1	243	9.65e-41	140
SMc01635	iCN900.CD630_26790	34.4	256	162	2	2	251	1	256	6.21e-38	133
SMc01637	iJN1463.PP_0303	61.1	296	113	2	5	300	1	294	1.82e-125	359
SMc01638	iJN1463.PP_0302	48.1	308	159	1	1	308	4	310	5.86e-95	290
SMc01639	iYO844.BSU18260	40.7	388	216	5	1	382	1	380	1.21e-86	267
SMc01639	iYO844.BSU37170	39.7	390	212	5	1	380	1	377	4.15e-81	253
SMc01639	iAT_PLT_636.35	37.3	383	227	3	5	382	34	408	1.16e-76	242
SMc01640	iCN900.CD630_21960	27.1	722	461	16	7	687	2	699	7.35e-72	246
SMc01641	STM_v1_0.STM0070	54.2	253	115	1	12	263	9	261	3.27e-89	265
SMc01641	iML1515.b0036	53.4	253	117	1	12	263	9	261	4.64e-89	264
SMc01641	iSF_1195.SF0033	53.4	253	117	1	12	263	45	297	1.49e-88	264
SMc01641	iSSON_1240.SSON_0042	53.0	253	118	1	12	263	45	297	1.71e-87	261
SMc01641	iSDY_1059.SDY_0058	51.8	253	121	1	12	263	45	297	1.28e-84	254
SMc01642	iML1515.b3544	23.7	519	337	14	50	511	6	522	5.59e-29	120
SMc01642	iSDY_1059.SDY_4567	23.5	519	338	14	50	511	6	522	1.02e-28	119
SMc01642	iSF_1195.SF3579	23.5	519	338	14	50	511	6	522	1.02e-28	119
SMc01642	iSSON_1240.SSON_3846	23.7	519	337	14	50	511	6	522	1.02e-28	119
SMc01642	iYL1228.KPN_03899	24.3	461	309	12	89	511	55	513	3.14e-28	117
SMc01642	STM_v1_0.STM3630	23.5	519	338	14	50	511	6	522	3.60e-27	114
SMc01643	iML1515.b0831	36.2	309	189	2	59	367	5	305	1.70e-54	181
SMc01643	iSDY_1059.SDY_0756	36.2	309	189	2	59	367	5	305	1.70e-54	181
SMc01643	iSSON_1240.SSON_0813	36.2	309	189	2	59	367	5	305	2.40e-54	181
SMc01643	iSF_1195.SF0781	35.9	309	190	2	59	367	5	305	6.67e-54	179
SMc01643	iSbBS512_1146.SbBS512_E2517	36.2	309	189	3	59	367	5	305	1.32e-53	179
SMc01643	STM_v1_0.STM0850	34.6	309	194	2	59	367	5	305	1.69e-50	171
SMc01643	iYL1228.KPN_00864	34.3	309	195	2	59	367	5	305	2.56e-49	167
SMc01643	iJN1463.PP_0881	34.2	336	200	3	55	369	1	336	2.27e-47	163
SMc01643	STM_v1_0.STM3629	31.6	335	205	2	59	369	5	339	2.45e-47	163
SMc01644	iJN1463.PP_0880	35.1	259	161	2	10	261	38	296	2.65e-42	146
SMc01645	iYS854.USA300HOU_RS01050	37.4	540	304	12	1	521	1	525	5.75e-107	330
SMc01645	iSDY_1059.SDY_0758	35.0	565	319	7	4	525	1	560	3.15e-97	307
SMc01645	iSbBS512_1146.SbBS512_E2519	34.9	565	320	7	4	525	12	571	8.23e-97	306
SMc01645	iSSON_1240.SSON_0811	34.9	565	320	7	4	525	1	560	1.23e-96	305
SMc01645	iML1515.b0829	34.9	565	320	7	4	525	12	571	2.28e-96	305
SMc01645	iSF_1195.SF0779	34.9	565	320	7	4	525	1	560	9.46e-96	303
SMc01645	iYL1228.KPN_00862	33.9	564	330	8	3	527	11	570	6.67e-94	298
SMc01645	STM_v1_0.STM0848	35.0	540	308	6	26	522	29	568	1.45e-93	298
SMc01647	iML1515.b3544	21.6	490	327	13	62	511	50	522	5.65e-23	102
SMc01647	iYL1228.KPN_03899	22.8	465	311	14	89	511	55	513	7.24e-23	101
SMc01647	iSDY_1059.SDY_4567	21.4	490	328	13	62	511	50	522	1.01e-22	101
SMc01647	iSF_1195.SF3579	21.4	490	328	13	62	511	50	522	1.01e-22	101
SMc01647	iSSON_1240.SSON_3846	21.6	490	327	13	62	511	50	522	1.01e-22	101
SMc01647	iYL1228.KPN_03850	24.4	479	301	19	68	504	37	496	2.26e-22	100
SMc01647	iSbBS512_1146.SbBS512_E2518	25.3	435	283	11	103	508	75	496	2.88e-22	99.8
SMc01647	iSDY_1059.SDY_0757	25.3	435	283	11	103	508	75	496	2.88e-22	99.8
SMc01647	iML1515.b0830	25.3	435	283	11	103	508	75	496	3.85e-22	99.4
SMc01647	iSSON_1240.SSON_0812	25.1	435	284	11	103	508	75	496	9.17e-22	98.2
SMc01647	iSF_1195.SF0780	25.1	435	284	11	103	508	75	496	1.64e-21	97.4
SMc01647	iYL1228.KPN_00863	24.6	435	286	11	103	508	75	496	2.19e-21	97.1
SMc01647	STM_v1_0.STM3630	21.4	463	320	12	89	511	64	522	3.22e-21	96.7
SMc01647	iML1515.b1243	24.6	545	335	22	1	500	1	514	5.83e-20	92.8
SMc01647	iSDY_1059.SDY_1301	24.4	545	336	22	1	500	1	514	7.76e-20	92.4
SMc01647	STM_v1_0.STM0849	24.4	435	287	11	103	508	75	496	9.22e-20	92.0
SMc01650	iEK1008.Rv1399c	39.8	264	138	5	59	302	53	315	9.05e-41	144
SMc01650	iEK1008.Rv1400c	40.1	242	129	4	65	291	65	305	3.79e-39	139
SMc01650	iEK1008.Rv2970c	38.3	256	134	6	65	300	118	369	4.88e-36	132
SMc01652	iSSON_1240.SSON_1697	62.1	380	137	3	7	386	9	381	9.51e-183	511
SMc01652	iML1515.b1440	63.5	364	129	2	23	386	22	381	1.92e-182	511
SMc01652	iSDY_1059.SDY_1734	63.5	364	129	2	23	386	22	381	1.92e-182	511
SMc01652	iYL1228.KPN_01928	62.6	364	132	2	23	386	22	381	1.72e-178	501
SMc01653	iJN1463.PP_1484	59.7	308	122	1	15	320	1	308	9.41e-125	361
SMc01653	iML1515.b1441	64.1	301	98	4	15	311	1	295	1.09e-124	361
SMc01653	iSSON_1240.SSON_1696	64.1	301	98	4	15	311	1	295	1.09e-124	361
SMc01653	iSDY_1059.SDY_1733	63.5	301	100	4	15	311	1	295	7.18e-123	356
SMc01653	iYL1228.KPN_01927	58.0	336	133	3	15	344	1	334	1.17e-121	353
SMc01654	iYL1228.KPN_01926	59.9	299	120	0	18	316	11	309	4.53e-124	357
SMc01654	iML1515.b1442	56.5	313	136	0	4	316	1	313	1.05e-123	356
SMc01655	iML1515.b1443	63.0	265	95	1	1	265	1	262	1.77e-113	327
SMc01655	iYL1228.KPN_01925	60.1	271	105	1	1	271	1	268	1.35e-111	322
SMc01655	iSSON_1240.SSON_1694	62.3	265	97	1	1	265	1	262	4.78e-111	320
SMc01656	iJN1463.PP_1481	63.1	474	175	0	1	474	1	474	5.75e-225	626
SMc01656	iYL1228.KPN_01924	62.1	475	180	0	1	475	7	481	6.25e-219	611
SMc01656	iSSON_1240.SSON_1693	61.0	474	185	0	1	474	1	474	1.07e-215	602
SMc01656	iML1515.b1444	60.8	474	186	0	1	474	1	474	6.16e-215	600
SMc01656	STM_v1_0.STM1597	62.4	474	178	0	1	474	8	481	3.20e-214	599
SMc01656	iSF_1195.SF1774	60.5	474	187	0	1	474	1	474	3.54e-214	598
SMc01656	iSDY_1059.SDY_1730	60.1	474	189	0	1	474	1	474	1.35e-211	592
SMc01656	iJN1463.PP_2801	58.9	474	195	0	1	474	1	474	3.15e-210	588
SMc01657	iJN1463.PP_0350	34.5	685	417	11	61	724	137	810	5.08e-132	409
SMc01657	iML1515.b0150	37.0	702	377	20	68	724	66	747	3.39e-129	400
SMc01657	iSF_1195.SF0142	37.0	702	377	20	68	724	66	747	3.39e-129	400
SMc01657	iSDY_1059.SDY_0166	36.6	702	380	20	68	724	66	747	3.99e-127	395
SMc01657	iSSON_1240.SSON_0162	36.2	674	403	14	68	724	66	729	4.86e-127	394
SMc01657	iSbBS512_1146.SbBS512_E0142	36.1	674	404	14	68	724	66	729	2.67e-126	392
SMc01657	iYL1228.KPN_00165	35.4	684	400	18	68	724	67	735	6.20e-126	391
SMc01657	STM_v1_0.STM0191	35.6	674	407	14	68	724	66	729	1.59e-124	387
SMc01657	iJN1463.PP_0160	35.0	686	411	12	61	724	156	828	5.62e-123	386
SMc01659	iPC815.YPO1310	37.0	349	211	6	36	377	32	378	7.06e-74	234
SMc01662	iAT_PLT_636.1757	36.8	818	463	12	2	772	60	870	1.03e-167	507
SMc01663	iMM1415.74129	37.4	824	484	12	8	814	43	851	1.34e-179	538
SMc01663	iCHOv1.100759503	36.8	819	496	11	8	814	48	856	1.35e-177	533
SMc01663	iAT_PLT_636.29958	36.8	819	496	11	8	814	50	858	1.67e-176	530
SMc01666	iAF692.Mbar_A3023	38.2	403	219	8	29	427	18	394	2.07e-81	255
SMc01666	iJN1463.PP_1308	40.8	409	212	9	20	424	12	394	6.51e-81	254
SMc01666	iYO844.BSU27250	35.9	410	228	8	19	427	4	379	3.30e-72	231
SMc01669	iAF987.Gmet_2071	41.0	261	150	2	2	262	3	259	2.38e-57	183
SMc01669	iAF987.Gmet_1716	39.0	259	154	1	5	263	6	260	1.34e-50	166
SMc01669	iAF987.Gmet_2212	39.1	258	151	3	3	258	4	257	2.00e-50	166
SMc01740	iLB1027_lipid.PHATRDRAFT_22568	37.4	350	189	5	26	345	20	369	4.60e-60	197
SMc01740	iCHOv1.100771827	36.5	351	197	2	19	343	8	358	8.11e-58	191
SMc01745	iML1515.b3399	32.9	79	53	0	105	183	108	186	7.42e-05	42.0
SMc01744	iEK1008.Rv0295c	29.8	215	124	7	7	202	8	214	2.31e-16	75.1
SMc01550	iAF987.Gmet_3253	27.3	128	88	4	10	134	4	129	2.16e-05	41.6
SMc01551	iJN1463.PP_1280	31.7	442	237	15	1	430	1	389	1.25e-42	158
SMc01564	iYL1228.KPN_03961	70.3	340	101	0	5	344	1	340	1.55e-184	513
SMc01564	iML1515.b3616	70.6	340	100	0	5	344	1	340	2.20e-184	512
SMc01564	iSbBS512_1146.SbBS512_E4044	70.3	340	101	0	5	344	1	340	6.30e-184	511
SMc01564	iSF_1195.SF3656	70.3	340	101	0	5	344	1	340	6.30e-184	511
SMc01564	iSSON_1240.SSON_3788	69.7	340	103	0	5	344	1	340	5.16e-183	509
SMc01564	iPC815.YPO0060	69.4	340	104	0	5	344	1	340	1.04e-182	508
SMc01564	iSDY_1059.SDY_4049	69.7	340	103	0	5	344	1	340	2.97e-182	507
SMc01564	STM_v1_0.STM3708	69.4	340	104	0	5	344	1	340	5.99e-182	506
SMc01565	STM_v1_0.STM3709	69.2	393	119	1	5	395	5	397	2.94e-195	544
SMc01565	iML1515.b3617	68.3	397	124	1	1	395	1	397	5.92e-195	543
SMc01565	iSF_1195.SF3657	68.3	397	124	1	1	395	1	397	5.92e-195	543
SMc01565	iSSON_1240.SSON_3787	68.3	397	124	1	1	395	1	397	8.41e-195	543
SMc01565	iSbBS512_1146.SbBS512_E4045	68.0	397	125	1	1	395	1	397	2.40e-194	542
SMc01565	iSDY_1059.SDY_4050	68.0	397	125	1	1	395	1	397	2.40e-194	542
SMc01565	iYL1228.KPN_03962	69.0	393	119	2	5	395	5	396	2.20e-192	537
SMc01565	iPC815.YPO0059	69.0	393	120	1	5	395	10	402	2.23e-191	535
SMc01566	iYS854.USA300HOU_RS07595	31.1	428	251	10	39	426	4	427	1.11e-54	192
SMc01569	STM_v1_0.STM0066	53.2	380	168	5	14	391	5	376	6.84e-131	380
SMc01569	iCN718.ABAYE_RS04535	52.0	381	175	6	14	393	5	378	1.63e-128	374
SMc01569	iJN1463.PP_4724	51.8	382	174	5	14	393	5	378	2.24e-128	374
SMc01569	iML1515.b0032	52.2	381	170	6	14	391	5	376	1.03e-127	372
SMc01569	iSbBS512_1146.SbBS512_E0036	52.2	381	170	6	14	391	5	376	1.03e-127	372
SMc01569	iSSON_1240.SSON_0037	52.2	381	170	6	14	391	5	376	1.03e-127	372
SMc01569	iSF_1195.SF0029	52.2	381	170	6	14	391	5	376	2.07e-127	372
SMc01569	iSDY_1059.SDY_0054	52.2	381	170	6	14	391	5	376	4.16e-127	371
SMc01569	iYL1228.KPN_00040	52.4	378	170	5	14	389	14	383	1.13e-126	370
SMc01569	iPC815.YPO0481	53.4	378	166	6	14	389	5	374	7.36e-125	365
SMc01569	iAF987.Gmet_1771	50.8	382	175	4	14	393	3	373	3.58e-121	355
SMc01571	iHN637.CLJU_RS20765	34.4	247	147	5	7	245	7	246	2.83e-32	118
SMc01571	iLJ478.TM1724	32.8	247	154	4	5	245	4	244	5.69e-31	114
SMc01571	iAF987.Gmet_1601	33.3	249	154	5	3	245	2	244	3.09e-30	112
SMc01571	iNF517.LLMG_RS08950	32.5	243	153	5	7	245	6	241	6.03e-29	109
SMc01572	iAF987.Gmet_3011	31.0	145	96	1	1	141	1	145	8.83e-16	72.0
SMc01578	iCN718.ABAYE_RS05270	55.2	391	169	2	4	394	5	389	5.05e-140	405
SMc01578	iHN637.CLJU_RS06550	48.7	392	199	2	4	395	3	392	2.32e-127	372
SMc01578	iYO844.BSU22370	48.7	392	195	2	4	395	3	388	4.68e-126	369
SMc01583	iML1515.b0837	42.8	348	189	6	51	391	24	368	1.28e-83	259
SMc01583	iSbBS512_1146.SbBS512_E2507	42.5	348	190	6	51	391	24	368	5.07e-83	258
SMc01583	iSSON_1240.SSON_0820	42.5	348	190	6	51	391	24	368	7.16e-83	257
SMc01583	iYL1228.KPN_00869	41.4	345	196	5	52	391	23	366	9.25e-77	241
SMc01587	iCN900.CD630_27420	36.0	203	121	5	10	210	9	204	9.64e-35	122
SMc01587	iEK1008.Rv2581c	34.4	215	119	4	15	213	14	222	9.01e-34	120
SMc01593	iAF987.Gmet_1919	35.6	118	75	1	15	131	5	122	4.59e-17	78.6
SMc01595	iAF987.Gmet_0043	24.1	145	101	3	323	459	123	266	3.22e-07	52.4
SMc04456	iAF692.Mbar_A0543	31.2	109	73	2	4	112	603	709	9.82e-14	65.5
SMc04456	iLJ478.TM1085	33.3	108	68	3	5	112	525	628	4.05e-12	60.8
SMc02677	iJN1463.PP_5095	41.7	264	151	3	9	271	6	267	3.99e-52	171
SMc02677	iCN718.ABAYE_RS15715	42.1	273	151	5	1	271	1	268	1.55e-49	164
SMc02681	STM_v1_0.STM3002	43.6	289	126	6	11	272	6	284	1.08e-78	239
SMc02684	iJN1463.PP_4432	28.6	336	226	5	3	327	8	340	1.17e-29	117
SMc02686	iAF987.Gmet_2848	57.0	309	133	0	1	309	5	313	6.62e-121	349
SMc02686	iJN1463.PP_0722	55.8	310	135	2	1	309	4	312	6.51e-116	336
SMc02686	iPC815.YPO2013	54.8	312	138	3	1	310	4	314	2.29e-114	332
SMc02686	iSF_1195.SF1210	55.1	312	137	3	1	310	4	314	6.53e-114	331
SMc02686	STM_v1_0.STM1780	55.1	312	137	3	1	310	4	314	1.86e-113	330
SMc02686	iML1515.b1207	55.1	312	137	3	1	310	4	314	2.64e-113	330
SMc02686	iSDY_1059.SDY_1256	55.1	312	137	3	1	310	4	314	2.64e-113	330
SMc02686	iSSON_1240.SSON_1971	55.1	312	137	3	1	310	4	314	2.64e-113	330
SMc02686	iCN718.ABAYE_RS14860	55.2	310	136	3	3	310	6	314	7.78e-113	328
SMc02686	iSbBS512_1146.SbBS512_E1371	54.8	312	138	3	1	310	4	314	7.52e-113	328
SMc02686	iYL1228.KPN_02238	54.2	312	140	3	1	310	1	311	1.94e-112	327
SMc02686	iIT341.HP0742	53.6	308	139	2	2	309	14	317	5.90e-108	316
SMc02687	iML1515.b0331	26.8	224	152	5	11	225	10	230	6.74e-11	61.2
SMc02687	iAF987.Gmet_1122	25.4	268	181	5	11	266	11	271	1.90e-09	57.0
SMc02687	iJN1463.PP_2334	24.6	228	160	5	10	228	10	234	3.32e-09	56.2
SMc02689	iSbBS512_1146.SbBS512_E4003	73.9	491	128	0	12	502	22	512	3.14e-276	758
SMc02689	iSF_1195.SF3626	73.9	491	128	0	12	502	52	542	9.47e-276	758
SMc02689	STM_v1_0.STM3680	73.9	491	128	0	12	502	22	512	1.81e-275	756
SMc02689	iML1515.b3588	73.7	491	129	0	12	502	22	512	3.65e-275	756
SMc02689	iEK1008.Rv0458	74.0	492	128	0	11	502	16	507	2.48e-274	753
SMc02689	iCN718.ABAYE_RS07685	72.4	492	133	1	11	502	15	503	1.84e-268	738
SMc02689	iJN1463.PP_0545	70.1	492	147	0	11	502	15	506	3.37e-260	717
SMc02689	iJN1463.PP_2680	68.9	492	153	0	11	502	15	506	4.54e-258	712
SMc02689	iYL1228.KPN_02991	66.3	492	166	0	11	502	15	506	4.03e-247	684
SMc02695	iSynCJ816.SGL_RS05125	31.0	113	51	5	4	111	20	110	5.51e-04	41.6
SMc02695	iAF987.Gmet_2444	45.7	46	24	1	2	47	21	65	7.44e-04	41.2
SMc02696	iAM_Pb448.PBANKA_133820	43.9	41	18	1	82	122	172	207	9.22e-04	37.7
SMc02698	iPC815.YPO3123	50.0	180	89	1	2	180	8	187	1.58e-63	193
SMc02698	iML1515.b0469	50.0	180	89	1	2	180	4	183	3.96e-63	192
SMc02698	iSbBS512_1146.SbBS512_E0401	50.0	180	89	1	2	180	4	183	3.96e-63	192
SMc02698	iSDY_1059.SDY_0450	50.0	180	89	1	2	180	4	183	3.96e-63	192
SMc02698	iSSON_1240.SSON_0456	50.0	180	89	1	2	180	4	183	3.96e-63	192
SMc02698	iSF_1195.SF0414	50.0	180	89	1	2	180	4	183	7.97e-63	191
SMc02698	iYL1228.KPN_00451	48.3	180	92	1	2	180	4	183	7.50e-61	186
SMc02698	STM_v1_0.STM0483	48.3	180	92	1	2	180	4	183	2.14e-60	185
SMc02698	iAF987.Gmet_1422	51.9	158	76	0	7	164	3	160	2.39e-59	182
SMc02701	iML1515.b1813	39.8	161	96	1	44	204	25	184	3.56e-34	120
SMc02701	iAF987.Gmet_0068	34.0	156	103	0	51	206	34	189	2.02e-30	110
SMc02707	iCN718.ABAYE_RS03670	29.4	109	58	4	31	127	17	118	5.97e-04	38.1
SMc02711	iSynCJ816.SGL_RS16030	35.6	73	44	1	15	84	183	255	1.45e-05	43.5
SMc02717	iJN1463.PP_1025	54.7	558	240	7	10	564	2	549	1.54e-211	599
SMc02717	iEK1008.Rv3710	52.4	599	229	9	18	562	45	641	4.01e-208	593
SMc02717	iCN718.ABAYE_RS16380	52.4	552	241	7	22	565	14	551	1.00e-196	561
SMc02717	iCN900.CD630_09890	50.4	554	266	3	18	562	5	558	2.88e-192	551
SMc02721	iJN1463.PP_4613	24.2	652	397	19	3	635	82	655	2.13e-23	106
SMc02721	iJN1463.PP_0867	22.8	579	364	17	77	635	164	679	2.70e-22	102
SMc02721	iSSON_1240.SSON_4463	24.3	646	369	26	15	631	97	651	3.66e-20	95.9
SMc02722	iEK1008.Rv3817	30.8	214	110	11	11	217	13	195	5.38e-12	64.3
SMc02723	iYS854.USA300HOU_RS03935	54.1	111	51	0	26	136	31	141	1.05e-37	126
SMc02724	iJN1463.PP_4774	33.3	291	185	4	2	288	4	289	5.40e-38	135
SMc02724	STM_v1_0.STM4061	30.2	288	199	2	1	288	1	286	7.21e-37	133
SMc02724	iML1515.b3915	29.9	288	200	2	1	288	1	286	2.08e-35	129
SMc02724	iSDY_1059.SDY_3832	29.9	288	200	2	1	288	1	286	2.08e-35	129
SMc02724	iSF_1195.SF3993	29.9	288	200	2	1	288	1	286	2.08e-35	129
SMc02724	iSSON_1240.SSON_4084	29.9	288	200	2	1	288	1	286	2.08e-35	129
SMc02724	iYL1228.KPN_04222	30.6	288	198	2	1	288	1	286	5.69e-35	128
SMc02724	iSbBS512_1146.SbBS512_E4394	29.9	288	200	2	1	288	1	286	5.69e-35	128
SMc02725	iLB1027_lipid.PHATRDRAFT_17238	50.1	755	324	13	13	717	93	844	7.12e-235	679
SMc02726	iJN1463.PP_1006	29.2	734	442	22	63	739	146	858	5.93e-71	248
SMc02728	iHN637.CLJU_RS18540	57.2	556	236	2	5	559	4	558	2.03e-224	631
SMc02728	iYS854.USA300HOU_RS09195	55.8	554	242	2	6	559	5	555	9.19e-220	619
SMc02728	iCN900.CD630_07180	55.9	556	243	2	5	559	4	558	1.92e-217	613
SMc02728	iNF517.LLMG_RS08030	54.9	556	250	1	4	559	1	555	6.12e-213	602
SMc02736	STM_v1_0.STM1750	55.6	196	83	2	1	195	1	193	1.56e-71	215
SMc02736	iPC815.YPO2176	53.4	193	88	1	1	193	1	191	4.44e-69	208
SMc02736	iSDY_1059.SDY_1290	54.4	195	87	1	1	195	1	193	8.42e-69	208
SMc02736	iSF_1195.SF1238	54.4	195	87	1	1	195	1	193	8.42e-69	208
SMc02736	iSSON_1240.SSON_1941	54.4	195	87	1	1	195	1	193	8.42e-69	208
SMc02736	iML1515.b1238	54.4	193	86	1	1	193	1	191	3.41e-68	206
SMc02736	iSbBS512_1146.SbBS512_E1403	53.8	195	88	1	1	195	1	193	9.72e-68	205
SMc02737	iJN1463.PP_0296	63.5	293	104	2	27	316	21	313	1.11e-126	364
SMc02738	iJN1463.PP_0295	56.4	273	119	0	4	276	2	274	1.40e-92	275
SMc02739	iJN1463.PP_0294	57.3	279	119	0	7	285	6	284	1.38e-103	309
SMc01534	iCN718.ABAYE_RS06905	53.0	428	196	4	14	438	29	454	4.35e-156	449
SMc01534	iJN1463.PP_0596	51.4	430	204	4	12	438	17	444	1.77e-155	447
SMc01533	iSSON_1240.SSON_3619	40.8	568	318	9	6	561	18	579	1.94e-136	408
SMc01533	iSF_1195.SF3796	41.0	568	317	9	6	561	18	579	5.46e-136	407
SMc01533	iYO844.BSU14520	41.6	575	321	10	3	565	4	575	7.79e-136	406
SMc01533	iHN637.CLJU_RS11775	41.0	563	318	8	9	564	8	563	6.09e-136	406
SMc01533	iML1515.b3665	40.7	568	319	9	6	561	18	579	3.07e-135	405
SMc01533	iSDY_1059.SDY_4146	41.0	568	313	10	6	561	18	575	3.05e-134	402
SMc01533	iSbBS512_1146.SbBS512_E4254	40.9	560	313	9	14	561	7	560	2.73e-134	402
SMc01533	iCN900.CD630_18200	37.2	567	330	9	5	564	4	551	1.95e-123	374
SMc01532	iEK1008.Rv2471	41.0	500	264	11	2	489	22	502	6.19e-112	343
SMc01532	iYO844.BSU34560	35.3	547	294	14	11	518	4	529	2.01e-107	332
SMc01532	iCN900.CD630_30910	34.3	542	296	15	9	514	2	519	1.14e-104	325
SMc01532	iYS854.USA300HOU_RS08055	35.2	534	304	11	8	515	2	519	2.11e-103	321
SMc01532	STM_v1_0.STM4453	36.4	539	276	14	11	512	6	514	8.54e-103	320
SMc01532	iSbBS512_1146.SbBS512_E4844	36.1	535	275	13	10	507	6	510	1.49e-100	314
SMc01532	iSF_1195.SF4251	36.1	535	275	13	10	507	6	510	2.10e-100	313
SMc01532	iSDY_1059.SDY_4258	36.3	535	274	13	10	507	6	510	5.85e-100	312
SMc01532	iML1515.b4239	35.9	535	276	13	10	507	6	510	1.16e-99	311
SMc01532	iSSON_1240.SSON_4420	35.9	535	276	13	10	507	6	510	1.63e-99	311
SMc01531	iML1515.b3526	39.5	309	180	5	1	303	1	308	4.65e-57	186
SMc01531	iSSON_1240.SSON_3865	39.2	309	181	5	1	303	74	381	1.23e-55	184
SMc01531	STM_v1_0.STM3612	38.4	310	184	5	1	304	1	309	7.27e-56	182
SMc01531	iSF_1195.SF3557	39.2	309	181	5	1	303	74	381	9.53e-55	182
SMc01531	iSbBS512_1146.SbBS512_E3932	38.8	309	182	5	1	303	1	308	2.87e-55	181
SMc01531	iYL1228.KPN_03876	38.7	313	179	9	1	304	1	309	7.66e-52	172
SMc01529	iYS854.USA300HOU_RS01050	41.6	231	129	3	3	227	280	510	7.64e-56	186
SMc01529	iYS854.USA300HOU_RS04905	41.8	249	132	4	6	242	9	256	2.91e-57	184
SMc01529	iEK1008.Rv1281c	47.2	229	116	3	16	240	373	600	3.04e-54	184
SMc01529	iJN1463.PP_4150	46.6	234	118	4	15	243	297	528	2.37e-54	182
SMc01529	STM_v1_0.STM0848	44.4	232	123	3	16	242	336	566	2.59e-53	181
SMc01529	iYL1228.KPN_00862	45.0	238	125	3	10	242	327	563	3.41e-53	181
SMc01529	iLJ478.TM1063	44.3	237	119	4	18	242	29	264	1.36e-55	181
SMc01529	iLJ478.TM1750	42.1	228	126	3	18	240	31	257	2.72e-55	180
SMc01529	iJN1463.PP_0878	44.2	231	123	4	18	243	28	257	4.61e-55	179
SMc01529	iML1515.b1247	45.0	231	120	3	18	242	38	267	1.26e-54	178
SMc01529	iSbBS512_1146.SbBS512_E1416	45.0	231	120	3	18	242	38	267	1.26e-54	178
SMc01529	iSDY_1059.SDY_1305	45.0	231	120	3	18	242	38	267	1.26e-54	178
SMc01529	iSF_1195.SF1248	45.0	231	120	3	18	242	38	267	1.26e-54	178
SMc01529	iSSON_1240.SSON_1933	45.0	231	120	3	18	242	38	267	7.01e-54	176
SMc01529	iSF_1195.SF0779	43.3	238	129	3	10	242	319	555	2.28e-51	176
SMc01529	STM_v1_0.STM1742	44.2	231	122	3	18	242	38	267	1.39e-53	176
SMc01529	iML1515.b0829	42.9	238	130	3	10	242	330	566	9.82e-51	174
SMc01529	iSbBS512_1146.SbBS512_E2519	42.9	238	130	3	10	242	330	566	9.82e-51	174
SMc01529	iSSON_1240.SSON_0811	42.9	238	130	3	10	242	319	555	8.53e-51	174
SMc01529	iSDY_1059.SDY_0758	42.9	238	130	3	10	242	319	555	1.19e-50	174
SMc01529	iLJ478.TM0057	42.7	232	123	5	18	240	28	258	1.21e-52	173
SMc01529	iYL1228.KPN_02193	43.3	231	124	3	18	242	38	267	2.17e-52	172
SMc01529	iSDY_1059.SDY_4563	42.9	231	126	3	18	243	36	265	3.38e-51	169
SMc01529	iYL1228.KPN_03895	43.3	231	125	3	18	243	36	265	7.23e-51	169
SMc01529	iSF_1195.SF3575	42.9	231	126	3	18	243	36	265	9.45e-51	168
SMc01529	iSSON_1240.SSON_3850	42.9	231	126	3	18	243	36	265	9.45e-51	168
SMc01529	iML1515.b3540	42.9	231	126	3	18	243	36	265	1.33e-50	168
SMc01528	iSSON_1240.SSON_1640	44.8	270	146	3	3	269	4	273	4.11e-70	219
SMc01528	iML1515.b1484	45.2	270	145	3	3	269	4	273	5.80e-70	218
SMc01528	iSDY_1059.SDY_1304	47.2	267	126	4	4	262	19	278	6.00e-69	216
SMc01528	iSF_1195.SF1247	47.2	267	126	4	4	262	19	278	6.00e-69	216
SMc01528	iSSON_1240.SSON_1934	47.2	267	126	4	4	262	19	278	6.00e-69	216
SMc01528	iLJ478.TM1749	46.0	263	140	2	1	261	1	263	4.12e-69	216
SMc01528	iSbBS512_1146.SbBS512_E1415	47.2	267	126	4	4	262	19	278	1.69e-68	215
SMc01528	iYO844.BSU12950	44.6	276	150	3	1	273	1	276	2.26e-68	214
SMc01528	iML1515.b1246	47.2	267	126	4	4	262	19	278	2.39e-68	214
SMc01528	iYL1228.KPN_02194	47.5	261	134	3	4	262	19	278	2.39e-68	214
SMc01528	STM_v1_0.STM1743	47.5	261	134	3	4	262	17	276	2.26e-68	214
SMc01528	iSbBS512_1146.SbBS512_E1747	44.8	270	146	3	3	269	4	273	1.85e-68	214
SMc01528	STM_v1_0.STM3627	45.0	262	142	2	4	263	3	264	2.28e-66	209
SMc01528	iSSON_1240.SSON_3849	44.5	265	145	2	4	266	3	267	2.28e-66	209
SMc01528	iML1515.b3541	44.5	265	145	2	4	266	3	267	3.21e-66	209
SMc01528	iSF_1195.SF3576	44.5	265	145	2	4	266	3	267	3.21e-66	209
SMc01528	iPC815.YPO4000	45.0	262	142	2	4	263	3	264	3.12e-66	209
SMc01528	iYL1228.KPN_03896	44.7	262	143	2	4	263	3	264	4.54e-66	208
SMc01528	iLJ478.TM0058	44.4	268	141	4	1	260	1	268	7.19e-66	208
SMc01528	iYS854.USA300HOU_RS01050	44.6	271	147	3	1	268	1	271	1.37e-63	207
SMc01528	iSDY_1059.SDY_4564	44.2	265	146	2	4	266	3	267	2.56e-65	206
SMc01528	iLJ478.TM1064	44.9	276	146	3	1	270	1	276	1.66e-64	204
SMc01528	iSSON_1240.SSON_0811	45.1	266	138	3	4	261	1	266	3.82e-60	200
SMc01528	iSbBS512_1146.SbBS512_E2519	45.1	266	138	3	4	261	12	277	6.40e-60	200
SMc01528	iSDY_1059.SDY_0758	44.7	266	139	3	4	261	1	266	7.46e-60	199
SMc01528	iJN1463.PP_0879	46.6	264	136	4	4	263	3	265	1.57e-62	199
SMc01528	iML1515.b0829	44.7	266	139	3	4	261	12	277	1.74e-59	199
SMc01528	iYS854.USA300HOU_RS04900	45.9	257	136	3	4	257	5	261	1.25e-61	198
SMc01527	iJN1463.PP_0880	46.7	276	141	2	36	306	29	303	3.40e-73	227
SMc01527	iSDY_1059.SDY_4565	50.7	276	130	2	36	306	23	297	7.55e-73	226
SMc01527	iYL1228.KPN_03897	50.0	276	132	2	36	306	23	297	1.51e-72	225
SMc01527	iML1515.b3542	50.0	276	132	2	36	306	23	297	2.41e-71	222
SMc01527	iSF_1195.SF3577	50.0	276	132	2	36	306	23	297	3.41e-71	222
SMc01527	iSSON_1240.SSON_3848	49.6	276	133	2	36	306	23	297	4.82e-71	221
SMc01527	STM_v1_0.STM3628	49.3	276	134	2	36	306	23	297	9.64e-71	221
SMc01527	iSSON_1240.SSON_1639	43.3	291	160	4	20	310	11	296	1.02e-69	218
SMc01527	iML1515.b1485	43.0	291	161	4	20	310	11	296	1.15e-68	215
SMc01527	iPC815.YPO4001	49.6	276	133	2	36	306	23	297	1.73e-68	215
SMc01527	iSbBS512_1146.SbBS512_E1748	43.0	291	157	5	20	310	11	292	1.63e-67	212
SMc01526	iSSON_1240.SSON_1638	43.8	317	177	1	29	345	20	335	3.92e-87	265
SMc01526	iML1515.b1486	43.8	317	177	1	29	345	20	335	7.85e-87	265
SMc01526	iYL1228.KPN_03898	42.9	331	185	3	16	343	5	334	1.01e-78	244
SMc01526	iJN1463.PP_0881	41.7	319	183	2	26	343	15	331	1.31e-78	243
SMc01526	iSF_1195.SF3578	42.0	331	188	3	16	343	5	334	8.06e-78	241
SMc01526	STM_v1_0.STM3629	41.7	331	189	3	16	343	5	334	1.61e-77	241
SMc01526	iML1515.b3543	41.7	331	189	3	16	343	5	334	3.21e-77	240
SMc01526	iSDY_1059.SDY_4566	41.7	331	189	3	16	343	5	334	3.21e-77	240
SMc01526	iSSON_1240.SSON_3847	41.7	331	189	3	16	343	5	334	3.21e-77	240
SMc01525	iML1515.b1487	28.5	522	336	10	28	544	23	512	6.75e-52	184
SMc01525	iSbBS512_1146.SbBS512_E1750	29.1	525	329	14	28	544	23	512	1.26e-50	181
SMc01525	iSSON_1240.SSON_1637	28.2	522	338	10	28	544	23	512	6.41e-50	179
SMc01524	iJN1463.PP_4213	26.4	288	156	4	113	345	163	449	3.79e-22	96.7
SMc01523	iML1515.b0543	54.9	113	48	1	1	113	1	110	2.63e-33	111
SMc01515	iJN1463.PP_5308	36.8	76	48	0	215	290	146	221	5.10e-06	46.6
SMc01512	iJN1463.PP_4689	34.9	261	160	5	54	308	29	285	6.08e-36	130
SMc01511	iJN1463.PP_4688	57.2	290	117	3	76	362	60	345	3.33e-100	300
SMc01510	iJN1463.PP_4687	37.5	256	157	1	1	256	1	253	5.06e-52	169
SMc01510	iAF692.Mbar_A2397	37.3	255	147	4	7	258	8	252	1.94e-45	152
SMc01503	iYL1228.KPN_02547	40.8	524	293	5	5	516	8	526	1.99e-123	372
SMc01502	iML1515.b3715	32.1	184	124	1	11	193	7	190	5.04e-22	89.7
SMc01501	STM_v1_0.STM3136	38.3	473	284	5	20	485	15	486	2.47e-96	299
SMc01501	iSbBS512_1146.SbBS512_E4791	39.2	469	276	6	20	481	14	480	1.49e-93	292
SMc01501	iSSON_1240.SSON_4478	39.0	469	277	6	20	481	14	480	8.30e-93	290
SMc01501	iML1515.b4323	38.8	469	278	6	20	481	14	480	1.17e-92	290
SMc01501	iYL1228.KPN_01587	37.6	476	288	6	15	484	8	480	1.70e-92	289
SMc01501	iSF_1195.SF4197	38.6	469	279	6	20	481	14	480	1.82e-91	286
SMc01500	iYL1228.KPN_02061	38.8	250	150	1	7	253	3	252	8.77e-49	161
SMc01500	iCN718.ABAYE_RS09965	37.9	256	156	1	1	253	2	257	4.00e-48	159
SMc01500	iNF517.LLMG_RS08260	37.7	247	154	0	7	253	3	249	1.93e-43	147
SMc01500	iEK1008.Rv1928c	37.9	256	140	5	4	253	9	251	8.05e-43	145
SMc01499	iPC815.YPO3712	52.4	361	144	5	1	333	1	361	5.24e-117	342
SMc01499	iYL1228.KPN_04424	51.8	361	146	3	1	333	1	361	6.41e-113	332
SMc01499	STM_v1_0.STM4230	51.5	361	147	4	1	333	1	361	7.34e-112	329
SMc01499	iML1515.b4035	51.2	363	147	4	1	333	1	363	1.57e-111	328
SMc01499	iSSON_1240.SSON_4213	51.2	363	147	4	1	333	1	363	1.57e-111	328
SMc01499	iSF_1195.SF4170	51.0	363	148	4	1	333	1	363	1.27e-110	326
SMc01499	STM_v1_0.STM3554	49.7	350	151	5	1	326	1	349	4.73e-107	316
SMc01499	iML1515.b3450	50.0	350	150	4	1	326	1	349	1.34e-106	315
SMc01499	iYL1228.KPN_03810	50.0	350	150	5	1	326	1	349	1.54e-105	312
SMc01499	iSbBS512_1146.SbBS512_E3873	49.7	350	151	4	1	326	1	349	2.18e-105	312
SMc01499	iPC815.YPO3793	48.6	356	158	4	1	332	1	355	3.19e-105	311
SMc01498	iCN900.CD630_34150	27.5	273	190	4	8	276	18	286	6.97e-29	110
SMc01498	iEK1008.Rv1237	28.9	263	162	5	27	276	23	273	1.15e-25	102
SMc01498	iEK1008.Rv2834c	27.3	256	182	3	23	276	21	274	2.27e-25	101
SMc01497	iEK1008.Rv2040c	31.4	261	171	5	9	264	11	268	6.57e-29	111
SMc01497	iEK1008.Rv1236	32.1	280	183	4	7	285	23	296	3.91e-28	109
SMc01497	iLJ478.TM1121	33.8	237	151	5	50	282	59	293	2.59e-27	107
SMc01496	iCN900.CD630_34140	21.9	333	230	8	39	356	59	376	1.52e-09	59.3
SMc01496	iHN637.CLJU_RS00965	24.5	220	157	5	111	329	125	336	2.50e-08	55.5
SMc01496	iYO844.BSU28750	22.5	333	241	9	1	325	12	335	1.05e-07	53.5
SMc01495	iHN637.CLJU_RS11915	25.3	324	220	8	4	315	6	319	3.30e-17	80.5
SMc01814	iJN1463.PP_4037	52.1	424	195	4	22	438	22	444	4.70e-137	401
SMc01815	iJN1463.PP_4038	66.2	432	131	5	1	430	1	419	2.68e-201	562
SMc01816	iEK1008.Rv3777	27.7	343	207	7	13	338	8	326	7.82e-26	105
SMc01818	iSynCJ816.SGL_RS08340	29.0	293	205	2	252	543	8	298	1.36e-35	135
SMc01820	iJN1463.PP_4034	46.3	408	219	0	8	415	13	420	4.41e-126	370
SMc01820	iJN1463.PP_0614	46.1	408	220	0	5	412	13	420	1.66e-125	369
SMc01821	iJN1463.PP_4036	54.7	479	214	1	1	476	1	479	1.01e-185	527
SMc01823	iCN900.CD630_23610	38.6	236	143	1	9	244	3	236	3.58e-54	175
SMc01823	iYL1228.KPN_00312	40.4	225	127	2	27	246	16	238	8.27e-54	174
SMc01823	iAF987.Gmet_1899	39.8	216	127	2	18	232	16	229	2.14e-53	173
SMc01823	iSynCJ816.SGL_RS05565	38.0	250	147	2	13	256	7	254	2.26e-53	173
SMc01823	iJN1463.PP_0209	39.7	239	142	1	9	247	11	247	5.15e-53	173
SMc01823	iYO844.BSU08830	39.3	224	128	3	28	251	22	237	6.58e-53	172
SMc01823	iML1515.b0366	40.4	230	130	2	27	251	16	243	2.62e-52	170
SMc01823	iJN1463.PP_0232	39.3	229	132	2	28	251	21	247	3.19e-52	170
SMc01823	iSbBS512_1146.SbBS512_E0279	40.4	230	130	2	27	251	16	243	2.62e-52	170
SMc01823	iSSON_1240.SSON_0344	40.4	230	130	2	27	251	16	243	2.62e-52	170
SMc01823	iSynCJ816.SGL_RS16580	39.9	248	142	6	9	251	5	250	2.81e-48	169
SMc01823	iSF_1195.SF0252	40.0	230	131	2	27	251	16	243	2.08e-51	168
SMc01823	iYO844.BSU33730	43.8	201	109	2	19	215	9	209	1.47e-49	167
SMc01823	iYO844.BSU33830	43.7	197	107	2	23	215	13	209	2.85e-49	166
SMc01823	iSDY_1059.SDY_0504	40.0	230	131	2	27	251	16	243	1.65e-50	166
SMc01823	iSynCJ816.SGL_RS06580	32.2	267	175	4	1	263	11	275	5.02e-49	164
SMc01823	iCN900.CD630_35270	43.0	214	111	3	7	216	2	208	9.71e-49	163
SMc01823	iCN900.CD630_35300	42.5	214	112	3	7	216	2	208	9.71e-49	163
SMc01823	iJN1463.PP_0411	42.3	194	111	1	22	214	25	218	1.05e-47	162
SMc01823	iCN718.ABAYE_RS11225	34.0	256	160	3	7	257	2	253	3.71e-48	160
SMc01823	iJN1463.PP_5137	43.8	217	107	4	5	216	6	212	9.65e-47	159
SMc01823	iSynCJ816.SGL_RS17160	46.2	195	104	1	23	216	13	207	1.03e-46	159
SMc01825	iCN900.CD630_19040	28.6	147	101	2	90	236	72	214	3.56e-11	62.0
SMc01826	iYO844.BSU08850	29.9	244	165	4	43	283	33	273	8.22e-25	100
SMc01826	iCN900.CD630_19800	28.0	236	168	2	42	277	16	249	1.08e-24	99.4
SMc01827	iCN900.CD630_19790	27.1	251	152	7	25	262	40	272	1.69e-15	75.9
SMc01828	iAF987.Gmet_3508	24.9	366	203	13	40	378	86	406	1.62e-14	74.3
SMc01829	iML1515.b2470	27.7	1067	682	23	8	1031	6	1026	5.43e-85	297
SMc01829	iSSON_1240.SSON_2550	27.6	1067	683	22	8	1031	6	1026	7.40e-85	297
SMc01829	iJN1463.PP_3426	26.9	1065	717	20	1	1031	1	1037	1.83e-84	296
SMc01829	iSDY_1059.SDY_2654	27.9	1069	678	24	8	1031	6	1026	1.38e-84	296
SMc01829	iSF_1195.SF2512	27.7	1067	682	23	8	1031	6	1026	2.56e-84	295
SMc01829	iJN1463.PP_1385	27.4	1069	697	25	4	1034	2	1029	6.61e-79	280
SMc01829	iML1515.b3266	25.9	1059	714	19	8	1031	6	1028	4.66e-78	277
SMc01829	STM_v1_0.STM3391	26.4	1061	706	21	8	1031	6	1028	4.82e-78	277
SMc01829	iYL1228.KPN_03673	26.9	1064	704	26	4	1031	2	1027	5.45e-77	274
SMc01830	iSynCJ816.SGL_RS03920	71.7	191	54	0	7	197	5	195	3.84e-98	283
SMc01830	iJN1463.PP_2849	66.5	203	68	0	1	203	1	203	3.25e-97	280
SMc01830	iIT341.HP0068	62.1	190	72	0	8	197	2	191	6.72e-88	256
SMc01831	iJN1463.PP_2848	29.0	221	149	5	9	223	6	224	6.79e-07	48.1
SMc01831	iIT341.HP0069	23.3	227	163	4	4	221	28	252	3.64e-06	46.2
SMc01832	iJN1463.PP_2846	38.0	137	84	1	13	148	11	147	6.63e-18	75.5
SMc01832	iSynCJ816.SGL_RS06645	37.1	124	78	0	22	145	19	142	1.05e-17	74.3
SMc01833	iSDY_1059.SDY_3211	26.5	102	65	2	1	92	1	102	8.73e-08	45.8
SMc01833	iYL1228.KPN_03443	28.4	102	63	2	1	92	1	102	1.23e-07	45.4
SMc01833	iML1515.b3029	25.5	102	66	2	1	92	1	102	1.34e-06	42.7
SMc01833	iSbBS512_1146.SbBS512_E3462	25.5	102	66	2	1	92	1	102	1.34e-06	42.7
SMc01833	iSF_1195.SF3069	25.5	102	66	2	1	92	1	102	1.34e-06	42.7
SMc01833	iSSON_1240.SSON_3167	25.5	102	66	2	1	92	1	102	1.34e-06	42.7
SMc01834	iAM_Pf480.PF3D7_0729200	38.1	155	95	1	25	178	86	240	5.47e-39	132
SMc01834	iAM_Pb448.PBANKA_021330	38.7	155	92	2	25	178	93	245	4.91e-38	130
SMc01834	iAM_Pv461.PVX_081760	37.3	158	96	2	22	178	82	237	7.03e-36	124
SMc01834	iAM_Pc455.PCYB_022410	37.3	158	96	2	22	178	82	237	1.40e-35	124
SMc01837	iSynCJ816.SGL_RS04480	72.6	570	155	1	1	570	1	569	1.92e-304	835
SMc01837	iYL1228.KPN_03467	71.4	566	160	2	5	570	4	567	5.34e-299	821
SMc01837	iJN1463.PP_2845	70.3	566	166	2	5	570	4	567	4.81e-295	811
SMc01837	iCN718.ABAYE_RS13870	71.4	567	160	2	4	570	2	566	7.64e-294	808
SMc01939	iJN1463.PP_2844	70.3	101	30	0	1	101	1	101	1.15e-46	144
SMc01939	iCN718.ABAYE_RS13875	62.4	101	38	0	1	101	1	101	4.77e-43	135
SMc01939	iSynCJ816.SGL_RS11790	63.4	101	37	0	1	101	1	101	1.37e-42	134
SMc01939	iYL1228.KPN_03466	63.4	101	37	0	1	101	1	101	3.62e-41	130
SMc01941	iYL1228.KPN_03465	74.7	99	25	0	1	99	1	99	1.71e-49	151
SMc01941	iJN1463.PP_2843	74.7	99	25	0	1	99	1	99	3.45e-49	150
SMc01941	iEK1008.Rv1848	67.7	99	32	0	1	99	1	99	6.40e-45	140
SMc01941	iSynCJ816.SGL_RS08455	68.0	100	32	0	1	100	1	100	6.40e-45	140
SMc01942	iSynCJ816.SGL_RS04405	30.9	165	108	2	24	184	25	187	3.55e-18	81.6
SMc01943	iYS854.USA300HOU_RS12475	39.5	306	181	4	15	320	11	312	7.36e-67	212
SMc01943	iJN1463.PP_3376	40.8	321	185	5	5	324	2	318	5.48e-61	197
SMc01943	iYL1228.KPN_03915	41.3	310	173	6	5	311	2	305	1.85e-59	193
SMc01943	iSDY_1059.SDY_4350	40.6	318	164	7	5	311	6	309	5.96e-59	192
SMc01944	iAF987.Gmet_0843	28.7	289	159	12	61	330	4	264	6.71e-14	70.5
SMc01944	iEK1008.Rv3617	26.6	320	185	11	55	330	2	315	1.17e-12	67.4
SMc01946	iJN1463.PP_4867	52.8	375	169	6	2	372	7	377	7.83e-124	361
SMc01948	iJN1463.PP_4863	60.5	238	93	1	1	238	1	237	9.35e-95	277
SMc01948	iJN1463.PP_1137	59.4	234	94	1	5	238	1	233	9.14e-94	274
SMc01948	STM_v1_0.STM3560	57.1	238	101	1	1	238	1	237	6.15e-88	259
SMc01948	iLJ478.TM1139	56.5	237	101	2	1	236	1	236	3.77e-87	258
SMc01948	iPC815.YPO3804	57.3	234	99	1	5	238	1	233	4.39e-87	257
SMc01948	iSbBS512_1146.SbBS512_E3868	56.3	238	103	1	1	238	5	241	3.28e-86	255
SMc01948	iSSON_1240.SSON_3692	56.3	238	103	1	1	238	5	241	3.28e-86	255
SMc01948	iML1515.b3454	56.3	238	103	1	1	238	1	237	4.08e-86	255
SMc01948	iSF_1195.SF3472	56.3	238	103	1	1	238	1	237	4.08e-86	255
SMc01948	iYL1228.KPN_03816	55.9	238	104	1	1	238	1	237	5.78e-86	254
SMc01948	iSDY_1059.SDY_3603	55.9	238	104	1	1	238	5	241	3.78e-85	253
SMc01949	STM_v1_0.STM3561	52.9	259	113	3	12	270	4	253	2.25e-86	258
SMc01949	iYL1228.KPN_03817	52.5	259	114	3	12	270	4	253	3.66e-85	255
SMc01949	iJN1463.PP_4864	45.7	293	132	3	8	276	1	290	1.34e-83	253
SMc01949	iML1515.b3455	51.7	259	116	3	12	270	4	253	1.19e-83	251
SMc01949	iSbBS512_1146.SbBS512_E3867	51.7	259	116	3	12	270	4	253	1.19e-83	251
SMc01949	iSF_1195.SF3473	51.7	259	116	3	12	270	4	253	1.19e-83	251
SMc01949	iSSON_1240.SSON_3693	51.7	259	116	3	12	270	4	253	1.19e-83	251
SMc01949	iJN1463.PP_1138	50.4	258	119	3	13	270	5	253	1.69e-83	251
SMc01949	iSDY_1059.SDY_3604	51.4	259	117	3	12	270	4	253	3.40e-83	250
SMc01949	iPC815.YPO3805	52.1	263	117	4	8	270	1	254	4.81e-83	250
SMc01949	iLJ478.TM1138	45.3	285	134	3	8	276	6	284	1.18e-77	237
SMc01950	iJN1463.PP_1139	48.7	435	197	7	18	446	3	417	2.62e-107	324
SMc01950	iPC815.YPO3806	55.9	311	119	3	141	446	119	416	2.28e-99	304
SMc01950	iSF_1195.SF3474	53.7	315	128	2	141	450	119	420	1.64e-95	294
SMc01950	iML1515.b3456	53.3	315	129	2	141	450	119	420	2.31e-95	293
SMc01950	iSDY_1059.SDY_3605	53.3	315	129	2	141	450	119	420	6.51e-95	292
SMc01950	iSbBS512_1146.SbBS512_E3866	53.0	315	130	2	141	450	119	420	9.19e-95	292
SMc01950	iSSON_1240.SSON_3694	53.0	315	130	2	141	450	119	420	9.19e-95	292
SMc01950	STM_v1_0.STM3562	52.7	315	131	3	141	450	119	420	1.30e-94	291
SMc01951	iJN1463.PP_4866	45.0	302	159	4	4	300	5	304	4.60e-78	239
SMc01951	iYL1228.KPN_03819	44.4	304	161	3	3	300	7	308	1.18e-76	236
SMc01951	iPC815.YPO3807	43.8	304	163	3	3	300	7	308	5.37e-75	231
SMc01951	iML1515.b3457	43.4	304	164	3	3	300	7	308	7.59e-75	231
SMc01951	STM_v1_0.STM3563	43.1	304	165	3	3	300	7	308	7.59e-75	231
SMc01951	iSbBS512_1146.SbBS512_E3865	43.4	304	164	3	3	300	7	308	7.59e-75	231
SMc01951	iSSON_1240.SSON_3695	43.4	304	164	3	3	300	7	308	7.59e-75	231
SMc01951	iJN1463.PP_1140	44.3	305	160	4	3	300	6	307	8.34e-74	228
SMc01951	iSF_1195.SF3475	43.1	304	165	3	3	300	7	308	1.72e-73	228
SMc01952	iJN1463.PP_0261	41.2	250	137	3	9	254	8	251	8.46e-49	161
SMc01952	iSbBS512_1146.SbBS512_E4758	40.6	254	136	5	1	252	1	241	1.70e-46	155
SMc01952	iSDY_1059.SDY_4385	40.6	254	136	5	1	252	1	241	1.70e-46	155
SMc01952	iSSON_1240.SSON_4399	40.6	254	136	5	1	252	1	241	1.70e-46	155
SMc01952	iML1515.b4214	40.2	254	137	5	1	252	1	241	2.40e-46	154
SMc01952	iSF_1195.SF4272	40.6	254	136	5	1	252	1	241	2.40e-46	154
SMc01955	iCN718.ABAYE_RS13105	30.7	296	168	9	9	290	5	277	2.63e-27	107
SMc01960	iML1515.b3713	37.1	186	112	3	1	184	1	183	5.49e-29	105
SMc01962	iJN1463.PP_0382	41.5	248	139	5	15	259	14	258	1.87e-50	166
SMc01963	iJN1463.PP_3816	30.8	237	164	0	13	249	23	259	6.10e-33	120
SMc01963	iJN1463.PP_0414	31.9	238	162	0	7	244	18	255	9.79e-33	120
SMc01964	iHN637.CLJU_RS10675	31.2	269	180	2	17	280	15	283	1.03e-33	124
SMc01965	iJN1463.PP_0411	44.3	341	177	6	4	331	15	355	2.97e-83	256
SMc01965	iCN718.ABAYE_RS05140	45.0	331	165	9	4	322	3	328	6.32e-83	255
SMc01965	iJN1463.PP_5137	44.3	343	177	6	4	338	10	346	1.23e-82	254
SMc01965	iJN1463.PP_3817	46.0	276	145	2	4	276	15	289	8.46e-82	253
SMc01965	iYS854.USA300HOU_RS05485	41.5	337	191	3	4	338	5	337	4.97e-82	253
SMc01965	iSynCJ816.SGL_RS17160	52.3	241	115	0	4	244	3	243	1.51e-81	251
SMc01965	iLJ478.TM1376	52.5	240	114	0	4	243	6	245	2.23e-81	251
SMc01965	iCN900.CD630_35270	45.7	280	128	1	1	280	1	256	1.03e-81	251
SMc01965	iCN900.CD630_35300	51.5	241	117	0	1	241	1	241	1.46e-81	251
SMc01965	iJN1463.PP_1484	43.7	327	162	4	4	324	3	313	4.21e-81	250
SMc01965	iAF987.Gmet_1903	52.0	246	114	1	4	245	3	248	5.95e-81	249
SMc01965	STM_v1_0.STM1226	45.1	324	165	5	6	317	20	342	1.69e-80	249
SMc01965	iSDY_1059.SDY_2026	45.7	324	163	5	6	317	20	342	2.38e-80	249
SMc01965	iPC815.YPO2846	42.6	340	183	7	4	331	5	344	2.04e-80	249
SMc01965	iCN900.CD630_10240	40.2	338	193	3	4	338	6	337	2.68e-80	248
SMc01965	iML1515.b1126	45.7	324	163	5	6	317	20	342	6.72e-80	248
SMc01965	iSF_1195.SF1128	45.7	324	163	5	6	317	20	342	6.72e-80	248
SMc01965	iSbBS512_1146.SbBS512_E1304	45.7	324	163	5	6	317	20	342	9.49e-80	248
SMc01965	iSSON_1240.SSON_1144	45.7	324	163	5	6	317	20	342	9.49e-80	248
SMc01965	iYL1228.KPN_00886	41.0	356	194	4	4	343	36	391	2.92e-79	247
SMc01965	iHN637.CLJU_RS10680	51.7	242	117	0	4	245	10	251	2.45e-79	246
SMc01965	iPC815.YPO1332	50.4	238	118	0	4	241	20	257	3.67e-79	246
SMc01965	iYL1228.KPN_01132	43.9	330	160	5	6	317	20	342	7.53e-79	245
SMc01965	STM_v1_0.STM0878	40.7	356	195	4	4	343	20	375	1.46e-78	244
SMc01965	iSDY_1059.SDY_0740	40.4	356	196	4	4	343	20	375	2.91e-78	244
SMc01965	iSF_1195.SF0809	40.4	356	196	4	4	343	47	402	8.89e-78	243
SMc01965	iML1515.b0855	40.4	356	196	4	4	343	20	375	5.81e-78	243
SMc01965	iEK1008.Rv2397c	48.5	237	122	0	4	240	5	241	2.71e-78	243
SMc01965	iSbBS512_1146.SbBS512_E2476	40.4	356	196	4	4	343	20	375	8.20e-78	243
SMc01965	iSSON_1240.SSON_0840	40.4	356	196	4	4	343	47	402	2.50e-77	242
SMc01965	iSF_1195.SF4170	43.0	321	169	4	1	308	1	320	5.47e-77	240
SMc01965	STM_v1_0.STM3554	45.2	310	155	5	1	299	1	306	9.94e-77	239
SMc01965	iML1515.b4035	43.0	321	169	4	1	308	1	320	2.17e-76	239
SMc01965	iSSON_1240.SSON_4213	43.0	321	169	4	1	308	1	320	2.17e-76	239
SMc01965	iSSON_1240.SSON_1696	40.5	343	183	3	8	345	9	335	8.00e-77	239
SMc01965	iLJ478.TM0421	42.9	324	177	4	1	316	1	324	1.53e-76	239
SMc01965	iML1515.b1441	40.5	343	183	3	8	345	9	335	1.13e-76	238
SMc01965	iJN1463.PP_5179	50.0	238	119	0	6	243	25	262	5.61e-76	238
SMc01965	iPC815.YPO3793	44.6	303	155	4	1	293	1	300	2.89e-76	238
SMc01965	iYL1228.KPN_03810	44.8	310	156	5	1	299	1	306	3.96e-76	238
SMc01965	iSDY_1059.SDY_1733	40.5	343	183	3	8	345	9	335	3.19e-76	237
SMc01965	iPC815.YPO3712	41.9	322	169	3	1	308	1	318	8.16e-76	237
SMc01965	iML1515.b3450	43.4	309	162	4	1	299	1	306	1.12e-75	236
SMc01965	STM_v1_0.STM4230	42.0	319	173	3	1	308	1	318	1.63e-75	236
SMc01965	iYL1228.KPN_04424	41.7	319	174	3	1	308	1	318	3.24e-75	236
SMc01965	iNF517.LLMG_RS06730	45.5	288	150	3	4	286	6	291	2.24e-74	235
SMc01965	iJN1463.PP_1722	43.1	318	160	4	1	311	1	304	2.00e-75	235
SMc01965	iSbBS512_1146.SbBS512_E3873	43.4	309	162	4	1	299	1	306	6.26e-75	234
SMc01965	iYL1228.KPN_01927	45.4	293	144	3	7	299	8	284	8.02e-74	231
SMc01966	iJN1463.PP_3814	23.0	309	221	8	19	326	13	305	1.02e-06	49.7
SMc01967	iJN1463.PP_4523	43.1	320	169	6	29	342	2	314	1.16e-82	253
SMc01967	iCHOv1.100752066	43.6	287	154	5	57	339	65	347	3.49e-73	230
SMc01969	iAF987.Gmet_3433	36.2	381	240	3	8	386	9	388	2.09e-73	233
SMc01971	iYS854.USA300HOU_RS11455	48.0	471	244	1	1	471	1	470	2.79e-147	429
SMc01972	iJN1463.PP_2448	55.2	422	188	1	15	436	6	426	1.04e-177	503
SMc01972	iYL1228.KPN_01017	52.7	423	198	2	15	436	4	425	1.60e-164	469
SMc01973	iJN1463.PP_5184	39.0	446	267	3	13	455	15	458	6.60e-108	327
SMc01973	iJN1463.PP_5299	38.1	449	272	4	11	455	14	460	9.91e-102	311
SMc01976	iLJ478.TM1270	40.9	379	198	5	18	384	12	376	1.06e-82	257
SMc01977	iYO844.BSU06970	25.2	139	102	1	42	178	52	190	4.44e-10	60.8
SMc01978	iEK1008.Rv2040c	34.7	274	172	4	29	299	14	283	2.33e-41	145
SMc01978	iYO844.BSU30280	34.4	253	159	3	33	283	27	274	8.31e-38	135
SMc01979	iYS854.USA300HOU_RS01105	37.2	258	155	5	24	277	25	279	1.09e-48	162
SMc01979	iEK1008.Rv1237	36.5	260	161	3	20	277	17	274	5.33e-48	160
SMc01980	iSbBS512_1146.SbBS512_E3873	51.8	357	169	3	1	355	1	356	1.64e-118	346
SMc01980	iML1515.b3450	51.5	357	170	3	1	355	1	356	4.66e-118	345
SMc01980	iYL1228.KPN_03810	51.4	356	170	3	1	354	1	355	3.78e-117	343
SMc01980	STM_v1_0.STM3554	51.3	357	171	3	1	355	1	356	3.78e-117	343
SMc01980	iPC815.YPO3793	50.7	359	169	5	1	355	1	355	1.11e-116	342
SMc01980	iSynCJ816.SGL_RS17635	54.3	317	140	1	1	312	1	317	1.89e-111	328
SMc01980	iPC815.YPO3712	49.4	358	174	3	1	352	1	357	2.29e-111	328
SMc01980	iYL1228.KPN_04424	50.6	358	170	4	1	352	1	357	1.31e-110	327
SMc01980	iEK1008.Rv1238	55.0	333	135	7	1	326	1	325	1.14e-109	325
SMc01980	STM_v1_0.STM4230	48.7	359	177	3	1	353	1	358	2.42e-108	321
SMc01980	iML1515.b4035	48.3	360	177	3	1	352	1	359	1.68e-106	316
SMc01980	iSSON_1240.SSON_4213	48.3	360	177	3	1	352	1	359	1.68e-106	316
SMc01980	iSF_1195.SF4170	48.1	360	178	3	1	352	1	359	1.35e-105	314
SMc01980	iJN1463.PP_1018	46.8	365	184	4	1	355	1	365	1.17e-104	312
SMc01981	iMM904.YJR048W	41.9	105	56	3	23	125	5	106	1.37e-24	90.1
SMc01981	iMM904.YEL039C	40.8	103	56	3	23	123	9	108	4.96e-23	86.3
SMc01982	iAF987.Gmet_0252	33.0	218	102	7	44	253	18	199	6.04e-28	109
SMc01983	iSynCJ816.SGL_RS05545	41.7	552	294	11	19	569	6	530	1.93e-131	395
SMc01983	iSynCJ816.SGL_RS09075	40.5	543	299	9	30	570	15	535	5.33e-123	373
SMc01983	iMM904.Q0045	41.2	476	265	4	32	506	4	465	5.44e-120	365
SMc01983	iYO844.BSU14900	40.3	529	291	9	33	560	18	522	4.36e-117	360
SMc01983	iAF987.Gmet_0249	38.9	543	303	7	33	573	26	541	4.17e-118	360
SMc01983	iJN1463.PP_0104	41.3	520	281	7	32	550	24	520	4.10e-118	360
SMc01983	iEK1008.Rv3043c	39.0	561	303	13	11	560	4	536	2.13e-117	360
SMc01983	iYO844.BSU38160	39.9	534	296	11	30	560	44	555	7.18e-116	358
SMc01984	iSynCJ816.SGL_RS05550	33.5	194	108	8	33	215	17	200	9.44e-17	75.5
SMc01984	iSynCJ816.SGL_RS09080	27.7	184	123	4	46	222	18	198	3.07e-14	68.6
SMc01985	iJN1463.PP_0106	39.3	168	78	6	72	238	149	293	1.01e-23	96.3
SMc01985	iYL1228.KPN_00392	31.1	196	110	6	44	239	29	199	6.41e-24	94.7
SMc01985	iSbBS512_1146.SbBS512_E0352	30.6	196	111	6	44	239	30	200	1.29e-23	94.0
SMc01985	iCN718.ABAYE_RS07345	31.3	198	110	6	44	239	29	202	3.69e-23	92.8
SMc01985	iML1515.b0430	30.6	196	111	6	44	239	30	200	3.53e-23	92.8
SMc01985	iSSON_1240.SSON_0413	30.6	196	111	6	44	239	30	200	3.53e-23	92.8
SMc01985	STM_v1_0.STM0441	29.6	196	113	6	44	239	30	200	1.89e-22	90.9
SMc01985	iYS854.USA300HOU_RS05270	31.0	197	110	6	40	235	19	190	6.75e-22	89.4
SMc01987	iAT_PLT_636.29958	27.5	855	541	30	3	835	45	842	1.17e-78	272
SMc01987	iCHOv1.100759503	27.0	854	548	27	2	835	42	840	4.11e-76	265
SMc01987	iMM1415.74129	27.5	854	542	29	3	835	38	835	3.82e-76	265
SMc01989	iCN900.CD630_06710	35.6	118	70	2	10	125	10	123	8.15e-17	71.6
SMc01989	iCN900.CD630_19450	35.7	126	66	5	1	120	1	117	8.37e-16	68.9
SMc01990	iML1515.b2542	30.0	377	259	3	1	377	1	372	6.96e-47	165
SMc01990	iSSON_1240.SSON_2624	30.0	377	259	3	1	377	1	372	3.68e-46	163
SMc01990	iCN718.ABAYE_RS14180	31.6	377	250	5	4	377	2	373	1.48e-45	161
SMc01991	iCHOv1.100769825	44.8	241	132	1	1	240	3	243	5.00e-58	184
SMc01991	iAT_PLT_636.51181	43.6	241	133	2	1	240	3	241	1.75e-52	169
SMc01992	iMM904.YLR070C	40.9	347	200	2	4	345	9	355	2.28e-81	251
SMc01992	iAT_PLT_636.6652	41.8	328	186	3	4	328	11	336	2.66e-77	241
SMc01992	iCHOv1.100751427	40.4	327	192	2	4	328	11	336	1.49e-76	239
SMc01992	iYO844.BSU06150	37.2	341	212	2	3	342	10	349	4.70e-74	232
SMc01992	iMM904.YJR159W	40.1	332	192	2	4	328	8	339	8.33e-73	229
SMc01993	iML1515.b2540	38.5	104	61	3	6	108	2	103	5.34e-16	67.4
SMc01993	iSSON_1240.SSON_2622	38.5	104	61	3	6	108	2	103	5.34e-16	67.4
SMc02016	iML1515.b2542	34.7	409	252	6	10	414	3	400	6.82e-64	210
SMc02016	iSSON_1240.SSON_2624	34.7	409	252	6	10	414	3	400	3.74e-63	208
SMc02016	iCN718.ABAYE_RS14180	32.8	408	262	5	11	414	2	401	6.10e-57	192
SMc02017	iMM1415.66234	27.4	124	83	4	190	309	154	274	1.32e-06	48.9
SMc02017	iCHOv1.100754784	26.6	124	84	4	190	309	154	274	1.75e-06	48.5
SMc02017	iMM904.YGR060W	31.5	146	86	6	190	324	157	299	3.33e-06	47.8
SMc02019	iYL1228.KPN_04155	39.5	319	187	5	12	327	2	317	3.25e-59	192
SMc02019	iML1515.b3750	39.5	319	187	5	12	327	2	317	2.55e-58	190
SMc02019	iCN900.CD630_03020	39.6	288	172	2	40	327	36	321	6.83e-58	189
SMc02019	STM_v1_0.STM3883	39.5	319	187	5	12	327	2	317	1.56e-56	186
SMc02019	iCN900.CD630_15880	35.9	312	187	6	27	333	9	312	2.11e-55	182
SMc02019	iNF517.LLMG_RS04065	38.0	305	185	4	31	334	11	312	1.08e-54	181
SMc02019	iYO844.BSU35950	37.5	288	179	1	40	327	31	317	1.07e-53	178
SMc02019	iHN637.CLJU_RS00625	36.4	305	189	4	30	334	21	320	2.17e-53	177
SMc02019	iLJ478.TM0112	39.1	307	180	4	29	332	11	313	3.67e-53	177
SMc02020	iLJ478.TM0956	38.4	237	144	2	1	237	12	246	2.32e-47	164
SMc02020	iHN637.CLJU_RS00620	34.8	256	160	2	1	250	5	259	8.37e-47	162
SMc02020	iPC815.YPO2256	38.5	218	131	2	2	219	20	234	1.74e-45	159
SMc02020	STM_v1_0.STM2189	35.8	243	141	3	1	237	13	246	5.28e-43	152
SMc02020	iPC815.YPO4036	33.7	246	156	4	1	243	4	245	5.59e-43	152
SMc02020	iPC815.YPO1508	33.8	237	154	2	1	237	13	246	7.34e-43	151
SMc02020	iML1515.b4485	35.1	239	148	3	1	237	9	242	3.52e-42	149
SMc02020	iPC815.YPO3964	34.9	241	153	4	1	241	6	242	5.41e-42	149
SMc02020	iSbBS512_1146.SbBS512_E3955	34.7	239	151	3	1	237	4	239	8.17e-42	149
SMc02020	iSF_1195.SF4262	34.7	239	149	3	1	237	9	242	6.82e-42	149
SMc02020	iPC815.YPO3907	35.9	237	149	2	1	237	4	237	6.45e-42	149
SMc02020	iYL1228.KPN_04623	36.4	239	145	3	1	237	9	242	9.50e-42	148
SMc02020	iML1515.b2149	35.2	244	141	4	1	237	13	246	1.44e-41	148
SMc02020	iSbBS512_1146.SbBS512_E0817	35.2	244	141	4	1	237	13	246	6.24e-43	148
SMc02020	iSF_1195.SF2234	35.2	244	141	4	1	237	13	246	1.44e-41	148
SMc02020	iSF_1195.SF3611	34.7	239	151	3	1	237	4	239	1.58e-41	148
SMc02020	iSSON_1240.SSON_2205	35.2	244	141	4	1	237	13	246	1.44e-41	148
SMc02022	iML1515.b3751	25.0	180	131	3	117	294	86	263	5.52e-07	50.1
SMc02024	iML1515.b1337	49.9	473	223	2	12	476	11	477	3.30e-147	429
SMc02025	iJN1463.PP_0882	27.9	477	285	17	38	480	59	510	4.98e-32	129
SMc02025	iYL1228.KPN_00863	24.0	488	330	12	9	480	16	478	2.66e-30	123
SMc02025	iYO844.BSU12960	24.9	473	311	11	50	497	79	532	8.80e-30	122
SMc02025	iSbBS512_1146.SbBS512_E2518	25.5	384	255	8	19	396	26	384	1.81e-28	118
SMc02025	iSDY_1059.SDY_0757	25.5	384	255	8	19	396	26	384	1.81e-28	118
SMc02025	iSF_1195.SF0780	25.5	384	255	8	19	396	26	384	1.81e-28	118
SMc02025	iML1515.b0830	25.5	384	255	8	19	396	26	384	2.44e-28	117
SMc02025	iSSON_1240.SSON_0812	25.5	384	255	8	19	396	26	384	2.44e-28	117
SMc02027	STM_v1_0.STM0848	42.0	562	284	11	6	527	12	571	2.61e-136	408
SMc02027	iYL1228.KPN_00862	42.0	543	281	6	22	531	31	572	1.84e-135	406
SMc02027	iSDY_1059.SDY_0758	41.1	565	293	8	6	531	1	564	8.38e-135	404
SMc02027	iSSON_1240.SSON_0811	40.9	565	294	8	6	531	1	564	2.36e-134	403
SMc02027	iML1515.b0829	40.9	565	294	8	6	531	12	575	4.62e-134	402
SMc02027	iSbBS512_1146.SbBS512_E2519	40.9	565	294	8	6	531	12	575	4.62e-134	402
SMc02027	iSF_1195.SF0779	40.9	565	294	8	6	531	1	564	1.33e-133	401
SMc02027	iJN1463.PP_4150	42.0	531	295	8	1	522	1	527	3.10e-132	395
SMc02027	iYS854.USA300HOU_RS01050	39.1	539	302	9	3	526	1	528	6.17e-131	391
SMc02028	iML1515.b0832	41.7	259	149	2	14	270	45	303	5.50e-60	192
SMc02028	iSbBS512_1146.SbBS512_E2516	41.7	259	149	2	14	270	45	303	7.77e-60	191
SMc02028	iSSON_1240.SSON_0814	41.7	259	149	2	14	270	45	303	7.77e-60	191
SMc02028	iSDY_1059.SDY_0755	41.7	259	149	2	14	270	45	303	1.55e-59	191
SMc02028	iJN1463.PP_0880	44.1	220	123	0	50	269	86	305	7.09e-59	189
SMc02028	iYL1228.KPN_00865	40.4	260	154	1	12	270	30	289	1.65e-58	187
SMc02028	iYL1228.KPN_03897	40.5	269	154	1	7	269	31	299	4.49e-58	187
SMc02028	iSDY_1059.SDY_4565	41.5	270	151	2	7	269	30	299	6.34e-58	186
SMc02028	iSF_1195.SF0782	40.5	259	152	2	14	270	45	303	1.09e-56	183
SMc02028	iSF_1195.SF3577	41.3	269	152	1	7	269	31	299	2.82e-56	182
SMc02028	iML1515.b3542	40.7	270	153	2	7	269	30	299	3.98e-56	182
SMc02028	STM_v1_0.STM3628	40.5	269	154	1	7	269	31	299	1.12e-55	181
SMc02028	iSSON_1240.SSON_1639	35.8	260	167	0	11	270	36	295	1.49e-55	180
SMc02028	iSSON_1240.SSON_3848	40.9	269	153	1	7	269	31	299	3.14e-55	179
SMc02028	iYS854.USA300HOU_RS01060	38.1	260	156	3	12	268	129	386	4.14e-54	179
SMc02028	iML1515.b1485	35.9	259	162	1	16	270	37	295	8.36e-55	178
SMc02028	STM_v1_0.STM0851	39.5	261	156	2	11	270	44	303	9.59e-55	178
SMc02028	iSbBS512_1146.SbBS512_E1748	35.9	259	158	2	16	270	37	291	1.18e-53	175
SMc02028	iJN1463.PP_3344	39.1	258	157	0	9	266	19	276	1.16e-53	175
SMc02028	iPC815.YPO4001	41.3	269	152	1	7	269	31	299	3.89e-53	174
SMc02029	iYL1228.KPN_00864	42.1	311	172	2	1	311	1	303	8.39e-66	208
SMc02029	STM_v1_0.STM0850	42.1	311	172	2	1	311	1	303	2.36e-65	207
SMc02029	iML1515.b0831	41.2	311	175	2	1	311	1	303	6.66e-65	206
SMc02029	iSDY_1059.SDY_0756	41.2	311	175	2	1	311	1	303	6.66e-65	206
SMc02029	iSSON_1240.SSON_0813	41.2	311	175	2	1	311	1	303	1.88e-64	205
SMc02029	iJN1463.PP_0881	38.6	332	183	3	1	311	1	332	1.24e-63	204
SMc02029	iSF_1195.SF0781	40.8	311	176	2	1	311	1	303	5.28e-64	204
SMc02029	iSbBS512_1146.SbBS512_E2517	40.8	311	176	1	1	311	1	303	7.46e-64	203
SMc02029	iYL1228.KPN_03898	38.7	336	180	3	1	311	1	335	4.21e-62	200
SMc02029	iML1515.b3543	38.8	335	181	3	1	311	1	335	8.37e-62	199
SMc02029	iSDY_1059.SDY_4566	38.8	335	181	3	1	311	1	335	8.37e-62	199
SMc02029	iSSON_1240.SSON_3847	38.8	335	181	3	1	311	1	335	8.37e-62	199
SMc02029	STM_v1_0.STM3629	39.1	335	180	3	1	311	1	335	1.18e-61	199
SMc02029	iSF_1195.SF3578	38.5	335	182	3	1	311	1	335	3.31e-61	197
SMc02031	iLJ478.TM0955	45.7	313	158	4	33	343	25	327	3.83e-74	232
SMc02031	iHN637.CLJU_RS00625	43.9	330	168	2	19	348	11	323	6.75e-73	228
SMc02031	iNF517.LLMG_RS04065	42.6	312	165	2	33	344	14	311	1.12e-71	225
SMc02031	iYO844.BSU35950	43.2	317	162	4	26	340	18	318	5.77e-68	216
SMc02031	iYL1228.KPN_04155	42.2	322	172	4	19	339	9	317	1.12e-67	215
SMc02031	iML1515.b3750	42.9	322	170	4	19	339	9	317	2.22e-67	214
SMc02031	STM_v1_0.STM3883	43.2	322	169	4	19	339	9	317	2.22e-67	214
SMc02031	iPC815.YPO2499	40.9	313	169	2	32	344	34	330	1.79e-65	209
SMc02032	iHN637.CLJU_RS00620	43.9	494	272	4	5	494	3	495	4.27e-141	414
SMc02032	iLJ478.TM0956	42.4	502	278	4	3	493	8	509	4.53e-130	387
SMc02032	iCN900.CD630_03010	42.8	491	277	4	6	493	4	493	9.69e-130	385
SMc02032	iPC815.YPO0958	41.8	495	283	4	1	493	1	492	6.98e-126	375
SMc02033	iHN637.CLJU_RS00615	30.2	291	145	11	39	328	81	314	1.62e-22	97.4
SMc02034	iEK1008.Rv1928c	38.9	252	149	3	6	256	7	254	3.66e-44	149
SMc02034	iAF987.Gmet_1601	38.1	247	148	4	7	253	2	243	4.70e-39	135
SMc02035	iML1515.b0517	33.6	327	208	5	6	330	12	331	1.46e-44	155
SMc02035	STM_v1_0.STM0528	33.6	327	208	5	6	330	12	331	4.00e-44	154
SMc02037	iEK1008.Rv1928c	43.3	252	139	2	4	254	5	253	1.17e-54	176
SMc02037	iHN637.CLJU_RS17225	41.9	246	138	4	8	252	6	247	6.42e-50	164
SMc02037	iYS854.USA300HOU_RS06185	39.9	243	141	4	11	252	3	241	1.52e-49	162
SMc02037	iNF517.LLMG_RS08950	43.0	242	131	4	14	255	9	243	2.95e-49	162
SMc02037	iAF987.Gmet_1601	43.3	245	135	3	8	252	3	243	4.54e-49	161
SMc02037	iYO844.BSU15910	41.1	246	140	3	8	252	2	243	9.06e-49	160
SMc02037	iCN900.CD630_11820	42.2	249	139	3	5	252	1	245	9.86e-49	160
SMc02038	iYL1228.KPN_04241	47.2	362	188	2	1	361	1	360	4.25e-103	308
SMc02038	STM_v1_0.STM4108	47.5	362	187	2	1	361	1	360	4.25e-103	308
SMc02038	iML1515.b3945	47.5	362	187	2	1	361	1	360	1.21e-102	306
SMc02038	iSbBS512_1146.SbBS512_E4432	47.2	362	188	2	1	361	1	360	4.84e-102	305
SMc02038	iSDY_1059.SDY_3780	47.2	362	188	2	1	361	14	373	2.93e-101	303
SMc02038	iSSON_1240.SSON_4119	47.0	362	189	2	1	361	14	373	4.72e-100	300
SMc02038	iYL1228.KPN_03494	45.7	359	190	4	1	357	1	356	7.61e-98	294
SMc02038	STM_v1_0.STM3529	46.1	356	189	2	8	362	8	361	1.22e-97	294
SMc02038	iHN637.CLJU_RS13095	47.0	366	183	5	1	361	1	360	4.06e-97	292
SMc02038	iLJ478.TM0423	47.6	355	181	4	8	361	8	358	3.06e-94	285
SMc02039	iYL1228.KPN_01590	33.6	134	85	2	7	136	2	135	1.37e-15	73.2
SMc02039	iYS854.USA300HOU_RS06185	35.0	137	76	4	9	135	6	139	3.36e-15	72.0
SMc02039	STM_v1_0.STM1511	33.6	134	85	2	7	136	2	135	9.31e-15	70.9
SMc02039	iCN718.ABAYE_RS09790	33.3	135	84	1	7	135	9	143	1.01e-13	68.2
SMc02039	iMM1415.70750	35.3	139	79	3	8	135	35	173	1.77e-13	68.2
SMc02039	iCHOv1.100774578	35.3	139	79	3	8	135	35	173	2.41e-13	67.8
SMc02039	iLJ478.TM1724	33.8	133	82	3	9	135	9	141	1.61e-13	67.4
SMc02039	iYL1228.KPN_01869	38.5	135	77	3	7	135	7	141	2.51e-13	67.0
SMc02039	iLB1027_lipid.PHATRDRAFT_13073	31.7	139	84	3	7	135	8	145	2.40e-13	67.0
SMc02039	iYO844.BSU32000	31.9	138	88	1	7	138	10	147	3.59e-13	66.6
SMc02040	iJN1463.PP_4862	30.6	108	69	2	38	143	141	244	3.75e-07	47.4
SMc02041	iLJ478.TM1724	39.8	244	140	3	15	253	5	246	3.22e-42	144
SMc02041	iCN718.ABAYE_RS09790	37.5	259	143	5	10	252	4	259	1.04e-40	140
SMc02041	iEK1008.Rv1928c	39.8	251	142	8	9	252	5	253	7.64e-39	135
SMc02041	iAF987.Gmet_1601	37.6	245	146	3	11	250	1	243	1.69e-38	134
SMc02041	iYL1228.KPN_01091	33.6	241	158	2	11	250	1	240	2.26e-38	134
SMc02041	iYO844.BSU03930	34.7	248	155	3	12	252	4	251	4.90e-38	133
SMc02041	iYO844.BSU15910	36.3	240	147	3	16	250	5	243	4.72e-38	133
SMc02041	iAF987.Gmet_1531	35.6	247	145	5	15	253	6	246	5.10e-38	133
SMc02041	iJN1463.PP_3073	35.0	254	151	4	11	251	1	253	1.69e-37	132
SMc02041	iHN637.CLJU_RS17225	33.7	246	155	3	11	250	4	247	2.05e-37	131
SMc02041	iCN900.CD630_26790	34.8	253	148	4	16	252	5	256	4.95e-37	130
SMc02041	iCN900.CD630_11820	32.9	246	159	2	10	250	1	245	5.57e-37	130
SMc02042	iSynCJ816.SGL_RS06890	32.8	64	43	0	93	156	100	163	6.58e-04	39.7
SMc02043	iIT341.HP1099	42.8	187	105	1	13	199	14	198	2.48e-43	144
SMc02043	iPC815.YPO2067	42.1	202	114	2	6	206	9	208	1.02e-40	137
SMc02043	STM_v1_0.STM1884	42.7	199	112	1	13	211	17	213	2.87e-40	136
SMc02043	iML1515.b1850	42.4	198	112	1	13	210	17	212	8.08e-40	135
SMc02043	iYL1228.KPN_02365	42.2	199	112	2	13	210	17	213	8.08e-40	135
SMc02043	iSbBS512_1146.SbBS512_E2125	42.4	198	112	1	13	210	17	212	8.08e-40	135
SMc02043	iSDY_1059.SDY_1136	42.4	198	112	1	13	210	17	212	8.08e-40	135
SMc02043	iSF_1195.SF1860	42.4	198	112	1	13	210	17	212	8.08e-40	135
SMc02043	iSSON_1240.SSON_1298	42.4	198	112	1	13	210	17	212	8.08e-40	135
SMc02045	iLJ478.TM1401	36.7	256	154	4	39	288	34	287	9.49e-42	146
SMc02045	iHN637.CLJU_RS05700	31.7	303	206	1	1	302	1	303	3.77e-41	144
SMc02045	iEK1008.Rv2996c	36.5	260	161	3	38	293	32	291	3.61e-38	141
SMc02045	iLJ478.TM0327	33.0	294	185	6	1	290	1	286	5.27e-37	134
SMc02045	iAF692.Mbar_A1431	34.2	234	147	3	60	288	52	283	2.16e-35	133
SMc02045	iSynCJ816.SGL_RS08600	33.1	254	164	4	40	288	32	284	2.23e-35	133
SMc02332	iYL1228.KPN_04585	25.6	199	128	7	75	260	104	295	4.85e-07	50.1
SMc02332	STM_v1_0.STM4382	25.9	201	125	7	75	260	104	295	2.76e-06	47.8
SMc02332	iML1515.b4192	25.9	201	125	7	75	260	104	295	3.69e-06	47.4
SMc02332	iSF_1195.SF4347	25.9	201	125	7	75	260	106	297	3.70e-06	47.4
SMc02332	iSSON_1240.SSON_4374	25.9	201	125	7	75	260	106	297	3.70e-06	47.4
SMc02460	iYS854.USA300HOU_RS01685	24.1	237	169	4	30	265	16	242	2.27e-14	71.2
SMc02333	iYS854.USA300HOU_RS11540	36.5	208	131	1	20	227	4	210	3.46e-32	117
SMc02333	iYS854.USA300HOU_RS00730	42.7	150	86	0	78	227	61	210	6.84e-32	116
SMc02333	iLJ478.TM1559	36.2	210	133	1	18	227	30	238	5.21e-31	114
SMc02333	iYO844.BSU39420	34.8	210	135	2	19	227	3	211	3.10e-30	112
SMc02333	iEK1008.Rv0478	38.5	218	117	5	19	227	10	219	1.73e-29	110
SMc02333	iHN637.CLJU_RS08910	34.6	211	136	2	18	227	2	211	5.28e-29	108
SMc02333	iSynCJ816.SGL_RS07490	37.0	219	125	5	18	232	8	217	6.87e-29	108
SMc02334	iHN637.CLJU_RS08965	32.1	458	288	7	9	460	7	447	9.05e-69	228
SMc02334	iLJ478.TM0116	31.6	450	291	6	9	456	8	442	1.46e-68	228
SMc02334	iCN900.CD630_30650	30.5	459	314	4	5	462	4	458	5.05e-67	224
SMc02334	iYO844.BSU17610	29.9	461	301	6	5	461	4	446	2.16e-63	214
SMc02334	iYL1228.KPN_03928	31.6	446	285	8	9	453	6	432	1.70e-60	206
SMc02335	iCN900.CD630_30650	28.6	510	342	8	4	498	2	504	2.82e-69	230
SMc02335	iHN637.CLJU_RS08965	29.1	499	347	5	6	499	3	499	5.55e-69	229
SMc02335	iYO844.BSU17610	28.8	490	339	7	7	491	5	489	2.51e-64	216
SMc02336	iYO844.BSU22140	40.7	243	133	5	15	248	12	252	9.49e-43	145
SMc02452	iNF517.LLMG_RS04065	41.1	299	167	4	32	325	18	312	5.81e-65	207
SMc02452	iPC815.YPO2499	45.9	279	147	4	31	309	38	312	7.46e-64	204
SMc02452	iCN900.CD630_03020	39.5	299	177	3	12	309	13	308	3.69e-58	190
SMc02337	iPC815.YPO0958	47.6	485	247	4	10	489	11	493	7.73e-149	434
SMc02337	iNF517.LLMG_RS04060	44.3	488	266	3	5	488	3	488	1.02e-136	403
SMc02337	iPC815.YPO3964	44.9	488	266	2	4	488	6	493	1.50e-134	398
SMc02337	iYO844.BSU35940	43.0	488	273	2	5	488	3	489	5.43e-134	396
SMc02338	iYO844.BSU35960	33.3	267	165	4	24	290	36	289	1.17e-36	133
SMc02338	iNF517.LLMG_RS04070	29.7	293	189	6	23	314	46	322	1.78e-36	133
SMc02338	STM_v1_0.STM3884	31.5	298	189	8	1	296	3	287	4.25e-32	120
SMc02339	iEK1008.Rv1928c	40.6	254	145	4	3	254	4	253	2.88e-46	154
SMc02339	iYO844.BSU22140	37.6	250	152	3	4	253	6	251	2.35e-41	142
SMc02341	iLJ478.TM0116	34.1	443	270	8	1	428	3	438	4.20e-73	238
SMc02341	iYL1228.KPN_02542	34.5	444	278	7	1	434	1	441	2.31e-70	231
SMc02341	iHN637.CLJU_RS08965	30.4	437	294	4	2	428	3	439	4.19e-65	218
SMc02341	iCN900.CD630_30650	32.0	459	288	7	3	440	5	460	2.20e-64	216
SMc02341	iYL1228.KPN_03928	32.3	437	289	6	1	432	1	435	2.18e-64	215
SMc02342	iPC815.YPO0926	55.3	665	293	4	1	663	1	663	7.47e-266	745
SMc02342	iJN1463.PP_4965	55.2	669	288	7	1	663	1	663	5.11e-264	740
SMc02342	iYL1228.KPN_02799	55.4	663	290	5	4	663	3	662	2.00e-263	739
SMc02342	iML1515.b2465	54.3	663	297	5	4	663	3	662	2.94e-261	733
SMc02342	iSSON_1240.SSON_2545	54.3	663	297	5	4	663	3	662	4.17e-261	733
SMc02342	STM_v1_0.STM2474	54.3	663	297	5	4	663	3	662	1.15e-260	732
SMc02342	iSF_1195.SF2507	54.1	663	298	5	4	663	3	662	1.69e-260	731
SMc02342	iSbBS512_1146.SbBS512_E3367	53.5	665	305	4	1	663	1	663	6.81e-259	727
SMc02342	iML1515.b2935	53.7	665	304	4	1	663	1	663	1.94e-258	726
SMc02342	iSDY_1059.SDY_3141	53.7	665	304	4	1	663	1	663	2.75e-258	726
SMc02342	STM_v1_0.STM3076	53.8	665	303	4	1	663	1	663	3.17e-257	723
SMc02342	iYL1228.KPN_03357	53.3	666	306	5	1	663	1	664	2.16e-255	718
SMc02342	iYL1228.KPN_01127	53.1	659	304	5	8	663	12	668	1.08e-251	709
SMc02342	iCN718.ABAYE_RS10795	53.9	661	288	8	3	657	6	655	1.16e-249	704
SMc02343	iYO844.BSU03070	20.4	407	313	4	20	420	11	412	3.79e-20	92.8
SMc02343	iMM904.YBR293W	25.1	398	251	11	64	428	9	392	3.32e-18	86.7
SMc02343	iML1515.b4337	30.9	178	123	0	32	209	23	200	2.41e-17	83.6
SMc02344	iCN900.CD630_29890	29.0	314	209	5	18	328	13	315	7.92e-29	113
SMc02345	iAF987.Gmet_1900	37.6	250	143	3	39	282	10	252	3.24e-43	147
SMc02345	iJN1463.PP_0231	32.5	255	168	1	30	280	22	276	6.58e-43	147
SMc02345	iJN1463.PP_0239	34.9	229	149	0	50	278	25	253	9.90e-42	144
SMc02345	iCN718.ABAYE_RS19055	33.8	240	157	1	41	278	20	259	2.75e-41	143
SMc02345	iYL1228.KPN_00970	33.8	234	155	0	45	278	19	252	7.91e-40	139
SMc02345	iYO844.BSU08850	33.3	243	160	1	41	283	35	275	1.66e-38	136
SMc02345	iJN1463.PP_0208	33.5	242	157	1	41	278	12	253	1.57e-38	135
SMc02345	iYL1228.KPN_00313	33.7	252	162	1	37	283	24	275	4.48e-38	135
SMc02345	iSbBS512_1146.SbBS512_E0280	32.9	252	164	1	37	283	24	275	6.29e-38	134
SMc02345	iPC815.YPO3626	33.8	234	155	0	45	278	20	253	4.93e-38	134
SMc02346	iAF987.Gmet_1899	49.4	257	117	2	3	259	6	249	1.68e-73	225
SMc02346	iJN1463.PP_0209	45.2	241	132	0	25	265	21	261	2.07e-65	205
SMc02349	iHN637.CLJU_RS11215	27.0	404	222	13	14	359	5	393	1.94e-15	79.0
SMc02352	iYO844.BSU17460	28.0	415	272	8	13	417	27	424	7.01e-32	125
SMc02352	iYS854.USA300HOU_RS06590	28.0	396	258	8	13	398	29	407	1.35e-31	125
SMc02352	iNF517.LLMG_RS12480	27.7	397	261	6	13	398	26	407	1.85e-31	124
SMc02355	iML1515.b1011	29.7	195	108	6	7	183	4	187	5.53e-19	81.6
SMc02355	iSSON_1240.SSON_1030	29.7	195	108	6	7	183	18	201	7.02e-19	81.6
SMc02355	iSF_1195.SF1014	29.2	195	109	6	7	183	18	201	1.88e-17	77.8
SMc02356	iLJ478.TM1135	26.7	363	237	11	34	387	27	369	6.48e-30	118
SMc02356	iJN1463.PP_1141	24.7	376	271	7	1	376	1	364	6.74e-26	107
SMc02357	iLJ478.TM1138	40.7	268	125	3	6	239	12	279	7.99e-56	179
SMc02357	STM_v1_0.STM3561	41.7	254	133	2	1	239	1	254	6.95e-56	179
SMc02357	iML1515.b3455	41.7	254	133	2	1	239	1	254	9.82e-56	178
SMc02357	iSbBS512_1146.SbBS512_E3867	41.7	254	133	2	1	239	1	254	9.82e-56	178
SMc02357	iSF_1195.SF3473	41.7	254	133	2	1	239	1	254	9.82e-56	178
SMc02357	iSDY_1059.SDY_3604	41.3	254	134	2	1	239	1	254	2.78e-55	177
SMc02357	iYL1228.KPN_03817	41.3	254	134	2	1	239	1	254	3.93e-55	177
SMc02357	iSSON_1240.SSON_3693	41.3	254	134	2	1	239	1	254	5.55e-55	176
SMc02357	iPC815.YPO3805	40.6	249	133	2	6	239	7	255	9.97e-53	171
SMc02357	iJN1463.PP_1138	40.6	254	136	2	1	239	1	254	1.58e-51	167
SMc02357	iAF987.Gmet_1820	38.4	250	138	2	6	240	2	250	1.73e-49	162
SMc02358	iLJ478.TM1139	50.4	234	115	1	1	234	5	237	4.06e-70	214
SMc02358	iJN1463.PP_4863	50.6	235	114	2	1	235	5	237	1.47e-67	207
SMc02358	iYL1228.KPN_03816	48.9	235	118	1	1	235	5	237	2.01e-67	207
SMc02358	iAF987.Gmet_1819	47.1	238	122	2	1	234	1	238	5.52e-67	206
SMc02358	iJN1463.PP_1137	47.2	235	122	1	1	235	1	233	7.16e-67	206
SMc02358	STM_v1_0.STM3560	48.5	235	119	1	1	235	5	237	8.11e-67	206
SMc02358	iSbBS512_1146.SbBS512_E3868	48.5	235	119	1	1	235	9	241	3.70e-66	204
SMc02358	iSF_1195.SF3472	48.5	235	119	1	1	235	5	237	3.27e-66	204
SMc02358	iSSON_1240.SSON_3692	48.5	235	119	1	1	235	9	241	3.70e-66	204
SMc02358	iML1515.b3454	48.5	235	119	1	1	235	5	237	4.63e-66	204
SMc02358	iSDY_1059.SDY_3603	48.1	235	120	1	1	235	9	241	4.23e-65	201
SMc02358	iPC815.YPO3804	47.2	235	122	1	1	235	1	233	3.04e-63	196
SMc02359	iLJ478.TM1136	36.0	292	181	4	1	287	1	291	2.56e-43	149
SMc02360	iLJ478.TM1137	28.6	290	203	2	42	327	51	340	4.21e-30	117
SMc02412	iCN900.CD630_36320	29.6	162	91	3	64	218	24	169	4.32e-13	64.7
SMc02412	iSSON_1240.SSON_1030	28.3	212	134	4	18	215	22	229	1.12e-11	62.0
SMc02412	iML1515.b1011	28.3	212	134	4	18	215	8	215	2.50e-11	60.8
SMc02412	iSF_1195.SF1014	27.8	212	135	4	18	215	22	229	5.42e-11	60.1
SMc02412	iYS854.USA300HOU_RS14375	28.1	192	118	5	28	215	5	180	3.65e-11	59.7
SMc02413	iYS854.USA300HOU_RS14115	34.4	433	274	5	4	428	7	437	4.79e-76	243
SMc02413	iCN900.CD630_21580	32.8	433	282	5	8	437	15	441	1.00e-69	227
SMc02414	iAF692.Mbar_A3252	26.7	479	282	15	1	460	1	429	2.88e-44	160
SMc02415	iML1515.b1329	27.6	486	293	14	41	495	47	504	4.65e-40	152
SMc02415	iSbBS512_1146.SbBS512_E1569	27.6	486	293	14	41	495	47	504	4.65e-40	152
SMc02415	iSSON_1240.SSON_1804	27.6	486	293	14	41	495	54	511	5.08e-40	152
SMc02415	iSF_1195.SF1841	27.6	486	293	14	41	495	54	511	6.96e-40	151
SMc02415	iSDY_1059.SDY_1409	27.4	486	294	14	41	495	54	511	8.55e-39	148
SMc02415	STM_v1_0.STM1679	25.7	486	302	14	41	495	47	504	1.01e-35	139
SMc02415	iPC815.YPO4003	27.1	457	288	14	59	488	60	498	6.30e-35	137
SMc02416	iAF692.Mbar_A3252	22.7	441	303	9	37	471	21	429	7.80e-28	115
SMc02417	iYL1228.KPN_00863	26.8	466	304	14	34	487	40	480	3.98e-34	134
SMc02417	iPC815.YPO4003	26.7	450	284	14	52	474	60	490	3.17e-33	132
SMc02417	iSF_1195.SF0780	25.8	488	323	15	34	508	40	501	2.92e-32	129
SMc02417	iSDY_1059.SDY_0757	25.6	488	324	15	34	508	40	501	5.38e-32	128
SMc02417	iSbBS512_1146.SbBS512_E2518	25.6	488	324	15	34	508	40	501	9.92e-32	127
SMc02417	iSSON_1240.SSON_0812	25.6	488	324	15	34	508	40	501	1.35e-31	127
SMc02417	STM_v1_0.STM0849	26.4	488	320	15	34	508	40	501	2.48e-31	126
SMc02417	iML1515.b1243	27.0	525	300	19	7	488	25	509	8.08e-31	125
SMc02417	iML1515.b0830	25.4	488	325	15	34	508	40	501	6.17e-31	125
SMc02417	iSDY_1059.SDY_1301	27.0	525	300	19	7	488	25	509	1.48e-30	124
SMc02417	iSF_1195.SF1244	27.0	525	300	19	7	488	25	509	2.00e-30	124
SMc02417	iAF692.Mbar_A0473	24.7	473	308	14	52	507	82	523	4.74e-30	123
SMc02417	iSSON_1240.SSON_1937	26.9	525	301	19	7	488	25	509	1.21e-29	122
SMc02418	iJN1463.PP_0881	38.4	336	193	4	1	322	1	336	1.97e-61	198
SMc02418	iML1515.b1486	35.6	326	196	4	7	318	9	334	1.41e-55	183
SMc02418	iSSON_1240.SSON_1638	35.3	326	197	4	7	318	9	334	3.94e-55	182
SMc02418	iYL1228.KPN_00864	35.0	320	191	3	1	319	1	304	1.24e-54	180
SMc02418	iJN1463.PP_3343	36.8	323	184	4	1	319	1	307	2.11e-54	179
SMc02419	iJN1463.PP_0880	38.3	295	164	5	24	316	27	305	3.35e-63	202
SMc02419	STM_v1_0.STM3628	38.0	295	165	5	24	316	21	299	1.58e-55	182
SMc02420	iYL1228.KPN_00632	29.2	397	240	14	31	397	26	411	6.29e-33	127
SMc02420	iJN1463.PP_3189	30.3	363	212	13	42	373	43	395	3.18e-32	125
SMc02420	iML1515.b0337	27.0	389	255	10	21	387	25	406	3.36e-30	120
SMc02420	STM_v1_0.STM3334	26.8	407	272	10	2	387	4	405	1.18e-29	118
SMc02421	iAF692.Mbar_A3252	22.2	442	304	9	36	470	21	429	2.54e-25	107
SMc02423	iYL1228.KPN_02194	47.0	317	167	1	8	324	19	334	1.97e-97	291
SMc02423	iSDY_1059.SDY_1304	47.6	315	164	1	6	320	17	330	2.25e-96	288
SMc02423	iSF_1195.SF1247	47.6	315	164	1	6	320	17	330	2.25e-96	288
SMc02423	iSSON_1240.SSON_1934	47.9	313	162	1	8	320	19	330	3.18e-96	288
SMc02423	iSbBS512_1146.SbBS512_E1415	47.3	315	165	1	6	320	17	330	1.28e-95	286
SMc02423	iYO844.BSU12950	47.2	318	166	2	6	321	2	319	1.70e-95	286
SMc02423	iML1515.b3541	46.4	302	162	0	8	309	3	304	1.86e-95	285
SMc02423	STM_v1_0.STM1743	47.0	313	165	1	8	320	17	328	2.41e-95	285
SMc02423	iSF_1195.SF3576	46.4	302	162	0	8	309	3	304	1.86e-95	285
SMc02423	iSSON_1240.SSON_3849	46.4	302	162	0	8	309	3	304	1.86e-95	285
SMc02423	iSDY_1059.SDY_4564	46.0	302	163	0	8	309	3	304	3.74e-95	285
SMc02423	iLJ478.TM1064	45.8	323	169	4	8	324	4	326	1.76e-94	283
SMc02423	iML1515.b1246	47.0	315	166	1	6	320	17	330	2.93e-94	283
SMc02423	iYL1228.KPN_03896	46.0	302	163	0	8	309	3	304	6.04e-94	281
SMc02423	STM_v1_0.STM3627	46.0	302	163	0	8	309	3	304	1.72e-93	280
SMc02423	iPC815.YPO4000	45.5	303	165	0	8	310	3	305	3.80e-92	277
SMc02423	iJN1463.PP_0879	46.0	302	162	1	8	309	3	303	5.40e-91	274
SMc02423	iLJ478.TM1749	47.7	304	157	2	8	310	4	306	3.27e-90	272
SMc02423	iLJ478.TM0058	45.1	328	170	3	6	324	2	328	1.87e-88	268
SMc02423	iML1515.b1484	43.1	318	177	3	6	320	3	319	6.81e-88	266
SMc02423	iSbBS512_1146.SbBS512_E1747	43.1	318	177	3	6	320	3	319	7.75e-87	263
SMc02423	iSSON_1240.SSON_1640	42.8	318	178	3	6	320	3	319	1.10e-86	263
SMc02424	iLJ478.TM1063	49.7	338	145	5	11	328	4	336	6.24e-99	295
SMc02424	iLJ478.TM0057	50.8	333	139	8	11	325	4	329	3.23e-98	293
SMc02424	iJN1463.PP_0878	49.7	304	139	6	34	326	22	322	1.50e-92	278
SMc02427	iYL1228.KPN_01788	48.3	236	122	0	1	236	4	239	3.28e-62	194
SMc02428	iCN900.CD630_28680	24.1	386	269	9	11	381	11	387	1.02e-23	102
SMc02432	iML1515.b1856	34.7	239	142	9	390	625	199	426	6.02e-26	110
SMc02433	iCN900.CD630_20200	53.3	858	394	5	1	853	1	856	3.64e-302	853
SMc02435	iSynCJ816.SGL_RS09640	34.4	215	137	2	71	281	79	293	6.77e-30	114
SMc02437	iNF517.LLMG_RS00675	31.3	566	381	6	187	747	11	573	2.09e-76	257
SMc02437	iYO844.BSU13910	31.9	554	362	4	185	731	8	553	2.58e-76	256
SMc02437	STM_v1_0.STM2432	30.6	562	379	6	183	737	2	559	1.51e-75	254
SMc02437	iSDY_1059.SDY_2613	30.4	562	380	6	183	737	2	559	1.51e-75	254
SMc02437	iSF_1195.SF2471	30.4	562	380	6	183	737	2	559	1.51e-75	254
SMc02437	iSSON_1240.SSON_2505	30.4	562	380	6	183	737	2	559	1.51e-75	254
SMc02437	iML1515.b2416	30.4	562	380	6	183	737	2	559	2.10e-75	254
SMc02437	iSbBS512_1146.SbBS512_E2764	30.4	562	380	6	183	737	2	559	5.65e-75	253
SMc02437	iJN1463.PP_0793	34.2	564	353	8	183	744	400	947	9.21e-72	252
SMc02437	iYS854.USA300HOU_RS05400	30.1	559	375	4	183	732	5	556	1.02e-73	249
SMc02437	iYL1228.KPN_02763	30.6	563	378	6	183	737	2	559	5.64e-73	248
SMc02438	iCN718.ABAYE_RS13010	52.2	425	193	4	1	423	1	417	6.47e-138	401
SMc02438	iAF987.Gmet_1880	52.0	421	183	3	1	421	1	402	9.11e-138	400
SMc02438	iJN1463.PP_4473	50.4	423	190	5	1	422	1	404	7.14e-131	382
SMc02439	iLJ478.TM1641	25.6	160	101	4	25	181	26	170	6.47e-08	49.7
SMc02440	iJN1463.PP_1765	46.0	239	116	2	9	246	4	230	2.38e-68	210
SMc02440	iMM1415.230027	40.9	252	134	4	4	246	88	333	1.71e-61	197
SMc02440	iCN718.ABAYE_RS19010	42.4	236	123	3	9	242	6	230	7.66e-63	196
SMc02440	iCHOv1.100763494	39.0	246	135	4	4	240	89	328	6.08e-59	190
SMc02442	iCHOv1.100756446	36.8	269	164	4	2	269	49	312	3.91e-49	165
SMc02442	iCN900.CD630_04870	37.7	268	161	4	3	269	4	266	6.31e-49	163
SMc02442	iMM904.YLR351C	39.1	220	132	2	57	275	70	288	2.54e-45	154
SMc02442	iMM904.YJL126W	31.0	290	169	4	4	262	7	296	5.36e-45	154
SMc02443	iJN1463.PP_5054	55.3	85	37	1	4	88	1	84	5.53e-26	91.3
SMc02443	iSynCJ816.SGL_RS06795	48.8	86	44	0	1	86	1	86	1.68e-23	85.1
SMc02443	iSynCJ816.SGL_RS17425	51.8	83	40	0	5	87	21	103	8.45e-23	84.0
SMc02443	iML1515.b3610	54.2	83	37	1	4	86	1	82	1.20e-22	82.8
SMc02443	iSbBS512_1146.SbBS512_E4038	54.2	83	37	1	4	86	1	82	1.20e-22	82.8
SMc02443	iSDY_1059.SDY_4043	54.2	83	37	1	4	86	1	82	1.20e-22	82.8
SMc02443	iSSON_1240.SSON_3795	54.2	83	37	1	4	86	1	82	1.20e-22	82.8
SMc02443	iSF_1195.SF3649	54.2	83	37	1	4	86	1	82	1.70e-22	82.4
SMc02445	iAF987.Gmet_0844	27.7	173	124	1	89	261	92	263	1.27e-10	60.5
SMc02448	STM_v1_0.STM1301	42.5	127	65	3	4	128	3	123	5.38e-24	89.7
SMc02448	STM_v1_0.STM0137	37.6	125	74	2	5	128	2	123	2.53e-23	87.8
SMc02448	iSDY_1059.SDY_1516	39.8	133	72	3	4	134	2	128	2.81e-23	87.8
SMc02448	iPC815.YPO0565	38.6	127	76	1	5	131	2	126	3.31e-23	87.4
SMc02448	iML1515.b1759	39.8	133	72	3	4	134	2	128	1.12e-22	86.3
SMc02448	iYL1228.KPN_00103	35.5	124	78	1	5	128	2	123	5.58e-22	84.3
SMc02448	iSF_1195.SF1466	39.1	133	73	3	4	134	2	128	8.96e-22	84.0
SMc02448	iSSON_1240.SSON_1397	39.1	133	73	3	4	134	2	128	8.96e-22	84.0
SMc02448	iAF987.Gmet_1790	37.6	117	71	1	12	128	27	141	1.61e-20	81.3
SMc02450	iAF987.Gmet_0952	44.7	396	213	2	19	413	3	393	2.32e-100	303
SMc02450	iCN718.ABAYE_RS15470	42.2	403	229	2	12	413	7	406	8.93e-92	282
SMc02450	iJN1463.PP_1346	41.8	395	223	4	21	413	16	405	1.72e-88	273
SMc00744	iJN1463.PP_3588	25.7	319	224	4	30	342	28	339	1.50e-21	95.1
SMc00744	iML1515.b4337	26.8	336	213	11	5	322	7	327	8.67e-20	90.1
SMc00741	iYS854.USA300HOU_RS09200	34.7	547	333	12	5	535	15	553	1.92e-81	265
SMc00741	iCN718.ABAYE_RS18700	35.1	521	317	11	37	547	40	549	6.56e-75	247
SMc00741	iJN1463.PP_2213	35.3	533	318	13	21	544	39	553	1.22e-74	246
SMc00741	iYS854.USA300HOU_RS14140	31.7	518	345	7	20	536	9	518	3.46e-73	242
SMc00738	iJN1463.PP_0809	30.3	152	89	7	8	154	10	149	1.80e-07	48.1
SMc00735	iSynCJ816.SGL_RS14665	34.4	276	170	2	12	287	6	270	2.00e-36	135
SMc00735	iCN718.ABAYE_RS01925	32.0	284	166	3	12	287	6	270	3.93e-32	124
SMc00733	iML1515.b0493	37.0	270	153	2	4	273	15	267	6.07e-52	170
SMc00731	iCN718.ABAYE_RS03570	43.1	195	96	6	3	191	4	189	6.32e-39	131
SMc00729	iJN1463.PP_4202	71.5	249	71	0	1	249	1	249	3.38e-116	332
SMc00728	iJN1463.PP_4201	65.6	308	104	2	1	307	1	307	5.72e-123	354
SMc00727	iAF987.Gmet_1717	56.9	281	121	0	1	281	1	281	1.74e-110	320
SMc00727	iYO844.BSU24160	55.7	280	124	0	2	281	3	282	2.01e-108	315
SMc00727	iAF987.Gmet_2072	55.2	281	126	0	1	281	1	281	2.32e-108	315
SMc00726	iPC815.YPO3868	32.4	71	45	2	98	168	20	87	4.37e-05	41.2
SMc00726	iAF692.Mbar_A2310	32.8	61	35	2	100	160	2	56	1.44e-04	39.3
SMc00726	iML1515.b3781	34.6	52	33	1	98	149	20	70	5.50e-04	38.1
SMc00726	iJN1463.PP_5215	37.5	48	29	1	102	149	25	71	5.50e-04	38.1
SMc00726	STM_v1_0.STM3915	34.6	52	33	1	98	149	20	70	5.50e-04	38.1
SMc00726	iSbBS512_1146.SbBS512_E4140	34.6	52	33	1	98	149	20	70	5.50e-04	38.1
SMc00726	iSDY_1059.SDY_3968	34.6	52	33	1	98	149	38	88	7.32e-04	38.1
SMc00726	iSF_1195.SF3854	34.6	52	33	1	98	149	38	88	7.32e-04	38.1
SMc00726	iSSON_1240.SSON_3952	34.6	52	33	1	98	149	38	88	7.32e-04	38.1
SMc00725	iAF987.Gmet_0209	55.9	449	197	1	13	461	5	452	7.10e-174	495
SMc00725	iJN1463.PP_0184	53.5	456	211	1	5	460	4	458	1.00e-163	470
SMc00725	iCN718.ABAYE_RS17470	51.2	449	217	2	14	461	19	466	5.77e-155	448
SMc00723	iJN1463.PP_5227	50.4	417	202	4	1	417	1	412	1.08e-130	382
SMc00723	iCN718.ABAYE_RS04825	46.5	404	212	3	8	411	7	406	1.99e-123	363
SMc00720	iAF987.Gmet_1914	30.4	115	80	0	1	115	1	115	7.36e-13	63.2
SMc00720	iAF987.Gmet_0069	32.2	118	76	3	4	117	5	122	7.36e-12	60.1
SMc00719	iNF517.LLMG_RS05050	46.4	168	85	3	10	175	7	171	6.52e-44	143
SMc00719	iPC815.YPO3408	43.2	176	92	4	9	179	5	177	1.99e-42	139
SMc00719	iYL1228.KPN_00133	41.0	173	95	3	9	177	9	178	1.45e-40	135
SMc00719	iML1515.b0125	40.1	172	96	3	9	176	5	173	3.65e-40	134
SMc00719	iSbBS512_1146.SbBS512_E0118	40.1	172	96	3	9	176	5	173	3.65e-40	134
SMc00719	iSDY_1059.SDY_0034	40.1	172	96	3	9	176	9	177	4.10e-40	134
SMc00719	iSF_1195.SF0122	40.1	172	96	3	9	176	9	177	4.10e-40	134
SMc00719	iSSON_1240.SSON_0133	40.1	172	96	3	9	176	9	177	4.10e-40	134
SMc00719	STM_v1_0.STM0170	41.3	172	94	3	9	176	5	173	5.17e-40	133
SMc00719	iYO844.BSU00680	44.1	170	88	4	10	176	8	173	1.55e-39	132
SMc00719	iCN900.CD630_32310	43.0	179	95	4	4	179	3	177	1.71e-38	129
SMc00717	iCN900.CD630_14890	36.6	216	135	2	9	223	1	215	3.22e-42	145
SMc00717	iPC815.YPO1073	34.4	218	142	1	7	223	2	219	1.46e-41	144
SMc00717	iYL1228.KPN_00213	36.3	201	127	1	24	223	19	219	8.00e-41	142
SMc00717	iYL1228.KPN_00838	36.6	216	134	3	9	223	1	214	1.31e-41	141
SMc00717	iJN1463.PP_0220	36.9	214	133	2	10	221	33	246	2.70e-40	141
SMc00717	STM_v1_0.STM0247	36.3	201	127	1	24	223	19	219	1.58e-40	141
SMc00717	iSDY_1059.SDY_0218	36.3	201	127	1	24	223	19	219	2.21e-40	140
SMc00717	iML1515.b0199	36.3	201	127	1	24	223	19	219	3.11e-40	140
SMc00717	iSbBS512_1146.SbBS512_E0193	36.3	201	127	1	24	223	19	219	3.11e-40	140
SMc00717	iSSON_1240.SSON_0213	36.3	201	127	1	24	223	19	219	3.11e-40	140
SMc00717	iPC815.YPO2514	37.0	216	133	3	9	223	1	214	3.69e-41	140
SMc00717	iSF_1195.SF0190	36.3	201	127	1	24	223	19	219	8.60e-40	139
SMc00717	iML1515.b0809	36.6	216	134	3	9	223	1	214	1.46e-40	138
SMc00717	iSbBS512_1146.SbBS512_E2539	36.6	216	134	3	9	223	1	214	1.46e-40	138
SMc00717	iSDY_1059.SDY_0787	36.6	216	134	3	9	223	1	214	1.46e-40	138
SMc00717	iSSON_1240.SSON_0789	36.6	216	134	3	9	223	1	214	1.46e-40	138
SMc00717	STM_v1_0.STM0828	36.1	216	135	3	9	223	1	214	4.10e-40	137
SMc00717	iYO844.BSU23960	37.0	216	133	3	9	223	1	214	8.16e-40	136
SMc00717	iSF_1195.SF0760	36.1	216	135	3	9	223	1	214	1.62e-39	135
SMc00717	iCN900.CD630_19470	38.2	199	118	3	10	203	10	208	1.85e-38	132
SMc00717	iYO844.BSU30420	40.1	182	107	2	25	204	24	205	3.98e-38	132
SMc00717	iYS854.USA300HOU_RS09925	34.3	216	139	3	7	221	1	214	5.29e-38	132
SMc00717	iEK1008.Rv0073	41.7	199	112	2	10	204	4	202	1.13e-36	130
SMc00714	iJN1463.PP_0058	30.6	216	142	4	38	252	47	255	6.32e-25	99.4
SMc00711	iAF987.Gmet_0863	46.3	281	150	1	8	288	7	286	6.63e-86	259
SMc00710	iYO844.BSU22620	37.2	352	211	3	20	365	13	360	5.49e-68	218
SMc00710	iCN900.CD630_22000	33.8	364	226	4	11	368	7	361	4.51e-65	210
SMc00708	iSynCJ816.SGL_RS03800	45.8	249	127	3	14	256	11	257	9.74e-68	209
SMc00708	iCN718.ABAYE_RS07230	43.0	242	124	2	15	256	16	243	1.21e-62	196
SMc00706	iSF_1195.SF1752	28.3	290	184	9	4	278	5	285	1.77e-26	105
SMc00706	iSSON_1240.SSON_1651	28.9	291	181	11	4	278	5	285	1.77e-25	102
SMc00706	iSDY_1059.SDY_1603	28.9	291	181	11	4	278	5	285	6.55e-25	100
SMc00706	iML1515.b1473	28.6	290	183	10	4	278	5	285	9.09e-25	100
SMc00696	iJN1463.PP_5078	49.7	358	167	9	13	368	4	350	1.22e-94	286
SMc00696	iML1515.b3389	45.2	363	191	5	12	373	3	358	1.03e-89	274
SMc00696	iSSON_1240.SSON_3520	45.2	363	191	5	12	373	3	358	1.03e-89	274
SMc00696	STM_v1_0.STM3486	45.7	363	189	5	12	373	3	358	5.82e-89	272
SMc00696	iSDY_1059.SDY_3690	44.9	363	192	5	12	373	3	358	5.82e-89	272
SMc00696	iSbBS512_1146.SbBS512_E3766	45.2	363	191	5	12	373	3	358	8.23e-89	271
SMc00696	iLB1027_lipid.PHATRDRAFT_20809	43.3	367	197	8	13	373	60	421	9.08e-88	271
SMc00696	iSF_1195.SF3407	44.9	363	192	5	12	373	3	358	1.16e-88	271
SMc00696	iPC815.YPO0152	45.0	369	190	7	12	376	3	362	1.86e-87	268
SMc00696	iYL1228.KPN_03760	45.2	363	191	4	12	373	3	358	2.79e-87	268
SMc00696	iCN718.ABAYE_RS02015	43.4	350	188	4	13	361	4	344	4.93e-87	267
SMc00695	iSynCJ816.SGL_RS03075	40.9	171	99	2	17	186	7	176	2.63e-34	119
SMc00695	iCN718.ABAYE_RS02010	38.5	156	94	1	8	163	6	159	1.45e-30	110
SMc00690	iPC815.YPO1060	53.0	315	144	3	3	314	4	317	8.44e-110	321
SMc00690	iAF987.Gmet_1216	52.4	311	146	1	5	315	7	315	3.30e-109	320
SMc00690	STM_v1_0.STM0232	50.3	314	154	1	3	314	4	317	3.92e-108	317
SMc00690	iJN1463.PP_1607	50.0	312	155	1	3	314	4	314	1.59e-106	313
SMc00690	iYO844.BSU29200	50.5	311	153	1	5	315	5	314	3.14e-106	312
SMc00690	iYL1228.KPN_00198	50.3	314	154	1	3	314	4	317	2.58e-106	312
SMc00690	iML1515.b0185	50.0	314	155	1	3	314	4	317	1.04e-105	311
SMc00690	iSDY_1059.SDY_0201	50.0	314	155	1	3	314	4	317	1.04e-105	311
SMc00690	iSF_1195.SF0175	50.0	314	155	1	3	314	4	317	1.04e-105	311
SMc00690	iSSON_1240.SSON_0197	50.0	314	155	1	3	314	4	317	2.96e-105	310
SMc00690	iSbBS512_1146.SbBS512_E0178	49.7	314	156	1	3	314	4	317	3.40e-104	307
SMc00690	iYS854.USA300HOU_RS09015	47.7	310	161	1	5	314	2	310	3.27e-98	291
SMc00684	iML1515.b4352	32.2	348	201	9	5	352	1	313	1.19e-44	156
SMc00684	iJN1463.PP_4639	33.5	349	198	7	8	354	3	319	5.44e-43	152
SMc00683	iJN1463.PP_4803	37.9	243	151	0	17	259	36	278	1.29e-43	154
SMc00683	iYL1228.KPN_00871	36.1	252	154	2	18	262	39	290	9.52e-41	147
SMc00683	STM_v1_0.STM0863	36.1	252	154	2	18	262	39	290	1.36e-38	141
SMc00683	iML1515.b0839	35.3	252	156	2	18	262	39	290	7.08e-38	139
SMc00683	iSbBS512_1146.SbBS512_E2506	35.3	252	156	2	18	262	39	290	7.08e-38	139
SMc00683	iSDY_1059.SDY_0841	35.3	252	156	2	18	262	39	290	7.08e-38	139
SMc00683	iSF_1195.SF0789	35.3	252	156	2	18	262	46	297	2.08e-38	139
SMc00682	iSynCJ816.SGL_RS17805	39.9	383	214	8	10	382	23	399	2.53e-83	259
SMc00682	iYS854.USA300HOU_RS02885	40.3	380	211	9	11	382	12	383	3.70e-76	240
SMc00680	iEK1008.Rv3045	63.0	346	127	1	1	345	1	346	8.18e-156	440
SMc00680	iYO844.BSU27010	59.1	342	139	1	5	345	8	349	2.39e-146	416
SMc00677	iCHOv1.100753688	52.1	413	187	5	608	1010	11	422	1.39e-135	416
SMc00677	iMM1415.71760	51.5	410	188	5	608	1007	30	438	2.14e-133	411
SMc00676	iJN1463.PP_1297	55.6	333	138	3	5	331	14	342	3.20e-126	364
SMc00675	iCHOv1.100753688	42.6	406	226	4	571	971	11	414	1.43e-102	328
SMc00675	iMM1415.71760	41.4	425	241	5	553	971	11	433	5.08e-101	325
SMc00673	iJN1463.PP_5036	58.9	453	179	4	10	460	5	452	8.43e-185	523
SMc00671	iSSON_1240.SSON_2823	48.3	263	135	1	14	276	68	329	6.38e-72	224
SMc00671	iML1515.b2678	48.3	263	135	1	14	276	68	329	9.01e-72	224
SMc00671	iSbBS512_1146.SbBS512_E3201	48.3	263	135	1	14	276	68	329	9.01e-72	224
SMc00671	iAF692.Mbar_A2377	50.6	269	126	3	10	272	2	269	1.17e-72	224
SMc00671	iSF_1195.SF2706	47.9	263	136	1	14	276	68	329	3.59e-71	223
SMc00671	iPC815.YPO2646	51.5	237	106	2	46	278	132	363	1.31e-70	222
SMc00671	iYO844.BSU02990	48.1	270	127	5	11	272	6	270	6.82e-71	219
SMc00671	iYL1228.KPN_03009	53.2	231	99	3	56	284	111	334	1.17e-69	219
SMc00671	STM_v1_0.STM2810	53.8	221	101	1	56	276	110	329	3.21e-69	218
SMc00671	iNF517.LLMG_RS05330	52.0	227	108	1	47	272	48	274	2.67e-65	213
SMc00670	iYO844.BSU02980	56.5	262	114	0	4	265	10	271	8.48e-104	308
SMc00670	iAF692.Mbar_A2376	55.2	261	117	0	4	264	7	267	1.63e-102	307
SMc00670	iML1515.b2677	56.9	262	113	0	4	265	5	266	2.23e-102	303
SMc00670	iSbBS512_1146.SbBS512_E3202	56.9	262	113	0	4	265	5	266	2.23e-102	303
SMc00670	iSSON_1240.SSON_2822	56.9	262	113	0	4	265	5	266	2.23e-102	303
SMc00670	iSF_1195.SF2705	56.5	262	114	0	4	265	5	266	8.98e-102	302
SMc00670	STM_v1_0.STM2809	56.5	262	114	0	4	265	5	266	1.27e-101	301
SMc00670	iYL1228.KPN_03008	56.5	262	114	0	4	265	5	266	1.17e-99	296
SMc00670	iPC815.YPO2647	55.3	262	117	0	4	265	5	266	2.28e-99	296
SMc00670	iNF517.LLMG_RS05325	55.3	262	117	0	4	265	5	266	3.32e-98	293
SMc00669	iHN637.CLJU_RS10535	38.8	492	290	6	5	490	4	490	2.50e-88	279
SMc00669	iYO844.BSU39350	38.1	488	294	5	4	486	1	485	2.80e-87	276
SMc00669	iHN637.CLJU_RS16185	38.9	468	282	3	11	476	26	491	5.80e-83	266
SMc00669	iYS854.USA300HOU_RS00040	36.2	484	302	5	7	484	5	487	1.49e-81	261
SMc00659	iNF517.LLMG_RS00750	27.2	125	76	3	14	136	5	116	5.25e-04	41.6
SMc00654	iAF987.Gmet_2999	29.1	127	86	2	3	125	10	136	3.27e-14	70.5
SMc00654	iAF987.Gmet_0069	26.3	243	146	11	2	225	3	231	1.62e-13	68.2
SMc00654	iAF987.Gmet_1914	31.1	106	73	0	2	107	3	108	2.56e-13	68.2
SMc00647	iCN900.CD630_25960	39.8	329	167	8	12	339	5	303	8.61e-67	212
SMc00647	iNF517.LLMG_RS07670	43.2	317	147	10	26	339	12	298	5.09e-65	207
SMc00647	iSbBS512_1146.SbBS512_E2975	41.6	329	168	9	14	340	8	314	1.16e-63	204
SMc00647	iSF_1195.SF2653	41.6	329	168	9	14	340	8	314	2.32e-63	204
SMc00647	iSSON_1240.SSON_2720	41.6	329	168	9	14	340	8	314	2.32e-63	204
SMc00647	iYS854.USA300HOU_RS06015	41.1	326	159	9	15	339	8	301	2.53e-63	203
SMc00647	iSDY_1059.SDY_2837	41.6	329	168	9	14	340	8	314	6.50e-63	202
SMc00647	STM_v1_0.STM2662	41.4	331	166	11	14	340	8	314	3.14e-60	196
SMc00643	iJN1463.PP_4889	55.2	429	188	3	3	430	4	429	1.01e-157	452
SMc00643	iPC815.YPO0378	51.3	431	205	4	3	431	4	431	5.80e-155	445
SMc00643	iML1515.b4177	50.8	431	207	4	3	431	4	431	5.04e-151	435
SMc00643	iSbBS512_1146.SbBS512_E4708	50.8	431	207	4	3	431	4	431	5.04e-151	435
SMc00643	iSDY_1059.SDY_4412	50.8	431	207	4	3	431	4	431	5.04e-151	435
SMc00643	iYL1228.KPN_04576	51.3	431	205	4	3	431	4	431	7.14e-151	434
SMc00643	iSSON_1240.SSON_4362	50.8	431	207	4	3	431	4	431	7.14e-151	434
SMc00643	STM_v1_0.STM4366	50.6	431	208	4	3	431	4	431	1.01e-150	434
SMc00643	iSF_1195.SF4332	50.6	431	208	4	3	431	4	431	2.88e-150	433
SMc00643	iAF987.Gmet_3260	50.3	431	211	2	1	430	1	429	5.77e-147	424
SMc00643	iCN718.ABAYE_RS12990	52.8	439	191	7	3	430	4	437	4.47e-146	422
SMc00642	STM_v1_0.STM1517	22.3	301	202	10	1	286	2	285	1.98e-04	42.0
SMc00642	iJN1463.PP_2872	24.7	296	175	12	11	286	11	278	8.24e-04	40.0
SMc00641	iAF692.Mbar_A1431	42.5	522	295	4	4	524	2	519	2.03e-141	417
SMc00641	iSynCJ816.SGL_RS08600	42.1	522	297	4	4	523	3	521	3.24e-138	409
SMc00641	iYO844.BSU23070	42.4	514	287	4	4	514	3	510	9.06e-135	400
SMc00641	iYS854.USA300HOU_RS09145	39.8	515	303	6	5	515	6	517	2.47e-125	377
SMc00640	iAF692.Mbar_A1294	62.0	379	134	1	6	384	2	370	2.72e-169	477
SMc00640	iLB1027_lipid.PHATRDRAFT_42458	60.8	385	136	4	5	384	33	407	1.21e-155	444
SMc00637	iAF987.Gmet_1886	51.3	446	209	3	3	443	2	444	3.71e-155	447
SMc00637	STM_v1_0.STM3294	49.3	446	220	4	3	446	4	445	8.41e-145	420
SMc00637	iML1515.b3176	49.3	446	220	4	3	446	4	445	9.62e-144	417
SMc00637	iSbBS512_1146.SbBS512_E3594	49.3	446	220	4	3	446	4	445	9.62e-144	417
SMc00637	iSSON_1240.SSON_3324	49.3	446	220	4	3	446	4	445	9.62e-144	417
SMc00637	iSDY_1059.SDY_3357	49.3	446	220	4	3	446	4	445	1.93e-143	417
SMc00637	iJN1463.PP_4716	48.9	448	223	4	1	446	1	444	2.61e-141	411
SMc00637	iSF_1195.SF3216	48.7	446	223	4	3	446	4	445	4.09e-140	408
SMc04459	iAT_PLT_636.4905	35.4	226	132	4	180	392	242	466	4.61e-31	129
SMc04459	iMM1415.18195	35.4	226	132	4	180	392	242	466	4.61e-31	129
SMc02942	iML1515.b0957	29.4	109	66	4	69	166	221	329	1.12e-09	55.8
SMc02942	iSbBS512_1146.SbBS512_E2359	29.4	109	66	4	69	166	221	329	1.12e-09	55.8
SMc02942	iSDY_1059.SDY_0930	29.4	109	66	4	69	166	225	333	1.13e-09	55.8
SMc02942	iSF_1195.SF0957	29.4	109	66	4	69	166	223	331	1.12e-09	55.8
SMc02942	iSSON_1240.SSON_0961	29.4	109	66	4	69	166	221	329	1.12e-09	55.8
SMc02942	iPC815.YPO1435	33.0	109	62	4	69	166	228	336	1.54e-09	55.5
SMc03957	iJN1463.PP_5307	42.4	125	71	1	27	150	17	141	3.47e-24	90.9
SMc03957	STM_v1_0.STM3158	41.0	117	69	0	27	143	17	133	7.58e-23	87.4
SMc03957	iYL1228.KPN_03425	41.0	117	69	0	27	143	17	133	1.07e-22	87.0
SMc03957	iML1515.b3005	40.2	117	70	0	27	143	17	133	2.14e-22	86.3
SMc03957	iSbBS512_1146.SbBS512_E3433	40.2	117	70	0	27	143	17	133	2.14e-22	86.3
SMc03957	iSF_1195.SF3050	40.2	117	70	0	27	143	17	133	2.14e-22	86.3
SMc03957	iSSON_1240.SSON_3148	40.2	117	70	0	27	143	17	133	2.14e-22	86.3
SMc03957	iSDY_1059.SDY_3068	40.2	117	70	0	27	143	17	133	6.01e-22	85.1
SMc03957	iPC815.YPO0683	35.8	120	77	0	27	146	17	136	5.00e-21	82.8
SMc03958	iSbBS512_1146.SbBS512_E3434	41.4	220	126	2	10	228	8	225	9.32e-40	137
SMc03958	iML1515.b3006	40.7	221	126	2	10	228	8	225	2.61e-39	135
SMc03958	iSDY_1059.SDY_3067	40.7	221	126	2	10	228	8	225	2.61e-39	135
SMc03958	iSSON_1240.SSON_3149	40.7	221	126	2	10	228	8	225	2.61e-39	135
SMc03958	iSF_1195.SF3051	40.7	221	126	2	10	228	8	225	3.68e-39	135
SMc03958	STM_v1_0.STM3159	39.3	219	132	1	10	228	8	225	5.70e-38	132
SMc03958	iPC815.YPO0682	39.7	219	129	2	11	228	118	334	5.03e-36	130
SMc03958	iYL1228.KPN_03426	39.7	219	131	1	10	228	3	220	1.50e-36	128
SMc03958	iJN1463.PP_5306	37.7	228	139	2	1	228	81	305	1.00e-35	128
SMc03960	iSbBS512_1146.SbBS512_E0658	39.0	136	77	3	10	143	1	132	4.10e-24	90.5
SMc03960	iSF_1195.SF0561	40.5	126	69	3	20	143	11	132	1.64e-23	89.0
SMc03960	iSSON_1240.SSON_0688	40.5	126	69	3	20	143	11	132	1.64e-23	89.0
SMc03960	iSDY_1059.SDY_0684	39.7	126	70	3	20	143	11	132	7.32e-22	84.7
SMc03961	iSynCJ816.SGL_RS04850	47.3	391	190	7	1	385	1	381	1.85e-103	311
SMc04081	iCHOv1.100751671	31.7	240	133	8	5	243	32	241	8.44e-22	93.6
SMc04081	iAT_PLT_636.2992	33.6	223	117	8	22	243	5	197	3.25e-22	93.2
SMc04081	iMM1415.27357	32.7	223	119	8	22	243	49	241	8.81e-21	90.9
SMc03963	iJN1463.PP_1803	32.5	206	115	9	4	198	6	198	9.21e-13	67.4
SMc03963	iMM1415.74246	26.0	273	171	7	1	252	1	263	6.70e-11	62.0
SMc03963	iJN1463.PP_0501	29.3	181	112	5	4	175	6	179	1.37e-10	60.8
SMc03968	iEK1008.Rv0132c	26.8	168	103	6	29	180	62	225	2.79e-05	45.1
SMc03971	iJN1463.PP_3426	53.8	1041	477	2	1	1040	1	1038	0.0	1058
SMc03972	iJN1463.PP_3425	41.0	366	211	2	4	369	9	369	4.34e-83	259
SMc03974	iSbBS512_1146.SbBS512_E3332	29.8	191	122	4	1	185	59	243	1.53e-19	82.8
SMc03974	iAF987.Gmet_1179	33.6	140	86	3	48	184	44	179	3.99e-18	77.8
SMc03974	iML1515.b2912	30.2	182	115	4	10	185	2	177	1.85e-17	75.9
SMc03974	iSF_1195.SF2897	30.2	182	115	4	10	185	2	177	1.85e-17	75.9
SMc03974	iSSON_1240.SSON_3064	30.2	182	115	4	10	185	2	177	1.85e-17	75.9
SMc03974	iSDY_1059.SDY_3170	29.7	182	116	4	10	185	2	177	3.62e-17	75.1
SMc03978	iPC815.YPO0926	53.6	660	293	9	10	659	7	663	7.88e-227	645
SMc03978	iYL1228.KPN_03357	51.1	661	309	9	10	659	7	664	6.61e-218	623
SMc03978	iJN1463.PP_4965	52.0	658	305	7	11	659	8	663	1.94e-217	622
SMc03978	iYL1228.KPN_01127	50.9	660	310	9	11	659	12	668	1.74e-216	619
SMc03978	iSDY_1059.SDY_3141	50.8	661	310	11	10	659	7	663	1.92e-214	614
SMc03978	iSbBS512_1146.SbBS512_E3367	51.1	661	308	11	10	659	7	663	2.72e-214	613
SMc03978	iML1515.b2935	50.8	661	310	11	10	659	7	663	1.55e-213	612
SMc03978	STM_v1_0.STM3076	50.4	661	313	11	10	659	7	663	3.10e-213	611
SMc03978	iCN718.ABAYE_RS10795	50.5	658	308	12	9	656	9	658	2.55e-209	601
SMc03978	iYL1228.KPN_02799	50.7	661	313	9	10	660	6	663	3.55e-207	595
SMc03978	STM_v1_0.STM2474	50.1	661	317	9	10	660	6	663	4.33e-206	593
SMc03978	iML1515.b2465	49.2	660	322	9	10	659	6	662	1.17e-203	587
SMc03978	iSSON_1240.SSON_2545	49.2	660	322	9	10	659	6	662	1.17e-203	587
SMc03978	iSF_1195.SF2507	49.2	660	322	9	10	659	6	662	3.31e-203	585
SMc03979	iAF987.Gmet_1946	60.2	337	126	4	1	336	1	330	8.91e-137	391
SMc03979	iJN1463.PP_1009	60.0	335	129	4	1	334	1	331	1.10e-135	388
SMc03979	iYO844.BSU33940	59.7	335	131	3	1	334	1	332	8.52e-131	376
SMc03979	iEK1008.Rv1436	56.2	338	143	3	1	334	1	337	9.29e-124	358
SMc03981	iYO844.BSU33930	48.7	398	200	2	1	398	1	394	7.38e-120	353
SMc03981	iSynCJ816.SGL_RS11980	49.1	401	200	3	1	398	1	400	2.55e-119	352
SMc03981	iLJ478.TM0689	49.0	390	197	2	11	399	10	398	1.97e-115	350
SMc03981	iAF987.Gmet_1947	45.9	401	211	4	1	399	1	397	1.20e-111	332
SMc03981	iHN637.CLJU_RS19270	46.7	398	204	5	4	398	6	398	1.55e-109	327
SMc03981	iLB1027_lipid.PHATRDRAFT_29157	45.6	397	213	2	5	398	45	441	4.33e-106	319
SMc03981	iCN900.CD630_31730	45.8	395	207	4	4	395	7	397	4.84e-106	318
SMc03983	iAT_PLT_636.226	53.0	334	152	3	3	334	68	398	2.91e-104	311
SMc03983	iCHOv1.100771717	53.0	334	152	3	3	334	68	398	4.13e-104	311
SMc03983	iMM1415.11674	53.0	334	152	3	3	334	68	398	4.13e-104	311
SMc03983	iMM1415.11676	50.5	333	160	3	3	333	14	343	1.41e-99	298
SMc03983	iCHOv1.100760749	50.5	331	159	3	5	333	138	465	1.58e-97	296
SMc03983	iAT_PLT_636.230	49.8	333	162	3	3	333	14	343	5.85e-99	296
SMc03983	iCHOv1.100755179	48.9	333	165	3	3	333	14	343	8.63e-96	288
SMc03983	iMM1415.230163	48.9	333	165	3	3	333	14	343	3.46e-95	286
SMc03983	iAM_Pb448.PBANKA_130860	48.8	336	165	4	1	333	18	349	1.62e-94	285
SMc03983	iAM_Pf480.PF3D7_1444800	49.7	336	162	4	1	333	18	349	6.50e-94	283
SMc03985	iEK1008.Rv1900c	34.1	176	101	4	13	183	292	457	6.49e-12	67.8
SMc03987	iYS854.USA300HOU_RS00620	24.4	164	109	3	238	390	44	203	3.72e-05	45.4
SMc03991	iAF987.Gmet_2349	38.8	513	310	2	75	587	62	570	9.50e-104	325
SMc03992	iAF987.Gmet_2727	31.9	116	67	3	229	344	295	398	2.58e-10	60.8
SMc03992	iML1515.b0957	39.2	102	52	2	221	322	215	306	3.89e-10	60.1
SMc03992	iSbBS512_1146.SbBS512_E2359	39.2	102	52	2	221	322	215	306	3.89e-10	60.1
SMc03992	iSDY_1059.SDY_0930	39.2	102	52	2	221	322	219	310	3.95e-10	60.1
SMc03992	iSF_1195.SF0957	39.2	102	52	2	221	322	217	308	3.92e-10	60.1
SMc03992	iSSON_1240.SSON_0961	39.2	102	52	2	221	322	215	306	3.89e-10	60.1
SMc03992	iYL1228.KPN_00986	30.4	135	75	3	216	341	220	344	9.66e-10	58.9
SMc03994	iJN1463.PP_0838	47.7	266	130	3	6	264	4	267	2.01e-73	225
SMc03994	iML1515.b2533	43.2	250	142	0	6	255	4	253	5.30e-67	208
SMc03994	iSbBS512_1146.SbBS512_E2908	43.2	250	142	0	6	255	4	253	5.30e-67	208
SMc03994	iSF_1195.SF2580	43.2	250	142	0	6	255	4	253	5.30e-67	208
SMc03994	iSDY_1059.SDY_2729	42.4	250	144	0	6	255	4	253	8.53e-66	205
SMc03994	iSSON_1240.SSON_2615	42.8	250	143	0	6	255	4	253	8.53e-66	205
SMc03994	STM_v1_0.STM2546	42.8	250	143	0	6	255	4	253	6.84e-65	203
SMc04001	iSDY_1059.SDY_0275	66.2	157	53	0	6	162	7	163	4.49e-65	196
SMc04001	iML1515.b0523	66.2	157	53	0	6	162	7	163	1.82e-64	194
SMc04001	iSbBS512_1146.SbBS512_E0451	66.2	157	53	0	6	162	7	163	1.82e-64	194
SMc04001	iSSON_1240.SSON_0495	66.2	157	53	0	6	162	7	163	1.82e-64	194
SMc04001	STM_v1_0.STM0534	66.2	157	53	0	6	162	7	163	1.05e-63	192
SMc04001	iYO844.BSU06420	65.6	154	53	0	7	160	3	156	3.39e-63	191
SMc04001	iSF_1195.SF0454	65.0	157	55	0	6	162	7	163	8.56e-63	190
SMc04001	iPC815.YPO3076	66.9	154	51	0	9	162	15	168	1.00e-62	190
SMc04001	iYL1228.KPN_00478	64.9	154	54	0	9	162	10	163	3.47e-62	189
SMc04001	iCN718.ABAYE_RS19210	64.5	155	55	0	5	159	8	162	1.18e-60	185
SMc04001	iJN1463.PP_5336	61.7	154	59	0	9	162	5	158	2.55e-58	179
SMc04002	iJN1463.PP_5335	46.4	343	177	6	4	346	3	338	6.07e-89	271
SMc04002	iCN718.ABAYE_RS19205	45.7	346	180	6	2	346	3	341	1.86e-82	254
SMc04002	iYO844.BSU06430	43.2	347	189	4	4	346	12	354	3.63e-81	251
SMc04005	iJN1463.PP_4301	55.3	465	207	1	4	468	4	467	9.17e-166	476
SMc04007	iJN1463.PP_5029	27.1	155	98	5	64	205	57	209	1.44e-04	42.0
SMc04011	iAF987.Gmet_1919	27.3	121	86	1	1	121	1	119	6.51e-10	60.5
SMc04011	iAF987.Gmet_1914	30.2	106	72	1	5	110	4	107	1.64e-09	59.7
SMc04013	iAF987.Gmet_3010	40.3	355	200	5	28	377	30	377	4.29e-70	230
SMc04013	iML1515.b1812	36.2	381	218	7	13	373	68	443	1.74e-64	212
SMc04013	iSbBS512_1146.SbBS512_E2073	36.2	381	218	7	13	373	68	443	1.74e-64	212
SMc04013	iSF_1195.SF1416	36.2	381	218	7	13	373	68	443	1.74e-64	212
SMc04013	iSSON_1240.SSON_1348	36.2	381	218	7	13	373	68	443	2.44e-64	211
SMc04013	iSDY_1059.SDY_1718	36.0	381	219	7	13	373	68	443	4.82e-64	211
SMc04014	iAF987.Gmet_3010	35.9	217	131	7	10	223	375	586	2.81e-21	91.3
SMc04015	iAF987.Gmet_0069	38.3	175	103	3	119	290	130	302	6.48e-28	109
SMc04015	iML1515.b1341	34.9	189	108	5	103	289	232	407	6.37e-26	105
SMc04015	iJN1463.PP_0129	37.8	172	100	3	120	290	478	643	6.75e-25	104
SMc04015	iJN1463.PP_4405	35.3	173	104	3	117	289	166	330	1.56e-24	100
SMc04016	iAF692.Mbar_A2685	36.0	484	287	8	11	480	4	478	3.93e-96	298
SMc04018	iAT_PLT_636.4907	37.0	546	312	10	11	531	8	546	1.72e-105	330
SMc04018	iMM1415.23959	36.5	543	313	10	14	531	13	548	2.15e-103	325
SMc04018	iYO844.BSU07840	34.2	553	278	14	26	534	667	1177	2.19e-89	303
SMc04019	iPC815.YPO3117	43.2	322	177	3	17	338	5	320	6.84e-90	271
SMc04019	STM_v1_0.STM0489	44.3	309	166	3	17	325	5	307	1.42e-86	263
SMc04019	iSF_1195.SF0420	42.8	318	176	3	17	334	5	316	5.70e-86	261
SMc04019	iSSON_1240.SSON_0462	42.5	318	177	3	17	334	5	316	5.70e-86	261
SMc04019	iML1515.b0475	42.5	318	177	3	17	334	5	316	1.14e-85	261
SMc04019	iSDY_1059.SDY_0444	42.5	318	177	3	17	334	5	316	1.61e-85	260
SMc04019	iSbBS512_1146.SbBS512_E0408	42.5	318	177	3	17	334	5	316	2.28e-85	260
SMc04023	iYO844.BSU35670	49.5	289	137	3	5	287	2	287	1.65e-92	275
SMc04023	iYS854.USA300HOU_RS13545	47.2	286	150	1	5	290	2	286	1.25e-88	265
SMc04023	iAF987.Gmet_1159	48.3	286	147	1	6	291	2	286	3.61e-86	259
SMc04023	iCN900.CD630_34880	45.8	275	148	1	6	280	4	277	2.76e-82	250
SMc04023	iCN900.CD630_27150	45.6	274	148	1	7	280	5	277	3.07e-82	249
SMc04024	iYL1228.KPN_03036	33.6	223	140	4	109	330	108	323	2.06e-29	116
SMc04024	iJN1463.PP_4805	31.7	249	149	6	98	336	111	348	5.47e-29	115
SMc04024	iPC815.YPO2957	35.5	217	128	5	116	329	151	358	1.25e-26	109
SMc04024	STM_v1_0.STM2831	33.6	223	140	4	109	330	139	354	1.46e-26	108
SMc04024	iML1515.b2701	33.2	223	141	4	109	330	141	356	2.82e-26	108
SMc04024	iSF_1195.SF2724	33.2	223	141	4	109	330	141	356	2.82e-26	108
SMc04024	iSDY_1059.SDY_2897	32.7	223	142	4	109	330	141	356	7.27e-26	107
SMc04024	iSbBS512_1146.SbBS512_E3176	32.3	223	143	4	109	330	141	356	2.56e-25	105
SMc04024	iSSON_1240.SSON_2845	32.3	223	143	4	109	330	141	356	2.56e-25	105
SMc04026	iEK1008.Rv3858c	49.8	484	226	8	6	484	6	477	5.26e-158	457
SMc04026	iHN637.CLJU_RS08535	45.2	489	248	6	1	483	1	475	3.95e-147	429
SMc04026	iSynCJ816.SGL_RS02895	44.9	506	245	9	1	484	1	494	4.48e-145	424
SMc04028	iHN637.CLJU_RS08530	54.5	1537	653	10	30	1562	6	1500	0.0	1594
SMc04028	iSynCJ816.SGL_RS04160	52.1	1546	691	15	22	1562	17	1517	0.0	1553
SMc04028	iEK1008.Rv3859c	50.9	1549	696	17	32	1562	3	1505	0.0	1463
SMc04028	iYO844.BSU18450	49.7	1547	706	18	31	1570	6	1487	0.0	1448
SMc04029	iAF987.Gmet_3503	41.3	344	189	3	3	346	13	343	1.59e-78	244
SMc04029	iJN1463.PP_0321	41.4	307	178	2	3	309	8	312	5.71e-71	224
SMc04031	iSF_1195.SF1012	31.9	94	60	2	61	154	42	131	4.33e-05	43.9
SMc04033	iYL1228.KPN_02120	25.0	280	173	9	26	292	32	287	2.88e-14	71.2
SMc04034	iML1515.b0831	35.0	306	194	1	6	311	4	304	9.88e-64	203
SMc04034	iSDY_1059.SDY_0756	35.0	306	194	1	6	311	4	304	9.88e-64	203
SMc04034	iSSON_1240.SSON_0813	35.0	306	194	1	6	311	4	304	9.88e-64	203
SMc04034	iSF_1195.SF0781	35.0	306	194	1	6	311	4	304	1.97e-63	202
SMc04034	iSbBS512_1146.SbBS512_E2517	34.6	306	195	1	6	311	4	304	1.56e-62	200
SMc04034	STM_v1_0.STM0850	35.0	306	194	1	6	311	4	304	4.39e-62	199
SMc04034	iYL1228.KPN_00864	35.0	306	194	1	6	311	4	304	4.90e-61	196
SMc04034	iML1515.b1486	36.8	318	177	1	17	310	17	334	1.78e-60	196
SMc04034	iSSON_1240.SSON_1638	36.8	318	177	1	17	310	17	334	3.54e-60	195
SMc04035	iYO844.BSU12940	35.5	276	176	2	5	279	40	314	1.94e-55	181
SMc04035	iSSON_1240.SSON_1639	41.0	256	151	0	24	279	34	289	1.51e-55	181
SMc04035	iJN1463.PP_0880	41.6	269	151	1	17	279	32	300	1.11e-54	179
SMc04035	iML1515.b1485	40.6	256	152	0	24	279	34	289	1.68e-54	178
SMc04035	iSbBS512_1146.SbBS512_E1748	40.2	256	149	1	24	279	34	285	2.61e-52	172
SMc04035	iAF692.Mbar_A0470	38.1	252	156	0	24	275	33	284	2.60e-51	169
SMc04035	iJN1463.PP_3344	39.5	261	158	0	19	279	14	274	8.04e-51	168
SMc04036	iYL1228.KPN_00862	44.0	563	293	6	2	544	9	569	7.48e-142	423
SMc04036	STM_v1_0.STM0848	43.4	567	298	4	2	546	9	574	5.33e-140	419
SMc04036	iML1515.b0829	42.3	567	304	4	2	546	9	574	6.65e-135	405
SMc04036	iSSON_1240.SSON_0811	42.4	564	302	4	5	546	1	563	1.90e-134	404
SMc04036	iSbBS512_1146.SbBS512_E2519	42.3	570	300	5	2	546	9	574	3.73e-134	404
SMc04036	iJN1463.PP_4150	42.4	535	296	4	4	538	5	527	2.77e-134	401
SMc04036	iSDY_1059.SDY_0758	42.0	564	304	4	5	546	1	563	1.69e-132	399
SMc04036	iSF_1195.SF0779	42.0	564	304	4	5	546	1	563	4.74e-132	398
SMc04036	iYS854.USA300HOU_RS01050	41.6	539	298	5	3	539	2	525	2.19e-132	396
SMc04037	iML1515.b1487	29.6	480	317	10	29	493	31	504	1.48e-51	182
SMc04037	iML1515.b0830	27.9	498	343	10	14	500	16	508	1.34e-49	177
SMc04037	iSbBS512_1146.SbBS512_E1750	29.2	480	319	10	29	493	31	504	2.76e-49	176
SMc04037	iSbBS512_1146.SbBS512_E2518	27.9	498	343	10	14	500	16	508	2.57e-49	176
SMc04037	iSDY_1059.SDY_0757	27.8	496	342	10	16	500	18	508	2.57e-49	176
SMc04037	iSSON_1240.SSON_1637	29.2	480	319	10	29	493	31	504	2.76e-49	176
SMc04037	iSF_1195.SF0780	27.9	498	343	10	14	500	16	508	3.56e-49	176
SMc04037	iSSON_1240.SSON_0812	27.9	498	343	10	14	500	16	508	3.56e-49	176
SMc04037	STM_v1_0.STM0849	28.1	513	347	12	1	500	5	508	3.26e-46	168
SMc04041	STM_v1_0.STM3961	32.0	300	182	6	22	308	35	325	2.82e-27	108
SMc04041	iYL1228.KPN_04321	32.7	275	167	6	46	308	57	325	9.09e-27	107
SMc04041	iPC815.YPO3830	32.2	301	180	10	22	308	37	327	6.75e-25	102
SMc04042	iSynCJ816.SGL_RS08510	32.5	228	138	7	40	256	45	267	5.76e-30	112
SMc04043	iJN1463.PP_5029	27.5	247	159	6	11	254	3	232	7.32e-22	92.0
SMc04044	iAF987.Gmet_1914	33.3	111	74	0	4	114	3	113	4.09e-13	63.9
SMc04045	iCN718.ABAYE_RS00680	79.6	609	124	0	1	609	1	609	0.0	966
SMc04045	iJN1463.PP_5128	76.8	608	139	1	1	608	1	606	0.0	927
SMc04045	iML1515.b3771	75.5	611	146	2	1	608	1	610	0.0	905
SMc04045	iSbBS512_1146.SbBS512_E4149	75.3	611	147	2	1	608	1	610	0.0	903
SMc04045	iSSON_1240.SSON_3942	75.3	611	147	2	1	608	1	610	0.0	903
SMc04045	iSF_1195.SF3846	75.3	611	147	2	1	608	1	610	0.0	902
SMc04045	iYL1228.KPN_04270	74.8	611	150	2	1	608	1	610	0.0	899
SMc04045	iSDY_1059.SDY_3977	75.0	611	149	2	1	608	1	610	0.0	899
SMc04045	STM_v1_0.STM3904	75.0	611	149	2	1	608	1	610	0.0	898
SMc04045	iPC815.YPO3897	73.3	611	159	2	1	608	1	610	1.96e-317	872
SMc04049	iCHOv1.100768542	29.9	354	204	13	69	396	208	543	4.07e-32	127
SMc04049	iAT_PLT_636.6821	30.4	355	203	13	69	397	215	551	1.12e-29	120
SMc04049	iMM1415.211389	29.4	354	206	13	69	396	209	544	1.46e-29	119
SMc04054	iEK1008.Rv0577	33.9	248	157	6	7	251	14	257	1.43e-40	140
SMc04056	iSF_1195.SF3047	32.5	329	197	9	1	316	13	329	2.24e-46	160
SMc04056	iSSON_1240.SSON_3145	32.5	329	197	9	1	316	13	329	2.24e-46	160
SMc04056	iML1515.b3001	32.2	329	198	9	1	316	13	329	1.22e-45	158
SMc04056	iSbBS512_1146.SbBS512_E3430	31.9	329	199	9	1	316	13	329	1.70e-45	158
SMc04056	iYO844.BSU09530	33.6	336	204	8	1	331	1	322	3.50e-44	154
SMc04056	iCN718.ABAYE_RS12975	31.7	353	191	9	1	317	1	339	1.15e-41	148
SMc04056	iYL1228.KPN_02741	32.2	332	198	9	1	320	1	317	1.11e-41	147
SMc04460	iJN1463.PP_5041	62.3	812	302	4	12	820	4	814	0.0	1010
SMc03922	iJN1463.PP_4058	55.0	723	313	7	21	734	15	734	4.21e-292	817
SMc03922	iML1515.b3432	53.6	727	315	12	22	736	10	726	3.69e-281	789
SMc03922	iSSON_1240.SSON_3672	53.6	727	315	12	22	736	10	726	3.69e-281	789
SMc03922	iYL1228.KPN_03798	53.7	723	321	10	22	736	10	726	5.24e-281	789
SMc03922	iSF_1195.SF3455	53.5	727	316	12	22	736	10	726	7.42e-281	788
SMc03922	iSDY_1059.SDY_3578	53.5	727	316	12	22	736	10	726	4.25e-280	786
SMc03922	iSbBS512_1146.SbBS512_E3892	53.5	727	316	12	22	736	10	726	6.03e-280	786
SMc03922	STM_v1_0.STM3538	53.4	723	323	11	22	736	10	726	3.97e-278	781
SMc03922	iPC815.YPO3942	53.6	718	317	11	25	733	13	723	5.07e-276	776
SMc03923	iML1515.b3430	58.0	407	171	0	13	419	20	426	1.13e-173	492
SMc03923	iSDY_1059.SDY_3576	58.0	407	171	0	13	419	20	426	1.13e-173	492
SMc03923	iSF_1195.SF3453	58.0	407	171	0	13	419	20	426	1.13e-173	492
SMc03923	iSSON_1240.SSON_3670	58.0	407	171	0	13	419	20	426	1.13e-173	492
SMc03923	iSbBS512_1146.SbBS512_E3894	58.0	407	171	0	13	419	20	426	3.23e-173	491
SMc03923	iYL1228.KPN_03796	59.0	407	167	0	13	419	20	426	1.85e-172	489
SMc03923	STM_v1_0.STM3536	58.4	406	169	0	13	418	20	425	3.72e-172	488
SMc03923	iPC815.YPO3940	56.5	398	173	0	9	406	16	413	8.26e-160	458
SMc03924	iYL1228.KPN_03795	44.2	480	262	5	1	477	1	477	2.07e-140	411
SMc03924	iPC815.YPO3939	44.9	479	258	5	1	476	1	476	2.84e-140	411
SMc03924	iSF_1195.SF3452	44.5	479	260	5	1	476	1	476	5.39e-138	405
SMc03924	iML1515.b3429	44.3	479	261	5	1	476	1	476	1.08e-137	404
SMc03924	iSDY_1059.SDY_3575	44.3	479	261	5	1	476	1	476	1.08e-137	404
SMc03924	iSSON_1240.SSON_3669	44.3	479	261	5	1	476	1	476	1.53e-137	404
SMc03924	STM_v1_0.STM3535	43.8	479	263	5	1	476	1	476	4.93e-136	400
SMc03924	iSbBS512_1146.SbBS512_E3895	43.8	479	263	5	1	476	1	476	6.98e-136	400
SMc03925	iAT_PLT_636.5236	54.6	560	234	9	2	542	4	562	3.41e-207	587
SMc03925	iMM1415.72157	54.6	560	234	9	2	542	4	562	5.57e-206	584
SMc03925	iCHOv1.100753184	54.5	560	235	9	2	542	4	562	3.66e-204	579
SMc03926	iJN1463.PP_4055	41.2	691	346	14	5	649	20	696	5.27e-159	474
SMc03926	STM_v1_0.STM3537	42.7	649	333	12	8	642	11	634	9.75e-156	464
SMc03926	iYL1228.KPN_03797	42.5	649	334	12	8	642	11	634	1.09e-154	461
SMc03926	iML1515.b3431	41.7	647	342	12	8	642	11	634	6.66e-153	456
SMc03926	iSbBS512_1146.SbBS512_E3893	41.7	647	342	12	8	642	11	634	9.41e-153	456
SMc03926	iEK1008.Rv1564c	42.5	607	312	7	8	581	26	628	9.07e-152	456
SMc03926	iSDY_1059.SDY_3577	41.8	648	340	13	8	642	11	634	1.33e-152	456
SMc03926	iSF_1195.SF3454	41.4	647	344	12	8	642	11	634	4.18e-151	452
SMc03926	iPC815.YPO3941	42.9	627	328	10	17	629	20	630	9.71e-151	451
SMc03926	iSSON_1240.SSON_3671	41.4	647	344	12	8	642	11	634	1.18e-150	451
SMc03927	iJN1463.PP_4817	46.1	141	75	1	5	145	4	143	6.37e-38	126
SMc03929	iYS854.USA300HOU_RS00275	55.6	372	165	0	18	389	1	372	1.52e-140	404
SMc03930	iJN1463.PP_0326	34.8	115	70	2	49	159	68	181	1.84e-11	60.1
SMc03931	iJN1463.PP_0325	47.5	1023	486	13	1	994	1	1001	4.86e-307	876
SMc03932	iJN1463.PP_0324	46.2	104	55	1	1	104	1	103	3.41e-29	101
SMc03933	iJN1463.PP_0323	59.7	417	167	1	1	417	1	416	1.66e-178	503
SMc03937	iEK1008.Rv3645	33.7	172	104	3	212	382	338	500	3.50e-20	92.4
SMc03938	iJN1463.PP_0155	60.5	479	172	5	1	464	1	477	6.69e-184	521
SMc03939	iCN718.ABAYE_RS15920	60.6	99	27	2	50	136	5	103	1.04e-27	98.2
SMc03939	iPC815.YPO2303	52.7	110	49	2	25	133	400	507	5.60e-24	95.5
SMc03939	iML1515.b1603	59.1	88	34	1	46	133	424	509	6.97e-23	92.4
SMc03939	STM_v1_0.STM1479	59.1	88	34	1	46	133	423	508	6.96e-23	92.4
SMc03939	iSbBS512_1146.SbBS512_E1789	59.1	88	34	1	46	133	424	509	6.97e-23	92.4
SMc03939	iSDY_1059.SDY_1550	59.1	88	34	1	46	133	424	509	6.97e-23	92.4
SMc03939	iSF_1195.SF1624	59.1	88	34	1	46	133	429	514	7.04e-23	92.4
SMc03939	iSSON_1240.SSON_1557	59.1	88	34	1	46	133	424	509	6.97e-23	92.4
SMc03939	iYL1228.KPN_01526	59.1	88	34	1	46	133	428	513	9.62e-23	92.0
SMc03950	iJN1463.PP_0156	51.9	364	170	3	10	370	8	369	3.54e-108	322
SMc03950	iCN718.ABAYE_RS15925	51.1	374	170	9	5	370	3	371	1.16e-101	305
SMc03942	iAF987.Gmet_0957	33.8	536	332	8	237	762	99	621	1.96e-86	286
SMc03942	iAF987.Gmet_2629	32.4	562	356	7	217	765	262	812	9.69e-82	278
SMc03942	iAF987.Gmet_3085	35.0	452	276	6	323	763	442	886	3.43e-74	258
SMc03942	iAF987.Gmet_0987	34.1	446	289	2	316	757	336	780	1.22e-74	258
SMc03943	iJN1463.PP_5298	41.4	244	141	1	2	245	5	246	1.56e-56	181
SMc03943	iJN1463.PP_3598	38.5	244	150	0	1	244	13	256	1.32e-55	179
SMc03943	iJN1463.PP_2179	41.7	240	140	0	4	243	5	244	8.36e-54	174
SMc03943	iML1515.b1298	40.8	240	136	5	1	238	5	240	1.09e-50	166
SMc03943	iSSON_1240.SSON_1842	40.8	240	136	5	1	238	9	244	1.22e-50	166
SMc03943	iYL1228.KPN_01020	42.1	240	133	5	1	238	1	236	1.94e-50	165
SMc03943	iSF_1195.SF1303	40.4	240	137	5	1	238	9	244	9.67e-50	163
SMc04462	iYS854.USA300HOU_RS04605	34.9	318	193	6	5	310	3	318	1.37e-53	177
SMc04462	iJN1463.PP_3376	35.6	303	184	5	5	297	4	305	7.80e-53	176
SMc04462	iPC815.YPO4078	37.1	256	156	3	47	297	50	305	1.39e-47	162
SMc02975	iYL1228.KPN_04622	27.5	255	152	11	106	341	52	292	3.34e-08	53.9
SMc02975	iPC815.YPO3908	24.4	270	174	9	83	332	43	302	1.51e-07	52.0
SMc02975	iSbBS512_1146.SbBS512_E4856	24.2	256	159	10	86	320	46	287	8.56e-07	49.7
SMc02977	iAF987.Gmet_1659	27.9	244	148	7	20	257	16	237	9.39e-14	68.6
SMc02978	iJN1463.PP_4639	36.1	360	183	4	9	363	2	319	1.78e-62	202
SMc02981	iPC815.YPO3831	35.8	187	111	4	23	208	27	205	1.32e-27	103
SMc02981	iML1515.b3824	32.7	196	128	1	8	203	8	199	6.02e-25	96.7
SMc02981	iSbBS512_1146.SbBS512_E4291	32.7	196	128	1	8	203	8	199	6.02e-25	96.7
SMc02983	iJN1463.PP_0864	50.3	366	179	3	16	379	23	387	9.08e-132	382
SMc02983	iAF692.Mbar_A2177	49.2	366	185	1	14	379	26	390	5.69e-126	367
SMc03153	iIT341.HP1099	47.6	206	108	0	6	211	3	208	7.56e-65	199
SMc03153	iPC815.YPO2067	53.1	192	90	0	16	207	16	207	5.06e-64	197
SMc03153	iML1515.b1850	51.5	198	96	0	10	207	10	207	1.44e-63	196
SMc03153	iSbBS512_1146.SbBS512_E2125	51.5	198	96	0	10	207	10	207	1.44e-63	196
SMc03153	iSF_1195.SF1860	51.5	198	96	0	10	207	10	207	1.44e-63	196
SMc03153	iSSON_1240.SSON_1298	51.5	198	96	0	10	207	10	207	1.44e-63	196
SMc03153	STM_v1_0.STM1884	51.0	198	97	0	10	207	10	207	5.81e-63	194
SMc03153	iSDY_1059.SDY_1136	51.5	198	96	0	10	207	10	207	5.81e-63	194
SMc03153	iYL1228.KPN_02365	50.8	199	97	1	10	207	10	208	2.18e-60	187
SMc03156	iEK1008.Rv3206c	29.2	113	63	5	123	228	286	388	4.88e-06	47.4
SMc03157	iJN1463.PP_0112	50.0	258	127	1	1	258	1	256	3.07e-82	246
SMc03157	STM_v1_0.STM0245	50.2	239	116	2	23	258	33	271	6.93e-77	233
SMc03157	iML1515.b0197	49.8	239	117	2	23	258	33	271	1.97e-76	232
SMc03157	iSbBS512_1146.SbBS512_E0191	49.8	239	117	2	23	258	33	271	3.95e-76	231
SMc03157	iSDY_1059.SDY_0216	49.8	239	117	2	23	258	33	271	3.95e-76	231
SMc03157	iSF_1195.SF0188	49.8	239	117	2	23	258	33	271	3.95e-76	231
SMc03157	iSSON_1240.SSON_0211	49.8	239	117	2	23	258	33	271	3.95e-76	231
SMc03157	iYL1228.KPN_00211	49.4	239	118	2	23	258	33	271	3.19e-75	229
SMc03157	iCN900.CD630_14910	47.5	263	131	3	1	258	3	263	1.41e-74	227
SMc03158	iCN718.ABAYE_RS11025	51.7	207	100	0	11	217	11	217	1.03e-59	186
SMc03158	iJN1463.PP_0219	48.6	210	108	0	8	217	5	214	1.63e-57	181
SMc03158	iJN1463.PP_0113	47.6	206	108	0	12	217	18	223	3.17e-54	172
SMc03158	iYS854.USA300HOU_RS02330	49.8	201	101	0	12	212	14	214	5.63e-54	172
SMc03159	iPC815.YPO1073	48.8	330	169	0	28	357	14	343	6.17e-98	293
SMc03159	iYL1228.KPN_00213	50.0	330	165	0	28	357	14	343	1.75e-97	292
SMc03159	STM_v1_0.STM0247	49.1	330	168	0	28	357	14	343	1.29e-94	285
SMc03159	iSbBS512_1146.SbBS512_E0193	49.1	330	168	0	28	357	14	343	5.16e-94	283
SMc03159	iSSON_1240.SSON_0213	49.1	330	168	0	28	357	14	343	5.16e-94	283
SMc03159	iML1515.b0199	48.8	330	169	0	28	357	14	343	7.31e-94	283
SMc03159	iSDY_1059.SDY_0218	48.8	330	169	0	28	357	14	343	1.03e-93	283
SMc03159	iSF_1195.SF0190	48.8	330	169	0	28	357	14	343	4.15e-93	281
SMc03159	iJN1463.PP_0220	50.2	317	148	4	14	329	33	340	2.12e-91	278
SMc03159	iYO844.BSU32750	47.0	336	174	2	19	354	7	338	7.10e-91	275
SMc03159	iJN1463.PP_0114	49.5	327	154	5	14	337	2	320	6.67e-90	273
SMc03160	iNF517.LLMG_RS01005	33.3	475	285	9	3	448	1	472	2.73e-80	256
SMc03160	iMM1415.226413	34.8	480	262	14	4	446	1373	1838	1.80e-71	245
SMc03160	iCHOv1.100766856	33.9	475	273	13	4	446	1368	1833	6.10e-71	244
SMc03161	iAF987.Gmet_2352	28.6	133	81	4	13	145	3	121	9.66e-12	65.1
SMc03161	iAF692.Mbar_A1138	27.7	155	97	6	15	168	2	142	1.37e-10	61.6
SMc03163	iYL1228.KPN_03929	62.9	434	159	1	5	436	8	441	8.07e-210	585
SMc03163	STM_v1_0.STM3661	62.9	434	159	1	5	436	4	437	3.29e-208	580
SMc03163	iPC815.YPO4038	62.4	434	161	1	5	436	4	437	6.38e-208	580
SMc03163	iML1515.b3565	62.0	434	163	1	5	436	4	437	8.89e-206	574
SMc03163	iSbBS512_1146.SbBS512_E3959	61.8	434	164	1	5	436	4	437	3.60e-205	573
SMc03163	iSSON_1240.SSON_3820	61.8	434	164	1	5	436	4	437	3.60e-205	573
SMc03164	iYL1228.KPN_02542	53.4	457	209	3	1	454	1	456	4.54e-156	452
SMc03164	STM_v1_0.STM3660	49.5	479	236	5	1	476	1	476	5.96e-148	431
SMc03164	iML1515.b3564	49.0	480	237	6	1	476	1	476	2.51e-144	422
SMc03164	iSF_1195.SF3608	49.0	480	237	6	1	476	1	476	2.51e-144	422
SMc03164	iYL1228.KPN_03928	51.4	438	208	4	1	436	1	435	6.54e-142	416
SMc03164	iPC815.YPO4039	51.1	438	209	4	1	436	1	435	2.63e-141	414
SMc03164	iSSON_1240.SSON_3821	50.3	435	211	4	1	433	1	432	3.56e-139	407
SMc03165	iLJ478.TM0114	32.2	180	118	3	123	301	90	266	7.88e-16	77.0
SMc03167	iYO844.BSU03070	26.2	405	294	3	32	435	18	418	3.46e-40	152
SMc03168	iML1515.b3241	26.3	320	167	9	65	377	38	295	2.60e-16	78.6
SMc03172	iCN718.ABAYE_RS01925	53.0	472	221	1	6	477	3	473	1.25e-177	507
SMc03172	iJN1463.PP_1977	50.6	474	233	1	4	477	2	474	1.84e-177	506
SMc03173	iYS854.USA300HOU_RS02655	46.8	491	254	3	12	496	6	495	2.90e-152	443
SMc03173	iAF987.Gmet_2360	46.4	481	255	2	18	496	11	490	3.32e-150	437
SMc03173	iCN900.CD630_35520	45.3	486	257	4	12	494	18	497	8.48e-150	437
SMc03173	iSDY_1059.SDY_3192	46.8	485	250	6	16	494	20	502	1.77e-145	426
SMc03173	iSbBS512_1146.SbBS512_E3309	46.8	485	250	6	16	494	20	502	2.51e-145	426
SMc03173	iSF_1195.SF2876	46.8	485	250	6	16	494	20	502	2.51e-145	426
SMc03173	iSSON_1240.SSON_3043	46.8	485	250	6	16	494	20	502	2.51e-145	426
SMc03173	iYL1228.KPN_00502	46.2	485	253	6	16	494	20	502	9.21e-143	419
SMc03173	STM_v1_0.STM3040	45.8	485	255	6	16	494	20	502	1.30e-142	419
SMc03173	iNF517.LLMG_RS01995	46.6	485	251	6	16	494	2	484	5.30e-142	416
SMc03173	iML1515.b4129	46.2	489	255	7	12	494	16	502	2.10e-141	416
SMc03173	iYL1228.KPN_03318	46.0	485	254	6	16	494	20	502	2.10e-141	416
SMc03173	iPC815.YPO0888	44.8	495	264	7	6	494	11	502	5.94e-141	414
SMc03173	iJN1463.PP_1496	45.8	500	261	7	4	497	5	500	1.01e-140	414
SMc03173	iSynCJ816.SGL_RS06545	46.5	493	250	7	12	491	8	499	1.40e-140	414
SMc03173	iAF692.Mbar_A1667	45.0	480	256	6	21	496	39	514	3.39e-137	405
SMc03175	iML1515.b2162	36.5	277	165	7	3	275	5	274	1.33e-46	159
SMc03175	iSSON_1240.SSON_2218	36.1	277	166	7	3	275	5	274	2.62e-46	158
SMc03175	iSF_1195.SF2247	36.1	277	166	7	3	275	5	274	7.26e-46	157
SMc03175	iML1515.b0030	33.0	315	189	7	4	314	5	301	1.53e-41	145
SMc03175	STM_v1_0.STM0051	33.5	316	186	8	4	314	7	303	1.61e-41	145
SMc03175	iSbBS512_1146.SbBS512_E0034	33.0	315	189	7	4	314	5	301	5.93e-41	144
SMc03175	iSF_1195.SF0027	32.7	315	190	7	4	314	5	301	1.17e-40	143
SMc03175	iSSON_1240.SSON_0035	32.4	315	191	7	4	314	5	301	1.17e-40	143
SMc03178	iAF987.Gmet_0987	31.2	589	366	10	299	876	225	785	1.13e-74	260
SMc03178	iAF987.Gmet_2629	30.1	579	368	10	308	876	258	809	1.20e-73	258
SMc03178	iAF987.Gmet_0957	36.3	441	265	7	438	867	177	612	8.88e-74	254
SMc03178	iAF987.Gmet_0700	34.3	504	305	7	375	865	318	808	5.26e-72	253
SMc03178	iAF987.Gmet_3085	34.4	430	268	5	455	874	458	883	1.12e-70	251
SMc03178	iJN1463.PP_3581	31.2	541	346	8	343	867	147	677	1.07e-71	249
SMc03178	iAF987.Gmet_0782	34.5	415	265	4	457	865	302	715	1.46e-66	236
SMc03179	iJN1463.PP_2230	60.4	960	370	5	32	985	3	958	0.0	1097
SMc03180	iJN1463.PP_2229	70.5	112	33	0	1	112	1	112	3.38e-49	152
SMc03181	iJN1463.PP_2228	50.6	545	249	5	5	533	4	544	8.30e-163	474
SMc03182	iJN1463.PP_2227	36.4	162	102	1	1	161	1	162	3.31e-26	97.1
SMc03183	iJN1463.PP_2226	60.0	85	34	0	9	93	8	92	1.19e-25	90.9
SMc03184	iJN1463.PP_2225	36.4	107	68	0	1	107	1	107	1.13e-18	75.1
SMc03185	iJN1463.PP_3720	41.4	227	125	2	1	227	3	221	7.85e-60	189
SMc03187	iEK1008.Rv2071c	56.0	241	105	1	1	240	1	241	3.66e-83	248
SMc03188	iJN1463.PP_4830	51.9	395	188	1	12	406	1	393	1.67e-124	365
SMc03189	iJN1463.PP_4832	42.2	232	127	3	15	246	4	228	1.23e-43	147
SMc03189	iEK1008.Rv2070c	38.8	258	134	7	15	264	3	244	6.77e-41	140
SMc03190	iJN1463.PP_4826	50.2	249	122	2	3	249	313	561	1.75e-68	220
SMc03191	iJN1463.PP_4827	55.5	236	105	0	7	242	6	241	6.95e-84	250
SMc03191	iEK1008.Rv2066	50.8	238	117	0	7	244	5	242	2.86e-74	234
SMc03192	iJN1463.PP_4828	65.3	202	70	0	5	206	3	204	7.09e-82	242
SMc03193	iJN1463.PP_4829	30.9	408	218	12	19	388	17	398	3.80e-21	95.1
SMc03194	iJN1463.PP_3763	50.8	250	120	2	1	250	1	247	1.72e-84	252
SMc03196	iYL1228.KPN_00777	51.4	255	119	3	6	258	4	255	3.14e-70	216
SMc03196	iPC815.YPO1145	51.2	244	118	1	16	258	14	257	4.35e-68	211
SMc03196	iSF_1195.SF0541	49.2	256	125	3	5	258	3	255	1.64e-67	209
SMc03196	iML1515.b0763	48.6	257	127	3	5	259	3	256	2.32e-67	209
SMc03196	STM_v1_0.STM0781	49.0	255	125	3	6	258	4	255	2.32e-67	209
SMc03196	iSDY_1059.SDY_0710	49.2	256	125	3	5	258	3	255	3.29e-67	208
SMc03196	iSbBS512_1146.SbBS512_E0684	48.0	256	128	3	5	258	3	255	2.12e-65	204
SMc03196	iSSON_1240.SSON_0715	48.0	256	128	3	5	258	3	255	2.12e-65	204
SMc03197	iPC815.YPO1146	58.1	217	91	0	4	220	1	217	1.26e-81	243
SMc03197	STM_v1_0.STM0782	57.6	217	92	0	4	220	1	217	4.76e-81	241
SMc03197	iML1515.b0764	56.2	217	95	0	4	220	1	217	3.15e-79	237
SMc03197	iSbBS512_1146.SbBS512_E0685	56.2	217	95	0	4	220	1	217	3.15e-79	237
SMc03197	iSDY_1059.SDY_0711	56.2	217	95	0	4	220	1	217	3.15e-79	237
SMc03197	iSSON_1240.SSON_0716	56.2	217	95	0	4	220	1	217	3.15e-79	237
SMc03197	iYL1228.KPN_00778	56.2	217	95	0	4	220	1	217	8.97e-79	236
SMc03197	iSF_1195.SF0540	55.8	217	96	0	4	220	1	217	2.56e-78	234
SMc03198	iPC815.YPO1147	46.7	332	172	2	25	356	25	351	1.70e-90	275
SMc03198	iYL1228.KPN_00779	42.7	356	198	3	1	355	1	351	3.28e-86	264
SMc03198	iSbBS512_1146.SbBS512_E0686	44.4	331	179	2	25	355	25	350	6.36e-86	263
SMc03198	iSDY_1059.SDY_0712	44.4	331	179	2	25	355	25	350	8.99e-86	263
SMc03198	iML1515.b0765	44.1	331	180	2	25	355	25	350	1.80e-85	262
SMc03198	iSF_1195.SF0539	44.9	332	176	4	25	355	25	350	1.80e-85	262
SMc03198	iSSON_1240.SSON_0717	44.1	331	180	2	25	355	25	350	1.80e-85	262
SMc03198	iJN1463.PP_3830	45.0	362	191	5	1	355	1	361	2.00e-84	259
SMc03198	STM_v1_0.STM0783	43.2	331	183	2	25	355	25	350	1.62e-83	257
SMc03200	iAT_PLT_636.1757	25.6	446	266	14	5	433	49	445	3.59e-22	99.4
SMc03200	iMM1415.74129	23.4	423	281	10	15	428	37	425	1.53e-19	91.3
SMc03201	iJN1463.PP_4401	61.4	409	158	0	1	409	1	409	1.60e-175	495
SMc03202	iJN1463.PP_4402	74.8	333	84	0	4	336	6	338	4.64e-193	534
SMc03203	iJN1463.PP_4403	53.5	432	185	5	1	425	1	423	2.38e-140	407
SMc03204	iJN1463.PP_4404	56.8	463	190	4	4	464	5	459	6.59e-174	495
SMc03205	iJN1463.PP_0327	48.6	278	143	0	3	280	7	284	1.27e-92	275
SMc03205	iJN1463.PP_1943	48.4	279	142	2	4	281	7	284	1.60e-88	265
SMc03205	iJN1463.PP_1367	47.5	282	147	1	1	281	1	282	1.17e-87	263
SMc03206	iJN1463.PP_4619	45.6	204	104	4	11	212	3	201	3.55e-49	159
SMc03206	iCN718.ABAYE_RS00890	42.4	205	115	3	11	214	3	205	2.85e-48	157
SMc03206	iAT_PLT_636.2954	45.0	211	107	3	6	214	3	206	2.72e-47	154
SMc03206	iMM1415.14874	43.1	211	111	3	6	214	3	206	1.54e-46	152
SMc03206	iCHOv1.100764455	42.5	212	113	3	5	214	49	253	3.65e-44	150
SMc03208	iJN1463.PP_4621	56.2	427	177	5	21	446	11	428	7.34e-164	468
SMc03208	iCHOv1.100762426	51.3	439	191	10	21	446	6	434	7.13e-147	426
SMc03208	iMM1415.15233	51.3	435	197	8	21	446	6	434	1.01e-146	425
SMc03211	iJN1463.PP_3433	51.3	353	165	4	16	364	6	355	9.90e-122	355
SMc03211	iCN718.ABAYE_RS00875	49.3	353	166	6	16	364	5	348	4.35e-111	328
SMc03147	iSDY_1059.SDY_1025	27.2	463	313	10	248	697	741	1192	1.64e-36	147
SMc03147	iCHOv1.100682535	38.4	229	139	2	466	693	391	618	2.26e-36	147
SMc03147	iMM1415.18670	37.1	229	142	2	466	693	388	615	9.00e-35	142
SMc03147	STM_v1_0.STM2774	25.9	459	324	8	248	697	744	1195	1.53e-34	141
SMc03147	iJN1463.PP_4935	26.0	411	289	5	294	697	181	583	8.18e-33	134
SMc03141	iAF987.Gmet_0957	35.3	306	191	4	34	333	311	615	2.79e-51	179
SMc03141	iYL1228.KPN_02455	36.4	327	199	6	7	331	276	595	8.53e-50	175
SMc03141	iSbBS512_1146.SbBS512_E1752	35.4	297	184	3	39	330	499	792	7.97e-48	172
SMc03141	iSSON_1240.SSON_1635	35.4	297	184	3	39	330	499	792	7.97e-48	172
SMc03141	iML1515.b1489	35.4	297	184	3	39	330	491	784	3.68e-47	170
SMc03141	iAF987.Gmet_0700	33.2	328	209	6	5	327	485	807	2.09e-44	162
SMc03139	iML1515.b3371	22.8	307	230	2	26	332	35	334	1.01e-19	88.2
SMc03139	iSF_1195.SF3390	22.8	307	230	2	26	332	35	334	1.01e-19	88.2
SMc03139	iSSON_1240.SSON_3503	22.8	307	230	2	26	332	42	341	2.76e-19	87.0
SMc03138	iSSON_1240.SSON_3505	32.4	259	171	3	7	263	5	261	1.12e-23	96.3
SMc03138	iML1515.b3374	32.4	259	171	3	7	263	5	261	2.17e-23	95.5
SMc03138	iSbBS512_1146.SbBS512_E3751	32.4	259	171	3	7	263	5	261	2.17e-23	95.5
SMc03138	iSF_1195.SF3392	32.4	259	171	3	7	263	5	261	2.17e-23	95.5
SMc03135	iJN1463.PP_1300	75.2	246	59	1	8	251	9	254	6.16e-137	385
SMc03133	iJN1463.PP_0226	42.0	176	102	0	144	319	42	217	9.73e-40	139
SMc03133	iCN900.CD630_07510	37.6	226	131	4	104	321	2	225	2.09e-39	138
SMc03133	iYS854.USA300HOU_RS09930	37.4	211	130	2	109	318	273	482	4.01e-37	138
SMc03133	iNF517.LLMG_RS09920	36.4	225	132	4	105	319	1	224	3.43e-38	135
SMc03133	iML1515.b1918	37.9	214	132	1	106	319	4	216	4.09e-38	134
SMc03133	iJN1463.PP_4426	37.6	197	123	0	120	316	18	214	5.16e-38	134
SMc03133	iYO844.BSU23970	36.9	214	133	2	104	316	2	214	1.47e-37	133
SMc03133	iYO844.BSU03600	37.1	205	128	1	117	320	27	231	1.27e-35	128
SMc03133	iYS854.USA300HOU_RS13045	33.2	202	125	1	128	319	34	235	1.44e-35	128
SMc03132	iJN1463.PP_2448	33.1	390	258	3	3	391	6	393	2.25e-63	209
SMc03132	iJN1463.PP_5273	35.2	392	243	8	7	391	11	398	2.11e-60	202
SMc03132	iML1515.b1301	33.2	373	245	4	21	391	22	392	5.61e-59	198
SMc03132	iSSON_1240.SSON_1839	33.2	373	245	4	21	391	22	392	5.61e-59	198
SMc03132	iYL1228.KPN_01017	31.8	387	260	4	7	391	8	392	7.87e-59	197
SMc03132	iSF_1195.SF1306	33.2	373	245	4	21	391	22	392	7.87e-59	197
SMc03132	iSDY_1059.SDY_1943	33.7	374	242	5	21	391	22	392	5.96e-58	195
SMc03132	iJN1463.PP_3146	32.3	412	253	9	7	403	11	411	1.39e-56	192
SMc03132	iSbBS512_1146.SbBS512_E1537	32.4	373	248	4	21	391	22	392	3.39e-56	191
SMc03131	iML1515.b1920	30.0	247	154	4	27	271	34	263	2.10e-31	117
SMc03131	STM_v1_0.STM1954	30.0	247	154	4	27	271	34	263	1.13e-30	115
SMc03129	iNF517.LLMG_RS00415	30.3	251	154	8	2	242	37	276	6.20e-22	91.7
SMc03129	iCN718.ABAYE_RS03565	28.7	251	147	7	3	239	2	234	1.98e-19	84.0
SMc03128	iJN1463.PP_0880	37.0	265	162	1	34	293	41	305	3.16e-42	147
SMc03128	iEK1008.Rv1282c	34.3	245	158	3	51	293	41	284	9.45e-40	140
SMc03128	iML1515.b0832	32.9	258	173	0	36	293	45	302	1.76e-39	139
SMc03128	iSbBS512_1146.SbBS512_E2516	32.6	258	174	0	36	293	45	302	2.47e-39	139
SMc03128	iSSON_1240.SSON_0814	32.6	258	174	0	36	293	45	302	2.47e-39	139
SMc03128	iJN1463.PP_3344	35.0	297	162	7	3	290	2	276	5.68e-39	137
SMc03128	iSDY_1059.SDY_0755	32.6	258	174	0	36	293	45	302	9.56e-39	137
SMc03128	iSbBS512_1146.SbBS512_E3843	34.9	261	169	1	30	290	10	269	3.01e-37	133
SMc03128	iSDY_1059.SDY_3633	34.5	261	170	1	30	290	10	269	5.92e-37	132
SMc03127	STM_v1_0.STM0850	40.7	305	178	2	1	303	1	304	3.82e-71	222
SMc03127	iYL1228.KPN_00864	39.1	304	184	1	1	303	1	304	5.40e-71	221
SMc03127	iML1515.b0831	38.2	304	187	1	1	303	1	304	1.08e-70	221
SMc03127	iSDY_1059.SDY_0756	38.2	304	187	1	1	303	1	304	1.08e-70	221
SMc03127	iSF_1195.SF0781	39.2	288	174	1	16	303	18	304	2.16e-70	220
SMc03127	iSbBS512_1146.SbBS512_E2517	37.8	304	188	1	1	303	1	304	1.72e-69	218
SMc03127	iSSON_1240.SSON_0813	37.8	304	188	1	1	303	1	304	3.44e-69	217
SMc03127	iJN1463.PP_0881	39.4	320	156	4	17	303	19	333	1.02e-63	204
SMc03127	iYL1228.KPN_03898	38.0	337	174	4	1	303	1	336	1.57e-63	203
SMc03127	iSF_1195.SF3578	38.5	338	171	5	1	303	1	336	3.48e-62	200
SMc03126	iJN1463.PP_0878	46.4	317	168	2	1	316	1	316	2.08e-89	270
SMc03126	iLJ478.TM0057	46.3	322	164	6	4	316	3	324	4.86e-89	270
SMc03126	iML1515.b1247	47.1	308	156	3	4	304	11	318	2.43e-88	268
SMc03126	iSbBS512_1146.SbBS512_E1416	47.1	308	156	3	4	304	11	318	2.43e-88	268
SMc03126	iSDY_1059.SDY_1305	47.1	308	156	3	4	304	11	318	2.43e-88	268
SMc03126	iSF_1195.SF1248	47.1	308	156	3	4	304	11	318	2.43e-88	268
SMc03126	iYL1228.KPN_02193	47.7	308	154	4	4	304	11	318	3.45e-88	267
SMc03126	STM_v1_0.STM1742	46.8	308	157	3	4	304	11	318	6.90e-88	266
SMc03126	iSSON_1240.SSON_1933	46.4	308	158	3	4	304	11	318	2.77e-87	265
SMc03126	iLJ478.TM1063	45.7	328	163	9	3	316	2	328	3.90e-86	262
SMc03126	iLJ478.TM1750	47.6	294	152	2	27	318	30	323	2.09e-85	260
SMc03126	iSSON_1240.SSON_3850	43.7	316	176	2	4	318	12	326	1.83e-82	253
SMc03126	iML1515.b3540	43.7	316	176	2	4	318	12	326	2.59e-82	252
SMc03126	iYL1228.KPN_03895	44.0	316	175	2	4	318	12	326	4.02e-82	252
SMc03126	iSF_1195.SF3575	43.7	316	176	2	4	318	12	326	7.33e-82	251
SMc03126	iPC815.YPO3999	43.0	316	178	2	4	318	33	347	2.14e-81	251
SMc03126	iSDY_1059.SDY_4563	43.4	316	177	2	4	318	12	326	5.87e-81	249
SMc03126	STM_v1_0.STM3626	42.7	316	179	2	4	318	12	326	1.03e-79	246
SMc03126	iSF_1195.SF0779	49.6	276	136	2	4	276	302	577	1.29e-76	246
SMc03126	iML1515.b0829	49.3	276	137	2	4	276	313	588	6.32e-76	244
SMc03126	iSbBS512_1146.SbBS512_E2519	49.3	276	137	2	4	276	313	588	6.32e-76	244
SMc03126	iSSON_1240.SSON_0811	49.3	276	137	2	4	276	302	577	5.01e-76	244
SMc03126	iSDY_1059.SDY_0758	48.9	276	138	2	4	276	302	577	1.39e-75	243
SMc03125	iYL1228.KPN_02194	47.8	316	160	3	8	319	19	333	7.55e-100	297
SMc03125	iSbBS512_1146.SbBS512_E1415	47.5	316	161	3	8	319	19	333	4.30e-99	295
SMc03125	iSDY_1059.SDY_1304	47.5	316	161	3	8	319	19	333	4.30e-99	295
SMc03125	iSF_1195.SF1247	47.5	316	161	3	8	319	19	333	4.30e-99	295
SMc03125	iSSON_1240.SSON_1934	47.5	316	161	3	8	319	19	333	4.30e-99	295
SMc03125	STM_v1_0.STM1743	47.5	316	161	3	8	319	17	331	1.62e-98	294
SMc03125	iML1515.b1246	47.2	316	162	3	8	319	19	333	1.40e-97	291
SMc03125	iEK1008.Rv1281c	47.1	327	167	3	8	328	4	330	7.38e-90	280
SMc03125	iYO844.BSU12950	44.7	331	173	3	8	328	4	334	1.78e-92	278
SMc03125	iLJ478.TM1749	45.2	314	167	2	7	315	3	316	1.01e-91	276
SMc03125	iJN1463.PP_0879	48.1	316	159	3	8	319	3	317	1.08e-90	273
SMc03125	iYL1228.KPN_03896	47.5	295	152	2	27	319	26	319	5.78e-89	269
SMc03125	iML1515.b3541	47.1	295	153	2	27	319	26	319	2.32e-88	268
SMc03125	iSF_1195.SF3576	47.1	295	153	2	27	319	26	319	2.32e-88	268
SMc03124	iSSON_1240.SSON_3846	25.1	459	299	12	76	511	69	505	6.79e-28	117
SMc03124	iML1515.b3544	25.1	459	299	12	76	511	69	505	9.14e-28	116
SMc03124	iSDY_1059.SDY_4567	24.8	459	300	12	76	511	69	505	1.65e-27	115
SMc03124	iSF_1195.SF3579	24.8	459	300	12	76	511	69	505	1.65e-27	115
SMc03124	STM_v1_0.STM3630	25.2	461	294	12	77	511	70	505	1.30e-26	113
SMc03124	iYL1228.KPN_03899	27.1	369	228	11	77	426	61	407	7.49e-25	107
SMc03123	iHN637.CLJU_RS11915	28.2	316	210	7	7	313	16	323	2.55e-28	111
SMc03121	iLJ478.TM1135	28.0	311	211	8	28	333	21	323	1.43e-10	62.0
SMc03120	iSynCJ816.SGL_RS14000	40.6	261	143	5	6	256	7	265	1.42e-54	176
SMc03120	iLJ478.TM1138	38.1	260	135	5	25	258	21	280	2.52e-50	166
SMc03120	iAF987.Gmet_1820	36.5	249	150	4	15	256	1	248	7.77e-50	164
SMc03120	iJN1463.PP_1138	38.2	254	144	4	13	256	3	253	2.81e-48	160
SMc03119	iLJ478.TM1139	44.4	234	126	1	4	233	5	238	2.52e-60	189
SMc03119	iAF987.Gmet_1819	41.6	238	130	2	4	232	1	238	3.43e-54	174
SMc03119	iJN1463.PP_1137	41.7	211	120	1	4	211	1	211	4.54e-54	173
SMc03119	iSynCJ816.SGL_RS14500	44.4	225	116	4	4	221	1	223	4.54e-54	173
SMc03119	STM_v1_0.STM3560	43.2	213	118	1	2	211	3	215	1.45e-53	172
SMc03119	iYL1228.KPN_03816	43.2	220	110	2	4	214	5	218	2.05e-53	171
SMc03119	iJN1463.PP_4863	43.7	213	115	2	3	211	4	215	2.98e-53	171
SMc03118	iJN1463.PP_4842	37.1	294	166	8	13	292	200	488	1.61e-38	141
SMc03117	iJN1463.PP_4843	35.9	301	155	11	47	314	56	351	3.58e-32	122
SMc03116	iCHOv1.100772204	41.2	534	304	4	2	526	44	576	6.84e-124	375
SMc03116	iMM1415.218865	39.1	534	315	4	2	526	41	573	1.07e-118	362
SMc03116	iML1515.b0311	41.6	531	300	8	4	526	3	531	9.99e-112	342
SMc03112	iJN1463.PP_2375	62.4	1240	449	7	16	1247	3	1233	0.0	1479
SMc03112	iPC815.YPO3722	61.9	1227	457	5	22	1247	11	1228	0.0	1468
SMc03112	iSSON_1240.SSON_4190	61.5	1232	463	6	18	1247	2	1224	0.0	1462
SMc03112	iYL1228.KPN_04399	61.6	1232	462	6	18	1247	2	1224	0.0	1461
SMc03112	iML1515.b4019	61.4	1232	464	6	18	1247	2	1224	0.0	1461
SMc03112	iSF_1195.SF4085	61.3	1232	466	6	18	1247	2	1224	0.0	1459
SMc03112	iSDY_1059.SDY_4322	61.0	1232	469	6	18	1247	2	1224	0.0	1447
SMc03112	iCN718.ABAYE_RS14075	60.7	1224	464	7	29	1246	12	1224	0.0	1418
SMc03111	iCHOv1.100753186	26.2	256	169	9	18	261	20	267	3.54e-10	60.8
SMc03109	iSDY_1059.SDY_0345	54.9	297	131	1	3	296	49	345	1.78e-108	318
SMc03109	iML1515.b0394	54.5	299	133	1	1	296	1	299	1.57e-108	317
SMc03109	iSSON_1240.SSON_0371	54.5	297	132	1	3	296	49	345	2.05e-107	315
SMc03109	iYL1228.KPN_00337	53.2	297	136	1	3	296	14	310	3.21e-106	311
SMc03109	iSF_1195.SF0330	54.2	297	133	1	3	296	49	345	9.47e-106	311
SMc03109	iPC815.YPO3211	53.5	299	136	1	1	296	1	299	1.81e-105	309
SMc03109	STM_v1_0.STM0393	52.5	299	139	1	1	296	1	299	1.95e-104	306
SMc03105	iJN1463.PP_1597	52.0	400	175	7	4	391	6	400	1.94e-112	334
SMc03105	iAF987.Gmet_1256	49.6	383	189	3	9	390	2	381	8.90e-106	316
SMc03105	iCN900.CD630_21300	45.2	385	206	4	9	391	2	383	1.63e-103	310
SMc03105	iYL1228.KPN_00186	48.1	395	189	6	9	390	2	393	8.62e-102	306
SMc03105	iPC815.YPO1048	47.6	395	191	6	9	390	2	393	1.47e-99	301
SMc03104	iMM1415.11656	50.6	401	194	2	4	400	145	545	1.37e-136	402
SMc03104	iCHOv1.100753315	50.6	401	194	2	4	400	145	545	5.49e-136	401
SMc03104	iAT_PLT_636.211	50.6	401	194	2	4	400	216	616	1.74e-134	399
SMc03104	iAT_PLT_636.212	49.8	404	199	2	1	400	129	532	1.48e-135	399
SMc03104	iMM1415.11655	51.1	401	192	2	4	400	201	601	1.27e-133	397
SMc03104	iCHOv1.100766370	50.6	401	194	2	4	400	199	599	6.75e-133	395
SMc03103	iEK1008.Rv0375c	35.3	215	123	5	12	210	1	215	2.96e-26	103
SMc03102	iEK1008.Rv0373c	39.2	780	449	10	9	777	26	791	4.20e-171	512
SMc03101	iEK1008.Rv0374c	54.3	151	67	2	3	152	2	151	1.87e-51	161
SMc03099	iEK1008.Rv2212	25.8	159	107	3	11	168	212	360	2.36e-05	46.6
SMc03099	iEK1008.Rv1647	30.1	123	81	3	12	133	135	253	6.13e-05	45.1
SMc03098	iEK1008.Rv0134	28.5	309	166	15	8	286	10	293	1.87e-18	83.2
SMc03094	iEK1008.Rv3817	32.9	210	108	7	56	257	58	242	3.81e-18	80.9
SMc03091	iYO844.BSU40320	42.0	300	167	4	2	300	3	296	4.01e-79	242
SMc03086	iJN1463.PP_2186	52.2	67	28	3	1	65	1	65	2.29e-12	55.8
SMc03085	iEK1008.Rv2899c	28.6	266	163	5	27	273	18	275	2.19e-22	93.6
SMc03085	iYO844.BSU36710	30.3	251	169	4	23	273	16	260	1.57e-19	85.5
SMc04444	iJN1463.PP_2185	68.1	955	288	3	8	956	14	957	0.0	1336
SMc02525	iJN1463.PP_2184	62.2	518	192	2	4	518	9	525	1.45e-227	636
SMc02524	iJN1463.PP_2183	52.6	156	68	2	3	158	6	155	1.73e-51	161
SMc02522	iYL1228.KPN_01091	35.0	246	152	6	7	252	3	240	4.74e-34	122
SMc02522	iSynCJ816.SGL_RS07245	34.4	247	148	4	13	255	10	246	1.52e-32	119
SMc02522	iSDY_1059.SDY_2057	34.4	247	152	7	7	252	3	240	1.99e-32	118
SMc02522	iML1515.b1093	33.6	247	154	7	7	252	3	240	7.72e-32	117
SMc02522	iSbBS512_1146.SbBS512_E2231	33.6	247	154	7	7	252	3	240	7.72e-32	117
SMc02522	iSF_1195.SF1097	33.6	247	154	7	7	252	3	240	7.72e-32	117
SMc02522	iSSON_1240.SSON_1113	33.6	247	154	7	7	252	3	240	7.72e-32	117
SMc02522	iCN900.CD630_25770	34.7	248	158	4	8	255	2	245	1.66e-30	113
SMc02522	STM_v1_0.STM1195	33.2	247	155	7	7	252	3	240	3.19e-30	112
SMc02522	iNF517.LLMG_RS08950	35.2	250	144	8	8	252	4	240	8.60e-30	111
SMc02522	iAF987.Gmet_1694	35.1	248	156	5	7	254	3	245	1.26e-29	111
SMc02520	iSDY_1059.SDY_3649	52.2	490	227	4	8	495	5	489	9.88e-169	485
SMc02520	iSF_1195.SF3448	52.2	490	227	4	8	495	10	494	4.71e-168	484
SMc02520	iML1515.b3426	52.2	490	227	4	8	495	5	489	5.64e-168	483
SMc02520	iSbBS512_1146.SbBS512_E3808	52.2	490	227	4	8	495	5	489	5.64e-168	483
SMc02520	iSSON_1240.SSON_3663	52.0	490	228	4	8	495	5	489	2.27e-167	482
SMc02520	STM_v1_0.STM3526	51.4	490	231	4	8	495	5	489	3.33e-167	481
SMc02520	iYL1228.KPN_03792	51.2	490	232	4	8	495	5	489	4.37e-165	476
SMc02520	iCN718.ABAYE_RS04625	50.9	493	231	6	6	495	11	495	4.98e-157	456
SMc02520	iJN1463.PP_1073	50.2	494	238	5	7	498	17	504	1.75e-154	449
SMc02519	STM_v1_0.STM3554	34.2	319	200	5	2	317	4	315	1.23e-53	180
SMc02519	iJN1463.PP_1018	32.1	324	200	4	2	310	4	322	1.09e-50	173
SMc02519	iYL1228.KPN_03810	32.1	349	228	5	2	345	4	348	4.25e-50	171
SMc02519	iLJ478.TM0421	38.0	237	147	0	2	238	4	240	4.57e-50	171
SMc02519	iYS854.USA300HOU_RS01090	32.9	307	176	5	31	318	34	329	1.04e-49	170
SMc02519	iSbBS512_1146.SbBS512_E1304	38.4	229	141	0	1	229	17	245	2.77e-49	169
SMc02519	iSSON_1240.SSON_1144	38.4	229	141	0	1	229	17	245	2.77e-49	169
SMc02519	iML1515.b3450	31.7	319	208	4	2	317	4	315	3.24e-49	168
SMc02519	iSDY_1059.SDY_2026	38.0	229	142	0	1	229	17	245	5.44e-49	168
SMc02519	iML1515.b1126	38.0	229	142	0	1	229	17	245	7.62e-49	168
SMc02519	iSF_1195.SF1128	38.0	229	142	0	1	229	17	245	7.62e-49	168
SMc02519	iSbBS512_1146.SbBS512_E3873	32.0	319	207	4	2	317	4	315	1.25e-48	167
SMc02519	iEK1008.Rv2038c	32.4	340	217	5	21	354	25	357	1.37e-47	164
SMc02519	iYL1228.KPN_01132	37.1	229	144	0	1	229	17	245	3.11e-47	164
SMc02519	iYS854.USA300HOU_RS05485	36.9	225	142	0	1	225	4	228	2.25e-47	164
SMc02519	iPC815.YPO3793	30.6	333	223	4	2	331	4	331	3.76e-47	163
SMc02519	iLJ478.TM1376	31.9	254	173	0	2	255	6	259	6.80e-47	162
SMc02519	STM_v1_0.STM1226	38.6	223	137	0	7	229	23	245	1.19e-46	162
SMc02518	iYS854.USA300HOU_RS01090	34.0	362	217	7	1	346	1	356	1.29e-63	206
SMc02518	iEK1008.Rv1238	35.9	365	212	6	1	349	1	359	1.06e-62	204
SMc02518	iEK1008.Rv2038c	36.1	330	200	5	34	354	30	357	2.27e-62	202
SMc02518	iLJ478.TM0421	34.1	334	208	5	24	346	18	350	2.39e-62	202
SMc02518	iML1515.b3450	36.6	295	180	3	34	322	29	322	1.34e-60	198
SMc02518	iYL1228.KPN_03810	36.3	295	181	3	34	322	29	322	1.89e-60	197
SMc02518	iJN1463.PP_1018	36.9	314	182	5	1	303	1	309	3.93e-60	197
SMc02518	STM_v1_0.STM3554	36.3	295	181	3	34	322	29	322	3.74e-60	197
SMc02518	iPC815.YPO3712	33.3	348	215	5	1	338	1	341	5.28e-60	197
SMc02518	iSbBS512_1146.SbBS512_E3873	36.6	295	180	3	34	322	29	322	5.27e-60	196
SMc02518	iPC815.YPO3793	35.0	326	199	6	1	320	1	319	2.99e-59	194
SMc02518	iEK1008.Rv2832c	37.2	309	177	4	34	338	30	325	4.97e-58	191
SMc02518	iCN900.CD630_35270	38.4	250	149	3	25	274	19	263	1.79e-57	189
SMc02518	iYL1228.KPN_04424	31.4	350	219	5	1	338	1	341	9.59e-57	188
SMc02518	iYL1228.KPN_01132	35.5	282	173	3	11	286	19	297	1.69e-56	188
SMc02517	iCN900.CD630_34160	23.9	276	198	3	7	275	6	276	8.72e-20	86.7
SMc02517	iEK1008.Rv1236	29.0	238	147	6	60	288	78	302	5.45e-19	84.7
SMc02517	iEK1008.Rv2040c	26.7	285	194	6	1	274	1	281	4.20e-17	79.3
SMc02517	iYO844.BSU30280	24.1	274	202	5	6	275	18	289	5.94e-17	79.0
SMc02516	iEK1008.Rv1237	31.5	260	174	2	18	274	14	272	1.31e-30	115
SMc02516	iSynCJ816.SGL_RS16650	29.7	222	154	1	55	274	75	296	2.22e-29	112
SMc02516	iYS854.USA300HOU_RS01105	28.6	255	177	5	22	272	22	275	4.27e-28	108
SMc02513	iJN1463.PP_4643	78.0	491	100	2	8	490	2	492	1.94e-258	712
SMc02512	iML1515.b2888	49.9	467	191	4	10	476	21	444	6.68e-144	421
SMc02511	iJN1463.PP_2872	26.2	298	173	14	9	285	5	276	7.84e-08	52.4
SMc02509	STM_v1_0.STM2861	67.9	299	92	2	2	300	4	298	4.32e-141	399
SMc02509	iSbBS512_1146.SbBS512_E1612	68.6	274	86	0	26	299	14	287	3.23e-138	392
SMc02509	iSDY_1059.SDY_1457	68.6	274	86	0	26	299	24	297	4.58e-138	392
SMc02509	iSF_1195.SF1365	68.6	274	86	0	26	299	16	289	3.46e-138	392
SMc02509	iSSON_1240.SSON_1750	68.6	274	86	0	26	299	24	297	4.58e-138	392
SMc02509	iPC815.YPO2439	68.1	273	87	0	29	301	51	323	4.17e-136	387
SMc02508	iSDY_1059.SDY_1456	70.6	272	71	1	18	289	3	265	2.62e-128	366
SMc02508	iSF_1195.SF1364	70.6	272	71	1	18	289	3	265	2.62e-128	366
SMc02508	iSbBS512_1146.SbBS512_E1611	70.2	272	72	1	18	289	3	265	2.14e-127	364
SMc02508	STM_v1_0.STM2862	70.7	266	69	1	22	287	6	262	2.83e-127	363
SMc02508	iSSON_1240.SSON_1751	70.6	272	71	2	18	289	3	265	3.03e-127	363
SMc02508	iPC815.YPO2440	67.4	267	87	0	24	290	13	279	3.62e-126	362
SMc02507	iSbBS512_1146.SbBS512_E1610	79.9	279	56	0	5	283	4	282	1.04e-151	425
SMc02507	iSDY_1059.SDY_1455	79.9	279	56	0	5	283	4	282	1.04e-151	425
SMc02507	iSF_1195.SF1363	79.9	279	56	0	5	283	4	282	1.04e-151	425
SMc02507	iSSON_1240.SSON_1752	79.9	279	56	0	5	283	4	282	1.04e-151	425
SMc02507	STM_v1_0.STM2863	78.8	274	58	0	5	278	4	277	3.24e-146	411
SMc02506	STM_v1_0.STM2864	66.3	273	92	0	5	277	3	275	1.67e-121	348
SMc02502	iMM1415.66043	36.7	109	67	2	8	114	39	147	2.89e-13	62.8
SMc02502	iML1515.b3731	31.9	91	62	0	3	93	1	91	2.49e-12	59.7
SMc02502	iYL1228.KPN_04136	31.9	91	62	0	3	93	1	91	2.49e-12	59.7
SMc02502	STM_v1_0.STM3864	31.9	91	62	0	3	93	1	91	2.49e-12	59.7
SMc02502	iSDY_1059.SDY_4017	31.9	91	62	0	3	93	1	91	2.49e-12	59.7
SMc02502	iSSON_1240.SSON_3888	31.9	91	62	0	3	93	1	91	2.49e-12	59.7
SMc02502	iCHOv1.100766108	34.9	109	69	2	8	114	38	146	1.60e-11	58.2
SMc02502	iAT_PLT_636.513	34.9	109	69	2	8	114	39	147	3.18e-11	57.4
SMc02502	iAF987.Gmet_3405	32.2	115	77	1	3	117	1	114	2.62e-11	57.0
SMc02502	iSF_1195.SF3811	30.7	88	61	0	6	93	2	89	2.56e-11	57.0
SMc02502	iSbBS512_1146.SbBS512_E4190	30.8	91	63	0	3	93	1	91	3.74e-11	56.6
SMc02501	iMM1415.11947	81.1	470	86	3	34	502	59	526	1.70e-259	717
SMc02501	iCHOv1.100763024	80.5	473	89	3	31	502	61	531	5.83e-259	716
SMc02501	iAT_PLT_636.506	80.8	473	88	3	31	502	56	526	4.86e-259	716
SMc02501	iMM904.YJR121W	76.3	473	109	2	32	503	40	510	4.32e-253	700
SMc02501	iAF987.Gmet_3406	76.3	472	99	3	36	501	6	470	8.68e-250	690
SMc02501	iAM_Pv461.PVX_100735	76.3	473	103	4	36	500	72	543	7.77e-246	683
SMc02501	iLB1027_lipid.PHATRDRAFT_54086	75.1	482	108	6	30	500	20	500	5.97e-246	681
SMc02501	iAM_Pc455.PCYB_146140	75.9	474	105	4	35	500	35	507	2.45e-245	680
SMc02501	iAM_Pf480.PF3D7_1235700	75.1	474	109	4	35	500	59	531	3.18e-242	673
SMc02501	iAM_Pb448.PBANKA_145030	74.1	474	114	3	35	500	58	530	2.79e-240	668
SMc02501	iML1515.b3732	71.5	466	126	1	34	499	2	460	1.30e-232	646
SMc02501	iSbBS512_1146.SbBS512_E4189	71.5	466	126	1	34	499	2	460	1.30e-232	646
SMc02501	iSF_1195.SF3812	71.5	466	126	1	34	499	2	460	1.30e-232	646
SMc02501	iSSON_1240.SSON_3887	71.5	466	126	1	34	499	2	460	1.30e-232	646
SMc02500	iAF987.Gmet_3407	44.9	294	153	4	1	294	1	285	7.81e-68	212
SMc02499	iMM1415.11946	72.0	503	141	0	6	508	49	551	4.41e-255	707
SMc02499	iMM904.YBL099W	71.1	502	145	0	7	508	44	545	7.71e-254	703
SMc02499	iCHOv1.100770431	71.3	506	142	1	6	508	49	554	1.08e-251	698
SMc02499	iAF987.Gmet_3408	68.0	509	154	2	1	508	1	501	1.92e-246	683
SMc02499	iAT_PLT_636.498	68.4	503	137	1	6	508	49	529	9.82e-237	659
SMc02498	iAF987.Gmet_3409	33.0	176	118	0	11	186	4	179	3.52e-28	103
SMc02495	iAF987.Gmet_0497	62.6	211	79	0	1	211	1	211	1.64e-88	259
SMc02495	iCN900.CD630_23290	56.9	216	93	0	1	216	1	216	1.28e-83	247
SMc02495	iLJ478.TM0295	54.5	211	96	0	1	211	1	211	2.99e-80	238
SMc02495	iYO844.BSU37110	58.5	212	87	1	1	211	1	212	4.02e-79	235
SMc02487	iLB1027_lipid.PHATRDRAFT_26432	55.7	465	206	0	3	467	35	499	2.20e-178	508
SMc02487	iCHOv1.100689437	55.7	469	200	6	4	467	43	508	4.87e-177	505
SMc02487	iAT_PLT_636.1738	55.8	464	198	5	4	463	43	503	6.90e-177	505
SMc02487	iMM1415.13382	54.8	469	204	6	4	467	43	508	7.93e-176	502
SMc02487	iJN1463.PP_5366	56.2	459	196	4	3	460	4	458	3.41e-174	496
SMc02487	iMM904.YFL018C	51.5	474	219	4	3	467	27	498	2.59e-164	473
SMc02486	iAF987.Gmet_1694	41.5	246	137	5	4	249	5	243	1.26e-43	147
SMc02486	iYS854.USA300HOU_RS06185	39.1	243	140	5	8	249	6	241	6.83e-43	145
SMc02486	iHN637.CLJU_RS20765	40.2	246	133	8	8	249	10	245	1.67e-41	142
SMc02486	iAF987.Gmet_1601	38.8	250	140	7	3	249	4	243	5.39e-39	135
SMc02486	iSynCJ816.SGL_RS07245	38.4	245	141	6	6	249	8	243	1.54e-38	134
SMc02484	iPC815.YPO3832	29.5	193	129	2	18	208	15	202	4.59e-19	81.3
SMc02484	iAF692.Mbar_A2583	30.6	193	120	5	22	209	21	204	1.87e-16	74.3
SMc02483	iJN1463.PP_4188	54.9	421	172	3	1	417	1	407	4.39e-124	365
SMc02483	STM_v1_0.STM0737	47.7	413	200	2	4	416	5	401	3.15e-120	355
SMc02483	iCN718.ABAYE_RS04440	48.1	418	196	4	1	417	1	398	4.47e-119	352
SMc02483	iSbBS512_1146.SbBS512_E0646	47.8	416	198	3	4	416	5	404	1.12e-118	351
SMc02483	iSDY_1059.SDY_0665	47.7	413	203	2	4	416	5	404	1.12e-118	351
SMc02483	iML1515.b0727	47.4	416	200	3	4	416	5	404	7.28e-117	346
SMc02483	iSSON_1240.SSON_0678	47.4	416	200	3	4	416	5	404	7.28e-117	346
SMc02483	iSF_1195.SF0570	47.1	416	201	3	4	416	5	404	2.92e-116	345
SMc02483	iPC815.YPO1114	47.2	415	204	3	4	416	5	406	4.42e-116	344
SMc02483	iYO844.BSU19360	54.3	416	185	4	4	416	3	416	6.92e-115	342
SMc02483	iAF987.Gmet_2766	44.4	446	185	5	4	416	2	417	9.22e-113	336
SMc02483	iYL1228.KPN_00733	45.5	413	215	1	4	416	5	407	5.38e-112	334
SMc02482	iJN1463.PP_4189	46.3	994	458	17	13	995	12	940	2.58e-280	805
SMc02482	iCN718.ABAYE_RS04435	45.7	1002	467	17	4	996	2	935	9.17e-279	801
SMc02482	iLB1027_lipid.PHATRDRAFT_29016	43.6	1045	460	17	14	984	62	1051	3.23e-276	800
SMc02482	iMM904.YIL125W	44.5	1022	471	22	14	994	43	1009	8.75e-275	794
SMc02482	iPC815.YPO1113	44.1	987	483	14	13	996	12	932	1.00e-266	770
SMc02482	iSDY_1059.SDY_0664	44.5	990	472	16	13	996	12	930	1.06e-265	768
SMc02482	iML1515.b0726	44.5	990	472	16	13	996	12	930	2.13e-265	767
SMc02482	iSbBS512_1146.SbBS512_E0645	44.5	990	472	16	13	996	12	930	2.13e-265	767
SMc02482	iYL1228.KPN_00732	43.7	987	487	13	13	996	12	932	6.43e-265	766
SMc02482	iSF_1195.SF0571	44.4	990	473	16	13	996	12	930	8.51e-265	765
SMc02482	iSSON_1240.SSON_0677	44.4	990	473	16	13	996	12	930	3.40e-264	764
SMc02482	STM_v1_0.STM0736	43.9	989	480	15	13	996	12	930	7.70e-263	760
SMc02482	iCHOv1.100769436	42.1	1025	487	22	12	995	40	999	1.20e-253	739
SMc02482	iCHOv1.100764862	42.1	1024	487	24	15	995	49	1009	4.49e-253	738
SMc02482	iAT_PLT_636.4967	42.3	1036	483	24	15	995	49	1024	1.43e-252	738
SMc02482	iAF987.Gmet_2769	43.6	993	450	20	14	997	2	893	5.47e-253	734
SMc02482	iMM1415.18293	41.6	1036	490	23	15	995	49	1024	5.71e-249	728
SMc02481	iAT_PLT_636.8802	64.2	293	98	3	3	294	50	336	3.07e-124	358
SMc02481	iMM1415.56451	64.8	293	96	3	3	294	50	336	3.07e-124	358
SMc02481	iCHOv1.100751457	63.5	293	100	3	3	294	50	336	6.17e-124	357
SMc02481	iYO844.BSU16100	61.9	299	104	3	1	299	1	289	2.44e-122	352
SMc02481	iYS854.USA300HOU_RS06270	60.5	299	108	3	1	299	1	289	2.13e-121	349
SMc02481	iLB1027_lipid.PHATRDRAFT_42015	63.0	297	101	4	3	298	7	295	4.44e-120	346
SMc02481	STM_v1_0.STM0739	60.2	299	109	3	1	299	1	289	5.20e-119	343
SMc02481	iYL1228.KPN_00735	60.2	299	109	3	1	299	1	289	7.38e-119	342
SMc02481	iSF_1195.SF0568	60.9	299	107	3	1	299	1	289	8.53e-118	340
SMc02481	iML1515.b0729	60.9	299	107	3	1	299	1	289	1.21e-117	339
SMc02481	iSbBS512_1146.SbBS512_E0648	60.9	299	107	3	1	299	1	289	1.21e-117	339
SMc02481	iSSON_1240.SSON_0680	60.9	299	107	3	1	299	1	289	1.21e-117	339
SMc02481	iPC815.YPO1116	60.4	298	108	3	1	298	1	288	5.07e-117	338
SMc02481	iSDY_1059.SDY_0667	60.5	299	108	3	1	299	1	289	2.81e-116	336
SMc02481	iAF987.Gmet_0730	58.4	298	114	3	1	298	1	288	2.45e-115	333
SMc02481	iAF987.Gmet_2068	60.2	299	108	4	1	299	1	288	5.86e-115	333
SMc02481	iAF987.Gmet_2260	59.5	299	110	4	1	299	1	288	2.00e-114	331
SMc02481	iJN1463.PP_4185	59.6	297	110	3	1	297	1	287	8.96e-114	330
SMc02481	iCN718.ABAYE_RS04455	59.1	301	111	4	1	299	1	291	1.93e-113	329
SMc02481	iAM_Pv461.PVX_091100	56.6	304	125	4	3	300	24	326	1.61e-112	328
SMc02481	iAM_Pf480.PF3D7_1108500	56.1	303	125	5	3	299	24	324	6.30e-112	326
SMc02481	iAM_Pb448.PBANKA_093850	57.6	304	121	4	3	299	24	326	2.72e-111	325
SMc02480	iYO844.BSU16090	59.2	395	151	1	1	395	1	385	2.85e-157	447
SMc02480	iAF987.Gmet_2069	58.5	395	154	1	1	395	1	385	4.76e-149	427
SMc02480	iAF987.Gmet_2261	58.5	395	154	1	1	395	1	385	9.24e-149	426
SMc02480	iYS854.USA300HOU_RS06265	57.3	398	160	1	1	398	1	388	1.40e-148	426
SMc02480	iCN718.ABAYE_RS04450	55.7	397	165	2	1	396	1	387	4.32e-145	417
SMc02479	iAF987.Gmet_1360	57.6	314	129	1	1	310	1	314	2.10e-125	361
SMc02479	iYO844.BSU29120	53.8	305	134	2	3	305	5	304	4.89e-113	329
SMc02474	iPC815.YPO3793	62.4	250	93	1	1	249	1	250	1.94e-107	318
SMc02474	iSbBS512_1146.SbBS512_E3873	62.1	248	93	1	1	247	1	248	7.57e-107	317
SMc02474	iML1515.b3450	62.1	248	93	1	1	247	1	248	1.07e-106	316
SMc02474	STM_v1_0.STM3554	61.8	249	94	1	1	248	1	249	2.15e-106	315
SMc02474	iYL1228.KPN_03810	61.1	252	97	1	1	251	1	252	4.93e-105	312
SMc02474	iPC815.YPO3712	62.9	248	92	0	1	248	1	248	2.42e-103	308
SMc02474	iML1515.b4035	62.1	248	94	0	1	248	1	248	2.08e-102	306
SMc02474	iSF_1195.SF4170	62.1	248	94	0	1	248	1	248	2.08e-102	306
SMc02474	iSSON_1240.SSON_4213	62.1	248	94	0	1	248	1	248	2.08e-102	306
SMc02474	iYL1228.KPN_04424	61.7	248	95	0	1	248	1	248	1.57e-101	303
SMc02474	iEK1008.Rv1238	64.3	241	85	1	1	240	1	241	6.69e-101	303
SMc02474	STM_v1_0.STM4230	60.9	248	97	0	1	248	1	248	1.26e-100	301
SMc02474	iYS854.USA300HOU_RS01090	62.4	250	93	1	1	249	1	250	3.59e-99	297
SMc02474	iSynCJ816.SGL_RS17635	60.8	240	94	0	1	240	1	240	1.54e-97	293
SMc02474	iJN1463.PP_1018	44.4	365	194	3	1	356	1	365	3.37e-96	290
SMc02473	iEK1008.Rv2039c	32.7	260	173	2	16	275	16	273	9.68e-45	152
SMc02473	iEK1008.Rv2834c	33.2	265	173	3	19	281	12	274	2.19e-41	143
SMc02472	iYO844.BSU30280	30.4	273	190	0	40	312	27	299	1.19e-37	135
SMc02472	iEK1008.Rv2316	31.0	261	175	2	38	298	16	271	1.73e-37	134
SMc02472	iEK1008.Rv2835c	29.0	310	194	5	15	310	2	299	1.38e-34	127
SMc02471	iLJ478.TM1839	22.6	399	252	17	41	425	26	381	2.97e-07	52.0
SMc02471	iYO844.BSU28750	30.1	83	54	1	114	196	113	191	5.36e-06	48.1
SMc02470	iHN637.CLJU_RS10220	23.3	317	228	6	86	390	6	319	1.10e-15	77.0
SMc02469	iSynCJ816.SGL_RS02995	25.7	288	173	10	58	336	66	321	2.98e-11	63.5
SMc02469	STM_v1_0.STM4425	28.9	149	97	4	4	145	3	149	5.59e-11	62.8
SMc02469	iAF692.Mbar_A1138	24.3	185	131	2	6	190	4	179	6.79e-10	59.3
SMc02467	iYS854.USA300HOU_RS07280	40.7	172	98	2	24	191	4	175	1.48e-51	163
SMc02467	iYO844.BSU21690	43.7	174	94	3	22	191	4	177	4.11e-46	149
SMc02466	iCHOv1.100771246	69.2	237	69	3	22	254	58	294	2.90e-123	352
SMc02466	iMM1415.67680	67.1	237	74	3	22	254	36	272	6.40e-122	348
SMc02466	iAT_PLT_636.6390	67.2	235	73	3	24	254	36	270	5.66e-120	343
SMc02466	iLB1027_lipid.PHATRDRAFT_52539	63.9	241	81	3	21	256	33	272	8.47e-118	337
SMc02466	iMM904.YLL041C	65.8	231	76	3	27	254	33	263	2.29e-111	321
SMc02465	iMM904.YKL148C	62.5	611	219	6	5	613	38	640	1.64e-272	759
SMc02465	iMM904.YJL045W	62.3	602	218	5	14	613	40	634	4.10e-269	750
SMc02465	iCHOv1.100750732	60.7	613	225	6	14	613	55	664	2.44e-263	736
SMc02465	iMM1415.66945	60.5	613	226	6	14	613	55	664	5.66e-262	733
SMc02465	iAT_PLT_636.6389	61.8	592	211	5	14	593	55	643	2.16e-258	724
SMc02465	iIS312.TCDM_06962	57.9	604	243	6	12	613	15	609	2.78e-246	691
SMc02463	iML1515.b0721	31.9	119	80	1	3	120	4	122	4.37e-13	61.2
SMc02463	iSbBS512_1146.SbBS512_E0640	31.9	119	80	1	3	120	9	127	4.86e-13	61.2
SMc02463	iSDY_1059.SDY_0659	31.9	119	80	1	3	120	4	122	4.37e-13	61.2
SMc02463	iSF_1195.SF0576	31.9	119	80	1	3	120	9	127	4.86e-13	61.2
SMc02463	iSSON_1240.SSON_0672	31.9	119	80	1	3	120	4	122	4.37e-13	61.2
SMc02463	iPC815.YPO1109	30.8	117	80	1	4	120	5	120	4.75e-12	58.5
SMc02463	STM_v1_0.STM0732	31.9	119	80	1	3	120	4	122	1.32e-11	57.4
SMc02463	iCHOv1.100689402	38.0	100	56	2	3	98	45	142	3.83e-11	57.0
SMc03226	iMM904.YLR285W	28.1	96	63	2	14	105	19	112	4.12e-04	40.0
SMc03229	iCN900.CD630_26300	39.3	328	194	3	10	333	7	333	1.20e-61	199
SMc03229	iSbBS512_1146.SbBS512_E4036	41.4	324	183	6	11	328	8	330	3.45e-56	185
SMc03229	iML1515.b3608	41.0	324	184	6	11	328	8	330	9.63e-56	184
SMc03229	iSDY_1059.SDY_4041	41.0	324	184	6	11	328	8	330	9.63e-56	184
SMc03229	iSF_1195.SF3647	41.0	324	184	6	11	328	8	330	9.63e-56	184
SMc03229	iSSON_1240.SSON_3797	41.0	324	184	6	11	328	8	330	9.63e-56	184
SMc03229	STM_v1_0.STM3700	40.6	325	184	6	11	328	8	330	5.32e-55	182
SMc03229	iAF987.Gmet_0008	40.1	329	183	5	10	328	4	328	9.48e-55	181
SMc03231	iLB1027_lipid.PHATRDRAFT_51811	48.9	309	148	3	4	305	7	312	2.98e-95	284
SMc03236	iCN718.ABAYE_RS07665	33.5	236	140	7	16	240	11	240	4.82e-31	114
SMc03237	iSbBS512_1146.SbBS512_E0493	25.5	400	274	9	15	402	16	403	9.91e-16	78.2
SMc03237	iSSON_1240.SSON_0542	25.5	400	274	9	15	402	16	403	1.33e-15	77.8
SMc03237	iML1515.b0591	25.3	399	274	9	15	401	16	402	5.68e-15	75.9
SMc03237	iSDY_1059.SDY_0522	25.3	399	274	9	15	401	16	402	2.42e-14	73.9
SMc03237	iSF_1195.SF0505	25.0	400	270	10	15	402	16	397	7.52e-14	72.4
SMc03239	iPC815.YPO3521	55.7	174	77	0	1	174	1	174	5.64e-70	209
SMc03239	iML1515.b4226	54.5	176	80	0	1	176	1	176	1.36e-68	206
SMc03239	iYL1228.KPN_04621	54.5	176	80	0	1	176	1	176	1.36e-68	206
SMc03239	iSbBS512_1146.SbBS512_E4858	54.5	176	80	0	1	176	1	176	1.36e-68	206
SMc03239	iSDY_1059.SDY_4462	54.5	176	80	0	1	176	1	176	1.36e-68	206
SMc03239	iSSON_1240.SSON_4408	54.5	176	80	0	1	176	1	176	1.36e-68	206
SMc03239	iSF_1195.SF4264	54.0	176	81	0	1	176	1	176	1.11e-67	203
SMc03239	STM_v1_0.STM4414	54.5	176	80	0	1	176	1	176	1.58e-67	203
SMc03239	iCN718.ABAYE_RS18235	53.4	174	81	0	1	174	1	174	3.07e-67	202
SMc03239	iJN1463.PP_0538	53.5	170	79	0	1	170	1	170	2.90e-65	197
SMc03241	iML1515.b1448	25.5	153	109	3	6	158	1	148	3.00e-05	42.0
SMc03242	iEK1008.Rv0684	26.4	504	249	14	3	401	13	499	1.04e-36	145
SMc03243	iCN718.ABAYE_RS04585	26.0	346	204	13	41	355	44	368	1.43e-18	88.6
SMc03245	iYL1228.KPN_01770	32.8	411	266	6	28	429	42	451	1.02e-37	142
SMc03245	iAF987.Gmet_0075	31.0	452	268	13	15	429	29	473	1.09e-34	134
SMc03252	iAF987.Gmet_3198	39.5	238	143	1	20	257	6	242	3.13e-49	166
SMc03252	iJN1463.PP_0691	38.8	255	143	3	20	268	5	252	1.80e-47	162
SMc03252	iHN637.CLJU_RS02945	39.4	251	145	4	20	267	8	254	1.10e-46	157
SMc03252	iCN718.ABAYE_RS05325	35.4	263	168	2	20	282	11	271	6.39e-45	155
SMc03252	iYO844.BSU18470	37.3	255	158	2	21	274	5	258	1.55e-44	154
SMc03252	iAF692.Mbar_A0481	36.6	257	155	2	20	268	31	287	1.72e-43	152
SMc03259	iCN718.ABAYE_RS18220	27.4	274	195	2	3	275	2	272	1.01e-29	114
SMc03259	iML1515.b4298	28.8	267	170	5	1	253	1	261	2.38e-27	107
SMc03259	iHN637.CLJU_RS02100	29.7	222	155	1	1	222	1	221	1.48e-26	105
SMc03259	iPC815.YPO3062	27.0	289	209	2	4	290	2	290	1.48e-26	105
SMc03259	iHN637.CLJU_RS17040	26.9	234	170	1	1	234	1	233	3.96e-26	104
SMc03264	iJN1463.PP_4213	23.3	317	146	6	82	336	172	453	4.81e-12	66.2
SMc03265	iJN1463.PP_1255	34.9	401	245	6	3	395	6	398	5.36e-62	206
SMc03267	iJN1463.PP_4213	23.4	368	169	10	44	338	122	449	4.90e-12	66.2
SMc03268	STM_v1_0.STM0848	58.0	605	239	4	27	621	12	611	3.84e-228	646
SMc03268	iSbBS512_1146.SbBS512_E2519	58.2	579	233	4	27	598	12	588	7.13e-221	627
SMc03268	iYL1228.KPN_00862	56.2	603	250	7	27	621	12	608	8.81e-221	627
SMc03268	iML1515.b0829	58.3	578	234	3	27	598	12	588	5.78e-220	625
SMc03268	iSSON_1240.SSON_0811	58.1	578	235	3	27	598	1	577	1.13e-219	624
SMc03268	iSDY_1059.SDY_0758	57.6	578	238	3	27	598	1	577	3.67e-218	620
SMc03268	iSF_1195.SF0779	57.7	579	236	4	27	598	1	577	5.21e-218	620
SMc03269	iSbBS512_1146.SbBS512_E2518	28.0	533	308	24	13	515	10	496	8.35e-32	128
SMc03269	iSF_1195.SF0780	28.0	533	308	24	13	515	10	496	1.13e-31	127
SMc03269	iSSON_1240.SSON_0812	28.0	533	308	24	13	515	10	496	1.13e-31	127
SMc03269	iML1515.b0830	28.0	533	308	24	13	515	10	496	1.54e-31	127
SMc03269	iSDY_1059.SDY_0757	28.1	533	307	24	13	515	10	496	2.08e-31	127
SMc03269	STM_v1_0.STM0849	27.9	537	303	24	13	515	10	496	2.35e-30	124
SMc03269	iYL1228.KPN_00863	25.8	520	332	20	15	515	12	496	1.30e-27	115
SMc03754	iYL1228.KPN_00864	38.3	313	185	1	1	313	1	305	8.39e-66	208
SMc03754	iML1515.b0831	38.0	313	186	1	1	313	1	305	1.19e-65	208
SMc03754	iSDY_1059.SDY_0756	38.0	313	186	1	1	313	1	305	1.19e-65	208
SMc03754	iSSON_1240.SSON_0813	38.0	313	186	1	1	313	1	305	3.34e-65	207
SMc03754	iSF_1195.SF0781	37.7	313	187	1	1	313	1	305	9.41e-65	206
SMc03754	iSbBS512_1146.SbBS512_E2517	37.7	313	187	1	1	313	1	305	1.88e-64	205
SMc03754	STM_v1_0.STM0850	37.7	313	187	1	1	313	1	305	1.49e-63	202
SMc03754	STM_v1_0.STM3629	34.7	337	196	2	1	313	1	337	2.35e-61	198
SMc03754	iML1515.b3543	35.0	337	195	3	1	313	1	337	4.67e-61	197
SMc03754	iSDY_1059.SDY_4566	35.0	337	195	3	1	313	1	337	4.67e-61	197
SMc03754	iSSON_1240.SSON_3847	35.0	337	195	3	1	313	1	337	4.67e-61	197
SMc03754	iSF_1195.SF3578	34.7	337	196	3	1	313	1	337	1.85e-60	196
SMc03754	iYL1228.KPN_03898	34.7	337	196	3	1	313	1	337	2.60e-60	195
SMc03272	iML1515.b1485	39.5	263	157	2	15	275	30	292	3.03e-54	177
SMc03272	iYL1228.KPN_00865	41.1	280	148	5	7	277	17	288	2.37e-54	177
SMc03272	iSSON_1240.SSON_1639	39.5	263	157	2	15	275	30	292	4.28e-54	177
SMc03272	iSbBS512_1146.SbBS512_E1748	39.3	252	150	1	24	275	40	288	7.63e-54	176
SMc03272	iSbBS512_1146.SbBS512_E2516	40.4	277	154	4	7	277	31	302	1.38e-53	176
SMc03272	iSSON_1240.SSON_0814	40.4	277	154	4	7	277	31	302	1.38e-53	176
SMc03272	iML1515.b0832	40.4	277	154	4	7	277	31	302	1.94e-53	175
SMc03272	iJN1463.PP_0880	40.8	267	151	2	18	277	39	305	3.13e-53	175
SMc03272	STM_v1_0.STM0851	40.1	277	155	4	7	277	31	302	3.86e-53	174
SMc03272	iSDY_1059.SDY_0755	40.4	277	154	4	7	277	31	302	5.44e-53	174
SMc03272	iSF_1195.SF0782	39.7	277	156	4	7	277	31	302	1.20e-51	171
SMc03272	iYS854.USA300HOU_RS01060	40.0	225	135	0	51	275	161	385	4.35e-48	164
SMc03272	iLJ478.TM1748	35.7	258	163	3	23	278	32	288	5.60e-49	163
SMc03277	iYS854.USA300HOU_RS11805	25.5	196	125	3	26	211	6	190	2.61e-08	55.8
SMc03287	iMM1415.22173	26.4	250	121	10	135	323	207	454	5.12e-12	68.9
SMc03287	iAT_PLT_636.7299	26.4	250	121	11	135	323	207	454	8.13e-11	65.1
SMc03763	iSynCJ816.SGL_RS13525	29.3	440	224	15	8	419	8	388	5.77e-38	142
SMc03767	iJN1463.PP_3461	37.7	130	74	4	8	132	112	239	3.73e-14	73.2
SMc03775	iPC815.YPO0132	22.5	160	111	4	203	357	7	158	4.02e-06	48.5
SMc03775	iSynCJ816.SGL_RS05125	26.9	160	106	3	205	362	24	174	6.54e-06	47.8
SMc03776	iJN1463.PP_0691	45.7	370	199	2	5	372	2	371	2.07e-93	284
SMc03777	iJN1463.PP_4811	50.7	412	201	2	15	426	9	418	1.96e-134	392
SMc03777	iAF987.Gmet_3199	49.1	405	205	1	22	426	14	417	8.08e-130	380
SMc03777	iCN718.ABAYE_RS16300	47.5	413	215	2	15	426	9	420	1.44e-128	377
SMc03777	iHN637.CLJU_RS02950	47.0	417	220	1	10	426	2	417	1.57e-124	367
SMc03778	iYO844.BSU25640	31.1	132	89	2	10	139	4	135	6.11e-17	74.7
SMc03778	iAF987.Gmet_3200	27.6	185	132	2	8	190	1	185	3.78e-15	70.5
SMc03782	iAF987.Gmet_1854	28.2	142	83	4	313	447	263	392	8.75e-11	63.2
SMc03784	iML1515.b3614	21.5	186	143	2	177	362	25	207	2.02e-09	58.2
SMc03785	iIT341.HP1228	44.2	120	60	3	43	162	37	149	1.33e-25	95.5
SMc03786	iJN1463.PP_1082	52.3	151	72	0	1	151	1	151	1.72e-46	148
SMc03786	iML1515.b3336	49.7	151	76	0	1	151	1	151	5.81e-45	144
SMc03793	iHN637.CLJU_RS15035	31.9	285	178	5	10	285	3	280	4.41e-37	133
SMc03793	iHN637.CLJU_RS12480	31.9	285	178	5	10	285	3	280	6.18e-37	133
SMc03793	iYL1228.KPN_00036	34.6	283	174	5	12	288	4	281	1.05e-34	127
SMc03793	iML1515.b0616	31.3	297	192	4	3	292	5	296	3.82e-34	125
SMc03793	iSbBS512_1146.SbBS512_E0530	31.3	297	192	4	3	292	5	296	3.82e-34	125
SMc03793	iSSON_1240.SSON_0568	31.3	297	192	4	3	292	10	301	4.25e-34	125
SMc03793	STM_v1_0.STM0060	33.9	289	174	7	9	288	1	281	4.03e-34	125
SMc03793	STM_v1_0.STM0622	31.9	298	189	5	3	292	5	296	5.35e-34	125
SMc03793	iSF_1195.SF0533	31.0	297	193	4	3	292	5	296	2.04e-33	124
SMc03793	iMM1415.69634	31.8	274	176	4	3	265	18	291	9.28e-33	123
SMc03795	iCN718.ABAYE_RS16695	55.7	201	80	1	9	200	9	209	9.00e-82	241
SMc03795	iJN1463.PP_1986	53.6	209	88	1	1	200	1	209	2.35e-79	235
SMc03795	iLB1027_lipid.PHATRDRAFT_24772	54.3	210	85	2	1	200	565	773	1.12e-72	234
SMc03796	iML1515.b1010	31.3	96	65	1	29	123	29	124	1.75e-10	54.3
SMc03796	iSDY_1059.SDY_0985	31.3	96	65	1	29	123	29	124	1.75e-10	54.3
SMc03796	iSF_1195.SF1013	31.3	96	65	1	29	123	29	124	1.75e-10	54.3
SMc03797	iLJ478.TM0881	52.6	304	142	2	24	326	1	303	3.41e-114	332
SMc03797	iHN637.CLJU_RS11970	51.8	301	144	1	24	323	1	301	2.02e-113	330
SMc03798	iLJ478.TM0282	41.2	347	188	7	4	336	9	353	1.97e-80	248
SMc03799	iJN1463.PP_4639	41.9	322	181	3	7	323	2	322	1.11e-74	232
SMc03800	iIS312.TCDM_05295	25.4	173	125	3	55	224	83	254	1.58e-12	65.9
SMc03801	iJN1463.PP_0510	34.9	289	181	3	42	329	8	290	1.43e-42	148
SMc03804	iSynCJ816.SGL_RS03280	37.0	411	241	9	3	408	14	411	1.98e-67	219
SMc03804	iJN1463.PP_5199	35.0	406	245	5	2	401	4	396	4.28e-61	202
SMc03805	iJN1463.PP_4762	53.0	281	132	0	11	291	5	285	2.72e-100	295
SMc03805	iPC815.YPO3141	50.9	279	137	0	11	289	5	283	4.01e-99	292
SMc03805	STM_v1_0.STM0464	48.4	279	144	0	11	289	5	283	7.48e-92	273
SMc03805	iSDY_1059.SDY_0389	47.8	276	144	0	14	289	8	283	1.50e-91	273
SMc03805	iML1515.b0452	47.8	276	144	0	14	289	8	283	2.13e-91	272
SMc03805	iSSON_1240.SSON_0440	47.8	276	144	0	14	289	8	283	2.13e-91	272
SMc03805	iSbBS512_1146.SbBS512_E0379	47.8	276	144	0	14	289	8	283	4.27e-91	271
SMc03805	iYL1228.KPN_00415	47.8	278	145	0	14	291	8	285	8.86e-91	271
SMc03805	iSF_1195.SF0397	47.5	276	145	0	14	289	8	283	4.90e-90	269
SMc03807	iJN1463.PP_5233	54.3	440	179	6	20	449	15	442	6.09e-142	413
SMc03807	iPC815.YPO3142	54.7	415	180	3	35	449	24	430	3.48e-138	403
SMc03807	iYL1228.KPN_00414	54.9	417	180	3	34	450	25	433	7.47e-138	402
SMc03807	iML1515.b0451	54.2	415	182	3	36	450	22	428	1.34e-134	394
SMc03807	iSSON_1240.SSON_0439	54.2	415	182	3	36	450	22	428	1.34e-134	394
SMc03807	iSDY_1059.SDY_0388	54.0	415	183	3	36	450	22	428	1.89e-134	393
SMc03807	iSF_1195.SF0396	54.2	415	182	3	36	450	22	428	1.89e-134	393
SMc03807	iSbBS512_1146.SbBS512_E0378	54.2	415	182	3	36	450	22	428	2.68e-134	393
SMc03807	STM_v1_0.STM0463	52.8	415	188	3	36	450	22	428	1.04e-128	379
SMc03807	iCN718.ABAYE_RS17655	51.0	429	198	4	22	445	41	462	6.90e-128	378
SMc03810	iEK1008.Rv3203	40.9	66	37	1	56	121	13	76	5.06e-05	43.1
SMc03810	iLB1027_lipid.PHATRDRAFT_15323	28.7	101	68	2	21	117	1	101	8.49e-05	42.7
SMc03810	iMM1415.23945	34.2	79	46	2	56	130	95	171	3.08e-04	41.2
SMc03812	STM_v1_0.STM4425	30.1	176	112	5	9	176	3	175	8.03e-17	80.1
SMc03812	iYL1228.KPN_04675	34.4	151	94	5	9	155	29	178	1.11e-15	77.0
SMc03812	iAF692.Mbar_A1138	36.1	147	90	4	9	154	2	145	1.80e-15	75.9
SMc03812	iYO844.BSU39700	32.2	149	98	3	9	154	3	151	3.21e-15	75.5
SMc03813	iLJ478.TM0114	30.9	314	172	10	33	327	31	318	4.77e-29	114
SMc03814	iNF517.LLMG_RS04065	38.2	314	187	3	24	335	5	313	1.90e-59	193
SMc03814	iHN637.CLJU_RS00625	36.5	301	187	2	34	334	24	320	8.01e-54	179
SMc03814	iLJ478.TM0955	37.2	323	178	7	23	330	13	325	1.39e-53	178
SMc03814	iYL1228.KPN_04155	35.8	313	197	3	18	328	7	317	1.51e-53	178
SMc03814	iML1515.b3750	36.3	314	194	4	18	328	7	317	8.31e-53	176
SMc03815	iLJ478.TM0956	41.7	240	137	1	15	254	11	247	9.32e-52	176
SMc03815	iCN900.CD630_03010	38.5	239	142	2	15	252	4	238	3.51e-51	174
SMc03815	iPC815.YPO3964	39.3	239	141	1	16	254	6	240	1.50e-49	169
SMc03815	iLJ478.TM0115	34.6	243	153	2	16	254	14	254	1.07e-45	159
SMc03815	STM_v1_0.STM3882	34.7	242	155	1	13	254	1	239	2.16e-45	158
SMc03816	iSynCJ816.SGL_RS12595	28.0	246	158	7	147	386	89	321	1.72e-14	73.6
SMc03816	iAF987.Gmet_1639	28.6	262	163	7	144	388	68	322	2.26e-14	73.2
SMc03816	iHN637.CLJU_RS10220	29.5	176	117	4	81	254	3	173	7.56e-13	68.6
SMc03816	iCN900.CD630_21940	27.9	269	171	8	24	284	31	284	1.61e-12	68.2
SMc03816	iYO844.BSU24850	26.9	249	162	8	147	380	67	310	2.49e-12	67.0
SMc03817	iML1515.b4084	33.0	215	122	9	69	269	67	273	6.20e-18	82.0
SMc03820	iAF987.Gmet_0069	38.8	121	71	3	4	121	3	123	1.12e-17	79.7
SMc03823	iCN718.ABAYE_RS16700	66.2	471	154	2	3	468	2	472	4.74e-229	636
SMc03823	iJN1463.PP_1985	67.4	469	149	2	3	467	2	470	6.59e-228	633
SMc03823	iML1515.b0072	67.3	465	151	1	5	469	3	466	4.19e-226	628
SMc03823	iSbBS512_1146.SbBS512_E0066	67.3	465	151	1	5	469	3	466	4.19e-226	628
SMc03823	iSSON_1240.SSON_0079	67.3	465	151	1	5	469	3	466	8.44e-226	627
SMc03823	STM_v1_0.STM0111	67.1	465	152	1	5	469	3	466	1.70e-225	627
SMc03823	iSDY_1059.SDY_0099	67.1	465	152	1	5	469	3	466	2.41e-225	626
SMc03823	iYL1228.KPN_00078	66.9	465	153	1	5	469	3	466	3.42e-225	626
SMc03823	iMM904.YGL009C	64.7	473	161	2	3	469	8	480	1.62e-220	626
SMc03823	iSF_1195.SF0067	67.1	465	152	1	5	469	3	466	3.42e-225	626
SMc03823	iPC815.YPO0531	64.2	466	166	1	2	467	6	470	3.59e-220	613
SMc03823	iLB1027_lipid.PHATRDRAFT_24772	64.1	474	161	4	2	468	38	509	2.10e-213	608
SMc03823	iEK1008.Rv2988c	64.1	460	159	3	4	460	8	464	8.74e-206	577
SMc03825	iJN1463.PP_3588	23.7	329	244	3	17	344	20	342	1.95e-20	92.0
SMc03825	iML1515.b0842	24.0	321	244	0	30	350	38	358	2.42e-19	89.0
SMc03825	STM_v1_0.STM0866	23.7	321	245	0	30	350	38	358	3.26e-19	88.6
SMc03825	iSF_1195.SF0795	24.3	325	236	2	30	350	38	356	1.52e-17	83.6
SMc03826	iJN1463.PP_1088	69.3	400	123	0	6	405	3	402	1.45e-197	551
SMc03827	iAF987.Gmet_0798	36.1	202	127	1	6	207	2	201	1.37e-31	114
SMc03827	iAF692.Mbar_A2583	38.2	199	120	2	10	207	7	203	1.13e-30	111
SMc03828	iSSON_1240.SSON_0072	33.7	202	122	3	26	227	19	208	3.83e-25	99.4
SMc03828	STM_v1_0.STM0106	37.6	202	114	6	26	227	19	208	1.11e-24	98.2
SMc03828	iSbBS512_1146.SbBS512_E0058	33.7	202	122	3	26	227	19	208	1.04e-24	98.2
SMc03828	iSF_1195.SF0061	33.7	202	122	3	26	227	19	208	1.04e-24	98.2
SMc03828	iML1515.b0066	33.7	202	122	3	26	227	19	208	2.03e-24	97.4
SMc03828	STM_v1_0.STM3560	32.4	244	131	6	1	235	5	223	3.15e-24	97.1
SMc03828	iSDY_1059.SDY_3603	31.1	244	134	6	1	235	9	227	4.77e-24	96.7
SMc03828	iSDY_1059.SDY_0093	33.2	202	123	3	26	227	19	208	3.96e-24	96.7
SMc03828	iYL1228.KPN_03816	31.1	244	134	6	1	235	5	223	8.54e-24	95.9
SMc03828	iML1515.b3454	31.1	244	134	6	1	235	5	223	1.19e-23	95.5
SMc03828	iSbBS512_1146.SbBS512_E3868	31.1	244	134	6	1	235	9	227	1.29e-23	95.5
SMc03828	iSSON_1240.SSON_3692	31.1	244	134	6	1	235	9	227	1.29e-23	95.5
SMc03828	iPC815.YPO0520	33.7	205	122	5	27	230	11	202	2.63e-23	94.4
SMc03828	iSF_1195.SF3472	30.7	244	135	6	1	235	5	223	1.22e-22	92.8
SMc03828	iNF517.LLMG_RS01625	34.2	234	143	6	1	230	1	227	2.80e-22	92.0
SMc03828	iYO844.BSU30420	31.5	235	137	7	1	225	1	221	4.06e-22	91.3
SMc03828	iAF987.Gmet_2439	32.4	250	148	8	1	249	5	234	8.42e-22	90.9
SMc03829	iYL1228.KPN_04624	28.9	173	108	5	34	201	83	245	3.78e-05	44.3
SMc03834	iMM1415.13180	57.1	77	33	0	20	96	24	100	3.56e-25	90.5
SMc03834	iSynCJ816.SGL_RS08415	47.4	95	48	1	3	97	4	96	2.85e-25	90.5
SMc03834	iCHOv1.100767749	57.1	77	33	0	20	96	41	117	8.03e-25	90.1
SMc03836	iJN1463.PP_2318	36.9	179	109	2	28	205	9	184	3.48e-32	115
SMc03836	iPC815.YPO3080	36.6	183	111	2	23	204	12	190	9.15e-32	115
SMc03836	iML1515.b0494	37.4	182	105	4	23	203	12	185	1.95e-29	108
SMc03836	iSbBS512_1146.SbBS512_E0429	37.4	182	105	4	23	203	11	184	1.90e-29	108
SMc03836	iSSON_1240.SSON_0484	37.4	182	105	4	23	203	12	185	3.85e-29	108
SMc03836	STM_v1_0.STM0506	36.8	182	106	4	23	203	11	184	4.90e-29	107
SMc03836	iYL1228.KPN_00472	38.1	160	95	2	45	203	18	174	8.14e-29	107
SMc03836	iSDY_1059.SDY_0404	36.8	182	106	4	23	203	12	185	2.11e-28	106
SMc03837	iCN900.CD630_19470	45.1	204	110	1	21	222	25	228	1.96e-50	164
SMc03837	iYO844.BSU30420	44.3	203	105	2	22	219	22	221	1.53e-47	156
SMc03837	iSDY_1059.SDY_0787	43.9	228	113	7	5	226	1	219	8.81e-46	152
SMc03837	iSSON_1240.SSON_0789	43.9	228	113	7	5	226	1	219	1.24e-45	152
SMc03837	iML1515.b0809	44.2	226	111	7	5	224	1	217	1.76e-45	151
SMc03837	iYL1228.KPN_00838	43.8	226	112	8	5	224	1	217	1.76e-45	151
SMc03837	iSbBS512_1146.SbBS512_E2539	44.2	226	111	7	5	224	1	217	1.76e-45	151
SMc03837	iJN1463.PP_4210	43.4	205	113	2	22	224	23	226	1.18e-41	149
SMc03837	iSF_1195.SF0760	43.8	226	112	7	5	224	1	217	1.96e-44	149
SMc03837	STM_v1_0.STM0828	43.4	226	113	7	5	224	1	217	2.77e-44	148
SMc03837	iSbBS512_1146.SbBS512_E0193	39.8	221	129	4	5	222	1	220	5.09e-43	148
SMc03837	iSDY_1059.SDY_0218	39.8	221	129	4	5	222	1	220	5.09e-43	148
SMc03837	iSSON_1240.SSON_0213	39.8	221	129	4	5	222	1	220	5.09e-43	148
SMc03837	iML1515.b0199	39.8	221	129	4	5	222	1	220	7.15e-43	147
SMc03840	iJN1463.PP_4846	37.5	168	104	1	1	168	1	167	1.02e-30	109
SMc03840	iML1515.b1448	37.3	166	103	1	4	169	2	166	9.29e-29	104
SMc03840	iJN1463.PP_1924	36.9	176	102	3	5	180	7	173	1.16e-26	99.8
SMc03846	iJN1463.PP_2112	62.6	916	314	8	4	896	3	912	0.0	1117
SMc03846	iCN718.ABAYE_RS16085	61.8	916	319	7	4	894	6	915	0.0	1115
SMc03846	iYL1228.KPN_01272	62.6	886	323	6	11	894	10	889	0.0	1101
SMc03846	iML1515.b1276	63.0	887	318	7	11	894	10	889	0.0	1095
SMc03846	STM_v1_0.STM1712	62.6	887	322	7	11	894	10	889	0.0	1093
SMc03846	iSF_1195.SF1280	62.9	886	321	6	11	894	10	889	0.0	1093
SMc03846	iSSON_1240.SSON_1864	63.0	887	318	7	11	894	10	889	0.0	1092
SMc03846	iPC815.YPO2221	61.8	877	327	6	20	894	19	889	0.0	1079
SMc03846	iEK1008.Rv1475c	56.8	950	340	13	2	894	3	939	0.0	1026
SMc03846	iAF987.Gmet_1016	56.3	933	362	8	6	896	7	935	0.0	1026
SMc03847	STM_v1_0.STM2254	40.4	208	109	4	3	204	2	200	1.87e-39	134
SMc03847	iSF_1195.SF2285	40.0	200	108	3	3	198	4	195	3.94e-39	133
SMc03847	iML1515.b2201	40.0	200	108	3	3	198	4	195	7.86e-39	132
SMc03847	iSbBS512_1146.SbBS512_E0740	40.0	200	108	3	3	198	2	193	7.44e-39	132
SMc03847	iSSON_1240.SSON_2259	40.0	200	108	3	3	198	2	193	7.44e-39	132
SMc03847	iJN1463.PP_4327	41.8	194	108	3	1	192	3	193	3.39e-38	130
SMc03847	iSDY_1059.SDY_0877	39.5	195	106	3	8	198	7	193	2.35e-37	128
SMc03847	iPC815.YPO2734	39.0	195	110	3	3	193	2	191	1.32e-36	127
SMc03848	iPC815.YPO2735	46.3	216	115	1	2	217	3	217	6.18e-50	161
SMc03848	iYL1228.KPN_02080	46.0	215	115	1	1	215	2	215	3.50e-49	159
SMc03849	iJN1463.PP_4325	46.1	245	127	4	11	251	8	251	1.53e-71	219
SMc03849	STM_v1_0.STM2252	50.2	221	106	2	14	233	8	225	2.07e-69	213
SMc03849	iPC815.YPO2736	49.1	224	110	2	11	233	5	225	1.91e-67	208
SMc03849	iML1515.b2199	49.3	221	108	2	14	233	8	225	4.36e-66	205
SMc03849	iSbBS512_1146.SbBS512_E0742	49.3	221	108	2	14	233	8	225	4.36e-66	205
SMc03849	iSDY_1059.SDY_0879	49.3	221	108	2	14	233	8	225	4.36e-66	205
SMc03849	iSF_1195.SF2283	49.3	221	108	2	14	233	8	225	4.36e-66	205
SMc03849	iSSON_1240.SSON_2257	49.3	221	108	2	14	233	8	225	4.36e-66	205
SMc03849	iYL1228.KPN_02079	48.1	241	115	4	14	247	8	245	6.17e-66	204
SMc03851	iYL1228.KPN_04282	26.9	104	54	3	88	191	23	104	2.86e-06	44.3
SMc03851	iPC815.YPO3868	26.2	103	50	3	88	188	23	101	1.39e-05	42.4
SMc03851	iAF692.Mbar_A2310	29.9	87	39	3	87	173	2	66	1.29e-05	42.0
SMc03851	iIT341.HP0824	23.0	113	61	3	81	191	13	101	6.61e-05	40.4
SMc03851	iML1515.b3781	25.5	102	54	3	90	191	25	104	9.59e-05	40.0
SMc03851	STM_v1_0.STM3915	25.5	102	54	3	90	191	25	104	9.59e-05	40.0
SMc03851	iSbBS512_1146.SbBS512_E4140	25.5	102	54	3	90	191	25	104	9.59e-05	40.0
SMc03851	iSDY_1059.SDY_3968	25.5	102	54	3	90	191	43	122	1.29e-04	40.0
SMc03851	iSF_1195.SF3854	25.5	102	54	3	90	191	43	122	1.29e-04	40.0
SMc03851	iSSON_1240.SSON_3952	25.5	102	54	3	90	191	43	122	1.29e-04	40.0
SMc03856	iJN1463.PP_5228	36.7	278	167	6	10	284	14	285	3.09e-52	172
SMc03856	iSynCJ816.SGL_RS17890	37.1	286	160	7	10	285	3	278	2.48e-52	172
SMc03856	iLB1027_lipid.PHATRDRAFT_34582	35.4	291	168	9	9	282	43	330	1.07e-47	162
SMc03858	iYL1228.KPN_02922	33.3	78	52	0	9	86	4	81	5.41e-08	48.9
SMc03858	STM_v1_0.STM2669	33.3	78	52	0	9	86	4	81	5.41e-08	48.9
SMc03858	iML1515.b2600	33.3	78	52	0	9	86	4	81	7.39e-08	48.5
SMc03858	iSbBS512_1146.SbBS512_E2987	33.3	78	52	0	9	86	4	81	7.39e-08	48.5
SMc03858	iSF_1195.SF2660	33.3	78	52	0	9	86	4	81	7.39e-08	48.5
SMc03858	iSSON_1240.SSON_2751	33.3	78	52	0	9	86	4	81	7.39e-08	48.5
SMc03858	iPC815.YPO3285	33.3	78	52	0	9	86	4	81	1.01e-07	48.1
SMc03858	iSDY_1059.SDY_2766	32.1	78	53	0	9	86	4	81	1.65e-06	44.7
SMc03864	iPC815.YPO2512	32.7	251	150	6	13	262	10	242	2.43e-35	126
SMc03865	iYS854.USA300HOU_RS09930	40.2	224	113	2	47	270	282	484	2.01e-37	137
SMc03865	iCN900.CD630_07510	36.2	221	126	2	47	267	16	221	3.64e-37	130
SMc03865	iSynCJ816.SGL_RS07090	38.9	226	107	4	36	253	299	501	8.21e-35	130
SMc03865	iNF517.LLMG_RS09715	33.0	221	133	2	48	268	509	714	1.63e-32	125
SMc03866	iJN1463.PP_0118	32.5	197	127	3	1	191	1	197	5.57e-24	101
SMc03866	iYO844.BSU33160	32.8	229	127	6	283	488	1	225	2.76e-21	96.7
SMc03866	iSynCJ816.SGL_RS14425	31.9	216	114	5	3	193	48	255	4.10e-21	93.6
SMc03866	iSynCJ816.SGL_RS09035	33.7	193	106	5	5	175	1	193	2.75e-21	92.4
SMc03866	iML1515.b1858	32.8	183	113	4	282	460	4	180	7.45e-21	92.0
SMc03866	iSbBS512_1146.SbBS512_E0954	32.8	183	113	4	282	460	4	180	7.45e-21	92.0
SMc03866	iSSON_1240.SSON_1283	32.8	183	113	4	282	460	4	180	7.45e-21	92.0
SMc03866	iYL1228.KPN_02373	33.3	183	112	4	282	460	4	180	9.91e-21	91.7
SMc03866	iSF_1195.SF1867	32.8	183	113	4	282	460	4	180	1.01e-20	91.7
SMc03866	iAF987.Gmet_0492	31.8	233	130	6	282	494	5	228	1.51e-20	91.3
SMc03866	iSDY_1059.SDY_1145	32.8	183	113	4	282	460	4	180	1.37e-20	91.3
SMc03867	iCN900.CD630_25740	29.9	167	109	5	29	190	29	192	2.13e-15	71.6
SMc03869	iSF_1195.SF0063	57.1	312	132	1	30	341	18	327	2.31e-130	375
SMc03869	iML1515.b0068	57.4	312	131	1	30	341	18	327	6.58e-130	374
SMc03869	iYL1228.KPN_00067	57.6	314	131	1	28	341	16	327	9.34e-130	373
SMc03869	iSDY_1059.SDY_0095	57.1	312	132	1	30	341	18	327	2.66e-129	372
SMc03869	iSbBS512_1146.SbBS512_E0060	56.7	312	133	1	30	341	18	327	3.78e-129	372
SMc03869	iSSON_1240.SSON_0074	56.4	312	134	1	30	341	18	327	7.60e-129	371
SMc03869	STM_v1_0.STM0108	57.1	312	132	1	30	341	18	327	1.08e-128	370
SMc03869	iPC815.YPO0522	53.6	319	145	2	24	341	14	330	1.72e-123	357
SMc03870	iYL1228.KPN_00066	42.9	510	283	4	13	521	22	524	1.97e-110	338
SMc03870	iML1515.b0067	42.8	481	266	4	39	518	49	521	4.36e-109	335
SMc03870	iSF_1195.SF0062	42.6	481	267	4	39	518	49	521	2.43e-108	333
SMc03870	STM_v1_0.STM0107	42.6	484	269	5	39	521	49	524	9.60e-108	332
SMc03870	iSbBS512_1146.SbBS512_E0059	42.4	481	268	4	39	518	49	521	9.60e-108	332
SMc03870	iSDY_1059.SDY_0094	42.2	481	269	4	39	518	49	521	5.35e-107	330
SMc03870	iSSON_1240.SSON_0073	42.2	481	269	4	39	518	49	521	7.54e-107	329
SMc03870	iPC815.YPO0521	41.3	484	275	4	39	521	33	508	2.14e-101	315
SMc03871	STM_v1_0.STM0106	45.3	214	115	1	22	235	18	229	1.57e-56	179
SMc03871	iSbBS512_1146.SbBS512_E0058	44.2	217	119	1	22	238	18	232	3.26e-55	176
SMc03871	iSDY_1059.SDY_0093	44.2	217	119	1	22	238	18	232	4.61e-55	176
SMc03871	iSSON_1240.SSON_0072	44.2	217	119	1	22	238	18	232	6.52e-55	175
SMc03871	iSF_1195.SF0061	44.7	208	115	0	22	229	18	225	9.22e-55	175
SMc03871	iML1515.b0066	43.8	217	120	1	22	238	18	232	7.39e-54	172
SMc03871	iYL1228.KPN_00065	46.7	182	97	0	32	213	28	209	1.72e-52	169
SMc03871	iPC815.YPO0520	46.1	193	104	0	20	212	7	199	2.04e-52	169
SMc03872	iAF987.Gmet_1238	30.3	201	130	3	78	273	56	251	6.51e-21	92.0
SMc03875	iJN1463.PP_1625	69.1	97	28	1	1	95	1	97	4.18e-50	154
SMc03878	iYS854.USA300HOU_RS06185	45.1	244	128	3	1	239	1	243	1.94e-60	190
SMc03878	iSDY_1059.SDY_2057	43.8	242	126	4	3	239	6	242	1.77e-58	185
SMc03878	iML1515.b1093	43.8	242	126	4	3	239	6	242	5.00e-58	184
SMc03878	iSbBS512_1146.SbBS512_E2231	43.8	242	126	4	3	239	6	242	5.00e-58	184
SMc03878	iSF_1195.SF1097	43.8	242	126	4	3	239	6	242	5.00e-58	184
SMc03878	iSSON_1240.SSON_1113	43.8	242	126	4	3	239	6	242	5.00e-58	184
SMc03878	iYL1228.KPN_01091	43.4	242	127	4	3	239	6	242	4.01e-57	181
SMc03878	STM_v1_0.STM1195	43.8	242	126	4	3	239	6	242	8.02e-57	181
SMc03878	iPC815.YPO1599	43.4	242	127	4	3	239	6	242	2.27e-56	179
SMc03878	iYO844.BSU15910	44.2	242	127	3	3	238	5	244	9.64e-56	178
SMc03878	iCN718.ABAYE_RS14915	41.6	243	134	4	3	241	6	244	2.32e-53	172
SMc03878	iLB1027_lipid.PHATRDRAFT_13073	44.7	244	126	4	2	237	6	248	4.26e-53	171
SMc03879	iCN900.CD630_10590	61.9	388	147	1	6	392	4	391	2.37e-156	445
SMc03879	iCHOv1.100760000	59.1	389	157	1	6	392	8	396	8.33e-156	444
SMc03879	iMM1415.224530	58.9	389	158	1	6	392	8	396	9.61e-155	441
SMc03879	iAT_PLT_636.39	57.6	389	163	1	6	392	8	396	1.04e-151	434
SMc03879	iCN900.CD630_26760	57.6	389	163	2	6	392	4	392	5.84e-145	416
SMc03879	iJN1463.PP_4636	59.4	389	156	2	6	392	4	392	8.28e-145	416
SMc03879	iML1515.b2224	58.1	389	161	1	7	393	5	393	3.35e-142	409
SMc03879	iSSON_1240.SSON_2283	58.1	389	161	1	7	393	5	393	4.74e-142	409
SMc03882	iAT_PLT_636.2954	34.2	111	68	2	3	110	5	113	2.65e-08	52.0
SMc03882	iCHOv1.100764455	34.5	113	65	4	3	110	52	160	2.20e-07	50.1
SMc03882	iMM1415.14874	35.4	113	64	4	3	110	5	113	3.14e-07	48.9
SMc03882	iCN718.ABAYE_RS00890	24.4	160	103	6	49	196	45	198	7.53e-07	47.8
SMc03882	iJN1463.PP_4619	28.4	201	127	9	6	196	3	196	1.02e-06	47.4
SMc03883	iJN1463.PP_5107	42.9	168	96	0	88	255	56	223	2.22e-42	144
SMc03883	iML1515.b3208	43.1	167	94	1	90	255	66	232	1.60e-40	139
SMc03884	iAF987.Gmet_1935	41.9	296	164	4	12	304	7	297	4.15e-61	196
SMc03884	iSynCJ816.SGL_RS02445	43.2	294	157	4	12	303	16	301	6.76e-61	195
SMc03884	iYL1228.KPN_00373	42.0	305	157	5	8	302	3	297	2.17e-58	189
SMc03884	iPC815.YPO3176	45.2	270	143	3	40	304	37	306	5.27e-58	188
SMc03884	iJN1463.PP_0528	45.5	266	141	3	42	304	31	295	7.70e-58	187
SMc03884	STM_v1_0.STM0423	44.9	263	140	3	45	302	35	297	6.80e-57	185
SMc03884	iLB1027_lipid.PHATRDRAFT_19000	42.7	262	148	2	45	304	76	337	1.17e-54	180
SMc03884	iML1515.b0421	45.7	265	133	6	46	302	36	297	5.94e-55	180
SMc03884	iSbBS512_1146.SbBS512_E0342	45.7	265	133	6	46	302	36	297	5.94e-55	180
SMc03884	iSDY_1059.SDY_0309	45.7	265	133	6	46	302	36	297	5.94e-55	180
SMc03884	iSF_1195.SF0358	45.7	265	133	6	46	302	36	297	5.94e-55	180
SMc03884	iSSON_1240.SSON_0398	45.7	265	133	6	46	302	36	297	5.94e-55	180
SMc03885	iJN1463.PP_0967	61.4	347	134	0	1	347	1	347	3.59e-144	411
SMc03885	iCN718.ABAYE_RS15590	56.7	351	147	2	3	349	9	358	3.34e-133	384
SMc03887	iML1515.b3823	29.8	198	133	3	20	214	12	206	4.97e-16	73.2
SMc03887	iSbBS512_1146.SbBS512_E4290	29.8	198	133	3	20	214	12	206	6.91e-16	72.8
SMc03887	STM_v1_0.STM3959	31.2	199	129	5	20	214	12	206	9.60e-16	72.4
SMc03887	iYL1228.KPN_04318	26.7	195	143	0	20	214	12	206	3.57e-15	70.9
SMc03888	iCN718.ABAYE_RS16240	34.7	401	212	10	9	407	5	357	2.53e-57	192
SMc03888	iJN1463.PP_0853	36.9	396	197	12	9	401	6	351	3.62e-56	189
SMc03888	iHN637.CLJU_RS06430	36.9	355	182	9	12	366	3	315	5.96e-56	187
SMc03888	iAF987.Gmet_1353	37.7	355	177	10	13	366	3	314	6.97e-56	187
SMc03888	iSynCJ816.SGL_RS07775	37.8	376	176	10	12	364	20	360	4.53e-55	187
SMc03888	iCN900.CD630_21280	34.5	385	206	13	12	396	5	343	4.80e-55	185
SMc03888	iEK1008.Rv2868c	34.7	386	205	11	11	395	17	356	4.57e-54	184
SMc03888	iLJ478.TM0891	35.7	367	183	10	17	383	4	317	4.57e-53	180
SMc03888	iYO844.BSU25070	36.9	355	182	11	12	366	9	321	1.54e-51	177
SMc03888	iPC815.YPO2879	34.3	361	189	10	9	366	6	321	4.24e-50	173
SMc03889	iJN1463.PP_4492	25.3	320	196	11	10	305	19	319	9.00e-05	43.9
SMc03891	iYS854.USA300HOU_RS13050	46.9	245	125	2	18	257	13	257	1.70e-74	227
SMc03891	iYO844.BSU03610	50.0	238	117	2	21	257	32	268	1.83e-73	224
SMc03893	iYO844.BSU03600	54.2	214	97	1	6	218	18	231	5.35e-67	206
SMc03893	iML1515.b1918	54.5	213	96	1	5	217	5	216	2.97e-66	203
SMc03893	iJN1463.PP_0226	55.2	210	93	1	5	214	6	214	3.90e-64	198
SMc03894	iYO844.BSU03590	51.4	249	119	1	1	249	1	247	4.11e-84	251
SMc03894	iJN1463.PP_0225	53.3	244	110	2	1	242	1	242	1.70e-79	239
SMc03894	iML1515.b1917	50.6	241	119	0	2	242	4	244	2.97e-77	233
SMc03894	iYS854.USA300HOU_RS13040	49.6	242	117	2	1	242	1	237	5.47e-76	230
SMc03894	iYS854.USA300HOU_RS09925	50.0	244	114	3	1	243	3	239	2.45e-74	226
SMc03895	iAF987.Gmet_0816	53.0	1148	531	3	5	1151	8	1148	0.0	1178
SMc03895	iYO844.BSU14860	51.4	1123	538	2	2	1124	5	1119	0.0	1154
SMc03895	iYS854.USA300HOU_RS05560	51.9	1127	532	4	3	1127	4	1122	0.0	1113
SMc03895	iNF517.LLMG_RS03310	50.4	1123	545	5	5	1127	3	1113	0.0	1067
SMc03900	iAF987.Gmet_2349	31.1	572	376	6	36	597	2	565	1.14e-72	243
SMc03900	iJN1463.PP_4935	30.6	620	377	16	26	614	5	602	2.40e-68	233
SMc03900	iML1515.b0914	30.8	477	318	6	127	597	105	575	5.99e-64	220
SMc03900	iSbBS512_1146.SbBS512_E2410	30.8	477	318	6	127	597	105	575	5.99e-64	220
SMc03900	iSDY_1059.SDY_2344	30.8	477	318	6	127	597	105	575	5.99e-64	220
SMc03900	iSF_1195.SF0910	30.8	477	318	6	127	597	105	575	5.99e-64	220
SMc03900	iSSON_1240.SSON_0916	30.8	477	318	6	127	597	105	575	8.32e-64	220
SMc04382	iLJ478.TM1848	27.6	802	509	16	2052	2809	3	776	1.78e-77	276
SMc04384	iMM904.YDL178W	31.5	447	270	13	24	454	85	511	9.75e-53	185
SMc04384	iLB1027_lipid.PHATRDRAFT_20192	29.5	440	282	14	13	442	51	472	1.62e-46	168
SMc04385	iJN1463.PP_5258	69.3	495	150	2	15	508	3	496	1.19e-243	676
SMc04386	iCN718.ABAYE_RS05270	53.9	393	175	2	17	409	8	394	3.85e-137	398
SMc04388	iJN1463.PP_0596	50.0	436	210	4	12	444	17	447	9.06e-149	430
SMc04388	iCN718.ABAYE_RS06905	46.5	434	224	4	14	444	29	457	2.23e-136	399
SMc04389	iJN1463.PP_4300	49.8	420	208	2	35	454	2	418	1.07e-117	350
SMc04390	iCHOv1.100772204	40.9	540	304	5	3	530	46	582	7.54e-129	389
SMc04390	iMM1415.218865	40.9	540	304	5	3	530	43	579	1.38e-128	388
SMc04390	iJN1463.PP_5064	42.5	541	294	7	3	531	5	540	4.27e-125	378
SMc04390	iML1515.b0311	41.6	538	307	5	1	531	1	538	2.55e-121	368
SMc04390	iCN718.ABAYE_RS14300	40.2	537	313	5	3	531	6	542	2.00e-119	363
SMc04390	iYS854.USA300HOU_RS14155	39.5	549	313	10	2	537	7	549	1.79e-115	353
SMc04391	iCN900.CD630_11820	38.3	248	141	5	8	252	8	246	1.92e-42	144
SMc04391	iHN637.CLJU_RS17225	36.5	249	148	4	8	254	10	250	3.14e-37	131
SMc04392	iEK1008.Rv3409c	39.1	64	39	0	429	492	463	526	2.60e-06	49.7
SMc04393	iJN1463.PP_1018	51.5	371	172	4	1	369	1	365	3.59e-123	360
SMc04393	iML1515.b3450	46.2	370	184	3	1	369	1	356	2.06e-110	326
SMc04393	iSbBS512_1146.SbBS512_E3873	46.2	370	184	3	1	369	1	356	8.30e-110	325
SMc04394	iJN1463.PP_1017	54.9	293	120	2	1	293	1	281	6.52e-104	304
SMc04395	iJN1463.PP_1016	57.5	287	122	0	5	291	14	300	1.05e-119	345
SMc04396	iJN1463.PP_1015	46.7	411	207	8	15	414	19	428	8.86e-115	342
SMc04397	iYO844.BSU19310	40.4	475	280	3	21	494	21	493	2.18e-123	369
SMc04397	iYO844.BSU31060	40.2	470	278	1	22	488	5	474	4.25e-119	358
SMc04397	iYS854.USA300HOU_RS14160	39.3	473	284	1	21	490	10	482	1.29e-116	352
SMc04397	iJN1463.PP_5063	39.8	480	281	5	21	495	8	484	1.20e-115	349
SMc04397	iJN1463.PP_3463	41.1	479	274	3	18	490	17	493	1.18e-114	347
SMc04397	iJN1463.PP_2589	41.4	471	271	5	23	489	21	490	1.18e-111	339
SMc04397	iPC815.YPO1166	38.5	480	287	5	21	495	8	484	2.68e-111	338
SMc04397	iMM904.YER073W	38.5	473	288	3	22	494	46	515	1.31e-110	337
SMc04397	iAT_PLT_636.220	37.8	490	300	5	9	495	21	508	1.15e-109	335
SMc04397	iYL1228.KPN_01018	38.7	475	284	5	19	490	20	490	1.43e-109	334
SMc04398	iJN1463.PP_3284	36.1	255	155	4	8	257	5	256	2.29e-43	147
SMc04398	iAF987.Gmet_1572	35.9	259	163	2	1	257	1	258	4.79e-43	146
SMc04398	iAF987.Gmet_1716	37.3	260	159	3	1	257	1	259	1.37e-42	145
SMc04398	iCN900.CD630_08000	34.1	252	163	2	6	255	7	257	3.00e-41	142
SMc04398	iAF987.Gmet_2071	35.5	262	161	4	1	257	1	259	3.00e-41	142
SMc04398	iSbBS512_1146.SbBS512_E4743	35.2	256	164	2	1	255	1	255	2.85e-41	142
SMc04398	iCN900.CD630_10570	37.0	254	157	2	4	255	10	262	2.66e-40	139
SMc04398	iYO844.BSU18220	38.2	251	143	4	14	257	14	259	2.56e-39	137
SMc04398	iJN1463.PP_2217	35.1	262	157	4	1	256	1	255	5.12e-38	133
SMc04399	iML1515.b1694	38.8	531	301	10	8	530	16	530	2.89e-113	346
SMc04400	STM_v1_0.STM4433	27.3	286	185	8	57	329	59	334	7.32e-18	82.8
SMc04400	iYL1228.KPN_00507	27.5	273	182	7	3	270	5	266	4.42e-17	80.5
SMc04400	iCHOv1.100753544	34.3	143	92	1	2	142	3	145	6.82e-16	76.6
SMc04403	iCHOv1.100774083	27.1	605	410	11	91	685	118	701	1.81e-60	215
SMc04405	iJN1463.PP_1988	56.7	365	151	2	4	368	3	360	7.32e-142	406
SMc04405	iCN718.ABAYE_RS16685	57.2	360	148	1	4	363	3	356	8.82e-138	396
SMc04406	iYS854.USA300HOU_RS07240	27.6	170	90	5	48	208	56	201	2.79e-10	57.8
SMc04407	iSSON_1240.SSON_4052	39.7	320	181	6	20	333	18	331	8.09e-58	201
SMc04407	iJN1463.PP_3666	38.6	342	195	6	12	344	12	347	9.99e-58	200
SMc04407	iCN718.ABAYE_RS07070	34.5	316	204	3	20	333	25	339	1.58e-55	196
SMc04407	iJN1463.PP_2914	37.7	313	179	6	20	321	25	332	4.65e-55	194
SMc04407	STM_v1_0.STM4290	36.0	328	194	6	17	333	21	343	8.91e-55	194
SMc04407	iYL1228.KPN_04503	36.0	328	194	6	17	333	7	329	2.44e-54	192
SMc04407	iJN1463.PP_1378	34.7	334	208	3	16	345	7	334	4.91e-54	190
SMc04407	iML1515.b4111	34.8	328	198	6	17	333	21	343	1.59e-52	187
SMc04407	iSDY_1059.SDY_4102	34.8	328	198	6	17	333	21	343	1.59e-52	187
SMc04407	iSF_1195.SF4112	34.8	328	198	6	17	333	21	343	1.59e-52	187
SMc04407	iSSON_1240.SSON_4286	34.8	328	198	6	17	333	21	343	1.59e-52	187
SMc04407	iML1515.b1981	34.7	329	191	5	20	336	21	337	1.13e-52	186
SMc04407	iSDY_1059.SDY_2254	34.3	329	192	5	20	336	21	337	5.77e-52	184
SMc04407	iYL1228.KPN_02458	33.8	331	193	5	20	336	20	338	8.17e-52	184
SMc04407	iJN1463.PP_2553	37.1	318	180	7	16	323	5	312	1.67e-51	184
SMc04407	iJN1463.PP_1400	34.3	329	205	5	16	340	21	342	2.16e-51	183
SMc04407	STM_v1_0.STM2654	35.4	322	197	3	23	342	25	337	1.33e-50	181
SMc04410	iAF987.Gmet_0604	54.5	334	152	0	3	336	5	338	6.67e-121	351
SMc04411	iJN1463.PP_4805	36.6	145	90	2	97	239	108	252	3.14e-22	94.0
SMc04411	iPC815.YPO2957	36.9	122	74	3	118	237	151	271	4.13e-19	85.5
SMc04083	iYL1228.KPN_02014	31.5	203	134	3	20	222	2	199	4.06e-36	126
SMc04083	iJN1463.PP_0100	34.6	205	126	5	20	222	23	221	8.38e-36	126
SMc04084	iPC815.YPO2368	31.1	286	166	4	11	276	4	278	2.37e-33	123
SMc04084	iSSON_1240.SSON_2508	33.0	264	164	3	11	265	18	277	1.19e-32	121
SMc04084	iSbBS512_1146.SbBS512_E2791	33.0	264	164	3	11	265	18	277	1.66e-32	120
SMc04084	iSDY_1059.SDY_2615	33.0	264	164	3	11	265	18	277	2.33e-32	120
SMc04084	iML1515.b2418	32.6	264	165	3	11	265	18	277	4.55e-32	119
SMc04084	iSF_1195.SF2473	32.6	264	165	3	11	265	18	277	4.55e-32	119
SMc04084	STM_v1_0.STM1450	31.6	275	177	5	11	275	4	277	6.78e-32	119
SMc04084	iYL1228.KPN_01974	31.6	275	177	5	11	275	4	277	9.48e-32	119
SMc04084	iLB1027_lipid.PHATRDRAFT_8828	32.6	288	160	10	11	275	6	282	2.96e-30	115
SMc04084	iML1515.b1636	31.3	278	174	6	11	275	5	278	3.81e-30	114
SMc04084	iJN1463.PP_5357	31.9	273	178	5	11	275	7	279	4.05e-30	114
SMc04084	iSF_1195.SF1661	30.9	278	175	7	11	275	5	278	1.03e-29	113
SMc04084	iSSON_1240.SSON_1520	30.9	278	175	6	11	275	5	278	1.44e-29	113
SMc04084	iSDY_1059.SDY_1859	30.9	278	175	6	11	275	5	278	2.01e-29	112
SMc04085	iJN1463.PP_2080	40.6	1582	887	18	31	1584	37	1594	0.0	1043
SMc04088	iAF987.Gmet_2905	57.5	530	206	9	15	536	3	521	3.77e-182	521
SMc04088	iPC815.YPO3728	55.6	536	210	10	16	536	7	529	6.03e-178	511
SMc04088	iYL1228.KPN_04388	55.4	536	211	10	16	536	7	529	2.43e-177	509
SMc04088	iSDY_1059.SDY_3720	55.6	538	207	11	16	536	7	529	9.79e-177	508
SMc04088	iSbBS512_1146.SbBS512_E4498	55.4	538	208	11	16	536	7	529	2.78e-176	507
SMc04088	iSF_1195.SF4078	55.4	538	208	11	16	536	7	529	2.78e-176	507
SMc04088	iSSON_1240.SSON_4179	55.4	538	208	11	16	536	7	529	2.78e-176	507
SMc04088	iJN1463.PP_4822	54.6	540	212	11	16	536	10	535	1.37e-175	505
SMc04088	iML1515.b4006	55.4	538	208	11	16	536	7	529	1.59e-175	505
SMc04088	STM_v1_0.STM4176	54.5	538	213	11	16	536	7	529	2.25e-175	504
SMc04088	iCN718.ABAYE_RS07255	55.6	536	209	12	16	536	3	524	3.73e-170	491
SMc04088	iYO844.BSU06520	50.5	525	241	7	16	536	3	512	1.58e-163	474
SMc04093	iJN1463.PP_4487	67.4	638	205	2	6	642	50	685	0.0	904
SMc04093	iSSON_1240.SSON_4250	66.6	635	207	3	14	646	15	646	0.0	885
SMc04093	iML1515.b4069	66.5	635	208	3	14	646	15	646	0.0	884
SMc04093	iYL1228.KPN_04478	65.0	648	218	3	3	646	4	646	8.46e-320	881
SMc04093	iPC815.YPO0253	64.1	646	229	2	3	647	4	647	8.46e-320	881
SMc04093	STM_v1_0.STM4275	66.3	635	209	3	14	646	15	646	1.69e-319	880
SMc04093	iCN718.ABAYE_RS01415	64.9	639	221	2	6	643	5	641	2.36e-317	874
SMc04093	iJN1463.PP_4702	64.0	647	228	2	2	648	3	644	6.51e-316	870
SMc04095	iJN1463.PP_2351	54.1	625	281	3	5	628	3	622	1.93e-242	683
SMc04095	iCHOv1.100772576	52.7	584	270	3	48	629	5	584	2.94e-226	640
SMc02812	iIS312.TCDM_08914	38.0	234	121	8	2	219	14	239	1.48e-29	110
SMc02812	iMM1415.114863	35.5	228	124	8	15	219	23	250	5.40e-26	101
SMc02812	iCN900.CD630_26230	32.3	229	140	4	3	219	7	232	9.89e-26	99.8
SMc02804	iJN1463.PP_4794	48.3	884	425	17	4	875	3	866	1.48e-286	814
SMc02804	iCN718.ABAYE_RS16150	48.5	888	417	17	6	876	10	874	2.61e-278	793
SMc02804	iAF987.Gmet_2300	47.7	885	387	17	4	876	3	823	8.77e-277	787
SMc02804	STM_v1_0.STM0648	46.6	879	441	13	4	876	3	859	7.49e-269	768
SMc02804	iYL1228.KPN_00674	45.6	881	447	14	4	876	3	859	1.15e-262	753
SMc02804	iSbBS512_1146.SbBS512_E0609	46.0	883	441	15	4	876	3	859	4.63e-262	751
SMc02804	iSDY_1059.SDY_0564	45.8	879	448	13	4	876	3	859	6.55e-262	751
SMc02804	iSF_1195.SF0639	45.8	879	448	13	4	876	3	859	6.55e-262	751
SMc02804	iSSON_1240.SSON_0596	45.8	879	448	13	4	876	3	859	9.28e-262	750
SMc02804	iPC815.YPO2610	44.8	880	456	16	4	876	3	859	7.07e-256	735
SMc02800	iAF987.Gmet_0662	43.5	46	25	1	15	60	9	53	8.82e-04	39.7
SMc02800	iSynCJ816.SGL_RS17655	47.2	36	19	0	15	50	8	43	8.75e-04	39.7
SMc02798	iSynCJ816.SGL_RS13580	37.5	88	54	1	307	393	292	379	1.66e-05	47.4
SMc02797	iAF987.Gmet_2444	25.4	169	118	4	217	381	21	185	8.16e-05	44.7
SMc02796	iCN900.CD630_02510	28.6	266	164	6	138	391	130	381	6.49e-15	75.9
SMc02796	iPC815.YPO4121	23.4	291	194	5	137	400	97	385	5.17e-13	70.1
SMc02795	iSynCJ816.SGL_RS03055	35.0	143	87	2	42	178	3	145	7.16e-25	95.1
SMc02794	iJN1463.PP_5074	44.4	324	167	6	1	315	26	345	7.81e-80	246
SMc02794	iCN718.ABAYE_RS05970	44.3	314	165	6	1	305	26	338	5.48e-75	234
SMc02794	iYL1228.KPN_04379	42.0	324	175	7	1	315	26	345	3.17e-73	229
SMc02794	iAT_PLT_636.7389	42.3	324	176	7	1	315	36	357	3.65e-72	227
SMc02794	STM_v1_0.STM4167	42.0	324	175	7	1	315	26	345	3.56e-72	226
SMc02794	iML1515.b3997	41.7	324	176	7	1	315	26	345	7.09e-72	226
SMc02794	iSbBS512_1146.SbBS512_E4488	41.7	324	176	7	1	315	26	345	7.09e-72	226
SMc02794	iSSON_1240.SSON_4170	41.7	324	176	7	1	315	26	345	7.09e-72	226
SMc02794	iCHOv1.100753284	41.7	324	178	7	1	315	36	357	2.05e-71	225
SMc02794	iSF_1195.SF4069	41.4	324	177	7	1	315	26	345	3.98e-71	224
SMc02794	iIT341.HP0604	41.6	317	180	4	1	315	21	334	5.31e-71	223
SMc02794	iPC815.YPO3734	42.4	321	178	6	1	315	26	345	8.17e-71	223
SMc02794	iSDY_1059.SDY_3729	41.4	324	177	7	1	315	26	345	2.24e-70	222
SMa0002	iML1515.b3894	60.6	1018	396	4	8	1024	1	1014	0.0	1301
SMa0002	STM_v1_0.STM4037	60.5	1018	397	4	8	1024	1	1014	0.0	1287
SMa0002	iJN1463.PP_0489	59.7	1024	402	7	8	1024	1	1020	0.0	1261
SMa0002	iML1515.b1474	57.9	1018	423	5	8	1024	1	1013	0.0	1226
SMa0002	iSSON_1240.SSON_1650	57.9	1018	423	5	8	1024	1	1013	0.0	1226
SMa0002	iSF_1195.SF1751	57.7	1018	425	5	8	1024	1	1013	0.0	1223
SMa0002	STM_v1_0.STM1570	58.0	1018	422	4	8	1024	1	1013	0.0	1219
SMa0005	iJN1463.PP_0490	64.3	286	100	2	21	306	1	284	6.93e-136	388
SMa0005	iPC815.YPO4057	62.2	291	103	3	20	305	2	290	3.18e-131	376
SMa0005	STM_v1_0.STM4036	62.8	288	98	4	24	306	6	289	1.92e-129	371
SMa0005	iYL1228.KPN_04189	61.8	288	101	4	24	306	6	289	8.97e-128	367
SMa0005	iML1515.b3893	61.7	287	101	4	24	305	6	288	3.63e-127	365
SMa0005	iSF_1195.SF3969	61.7	287	101	4	24	305	6	288	3.63e-127	365
SMa0005	iSSON_1240.SSON_4062	61.7	287	101	4	24	305	6	288	3.63e-127	365
SMa0005	iML1515.b1475	60.6	289	105	4	24	307	6	290	9.74e-126	361
SMa0005	iYL1228.KPN_01866	59.5	289	108	4	24	307	6	290	9.74e-126	361
SMa0005	iSF_1195.SF1750	60.6	289	105	4	24	307	6	290	9.74e-126	361
SMa0005	iSSON_1240.SSON_1649	60.6	289	105	4	24	307	6	290	1.38e-125	361
SMa0005	STM_v1_0.STM1569	58.1	289	112	4	24	307	6	290	3.02e-122	352
SMa0007	iJN1463.PP_0491	43.9	198	111	0	23	220	9	206	1.45e-58	184
SMa0007	iSF_1195.SF3968	45.7	199	106	1	20	218	6	202	4.71e-58	182
SMa0007	iML1515.b3892	45.7	199	106	1	20	218	6	202	6.67e-58	182
SMa0007	iYL1228.KPN_04188	45.2	199	107	1	20	218	6	202	6.67e-58	182
SMa0007	iSSON_1240.SSON_4061	45.7	199	106	1	20	218	6	202	6.67e-58	182
SMa0007	STM_v1_0.STM4035	44.7	199	108	1	20	218	6	202	1.08e-56	179
SMa0007	iPC815.YPO4056	44.4	198	108	1	21	218	7	202	9.10e-56	177
SMa0009	iJN1463.PP_0492	31.3	284	183	7	20	296	28	306	6.74e-27	107
SMa0011	iJN1463.PP_0493	56.8	461	188	4	6	457	8	466	1.29e-155	449
SMa0011	iYL1228.KPN_03939	54.8	451	199	3	10	457	12	460	3.12e-153	443
SMa0011	iPC815.YPO4054	52.3	457	207	6	8	458	10	461	1.23e-147	429
SMa0011	STM_v1_0.STM3683	52.2	452	210	4	10	457	12	461	2.92e-146	425
SMa0011	iSbBS512_1146.SbBS512_E4006	51.0	451	217	3	10	457	12	461	4.98e-142	414
SMa0011	iSF_1195.SF3629	51.5	452	213	4	10	457	12	461	9.98e-142	414
SMa0011	iSSON_1240.SSON_3817	51.0	451	217	3	10	457	12	461	9.98e-142	414
SMa0011	iSDY_1059.SDY_4212	50.6	451	219	3	10	457	12	461	1.14e-140	411
SMa0015	iML1515.b3590	38.9	627	356	11	1	626	1	601	3.52e-118	365
SMa0028	iPC815.YPO2164	50.2	315	154	1	1	315	1	312	8.55e-97	290
SMa0028	iYL1228.KPN_01207	45.8	349	184	2	1	347	1	346	8.62e-94	283
SMa0028	iJN1463.PP_0823	50.0	310	150	2	7	315	6	311	2.53e-92	279
SMa0028	iSSON_1240.SSON_1391	49.2	309	154	1	7	315	7	312	3.93e-92	278
SMa0028	iML1515.b1764	49.2	309	154	1	7	315	7	312	7.87e-92	278
SMa0028	iSbBS512_1146.SbBS512_E2019	49.2	309	154	1	7	315	7	312	7.87e-92	278
SMa0028	iSDY_1059.SDY_1509	49.2	309	154	1	7	315	7	312	7.87e-92	278
SMa0028	iSF_1195.SF1459	49.2	309	154	1	7	315	7	312	7.87e-92	278
SMa0028	STM_v1_0.STM1297	47.9	315	161	1	1	315	1	312	2.03e-89	271
SMa0036	iCN900.CD630_04310	23.5	387	227	10	153	519	135	472	1.16e-17	85.5
SMa0036	iSF_1195.SF0629	26.2	260	160	7	1	255	1	233	1.56e-16	79.0
SMa0036	iML1515.b0652	26.2	260	160	7	1	255	1	233	2.11e-16	78.6
SMa0036	iSDY_1059.SDY_1145	28.8	191	130	2	324	510	4	192	2.49e-16	78.6
SMa0036	iSSON_1240.SSON_0606	26.2	260	160	7	1	255	1	233	2.11e-16	78.6
SMa0036	iML1515.b1858	28.8	191	130	2	324	510	4	192	3.37e-16	78.2
SMa0036	iSSON_1240.SSON_1283	28.8	191	130	2	324	510	4	192	3.37e-16	78.2
SMa0036	iSbBS512_1146.SbBS512_E0954	28.8	191	130	2	324	510	4	192	4.56e-16	77.8
SMa0036	iSF_1195.SF1867	28.8	191	130	2	324	510	4	192	4.56e-16	77.8
SMa0036	iPC815.YPO2060	31.1	196	119	4	324	510	4	192	4.64e-16	77.8
SMa0036	iYL1228.KPN_00969	30.5	200	114	6	327	510	14	204	9.17e-16	77.0
SMa0041	iJN1463.PP_3606	29.8	332	220	4	1	328	1	323	3.35e-31	119
SMa0041	iJN1463.PP_0072	30.8	331	217	5	1	327	1	323	4.74e-31	119
SMa0041	iEK1008.Rv3777	30.4	309	203	4	27	329	26	328	9.39e-28	110
SMa0045	iAT_PLT_636.760	35.8	232	110	7	30	229	4	228	2.68e-35	126
SMa0045	iMM1415.12349	34.9	232	112	8	30	229	4	228	6.59e-32	117
SMa0050	iJN1463.PP_0213	55.3	76	26	1	1	68	297	372	1.18e-20	83.2
SMa0050	iYL1228.KPN_00256	44.9	78	33	1	1	68	297	374	8.58e-18	75.1
SMa0052	iAF987.Gmet_3395	69.7	66	19	1	3	67	381	446	9.27e-24	91.7
SMa0052	iJN1463.PP_0213	69.0	58	18	0	10	67	386	443	2.99e-22	87.4
SMa0052	STM_v1_0.STM2791	63.1	65	23	1	4	67	381	445	1.99e-21	85.1
SMa0052	iML1515.b2661	63.8	58	21	0	10	67	388	445	1.32e-20	82.8
SMa0052	iYL1228.KPN_00256	60.0	65	25	1	4	67	381	445	1.32e-20	82.8
SMa0052	iSSON_1240.SSON_2805	63.8	58	21	0	10	67	388	445	1.32e-20	82.8
SMa0056	STM_v1_0.STM2961	31.3	313	177	8	4	281	7	316	1.01e-33	129
SMa0056	iML1515.b2788	30.4	313	180	8	4	281	7	316	5.02e-33	127
SMa0056	iSF_1195.SF2801	30.0	313	181	8	4	281	7	316	1.31e-32	126
SMa0056	iSSON_1240.SSON_2945	30.0	313	181	8	4	281	7	316	2.49e-32	125
SMa0056	iYL1228.KPN_03131	29.5	298	173	6	19	281	10	305	5.64e-32	124
SMa0056	iHN637.CLJU_RS13910	30.6	317	178	10	4	281	7	320	4.51e-31	122
SMa0056	iHN637.CLJU_RS13895	31.0	313	178	11	4	281	12	321	6.27e-31	122
SMa0058	iML1515.b3880	31.9	357	233	4	44	393	40	393	5.48e-53	181
SMa0058	iJN1463.PP_1014	36.1	349	192	8	55	386	59	393	7.02e-49	170
SMa0059	iLJ478.TM1724	35.8	254	143	4	6	252	5	245	6.30e-37	130
SMa0059	iYO844.BSU15910	34.1	252	153	3	5	252	3	245	1.35e-35	127
SMa0059	iYL1228.KPN_01091	34.3	248	154	2	4	251	3	241	2.55e-35	126
SMa0059	iSF_1195.SF0510	34.1	252	152	3	3	250	2	243	2.16e-34	124
SMa0059	iML1515.b0596	34.5	252	151	3	3	250	2	243	3.04e-34	123
SMa0059	iSDY_1059.SDY_0527	34.5	252	151	3	3	250	2	243	3.04e-34	123
SMa0059	iSbBS512_1146.SbBS512_E0498	34.1	252	152	3	3	250	2	243	4.27e-34	123
SMa0059	iAF987.Gmet_1694	36.7	259	140	5	3	252	2	245	4.27e-33	120
SMa0059	iML1515.b1093	33.3	249	157	1	3	251	2	241	5.86e-33	120
SMa0059	iSbBS512_1146.SbBS512_E2231	33.3	249	157	1	3	251	2	241	5.86e-33	120
SMa0059	iSF_1195.SF1097	33.3	249	157	1	3	251	2	241	5.86e-33	120
SMa0059	iSSON_1240.SSON_1113	33.3	249	157	1	3	251	2	241	5.86e-33	120
SMa0059	iYS854.USA300HOU_RS06185	34.1	249	151	3	7	251	3	242	5.86e-33	120
SMa0059	iSDY_1059.SDY_2057	33.3	249	157	1	3	251	2	241	8.22e-33	119
SMa0059	iSSON_1240.SSON_0547	33.7	252	153	3	3	250	2	243	9.05e-33	119
SMa0059	iCN900.CD630_11820	35.3	258	150	4	1	252	1	247	1.30e-32	119
SMa0059	iYO844.BSU32000	33.6	250	160	3	6	250	8	256	2.41e-32	119
SMa0060	iCHOv1.100752401	30.2	278	184	6	16	289	17	288	5.10e-39	139
SMa0064	STM_v1_0.STM3828	27.8	400	244	7	1	393	1	362	1.69e-38	142
SMa0064	iML1515.b4478	29.7	350	200	8	1	344	1	310	1.21e-37	139
SMa0064	iYL1228.KPN_04095	30.5	348	200	8	1	344	1	310	3.24e-37	138
SMa0067	iLJ478.TM0114	27.6	297	181	9	35	313	44	324	5.86e-18	82.8
SMa0070	iCN900.CD630_15880	33.9	277	173	4	37	308	32	303	1.08e-39	141
SMa0070	iLJ478.TM0112	35.8	299	183	5	26	320	24	317	8.29e-39	139
SMa0070	iCN900.CD630_03020	33.0	324	208	5	1	322	16	332	8.95e-37	134
SMa0070	iYL1228.KPN_04155	34.8	302	191	6	13	311	19	317	1.03e-35	131
SMa0070	iPC815.YPO2499	30.8	302	198	3	21	320	38	330	2.41e-35	130
SMa0070	iML1515.b3750	34.2	298	189	6	17	311	24	317	3.89e-35	129
SMa0070	iPC815.YPO0411	34.7	259	162	4	53	309	49	302	7.10e-35	129
SMa0072	STM_v1_0.STM3882	37.0	235	143	2	5	239	4	233	1.07e-50	172
SMa0072	iLJ478.TM0956	36.4	239	147	2	5	243	12	245	1.16e-49	169
SMa0072	iML1515.b3749	36.2	235	145	2	5	239	4	233	3.06e-49	168
SMa0072	iPC815.YPO3964	36.9	236	143	2	4	239	5	234	9.26e-49	167
SMa0072	iHN637.CLJU_RS00620	38.8	245	142	3	1	243	1	239	3.09e-48	165
SMa0072	iCN900.CD630_03010	37.4	238	143	2	1	238	1	232	9.00e-48	164
SMa0072	iSF_1195.SF4262	39.0	231	131	3	5	233	9	231	1.20e-47	164
SMa0072	iSSON_1240.SSON_4410	38.4	229	135	2	5	233	9	231	1.67e-47	163
SMa0072	iPC815.YPO3907	38.9	229	134	2	5	233	4	226	2.18e-47	163
SMa0072	iML1515.b4485	38.5	231	132	3	5	233	9	231	6.36e-47	162
SMa0072	iYL1228.KPN_04154	35.9	234	143	3	5	238	4	230	6.46e-47	162
SMa0072	iML1515.b2149	34.4	247	151	3	2	243	5	245	9.78e-47	161
SMa0072	iSbBS512_1146.SbBS512_E0817	34.4	247	151	3	2	243	5	245	3.05e-48	161
SMa0072	iSF_1195.SF2234	34.4	247	151	3	2	243	5	245	9.78e-47	161
SMa0072	iSSON_1240.SSON_2205	34.4	247	151	3	2	243	5	245	9.78e-47	161
SMa0072	STM_v1_0.STM2189	34.3	239	151	2	5	243	13	245	2.66e-46	160
SMa0072	iYL1228.KPN_04623	37.7	231	134	3	5	233	9	231	3.47e-45	157
SMa0072	iYL1228.KPN_02587	34.6	234	147	2	10	243	3	230	4.21e-45	157
SMa0072	iLJ478.TM0115	34.7	236	152	2	5	239	14	248	1.27e-44	156
SMa0072	iPC815.YPO1508	33.1	239	154	2	5	243	13	245	1.03e-44	156
SMa0074	iJN1463.PP_3073	32.7	257	159	3	4	252	3	253	5.66e-34	122
SMa0074	STM_v1_0.STM4483	32.5	249	163	3	3	251	6	249	2.95e-33	120
SMa0074	iSSON_1240.SSON_4451	32.3	251	161	4	3	251	6	249	1.15e-32	119
SMa0074	iML1515.b4266	32.3	251	161	4	3	251	6	249	1.61e-32	119
SMa0079	iML1515.b0810	36.2	213	134	1	3	213	2	214	9.81e-38	130
SMa0079	iSDY_1059.SDY_0786	36.2	213	134	1	3	213	2	214	9.81e-38	130
SMa0079	iSF_1195.SF0761	36.2	213	134	1	3	213	2	214	9.81e-38	130
SMa0079	iSSON_1240.SSON_0790	36.2	213	134	1	3	213	2	214	9.81e-38	130
SMa0079	iSbBS512_1146.SbBS512_E2538	35.7	213	135	1	3	213	2	214	1.38e-37	130
SMa0079	iYL1228.KPN_00839	36.2	213	134	1	3	213	2	214	2.75e-37	129
SMa0079	STM_v1_0.STM0829	36.2	213	134	1	3	213	2	214	3.88e-37	129
SMa0079	iPC815.YPO2513	35.8	212	135	1	3	213	2	213	4.19e-36	126
SMa0079	iCN900.CD630_07510	34.7	202	125	1	19	213	18	219	3.94e-35	124
SMa0079	iSynCJ816.SGL_RS07090	37.3	220	130	2	9	222	303	520	2.83e-31	119
SMa0079	iJN1463.PP_0226	38.6	189	116	0	9	197	9	197	3.14e-33	119
SMa0081	iJN1463.PP_0226	39.4	198	120	0	17	214	20	217	1.68e-38	132
SMa0081	iML1515.b1918	36.4	198	126	0	17	214	19	216	5.24e-37	128
SMa0081	iYS854.USA300HOU_RS09930	39.5	195	117	1	20	213	288	482	2.66e-34	127
SMa0081	iJN1463.PP_4427	39.1	184	110	1	33	214	28	211	1.47e-35	124
SMa0081	iSynCJ816.SGL_RS07090	38.8	196	114	1	20	209	317	512	3.89e-33	124
SMa0081	iYO844.BSU03600	37.8	201	124	1	19	218	34	234	6.18e-35	123
SMa0081	iCN900.CD630_07510	32.8	201	128	2	20	213	22	222	1.52e-33	119
SMa0082	iJN1463.PP_0227	33.5	245	157	4	24	263	19	262	5.07e-36	129
SMa0083	iJN1463.PP_1300	71.0	238	69	0	21	258	15	252	1.20e-122	349
SMa0083	iJN1463.PP_3597	65.3	251	84	1	8	258	11	258	4.60e-112	322
SMa0085	iJN1463.PP_3376	42.4	264	146	5	60	317	56	319	3.40e-53	176
SMa0093	iYS854.USA300HOU_RS09295	31.2	269	182	3	5	272	4	270	1.41e-36	131
SMa0095	iJN1463.PP_3844	38.9	352	192	9	4	335	9	357	2.81e-49	169
SMa0101	iYL1228.KPN_00792	47.1	51	22	1	27	77	34	79	6.27e-04	42.0
SMa0104	STM_v1_0.STM3630	26.1	494	318	12	38	505	48	520	7.26e-41	154
SMa0104	iML1515.b3544	26.2	454	298	11	78	505	78	520	8.12e-39	148
SMa0104	iSDY_1059.SDY_4567	26.0	454	299	11	78	505	78	520	1.52e-38	147
SMa0104	iSF_1195.SF3579	26.0	454	299	11	78	505	78	520	1.52e-38	147
SMa0104	iSSON_1240.SSON_3846	26.0	454	299	11	78	505	78	520	2.84e-38	147
SMa0104	iYL1228.KPN_03899	25.3	494	322	12	38	505	39	511	1.46e-36	142
SMa0105	iYL1228.KPN_00864	43.4	309	170	3	1	309	1	304	1.83e-75	233
SMa0105	iML1515.b0831	43.0	309	171	3	1	309	1	304	1.04e-74	231
SMa0105	STM_v1_0.STM0850	43.7	309	169	3	1	309	1	304	1.04e-74	231
SMa0105	iSDY_1059.SDY_0756	43.0	309	171	3	1	309	1	304	1.04e-74	231
SMa0105	iSSON_1240.SSON_0813	43.0	309	171	3	1	309	1	304	1.46e-74	231
SMa0105	iSF_1195.SF0781	42.7	309	172	3	1	309	1	304	8.28e-74	229
SMa0105	iSbBS512_1146.SbBS512_E2517	42.7	309	172	3	1	309	1	304	1.66e-73	228
SMa0105	iJN1463.PP_0881	40.7	337	172	3	1	311	1	335	4.08e-70	220
SMa0105	iYL1228.KPN_03898	36.8	340	184	4	1	311	1	338	1.98e-68	216
SMa0105	iML1515.b3543	36.2	340	186	4	1	311	1	338	1.57e-67	214
SMa0105	iSDY_1059.SDY_4566	36.2	340	186	4	1	311	1	338	1.57e-67	214
SMa0105	iSSON_1240.SSON_3847	36.2	340	186	4	1	311	1	338	1.57e-67	214
SMa0105	STM_v1_0.STM3629	36.2	340	186	4	1	311	1	338	2.22e-67	213
SMa0105	iSF_1195.SF3578	35.9	340	187	4	1	311	1	338	6.25e-67	212
SMa0106	iYL1228.KPN_00865	44.3	264	142	3	9	269	27	288	8.36e-65	204
SMa0106	iSbBS512_1146.SbBS512_E2516	44.1	254	142	0	16	269	49	302	1.42e-63	201
SMa0106	iSF_1195.SF0782	46.5	254	136	0	16	269	49	302	1.42e-63	201
SMa0106	iSSON_1240.SSON_0814	44.1	254	142	0	16	269	49	302	1.42e-63	201
SMa0106	iML1515.b0832	43.7	254	143	0	16	269	49	302	2.01e-63	201
SMa0106	iSDY_1059.SDY_0755	43.7	254	143	0	16	269	49	302	8.01e-63	199
SMa0106	STM_v1_0.STM0851	45.0	260	139	2	12	269	45	302	6.37e-62	197
SMa0106	iJN1463.PP_0880	40.3	268	151	2	9	269	40	305	4.63e-60	192
SMa0106	iSDY_1059.SDY_4565	46.7	261	130	2	16	269	41	299	4.64e-58	187
SMa0106	iSF_1195.SF3577	47.7	262	126	3	16	269	41	299	7.33e-57	184
SMa0108	iYO844.BSU12950	49.6	262	128	3	3	262	2	261	2.90e-82	251
SMa0108	iJN1463.PP_4150	52.7	258	120	2	5	261	6	262	2.76e-79	249
SMa0108	iYS854.USA300HOU_RS04900	48.9	262	132	2	1	261	1	261	5.59e-80	246
SMa0108	iYL1228.KPN_02194	48.8	258	130	2	5	262	19	274	6.36e-79	243
SMa0108	STM_v1_0.STM1743	49.0	261	131	2	5	265	17	275	5.99e-79	243
SMa0108	iSSON_1240.SSON_3849	46.4	278	138	3	6	281	6	274	9.40e-79	242
SMa0108	iML1515.b3541	46.4	278	138	3	6	281	6	274	3.76e-78	240
SMa0108	iSF_1195.SF3576	46.4	278	138	3	6	281	6	274	3.76e-78	240
SMa0108	iSDY_1059.SDY_1304	48.1	260	133	2	3	262	17	274	7.20e-78	240
SMa0108	iSF_1195.SF1247	48.1	260	133	2	3	262	17	274	7.20e-78	240
SMa0108	iSSON_1240.SSON_1934	48.4	258	131	2	5	262	19	274	1.02e-77	239
SMa0108	STM_v1_0.STM0848	50.5	273	127	4	26	292	32	302	2.01e-74	239
SMa0108	iSDY_1059.SDY_4564	46.0	278	139	3	6	281	6	274	1.06e-77	239
SMa0108	iML1515.b1484	49.8	265	131	2	1	264	1	264	3.11e-77	238
SMa0108	STM_v1_0.STM3627	48.2	253	127	1	29	281	26	274	3.01e-77	238
SMa0108	iSbBS512_1146.SbBS512_E1415	47.7	260	134	2	3	262	17	274	4.07e-77	238
SMa0108	iLJ478.TM1749	49.8	239	120	0	28	266	26	264	5.51e-77	237
SMa0108	iYL1228.KPN_03896	47.4	253	129	1	29	281	26	274	8.52e-77	237
SMa0108	iPC815.YPO4000	45.9	268	141	1	29	296	26	289	1.65e-76	236
SMa0108	iSSON_1240.SSON_1640	49.8	265	131	2	1	264	1	264	2.48e-76	236
SMa0108	iML1515.b1246	47.3	260	135	2	3	262	17	274	9.19e-76	234
SMa0108	iSbBS512_1146.SbBS512_E1747	49.4	265	132	2	1	264	1	264	1.99e-75	233
SMa0108	iYL1228.KPN_00862	48.5	266	131	2	5	264	12	277	4.15e-72	233
SMa0108	iML1515.b2180	48.1	262	134	2	1	261	1	261	3.55e-71	228
SMa0108	iSDY_1059.SDY_0758	51.2	246	114	3	26	265	21	266	2.08e-70	228
SMa0108	iML1515.b0829	51.2	246	114	3	26	265	32	277	3.62e-70	228
SMa0108	iSbBS512_1146.SbBS512_E2519	51.2	246	114	3	26	265	32	277	3.62e-70	228
SMa0108	iSSON_1240.SSON_0811	51.2	246	114	3	26	265	21	266	2.92e-70	228
SMa0108	iLJ478.TM0058	44.6	287	148	4	3	283	2	283	2.77e-73	228
SMa0108	iJN1463.PP_0879	43.2	292	160	2	5	296	3	288	1.20e-72	226
SMa0110	iYL1228.KPN_00862	55.1	263	115	3	3	264	308	568	8.87e-83	261
SMa0110	STM_v1_0.STM0848	54.0	263	118	3	3	264	311	571	8.09e-81	256
SMa0110	iSDY_1059.SDY_0758	54.2	260	116	3	3	261	300	557	6.34e-81	256
SMa0110	iML1515.b0829	54.2	260	116	3	3	261	311	568	1.14e-80	256
SMa0110	iSbBS512_1146.SbBS512_E2519	54.2	260	116	3	3	261	311	568	1.14e-80	256
SMa0110	iSSON_1240.SSON_0811	54.2	260	116	3	3	261	300	557	8.91e-81	256
SMa0110	iSF_1195.SF0779	53.8	260	117	3	3	261	300	557	6.87e-80	254
SMa0110	STM_v1_0.STM1742	48.4	279	142	2	5	281	11	289	1.22e-82	253
SMa0110	iYL1228.KPN_02193	49.8	265	131	2	5	267	11	275	2.76e-81	249
SMa0110	iSDY_1059.SDY_1305	48.2	280	141	4	5	281	11	289	3.91e-81	249
SMa0110	iML1515.b1247	50.0	266	129	4	5	267	11	275	5.53e-81	248
SMa0110	iSF_1195.SF1248	50.0	266	129	4	5	267	11	275	5.53e-81	248
SMa0110	iSbBS512_1146.SbBS512_E1416	50.0	266	129	4	5	267	11	275	7.82e-81	248
SMa0110	iSSON_1240.SSON_1933	49.6	266	130	4	5	267	11	275	3.13e-80	246
SMa0110	iPC815.YPO3999	48.5	266	131	2	4	269	32	291	2.05e-78	243
SMa0110	iYL1228.KPN_03895	47.7	266	133	2	4	269	11	270	1.24e-77	240
SMa0110	iSDY_1059.SDY_4563	46.8	269	137	2	1	269	8	270	1.60e-77	239
SMa0110	iSSON_1240.SSON_3850	46.8	269	137	2	1	269	8	270	1.60e-77	239
SMa0110	iML1515.b3540	46.8	269	137	2	1	269	8	270	2.26e-77	239
SMa0110	STM_v1_0.STM3626	46.5	269	138	2	1	269	8	270	2.47e-77	239
SMa0110	iSF_1195.SF3575	47.4	266	134	2	4	269	11	270	2.26e-77	239
SMa0110	iJN1463.PP_0878	47.1	257	134	1	5	261	4	258	4.45e-77	238
SMa0110	iLJ478.TM0057	49.8	259	120	3	30	281	27	282	5.75e-76	236
SMa0113	iAF987.Gmet_3085	30.1	259	155	7	419	664	89	334	2.92e-18	89.7
SMa0118	iJN1463.PP_3948	31.9	144	84	4	30	168	806	940	5.18e-13	65.9
SMa0118	iJN1463.PP_3382	35.6	118	65	5	26	142	25	132	4.15e-11	60.1
SMa0130	iSynCJ816.SGL_RS10825	27.5	276	183	8	28	296	37	302	6.97e-17	80.5
SMa0130	iSynCJ816.SGL_RS10130	26.8	228	146	4	78	296	86	301	1.33e-15	76.6
SMa0136	iML1515.b1601	25.9	347	219	6	52	395	29	340	1.15e-24	105
SMa0137	iAF987.Gmet_0700	41.2	425	241	6	294	710	385	808	5.77e-93	307
SMa0137	iAF987.Gmet_2629	38.0	434	259	6	294	719	376	807	4.39e-88	294
SMa0137	iJN1463.PP_3581	39.1	445	257	6	278	710	233	675	4.45e-89	293
SMa0137	iAF987.Gmet_0957	38.1	451	262	6	286	720	171	620	5.71e-88	289
SMa0137	iAF987.Gmet_0782	36.2	434	268	5	294	719	292	724	5.96e-85	283
SMa0137	iJN1463.PP_1144	36.8	437	265	5	292	719	278	712	8.60e-85	283
SMa0137	iAF987.Gmet_0987	37.6	425	256	5	294	710	351	774	3.56e-84	283
SMa0137	iAF987.Gmet_3085	36.9	445	262	8	291	723	450	887	6.28e-82	279
SMa0137	iJN1463.PP_0914	35.3	442	277	5	286	719	242	682	6.61e-83	277
SMa0150	iYO844.BSU10270	36.7	502	292	9	14	495	14	509	6.20e-94	294
SMa0151	iCHOv1.100759191	33.3	357	208	7	543	873	136	488	6.27e-55	198
SMa0157	iJN1463.PP_1169	27.1	251	176	4	57	303	53	300	4.59e-18	83.2
SMa0157	iML1515.b3579	27.6	272	184	6	62	328	59	322	3.08e-17	80.9
SMa0169	iNF517.LLMG_RS03890	35.0	100	64	1	32	130	51	150	3.27e-10	58.5
SMa0169	iAF692.Mbar_A3635	30.6	108	74	1	19	126	22	128	5.11e-10	58.2
SMa0169	iYS854.USA300HOU_RS07520	32.7	113	71	3	21	130	40	150	6.64e-09	54.7
SMa0171	iCHOv1.100765125	32.8	131	67	5	74	187	169	295	2.41e-10	59.7
SMa0172	iAF987.Gmet_1092	32.1	212	128	2	60	260	56	262	2.49e-28	110
SMa0175	iJN1463.PP_5256	26.4	91	57	1	152	242	140	220	6.45e-04	41.2
SMa0185	iYO844.BSU03070	25.3	434	306	10	7	432	5	428	1.09e-22	100
SMa0187	iML1515.b3003	47.1	276	143	3	43	316	16	290	3.51e-74	229
SMa0196	iCHOv1.100752401	27.0	274	170	11	27	289	10	264	5.49e-13	67.8
SMa0197	iPC815.YPO2499	30.2	268	181	4	47	312	66	329	1.22e-23	98.6
SMa0197	iCN900.CD630_15880	30.0	270	182	4	40	305	37	303	1.37e-23	98.2
SMa0197	iYL1228.KPN_04155	27.7	264	181	4	49	306	56	315	6.88e-22	93.6
SMa0197	iML1515.b3750	26.1	310	216	5	6	306	10	315	2.46e-21	92.0
SMa0197	iNF517.LLMG_RS04065	29.2	260	176	4	52	307	50	305	4.18e-21	91.3
SMa0198	iLJ478.TM0955	28.7	254	156	7	63	296	69	317	1.82e-17	81.3
SMa0198	iYL1228.KPN_04155	26.6	293	199	6	17	297	24	312	2.28e-15	75.1
SMa0198	iCN900.CD630_03020	27.5	255	180	3	50	299	64	318	4.59e-15	74.3
SMa0198	iML1515.b3750	26.6	293	199	6	17	297	24	312	4.21e-15	74.3
SMa0198	STM_v1_0.STM3883	26.6	293	199	6	17	297	24	312	5.71e-15	73.9
SMa0198	iPC815.YPO3906	27.8	270	180	5	42	301	60	324	8.87e-15	73.6
SMa0199	iML1515.b3749	33.3	501	294	11	11	482	2	491	6.90e-73	238
SMa0199	iYL1228.KPN_04154	33.7	501	292	11	11	482	2	491	1.36e-72	238
SMa0199	iLJ478.TM0956	33.7	499	285	10	22	483	21	510	3.44e-71	234
SMa0199	iLJ478.TM0115	33.9	487	284	11	13	468	14	493	8.81e-71	233
SMa0199	STM_v1_0.STM3882	32.7	499	298	10	12	482	3	491	4.24e-70	231
SMa0199	iPC815.YPO0958	32.4	484	293	9	22	479	14	489	9.87e-66	219
SMa0203	iYO844.BSU35960	24.5	233	162	5	72	299	75	298	1.17e-14	73.2
SMa0214	iML1515.b2843	47.8	278	143	1	5	280	1	278	1.99e-91	271
SMa0214	iYO844.BSU22130	46.9	273	144	1	8	280	4	275	2.21e-87	261
SMa0216	iCN900.CD630_03010	37.3	228	137	3	7	233	5	227	4.18e-43	152
SMa0216	iLJ478.TM0956	37.6	221	133	2	7	226	12	228	2.07e-41	147
SMa0216	iYO844.BSU35940	33.8	237	154	1	8	244	3	236	1.92e-41	147
SMa0216	iPC815.YPO3964	33.7	246	153	3	2	244	1	239	6.28e-41	146
SMa0216	iML1515.b3749	35.3	238	151	1	7	244	4	238	2.17e-39	142
SMa0216	iNF517.LLMG_RS04060	32.9	237	156	1	8	244	3	236	3.73e-39	141
SMa0216	iLJ478.TM0115	31.6	250	149	2	7	244	14	253	5.28e-39	141
SMa0216	STM_v1_0.STM3882	34.9	238	152	1	7	244	4	238	8.07e-39	140
SMa0216	iCN900.CD630_15870	33.6	235	153	2	7	241	4	235	1.50e-38	139
SMa0216	iYL1228.KPN_04154	34.0	238	154	1	7	244	4	238	5.77e-38	138
SMa0217	iML1515.b1514	38.7	274	166	2	75	348	30	301	3.99e-47	162
SMa0217	iSF_1195.SF1584	38.3	274	167	2	75	348	30	301	5.59e-47	162
SMa0217	iPC815.YPO0411	35.0	309	193	3	40	348	1	301	2.34e-42	150
SMa0217	iLJ478.TM0955	37.1	291	167	6	75	352	38	325	2.17e-41	147
SMa0218	iLJ478.TM0114	29.2	253	169	6	42	290	44	290	8.56e-19	85.1
SMa0220	iYO844.BSU19310	43.0	481	270	4	17	496	16	493	1.37e-124	372
SMa0220	iYO844.BSU31060	40.1	486	284	4	23	503	5	488	5.34e-120	360
SMa0220	iPC815.YPO1166	41.7	487	272	7	19	497	2	484	6.75e-118	355
SMa0220	iJN1463.PP_5278	40.9	491	272	6	16	496	15	497	1.67e-114	347
SMa0220	iMM904.YER073W	38.2	477	291	4	23	499	46	518	2.09e-112	342
SMa0220	iCHOv1.100768367	40.4	495	288	7	8	498	34	525	7.46e-112	341
SMa0220	iCHOv1.100768654	40.2	495	289	7	8	498	4	495	6.09e-112	340
SMa0224	iYO844.BSU03070	25.6	403	294	5	27	426	22	421	1.17e-23	103
SMa0226	iCN718.ABAYE_RS07200	31.5	273	160	9	80	325	157	429	7.26e-25	103
SMa0228	iAF987.Gmet_1186	69.7	446	134	1	3	448	6	450	4.50e-235	649
SMa0233	iYL1228.KPN_02392	46.8	455	238	3	1	455	1	451	7.58e-146	424
SMa0233	STM_v1_0.STM1928	47.1	456	234	4	1	455	1	450	9.58e-144	419
SMa0233	iML1515.b1896	46.2	455	241	3	1	455	1	451	3.98e-143	417
SMa0233	iSDY_1059.SDY_1193	46.2	455	241	3	1	455	1	451	3.98e-143	417
SMa0233	iSSON_1240.SSON_1221	46.2	455	241	3	1	455	1	451	3.98e-143	417
SMa0235	iCN718.ABAYE_RS09215	61.7	595	225	2	1	592	1	595	7.95e-271	752
SMa0237	iCN718.ABAYE_RS09240	42.3	286	164	1	6	290	3	288	4.13e-68	213
SMa0237	iJN1463.PP_4299	43.6	287	158	4	6	289	3	288	9.19e-60	192
SMa0241	iJN1463.PP_3129	24.1	320	198	12	1	295	1	300	1.37e-08	55.1
SMa0241	iYO844.BSU38860	26.0	346	198	16	1	314	1	320	8.36e-08	52.8
SMa0244	iMM904.YDL178W	39.4	464	265	4	21	475	70	526	3.19e-104	320
SMa0249	STM_v1_0.STM3671	37.1	143	90	0	10	152	3	145	9.23e-23	88.6
SMa0249	iML1515.b3577	33.6	143	95	0	10	152	3	145	4.36e-20	81.6
SMa0250	STM_v1_0.STM3672	54.4	425	194	0	1	425	1	425	2.17e-151	435
SMa0250	iML1515.b3578	53.4	425	198	0	1	425	1	425	4.07e-149	429
SMa0252	iML1515.b3579	38.5	247	152	0	47	293	45	291	7.51e-52	174
SMa0252	STM_v1_0.STM3673	37.7	247	154	0	47	293	45	291	2.94e-51	172
SMa0257	iJN1463.PP_0310	25.7	709	459	22	7	672	3	686	4.01e-48	180
SMa0259	iCHOv1.100773211	34.0	238	142	4	39	268	86	316	1.41e-32	122
SMa0260	iYL1228.KPN_00256	48.2	477	243	2	12	485	5	480	6.54e-158	456
SMa0260	iML1515.b2661	48.8	467	235	2	22	485	15	480	1.86e-157	455
SMa0260	STM_v1_0.STM2791	48.4	477	242	2	12	485	5	480	1.86e-157	455
SMa0260	iAF987.Gmet_3395	49.4	468	233	2	21	485	15	481	5.65e-157	454
SMa0260	iSSON_1240.SSON_2805	48.6	467	236	2	22	485	15	480	7.49e-157	454
SMa0260	iJN1463.PP_0213	48.0	477	242	3	12	485	5	478	1.30e-154	448
SMa0260	iMM1415.214579	47.9	466	239	3	21	482	52	517	7.64e-146	427
SMa0260	iCN718.ABAYE_RS11770	46.2	474	247	3	14	482	7	477	1.44e-144	422
SMa0260	iAT_PLT_636.7915	46.7	486	242	4	14	482	57	542	1.55e-143	422
SMa0260	iCN718.ABAYE_RS14730	44.9	468	254	2	21	485	15	481	8.00e-141	413
SMa0263	iHN637.CLJU_RS17680	31.4	389	233	7	4	382	3	367	1.08e-51	177
SMa0263	iCN718.ABAYE_RS07975	32.8	378	227	6	12	378	11	372	2.70e-48	168
SMa0263	iMM904.YGL256W	34.5	336	201	3	33	364	34	354	2.63e-47	165
SMa0263	STM_v1_0.STM2461	34.1	393	230	7	6	390	23	394	6.86e-47	164
SMa0263	iSbBS512_1146.SbBS512_E4004	34.4	334	190	4	33	355	33	348	5.26e-47	164
SMa0263	iYO844.BSU31050	33.5	391	231	7	1	379	10	383	4.23e-46	162
SMa0263	iML1515.b3589	34.1	334	191	4	33	355	33	348	2.80e-46	162
SMa0263	iSF_1195.SF3627	34.1	334	191	4	33	355	33	348	1.49e-45	160
SMa0263	iHN637.CLJU_RS19680	30.7	401	237	10	10	393	7	383	4.51e-45	159
SMa0265	iHN637.CLJU_RS02910	34.2	257	155	2	8	250	11	267	6.72e-41	146
SMa0265	iML1515.b0517	32.3	316	203	6	20	328	20	331	9.74e-40	142
SMa0265	STM_v1_0.STM0528	30.4	335	222	6	1	328	1	331	9.74e-40	142
SMa0265	iJN1463.PP_3591	33.5	281	178	4	1	275	1	278	1.06e-36	134
SMa0270	iSbBS512_1146.SbBS512_E3955	41.3	496	277	6	24	507	8	501	4.46e-123	370
SMa0270	iML1515.b3567	41.3	496	277	6	24	507	8	501	8.90e-123	369
SMa0270	iPC815.YPO4036	42.8	493	266	7	28	507	12	501	1.62e-122	369
SMa0270	iSF_1195.SF3611	40.9	496	279	6	24	507	8	501	1.41e-121	366
SMa0270	iPC815.YPO3964	41.8	481	280	0	28	508	14	494	1.66e-121	366
SMa0270	iCN900.CD630_03010	38.6	487	296	3	26	510	11	496	4.64e-120	362
SMa0270	iYL1228.KPN_03931	41.3	496	277	6	24	507	8	501	2.81e-118	358
SMa0270	iHN637.CLJU_RS00620	38.8	490	296	3	24	510	9	497	2.88e-114	347
SMa0270	iYL1228.KPN_04154	39.8	502	297	5	19	518	3	501	8.60e-114	346
SMa0270	iYO844.BSU35940	37.0	484	303	2	28	510	10	492	3.79e-113	344
SMa0270	iLJ478.TM0956	40.0	498	287	6	21	507	13	509	2.62e-112	343
SMa0270	STM_v1_0.STM3882	40.0	502	296	5	19	518	3	501	5.38e-112	341
SMa0270	iML1515.b3749	39.4	502	299	5	19	518	3	501	1.69e-110	337
SMa0270	iLJ478.TM0115	39.0	497	293	4	21	508	15	510	2.34e-109	335
SMa0270	iJN1463.PP_2455	40.8	493	287	4	21	510	17	507	3.71e-109	335
SMa0271	iLJ478.TM0955	40.4	307	173	7	25	326	23	324	2.25e-50	170
SMa0271	iNF517.LLMG_RS04065	34.1	308	191	5	18	323	7	304	7.78e-50	168
SMa0271	iLJ478.TM0112	37.9	309	170	8	21	322	12	305	2.40e-49	167
SMa0271	iYO844.BSU35950	36.7	308	181	6	22	326	22	318	5.83e-48	163
SMa0271	iHN637.CLJU_RS00625	37.9	306	161	7	26	322	26	311	2.50e-46	159
SMa0271	iCN900.CD630_03020	36.2	298	179	4	26	322	31	318	2.54e-44	154
SMa0271	iML1515.b3750	37.0	303	175	5	26	323	24	315	1.95e-44	154
SMa0273	iLJ478.TM0958	26.6	304	201	8	24	314	21	315	4.80e-20	88.6
SMa0273	iYO844.BSU35960	29.7	195	131	6	69	262	71	260	1.85e-19	86.7
SMa0279	iPC815.YPO3781	33.3	105	64	2	36	134	66	170	9.81e-08	50.4
SMa0279	iYS854.USA300HOU_RS07520	30.3	122	78	3	20	134	32	153	1.71e-07	49.7
SMa0279	iML1515.b3833	32.4	111	68	3	31	134	60	170	2.46e-07	49.3
SMa0279	iYL1228.KPN_04329	32.4	111	68	3	31	134	60	170	2.46e-07	49.3
SMa0279	iSbBS512_1146.SbBS512_E4305	32.4	111	68	3	31	134	60	170	2.46e-07	49.3
SMa0279	iSDY_1059.SDY_3910	32.4	111	68	3	31	134	60	170	2.46e-07	49.3
SMa0279	iSF_1195.SF3911	32.4	111	68	3	31	134	60	170	2.46e-07	49.3
SMa0279	iSSON_1240.SSON_4008	32.4	111	68	3	31	134	60	170	2.46e-07	49.3
SMa0279	STM_v1_0.STM3970	31.5	111	69	3	31	134	60	170	8.30e-07	47.8
SMa0279	iSynCJ816.SGL_RS03195	33.0	106	63	3	36	134	55	159	1.05e-06	47.4
SMa0280	iSynCJ816.SGL_RS06795	35.2	71	44	2	25	93	14	84	4.46e-07	46.6
SMa0280	iPC815.YPO0066	39.7	73	37	3	25	93	11	80	5.34e-07	46.2
SMa0280	iML1515.b0849	36.4	66	32	2	26	82	11	75	2.78e-06	44.3
SMa0280	iSbBS512_1146.SbBS512_E2483	36.4	66	32	2	26	82	11	75	2.78e-06	44.3
SMa0280	iSDY_1059.SDY_0746	36.4	66	32	2	26	82	11	75	2.78e-06	44.3
SMa0280	iSF_1195.SF3649	37.0	73	39	2	25	93	11	80	2.65e-06	44.3
SMa0280	iSF_1195.SF0802	36.4	66	32	2	26	82	11	75	2.78e-06	44.3
SMa0280	iSSON_1240.SSON_0834	36.4	66	32	2	26	82	11	75	2.78e-06	44.3
SMa0280	iYL1228.KPN_03954	37.8	74	37	3	25	93	11	80	3.64e-06	43.9
SMa0280	iML1515.b3610	37.0	73	39	2	25	93	11	80	4.99e-06	43.5
SMa0280	iSbBS512_1146.SbBS512_E4038	37.0	73	39	2	25	93	11	80	4.99e-06	43.5
SMa0280	iSDY_1059.SDY_4043	37.0	73	39	2	25	93	11	80	4.99e-06	43.5
SMa0280	iSSON_1240.SSON_3795	37.0	73	39	2	25	93	11	80	4.99e-06	43.5
SMa0298	iEK1008.Rv1281c	37.6	466	260	12	1	447	1	454	8.18e-71	239
SMa0298	iLJ478.TM1749	41.8	318	178	5	1	313	1	316	1.46e-72	235
SMa0298	STM_v1_0.STM3627	40.1	314	183	3	4	313	3	315	3.58e-70	229
SMa0298	iSSON_1240.SSON_3849	39.8	314	184	3	4	313	3	315	3.58e-70	229
SMa0298	iML1515.b3541	39.8	314	184	3	4	313	3	315	1.38e-69	228
SMa0298	iSF_1195.SF3576	39.8	314	184	3	4	313	3	315	1.38e-69	228
SMa0298	iSDY_1059.SDY_4564	39.2	314	186	3	4	313	3	315	7.48e-69	226
SMa0298	iPC815.YPO4000	41.8	304	171	4	4	302	3	305	1.02e-68	225
SMa0298	iYL1228.KPN_03896	39.2	314	186	3	4	313	3	315	7.92e-68	223
SMa0298	STM_v1_0.STM1743	39.5	319	180	6	4	315	17	329	3.85e-67	221
SMa0298	iML1515.b0829	34.9	455	238	12	3	447	11	417	1.03e-63	220
SMa0298	iSbBS512_1146.SbBS512_E1415	39.2	319	181	6	4	315	19	331	1.57e-66	220
SMa0298	iSDY_1059.SDY_1304	39.7	307	173	5	4	303	19	320	1.57e-66	220
SMa0298	iSF_1195.SF1247	39.7	307	173	5	4	303	19	320	1.57e-66	220
SMa0298	iSSON_1240.SSON_1934	39.7	307	173	5	4	303	19	320	1.57e-66	220
SMa0298	iML1515.b1246	39.7	307	173	5	4	303	19	320	2.19e-66	219
SMa0298	iYO844.BSU12950	36.4	319	195	5	1	313	1	317	2.90e-66	219
SMa0298	iYL1228.KPN_02194	39.2	319	181	6	4	315	19	331	4.30e-66	219
SMa0298	iSDY_1059.SDY_0758	34.8	454	238	12	4	447	1	406	4.32e-63	218
SMa0298	iJN1463.PP_0879	42.5	299	164	6	3	296	2	297	5.44e-66	218
SMa0298	iJN1463.PP_4150	36.8	454	200	12	2	447	4	378	1.24e-63	218
SMa0298	iSSON_1240.SSON_0811	34.8	454	238	12	4	447	1	406	6.00e-63	218
SMa0298	iSbBS512_1146.SbBS512_E2519	34.3	455	241	12	3	447	11	417	7.23e-62	215
SMa0299	iJN1463.PP_0880	35.9	223	139	1	61	283	78	296	7.08e-41	143
SMa0299	iSSON_1240.SSON_1639	31.5	289	185	5	5	287	8	289	1.34e-37	134
SMa0299	iML1515.b1485	29.8	289	190	4	5	287	8	289	5.18e-37	133
SMa0299	iYL1228.KPN_03897	33.0	261	165	2	29	283	34	290	7.59e-37	132
SMa0299	STM_v1_0.STM3628	34.1	264	160	3	30	283	31	290	7.59e-37	132
SMa0299	iSDY_1059.SDY_4565	33.7	261	163	2	29	283	34	290	1.49e-36	132
SMa0299	iML1515.b3542	33.3	261	164	2	29	283	34	290	1.57e-35	129
SMa0300	iML1515.b0831	36.2	298	182	2	17	314	15	304	6.86e-56	183
SMa0300	iSDY_1059.SDY_0756	36.2	298	182	2	17	314	15	304	6.86e-56	183
SMa0300	iSSON_1240.SSON_0813	36.2	298	182	2	17	314	15	304	6.86e-56	183
SMa0300	iSF_1195.SF0781	36.2	298	182	2	17	314	15	304	1.36e-55	182
SMa0300	iYL1228.KPN_00864	36.2	298	182	2	17	314	15	304	3.81e-55	181
SMa0300	iSbBS512_1146.SbBS512_E2517	35.9	298	183	2	17	314	15	304	1.07e-54	180
SMa0300	STM_v1_0.STM0850	35.9	298	183	2	17	314	15	304	2.34e-53	176
SMa0302	iPC815.YPO4003	25.3	502	320	16	33	490	29	519	1.34e-37	144
SMa0302	iYL1228.KPN_00863	25.4	511	356	9	11	505	11	512	4.90e-37	142
SMa0302	iML1515.b3544	26.3	502	315	17	33	490	29	519	1.63e-36	141
SMa0302	iSDY_1059.SDY_4567	26.3	502	315	17	33	490	29	519	1.63e-36	141
SMa0302	iSF_1195.SF3579	26.3	502	315	17	33	490	29	519	1.63e-36	141
SMa0302	iYL1228.KPN_03899	25.6	496	326	15	33	490	20	510	2.00e-36	141
SMa0302	iSSON_1240.SSON_3846	26.3	502	315	17	33	490	29	519	3.03e-36	140
SMa0302	iSDY_1059.SDY_0757	25.4	484	338	7	22	490	21	496	4.32e-36	140
SMa0302	iSDY_1059.SDY_1301	28.7	541	319	22	2	492	6	529	8.39e-36	139
SMa0302	iSF_1195.SF1244	28.7	541	319	22	2	492	6	529	8.39e-36	139
SMa0302	iSbBS512_1146.SbBS512_E2518	25.4	484	338	7	22	490	21	496	8.08e-36	139
SMa0302	iML1515.b0830	25.4	484	338	7	22	490	21	496	1.10e-35	139
SMa0302	iJN1463.PP_0882	26.5	533	342	17	1	493	9	531	1.58e-35	139
SMa0302	iSSON_1240.SSON_0812	25.4	484	338	7	22	490	21	496	1.10e-35	139
SMa0302	iSF_1195.SF0780	25.4	484	338	7	22	490	21	496	2.06e-35	138
SMa0302	iML1515.b1243	28.7	541	319	22	2	492	6	529	3.95e-35	137
SMa0302	STM_v1_0.STM0849	24.9	461	327	6	45	490	40	496	2.81e-35	137
SMa0302	iSSON_1240.SSON_1937	28.5	541	320	22	2	492	6	529	9.97e-35	136
SMa0302	iSbBS512_1146.SbBS512_E1412	28.5	530	316	21	2	485	6	518	2.51e-34	135
SMa0306	iHN637.CLJU_RS10535	29.3	515	328	9	22	532	1	483	2.06e-61	210
SMa0306	iYO844.BSU39350	28.1	523	343	8	25	544	2	494	5.95e-58	201
SMa0306	STM_v1_0.STM0791	27.6	503	326	7	48	544	28	498	5.76e-55	192
SMa0306	iCN718.ABAYE_RS00935	27.9	505	326	9	46	544	25	497	6.44e-54	190
SMa0306	iJN1463.PP_5032	28.8	503	322	9	48	545	28	499	1.19e-53	189
SMa0316	iNF517.LLMG_RS11185	40.8	120	67	2	284	403	7	122	6.67e-21	87.4
SMa0320	iMM904.YMR226C	38.1	247	145	5	7	247	14	258	1.15e-39	137
SMa0320	STM_v1_0.STM1511	35.9	245	148	4	8	249	2	240	8.50e-38	132
SMa0320	iSDY_1059.SDY_1586	33.5	245	154	4	8	249	2	240	6.61e-37	130
SMa0320	iYS854.USA300HOU_RS06185	35.5	228	144	3	7	233	3	228	8.41e-37	129
SMa0320	iML1515.b1539	33.9	245	153	4	8	249	2	240	1.31e-36	129
SMa0320	iSSON_1240.SSON_1589	33.9	245	153	4	8	249	2	240	1.31e-36	129
SMa0320	iSF_1195.SF1556	33.5	245	154	4	8	249	2	240	3.64e-36	128
SMa0320	iSbBS512_1146.SbBS512_E1701	33.9	245	153	4	8	249	2	240	7.21e-36	127
SMa0320	iJN1463.PP_4862	36.1	241	149	5	11	249	7	244	1.65e-35	126
SMa0320	iYL1228.KPN_01590	33.5	245	154	4	8	249	2	240	8.03e-35	124
SMa0322	iSynCJ816.SGL_RS13365	22.7	97	73	1	43	139	43	137	3.26e-05	42.0
SMa0326	iCHOv1.100773401	36.6	191	114	4	6	189	5	195	4.65e-27	106
SMa0326	iMM1415.235033	35.7	196	118	5	1	189	1	195	9.72e-26	103
SMa0326	iCHOv1.100774340	36.9	187	107	5	7	183	56	241	2.00e-25	102
SMa0326	iCN718.ABAYE_RS09790	35.3	184	114	1	7	185	8	191	9.52e-26	102
SMa0326	iMM1415.71911	35.8	187	109	5	7	183	56	241	7.32e-25	101
SMa0326	iAF987.Gmet_1601	37.5	184	110	2	7	185	6	189	1.90e-25	100
SMa0326	iYS854.USA300HOU_RS06185	37.3	177	105	3	10	180	6	182	3.54e-25	100
SMa0326	iMM1415.15485	36.5	200	98	5	5	185	2	191	3.75e-24	99.4
SMa0326	iHN637.CLJU_RS20765	34.9	192	119	2	1	186	1	192	1.45e-24	98.6
SMa0326	iCN900.CD630_11820	32.3	186	120	3	7	186	7	192	2.87e-24	97.8
SMa0326	iCHOv1.100772460	33.9	180	112	5	11	185	33	210	1.32e-23	97.4
SMa0326	iHN637.CLJU_RS17225	36.6	186	112	1	7	186	9	194	5.67e-24	97.1
SMa0326	iMM1415.19682	33.9	180	112	5	11	185	33	210	3.49e-23	96.3
SMa0329	iLJ478.TM1724	36.1	244	148	4	4	241	2	243	3.80e-40	138
SMa0329	iYS854.USA300HOU_RS06185	38.4	242	140	5	8	242	3	242	7.87e-39	135
SMa0329	iYL1228.KPN_01091	36.4	242	147	4	5	242	3	241	4.36e-38	133
SMa0329	iML1515.b1093	36.4	242	147	4	5	242	3	241	8.63e-38	132
SMa0329	iSbBS512_1146.SbBS512_E2231	36.4	242	147	4	5	242	3	241	8.63e-38	132
SMa0329	iSDY_1059.SDY_2057	36.4	242	147	4	5	242	3	241	8.63e-38	132
SMa0329	iSF_1195.SF1097	36.4	242	147	4	5	242	3	241	8.63e-38	132
SMa0329	iSSON_1240.SSON_1113	36.4	242	147	4	5	242	3	241	8.63e-38	132
SMa0329	STM_v1_0.STM1195	36.4	242	147	4	5	242	3	241	1.21e-37	132
SMa0329	iPC815.YPO1599	36.4	242	147	4	5	242	3	241	3.39e-37	130
SMa0329	iEK1008.Rv1350	35.7	252	145	7	1	242	1	245	5.14e-37	130
SMa0329	iAF987.Gmet_1531	36.3	245	147	5	5	243	4	245	1.07e-36	129
SMa0329	iHN637.CLJU_RS20765	35.5	242	147	4	8	242	7	246	6.24e-35	125
SMa0329	iAF987.Gmet_1601	38.1	244	143	4	5	242	3	244	5.94e-35	125
SMa0335	iAF987.Gmet_1601	39.4	249	143	4	7	254	3	244	3.44e-39	136
SMa0335	iAF987.Gmet_1694	39.3	252	137	6	9	255	5	245	4.72e-39	135
SMa0335	iYO844.BSU03930	34.8	250	157	3	7	254	5	250	1.53e-37	132
SMa0335	iCN900.CD630_11820	36.9	252	148	5	7	255	4	247	3.15e-37	131
SMa0335	iCN900.CD630_25770	33.7	249	150	5	10	253	4	242	2.85e-37	131
SMa0335	iEK1008.Rv1928c	35.3	258	155	5	1	253	1	251	3.07e-35	126
SMa0335	iYO844.BSU15910	34.7	251	157	4	6	255	1	245	3.46e-35	125
SMa0335	iLJ478.TM1724	37.6	250	148	5	7	255	3	245	4.86e-35	125
SMa0335	iHN637.CLJU_RS20765	34.5	252	158	4	5	255	2	247	2.80e-34	123
SMa0339	iLJ478.TM1724	40.7	246	140	3	8	252	6	246	4.49e-43	146
SMa0339	iCN718.ABAYE_RS09790	38.1	260	151	2	1	251	1	259	1.04e-41	143
SMa0339	iCN900.CD630_26790	35.8	257	155	2	4	251	1	256	4.54e-39	136
SMa0339	iEK1008.Rv1928c	37.7	247	146	4	8	251	12	253	1.65e-38	134
SMa0339	iHN637.CLJU_RS20765	36.1	252	152	4	4	252	3	248	5.42e-38	133
SMa0340	iML1515.b1004	63.1	198	70	3	1	197	1	196	2.82e-72	217
SMa0340	iAF987.Gmet_0771	56.5	200	82	2	3	197	2	201	7.23e-69	208
SMa0346	iML1515.b0046	36.4	176	103	4	19	193	3	170	1.61e-22	89.4
SMa0369	iJN1463.PP_1144	44.1	68	38	0	15	82	647	714	5.37e-14	65.1
SMa0369	iJN1463.PP_0914	47.1	68	36	0	15	82	617	684	1.36e-13	63.9
SMa0369	iJN1463.PP_3581	49.2	59	30	0	15	73	619	677	6.49e-13	62.0
SMa0369	iAF987.Gmet_3085	42.4	66	38	0	15	80	818	883	1.23e-12	61.2
SMa0369	iAF987.Gmet_0700	41.8	67	39	0	15	81	752	818	1.22e-12	61.2
SMa0369	iAF987.Gmet_0987	39.7	68	41	0	15	82	718	785	1.67e-12	60.8
SMa0380	iYS854.USA300HOU_RS03790	34.8	92	52	4	39	126	3	90	2.14e-05	47.0
SMa0380	iCN900.CD630_20830	37.5	64	33	2	41	104	4	60	3.79e-04	43.1
SMa0380	iYL1228.KPN_00792	34.8	89	46	4	40	121	9	92	3.54e-04	43.1
SMa0383	iYS854.USA300HOU_RS11805	24.6	378	267	9	32	401	15	382	1.15e-10	63.2
SMa0387	iYO844.BSU22620	36.4	360	225	4	8	366	3	359	1.23e-73	232
SMa0387	iCN900.CD630_22000	33.4	359	232	3	8	366	6	357	5.56e-67	215
SMa0389	iML1515.b2842	42.2	249	141	3	6	253	6	252	3.35e-56	180
SMa0389	iYO844.BSU22140	43.4	249	135	3	6	252	8	252	2.47e-53	172
SMa0389	iAF987.Gmet_1601	40.8	245	143	1	6	250	1	243	1.96e-53	172
SMa0389	iJN1463.PP_2794	44.2	251	134	3	5	254	8	253	8.05e-52	169
SMa0389	iYO844.BSU15910	41.0	244	141	2	8	250	2	243	2.21e-49	162
SMa0389	STM_v1_0.STM4483	34.7	251	164	0	5	255	4	254	2.77e-49	162
SMa0391	iJN1463.PP_0411	45.1	344	178	5	29	369	26	361	4.21e-89	273
SMa0391	iLJ478.TM1376	40.5	363	211	2	17	376	4	364	1.78e-86	266
SMa0391	iPC815.YPO2846	42.7	363	193	7	19	376	5	357	8.09e-86	264
SMa0391	iCN900.CD630_10240	50.6	243	120	0	19	261	6	248	5.36e-80	248
SMa0391	iYS854.USA300HOU_RS05485	50.8	242	119	0	19	260	5	246	1.26e-79	248
SMa0391	iJN1463.PP_3817	39.3	369	196	5	19	375	15	367	1.69e-78	246
SMa0392	iML1515.b1123	24.2	298	206	9	27	318	11	294	1.49e-09	58.5
SMa0392	iSDY_1059.SDY_2029	24.2	298	206	9	27	318	11	294	1.49e-09	58.5
SMa0392	iSF_1195.SF1125	24.2	298	206	9	27	318	11	294	1.49e-09	58.5
SMa0392	iSSON_1240.SSON_1141	23.8	298	207	9	27	318	11	294	4.71e-09	57.0
SMa0392	iJN1463.PP_5181	25.4	327	200	15	56	351	32	345	6.67e-09	56.6
SMa0392	STM_v1_0.STM1222	23.2	302	204	9	27	318	11	294	6.29e-09	56.6
SMa0392	iSbBS512_1146.SbBS512_E2202	23.8	298	207	9	27	318	11	294	1.99e-08	55.1
SMa0392	iYL1228.KPN_01129	21.2	269	199	6	56	318	33	294	8.37e-08	53.1
SMa0394	iHN637.CLJU_RS10675	34.2	231	148	3	75	303	53	281	4.22e-33	123
SMa0394	iCN900.CD630_10250	34.6	217	140	2	74	290	40	254	6.70e-32	119
SMa0394	STM_v1_0.STM1225	35.0	240	150	5	59	295	33	269	2.31e-29	113
SMa0394	iML1515.b1125	34.6	240	151	5	59	295	23	259	3.51e-29	112
SMa0394	iSDY_1059.SDY_2027	34.6	240	151	5	59	295	23	259	3.51e-29	112
SMa0394	iSF_1195.SF1127	34.6	240	151	5	59	295	23	259	3.51e-29	112
SMa0394	iSSON_1240.SSON_1143	34.6	240	151	5	59	295	23	259	3.51e-29	112
SMa0394	iLJ478.TM1377	35.0	200	125	2	102	301	62	256	2.65e-29	112
SMa0394	iYL1228.KPN_01926	31.7	281	174	8	20	286	12	288	9.56e-29	112
SMa0394	iYL1228.KPN_01131	33.6	223	144	3	75	295	48	268	1.16e-28	111
SMa0396	iJN1463.PP_0414	31.7	240	164	0	19	258	25	264	1.45e-31	117
SMa0398	iSynCJ816.SGL_RS04465	48.2	421	217	1	24	444	8	427	7.14e-124	367
SMa0400	iJN1463.PP_0552	31.6	351	220	5	1	333	9	357	3.02e-44	155
SMa0400	iYO844.BSU06150	28.9	346	228	7	1	333	9	349	1.10e-40	145
SMa0404	iPC815.YPO1569	42.1	368	203	4	1	363	1	363	5.86e-92	280
SMa0404	STM_v1_0.STM3694	41.4	374	211	3	1	370	1	370	3.30e-89	274
SMa0404	iML1515.b3605	40.6	374	214	3	1	370	1	370	3.71e-88	271
SMa0404	iSbBS512_1146.SbBS512_E4031	40.6	374	214	3	1	370	1	370	3.71e-88	271
SMa0404	iSDY_1059.SDY_4038	40.6	374	214	3	1	370	1	370	3.71e-88	271
SMa0404	iSF_1195.SF3644	40.6	374	214	3	1	370	1	370	3.71e-88	271
SMa0404	iSSON_1240.SSON_3800	40.6	374	214	3	1	370	1	370	3.71e-88	271
SMa0404	iCN718.ABAYE_RS18840	39.9	376	218	3	1	372	1	372	2.25e-86	266
SMa0404	iYL1228.KPN_03949	40.1	374	216	3	1	370	1	370	4.94e-85	263
SMa0404	iJN1463.PP_4736	39.3	374	219	3	1	370	1	370	3.77e-84	260
SMa0464	iSynCJ816.SGL_RS03900	34.5	174	106	4	30	196	439	611	1.19e-18	91.3
SMa0466	iYL1228.KPN_00863	26.3	448	305	7	61	499	49	480	1.32e-36	142
SMa0466	STM_v1_0.STM0849	26.0	447	308	6	61	499	49	480	2.91e-35	138
SMa0466	iSbBS512_1146.SbBS512_E1750	26.3	501	334	12	26	513	19	497	5.70e-33	131
SMa0466	iML1515.b1487	26.8	466	308	11	59	513	54	497	7.74e-33	131
SMa0466	iSSON_1240.SSON_1637	26.5	501	333	12	26	513	19	497	1.05e-32	130
SMa0466	iYL1228.KPN_03899	26.0	443	281	12	87	499	69	494	1.58e-32	130
SMa0466	iML1515.b0830	25.3	447	311	6	61	499	49	480	2.52e-32	129
SMa0466	iSDY_1059.SDY_0757	25.3	447	311	6	61	499	49	480	2.52e-32	129
SMa0466	iSbBS512_1146.SbBS512_E2518	25.3	447	311	6	61	499	49	480	4.64e-32	129
SMa0466	iSF_1195.SF0780	25.3	447	311	6	61	499	49	480	4.64e-32	129
SMa0466	iSSON_1240.SSON_0812	25.3	447	311	6	61	499	49	480	4.64e-32	129
SMa0467	iYL1228.KPN_00864	41.2	308	175	2	26	333	4	305	5.63e-64	204
SMa0467	iSF_1195.SF0781	39.2	311	183	2	23	333	1	305	6.98e-62	199
SMa0467	iML1515.b0831	39.3	308	181	2	26	333	4	305	1.09e-60	196
SMa0467	STM_v1_0.STM0850	39.0	308	182	2	26	333	4	305	1.09e-60	196
SMa0467	iSDY_1059.SDY_0756	39.3	308	181	2	26	333	4	305	1.09e-60	196
SMa0467	iSSON_1240.SSON_0813	39.3	308	181	2	26	333	4	305	1.09e-60	196
SMa0467	iSbBS512_1146.SbBS512_E2517	39.0	308	182	2	26	333	4	305	1.71e-59	193
SMa0467	iYL1228.KPN_03898	35.1	336	192	1	23	332	1	336	3.33e-58	191
SMa0467	STM_v1_0.STM3629	34.9	338	190	2	23	332	1	336	5.14e-57	187
SMa0467	iML1515.b3543	34.9	338	190	2	23	332	1	336	7.24e-57	187
SMa0467	iSDY_1059.SDY_4566	34.9	338	190	2	23	332	1	336	7.24e-57	187
SMa0467	iSSON_1240.SSON_3847	34.9	338	190	2	23	332	1	336	7.24e-57	187
SMa0467	iSF_1195.SF3578	34.6	338	191	2	23	332	1	336	2.84e-56	186
SMa0469	iAF692.Mbar_A0470	33.9	257	170	0	9	265	34	290	5.86e-44	150
SMa0469	iJN1463.PP_0880	36.5	249	152	1	17	259	48	296	1.26e-39	139
SMa0469	iYL1228.KPN_00865	37.5	253	153	3	8	259	31	279	1.13e-39	139
SMa0469	iJN1463.PP_3344	34.4	250	164	0	13	262	24	273	5.12e-39	137
SMa0469	iSbBS512_1146.SbBS512_E2516	37.7	252	154	3	10	259	43	293	1.21e-38	136
SMa0469	iSSON_1240.SSON_0814	37.7	252	154	3	10	259	43	293	1.21e-38	136
SMa0469	iML1515.b0832	37.3	252	155	3	10	259	43	293	1.70e-38	136
SMa0470	iEK1008.Rv1281c	40.3	610	341	11	8	602	2	603	1.07e-120	370
SMa0470	STM_v1_0.STM0848	38.4	617	295	13	10	602	12	567	1.22e-111	347
SMa0470	iSSON_1240.SSON_0811	38.1	609	308	12	10	602	1	556	2.13e-109	341
SMa0470	iML1515.b0829	38.7	586	294	11	29	602	35	567	4.05e-109	340
SMa0470	iSbBS512_1146.SbBS512_E2519	38.7	586	294	11	29	602	35	567	5.70e-109	340
SMa0470	iSDY_1059.SDY_0758	38.6	611	302	13	10	602	1	556	8.35e-109	339
SMa0470	iYL1228.KPN_00862	39.2	595	289	13	22	602	29	564	1.10e-107	337
SMa0478	iMM904.YOR388C	50.6	346	151	5	52	377	23	368	1.42e-102	308
SMa0478	iYS854.USA300HOU_RS00935	47.0	336	169	5	42	377	8	334	7.69e-99	297
SMa0483	iSynCJ816.SGL_RS08510	36.3	223	133	5	93	307	45	266	1.43e-40	142
SMa0485	iAF987.Gmet_1631	43.2	438	235	6	2	438	1	425	5.77e-115	346
SMa0486	iJN1463.PP_3190	49.2	305	155	0	3	307	2	306	1.59e-93	280
SMa0486	iPC815.YPO4090	44.5	292	162	0	19	310	18	309	2.13e-86	261
SMa0489	iJN1463.PP_1300	67.6	253	82	0	1	253	1	253	2.94e-122	348
SMa0492	iJN1463.PP_0280	43.4	221	125	0	1	221	1	221	4.65e-62	193
SMa0492	iJN1463.PP_4484	44.4	214	119	0	5	218	7	220	6.10e-58	182
SMa0493	iSbBS512_1146.SbBS512_E2686	39.6	217	129	1	4	220	2	216	1.78e-43	145
SMa0493	iML1515.b2308	39.2	217	130	1	4	220	2	216	3.54e-43	145
SMa0493	iSDY_1059.SDY_2507	39.2	217	130	1	4	220	2	216	5.00e-43	144
SMa0493	iSSON_1240.SSON_2366	39.2	217	130	1	4	220	2	216	5.00e-43	144
SMa0493	iYL1228.KPN_02698	40.6	217	127	1	4	220	2	216	1.41e-42	143
SMa0493	STM_v1_0.STM2353	38.7	217	131	1	4	220	2	216	1.99e-42	143
SMa0493	iSF_1195.SF2384	38.7	217	131	1	4	220	2	216	3.96e-42	142
SMa0493	iPC815.YPO2775	39.7	209	120	2	4	210	2	206	1.11e-41	141
SMa0493	iCN718.ABAYE_RS06330	40.6	217	119	2	4	220	11	217	1.27e-40	138
SMa0493	iJN1463.PP_0281	36.7	226	141	1	4	229	5	228	1.31e-40	138
SMa0493	iJN1463.PP_4485	36.8	223	129	3	4	226	10	220	7.12e-40	136
SMa0495	iJN1463.PP_0282	32.2	261	165	3	4	264	1	249	1.15e-45	153
SMa0495	iPC815.YPO2774	33.2	253	160	3	17	267	17	262	9.78e-44	149
SMa0495	STM_v1_0.STM2355	32.7	254	159	3	16	267	17	260	2.59e-43	147
SMa0495	iJN1463.PP_4486	33.1	257	163	2	11	265	7	256	4.12e-42	144
SMa0495	iCN718.ABAYE_RS06325	35.2	267	158	6	4	265	5	261	8.16e-42	144
SMa0495	iML1515.b2310	32.4	259	164	3	11	267	11	260	7.95e-42	144
SMa0495	iML1515.b2309	34.3	248	149	5	21	265	22	258	2.22e-41	142
SMa0495	iSbBS512_1146.SbBS512_E2687	34.3	248	149	5	21	265	22	258	2.22e-41	142
SMa0495	iSDY_1059.SDY_2508	34.3	248	149	5	21	265	22	258	2.22e-41	142
SMa0495	iSSON_1240.SSON_2367	34.3	248	149	5	21	265	22	258	2.22e-41	142
SMa0495	iSbBS512_1146.SbBS512_E2688	31.8	264	167	3	10	267	4	260	3.12e-41	142
SMa0495	iSSON_1240.SSON_2368	31.8	264	167	3	10	267	4	260	3.12e-41	142
SMa0495	iYL1228.KPN_02700	31.1	254	163	3	16	267	4	247	4.40e-41	141
SMa0495	STM_v1_0.STM2354	33.9	239	147	4	30	265	28	258	8.71e-41	141
SMa0495	iSDY_1059.SDY_2509	31.7	259	166	3	11	267	11	260	3.41e-40	139
SMa0501	iCN900.CD630_07510	36.2	210	123	3	1	203	3	208	1.09e-36	128
SMa0501	iYS854.USA300HOU_RS09930	36.8	204	128	1	8	210	272	475	1.29e-32	122
SMa0501	iML1515.b0810	32.7	208	138	1	5	210	3	210	8.84e-34	120
SMa0501	iSDY_1059.SDY_0786	32.7	208	138	1	5	210	3	210	8.84e-34	120
SMa0501	iSF_1195.SF0761	32.7	208	138	1	5	210	3	210	8.84e-34	120
SMa0501	iSSON_1240.SSON_0790	32.7	208	138	1	5	210	3	210	8.84e-34	120
SMa0501	iSbBS512_1146.SbBS512_E2538	32.2	208	139	1	5	210	3	210	1.24e-33	120
SMa0501	iSynCJ816.SGL_RS07090	37.4	211	114	6	10	206	303	509	1.67e-30	117
SMa0501	iJN1463.PP_0226	40.4	188	110	2	15	201	14	200	4.10e-32	116
SMa0503	iCN900.CD630_07510	33.0	200	125	2	19	210	22	220	1.66e-32	117
SMa0503	iYS854.USA300HOU_RS09930	33.8	201	132	1	11	210	280	480	3.05e-29	113
SMa0503	iML1515.b1918	32.5	200	135	0	11	210	14	213	1.84e-30	111
SMa0503	iJN1463.PP_0226	32.0	200	136	0	11	210	15	214	2.17e-28	106
SMa0506	iML1515.b1920	32.6	227	150	2	30	254	34	259	5.90e-32	118
SMa0506	STM_v1_0.STM1954	30.0	257	172	3	12	261	11	266	1.22e-30	114
SMa0506	STM_v1_0.STM0887	32.0	225	147	4	34	254	18	240	1.14e-28	108
SMa0508	iNF517.LLMG_RS09720	56.3	231	101	0	8	238	11	241	2.63e-87	258
SMa0508	iYL1228.KPN_00838	54.3	232	106	0	7	238	5	236	3.69e-83	248
SMa0508	iYO844.BSU27430	51.3	236	115	0	3	238	1	236	2.26e-82	246
SMa0508	iNF517.LLMG_RS09915	52.5	236	112	0	3	238	5	240	1.38e-81	244
SMa0508	iJN1463.PP_0225	53.0	247	110	1	3	243	1	247	2.54e-81	243
SMa0508	STM_v1_0.STM0828	52.6	232	110	0	7	238	5	236	2.44e-81	243
SMa0508	iSynCJ816.SGL_RS08035	55.8	233	100	1	9	238	14	246	5.11e-81	243
SMa0508	iCN900.CD630_07520	51.3	236	115	0	3	238	1	236	1.40e-80	241
SMa0508	iYO844.BSU23960	52.1	236	113	0	3	238	1	236	3.23e-79	238
SMa0508	iSDY_1059.SDY_0787	51.7	232	112	0	7	238	5	236	1.30e-78	236
SMa0508	iSSON_1240.SSON_0789	51.7	232	112	0	7	238	5	236	1.85e-78	236
SMa0508	iML1515.b0809	51.7	232	112	0	7	238	5	236	2.62e-78	235
SMa0508	iSbBS512_1146.SbBS512_E2539	51.7	232	112	0	7	238	5	236	2.62e-78	235
SMa0508	iPC815.YPO2514	52.6	232	110	0	7	238	5	236	2.62e-78	235
SMa0508	iYS854.USA300HOU_RS13040	52.9	238	111	1	3	239	1	238	4.09e-78	235
SMa0508	iYS854.USA300HOU_RS09925	49.6	238	120	0	1	238	1	238	1.13e-77	234
SMa0508	iYO844.BSU03590	50.2	241	116	1	3	239	1	241	1.88e-77	233
SMa0508	iPC815.YPO2777	51.6	246	107	3	9	242	19	264	3.34e-77	233
SMa0508	iML1515.b1917	52.5	244	110	1	1	238	1	244	2.93e-77	233
SMa0508	iYL1228.KPN_02696	50.2	247	111	2	8	242	10	256	5.20e-77	233
SMa0508	iSF_1195.SF0760	51.3	232	113	0	7	238	5	236	3.01e-77	233
SMa0510	iJN1463.PP_3376	41.0	268	148	6	53	310	48	315	5.78e-54	178
SMa0512	iML1515.b4267	42.9	343	189	5	2	342	6	343	4.26e-86	263
SMa0512	iSSON_1240.SSON_4452	42.3	343	191	5	2	342	6	343	1.54e-83	256
SMa0512	STM_v1_0.STM4484	41.1	343	195	5	2	342	6	343	4.93e-82	252
SMa0513	iPC815.YPO2539	51.8	251	117	1	5	251	4	254	2.75e-83	249
SMa0513	iSSON_1240.SSON_4451	49.6	252	123	1	4	251	3	254	3.14e-77	233
SMa0513	iML1515.b4266	49.2	252	124	1	4	251	3	254	1.27e-76	232
SMa0513	STM_v1_0.STM4483	48.4	252	126	1	4	251	3	254	2.92e-75	228
SMa0514	iJN1463.PP_3416	49.7	157	75	2	10	163	8	163	9.70e-41	135
SMa0514	iPC815.YPO3953	47.2	159	79	3	6	160	2	159	3.14e-39	130
SMa0514	iML1515.b3437	46.8	154	77	3	11	160	12	164	1.27e-37	127
SMa0514	STM_v1_0.STM3542	46.8	154	77	3	11	160	12	164	1.35e-37	127
SMa0514	iML1515.b4268	49.0	147	68	4	11	152	7	151	3.57e-37	126
SMa0514	iSSON_1240.SSON_4453	49.0	147	68	4	11	152	7	151	3.57e-37	126
SMa0514	iYL1228.KPN_03801	47.1	155	75	4	11	160	27	179	7.99e-37	125
SMa0514	iSbBS512_1146.SbBS512_E3888	46.8	154	77	3	11	160	12	164	5.11e-37	125
SMa0514	iSF_1195.SF3459	46.1	152	77	3	13	160	1	151	4.99e-37	125
SMa0514	STM_v1_0.STM4485	47.0	151	75	3	11	157	7	156	1.05e-36	124
SMa0514	iSDY_1059.SDY_3588	46.1	152	77	3	13	160	1	151	1.41e-36	124
SMa0514	iSSON_1240.SSON_3679	46.1	152	77	3	13	160	1	151	1.41e-36	124
SMa0516	iSF_1195.SF3162	36.4	286	182	0	1	286	4	289	3.39e-51	170
SMa0516	STM_v1_0.STM3248	36.0	286	183	0	1	286	1	286	1.74e-50	168
SMa0516	iSDY_1059.SDY_3319	36.0	286	183	0	1	286	4	289	2.65e-50	167
SMa0516	iML1515.b3125	36.0	283	181	0	4	286	2	284	1.29e-49	166
SMa0516	iSbBS512_1146.SbBS512_E3233	36.0	283	181	0	4	286	2	284	1.29e-49	166
SMa0516	iYL1228.KPN_03537	35.7	286	184	0	1	286	1	286	1.91e-49	165
SMa0516	iSSON_1240.SSON_3280	36.0	286	183	0	1	286	4	289	2.92e-49	165
SMa0516	iHN637.CLJU_RS00330	33.2	286	191	0	1	286	1	286	2.82e-45	154
SMa0525	iJN1463.PP_4882	27.0	522	312	15	69	583	46	505	3.14e-26	112
SMa0526	iLJ478.TM0421	51.0	245	114	1	2	246	4	242	6.00e-77	240
SMa0526	iYL1228.KPN_04424	39.9	341	171	4	2	333	4	319	1.27e-75	237
SMa0526	STM_v1_0.STM4230	39.6	341	172	4	2	333	4	319	1.42e-74	234
SMa0526	iPC815.YPO3712	39.4	368	186	6	2	345	4	358	3.99e-74	233
SMa0526	iML1515.b4035	47.4	247	124	1	2	248	4	244	5.97e-74	233
SMa0526	STM_v1_0.STM3554	45.1	306	148	5	2	293	4	303	3.87e-74	233
SMa0526	iSF_1195.SF4170	47.4	247	124	1	2	248	4	244	5.97e-74	233
SMa0526	iSSON_1240.SSON_4213	47.4	247	124	1	2	248	4	244	5.97e-74	233
SMa0526	iPC815.YPO3793	40.7	364	188	7	2	348	4	356	3.99e-74	233
SMa0526	iYL1228.KPN_03810	49.2	246	118	2	2	246	4	243	2.17e-73	231
SMa0526	iML1515.b3450	48.4	246	120	2	2	246	4	243	4.33e-73	230
SMa0526	iSbBS512_1146.SbBS512_E3873	48.4	246	120	2	2	246	4	243	6.11e-73	229
SMa0526	iJN1463.PP_1018	42.1	340	169	5	2	338	4	318	1.91e-72	229
SMa0526	iCN900.CD630_34170	44.6	278	132	3	2	278	4	260	2.43e-72	228
SMa0526	iJN1463.PP_5137	43.2	285	144	4	2	278	10	284	9.58e-71	224
SMa0526	iSynCJ816.SGL_RS17635	47.4	247	124	1	2	248	4	244	1.03e-69	221
SMa0526	iSynCJ816.SGL_RS10355	46.2	251	127	4	1	247	18	264	1.32e-68	219
SMa0527	STM_v1_0.STM4585	39.1	169	89	5	1	159	1	165	6.88e-26	99.0
SMa0527	iSbBS512_1146.SbBS512_E4944	37.9	169	91	5	1	159	1	165	6.05e-23	91.3
SMa0527	iSF_1195.SF4427	37.9	169	91	5	1	159	1	165	6.05e-23	91.3
SMa0527	iSSON_1240.SSON_4545	37.9	169	91	5	1	159	1	165	6.05e-23	91.3
SMa0527	iYL1228.KPN_04850	38.0	171	88	6	1	159	1	165	1.67e-22	90.1
SMa0551	iCHOv1.100760443	20.9	230	162	6	170	379	145	374	2.20e-08	55.5
SMa0551	iMM1415.14544	19.3	243	176	6	157	379	206	448	1.87e-07	52.8
SMa0552	iML1515.b0512	53.1	145	64	3	3	146	4	145	4.92e-41	142
SMa0552	STM_v1_0.STM0523	51.0	145	67	3	3	146	4	145	1.44e-38	135
SMa0552	iHN637.CLJU_RS07515	46.9	145	76	1	3	146	5	149	1.11e-36	130
SMa0559	iNF517.LLMG_RS04935	41.7	103	59	1	142	243	2	104	1.16e-24	94.0
SMa0563	iLB1027_lipid.PHATRDRAFT_44546	33.0	318	176	8	13	322	18	306	5.16e-42	147
SMa0563	iYO844.BSU39780	31.9	310	203	5	1	306	1	306	6.27e-42	147
SMa0563	iYO844.BSU09530	32.7	303	192	5	9	305	10	306	4.35e-39	140
SMa0563	iSF_1195.SF3047	32.3	331	193	12	1	310	13	333	1.17e-38	139
SMa0563	iSSON_1240.SSON_3145	32.3	331	193	12	1	310	13	333	1.17e-38	139
SMa0563	iSbBS512_1146.SbBS512_E3430	32.3	331	193	12	1	310	13	333	1.64e-38	139
SMa0563	iML1515.b3001	32.3	331	193	12	1	310	13	333	3.20e-38	138
SMa0564	iML1515.b0837	29.4	367	204	13	24	349	8	360	3.27e-31	121
SMa0564	iYL1228.KPN_00869	30.2	334	192	10	55	349	27	358	1.16e-30	119
SMa0564	iSbBS512_1146.SbBS512_E2507	29.2	367	205	13	24	349	8	360	1.20e-30	119
SMa0564	iSSON_1240.SSON_0820	29.2	367	205	13	24	349	8	360	1.65e-30	119
SMa0564	iSF_1195.SF0787	32.0	272	158	9	24	280	8	267	2.90e-29	114
SMa0567	iJN1463.PP_3071	66.4	137	46	0	47	183	512	648	6.10e-54	181
SMa0570	iEK1008.Rv1319c	29.6	135	82	5	2	125	357	489	2.43e-05	47.0
SMa0570	iEK1008.Rv2212	25.8	163	112	2	6	168	207	360	1.04e-04	44.7
SMa0570	iEK1008.Rv1318c	29.7	148	87	6	2	135	356	500	1.68e-04	44.3
SMa0570	iEK1008.Rv1647	29.3	164	89	7	8	152	131	286	1.56e-04	43.9
SMa0576	iJN1463.PP_4867	42.8	362	202	4	7	363	14	375	2.38e-88	270
SMa0579	iSynCJ816.SGL_RS03900	32.9	207	136	2	562	768	416	619	1.39e-29	125
SMa0581	iSynCJ816.SGL_RS06585	53.3	257	118	2	5	260	4	259	3.37e-85	267
SMa0581	iSynCJ816.SGL_RS16580	52.1	257	121	2	5	260	4	259	8.78e-85	266
SMa0581	iSynCJ816.SGL_RS16585	52.5	257	121	1	2	258	20	275	5.11e-89	265
SMa0581	iSynCJ816.SGL_RS06580	52.3	256	121	1	4	259	17	271	2.51e-88	265
SMa0583	iSynCJ816.SGL_RS06590	68.0	225	72	0	60	284	39	263	2.66e-105	307
SMa0585	iSynCJ816.SGL_RS06595	63.2	391	136	4	42	429	59	444	2.72e-178	504
SMa0612	iJN1463.PP_4250	57.3	447	188	2	82	528	21	464	8.98e-193	547
SMa0612	iJN1463.PP_4255	54.9	457	203	2	82	537	22	476	2.75e-188	536
SMa0615	iJN1463.PP_4251	48.7	228	86	1	6	233	3	199	6.92e-69	210
SMa0615	iJN1463.PP_4256	48.0	229	88	1	6	234	3	200	1.29e-66	204
SMa0617	iJN1463.PP_4258	33.4	293	163	9	14	289	39	316	6.17e-43	149
SMa0617	iJN1463.PP_4253	33.2	283	163	9	14	289	39	302	1.94e-41	145
SMa0621	iEK1008.Rv0103c	32.6	729	439	13	48	733	26	745	8.56e-94	308
SMa0621	iSynCJ816.SGL_RS05435	30.6	741	458	12	41	733	7	739	2.84e-92	304
SMa0621	iEK1008.Rv0092	32.8	725	435	14	48	733	25	736	5.69e-91	301
SMa0621	iYS854.USA300HOU_RS13880	31.7	716	450	11	48	733	83	789	1.85e-90	300
SMa0621	iSDY_1059.SDY_0434	31.6	734	451	13	41	733	103	826	6.68e-90	300
SMa0621	iSbBS512_1146.SbBS512_E0419	31.7	734	450	14	41	733	103	826	1.29e-89	299
SMa0621	iML1515.b0484	31.7	735	449	14	41	733	103	826	4.80e-89	297
SMa0621	iSF_1195.SF0429	31.4	733	454	14	41	733	103	826	1.79e-88	296
SMa0621	iSSON_1240.SSON_0473	31.6	735	450	14	41	733	103	826	1.79e-88	296
SMa0621	iLJ478.TM0317	29.8	722	457	10	42	733	22	723	7.59e-88	291
SMa0621	iJN1463.PP_0586	31.7	731	467	12	28	732	60	784	6.55e-87	291
SMa0621	iYO844.BSU33500	31.5	718	456	9	48	733	84	797	1.33e-85	287
SMa0621	STM_v1_0.STM0498	30.5	764	454	16	22	733	87	825	1.68e-84	285
SMa0626	iAF987.Gmet_2727	39.6	101	61	0	81	181	293	393	1.20e-16	80.9
SMa0627	iYL1228.KPN_00909	65.5	229	77	1	1	227	1	229	1.97e-104	301
SMa0627	iML1515.b0875	64.6	229	79	1	1	227	1	229	5.34e-102	295
SMa0627	iSF_1195.SF0832	64.6	229	79	1	1	227	1	229	5.34e-102	295
SMa0627	iSbBS512_1146.SbBS512_E2456	64.6	229	79	1	1	227	1	229	7.58e-102	294
SMa0627	iJN1463.PP_4282	63.7	226	80	2	3	227	5	229	1.68e-93	273
SMa0630	iML1515.b0808	37.4	222	135	2	273	492	503	722	1.30e-33	135
SMa0636	iYO844.BSU29700	26.7	176	108	5	1	172	7	165	2.62e-11	60.5
SMa0636	iYS854.USA300HOU_RS02065	28.2	156	79	4	8	160	102	227	4.86e-10	58.2
SMa0636	iEK1008.Rv3411c	28.2	174	85	6	1	160	129	276	4.07e-09	55.5
SMa0657	STM_v1_0.STM2255	70.0	50	15	0	5	54	33	82	3.84e-23	86.3
SMa0657	iPC815.YPO3036	68.0	50	16	0	5	54	33	82	5.42e-23	85.9
SMa0657	iML1515.b2202	66.0	50	17	0	5	54	33	82	8.49e-22	82.8
SMa0657	iSbBS512_1146.SbBS512_E0739	66.0	50	17	0	5	54	33	82	8.49e-22	82.8
SMa0657	iSDY_1059.SDY_0876	66.0	50	17	0	5	54	33	82	8.49e-22	82.8
SMa0657	iSF_1195.SF2286	66.0	50	17	0	5	54	33	82	8.49e-22	82.8
SMa0657	iSSON_1240.SSON_2260	66.0	50	17	0	5	54	33	82	8.49e-22	82.8
SMa0659	iML1515.b2202	55.1	98	43	1	1	98	104	200	2.85e-33	115
SMa0659	iSbBS512_1146.SbBS512_E0739	55.1	98	43	1	1	98	104	200	2.85e-33	115
SMa0659	iSF_1195.SF2286	55.1	98	43	1	1	98	104	200	2.85e-33	115
SMa0659	iSSON_1240.SSON_2260	55.1	98	43	1	1	98	104	200	2.85e-33	115
SMa0659	iPC815.YPO3036	56.1	98	42	1	1	98	104	200	1.14e-32	113
SMa0659	STM_v1_0.STM2255	53.1	98	45	1	1	98	104	200	6.43e-32	111
SMa0659	iSDY_1059.SDY_0876	54.1	98	44	1	1	98	104	200	9.09e-32	111
SMa0670	iAF987.Gmet_1092	31.8	239	146	2	39	266	57	289	3.17e-35	128
SMa0675	iSynCJ816.SGL_RS10015	42.4	344	179	4	50	376	28	369	2.72e-65	211
SMa0675	iAM_Pb448.PBANKA_010230	35.5	338	210	5	32	367	99	430	7.15e-57	191
SMa0675	iYO844.BSU07920	39.0	328	190	6	53	375	29	351	1.58e-57	191
SMa0677	iCN718.ABAYE_RS10985	20.8	264	188	2	35	298	27	269	1.09e-16	78.6
SMa0678	STM_v1_0.STM0700	55.7	433	191	1	10	442	1	432	6.57e-166	474
SMa0678	iML1515.b0692	56.4	436	183	2	10	442	1	432	7.56e-165	471
SMa0678	iSSON_1240.SSON_0643	56.4	436	183	2	10	442	1	432	7.56e-165	471
SMa0678	iSF_1195.SF0604	56.2	436	184	2	10	442	1	432	8.70e-164	468
SMa0680	STM_v1_0.STM3114	51.1	714	302	11	71	781	42	711	1.28e-243	695
SMa0680	STM_v1_0.STM0701	49.0	741	333	10	44	781	20	718	3.73e-243	694
SMa0680	iPC815.YPO0960	50.2	703	314	9	69	770	40	707	1.61e-241	690
SMa0680	iML1515.b0693	52.6	661	279	6	122	781	91	718	1.95e-240	687
SMa0680	iML1515.b2965	52.5	657	279	7	126	781	87	711	3.09e-239	684
SMa0680	iSDY_1059.SDY_3107	52.5	657	279	7	126	781	87	711	3.53e-238	681
SMa0680	iSF_1195.SF2962	52.2	657	281	7	126	781	107	731	1.82e-235	675
SMa0680	iYL1228.KPN_03397	52.7	657	278	8	126	781	84	708	6.95e-235	672
SMa0682	iJN1463.PP_4140	56.0	747	319	4	7	749	7	747	1.04e-298	835
SMa0684	STM_v1_0.STM4294	32.6	427	284	3	1	426	1	424	3.20e-70	228
SMa0684	iML1515.b4115	32.1	427	286	3	1	426	1	424	7.34e-68	222
SMa0684	iSDY_1059.SDY_4098	32.1	427	286	3	1	426	1	424	7.34e-68	222
SMa0684	iSF_1195.SF4108	32.1	427	286	3	1	426	1	424	7.34e-68	222
SMa0684	iSSON_1240.SSON_4290	32.1	427	286	3	1	426	1	424	7.34e-68	222
SMa0684	iSbBS512_1146.SbBS512_E4612	31.9	427	287	3	1	426	1	424	1.11e-66	219
SMa0684	iPC815.YPO1200	32.1	427	286	3	8	433	6	429	1.08e-66	219
SMa0693	iJN1463.PP_1001	60.0	407	158	3	5	407	9	414	3.86e-180	507
SMa0695	iJN1463.PP_1000	69.6	335	101	1	1	334	1	335	2.39e-175	489
SMa0697	iJN1463.PP_0999	63.2	310	112	1	1	310	1	308	2.08e-141	401
SMa0705	iSF_1195.SF3770	30.7	293	187	8	11	302	6	283	2.07e-35	129
SMa0705	iML1515.b3693	29.7	293	190	8	11	302	6	283	1.15e-33	124
SMa0705	iSSON_1240.SSON_3644	29.7	293	190	8	11	302	6	283	1.15e-33	124
SMa0705	STM_v1_0.STM3829	31.1	293	186	8	11	302	6	283	2.25e-33	124
SMa0705	iYL1228.KPN_04097	31.0	290	184	8	11	299	6	280	3.35e-31	118
SMa0707	iYO844.BSU16770	25.8	275	197	7	16	287	1	271	2.72e-12	65.9
SMa0707	iYS854.USA300HOU_RS07105	31.3	147	96	3	20	164	7	150	3.36e-10	59.7
SMa0708	STM_v1_0.STM3828	32.4	352	213	10	44	377	7	351	4.76e-34	129
SMa0708	iML1515.b4478	31.5	352	216	10	44	377	7	351	9.12e-34	129
SMa0708	iYL1228.KPN_04095	32.0	359	209	11	42	377	5	351	9.12e-34	129
SMa0710	iEK1008.Rv2040c	32.9	295	174	5	46	329	4	285	1.56e-42	149
SMa0710	iLJ478.TM1121	33.0	276	178	4	53	326	19	289	7.90e-38	136
SMa0710	iEK1008.Rv2316	31.9	279	181	2	47	325	5	274	1.17e-37	135
SMa0711	iEK1008.Rv2039c	28.9	270	188	3	1	270	8	273	2.86e-37	132
SMa0711	iLJ478.TM0420	34.0	206	133	3	72	276	79	282	2.35e-36	130
SMa0711	iYS854.USA300HOU_RS01105	28.6	280	190	6	2	276	4	278	8.28e-36	129
SMa0713	STM_v1_0.STM3554	61.7	162	61	1	1	161	1	162	2.70e-62	196
SMa0713	iSbBS512_1146.SbBS512_E3873	61.1	162	62	1	1	161	1	162	7.61e-62	195
SMa0713	iML1515.b3450	61.1	162	62	1	1	161	1	162	1.07e-61	195
SMa0713	iPC815.YPO3712	57.8	161	68	0	1	161	1	161	2.13e-61	194
SMa0713	iSynCJ816.SGL_RS17635	60.2	161	64	0	1	161	1	161	2.04e-60	192
SMa0713	iEK1008.Rv2038c	61.3	163	61	1	1	161	1	163	3.49e-60	191
SMa0713	iPC815.YPO3793	61.1	162	62	1	1	161	1	162	4.92e-60	191
SMa0713	iML1515.b4035	56.5	161	70	0	1	161	1	161	2.81e-59	189
SMa0713	iYL1228.KPN_03810	59.9	162	64	1	1	161	1	162	1.91e-59	189
SMa0713	iSF_1195.SF4170	56.5	161	70	0	1	161	1	161	2.81e-59	189
SMa0713	iSSON_1240.SSON_4213	56.5	161	70	0	1	161	1	161	2.81e-59	189
SMa0713	STM_v1_0.STM4230	55.9	161	71	0	1	161	1	161	5.31e-59	188
SMa0713	iYL1228.KPN_04424	55.3	161	72	0	1	161	1	161	1.66e-57	184
SMa0713	iJN1463.PP_1018	55.2	163	71	1	1	161	1	163	9.54e-57	183
SMa0713	iEK1008.Rv2832c	59.5	163	64	1	1	161	1	163	1.05e-56	182
SMa0713	iYS854.USA300HOU_RS01090	58.0	162	67	1	1	161	1	162	3.34e-56	181
SMa0713	iEK1008.Rv1238	58.0	162	67	1	1	161	1	162	2.03e-54	177
SMa0714	iEK1008.Rv1238	41.5	183	82	7	1	158	199	381	1.61e-29	110
SMa0715	iSynCJ816.SGL_RS08980	28.5	340	208	10	3	325	7	328	7.52e-22	94.0
SMa0715	iJN1463.PP_0501	28.0	329	201	8	3	320	6	309	9.75e-22	93.2
SMa0715	iJN1463.PP_3129	27.5	342	204	11	1	324	1	316	2.43e-19	86.7
SMa0717	iCHOv1.100752401	32.5	277	181	2	283	553	6	282	6.43e-41	149
SMa0719	iNF517.LLMG_RS08950	33.6	238	151	3	1	238	10	240	1.70e-32	118
SMa0719	iYL1228.KPN_01091	32.8	244	145	4	1	238	10	240	3.99e-30	112
SMa0719	iLB1027_lipid.PHATRDRAFT_13073	30.9	243	158	4	1	238	11	248	9.61e-30	111
SMa0719	iCN900.CD630_11820	30.1	239	162	2	1	238	11	245	4.76e-29	109
SMa0719	iML1515.b1093	32.6	242	148	3	1	238	10	240	4.26e-29	109
SMa0719	iSbBS512_1146.SbBS512_E2231	32.6	242	148	3	1	238	10	240	4.26e-29	109
SMa0719	iSF_1195.SF1097	32.6	242	148	3	1	238	10	240	4.26e-29	109
SMa0719	iSSON_1240.SSON_1113	32.6	242	148	3	1	238	10	240	4.26e-29	109
SMa0719	iCN718.ABAYE_RS09965	30.0	247	163	4	1	238	12	257	8.65e-29	108
SMa0719	STM_v1_0.STM1195	31.5	238	156	2	1	238	10	240	2.31e-28	107
SMa0751	iJN1463.PP_0315	46.8	393	205	3	10	400	22	412	6.68e-133	388
SMa0752	iJN1463.PP_0316	42.9	352	192	2	10	352	16	367	3.37e-94	285
SMa0753	iEK1008.Rv3567c	40.2	132	78	1	7	138	6	136	3.57e-28	105
SMa0758	iEK1008.Rv3567c	38.6	132	80	1	7	138	6	136	3.96e-26	98.6
SMa0765	iJN1463.PP_4250	62.6	470	167	3	65	533	7	468	4.65e-219	613
SMa0765	iJN1463.PP_4255	62.9	455	166	2	65	518	8	460	2.54e-215	604
SMa0766	iJN1463.PP_4251	49.1	226	86	1	6	231	2	198	2.68e-74	224
SMa0766	iJN1463.PP_4256	49.1	226	86	1	6	231	2	198	3.56e-72	218
SMa0769	iJN1463.PP_4258	35.7	291	154	6	13	283	38	315	7.49e-47	159
SMa0769	iJN1463.PP_4253	34.5	281	157	6	13	283	38	301	5.08e-44	151
SMa0772	iYO844.BSU40850	48.1	181	93	1	1	181	1	180	3.78e-52	164
SMa0772	iYL1228.KPN_00440	46.3	177	94	1	5	181	4	179	1.83e-48	155
SMa0772	iML1515.b0459	50.6	178	87	1	4	181	3	179	1.27e-47	153
SMa0772	iSDY_1059.SDY_0460	50.6	178	87	1	4	181	3	179	1.27e-47	153
SMa0772	iSSON_1240.SSON_0446	50.6	178	87	1	4	181	3	179	1.27e-47	153
SMa0792	iJN1463.PP_0553	42.0	88	50	1	27	113	125	212	4.74e-12	65.1
SMa0793	iEK1008.Rv3567c	41.3	138	79	2	1	138	1	136	3.59e-32	117
SMa0794	iJN1463.PP_2765	31.6	190	110	8	27	201	36	220	5.05e-13	68.9
SMa0796	iCN718.ABAYE_RS11785	70.7	485	141	1	4	487	5	489	5.21e-249	688
SMa0799	iJN1463.PP_3814	59.9	332	132	1	6	336	10	341	1.90e-138	395
SMa0800	iJN1463.PP_3815	52.2	289	134	1	5	289	14	302	6.19e-92	274
SMa0802	iJN1463.PP_3816	56.5	239	104	0	24	262	25	263	1.91e-93	276
SMa0803	iJN1463.PP_3817	47.8	370	164	6	3	357	12	367	6.84e-107	318
SMa0805	iJN1463.PP_0213	63.7	482	173	2	9	490	1	480	1.51e-218	610
SMa0805	iAF987.Gmet_3395	62.5	480	176	3	11	488	4	481	1.46e-212	595
SMa0805	iML1515.b2661	61.8	484	181	3	9	490	1	482	1.93e-212	595
SMa0805	iSSON_1240.SSON_2805	61.8	484	181	3	9	490	1	482	7.83e-212	593
SMa0805	iYL1228.KPN_00256	61.0	484	185	3	9	490	1	482	4.24e-209	587
SMa0805	STM_v1_0.STM2791	59.3	484	193	3	9	490	1	482	9.28e-206	578
SMa0805	iCN718.ABAYE_RS11770	57.9	482	199	3	9	488	1	480	1.75e-194	550
SMa0814	iAF987.Gmet_0673	37.5	96	57	1	371	463	1	96	9.38e-13	64.3
SMa0817	iCHOv1.100763190	23.7	405	263	11	4	374	67	459	2.44e-14	74.7
SMa0817	iMM1415.66841	23.7	405	263	11	4	374	66	458	3.24e-14	74.3
SMa0817	iAT_PLT_636.2110	23.7	363	228	10	4	332	67	414	1.78e-13	72.0
SMa0817	iAF692.Mbar_A3422	25.9	398	233	15	3	375	2	362	1.99e-13	71.2
SMa0817	iLB1027_lipid.PHATRDRAFT_42245	23.4	414	250	14	6	363	3	405	2.88e-12	68.2
SMa0819	iAF987.Gmet_2257	49.0	335	166	2	4	337	100	430	9.29e-104	311
SMa0819	iAF987.Gmet_0684	48.0	333	168	2	4	336	103	430	2.45e-101	305
SMa0819	iAF987.Gmet_2066	46.4	334	175	1	2	335	98	427	9.11e-100	301
SMa0822	iAF987.Gmet_2258	48.3	238	122	1	1	238	1	237	5.61e-69	214
SMa0822	iAF987.Gmet_0683	45.6	239	128	2	1	238	1	238	3.41e-62	197
SMa0825	iAF987.Gmet_0662	71.2	281	79	2	4	283	1	280	7.37e-142	400
SMa0827	iAF987.Gmet_0663	60.0	475	180	4	13	487	17	481	1.91e-212	595
SMa0829	iAF987.Gmet_0664	48.8	451	226	4	49	496	29	477	2.93e-157	456
SMa0830	iAF987.Gmet_0669	46.8	455	232	5	11	460	6	455	3.00e-137	417
SMa0831	iAF987.Gmet_0671	33.1	124	76	1	26	149	1	117	1.93e-24	91.7
SMa0834	iAF987.Gmet_0672	41.5	41	24	0	8	48	9	49	4.85e-09	48.9
SMa0853	iAF987.Gmet_1603	42.8	409	225	3	3	402	2	410	2.48e-95	291
SMa0853	iYO844.BSU11340	41.7	410	225	5	3	401	4	410	6.86e-93	285
SMa0853	iCN900.CD630_11840	41.0	410	233	4	1	401	1	410	5.30e-92	282
SMa0853	iYS854.USA300HOU_RS04880	40.6	409	233	4	2	401	4	411	5.62e-92	282
SMa0853	iJN1463.PP_1916	41.9	408	228	3	3	401	4	411	7.94e-92	282
SMa0853	iHN637.CLJU_RS20760	38.8	410	241	5	1	401	1	409	3.71e-86	267
SMa0854	iYL1228.KPN_01091	49.2	240	122	0	6	245	5	244	1.59e-73	223
SMa0854	iML1515.b1093	48.8	240	123	0	6	245	5	244	1.28e-72	221
SMa0854	iSbBS512_1146.SbBS512_E2231	48.8	240	123	0	6	245	5	244	1.28e-72	221
SMa0854	iSDY_1059.SDY_2057	48.8	240	123	0	6	245	5	244	1.28e-72	221
SMa0854	iSF_1195.SF1097	48.8	240	123	0	6	245	5	244	1.28e-72	221
SMa0854	iSSON_1240.SSON_1113	48.8	240	123	0	6	245	5	244	1.28e-72	221
SMa0854	iPC815.YPO1599	48.8	240	123	0	6	245	5	244	1.04e-71	219
SMa0854	STM_v1_0.STM1195	48.8	240	123	0	6	245	5	244	1.47e-71	218
SMa0854	iYS854.USA300HOU_RS06185	49.6	242	118	2	7	244	3	244	1.47e-71	218
SMa0854	iAF987.Gmet_1601	49.0	245	122	1	3	244	2	246	1.02e-69	214
SMa0854	iLJ478.TM1724	44.9	245	132	1	3	244	2	246	5.38e-67	207
SMa0854	iCN900.CD630_11820	46.6	249	127	2	1	244	1	248	1.18e-66	206
SMa0854	iYO844.BSU15910	44.1	245	133	2	4	244	2	246	8.70e-66	204
SMa0855	iAF987.Gmet_2859	73.2	298	80	0	2	299	4	301	1.05e-163	456
SMa0855	iYL1228.KPN_03114	68.0	297	95	0	3	299	6	302	3.82e-150	422
SMa0855	iML1515.b2752	67.6	299	97	0	1	299	4	302	4.43e-149	419
SMa0855	iSSON_1240.SSON_2900	67.6	299	97	0	1	299	4	302	4.43e-149	419
SMa0855	iSDY_1059.SDY_2951	67.6	299	97	0	1	299	4	302	6.29e-149	419
SMa0855	iSF_1195.SF2775	68.0	297	95	0	3	299	6	302	6.29e-149	419
SMa0855	STM_v1_0.STM2935	68.0	297	95	0	3	299	6	302	1.80e-148	418
SMa0855	iSbBS512_1146.SbBS512_E3122	67.7	297	96	0	3	299	6	302	1.80e-148	418
SMa0855	iCN718.ABAYE_RS13935	67.3	297	97	0	3	299	6	302	7.31e-148	416
SMa0855	iPC815.YPO3366	67.3	297	97	0	3	299	6	302	2.97e-147	415
SMa0855	iJN1463.PP_1303	64.6	302	103	1	2	299	4	305	2.70e-146	412
SMa0857	iJN1463.PP_1304	47.2	632	322	5	1	627	1	625	2.12e-198	571
SMa0857	iEK1008.Rv1286	47.2	615	305	9	23	623	3	611	3.20e-182	529
SMa0864	iEK1008.Rv2936	33.8	311	189	4	55	349	6	315	6.85e-43	151
SMa0864	iCN900.CD630_16140	38.3	206	127	0	72	277	40	245	1.12e-40	143
SMa0864	iYO844.BSU02750	35.2	227	142	2	57	278	2	228	2.17e-38	137
SMa0866	iMM1415.15118	27.7	397	217	9	50	392	87	467	1.12e-30	123
SMa0866	iCHOv1.100757895	27.5	397	218	9	50	392	87	467	1.52e-30	123
SMa0866	iMM1415.15116	29.8	312	200	5	87	392	201	499	2.55e-30	122
SMa0866	iMM1415.15117	26.7	393	223	9	51	392	85	463	6.96e-30	121
SMa0866	iCHOv1.100751055	29.8	245	148	3	159	392	23	254	1.20e-27	112
SMa0868	iAF692.Mbar_A0408	28.6	213	120	5	22	208	15	221	8.25e-14	67.8
SMa0873	iAF987.Gmet_0669	40.1	426	249	5	9	433	490	910	1.60e-100	320
SMa0874	iJN1463.PP_4817	44.3	149	82	1	1	149	1	148	2.83e-36	122
SMa0875	iAF987.Gmet_3509	27.1	1028	700	13	19	1019	21	1026	4.15e-104	350
SMa0875	iJN1463.PP_3426	26.8	1052	727	18	4	1024	4	1043	3.23e-98	334
SMa0876	iAF987.Gmet_1548	26.6	169	121	3	184	351	239	405	2.00e-11	64.7
SMa0878	iCN718.ABAYE_RS00990	49.4	616	300	6	1	608	1	612	7.95e-195	560
SMa0878	iJN1463.PP_5409	49.8	614	299	7	1	608	1	611	2.01e-192	554
SMa0878	iAF987.Gmet_1487	49.4	613	301	5	1	608	1	609	3.47e-190	548
SMa0878	iSF_1195.SF3809	49.3	613	302	7	1	608	1	609	7.95e-189	545
SMa0878	iSSON_1240.SSON_3890	49.3	613	302	7	1	608	1	609	7.95e-189	545
SMa0878	iSbBS512_1146.SbBS512_E4192	49.3	613	302	7	1	608	1	609	1.13e-188	544
SMa0878	iML1515.b3729	49.3	613	302	7	1	608	1	609	1.59e-188	544
SMa0878	iSDY_1059.SDY_4019	49.3	613	302	7	1	608	1	609	2.26e-188	543
SMa0878	STM_v1_0.STM3861	49.1	613	303	7	1	608	1	609	2.57e-187	541
SMa0878	iPC815.YPO4118	49.1	613	303	8	1	608	1	609	3.64e-187	540
SMa0878	iAF987.Gmet_0104	47.3	613	314	6	1	608	1	609	7.64e-184	532
SMa0878	iYL1228.KPN_04134	48.0	613	310	7	1	608	1	609	1.46e-178	518
SMa0937	iML1515.b0808	33.1	281	171	5	407	685	457	722	1.59e-29	124
SMa0940	iAF987.Gmet_1914	32.0	100	67	1	5	103	4	103	1.59e-12	65.1
SMa0941	iAF987.Gmet_2999	29.6	108	72	2	4	108	6	112	2.18e-07	47.8
SMa0943	iMM1415.11883	31.3	482	258	13	29	484	2	436	2.89e-53	188
SMa0943	iCHOv1.100754567	31.0	461	251	15	47	484	21	437	9.02e-50	179
SMa0950	iJN1463.PP_3814	35.4	328	201	8	29	356	23	339	7.19e-52	175
SMa0951	iJN1463.PP_0414	41.7	271	153	1	15	285	1	266	2.01e-57	185
SMa0951	iJN1463.PP_3816	40.9	247	146	0	41	287	21	267	5.27e-53	173
SMa0952	iHN637.CLJU_RS10675	40.1	242	134	3	46	277	31	271	2.77e-54	177
SMa0953	iJN1463.PP_0411	51.1	317	147	4	3	317	11	321	1.66e-98	296
SMa0953	iJN1463.PP_3817	56.3	238	103	1	6	243	15	251	1.45e-87	269
SMa0956	iYS854.USA300HOU_RS10110	39.4	315	175	5	44	354	36	338	2.64e-67	221
SMa0956	iYO844.BSU08710	34.6	402	243	7	44	439	35	422	3.98e-66	218
SMa0956	iSynCJ816.SGL_RS13390	36.4	407	234	10	16	413	10	400	1.58e-61	206
SMa0956	iJN1463.PP_4784	33.0	424	258	9	16	429	2	409	2.67e-61	205
SMa0956	iAF987.Gmet_3356	32.4	432	265	10	16	436	4	419	2.83e-60	202
SMa0956	iYL1228.KPN_00169	33.2	437	256	12	16	436	2	418	1.07e-59	201
SMa0956	iSbBS512_1146.SbBS512_E0146	35.1	348	203	7	16	354	2	335	1.07e-59	201
SMa0956	iSSON_1240.SSON_0166	35.3	348	202	7	16	354	2	335	1.49e-59	200
SMa0958	iAF692.Mbar_A0218	33.6	557	346	13	2	553	3	540	1.77e-66	226
SMa0958	iAF987.Gmet_1260	31.0	555	353	12	8	549	3	540	3.16e-63	217
SMa0958	iEK1008.Rv3003c	31.4	560	347	13	8	549	38	578	8.48e-61	211
SMa0958	iHN637.CLJU_RS10020	30.6	549	355	11	11	554	4	531	2.40e-61	211
SMa0958	iYO844.BSU28310	30.0	540	352	11	18	550	28	548	1.91e-59	207
SMa0959	iYL1228.KPN_01091	35.1	248	150	5	9	256	7	243	4.60e-39	135
SMa0959	iPC815.YPO1599	35.5	248	149	5	9	256	7	243	4.60e-39	135
SMa0959	iML1515.b1093	35.1	248	150	5	9	256	7	243	9.97e-38	132
SMa0959	iSbBS512_1146.SbBS512_E2231	35.1	248	150	5	9	256	7	243	9.97e-38	132
SMa0959	iSF_1195.SF1097	35.1	248	150	5	9	256	7	243	9.97e-38	132
SMa0959	iSSON_1240.SSON_1113	35.1	248	150	5	9	256	7	243	9.97e-38	132
SMa0959	STM_v1_0.STM1195	33.9	248	153	5	9	256	7	243	1.09e-36	129
SMa0959	iSDY_1059.SDY_2057	35.6	250	146	6	9	256	7	243	1.53e-36	129
SMa0959	iEK1008.Rv1483	35.2	244	137	5	11	253	19	242	2.73e-34	123
SMa0972	iAF987.Gmet_0842	30.4	359	217	13	60	400	31	374	1.59e-27	112
SMa0972	iJN1463.PP_0363	29.0	362	239	9	59	414	36	385	2.14e-27	112
SMa0972	iSF_1195.SF0726	29.0	348	227	8	60	400	39	373	1.98e-27	112
SMa0972	iSSON_1240.SSON_0755	29.0	348	227	8	60	400	39	373	1.98e-27	112
SMa0972	iPC815.YPO0059	27.9	401	253	13	17	400	4	385	2.54e-27	112
SMa0972	iML1515.b0776	28.4	348	229	8	60	400	39	373	5.07e-27	110
SMa0972	iSbBS512_1146.SbBS512_E2576	28.9	349	226	10	60	400	39	373	9.51e-27	110
SMa0972	iMM904.YDR232W	29.0	389	218	18	66	414	117	487	1.31e-25	108
SMa0972	iSDY_1059.SDY_0830	28.4	349	228	10	60	400	39	373	3.33e-26	108
SMa0972	iYL1228.KPN_00801	29.6	368	232	9	50	403	22	376	8.61e-26	107
SMa0972	STM_v1_0.STM0795	29.1	350	226	10	59	400	38	373	1.61e-25	106
SMa0972	iYO844.BSU17000	28.1	363	240	9	60	414	40	389	3.26e-25	105
SMa0972	iML1515.b3617	29.6	358	218	14	59	400	41	380	8.85e-25	104
SMa0972	iSF_1195.SF3657	29.6	358	218	14	59	400	41	380	8.85e-25	104
SMa0972	iSbBS512_1146.SbBS512_E4045	29.6	358	218	14	59	400	41	380	1.21e-24	104
SMa0972	iCHOv1.100752849	27.3	348	231	9	62	400	64	398	1.99e-24	103
SMa0972	iSDY_1059.SDY_4050	29.6	358	218	14	59	400	41	380	1.64e-24	103
SMa0972	iYL1228.KPN_03962	28.4	356	219	14	62	400	43	379	4.10e-24	102
SMa0972	iSSON_1240.SSON_3787	29.3	358	219	14	59	400	41	380	5.64e-24	102
SMa0972	STM_v1_0.STM3709	29.1	358	220	14	59	400	41	380	1.42e-23	101
SMa1007	iCHOv1.100753849	28.4	95	55	3	29	120	914	998	4.43e-06	44.7
SMa1007	iCHOv1.100753439	31.9	94	53	3	29	120	967	1051	8.23e-06	43.9
SMa1009	STM_v1_0.STM0353	45.8	59	32	0	4	62	13	71	2.82e-08	48.1
SMa1009	iYS854.USA300HOU_RS13885	45.0	60	30	1	4	60	6	65	5.07e-08	44.7
SMa1013	STM_v1_0.STM0353	66.4	735	244	2	88	821	15	747	0.0	930
SMa1014	iSynCJ816.SGL_RS16080	27.9	104	67	1	3	106	18	113	5.33e-09	52.8
SMa1016	iYS854.USA300HOU_RS13930	26.6	350	201	10	45	374	20	333	9.67e-18	85.1
SMa1038	iJN1463.PP_5380	29.3	225	144	5	96	310	69	288	1.26e-23	103
SMa1038	iJN1463.PP_2205	40.5	131	75	2	96	225	65	193	6.12e-22	98.2
SMa1043	iJN1463.PP_5388	48.0	50	25	1	30	79	48	96	2.74e-06	42.0
SMa1043	iYL1228.KPN_04738	34.6	52	34	0	28	79	46	97	1.08e-05	40.4
SMa1046	iSynCJ816.SGL_RS03900	34.3	166	107	1	104	267	411	576	9.21e-23	99.4
SMa1046	iEK1008.Rv3645	34.9	189	109	2	95	280	323	500	7.64e-22	96.3
SMa1057	iSynCJ816.SGL_RS08475	29.6	260	142	10	151	407	7	228	9.66e-28	109
SMa1057	iCN718.ABAYE_RS09945	29.1	261	144	8	148	405	4	226	3.27e-26	105
SMa1077	iSynCJ816.SGL_RS06280	48.9	133	63	3	25	156	3	131	1.27e-30	107
SMa1084	iSynCJ816.SGL_RS18020	58.1	785	323	3	3	783	21	803	0.0	996
SMa1084	iLB1027_lipid.PHATRDRAFT_36257	55.9	819	316	10	7	783	18	833	0.0	922
SMa1086	iAF692.Mbar_A0964	23.9	155	100	5	5	159	32	168	1.83e-09	55.5
SMa1086	iAF692.Mbar_A1823	29.3	140	77	2	1	137	456	576	6.42e-09	55.1
SMa1086	iLJ478.TM1347	26.9	130	70	3	12	138	94	201	1.46e-08	53.9
SMa1086	iAF692.Mbar_A2221	26.2	141	82	2	11	148	467	588	1.68e-07	50.8
SMa1087	STM_v1_0.STM0353	48.1	674	338	4	64	732	84	750	2.33e-195	572
SMa1087	iSynCJ816.SGL_RS05435	50.8	624	294	6	112	729	125	741	9.91e-190	556
SMa1087	iCN900.CD630_21150	44.9	664	346	7	78	729	170	825	7.42e-180	534
SMa1087	STM_v1_0.STM0498	44.7	674	363	4	56	728	162	826	7.42e-180	534
SMa1087	iSSON_1240.SSON_0473	44.8	674	362	4	56	728	163	827	2.40e-178	530
SMa1087	iSbBS512_1146.SbBS512_E0419	44.7	674	363	4	56	728	163	827	3.39e-178	530
SMa1087	iSDY_1059.SDY_0434	44.4	674	365	4	56	728	163	827	2.68e-177	528
SMa1087	iSF_1195.SF0429	44.4	674	365	4	56	728	163	827	7.53e-177	526
SMa1087	iML1515.b0484	44.2	674	366	4	56	728	163	827	2.99e-176	525
SMa1103	iSynCJ816.SGL_RS03900	33.9	168	109	2	369	534	411	578	4.08e-21	97.4
SMa1103	iSynCJ816.SGL_RS08610	30.3	165	113	1	401	563	132	296	2.27e-19	89.4
SMa1115	iHN637.CLJU_RS07840	28.7	407	273	4	20	425	4	394	2.12e-47	167
SMa1115	iHN637.CLJU_RS20885	29.4	385	255	5	32	415	10	378	9.53e-44	157
SMa1120	iCN900.CD630_19470	45.3	223	117	1	71	288	6	228	5.25e-62	196
SMa1124	iAF987.Gmet_3508	21.9	269	191	5	125	391	157	408	4.36e-05	45.1
SMa1124	iAF987.Gmet_1548	23.9	180	124	4	206	382	233	402	3.26e-04	42.4
SMa1128	iEK1008.Rv0125	28.6	255	164	8	79	321	75	323	1.36e-16	80.5
SMa1138	iAF987.Gmet_0069	48.8	41	21	0	1	41	83	123	8.68e-05	41.2
SMa1138	iAF987.Gmet_1706	51.2	41	18	1	1	41	79	117	8.78e-05	41.2
SMa1139	iAF987.Gmet_1919	40.4	57	34	0	15	71	5	61	3.42e-08	48.5
SMa1142	iML1515.b1489	27.7	112	81	0	44	155	26	137	3.82e-11	65.5
SMa1142	iSbBS512_1146.SbBS512_E1752	27.7	112	81	0	44	155	34	145	3.84e-11	65.5
SMa1142	iSSON_1240.SSON_1635	27.7	112	81	0	44	155	34	145	3.84e-11	65.5
SMa1146	iAM_Pf480.PF3D7_1437700	30.6	738	477	8	5	711	36	769	6.47e-102	339
SMa1146	iAM_Pv461.PVX_084660	30.8	749	471	8	5	711	35	778	4.61e-99	332
SMa1146	iAM_Pc455.PCYB_132130	31.4	745	461	12	5	705	36	774	6.16e-99	331
SMa1146	iAM_Pb448.PBANKA_061110	30.2	739	470	10	5	705	35	765	3.47e-94	317
SMa1155	iAF692.Mbar_A0406	44.6	888	453	8	23	886	63	935	2.24e-229	671
SMa1156	iAF692.Mbar_A2344	35.7	356	218	6	4	355	1	349	7.52e-59	193
SMa1156	iHN637.CLJU_RS12245	36.2	356	216	5	4	355	1	349	1.73e-56	187
SMa1163	iSynCJ816.SGL_RS16085	32.3	570	365	8	94	644	73	640	3.07e-83	278
SMa1163	iAF692.Mbar_A0343	33.3	553	366	3	94	644	88	639	6.39e-82	275
SMa1163	STM_v1_0.STM0353	33.1	547	349	8	116	649	203	745	3.98e-73	253
SMa1163	iYL1228.KPN_03835	33.1	559	353	7	97	644	184	732	6.60e-73	252
SMa1163	iJN1463.PP_5139	31.8	569	370	7	90	644	184	748	1.17e-72	252
SMa1163	iYO844.BSU33500	32.2	540	349	8	116	642	262	797	3.82e-72	251
SMa1163	STM_v1_0.STM3576	32.6	559	356	7	97	644	181	729	2.23e-72	251
SMa1166	iML1515.b0349	22.6	261	168	9	54	299	26	267	3.36e-05	44.7
SMa1166	iEK1008.Rv3203	37.6	85	46	1	92	176	6	83	5.75e-05	43.5
SMa1168	iJN1463.PP_3720	25.2	155	86	4	1	132	1	148	2.62e-07	48.9
SMa1176	iAF987.Gmet_2142	26.0	150	108	2	13	159	459	608	2.59e-08	52.0
SMa1184	iEK1008.Rv2936	34.2	225	141	3	5	223	8	231	5.13e-36	131
SMa1184	iYO844.BSU02750	36.1	205	125	3	20	219	21	224	1.52e-35	128
SMa1188	iNF517.LLMG_RS07320	20.9	225	163	7	58	272	57	276	6.95e-09	56.2
SMa1191	iPC815.YPO2908	46.6	401	202	5	1	398	1	392	3.19e-120	354
SMa1191	iYL1228.KPN_02877	44.1	399	215	3	1	398	1	392	5.41e-116	343
SMa1191	STM_v1_0.STM2556	45.1	399	211	3	1	398	1	392	3.08e-115	341
SMa1191	iML1515.b2552	44.9	401	209	4	1	398	1	392	8.73e-115	340
SMa1191	iSbBS512_1146.SbBS512_E2917	44.9	401	209	4	1	398	1	392	8.73e-115	340
SMa1191	iSF_1195.SF2599	44.9	401	209	4	1	398	1	392	1.24e-114	340
SMa1191	iSDY_1059.SDY_2742	44.9	401	209	4	1	398	1	392	2.48e-114	339
SMa1191	iSSON_1240.SSON_2635	44.6	401	210	4	1	398	1	392	4.96e-114	338
SMa1195	iML1515.b4209	42.7	213	116	2	7	215	5	215	2.27e-54	173
SMa1195	iSbBS512_1146.SbBS512_E4750	42.7	213	116	2	7	215	5	215	2.27e-54	173
SMa1195	iSDY_1059.SDY_4379	42.7	213	116	2	7	215	5	215	2.27e-54	173
SMa1195	iSF_1195.SF4277	42.7	213	116	2	7	215	5	215	2.27e-54	173
SMa1195	iSSON_1240.SSON_4394	42.7	213	116	2	7	215	5	215	2.27e-54	173
SMa1198	iYO844.BSU03950	24.5	547	345	21	29	533	15	535	6.05e-19	89.7
SMa1209	iJN1463.PP_0586	33.9	738	448	13	28	735	60	787	5.48e-101	328
SMa1209	iEK1008.Rv0092	31.6	738	457	13	36	736	13	739	6.80e-99	322
SMa1209	iYS854.USA300HOU_RS13880	31.6	728	457	13	40	736	75	792	3.28e-98	321
SMa1209	iYO844.BSU33500	32.2	742	445	14	38	736	74	800	1.73e-97	319
SMa1209	iSynCJ816.SGL_RS05435	31.5	744	454	15	41	736	7	742	1.04e-94	310
SMa1213	iJN1463.PP_4258	35.7	291	154	7	15	285	38	315	2.62e-48	163
SMa1213	iJN1463.PP_4253	35.6	284	150	8	15	285	38	301	1.79e-45	155
SMa1216	iJN1463.PP_4251	50.4	226	83	1	6	231	2	198	8.17e-76	228
SMa1216	iJN1463.PP_4256	51.3	226	81	1	6	231	2	198	9.41e-75	225
SMa1220	iJN1463.PP_4250	62.3	462	171	2	67	527	9	468	2.84e-220	617
SMa1220	iJN1463.PP_4255	62.7	453	166	2	67	518	10	460	3.12e-216	607
SMa1227	iAF987.Gmet_3476	33.0	115	75	2	6	118	12	126	1.47e-10	59.3
SMa1227	iAF987.Gmet_1914	32.3	99	67	0	8	106	6	104	9.16e-10	57.0
SMa1229	iML1515.b1489	31.9	91	62	0	159	249	34	124	4.25e-10	62.0
SMa1229	iSbBS512_1146.SbBS512_E1752	31.9	91	62	0	159	249	42	132	4.26e-10	62.0
SMa1229	iSSON_1240.SSON_1635	31.9	91	62	0	159	249	42	132	4.26e-10	62.0
SMa1232	STM_v1_0.STM2255	57.7	189	78	2	11	199	14	200	4.24e-80	238
SMa1232	iML1515.b2202	57.7	196	77	3	4	199	11	200	1.21e-79	237
SMa1232	iSbBS512_1146.SbBS512_E0739	57.7	196	77	3	4	199	11	200	1.21e-79	237
SMa1232	iSSON_1240.SSON_2260	57.7	196	77	3	4	199	11	200	1.21e-79	237
SMa1232	iPC815.YPO3036	58.1	191	76	2	9	199	14	200	1.21e-79	237
SMa1232	iSF_1195.SF2286	57.7	196	77	3	4	199	11	200	1.72e-79	236
SMa1232	iSDY_1059.SDY_0876	57.1	196	78	3	4	199	11	200	3.99e-78	233
SMa1233	iML1515.b2203	62.2	82	31	0	72	153	60	141	2.65e-35	120
SMa1233	iSbBS512_1146.SbBS512_E0738	62.2	82	31	0	72	153	60	141	2.65e-35	120
SMa1233	iSDY_1059.SDY_0875	62.2	82	31	0	72	153	67	148	3.24e-35	120
SMa1233	iSF_1195.SF2287	62.2	82	31	0	72	153	60	141	2.65e-35	120
SMa1233	iSSON_1240.SSON_2261	62.2	82	31	0	72	153	67	148	3.24e-35	120
SMa1233	iPC815.YPO3037	42.5	160	80	4	5	160	3	154	1.26e-34	118
SMa1233	STM_v1_0.STM2256	57.3	82	35	0	72	153	60	141	3.43e-33	114
SMa1236	iPC815.YPO3038	66.4	831	274	3	4	833	2	828	0.0	1168
SMa1236	STM_v1_0.STM2259	66.9	831	270	3	4	833	2	828	0.0	1167
SMa1236	iML1515.b2206	66.3	831	275	3	4	833	2	828	0.0	1165
SMa1236	iSSON_1240.SSON_2264	66.2	831	276	3	4	833	2	828	0.0	1163
SMa1236	iSbBS512_1146.SbBS512_E0735	66.2	831	276	3	4	833	2	828	0.0	1161
SMa1236	iSF_1195.SF2290	66.1	831	277	3	4	833	2	828	0.0	1161
SMa1236	iSDY_1059.SDY_0872	66.1	831	277	3	4	833	2	828	0.0	1160
SMa1247	iJN1463.PP_4215	26.2	233	142	6	74	286	78	300	1.38e-12	66.6
SMa1250	iJN1463.PP_2205	30.2	106	67	3	97	199	61	162	7.94e-05	44.3
SMa1250	iJN1463.PP_5380	27.6	156	95	5	70	219	37	180	1.46e-04	43.5
SMa1255	iYS854.USA300HOU_RS04825	45.3	86	47	0	17	102	7	92	6.12e-23	84.7
SMa1266	iYL1228.KPN_04175	39.8	442	262	4	4	444	11	449	4.87e-103	314
SMa1266	STM_v1_0.STM4004	40.1	446	255	6	4	444	11	449	8.63e-101	308
SMa1266	iJN1463.PP_4264	40.4	448	254	5	5	444	11	453	5.30e-100	306
SMa1266	iSDY_1059.SDY_3876	38.7	452	253	7	4	444	13	451	1.13e-95	295
SMa1266	iML1515.b3867	38.7	452	253	7	4	444	11	449	2.12e-95	294
SMa1266	iSbBS512_1146.SbBS512_E4342	38.7	452	253	7	4	444	11	449	2.12e-95	294
SMa1266	iSF_1195.SF3937	38.9	452	252	7	4	444	11	449	2.12e-95	294
SMa1266	iSSON_1240.SSON_4039	38.7	452	253	7	4	444	13	451	2.25e-95	294
SMa1266	iSynCJ816.SGL_RS10380	36.9	447	273	6	5	444	14	458	5.92e-91	283
SMa1273	iSynCJ816.SGL_RS17955	28.6	398	239	11	5	366	286	674	7.98e-34	134
SMa1273	iAF987.Gmet_3493	26.7	420	260	10	5	383	280	692	5.08e-32	129
SMa1279	iEK1008.Rv2193	31.0	129	79	4	70	188	74	202	2.11e-08	51.6
SMa1279	iAF987.Gmet_0250	32.7	159	81	5	53	188	44	199	3.49e-07	48.1
SMa1279	iSynCJ816.SGL_RS05550	29.3	133	74	4	69	187	77	203	9.21e-07	47.0
SMa1283	iLB1027_lipid.PHATRDRAFT_16955	29.5	88	54	2	108	191	112	195	6.84e-05	42.4
SMa1285	iYL1228.KPN_02701	47.8	186	95	2	4	188	2	186	1.01e-57	179
SMa1285	iSbBS512_1146.SbBS512_E2689	50.6	172	84	1	4	175	2	172	8.20e-57	177
SMa1285	iSDY_1059.SDY_2510	50.6	172	84	1	4	175	2	172	8.20e-57	177
SMa1285	iSSON_1240.SSON_2369	50.6	172	84	1	4	175	2	172	8.20e-57	177
SMa1285	iSF_1195.SF2387	50.6	172	84	1	4	175	2	172	2.33e-56	176
SMa1285	STM_v1_0.STM2356	49.4	172	86	1	4	175	2	172	9.41e-56	174
SMa1285	iPC815.YPO2773	48.4	186	94	2	4	188	2	186	3.91e-55	173
SMa1288	iJN1463.PP_5213	52.8	481	218	4	2	479	13	487	4.72e-181	515
SMa1288	iPC815.YPO3769	52.3	482	221	4	1	479	15	490	1.77e-178	509
SMa1288	iSDY_1059.SDY_3902	51.0	482	227	4	1	479	15	490	2.78e-172	493
SMa1288	iML1515.b3843	50.8	482	228	4	1	479	15	490	1.59e-171	491
SMa1288	iSSON_1240.SSON_4016	50.8	482	228	4	1	479	15	490	1.59e-171	491
SMa1288	iSbBS512_1146.SbBS512_E4313	50.8	482	228	4	1	479	15	490	2.25e-171	491
SMa1288	iSF_1195.SF3919	50.6	482	229	4	1	479	15	490	1.82e-170	489
SMa1288	iYL1228.KPN_04337	50.4	482	230	4	1	479	12	487	6.00e-170	487
SMa1288	STM_v1_0.STM3978	50.2	482	231	4	1	479	15	490	6.21e-170	487
SMa1296	iSDY_1059.SDY_1608	46.8	310	162	2	29	337	36	343	2.75e-91	277
SMa1296	STM_v1_0.STM1567	46.0	311	165	2	28	337	25	333	1.16e-91	276
SMa1296	iML1515.b1478	46.3	311	164	2	28	337	25	333	1.64e-91	276
SMa1296	iYL1228.KPN_01853	45.5	312	167	2	28	338	25	334	1.87e-90	273
SMa1296	iSF_1195.SF1747	45.7	311	166	2	28	337	25	333	1.06e-89	271
SMa1296	iJN1463.PP_3839	44.2	339	185	3	3	340	1	336	2.41e-88	268
SMa1296	iNF517.LLMG_RS09975	43.5	340	184	5	3	337	1	337	7.96e-85	259
SMa1296	iYS854.USA300HOU_RS03215	43.6	337	184	4	3	336	1	334	7.97e-84	256
SMa1296	iMM904.YMR303C	41.5	340	195	4	2	337	6	345	1.04e-81	251
SMa1327	iEK1008.Rv0646c	34.8	290	162	6	7	274	11	295	3.19e-40	141
SMa1328	iCN718.ABAYE_RS07070	32.9	374	238	5	10	378	25	390	6.62e-61	205
SMa1328	iSSON_1240.SSON_4052	33.2	431	255	10	10	425	18	430	2.45e-60	202
SMa1328	iJN1463.PP_3666	32.3	396	257	4	10	401	24	412	6.65e-58	196
SMa1328	STM_v1_0.STM4290	32.7	385	231	9	10	379	24	395	9.14e-55	189
SMa1328	iSF_1195.SF4112	31.8	381	240	7	10	379	24	395	1.28e-54	189
SMa1328	iML1515.b4111	31.8	381	240	7	10	379	24	395	1.78e-54	188
SMa1328	iSDY_1059.SDY_4102	31.8	381	240	7	10	379	24	395	1.78e-54	188
SMa1328	iSSON_1240.SSON_4286	31.8	381	240	7	10	379	24	395	1.78e-54	188
SMa1328	iYL1228.KPN_02458	30.4	398	262	6	10	400	20	409	9.52e-55	187
SMa1328	iJN1463.PP_2553	31.6	437	266	11	10	431	9	427	3.86e-54	186
SMa1328	iJN1463.PP_2914	32.7	385	231	9	10	379	25	396	1.30e-53	186
SMa1328	iML1515.b1981	31.8	390	253	6	10	394	21	402	4.96e-54	186
SMa1329	iYS854.USA300HOU_RS08170	26.9	242	154	5	152	383	114	342	3.23e-18	85.1
SMa1337	iLJ478.TM1204	28.1	135	86	4	26	159	21	145	3.77e-06	48.5
SMa1337	iLJ478.TM1839	23.4	351	194	15	12	340	7	304	5.02e-06	48.1
SMa1339	iEK1008.Rv2040c	32.6	279	177	4	28	297	14	290	4.92e-41	144
SMa1339	iEK1008.Rv1236	29.8	295	198	4	6	293	1	293	1.53e-35	129
SMa1341	iSynCJ816.SGL_RS16650	31.2	247	160	5	79	318	54	297	1.08e-33	125
SMa1341	iEK1008.Rv1237	33.5	212	138	2	110	318	62	273	3.39e-33	123
SMa1341	iLJ478.TM0420	28.9	218	149	4	106	318	66	282	2.27e-31	118
SMa1344	STM_v1_0.STM3554	43.6	365	191	4	1	362	1	353	4.22e-99	297
SMa1344	iJN1463.PP_1018	42.9	366	201	4	1	362	1	362	1.86e-96	291
SMa1344	iPC815.YPO3793	43.6	365	190	4	1	362	1	352	9.05e-96	289
SMa1344	iML1515.b3450	43.3	363	195	5	1	362	1	353	9.96e-95	286
SMa1344	iLJ478.TM0421	41.9	363	200	4	1	361	1	354	1.09e-94	286
SMa1344	iSbBS512_1146.SbBS512_E3873	43.3	363	195	5	1	362	1	353	1.99e-94	285
SMa1344	iYL1228.KPN_03810	43.0	363	196	6	1	362	1	353	1.13e-93	283
SMa1344	iYS854.USA300HOU_RS01090	42.8	367	199	3	1	362	1	361	2.12e-93	283
SMa1344	iEK1008.Rv1238	42.5	398	189	8	1	367	1	389	6.37e-91	278
SMa1344	STM_v1_0.STM4230	43.6	362	190	5	1	357	1	353	1.11e-88	271
SMa1344	iPC815.YPO3712	43.4	362	191	5	1	357	1	353	2.21e-88	270
SMa1344	iML1515.b4035	42.3	362	197	4	1	357	1	355	6.64e-88	269
SMa1344	iSSON_1240.SSON_4213	42.3	362	197	4	1	357	1	355	6.64e-88	269
SMa1344	iYL1228.KPN_04424	43.6	362	190	5	1	357	1	353	8.83e-88	269
SMa1344	iSF_1195.SF4170	42.3	362	197	4	1	357	1	355	1.33e-87	268
SMa1345	iJN1463.PP_1018	43.4	371	193	7	1	357	1	368	5.93e-92	280
SMa1347	iEK1008.Rv2996c	36.7	300	181	6	9	304	11	305	4.11e-49	171
SMa1347	iJN1463.PP_3376	36.7	256	157	2	60	311	65	319	1.58e-44	154
SMa1351	iYL1228.KPN_04095	33.8	364	205	10	48	396	17	359	2.31e-43	155
SMa1351	STM_v1_0.STM3828	33.0	364	208	10	48	396	17	359	8.88e-42	150
SMa1351	iML1515.b4478	32.4	364	210	10	48	396	17	359	2.40e-41	149
SMa1354	iJN1463.PP_4298	27.7	130	88	4	117	241	112	240	1.72e-08	53.9
SMa1362	iEK1008.Rv2039c	39.2	181	104	3	279	457	94	270	2.24e-35	132
SMa1363	iYO844.BSU06980	27.4	350	173	10	5	346	16	292	4.15e-25	103
SMa1363	iYO844.BSU28740	26.5	359	189	8	6	362	27	312	1.38e-22	96.3
SMa1363	iCN900.CD630_34160	23.9	348	190	6	5	350	2	276	4.64e-22	94.4
SMa1363	iEK1008.Rv2316	27.9	348	175	5	5	352	6	277	6.47e-22	94.0
SMa1364	iLJ478.TM1839	30.2	106	66	3	46	143	34	139	1.38e-05	46.6
SMa1364	iLJ478.TM1204	29.1	103	65	3	46	140	33	135	7.49e-05	44.3
SMa1364	iYO844.BSU28750	22.3	202	152	4	102	300	120	319	2.45e-04	42.7
SMa1365	STM_v1_0.STM3627	42.7	110	56	2	14	117	188	296	1.37e-18	79.0
SMa1365	iPC815.YPO4000	43.6	110	55	2	14	117	188	296	2.60e-18	78.2
SMa1365	iYO844.BSU12950	40.2	107	57	3	14	114	190	295	3.86e-18	77.8
SMa1365	iYL1228.KPN_03896	47.7	88	45	1	14	101	188	274	3.63e-18	77.8
SMa1365	iML1515.b0829	50.0	78	38	1	14	91	203	279	9.34e-18	77.4
SMa1365	iSbBS512_1146.SbBS512_E2519	50.0	78	38	1	14	91	203	279	9.34e-18	77.4
SMa1365	iSDY_1059.SDY_0758	50.0	78	38	1	14	91	192	268	9.32e-18	77.4
SMa1365	iSF_1195.SF0779	50.0	78	38	1	14	91	192	268	9.32e-18	77.4
SMa1365	iSSON_1240.SSON_0811	50.0	78	38	1	14	91	192	268	9.32e-18	77.4
SMa1365	iYL1228.KPN_02194	46.7	90	39	2	14	103	203	283	7.49e-18	77.0
SMa1365	iSDY_1059.SDY_1305	44.3	106	55	2	14	116	199	303	1.01e-17	76.6
SMa1365	iLJ478.TM1064	51.4	72	34	1	14	85	193	263	9.98e-18	76.6
SMa1365	iYS854.USA300HOU_RS04905	46.3	82	42	2	14	95	188	267	1.64e-17	75.9
SMa1365	iML1515.b1247	52.0	75	35	1	14	88	199	272	3.69e-17	75.1
SMa1365	iYL1228.KPN_00862	50.0	72	35	1	14	85	204	274	6.01e-17	75.1
SMa1365	iSbBS512_1146.SbBS512_E1416	52.0	75	35	1	14	88	199	272	3.69e-17	75.1
SMa1365	iSF_1195.SF1248	52.0	75	35	1	14	88	199	272	3.69e-17	75.1
SMa1365	iSSON_1240.SSON_1933	52.0	75	35	1	14	88	199	272	3.69e-17	75.1
SMa1365	iML1515.b1246	45.6	90	40	2	14	103	203	283	5.19e-17	74.7
SMa1365	STM_v1_0.STM1743	50.0	76	37	1	14	89	201	275	5.13e-17	74.7
SMa1365	STM_v1_0.STM1742	50.0	82	39	2	14	95	199	278	5.09e-17	74.7
SMa1365	STM_v1_0.STM0848	48.7	76	38	1	14	89	203	277	8.20e-17	74.7
SMa1365	iSbBS512_1146.SbBS512_E1415	45.6	90	40	2	14	103	203	283	5.19e-17	74.7
SMa1365	iSDY_1059.SDY_1304	45.6	90	40	2	14	103	203	283	5.19e-17	74.7
SMa1365	iSF_1195.SF1247	45.6	90	40	2	14	103	203	283	5.19e-17	74.7
SMa1365	iSSON_1240.SSON_1934	45.6	90	40	2	14	103	203	283	5.19e-17	74.7
SMa1365	iYL1228.KPN_02193	50.7	75	36	1	14	88	199	272	9.70e-17	73.9
SMa1365	iAF692.Mbar_A0471	48.6	70	35	1	14	83	200	268	5.52e-17	73.9
SMa1365	iLJ478.TM1063	42.9	98	52	3	6	101	188	283	1.40e-16	73.6
SMa1365	iEK1008.Rv1281c	48.0	75	38	1	14	88	534	607	3.86e-16	72.8
SMa1365	iML1515.b3541	51.4	72	34	1	14	85	188	258	3.36e-16	72.4
SMa1365	iSF_1195.SF3576	51.4	72	34	1	14	85	188	258	3.36e-16	72.4
SMa1365	iSSON_1240.SSON_3849	51.4	72	34	1	14	85	188	258	3.36e-16	72.4
SMa1365	iYS854.USA300HOU_RS04900	48.6	72	36	1	14	85	191	261	4.00e-16	72.4
SMa1365	iSDY_1059.SDY_4564	51.4	72	34	1	14	85	188	258	6.40e-16	71.6
SMa1365	iPC815.YPO3999	47.2	72	37	1	14	85	217	287	7.49e-16	71.6
SMa1367	iYL1228.KPN_01091	33.5	245	152	5	8	251	9	243	7.92e-30	111
SMa1367	iML1515.b1093	33.9	245	151	5	8	251	9	243	4.29e-29	109
SMa1367	iSbBS512_1146.SbBS512_E2231	33.9	245	151	5	8	251	9	243	4.29e-29	109
SMa1367	iSF_1195.SF1097	33.9	245	151	5	8	251	9	243	4.29e-29	109
SMa1367	iSSON_1240.SSON_1113	33.9	245	151	5	8	251	9	243	4.29e-29	109
SMa1367	iSDY_1059.SDY_2057	33.9	245	151	5	8	251	9	243	1.18e-28	108
SMa1367	STM_v1_0.STM1195	33.5	245	152	5	8	251	9	243	6.35e-28	106
SMa1367	iHN637.CLJU_RS20765	29.5	244	167	2	8	251	10	248	1.36e-27	105
SMa1367	iYO844.BSU15910	30.2	245	164	3	8	251	8	246	1.82e-27	105
SMa1367	iYS854.USA300HOU_RS06185	30.3	244	165	2	8	251	6	244	1.74e-27	105
SMa1367	iAF987.Gmet_1601	33.2	244	157	3	8	251	9	246	1.36e-26	103
SMa1367	iCN718.ABAYE_RS14915	32.9	246	154	6	8	252	9	244	2.56e-26	102
SMa1370	iLJ478.TM0057	51.1	325	147	6	6	322	3	323	4.79e-101	300
SMa1370	iLJ478.TM1063	50.5	327	150	6	6	322	3	327	1.06e-100	299
SMa1370	iML1515.b0829	59.1	269	109	1	5	273	312	579	8.42e-95	293
SMa1370	iSbBS512_1146.SbBS512_E2519	59.1	269	109	1	5	273	312	579	8.42e-95	293
SMa1370	iSSON_1240.SSON_0811	59.1	269	109	1	5	273	301	568	6.41e-95	293
SMa1370	iSDY_1059.SDY_0758	59.1	269	109	1	5	273	301	568	9.04e-95	293
SMa1370	STM_v1_0.STM0848	57.6	269	113	1	5	273	312	579	1.67e-94	292
SMa1370	iSF_1195.SF0779	58.7	269	110	1	5	273	301	568	1.40e-93	290
SMa1370	iYL1228.KPN_00862	57.2	269	114	1	5	273	309	576	1.83e-92	287
SMa1370	STM_v1_0.STM1742	44.8	319	173	2	6	322	11	328	1.51e-93	281
SMa1370	iYL1228.KPN_02193	45.1	319	172	2	6	322	11	328	6.08e-93	279
SMa1370	iML1515.b1247	44.8	319	173	2	6	322	11	328	4.90e-92	277
SMa1370	iSbBS512_1146.SbBS512_E1416	44.8	319	173	2	6	322	11	328	4.90e-92	277
SMa1370	iSF_1195.SF1248	44.8	319	173	2	6	322	11	328	4.90e-92	277
SMa1370	iJN1463.PP_0878	46.3	320	167	4	3	322	1	315	6.71e-92	276
SMa1370	iSDY_1059.SDY_1305	44.8	319	173	2	6	322	11	328	9.82e-92	276
SMa1370	iLJ478.TM1750	49.0	296	149	2	27	322	27	320	2.30e-91	275
SMa1370	iSSON_1240.SSON_1933	44.2	319	175	2	6	322	11	328	2.24e-90	273
SMa1371	iSSON_1240.SSON_3849	54.5	299	135	1	1	299	1	298	7.55e-105	309
SMa1371	iML1515.b3541	54.5	299	135	1	1	299	1	298	3.04e-104	308
SMa1371	iSF_1195.SF3576	54.5	299	135	1	1	299	1	298	3.04e-104	308
SMa1371	iSDY_1059.SDY_4564	54.2	299	136	1	1	299	1	298	8.66e-104	306
SMa1371	STM_v1_0.STM3627	54.2	299	136	1	1	299	1	298	1.74e-103	306
SMa1371	iYO844.BSU12950	55.3	291	128	2	3	292	4	293	6.42e-103	305
SMa1371	iYL1228.KPN_03896	53.5	299	138	1	1	299	1	298	5.66e-102	302
SMa1371	iPC815.YPO4000	52.2	299	142	1	1	299	1	298	3.58e-100	297
SMa1371	iYS854.USA300HOU_RS04900	56.2	290	124	3	3	290	5	293	2.14e-99	296
SMa1371	iJN1463.PP_0879	53.2	299	138	2	1	299	1	297	1.90e-96	288
SMa1371	iLJ478.TM1749	52.5	299	141	1	1	299	2	299	8.15e-96	286
SMa1371	iYL1228.KPN_02194	49.8	315	155	3	3	316	19	331	3.51e-95	285
SMa1371	STM_v1_0.STM1743	49.8	319	157	3	3	320	17	333	3.29e-95	285
SMa1371	iSbBS512_1146.SbBS512_E1415	49.2	319	159	3	3	320	19	335	4.56e-93	280
SMa1371	iSDY_1059.SDY_1304	49.2	319	159	3	3	320	19	335	6.46e-93	279
SMa1371	iSF_1195.SF1247	49.2	319	159	3	3	320	19	335	6.46e-93	279
SMa1371	iSSON_1240.SSON_1934	49.2	319	159	3	3	320	19	335	6.46e-93	279
SMa1374	iJN1463.PP_0880	43.1	297	164	2	4	296	8	303	2.30e-73	228
SMa1374	STM_v1_0.STM3628	40.3	283	165	1	18	296	15	297	3.29e-65	207
SMa1374	iSDY_1059.SDY_4565	39.6	288	170	1	13	296	10	297	6.56e-65	206
SMa1373	iYL1228.KPN_03851	37.7	308	187	3	1	304	1	307	2.18e-56	184
SMa1373	iJN1463.PP_0881	35.6	334	184	4	1	304	1	333	4.76e-54	179
SMa1373	iSSON_1240.SSON_0813	34.8	305	197	2	1	304	1	304	2.04e-51	171
SMa1373	iYL1228.KPN_00864	35.1	305	196	2	1	304	1	304	4.04e-51	170
SMa1373	iML1515.b0831	34.4	305	198	2	1	304	1	304	2.24e-50	168
SMa1373	iSDY_1059.SDY_0756	34.4	305	198	2	1	304	1	304	2.24e-50	168
SMa1373	iJN1463.PP_3343	36.8	310	191	3	1	306	1	309	3.78e-50	168
SMa1373	iSF_1195.SF0781	34.4	305	198	2	1	304	1	304	8.78e-50	167
SMa1373	STM_v1_0.STM3629	32.3	337	194	4	1	304	1	336	2.86e-49	166
SMa1373	iSF_1195.SF3495	35.1	308	195	3	1	304	1	307	1.52e-49	166
SMa1375	iML1515.b0830	29.8	392	258	7	15	393	15	402	1.11e-41	155
SMa1375	iSSON_1240.SSON_0812	29.8	392	258	7	15	393	15	402	1.53e-41	155
SMa1375	iSF_1195.SF0780	29.8	392	258	7	15	393	15	402	2.89e-41	154
SMa1375	iSbBS512_1146.SbBS512_E2518	29.8	393	257	8	15	393	15	402	3.98e-41	154
SMa1375	iSDY_1059.SDY_0757	29.7	391	256	8	17	393	17	402	1.43e-40	152
SMa1375	iYL1228.KPN_00863	29.7	391	260	9	15	393	15	402	9.75e-40	150
SMa1375	STM_v1_0.STM0849	33.1	332	205	7	15	333	15	342	1.21e-38	147
SMa1377	iAF987.Gmet_0075	32.3	474	279	7	6	440	5	475	5.76e-62	209
SMa1377	iCN718.ABAYE_RS04050	33.5	478	277	9	1	439	1	476	2.06e-58	199
SMa1377	iEK1008.Rv3375	32.1	464	295	6	3	451	16	474	1.13e-55	192
SMa1377	iAF692.Mbar_A0883	32.2	463	261	12	17	439	13	462	1.61e-54	189
SMa1379	iML1515.b0830	30.7	368	243	5	15	372	19	384	1.12e-42	158
SMa1379	iSbBS512_1146.SbBS512_E2518	30.7	368	243	5	15	372	19	384	1.12e-42	158
SMa1379	iSDY_1059.SDY_0757	30.7	368	243	5	15	372	19	384	1.12e-42	158
SMa1379	iSSON_1240.SSON_0812	30.7	368	243	5	15	372	19	384	1.12e-42	158
SMa1379	iSF_1195.SF0780	30.4	368	244	5	15	372	19	384	4.02e-42	156
SMa1379	iYL1228.KPN_00863	29.0	376	256	5	6	372	11	384	2.40e-39	149
SMa1379	STM_v1_0.STM3630	27.1	509	300	18	12	466	18	509	8.26e-39	147
SMa1379	STM_v1_0.STM0849	28.7	376	255	5	6	372	13	384	8.43e-39	147
SMa1379	iML1515.b3544	27.2	497	292	17	12	454	18	498	1.02e-37	144
SMa1379	iSDY_1059.SDY_4567	27.2	497	292	17	12	454	18	498	1.02e-37	144
SMa1379	iSF_1195.SF3579	27.2	497	292	17	12	454	18	498	1.02e-37	144
SMa1379	iSSON_1240.SSON_3846	27.0	496	292	17	12	453	18	497	3.60e-37	143
SMa1379	iYL1228.KPN_03899	25.4	512	305	18	12	466	9	500	4.43e-37	142
SMa1381	iLJ478.TM1433	30.1	183	115	5	7	181	4	181	2.56e-08	55.5
SMa5031	iYO844.BSU32470	36.6	41	24	1	43	81	48	88	2.12e-04	37.4
SMa1386	iJN1463.PP_0612	31.0	200	115	4	120	316	181	360	1.12e-17	82.4
SMa1389	iJN1463.PP_4201	64.9	308	106	2	1	307	1	307	4.66e-122	352
SMa1391	iJN1463.PP_4202	71.5	249	71	0	1	249	1	249	1.18e-116	333
SMa1394	iSF_1195.SF4283	41.8	273	146	5	1	269	1	264	6.43e-66	207
SMa1398	iCN718.ABAYE_RS14915	33.5	248	154	5	7	254	5	241	6.78e-30	112
SMa1398	iCN900.CD630_11820	32.4	250	158	4	9	256	8	248	2.92e-29	110
SMa1398	iPC815.YPO2539	33.5	254	147	6	11	256	13	252	8.96e-29	109
SMa1398	STM_v1_0.STM4483	30.9	249	160	5	11	256	13	252	3.44e-28	107
SMa1398	iML1515.b4266	30.8	247	163	4	11	256	13	252	4.81e-28	107
SMa1398	iSSON_1240.SSON_4451	30.8	247	163	4	11	256	13	252	6.72e-28	107
SMa1398	iAF987.Gmet_1601	35.8	246	150	5	9	254	7	244	1.11e-27	106
SMa1398	iYS854.USA300HOU_RS06185	33.2	247	154	5	10	254	5	242	4.06e-27	104
SMa1400	iYO844.BSU24150	44.4	376	207	1	1	374	1	376	4.61e-96	291
SMa1400	iYO844.BSU37170	46.4	373	198	2	3	373	5	377	4.61e-96	291
SMa1400	iCN900.CD630_10540	45.7	372	192	3	10	375	11	378	4.47e-96	291
SMa1400	iEK1008.Rv3274c	43.9	376	207	3	3	375	15	389	2.01e-94	287
SMa1400	iIS312.TCDM_14107	42.1	373	210	2	3	374	31	398	1.66e-87	270
SMa1400	iJN1463.PP_2216	42.1	380	208	3	1	373	1	375	3.04e-87	268
SMa1400	iMM1415.11409	40.9	379	214	3	3	375	34	408	1.44e-85	265
SMa1400	iYO844.BSU18260	42.8	376	212	3	3	375	5	380	7.93e-86	265
SMa1400	iCHOv1.100763159	43.1	378	211	2	3	376	41	418	3.73e-85	264
SMa1400	iAT_PLT_636.35	40.4	379	216	3	3	375	34	408	5.74e-85	263
SMa1400	iAF987.Gmet_1715	39.6	374	224	2	3	374	5	378	4.33e-85	263
SMa1403	iYO844.BSU29050	32.9	140	49	7	49	182	44	144	2.23e-07	51.2
SMa1403	iLB1027_lipid.PHATRDRAFT_44546	24.3	259	139	10	9	258	4	214	3.51e-07	50.8
SMa1403	iYO844.BSU33400	27.5	189	86	8	14	198	15	156	3.91e-07	50.4
SMa1403	iSbBS512_1146.SbBS512_E3430	25.9	193	112	9	7	189	16	187	6.82e-06	47.0
SMa1403	iML1515.b3001	28.2	188	95	9	7	187	16	170	1.21e-05	46.2
SMa1403	iSF_1195.SF3047	28.2	188	95	9	7	187	16	170	1.21e-05	46.2
SMa1403	iSSON_1240.SSON_3145	28.2	188	95	9	7	187	16	170	1.21e-05	46.2
SMa1406	iJN1463.PP_4300	49.4	419	210	2	1	418	1	418	1.16e-123	364
SMa1408	iSbBS512_1146.SbBS512_E4743	36.3	240	151	2	16	254	17	255	9.32e-42	143
SMa1409	iML1515.b1694	35.8	523	322	7	4	523	15	526	8.63e-104	321
SMa1410	iJN1463.PP_2368	40.9	264	150	4	16	276	7	267	1.01e-61	195
SMa1410	iYL1228.KPN_00221	38.6	264	156	3	16	276	7	267	2.87e-61	194
SMa1410	iSbBS512_1146.SbBS512_E0204	37.5	264	159	3	16	276	7	267	3.64e-59	189
SMa1410	iSSON_1240.SSON_0221	37.5	264	159	3	16	276	7	267	7.27e-59	188
SMa1410	iML1515.b0207	37.5	264	159	3	16	276	7	267	4.10e-58	186
SMa1410	iSF_1195.SF0192	37.1	264	160	3	16	276	7	267	5.79e-58	186
SMa1410	iPC815.YPO1075	37.5	264	159	3	16	276	7	267	3.26e-57	184
SMa1410	STM_v1_0.STM0255	37.5	264	159	3	16	276	7	267	6.51e-57	183
SMa1410	iSDY_1059.SDY_0226	38.8	240	144	2	16	252	7	246	5.15e-56	180
SMa1414	iMM1415.218865	39.4	536	313	4	5	530	43	576	7.79e-122	370
SMa1414	iCHOv1.100772204	38.7	535	316	5	5	529	46	578	1.49e-119	364
SMa1414	iJN1463.PP_5064	38.1	544	313	11	1	529	1	535	5.12e-111	341
SMa1414	iML1515.b0311	38.5	535	315	10	5	529	3	533	4.85e-109	335
SMa1414	iCN718.ABAYE_RS14300	37.6	534	322	7	5	529	6	537	2.41e-108	333
SMa1415	iJN1463.PP_5278	43.0	477	264	6	20	490	23	497	4.84e-121	363
SMa1415	iYO844.BSU31060	40.2	473	277	3	20	487	6	477	2.49e-116	351
SMa1415	iMM904.YER073W	40.3	477	279	5	18	492	45	517	9.78e-115	348
SMa1415	iJN1463.PP_5063	40.8	478	274	6	20	491	10	484	5.58e-115	347
SMa1415	iPC815.YPO1166	40.4	478	276	5	20	491	10	484	4.43e-114	345
SMa1415	iCHOv1.100768654	41.3	479	273	6	20	493	21	496	8.94e-113	342
SMa1415	iMM1415.11668	42.0	479	270	6	20	493	24	499	1.95e-112	341
SMa1415	iYO844.BSU19310	39.2	474	282	5	20	490	23	493	4.59e-112	340
SMa1415	iCN718.ABAYE_RS14295	40.7	460	266	4	36	491	28	484	5.57e-112	340
SMa1415	iAT_PLT_636.220	41.0	502	270	8	10	493	17	510	1.08e-111	340
SMa1415	iCHOv1.100768367	41.3	479	273	6	20	493	51	526	2.44e-111	339
SMa1415	iMM1415.56847	40.8	497	278	7	10	493	17	510	2.15e-111	339
SMa1415	iMM1415.11669	39.7	478	282	5	20	493	42	517	3.29e-109	333
SMa1415	iCHOv1.100768227	40.6	493	277	7	11	490	18	507	2.99e-108	331
SMa1415	iMM904.YOR374W	40.8	439	257	3	52	490	82	517	7.31e-108	330
SMa1415	iAT_PLT_636.216	40.3	479	278	6	20	493	24	499	2.41e-107	328
SMa1415	iMM1415.72535	40.6	478	278	5	20	493	42	517	8.13e-107	327
SMa1415	iMM1415.19378	40.5	479	277	6	20	493	41	516	1.11e-106	327
SMa1417	iCN900.CD630_23240	31.2	346	229	5	1	339	1	344	2.56e-44	155
SMa1417	iYS854.USA300HOU_RS01290	33.0	309	200	6	27	331	29	334	5.69e-42	149
SMa1417	iJN1463.PP_0552	32.9	340	200	9	1	321	9	339	7.53e-41	146
SMa1417	iYO844.BSU12330	30.0	340	232	5	1	338	1	336	8.95e-41	145
SMa1417	iYO844.BSU06150	30.0	330	222	6	1	324	9	335	1.70e-40	145
SMa1417	iSDY_1059.SDY_1608	30.5	305	206	5	1	303	11	311	1.98e-39	142
SMa1417	iSbBS512_1146.SbBS512_E4898	29.1	326	224	6	1	324	4	324	7.11e-39	140
SMa1418	iYL1228.KPN_04155	33.1	299	195	4	13	308	24	320	1.91e-36	132
SMa1418	iML1515.b3750	33.1	299	195	4	13	308	24	320	7.29e-36	131
SMa1418	STM_v1_0.STM3883	32.5	302	193	5	13	308	24	320	2.88e-34	127
SMa1418	iHN637.CLJU_RS00625	31.4	299	197	5	13	308	26	319	1.62e-32	122
SMa1421	iLJ478.TM0115	38.9	488	281	7	5	486	18	494	1.79e-110	337
SMa1421	iLJ478.TM0956	39.0	500	274	10	1	485	12	495	4.24e-106	326
SMa1421	iML1515.b3749	38.9	488	281	9	1	485	4	477	4.44e-106	325
SMa1421	iYL1228.KPN_04154	38.7	488	282	9	1	485	4	477	8.83e-106	324
SMa1421	iHN637.CLJU_RS00620	37.0	481	290	6	3	481	7	476	1.17e-105	324
SMa1421	STM_v1_0.STM3882	38.1	491	281	9	1	485	4	477	3.89e-104	320
SMa1421	iPC815.YPO0958	37.9	483	285	6	3	483	7	476	5.03e-101	312
SMa1421	iYO844.BSU35940	34.8	480	300	6	3	481	4	471	2.89e-98	305
SMa1424	iYL1228.KPN_04155	32.4	318	204	4	3	315	10	321	1.81e-41	146
SMa1424	iNF517.LLMG_RS04065	33.2	301	194	4	16	314	14	309	1.50e-41	146
SMa1424	iML1515.b3750	31.4	318	207	3	3	315	10	321	1.37e-40	144
SMa1424	STM_v1_0.STM3883	32.4	318	204	4	3	315	10	321	1.92e-40	143
SMa1424	iLJ478.TM0955	32.5	305	198	5	12	309	18	321	1.06e-36	134
SMa1427	iML1515.b4088	35.4	178	109	4	126	298	96	272	2.82e-19	87.0
SMa1430	iSbBS512_1146.SbBS512_E4898	32.1	137	73	4	99	221	132	262	4.45e-12	65.9
SMa1430	iML1515.b4358	32.1	134	77	3	99	221	132	262	8.02e-12	65.1
SMa1430	iSSON_1240.SSON_4504	32.1	134	77	3	99	221	137	267	8.23e-12	65.1
SMa1434	iYL1228.KPN_00862	46.0	556	271	8	8	536	12	565	2.90e-151	447
SMa1434	STM_v1_0.STM0848	45.7	560	274	5	6	536	10	568	9.26e-151	446
SMa1434	iYS854.USA300HOU_RS01050	44.7	530	283	3	8	535	4	525	4.84e-152	446
SMa1434	iSDY_1059.SDY_0758	45.7	558	273	5	8	536	1	557	1.86e-150	444
SMa1434	iML1515.b0829	45.5	558	274	5	8	536	12	568	3.70e-150	444
SMa1434	iSbBS512_1146.SbBS512_E2519	45.2	558	276	4	8	536	12	568	3.70e-150	444
SMa1434	iSSON_1240.SSON_0811	45.5	558	274	5	8	536	1	557	7.44e-150	443
SMa1434	iSF_1195.SF0779	45.5	558	274	5	8	536	1	557	1.19e-148	440
SMa1434	iJN1463.PP_4150	44.4	531	288	4	5	534	3	527	1.29e-147	434
SMa1434	iML1515.b2180	43.9	526	290	3	8	532	5	526	5.00e-146	430
SMa1434	iEK1008.Rv1281c	42.1	608	272	7	7	538	3	606	1.72e-142	424
SMa1435	iJN1463.PP_0880	38.3	269	165	1	24	291	34	302	2.94e-51	171
SMa1435	iML1515.b1485	34.5	267	170	2	25	291	30	291	3.25e-47	160
SMa1435	iSSON_1240.SSON_1639	34.5	267	170	2	25	291	30	291	3.25e-47	160
SMa1435	iSbBS512_1146.SbBS512_E1748	34.5	267	166	3	25	291	30	287	8.16e-47	159
SMa1435	iSbBS512_1146.SbBS512_E2516	37.5	272	158	4	24	291	36	299	2.03e-46	158
SMa1435	iSSON_1240.SSON_0814	37.5	272	158	4	24	291	36	299	2.03e-46	158
SMa1435	iML1515.b0832	37.1	272	159	4	24	291	36	299	2.86e-46	157
SMa1435	iSDY_1059.SDY_0755	37.1	272	159	4	24	291	36	299	7.95e-46	156
SMa1437	iJN1463.PP_0881	38.4	336	173	6	1	304	1	334	1.20e-57	188
SMa1437	iML1515.b3543	36.4	338	180	5	1	304	1	337	7.47e-53	176
SMa1437	iSDY_1059.SDY_4566	36.4	338	180	5	1	304	1	337	7.47e-53	176
SMa1437	iSF_1195.SF3578	36.4	338	180	5	1	304	1	337	7.47e-53	176
SMa1437	iSSON_1240.SSON_3847	36.4	338	180	5	1	304	1	337	7.47e-53	176
SMa1437	iSSON_1240.SSON_0813	33.1	305	203	1	1	304	1	305	4.42e-53	175
SMa1437	iYL1228.KPN_03898	35.6	337	184	4	1	304	1	337	8.16e-52	173
SMa1437	iML1515.b0831	32.8	305	204	1	1	304	1	305	4.87e-52	172
SMa1437	iYL1228.KPN_00864	32.8	305	204	1	1	304	1	305	4.87e-52	172
SMa1437	STM_v1_0.STM3629	36.1	338	181	5	1	304	1	337	1.15e-51	172
SMa1437	iSDY_1059.SDY_0756	32.8	305	204	1	1	304	1	305	4.87e-52	172
SMa1437	iSF_1195.SF0781	32.8	305	204	1	1	304	1	305	2.70e-51	171
SMa1437	iSbBS512_1146.SbBS512_E2517	32.5	305	205	1	1	304	1	305	7.55e-51	169
SMa1438	iML1515.b3544	26.5	377	230	13	75	412	76	444	1.77e-25	109
SMa1438	iSDY_1059.SDY_4567	26.5	377	230	13	75	412	76	444	1.77e-25	109
SMa1438	iSF_1195.SF3579	26.5	377	230	13	75	412	76	444	1.77e-25	109
SMa1438	iSSON_1240.SSON_3846	26.5	377	230	13	75	412	76	444	1.77e-25	109
SMa1438	STM_v1_0.STM3630	26.1	376	233	12	75	412	76	444	7.73e-25	107
SMa1440	iJN1463.PP_3599	51.3	298	144	1	1	297	1	298	1.12e-104	307
SMa1447	iJN1463.PP_3740	30.4	401	262	8	10	401	9	401	7.20e-32	125
SMa1447	iJN1463.PP_3658	26.2	385	276	4	28	408	28	408	1.04e-31	125
SMa1447	iJN1463.PP_3165	26.4	409	279	4	1	399	1	397	2.41e-31	124
SMa1450	iJN1463.PP_2215	69.7	389	118	0	5	393	6	394	4.13e-188	526
SMa1452	iJN1463.PP_2214	64.3	255	91	0	1	255	1	255	3.44e-107	310
SMa1459	iJN1463.PP_3591	39.4	297	176	4	10	303	7	302	1.95e-53	178
SMa1461	iYL1228.KPN_01875	28.8	361	236	7	14	363	36	386	6.01e-35	132
SMa1461	iJN1463.PP_3715	27.4	376	249	9	2	364	4	368	2.89e-32	124
SMa1462	iJN1463.PP_0870	44.8	268	144	3	29	292	37	304	2.47e-73	227
SMa1465	iJN1463.PP_0871	52.9	210	95	2	23	232	25	230	3.58e-64	200
SMa1466	iJN1463.PP_0868	52.2	368	175	1	1	368	1	367	4.75e-124	362
SMa1467	iJN1463.PP_0869	56.6	198	86	0	18	215	19	216	3.33e-65	200
SMa1471	iYL1228.KPN_00613	26.1	157	109	3	35	190	54	204	4.71e-08	52.0
SMa1471	STM_v1_0.STM0597	27.2	158	108	3	35	191	54	205	8.66e-08	51.2
SMa1471	iML1515.b1011	25.3	186	112	6	8	173	14	192	1.34e-06	47.4
SMa1471	iSSON_1240.SSON_1030	25.3	186	112	6	8	173	28	206	1.46e-06	47.4
SMa1471	iML1515.b0595	25.8	163	102	3	35	190	54	204	2.32e-06	47.0
SMa1471	iSDY_1059.SDY_0526	25.8	163	102	3	35	190	54	204	2.32e-06	47.0
SMa1471	iSF_1195.SF0509	25.8	163	102	3	35	190	54	204	2.32e-06	47.0
SMa1471	iSSON_1240.SSON_0546	25.8	163	102	3	35	190	54	204	2.32e-06	47.0
SMa1473	iYS854.USA300HOU_RS08170	23.8	365	232	12	66	422	18	344	3.89e-17	82.0
SMa1483	iAT_PLT_636.29958	37.6	814	496	6	2	805	47	858	5.17e-198	585
SMa1483	iMM1415.74129	36.9	814	502	6	2	805	40	851	5.02e-196	580
SMa1483	iCHOv1.100759503	37.0	814	501	6	2	805	45	856	6.53e-195	577
SMa1485	iML1515.b3662	44.6	363	200	1	17	378	19	381	4.86e-87	270
SMa1488	iJN1463.PP_3948	27.5	765	490	26	21	747	6	743	3.12e-51	193
SMa1491	iJN1463.PP_3947	48.7	150	76	1	1	149	5	154	4.66e-47	149
SMa1495	iCHOv1.100771278	42.4	368	209	3	4	369	40	406	6.92e-84	260
SMa1495	iMM1415.11611	41.8	368	211	3	4	369	40	406	2.75e-83	259
SMa1495	iYL1228.KPN_01762	36.1	382	225	3	4	369	9	387	3.49e-74	235
SMa1497	iML1515.b2302	26.2	206	129	8	1	195	1	194	1.04e-12	64.3
SMa1497	iAT_PLT_636.2954	26.2	202	138	6	4	202	8	201	1.88e-11	60.8
SMa1497	iCHOv1.100764455	24.8	202	141	6	4	202	55	248	8.89e-11	60.1
SMa1500	iJN1463.PP_3737	42.2	306	170	5	288	588	13	316	3.23e-76	244
SMa1509	iML1515.b2149	38.4	490	293	4	5	490	14	498	5.35e-98	305
SMa1509	iSF_1195.SF2234	38.4	490	293	4	5	490	14	498	5.35e-98	305
SMa1509	iSSON_1240.SSON_2205	38.4	490	293	4	5	490	14	498	5.35e-98	305
SMa1509	STM_v1_0.STM2189	37.7	491	295	6	5	490	14	498	3.27e-96	300
SMa1509	iYL1228.KPN_02587	36.6	489	299	6	7	490	1	483	2.23e-92	290
SMa1509	iPC815.YPO1508	36.5	490	302	4	5	490	14	498	3.39e-92	290
SMa1509	iLJ478.TM0956	33.1	493	323	2	5	490	13	505	1.07e-91	289
SMa1509	iYO844.BSU35940	32.2	497	324	4	4	495	2	490	2.42e-88	279
SMa1509	iPC815.YPO3964	36.1	504	303	6	2	497	4	496	5.43e-87	276
SMa1509	iYL1228.KPN_03931	35.0	494	312	4	5	490	5	497	1.26e-86	275
SMa1509	iCN900.CD630_03010	32.8	478	309	4	5	477	6	476	1.91e-86	275
SMa1513	iYL1228.KPN_04624	24.6	293	181	11	36	318	53	315	5.04e-05	44.3
SMa1514	iSynCJ816.SGL_RS12165	31.1	90	57	2	142	228	213	300	7.64e-04	40.4
SMa1516	iAF987.Gmet_0161	53.0	313	143	2	13	324	14	323	1.00e-108	319
SMa1516	iAF987.Gmet_3348	50.0	330	152	3	11	328	17	345	3.53e-108	318
SMa1519	iJN1463.PP_4126	45.1	144	70	3	16	151	4	146	1.91e-20	83.6
SMa1519	iAF987.Gmet_3347	34.1	129	83	2	20	148	5	131	3.09e-20	81.6
SMa1519	iAF987.Gmet_0163	41.4	162	87	3	17	178	7	160	6.93e-19	79.3
SMa1521	iPC815.YPO3577	22.5	111	85	1	13	123	215	324	5.31e-04	38.5
SMa1523	iAF987.Gmet_3349	32.8	851	510	18	1	825	1	815	4.52e-143	443
SMa1523	iAF987.Gmet_3022	32.4	867	517	13	1	837	1	828	7.43e-142	440
SMa1525	iEK1008.Rv3150	53.3	424	189	4	4	420	10	431	6.93e-159	455
SMa1525	iCN718.ABAYE_RS15235	50.6	399	193	3	21	416	35	432	1.21e-146	424
SMa1525	iLJ478.TM0228	50.1	415	206	1	5	419	112	525	3.37e-145	424
SMa1525	STM_v1_0.STM2324	50.8	400	195	2	18	415	26	425	3.16e-142	412
SMa1525	iSbBS512_1146.SbBS512_E2660	50.8	400	195	2	18	415	26	425	3.16e-142	412
SMa1525	iSF_1195.SF2360	50.8	400	195	2	18	415	26	425	3.16e-142	412
SMa1525	iSSON_1240.SSON_2341	50.8	400	195	2	18	415	26	425	3.16e-142	412
SMa1525	iML1515.b2284	50.8	400	195	2	18	415	26	425	6.34e-142	412
SMa1525	iSDY_1059.SDY_2480	50.8	400	195	2	18	415	26	425	6.34e-142	412
SMa1525	iYL1228.KPN_02674	50.5	400	196	2	18	415	26	425	8.98e-142	411
SMa1526	iAT_PLT_636.4729	41.3	150	86	1	5	152	61	210	1.44e-40	136
SMa1526	iMM1415.72900	41.3	150	86	1	5	152	60	209	7.88e-40	134
SMa1526	iLB1027_lipid.PHATRDRAFT_22919	47.9	144	72	2	12	152	59	202	3.00e-39	133
SMa1526	iCHOv1.100757242	40.7	150	87	1	5	152	79	228	1.00e-38	132
SMa1529	iAF987.Gmet_3352	53.2	389	181	1	16	404	3	390	2.66e-148	425
SMa1529	iMM1415.226646	48.8	383	195	1	22	404	82	463	4.54e-134	392
SMa1529	iCHOv1.100768067	48.8	383	195	1	22	404	82	463	2.58e-133	390
SMa1529	iAT_PLT_636.4720	47.8	387	201	1	18	404	78	463	1.04e-132	388
SMa1531	iCHOv1.100761333	45.8	120	65	0	34	153	87	206	6.69e-33	117
SMa1531	iAT_PLT_636.4722	44.2	120	67	0	34	153	88	207	5.31e-32	115
SMa1531	iAF987.Gmet_3353	41.3	150	79	4	16	158	15	162	1.15e-32	114
SMa1531	iAF987.Gmet_0153	43.7	142	74	2	16	151	235	376	1.01e-28	111
SMa1532	iAF987.Gmet_3354	55.6	160	71	0	3	162	2	161	3.98e-71	211
SMa1532	iIT341.HP1261	59.3	145	59	0	12	156	6	150	3.06e-68	204
SMa1532	iMM1415.75406	59.1	149	60	1	9	156	70	218	1.89e-64	196
SMa1532	iLB1027_lipid.PHATRDRAFT_41645	54.8	157	68	2	3	156	4	160	8.53e-65	195
SMa1532	iCHOv1.100766693	61.4	140	53	1	18	156	74	213	9.28e-64	194
SMa1533	iAF987.Gmet_3355	47.0	115	60	1	6	120	5	118	9.75e-30	103
SMa1535	iAF987.Gmet_3342	43.6	466	258	3	15	475	16	481	1.55e-119	358
SMa1536	iAF987.Gmet_3343	47.0	494	255	5	4	491	5	497	1.29e-157	457
SMa1538	iAF987.Gmet_0375	32.1	399	227	11	119	474	148	545	5.02e-37	145
SMa1538	iML1515.b2482	30.2	421	241	11	60	430	73	490	1.84e-35	141
SMa1538	iJN1463.PP_2230	30.9	375	225	9	101	444	116	487	1.24e-32	133
SMa1541	iAF692.Mbar_A0152	33.2	370	230	8	69	431	109	468	1.38e-37	145
SMa1541	iJN1463.PP_2230	36.0	353	213	8	53	401	48	391	1.24e-35	140
SMa1541	iML1515.b2482	29.6	382	250	7	57	425	56	431	1.36e-34	137
SMa1541	iEK1008.Rv3156	30.7	374	235	11	72	440	82	436	7.67e-33	131
SMa1541	iSynCJ816.SGL_RS15190	32.1	343	198	10	79	401	90	417	1.28e-32	131
SMa1544	iSynCJ816.SGL_RS16985	48.0	98	49	1	4	99	5	102	6.48e-22	82.0
SMa1544	iAF987.Gmet_3345	41.4	99	58	0	1	99	1	99	2.42e-21	80.5
SMa1544	iIT341.HP1270	42.5	87	50	0	14	100	14	100	1.12e-19	76.3
SMa1544	iPC815.YPO2546	39.0	100	61	0	1	100	1	100	1.12e-19	76.3
SMa1544	iEK1008.Rv3155	41.8	91	53	0	10	100	9	99	2.19e-19	75.5
SMa1545	iSynCJ816.SGL_RS16990	42.4	165	82	5	6	164	12	169	1.34e-21	86.3
SMa1545	iAF987.Gmet_3346	35.1	168	103	2	1	164	1	166	9.37e-22	85.9
SMa1545	iCN718.ABAYE_RS15215	36.4	165	99	2	6	166	5	167	2.33e-20	82.4
SMa1548	iAF987.Gmet_3085	34.6	731	411	12	373	1069	189	886	5.64e-122	395
SMa1548	iAF987.Gmet_0987	38.4	597	339	8	492	1066	194	783	1.53e-117	380
SMa1548	iAF987.Gmet_2629	38.6	554	310	8	532	1066	265	807	6.22e-109	358
SMa1558	iAF987.Gmet_0069	33.6	119	76	3	589	705	2	119	1.36e-13	72.0
SMa1558	iAF987.Gmet_1914	33.3	114	73	2	591	704	3	113	3.12e-11	65.9
SMa1582	iML1515.b0465	32.8	177	118	1	208	384	885	1060	1.12e-28	119
SMa1582	iML1515.b4159	31.9	216	145	2	199	414	864	1077	3.61e-28	117
SMa1583	iEK1008.Rv1900c	28.2	170	91	7	10	166	293	444	4.17e-07	52.4
SMa1587	iLJ478.TM0024	29.8	258	146	10	224	457	210	456	7.98e-24	104
SMa1591	iSynCJ816.SGL_RS03900	33.2	199	123	4	103	292	424	621	6.36e-17	85.9
SMa1591	iEK1008.Rv3645	37.2	164	93	5	112	273	357	512	2.70e-15	80.1
SMa1592	iSynCJ816.SGL_RS10620	41.3	46	26	1	164	209	68	112	6.38e-04	38.5
SMa1593	iJN1463.PP_3146	30.0	230	154	2	18	240	10	239	5.69e-20	90.5
SMa1593	iJN1463.PP_4548	29.1	247	156	5	7	238	3	245	1.94e-19	89.0
SMa1593	iJN1463.PP_5257	31.6	228	147	4	20	239	14	240	4.67e-19	87.8
SMa1593	iYL1228.KPN_01017	29.8	235	156	4	29	255	19	252	6.10e-19	87.4
SMa1593	iSDY_1059.SDY_1943	29.6	247	164	5	18	255	7	252	1.11e-18	86.7
SMa1593	iML1515.b1301	29.6	247	164	5	18	255	7	252	2.02e-18	85.9
SMa1593	iSSON_1240.SSON_1839	29.6	247	164	5	18	255	7	252	2.02e-18	85.9
SMa1593	iSF_1195.SF1306	29.6	247	164	5	18	255	7	252	6.64e-18	84.3
SMa1593	iSbBS512_1146.SbBS512_E1537	29.1	247	165	5	18	255	7	252	1.62e-17	83.2
SMa1600	iPC815.YPO3094	56.0	555	228	4	4	558	5	543	1.58e-191	549
SMa1604	iJN1463.PP_0920	44.0	352	193	4	5	355	1	349	1.22e-89	273
SMa1604	iJN1463.PP_2486	41.8	371	193	9	8	357	6	374	2.71e-80	249
SMa1606	iMM1415.15492	32.5	120	65	4	34	137	7	126	2.14e-07	51.6
SMa1606	iMM1415.15493	34.2	120	63	4	34	137	7	126	6.77e-07	50.1
SMa1606	iJN1463.PP_1803	31.5	127	77	2	30	146	3	129	1.41e-06	48.9
SMa1606	iCHOv1.100770922	31.4	121	67	4	34	138	7	127	2.14e-06	48.5
SMa1629	iLJ478.TM1724	33.2	262	148	5	5	256	1	245	7.10e-30	112
SMa1629	iAF987.Gmet_1694	31.3	262	149	7	5	254	1	243	8.44e-26	101
SMa1646	iYL1228.KPN_02193	50.3	302	142	3	20	317	32	329	5.64e-89	270
SMa1646	iML1515.b1247	50.0	302	143	3	20	317	32	329	1.60e-88	268
SMa1646	iSbBS512_1146.SbBS512_E1416	50.0	302	143	3	20	317	32	329	4.53e-88	267
SMa1646	iSF_1195.SF1248	50.0	302	143	3	20	317	32	329	4.53e-88	267
SMa1646	STM_v1_0.STM1742	50.7	288	135	2	20	303	32	316	6.41e-88	267
SMa1646	iSDY_1059.SDY_1305	50.0	302	143	3	20	317	32	329	9.07e-88	266
SMa1646	iSSON_1240.SSON_1933	49.3	302	145	3	20	317	32	329	1.03e-86	264
SMa1646	iJN1463.PP_0878	44.6	323	166	5	4	319	2	318	4.01e-86	262
SMa1646	iLJ478.TM1750	44.6	314	167	3	5	316	12	320	1.94e-85	260
SMa1646	iLJ478.TM0057	46.3	307	154	5	24	322	26	329	3.06e-81	250
SMa1646	iLJ478.TM1063	43.8	333	169	7	6	322	3	333	6.71e-81	249
SMa1646	iYL1228.KPN_03895	44.3	309	160	4	2	303	8	311	9.48e-80	246
SMa1646	iML1515.b3540	44.1	306	159	4	5	303	11	311	2.44e-79	245
SMa1646	iSF_1195.SF3575	44.1	306	159	4	5	303	11	311	2.44e-79	245
SMa1646	iSSON_1240.SSON_3850	44.1	306	159	4	5	303	11	311	2.44e-79	245
SMa1646	STM_v1_0.STM3626	44.1	306	159	4	5	303	11	311	3.78e-79	244
SMa1646	iPC815.YPO3999	43.5	317	170	4	5	316	32	344	1.42e-78	244
SMa1647	iYO844.BSU12950	48.4	312	160	1	4	315	2	312	2.90e-92	278
SMa1647	iEK1008.Rv1281c	50.0	306	150	2	5	309	3	306	1.30e-88	277
SMa1647	iSDY_1059.SDY_1304	48.4	308	155	3	2	309	15	318	2.00e-90	273
SMa1647	iSF_1195.SF1247	48.4	308	155	3	2	309	15	318	2.00e-90	273
SMa1647	iSSON_1240.SSON_1934	48.4	308	155	3	2	309	15	318	2.83e-90	273
SMa1647	iSbBS512_1146.SbBS512_E1415	48.1	308	156	3	2	309	15	318	1.13e-89	271
SMa1647	STM_v1_0.STM1743	47.7	306	156	3	6	311	17	318	8.56e-89	269
SMa1647	iML1515.b1246	47.7	308	157	3	2	309	15	318	2.58e-88	268
SMa1647	iYL1228.KPN_02194	47.0	304	157	3	6	309	19	318	3.66e-88	267
SMa1647	iYL1228.KPN_03896	46.4	306	158	3	6	309	3	304	5.55e-85	259
SMa1647	iML1515.b3541	46.3	311	161	3	6	314	3	309	7.85e-85	258
SMa1647	iSF_1195.SF3576	46.3	311	161	3	6	314	3	309	7.85e-85	258
SMa1647	iSSON_1240.SSON_3849	46.3	311	161	3	6	314	3	309	2.22e-84	257
SMa1647	iSDY_1059.SDY_4564	45.4	315	166	3	6	318	3	313	1.78e-83	255
SMa1647	iPC815.YPO4000	43.7	325	177	3	6	328	3	323	1.73e-83	255
SMa1647	iYS854.USA300HOU_RS04900	45.9	305	165	0	4	308	3	307	9.75e-83	254
SMa1647	STM_v1_0.STM3627	45.8	306	160	3	6	309	3	304	7.14e-83	253
SMa1647	iJN1463.PP_0879	48.4	314	155	5	6	317	3	311	8.65e-83	253
SMa1647	iLJ478.TM1749	43.5	322	173	4	6	324	4	319	1.84e-82	252
SMa1649	iYL1228.KPN_03852	40.1	252	151	0	20	271	12	263	7.09e-60	192
SMa1649	iSDY_1059.SDY_3633	40.1	252	151	0	20	271	12	263	5.63e-59	189
SMa1649	iSF_1195.SF3496	39.7	252	152	0	20	271	12	263	1.58e-58	188
SMa1649	iML1515.b3478	39.7	252	152	0	20	271	12	263	3.16e-58	187
SMa1649	iSSON_1240.SSON_3716	39.7	252	152	0	20	271	12	263	3.16e-58	187
SMa1649	iSbBS512_1146.SbBS512_E3843	39.3	252	153	0	20	271	12	263	8.88e-58	186
SMa1649	iAF692.Mbar_A0470	38.3	248	153	0	24	271	37	284	6.32e-55	179
SMa1649	iJN1463.PP_3344	38.2	249	154	0	23	271	22	270	6.93e-55	179
SMa1649	iYL1228.KPN_00865	37.2	266	160	3	11	271	16	279	2.43e-54	178
SMa1650	iSSON_1240.SSON_0813	34.5	307	198	1	1	307	1	304	6.60e-51	170
SMa1650	iML1515.b0831	34.5	307	198	1	1	307	1	304	9.29e-51	169
SMa1650	iSDY_1059.SDY_0756	34.5	307	198	1	1	307	1	304	9.29e-51	169
SMa1650	iSF_1195.SF0781	34.2	307	199	1	1	307	1	304	2.59e-50	168
SMa1650	iSbBS512_1146.SbBS512_E2517	34.2	307	199	1	1	307	1	304	1.43e-49	166
SMa1650	iYL1228.KPN_00864	33.2	307	202	1	1	307	1	304	2.40e-47	160
SMa1650	iYL1228.KPN_03851	32.8	308	207	0	1	308	1	308	4.48e-46	157
SMa1650	STM_v1_0.STM0850	32.6	307	204	1	1	307	1	304	5.57e-45	154
SMa1651	iJN1463.PP_3342	31.2	493	304	12	46	521	44	518	3.31e-64	217
SMa1651	iML1515.b3476	28.8	472	321	10	61	521	52	519	2.71e-58	201
SMa1651	iYL1228.KPN_03850	29.7	474	314	13	61	521	50	517	9.76e-58	200
SMa1651	iSDY_1059.SDY_3631	28.8	472	321	10	61	521	52	519	1.41e-57	199
SMa1651	iSF_1195.SF3494	28.6	472	322	10	61	521	52	519	1.41e-57	199
SMa1651	iSSON_1240.SSON_3714	28.6	472	322	10	61	521	52	519	1.97e-57	199
SMa1651	iSbBS512_1146.SbBS512_E3845	28.4	472	323	10	61	521	52	519	1.02e-56	197
SMa1652	iYL1228.KPN_01788	52.3	241	113	1	3	241	6	246	1.56e-78	237
SMa1662	iJN1463.PP_3426	44.6	1048	566	5	1	1034	1	1047	2.29e-285	824
SMa1662	iYL1228.KPN_03673	42.8	1029	582	5	3	1025	1	1028	1.08e-259	758
SMa1662	STM_v1_0.STM3391	43.1	1028	573	7	7	1025	5	1029	4.97e-258	753
SMa1662	iML1515.b0462	43.2	1027	574	5	7	1025	5	1030	1.02e-257	753
SMa1662	iML1515.b3266	41.9	1028	585	7	7	1025	5	1029	1.28e-254	744
SMa1664	iML1515.b0463	34.4	375	236	7	6	371	7	380	8.46e-52	177
SMa1664	iSF_1195.SF0408	34.4	375	236	7	6	371	7	380	1.66e-51	176
SMa1664	iSSON_1240.SSON_0450	34.1	375	237	7	6	371	7	380	2.32e-51	176
SMa1664	iPC815.YPO3132	32.3	378	243	8	12	379	13	387	4.35e-51	175
SMa1664	iSDY_1059.SDY_0456	34.1	375	237	7	6	371	7	380	1.25e-50	174
SMa1664	iJN1463.PP_1386	32.8	369	230	8	2	365	3	358	1.81e-50	173
SMa1667	iJN1463.PP_1002	51.4	475	231	0	1	475	1	475	3.67e-165	474
SMa1667	iJN1463.PP_1003	50.9	475	233	0	1	475	1	475	3.63e-160	461
SMa1668	iJN1463.PP_1002	52.2	471	222	3	4	473	7	475	7.87e-164	471
SMa1668	iJN1463.PP_1003	51.6	471	227	1	3	473	6	475	2.57e-162	467
SMa1670	iJN1463.PP_1001	63.1	417	151	3	5	419	2	417	2.00e-199	556
SMa1676	iML1515.b1601	27.9	297	201	5	28	318	30	319	1.83e-22	96.3
SMa1677	iML1515.b3665	33.7	101	50	4	61	160	31	115	2.70e-04	43.1
SMa1677	iSbBS512_1146.SbBS512_E4254	33.7	101	50	4	61	160	12	96	2.67e-04	43.1
SMa1677	iSDY_1059.SDY_4146	33.7	101	50	4	61	160	31	115	2.69e-04	43.1
SMa1677	iSSON_1240.SSON_3619	33.7	101	50	4	61	160	31	115	2.70e-04	43.1
SMa1683	iCHOv1.100754567	34.6	463	249	16	34	484	21	441	4.51e-60	207
SMa1683	iMM1415.11883	34.7	464	247	18	34	484	20	440	6.84e-59	203
SMa1683	iCHOv1.100753973	32.4	509	270	19	31	516	29	486	2.63e-56	197
SMa1686	iAF987.Gmet_1914	32.4	108	73	0	10	117	6	113	2.03e-14	70.9
SMa1688	iAF987.Gmet_1914	29.7	101	71	0	19	119	4	104	1.67e-07	48.5
SMa1691	iJN1463.PP_3953	39.8	480	276	5	12	483	9	483	1.64e-105	322
SMa1691	iJN1463.PP_4507	40.0	412	246	1	73	484	74	484	6.41e-102	313
SMa1711	iYS854.USA300HOU_RS11670	26.8	295	202	6	8	293	9	298	8.07e-26	103
SMa1711	iYO844.BSU40320	26.5	291	206	5	7	293	6	292	2.69e-25	102
SMa1715	iHN637.CLJU_RS14750	37.2	584	358	6	11	592	9	585	2.15e-127	386
SMa1715	iYO844.BSU14520	39.5	575	325	13	19	588	16	572	5.59e-116	356
SMa1717	iSSON_1240.SSON_3558	38.0	440	252	4	21	457	13	434	8.76e-96	295
SMa1717	iML1515.b3714	37.5	440	254	4	21	457	13	434	1.75e-95	295
SMa1717	iSDY_1059.SDY_4199	37.3	440	255	4	21	457	13	434	2.74e-94	291
SMa1717	iSF_1195.SF3746	37.7	438	252	4	23	457	15	434	5.46e-94	291
SMa1717	iSbBS512_1146.SbBS512_E4208	37.3	440	255	4	21	457	13	434	2.40e-92	286
SMa1717	iML1515.b3664	37.0	443	258	5	21	460	14	438	7.74e-87	272
SMa1718	iHN637.CLJU_RS14750	33.0	573	376	5	14	584	16	582	1.03e-96	307
SMa1724	iCN900.CD630_36320	27.7	130	90	3	6	135	3	128	3.74e-11	58.5
SMa1724	iSbBS512_1146.SbBS512_E2023	26.4	178	93	3	1	140	1	178	1.71e-10	57.4
SMa1724	iSF_1195.SF1455	26.4	178	93	3	1	140	7	184	1.83e-10	57.4
SMa1724	iSDY_1059.SDY_1505	25.8	178	94	3	1	140	7	184	3.47e-10	56.6
SMa1724	iML1515.b1768	25.8	178	94	3	1	140	1	178	4.49e-10	56.2
SMa1724	iSSON_1240.SSON_1387	25.8	178	94	3	1	140	7	184	4.78e-10	56.2
SMa1724	iYL1228.KPN_01202	27.0	178	92	3	1	140	1	178	2.22e-09	54.3
SMa1727	iAF987.Gmet_0843	25.7	272	178	7	41	296	4	267	2.96e-20	87.8
SMa1731	iJN1463.PP_5063	51.9	474	221	4	21	487	10	483	3.29e-163	470
SMa1731	iPC815.YPO1166	51.5	474	223	4	21	487	10	483	7.01e-160	462
SMa1731	iML1515.b0312	52.4	475	217	5	21	487	10	483	9.93e-160	461
SMa1731	iCN718.ABAYE_RS14295	50.6	474	227	4	21	487	10	483	1.14e-158	459
SMa1731	iYL1228.KPN_00585	51.4	475	222	5	21	487	7	480	1.18e-157	456
SMa1731	iCHOv1.100758951	48.8	477	233	5	20	487	37	511	6.46e-150	437
SMa1731	iAT_PLT_636.223	50.0	466	224	4	29	487	48	511	1.66e-149	436
SMa1731	iMM1415.56752	49.1	466	228	4	29	487	48	511	1.90e-148	434
SMa1734	iCHOv1.100771266	25.8	182	115	5	75	249	61	229	5.54e-05	44.3
SMa1735	iJN1463.PP_0316	38.1	352	200	2	20	353	16	367	1.32e-73	232
SMa1740	iEK1008.Rv2895c	31.8	195	112	5	108	290	6	191	2.74e-11	63.2
SMa1741	iYO844.BSU07490	55.7	255	113	0	6	260	4	258	3.29e-97	286
SMa1741	iSynCJ816.SGL_RS01940	53.3	257	120	0	6	262	10	266	5.75e-96	283
SMa1741	iSSON_1240.SSON_0539	51.4	251	122	0	11	261	13	263	9.04e-91	270
SMa1741	iML1515.b0588	51.4	251	122	0	11	261	13	263	3.65e-90	268
SMa1741	iSDY_1059.SDY_0519	51.4	251	122	0	11	261	13	263	3.65e-90	268
SMa1741	iSF_1195.SF0502	51.4	251	122	0	11	261	13	263	3.65e-90	268
SMa1741	iYL1228.KPN_00606	51.4	251	122	0	11	261	13	263	5.82e-90	267
SMa1741	STM_v1_0.STM0590	51.8	251	121	0	11	261	13	263	1.17e-89	266
SMa1741	iSbBS512_1146.SbBS512_E0489	51.0	251	123	0	11	261	13	263	5.94e-89	265
SMa1742	iML1515.b0589	32.5	326	212	4	21	341	6	328	4.32e-40	143
SMa1742	iSbBS512_1146.SbBS512_E0491	33.2	295	190	3	51	341	37	328	6.05e-40	143
SMa1742	iSDY_1059.SDY_0520	33.2	295	190	3	51	341	37	328	6.05e-40	143
SMa1742	iSSON_1240.SSON_0540	33.2	295	190	3	51	341	37	328	6.05e-40	143
SMa1742	iYL1228.KPN_00607	32.2	323	211	5	25	341	8	328	1.65e-39	142
SMa1742	iSynCJ816.SGL_RS01935	33.1	329	214	6	18	341	20	347	2.58e-38	139
SMa1742	iSF_1195.SF0503	32.9	295	191	3	51	341	37	328	2.40e-38	139
SMa1742	STM_v1_0.STM0591	31.5	324	212	4	25	341	7	327	3.50e-36	133
SMa1742	iYO844.BSU08460	29.4	327	212	5	29	341	21	342	1.28e-34	129
SMa1745	iYL1228.KPN_00608	42.6	326	185	2	37	361	5	329	2.08e-73	231
SMa1745	iSSON_1240.SSON_0541	42.9	322	182	2	41	361	9	329	3.19e-72	228
SMa1745	iML1515.b0590	42.9	322	182	2	41	361	9	329	1.26e-71	226
SMa1745	iSbBS512_1146.SbBS512_E0492	42.5	322	183	2	41	361	9	329	1.79e-71	226
SMa1745	iSDY_1059.SDY_0521	42.5	322	183	2	41	361	9	329	1.79e-71	226
SMa1745	iSF_1195.SF0504	42.5	322	183	2	41	361	13	333	2.01e-71	226
SMa1745	iSynCJ816.SGL_RS01930	42.1	316	174	4	48	361	33	341	1.45e-69	221
SMa1745	STM_v1_0.STM0592	41.8	318	180	3	45	361	16	329	1.42e-67	216
SMa1745	iYO844.BSU08450	37.1	326	202	2	38	360	4	329	5.30e-67	214
SMa1745	iYO844.BSU33310	43.8	274	151	3	90	362	110	381	2.40e-65	211
SMa1746	iSynCJ816.SGL_RS02030	25.7	304	188	13	37	327	46	324	2.05e-13	69.7
SMa1747	iJN1463.PP_4755	46.9	657	329	7	69	714	150	797	1.14e-199	583
SMa1751	iJN1463.PP_0414	49.1	228	116	0	13	240	23	250	1.42e-64	202
SMa1753	iJN1463.PP_0413	45.5	378	203	1	10	384	29	406	4.43e-103	310
SMa1754	iJN1463.PP_0411	58.1	315	131	1	9	322	15	329	8.00e-122	355
SMa1755	iJN1463.PP_0412	47.4	329	171	1	22	350	17	343	9.69e-111	326
SMa1757	iPC815.YPO1599	33.6	253	151	9	11	256	1	243	1.22e-34	124
SMa1757	iYL1228.KPN_01091	33.2	253	152	9	11	256	1	243	3.92e-32	117
SMa1757	iSynCJ816.SGL_RS07245	33.6	244	143	8	19	253	10	243	3.21e-31	115
SMa1757	iLJ478.TM1724	33.6	250	152	7	11	253	1	243	6.17e-31	114
SMa1757	iCN718.ABAYE_RS14915	30.0	253	160	8	11	256	1	243	2.28e-30	113
SMa1757	STM_v1_0.STM1195	31.2	253	157	9	11	256	1	243	4.48e-30	112
SMa1760	iCHOv1.100756410	27.0	318	206	9	109	408	52	361	5.77e-24	102
SMa1761	iCHOv1.100753688	43.5	418	224	6	32	438	1	417	1.79e-114	343
SMa1761	iMM1415.71760	43.1	427	231	6	23	438	11	436	4.52e-114	343
SMa1779	iEK1008.Rv1928c	34.2	76	48	1	52	127	41	114	3.70e-06	44.7
SMa1789	iSynCJ816.SGL_RS03900	31.4	185	120	2	85	263	436	619	2.77e-20	96.7
SMa1798	iJN1463.PP_1200	46.8	618	323	2	19	633	22	636	2.03e-189	548
SMa1798	iYL1228.KPN_04152	42.3	622	355	2	13	633	4	622	3.40e-176	514
SMa1798	iPC815.YPO0006	42.9	615	347	2	20	633	11	622	9.62e-176	513
SMa1798	STM_v1_0.STM3880	42.1	622	356	2	13	633	4	622	1.54e-174	509
SMa1798	iSF_1195.SF3828	41.3	622	361	2	13	633	4	622	2.25e-171	501
SMa1798	iML1515.b3747	41.3	622	361	2	13	633	4	622	3.18e-171	501
SMa1798	iSSON_1240.SSON_3917	41.3	622	361	2	13	633	4	622	6.36e-171	500
SMa1798	iSbBS512_1146.SbBS512_E4173	41.3	622	361	2	13	633	4	622	9.00e-171	500
SMa1809	iAF987.Gmet_0843	30.7	274	175	8	5	274	3	265	2.85e-20	87.4
SMa1814	iYS854.USA300HOU_RS11805	25.3	399	263	11	32	414	15	394	1.22e-14	75.5
SMa1819	iYS854.USA300HOU_RS03790	34.4	93	53	4	39	127	2	90	3.74e-05	46.2
SMa1819	iYL1228.KPN_00792	43.1	51	24	1	60	110	34	79	1.17e-04	44.7
SMa1819	iML1515.b0512	31.8	85	45	3	37	121	1	72	1.65e-04	44.3
SMa1833	iCN718.ABAYE_RS07200	54.8	438	186	5	28	459	6	437	3.17e-160	460
SMa1836	iYL1228.KPN_01464	38.7	377	213	3	6	370	4	374	4.77e-87	268
SMa1838	iSDY_1059.SDY_1004	36.7	278	170	2	36	307	48	325	2.15e-56	184
SMa1838	iML1515.b1033	36.7	278	170	2	36	307	35	312	3.00e-56	184
SMa1838	iSSON_1240.SSON_1042	36.7	278	170	2	36	307	48	325	4.26e-56	184
SMa1838	iSbBS512_1146.SbBS512_E2296	36.7	278	170	2	36	307	35	312	5.96e-56	183
SMa1838	iYL1228.KPN_01056	36.4	272	167	1	42	307	41	312	1.84e-54	179
SMa1838	STM_v1_0.STM1135	35.6	278	173	2	36	307	35	312	5.34e-50	167
SMa1844	iMM904.YER073W	39.5	481	285	5	9	487	39	515	4.81e-112	340
SMa1844	iCHOv1.100762089	37.5	483	293	4	9	483	417	898	1.80e-101	323
SMa1844	iYO844.BSU19310	38.5	473	287	3	17	487	23	493	9.92e-105	321
SMa1844	iJN1463.PP_5278	40.9	460	262	5	34	487	42	497	1.05e-104	321
SMa1844	iMM1415.107747	37.5	483	293	4	9	483	417	898	1.40e-99	318
SMa1844	iYL1228.KPN_01018	41.1	438	254	4	51	487	60	494	6.37e-103	316
SMa1844	iML1515.b1300	40.7	455	266	4	34	487	42	493	8.72e-103	316
SMa1844	iSbBS512_1146.SbBS512_E1536	40.7	455	266	4	34	487	42	493	1.74e-102	315
SMa1844	iSF_1195.SF1305	40.7	455	266	4	34	487	42	493	1.37e-101	313
SMa1844	iCN718.ABAYE_RS11785	39.2	459	274	5	17	473	8	463	3.23e-101	311
SMa1844	iMM904.YOR374W	37.5	477	293	4	13	487	44	517	1.52e-100	311
SMa1844	iMM1415.72535	39.6	455	273	2	34	487	61	514	3.02e-100	310
SMa1844	iJN1463.PP_3463	40.6	466	266	6	29	487	36	497	1.61e-100	310
SMa1844	iMM904.YPL061W	36.5	482	301	4	9	487	21	500	9.81e-100	308
SMa1844	iCHOv1.100765516	39.6	455	273	2	34	487	61	514	4.72e-99	307
SMa1846	iYO844.BSU04000	51.1	350	166	4	1	346	3	351	2.47e-120	350
SMa1846	iML1515.b1800	53.4	335	146	4	1	325	2	336	1.52e-110	326
SMa1846	iSSON_1240.SSON_1361	53.4	335	146	4	1	325	2	336	2.15e-110	325
SMa1846	iSbBS512_1146.SbBS512_E2058	53.4	335	146	4	1	325	2	336	3.05e-110	325
SMa1846	iSDY_1059.SDY_1701	53.1	335	147	4	1	325	2	336	1.23e-109	323
SMa1846	iYL1228.KPN_01015	50.4	357	165	5	2	346	3	359	1.41e-108	321
SMa1846	iCN718.ABAYE_RS14760	50.4	353	163	5	2	342	3	355	3.78e-108	320
SMa1848	iAF987.Gmet_3395	57.6	483	205	0	1	483	2	484	7.04e-202	568
SMa1848	iSSON_1240.SSON_2805	58.2	481	201	0	1	481	1	481	1.52e-200	565
SMa1848	iML1515.b2661	58.0	481	202	0	1	481	1	481	3.07e-200	564
SMa1848	iYL1228.KPN_00256	59.5	481	195	0	1	481	1	481	3.07e-200	564
SMa1848	iJN1463.PP_0213	59.5	476	191	2	1	476	1	474	2.69e-198	559
SMa1848	STM_v1_0.STM2791	58.0	481	202	0	1	481	1	481	4.43e-195	551
SMa1848	iCN718.ABAYE_RS14730	54.5	479	218	0	3	481	4	482	1.65e-185	526
SMa1848	iCN718.ABAYE_RS11770	52.1	484	232	0	1	484	1	484	1.17e-183	522
SMa1850	iJN1463.PP_3146	35.4	364	221	8	27	384	32	387	1.79e-57	194
SMa1850	iJN1463.PP_5273	32.4	370	238	6	23	387	28	390	3.11e-52	180
SMa1850	iJN1463.PP_4020	32.7	404	258	9	27	424	34	429	3.27e-50	175
SMa1855	iJN1463.PP_5182	42.4	443	246	6	9	448	14	450	2.74e-112	338
SMa1855	iJN1463.PP_2180	41.6	447	243	8	9	448	14	449	3.03e-108	327
SMa1860	iML1515.b3544	27.4	471	292	15	95	521	61	525	9.93e-30	122
SMa1860	iSDY_1059.SDY_4567	27.2	471	293	15	95	521	61	525	1.81e-29	121
SMa1860	iSF_1195.SF3579	27.2	471	293	15	95	521	61	525	1.81e-29	121
SMa1860	iSSON_1240.SSON_3846	27.2	471	293	15	95	521	61	525	3.29e-29	120
SMa1860	iPC815.YPO4003	26.8	473	292	17	95	521	61	525	1.97e-28	118
SMa1860	iYL1228.KPN_03899	26.5	471	296	14	95	521	52	516	3.34e-28	117
SMa1860	STM_v1_0.STM3630	26.9	472	293	16	95	521	61	525	3.56e-28	117
SMa1862	iYL1228.KPN_00864	36.0	308	189	1	9	316	5	304	2.06e-54	179
SMa1862	iML1515.b0831	35.4	308	191	1	9	316	5	304	8.11e-54	177
SMa1862	iSDY_1059.SDY_0756	35.4	308	191	1	9	316	5	304	8.11e-54	177
SMa1862	iSF_1195.SF0781	35.4	308	191	1	9	316	5	304	8.11e-54	177
SMa1862	iSSON_1240.SSON_0813	35.4	308	191	1	9	316	5	304	1.14e-53	177
SMa1862	STM_v1_0.STM0850	35.1	308	192	1	9	316	5	304	1.61e-53	177
SMa1862	iSbBS512_1146.SbBS512_E2517	35.1	308	192	1	9	316	5	304	1.26e-52	174
SMa1863	iLJ478.TM1748	33.7	270	179	0	18	287	18	287	2.80e-44	151
SMa1864	iJN1463.PP_4150	39.5	532	305	9	3	526	5	527	4.35e-103	320
SMa1864	iML1515.b0829	35.6	568	326	11	2	533	10	573	3.47e-98	310
SMa1864	iYS854.USA300HOU_RS01050	35.4	536	326	9	1	527	1	525	2.86e-99	310
SMa1864	iSbBS512_1146.SbBS512_E2519	35.4	568	327	10	2	533	10	573	6.84e-98	309
SMa1864	iYL1228.KPN_00862	36.2	556	324	7	7	532	15	569	2.41e-97	308
SMa1864	iSDY_1059.SDY_0758	35.7	566	324	11	4	533	1	562	2.83e-97	307
SMa1864	STM_v1_0.STM0848	36.3	551	312	9	19	533	26	573	1.04e-96	306
SMa1864	iSSON_1240.SSON_0811	35.3	566	326	11	4	533	1	562	1.10e-96	306
SMa1864	iSF_1195.SF0779	34.9	565	330	9	4	533	1	562	2.36e-95	302
SMa1869	iAT_PLT_636.1757	26.2	431	262	13	14	433	63	448	3.16e-25	108
SMa1869	iJN1463.PP_0612	24.1	431	233	12	19	428	4	361	5.83e-23	99.4
SMa1871	iAF692.Mbar_A3192	37.1	329	192	5	1	323	1	320	2.84e-70	221
SMa1872	iCN900.CD630_25140	42.1	318	183	1	6	322	5	322	1.24e-77	242
SMa1872	iAF987.Gmet_3072	43.0	309	175	1	10	318	7	314	1.61e-77	242
SMa1872	iLJ478.TM0356	43.2	315	177	2	6	320	3	315	1.75e-76	239
SMa1872	iYS854.USA300HOU_RS07355	41.5	316	182	2	6	318	15	330	3.21e-75	234
SMa1872	iHN637.CLJU_RS07395	41.0	315	183	2	6	320	6	317	1.82e-73	231
SMa1872	iCN718.ABAYE_RS04015	39.4	315	189	2	4	318	10	322	2.51e-72	229
SMa1872	STM_v1_0.STM3244	41.6	317	176	3	7	318	11	323	6.96e-70	220
SMa1884	iJN1463.PP_0043	23.0	1054	730	25	9	1006	9	1036	2.14e-54	206
SMa1884	iJN1463.PP_2410	23.0	1067	724	27	9	1011	9	1041	3.37e-51	196
SMa1884	iAF987.Gmet_3509	23.0	1063	738	25	4	1018	4	1033	5.66e-51	195
SMa1890	iAF987.Gmet_3070	54.1	133	47	6	63	187	152	278	1.67e-35	127
SMa1890	iCN718.ABAYE_RS14635	48.6	138	60	4	57	187	146	279	1.75e-34	124
SMa1890	iSbBS512_1146.SbBS512_E2441	51.9	133	52	5	63	187	153	281	5.77e-33	120
SMa1890	iML1515.b0888	51.9	133	52	5	63	187	153	281	8.08e-33	120
SMa1890	iSDY_1059.SDY_2373	51.9	133	52	5	63	187	153	281	8.08e-33	120
SMa1890	iSF_1195.SF0847	51.9	133	52	5	63	187	153	281	8.08e-33	120
SMa1890	iSSON_1240.SSON_0889	51.9	133	52	5	63	187	153	281	8.08e-33	120
SMa1890	iYL1228.KPN_00920	51.1	133	53	5	63	187	162	290	7.33e-32	117
SMa1890	iCN718.ABAYE_RS18170	47.1	138	62	4	57	187	146	279	1.55e-31	116
SMa1890	STM_v1_0.STM0958	51.9	133	52	5	63	187	153	281	2.38e-31	116
SMa1890	iPC815.YPO1374	47.0	132	59	4	63	187	153	280	8.79e-31	114
SMa1891	iCN718.ABAYE_RS18170	69.7	33	10	0	1	33	280	312	1.64e-07	47.0
SMa1891	iCN718.ABAYE_RS14635	69.7	33	10	0	1	33	280	312	1.64e-07	47.0
SMa1891	iEK1008.Rv3913	56.8	37	16	0	1	37	283	319	2.27e-07	46.6
SMa1891	iML1515.b0888	63.6	33	12	0	1	33	282	314	1.08e-06	44.7
SMa1891	iYL1228.KPN_00920	63.6	33	12	0	1	33	291	323	1.08e-06	44.7
SMa1891	STM_v1_0.STM0958	63.6	33	12	0	1	33	282	314	1.08e-06	44.7
SMa1891	iSbBS512_1146.SbBS512_E2441	63.6	33	12	0	1	33	282	314	1.08e-06	44.7
SMa1891	iSDY_1059.SDY_2373	63.6	33	12	0	1	33	282	314	1.08e-06	44.7
SMa1891	iSF_1195.SF0847	63.6	33	12	0	1	33	282	314	1.08e-06	44.7
SMa1891	iSSON_1240.SSON_0889	63.6	33	12	0	1	33	282	314	1.08e-06	44.7
SMa1891	iPC815.YPO1374	63.6	33	12	0	1	33	281	313	1.07e-06	44.7
SMa1891	iMM904.YDR353W	74.2	31	8	0	3	33	285	315	2.01e-06	43.9
SMa1891	iJN1463.PP_0786	63.6	33	12	0	1	33	280	312	5.12e-06	42.7
SMa1894	iAF987.Gmet_0222	64.1	142	49	2	1	140	1	142	7.53e-62	192
SMa1894	iCN900.CD630_21660	65.5	139	47	1	8	145	181	319	7.54e-61	189
SMa1894	iYO844.BSU21680	63.4	142	49	3	1	142	1	139	1.61e-59	180
SMa1896	iEK1008.Rv0137c	77.6	165	37	0	2	166	4	168	1.79e-100	286
SMa1898	iMM1415.23945	25.6	234	136	9	62	262	88	316	4.71e-04	41.6
SMa1903	iAM_Pf480.PF3D7_1136900	30.0	297	133	13	2	274	727	972	1.96e-15	77.0
SMa1903	iAM_Pv461.PVX_092460	29.0	297	136	13	2	274	861	1106	1.53e-14	74.3
SMa1903	iAM_Pc455.PCYB_094280	29.6	297	134	13	2	274	706	951	2.00e-14	73.9
SMa1903	iAM_Pb448.PBANKA_091170	29.3	297	135	13	2	274	678	923	2.06e-13	70.9
SMa1905	iSynCJ816.SGL_RS05320	34.8	601	347	13	158	724	156	745	7.75e-92	303
SMa1913	iJN1463.PP_3958	41.9	427	238	5	33	449	6	432	7.52e-92	285
SMa1913	iYL1228.KPN_00016	40.3	419	202	5	43	453	6	384	1.29e-86	270
SMa1913	iSbBS512_1146.SbBS512_E0019	39.7	426	209	5	43	460	2	387	1.48e-86	270
SMa1913	iSSON_1240.SSON_0021	39.7	426	209	5	43	460	2	387	1.48e-86	270
SMa1913	iSDY_1059.SDY_0018	39.9	426	208	6	43	460	2	387	1.17e-85	267
SMa1913	iSF_1195.SF0016	39.4	426	210	5	43	460	2	387	2.32e-85	266
SMa1913	iML1515.b0019	39.4	426	210	5	43	460	2	387	3.27e-85	266
SMa1913	STM_v1_0.STM0039	40.1	416	201	5	43	450	2	377	9.18e-85	265
SMa1913	iPC815.YPO0470	38.7	431	213	6	41	462	1	389	3.77e-82	258
SMa1916	iJN1463.PP_3931	28.0	611	406	10	1	585	1	603	5.37e-57	201
SMa1927	iJN1463.PP_1418	24.4	217	155	5	41	249	32	247	1.07e-08	55.5
SMa1935	iAF987.Gmet_0771	58.1	203	78	3	3	200	2	202	2.54e-74	223
SMa1939	iML1515.b0347	28.7	394	233	10	6	375	18	387	5.32e-29	120
SMa1939	iSSON_1240.SSON_0297	28.4	394	234	10	6	375	18	387	5.32e-29	120
SMa1939	iYL1228.KPN_02122	28.5	396	231	14	6	375	18	387	8.77e-26	110
SMa1945	iJN1463.PP_2872	29.9	144	93	4	25	168	1	136	5.18e-08	52.8
SMa1952	iYO844.BSU18800	38.3	256	152	4	22	277	52	301	3.75e-51	169
SMa1953	iYO844.BSU18800	24.6	260	150	6	47	305	63	277	6.79e-11	62.0
SMa1967	iYL1228.KPN_01091	46.4	84	39	1	27	104	157	240	1.44e-15	69.3
SMa1967	iLJ478.TM1169	43.0	86	42	1	28	106	148	233	1.35e-14	66.6
SMa1967	iAF987.Gmet_1531	41.4	87	45	1	27	107	160	246	3.00e-14	65.9
SMa1967	STM_v1_0.STM1195	44.0	84	41	1	27	104	157	240	1.48e-13	63.9
SMa1967	iLJ478.TM1724	40.2	87	46	2	27	107	160	246	2.09e-13	63.5
SMa1967	iML1515.b1093	44.0	84	41	1	27	104	157	240	3.96e-13	62.8
SMa1967	iSbBS512_1146.SbBS512_E2231	44.0	84	41	1	27	104	157	240	3.96e-13	62.8
SMa1967	iSDY_1059.SDY_2057	44.0	84	41	1	27	104	157	240	3.96e-13	62.8
SMa1967	iSF_1195.SF1097	44.0	84	41	1	27	104	157	240	3.96e-13	62.8
SMa1967	iSSON_1240.SSON_1113	44.0	84	41	1	27	104	157	240	3.96e-13	62.8
SMa1968	iML1515.b1967	27.2	213	142	5	28	230	71	280	1.13e-10	59.7
SMa1973	iSynCJ816.SGL_RS02995	33.3	114	74	2	4	116	9	121	9.10e-08	48.5
SMa1976	iCN718.ABAYE_RS18215	28.4	201	140	4	29	229	31	227	1.03e-15	74.3
SMa1995	iNF517.LLMG_RS04065	30.1	299	201	2	23	316	17	312	7.70e-30	115
SMa1995	iPC815.YPO2257	31.3	256	176	0	54	309	83	338	3.71e-27	108
SMa1995	iML1515.b3750	30.5	295	195	4	22	308	23	315	4.54e-27	107
SMa1995	iYL1228.KPN_04155	29.8	295	197	4	22	308	23	315	6.29e-27	107
SMa1995	iCN900.CD630_03020	29.8	285	199	1	23	306	33	317	1.40e-25	103
SMa1995	STM_v1_0.STM3883	29.8	295	197	4	22	308	23	315	1.18e-25	103
SMa1996	iPC815.YPO2499	35.1	305	184	4	23	320	32	329	5.26e-49	166
SMa1996	iYL1228.KPN_04155	34.4	311	187	5	22	320	16	321	2.49e-47	161
SMa1996	iML1515.b3750	34.9	304	183	5	27	320	23	321	1.36e-46	159
SMa1996	STM_v1_0.STM3883	33.8	311	189	5	22	320	16	321	1.12e-44	154
SMa1998	iPC815.YPO2256	41.3	492	275	5	10	495	25	508	6.55e-116	351
SMa1998	iML1515.b3749	41.3	499	282	5	1	495	1	492	4.76e-116	350
SMa1998	STM_v1_0.STM3882	40.8	498	286	4	1	495	1	492	2.13e-114	346
SMa1998	iYO844.BSU35940	40.0	492	288	4	5	494	3	489	2.36e-114	346
SMa1998	iYL1228.KPN_04154	40.6	500	284	4	1	495	1	492	4.75e-113	343
SMa1998	iPC815.YPO3964	41.9	501	268	7	4	494	6	493	3.20e-112	341
SMa1998	iPC815.YPO0958	38.2	502	289	4	3	495	4	493	1.58e-110	336
SMa1998	iNF517.LLMG_RS04060	39.2	495	287	4	5	494	3	488	5.09e-110	335
SMa1998	iLJ478.TM0956	39.9	506	283	7	4	495	12	510	2.83e-108	331
SMa1998	iHN637.CLJU_RS00620	37.1	493	301	4	4	492	5	492	2.20e-107	328
SMa1998	iML1515.b2149	39.2	498	290	7	3	494	12	502	8.47e-106	324
SMa1998	iSF_1195.SF2234	39.2	498	290	7	3	494	12	502	8.47e-106	324
SMa1998	iSSON_1240.SSON_2205	39.2	498	290	7	3	494	12	502	8.47e-106	324
SMa1998	STM_v1_0.STM2189	38.8	498	292	7	3	494	12	502	9.43e-105	322
SMa1998	iML1515.b4485	38.1	496	296	4	3	493	8	497	4.42e-104	320
SMa1998	iYL1228.KPN_02587	38.6	497	286	10	7	494	1	487	6.76e-104	319
SMa1998	iPC815.YPO4036	38.2	508	295	7	1	495	1	502	1.66e-103	318
SMa1998	iYL1228.KPN_04623	38.5	499	290	5	3	493	8	497	2.47e-103	318
SMa1998	iSSON_1240.SSON_4410	38.1	496	296	4	3	493	8	497	2.47e-103	318
SMa2000	iYO844.BSU35960	25.9	266	181	7	55	314	38	293	1.44e-18	84.7
SMa2004	iHN637.CLJU_RS10220	28.3	173	114	2	92	254	2	174	2.79e-10	60.5
SMa2004	iCN900.CD630_21940	20.6	248	170	6	17	245	7	246	9.06e-09	56.2
SMa2019	iLJ478.TM1724	39.1	133	66	2	1	133	128	245	8.14e-18	76.3
SMa2019	iAM_Pv461.PVX_099555	34.4	131	71	2	1	131	182	297	4.05e-16	72.4
SMa2019	iSynCJ816.SGL_RS07245	37.8	135	63	4	1	133	130	245	2.30e-16	72.4
SMa2019	iYL1228.KPN_01091	36.6	131	68	3	1	131	125	240	4.29e-16	71.6
SMa2019	iAF987.Gmet_1694	37.9	132	65	3	1	131	128	243	1.17e-15	70.5
SMa2019	STM_v1_0.STM1195	35.9	131	69	3	1	131	125	240	1.16e-15	70.5
SMa2019	iAM_Pf480.PF3D7_0922900	30.6	134	78	2	1	134	183	301	5.44e-15	69.3
SMa2025	iMM1415.218865	35.8	547	306	16	23	532	41	579	2.41e-86	278
SMa2025	iCHOv1.100772204	35.0	551	305	14	23	532	44	582	3.88e-85	275
SMa2025	iJN1463.PP_5064	33.5	540	322	10	25	532	5	539	3.26e-80	261
SMa2025	iML1515.b0311	33.7	540	321	10	25	532	3	537	7.21e-80	260
SMa2025	iCN718.ABAYE_RS14300	32.8	543	323	12	25	532	6	541	2.84e-77	253
SMa2029	STM_v1_0.STM1293	32.1	106	54	3	78	181	123	212	3.10e-05	43.1
SMa2029	iYL1228.KPN_01202	32.5	83	46	2	101	181	138	212	4.50e-04	39.7
SMa2029	iML1515.b1768	34.2	76	40	2	108	181	145	212	8.19e-04	38.9
SMa2029	iSbBS512_1146.SbBS512_E2023	34.2	76	40	2	108	181	145	212	8.19e-04	38.9
SMa2029	iSDY_1059.SDY_1505	34.2	76	40	2	108	181	151	218	8.42e-04	38.9
SMa2029	iSF_1195.SF1455	34.2	76	40	2	108	181	151	218	8.42e-04	38.9
SMa2029	iSSON_1240.SSON_1387	34.2	76	40	2	108	181	151	218	8.42e-04	38.9
SMa2033	iJN1463.PP_4805	32.0	147	92	4	96	234	106	252	4.13e-11	62.0
SMa2037	iAF987.Gmet_2136	31.7	778	460	18	15	749	8	757	2.05e-94	310
SMa2037	iHN637.CLJU_RS11600	29.4	785	498	13	12	749	3	778	7.97e-90	298
SMa2037	iCN900.CD630_20870	30.5	741	473	14	23	739	13	735	1.72e-86	288
SMa5011	iAF987.Gmet_2135	50.3	143	71	0	6	148	16	158	5.42e-50	157
SMa5011	iCN900.CD630_20880	46.7	152	81	0	6	157	4	155	5.24e-47	149
SMa5011	iHN637.CLJU_RS11750	47.6	143	75	0	10	152	6	148	3.36e-45	145
SMa5011	iHN637.CLJU_RS11605	47.3	131	69	0	21	151	20	150	6.74e-45	144
SMa2041	iAF987.Gmet_2134	33.3	273	179	3	3	274	8	278	4.35e-38	135
SMa2051	iMM904.YLR056W	32.2	118	75	3	192	308	200	313	1.34e-08	55.5
SMa2051	iMM1415.66234	30.9	149	95	7	165	307	128	274	1.03e-07	52.4
SMa2051	iMM1415.235293	29.6	169	104	6	156	316	102	263	2.54e-07	51.2
SMa2067	iAF987.Gmet_1903	53.4	352	147	6	1	347	1	340	7.91e-114	333
SMa2067	iCN718.ABAYE_RS05140	58.3	283	117	1	1	282	1	283	8.91e-113	331
SMa2067	iJN1463.PP_5168	50.3	346	146	4	1	342	1	324	1.73e-109	322
SMa2067	iPC815.YPO3012	55.7	282	125	0	1	282	1	282	4.26e-108	320
SMa2067	iSynCJ816.SGL_RS17160	48.9	352	162	7	1	346	1	340	6.60e-108	319
SMa2067	iML1515.b2422	56.3	284	120	2	1	282	1	282	3.67e-107	317
SMa2067	iSDY_1059.SDY_2618	56.3	284	120	2	1	282	1	282	3.67e-107	317
SMa2067	iSSON_1240.SSON_2511	56.0	284	121	2	1	282	1	282	2.96e-106	315
SMa2067	iSbBS512_1146.SbBS512_E2794	56.0	284	121	2	1	282	1	282	4.20e-106	315
SMa2067	iYL1228.KPN_02770	55.6	284	122	2	1	282	1	282	8.15e-106	314
SMa2067	STM_v1_0.STM2441	56.0	284	121	2	1	282	1	282	1.19e-105	313
SMa2069	iAF987.Gmet_1906	61.4	316	120	2	27	341	23	337	1.99e-138	395
SMa2069	iCN718.ABAYE_RS05160	60.2	304	118	3	34	336	26	327	8.35e-130	374
SMa2069	iYL1228.KPN_04008	60.7	308	118	3	30	336	21	326	1.94e-129	372
SMa2069	iJN1463.PP_5171	59.0	332	130	6	10	337	10	339	3.49e-128	370
SMa2069	iML1515.b3917	60.1	308	120	3	30	336	21	326	5.19e-127	366
SMa2069	iSDY_1059.SDY_3830	60.1	308	120	3	30	336	21	326	5.19e-127	366
SMa2069	iSSON_1240.SSON_4086	60.1	308	120	3	30	336	21	326	5.19e-127	366
SMa2069	iSbBS512_1146.SbBS512_E4397	59.7	308	121	3	30	336	21	326	1.48e-126	365
SMa2069	STM_v1_0.STM4063	59.7	308	121	3	30	336	21	326	4.22e-126	364
SMa2073	iYS854.USA300HOU_RS12370	28.9	201	132	6	25	216	25	223	8.75e-11	62.8
SMa2073	iYO844.BSU18260	23.3	253	173	6	27	264	23	269	4.83e-10	60.5
SMa2075	iYL1228.KPN_00863	27.3	517	337	12	13	520	7	493	7.07e-47	171
SMa2075	iYL1228.KPN_03899	29.3	458	284	15	91	524	67	508	4.39e-46	169
SMa2075	iPC815.YPO4003	27.3	517	323	14	46	524	16	517	4.76e-45	166
SMa2075	STM_v1_0.STM3630	28.8	458	286	15	91	524	76	517	1.24e-44	165
SMa2075	STM_v1_0.STM0849	27.9	452	299	12	78	520	60	493	1.19e-44	164
SMa2075	iML1515.b3544	28.1	455	290	14	91	521	76	517	2.99e-43	161
SMa2075	iSDY_1059.SDY_4567	28.1	455	290	14	91	521	76	517	2.99e-43	161
SMa2075	iSF_1195.SF3579	28.1	455	290	14	91	521	76	517	2.99e-43	161
SMa2075	iSSON_1240.SSON_3846	28.1	455	290	14	91	521	76	517	2.99e-43	161
SMa2075	iML1515.b0830	26.1	452	307	10	78	520	60	493	3.70e-42	157
SMa2075	iSbBS512_1146.SbBS512_E2518	26.1	452	307	10	78	520	60	493	3.70e-42	157
SMa2075	iSDY_1059.SDY_0757	26.1	452	307	10	78	520	60	493	3.70e-42	157
SMa2075	iSF_1195.SF0780	26.1	452	307	10	78	520	60	493	3.70e-42	157
SMa2075	iSSON_1240.SSON_0812	26.1	452	307	10	78	520	60	493	3.70e-42	157
SMa2077	iSbBS512_1146.SbBS512_E3430	31.0	326	210	8	2	315	13	335	1.96e-40	145
SMa2077	iSF_1195.SF3047	30.7	326	211	8	2	315	13	335	5.34e-40	144
SMa2077	iSSON_1240.SSON_3145	30.7	326	211	8	2	315	13	335	5.34e-40	144
SMa2077	iML1515.b3001	30.4	326	212	8	2	315	13	335	7.72e-39	140
SMa2077	iYL1228.KPN_02741	30.6	320	211	6	2	313	1	317	4.49e-37	135
SMa2077	iYO844.BSU39780	31.2	317	196	7	7	313	6	310	7.33e-37	134
SMa2079	iLJ478.TM1750	51.3	312	147	2	2	309	12	322	1.26e-110	323
SMa2079	iLJ478.TM1063	49.8	333	147	7	1	313	1	333	3.85e-105	310
SMa2079	iSSON_1240.SSON_3850	47.8	318	157	3	2	311	11	327	4.03e-103	305
SMa2079	iML1515.b3540	47.8	318	157	3	2	311	11	327	8.10e-103	304
SMa2079	iSF_1195.SF3575	47.8	318	157	3	2	311	11	327	8.10e-103	304
SMa2079	iPC815.YPO3999	47.8	318	157	3	2	311	32	348	2.49e-102	303
SMa2079	STM_v1_0.STM3626	47.5	318	158	3	2	311	11	327	1.79e-102	303
SMa2079	iYL1228.KPN_03895	47.2	318	159	3	2	311	11	327	3.60e-102	302
SMa2079	iYL1228.KPN_02193	51.4	327	136	5	3	311	11	332	6.55e-102	301
SMa2079	iSDY_1059.SDY_4563	47.5	318	158	3	2	311	11	327	1.86e-101	300
SMa2079	iML1515.b1247	51.1	327	137	5	3	311	11	332	3.02e-100	297
SMa2079	STM_v1_0.STM1742	50.8	327	138	5	3	311	11	332	3.02e-100	297
SMa2079	iSbBS512_1146.SbBS512_E1416	51.1	327	137	5	3	311	11	332	3.02e-100	297
SMa2079	iSF_1195.SF1248	51.1	327	137	5	3	311	11	332	3.02e-100	297
SMa2079	iSDY_1059.SDY_1305	51.1	327	137	5	3	311	11	332	6.07e-100	296
SMa2079	iLJ478.TM0057	47.1	329	158	4	1	313	1	329	9.78e-100	296
SMa2079	iSSON_1240.SSON_1933	50.5	327	139	5	3	311	11	332	3.46e-99	295
SMa2081	iSDY_1059.SDY_1304	51.7	317	142	5	4	315	19	329	6.13e-95	285
SMa2081	iSF_1195.SF1247	51.7	317	142	5	4	315	19	329	6.13e-95	285
SMa2081	iSSON_1240.SSON_1934	51.7	317	142	5	4	315	19	329	6.13e-95	285
SMa2081	iSbBS512_1146.SbBS512_E1415	51.4	317	143	5	4	315	19	329	1.74e-94	283
SMa2081	STM_v1_0.STM1743	51.4	317	143	5	4	315	17	327	3.27e-94	283
SMa2081	iYL1228.KPN_02194	51.1	317	144	5	4	315	19	329	3.97e-93	280
SMa2081	iML1515.b1246	51.1	317	144	5	4	315	19	329	7.96e-93	279
SMa2081	iYO844.BSU12950	50.7	302	141	4	1	297	1	299	1.06e-92	279
SMa2081	iJN1463.PP_0879	51.4	315	146	3	4	315	3	313	3.98e-92	277
SMa2081	iLJ478.TM1749	48.3	321	155	4	1	315	1	316	2.41e-91	275
SMa2081	iYL1228.KPN_03896	49.2	319	153	4	4	317	3	317	2.43e-89	270
SMa2081	iPC815.YPO4000	48.9	317	152	5	4	315	3	314	9.45e-89	268
SMa2081	STM_v1_0.STM3627	49.3	306	146	3	4	304	3	304	1.11e-87	266
SMa2081	iSDY_1059.SDY_0758	55.6	266	108	3	4	259	1	266	5.78e-83	262
SMa2081	iSSON_1240.SSON_3849	49.5	305	147	3	4	304	3	304	2.53e-86	262
SMa2081	iML1515.b0829	55.3	266	109	3	4	259	12	277	1.04e-82	262
SMa2081	iSSON_1240.SSON_0811	55.3	266	109	3	4	259	1	266	8.13e-83	262
SMa2081	iSbBS512_1146.SbBS512_E2519	55.3	266	109	3	4	259	12	277	1.46e-82	261
SMa2081	iSDY_1059.SDY_4564	47.8	318	159	3	4	317	3	317	5.06e-86	261
SMa2081	iML1515.b3541	49.5	305	147	3	4	304	3	304	2.03e-85	260
SMa2081	iSF_1195.SF3576	49.5	305	147	3	4	304	3	304	2.03e-85	260
SMa2081	iYL1228.KPN_00862	55.1	265	108	3	4	257	12	276	7.34e-82	259
SMa2081	iSF_1195.SF0779	55.3	266	109	3	4	259	1	266	8.82e-82	259
SMa2083	iJN1463.PP_0880	38.7	274	162	2	60	327	30	303	1.13e-55	183
SMa2085	iJN1463.PP_3343	39.7	307	170	2	19	324	13	305	9.49e-58	188
SMa2085	iJN1463.PP_0881	38.9	321	181	3	19	325	13	332	2.50e-57	188
SMa2085	iML1515.b0831	37.1	313	181	2	13	325	7	303	2.19e-57	187
SMa2085	iSDY_1059.SDY_0756	37.1	313	181	2	13	325	7	303	2.19e-57	187
SMa2085	iSF_1195.SF0781	37.1	313	181	2	13	325	7	303	4.35e-57	186
SMa2085	iSSON_1240.SSON_0813	37.1	313	181	2	13	325	7	303	4.35e-57	186
SMa2085	iYL1228.KPN_03898	37.0	330	190	4	13	325	7	335	2.11e-56	186
SMa2085	iYL1228.KPN_00864	37.7	313	179	2	13	325	7	303	1.22e-56	185
SMa2085	STM_v1_0.STM3629	36.4	330	192	3	13	325	7	335	8.30e-56	184
SMa2085	iSbBS512_1146.SbBS512_E2517	36.7	313	182	2	13	325	7	303	3.41e-56	184
SMa2085	iSF_1195.SF3578	36.1	330	193	3	13	325	7	335	2.32e-55	183
SMa2085	iML1515.b3543	36.1	330	193	3	13	325	7	335	3.26e-55	182
SMa2085	iSDY_1059.SDY_4566	36.1	330	193	3	13	325	7	335	3.26e-55	182
SMa2085	iSSON_1240.SSON_3847	36.1	330	193	3	13	325	7	335	3.26e-55	182
SMa2085	STM_v1_0.STM0850	36.4	313	183	2	13	325	7	303	2.09e-54	179
SMa2085	iSDY_1059.SDY_3632	35.8	318	189	3	9	325	3	306	1.57e-52	175
SMa2085	iYL1228.KPN_03851	35.5	318	190	2	9	325	3	306	2.21e-52	174
SMa2085	iSSON_1240.SSON_1638	35.6	331	196	4	11	326	7	335	4.35e-52	174
SMa2085	iML1515.b1486	35.6	331	196	4	11	326	7	335	6.11e-52	174
SMa2085	iSF_1195.SF3495	35.8	318	189	3	9	325	3	306	3.11e-52	174
SMa2085	iML1515.b3477	35.8	318	189	3	9	325	3	306	6.17e-52	173
SMa2085	iSbBS512_1146.SbBS512_E3844	35.8	318	189	3	9	325	3	306	6.17e-52	173
SMa2085	iSSON_1240.SSON_3715	35.8	318	189	3	9	325	3	306	6.17e-52	173
SMa2085	iAF692.Mbar_A0469	34.6	312	189	4	15	325	9	306	2.12e-51	172
SMa2087	iCN900.CD630_29890	22.7	278	164	8	9	281	36	267	1.16e-04	43.1
SMa2091	iYO844.BSU04520	32.6	267	171	4	2	265	119	379	6.97e-39	140
SMa2091	iYS854.USA300HOU_RS12370	31.1	264	170	4	2	262	124	378	5.85e-35	129
SMa2097	iCN718.ABAYE_RS01180	24.2	414	212	15	6	393	1	338	1.53e-07	52.8
SMa2097	iYL1228.KPN_00687	30.3	188	98	6	1	171	1	172	1.13e-06	50.1
SMa2097	iLB1027_lipid.PHATRDRAFT_45845	23.2	423	259	15	8	388	109	507	5.75e-06	48.1
SMa2101	iYO844.BSU08860	27.3	308	178	10	36	336	29	297	3.97e-14	73.2
SMa2103	iMM1415.211389	34.2	389	220	13	84	440	161	545	2.17e-55	192
SMa2103	iCHOv1.100768542	34.2	386	227	14	77	440	164	544	4.12e-55	191
SMa2103	iAT_PLT_636.6821	34.8	385	225	13	73	435	166	546	3.40e-54	189
SMa2113	iCN718.ABAYE_RS09595	61.9	375	137	1	1	375	1	369	4.16e-171	481
SMa2113	iYL1228.KPN_01952	60.8	375	141	1	1	375	1	369	4.79e-166	468
SMa2113	STM_v1_0.STM1627	60.5	375	142	1	1	375	1	369	4.79e-166	468
SMa2113	iSynCJ816.SGL_RS04900	60.6	373	141	1	1	373	1	367	8.68e-166	468
SMa2113	iPC815.YPO1502	60.5	372	141	1	4	375	5	370	3.10e-163	461
SMa2113	iSbBS512_1146.SbBS512_E0271	58.4	375	150	1	1	375	1	369	9.49e-163	460
SMa2113	iSSON_1240.SSON_0335	58.4	375	150	1	1	375	1	369	9.49e-163	460
SMa2113	iJN1463.PP_1616	60.0	375	144	1	1	375	3	371	1.44e-162	459
SMa2113	iML1515.b0356	58.4	375	150	1	1	375	1	369	7.74e-162	457
SMa2113	iAT_PLT_636.128	57.8	370	150	1	4	373	9	372	8.20e-158	447
SMa2113	iCHOv1.100767929	56.8	370	154	1	4	373	9	372	2.21e-155	441
SMa2113	iMM1415.11532	55.9	370	157	1	4	373	9	372	4.44e-155	441
SMa2115	iML1515.b2302	27.7	206	126	8	1	195	1	194	1.43e-12	63.9
SMa2117	iJN1463.PP_3737	44.1	304	165	5	288	587	13	315	3.23e-76	244
SMa2121	iJN1463.PP_3736	26.9	119	78	4	37	148	69	185	4.97e-04	40.8
SMa2123	iML1515.b2148	24.4	123	87	3	90	212	130	246	4.20e-05	44.3
SMa2123	iSbBS512_1146.SbBS512_E0823	24.4	123	87	3	90	212	130	246	4.20e-05	44.3
SMa2123	iSSON_1240.SSON_2204	24.4	123	87	3	90	212	130	246	4.20e-05	44.3
SMa2123	iSF_1195.SF2233	23.6	123	88	3	90	212	130	246	5.60e-05	43.9
SMa2123	iYL1228.KPN_02586	23.6	123	88	3	90	212	130	246	9.94e-05	43.1
SMa2123	iJN1463.PP_4842	36.5	85	43	2	161	234	357	441	5.04e-04	41.2
SMa2123	STM_v1_0.STM2188	22.8	123	89	3	90	212	130	246	4.16e-04	41.2
SMa2123	iPC815.YPO1509	25.4	126	82	4	90	212	130	246	9.80e-04	40.0
SMa2125	iLJ478.TM0112	26.3	243	145	9	24	264	16	226	9.39e-07	49.7
SMa2125	iML1515.b4086	24.4	217	136	5	116	322	105	303	2.29e-06	48.5
SMa2127	iHN637.CLJU_RS00620	34.7	495	303	6	2	487	3	486	1.16e-92	291
SMa2127	STM_v1_0.STM2189	34.8	492	315	4	2	491	11	498	3.93e-92	290
SMa2127	iML1515.b2149	34.3	492	317	4	2	491	11	498	2.17e-91	288
SMa2127	iSF_1195.SF2234	34.3	492	317	4	2	491	11	498	2.17e-91	288
SMa2127	iSSON_1240.SSON_2205	34.3	492	317	4	2	491	11	498	2.17e-91	288
SMa2127	iPC815.YPO1508	33.7	490	319	4	4	491	13	498	1.02e-88	281
SMa2127	iNF517.LLMG_RS04060	33.7	487	310	7	5	487	3	480	9.75e-89	280
SMa2127	iYL1228.KPN_02587	33.9	487	316	4	7	491	1	483	2.64e-88	279
SMa2127	iYO844.BSU35940	32.4	490	313	6	5	487	3	481	2.17e-87	277
SMa2127	iCN900.CD630_03010	30.7	511	335	7	4	509	5	501	4.73e-85	271
SMa2127	iLJ478.TM0115	33.3	492	310	6	4	485	14	497	7.42e-85	271
SMa2127	iPC815.YPO3964	33.2	488	314	7	4	487	6	485	1.04e-84	270
SMa2127	iML1515.b3749	32.4	490	321	4	1	487	1	483	1.75e-84	270
SMa2127	iML1515.b3567	34.2	489	304	8	1	477	1	483	3.38e-84	269
SMa2127	iSbBS512_1146.SbBS512_E3955	33.9	489	305	8	1	477	1	483	3.38e-84	269
SMa2127	iYL1228.KPN_03931	34.4	482	306	7	4	477	4	483	4.76e-84	269
SMa2127	STM_v1_0.STM3882	32.3	492	319	5	1	487	1	483	6.84e-84	268
SMa2127	iSSON_1240.SSON_4410	34.2	483	310	5	2	481	7	484	6.66e-84	268
SMa2127	iSF_1195.SF3611	33.9	489	305	8	1	477	1	483	1.32e-83	268
SMa2127	iML1515.b4485	34.0	483	311	5	2	481	7	484	1.85e-83	267
SMa2127	iYL1228.KPN_04623	34.2	474	304	5	2	472	7	475	1.01e-82	265
SMa2127	iSF_1195.SF4262	33.7	483	312	5	2	481	7	484	2.00e-82	264
SMa2135	iJN1463.PP_0322	58.9	409	164	2	11	418	11	416	1.25e-167	476
SMa2135	iJN1463.PP_0671	58.2	419	167	4	4	418	1	415	1.17e-165	471
SMa2135	iYS854.USA300HOU_RS11410	60.2	410	158	3	10	418	6	411	2.81e-165	470
SMa2135	iCN718.ABAYE_RS06300	58.2	409	167	2	12	419	11	416	4.74e-165	469
SMa2135	iSynCJ816.SGL_RS04690	57.7	407	169	2	12	418	13	416	3.84e-164	468
SMa2135	iYO844.BSU36900	60.0	407	159	3	12	418	8	410	7.23e-164	466
SMa2135	iLJ478.TM0720	57.4	411	170	2	12	418	9	418	4.15e-161	460
SMa2135	iAF987.Gmet_1605	58.5	410	166	2	12	421	8	413	7.81e-161	459
SMa2135	iSSON_1240.SSON_2634	57.4	411	169	3	11	419	11	417	1.11e-158	453
SMa2135	iML1515.b2551	57.2	411	170	3	11	419	11	417	3.17e-158	452
SMa2135	iSbBS512_1146.SbBS512_E2916	57.2	411	170	3	11	419	11	417	3.17e-158	452
SMa2135	iSF_1195.SF2598	57.2	411	170	3	11	419	11	417	3.17e-158	452
SMa2135	STM_v1_0.STM2555	56.4	411	173	3	11	419	11	417	1.28e-157	451
SMa2135	iSDY_1059.SDY_2741	56.9	411	171	3	11	419	11	417	1.28e-157	451
SMa2135	iPC815.YPO2907	56.9	411	171	3	11	419	11	417	3.65e-157	449
SMa2135	iYL1228.KPN_02876	56.0	411	175	3	11	419	11	417	5.18e-157	449
SMa2135	iEK1008.Rv0070c	55.8	416	175	2	12	422	12	423	2.76e-151	435
SMa2135	iAF692.Mbar_A2316	52.9	410	188	2	10	418	6	411	5.05e-151	434
SMa2135	iCN900.CD630_27260	54.2	415	182	3	4	418	1	407	4.38e-150	431
SMa2137	iPC815.YPO4078	39.4	307	181	4	7	310	1	305	8.52e-58	189
SMa2137	iJN1463.PP_3376	39.4	322	186	6	7	323	1	318	2.85e-57	187
SMa2137	iYS854.USA300HOU_RS12475	37.4	297	182	3	25	319	18	312	1.14e-55	183
SMa2137	iSDY_1059.SDY_4350	37.5	323	197	4	4	323	2	322	2.60e-53	177
SMa2137	iML1515.b3553	36.9	320	197	4	7	323	1	318	5.07e-52	174
SMa2137	iSF_1195.SF3587	37.2	320	196	4	7	323	1	318	5.07e-52	174
SMa2137	iSSON_1240.SSON_3835	36.8	323	199	4	4	323	2	322	5.63e-52	174
SMa2137	iYS854.USA300HOU_RS04605	36.0	314	195	5	10	319	3	314	4.45e-52	174
SMa2137	iSbBS512_1146.SbBS512_E3973	36.9	320	197	4	7	323	1	318	7.14e-52	173
SMa2137	iYL1228.KPN_03915	37.2	320	196	4	7	323	1	318	9.79e-52	173
SMa2137	iEK1008.Rv2996c	39.1	284	168	3	41	323	33	312	1.09e-49	172
SMa2139	iSynCJ816.SGL_RS11200	38.9	375	224	5	8	381	7	377	3.40e-79	248
SMa2141	iJN1463.PP_1943	50.5	285	139	2	3	286	2	285	8.47e-89	265
SMa2141	iCN718.ABAYE_RS16520	49.5	279	136	3	10	285	11	287	3.64e-80	243
SMa2145	iLJ478.TM0211	30.8	400	228	11	23	414	4	362	2.99e-52	178
SMa2157	iML1515.b1771	28.2	277	145	11	79	306	40	311	1.87e-12	67.0
SMa2159	iJN1463.PP_4215	28.4	183	109	6	34	208	90	258	8.63e-10	57.4
SMa2165	iLJ478.TM1724	34.0	250	153	4	3	245	2	246	7.97e-28	106
SMa2165	iIT341.HP0561	34.3	251	152	5	3	245	2	247	6.41e-26	101
SMa2165	iAF987.Gmet_1601	33.6	247	152	5	6	245	5	246	6.54e-25	98.6
SMa2165	iAF987.Gmet_1531	27.9	247	169	3	1	242	1	243	2.64e-24	97.1
SMa2193	iPC815.YPO2448	25.2	420	253	13	13	423	3	370	3.20e-18	85.5
SMa2193	iJN1463.PP_0323	22.6	407	256	10	9	407	29	384	2.59e-17	83.2
SMa2193	iAT_PLT_636.1757	23.4	427	265	11	14	425	68	447	7.77e-17	82.8
SMa2193	STM_v1_0.STM1160	26.3	419	254	14	12	424	2	371	1.19e-15	77.8
SMa2195	iYO844.BSU27430	54.6	249	103	1	5	253	1	239	1.45e-88	262
SMa2195	iJN1463.PP_4425	56.7	252	105	3	5	253	1	251	1.47e-86	257
SMa2195	iCN900.CD630_07520	53.0	249	107	2	5	253	1	239	1.27e-86	257
SMa2195	iML1515.b1917	57.9	240	97	2	13	252	11	246	2.88e-85	254
SMa2195	iPC815.YPO2514	54.6	249	103	2	5	253	1	239	9.65e-84	249
SMa2195	iJN1463.PP_3597	51.8	249	110	2	5	253	20	258	2.63e-83	249
SMa2195	iCN718.ABAYE_RS06340	53.8	249	111	3	6	251	7	254	7.01e-83	248
SMa2195	STM_v1_0.STM0828	55.0	249	102	3	5	253	1	239	3.90e-83	248
SMa2195	iYL1228.KPN_00838	55.4	249	101	3	5	253	1	239	7.84e-83	247
SMa2195	iJN1463.PP_1300	54.6	249	103	2	5	253	14	252	1.75e-82	247
SMa2195	iYS854.USA300HOU_RS09925	52.0	252	107	2	4	253	2	241	1.68e-82	246
SMa2195	iSDY_1059.SDY_0787	55.4	249	101	3	5	253	1	239	3.17e-82	246
SMa2195	iML1515.b0809	55.0	249	102	3	5	253	1	239	1.81e-81	244
SMa2195	iSbBS512_1146.SbBS512_E2539	55.0	249	102	3	5	253	1	239	1.81e-81	244
SMa2195	iSSON_1240.SSON_0789	55.0	249	102	3	5	253	1	239	1.81e-81	244
SMa2195	iYO844.BSU23960	52.0	250	108	2	5	253	1	239	2.57e-81	243
SMa2195	iSynCJ816.SGL_RS08035	52.0	250	113	1	4	253	7	249	3.79e-81	243
SMa2195	iSF_1195.SF0760	54.6	249	103	3	5	253	1	239	2.08e-80	241
SMa2195	iJN1463.PP_0225	54.6	249	107	2	5	252	1	244	4.36e-80	241
SMa2195	iJN1463.PP_0283	51.0	251	118	2	4	251	6	254	7.26e-80	240
SMa2195	iNF517.LLMG_RS09720	53.1	241	103	2	13	253	14	244	2.12e-79	239
SMa2195	iYO844.BSU03590	49.4	249	120	1	5	253	1	243	1.21e-78	237
SMa2195	iJN1463.PP_4483	53.1	241	110	2	13	251	11	250	1.52e-78	237
SMa2195	iNF517.LLMG_RS09915	51.0	253	114	1	1	253	1	243	2.21e-78	236
SMa2197	iYS854.USA300HOU_RS13045	34.6	211	128	3	76	285	34	235	1.91e-34	125
SMa2197	iSynCJ816.SGL_RS07090	35.8	229	129	4	48	275	296	507	1.50e-31	122
SMa2197	iYO844.BSU03600	36.9	233	127	4	54	285	17	230	7.32e-32	118
SMa2197	iJN1463.PP_0226	34.4	215	123	2	66	280	16	212	5.44e-32	118
SMa2197	iCN900.CD630_07510	33.5	227	138	5	62	287	11	225	1.61e-31	117
SMa2197	iYS854.USA300HOU_RS09930	30.8	234	141	4	47	280	266	478	2.28e-29	116
SMa2197	iNF517.LLMG_RS09920	33.0	215	132	3	69	281	16	220	1.83e-30	114
SMa2197	iJN1463.PP_0280	34.5	220	133	3	53	272	2	210	3.67e-30	113
SMa2199	iYL1228.KPN_00896	31.6	234	142	4	46	274	27	247	1.11e-22	94.0
SMa2199	STM_v1_0.STM0890	31.9	235	140	5	46	274	20	240	9.68e-23	94.0
SMa2199	iYL1228.KPN_00840	30.8	224	145	3	51	274	29	242	7.45e-21	89.0
SMa2199	iSDY_1059.SDY_0785	29.9	224	147	3	51	274	29	242	2.73e-20	87.4
SMa2199	iPC815.YPO2512	29.5	224	147	4	51	274	29	241	2.68e-20	87.4
SMa2199	iML1515.b0863	29.8	235	145	5	46	274	20	240	3.45e-20	87.0
SMa2199	iML1515.b0811	29.9	224	147	3	51	274	29	242	3.78e-20	87.0
SMa2199	iSbBS512_1146.SbBS512_E2468	29.8	235	145	5	46	274	20	240	3.45e-20	87.0
SMa2199	iSF_1195.SF0762	29.9	224	147	3	51	274	29	242	3.78e-20	87.0
SMa2199	iSF_1195.SF0817	29.8	235	145	5	46	274	20	240	3.45e-20	87.0
SMa2199	iSSON_1240.SSON_0848	29.8	235	145	5	46	274	20	240	3.45e-20	87.0
SMa2199	iSSON_1240.SSON_0791	29.9	224	147	3	51	274	29	242	3.78e-20	87.0
SMa2199	iPC815.YPO1351	27.7	235	150	5	46	274	20	240	4.78e-20	86.7
SMa2199	STM_v1_0.STM0830	29.5	224	148	3	51	274	29	242	7.22e-20	86.3
SMa2199	iYL1228.KPN_00893	30.2	232	142	5	49	274	23	240	9.14e-20	85.9
SMa2199	iJN1463.PP_0227	28.1	235	153	5	44	274	35	257	1.30e-19	85.9
SMa2199	iSbBS512_1146.SbBS512_E2537	29.9	224	147	3	51	274	29	242	1.38e-19	85.5
SMa2201	iML1515.b1010	27.4	124	89	1	2	124	3	126	3.68e-09	50.8
SMa2201	iSDY_1059.SDY_0985	27.4	124	89	1	2	124	3	126	3.68e-09	50.8
SMa2201	iSF_1195.SF1013	27.4	124	89	1	2	124	3	126	3.68e-09	50.8
SMa2203	iJN1463.PP_3816	31.9	251	167	2	11	260	16	263	7.61e-34	123
SMa2203	iJN1463.PP_0414	30.1	256	178	1	10	264	16	271	3.37e-33	121
SMa2205	iSbBS512_1146.SbBS512_E1303	34.0	253	165	2	16	268	19	269	3.58e-35	127
SMa2205	iML1515.b1125	34.0	253	165	2	16	268	9	259	5.34e-35	127
SMa2205	iSDY_1059.SDY_2027	34.0	253	165	2	16	268	9	259	5.34e-35	127
SMa2205	iSF_1195.SF1127	34.0	253	165	2	16	268	9	259	5.34e-35	127
SMa2205	iSSON_1240.SSON_1143	34.0	253	165	2	16	268	9	259	5.34e-35	127
SMa2205	STM_v1_0.STM1225	33.6	253	166	2	16	268	19	269	5.30e-34	124
SMa2205	iYL1228.KPN_01131	32.8	253	168	1	16	268	19	269	2.72e-33	122
SMa2205	iHN637.CLJU_RS10675	29.3	259	181	2	9	267	17	273	6.33e-31	116
SMa2205	iJN1463.PP_5178	32.6	218	146	1	45	262	70	286	2.42e-30	115
SMa2207	iJN1463.PP_0411	42.8	355	196	4	6	355	15	367	2.51e-86	265
SMa2207	iPC815.YPO2846	40.5	353	206	3	6	355	5	356	1.93e-82	254
SMa2207	iPC815.YPO1332	41.3	341	197	3	6	344	20	359	6.20e-82	254
SMa2207	STM_v1_0.STM0878	41.1	341	198	3	6	344	20	359	3.49e-81	252
SMa2207	iCN900.CD630_35300	51.5	237	115	0	6	242	4	240	1.75e-81	251
SMa2207	iLJ478.TM1376	42.1	330	188	1	1	327	1	330	7.54e-81	251
SMa2207	iJN1463.PP_1484	43.2	329	163	3	5	332	4	309	5.04e-81	250
SMa2207	iSbBS512_1146.SbBS512_E2476	41.9	329	189	2	6	332	20	348	3.10e-79	247
SMa2207	iML1515.b0855	41.3	329	191	2	6	332	20	348	4.38e-79	246
SMa2207	iSDY_1059.SDY_0740	41.9	329	189	2	6	332	20	348	4.38e-79	246
SMa2207	iSF_1195.SF0809	41.3	329	191	2	6	332	47	375	9.51e-79	246
SMa2207	iSSON_1240.SSON_0840	41.3	329	191	2	6	332	47	375	9.51e-79	246
SMa2207	iJN1463.PP_5137	43.7	355	180	7	6	354	10	350	2.96e-79	246
SMa2207	iHN637.CLJU_RS10680	40.5	358	205	4	6	360	10	362	8.24e-79	246
SMa2207	iYL1228.KPN_00886	41.6	329	190	2	6	332	36	364	3.90e-78	244
SMa2207	iCN900.CD630_35270	50.2	237	118	0	6	242	4	240	8.86e-79	244
SMa2207	iCN900.CD630_10240	39.2	360	206	5	1	360	1	347	2.03e-78	244
SMa2207	iLJ478.TM0421	43.3	328	174	4	5	327	3	323	2.89e-78	244
SMa2207	iEK1008.Rv2397c	43.4	327	155	4	5	315	4	316	9.09e-78	242
SMa2207	iYL1228.KPN_01132	42.6	333	185	5	6	334	18	348	1.59e-76	240
SMa2207	iSSON_1240.SSON_1696	40.3	360	184	4	5	359	4	337	9.49e-77	239
SMa2209	iNF517.LLMG_RS06715	24.4	299	195	13	23	302	34	320	2.70e-12	66.6
SMa2211	iYS854.USA300HOU_RS11065	28.9	558	359	10	1	542	34	569	2.95e-70	236
SMa2211	iHN637.CLJU_RS10020	29.7	552	354	11	3	542	2	531	9.72e-69	231
SMa2211	iAF692.Mbar_A0218	29.0	551	363	12	4	544	11	543	1.14e-67	229
SMa2211	iLJ478.TM0548	29.0	558	354	12	3	542	7	540	1.09e-65	224
SMa2211	iYL1228.KPN_04267	29.3	550	350	11	4	541	3	525	7.37e-64	218
SMa2211	iSynCJ816.SGL_RS09105	29.5	555	359	9	4	540	23	563	3.11e-62	215
SMa2211	iJN1463.PP_4680	28.4	577	340	12	4	541	6	548	6.60e-62	213
SMa2211	STM_v1_0.STM3901	28.8	541	364	10	4	541	3	525	3.90e-62	213
SMa2213	iMM904.YOR374W	43.9	471	260	1	9	479	47	513	2.76e-144	423
SMa2213	iYO844.BSU19310	44.2	475	260	3	9	482	22	492	1.87e-141	415
SMa2213	iMM904.YER073W	42.8	479	269	2	9	487	46	519	3.47e-137	405
SMa2213	iCHOv1.100765516	44.8	482	257	5	9	486	41	517	8.63e-135	399
SMa2213	iMM1415.72535	44.6	482	258	6	9	486	41	517	5.53e-133	394
SMa2213	iYO844.BSU31060	42.5	485	278	1	8	491	4	488	3.54e-132	391
SMa2213	iMM1415.11669	43.6	482	263	5	9	486	41	517	1.25e-131	391
SMa2213	iCN718.ABAYE_RS11785	42.6	488	271	6	9	493	7	488	2.75e-131	389
SMa2213	iCHOv1.100761706	43.2	481	266	4	9	486	23	499	1.14e-130	388
SMa2213	iCHOv1.100768367	43.2	481	266	4	9	486	50	526	2.39e-128	383
SMa2217	STM_v1_0.STM3978	29.4	462	282	9	1	422	9	466	8.63e-51	178
SMa2217	iSF_1195.SF3919	29.7	462	281	9	1	422	9	466	1.32e-50	178
SMa2217	iSbBS512_1146.SbBS512_E4313	29.7	458	286	9	1	422	9	466	6.87e-50	176
SMa2217	iML1515.b3843	29.4	462	282	9	1	422	9	466	9.56e-50	176
SMa2217	iSSON_1240.SSON_4016	29.4	462	282	9	1	422	9	466	9.56e-50	176
SMa2217	iPC815.YPO3769	29.1	474	291	10	1	433	9	478	1.88e-49	175
SMa2217	iSDY_1059.SDY_3902	29.4	462	282	9	1	422	9	466	4.96e-49	174
SMa2217	iYL1228.KPN_04337	29.0	458	289	9	1	422	6	463	6.18e-49	173
SMa2217	iJN1463.PP_5213	28.8	455	280	8	1	415	6	456	8.14e-48	170
SMa2217	iAF987.Gmet_2102	28.0	439	292	9	1	415	27	465	1.27e-46	167
SMa2219	iSbBS512_1146.SbBS512_E2689	51.9	187	87	2	4	187	2	188	2.10e-56	176
SMa2219	iSDY_1059.SDY_2510	51.9	187	87	2	4	187	2	188	2.10e-56	176
SMa2219	iSSON_1240.SSON_2369	51.9	187	87	2	4	187	2	188	2.10e-56	176
SMa2219	iSF_1195.SF2387	51.9	187	87	2	4	187	2	188	5.96e-56	175
SMa2219	iYL1228.KPN_02701	49.7	187	91	2	4	187	2	188	1.37e-54	171
SMa2219	STM_v1_0.STM2356	51.3	187	88	2	4	187	2	188	2.76e-54	171
SMa2219	iPC815.YPO2773	49.2	187	92	2	4	187	2	188	6.55e-53	167
SMa2223	iJN1463.PP_0612	27.5	349	220	12	6	338	4	335	8.98e-21	92.0
SMa2225	iJN1463.PP_0325	24.7	466	300	10	5	453	172	603	1.30e-16	82.4
SMa2291	iJN1463.PP_2486	32.6	374	208	14	9	357	4	358	1.06e-37	139
SMa2291	iJN1463.PP_2008	33.1	308	187	7	44	348	56	347	5.66e-35	135
SMa2291	iJN1463.PP_0920	34.0	344	202	10	11	349	4	327	1.76e-36	135
SMa2294	iAF987.Gmet_0354	38.8	720	400	10	14	712	38	737	1.53e-149	456
SMa2294	iJN1463.PP_5084	36.7	725	409	15	18	712	20	724	4.20e-138	426
SMa2295	iAF987.Gmet_0406	34.7	453	262	11	10	431	133	582	1.02e-65	222
SMa2301	iJN1463.PP_1494	41.6	178	99	2	263	438	158	332	3.51e-31	122
SMa2301	iAF987.Gmet_0069	39.9	178	103	3	263	440	130	303	2.09e-29	116
SMa2301	iAF987.Gmet_2721	39.3	173	102	2	271	443	499	668	6.28e-27	113
SMa2303	iAF987.Gmet_1639	32.3	251	146	4	162	393	69	314	7.78e-31	120
SMa2303	iLJ478.TM1469	29.3	256	156	4	164	398	64	315	1.25e-29	116
SMa2305	iEK1008.Rv2041c	23.8	239	159	8	110	329	107	341	3.89e-06	48.5
SMa2307	iEK1008.Rv2835c	29.9	264	176	5	20	274	28	291	1.95e-38	137
SMa2309	iJN1463.PP_1017	36.5	260	159	3	16	273	26	281	4.17e-51	168
SMa2311	iPC815.YPO3712	48.6	368	178	3	21	388	1	357	9.04e-112	332
SMa2311	iYL1228.KPN_04424	46.7	368	185	3	21	388	1	357	9.44e-109	324
SMa2311	iSF_1195.SF4170	47.4	369	183	3	21	388	1	359	1.43e-108	323
SMa2311	iML1515.b4035	47.2	369	184	3	21	388	1	359	8.10e-108	322
SMa2311	iSSON_1240.SSON_4213	47.2	369	184	3	21	388	1	359	8.10e-108	322
SMa2311	STM_v1_0.STM4230	46.2	368	187	3	21	388	1	357	1.22e-106	318
SMa2311	iSynCJ816.SGL_RS17635	53.7	328	141	6	21	343	1	322	1.30e-104	313
SMa2311	iEK1008.Rv2038c	47.6	359	158	4	38	390	20	354	1.43e-99	300
SMa2311	STM_v1_0.STM3554	46.2	372	181	6	21	390	1	355	5.54e-99	298
SMa2313	iCHOv1.100753544	24.8	351	200	8	7	346	3	300	9.45e-28	113
SMa2319	iLB1027_lipid.PHATRDRAFT_36390	25.5	196	122	5	28	204	22	212	1.51e-07	50.1
SMa2325	iAF987.Gmet_2999	38.2	123	72	2	6	124	10	132	2.16e-16	76.6
SMa2327	iSynCJ816.SGL_RS08885	43.0	356	198	2	25	379	19	370	1.26e-76	254
SMa2329	iAF987.Gmet_2435	53.2	186	84	2	2	185	1	185	8.97e-56	174
SMa2331	iJN1463.PP_4160	66.9	664	214	3	18	680	26	684	1.05e-284	794
SMa2331	iEK1008.Rv1030	65.6	683	220	5	9	678	27	707	1.83e-279	782
SMa2331	STM_v1_0.STM0705	64.6	675	233	5	10	679	8	681	9.33e-278	776
SMa2331	iML1515.b0697	63.9	676	238	5	10	680	8	682	4.35e-276	772
SMa2331	iSSON_1240.SSON_0648	63.9	676	238	5	10	680	8	682	6.17e-276	772
SMa2331	iYL1228.KPN_00716	63.7	678	236	5	10	680	8	682	2.88e-274	768
SMa2331	iPC815.YPO2691	64.6	681	229	6	10	679	8	687	3.56e-274	768
SMa2331	iAF987.Gmet_2434	59.6	684	264	6	3	675	4	686	3.51e-257	724
SMa2333	iYL1228.KPN_00717	54.1	564	254	3	1	564	1	559	2.47e-193	553
SMa2333	iEK1008.Rv1029	52.8	570	260	4	1	562	1	569	3.95e-190	545
SMa2333	iJN1463.PP_4161	51.9	551	264	1	13	563	13	562	6.25e-190	544
SMa2333	iPC815.YPO2692	53.8	556	252	3	5	560	5	555	1.90e-188	540
SMa2333	STM_v1_0.STM0706	51.7	563	267	3	1	563	1	558	3.95e-187	537
SMa2333	iML1515.b0698	51.1	562	270	3	1	562	1	557	3.41e-185	532
SMa2333	iSSON_1240.SSON_0649	50.7	562	272	3	1	562	1	557	4.47e-183	526
SMa2333	iAF987.Gmet_2433	50.9	583	263	4	6	567	6	586	2.37e-182	526
SMa2337	STM_v1_0.STM0444	27.7	386	267	8	36	413	15	396	1.88e-28	116
SMa2337	iYL1228.KPN_00395	27.1	395	280	6	36	424	15	407	4.73e-28	115
SMa2337	iML1515.b0433	26.9	386	270	8	36	413	15	396	7.42e-27	112
SMa2337	iSbBS512_1146.SbBS512_E0355	26.9	386	270	8	36	413	15	396	7.42e-27	112
SMa2337	iSDY_1059.SDY_0300	26.9	386	270	8	36	413	15	396	7.42e-27	112
SMa2337	iSF_1195.SF0377	26.9	386	270	8	36	413	15	396	7.42e-27	112
SMa2337	iSSON_1240.SSON_0416	26.9	386	270	8	36	413	15	396	7.42e-27	112
SMa2337	iPC815.YPO3162	28.2	383	251	10	41	408	20	393	6.28e-26	109
SMa2400	iJN1463.PP_4223	62.4	431	161	1	32	461	14	444	9.12e-196	551
SMa2402	iCN718.ABAYE_RS05590	36.6	495	289	6	17	489	6	497	1.33e-87	277
SMa2404	iYS854.USA300HOU_RS00625	26.7	547	352	17	54	581	54	570	2.08e-46	171
SMa2408	iCN718.ABAYE_RS05910	60.6	436	171	1	3	438	1	435	6.70e-193	542
SMa2410	iYS854.USA300HOU_RS00630	28.8	562	364	14	14	553	26	573	1.18e-63	220
SMa2414	iJN1463.PP_2193	40.3	715	376	12	43	746	143	817	7.96e-166	498
SMa2343	iCN718.ABAYE_RS09965	38.8	188	112	2	2	186	7	194	5.25e-32	117
SMa2343	STM_v1_0.STM1511	37.1	237	141	5	4	235	2	235	4.19e-31	114
SMa2343	iSF_1195.SF1556	35.9	237	144	6	4	235	2	235	8.25e-31	114
SMa2343	iYL1228.KPN_02061	36.1	202	124	3	1	198	1	201	3.83e-30	112
SMa2343	iSDY_1059.SDY_1586	35.4	237	145	6	4	235	2	235	3.20e-30	112
SMa2343	iSbBS512_1146.SbBS512_E1701	35.9	237	144	6	4	235	2	235	4.49e-30	112
SMa2343	iML1515.b1539	35.9	237	144	6	4	235	2	235	6.29e-30	111
SMa2343	iMM904.YMR226C	37.3	193	113	4	3	187	14	206	9.55e-30	111
SMa2343	iSSON_1240.SSON_1589	35.9	237	144	6	4	235	2	235	6.29e-30	111
SMa2343	iCN718.ABAYE_RS13105	31.8	233	145	3	2	222	6	236	1.42e-28	108
SMa2343	iYL1228.KPN_01590	35.9	237	144	6	4	235	2	235	9.61e-29	108
SMa2349	iAF987.Gmet_2135	40.5	158	79	1	50	207	16	158	1.46e-38	130
SMa2349	iCN900.CD630_20880	41.2	165	82	1	49	213	3	152	2.13e-37	127
SMa2349	iHN637.CLJU_RS11605	40.9	159	79	2	49	207	4	147	5.25e-35	121
SMa2349	iYO844.BSU32470	40.3	159	79	2	52	210	18	160	2.46e-34	120
SMa2351	iHN637.CLJU_RS11610	24.0	242	133	6	25	265	26	217	4.21e-09	56.2
SMa2353	iML1515.b2866	30.2	762	456	24	24	727	2	745	6.57e-62	221
SMa2353	iSSON_1240.SSON_3017	30.1	762	457	24	24	727	2	745	6.57e-62	221
SMa2353	iSF_1195.SF2868	29.6	766	465	23	19	727	10	758	1.48e-61	220
SMa2353	iCN900.CD630_20870	28.9	747	478	19	16	721	3	737	3.59e-61	218
SMa2353	iCN900.CD630_20730	28.4	775	470	24	17	724	1	757	1.86e-57	208
SMa2353	iCN900.CD630_20790	28.2	773	484	23	17	732	1	759	9.98e-56	203
SMa2357	iSynCJ816.SGL_RS03900	29.7	182	123	3	50	230	442	619	7.27e-18	81.6
SMa2363	iEK1008.Rv2888c	31.4	477	278	14	4	460	16	463	2.54e-35	136
SMa2363	iEK1008.Rv1263	32.6	420	261	11	50	463	54	457	5.14e-34	132
SMa2363	iSynCJ816.SGL_RS15160	29.9	451	247	15	37	457	42	453	2.90e-31	125
SMa2365	iPC815.YPO3964	36.1	479	292	6	5	477	6	476	8.12e-93	291
SMa2365	iYO844.BSU35940	33.8	491	313	5	11	496	8	491	4.29e-92	289
SMa2365	iLJ478.TM0115	35.3	481	299	4	5	477	14	490	3.55e-91	287
SMa2365	iYL1228.KPN_03931	35.3	510	320	6	5	506	4	511	8.17e-91	286
SMa2365	iNF517.LLMG_RS04060	34.1	472	300	4	10	477	7	471	7.74e-89	280
SMa2365	iJN1463.PP_2455	36.5	507	285	9	2	490	13	500	1.43e-87	278
SMa2365	iSbBS512_1146.SbBS512_E3955	35.2	480	303	5	5	476	4	483	1.06e-87	278
SMa2365	iML1515.b3567	35.2	480	303	5	5	476	4	483	1.50e-87	278
SMa2365	iML1515.b3749	33.0	506	327	5	3	503	2	500	2.14e-87	277
SMa2365	iSF_1195.SF3611	35.2	480	303	5	5	476	4	483	5.85e-87	276
SMa2365	iLJ478.TM0956	34.6	483	304	7	3	475	10	490	1.07e-86	276
SMa2365	iYL1228.KPN_04154	32.7	504	331	5	3	503	2	500	2.33e-86	274
SMa2365	STM_v1_0.STM3882	32.3	504	333	4	3	503	2	500	2.33e-86	274
SMa2371	iHN637.CLJU_RS09420	43.2	412	233	1	4	414	1	412	8.90e-121	357
SMa2371	STM_v1_0.STM3334	44.1	424	232	4	3	423	5	426	9.25e-119	352
SMa2371	iPC815.YPO0162	45.6	410	216	3	18	423	30	436	3.61e-118	351
SMa2371	iYL1228.KPN_03751	45.9	403	216	1	5	405	8	410	5.79e-118	351
SMa2371	iML1515.b0337	44.5	420	230	2	6	423	9	427	1.23e-116	347
SMa2377	iJN1463.PP_3588	24.9	301	222	4	20	318	23	321	3.17e-15	76.3
SMa2379	iJN1463.PP_3668	65.7	753	214	9	10	726	6	750	0.0	996
SMa2379	iEK1008.Rv1908c	65.4	713	236	7	20	726	32	739	0.0	957
SMa2379	iYL1228.KPN_01819	63.5	728	244	8	7	726	12	725	0.0	908
SMa2379	STM_v1_0.STM4106	63.6	728	243	8	7	726	12	725	0.0	907
SMa2379	iSbBS512_1146.SbBS512_E4429	62.8	729	249	8	7	727	12	726	0.0	896
SMa2379	iPC815.YPO3319	61.1	718	274	4	12	726	19	734	0.0	896
SMa2383	iJN1463.PP_0072	36.1	324	203	3	2	322	3	325	6.32e-53	176
SMa2383	iJN1463.PP_3606	34.4	320	205	3	4	320	5	322	8.00e-50	168
SMa2385	iAF987.Gmet_2439	31.2	199	133	4	4	200	6	202	5.00e-15	74.7
SMa2385	iJN1463.PP_2416	33.0	188	109	5	16	193	23	203	1.06e-14	73.9
SMa2385	iSynCJ816.SGL_RS14425	27.9	201	138	3	2	200	49	244	1.92e-14	73.6
SMa2385	iSynCJ816.SGL_RS04625	33.3	165	103	4	33	193	52	213	2.18e-13	70.5
SMa2385	iJN1463.PP_0118	28.9	187	110	4	16	197	17	185	2.66e-13	69.7
SMa2385	iJN1463.PP_2592	36.1	183	79	6	32	193	30	195	8.89e-13	68.2
SMa2385	iAF987.Gmet_1903	32.6	187	107	5	30	204	29	208	3.68e-12	67.4
SM_b21652	iHN637.CLJU_RS00965	21.1	284	200	10	50	323	56	325	1.96e-12	68.2
SM_b21652	iYO844.BSU34610	26.4	311	183	13	60	351	62	345	1.06e-10	62.8
SM_b21653	iEK1008.Rv2040c	35.2	287	175	6	16	297	12	292	5.38e-51	169
SM_b21653	iYO844.BSU28740	32.8	274	177	5	17	288	33	301	1.65e-45	155
SM_b21654	iYO844.BSU28730	33.1	263	170	3	16	272	18	280	3.72e-45	153
SM_b21655	iLJ478.TM1062	26.4	560	332	19	30	541	28	555	3.15e-45	170
SM_b20002	iPC815.YPO3712	60.3	312	120	3	1	308	1	312	2.13e-120	352
SM_b20002	iSF_1195.SF4170	52.9	363	165	3	1	357	1	363	4.58e-120	351
SM_b20002	iML1515.b4035	52.6	363	166	3	1	357	1	363	2.62e-119	349
SM_b20002	iSSON_1240.SSON_4213	52.6	363	166	3	1	357	1	363	2.62e-119	349
SM_b20002	iYL1228.KPN_04424	52.6	361	167	3	1	357	1	361	4.92e-119	348
SM_b20002	STM_v1_0.STM4230	52.1	361	169	3	1	357	1	361	6.97e-119	348
SM_b20002	STM_v1_0.STM3554	51.9	360	165	5	1	356	1	356	4.21e-117	343
SM_b20002	iML1515.b3450	50.3	362	168	7	1	356	1	356	1.57e-114	336
SM_b20002	iYL1228.KPN_03810	51.3	357	163	5	1	352	1	351	6.34e-114	335
SM_b20002	iSbBS512_1146.SbBS512_E3873	50.3	362	168	7	1	356	1	356	1.27e-113	334
SM_b20002	iPC815.YPO3793	50.6	352	168	4	1	350	1	348	1.22e-111	329
SM_b20003	iJN1463.PP_5095	27.2	261	177	6	2	252	5	262	7.47e-21	88.6
SM_b20005	iML1515.b2302	26.9	197	131	5	3	189	4	197	2.29e-14	68.6
SM_b20005	iAT_PLT_636.2954	32.7	196	121	5	3	191	8	199	1.65e-13	66.2
SM_b20005	iCHOv1.100764455	30.6	196	125	4	3	191	55	246	1.81e-12	64.7
SM_b20007	iSF_1195.SF1496	49.6	677	321	7	39	702	79	748	1.10e-224	645
SM_b20007	iML1515.b1732	49.6	677	321	7	39	702	79	748	8.86e-224	643
SM_b20007	iSSON_1240.SSON_1426	49.5	677	322	7	39	702	79	748	1.25e-223	642
SM_b20007	iJN1463.PP_0115	51.0	673	314	10	39	703	43	707	7.08e-223	639
SM_b20007	iYL1228.KPN_01236	49.3	678	320	7	40	702	79	747	1.27e-220	635
SM_b20007	iCN718.ABAYE_RS11495	50.6	668	317	7	39	699	43	704	9.53e-221	634
SM_b20007	iYO844.BSU39050	50.2	667	312	7	40	698	30	684	9.10e-220	630
SM_b20007	STM_v1_0.STM1318	49.6	668	327	6	39	698	76	741	7.68e-219	630
SM_b20011	STM_v1_0.STM3190	24.2	211	141	6	30	233	27	225	3.63e-07	49.7
SM_b20011	iYL1228.KPN_03453	25.6	207	142	6	30	233	21	218	2.81e-06	47.0
SM_b20011	iML1515.b3040	24.2	207	146	5	30	233	27	225	1.27e-05	45.1
SM_b20011	iSbBS512_1146.SbBS512_E3472	24.3	206	143	5	30	233	27	221	1.25e-05	45.1
SM_b20011	iSF_1195.SF3080	24.2	207	146	5	30	233	27	225	1.27e-05	45.1
SM_b20011	iSSON_1240.SSON_3177	24.2	207	146	5	30	233	27	225	1.27e-05	45.1
SM_b20012	iCHOv1.100754260	34.2	202	107	9	1	181	1	197	3.75e-12	68.6
SM_b20012	iMM1415.101502	33.7	202	108	9	1	181	1	197	1.18e-11	67.0
SM_b20013	iAF987.Gmet_2352	23.3	266	148	10	7	252	3	232	3.68e-06	48.1
SM_b20014	iYL1228.KPN_04156	24.6	276	184	9	64	323	28	295	1.75e-12	66.6
SM_b20014	STM_v1_0.STM3884	23.6	276	187	8	64	323	28	295	1.75e-12	66.6
SM_b20014	iML1515.b3751	24.4	221	147	6	64	272	28	240	5.81e-12	65.1
SM_b20014	iYO844.BSU35960	24.7	288	185	8	56	325	31	304	1.13e-11	64.3
SM_b20015	iNF517.LLMG_RS04065	33.6	292	186	5	16	304	14	300	4.31e-39	139
SM_b20015	iPC815.YPO2499	34.3	300	191	4	6	304	25	319	2.52e-37	135
SM_b20015	iYL1228.KPN_04155	34.7	297	183	6	15	306	22	312	3.14e-35	129
SM_b20015	iCN900.CD630_15880	31.4	264	173	4	30	291	30	287	1.50e-34	127
SM_b20015	iML1515.b3750	34.0	297	185	6	15	306	22	312	2.32e-34	127
SM_b20016	iNF517.LLMG_RS04065	29.2	315	211	5	19	327	4	312	7.47e-30	115
SM_b20016	iYO844.BSU35950	35.2	304	177	7	24	319	24	315	6.33e-29	113
SM_b20016	iYL1228.KPN_04155	30.2	308	199	7	19	319	17	315	3.04e-26	105
SM_b20016	iML1515.b3750	31.2	308	196	7	19	319	17	315	5.82e-26	105
SM_b20016	iPC815.YPO0411	30.1	296	197	4	28	319	13	302	1.27e-25	104
SM_b20017	iHN637.CLJU_RS00620	36.1	498	297	7	4	493	6	490	4.12e-99	307
SM_b20017	iYL1228.KPN_04154	36.7	496	303	3	4	497	5	491	9.58e-98	303
SM_b20017	iML1515.b3749	36.7	496	303	3	4	497	5	491	1.06e-96	301
SM_b20017	iLJ478.TM0115	36.6	494	300	7	1	488	12	498	1.00e-95	299
SM_b20017	iNF517.LLMG_RS04060	36.5	502	297	6	3	497	2	488	1.80e-95	297
SM_b20017	STM_v1_0.STM3882	36.5	496	304	3	4	497	5	491	2.32e-95	297
SM_b20017	iYO844.BSU35940	35.0	497	304	7	3	493	2	485	2.47e-92	289
SM_b20017	iLJ478.TM0956	36.2	503	306	8	4	497	13	509	4.40e-91	287
SM_b20017	iML1515.b2149	35.9	482	294	6	4	480	14	485	4.27e-90	284
SM_b20017	STM_v1_0.STM2189	36.3	482	292	6	4	480	14	485	4.27e-90	284
SM_b20017	iSF_1195.SF2234	35.9	482	294	6	4	480	14	485	4.27e-90	284
SM_b20017	iSSON_1240.SSON_2205	35.9	482	294	6	4	480	14	485	4.27e-90	284
SM_b20017	iCN900.CD630_03010	34.7	499	312	7	4	498	6	494	4.31e-89	281
SM_b20017	iYL1228.KPN_02587	35.6	480	294	6	6	480	1	470	2.41e-88	279
SM_b20017	iPC815.YPO3964	34.5	493	310	6	4	493	7	489	7.38e-88	278
SM_b20018	iLJ478.TM0114	29.6	287	182	8	28	308	30	302	8.18e-21	91.3
SM_b20018	iYO844.BSU35960	27.7	278	187	8	18	291	30	297	1.58e-18	84.3
SM_b20019	iAF987.Gmet_2766	35.3	416	216	12	5	374	1	409	1.16e-55	187
SM_b20019	iSbBS512_1146.SbBS512_E0646	32.1	399	236	9	5	374	4	396	1.03e-52	179
SM_b20019	iML1515.b0727	31.8	399	237	9	5	374	4	396	2.03e-52	179
SM_b20019	iSF_1195.SF0570	31.8	399	237	9	5	374	4	396	2.03e-52	179
SM_b20019	iSSON_1240.SSON_0678	31.8	399	237	9	5	374	4	396	2.03e-52	179
SM_b20019	iCN718.ABAYE_RS04440	33.2	401	221	11	6	374	4	389	2.42e-52	178
SM_b20019	iSDY_1059.SDY_0665	32.1	399	236	9	5	374	4	396	3.98e-52	178
SM_b20019	iJN1463.PP_4188	33.0	406	226	9	5	374	3	398	3.14e-51	176
SM_b20019	iPC815.YPO1114	32.4	401	234	9	5	374	4	398	3.14e-51	176
SM_b20019	STM_v1_0.STM0737	31.6	396	239	8	5	374	4	393	5.50e-51	175
SM_b20020	iAF987.Gmet_2510	44.7	320	173	3	374	692	4	320	6.64e-76	246
SM_b20020	iYO844.BSU24040	40.5	326	185	4	374	692	4	327	1.33e-72	238
SM_b20020	iYS854.USA300HOU_RS08105	37.9	327	194	4	373	692	3	327	2.11e-69	229
SM_b20020	iJN1463.PP_4402	39.0	336	184	6	374	691	6	338	1.14e-68	228
SM_b20023	iAF692.Mbar_A3345	56.2	1267	479	7	1	1203	1	1255	0.0	1340
SM_b20023	iEK1008.Rv0266c	57.5	1217	487	10	3	1205	2	1202	0.0	1314
SM_b20024	iCN900.CD630_04050	33.9	242	151	4	81	317	3	240	3.80e-35	127
SM_b20024	iCN900.CD630_20500	34.3	233	143	4	89	315	7	235	2.73e-34	125
SM_b20024	iYS854.USA300HOU_RS07985	31.6	237	150	5	85	315	8	238	1.92e-31	117
SM_b20025	iJN1463.PP_1418	25.5	231	155	7	34	248	32	261	3.36e-07	50.8
SM_b20027	STM_v1_0.STM2788	41.0	485	284	1	1	483	1	485	1.18e-118	357
SM_b20027	iJN1463.PP_1416	40.7	472	278	1	1	470	1	472	1.15e-106	327
SM_b20028	iCN900.CD630_24200	27.9	165	101	5	128	279	75	234	5.15e-07	50.8
SM_b20034	iML1515.b3577	33.6	122	81	0	12	133	5	126	2.57e-17	74.7
SM_b20034	STM_v1_0.STM3671	32.8	137	92	0	16	152	9	145	1.47e-15	70.1
SM_b20035	iML1515.b3578	57.6	425	176	2	1	423	1	423	5.98e-154	442
SM_b20035	STM_v1_0.STM3672	57.0	423	182	0	1	423	1	423	6.88e-153	439
SM_b20036	STM_v1_0.STM3673	38.4	271	167	0	24	294	19	289	3.64e-61	198
SM_b20036	iML1515.b3579	37.9	285	174	1	13	294	5	289	1.44e-60	196
SM_b20037	iJN1463.PP_2406	57.7	279	118	0	7	285	4	282	4.24e-103	301
SM_b20039	iAT_PLT_636.51166	25.6	356	229	13	134	463	104	449	2.26e-19	90.1
SM_b20039	iMM1415.23923	26.3	315	201	9	154	441	77	387	1.04e-18	87.8
SM_b20039	iLJ478.TM1255	24.6	362	238	16	109	458	21	359	1.85e-17	83.6
SM_b20039	iEK1008.Rv0858c	27.4	270	181	9	134	389	36	304	3.86e-17	82.8
SM_b20039	iAF692.Mbar_A3133	22.7	348	246	12	116	458	26	355	7.60e-17	81.6
SM_b20046	iCN900.CD630_07170	39.7	68	28	1	125	192	8	62	1.53e-05	45.8
SM_b20049	iSynCJ816.SGL_RS15140	31.8	658	427	3	1	639	9	663	2.88e-105	333
SM_b20054	iEK1008.Rv3617	29.4	126	85	3	4	127	8	131	9.76e-07	48.9
SM_b20054	iSynCJ816.SGL_RS04775	29.8	114	75	3	22	132	24	135	2.06e-06	47.8
SM_b20054	iEK1008.Rv0134	30.9	97	67	0	4	100	15	111	5.27e-06	46.6
SM_b20056	iJN1463.PP_2418	49.4	336	160	3	9	342	36	363	3.42e-112	330
SM_b20057	iJN1463.PP_2417	63.9	327	116	1	22	346	12	338	3.35e-134	385
SM_b20058	iJN1463.PP_2416	55.4	251	110	2	3	252	12	261	1.15e-85	256
SM_b20059	iCN718.ABAYE_RS17020	30.3	241	124	15	3	221	80	298	1.00e-13	69.3
SM_b20059	iPC815.YPO3781	32.2	208	112	9	25	220	43	233	2.65e-13	67.4
SM_b20059	STM_v1_0.STM3970	30.6	209	116	9	25	221	43	234	3.24e-12	64.3
SM_b20059	iYL1228.KPN_04329	30.1	209	117	9	25	221	43	234	6.03e-12	63.5
SM_b20069	iCN900.CD630_22760	51.1	442	212	2	4	444	3	441	2.03e-147	428
SM_b20070	iYO844.BSU01580	61.3	473	181	1	9	481	8	478	2.39e-184	524
SM_b20071	iYL1228.KPN_01628	33.3	390	249	8	3	391	13	392	5.44e-45	159
SM_b20071	STM_v1_0.STM1522	30.3	390	261	6	3	391	13	392	1.98e-43	155
SM_b20071	iML1515.b1528	30.0	393	264	6	3	394	13	395	2.76e-43	155
SM_b20071	iSbBS512_1146.SbBS512_E1677	30.0	393	264	6	3	394	13	395	2.76e-43	155
SM_b20071	iSSON_1240.SSON_1600	30.0	393	264	6	3	394	13	395	2.76e-43	155
SM_b20071	iSF_1195.SF1566	30.3	350	237	4	3	351	13	356	1.05e-39	144
SM_b20072	iNF517.LLMG_RS04070	28.9	284	191	4	21	304	50	322	5.82e-30	115
SM_b20072	iYO844.BSU35960	28.3	276	186	6	22	297	40	303	2.94e-26	105
SM_b20072	iSbBS512_1146.SbBS512_E0816	28.2	337	199	11	2	305	4	330	4.59e-26	105
SM_b20072	iYL1228.KPN_04156	27.1	280	194	4	20	299	27	296	4.83e-26	104
SM_b20072	iPC815.YPO1507	28.6	308	189	8	22	304	32	333	9.21e-26	104
SM_b20073	iML1515.b3003	52.9	276	128	2	9	282	16	291	7.02e-92	273
SM_b20076	iCN718.ABAYE_RS09790	32.3	195	126	3	1	192	1	192	7.65e-23	95.5
SM_b20076	iCN718.ABAYE_RS13055	32.1	193	128	2	7	197	13	204	1.38e-22	95.1
SM_b20076	iCN718.ABAYE_RS13080	33.0	194	127	2	6	197	13	205	1.94e-22	94.7
SM_b20076	iCN900.CD630_26790	29.3	205	143	2	5	208	2	205	1.32e-21	92.0
SM_b20076	iSynCJ816.SGL_RS12965	29.5	261	173	5	4	260	2	255	1.19e-19	86.7
SM_b20078	iAF987.Gmet_1914	26.6	109	78	1	1	109	1	107	1.46e-05	44.7
SM_b20078	iEK1008.Rv0386	39.0	59	36	0	141	199	1020	1078	7.58e-05	42.7
SM_b20080	iJN1463.PP_3970	46.6	393	201	5	1	389	1	388	1.52e-115	342
SM_b20094	iMM904.YKR031C	24.2	459	249	17	96	460	676	1129	5.65e-16	81.6
SM_b20095	iYO844.BSU04340	38.7	553	329	4	3	555	5	547	1.65e-120	368
SM_b20095	iYS854.USA300HOU_RS13770	35.7	554	346	6	3	555	5	549	3.28e-111	344
SM_b20097	iCHOv1.100760306	26.5	431	274	6	14	403	37	465	2.02e-46	165
SM_b20099	iAF987.Gmet_3469	41.7	499	287	4	6	502	14	510	1.24e-126	397
SM_b20099	iEK1008.Rv0126	41.7	506	283	5	6	502	43	545	6.42e-132	396
SM_b20099	iJN1463.PP_4059	39.2	549	322	7	6	544	16	562	7.09e-122	384
SM_b20100	iAF692.Mbar_A0420	38.1	331	191	9	1	321	1	327	1.22e-59	194
SM_b20101	iJN1463.PP_2910	52.5	394	187	0	12	405	1	394	3.51e-138	401
SM_b20101	iML1515.b2660	52.2	393	187	1	12	403	1	393	6.28e-130	380
SM_b20103	iYO844.BSU26640	30.3	185	115	3	169	349	5	179	4.30e-15	76.6
SM_b20103	iCHOv1.100750993	25.9	193	126	5	170	345	7	199	2.28e-12	69.3
SM_b20108	iAF692.Mbar_A0473	27.0	429	265	16	70	468	93	503	7.89e-29	119
SM_b20108	STM_v1_0.STM3630	26.2	462	286	18	64	475	64	520	1.90e-28	118
SM_b20108	iYL1228.KPN_03899	25.3	462	290	18	64	475	55	511	1.08e-27	115
SM_b20108	iSF_1195.SF3494	25.7	436	266	19	70	463	66	485	1.43e-27	115
SM_b20108	iML1515.b3544	25.3	430	277	15	74	464	76	500	2.08e-27	115
SM_b20108	iSDY_1059.SDY_4567	25.3	430	277	15	74	464	76	500	2.08e-27	115
SM_b20108	iSF_1195.SF3579	25.3	430	277	15	74	464	76	500	2.08e-27	115
SM_b20108	iSSON_1240.SSON_3846	25.3	430	277	15	74	464	76	500	2.08e-27	115
SM_b20108	iSSON_1240.SSON_3714	25.7	436	266	19	70	463	66	485	1.93e-27	115
SM_b20108	iML1515.b3476	25.7	436	266	19	70	463	66	485	2.60e-27	114
SM_b20108	iSbBS512_1146.SbBS512_E3845	25.5	436	267	19	70	463	66	485	1.55e-26	112
SM_b20108	iSDY_1059.SDY_3631	24.8	435	271	18	70	463	66	485	9.21e-26	110
SM_b20109	iJN1463.PP_0881	36.1	335	184	4	1	305	1	335	1.60e-55	182
SM_b20109	iYL1228.KPN_03898	35.4	339	184	5	1	305	1	338	3.43e-55	182
SM_b20109	STM_v1_0.STM3629	34.8	339	186	5	1	305	1	338	1.48e-53	177
SM_b20109	iML1515.b3543	34.8	339	186	5	1	305	1	338	2.08e-53	177
SM_b20109	iSDY_1059.SDY_4566	34.8	339	186	5	1	305	1	338	2.08e-53	177
SM_b20109	iSSON_1240.SSON_3847	34.8	339	186	5	1	305	1	338	2.08e-53	177
SM_b20109	iSSON_1240.SSON_0813	34.3	286	187	1	21	305	21	306	8.71e-54	177
SM_b20109	STM_v1_0.STM0850	33.3	309	199	3	1	305	1	306	1.73e-53	176
SM_b20109	iSF_1195.SF3578	34.5	339	187	5	1	305	1	338	4.13e-53	176
SM_b20109	iML1515.b0831	33.9	286	188	1	21	305	21	306	9.61e-53	174
SM_b20109	iSDY_1059.SDY_0756	33.9	286	188	1	21	305	21	306	9.61e-53	174
SM_b20109	iYL1228.KPN_00864	32.7	306	205	1	1	305	1	306	1.35e-52	174
SM_b20109	iSF_1195.SF0781	33.9	286	188	1	21	305	21	306	1.91e-52	174
SM_b20109	iSbBS512_1146.SbBS512_E2517	33.6	286	189	1	21	305	21	306	1.49e-51	171
SM_b20109	iSF_1195.SF3495	34.9	307	196	2	1	303	1	307	5.14e-51	170
SM_b20109	iML1515.b3477	34.9	307	196	2	1	303	1	307	1.43e-50	169
SM_b20109	iSbBS512_1146.SbBS512_E3844	34.9	307	196	2	1	303	1	307	1.43e-50	169
SM_b20109	iSDY_1059.SDY_3632	34.9	307	196	2	1	303	1	307	1.43e-50	169
SM_b20109	iSSON_1240.SSON_3715	34.9	307	196	2	1	303	1	307	1.43e-50	169
SM_b20109	iYO844.BSU12930	33.7	267	176	1	42	307	41	307	9.53e-50	167
SM_b20110	iJN1463.PP_0880	37.6	274	164	3	27	296	33	303	3.60e-52	173
SM_b20110	iML1515.b1485	34.6	292	182	3	8	296	7	292	2.82e-48	163
SM_b20110	iSSON_1240.SSON_1639	34.6	292	182	3	8	296	7	292	2.82e-48	163
SM_b20110	iSbBS512_1146.SbBS512_E1748	34.9	292	177	4	8	296	7	288	1.52e-46	158
SM_b20111	iJN1463.PP_4150	47.1	535	273	5	1	533	1	527	7.84e-159	463
SM_b20111	iSDY_1059.SDY_0758	45.5	563	268	6	6	535	1	557	4.39e-156	459
SM_b20111	iSSON_1240.SSON_0811	45.7	558	274	5	6	535	1	557	2.48e-155	457
SM_b20111	iML1515.b0829	45.8	559	274	6	5	535	11	568	4.96e-155	456
SM_b20111	STM_v1_0.STM0848	46.8	558	268	6	6	535	12	568	4.96e-155	456
SM_b20111	iSF_1195.SF0779	45.5	558	275	5	6	535	1	557	1.12e-153	452
SM_b20111	iSbBS512_1146.SbBS512_E2519	45.6	559	275	6	5	535	11	568	4.48e-153	451
SM_b20111	iYL1228.KPN_00862	45.0	556	280	6	5	535	11	565	3.16e-152	449
SM_b20111	iYS854.USA300HOU_RS01050	44.9	528	284	2	5	532	3	523	5.45e-150	440
SM_b20111	iML1515.b2180	44.6	527	286	3	6	531	5	526	7.46e-150	440
SM_b20113	iJN1463.PP_3376	35.9	301	173	7	13	301	17	309	9.96e-46	157
SM_b20113	iYL1228.KPN_03915	34.3	297	187	4	15	303	11	307	1.33e-42	149
SM_b20115	iCN718.ABAYE_RS08940	46.7	567	297	3	5	567	7	572	7.22e-175	506
SM_b20117	iAF692.Mbar_A3140	36.7	341	207	7	1	340	9	341	8.69e-59	196
SM_b20124	iLJ478.TM0115	37.7	507	300	5	5	502	13	512	1.51e-100	311
SM_b20124	iYO844.BSU35940	34.8	494	314	3	9	501	5	491	1.79e-94	295
SM_b20124	iPC815.YPO3964	36.4	497	308	4	6	501	6	495	5.25e-94	294
SM_b20124	STM_v1_0.STM3882	35.9	501	307	6	6	502	4	494	1.36e-92	290
SM_b20124	iHN637.CLJU_RS00620	33.7	493	317	4	6	495	5	490	7.83e-91	286
SM_b20124	iML1515.b3749	35.5	501	309	6	6	502	4	494	8.27e-91	286
SM_b20124	iYL1228.KPN_04154	35.5	501	309	6	6	502	4	494	1.64e-90	285
SM_b20124	iML1515.b2149	34.2	494	321	2	2	495	9	498	2.06e-89	282
SM_b20124	iSF_1195.SF2234	34.2	494	321	2	2	495	9	498	2.06e-89	282
SM_b20124	iSSON_1240.SSON_2205	34.2	494	321	2	2	495	9	498	2.06e-89	282
SM_b20124	STM_v1_0.STM2189	34.0	494	322	2	2	495	9	498	8.07e-89	281
SM_b20126	iPC815.YPO2499	23.4	325	208	9	47	357	31	328	5.65e-06	47.4
SM_b20128	iSynCJ816.SGL_RS06770	32.4	361	231	7	65	418	79	433	1.83e-41	152
SM_b20128	iYL1228.KPN_00632	32.6	350	217	11	61	398	37	379	1.23e-39	146
SM_b20128	iML1515.b0337	29.9	364	240	8	45	398	26	384	4.00e-37	140
SM_b20128	iYL1228.KPN_03751	29.4	364	241	8	44	398	28	384	4.95e-37	140
SM_b20130	iAF987.Gmet_2134	44.1	279	155	1	1	279	3	280	2.05e-69	216
SM_b20131	iAF987.Gmet_2135	50.7	150	73	1	4	153	15	163	8.47e-55	170
SM_b20131	iYO844.BSU32470	50.3	149	72	1	7	155	18	164	7.42e-49	155
SM_b20131	iHN637.CLJU_RS11605	48.1	154	79	1	1	154	1	153	1.22e-48	154
SM_b20132	iHN637.CLJU_RS11600	37.3	789	442	14	15	763	2	777	3.14e-149	455
SM_b20132	iCN900.CD630_20870	36.3	741	459	7	18	754	4	735	1.08e-147	449
SM_b20132	iAF987.Gmet_2136	36.1	768	457	12	18	766	7	759	2.61e-143	439
SM_b20132	iSF_1195.SF2868	35.4	762	466	11	14	759	4	755	6.19e-140	430
SM_b20132	iML1515.b2866	35.4	751	459	11	25	759	2	742	3.97e-137	422
SM_b20132	iSSON_1240.SSON_3017	35.2	749	463	10	25	759	2	742	3.08e-136	420
SM_b20133	iJN1463.PP_4639	36.2	337	193	5	11	342	3	322	3.46e-60	196
SM_b20133	iML1515.b4352	35.4	322	183	6	11	328	4	304	1.23e-55	184
SM_b20134	iML1515.b2888	50.7	440	206	3	4	442	15	444	1.33e-148	432
SM_b20135	iSbBS512_1146.SbBS512_E2689	65.2	187	62	2	9	192	2	188	1.94e-77	230
SM_b20135	iSDY_1059.SDY_2510	65.2	187	62	2	9	192	2	188	1.94e-77	230
SM_b20135	iSSON_1240.SSON_2369	65.2	187	62	2	9	192	2	188	1.94e-77	230
SM_b20135	iYL1228.KPN_02701	63.1	187	66	2	9	192	2	188	2.75e-77	229
SM_b20135	STM_v1_0.STM2356	65.2	187	62	2	9	192	2	188	6.41e-76	226
SM_b20135	iSF_1195.SF2387	64.7	187	63	2	9	192	2	188	9.09e-76	226
SM_b20135	iPC815.YPO2773	58.3	187	75	2	9	192	2	188	1.94e-70	212
SM_b20136	iAF987.Gmet_2102	30.8	409	264	10	38	427	54	462	1.87e-49	176
SM_b20136	iJN1463.PP_5213	29.1	413	262	6	46	427	41	453	4.09e-44	160
SM_b20136	STM_v1_0.STM3978	28.9	409	260	5	50	427	48	456	8.37e-44	160
SM_b20136	iSF_1195.SF3919	28.9	409	260	5	50	427	48	456	1.74e-43	159
SM_b20140	iCN900.CD630_36270	32.9	292	193	3	3	293	4	293	4.95e-54	177
SM_b20141	iML1515.b0829	48.8	559	243	6	2	518	9	566	5.71e-160	469
SM_b20141	iSSON_1240.SSON_0811	48.9	556	241	6	5	518	1	555	5.70e-160	469
SM_b20141	iSbBS512_1146.SbBS512_E2519	48.7	559	244	6	2	518	9	566	1.62e-159	468
SM_b20141	iSDY_1059.SDY_0758	48.9	556	241	6	5	518	1	555	2.28e-159	467
SM_b20141	iYL1228.KPN_00862	48.8	559	246	7	5	524	12	569	4.03e-159	467
SM_b20141	STM_v1_0.STM0848	49.6	562	240	7	5	524	12	572	9.15e-159	466
SM_b20141	iSF_1195.SF0779	48.6	556	243	6	5	518	1	555	2.93e-157	462
SM_b20141	iJN1463.PP_4150	47.9	530	258	6	3	519	4	528	6.64e-150	440
SM_b20141	iML1515.b2180	46.4	534	266	4	1	519	1	529	1.50e-144	426
SM_b20142	iJN1463.PP_0880	37.5	269	165	2	27	293	35	302	1.57e-51	171
SM_b20142	iSSON_1240.SSON_1639	36.8	258	157	2	37	293	39	291	1.13e-48	164
SM_b20142	iML1515.b1485	36.8	258	157	2	37	293	39	291	1.59e-48	163
SM_b20142	iSbBS512_1146.SbBS512_E1748	36.4	258	154	3	37	293	39	287	8.64e-47	159
SM_b20143	iSSON_1240.SSON_0813	37.4	305	190	1	1	304	1	305	2.38e-59	191
SM_b20143	iML1515.b0831	37.4	305	190	1	1	304	1	305	6.68e-59	190
SM_b20143	iSDY_1059.SDY_0756	37.4	305	190	1	1	304	1	305	6.68e-59	190
SM_b20143	iSF_1195.SF0781	37.4	305	190	1	1	304	1	305	2.65e-58	189
SM_b20143	iSbBS512_1146.SbBS512_E2517	37.0	305	191	1	1	304	1	305	1.05e-57	187
SM_b20143	iML1515.b3543	36.2	337	182	4	1	304	1	337	1.43e-56	185
SM_b20143	STM_v1_0.STM0850	36.4	305	193	1	1	304	1	305	5.85e-57	185
SM_b20143	iSDY_1059.SDY_4566	36.2	337	182	4	1	304	1	337	1.43e-56	185
SM_b20143	iSSON_1240.SSON_3847	36.2	337	182	4	1	304	1	337	1.43e-56	185
SM_b20143	iSF_1195.SF3578	36.2	337	182	4	1	304	1	337	2.02e-56	185
SM_b20143	iYL1228.KPN_03898	36.5	337	181	4	1	304	1	337	2.84e-56	184
SM_b20143	STM_v1_0.STM3629	36.2	337	182	4	1	304	1	337	2.84e-56	184
SM_b20143	iJN1463.PP_0881	36.8	334	181	4	1	304	1	334	3.70e-56	184
SM_b20143	iYL1228.KPN_00864	35.7	305	195	1	1	304	1	305	3.27e-56	183
SM_b20143	iYO844.BSU12930	37.2	261	159	2	46	303	45	303	2.35e-53	176
SM_b20144	STM_v1_0.STM3630	29.8	449	270	16	72	481	74	516	1.54e-44	164
SM_b20144	iML1515.b3544	30.1	449	269	16	72	481	74	516	2.75e-43	160
SM_b20144	iSDY_1059.SDY_4567	30.1	449	269	16	72	481	74	516	2.75e-43	160
SM_b20144	iSF_1195.SF3579	30.1	449	269	16	72	481	74	516	2.75e-43	160
SM_b20144	iSSON_1240.SSON_3846	30.1	449	269	16	72	481	74	516	2.75e-43	160
SM_b20144	iYL1228.KPN_03899	29.4	449	272	15	72	481	65	507	4.29e-42	157
SM_b20144	iPC815.YPO4003	30.0	453	260	17	74	481	76	516	1.74e-41	155
SM_b20146	STM_v1_0.STM0163	45.4	326	159	4	2	310	3	326	2.15e-87	265
SM_b20146	iAF987.Gmet_3404	44.5	321	163	1	5	310	8	328	5.33e-80	246
SM_b20147	iCN718.ABAYE_RS07975	36.8	334	199	7	43	368	56	385	4.23e-50	172
SM_b20147	iHN637.CLJU_RS17680	31.6	383	231	8	7	368	9	381	1.18e-47	165
SM_b20147	STM_v1_0.STM2461	34.4	334	212	4	37	367	65	394	4.62e-46	161
SM_b20150	iSbBS512_1146.SbBS512_E2908	40.9	235	128	3	22	245	13	247	1.91e-50	166
SM_b20150	iSDY_1059.SDY_2729	40.4	235	129	3	22	245	13	247	5.36e-50	165
SM_b20150	iML1515.b2533	40.4	235	129	3	22	245	13	247	7.56e-50	165
SM_b20150	iSF_1195.SF2580	40.4	235	129	3	22	245	13	247	7.56e-50	165
SM_b20150	iYL1228.KPN_02865	39.6	235	131	3	22	245	13	247	2.12e-49	164
SM_b20150	STM_v1_0.STM2546	40.0	235	130	3	22	245	13	247	2.99e-49	163
SM_b20150	iSSON_1240.SSON_2615	40.0	235	130	3	22	245	13	247	1.18e-48	162
SM_b20150	iJN1463.PP_0838	40.8	223	122	2	22	234	13	235	1.66e-46	156
SM_b20150	iPC815.YPO2899	39.1	235	132	3	22	245	13	247	4.06e-46	155
SM_b20153	iML1515.b4020	36.6	530	330	5	8	533	5	532	6.72e-83	268
SM_b20153	iJN1463.PP_0145	34.8	540	346	3	8	541	5	544	2.32e-82	266
SM_b20155	iJN1463.PP_4882	26.5	479	290	14	99	570	57	480	1.02e-27	117
SM_b20156	iJN1463.PP_1018	51.6	250	115	1	1	250	1	244	1.28e-81	254
SM_b20156	iLJ478.TM0421	43.4	371	181	10	1	360	1	353	3.85e-80	249
SM_b20156	STM_v1_0.STM4230	40.4	369	200	6	1	361	1	357	2.91e-79	247
SM_b20156	iPC815.YPO3712	41.1	370	196	6	1	361	1	357	1.15e-78	246
SM_b20156	iYL1228.KPN_04424	40.1	369	201	7	1	361	1	357	6.47e-78	244
SM_b20156	iSF_1195.SF4170	40.2	371	200	6	1	361	1	359	6.86e-78	244
SM_b20156	iML1515.b4035	40.2	371	200	6	1	361	1	359	1.37e-77	243
SM_b20156	iSSON_1240.SSON_4213	40.2	371	200	6	1	361	1	359	1.37e-77	243
SM_b20156	iPC815.YPO3793	39.9	376	193	9	1	364	1	355	9.07e-78	243
SM_b20156	iEK1008.Rv2038c	40.0	370	201	3	1	364	1	355	5.09e-77	241
SM_b20156	iEK1008.Rv1238	46.6	305	142	5	1	295	1	294	3.18e-75	238
SM_b20156	iCN900.CD630_34170	49.4	251	118	3	1	250	1	243	2.44e-74	234
SM_b20156	STM_v1_0.STM3554	38.1	370	209	6	1	364	1	356	1.08e-72	230
SM_b20158	iSynCJ816.SGL_RS03245	25.4	173	121	4	57	225	60	228	4.66e-05	44.7
SM_b20159	iAF987.Gmet_0697	36.7	221	134	4	25	243	7	223	4.44e-29	111
SM_b20159	iJN1463.PP_0838	36.8	228	130	6	48	269	31	250	2.17e-28	109
SM_b20159	iML1515.b2533	35.6	219	127	5	55	269	37	245	2.00e-27	107
SM_b20159	iSF_1195.SF2580	35.6	219	127	5	55	269	37	245	2.00e-27	107
SM_b20159	iSynCJ816.SGL_RS10525	34.7	222	139	3	25	243	19	237	2.98e-27	107
SM_b20159	STM_v1_0.STM2546	35.6	219	127	5	55	269	37	245	3.89e-27	106
SM_b20159	iSDY_1059.SDY_2729	35.2	219	128	5	55	269	37	245	7.55e-27	105
SM_b20159	iSbBS512_1146.SbBS512_E2908	35.2	219	128	5	55	269	37	245	1.05e-26	105
SM_b20159	iSSON_1240.SSON_2615	35.2	219	128	5	55	269	37	245	2.84e-26	103
SM_b20162	iAF987.Gmet_1914	20.8	101	79	1	42	142	28	127	6.11e-04	40.0
SM_b20168	iJN1463.PP_4144	30.3	145	66	6	119	260	24	136	2.43e-04	42.0
SM_b20170	iCN718.ABAYE_RS09595	61.7	373	137	1	1	373	1	367	1.19e-170	480
SM_b20170	iSynCJ816.SGL_RS04900	60.5	375	142	1	1	375	1	369	5.28e-167	471
SM_b20170	iYL1228.KPN_01952	61.4	373	138	1	1	373	1	367	1.18e-166	470
SM_b20170	STM_v1_0.STM1627	61.1	373	139	1	1	373	1	367	1.18e-166	470
SM_b20170	iSbBS512_1146.SbBS512_E0271	58.7	375	149	1	1	375	1	369	1.65e-163	462
SM_b20170	iSSON_1240.SSON_0335	58.7	375	149	1	1	375	1	369	1.65e-163	462
SM_b20170	iPC815.YPO1502	60.1	373	143	1	1	373	2	368	2.19e-163	462
SM_b20170	iJN1463.PP_1616	60.3	373	142	1	1	373	3	369	1.02e-162	460
SM_b20170	iML1515.b0356	58.7	375	149	1	1	375	1	369	1.35e-162	459
SM_b20170	iAT_PLT_636.128	57.4	373	153	1	1	373	6	372	2.03e-158	449
SM_b20170	iCHOv1.100767929	57.1	373	154	1	1	373	6	372	2.34e-157	446
SM_b20170	iMM1415.11532	56.3	373	157	1	1	373	6	372	4.71e-157	446
SM_b20171	iPC815.YPO1501	54.0	278	127	1	1	277	1	278	5.10e-107	311
SM_b20171	iML1515.b2154	54.0	276	124	2	5	277	1	276	6.88e-102	298
SM_b20171	iYL1228.KPN_02592	52.9	276	126	3	5	277	1	275	6.66e-102	298
SM_b20171	iSbBS512_1146.SbBS512_E0812	54.0	276	124	2	5	277	1	276	6.88e-102	298
SM_b20171	iSSON_1240.SSON_2210	54.0	276	124	2	5	277	1	276	9.76e-102	298
SM_b20171	iJN1463.PP_1617	53.4	279	124	4	5	277	3	281	5.56e-100	293
SM_b20171	iSDY_1059.SDY_2112	53.3	276	126	2	5	277	1	276	2.61e-99	291
SM_b20171	iSSON_1240.SSON_0334	48.4	275	141	1	5	278	1	275	1.92e-96	284
SM_b20171	iMM1415.13885	50.0	280	135	4	5	279	16	295	4.92e-96	284
SM_b20171	iML1515.b0355	47.6	275	143	1	5	278	1	275	4.44e-95	281
SM_b20172	iMM904.YJR048W	43.8	96	50	2	38	132	12	104	4.11e-23	86.7
SM_b20172	iMM904.YEL039C	40.6	96	53	2	38	132	16	108	6.49e-23	86.3
SM_b20173	iJN1463.PP_2679	37.1	556	332	8	7	558	15	556	1.74e-114	353
SM_b20179	iJN1463.PP_2669	66.3	291	95	2	1	291	10	297	3.30e-31	119
SM_b20182	iYL1228.KPN_00970	30.6	209	133	3	13	213	6	210	2.47e-22	92.4
SM_b20182	iJN1463.PP_0239	31.9	191	129	1	24	213	21	211	1.31e-20	87.8
SM_b20183	iCN718.ABAYE_RS19060	42.2	185	96	1	9	182	39	223	7.23e-38	131
SM_b20183	iJN1463.PP_0240	43.6	179	93	1	8	178	23	201	9.58e-36	126
SM_b20183	iPC815.YPO3627	41.2	182	99	1	9	182	20	201	2.97e-34	122
SM_b20183	iML1515.b0933	42.9	182	96	2	9	182	19	200	2.24e-33	119
SM_b20183	iNF517.LLMG_RS09720	37.2	196	100	3	9	182	14	208	2.61e-33	119
SM_b20183	iSSON_1240.SSON_0936	42.3	182	97	2	9	182	19	200	6.24e-33	118
SM_b20184	iJN1463.PP_2668	55.9	222	97	1	1	221	1	222	1.53e-78	236
SM_b20185	iJN1463.PP_2667	64.2	260	93	0	1	260	1	260	1.91e-103	301
SM_b20195	iAF987.Gmet_0067	62.3	204	73	2	7	208	4	205	5.29e-82	243
SM_b20195	iYO844.BSU15790	60.6	198	75	1	7	201	4	201	1.01e-78	235
SM_b20195	iSynCJ816.SGL_RS09950	55.2	221	92	3	1	217	1	218	4.13e-76	229
SM_b20195	iCN900.CD630_25750	56.6	198	83	2	7	201	4	201	1.53e-74	224
SM_b20195	iPC815.YPO0155	53.2	218	96	3	3	217	2	216	1.33e-73	222
SM_b20197	iSynCJ816.SGL_RS13425	43.2	95	52	1	9	103	14	106	1.81e-23	87.4
SM_b20198	iSynCJ816.SGL_RS13415	58.6	469	192	2	9	476	2	469	2.30e-202	569
SM_b20199	iSynCJ816.SGL_RS13385	66.5	349	117	0	1	349	1	349	8.95e-164	461
SM_b20199	iJN1463.PP_4960	63.0	349	129	0	1	349	1	349	1.14e-153	436
SM_b20200	iPC815.YPO0926	50.3	666	315	10	14	667	3	664	2.03e-207	597
SM_b20200	STM_v1_0.STM3076	49.9	669	311	10	14	666	3	663	3.94e-207	597
SM_b20200	iYL1228.KPN_02799	50.8	665	311	10	14	666	2	662	1.87e-205	592
SM_b20200	iYL1228.KPN_03357	49.9	670	311	11	14	666	3	664	2.64e-205	592
SM_b20200	iSbBS512_1146.SbBS512_E3367	50.2	666	314	12	14	666	3	663	5.12e-205	591
SM_b20200	iML1515.b2935	50.3	666	313	12	14	666	3	663	7.25e-205	591
SM_b20200	iSDY_1059.SDY_3141	49.2	669	316	10	14	666	3	663	2.91e-204	589
SM_b20200	iYL1228.KPN_01127	49.8	665	309	11	19	666	12	668	6.89e-204	588
SM_b20200	iCN718.ABAYE_RS10795	49.5	664	312	9	15	665	7	660	8.31e-201	580
SM_b20200	iML1515.b2465	49.3	667	318	11	14	666	2	662	1.02e-197	573
SM_b20200	iSF_1195.SF2507	49.3	667	318	11	14	666	2	662	2.04e-197	572
SM_b20200	iJN1463.PP_4965	48.6	664	327	9	14	666	3	663	7.66e-197	570
SM_b20200	iSSON_1240.SSON_2545	49.0	667	320	11	14	666	2	662	2.32e-196	569
SM_b20200	STM_v1_0.STM2474	48.6	666	324	11	14	666	2	662	7.22e-195	565
SM_b20200	iAF987.Gmet_0178	48.3	661	324	9	19	668	15	668	5.97e-186	543
SM_b20202	iJN1463.PP_5040	47.8	341	162	6	1	330	1	336	2.23e-99	296
SM_b20206	iJN1463.PP_0378	51.7	207	100	0	22	228	23	229	1.54e-70	216
SM_b20208	iJN1463.PP_0376	47.0	366	185	3	16	373	5	369	3.16e-113	334
SM_b20209	iJN1463.PP_2504	42.7	75	36	1	1	75	1	68	2.04e-16	66.2
SM_b20210	iAF987.Gmet_1531	33.2	244	146	5	4	233	5	245	4.75e-37	130
SM_b20210	iLJ478.TM1724	31.7	246	150	5	1	231	1	243	1.47e-34	123
SM_b20210	iHN637.CLJU_RS20765	32.6	242	146	4	5	231	6	245	4.29e-34	122
SM_b20210	iNF517.LLMG_RS08950	31.8	242	152	4	1	231	1	240	8.15e-33	119
SM_b20214	iCHOv1.100751291	34.4	186	117	3	9	190	53	237	1.81e-24	99.4
SM_b20214	iAM_Pf480.PF3D7_0922900	35.1	185	118	2	9	192	63	246	4.01e-23	95.5
SM_b20214	iJN1463.PP_4862	32.4	256	152	8	8	248	4	253	4.80e-23	94.4
SM_b20214	iYO844.BSU15910	33.9	189	118	3	8	192	6	191	8.03e-22	90.9
SM_b20214	iAM_Pv461.PVX_099555	36.2	185	116	2	9	192	62	245	2.71e-21	90.5
SM_b20214	iHN637.CLJU_RS17225	30.9	223	136	5	9	219	11	227	1.67e-21	90.1
SM_b20216	iEK1008.Rv1938	36.5	148	80	4	76	211	28	173	8.53e-17	80.1
SM_b20218	iAF987.Gmet_0043	24.8	137	95	3	303	432	123	258	5.10e-06	48.5
SM_b20219	iAF987.Gmet_1706	40.2	117	67	2	7	122	3	117	5.08e-18	81.3
SM_b20219	iAF987.Gmet_1919	32.1	196	118	4	7	194	5	193	1.64e-17	80.1
SM_b20219	iAF987.Gmet_1914	28.4	141	100	1	4	144	1	140	5.65e-16	76.3
SM_b22002	iCHOv1.100758590	38.7	142	76	2	3	133	305	446	4.81e-29	109
SM_b20221	iCHOv1.100758590	39.8	206	120	1	53	254	44	249	1.07e-47	166
SM_b20231	iCN900.CD630_34140	25.3	312	202	12	46	345	42	334	3.20e-16	80.1
SM_b20232	iEK1008.Rv2040c	35.4	285	177	4	24	305	8	288	4.64e-42	147
SM_b20232	iLJ478.TM1121	33.6	274	179	2	30	302	21	292	2.02e-40	142
SM_b20232	iEK1008.Rv2316	34.6	280	176	2	21	300	4	276	2.26e-39	139
SM_b20232	iYO844.BSU06980	34.5	281	174	7	27	302	20	295	5.24e-38	136
SM_b20232	iCN900.CD630_34160	31.1	283	189	3	24	304	3	281	4.62e-38	136
SM_b20233	iEK1008.Rv2039c	36.1	266	168	2	18	281	13	278	3.50e-55	179
SM_b20235	STM_v1_0.STM3554	50.3	356	168	5	1	347	1	356	1.84e-109	323
SM_b20235	iML1515.b3450	49.6	357	169	5	1	347	1	356	8.48e-108	319
SM_b20235	iSbBS512_1146.SbBS512_E3873	49.9	357	168	5	1	347	1	356	8.48e-108	319
SM_b20235	iPC815.YPO3793	50.0	356	168	5	1	347	1	355	2.49e-107	318
SM_b20235	iYL1228.KPN_03810	49.9	355	169	5	1	346	1	355	2.75e-106	315
SM_b20235	iSynCJ816.SGL_RS17635	48.7	355	167	4	1	340	1	355	6.36e-104	310
SM_b20235	iJN1463.PP_1018	46.8	365	176	4	1	347	1	365	2.49e-103	309
SM_b20235	iEK1008.Rv2832c	47.9	361	172	6	1	347	1	359	9.32e-103	306
SM_b20235	iPC815.YPO3712	50.6	332	146	4	1	317	1	329	1.76e-102	306
SM_b20235	iEK1008.Rv1238	47.8	387	162	6	1	347	1	387	5.31e-102	306
SM_b20235	iYS854.USA300HOU_RS01090	48.2	365	170	4	1	347	1	364	8.05e-100	299
SM_b20235	STM_v1_0.STM4230	46.6	371	176	6	1	352	1	368	1.04e-98	296
SM_b20235	iYL1228.KPN_04424	46.6	371	176	6	1	352	1	368	8.34e-98	294
SM_b20235	iEK1008.Rv2038c	47.1	348	175	5	1	339	1	348	1.14e-97	293
SM_b20235	iSF_1195.SF4170	45.7	370	183	4	1	352	1	370	2.52e-97	293
SM_b20235	iML1515.b4035	45.7	370	183	4	1	352	1	370	5.04e-97	292
SM_b20235	iSSON_1240.SSON_4213	45.7	370	183	4	1	352	1	370	5.04e-97	292
SM_b20238	STM_v1_0.STM2276	31.0	126	82	4	57	178	55	179	1.27e-08	53.9
SM_b20238	iCN718.ABAYE_RS19010	37.2	86	51	3	57	140	49	133	1.36e-07	50.8
SM_b20238	iYL1228.KPN_02641	34.1	85	54	2	57	140	55	138	1.41e-07	50.8
SM_b20238	iML1515.b2232	35.3	85	53	2	57	140	55	138	3.42e-07	49.7
SM_b20238	iSbBS512_1146.SbBS512_E2607	35.3	85	53	2	57	140	55	138	3.42e-07	49.7
SM_b20238	iSDY_1059.SDY_2424	35.3	85	53	2	57	140	55	138	3.42e-07	49.7
SM_b20238	iSF_1195.SF2312	35.3	85	53	2	57	140	55	138	3.42e-07	49.7
SM_b20238	iSSON_1240.SSON_2290	35.3	85	53	2	57	140	55	138	3.42e-07	49.7
SM_b20239	iAF987.Gmet_1431	56.7	312	132	2	13	324	3	311	7.84e-124	358
SM_b20239	iSynCJ816.SGL_RS09825	56.3	311	132	2	13	323	3	309	2.77e-123	356
SM_b20239	iCHOv1.100763471	55.0	311	136	2	11	321	50	356	5.03e-116	340
SM_b20239	iMM1415.67883	55.0	311	136	2	11	321	89	395	1.77e-115	340
SM_b20243	iEK1008.Rv3032	37.3	110	66	2	250	356	268	377	5.78e-07	50.8
SM_b20243	STM_v1_0.STM2086	20.5	190	140	4	159	337	132	321	2.09e-06	48.9
SM_b20244	iJN1463.PP_0501	33.6	330	191	8	22	350	4	306	3.94e-39	141
SM_b20244	iLJ478.TM0509	32.8	326	188	7	24	348	3	298	2.94e-37	136
SM_b20244	iEK1008.Rv3784	33.0	333	197	11	24	356	3	309	8.32e-37	135
SM_b20244	iJN1463.PP_1785	31.1	370	203	12	24	364	2	348	6.93e-34	128
SM_b20245	iEK1008.Rv0536	39.5	344	200	5	3	342	2	341	1.46e-60	198
SM_b20246	iJN1463.PP_0552	28.1	338	192	11	12	307	9	337	6.78e-24	100
SM_b20246	iYO844.BSU06150	25.6	347	220	6	12	326	9	349	3.73e-22	95.1
SM_b20246	iCHOv1.100751427	27.4	336	199	9	16	315	13	339	1.00e-21	94.0
SM_b20247	iYL1228.KPN_00507	25.8	329	227	10	10	337	1	313	9.75e-13	67.8
SM_b20247	STM_v1_0.STM4425	27.5	189	126	6	14	198	4	185	9.81e-13	67.8
SM_b20247	iYO844.BSU39700	23.0	252	171	9	14	255	4	242	6.34e-11	62.4
SM_b20249	iEK1008.Rv0046c	62.8	355	132	0	3	357	13	367	2.50e-160	453
SM_b20250	iLJ478.TM1374	33.3	162	99	5	26	182	24	181	4.50e-15	70.1
SM_b20257	iSynCJ816.SGL_RS03900	35.8	162	86	5	174	326	444	596	1.23e-16	80.9
SM_b20257	iSynCJ816.SGL_RS08610	37.0	135	79	3	174	305	133	264	5.24e-15	74.7
SM_b20259	iCN718.ABAYE_RS12040	76.5	307	72	0	3	309	2	308	4.39e-166	464
SM_b20259	iJN1463.PP_1257	73.8	309	81	0	1	309	1	309	2.39e-164	459
SM_b20260	iHN637.CLJU_RS03010	33.8	71	46	1	17	86	195	265	2.27e-07	47.8
SM_b20261	iJN1463.PP_3591	42.2	332	182	7	10	337	6	331	3.09e-72	227
SM_b20262	iJN1463.PP_1256	54.4	467	211	1	37	501	39	505	3.76e-162	469
SM_b20263	iML1515.b0863	27.1	229	155	5	30	253	19	240	3.66e-17	78.2
SM_b20263	iSbBS512_1146.SbBS512_E2468	27.1	229	155	5	30	253	19	240	3.66e-17	78.2
SM_b20263	iSF_1195.SF0817	27.1	229	155	5	30	253	19	240	3.66e-17	78.2
SM_b20263	iSSON_1240.SSON_0848	27.1	229	155	5	30	253	19	240	3.66e-17	78.2
SM_b20263	iYL1228.KPN_00896	27.3	227	157	4	30	253	26	247	7.75e-17	77.4
SM_b20263	iCN718.ABAYE_RS10985	24.5	220	158	2	53	264	57	276	3.64e-16	76.3
SM_b20263	iYL1228.KPN_00893	26.2	248	168	5	10	253	4	240	4.78e-16	75.1
SM_b20263	iSF_1195.SF0814	25.0	228	161	4	30	253	19	240	6.59e-16	74.7
SM_b20263	iML1515.b1920	25.9	255	182	3	5	257	14	263	1.24e-15	74.3
SM_b20263	iJN1463.PP_4486	24.7	231	165	4	30	253	22	250	1.60e-15	73.9
SM_b20263	iML1515.b0860	25.0	228	161	4	30	253	19	240	1.72e-15	73.6
SM_b20263	iSbBS512_1146.SbBS512_E2471	25.0	228	161	4	30	253	19	240	1.72e-15	73.6
SM_b20263	iSSON_1240.SSON_0845	25.0	228	161	4	30	253	19	240	3.25e-15	72.8
SM_b20263	STM_v1_0.STM1954	25.5	255	183	3	5	257	14	263	2.90e-14	70.5
SM_b20264	iML1515.b1918	33.5	191	126	1	14	204	11	200	3.57e-27	103
SM_b20264	iJN1463.PP_0226	35.6	188	120	1	16	203	14	200	3.57e-27	103
SM_b20264	iJN1463.PP_4427	34.0	200	129	2	15	212	5	203	5.56e-24	94.7
SM_b20264	iSbBS512_1146.SbBS512_E2538	32.5	200	132	2	6	203	3	201	2.19e-23	93.2
SM_b20265	iCN900.CD630_07510	31.9	210	134	2	16	217	17	225	1.15e-28	107
SM_b20266	iYO844.BSU27430	52.3	239	114	0	1	239	1	239	1.07e-84	251
SM_b20266	iYS854.USA300HOU_RS09925	54.0	239	110	0	1	239	3	241	1.07e-84	251
SM_b20266	iSynCJ816.SGL_RS08035	52.3	243	113	1	1	240	8	250	4.25e-84	250
SM_b20266	iNF517.LLMG_RS09915	54.0	239	110	0	1	239	5	243	1.52e-82	246
SM_b20266	iNF517.LLMG_RS09720	54.2	238	109	0	2	239	7	244	3.38e-82	245
SM_b20266	iCN900.CD630_07520	51.9	239	115	0	1	239	1	239	1.09e-81	244
SM_b20266	STM_v1_0.STM0828	54.0	239	110	0	1	239	1	239	8.83e-81	241
SM_b20266	iYO844.BSU23960	52.7	239	113	0	1	239	1	239	2.04e-79	238
SM_b20266	iML1515.b0809	53.1	239	112	0	1	239	1	239	2.90e-79	238
SM_b20266	iSbBS512_1146.SbBS512_E2539	53.1	239	112	0	1	239	1	239	2.90e-79	238
SM_b20266	iSDY_1059.SDY_0787	53.1	239	112	0	1	239	1	239	2.90e-79	238
SM_b20266	iSSON_1240.SSON_0789	53.1	239	112	0	1	239	1	239	4.10e-79	237
SM_b20266	iPC815.YPO2514	51.9	239	115	0	1	239	1	239	1.17e-78	236
SM_b20266	iJN1463.PP_0225	53.3	242	107	1	1	236	1	242	3.46e-78	235
SM_b20266	iJN1463.PP_1300	50.6	239	118	0	1	239	14	252	3.69e-78	235
SM_b20266	iSF_1195.SF0760	52.7	239	113	0	1	239	1	239	3.33e-78	235
SM_b20266	iYL1228.KPN_00838	52.3	239	114	0	1	239	1	239	6.69e-78	234
SM_b20266	iJN1463.PP_0283	50.0	250	114	2	2	240	8	257	1.16e-77	234
SM_b20266	iSDY_1059.SDY_2505	52.2	247	106	2	2	236	6	252	1.16e-77	234
SM_b20266	iML1515.b2306	51.8	247	107	2	2	236	6	252	3.29e-77	233
SM_b20266	iSbBS512_1146.SbBS512_E2684	51.8	247	107	2	2	236	6	252	4.66e-77	233
SM_b20266	iSF_1195.SF2382	51.8	247	107	2	2	236	6	252	4.66e-77	233
SM_b20266	iSSON_1240.SSON_2364	51.8	247	107	2	2	236	6	252	4.66e-77	233
SM_b20266	iYO844.BSU03590	49.4	243	119	1	1	239	1	243	6.80e-77	232
SM_b20266	iYL1228.KPN_02696	51.8	247	107	3	2	236	6	252	5.35e-76	230
SM_b20266	STM_v1_0.STM2351	50.6	247	110	2	2	236	7	253	5.52e-76	230
SM_b20266	iJN1463.PP_1068	50.6	241	117	1	1	239	13	253	1.04e-75	229
SM_b20266	iYL1228.KPN_00678	50.2	239	119	0	1	239	1	239	9.14e-76	229
SM_b20266	iPC815.YPO2612	51.0	239	117	0	1	239	2	240	9.43e-76	229
SM_b20266	iCN900.CD630_21720	49.4	243	120	1	1	240	1	243	3.36e-75	228
SM_b20266	iML1515.b1917	52.7	241	108	1	2	236	4	244	4.91e-75	227
SM_b20266	iYS854.USA300HOU_RS13040	51.1	237	115	1	1	236	1	237	5.57e-75	227
SM_b20266	iSF_1195.SF0629	50.6	239	118	0	1	239	1	239	7.41e-75	226
SM_b20267	iJN1463.PP_1255	35.3	394	249	6	5	395	8	398	3.99e-60	200
SM_b20268	iCN900.CD630_32370	42.2	334	188	4	3	333	4	335	2.10e-95	286
SM_b20270	iCN900.CD630_32370	30.3	337	230	3	1	335	1	334	7.32e-57	187
SM_b20272	iAF987.Gmet_2465	23.6	416	288	10	8	398	10	420	9.26e-19	87.4
SM_b20275	iJN1463.PP_0303	27.3	267	163	8	10	251	5	265	1.22e-11	63.5
SM_b20277	iJN1463.PP_4421	35.5	420	260	4	20	435	42	454	3.41e-77	247
SM_b20277	iAF987.Gmet_1580	33.4	434	270	6	15	444	34	452	4.23e-76	244
SM_b20277	iJN1463.PP_5182	33.4	431	270	9	15	442	36	452	2.35e-70	229
SM_b20277	iJN1463.PP_2180	33.4	425	265	9	15	436	36	445	4.53e-70	228
SM_b20280	iCN718.ABAYE_RS13050	25.1	271	163	12	31	286	3	248	1.92e-07	53.1
SM_b20281	iYS854.USA300HOU_RS05485	44.9	350	166	4	1	334	1	339	9.01e-97	291
SM_b20281	iYL1228.KPN_01132	46.0	361	186	5	3	356	16	374	3.95e-96	290
SM_b20281	iCN900.CD630_10240	46.0	324	161	5	1	322	2	313	2.99e-96	289
SM_b20281	iPC815.YPO1332	45.5	363	182	6	3	354	18	375	1.23e-94	286
SM_b20281	iSbBS512_1146.SbBS512_E1304	46.2	364	185	6	1	356	14	374	7.19e-94	284
SM_b20281	iSSON_1240.SSON_1144	46.2	364	185	6	1	356	14	374	7.19e-94	284
SM_b20281	iSDY_1059.SDY_2026	46.2	364	185	6	1	356	14	374	1.02e-93	284
SM_b20281	iML1515.b1126	46.2	364	185	6	1	356	14	374	1.44e-93	283
SM_b20281	iSF_1195.SF1128	46.2	364	185	6	1	356	14	374	1.44e-93	283
SM_b20281	iLJ478.TM1376	40.8	360	201	4	5	354	6	363	2.71e-91	277
SM_b20281	STM_v1_0.STM1226	43.8	365	192	5	1	356	14	374	5.22e-91	277
SM_b20281	iHN637.CLJU_RS10680	42.3	355	201	4	1	354	6	357	6.73e-91	276
SM_b20281	STM_v1_0.STM0878	43.4	369	185	7	1	354	16	375	4.04e-90	275
SM_b20281	iSF_1195.SF0809	43.1	369	186	7	1	354	43	402	2.57e-89	273
SM_b20281	iML1515.b0855	43.1	369	186	7	1	354	16	375	1.62e-89	273
SM_b20281	iSSON_1240.SSON_0840	43.1	369	186	7	1	354	43	402	3.64e-89	273
SM_b20281	iSSON_1240.SSON_1696	45.0	358	165	6	1	353	1	331	9.40e-90	272
SM_b20281	iML1515.b1441	45.0	358	165	6	1	353	1	331	1.33e-89	272
SM_b20281	iJN1463.PP_1484	47.0	328	150	3	1	327	1	305	2.27e-89	271
SM_b20281	iSbBS512_1146.SbBS512_E2476	42.5	369	188	7	1	354	16	375	9.14e-89	271
SM_b20281	iSDY_1059.SDY_1733	45.0	358	165	6	1	353	1	331	3.76e-89	271
SM_b20281	iSDY_1059.SDY_0740	42.5	369	188	7	1	354	16	375	1.29e-88	271
SM_b20281	iYL1228.KPN_00886	43.0	365	192	6	1	354	32	391	8.34e-88	269
SM_b20281	iJN1463.PP_0411	42.8	362	192	7	2	354	12	367	9.42e-88	268
SM_b20281	iYL1228.KPN_01927	55.2	239	107	0	1	239	1	239	1.21e-87	267
SM_b20281	iJN1463.PP_3817	41.0	361	200	4	4	356	14	369	1.52e-85	263
SM_b20282	iJN1463.PP_0414	34.0	244	160	1	19	261	23	266	9.66e-37	130
SM_b20282	iHN637.CLJU_RS10670	33.7	202	133	1	50	250	46	247	1.16e-34	125
SM_b20283	iJN1463.PP_5178	35.1	279	168	3	50	317	20	296	5.71e-46	157
SM_b20283	iHN637.CLJU_RS10675	38.5	265	155	5	58	320	23	281	1.02e-45	156
SM_b20283	STM_v1_0.STM1225	41.6	219	125	3	89	307	48	263	1.48e-44	153
SM_b20283	iPC815.YPO1333	34.5	278	161	4	50	312	35	306	3.46e-44	153
SM_b20283	STM_v1_0.STM0879	34.8	267	161	4	50	305	31	295	6.18e-44	152
SM_b20283	iSbBS512_1146.SbBS512_E2475	36.2	268	156	5	50	305	31	295	1.22e-43	152
SM_b20283	iML1515.b1125	40.6	219	127	3	89	307	38	253	8.34e-44	151
SM_b20283	iSDY_1059.SDY_2027	40.6	219	127	3	89	307	38	253	8.34e-44	151
SM_b20283	iSF_1195.SF1127	40.6	219	127	3	89	307	38	253	8.34e-44	151
SM_b20283	iSSON_1240.SSON_1143	40.6	219	127	3	89	307	38	253	8.34e-44	151
SM_b20283	iML1515.b0856	35.8	268	157	5	50	305	31	295	3.35e-43	150
SM_b20283	iSF_1195.SF0810	35.8	268	157	5	50	305	31	295	3.35e-43	150
SM_b20283	iSbBS512_1146.SbBS512_E1303	40.8	218	126	3	90	307	49	263	2.24e-43	150
SM_b20283	iYL1228.KPN_00887	35.4	268	158	5	50	305	31	295	6.60e-43	150
SM_b20283	iSDY_1059.SDY_0739	35.8	268	157	5	50	305	31	295	9.25e-43	149
SM_b20283	iYL1228.KPN_01131	39.7	219	129	3	89	307	48	263	8.28e-43	149
SM_b20283	iSSON_1240.SSON_0841	34.5	278	165	5	39	305	24	295	9.85e-42	147
SM_b20284	iCN900.CD630_10270	23.8	340	237	11	31	365	27	349	3.50e-18	84.3
SM_b20286	iYS854.USA300HOU_RS12455	22.4	361	251	8	1	342	1	351	2.30e-13	70.1
SM_b20288	iAF692.Mbar_A3252	26.1	429	277	12	33	446	26	429	7.62e-26	108
SM_b20289	iJN1463.PP_4643	31.7	426	286	3	11	432	13	437	7.84e-72	234
SM_b20289	iHN637.CLJU_RS11730	28.9	433	306	2	1	432	1	432	8.14e-67	220
SM_b20289	iCN900.CD630_31800	31.5	441	289	6	1	433	1	436	9.08e-65	214
SM_b20289	iJN1463.PP_4290	30.9	431	287	3	9	433	11	436	9.31e-65	214
SM_b20289	iYO844.BSU32440	31.1	411	282	1	21	431	10	419	8.29e-64	211
SM_b20291	iSynCJ816.SGL_RS10910	25.9	135	98	1	154	288	56	188	1.32e-08	57.8
SM_b20295	iML1515.b3579	28.8	309	198	4	24	319	25	324	2.50e-39	140
SM_b20295	STM_v1_0.STM3673	28.2	301	210	4	24	319	25	324	2.50e-39	140
SM_b20296	STM_v1_0.STM3671	23.9	117	89	0	15	131	6	122	5.15e-05	41.2
SM_b20296	iML1515.b3577	24.8	121	91	0	13	133	4	124	6.33e-04	38.1
SM_b20297	iML1515.b3578	37.2	401	251	1	15	414	17	417	3.59e-84	263
SM_b20297	STM_v1_0.STM3672	36.7	401	253	1	15	414	17	417	2.22e-82	259
SM_b20297	iJN1463.PP_1167	36.8	421	264	1	4	422	6	426	1.27e-81	257
SM_b20298	iML1515.b3225	26.1	207	145	6	10	212	7	209	3.93e-11	62.4
SM_b20298	iSbBS512_1146.SbBS512_E3551	26.1	207	145	6	10	212	7	209	3.93e-11	62.4
SM_b20298	iSDY_1059.SDY_3400	26.1	207	145	6	10	212	7	209	3.93e-11	62.4
SM_b20298	iSF_1195.SF3261	26.1	207	145	6	10	212	7	209	3.93e-11	62.4
SM_b20298	iSSON_1240.SSON_3366	26.1	207	145	6	10	212	7	209	3.93e-11	62.4
SM_b20299	STM_v1_0.STM3339	44.7	282	153	3	3	281	5	286	8.14e-77	236
SM_b20299	iML1515.b3225	42.9	282	158	3	3	281	5	286	1.68e-73	227
SM_b20299	iSbBS512_1146.SbBS512_E3551	42.9	282	158	3	3	281	5	286	1.68e-73	227
SM_b20299	iSDY_1059.SDY_3400	42.9	282	158	3	3	281	5	286	1.68e-73	227
SM_b20299	iSF_1195.SF3261	42.9	282	158	3	3	281	5	286	1.68e-73	227
SM_b20299	iSSON_1240.SSON_3366	42.9	282	158	3	3	281	5	286	1.68e-73	227
SM_b20300	iEK1008.Rv1900c	30.6	157	100	3	2	152	292	445	1.21e-12	70.1
SM_b20301	iML1515.b0837	46.4	349	176	7	37	376	25	371	5.55e-97	293
SM_b20301	iSbBS512_1146.SbBS512_E2507	46.1	349	177	7	37	376	25	371	2.22e-96	291
SM_b20301	iSSON_1240.SSON_0820	46.1	349	177	7	37	376	25	371	3.14e-96	291
SM_b20301	iYL1228.KPN_00869	46.8	346	175	6	37	374	23	367	5.36e-94	285
SM_b20301	iSF_1195.SF0787	49.5	289	137	6	37	318	25	311	3.02e-87	266
SM_b20307	iYL1228.KPN_03496	40.8	191	111	1	24	214	22	210	5.78e-32	115
SM_b20307	iML1515.b1199	38.2	191	116	1	24	214	22	210	4.94e-30	110
SM_b20307	iSbBS512_1146.SbBS512_E1358	38.2	191	116	1	24	214	22	210	4.94e-30	110
SM_b20307	iSF_1195.SF1202	38.2	191	116	1	24	214	22	210	4.94e-30	110
SM_b20312	iYL1228.KPN_03495	42.0	357	175	4	363	692	1	352	1.24e-84	270
SM_b20312	iSbBS512_1146.SbBS512_E1359	39.8	357	183	4	363	692	1	352	6.51e-80	258
SM_b20312	iML1515.b1200	39.8	357	183	4	363	692	1	352	6.17e-80	258
SM_b20312	iSF_1195.SF1203	38.1	367	195	3	353	692	1	362	3.21e-79	256
SM_b20313	iML1515.b1199	36.0	203	122	2	22	223	14	209	1.63e-31	114
SM_b20313	iSbBS512_1146.SbBS512_E1358	36.0	203	122	2	22	223	14	209	1.63e-31	114
SM_b20313	iSF_1195.SF1202	36.0	203	122	2	22	223	14	209	2.29e-31	114
SM_b20313	iYL1228.KPN_03496	35.0	203	124	2	22	223	14	209	3.52e-30	110
SM_b20313	iNF517.LLMG_RS01350	37.8	188	100	5	32	218	16	187	1.89e-28	105
SM_b20314	iYL1228.KPN_03495	35.8	352	201	2	1	328	1	351	2.98e-68	217
SM_b20314	iSbBS512_1146.SbBS512_E1359	35.8	352	201	2	1	328	1	351	1.70e-67	215
SM_b20314	iSF_1195.SF1203	35.8	352	201	2	1	328	11	361	4.38e-67	214
SM_b20314	iML1515.b1200	35.8	352	201	2	1	328	1	351	4.68e-67	214
SM_b20314	iYS854.USA300HOU_RS03515	37.6	311	183	5	1	310	2	302	4.32e-62	200
SM_b20315	iNF517.LLMG_RS04065	31.1	312	191	7	8	311	6	301	9.64e-33	123
SM_b20315	iML1515.b3750	32.6	288	178	5	19	301	26	302	8.33e-30	115
SM_b20315	iYL1228.KPN_04155	32.6	288	178	5	19	301	26	302	1.16e-29	115
SM_b20315	iYO844.BSU35950	30.7	303	191	5	20	317	30	318	2.27e-29	114
SM_b20316	iLJ478.TM0114	30.6	242	165	3	42	283	44	282	2.47e-23	98.2
SM_b20316	iML1515.b1516	26.6	320	219	8	26	333	25	340	4.59e-22	94.7
SM_b20317	iCN900.CD630_03010	34.3	495	315	5	13	505	5	491	3.10e-104	321
SM_b20317	iLJ478.TM0115	35.2	494	315	3	2	493	3	493	5.63e-103	318
SM_b20317	iLJ478.TM0956	36.3	504	304	5	13	506	12	508	8.64e-103	318
SM_b20317	iPC815.YPO3964	38.4	482	286	6	11	490	4	476	3.72e-100	310
SM_b20317	iNF517.LLMG_RS04060	36.0	478	296	4	14	490	3	471	3.40e-100	310
SM_b20317	STM_v1_0.STM3882	35.8	491	308	2	13	503	4	487	2.46e-99	308
SM_b20317	iPC815.YPO2256	37.8	502	297	8	12	508	18	509	1.41e-97	304
SM_b20317	iPC815.YPO0958	34.5	493	314	3	14	505	6	490	2.01e-97	303
SM_b20317	iML1515.b3749	34.8	491	313	2	13	503	4	487	1.18e-96	301
SM_b20317	iYL1228.KPN_04154	34.6	491	314	2	13	503	4	487	2.34e-96	300
SM_b20317	iYO844.BSU35940	35.1	490	306	5	14	500	3	483	3.71e-96	300
SM_b20317	iHN637.CLJU_RS00620	33.3	480	309	4	13	489	5	476	4.39e-96	300
SM_b20317	iYL1228.KPN_04623	36.3	501	306	6	13	509	9	500	6.01e-93	291
SM_b20317	iML1515.b4485	35.3	501	311	6	13	509	9	500	2.36e-92	290
SM_b20317	iPC815.YPO4036	33.9	513	318	7	11	510	1	505	3.12e-92	290
SM_b20317	iPC815.YPO3907	36.0	480	294	5	13	488	4	474	2.11e-92	290
SM_b20317	iCN900.CD630_15870	32.2	500	326	6	13	507	4	495	6.24e-92	289
SM_b20318	iML1515.b3750	31.3	316	199	5	21	333	13	313	1.16e-41	147
SM_b20318	iYL1228.KPN_04155	31.3	316	199	5	21	333	13	313	1.16e-41	147
SM_b20318	STM_v1_0.STM3883	30.1	316	203	5	21	333	13	313	9.19e-40	142
SM_b20318	iCN900.CD630_03020	34.5	307	185	5	38	342	34	326	6.28e-39	140
SM_b20318	iPC815.YPO2499	30.7	326	209	4	20	342	19	330	1.17e-38	139
SM_b20318	iCN900.CD630_15880	34.1	305	182	7	41	342	23	311	4.76e-37	135
SM_b20318	iYO844.BSU35950	34.2	301	185	5	34	333	25	313	7.58e-37	134
SM_b20320	iJN1463.PP_1169	23.5	319	228	4	1	310	1	312	1.46e-23	98.6
SM_b20321	iJN1463.PP_1167	34.9	416	260	5	6	416	9	418	6.55e-73	234
SM_b20321	iML1515.b3578	35.8	377	241	1	39	415	41	416	3.52e-68	222
SM_b20321	STM_v1_0.STM3672	36.1	377	240	1	39	415	41	416	1.49e-66	218
SM_b20325	iEK1008.Rv1235	26.9	357	187	15	60	359	67	406	6.34e-20	91.3
SM_b20326	iEK1008.Rv1236	34.8	328	185	4	4	327	1	303	2.74e-55	182
SM_b20327	iEK1008.Rv1237	38.2	272	167	1	6	276	3	274	2.16e-53	174
SM_b20328	iML1515.b3450	50.1	351	149	6	1	327	1	349	2.12e-105	312
SM_b20328	iSbBS512_1146.SbBS512_E3873	50.1	351	149	6	1	327	1	349	1.21e-104	310
SM_b20328	iPC815.YPO3712	48.8	365	156	6	1	336	1	363	3.68e-104	310
SM_b20328	iPC815.YPO3793	48.6	350	155	4	1	327	1	348	1.43e-103	308
SM_b20328	STM_v1_0.STM4230	48.9	364	157	5	1	336	1	363	5.95e-103	306
SM_b20328	iYL1228.KPN_04424	48.9	364	157	4	1	336	1	363	1.19e-102	306
SM_b20328	STM_v1_0.STM3554	50.1	351	149	6	1	327	1	349	2.23e-102	305
SM_b20328	iSF_1195.SF4170	48.1	366	159	5	1	336	1	365	1.45e-101	303
SM_b20328	iML1515.b4035	47.8	366	160	5	1	336	1	365	8.24e-101	301
SM_b20328	iSSON_1240.SSON_4213	47.8	366	160	5	1	336	1	365	8.24e-101	301
SM_b20328	iYL1228.KPN_03810	48.7	351	154	6	1	327	1	349	5.83e-100	298
SM_b20328	iSynCJ816.SGL_RS17635	49.1	330	138	4	1	301	1	329	2.93e-99	297
SM_b20328	iYS854.USA300HOU_RS01090	57.1	266	108	3	1	265	1	261	2.02e-97	292
SM_b20328	iEK1008.Rv2038c	47.6	328	146	4	29	333	31	355	2.63e-93	281
SM_b20330	iAF692.Mbar_A1138	29.5	207	125	3	6	212	2	187	1.42e-19	87.8
SM_b20332	iMM1415.50917	31.3	83	49	2	6	80	77	159	2.09e-04	42.4
SM_b20332	iCHOv1.100753973	27.2	114	66	3	6	111	80	184	3.94e-04	41.6
SM_b20332	iCHOv1.100754567	34.5	84	50	3	3	82	67	149	6.91e-04	40.8
SM_b20332	iMM1415.11883	34.5	84	50	3	3	82	66	148	6.86e-04	40.8
SM_b20333	iJN1463.PP_3957	50.2	649	313	6	50	691	8	653	4.45e-213	612
SM_b20333	iCN718.ABAYE_RS01470	46.7	645	332	8	53	691	12	650	1.10e-191	557
SM_b20334	iEK1008.Rv3703c	30.9	204	102	7	20	219	191	359	3.13e-16	78.2
SM_b20342	iJN1463.PP_3948	27.3	703	457	19	63	730	49	732	8.24e-53	197
SM_b20343	iJN1463.PP_3947	41.2	148	86	1	2	148	5	152	2.15e-37	125
SM_b20343	iAF987.Gmet_2135	37.6	149	92	1	1	148	15	163	2.36e-34	117
SM_b20343	iHN637.CLJU_RS11750	39.6	149	89	1	1	148	1	149	4.88e-33	114
SM_b20345	iJN1463.PP_1385	25.9	1065	720	23	13	1029	1	1044	7.97e-70	253
SM_b20345	iML1515.b2470	25.0	1056	707	27	13	1014	1	1025	2.50e-64	236
SM_b20345	iSSON_1240.SSON_2550	25.0	1056	707	27	13	1014	1	1025	2.50e-64	236
SM_b20345	iSF_1195.SF2512	24.9	1056	708	27	13	1014	1	1025	1.96e-63	233
SM_b20345	iSDY_1059.SDY_2654	24.8	1056	709	27	13	1014	1	1025	3.52e-63	233
SM_b20346	iJN1463.PP_1386	23.5	371	252	8	9	362	4	359	4.27e-12	66.6
SM_b20346	iML1515.b0463	23.2	375	267	8	8	363	4	376	4.49e-10	60.5
SM_b20348	iJN1463.PP_5095	29.2	96	63	3	2	93	4	98	9.07e-04	39.7
SM_b20349	iPC815.YPO3318	74.8	286	71	1	29	313	39	324	6.99e-143	405
SM_b20351	iLJ478.TM0956	43.1	511	283	5	1	505	1	509	6.44e-136	403
SM_b20351	iYL1228.KPN_04154	39.9	496	292	1	10	505	2	491	6.14e-125	374
SM_b20351	STM_v1_0.STM3882	40.3	496	290	1	10	505	2	491	8.68e-125	374
SM_b20351	iML1515.b3749	39.7	496	293	1	10	505	2	491	3.90e-123	369
SM_b20351	iLJ478.TM0115	39.7	504	291	3	12	507	14	512	1.57e-121	366
SM_b20351	iHN637.CLJU_RS00620	38.2	500	303	2	10	508	3	497	1.16e-121	365
SM_b20352	iLJ478.TM0955	41.3	317	178	2	24	339	18	327	6.33e-77	239
SM_b20352	iYO844.BSU35950	42.9	315	165	2	22	336	19	318	8.61e-72	226
SM_b20352	iML1515.b3750	41.5	318	173	4	22	339	17	321	9.35e-71	223
SM_b20352	iYL1228.KPN_04155	41.2	318	174	4	22	339	17	321	1.86e-70	222
SM_b20352	iLJ478.TM0112	41.5	323	170	5	21	341	9	314	2.92e-68	216
SM_b20352	STM_v1_0.STM3883	39.9	318	178	4	22	339	17	321	9.23e-68	215
SM_b20353	iAF692.Mbar_A1138	24.2	347	218	12	4	341	2	312	4.66e-16	77.4
SM_b20353	iYL1228.KPN_00507	30.3	218	132	8	1	212	1	204	5.27e-14	71.6
SM_b20356	iAF987.Gmet_0043	29.9	385	243	11	400	774	20	387	2.30e-28	120
SM_b20357	iAF987.Gmet_2999	29.2	113	80	0	4	116	10	122	1.48e-13	65.1
SM_b20357	iAF987.Gmet_1706	32.5	114	75	1	3	116	2	113	1.81e-13	64.7
SM_b20358	iEK1008.Rv1625c	42.6	204	111	3	318	517	218	419	1.21e-45	165
SM_b20362	iPC815.YPO2899	34.0	241	153	4	13	249	5	243	5.83e-33	120
SM_b20362	iLB1027_lipid.PHATRDRAFT_18323	37.5	251	129	8	38	266	43	287	6.99e-32	118
SM_b20362	iEK1008.Rv2701c	36.5	233	134	5	39	260	46	275	3.90e-31	116
SM_b20362	iJN1463.PP_0838	32.7	254	152	4	9	249	1	248	1.43e-30	114
SM_b20362	iAF987.Gmet_0697	39.5	195	102	2	47	232	37	224	2.16e-30	114
SM_b20362	iYO844.BSU14670	35.9	237	147	3	21	254	16	250	6.60e-30	112
SM_b20362	iSbBS512_1146.SbBS512_E2908	35.5	214	131	4	41	249	32	243	6.89e-30	112
SM_b20362	iML1515.b2533	35.0	214	132	3	41	249	32	243	1.35e-29	112
SM_b20362	iSF_1195.SF2580	35.0	214	132	3	41	249	32	243	1.35e-29	112
SM_b20362	iSynCJ816.SGL_RS10525	35.3	221	126	4	39	249	42	255	3.98e-29	111
SM_b20362	iSDY_1059.SDY_2729	34.6	214	133	3	41	249	32	243	5.16e-29	110
SM_b20362	STM_v1_0.STM2546	32.6	242	155	4	13	249	5	243	1.01e-28	109
SM_b20362	iSSON_1240.SSON_2615	34.6	214	133	3	41	249	32	243	1.97e-28	108
SM_b20363	iJN1463.PP_0411	44.4	333	171	5	9	330	15	344	8.52e-88	268
SM_b20363	iJN1463.PP_1484	44.2	330	160	3	6	331	2	311	2.39e-85	261
SM_b20363	iJN1463.PP_5137	44.5	335	175	6	1	330	1	329	1.78e-84	259
SM_b20363	iML1515.b1126	44.5	330	164	4	9	325	18	341	1.38e-81	253
SM_b20363	iYL1228.KPN_01132	51.0	263	119	1	9	261	18	280	1.38e-81	253
SM_b20363	iSF_1195.SF1128	44.5	330	164	4	9	325	18	341	1.38e-81	253
SM_b20363	iSbBS512_1146.SbBS512_E1304	44.2	330	165	4	9	325	18	341	5.52e-81	251
SM_b20363	iSSON_1240.SSON_1144	44.2	330	165	4	9	325	18	341	5.52e-81	251
SM_b20363	iSDY_1059.SDY_2026	44.2	330	165	4	9	325	18	341	2.20e-80	249
SM_b20363	iSynCJ816.SGL_RS17160	43.4	309	164	2	8	315	2	300	1.11e-80	249
SM_b20363	iLJ478.TM1376	40.2	331	183	3	7	325	4	331	1.30e-79	247
SM_b20363	iYS854.USA300HOU_RS05485	42.1	302	170	2	12	312	8	305	1.63e-79	247
SM_b20363	iHN637.CLJU_RS10680	43.4	302	168	2	13	311	14	315	6.35e-79	246
SM_b20363	iML1515.b1441	44.2	321	159	4	8	328	4	304	8.20e-79	244
SM_b20363	iSSON_1240.SSON_1696	44.2	321	159	4	8	328	4	304	8.20e-79	244
SM_b20363	iCN900.CD630_10240	42.0	307	175	2	9	315	6	309	1.56e-78	244
SM_b20363	STM_v1_0.STM1226	49.4	263	123	1	9	261	18	280	3.89e-78	244
SM_b20363	iPC815.YPO1332	42.3	324	169	4	12	322	23	341	3.78e-78	244
SM_b20363	iSDY_1059.SDY_1733	43.9	321	160	4	8	328	4	304	4.62e-78	242
SM_b20364	iJN1463.PP_5136	28.9	460	295	12	240	691	98	533	3.44e-40	155
SM_b20365	iJN1463.PP_5135	30.9	330	222	4	5	333	3	327	7.93e-37	135
SM_b20368	iAF987.Gmet_3508	24.2	314	201	7	31	311	86	395	1.39e-12	67.8
SM_b20368	iJN1463.PP_4209	26.7	352	189	11	30	316	36	383	5.48e-12	65.9
SM_b20368	iAF987.Gmet_1548	29.5	166	110	4	156	315	238	402	1.18e-10	62.0
SM_b20369	iJN1463.PP_4210	29.3	133	81	2	278	409	531	651	9.69e-09	57.0
SM_b20369	iYO844.BSU30410	29.5	129	86	3	287	410	305	433	9.95e-09	56.6
SM_b20370	iJN1463.PP_4210	45.7	221	116	3	2	220	3	221	1.96e-49	170
SM_b20370	iYO844.BSU30420	43.8	201	112	1	20	220	22	221	1.57e-49	161
SM_b20370	iCN900.CD630_19470	39.2	199	120	1	22	220	28	225	1.30e-47	156
SM_b20371	iAF987.Gmet_2621	46.9	147	77	1	1	146	1	147	2.31e-39	129
SM_b20371	iHN637.CLJU_RS01130	41.4	145	84	1	1	145	1	144	2.96e-37	124
SM_b20371	iNF517.LLMG_RS04880	47.6	126	66	0	1	126	1	126	5.94e-37	123
SM_b20372	iML1515.b3578	33.5	406	268	2	10	414	11	415	3.34e-70	227
SM_b20372	STM_v1_0.STM3672	33.0	400	266	2	10	408	11	409	9.11e-66	216
SM_b20372	iJN1463.PP_1167	32.6	423	282	2	3	423	4	425	7.17e-65	213
SM_b20374	iML1515.b3579	31.8	311	201	4	25	330	24	328	1.83e-34	128
SM_b20374	STM_v1_0.STM3673	29.9	314	203	6	25	330	24	328	7.12e-31	118
SM_b20377	iML1515.b1010	31.3	80	52	2	44	121	47	125	8.07e-07	44.7
SM_b20377	iSDY_1059.SDY_0985	31.3	80	52	2	44	121	47	125	8.07e-07	44.7
SM_b20377	iSF_1195.SF1013	31.3	80	52	2	44	121	47	125	1.13e-06	44.3
SM_b20378	STM_v1_0.STM2791	40.3	466	273	2	17	479	15	478	2.14e-118	355
SM_b20378	iYL1228.KPN_00256	39.6	465	280	1	16	479	14	478	2.41e-117	353
SM_b20378	iYO844.BSU03910	39.7	453	270	2	31	480	7	459	5.83e-116	348
SM_b20378	iJN1463.PP_4422	40.6	463	274	1	17	479	24	485	4.38e-114	345
SM_b20378	iJN1463.PP_0213	39.4	464	278	2	17	479	15	476	1.29e-113	343
SM_b20378	iSSON_1240.SSON_2805	38.8	466	282	2	16	479	14	478	1.93e-113	343
SM_b20378	iML1515.b2661	38.7	465	284	1	16	479	14	478	2.73e-113	342
SM_b20378	iAF987.Gmet_3395	38.6	466	281	3	17	479	16	479	2.31e-112	340
SM_b20378	iCN718.ABAYE_RS11770	37.7	464	288	1	17	479	15	478	1.34e-111	338
SM_b20378	iCN718.ABAYE_RS14730	37.5	464	289	1	17	479	16	479	5.61e-110	334
SM_b20378	iMM1415.214579	40.5	467	273	3	17	479	53	518	5.19e-109	333
SM_b20379	iJN1463.PP_4421	44.3	436	237	3	12	441	13	448	1.30e-135	398
SM_b20380	iJN1463.PP_0411	52.6	312	140	2	6	309	15	326	4.61e-108	320
SM_b20380	iPC815.YPO2846	47.5	318	160	2	6	316	5	322	1.41e-98	295
SM_b20381	iJN1463.PP_0414	36.0	261	162	2	3	258	12	272	6.24e-53	173
SM_b20382	iJN1463.PP_3815	37.8	251	155	1	19	268	42	292	2.76e-51	170
SM_b20382	iJN1463.PP_0413	37.5	224	139	1	55	277	189	412	3.55e-46	159
SM_b20382	iJN1463.PP_5178	37.8	230	142	1	42	270	67	296	6.36e-46	156
SM_b20383	iJN1463.PP_3814	29.4	323	219	8	36	355	23	339	7.37e-40	143
SM_b20384	iJN1463.PP_4213	29.4	163	107	2	50	204	148	310	5.22e-14	72.0
SM_b20388	iEK1008.Rv3777	31.1	315	200	5	21	324	20	328	3.39e-30	116
SM_b20388	iJN1463.PP_0072	33.8	311	179	9	26	322	26	323	4.37e-28	110
SM_b20389	iAF987.Gmet_3085	35.9	170	108	1	173	341	455	624	7.30e-27	111
SM_b20389	iJN1463.PP_4670	38.0	166	102	1	174	338	244	409	2.14e-26	108
SM_b20389	iAF987.Gmet_1706	33.0	179	120	0	158	336	130	308	2.05e-26	106
SM_b20389	iJN1463.PP_3581	34.9	192	120	3	152	340	235	424	1.91e-24	103
SM_b20389	iML1515.b1285	34.7	170	108	2	170	339	229	395	2.48e-24	103
SM_b20389	iAF987.Gmet_2629	33.7	172	114	0	170	341	378	549	9.26e-24	102
SM_b20389	iAF987.Gmet_0782	36.0	164	105	0	173	336	297	460	2.90e-23	100
SM_b20391	iJN1463.PP_2635	35.3	498	281	15	43	523	209	682	2.82e-73	253
SM_b20393	iAF692.Mbar_A0902	30.6	425	257	9	6	412	21	425	2.23e-42	154
SM_b20395	iSSON_1240.SSON_3017	29.9	750	494	11	22	748	2	742	1.55e-69	242
SM_b20395	iML1515.b2866	30.3	757	482	15	22	748	2	742	2.95e-69	241
SM_b20395	iSF_1195.SF2868	30.1	762	487	15	17	748	10	755	5.01e-69	241
SM_b20395	iAF987.Gmet_2136	27.4	774	506	18	9	748	1	752	3.96e-65	230
SM_b20396	iSF_1195.SF2869	26.6	331	186	9	6	327	7	289	3.11e-16	77.4
SM_b20396	iAF987.Gmet_2134	28.5	323	179	7	1	321	3	275	1.41e-15	75.5
SM_b20396	iML1515.b2867	26.3	331	187	9	6	327	7	289	3.67e-15	74.3
SM_b20396	iSSON_1240.SSON_3018	26.0	331	188	9	6	327	7	289	5.75e-14	70.9
SM_b20397	iAF987.Gmet_2135	46.6	163	70	3	20	181	15	161	2.06e-42	139
SM_b20397	iYO844.BSU32470	41.4	152	73	1	23	174	18	153	4.13e-37	126
SM_b20402	iJN1463.PP_3948	45.4	416	204	5	26	437	786	1182	9.24e-110	350
SM_b20403	iJN1463.PP_3947	59.6	151	61	0	2	152	5	155	6.85e-64	192
SM_b20404	iJN1463.PP_3948	40.4	721	381	15	53	744	43	743	6.71e-142	446
SM_b20405	iMM904.YBR284W	45.9	37	20	0	127	163	224	260	3.94e-04	41.2
SM_b20406	iJN1463.PP_3515	29.4	698	453	11	2	687	7	676	3.65e-74	253
SM_b20407	iIS312.TCDM_02419	23.4	487	319	12	64	537	786	1231	1.90e-20	96.7
SM_b20409	iJN1463.PP_3073	37.1	272	150	6	5	275	3	254	3.76e-39	137
SM_b20410	iJN1463.PP_0296	52.4	296	138	2	18	310	18	313	4.05e-108	317
SM_b20415	iJN1463.PP_1803	28.0	268	155	12	4	240	6	266	3.13e-09	57.8
SM_b20416	iML1515.b3453	46.6	421	217	6	7	421	8	426	1.26e-134	393
SM_b20416	iSbBS512_1146.SbBS512_E3870	46.7	422	215	7	7	421	8	426	2.53e-134	392
SM_b20416	iPC815.YPO3796	45.7	422	223	5	4	421	9	428	3.70e-134	392
SM_b20416	iYL1228.KPN_03813	45.5	426	224	6	1	421	4	426	7.18e-134	391
SM_b20416	STM_v1_0.STM3557	45.1	426	226	6	1	421	4	426	7.18e-134	391
SM_b20417	iPC815.YPO3795	57.4	282	120	0	11	292	13	294	1.91e-111	323
SM_b20417	iYL1228.KPN_03812	54.5	290	132	0	3	292	5	294	2.07e-108	316
SM_b20417	STM_v1_0.STM3556	54.8	290	131	0	3	292	5	294	2.07e-108	316
SM_b20417	iML1515.b3452	54.5	290	132	0	3	292	5	294	4.17e-108	315
SM_b20417	iSbBS512_1146.SbBS512_E3871	54.1	290	133	0	3	292	5	294	2.39e-107	313
SM_b20418	iPC815.YPO3794	59.2	282	114	1	1	282	1	281	4.53e-111	322
SM_b20418	iML1515.b3451	58.2	282	117	1	1	282	1	281	1.14e-106	310
SM_b20418	iYL1228.KPN_03811	57.8	282	118	1	1	282	1	281	1.62e-106	310
SM_b20418	STM_v1_0.STM3555	57.8	282	118	1	1	282	1	281	4.63e-106	309
SM_b20418	iSbBS512_1146.SbBS512_E3872	57.8	282	118	1	1	282	1	281	4.63e-106	309
SM_b20419	STM_v1_0.STM3554	52.4	361	155	6	1	349	1	356	9.93e-116	339
SM_b20419	iPC815.YPO3793	53.2	355	147	5	1	343	1	348	2.06e-115	338
SM_b20419	iML1515.b3450	51.5	361	158	5	1	349	1	356	8.04e-115	337
SM_b20419	iSbBS512_1146.SbBS512_E3873	51.2	361	159	5	1	349	1	356	9.22e-114	334
SM_b20419	iEK1008.Rv2038c	49.7	362	162	4	1	349	1	355	7.14e-111	327
SM_b20419	iEK1008.Rv1238	50.7	381	151	4	1	344	1	381	1.30e-109	325
SM_b20419	iYL1228.KPN_03810	50.8	356	155	4	1	343	1	349	6.40e-109	322
SM_b20419	iYS854.USA300HOU_RS01090	49.2	360	163	5	1	343	1	357	4.73e-103	307
SM_b20420	iML1515.b2302	26.7	210	142	4	1	202	1	206	1.86e-15	71.6
SM_b20422	iJN1463.PP_0072	27.9	351	207	8	19	358	10	325	8.37e-23	97.1
SM_b20422	iMM904.YOL086C	27.5	367	226	12	6	356	2	344	3.57e-21	92.8
SM_b20422	iMM904.YMR083W	26.4	364	234	11	6	356	29	371	4.75e-21	92.8
SM_b20422	iMM904.YMR303C	27.7	329	201	11	6	319	2	308	4.87e-21	92.4
SM_b20422	iEK1008.Rv3777	25.5	349	210	8	23	356	13	326	3.40e-20	89.7
SM_b20423	iJN1463.PP_4421	52.2	456	215	2	3	456	4	458	1.51e-169	484
SM_b20424	iJN1463.PP_4422	53.7	482	221	1	13	494	8	487	1.52e-171	492
SM_b20424	STM_v1_0.STM2791	51.7	478	231	0	17	494	3	480	5.70e-167	480
SM_b20424	iML1515.b2661	51.0	478	234	0	17	494	3	480	1.31e-165	476
SM_b20424	iYL1228.KPN_00256	50.4	478	237	0	17	494	3	480	2.13e-164	473
SM_b20424	iSSON_1240.SSON_2805	50.8	478	235	0	17	494	3	480	6.07e-164	472
SM_b20424	iCN718.ABAYE_RS14730	48.4	481	248	0	14	494	1	481	3.07e-159	460
SM_b20424	iJN1463.PP_0213	49.8	478	238	1	17	494	3	478	5.57e-159	459
SM_b20424	iAF987.Gmet_3395	48.3	478	247	0	17	494	4	481	1.67e-156	453
SM_b20426	iAT_PLT_636.51166	21.7	314	219	7	126	414	148	459	3.97e-12	67.4
SM_b20426	iYO844.BSU31400	25.5	298	201	13	118	402	81	370	4.12e-12	67.0
SM_b20426	iNF517.LLMG_RS00370	26.9	286	194	10	109	381	73	356	4.21e-12	67.0
SM_b20427	iJN1463.PP_4425	59.2	255	103	1	5	258	1	255	5.15e-101	294
SM_b20428	iJN1463.PP_4428	37.9	269	164	3	14	280	15	282	9.98e-53	173
SM_b20429	iJN1463.PP_4427	50.0	206	101	1	10	213	7	212	1.96e-56	178
SM_b20430	iJN1463.PP_4426	48.1	214	111	0	3	216	4	217	1.21e-65	201
SM_b20431	iJN1463.PP_3942	25.1	243	166	6	24	252	6	246	1.97e-13	67.8
SM_b20432	iJN1463.PP_4430	55.4	316	140	1	7	322	4	318	5.19e-108	318
SM_b20433	iJN1463.PP_4431	57.4	319	135	1	1	318	1	319	1.53e-113	332
SM_b20434	iJN1463.PP_4432	68.7	390	121	1	5	393	7	396	3.81e-204	566
SM_b20435	iJN1463.PP_4423	62.7	330	122	1	1	329	1	330	8.20e-153	431
SM_b20436	iAF987.Gmet_0333	44.0	416	209	3	6	408	21	425	1.82e-111	334
SM_b20442	iML1515.b3579	34.1	258	167	3	51	306	51	307	1.43e-37	136
SM_b20444	iJN1463.PP_1167	35.0	463	256	3	4	464	6	425	4.04e-82	259
SM_b20444	iML1515.b3578	33.9	419	235	2	40	458	42	418	4.04e-78	249
SM_b20444	STM_v1_0.STM3672	34.2	448	247	6	14	458	16	418	8.75e-77	246
SM_b20445	iML1515.b4267	42.3	317	178	3	35	350	31	343	2.69e-75	235
SM_b20445	STM_v1_0.STM4484	40.4	317	184	3	35	350	31	343	8.48e-74	231
SM_b20445	iSSON_1240.SSON_4452	42.0	317	179	3	35	350	31	343	2.39e-73	230
SM_b20446	STM_v1_0.STM3135	54.7	395	176	2	1	395	1	392	2.43e-154	441
SM_b20446	iSF_1195.SF4198	53.7	395	180	2	1	395	1	392	2.14e-150	431
SM_b20446	iML1515.b4322	53.4	395	181	2	1	395	1	392	3.03e-150	430
SM_b20446	iSSON_1240.SSON_4477	53.7	395	180	2	1	395	1	392	6.09e-150	429
SM_b20446	iSbBS512_1146.SbBS512_E4792	53.2	395	182	2	1	395	1	392	2.46e-149	428
SM_b20446	iPC815.YPO1283	52.4	395	185	2	1	395	1	392	9.63e-145	416
SM_b20446	iYL1228.KPN_02604	52.4	395	185	2	1	395	1	392	2.15e-143	413
SM_b20447	iAF987.Gmet_3085	41.4	428	243	3	131	550	456	883	7.69e-100	322
SM_b20447	iAF987.Gmet_0987	41.3	429	245	3	131	552	357	785	7.86e-101	322
SM_b20447	iAF987.Gmet_0700	41.3	424	242	3	135	551	395	818	1.63e-97	314
SM_b20447	iJN1463.PP_3581	41.8	438	246	5	131	560	259	695	8.23e-97	309
SM_b20447	iAF987.Gmet_2629	40.1	426	247	4	135	553	386	810	6.92e-95	307
SM_b20447	iAF987.Gmet_0957	39.6	424	248	4	135	550	196	619	1.14e-94	301
SM_b20447	iAF987.Gmet_0782	38.9	445	264	4	114	551	282	725	1.28e-93	301
SM_b20447	iYL1228.KPN_02455	40.2	413	242	4	131	540	181	591	4.37e-95	301
SM_b20447	iJN1463.PP_0914	39.8	447	259	5	114	552	240	684	2.77e-92	297
SM_b20449	iYS854.USA300HOU_RS07520	28.0	200	123	7	96	280	28	221	2.42e-15	74.3
SM_b20449	iNF517.LLMG_RS03890	36.1	119	69	4	105	220	35	149	2.64e-13	68.6
SM_b20456	iYL1228.KPN_02061	40.9	252	132	5	9	245	3	252	5.67e-44	148
SM_b20456	iYS854.USA300HOU_RS06185	40.4	240	139	3	9	245	3	241	1.15e-43	147
SM_b20456	iAF987.Gmet_1601	40.8	245	140	4	4	245	1	243	7.51e-42	142
SM_b20456	iSynCJ816.SGL_RS07245	37.4	243	146	4	6	245	4	243	1.53e-41	142
SM_b20456	iCN718.ABAYE_RS11380	38.9	239	143	2	9	245	6	243	2.05e-41	141
SM_b20456	iYO844.BSU15910	37.1	240	147	3	9	245	5	243	4.18e-41	140
SM_b20456	iYO844.BSU03930	33.3	246	157	3	6	245	5	249	6.79e-40	138
SM_b20456	iCN900.CD630_11820	37.1	245	150	3	4	245	2	245	4.99e-40	138
SM_b20456	iHN637.CLJU_RS20765	36.3	240	149	3	9	245	7	245	9.64e-40	137
SM_b20458	iAF987.Gmet_1431	66.4	307	102	1	30	336	2	307	2.12e-148	420
SM_b20458	iSynCJ816.SGL_RS09825	60.2	304	119	1	30	333	2	303	8.18e-133	380
SM_b20459	iAF987.Gmet_1486	52.2	314	150	0	5	318	2	315	1.47e-108	319
SM_b20459	iJN1463.PP_3129	51.9	314	146	2	5	318	2	310	3.32e-105	310
SM_b20459	iSynCJ816.SGL_RS08980	47.8	312	161	1	6	315	7	318	2.40e-96	288
SM_b20465	iYS854.USA300HOU_RS08260	26.3	171	100	8	186	352	3	151	9.13e-04	40.4
SM_b20468	iEK1008.Rv0386	40.7	59	35	0	150	208	1025	1083	1.61e-07	50.8
SM_b20468	iAF987.Gmet_1914	30.4	102	69	2	4	105	3	102	4.67e-06	46.2
SM_b20472	iJN1463.PP_4944	32.4	615	353	14	1	593	3	576	3.37e-83	271
SM_b20476	iYL1228.KPN_03899	32.5	507	314	9	25	509	14	514	1.76e-76	249
SM_b20476	STM_v1_0.STM3630	31.8	509	315	9	25	509	23	523	8.45e-76	248
SM_b20476	iJN1463.PP_0882	34.8	500	297	12	33	509	39	532	1.47e-75	248
SM_b20476	iML1515.b3544	32.6	509	311	11	25	509	23	523	4.84e-74	243
SM_b20476	iSDY_1059.SDY_4567	32.6	509	311	11	25	509	23	523	4.84e-74	243
SM_b20476	iSF_1195.SF3579	32.6	509	311	11	25	509	23	523	4.84e-74	243
SM_b20476	iSSON_1240.SSON_3846	32.4	509	312	11	25	509	23	523	1.86e-73	242
SM_b20476	iML1515.b1487	32.1	495	309	8	26	509	25	503	1.65e-73	241
SM_b20476	iSSON_1240.SSON_1637	31.9	495	310	8	26	509	25	503	4.80e-72	238
SM_b20476	iJN1463.PP_0885	32.3	511	306	14	41	519	36	538	1.70e-71	237
SM_b20476	iSbBS512_1146.SbBS512_E1750	31.7	495	311	8	26	509	25	503	1.85e-71	236
SM_b20476	STM_v1_0.STM0849	31.6	509	320	11	11	509	10	500	1.77e-70	233
SM_b20476	iSbBS512_1146.SbBS512_E2518	31.5	476	302	10	43	509	40	500	2.61e-69	230
SM_b20476	iSDY_1059.SDY_0757	31.5	476	302	10	43	509	40	500	5.10e-69	229
SM_b20476	iML1515.b0830	31.3	476	303	10	43	509	40	500	1.40e-68	228
SM_b20476	iSF_1195.SF0780	31.3	476	303	10	43	509	40	500	1.40e-68	228
SM_b20476	iSSON_1240.SSON_0812	31.3	476	303	10	43	509	40	500	1.40e-68	228
SM_b20476	iPC815.YPO4003	30.3	509	323	10	25	509	23	523	6.48e-68	227
SM_b20476	iYL1228.KPN_00863	31.3	476	303	10	43	509	40	500	5.47e-68	227
SM_b20477	iML1515.b3543	40.5	336	178	3	1	314	1	336	3.99e-75	233
SM_b20477	STM_v1_0.STM3629	40.8	336	177	3	1	314	1	336	3.99e-75	233
SM_b20477	iSDY_1059.SDY_4566	40.5	336	178	3	1	314	1	336	3.99e-75	233
SM_b20477	iSSON_1240.SSON_3847	40.5	336	178	3	1	314	1	336	3.99e-75	233
SM_b20477	iSF_1195.SF3578	40.5	336	178	3	1	314	1	336	5.64e-75	233
SM_b20477	iML1515.b0831	41.7	314	173	1	1	314	1	304	5.92e-75	232
SM_b20477	iSDY_1059.SDY_0756	41.7	314	173	1	1	314	1	304	5.92e-75	232
SM_b20477	iSSON_1240.SSON_0813	41.7	314	173	1	1	314	1	304	8.37e-75	231
SM_b20477	iSF_1195.SF0781	41.4	314	174	1	1	314	1	304	2.37e-74	230
SM_b20477	iYL1228.KPN_03898	40.8	336	177	3	1	314	1	336	2.53e-73	229
SM_b20477	iSbBS512_1146.SbBS512_E2517	41.4	314	174	1	1	314	1	304	9.46e-74	229
SM_b20477	iJN1463.PP_0881	40.8	333	178	3	1	314	1	333	3.28e-73	228
SM_b20477	iYL1228.KPN_00864	41.4	314	174	1	1	314	1	304	3.41e-71	222
SM_b20477	STM_v1_0.STM0850	40.8	314	176	1	1	314	1	304	2.17e-69	218
SM_b20477	iML1515.b1486	41.1	326	173	2	7	313	9	334	1.46e-66	211
SM_b20477	iSSON_1240.SSON_1638	41.1	326	173	2	7	313	9	334	2.06e-66	211
SM_b20478	iSDY_1059.SDY_0758	47.7	264	133	2	320	578	2	265	3.85e-71	240
SM_b20478	iML1515.b0829	46.8	267	137	2	317	578	10	276	4.90e-70	237
SM_b20478	iSbBS512_1146.SbBS512_E2519	46.8	267	137	2	317	578	10	276	4.90e-70	237
SM_b20478	iSSON_1240.SSON_0811	47.0	264	135	2	320	578	2	265	7.58e-70	236
SM_b20478	iLJ478.TM1749	45.6	270	146	1	320	589	5	273	9.54e-73	236
SM_b20478	iSF_1195.SF0779	47.0	264	135	2	320	578	2	265	2.85e-69	235
SM_b20478	iYS854.USA300HOU_RS04900	44.6	260	144	0	320	579	6	265	7.64e-72	234
SM_b20478	iML1515.b1484	45.6	270	147	0	320	589	6	275	8.20e-72	233
SM_b20478	iSbBS512_1146.SbBS512_E1747	45.6	270	147	0	320	589	6	275	8.20e-72	233
SM_b20478	iSSON_1240.SSON_1640	45.6	270	147	0	320	589	6	275	8.20e-72	233
SM_b20478	iML1515.b2180	47.3	256	135	0	320	575	6	261	2.44e-69	233
SM_b20478	STM_v1_0.STM0848	46.6	264	136	2	320	578	13	276	4.99e-68	232
SM_b20478	iSSON_1240.SSON_3849	46.6	279	142	4	318	593	2	276	3.08e-71	232
SM_b20478	STM_v1_0.STM3627	45.1	277	149	2	318	593	2	276	1.67e-70	230
SM_b20478	iML1515.b3541	46.2	279	143	4	318	593	2	276	2.34e-70	229
SM_b20478	iYL1228.KPN_03896	45.1	277	149	2	318	593	2	276	2.34e-70	229
SM_b20478	iSF_1195.SF3576	46.2	279	143	4	318	593	2	276	2.34e-70	229
SM_b20478	iSDY_1059.SDY_4564	46.2	279	143	4	318	593	2	276	3.28e-70	229
SM_b20478	iYL1228.KPN_00862	46.0	265	137	3	320	578	13	277	8.93e-67	228
SM_b20478	iPC815.YPO4000	45.5	277	148	2	318	593	2	276	6.26e-70	228
SM_b20478	iYO844.BSU12950	43.8	258	145	0	320	577	5	262	1.15e-69	228
SM_b20478	iJN1463.PP_0879	46.7	259	135	2	336	593	19	275	8.29e-69	225
SM_b20478	iJN1463.PP_4150	45.7	256	139	0	320	575	7	262	2.99e-65	222
SM_b20478	STM_v1_0.STM1743	44.4	277	148	3	301	577	3	273	4.95e-67	221
SM_b20478	iSDY_1059.SDY_1304	45.1	268	144	3	318	584	18	283	1.44e-66	220
SM_b20478	iSF_1195.SF1247	45.1	268	144	3	318	584	18	283	1.44e-66	220
SM_b20478	iSbBS512_1146.SbBS512_E1415	45.1	268	144	3	318	584	18	283	2.02e-66	219
SM_b20478	iYS854.USA300HOU_RS01050	42.2	258	149	0	320	577	5	262	2.78e-64	219
SM_b20478	iSSON_1240.SSON_1934	45.1	266	143	3	320	584	20	283	2.82e-66	219
SM_b20478	iYL1228.KPN_02194	44.4	266	146	2	312	577	12	275	5.53e-66	218
SM_b20478	iML1515.b1246	44.8	268	145	3	318	584	18	283	4.16e-65	216
SM_b20479	iLJ478.TM1750	46.3	257	137	1	6	262	8	263	1.92e-70	219
SM_b20479	iSDY_1059.SDY_0758	48.4	258	127	2	6	260	303	557	9.74e-67	217
SM_b20479	iLJ478.TM0057	46.5	260	135	2	6	261	4	263	1.45e-69	217
SM_b20479	iML1515.b0829	48.4	258	127	2	6	260	314	568	1.67e-66	217
SM_b20479	iSbBS512_1146.SbBS512_E2519	48.4	258	127	2	6	260	314	568	1.67e-66	217
SM_b20479	iSSON_1240.SSON_0811	48.4	258	127	2	6	260	303	557	1.36e-66	217
SM_b20479	iYS854.USA300HOU_RS04905	45.5	257	132	3	6	260	8	258	3.95e-69	215
SM_b20479	iEK1008.Rv1281c	48.0	256	131	2	6	260	350	604	7.36e-66	215
SM_b20479	iSF_1195.SF0779	48.1	258	128	2	6	260	303	557	1.44e-65	214
SM_b20479	iPC815.YPO3999	45.8	260	140	1	6	265	34	292	8.08e-68	213
SM_b20479	iSDY_1059.SDY_4563	45.0	260	142	1	6	265	13	271	8.20e-68	213
SM_b20479	iSSON_1240.SSON_3850	45.0	260	142	1	6	265	13	271	8.20e-68	213
SM_b20479	iML1515.b3540	45.0	260	142	1	6	265	13	271	1.16e-67	212
SM_b20479	iSF_1195.SF3575	45.0	260	142	1	6	265	13	271	1.16e-67	212
SM_b20479	iYL1228.KPN_00862	45.9	255	138	0	6	260	311	565	1.23e-64	212
SM_b20479	STM_v1_0.STM0848	45.9	255	138	0	6	260	314	568	2.59e-64	211
SM_b20479	iJN1463.PP_0878	44.2	260	144	1	6	265	5	263	4.63e-67	210
SM_b20479	STM_v1_0.STM3626	44.6	260	143	1	6	265	13	271	7.12e-67	210
SM_b20479	iML1515.b1483	44.3	264	134	2	1	264	1	251	4.36e-67	210
SM_b20479	iYL1228.KPN_03895	45.0	260	142	1	6	265	13	271	1.01e-66	210
SM_b20479	iYL1228.KPN_02193	46.7	259	133	3	6	260	12	269	1.84e-66	209
SM_b20479	iML1515.b1247	46.5	258	135	2	6	260	12	269	1.04e-65	207
SM_b20479	iSbBS512_1146.SbBS512_E1416	46.5	258	135	2	6	260	12	269	1.04e-65	207
SM_b20479	iSbBS512_1146.SbBS512_E1746	43.9	264	135	2	1	264	1	251	4.93e-66	207
SM_b20479	iSDY_1059.SDY_1305	46.5	258	135	2	6	260	12	269	1.04e-65	207
SM_b20479	iSF_1195.SF1248	46.5	258	135	2	6	260	12	269	1.04e-65	207
SM_b20479	iSSON_1240.SSON_1933	46.1	258	136	2	6	260	12	269	1.47e-65	207
SM_b20479	STM_v1_0.STM1742	46.1	258	136	2	6	260	12	269	8.26e-65	205
SM_b20479	iLJ478.TM1063	44.1	270	135	5	4	261	2	267	3.17e-63	201
SM_b20481	iJN1463.PP_1750	55.4	596	260	3	1	591	1	595	3.17e-226	639
SM_b20482	iSynCJ816.SGL_RS08660	28.5	323	210	7	285	589	162	481	9.08e-30	124
SM_b20483	iPC815.YPO3318	23.1	156	110	3	66	215	34	185	5.33e-07	50.4
SM_b20484	STM_v1_0.STM3884	24.5	294	203	8	2	289	3	283	2.91e-15	74.7
SM_b20484	iYL1228.KPN_04156	23.3	300	211	7	2	295	3	289	2.47e-14	72.0
SM_b20484	iML1515.b3751	24.1	294	204	8	2	289	3	283	1.13e-13	70.1
SM_b20485	iHN637.CLJU_RS00620	39.8	487	290	3	19	503	5	490	1.48e-117	355
SM_b20485	iLJ478.TM0115	41.2	500	281	6	19	509	14	509	3.95e-117	354
SM_b20485	iNF517.LLMG_RS04060	36.4	484	306	2	20	503	3	484	8.45e-115	347
SM_b20485	iYO844.BSU35940	37.2	484	303	1	20	503	3	485	2.45e-114	346
SM_b20485	iCN900.CD630_03010	37.9	475	291	4	19	491	5	477	9.36e-114	345
SM_b20485	iML1515.b3749	38.8	492	292	5	19	506	4	490	6.18e-111	338
SM_b20485	STM_v1_0.STM3882	38.2	489	299	3	19	506	4	490	1.94e-109	334
SM_b20485	iLJ478.TM0956	37.7	480	288	5	19	488	12	490	1.47e-108	332
SM_b20485	iPC815.YPO3964	40.2	475	281	3	18	491	5	477	9.21e-109	332
SM_b20485	iYL1228.KPN_04154	37.6	489	302	3	19	506	4	490	2.17e-108	331
SM_b20485	iML1515.b2149	37.3	502	302	7	9	503	3	498	7.06e-108	330
SM_b20485	iSF_1195.SF2234	37.3	502	302	7	9	503	3	498	7.06e-108	330
SM_b20485	iSSON_1240.SSON_2205	37.3	502	302	7	9	503	3	498	7.06e-108	330
SM_b20485	iPC815.YPO3907	39.2	497	287	6	19	507	4	493	2.08e-107	328
SM_b20485	iYL1228.KPN_02587	37.6	489	292	7	22	503	1	483	2.53e-107	328
SM_b20485	iPC815.YPO1508	37.9	493	291	9	19	503	13	498	3.95e-107	328
SM_b20485	STM_v1_0.STM2189	37.2	492	296	7	19	503	13	498	6.20e-106	325
SM_b20485	iPC815.YPO2256	37.7	496	287	6	18	502	18	502	8.87e-104	320
SM_b20486	iPC815.YPO2499	34.9	301	184	4	19	318	39	328	6.28e-40	142
SM_b20486	iYL1228.KPN_04155	32.7	312	182	7	13	314	22	315	1.10e-37	136
SM_b20486	iML1515.b3750	32.4	312	183	7	13	314	22	315	1.54e-37	136
SM_b20486	STM_v1_0.STM3883	32.3	313	182	7	13	314	22	315	2.23e-36	133
SM_b20487	iCN900.CD630_03020	30.2	301	194	4	1	300	19	304	7.46e-36	132
SM_b20487	iYL1228.KPN_04155	32.4	284	181	3	21	300	24	300	1.61e-35	130
SM_b20487	iML1515.b3750	32.3	285	180	5	21	300	24	300	2.25e-35	130
SM_b20487	iPC815.YPO2499	33.1	290	185	4	19	307	34	315	7.35e-35	129
SM_b20487	iYO844.BSU35950	29.9	308	199	3	15	316	20	316	6.39e-34	126
SM_b20487	STM_v1_0.STM3883	31.5	289	177	6	21	300	24	300	1.70e-33	125
SM_b20487	iCN900.CD630_15880	27.6	301	205	4	1	300	1	289	2.13e-33	125
SM_b20487	iHN637.CLJU_RS00625	29.7	310	199	5	15	317	20	317	6.65e-33	124
SM_b20487	iNF517.LLMG_RS04065	28.9	304	194	6	21	315	15	305	7.57e-33	123
SM_b20487	iPC815.YPO0410	27.3	297	203	2	27	317	21	310	2.18e-32	122
SM_b20487	iML1515.b1515	27.1	314	209	6	13	317	6	308	4.00e-31	119
SM_b20487	iSF_1195.SF1585	27.1	314	209	6	13	317	6	308	4.00e-31	119
SM_b20488	iJN1463.PP_4298	31.3	115	76	2	127	238	126	240	6.24e-10	58.2
SM_b20488	STM_v1_0.STM0518	27.2	125	86	3	118	238	117	240	9.23e-09	54.7
SM_b20489	iML1515.b2803	24.6	293	201	10	11	291	6	290	1.01e-12	69.7
SM_b20489	iSSON_1240.SSON_2960	24.5	278	192	9	11	278	16	285	4.26e-12	67.8
SM_b20489	iYL1228.KPN_03154	25.3	292	200	10	11	291	6	290	9.71e-12	66.6
SM_b20489	iSDY_1059.SDY_3021	23.9	293	203	10	11	291	16	300	3.07e-11	65.1
SM_b20489	STM_v1_0.STM2977	25.3	297	194	11	11	291	6	290	1.23e-10	63.2
SM_b20490	iSSON_1240.SSON_2957	45.1	213	111	4	5	215	2	210	1.23e-57	181
SM_b20490	iML1515.b2800	44.6	213	112	4	5	215	2	210	1.74e-57	181
SM_b20490	iSDY_1059.SDY_3017	44.6	213	112	4	5	215	2	210	1.74e-57	181
SM_b20490	iSF_1195.SF2814	44.6	213	112	4	5	215	2	210	1.74e-57	181
SM_b20490	iYL1228.KPN_03151	44.0	207	112	3	11	215	6	210	1.98e-56	178
SM_b20490	STM_v1_0.STM2974	43.5	207	113	3	11	215	6	210	7.94e-56	177
SM_b20491	iYS854.USA300HOU_RS14375	27.8	187	122	5	9	191	8	185	3.79e-09	53.5
SM_b20492	iCHOv1.100750866	35.8	193	116	4	1	190	1	188	1.34e-19	87.0
SM_b20492	iMM1415.15485	34.2	193	119	4	1	190	1	188	5.64e-17	79.7
SM_b20493	iCN718.ABAYE_RS11380	55.4	240	107	0	3	242	4	243	4.86e-80	240
SM_b20496	iCHOv1.100772204	42.8	535	290	5	11	533	46	576	1.84e-128	387
SM_b20496	iMM1415.218865	41.0	532	304	4	11	533	43	573	5.22e-124	375
SM_b20497	STM_v1_0.STM3674	35.3	493	309	3	1	490	1	486	1.24e-96	301
SM_b20497	iML1515.b3580	33.6	500	322	3	1	497	1	493	4.33e-90	284
SM_b20498	iAF692.Mbar_A0753	28.4	271	170	10	7	272	11	262	5.88e-24	97.4
SM_b20498	iAF692.Mbar_A0920	27.7	274	172	9	6	273	7	260	7.48e-21	89.0
SM_b20499	iSynCJ816.SGL_RS11080	31.6	554	318	18	12	537	8	528	7.13e-67	226
SM_b20500	iYO844.BSU09530	45.4	293	146	3	9	298	5	286	2.85e-83	254
SM_b20501	iHN637.CLJU_RS11915	25.2	306	220	3	28	328	22	323	5.09e-27	108
SM_b20502	iLJ478.TM0955	39.9	306	171	2	29	323	22	325	2.97e-58	190
SM_b20503	iNF517.LLMG_RS04060	43.0	491	276	2	7	496	3	490	9.23e-138	406
SM_b20503	iYO844.BSU35940	42.5	492	278	3	7	496	3	491	1.91e-137	405
SM_b20503	iPC815.YPO3964	44.5	499	272	4	1	497	1	496	6.78e-136	402
SM_b20503	iCN900.CD630_03010	39.8	498	292	6	3	496	2	495	1.41e-128	383
SM_b20503	iYL1228.KPN_04154	41.9	497	280	4	4	496	2	493	7.50e-128	381
SM_b20503	iML1515.b3749	42.1	497	279	4	4	496	2	493	2.12e-127	380
SM_b20503	iHN637.CLJU_RS00620	42.2	498	281	5	3	496	2	496	1.59e-126	378
SM_b20503	STM_v1_0.STM3882	41.8	498	279	5	4	496	2	493	2.70e-125	375
SM_b20503	iLJ478.TM0956	42.2	500	280	6	4	494	10	509	6.74e-123	369
SM_b20503	iML1515.b2149	40.5	499	288	5	2	495	9	503	8.97e-122	366
SM_b20503	iSF_1195.SF2234	40.5	499	288	5	2	495	9	503	8.97e-122	366
SM_b20503	iSSON_1240.SSON_2205	40.5	499	288	5	2	495	9	503	8.97e-122	366
SM_b20504	iLJ478.TM0114	27.5	295	204	4	40	331	44	331	8.25e-28	110
SM_b20506	iPC815.YPO2257	55.8	303	134	0	12	314	45	347	1.47e-102	304
SM_b20506	iML1515.b4460	55.8	303	134	0	12	314	24	326	1.21e-101	301
SM_b20506	iSbBS512_1146.SbBS512_E1023	55.8	303	134	0	12	314	24	326	1.71e-101	300
SM_b20506	iSSON_1240.SSON_1219	55.8	303	134	0	12	314	25	327	1.76e-101	300
SM_b20506	iSDY_1059.SDY_1122	55.5	301	134	0	12	312	25	325	4.06e-100	297
SM_b20507	iSbBS512_1146.SbBS512_E1024	49.7	499	249	2	4	501	7	504	3.44e-166	479
SM_b20507	iML1515.b1900	49.7	499	249	2	4	501	7	504	4.88e-166	479
SM_b20507	iSDY_1059.SDY_1121	49.7	499	249	2	4	501	7	504	4.88e-166	479
SM_b20507	iSSON_1240.SSON_1218	49.5	499	250	2	4	501	7	504	2.78e-165	477
SM_b20507	iPC815.YPO2256	49.1	503	251	3	4	502	19	520	3.00e-164	475
SM_b20508	iSDY_1059.SDY_1120	47.2	326	169	3	2	326	3	326	7.18e-101	299
SM_b20508	iML1515.b1901	46.9	326	170	3	2	326	3	326	8.21e-100	296
SM_b20508	iSSON_1240.SSON_1217	46.9	326	170	3	2	326	3	326	1.16e-99	296
SM_b20508	iSbBS512_1146.SbBS512_E1025	46.9	326	170	3	2	326	3	326	2.33e-99	295
SM_b20508	iPC815.YPO2255	46.3	326	172	3	2	326	3	326	3.55e-98	292
SM_b20510	iML1515.b4478	63.6	382	139	0	1	382	1	382	5.42e-186	520
SM_b20510	iYL1228.KPN_04095	63.9	382	138	0	1	382	1	382	1.55e-185	518
SM_b20510	STM_v1_0.STM3828	63.6	382	139	0	1	382	1	382	1.55e-185	518
SM_b20511	iAF987.Gmet_1531	33.2	250	160	3	5	254	4	246	1.27e-36	129
SM_b20511	iLJ478.TM1724	31.5	251	166	1	4	254	2	246	7.03e-35	125
SM_b20511	iCN718.ABAYE_RS09790	31.9	257	169	1	1	251	1	257	8.28e-33	120
SM_b20511	iAF987.Gmet_1601	30.6	248	166	2	5	252	3	244	8.17e-33	119
SM_b20523	iML1515.b1341	36.9	179	103	3	210	381	235	410	3.87e-22	97.1
SM_b20523	iJN1463.PP_0129	37.1	170	104	2	212	379	475	643	9.83e-22	97.1
SM_b20523	iAF987.Gmet_0069	36.8	182	97	5	212	379	125	302	1.51e-21	94.0
SM_b20523	iAF987.Gmet_2721	38.2	165	96	4	225	384	506	669	3.45e-20	92.4
SM_b20523	iPC815.YPO0425	35.1	174	105	4	222	391	220	389	2.56e-19	88.6
SM_b20535	iLJ478.TM0327	36.7	256	155	4	77	330	63	313	1.00e-36	134
SM_b20535	iEK1008.Rv2996c	34.4	256	162	4	66	320	55	305	5.53e-34	130
SM_b20537	iPC815.YPO3908	21.6	250	175	8	50	283	7	251	8.37e-04	40.4
SM_b20538	iYO844.BSU06970	30.4	401	270	6	17	414	18	412	1.05e-60	202
SM_b20539	iEK1008.Rv1900c	32.7	168	86	5	8	164	293	444	2.72e-12	68.9
SM_b20560	iYS854.USA300HOU_RS13885	40.0	60	33	1	4	60	6	65	2.33e-06	40.4
SM_b20560	iLJ478.TM0317	42.1	57	31	1	6	60	23	79	1.85e-04	37.4
SM_b20809	iJN1463.PP_0957	47.2	326	163	3	6	328	4	323	1.75e-90	273
SM_b20809	iAF987.Gmet_1278	47.2	326	161	4	9	329	2	321	1.07e-85	260
SM_b20810	STM_v1_0.STM2232	29.6	652	389	17	13	654	5	596	2.51e-65	226
SM_b20813	iAF987.Gmet_2349	37.5	558	343	3	35	588	14	569	5.86e-119	364
SM_b20813	iSF_1195.SF0910	35.8	551	349	4	42	590	34	581	3.26e-107	334
SM_b20813	iSSON_1240.SSON_0916	35.8	551	349	4	42	590	34	581	4.59e-107	333
SM_b20813	iML1515.b0914	35.6	551	350	4	42	590	34	581	1.80e-106	332
SM_b20813	STM_v1_0.STM0984	35.8	551	349	4	42	590	34	581	1.80e-106	332
SM_b20813	iSbBS512_1146.SbBS512_E2410	35.6	551	350	4	42	590	34	581	1.80e-106	332
SM_b20813	iSDY_1059.SDY_2344	35.6	551	350	4	42	590	34	581	1.80e-106	332
SM_b20818	iLB1027_lipid.PHATRDRAFT_48423	35.4	65	39	1	80	141	159	223	1.63e-04	43.1
SM_b20818	iSynCJ816.SGL_RS10130	29.7	111	70	4	34	141	28	133	4.21e-04	41.6
SM_b20819	iML1515.b2540	32.4	102	66	3	4	104	2	101	3.77e-12	57.4
SM_b20819	iSSON_1240.SSON_2622	32.4	102	66	3	4	104	2	101	3.77e-12	57.4
SM_b20820	iML1515.b2542	35.7	378	234	6	4	379	6	376	4.52e-56	189
SM_b20820	iSSON_1240.SSON_2624	35.2	378	236	6	4	379	6	376	4.81e-55	186
SM_b20821	iLJ478.TM1728	31.2	263	150	5	8	246	3	258	8.61e-25	99.4
SM_b20821	iCN900.CD630_15130	31.6	196	121	5	64	255	85	271	1.83e-22	93.2
SM_b20825	iNF517.LLMG_RS08595	41.7	60	35	0	131	190	99	158	1.86e-07	49.3
SM_b20825	iYO844.BSU40850	48.1	52	27	0	139	190	131	182	4.76e-07	48.5
SM_b20825	iYL1228.KPN_00440	46.2	52	28	0	139	190	130	181	1.69e-06	47.0
SM_b20825	iCN718.ABAYE_RS12475	40.3	62	37	0	131	192	141	202	3.59e-06	46.2
SM_b20830	iJN1463.PP_0957	46.1	323	165	3	17	336	7	323	3.09e-85	259
SM_b20830	iAF987.Gmet_1278	45.7	326	166	4	17	337	2	321	3.99e-85	259
SM_b20830	STM_v1_0.STM3315	47.6	288	147	3	52	336	41	327	7.37e-79	243
SM_b20830	iCN718.ABAYE_RS12520	44.3	289	157	2	52	336	36	324	4.83e-76	236
SM_b20830	iYL1228.KPN_03607	47.0	279	144	3	61	336	56	333	2.53e-75	234
SM_b20830	iPC815.YPO3577	47.7	279	142	3	61	336	50	327	2.98e-75	234
SM_b20832	iJN1463.PP_1779	35.3	184	115	2	20	199	39	222	1.93e-33	123
SM_b20832	iYS854.USA300HOU_RS03450	32.5	197	128	3	21	213	40	235	5.59e-33	119
SM_b20832	iNF517.LLMG_RS08170	30.7	202	135	3	12	209	38	238	5.56e-29	112
SM_b20833	iNF517.LLMG_RS08165	23.8	202	132	6	32	221	36	227	2.40e-05	44.3
SM_b20843	iJN1463.PP_1280	31.9	414	222	16	13	416	26	389	5.50e-39	147
SM_b21013	iAF987.Gmet_3253	28.1	128	87	4	10	134	4	129	1.57e-05	42.0
SM_b21016	iML1515.b1516	79.8	317	63	1	27	343	25	340	4.11e-184	511
SM_b21017	iML1515.b1515	58.0	305	128	0	8	312	7	311	6.22e-110	323
SM_b21017	iSF_1195.SF1585	58.0	305	128	0	8	312	7	311	6.22e-110	323
SM_b21017	iPC815.YPO0410	54.8	305	138	0	8	312	9	313	8.90e-103	305
SM_b21018	iPC815.YPO0411	48.6	346	169	3	1	338	1	345	2.69e-97	291
SM_b21018	iML1515.b1514	49.6	343	171	2	1	342	1	342	1.63e-96	289
SM_b21018	iSF_1195.SF1584	49.3	343	172	2	1	342	1	342	7.44e-95	285
SM_b21019	iML1515.b1513	50.2	496	235	7	20	505	16	509	2.03e-150	439
SM_b21021	iHN637.CLJU_RS11915	30.1	309	202	7	17	313	15	321	1.29e-32	122
SM_b21022	iML1515.b1511	56.8	449	192	2	5	451	13	461	1.47e-167	484
SM_b21023	iML1515.b1518	42.4	92	53	0	1	92	1	92	4.05e-25	90.1
SM_b21037	iYL1228.KPN_00863	27.5	528	320	19	14	517	12	500	1.74e-30	124
SM_b21037	iSbBS512_1146.SbBS512_E1750	24.6	536	352	16	1	517	1	503	4.91e-29	120
SM_b21037	iSbBS512_1146.SbBS512_E2518	27.1	505	307	17	19	497	11	480	6.41e-29	119
SM_b21037	iSDY_1059.SDY_0757	27.1	495	303	16	26	497	21	480	6.41e-29	119
SM_b21037	iML1515.b1487	24.6	536	352	17	1	517	1	503	2.19e-28	118
SM_b21037	iML1515.b0830	26.9	505	308	17	19	497	11	480	2.87e-28	117
SM_b21037	iSF_1195.SF0780	26.9	505	308	17	19	497	11	480	2.87e-28	117
SM_b21037	iSSON_1240.SSON_0812	26.9	505	308	17	19	497	11	480	2.87e-28	117
SM_b21037	iSSON_1240.SSON_1637	24.4	536	353	17	1	517	1	503	1.31e-27	115
SM_b21037	iPC815.YPO4003	25.7	487	311	16	63	519	60	525	2.72e-27	115
SM_b21038	STM_v1_0.STM3629	38.3	339	187	5	3	322	1	336	5.49e-66	210
SM_b21038	iML1515.b3543	38.1	339	188	5	3	322	1	336	1.09e-65	209
SM_b21038	iSDY_1059.SDY_4566	38.1	339	188	5	3	322	1	336	1.09e-65	209
SM_b21038	iSSON_1240.SSON_3847	38.1	339	188	5	3	322	1	336	1.09e-65	209
SM_b21038	iSF_1195.SF3578	37.3	338	192	3	3	322	1	336	3.07e-65	208
SM_b21038	iYL1228.KPN_03898	37.5	339	190	5	3	322	1	336	6.12e-65	207
SM_b21039	iJN1463.PP_0880	33.6	259	168	2	29	287	49	303	1.97e-43	150
SM_b21039	iAF692.Mbar_A0470	34.7	259	159	3	26	284	40	288	2.59e-38	136
SM_b21040	iJN1463.PP_4150	38.8	544	308	8	10	550	6	527	3.06e-115	352
SM_b21040	iYS854.USA300HOU_RS01050	37.0	543	316	7	10	549	4	523	2.72e-115	352
SM_b21040	iSDY_1059.SDY_0758	38.1	569	314	9	10	552	1	557	6.99e-112	345
SM_b21040	iSSON_1240.SSON_0811	38.1	569	314	9	10	552	1	557	1.39e-111	345
SM_b21040	iML1515.b0829	38.1	569	314	9	10	552	12	568	3.72e-111	344
SM_b21040	iYL1228.KPN_00862	37.9	570	327	7	2	552	4	565	9.32e-111	343
SM_b21040	iSbBS512_1146.SbBS512_E2519	38.0	568	316	9	10	552	12	568	2.90e-110	342
SM_b21040	iSF_1195.SF0779	37.7	565	322	7	10	552	1	557	1.84e-108	337
SM_b21040	STM_v1_0.STM0848	37.1	571	317	8	10	552	12	568	6.41e-105	328
SM_b21040	iML1515.b2180	35.6	550	323	9	6	548	1	526	3.20e-103	320
SM_b21040	iEK1008.Rv1281c	34.2	606	335	8	9	553	3	605	6.76e-101	317
SM_b21041	iAF987.Gmet_3529	24.9	385	188	12	27	410	52	336	1.66e-20	91.7
SM_b21042	iCN718.ABAYE_RS06480	30.9	81	54	1	142	222	112	190	6.56e-05	44.7
SM_b21042	iCN900.CD630_07080	32.6	89	57	2	134	222	104	189	2.00e-04	43.1
SM_b21042	iAF692.Mbar_A3039	33.8	77	42	4	129	203	99	168	6.24e-04	41.6
SM_b21051	iLJ478.TM0583	49.4	427	204	5	11	435	4	420	1.94e-140	409
SM_b21051	iHN637.CLJU_RS16810	46.0	426	220	4	11	434	6	423	1.98e-133	391
SM_b21052	iAF692.Mbar_A0021	34.5	313	189	9	1	306	1	304	1.84e-46	159
SM_b21052	iCHOv1.100763471	34.7	317	185	11	4	310	50	354	3.94e-45	157
SM_b21052	iMM1415.67883	34.7	317	185	11	4	310	89	393	8.81e-45	157
SM_b21052	iAF987.Gmet_1431	35.1	316	180	11	6	309	3	305	3.64e-43	150
SM_b21052	iJN1463.PP_0501	34.4	305	190	6	6	304	6	306	1.96e-41	145
SM_b21053	iEK1008.Rv3032	27.5	258	148	4	155	411	171	390	2.13e-21	95.1
SM_b21053	iEK1008.Rv0486	31.2	266	149	6	153	413	207	443	2.03e-19	89.7
SM_b21057	iYS854.USA300HOU_RS02975	27.8	212	114	7	51	254	9	189	2.51e-04	41.2
SM_b21058	iPC815.YPO3115	64.2	67	24	0	1	67	5	71	2.02e-24	91.3
SM_b21058	STM_v1_0.STM2092	65.7	67	23	0	1	67	1	67	2.65e-24	90.9
SM_b21058	iSynCJ816.SGL_RS03545	59.7	67	27	0	1	67	1	67	1.01e-23	89.4
SM_b21059	iSynCJ816.SGL_RS03545	52.6	171	80	1	4	173	86	256	8.16e-65	199
SM_b21059	iPC815.YPO3115	47.1	172	90	1	4	174	90	261	2.43e-57	180
SM_b21060	iAF692.Mbar_A1144	29.7	293	179	7	1	279	1	280	9.65e-20	87.8
SM_b21062	iML1515.b2232	36.3	91	49	3	113	195	55	144	2.35e-06	48.1
SM_b21062	iSbBS512_1146.SbBS512_E2607	36.3	91	49	3	113	195	55	144	2.35e-06	48.1
SM_b21062	iSDY_1059.SDY_2424	36.3	91	49	3	113	195	55	144	2.35e-06	48.1
SM_b21062	iSF_1195.SF2312	36.3	91	49	3	113	195	55	144	2.35e-06	48.1
SM_b21062	iSSON_1240.SSON_2290	36.3	91	49	3	113	195	55	144	2.35e-06	48.1
SM_b21062	STM_v1_0.STM2276	32.7	107	63	3	110	208	52	157	3.20e-06	47.8
SM_b21062	iJN1463.PP_1765	35.9	92	50	3	112	195	45	135	1.29e-05	45.8
SM_b21066	iYO844.BSU35680	27.6	127	88	2	6	128	11	137	7.40e-10	59.7
SM_b21066	iYO844.BSU35550	35.6	90	58	0	5	94	8	97	4.70e-09	55.8
SM_b21066	STM_v1_0.STM2087	32.3	124	81	3	5	125	3	126	1.79e-08	54.7
SM_b21068	iML1515.b3626	24.6	195	115	6	103	282	112	289	6.65e-06	47.0
SM_b21071	STM_v1_0.STM2082	51.0	198	94	2	19	215	280	475	2.31e-62	201
SM_b21075	iSynCJ816.SGL_RS12975	30.6	108	73	2	234	339	230	337	2.78e-07	52.0
SM_b21076	iJN1463.PP_1801	27.5	364	240	10	15	357	13	373	5.36e-20	90.1
SM_b21076	STM_v1_0.STM2086	24.9	337	226	8	7	330	3	325	5.61e-20	89.7
SM_b21078	iJN1463.PP_1801	31.3	230	135	5	179	390	144	368	5.81e-19	87.4
SM_b21078	STM_v1_0.STM2086	27.3	227	148	5	142	362	104	319	1.26e-17	83.2
SM_b21081	iJN1463.PP_5288	35.7	474	276	11	36	508	14	459	1.29e-79	256
SM_b21082	iML1515.b2049	42.1	368	200	6	9	368	10	372	4.54e-76	253
SM_b21082	iSF_1195.SF2112	42.4	368	199	6	9	368	10	372	4.54e-76	253
SM_b21082	iSbBS512_1146.SbBS512_E1183	42.1	368	200	6	9	368	10	372	8.81e-76	253
SM_b21082	iSSON_1240.SSON_2102	42.1	368	200	6	9	368	10	372	8.81e-76	253
SM_b21082	iJN1463.PP_1277	40.2	366	206	6	9	368	6	364	1.09e-73	247
SM_b21082	iPC815.YPO3099	41.8	371	207	4	9	376	8	372	1.43e-73	246
SM_b21082	STM_v1_0.STM2084	42.2	365	200	6	9	368	7	365	1.31e-72	244
SM_b21082	iCN900.CD630_27790	37.9	356	205	6	9	355	7	355	3.46e-70	234
SM_b21082	iJN1463.PP_1776	38.6	355	205	6	9	352	7	359	3.55e-67	229
SM_b21086	iSynCJ816.SGL_RS03900	36.9	65	38	1	3	67	471	532	4.06e-07	48.1
SM_b21089	iML1515.b2371	36.0	278	171	4	4	281	5	275	2.50e-46	161
SM_b21092	iCN718.ABAYE_RS19960	31.5	108	74	0	50	157	15	122	8.52e-13	61.2
SM_b21094	iEK1008.Rv1659	53.3	452	210	1	2	452	3	454	1.59e-158	457
SM_b21095	iYO844.BSU03600	37.5	240	134	6	40	277	1	226	2.18e-35	127
SM_b21095	iML1515.b1918	37.6	218	121	3	65	281	13	216	1.85e-33	121
SM_b21095	iYS854.USA300HOU_RS13045	34.2	228	137	2	63	285	20	239	3.02e-32	119
SM_b21095	iJN1463.PP_0226	36.4	214	121	3	64	276	13	212	7.66e-32	117
SM_b21096	iYO844.BSU27430	50.8	244	110	1	11	254	6	239	3.16e-83	248
SM_b21096	iYO844.BSU23960	50.6	251	110	2	6	254	1	239	1.69e-82	246
SM_b21096	iJN1463.PP_4425	53.8	251	114	2	6	254	1	251	9.03e-81	243
SM_b21096	iML1515.b1917	53.3	246	111	1	7	252	4	245	3.10e-80	241
SM_b21096	iCN900.CD630_07520	51.2	244	109	2	11	254	6	239	3.18e-80	241
SM_b21096	STM_v1_0.STM0828	51.2	250	110	3	6	254	1	239	2.58e-79	238
SM_b21096	iPC815.YPO2514	52.4	246	103	3	11	254	6	239	3.65e-79	238
SM_b21096	iSDY_1059.SDY_0787	51.2	250	110	3	6	254	1	239	1.04e-78	237
SM_b21096	iML1515.b0809	51.2	250	110	3	6	254	1	239	1.47e-78	236
SM_b21096	iYL1228.KPN_00838	50.8	250	111	3	6	254	1	239	1.47e-78	236
SM_b21096	iSbBS512_1146.SbBS512_E2539	51.2	250	110	3	6	254	1	239	1.47e-78	236
SM_b21096	iSSON_1240.SSON_0789	51.2	250	110	3	6	254	1	239	2.09e-78	236
SM_b21096	iYO844.BSU03590	49.8	243	116	1	12	254	7	243	3.71e-78	236
SM_b21096	STM_v1_0.STM2351	51.8	245	116	2	10	252	10	254	1.06e-77	235
SM_b21096	iCN718.ABAYE_RS06340	52.7	243	113	2	11	251	11	253	1.50e-77	234
SM_b21096	iSbBS512_1146.SbBS512_E2684	50.4	248	121	2	7	252	6	253	2.06e-77	234
SM_b21096	iSDY_1059.SDY_2505	50.4	248	121	2	7	252	6	253	2.06e-77	234
SM_b21096	iSF_1195.SF2382	50.4	248	121	2	7	252	6	253	2.06e-77	234
SM_b21096	iSSON_1240.SSON_2364	50.4	248	121	2	7	252	6	253	2.06e-77	234
SM_b21096	iYS854.USA300HOU_RS09925	50.6	249	113	3	6	254	3	241	1.27e-77	234
SM_b21096	iYL1228.KPN_02696	50.8	248	120	2	7	252	6	253	2.92e-77	234
SM_b21096	iSF_1195.SF0760	50.8	250	111	3	6	254	1	239	1.69e-77	234
SM_b21096	iML1515.b2306	50.4	248	121	2	7	252	6	253	4.14e-77	233
SM_b21096	iJN1463.PP_0225	51.8	247	115	1	6	252	1	243	2.85e-76	231
SM_b21096	iJN1463.PP_4483	52.3	243	113	2	11	251	8	249	3.04e-76	231
SM_b21096	iNF517.LLMG_RS09915	48.6	249	118	2	6	254	5	243	2.53e-75	228
SM_b21096	iSynCJ816.SGL_RS08035	50.0	252	117	2	6	256	8	251	3.27e-75	228
SM_b21096	iJN1463.PP_0283	51.9	239	114	1	14	251	15	253	2.19e-74	226
SM_b21096	iPC815.YPO2777	50.2	243	119	2	11	251	18	260	1.13e-73	225
SM_b21096	iSF_1195.SF0629	50.6	241	109	1	11	251	6	236	1.51e-73	224
SM_b21097	iSDY_1059.SDY_0785	30.6	229	145	6	36	262	26	242	2.08e-21	90.1
SM_b21097	iML1515.b0811	30.6	229	145	6	36	262	26	242	4.01e-21	89.4
SM_b21097	iSF_1195.SF0762	30.6	229	145	6	36	262	26	242	4.01e-21	89.4
SM_b21097	iSSON_1240.SSON_0791	30.6	229	145	6	36	262	26	242	4.01e-21	89.4
SM_b21097	iSbBS512_1146.SbBS512_E2537	30.6	229	145	6	36	262	26	242	1.07e-20	88.2
SM_b21097	iYL1228.KPN_00840	29.4	228	147	6	37	262	27	242	1.45e-19	85.1
SM_b21097	STM_v1_0.STM0830	29.3	229	148	6	36	262	26	242	1.45e-19	85.1
SM_b21097	iPC815.YPO1351	31.4	229	137	7	40	262	26	240	1.84e-19	84.7
SM_b21103	iLJ478.TM1120	25.3	178	108	7	109	275	101	264	2.09e-04	43.1
SM_b21104	iLJ478.TM1121	30.1	279	188	4	9	285	20	293	7.66e-32	119
SM_b21104	iEK1008.Rv2316	29.2	243	162	2	50	288	50	286	1.28e-27	108
SM_b21105	iEK1008.Rv1237	37.5	264	148	4	31	288	22	274	9.47e-49	162
SM_b21106	iSynCJ816.SGL_RS17635	48.9	372	171	10	1	363	1	362	1.90e-111	329
SM_b21106	iJN1463.PP_1018	47.3	370	183	5	1	363	1	365	1.39e-108	322
SM_b21106	iPC815.YPO3793	47.1	361	181	2	1	360	1	352	4.68e-108	320
SM_b21106	STM_v1_0.STM3554	47.5	364	178	4	1	361	1	354	6.42e-108	320
SM_b21106	iYL1228.KPN_03810	48.9	364	173	5	1	361	1	354	9.09e-108	319
SM_b21106	iPC815.YPO3712	48.6	364	167	5	1	355	1	353	1.96e-107	319
SM_b21106	iML1515.b3450	47.5	364	178	4	1	361	1	354	3.37e-105	313
SM_b21106	iSF_1195.SF4170	47.3	374	177	6	1	363	1	365	7.72e-105	312
SM_b21106	iYS854.USA300HOU_RS01090	46.2	364	189	3	1	360	1	361	9.02e-105	312
SM_b21106	iSbBS512_1146.SbBS512_E3873	47.8	364	177	4	1	361	1	354	9.56e-105	311
SM_b21106	iML1515.b4035	47.3	374	177	6	1	363	1	365	3.10e-104	311
SM_b21106	iSSON_1240.SSON_4213	47.3	374	177	6	1	363	1	365	3.10e-104	311
SM_b21106	STM_v1_0.STM4230	47.3	372	178	6	1	363	1	363	3.32e-103	308
SM_b21106	iYL1228.KPN_04424	46.5	374	178	6	1	363	1	363	5.34e-102	305
SM_b21106	iEK1008.Rv1238	45.7	396	167	8	1	360	1	384	4.57e-101	303
SM_b21107	STM_v1_0.STM3697	34.6	373	232	4	3	368	27	394	1.06e-68	221
SM_b21110	iJN1463.PP_3270	41.5	147	81	2	7	148	537	683	1.20e-23	95.5
SM_b21111	iCHOv1.100766065	54.7	243	108	1	4	244	3	245	1.95e-84	251
SM_b21112	STM_v1_0.STM1101	40.8	211	118	1	67	277	219	422	1.89e-49	168
SM_b21112	iYL1228.KPN_04788	39.3	244	132	3	28	271	10	237	5.02e-51	167
SM_b21112	iSbBS512_1146.SbBS512_E4890	38.6	207	120	1	71	277	223	422	1.85e-43	152
SM_b21112	iSF_1195.SF4384	38.6	207	120	1	71	277	223	422	1.85e-43	152
SM_b21112	iSSON_1240.SSON_4499	38.6	207	120	1	71	277	223	422	1.85e-43	152
SM_b21113	STM_v1_0.STM3697	25.2	393	225	8	30	417	56	384	1.12e-25	107
SM_b21114	iSynCJ816.SGL_RS06585	35.6	385	225	4	43	425	286	649	8.98e-63	214
SM_b21119	iJN1463.PP_3416	53.8	158	67	3	19	172	8	163	9.44e-48	153
SM_b21119	iPC815.YPO3953	47.0	164	81	3	18	176	5	167	3.98e-44	143
SM_b21121	iAF987.Gmet_3289	77.4	381	86	0	6	386	7	387	1.09e-214	593
SM_b21121	iJN1463.PP_4064	72.9	387	105	0	1	387	1	387	9.77e-201	557
SM_b21121	iCN718.ABAYE_RS11570	73.2	385	100	1	6	387	6	390	1.47e-198	552
SM_b21122	iJN1463.PP_4065	70.5	535	158	0	1	535	1	535	1.02e-279	769
SM_b21122	iAF987.Gmet_3290	68.6	535	168	0	1	535	1	535	9.62e-271	747
SM_b21124	iAF987.Gmet_3292	52.5	673	298	8	1	659	1	665	2.02e-218	624
SM_b21124	iCN718.ABAYE_RS11585	49.8	661	317	7	1	654	1	653	2.10e-198	573
SM_b21125	iJN1463.PP_3540	55.1	265	119	0	7	271	5	269	2.07e-98	290
SM_b21125	iMM1415.208982	54.5	275	125	0	7	281	46	320	3.97e-96	286
SM_b21125	iAF987.Gmet_3293	56.6	272	118	0	4	275	2	273	5.37e-96	285
SM_b21125	iMM1415.15356	52.7	275	130	0	7	281	31	305	2.37e-93	278
SM_b21125	iCHOv1.100763147	52.7	275	130	0	7	281	46	320	3.39e-92	276
SM_b21125	iCN718.ABAYE_RS11590	50.4	272	135	0	7	278	3	274	3.97e-91	272
SM_b21126	iAF987.Gmet_3291	46.9	260	137	1	1	259	1	260	1.02e-64	202
SM_b21129	iMM904.YDL178W	37.2	430	250	5	26	439	105	530	1.98e-82	263
SM_b21130	iCN718.ABAYE_RS05140	59.0	283	115	1	1	282	1	283	3.19e-113	333
SM_b21130	iAF987.Gmet_1903	59.9	282	102	2	1	282	1	271	6.51e-113	332
SM_b21130	iJN1463.PP_5168	51.2	346	143	4	1	342	1	324	2.16e-110	325
SM_b21130	iML1515.b2422	57.4	284	117	2	1	282	1	282	1.62e-108	322
SM_b21130	iSDY_1059.SDY_2618	57.4	284	117	2	1	282	1	282	1.62e-108	322
SM_b21130	iSynCJ816.SGL_RS17160	56.8	285	110	5	1	283	1	274	4.71e-108	320
SM_b21130	iPC815.YPO3012	56.0	282	124	0	1	282	1	282	8.64e-108	320
SM_b21130	iSbBS512_1146.SbBS512_E2794	57.0	284	118	2	1	282	1	282	1.31e-107	319
SM_b21130	iSSON_1240.SSON_2511	57.0	284	118	2	1	282	1	282	1.31e-107	319
SM_b21130	iYL1228.KPN_02770	56.7	284	119	2	1	282	1	282	3.59e-107	318
SM_b21130	STM_v1_0.STM2441	56.3	284	120	2	1	282	1	282	5.99e-106	315
SM_b21131	iAF987.Gmet_1904	64.5	265	94	0	18	282	9	273	8.05e-114	329
SM_b21131	iCN718.ABAYE_RS05145	64.8	264	93	0	18	281	19	282	7.97e-113	327
SM_b21131	iJN1463.PP_5169	65.7	254	85	1	31	282	26	279	7.55e-110	319
SM_b21132	iCN718.ABAYE_RS05150	64.0	267	96	0	19	285	7	273	1.33e-120	346
SM_b21132	iAF987.Gmet_1905	63.4	279	97	1	4	282	2	275	9.19e-119	341
SM_b21133	iAF987.Gmet_1906	67.4	316	101	2	27	341	23	337	1.05e-152	432
SM_b21133	iYL1228.KPN_04008	63.1	320	115	3	18	336	9	326	1.31e-139	398
SM_b21133	iJN1463.PP_5171	64.8	318	106	6	25	338	25	340	2.05e-139	398
SM_b21133	iML1515.b3917	64.0	308	108	3	30	336	21	326	2.48e-137	392
SM_b21133	iSDY_1059.SDY_3830	64.0	308	108	3	30	336	21	326	2.48e-137	392
SM_b21133	iSSON_1240.SSON_4086	64.0	308	108	3	30	336	21	326	2.48e-137	392
SM_b21133	iCN718.ABAYE_RS05160	61.3	313	118	3	27	338	19	329	4.33e-137	392
SM_b21133	iSbBS512_1146.SbBS512_E4397	63.6	308	109	3	30	336	21	326	7.07e-137	391
SM_b21133	STM_v1_0.STM4063	62.2	320	118	3	18	336	9	326	1.42e-136	390
SM_b21134	iCN900.CD630_28190	28.6	339	223	4	5	327	6	341	6.76e-46	160
SM_b21135	iCN718.ABAYE_RS11415	29.0	255	174	4	21	273	36	285	1.17e-25	102
SM_b21135	iYO844.BSU27440	27.1	210	146	3	58	267	68	270	3.33e-24	98.2
SM_b21136	iYL1228.KPN_00839	36.7	215	134	1	14	226	4	218	4.21e-38	131
SM_b21136	iSbBS512_1146.SbBS512_E2538	38.1	215	131	1	14	226	4	218	5.93e-38	131
SM_b21136	iML1515.b0810	37.7	215	132	1	14	226	4	218	8.37e-38	130
SM_b21136	iSDY_1059.SDY_0786	37.7	215	132	1	14	226	4	218	8.37e-38	130
SM_b21136	iSF_1195.SF0761	37.7	215	132	1	14	226	4	218	8.37e-38	130
SM_b21136	iSSON_1240.SSON_0790	37.7	215	132	1	14	226	4	218	8.37e-38	130
SM_b21136	STM_v1_0.STM0829	37.7	215	132	1	14	226	4	218	2.35e-37	129
SM_b21136	iPC815.YPO2513	38.5	213	130	1	15	226	5	217	9.04e-37	128
SM_b21137	iYS854.USA300HOU_RS09930	32.5	197	132	1	17	212	282	478	4.98e-32	120
SM_b21137	iCN900.CD630_07510	32.9	225	139	4	1	217	3	223	1.71e-32	117
SM_b21137	iYO844.BSU23970	32.4	216	140	3	1	214	3	214	4.12e-32	115
SM_b21137	iJN1463.PP_0226	36.8	185	117	0	16	200	16	200	9.60e-31	112
SM_b21137	iYO844.BSU27450	31.3	179	123	0	36	214	33	211	2.31e-30	111
SM_b21137	iYO844.BSU03600	32.2	202	135	2	15	214	26	227	4.99e-30	110
SM_b21137	iYS854.USA300HOU_RS13045	32.7	214	129	3	15	213	22	235	7.88e-30	110
SM_b21137	iNF517.LLMG_RS09920	30.2	225	142	3	1	214	1	221	1.20e-29	109
SM_b21137	iPC815.YPO2513	33.5	218	143	2	1	217	1	217	1.33e-29	109
SM_b21138	iYS854.USA300HOU_RS13040	55.3	246	101	2	4	249	1	237	1.55e-88	262
SM_b21138	iJN1463.PP_4483	51.8	249	119	1	5	252	4	252	1.28e-82	247
SM_b21138	iSF_1195.SF0760	51.4	247	110	2	4	250	1	237	1.63e-82	246
SM_b21138	iML1515.b0809	51.4	247	110	2	4	250	1	237	2.32e-82	246
SM_b21138	iSbBS512_1146.SbBS512_E2539	51.4	247	110	2	4	250	1	237	2.32e-82	246
SM_b21138	iSDY_1059.SDY_0787	51.4	247	110	2	4	250	1	237	3.28e-82	246
SM_b21138	iSSON_1240.SSON_0789	51.4	247	110	2	4	250	1	237	4.65e-82	245
SM_b21138	iYO844.BSU23960	51.4	247	110	1	4	250	1	237	6.60e-82	245
SM_b21138	iYL1228.KPN_02696	54.0	252	114	2	3	252	4	255	2.30e-81	244
SM_b21138	STM_v1_0.STM0828	51.4	247	110	2	4	250	1	237	1.33e-81	244
SM_b21138	iCN718.ABAYE_RS06340	53.4	251	113	3	5	252	7	256	6.77e-81	243
SM_b21138	iYL1228.KPN_00838	51.4	247	110	2	4	250	1	237	1.08e-80	242
SM_b21138	iCN900.CD630_21720	51.2	246	113	1	4	249	1	239	2.89e-80	241
SM_b21138	iJN1463.PP_0283	50.6	251	123	1	2	251	5	255	2.14e-79	239
SM_b21138	iPC815.YPO2514	51.4	247	110	2	4	250	1	237	1.00e-78	237
SM_b21138	iCN900.CD630_07520	51.6	246	109	1	4	249	1	236	2.01e-78	236
SM_b21138	iSbBS512_1146.SbBS512_E2684	52.4	252	118	2	3	252	4	255	3.48e-78	236
SM_b21138	iSF_1195.SF2382	52.4	252	118	2	3	252	4	255	3.48e-78	236
SM_b21138	iSSON_1240.SSON_2364	52.4	252	118	2	3	252	4	255	3.48e-78	236
SM_b21138	STM_v1_0.STM2351	52.8	252	117	2	3	252	5	256	5.09e-78	236
SM_b21139	iML1515.b1010	29.5	112	76	2	19	127	17	128	1.80e-10	54.3
SM_b21139	iSDY_1059.SDY_0985	29.5	112	76	2	19	127	17	128	1.80e-10	54.3
SM_b21139	iSF_1195.SF1013	28.6	112	77	2	19	127	17	128	7.42e-09	50.1
SM_b21216	iJN1463.PP_1018	51.0	367	172	3	1	359	1	367	6.11e-119	348
SM_b21217	STM_v1_0.STM3885	26.8	321	192	12	4	308	7	300	1.58e-12	66.6
SM_b21217	iPC815.YPO0008	26.1	318	205	12	4	308	6	306	3.86e-12	65.5
SM_b21217	iML1515.b3752	26.1	322	204	12	4	310	7	309	2.52e-10	60.1
SM_b21217	iSF_1195.SF3835	26.1	322	204	12	4	310	12	314	2.59e-10	60.1
SM_b21217	iSSON_1240.SSON_3922	26.1	322	204	12	4	310	7	309	2.52e-10	60.1
SM_b21219	iEK1008.Rv1237	34.0	262	161	4	24	281	21	274	5.69e-31	116
SM_b21220	iLJ478.TM1121	34.3	274	175	3	11	282	21	291	2.41e-39	139
SM_b21220	iEK1008.Rv2040c	30.8	276	182	5	9	278	8	280	3.88e-36	130
SM_b21220	iEK1008.Rv2316	34.6	266	165	3	7	271	9	266	8.52e-36	129
SM_b21221	iEK1008.Rv2041c	23.0	369	239	12	47	385	55	408	6.15e-14	72.8
SM_b21221	iLJ478.TM1204	22.7	366	250	10	53	408	42	384	2.19e-12	67.8
SM_b21221	iCN900.CD630_34140	26.9	227	149	6	47	265	61	278	6.00e-12	66.6
SM_b21222	iCN900.CD630_21940	23.8	281	202	4	10	284	5	279	3.52e-17	82.4
SM_b21223	iAF987.Gmet_2859	73.2	298	80	0	2	299	4	301	1.49e-163	456
SM_b21223	iYL1228.KPN_03114	68.0	297	95	0	3	299	6	302	5.42e-150	422
SM_b21223	iML1515.b2752	67.6	299	97	0	1	299	4	302	6.29e-149	419
SM_b21223	iSSON_1240.SSON_2900	67.6	299	97	0	1	299	4	302	6.29e-149	419
SM_b21223	iSDY_1059.SDY_2951	67.6	299	97	0	1	299	4	302	8.93e-149	419
SM_b21223	iSF_1195.SF2775	68.0	297	95	0	3	299	6	302	8.93e-149	419
SM_b21223	STM_v1_0.STM2935	68.0	297	95	0	3	299	6	302	2.55e-148	417
SM_b21223	iSbBS512_1146.SbBS512_E3122	67.7	297	96	0	3	299	6	302	2.55e-148	417
SM_b21223	iCN718.ABAYE_RS13935	67.3	297	97	0	3	299	6	302	5.15e-148	417
SM_b21223	iPC815.YPO3366	67.7	297	96	0	3	299	6	302	1.47e-147	416
SM_b21223	iJN1463.PP_1303	64.6	302	103	1	2	299	4	305	3.83e-146	412
SM_b21224	iJN1463.PP_1304	48.1	615	310	4	1	610	1	611	5.65e-199	572
SM_b21224	iEK1008.Rv1286	48.2	597	292	8	23	608	3	593	4.28e-183	531
SM_b21225	iJN1463.PP_0261	45.0	258	120	6	10	257	6	251	5.94e-52	170
SM_b21225	iSbBS512_1146.SbBS512_E4758	44.6	249	121	6	10	255	7	241	1.18e-49	164
SM_b21225	iSDY_1059.SDY_4385	44.6	249	121	6	10	255	7	241	1.18e-49	164
SM_b21225	iSSON_1240.SSON_4399	44.6	249	121	6	10	255	7	241	1.18e-49	164
SM_b21225	iML1515.b4214	44.2	249	122	6	10	255	7	241	1.66e-49	163
SM_b21225	iSF_1195.SF4272	45.2	250	118	7	10	255	7	241	2.35e-49	163
SM_b21226	iCN900.CD630_10690	24.6	244	149	13	28	241	4	242	9.61e-04	39.3
SM_b21227	iSynCJ816.SGL_RS03590	25.6	336	225	10	1	315	5	336	4.39e-19	86.3
SM_b21228	iLJ478.TM0509	27.5	305	202	8	1	293	1	298	2.07e-22	94.7
SM_b21228	iAF692.Mbar_A1144	32.3	251	158	6	1	242	1	248	3.16e-21	91.3
SM_b21230	iEK1008.Rv3032	29.4	214	144	5	152	360	181	392	1.27e-11	65.1
SM_b21231	iEK1008.Rv3032	29.4	194	126	5	181	368	190	378	2.63e-13	70.5
SM_b21232	iJN1463.PP_1805	33.6	658	377	18	35	662	48	675	1.52e-81	272
SM_b21232	iCN718.ABAYE_RS18875	33.3	576	335	17	70	634	54	591	1.02e-80	268
SM_b21235	iAF987.Gmet_3339	29.4	279	190	3	1	277	4	277	2.28e-34	127
SM_b21235	iJN1463.PP_0067	31.9	279	181	4	1	276	1	273	1.74e-31	119
SM_b21235	STM_v1_0.STM3407	29.4	279	192	3	1	277	5	280	3.73e-31	118
SM_b21237	iMM1415.56773	28.8	170	107	6	149	306	191	358	1.11e-06	49.3
SM_b21242	iEK1008.Rv0486	28.3	223	146	6	145	362	233	446	2.17e-11	64.7
SM_b21243	iMM1415.628779	32.6	224	131	5	25	228	176	399	3.57e-19	87.0
SM_b21243	iMM1415.328779	35.7	182	103	4	38	210	94	270	8.49e-17	79.3
SM_b21246	iML1515.b2047	36.4	184	103	5	23	194	273	454	6.70e-19	84.3
SM_b21247	iYS854.USA300HOU_RS02975	26.5	196	115	6	10	189	6	188	3.76e-09	54.7
SM_b21248	iAF987.Gmet_0886	35.9	382	234	7	5	383	11	384	2.69e-63	207
SM_b21249	iMM1415.54200	25.3	257	148	9	19	253	86	320	4.36e-12	65.5
SM_b21249	iCHOv1.100774216	28.3	205	129	6	19	214	13	208	6.85e-12	63.5
SM_b21250	iYS854.USA300HOU_RS02960	25.6	172	128	0	229	400	314	485	3.00e-20	92.4
SM_b21250	iYS854.USA300HOU_RS05150	26.7	210	152	2	193	400	278	487	9.83e-20	90.9
SM_b21250	iYS854.USA300HOU_RS02965	26.5	185	135	1	217	401	307	490	3.30e-18	86.3
SM_b21251	iML1515.b0808	36.0	222	138	2	484	703	503	722	1.25e-28	122
SM_b21252	iAF692.Mbar_A1731	31.7	120	79	2	220	338	229	346	6.61e-11	62.8
SM_b21252	iLB1027_lipid.PHATRDRAFT_50356	28.9	121	82	2	218	338	304	420	2.09e-10	61.6
SM_b21252	iEK1008.Rv2188c	26.2	214	142	5	157	354	162	375	3.85e-10	60.5
SM_b21252	iSynCJ816.SGL_RS12975	36.0	89	54	1	218	306	260	345	5.44e-09	57.0
SM_b21252	iEK1008.Rv0486	25.1	207	145	3	126	323	201	406	8.21e-09	56.6
SM_b21256	iLJ478.TM0583	49.1	426	207	5	41	463	2	420	3.23e-133	391
SM_b21256	iHN637.CLJU_RS16810	45.5	426	222	5	39	462	6	423	1.13e-126	375
SM_b21258	iEK1008.Rv1318c	35.6	73	43	1	3	71	461	533	1.72e-04	39.3
SM_b21258	iEK1008.Rv1320c	35.1	74	42	2	3	71	461	533	5.96e-04	37.7
SM_b21260	iYL1228.KPN_00862	45.5	628	317	12	2	624	7	614	2.88e-156	462
SM_b21260	STM_v1_0.STM0848	46.4	582	282	8	6	575	11	574	5.24e-152	452
SM_b21260	iSDY_1059.SDY_0758	46.5	576	290	9	7	576	1	564	4.70e-150	446
SM_b21260	iML1515.b0829	46.1	577	293	9	6	576	11	575	3.72e-149	444
SM_b21260	iSSON_1240.SSON_0811	46.2	576	292	9	7	576	1	564	3.74e-149	444
SM_b21260	iSbBS512_1146.SbBS512_E2519	46.1	577	293	9	6	576	11	575	7.42e-149	444
SM_b21260	iSF_1195.SF0779	46.0	576	293	9	7	576	1	564	3.74e-146	436
SM_b21260	iEK1008.Rv1281c	42.4	630	281	11	7	576	4	611	1.04e-139	420
SM_b21261	iLJ478.TM1067	30.3	611	406	11	30	630	55	655	1.11e-82	273
SM_b21261	iLJ478.TM0056	32.7	600	366	17	30	607	53	636	4.87e-81	268
SM_b21262	iLJ478.TM1066	52.6	327	155	0	1	327	1	327	2.04e-111	326
SM_b21262	iLJ478.TM0060	49.7	328	164	1	1	327	1	328	1.96e-109	321
SM_b21263	iLJ478.TM1065	60.2	352	139	1	11	362	14	364	9.21e-162	457
SM_b21263	iLJ478.TM0059	58.1	353	147	1	11	363	10	361	5.45e-150	427
SM_b21264	iSynCJ816.SGL_RS06335	36.8	348	206	5	9	346	40	383	1.71e-65	214
SM_b21265	iEK1008.Rv0486	29.8	188	114	4	194	374	231	407	4.83e-10	60.8
SM_b21269	STM_v1_0.STM2774	25.0	188	132	3	86	269	269	451	2.73e-12	70.1
SM_b21269	iSDY_1059.SDY_1025	24.3	189	133	4	86	269	269	452	2.17e-10	63.9
SM_b21270	iEK1008.Rv0073	30.3	76	52	1	32	106	227	302	3.39e-04	39.3
SM_b21270	iEK1008.Rv2564	30.3	76	52	1	32	106	227	302	8.42e-04	38.1
SM_b21272	iCN900.CD630_03000	26.7	161	104	3	62	208	40	200	6.97e-08	53.1
SM_b21273	iML1515.b1123	29.7	327	202	14	5	314	8	323	2.26e-14	72.8
SM_b21273	iSDY_1059.SDY_2029	29.7	327	202	14	5	314	8	323	2.26e-14	72.8
SM_b21273	iSF_1195.SF1125	29.7	327	202	14	5	314	8	323	2.26e-14	72.8
SM_b21273	iSSON_1240.SSON_1141	29.7	327	202	14	5	314	8	323	4.10e-14	72.0
SM_b21273	iSbBS512_1146.SbBS512_E2202	29.4	327	203	14	5	314	8	323	3.30e-13	69.3
SM_b21273	iYL1228.KPN_01129	25.9	348	221	14	5	339	8	331	4.71e-12	65.9
SM_b21274	iCN900.CD630_10250	32.3	251	163	3	35	281	7	254	2.74e-36	130
SM_b21274	iJN1463.PP_3815	33.6	247	161	3	37	282	41	285	1.39e-35	129
SM_b21274	iPC815.YPO1333	35.3	215	139	0	70	284	90	304	2.11e-33	124
SM_b21274	iHN637.CLJU_RS10675	30.6	252	167	3	38	282	19	269	2.94e-33	123
SM_b21275	iJN1463.PP_3816	32.9	237	157	2	14	249	23	258	1.22e-34	125
SM_b21275	iJN1463.PP_0414	33.7	246	161	2	13	257	23	267	2.23e-32	119
SM_b21277	STM_v1_0.STM0051	32.4	293	181	6	5	289	9	292	3.79e-32	120
SM_b21277	iSF_1195.SF0027	32.4	275	172	5	3	272	5	270	7.39e-30	114
SM_b21277	iML1515.b0651	29.8	275	186	5	3	272	5	277	1.18e-29	114
SM_b21277	STM_v1_0.STM0661	30.0	273	184	5	5	272	7	277	1.18e-29	114
SM_b21277	iSF_1195.SF0630	29.8	275	186	5	3	272	5	277	1.18e-29	114
SM_b21277	iSbBS512_1146.SbBS512_E0598	29.8	275	186	5	3	272	5	277	1.64e-29	114
SM_b21277	iYL1228.KPN_00025	31.1	293	187	6	5	291	7	290	2.77e-29	113
SM_b21277	iML1515.b0030	32.0	275	173	5	3	272	5	270	3.86e-29	112
SM_b21277	iSbBS512_1146.SbBS512_E0034	32.0	275	173	5	3	272	5	270	3.86e-29	112
SM_b21277	iSSON_1240.SSON_0605	29.5	275	187	5	3	272	5	277	4.40e-29	112
SM_b21277	iSDY_1059.SDY_0052	32.0	275	173	5	3	272	5	270	7.47e-29	112
SM_b21277	iML1515.b2162	28.7	272	187	4	5	272	8	276	1.23e-28	111
SM_b21277	iSSON_1240.SSON_0035	32.0	275	173	5	3	272	5	270	1.04e-28	111
SM_b21277	iSSON_1240.SSON_2218	28.3	272	188	4	5	272	8	276	2.37e-28	110
SM_b21277	iYL1228.KPN_01912	29.8	275	186	5	3	272	5	277	3.18e-28	110
SM_b21277	iSF_1195.SF2247	28.3	272	188	4	5	272	8	276	6.36e-28	109
SM_b21278	iYL1228.KPN_02554	52.9	580	267	3	12	586	4	582	1.90e-202	578
SM_b21279	iSynCJ816.SGL_RS17805	37.5	376	229	4	14	385	27	400	6.28e-75	238
SM_b21279	iSynCJ816.SGL_RS15740	36.7	368	222	7	14	375	14	376	5.52e-66	214
SM_b21281	iJN1463.PP_4653	62.0	429	162	1	28	455	1	429	7.19e-177	501
SM_b21283	iCN718.ABAYE_RS01175	47.5	320	162	4	17	335	20	334	1.96e-113	332
SM_b21284	iYL1228.KPN_01787	60.2	304	113	4	3	300	8	309	2.55e-133	387
SM_b21284	iJN1463.PP_4286	61.1	301	113	3	3	300	5	304	6.76e-133	385
SM_b21285	iJN1463.PP_4285	56.0	116	50	1	9	123	2	117	7.60e-44	139
SM_b21286	iJN1463.PP_4278	44.6	475	254	4	9	478	2	472	1.55e-134	397
SM_b21286	iCN718.ABAYE_RS06010	45.6	467	237	5	22	476	19	480	1.35e-125	375
SM_b21287	iJN1463.PP_4279	55.7	756	333	2	19	774	30	783	2.78e-284	801
SM_b21287	iCN718.ABAYE_RS06015	52.2	759	348	9	20	768	22	775	4.83e-260	739
SM_b21290	iJN1463.PP_0072	36.2	334	193	7	2	326	3	325	5.90e-47	160
SM_b21293	iJN1463.PP_4281	52.5	421	200	0	7	427	9	429	1.87e-155	447
SM_b21293	iCN718.ABAYE_RS19255	48.9	425	212	2	5	426	9	431	5.34e-144	418
SM_b21297	iML1515.b2519	42.0	569	314	7	17	580	2	559	3.17e-125	390
SM_b21297	iSbBS512_1146.SbBS512_E2894	42.1	568	313	7	18	580	3	559	6.26e-125	389
SM_b21297	iSSON_1240.SSON_2601	41.8	569	315	7	17	580	2	559	1.24e-124	389
SM_b21297	iYL1228.KPN_02849	43.2	570	292	9	23	580	10	559	7.50e-124	387
SM_b21297	iJN1463.PP_0572	43.3	575	299	9	17	580	7	565	7.44e-123	384
SM_b21297	STM_v1_0.STM2531	42.6	552	296	8	39	580	19	559	1.05e-122	384
SM_b21300	iCHOv1.100750675	60.5	311	121	1	25	333	7	317	2.38e-128	369
SM_b21301	iYO844.BSU19310	45.0	469	244	4	36	490	23	491	5.52e-120	370
SM_b21301	iMM1415.11669	43.9	467	247	4	36	487	42	508	8.63e-111	347
SM_b21301	iMM1415.72535	43.6	468	247	5	36	487	42	508	4.72e-110	345
SM_b21301	iCHOv1.100765516	43.0	467	251	4	36	487	42	508	3.62e-109	343
SM_b21301	iCHOv1.100768367	41.0	503	281	5	1	487	15	517	1.07e-106	337
SM_b21301	iMM1415.19378	42.6	467	253	4	36	487	41	507	1.12e-106	336
SM_b21304	iSynCJ816.SGL_RS17085	25.6	234	142	10	46	258	46	268	5.34e-04	40.8
SM_b21143	iYS854.USA300HOU_RS03105	32.8	467	268	11	19	468	2	439	3.84e-73	237
SM_b21143	iJN1463.PP_3819	32.6	448	294	6	21	466	5	446	1.42e-72	236
SM_b21143	iAF987.Gmet_0177	30.4	444	303	3	22	461	7	448	1.24e-71	234
SM_b21143	iYO844.BSU24060	30.1	465	302	9	17	463	1	460	2.11e-70	231
SM_b21143	iYO844.BSU14610	31.2	445	300	5	22	462	11	453	5.27e-70	229
SM_b21143	iYS854.USA300HOU_RS05470	30.6	444	303	4	22	462	11	452	6.09e-67	221
SM_b21143	iEK1008.Rv0462	30.3	458	309	5	20	470	3	457	3.17e-65	217
SM_b21143	iAF987.Gmet_1896	30.3	452	299	6	19	463	2	444	4.65e-65	216
SM_b21143	iYO844.BSU08090	30.9	447	294	7	25	463	5	444	2.07e-64	214
SM_b21143	iYS854.USA300HOU_RS08115	29.1	460	307	7	19	463	4	459	8.15e-64	213
SM_b21144	STM_v1_0.STM2165	57.6	283	120	0	23	305	23	305	7.30e-112	325
SM_b21144	iSSON_1240.SSON_2188	57.6	283	120	0	23	305	23	305	2.95e-111	324
SM_b21144	iYL1228.KPN_02567	57.0	277	119	0	29	305	29	305	2.40e-110	322
SM_b21144	iML1515.b2131	56.9	283	122	0	23	305	23	305	6.84e-110	320
SM_b21144	iSF_1195.SF2216	56.2	283	124	0	23	305	23	305	9.07e-108	315
SM_b21145	iSSON_1240.SSON_2187	37.5	381	233	3	18	394	5	384	1.15e-69	224
SM_b21145	iML1515.b2130	36.6	388	231	3	16	394	3	384	1.62e-69	223
SM_b21145	iSbBS512_1146.SbBS512_E0843	37.5	381	233	3	18	394	5	384	1.27e-68	221
SM_b21145	iSF_1195.SF2215	37.0	381	235	3	18	394	5	384	1.39e-67	218
SM_b21145	iYL1228.KPN_02566	39.7	375	214	5	18	388	8	374	3.87e-67	217
SM_b21145	STM_v1_0.STM2164	38.0	379	217	5	17	388	11	378	8.55e-67	216
SM_b21146	iSbBS512_1146.SbBS512_E0844	50.8	309	150	2	1	308	1	308	1.47e-96	287
SM_b21146	iSSON_1240.SSON_2186	50.8	309	150	2	1	308	1	308	1.47e-96	287
SM_b21146	iML1515.b2129	50.5	309	151	2	1	308	1	308	1.19e-95	285
SM_b21146	STM_v1_0.STM2163	49.8	313	155	2	1	312	1	312	1.49e-95	285
SM_b21146	iSF_1195.SF2214	50.5	309	151	2	1	308	1	308	1.19e-95	285
SM_b21146	iYL1228.KPN_02565	51.3	300	144	2	1	299	1	299	4.86e-94	281
SM_b21146	iPC815.YPO1198	51.3	298	144	1	1	297	1	298	1.78e-93	279
SM_b21147	iYL1228.KPN_02564	47.6	225	118	0	13	237	12	236	3.34e-57	182
SM_b21147	STM_v1_0.STM2162	48.3	211	109	0	27	237	26	236	7.14e-56	178
SM_b21147	iSF_1195.SF2213	49.1	226	112	2	7	232	8	230	1.82e-53	172
SM_b21147	iSbBS512_1146.SbBS512_E0845	48.2	226	114	2	7	232	8	230	2.91e-52	169
SM_b21147	iSSON_1240.SSON_2185	48.2	226	114	2	7	232	8	230	2.91e-52	169
SM_b21147	iML1515.b2128	47.8	226	115	2	7	232	8	230	8.21e-52	168
SM_b21148	iAF692.Mbar_A1138	24.3	305	168	10	1	299	2	249	1.69e-11	64.3
SM_b21149	iYO844.BSU34150	29.4	286	184	5	17	285	127	411	1.91e-34	129
SM_b21149	iEK1008.Rv2316	33.0	273	173	5	4	274	6	270	2.40e-35	128
SM_b21149	iLJ478.TM1121	30.8	279	188	4	12	287	21	297	6.43e-34	125
SM_b21149	iYS854.USA300HOU_RS01100	28.7	296	187	6	10	285	122	413	5.11e-31	119
SM_b21149	iEK1008.Rv2040c	28.5	277	192	3	22	294	23	297	9.32e-32	119
SM_b21149	STM_v1_0.STM4228	30.8	253	156	5	50	285	259	509	1.20e-29	117
SM_b21149	iYO844.BSU34600	29.2	298	183	9	10	281	128	423	1.10e-29	116
SM_b21150	iEK1008.Rv1237	32.0	259	170	4	28	284	19	273	3.21e-31	117
SM_b21150	iYS854.USA300HOU_RS01105	31.3	281	188	4	6	284	1	278	6.99e-31	116
SM_b21150	iEK1008.Rv2834c	28.9	270	181	6	19	284	12	274	3.65e-28	108
SM_b21150	iLJ478.TM1202	33.9	218	137	4	74	285	607	823	7.54e-26	106
SM_b21150	iYO844.BSU34140	33.5	239	141	4	56	284	52	282	8.48e-27	105
SM_b21151	iLJ478.TM1204	27.4	376	247	13	35	401	24	382	3.72e-19	88.2
SM_b21151	iLJ478.TM1839	25.5	388	263	12	23	401	13	383	2.60e-16	79.7
SM_b21152	iPC815.YPO3712	51.1	362	175	2	1	360	1	362	2.27e-122	357
SM_b21152	STM_v1_0.STM4230	51.9	362	172	2	1	360	1	362	1.30e-121	355
SM_b21152	iSF_1195.SF4170	51.6	364	172	2	1	360	1	364	1.59e-120	353
SM_b21152	iML1515.b4035	51.4	364	173	2	1	360	1	364	9.06e-120	351
SM_b21152	iYL1228.KPN_04424	51.7	362	173	2	1	360	1	362	8.48e-120	351
SM_b21152	iSSON_1240.SSON_4213	51.4	364	173	2	1	360	1	364	9.06e-120	351
SM_b21153	iJN1463.PP_4846	27.6	116	78	2	48	160	48	160	1.01e-04	40.4
SM_b21153	iML1515.b1448	24.8	113	85	0	48	160	46	158	1.39e-04	40.0
SM_b21159	iAF987.Gmet_1531	33.8	231	147	5	5	232	8	235	2.85e-29	110
SM_b21159	iAF987.Gmet_1601	38.2	241	142	5	5	241	7	244	2.96e-27	105
SM_b21159	iEK1008.Rv1350	33.1	239	152	5	6	240	10	244	8.59e-26	101
SM_b21160	iMM1415.15212	26.1	448	277	12	192	625	93	500	4.71e-41	156
SM_b21160	iMM1415.15211	27.2	412	250	10	218	619	114	485	3.15e-37	145
SM_b21160	iCHOv1.100750552	27.3	410	252	9	218	619	114	485	7.86e-37	144
SM_b21162	iYL1228.KPN_02601	27.6	145	100	3	18	160	21	162	5.35e-04	41.6
SM_b21163	iCN718.ABAYE_RS00930	80.2	545	108	0	10	554	12	556	0.0	915
SM_b21163	iYL1228.KPN_00795	77.1	554	127	0	1	554	1	554	0.0	902
SM_b21163	iJN1463.PP_5033	77.9	547	121	0	10	556	11	557	0.0	899
SM_b21164	iJN1463.PP_5029	41.0	256	144	4	3	257	4	253	2.94e-62	196
SM_b21165	iJN1463.PP_5032	53.1	507	234	4	5	509	6	510	1.61e-161	468
SM_b21165	STM_v1_0.STM0791	54.6	498	222	4	2	497	3	498	3.23e-160	464
SM_b21165	iCN718.ABAYE_RS00935	51.9	513	243	4	1	511	1	511	2.07e-157	457
SM_b21165	iYL1228.KPN_00796	53.7	499	226	5	2	497	3	499	5.14e-157	456
SM_b21166	iCN718.ABAYE_RS00945	51.4	401	191	2	70	470	4	400	9.22e-131	384
SM_b21166	iJN1463.PP_5030	54.5	387	172	2	69	455	3	385	5.98e-129	379
SM_b21166	iYL1228.KPN_00792	50.2	402	188	4	70	467	10	403	1.40e-117	350
SM_b21168	STM_v1_0.STM1522	27.0	374	260	3	4	374	14	377	1.68e-32	125
SM_b21168	iJN1463.PP_2647	29.7	360	243	4	5	362	26	377	1.01e-31	124
SM_b21168	iML1515.b1528	26.5	378	257	5	4	374	14	377	3.04e-31	122
SM_b21168	iSbBS512_1146.SbBS512_E1677	26.5	378	257	5	4	374	14	377	3.04e-31	122
SM_b21168	iSSON_1240.SSON_1600	26.5	378	257	5	4	374	14	377	3.04e-31	122
SM_b21168	iSF_1195.SF1566	26.9	357	240	5	4	353	14	356	2.32e-30	119
SM_b21168	iYL1228.KPN_01628	26.9	368	256	3	4	368	14	371	1.07e-29	118
SM_b21170	iJN1463.PP_4469	42.9	184	101	3	4	184	8	190	3.39e-38	130
SM_b21171	iML1515.b4095	46.3	376	199	2	6	378	2	377	1.87e-108	322
SM_b21174	iNF517.LLMG_RS01630	36.1	219	138	2	283	500	52	269	7.34e-33	125
SM_b21174	iNF517.LLMG_RS01635	39.9	193	112	3	309	500	77	266	2.29e-30	119
SM_b21174	iJN1463.PP_0826	36.0	203	117	2	310	500	73	274	6.27e-29	115
SM_b21175	iNF517.LLMG_RS01635	34.7	193	125	1	118	310	75	266	1.76e-30	115
SM_b21175	iNF517.LLMG_RS01630	31.2	199	137	0	112	310	71	269	2.61e-28	110
SM_b21176	iML1515.b4105	31.5	267	151	7	8	264	13	257	7.88e-25	101
SM_b21177	iML1515.b4106	45.9	255	131	4	1	249	4	257	2.98e-60	191
SM_b21177	iNF517.LLMG_RS01625	41.6	245	142	1	1	244	1	245	1.04e-59	189
SM_b21179	iJN1463.PP_2246	42.5	374	214	1	18	390	3	376	4.20e-91	278
SM_b21181	iJN1463.PP_0158	72.9	395	105	1	1	395	1	393	1.75e-209	580
SM_b21181	iCN718.ABAYE_RS15425	72.8	394	104	1	4	394	11	404	1.88e-207	575
SM_b21182	iML1515.b2371	35.9	387	232	6	2	386	7	379	4.87e-76	240
SM_b21183	iCHOv1.100754792	33.6	687	377	12	5	623	361	1036	2.56e-116	372
SM_b21184	iYO844.BSU29470	37.6	404	229	7	1	390	1	395	4.48e-80	251
SM_b21184	iAF692.Mbar_A1820	40.1	401	218	10	4	389	3	396	1.43e-78	247
SM_b21184	iLJ478.TM0274	40.0	402	219	9	4	389	3	398	1.25e-78	247
SM_b21184	iYL1228.KPN_03222	41.3	397	222	7	4	392	5	398	1.01e-77	245
SM_b21184	iCN900.CD630_11750	37.1	410	221	7	4	390	3	398	3.37e-77	243
SM_b21184	iNF517.LLMG_RS11485	39.6	402	220	10	1	388	1	393	3.09e-77	243
SM_b21184	iYS854.USA300HOU_RS09075	38.0	405	218	8	2	386	3	394	6.16e-75	238
SM_b21184	STM_v1_0.STM2057	38.6	391	231	6	4	388	5	392	3.00e-73	233
SM_b21184	iHN637.CLJU_RS06265	35.7	403	232	9	4	389	3	395	2.19e-71	228
SM_b21184	iYL1228.KPN_02293	41.5	393	203	12	4	382	7	386	1.91e-70	226
SM_b21185	iYL1228.KPN_00256	59.6	460	185	1	30	489	23	481	1.98e-200	565
SM_b21185	STM_v1_0.STM2791	59.8	458	183	1	32	489	25	481	1.31e-198	560
SM_b21185	iSSON_1240.SSON_2805	59.4	458	185	1	32	489	25	481	1.31e-198	560
SM_b21185	iML1515.b2661	59.4	458	185	1	32	489	25	481	2.64e-198	559
SM_b21185	iAF987.Gmet_3395	57.4	460	195	1	32	491	26	484	1.32e-196	555
SM_b21185	iJN1463.PP_0213	58.9	457	185	2	32	488	25	478	1.08e-194	550
SM_b21185	iCN718.ABAYE_RS14730	55.4	453	201	1	37	489	31	482	1.62e-182	519
SM_b21186	iYL1228.KPN_03825	64.9	410	144	0	4	413	6	415	3.21e-188	528
SM_b21186	iML1515.b1302	61.1	411	160	0	7	417	9	419	4.17e-179	505
SM_b21186	iSbBS512_1146.SbBS512_E1538	60.8	411	161	0	7	417	9	419	9.70e-178	502
SM_b21186	iSF_1195.SF1307	60.3	411	163	0	7	417	9	419	1.12e-176	499
SM_b21186	iCN718.ABAYE_RS01565	59.3	413	160	2	3	414	7	412	6.87e-168	477
SM_b21188	iYS854.USA300HOU_RS13930	28.5	368	201	19	9	341	21	361	3.41e-17	82.8
SM_b21188	STM_v1_0.STM2232	30.4	299	172	13	9	292	10	287	6.27e-16	79.0
SM_b21189	iYO844.BSU35550	30.8	224	142	7	4	222	6	221	4.76e-18	82.4
SM_b21189	iSbBS512_1146.SbBS512_E4050	25.8	209	154	1	4	211	6	214	4.09e-15	75.1
SM_b21189	iSSON_1240.SSON_3782	25.8	209	154	1	4	211	6	214	4.09e-15	75.1
SM_b21190	iSbBS512_1146.SbBS512_E4050	32.5	117	72	3	32	146	6	117	2.07e-09	57.8
SM_b21190	iSSON_1240.SSON_3782	32.5	117	72	3	32	146	6	117	2.07e-09	57.8
SM_b21191	iPC815.YPO1395	30.8	506	327	7	86	578	70	565	5.55e-66	225
SM_b21191	iYL1228.KPN_00941	29.7	543	355	9	42	569	26	556	1.07e-65	224
SM_b21191	STM_v1_0.STM0984	30.5	511	330	8	72	567	54	554	1.49e-65	224
SM_b21191	iML1515.b0914	29.7	511	334	8	72	567	54	554	5.60e-64	220
SM_b21191	iSbBS512_1146.SbBS512_E2410	29.7	511	334	8	72	567	54	554	5.60e-64	220
SM_b21191	iSDY_1059.SDY_2344	29.7	511	334	8	72	567	54	554	5.60e-64	220
SM_b21191	iSF_1195.SF0910	29.7	511	334	8	72	567	54	554	5.60e-64	220
SM_b21191	iSSON_1240.SSON_0916	29.7	511	334	8	72	567	54	554	7.78e-64	219
SM_b21192	iSynCJ816.SGL_RS13385	66.4	345	116	0	1	345	1	345	9.30e-163	458
SM_b21192	iJN1463.PP_4960	62.2	344	130	0	1	344	1	344	9.96e-147	417
SM_b21196	iSF_1195.SF1244	37.8	532	307	10	5	520	6	529	1.61e-113	347
SM_b21196	iSSON_1240.SSON_1937	37.4	532	309	10	5	520	6	529	1.41e-111	342
SM_b21196	iML1515.b1243	37.4	532	309	10	5	520	6	529	3.95e-111	340
SM_b21196	iSDY_1059.SDY_1301	37.4	532	309	10	5	520	6	529	5.57e-111	340
SM_b21196	iSbBS512_1146.SbBS512_E1412	37.2	532	310	10	5	520	6	529	1.56e-110	339
SM_b21196	STM_v1_0.STM1679	39.3	486	287	7	37	520	44	523	5.20e-110	337
SM_b21196	iML1515.b1329	38.7	486	290	7	37	520	44	523	1.15e-108	334
SM_b21196	iSbBS512_1146.SbBS512_E1569	38.7	486	290	7	37	520	44	523	1.15e-108	334
SM_b21196	iSF_1195.SF1841	38.5	486	291	7	37	520	51	530	1.98e-108	333
SM_b21196	iSSON_1240.SSON_1804	38.7	486	290	7	37	520	51	530	1.98e-108	333
SM_b21196	iSDY_1059.SDY_1409	38.7	486	290	7	37	520	51	530	1.55e-107	331
SM_b21196	iYL1228.KPN_01310	38.1	486	293	7	37	520	45	524	5.72e-106	327
SM_b21196	iYL1228.KPN_02197	37.2	500	295	10	30	520	41	530	5.87e-104	322
SM_b21197	iYL1228.KPN_02196	52.6	306	145	0	1	306	1	306	1.53e-109	320
SM_b21197	iML1515.b1244	51.0	306	150	0	1	306	1	306	4.08e-107	313
SM_b21197	iSF_1195.SF1245	51.0	306	150	0	1	306	1	306	4.08e-107	313
SM_b21197	iSbBS512_1146.SbBS512_E1413	50.7	306	151	0	1	306	1	306	5.78e-107	313
SM_b21197	iSDY_1059.SDY_1302	50.7	306	151	0	1	306	1	306	1.65e-106	312
SM_b21197	iSSON_1240.SSON_1936	50.7	306	151	0	1	306	1	306	1.65e-106	312
SM_b21197	STM_v1_0.STM1745	50.7	306	151	0	1	306	1	306	6.65e-106	310
SM_b21198	iML1515.b1245	44.5	364	122	2	13	376	19	302	7.49e-91	275
SM_b21198	iSSON_1240.SSON_1935	44.5	364	122	2	13	376	19	302	7.49e-91	275
SM_b21198	iSDY_1059.SDY_1303	44.5	364	122	2	13	376	19	302	1.06e-90	274
SM_b21198	iSF_1195.SF1246	44.5	364	122	2	13	376	19	302	1.06e-90	274
SM_b21198	iSbBS512_1146.SbBS512_E1414	44.5	364	122	2	13	376	19	302	3.00e-90	273
SM_b21198	iYL1228.KPN_02195	44.8	364	121	3	13	376	19	302	4.25e-90	273
SM_b21198	STM_v1_0.STM1744	43.4	364	126	3	13	376	19	302	2.49e-86	263
SM_b21199	iJN1463.PP_4150	56.7	531	222	4	5	531	3	529	3.27e-203	575
SM_b21200	iAF987.Gmet_1919	31.1	225	132	5	6	207	5	229	1.25e-17	83.6
SM_b21200	iAF987.Gmet_1914	34.4	128	84	0	5	132	3	130	1.46e-16	81.3
SM_b21200	iAF987.Gmet_3476	38.1	139	82	3	5	140	11	148	5.62e-16	79.3
SM_b21204	iJN1463.PP_2667	26.9	216	144	8	150	357	42	251	6.01e-04	40.8
SM_b21206	iEK1008.Rv2936	36.7	226	141	2	14	237	8	233	3.25e-41	151
SM_b21206	iCN900.CD630_16140	35.6	222	142	1	346	566	36	257	1.12e-40	148
SM_b21207	iAF987.Gmet_1548	26.4	110	70	2	212	321	238	336	4.59e-06	47.8
SM_b21210	iAF987.Gmet_1914	28.3	106	76	0	2	107	3	108	1.55e-13	68.6
SM_b21210	iAF987.Gmet_0069	35.7	126	63	3	3	117	5	123	3.42e-13	67.0
SM_b21211	iYL1228.KPN_03904	29.2	487	273	20	89	532	74	531	4.59e-37	144
SM_b21211	iML1515.b3546	33.2	301	173	12	246	532	250	536	4.43e-36	142
SM_b21211	iSbBS512_1146.SbBS512_E3983	33.2	301	173	12	246	532	250	536	4.43e-36	142
SM_b21211	iSF_1195.SF3580	33.2	301	173	12	246	532	261	547	4.93e-36	142
SM_b21211	iSSON_1240.SSON_3844	33.2	301	173	12	246	532	261	547	4.93e-36	142
SM_b21211	STM_v1_0.STM3635	31.8	308	178	12	241	532	245	536	1.87e-33	134
SM_b21213	iLB1027_lipid.PHATRDRAFT_47351	27.7	166	100	4	2	152	109	269	2.12e-13	67.8
SM_b21214	iML1515.b2293	42.7	178	91	3	33	202	7	181	4.07e-41	139
SM_b21215	iML1515.b3544	25.8	462	292	14	103	521	73	526	1.96e-31	127
SM_b21215	iSDY_1059.SDY_4567	25.8	462	292	14	103	521	73	526	1.96e-31	127
SM_b21215	iSF_1195.SF3579	25.8	462	292	14	103	521	73	526	1.96e-31	127
SM_b21215	iSSON_1240.SSON_3846	25.8	462	292	14	103	521	73	526	3.59e-31	126
SM_b21215	iYL1228.KPN_03899	25.1	462	295	12	103	521	64	517	4.49e-31	126
SM_b21215	STM_v1_0.STM3630	24.2	462	299	13	103	521	73	526	1.79e-29	121
SM_b21215	iPC815.YPO4003	25.2	461	296	15	103	521	73	526	3.26e-29	120
SM_b21308	iYO844.BSU35590	28.6	182	107	7	244	421	224	386	7.31e-08	53.9
SM_b21308	iEK1008.Rv2188c	25.4	260	153	10	151	387	104	345	6.96e-07	50.8
SM_b21311	iEK1008.Rv3032	25.7	412	245	15	3	394	1	371	1.86e-14	74.3
SM_b21312	iYS854.USA300HOU_RS07520	29.8	121	66	4	67	187	46	147	1.20e-07	51.2
SM_b21312	iSynCJ816.SGL_RS15350	28.4	169	102	4	73	240	74	224	3.89e-07	50.1
SM_b21313	iEK1008.Rv3265c	27.5	153	98	5	553	696	89	237	2.45e-04	43.5
SM_b21316	STM_v1_0.STM2774	29.5	457	295	15	134	575	748	1192	1.82e-38	151
SM_b21316	iYL1228.KPN_00941	31.6	294	179	4	298	574	278	566	3.49e-37	145
SM_b21316	iPC815.YPO1395	31.5	295	178	5	298	574	278	566	3.49e-37	145
SM_b21316	iMM1415.18670	37.0	238	133	6	348	575	1028	1258	3.52e-36	144
SM_b21316	iML1515.b0914	31.2	295	179	5	298	574	278	566	7.28e-36	141
SM_b21316	STM_v1_0.STM0984	34.9	232	148	2	346	575	337	567	7.28e-36	141
SM_b21316	iSbBS512_1146.SbBS512_E2410	31.2	295	179	5	298	574	278	566	7.28e-36	141
SM_b21316	iSDY_1059.SDY_2344	31.2	295	179	5	298	574	278	566	7.28e-36	141
SM_b21316	iEK1008.Rv1349	32.0	309	196	5	274	574	253	555	9.59e-36	141
SM_b21316	iSF_1195.SF0910	31.6	291	175	5	302	574	282	566	9.86e-36	141
SM_b21316	iSSON_1240.SSON_0916	31.6	291	175	5	302	574	282	566	1.33e-35	140
SM_b21316	iCHOv1.100682535	35.3	238	137	6	348	575	1033	1263	1.53e-34	139
SM_b21316	iJN1463.PP_4935	35.0	237	151	2	341	575	345	580	3.91e-35	139
SM_b21318	iEK1008.Rv2188c	25.0	308	196	9	112	410	104	385	1.97e-06	49.3
SM_b21318	iEK1008.Rv2610c	28.7	230	120	10	170	387	154	351	1.86e-05	46.2
SM_b21320	iSynCJ816.SGL_RS12975	34.4	96	54	1	756	851	291	377	1.07e-05	48.5
SM_b21320	iEK1008.Rv3032	24.8	315	199	12	560	857	84	377	1.88e-05	47.8
SM_b21320	STM_v1_0.STM3714	25.5	192	125	6	651	829	158	344	2.84e-04	43.9
SM_b21324	STM_v1_0.STM2095	63.3	289	105	1	2	290	5	292	1.88e-132	377
SM_b21324	iSF_1195.SF2102	63.8	282	101	1	2	283	5	285	2.53e-130	371
SM_b21324	iML1515.b2039	63.5	282	102	1	2	283	5	285	8.67e-129	367
SM_b21324	iSDY_1059.SDY_2206	63.5	282	102	1	2	283	5	285	6.84e-128	365
SM_b21324	iSbBS512_1146.SbBS512_E1194	63.5	282	102	1	2	283	5	285	9.70e-128	365
SM_b21324	iYL1228.KPN_02490	61.2	289	111	1	1	289	1	288	1.93e-124	356
SM_b21324	iYL1228.KPN_02496	61.2	289	111	1	1	289	1	288	1.93e-124	356
SM_b21324	iNF517.LLMG_RS01090	61.1	285	110	1	1	285	1	284	5.50e-124	355
SM_b21324	iJN1463.PP_1783	60.8	288	112	1	2	289	4	290	2.56e-123	353
SM_b21324	iPC815.YPO3861	59.7	283	113	1	1	283	1	282	2.28e-119	343
SM_b21324	iML1515.b3789	60.1	283	112	1	1	283	1	282	3.23e-119	343
SM_b21324	iSbBS512_1146.SbBS512_E4132	60.1	283	112	1	1	283	1	282	3.23e-119	343
SM_b21324	iSF_1195.SF3863	60.1	283	112	1	1	283	1	282	3.23e-119	343
SM_b21324	iSDY_1059.SDY_3959	59.7	283	113	1	1	283	1	282	3.74e-118	340
SM_b21324	iSSON_1240.SSON_3961	59.7	283	113	1	1	283	1	282	3.74e-118	340
SM_b21325	iJN1463.PP_1782	50.0	184	89	3	2	184	1	182	2.53e-53	167
SM_b21325	iYL1228.KPN_02488	53.6	168	75	3	12	177	11	177	1.24e-51	163
SM_b21325	iYL1228.KPN_02494	53.0	168	76	3	12	177	11	177	1.76e-51	163
SM_b21325	STM_v1_0.STM2094	50.3	185	89	3	1	184	1	183	3.43e-51	162
SM_b21325	iSDY_1059.SDY_2207	50.9	175	83	3	2	174	1	174	5.17e-51	162
SM_b21325	iSynCJ816.SGL_RS12335	48.0	175	87	4	12	185	11	182	3.82e-50	159
SM_b21325	iSbBS512_1146.SbBS512_E1195	48.6	179	88	4	2	178	1	177	5.48e-48	154
SM_b21325	iSF_1195.SF2101	50.9	173	81	3	2	173	1	170	6.88e-48	154
SM_b21326	STM_v1_0.STM3922	58.6	350	143	1	2	349	3	352	5.71e-151	429
SM_b21326	iYL1228.KPN_04288	58.4	351	144	1	3	351	6	356	1.23e-150	428
SM_b21326	iPC815.YPO3862	59.1	350	141	1	2	349	3	352	3.79e-149	424
SM_b21326	STM_v1_0.STM2097	57.0	351	141	2	1	343	1	349	9.41e-149	423
SM_b21326	iSF_1195.SF2104	58.4	351	136	3	1	343	1	349	7.66e-148	421
SM_b21326	iSSON_1240.SSON_3960	56.6	350	150	1	2	349	3	352	6.22e-148	421
SM_b21326	iML1515.b3788	56.3	350	151	1	2	349	3	352	3.57e-147	419
SM_b21326	iSF_1195.SF3862	56.3	350	151	1	2	349	3	352	1.02e-146	418
SM_b21326	iSbBS512_1146.SbBS512_E1192	57.3	351	140	3	1	343	1	349	1.78e-146	417
SM_b21326	iSDY_1059.SDY_2204	57.0	351	141	2	1	343	1	349	1.78e-146	417
SM_b21326	iYL1228.KPN_02491	56.4	351	151	1	1	349	1	351	2.81e-146	417
SM_b21326	iML1515.b2041	56.4	351	143	2	1	343	1	349	8.34e-145	413
SM_b21326	iYL1228.KPN_02497	55.6	351	154	1	1	349	1	351	8.73e-143	408
SM_b21327	iML1515.b2040	44.7	257	138	3	37	291	39	293	1.22e-59	192
SM_b21327	iSbBS512_1146.SbBS512_E1193	44.4	257	139	3	37	291	39	293	9.62e-59	189
SM_b21327	iSynCJ816.SGL_RS02095	46.4	263	131	4	33	292	33	288	1.62e-58	189
SM_b21327	iYL1228.KPN_02489	41.6	296	167	3	1	292	1	294	9.86e-58	187
SM_b21327	iYL1228.KPN_02495	41.6	296	167	3	1	292	1	294	9.86e-58	187
SM_b21327	iSDY_1059.SDY_2205	43.6	257	141	3	37	291	39	293	1.07e-57	187
SM_b21327	STM_v1_0.STM2096	42.4	257	144	3	37	291	39	293	3.35e-56	183
SM_b21327	iSF_1195.SF2103	43.2	257	142	3	37	291	39	293	3.35e-56	183
SM_b21337	iAF987.Gmet_2135	41.5	164	80	2	55	218	16	163	3.42e-38	130
SM_b21337	iHN637.CLJU_RS11605	40.7	162	80	2	57	218	7	152	7.69e-36	123
SM_b21337	iCN900.CD630_20880	41.8	165	80	2	55	219	4	152	1.12e-35	123
SM_b21337	iYO844.BSU32470	41.6	154	73	3	57	210	18	154	5.71e-34	119
SM_b21338	iAF987.Gmet_2134	29.2	301	160	7	1	298	3	253	3.34e-22	93.6
SM_b21339	iAF987.Gmet_2136	43.1	51	28	1	49	99	7	56	1.84e-04	38.9
SM_b21340	iSSON_1240.SSON_3017	30.4	345	221	7	8	342	403	738	1.13e-32	128
SM_b21340	iCN900.CD630_20790	33.2	295	180	8	57	346	469	751	2.11e-32	127
SM_b21340	iML1515.b2866	30.4	345	221	7	8	342	403	738	2.08e-32	127
SM_b21340	iSF_1195.SF2868	30.4	345	221	7	8	342	416	751	2.12e-32	127
SM_b21340	iCN900.CD630_20730	30.6	350	229	8	8	350	419	761	1.31e-31	125
SM_b21342	iYO844.BSU35950	38.8	309	180	3	16	321	17	319	1.82e-54	180
SM_b21342	iLJ478.TM0955	38.1	312	172	5	24	322	22	325	5.45e-52	174
SM_b21342	iPC815.YPO2499	38.4	284	166	3	39	320	50	326	6.26e-50	169
SM_b21342	iYL1228.KPN_04155	36.1	302	178	4	24	318	23	316	1.94e-49	167
SM_b21342	iML1515.b3750	36.4	302	177	4	24	318	23	316	2.11e-48	164
SM_b21342	iNF517.LLMG_RS04065	34.5	290	181	3	40	326	30	313	1.72e-48	164
SM_b21343	iYL1228.KPN_04155	43.1	325	164	8	15	330	7	319	1.14e-52	176
SM_b21343	iML1515.b3750	42.2	322	171	8	15	330	7	319	1.24e-51	173
SM_b21343	STM_v1_0.STM3883	39.7	325	175	5	15	330	7	319	2.06e-49	167
SM_b21343	iSbBS512_1146.SbBS512_E4854	39.9	276	156	3	56	330	60	326	9.41e-49	166
SM_b21343	iML1515.b4230	40.4	277	153	3	56	330	60	326	1.86e-48	165
SM_b21343	iYL1228.KPN_04624	41.4	273	152	2	56	328	60	324	2.61e-48	165
SM_b21343	iSSON_1240.SSON_4411	36.8	334	190	5	7	330	4	326	1.01e-47	163
SM_b21343	iSF_1195.SF4261	36.5	334	191	5	7	330	4	326	1.42e-47	163
SM_b21343	iLJ478.TM0955	41.0	288	164	3	25	308	18	303	8.52e-47	160
SM_b21343	iPC815.YPO3906	41.6	269	149	2	60	328	65	325	4.01e-46	159
SM_b21343	iHN637.CLJU_RS00625	38.2	301	176	3	25	325	21	311	5.35e-46	158
SM_b21344	iML1515.b4485	45.7	492	266	1	2	493	9	499	4.46e-139	409
SM_b21344	iYL1228.KPN_04623	45.9	492	265	1	2	493	9	499	2.53e-138	407
SM_b21344	iPC815.YPO3907	46.4	496	263	2	1	495	3	496	3.15e-138	407
SM_b21344	iSSON_1240.SSON_4410	45.3	492	268	1	2	493	9	499	4.06e-137	404
SM_b21344	iSF_1195.SF4262	44.9	492	270	1	2	493	9	499	1.85e-135	400
SM_b21345	iSbBS512_1146.SbBS512_E4856	43.9	301	161	4	28	323	13	310	3.62e-68	215
SM_b21345	iML1515.b4227	43.5	301	162	4	28	323	13	310	1.02e-67	214
SM_b21345	iSSON_1240.SSON_4409	44.6	287	151	4	42	323	27	310	5.72e-67	212
SM_b21345	iYL1228.KPN_04622	42.7	288	157	4	41	323	12	296	8.39e-63	201
SM_b21346	iYO844.BSU35960	27.4	259	160	10	71	314	44	289	3.59e-07	50.8
SM_b21346	iML1515.b3751	26.4	235	144	10	56	276	21	240	4.67e-06	47.4
SM_b21348	iML1515.b2842	55.2	250	112	0	5	254	4	253	6.22e-95	278
SM_b21349	iYO844.BSU22130	46.5	273	144	2	11	282	4	275	3.89e-91	271
SM_b21349	iML1515.b2843	46.4	276	145	2	10	282	3	278	3.99e-89	266
SM_b21351	iJN1463.PP_1167	46.7	428	220	3	1	424	1	424	8.89e-126	370
SM_b21352	iJN1463.PP_1168	35.6	135	86	1	2	135	39	173	4.20e-26	97.8
SM_b21353	iJN1463.PP_1169	39.2	283	169	2	28	308	27	308	4.91e-66	210
SM_b21354	iLJ478.TM0064	26.7	446	312	7	17	460	10	442	5.32e-49	173
SM_b21354	iNF517.LLMG_RS04410	28.2	440	296	10	31	460	26	455	1.52e-45	164
SM_b21355	iYL1228.KPN_00507	27.3	264	169	7	5	259	5	254	1.02e-17	82.4
SM_b21355	iAF692.Mbar_A1138	25.6	336	218	10	5	339	3	307	9.51e-17	79.3
SM_b21364	iCN718.ABAYE_RS07200	50.7	434	201	6	13	443	10	433	1.19e-151	441
SM_b21368	iYO844.BSU14890	30.2	348	199	14	13	327	16	352	1.87e-26	107
SM_b21368	iAF987.Gmet_0252	29.2	253	152	8	85	327	67	302	1.06e-25	103
SM_b21369	iAF692.Mbar_A2093	24.0	338	207	8	34	346	27	339	5.60e-10	59.7
SM_b21370	iYO844.BSU14900	41.3	518	296	4	28	541	16	529	1.25e-133	411
SM_b21370	iSynCJ816.SGL_RS05545	43.4	511	279	5	34	544	25	525	4.78e-132	405
SM_b21370	iYO844.BSU38160	39.9	514	301	4	31	538	48	559	5.90e-128	397
SM_b21370	iEK1008.Rv3043c	40.7	545	301	10	25	555	23	559	2.86e-126	390
SM_b21370	iJN1463.PP_0104	41.3	508	288	8	29	532	24	525	2.05e-122	379
SM_b21372	iJN1463.PP_2454	24.9	209	131	9	96	290	62	258	1.22e-06	49.3
SM_b21373	iPC815.YPO0832	52.7	408	192	1	20	426	18	425	2.35e-132	387
SM_b21373	iML1515.b3132	49.9	421	210	1	5	424	3	423	2.21e-131	384
SM_b21374	iJN1463.PP_3378	31.3	310	206	5	2	307	4	310	3.96e-28	110
SM_b21375	iYO844.BSU35950	46.8	301	157	2	20	318	23	322	3.64e-70	220
SM_b21375	iNF517.LLMG_RS04065	45.5	299	161	1	23	319	15	313	7.89e-67	211
SM_b21375	iLJ478.TM0955	39.9	318	179	3	3	309	4	320	7.29e-63	202
SM_b21375	iPC815.YPO2499	42.6	291	167	0	22	312	35	325	1.00e-62	201
SM_b21375	iML1515.b3750	43.2	296	160	3	23	312	24	317	6.13e-62	199
SM_b21375	iYL1228.KPN_04155	43.6	296	159	3	23	312	24	317	8.65e-62	199
SM_b21376	iHN637.CLJU_RS00620	47.0	498	258	3	6	500	2	496	9.85e-145	424
SM_b21376	iPC815.YPO3964	45.7	497	258	4	9	500	6	495	2.66e-141	416
SM_b21376	iML1515.b3749	46.1	499	257	6	7	500	2	493	7.05e-140	412
SM_b21376	iYL1228.KPN_04154	45.8	496	263	4	7	500	2	493	2.00e-139	410
SM_b21376	iNF517.LLMG_RS04060	45.2	493	263	5	10	500	3	490	1.20e-138	408
SM_b21376	STM_v1_0.STM3882	46.1	499	257	6	7	500	2	493	4.54e-138	407
SM_b21376	iPC815.YPO4036	42.8	498	271	4	9	495	4	498	1.13e-132	394
SM_b21376	iYO844.BSU35940	43.6	493	272	5	10	500	3	491	3.73e-132	392
SM_b21376	iCN900.CD630_03010	41.9	497	284	3	6	500	2	495	2.90e-131	390
SM_b21376	iYL1228.KPN_03931	42.8	498	271	4	9	495	4	498	5.62e-131	389
SM_b21376	iML1515.b3567	42.6	498	272	4	9	495	4	498	1.59e-130	388
SM_b21376	iSbBS512_1146.SbBS512_E3955	42.2	498	274	4	9	495	4	498	4.49e-130	387
SM_b21376	iPC815.YPO0958	44.7	490	267	3	10	498	6	492	1.16e-129	385
SM_b21376	iSF_1195.SF3611	42.2	498	274	4	9	495	4	498	7.17e-129	384
SM_b21377	iYL1228.KPN_04156	35.1	291	183	5	1	288	1	288	2.37e-43	149
SM_b21377	iML1515.b3751	35.4	291	182	5	1	288	1	288	6.59e-43	148
SM_b21377	iCN900.CD630_03000	34.2	266	166	5	28	288	44	305	1.77e-41	145
SM_b21377	STM_v1_0.STM3884	35.3	292	181	6	1	288	1	288	1.00e-41	145
SM_b21380	iJN1463.PP_3166	30.6	147	73	5	42	159	94	240	1.79e-10	58.5
SM_b21380	iYL1228.KPN_01873	31.3	176	88	5	42	189	98	268	8.44e-10	56.6
SM_b21383	iCN718.ABAYE_RS11380	43.8	240	135	0	57	296	6	245	1.24e-56	182
SM_b21384	iLJ478.TM1724	32.3	195	122	4	1	188	1	192	1.02e-19	84.7
SM_b21384	iSF_1195.SF1556	30.3	175	120	2	8	180	3	177	5.42e-19	82.8
SM_b21384	iSDY_1059.SDY_1586	30.3	175	120	2	8	180	3	177	7.51e-19	82.4
SM_b21384	iML1515.b1539	30.3	175	120	2	8	180	3	177	2.00e-18	81.3
SM_b21384	iSSON_1240.SSON_1589	30.3	175	120	2	8	180	3	177	2.00e-18	81.3
SM_b21384	iYL1228.KPN_01590	29.9	177	118	3	8	180	3	177	3.90e-18	80.5
SM_b21384	iSbBS512_1146.SbBS512_E1701	29.7	175	121	2	8	180	3	177	1.95e-17	78.6
SM_b21525	iCN900.CD630_36640	27.2	305	210	5	194	489	91	392	1.43e-26	110
SM_b21526	iJN1463.PP_0233	44.2	312	165	5	22	333	18	320	2.43e-76	237
SM_b21526	iML1515.b0365	42.1	321	171	7	16	333	10	318	3.56e-69	218
SM_b21526	iSSON_1240.SSON_0343	41.7	321	172	7	16	333	29	337	8.72e-69	218
SM_b21526	iYL1228.KPN_00311	42.1	323	172	7	16	335	10	320	7.09e-69	218
SM_b21526	iSbBS512_1146.SbBS512_E0278	41.1	321	174	7	16	333	10	318	7.93e-68	215
SM_b21526	iSDY_1059.SDY_0505	41.4	321	173	7	16	333	10	318	7.93e-68	215
SM_b21526	iSF_1195.SF0253	41.8	306	164	6	31	333	2	296	1.17e-67	214
SM_b21527	iYL1228.KPN_00312	50.6	253	119	1	4	256	2	248	1.13e-82	248
SM_b21527	iJN1463.PP_0232	50.8	256	122	1	1	256	1	252	1.63e-81	245
SM_b21527	iML1515.b0366	50.6	233	115	0	24	256	16	248	9.77e-79	238
SM_b21527	iSSON_1240.SSON_0344	50.6	233	115	0	24	256	16	248	9.77e-79	238
SM_b21527	iSbBS512_1146.SbBS512_E0279	50.6	233	115	0	24	256	16	248	1.38e-78	238
SM_b21527	iCN718.ABAYE_RS11225	46.1	267	139	2	1	267	1	262	7.44e-78	236
SM_b21527	iSF_1195.SF0252	50.2	233	116	0	24	256	16	248	7.90e-78	236
SM_b21527	iSDY_1059.SDY_0504	50.2	233	116	0	24	256	16	248	3.18e-77	234
SM_b21528	iJN1463.PP_0231	56.5	248	108	0	28	275	31	278	1.59e-94	279
SM_b21528	iYL1228.KPN_00313	55.0	249	111	1	28	275	26	274	3.44e-85	255
SM_b21528	iML1515.b0367	54.2	249	113	1	28	275	26	274	2.79e-84	253
SM_b21528	iSF_1195.SF0251	54.2	249	113	1	28	275	26	274	5.60e-84	252
SM_b21529	iYL1228.KPN_01017	32.1	420	262	13	52	465	22	424	1.56e-43	158
SM_b21529	iSSON_1240.SSON_1839	32.2	413	257	13	59	465	29	424	4.17e-43	157
SM_b21529	iSDY_1059.SDY_1943	32.2	413	257	13	59	465	29	424	5.68e-42	154
SM_b21529	iML1515.b1301	32.0	413	258	13	59	465	29	424	1.51e-41	152
SM_b21529	iSbBS512_1146.SbBS512_E1537	32.0	413	258	13	59	465	29	424	5.55e-41	151
SM_b21529	iSF_1195.SF1306	32.0	413	258	13	59	465	29	424	5.55e-41	151
SM_b21530	iAF692.Mbar_A0218	27.4	565	375	9	2	561	8	542	2.06e-65	224
SM_b21530	iHN637.CLJU_RS11515	26.5	558	363	11	1	544	1	525	5.77e-59	206
SM_b21532	iAF987.Gmet_1035	46.6	328	173	1	4	329	4	331	5.01e-87	264
SM_b21532	iHN637.CLJU_RS06260	45.0	329	181	0	1	329	1	329	5.18e-84	256
SM_b21534	iAT_PLT_636.1757	40.7	823	434	13	2	777	60	875	5.90e-190	565
SM_b21536	iML1515.b4020	35.5	535	339	3	8	542	5	533	1.10e-88	283
SM_b21536	iJN1463.PP_0145	32.8	534	352	2	8	540	5	532	6.69e-85	273
SM_b21537	iJN1463.PP_2209	52.5	362	171	1	4	365	5	365	2.23e-136	393
SM_b21539	iAF692.Mbar_A2387	35.9	421	247	9	69	478	66	474	4.36e-71	233
SM_b21539	iJN1463.PP_0665	33.9	469	293	6	17	478	6	464	2.77e-70	231
SM_b21539	iCN900.CD630_05800	33.3	472	295	8	17	478	16	477	6.56e-67	222
SM_b21539	iYO844.BSU31060	32.4	460	287	9	33	478	25	474	7.61e-66	219
SM_b21539	iAF987.Gmet_2131	33.9	433	266	7	55	478	46	467	8.41e-66	219
SM_b21539	iSSON_1240.SSON_2805	31.4	472	304	9	17	478	15	476	1.23e-65	219
SM_b21539	iML1515.b2661	31.5	473	302	10	17	478	15	476	3.39e-65	218
SM_b21539	iYL1228.KPN_00256	31.4	462	297	9	26	478	26	476	9.29e-65	216
SM_b21539	STM_v1_0.STM2791	31.7	461	297	8	26	478	26	476	1.30e-64	216
SM_b21539	iYO844.BSU03910	30.9	470	300	9	26	482	3	460	1.67e-63	213
SM_b21539	iAF987.Gmet_3395	32.5	459	292	8	28	478	29	477	5.47e-63	212
SM_b21539	iAF692.Mbar_A0503	32.7	489	291	12	15	482	3	474	1.25e-62	211
SM_b21539	iSF_1195.SF1797	34.1	449	270	12	6	440	1	437	1.87e-62	210
SM_b21540	iJN1463.PP_5135	58.5	330	137	0	8	337	7	336	1.86e-144	411
SM_b21541	iJN1463.PP_5137	50.0	350	154	5	46	393	22	352	1.22e-101	305
SM_b21541	iCN900.CD630_35270	47.1	348	139	5	49	392	19	325	2.15e-94	285
SM_b21541	iCN900.CD630_35300	46.3	348	142	4	49	392	19	325	2.15e-94	285
SM_b21542	iJN1463.PP_5136	49.9	507	253	1	163	669	64	569	2.15e-160	473
SM_b21549	iEK1008.Rv3117	31.9	282	170	9	27	300	7	274	6.47e-35	127
SM_b21549	iEK1008.Rv0815c	31.9	282	170	9	27	300	7	274	6.47e-35	127
SM_b21550	iYS854.USA300HOU_RS11010	22.6	350	224	11	72	404	6	325	2.36e-07	52.0
SM_b21555	iJN1463.PP_3311	59.2	557	225	1	1	557	1	555	1.91e-199	570
SM_b21556	iHN637.CLJU_RS11600	27.8	788	497	21	5	740	6	773	1.07e-68	240
SM_b21556	iCN900.CD630_20870	28.6	774	481	21	1	738	1	738	8.46e-66	231
SM_b21556	iAF987.Gmet_2136	28.2	767	498	15	5	740	8	752	2.33e-64	228
SM_b21556	iSF_1195.SF2868	27.3	758	512	18	3	735	7	750	6.62e-62	221
SM_b21557	iEK1008.Rv0375c	25.6	266	142	6	22	281	14	229	6.06e-13	67.8
SM_b21557	iAF987.Gmet_2134	25.4	280	156	6	23	299	28	257	5.14e-12	65.1
SM_b21557	iML1515.b2867	24.6	281	157	6	6	280	7	238	4.28e-11	62.4
SM_b21557	iSF_1195.SF2869	24.6	281	157	6	6	280	7	238	1.04e-10	61.2
SM_b21558	iAF987.Gmet_2135	45.4	152	82	1	56	207	16	166	4.53e-38	129
SM_b21558	iCN900.CD630_20880	43.4	143	81	0	56	198	4	146	2.65e-36	124
SM_b21558	iYO844.BSU32470	42.2	147	84	1	58	204	18	163	4.84e-35	121
SM_b21560	iAF987.Gmet_0043	41.6	77	45	0	342	418	197	273	4.28e-10	61.2
SM_b21561	iAF987.Gmet_1706	33.1	181	108	5	4	181	2	172	1.48e-18	82.4
SM_b21570	iJN1463.PP_0310	42.2	685	388	6	1	677	1	685	1.04e-178	524
SM_b21574	iAF987.Gmet_0043	30.5	118	75	3	7	117	149	266	5.05e-08	49.7
SM_b21578	STM_v1_0.STM0353	66.8	741	242	2	83	822	10	747	0.0	920
SM_b21579	iSynCJ816.SGL_RS16080	28.0	100	71	1	11	110	18	116	7.91e-08	49.7
SM_b21581	iAF692.Mbar_A3140	37.1	356	211	8	1	353	9	354	1.05e-59	199
SM_b21586	iSynCJ816.SGL_RS06800	30.9	333	212	8	1	329	1	319	8.70e-43	150
SM_b21586	iPC815.YPO0935	33.5	316	186	11	18	330	20	314	9.46e-41	145
SM_b21587	iPC815.YPO3908	70.2	315	90	3	7	320	7	318	5.82e-147	416
SM_b21587	iML1515.b4227	66.2	317	105	2	5	320	3	318	2.32e-139	396
SM_b21587	iSbBS512_1146.SbBS512_E4856	66.2	317	105	2	5	320	3	318	2.32e-139	396
SM_b21587	iYL1228.KPN_04622	69.2	299	90	2	23	320	7	304	2.86e-139	395
SM_b21587	iSSON_1240.SSON_4409	65.9	317	106	2	5	320	3	318	2.68e-138	394
SM_b21588	iML1515.b4485	60.2	492	195	1	8	498	9	500	5.02e-204	575
SM_b21588	iSSON_1240.SSON_4410	60.4	492	194	1	8	498	9	500	1.01e-203	574
SM_b21588	iPC815.YPO3907	59.5	491	198	1	8	497	4	494	5.03e-203	572
SM_b21588	iYL1228.KPN_04623	60.4	492	194	1	8	498	9	500	4.71e-202	570
SM_b21588	iSF_1195.SF4262	60.0	492	196	1	8	498	9	500	4.71e-202	570
SM_b21589	iYL1228.KPN_04624	63.7	306	111	0	14	319	23	328	3.92e-122	354
SM_b21589	iML1515.b4230	62.2	307	116	0	13	319	22	328	1.20e-118	345
SM_b21589	iSSON_1240.SSON_4411	62.2	307	116	0	13	319	22	328	2.77e-117	342
SM_b21589	iSF_1195.SF4261	61.9	307	117	0	13	319	22	328	3.93e-117	342
SM_b21589	iPC815.YPO3906	63.0	300	111	0	18	317	28	327	7.39e-117	341
SM_b21589	iSbBS512_1146.SbBS512_E4854	61.9	307	117	0	13	319	22	328	2.25e-116	340
SM_b21590	iML1515.b4231	64.0	311	112	0	1	311	1	311	3.89e-127	366
SM_b21590	iSbBS512_1146.SbBS512_E4853	63.7	311	112	1	1	311	1	310	1.01e-124	360
SM_b21590	iSSON_1240.SSON_4412	64.8	301	106	0	11	311	3	303	7.93e-125	360
SM_b21590	iYL1228.KPN_04625	60.9	322	126	0	1	322	1	322	3.07e-124	358
SM_b21590	iSF_1195.SF4260	63.1	290	107	0	1	290	1	290	6.17e-114	331
SM_b21592	iEK1008.Rv1238	48.3	385	167	6	4	356	3	387	1.97e-107	320
SM_b21592	iPC815.YPO3712	48.3	360	178	4	5	356	4	363	5.20e-107	318
SM_b21592	STM_v1_0.STM3554	47.2	360	175	4	5	356	4	356	9.68e-107	317
SM_b21592	iML1515.b3450	47.2	356	181	4	5	356	4	356	8.89e-105	312
SM_b21592	iSbBS512_1146.SbBS512_E3873	47.2	356	181	4	5	356	4	356	1.78e-104	311
SM_b21592	iYL1228.KPN_04424	47.4	350	178	3	5	348	4	353	4.36e-103	308
SM_b21592	iPC815.YPO3793	47.2	358	181	5	5	358	4	357	4.20e-103	308
SM_b21592	STM_v1_0.STM4230	46.7	360	184	4	5	356	4	363	8.73e-103	308
SM_b21592	iYL1228.KPN_03810	46.5	353	186	3	5	355	4	355	1.15e-102	307
SM_b21592	iJN1463.PP_1018	48.8	363	174	7	5	356	4	365	1.13e-101	305
SM_b21592	iML1515.b4035	47.4	359	167	4	5	348	4	355	1.50e-101	305
SM_b21592	iSF_1195.SF4170	47.6	359	166	5	5	348	4	355	1.50e-101	305
SM_b21592	iSSON_1240.SSON_4213	47.4	359	167	4	5	348	4	355	1.50e-101	305
SM_b21593	iYS854.USA300HOU_RS01105	31.3	259	172	4	20	275	23	278	1.55e-29	112
SM_b21594	iYO844.BSU30280	31.3	268	176	3	33	297	39	301	2.40e-37	134
SM_b21594	iEK1008.Rv2835c	30.1	276	187	3	18	292	25	295	3.56e-36	131
SM_b21594	iEK1008.Rv2316	28.7	258	174	3	32	289	29	276	3.92e-35	128
SM_b21594	iEK1008.Rv2040c	25.2	278	199	4	23	297	20	291	7.16e-34	125
SM_b21594	iCN900.CD630_34160	26.7	255	182	3	33	287	26	275	1.61e-32	121
SM_b21595	iLJ478.TM1204	26.9	394	244	11	31	407	22	388	1.84e-30	120
SM_b21595	iLJ478.TM1839	27.5	397	238	11	31	407	23	389	1.28e-29	118
SM_b21595	iLJ478.TM1120	27.6	391	245	14	40	398	33	417	2.95e-26	109
SM_b21597	iAF692.Mbar_A1138	23.2	349	221	12	3	343	1	310	3.24e-14	72.0
SM_b21600	iSynCJ816.SGL_RS12260	26.2	206	124	6	83	263	82	284	6.52e-11	63.2
SM_b21602	iYO844.BSU28730	31.0	274	184	3	5	274	9	281	1.84e-38	135
SM_b21602	iEK1008.Rv2834c	32.5	274	178	4	3	274	7	275	1.07e-34	125
SM_b21602	iCN900.CD630_34150	30.9	272	181	4	4	273	20	286	1.04e-33	123
SM_b21603	iEK1008.Rv2316	34.0	285	181	3	6	289	6	284	3.39e-39	138
SM_b21604	iLJ478.TM1120	23.1	432	275	14	13	409	8	417	4.81e-14	73.2
SM_b21604	iYO844.BSU28750	27.4	248	144	14	4	237	14	239	1.99e-12	68.2
SM_b21605	STM_v1_0.STM3554	50.0	364	171	7	1	361	1	356	1.01e-108	322
SM_b21605	iPC815.YPO3712	54.9	319	138	3	1	317	1	315	4.39e-108	320
SM_b21605	iPC815.YPO3793	50.4	363	170	6	1	361	1	355	8.45e-108	319
SM_b21605	STM_v1_0.STM4230	53.9	317	144	2	1	317	1	315	1.01e-106	317
SM_b21605	iEK1008.Rv2038c	51.5	342	146	6	22	356	24	352	9.66e-107	317
SM_b21605	iML1515.b4035	54.1	318	144	2	1	317	1	317	2.15e-106	316
SM_b21605	iSSON_1240.SSON_4213	54.1	318	144	2	1	317	1	317	2.15e-106	316
SM_b21605	iML1515.b3450	48.6	366	173	8	1	361	1	356	3.76e-106	315
SM_b21605	iSF_1195.SF4170	54.8	312	139	2	1	311	1	311	1.22e-105	314
SM_b21605	iSbBS512_1146.SbBS512_E3873	49.3	367	169	9	1	361	1	356	1.07e-105	314
SM_b21605	iYL1228.KPN_04424	53.6	317	145	2	1	317	1	315	9.24e-105	312
SM_b21605	iYL1228.KPN_03810	48.8	363	175	7	1	360	1	355	3.46e-104	310
SM_b21605	iEK1008.Rv1238	53.0	330	139	5	1	320	1	324	2.91e-101	304
SM_b21605	iSynCJ816.SGL_RS17635	44.7	360	189	3	1	355	1	355	1.34e-97	293
SM_b20924	iYO844.BSU28720	52.0	504	236	5	2	505	3	500	2.99e-203	573
SM_b20925	iAF692.Mbar_A2428	25.4	130	95	1	221	350	448	575	4.10e-09	57.8
SM_b20929	iPC815.YPO2499	38.3	316	190	3	12	327	19	329	1.87e-56	186
SM_b20929	iNF517.LLMG_RS04065	36.1	302	191	1	29	330	14	313	1.02e-54	181
SM_b20929	iCN900.CD630_15880	36.9	298	184	1	26	323	13	306	6.09e-54	179
SM_b20929	iHN637.CLJU_RS00625	36.9	306	186	2	28	332	24	323	1.45e-53	178
SM_b20929	iYL1228.KPN_04155	37.2	323	195	2	3	323	1	317	1.94e-53	177
SM_b20929	iLJ478.TM0955	38.9	324	174	7	16	325	12	325	7.03e-53	176
SM_b20929	iML1515.b3750	37.2	323	195	2	3	323	1	317	2.12e-52	175
SM_b20929	STM_v1_0.STM3883	36.5	323	197	2	3	323	1	317	1.17e-51	173
SM_b20930	iLJ478.TM0956	41.6	238	136	1	4	241	13	247	4.95e-56	186
SM_b20931	iLJ478.TM0114	30.9	262	133	10	154	394	91	325	8.67e-21	92.0
SM_b20932	iLJ478.TM0024	31.0	239	135	9	238	457	229	456	5.79e-25	107
SM_b20933	iAF987.Gmet_3085	34.7	121	78	1	143	263	206	325	3.41e-16	83.2
SM_b20937	iLB1027_lipid.PHATRDRAFT_22803	28.6	525	314	8	69	550	38	544	8.69e-55	196
SM_b20937	iEK1008.Rv1819c	27.4	576	368	10	25	565	49	609	2.51e-53	192
SM_b20938	iYS854.USA300HOU_RS03835	43.9	244	122	6	8	245	3	237	6.57e-58	183
SM_b20939	iJN1463.PP_2341	35.4	113	73	0	5	117	3	115	2.36e-22	84.3
SM_b20939	iML1515.b2765	35.6	118	76	0	1	118	2	119	2.06e-21	82.0
SM_b20939	iSbBS512_1146.SbBS512_E3108	35.6	118	76	0	1	118	2	119	2.06e-21	82.0
SM_b20939	iSDY_1059.SDY_2967	35.6	118	76	0	1	118	2	119	2.06e-21	82.0
SM_b20939	iSF_1195.SF2781	35.6	118	76	0	1	118	1	118	2.00e-21	82.0
SM_b20939	iSSON_1240.SSON_2918	35.6	118	76	0	1	118	2	119	2.06e-21	82.0
SM_b20939	STM_v1_0.STM2949	33.9	118	78	0	1	118	1	118	2.28e-20	79.3
SM_b20940	iJN1463.PP_1226	39.5	223	124	6	2	217	5	223	1.60e-41	140
SM_b20941	STM_v1_0.STM0984	37.7	438	254	6	162	591	153	579	3.22e-69	234
SM_b20941	iML1515.b0914	45.5	303	161	3	290	591	280	579	8.70e-69	233
SM_b20941	iAF987.Gmet_2349	41.6	308	173	4	286	591	267	569	6.86e-69	233
SM_b20941	iSbBS512_1146.SbBS512_E2410	45.5	303	161	3	290	591	280	579	8.70e-69	233
SM_b20941	iSDY_1059.SDY_2344	45.5	303	161	3	290	591	280	579	8.70e-69	233
SM_b20941	iSF_1195.SF0910	45.5	303	161	3	290	591	280	579	8.70e-69	233
SM_b20941	iSSON_1240.SSON_0916	45.5	303	161	3	290	591	280	579	1.21e-68	233
SM_b20941	iPC815.YPO1395	43.6	303	167	3	290	591	280	579	8.92e-67	228
SM_b20941	iYL1228.KPN_00941	39.6	366	217	3	227	591	217	579	6.46e-66	225
SM_b20941	iMM1415.18670	47.6	250	128	3	343	591	381	628	1.17e-61	221
SM_b20941	iJN1463.PP_4935	38.9	357	213	4	226	581	231	583	1.86e-63	219
SM_b20941	iCHOv1.100682535	47.2	250	129	3	343	591	384	631	9.70e-61	218
SM_b20942	iSynCJ816.SGL_RS08980	54.5	323	144	3	6	325	7	329	7.76e-118	343
SM_b20942	iJN1463.PP_3129	53.3	315	141	3	7	320	4	313	1.35e-109	321
SM_b20942	iAF987.Gmet_1486	49.7	316	158	1	6	320	3	318	1.57e-105	311
SM_b20943	STM_v1_0.STM2232	26.8	265	157	10	16	254	34	287	6.41e-08	53.5
SM_b20946	STM_v1_0.STM2082	50.5	198	97	1	29	226	280	476	2.31e-66	211
SM_b20948	iSbBS512_1146.SbBS512_E4050	29.3	198	124	6	37	231	37	221	4.99e-07	50.4
SM_b20948	iSSON_1240.SSON_3782	29.3	198	124	6	37	231	37	221	4.99e-07	50.4
SM_b21690	iSbBS512_1146.SbBS512_E4050	28.3	205	113	10	4	199	8	187	5.32e-10	59.3
SM_b21690	iSSON_1240.SSON_3782	28.3	205	113	10	4	199	8	187	5.32e-10	59.3
SM_b21690	iYO844.BSU35690	32.0	128	79	3	5	129	3	125	3.12e-09	57.4
SM_b20957	iML1515.b1022	30.5	105	71	2	13	117	79	181	1.35e-05	46.2
SM_b20957	iEK1008.Rv2051c	28.2	117	78	4	12	125	613	726	2.27e-05	45.8
SM_b20957	iAF987.Gmet_0885	27.6	105	73	2	13	115	8	111	2.48e-05	45.1
SM_b20958	iSbBS512_1146.SbBS512_E4050	26.0	131	90	4	1	129	1	126	4.09e-05	44.3
SM_b20958	iSSON_1240.SSON_3782	26.0	131	90	4	1	129	1	126	4.09e-05	44.3
SM_b20959	iYO844.BSU35550	31.3	134	90	1	10	141	6	139	2.76e-13	68.6
SM_b20959	iSbBS512_1146.SbBS512_E4050	29.1	230	139	6	10	231	6	219	6.01e-12	65.5
SM_b20959	iSSON_1240.SSON_3782	29.1	230	139	6	10	231	6	219	6.01e-12	65.5
SM_b20960	iCN900.CD630_27150	46.9	286	151	1	6	291	4	288	3.60e-85	257
SM_b20960	iYO844.BSU35670	46.4	278	148	1	4	281	1	277	1.11e-81	248
SM_b20960	iCN900.CD630_34880	46.9	273	144	1	7	279	5	276	4.40e-80	245
SM_b20960	iAF987.Gmet_1159	45.9	283	152	1	7	289	3	284	2.79e-79	242
SM_b20960	iYS854.USA300HOU_RS13545	45.0	271	148	1	4	274	1	270	6.59e-77	236
SM_b20960	iHN637.CLJU_RS16855	44.2	274	150	3	7	279	3	274	1.27e-75	233
SM_b20962	iPC815.YPO2859	52.3	260	123	1	6	264	7	266	1.95e-77	235
SM_b20962	iML1515.b2103	50.6	261	128	1	5	264	6	266	3.17e-76	232
SM_b20962	iSbBS512_1146.SbBS512_E1135	50.6	261	128	1	5	264	6	266	3.17e-76	232
SM_b20962	iSSON_1240.SSON_2151	50.6	261	128	1	5	264	6	266	3.17e-76	232
SM_b20962	iSF_1195.SF2165	50.6	261	128	1	5	264	6	266	6.35e-76	231
SM_b20962	iSDY_1059.SDY_2277	50.2	261	129	1	5	264	6	266	2.56e-75	229
SM_b20962	STM_v1_0.STM2146	51.3	261	126	1	5	264	6	266	3.62e-75	229
SM_b20962	iYL1228.KPN_02550	50.6	261	128	1	5	264	6	266	7.26e-75	228
SM_b20962	iCN900.CD630_15990	51.7	259	120	4	6	263	9	263	2.03e-71	219
SM_b20962	iAF987.Gmet_2909	52.9	255	116	3	6	259	229	480	1.41e-66	214
SM_b20964	iCN718.ABAYE_RS03640	53.9	219	90	3	1	217	1	210	1.25e-83	247
SM_b20964	iMM904.YBL064C	55.8	215	89	3	3	215	49	259	7.46e-79	236
SM_b20965	iAF692.Mbar_A1202	29.5	292	179	5	33	304	34	318	1.28e-32	123
SM_b20966	iLJ478.TM1195	47.3	649	333	6	1	646	4	646	1.54e-211	605
SM_b20969	iYO844.BSU06990	39.1	261	155	2	13	269	36	296	2.11e-60	192
SM_b20970	iYO844.BSU06980	38.8	307	183	4	7	309	2	307	6.04e-65	206
SM_b20971	iEK1008.Rv2041c	27.4	358	234	11	10	343	16	371	1.78e-21	95.5
SM_b20971	iLJ478.TM1120	26.9	331	209	12	37	340	30	354	2.35e-21	95.1
SM_b20972	iML1515.b4035	50.7	371	168	2	1	363	1	364	1.05e-119	351
SM_b20972	iSSON_1240.SSON_4213	50.7	371	168	2	1	363	1	364	1.05e-119	351
SM_b20972	iSF_1195.SF4170	50.4	371	169	2	1	363	1	364	8.49e-119	349
SM_b20972	iPC815.YPO3712	50.5	374	162	4	1	363	1	362	3.20e-118	347
SM_b20972	STM_v1_0.STM4230	50.0	374	164	4	1	363	1	362	1.29e-117	346
SM_b20972	iYL1228.KPN_04424	50.0	374	164	4	1	363	1	362	3.66e-117	345
SM_b20973	iMM1415.71760	53.6	422	191	4	584	1002	14	433	1.83e-149	453
SM_b20973	iCHOv1.100753688	53.5	415	188	4	591	1002	2	414	2.10e-148	449
SM_b20974	iCHOv1.100772460	31.9	188	111	5	1	179	31	210	8.11e-15	71.6
SM_b20974	iMM1415.19682	31.4	188	112	5	1	179	31	210	3.88e-14	69.7
SM_b20974	iLB1027_lipid.PHATRDRAFT_12043	28.9	218	115	9	2	184	3	215	3.20e-14	69.3
SM_b20974	iML1515.b1093	28.6	192	113	6	2	181	9	188	5.02e-14	68.6
SM_b20974	iSbBS512_1146.SbBS512_E2231	28.6	192	113	6	2	181	9	188	5.02e-14	68.6
SM_b20974	iSDY_1059.SDY_2057	28.6	192	113	6	2	181	9	188	5.02e-14	68.6
SM_b20974	iSF_1195.SF1097	28.6	192	113	6	2	181	9	188	5.02e-14	68.6
SM_b20974	iSSON_1240.SSON_1113	28.6	192	113	6	2	181	9	188	5.02e-14	68.6
SM_b20974	iCHOv1.100769825	31.4	194	103	8	2	182	11	187	4.71e-13	65.9
SM_b20974	iYL1228.KPN_01091	27.4	190	118	6	2	181	9	188	8.91e-13	65.1
SM_b20974	iSynCJ816.SGL_RS07245	29.7	192	115	5	2	181	10	193	9.21e-13	65.1
SM_b20974	iCHOv1.100762147	31.6	190	113	5	1	181	32	213	2.19e-12	64.7
SM_b20975	iYS854.USA300HOU_RS09930	39.9	168	95	1	378	545	321	482	1.07e-28	119
SM_b20975	iCN900.CD630_07510	29.4	211	139	3	346	548	17	225	2.53e-28	112
SM_b20975	iSynCJ816.SGL_RS07090	36.6	175	106	3	373	545	345	516	7.75e-26	110
SM_b20975	iML1515.b0810	31.4	220	133	5	332	546	12	218	2.70e-27	109
SM_b20975	iSDY_1059.SDY_0786	31.4	220	133	5	332	546	12	218	2.70e-27	109
SM_b20975	iSF_1195.SF0761	31.4	220	133	5	332	546	12	218	2.70e-27	109
SM_b20975	iSSON_1240.SSON_0790	31.4	220	133	5	332	546	12	218	2.70e-27	109
SM_b20975	iNF517.LLMG_RS09920	34.2	193	124	2	354	543	29	221	4.60e-27	108
SM_b20975	iSbBS512_1146.SbBS512_E2538	30.9	220	134	5	332	546	12	218	3.70e-27	108
SM_b20975	iJN1463.PP_4426	34.1	220	127	5	332	547	13	218	9.26e-27	107
SM_b20976	iYL1228.KPN_00893	34.5	252	147	7	1	245	1	241	2.85e-33	120
SM_b20976	iJN1463.PP_0282	32.8	256	145	8	2	245	5	245	1.84e-32	118
SM_b20976	STM_v1_0.STM0887	32.5	252	152	7	1	245	1	241	3.54e-30	112
SM_b20976	iYL1228.KPN_00896	32.5	252	152	8	1	245	8	248	1.21e-28	108
SM_b20978	iJN1463.PP_3270	34.7	150	88	4	34	175	537	684	5.91e-13	65.9
SM_b20978	iYL1228.KPN_01468	32.3	158	97	4	34	183	530	685	3.69e-12	63.5
SM_b20978	iML1515.b1387	35.9	128	73	3	34	153	530	656	3.12e-11	60.8
SM_b20979	iJN1463.PP_1167	36.1	421	259	4	14	430	11	425	1.02e-76	244
SM_b20979	STM_v1_0.STM3672	37.2	401	249	2	22	422	19	416	5.13e-73	235
SM_b20979	iML1515.b3578	37.2	401	249	2	22	422	19	416	2.83e-72	233
SM_b20981	iML1515.b3579	27.0	296	206	5	8	300	13	301	2.35e-28	111
SM_b20981	iJN1463.PP_1169	26.0	285	208	3	25	307	24	307	3.95e-26	105
SM_b20981	STM_v1_0.STM3673	24.8	294	214	4	10	300	12	301	2.16e-25	103
SM_b20984	iYO844.BSU03300	48.5	798	401	5	6	802	3	791	2.98e-255	729
SM_b20984	iYS854.USA300HOU_RS12975	45.5	796	425	4	5	800	2	788	5.90e-238	685
SM_b20985	iYO844.BSU03290	42.9	84	48	0	6	89	9	92	1.00e-19	77.0
SM_b20986	iCN718.ABAYE_RS08080	47.0	914	441	12	1	879	15	920	2.89e-277	793
SM_b20987	iJN1463.PP_3999	34.1	358	215	6	7	353	4	351	7.42e-46	162
SM_b20987	STM_v1_0.STM3477	32.4	361	217	8	7	353	4	351	3.56e-44	157
SM_b20987	iSbBS512_1146.SbBS512_E3744	32.1	361	218	8	7	353	4	351	4.95e-44	157
SM_b20987	iSF_1195.SF3387	32.1	361	218	8	7	353	4	351	4.95e-44	157
SM_b20987	iSSON_1240.SSON_3499	32.1	361	218	8	7	353	4	351	4.95e-44	157
SM_b20987	iML1515.b3368	31.9	361	219	8	7	353	4	351	1.86e-43	155
SM_b20987	iSDY_1059.SDY_3530	31.9	361	219	8	7	353	4	351	1.86e-43	155
SM_b20988	iPC815.YPO0565	50.0	32	16	0	36	67	31	62	3.95e-04	38.1
SM_b20993	iYO844.BSU04520	22.5	364	252	9	31	381	20	366	3.56e-10	60.8
SM_b20993	iEK1008.Rv0873	25.6	270	182	8	9	262	41	307	7.28e-10	60.5
SM_b20993	iJN1463.PP_2216	25.1	287	197	8	34	309	21	300	6.19e-10	60.1
SM_b20995	iAF692.Mbar_A1452	28.1	178	111	7	5	174	8	176	5.20e-08	55.1
SM_b20995	iCN900.CD630_14790	27.6	163	110	5	1	160	1	158	7.09e-08	54.7
SM_b20995	iPC815.YPO0132	28.7	164	108	4	2	159	3	163	9.61e-08	54.3
SM_b20995	iCN900.CD630_32740	27.4	168	110	6	5	169	4	162	1.56e-07	53.5
SM_b20995	iAF987.Gmet_2444	31.5	162	100	6	5	161	24	179	1.58e-07	53.5
SM_b20995	iML1515.b3409	30.2	162	104	5	4	159	5	163	2.91e-07	52.8
SM_b20995	STM_v1_0.STM3506	30.7	166	98	6	4	159	5	163	2.91e-07	52.8
SM_b20995	iSbBS512_1146.SbBS512_E3790	30.2	162	104	5	4	159	5	163	3.84e-07	52.4
SM_b20995	iSDY_1059.SDY_3667	30.2	162	104	5	4	159	5	163	3.84e-07	52.4
SM_b20995	iSF_1195.SF3428	30.2	162	104	5	4	159	5	163	3.84e-07	52.4
SM_b20995	iYL1228.KPN_03779	30.7	166	98	6	4	159	5	163	1.53e-06	50.4
SM_b20995	iSynCJ816.SGL_RS05125	29.1	165	110	4	5	166	21	181	1.41e-06	50.4
SM_b20995	iSSON_1240.SSON_3540	29.6	162	105	5	4	159	5	163	2.02e-06	50.1
SM_b20999	iEK1008.Rv1819c	23.2	323	207	6	83	368	61	379	6.83e-13	70.1
SM_b21002	iSynCJ816.SGL_RS16015	32.8	253	163	3	1	247	22	273	1.69e-44	150
SM_b21002	iSynCJ816.SGL_RS14865	33.5	248	163	2	1	247	5	251	2.13e-43	147
SM_b21002	iSynCJ816.SGL_RS14930	30.7	231	159	1	12	241	40	270	5.19e-41	141
SM_b21003	iJN1463.PP_2765	25.1	283	173	11	87	347	94	359	7.57e-07	50.1
SM_b21003	iJN1463.PP_3219	25.3	296	166	13	87	346	83	359	5.64e-06	47.4
SM_b21009	iYS854.USA300HOU_RS06545	56.1	494	212	3	4	495	4	494	3.53e-199	562
SM_b21009	iYO844.BSU09290	55.2	489	216	2	4	491	4	490	1.17e-194	551
SM_b21009	iLJ478.TM1430	55.7	476	209	1	4	479	3	476	5.47e-192	543
SM_b21009	iAF987.Gmet_1676	55.7	490	213	3	4	492	3	489	2.08e-185	527
SM_b21009	iSbBS512_1146.SbBS512_E4408	53.9	492	224	2	4	494	6	495	2.94e-184	525
SM_b21009	iML1515.b3926	53.9	492	224	2	4	494	6	495	5.91e-184	524
SM_b21009	iSSON_1240.SSON_4095	53.9	492	224	2	4	494	13	502	7.78e-184	524
SM_b21009	iCN900.CD630_13820	53.3	492	227	2	4	494	5	494	2.56e-183	522
SM_b21009	iSDY_1059.SDY_3818	53.7	492	225	2	4	494	6	495	3.38e-183	522
SM_b21009	iYL1228.KPN_04011	53.7	492	225	2	4	494	6	495	9.97e-183	521
SM_b21009	STM_v1_0.STM4086	53.0	492	228	2	4	494	6	495	5.51e-182	519
SM_b21009	iJN1463.PP_1075	53.1	490	223	2	4	493	9	491	2.01e-181	517
SM_b21010	iJN1463.PP_3073	53.1	256	115	3	3	258	6	256	4.66e-84	251
SM_b21011	iJN1463.PP_4278	44.9	474	255	3	8	480	2	470	3.52e-128	381
SM_b21011	iCN718.ABAYE_RS06010	43.6	488	251	7	8	482	6	482	4.20e-116	350
SM_b20846	iJN1463.PP_4279	55.1	757	336	3	20	776	29	781	1.08e-281	795
SM_b20849	iCN718.ABAYE_RS19255	49.3	430	209	5	3	428	7	431	7.78e-144	417
SM_b20849	iJN1463.PP_4281	48.5	429	219	1	1	429	3	429	1.31e-140	409
SM_b20849	iML1515.b2883	47.1	429	224	2	2	429	7	433	1.51e-135	396
SM_b20850	iML1515.b3605	47.8	372	190	3	9	378	8	377	7.92e-117	344
SM_b20850	STM_v1_0.STM3694	48.1	372	189	3	9	378	8	377	7.92e-117	344
SM_b20850	iSbBS512_1146.SbBS512_E4031	47.8	372	190	3	9	378	8	377	7.92e-117	344
SM_b20850	iSF_1195.SF3644	47.8	372	190	3	9	378	8	377	7.92e-117	344
SM_b20850	iSSON_1240.SSON_3800	47.8	372	190	3	9	378	8	377	7.92e-117	344
SM_b20850	iSDY_1059.SDY_4038	47.8	372	190	3	9	378	8	377	1.12e-116	344
SM_b20850	iYL1228.KPN_03949	47.3	372	192	3	9	378	8	377	4.23e-116	342
SM_b20850	iCN718.ABAYE_RS18840	46.6	371	196	2	9	378	8	377	5.47e-114	337
SM_b20850	iJN1463.PP_4736	48.0	367	189	2	9	374	8	373	4.72e-112	332
SM_b20850	iPC815.YPO1569	45.7	370	199	2	9	377	8	376	7.63e-111	328
SM_b20851	iHN637.CLJU_RS11915	29.4	303	212	2	20	320	14	316	4.53e-31	119
SM_b20852	iYL1228.KPN_02547	26.8	482	309	14	4	445	8	485	1.86e-37	144
SM_b20852	iYO844.BSU28790	25.9	533	344	14	1	485	1	530	4.00e-36	140
SM_b20852	iLJ478.TM0284	27.0	440	290	13	4	422	3	432	1.10e-33	133
SM_b20853	iYS854.USA300HOU_RS01300	36.5	345	210	4	1	337	1	344	1.12e-74	233
SM_b20853	iCN900.CD630_04900	34.7	346	215	5	1	336	1	345	4.85e-74	232
SM_b20853	STM_v1_0.STM3261	36.9	320	192	4	1	311	1	319	1.55e-68	218
SM_b20853	iCN900.CD630_23240	33.1	347	222	3	1	339	1	345	9.42e-68	216
SM_b20854	iPC815.YPO2499	49.7	292	141	4	32	322	38	324	1.17e-70	222
SM_b20854	iNF517.LLMG_RS04065	40.5	304	176	3	22	322	4	305	2.49e-65	208
SM_b20854	iYL1228.KPN_04155	44.7	300	156	5	28	322	22	316	9.84e-64	204
SM_b20854	iCN900.CD630_03020	43.0	305	162	5	21	320	21	318	1.49e-62	201
SM_b20855	iPC815.YPO0958	47.4	481	247	3	11	487	11	489	7.53e-150	437
SM_b20855	iNF517.LLMG_RS04060	44.9	490	263	5	8	493	5	491	1.24e-138	408
SM_b20855	iHN637.CLJU_RS00620	43.3	492	273	2	1	487	1	491	2.50e-137	405
SM_b20855	iYO844.BSU35940	43.5	490	271	4	8	493	5	492	2.91e-137	405
SM_b20856	iYO844.BSU35960	34.6	269	163	6	23	291	34	289	1.61e-37	135
SM_b20856	iLJ478.TM0958	33.3	294	180	6	28	315	32	315	7.02e-35	129
SM_b20856	iYL1228.KPN_04156	31.8	296	189	7	3	297	4	287	4.09e-34	126
SM_b20856	STM_v1_0.STM3884	31.1	289	187	5	3	291	4	280	2.17e-33	124
SM_b20858	iMM1415.56185	51.9	129	62	0	31	159	220	348	3.40e-39	135
SM_b20858	iYL1228.KPN_03949	50.8	132	65	0	30	161	246	377	5.53e-38	133
SM_b20858	STM_v1_0.STM3694	50.8	132	65	0	30	161	246	377	1.57e-37	132
SM_b20858	iPC815.YPO1569	51.9	131	63	0	30	160	246	376	1.21e-37	132
SM_b20858	iCN718.ABAYE_RS18840	49.2	132	67	0	30	161	246	377	3.46e-37	130
SM_b20858	iML1515.b3605	50.0	132	66	0	30	161	246	377	8.44e-37	130
SM_b20858	iSbBS512_1146.SbBS512_E4031	50.0	132	66	0	30	161	246	377	8.44e-37	130
SM_b20858	iSF_1195.SF3644	50.0	132	66	0	30	161	246	377	8.44e-37	130
SM_b20858	iSSON_1240.SSON_3800	50.0	132	66	0	30	161	246	377	8.44e-37	130
SM_b20858	iSDY_1059.SDY_4038	50.0	132	66	0	30	161	246	377	1.18e-36	129
SM_b20858	iCHOv1.100771827	48.1	129	67	0	31	159	232	360	1.06e-36	129
SM_b20858	iJN1463.PP_4736	52.3	128	61	0	30	157	246	373	6.91e-36	127
SM_b20858	iLB1027_lipid.PHATRDRAFT_22568	44.1	152	67	1	3	154	231	364	2.78e-34	123
SM_b20860	iAF987.Gmet_0843	29.9	281	176	9	1	275	1	266	3.93e-20	87.0
SM_b20861	iCN718.ABAYE_RS08995	48.9	397	201	2	2	398	4	398	7.37e-130	379
SM_b20863	iJN1463.PP_5256	35.5	324	197	4	1	317	1	319	8.99e-53	180
SM_b20868	iAF987.Gmet_3085	22.4	308	225	6	553	858	161	456	1.98e-06	52.0
SM_b20871	iEK1008.Rv1928c	37.7	252	142	5	4	247	9	253	3.87e-41	141
SM_b20871	iLJ478.TM1724	36.8	250	147	5	4	248	3	246	1.21e-40	139
SM_b20872	iJN1463.PP_4285	61.2	116	45	0	14	129	2	117	7.85e-50	154
SM_b20873	iJN1463.PP_4288	50.9	159	75	2	5	161	4	161	4.27e-49	155
SM_b20874	iJN1463.PP_4287	48.1	156	80	1	3	157	13	168	3.98e-42	138
SM_b20875	iJN1463.PP_4286	62.1	298	112	1	6	303	5	301	5.94e-144	407
SM_b20875	iYL1228.KPN_01787	56.4	312	129	4	1	307	1	310	2.87e-128	367
SM_b20877	iJN1463.PP_0612	29.9	371	217	15	3	356	4	348	1.56e-21	94.4
SM_b20880	iYS854.USA300HOU_RS07595	21.7	350	244	8	21	361	11	339	3.31e-13	71.2
SM_b20882	iJN1463.PP_5387	55.4	83	32	1	45	127	946	1023	2.21e-19	83.2
SM_b20882	iML1515.b0575	60.0	65	26	0	63	127	962	1026	9.05e-18	78.6
SM_b20882	iSF_1195.SF0481	60.0	65	26	0	63	127	962	1026	9.05e-18	78.6
SM_b20882	iSSON_1240.SSON_0526	60.0	65	26	0	63	127	962	1026	9.05e-18	78.6
SM_b20882	iYL1228.KPN_04736	67.2	58	19	0	70	127	969	1026	1.23e-17	78.2
SM_b20885	iYL1228.KPN_01622	25.5	290	183	8	11	285	13	284	1.01e-09	58.2
SM_b20885	iML1515.b1533	23.9	289	189	6	11	285	13	284	6.21e-08	52.8
SM_b20890	iCN718.ABAYE_RS08940	68.1	571	180	2	11	579	7	577	1.31e-285	788
SM_b20891	iJN1463.PP_2694	58.3	472	196	1	4	474	6	477	4.43e-200	563
SM_b20893	iYL1228.KPN_03932	38.1	383	219	2	21	401	26	392	2.70e-78	246
SM_b20893	iML1515.b3568	37.0	381	226	2	21	401	26	392	1.31e-75	239
SM_b20893	iSbBS512_1146.SbBS512_E3954	37.0	381	226	2	21	401	26	392	1.31e-75	239
SM_b20893	iSF_1195.SF3612	37.0	381	226	2	21	401	26	392	1.31e-75	239
SM_b20893	iPC815.YPO4035	39.0	387	210	5	21	401	27	393	3.78e-75	238
SM_b20894	iML1515.b3567	47.4	473	245	3	31	502	35	504	1.48e-137	406
SM_b20894	iSbBS512_1146.SbBS512_E3955	47.1	473	246	3	31	502	35	504	4.18e-137	405
SM_b20894	iSF_1195.SF3611	47.1	473	246	3	31	502	35	504	3.35e-136	403
SM_b20894	iPC815.YPO4036	45.5	473	254	3	31	502	35	504	6.09e-136	402
SM_b20894	iYL1228.KPN_03931	47.2	477	247	4	31	506	35	507	1.34e-135	401
SM_b20895	iML1515.b3566	37.3	324	182	8	30	353	28	330	7.25e-56	185
SM_b20895	iSF_1195.SF3610	37.3	324	182	8	30	353	28	330	7.25e-56	185
SM_b20895	iPC815.YPO4037	35.9	348	200	9	1	348	1	325	5.78e-55	182
SM_b20895	iSbBS512_1146.SbBS512_E3956	36.7	324	177	8	30	353	40	335	4.97e-54	180
SM_b20895	iYL1228.KPN_03930	34.3	324	192	7	30	353	10	312	7.44e-50	169
SM_b20899	iYL1228.KPN_00507	38.7	328	198	2	4	329	5	331	5.83e-69	218
SM_b20899	STM_v1_0.STM4433	38.3	326	191	5	3	321	4	326	5.06e-62	200
SM_b20900	iAF987.Gmet_0782	34.4	512	251	5	193	623	207	714	1.57e-80	269
SM_b20900	iAF987.Gmet_0700	33.4	524	259	5	194	630	294	814	1.93e-79	268
SM_b20900	iAF987.Gmet_2629	37.2	435	195	2	273	629	369	803	7.04e-77	261
SM_b20900	iJN1463.PP_1144	29.7	664	355	13	46	623	65	702	1.10e-72	248
SM_b20900	iAF987.Gmet_0987	35.4	429	198	1	274	623	345	773	1.95e-70	243
SM_b20901	iAF987.Gmet_1639	24.4	308	219	7	85	386	9	308	2.12e-08	55.1
SM_b20902	iYL1228.KPN_03930	43.5	315	171	4	20	332	2	311	3.80e-74	231
SM_b20902	iML1515.b3566	43.5	315	171	4	20	332	20	329	9.21e-74	231
SM_b20902	iSF_1195.SF3610	43.5	315	171	4	20	332	20	329	9.21e-74	231
SM_b20902	iPC815.YPO4037	41.1	326	186	3	7	331	7	327	2.38e-71	224
SM_b20902	iSbBS512_1146.SbBS512_E3956	42.2	315	168	5	20	332	32	334	2.37e-69	219
SM_b20903	iPC815.YPO4035	34.9	418	230	5	34	451	18	393	8.06e-67	218
SM_b20903	iML1515.b3568	35.7	417	226	5	36	452	19	393	3.06e-66	217
SM_b20903	iSbBS512_1146.SbBS512_E3954	35.7	417	226	5	36	452	19	393	3.06e-66	217
SM_b20903	iSF_1195.SF3612	35.7	417	226	5	36	452	19	393	3.06e-66	217
SM_b20903	iYL1228.KPN_03932	33.6	411	231	5	42	452	25	393	1.21e-60	202
SM_b20904	iPC815.YPO3964	43.1	239	134	2	5	243	3	239	1.12e-56	188
SM_b20904	iLJ478.TM0956	40.2	241	143	1	3	243	7	246	2.13e-56	188
SM_b20904	STM_v1_0.STM3882	37.9	240	148	1	8	247	4	242	1.75e-52	177
SM_b20904	iPC815.YPO3907	39.2	237	140	3	8	243	4	237	4.39e-52	176
SM_b20904	iML1515.b3749	37.5	240	149	1	8	247	4	242	6.73e-52	176
SM_b20904	iHN637.CLJU_RS00620	39.1	238	141	3	8	243	5	240	1.27e-51	175
SM_b20904	iYL1228.KPN_04154	36.3	256	159	2	8	260	4	258	5.05e-51	173
SM_b20904	iNF517.LLMG_RS04060	40.9	235	138	1	9	243	3	236	4.29e-51	173
SM_b20904	iLJ478.TM0115	38.1	244	145	2	5	243	11	253	9.84e-51	173
SM_b20904	iYO844.BSU35940	37.9	235	145	1	9	243	3	236	1.20e-50	172
SM_b20904	iCN900.CD630_03010	38.1	236	136	3	8	239	5	234	3.91e-50	171
SM_b20914	iAF987.Gmet_2107	27.9	183	123	5	152	330	131	308	1.79e-09	57.8
SM_b20915	iMM1415.11883	32.7	444	251	14	56	478	20	436	9.12e-53	186
SM_b20915	iCHOv1.100754567	32.2	444	253	15	56	478	21	437	5.76e-51	182
SM_b20915	iCHOv1.100753973	31.2	475	252	16	51	487	26	463	6.31e-51	182
SM_b20915	iAT_PLT_636.412	29.6	521	263	17	55	492	33	532	5.06e-50	181
SM_b21410	iYS854.USA300HOU_RS07520	40.4	104	60	2	56	157	46	149	1.86e-13	68.2
SM_b21410	iYO844.BSU22750	37.6	117	69	2	45	157	33	149	1.09e-12	65.9
SM_b21414	iMM1415.246277	26.5	343	237	6	74	406	87	424	8.50e-22	97.4
SM_b21414	iAF987.Gmet_1644	28.3	304	199	7	136	426	169	466	7.25e-21	95.1
SM_b21414	iCHOv1.100757642	22.6	323	238	4	74	388	176	494	2.52e-20	93.6
SM_b21414	iAT_PLT_636.2572	22.6	323	238	4	74	388	176	494	3.36e-20	93.2
SM_b21414	iMM1415.13195	23.7	372	265	5	45	400	78	446	1.56e-18	87.8
SM_b21415	iEK1008.Rv1257c	29.1	196	129	4	54	241	40	233	8.88e-12	66.6
SM_b21416	iSynCJ816.SGL_RS03545	64.5	256	89	1	1	254	1	256	1.35e-123	351
SM_b21416	STM_v1_0.STM2092	63.3	256	92	1	1	254	1	256	2.54e-119	340
SM_b21416	iPC815.YPO3115	61.3	256	97	1	1	254	5	260	1.95e-117	336
SM_b21417	STM_v1_0.STM2091	42.9	340	186	4	6	339	3	340	4.11e-91	276
SM_b21421	iCN900.CD630_03000	23.2	284	205	7	63	343	42	315	1.36e-12	67.4
SM_b21422	iNF517.LLMG_RS04060	36.6	500	296	4	6	495	3	491	4.79e-98	304
SM_b21422	iYO844.BSU35940	35.6	491	314	2	6	495	3	492	6.03e-96	298
SM_b21422	iPC815.YPO2256	38.3	491	290	6	3	486	17	501	2.78e-95	298
SM_b21422	iPC815.YPO3964	38.5	506	277	5	6	494	7	495	7.01e-95	296
SM_b21422	iSbBS512_1146.SbBS512_E1024	37.8	490	288	6	2	482	4	485	1.98e-93	292
SM_b21422	iML1515.b1900	37.6	490	289	6	2	482	4	485	3.94e-93	291
SM_b21422	iSDY_1059.SDY_1121	37.6	490	289	6	2	482	4	485	5.54e-93	291
SM_b21422	iSSON_1240.SSON_1218	37.6	490	289	6	2	482	4	485	1.55e-92	290
SM_b21422	iML1515.b3749	38.5	494	294	5	6	494	5	493	8.67e-91	285
SM_b21422	STM_v1_0.STM3882	38.1	493	297	5	6	494	5	493	3.41e-90	284
SM_b21422	iYL1228.KPN_04154	37.9	493	298	5	6	494	5	493	4.80e-90	283
SM_b21422	iJN1463.PP_2455	36.8	494	305	6	6	495	17	507	1.38e-88	280
SM_b21422	iLJ478.TM0956	36.3	501	301	8	6	492	13	509	1.34e-88	280
SM_b21422	iHN637.CLJU_RS00620	34.3	502	320	6	1	496	1	498	3.87e-88	278
SM_b21422	iLJ478.TM0115	35.1	504	309	6	4	494	13	511	1.47e-86	275
SM_b21423	iNF517.LLMG_RS04065	36.8	304	183	3	30	326	10	311	1.19e-48	165
SM_b21423	iLJ478.TM0955	35.8	324	192	5	15	323	3	325	1.10e-46	160
SM_b21423	iCN900.CD630_15880	33.8	305	192	5	33	331	16	316	2.10e-46	159
SM_b21423	iCN900.CD630_03020	36.0	292	183	3	37	324	33	324	4.38e-46	159
SM_b21423	iML1515.b4086	37.5	296	177	4	33	323	31	323	2.89e-45	156
SM_b21423	iPC815.YPO2257	36.0	308	188	4	24	325	39	343	3.77e-44	154
SM_b21423	iYL1228.KPN_04155	37.0	305	182	5	29	325	19	321	2.93e-43	151
SM_b21423	iYO844.BSU35950	36.2	287	178	3	41	322	32	318	2.27e-42	149
SM_b21425	iEK1008.Rv2959c	30.6	232	119	10	38	257	43	244	1.15e-16	76.6
SM_b21426	iAF987.Gmet_1312	25.0	164	101	6	4	145	9	172	4.46e-04	40.8
SM_b21427	iCN718.ABAYE_RS12475	32.7	162	97	6	2	161	51	202	2.69e-14	67.0
SM_b21428	iSynCJ816.SGL_RS03555	52.3	172	82	0	9	180	4	175	1.16e-65	199
SM_b21429	iAF692.Mbar_A0465	40.2	251	141	2	2	245	1	249	3.49e-58	185
SM_b21430	iPC815.YPO1311	52.8	337	159	0	16	352	21	357	2.03e-110	326
SM_b21430	iAF692.Mbar_A0466	48.1	345	179	0	12	356	3	347	2.82e-107	317
SM_b21431	iPC815.YPO1310	39.0	136	77	2	1	134	243	374	1.60e-28	107
SM_b21432	iPC815.YPO1310	42.0	207	117	2	13	218	19	223	3.85e-51	170
SM_b21433	iJN1463.PP_5011	34.8	141	83	4	24	158	38	175	2.85e-12	64.7
SM_b21433	iPC815.YPO3781	28.7	223	138	9	24	238	33	242	1.10e-10	60.1
SM_b21433	iNF517.LLMG_RS03890	33.6	128	81	3	35	158	26	153	2.63e-10	58.9
SM_b21433	iYS854.USA300HOU_RS07520	32.0	128	81	3	35	158	28	153	3.41e-10	58.5
SM_b21435	iJN1463.PP_0614	41.6	404	235	1	10	413	19	421	9.93e-105	316
SM_b21435	iJN1463.PP_4034	40.9	401	236	1	13	413	19	418	1.09e-98	300
SM_b21436	STM_v1_0.STM3672	36.4	401	255	0	18	418	16	416	9.21e-78	247
SM_b21436	iML1515.b3578	36.1	404	258	0	18	421	16	419	1.43e-76	244
SM_b21437	STM_v1_0.STM3671	33.1	133	82	3	27	158	13	139	2.38e-11	58.2
SM_b21438	iML1515.b3579	35.1	296	189	2	14	308	9	302	3.86e-62	200
SM_b21438	STM_v1_0.STM3673	35.0	294	188	2	16	308	11	302	4.28e-61	197
SM_b21441	iAF692.Mbar_A0964	28.7	115	80	2	3	116	30	143	3.86e-09	52.8
SM_b21446	iJN1463.PP_4055	50.5	663	320	5	15	669	25	687	6.16e-247	700
SM_b21446	iEK1008.Rv1564c	46.6	695	348	8	15	690	27	717	8.00e-228	652
SM_b21447	iJN1463.PP_4051	44.5	577	293	14	15	584	5	561	1.88e-150	445
SM_b21458	iEK1008.Rv1237	40.2	259	154	1	34	291	16	274	9.93e-59	188
SM_b21459	iEK1008.Rv1236	38.7	279	165	2	11	289	22	294	1.36e-56	184
SM_b21460	iPC815.YPO3712	49.6	361	170	4	1	353	1	357	3.15e-110	326
SM_b21460	iYL1228.KPN_04424	48.8	371	179	4	1	362	1	369	1.45e-108	322
SM_b21460	STM_v1_0.STM4230	47.6	378	173	5	1	362	1	369	1.45e-108	322
SM_b21460	iSF_1195.SF4170	48.1	372	182	4	1	362	1	371	8.78e-108	320
SM_b21460	iML1515.b4035	47.8	372	183	4	1	362	1	371	5.00e-107	318
SM_b21460	iSSON_1240.SSON_4213	47.8	372	183	4	1	362	1	371	5.00e-107	318
SM_b21461	iEK1008.Rv1235	24.5	425	246	16	8	374	16	423	3.98e-15	76.6
SM_b21462	iNF517.LLMG_RS04050	26.7	292	182	10	14	291	4	277	1.81e-17	80.9
SM_b21463	iCN900.CD630_28820	28.3	466	284	8	1	456	5	430	9.77e-57	193
SM_b21463	iYO844.BSU38560	29.7	468	277	9	1	456	5	432	1.21e-54	188
SM_b21463	iLJ478.TM1281	29.3	458	275	7	1	456	1	411	5.05e-53	183
SM_b21466	iPC815.YPO1913	39.9	258	151	4	307	562	313	568	9.83e-43	161
SM_b21466	iJN1463.PP_4935	30.0	397	261	7	172	560	192	579	2.22e-37	146
SM_b21474	iLJ478.TM1724	37.6	255	147	5	1	255	1	243	5.43e-42	143
SM_b21474	iYS854.USA300HOU_RS06185	33.7	255	144	6	8	255	5	241	5.82e-37	130
SM_b21481	iPC815.YPO2871	30.4	112	70	3	21	130	99	204	1.27e-06	46.6
SM_b21481	iAF692.Mbar_A2428	29.2	120	80	2	9	128	458	572	5.04e-05	42.0
SM_b21486	iEK1008.Rv1200	31.3	393	256	5	34	416	4	392	2.19e-54	186
SM_b21487	iJN1463.PP_0812	47.3	281	137	2	6	284	5	276	1.96e-96	290
SM_b21487	iPC815.YPO3164	46.9	286	139	4	3	283	2	279	5.96e-94	283
SM_b21487	iML1515.b0432	42.7	314	159	5	3	311	2	299	2.03e-88	269
SM_b21487	iSbBS512_1146.SbBS512_E0354	41.8	328	169	6	3	324	2	313	2.03e-88	269
SM_b21487	iSSON_1240.SSON_0415	42.7	314	159	5	3	311	2	299	4.06e-88	268
SM_b21487	STM_v1_0.STM0443	43.2	294	153	4	3	291	2	286	3.58e-87	266
SM_b21488	iML1515.b0431	67.4	653	212	1	12	663	2	654	0.0	925
SM_b21488	iSSON_1240.SSON_0414	67.4	653	212	1	12	663	2	654	0.0	925
SM_b21488	iYL1228.KPN_00393	67.8	646	207	1	12	656	2	647	0.0	922
SM_b21488	STM_v1_0.STM0442	67.4	653	212	1	12	663	2	654	0.0	922
SM_b21488	iSbBS512_1146.SbBS512_E0353	67.2	653	213	1	12	663	2	654	0.0	922
SM_b21488	iPC815.YPO3165	67.1	654	212	2	13	664	3	655	0.0	905
SM_b21488	iJN1463.PP_0813	65.1	654	227	1	12	664	2	655	1.64e-319	882
SM_b21488	iCN718.ABAYE_RS07350	61.9	653	247	2	8	659	1	652	3.15e-307	850
SM_b21489	iSbBS512_1146.SbBS512_E0352	60.5	185	72	1	24	207	18	202	1.53e-82	243
SM_b21489	iML1515.b0430	60.5	185	72	1	24	207	18	202	4.38e-82	242
SM_b21489	iSSON_1240.SSON_0413	60.5	185	72	1	24	207	18	202	4.38e-82	242
SM_b21489	iYL1228.KPN_00392	61.6	185	70	1	24	207	17	201	8.52e-82	241
SM_b21489	STM_v1_0.STM0441	60.0	185	73	1	24	207	18	202	1.25e-81	241
SM_b21489	iJN1463.PP_0814	61.8	186	70	1	25	209	22	207	9.19e-80	236
SM_b21489	iPC815.YPO3166	60.5	185	72	1	24	207	18	202	2.75e-78	233
SM_b22024	STM_v1_0.STM0440	55.2	96	42	1	27	122	13	107	2.03e-30	105
SM_b22024	iML1515.b0429	52.1	96	45	1	27	122	13	107	8.20e-30	103
SM_b22024	iSSON_1240.SSON_0412	52.1	96	45	1	27	122	13	107	8.20e-30	103
SM_b22024	iSbBS512_1146.SbBS512_E0351	52.1	96	45	1	27	122	13	107	2.34e-29	102
SM_b22024	iPC815.YPO3167	55.2	96	42	1	27	122	14	108	2.24e-27	97.4
SM_b22024	iYL1228.KPN_00391	50.0	96	47	1	27	122	13	107	1.76e-26	95.1
SM_b21494	iJN1463.PP_3533	56.1	335	145	2	11	343	1	335	5.05e-126	365
SM_b21497	iML1515.b0463	35.4	345	218	3	30	369	35	379	8.98e-60	197
SM_b21497	iSF_1195.SF0408	35.4	345	218	3	30	369	35	379	1.26e-59	197
SM_b21497	iPC815.YPO3132	35.0	354	224	4	23	371	30	382	1.20e-59	197
SM_b21497	iML1515.b3265	34.6	350	222	4	25	369	31	378	1.31e-59	197
SM_b21497	STM_v1_0.STM3390	35.8	355	217	5	25	370	31	383	1.84e-59	196
SM_b21497	iSbBS512_1146.SbBS512_E3648	34.6	350	222	4	25	369	31	378	1.84e-59	196
SM_b21497	iSDY_1059.SDY_0456	35.4	345	218	3	30	369	35	379	2.49e-59	196
SM_b21497	iSSON_1240.SSON_0450	35.1	345	219	3	30	369	35	379	2.49e-59	196
SM_b21497	iYL1228.KPN_03672	36.5	348	212	7	27	370	32	374	1.85e-57	191
SM_b21498	iJN1463.PP_3426	43.7	1043	571	6	3	1032	4	1043	6.46e-268	781
SM_b21498	STM_v1_0.STM3391	44.4	1040	565	8	3	1034	2	1036	4.56e-262	765
SM_b21498	iYL1228.KPN_03673	45.0	1031	553	10	3	1025	2	1026	4.42e-259	757
SM_b21498	iML1515.b3266	43.3	1033	573	8	3	1027	2	1029	1.63e-252	740
SM_b21498	iML1515.b0462	42.8	1029	575	8	6	1025	5	1028	1.30e-249	733
SM_b21498	iJN1463.PP_1385	42.2	1029	582	7	3	1024	2	1024	9.35e-247	726
SM_b21498	iML1515.b2470	41.7	1030	587	7	3	1025	2	1025	5.52e-245	721
SM_b21498	iSSON_1240.SSON_2550	41.7	1030	587	7	3	1025	2	1025	1.10e-244	720
SM_b21498	iSDY_1059.SDY_2654	41.7	1030	588	7	3	1025	2	1025	3.09e-244	719
SM_b21498	iSF_1195.SF2512	41.7	1030	588	7	3	1025	2	1025	6.16e-244	718
SM_b21500	iML1515.b1022	29.4	204	117	10	3	188	77	271	6.85e-09	56.6
SM_b21502	iEK1008.Rv2188c	27.8	299	165	14	119	385	100	379	1.38e-08	55.8
SM_b21502	iYO844.BSU35590	25.0	224	142	5	108	321	109	316	1.86e-08	55.5
SM_b21502	iJN1463.PP_1801	25.8	178	123	3	216	387	203	377	5.68e-08	53.9
SM_b21502	iSynCJ816.SGL_RS12975	32.8	119	68	3	276	387	285	398	8.09e-08	53.5
SM_b21502	iAF692.Mbar_A1731	23.8	386	258	16	19	387	1	367	1.32e-07	52.8
SM_b21503	iLB1027_lipid.PHATRDRAFT_50356	27.2	279	157	10	90	356	150	394	3.79e-13	70.9
SM_b21507	iAF692.Mbar_A2583	30.4	191	124	4	23	210	22	206	1.33e-20	85.5
SM_b21508	iCN718.ABAYE_RS18220	30.4	293	197	4	7	297	3	290	5.44e-30	114
SM_b21508	iCN718.ABAYE_RS00850	33.8	272	166	6	16	282	17	279	2.29e-28	110
SM_b21508	iJN1463.PP_1237	32.3	288	180	5	16	296	11	290	1.60e-26	105
SM_b21508	iYO844.BSU16770	31.3	294	193	7	7	297	3	290	3.91e-26	104
SM_b21514	iSynCJ816.SGL_RS09640	35.7	207	128	2	58	261	94	298	2.25e-30	115
SM_b21516	iML1515.b0819	31.9	160	88	6	85	237	93	238	2.86e-10	58.9
SM_b21516	STM_v1_0.STM1375	32.2	149	93	5	92	237	94	237	5.81e-10	58.2
SM_b21516	iML1515.b1990	29.0	145	93	4	96	237	98	235	7.22e-10	57.8
SM_b21516	iML1515.b1678	31.5	149	94	5	92	237	94	237	1.06e-09	57.4
SM_b21516	STM_v1_0.STM0837	31.3	160	89	6	85	237	93	238	1.30e-09	57.0
SM_b21516	STM_v1_0.STM1215	28.8	160	96	6	92	242	100	250	6.14e-09	55.1
SM_b21516	iML1515.b1113	28.4	155	93	6	92	237	100	245	8.25e-09	54.7
SM_b21517	iAF987.Gmet_2629	29.2	236	158	6	16	245	567	799	5.53e-18	83.2
SM_b21520	iAF987.Gmet_1919	28.7	101	69	3	7	106	5	103	8.49e-05	42.4
SM_b21520	iJN1463.PP_1494	33.3	105	62	4	7	106	20	121	2.69e-04	40.8
SM_b21523	iHN637.CLJU_RS18545	22.0	177	106	4	3	150	2	175	8.50e-04	39.7
SM_b20648	iYO844.BSU09530	29.4	303	190	8	11	307	3	287	5.21e-29	114
SM_b20649	iAF692.Mbar_A0269	32.3	294	198	1	32	324	30	323	2.02e-52	175
SM_b20650	iAF987.Gmet_2020	36.5	499	296	7	17	504	22	510	1.55e-92	291
SM_b20652	iYO844.BSU30540	32.5	578	356	12	1	569	1	553	1.37e-79	264
SM_b20652	iYO844.BSU10790	33.2	591	318	17	1	569	1	536	6.92e-78	259
SM_b20652	iJN1463.PP_1750	34.3	595	327	15	18	603	25	564	6.95e-74	248
SM_b20652	iAF987.Gmet_2172	32.9	608	356	14	1	566	1	598	1.13e-72	246
SM_b20652	iNF517.LLMG_RS12590	30.9	576	361	12	1	566	1	549	6.97e-73	246
SM_b20656	STM_v1_0.STM1288	26.9	249	167	7	28	268	15	256	3.24e-16	76.6
SM_b20656	iSDY_1059.SDY_1486	27.5	244	165	6	28	265	14	251	3.41e-14	70.9
SM_b20658	iEK1008.Rv1237	33.0	261	161	8	44	298	21	273	4.50e-31	117
SM_b20658	iYO844.BSU34590	27.8	263	186	1	33	295	15	273	2.68e-29	112
SM_b20658	iYO844.BSU34140	31.9	273	175	5	28	295	12	278	4.14e-29	112
SM_b20658	iYS854.USA300HOU_RS01105	31.4	261	170	5	42	298	23	278	1.47e-27	107
SM_b20658	iLJ478.TM1202	34.1	249	144	7	69	299	577	823	5.72e-26	107
SM_b20659	iEK1008.Rv2040c	29.8	285	195	3	24	305	12	294	6.27e-41	144
SM_b20659	iEK1008.Rv1236	33.6	295	176	8	11	299	14	294	9.34e-37	133
SM_b20661	iPC815.YPO3793	53.4	356	162	3	1	353	1	355	2.97e-124	361
SM_b20661	iJN1463.PP_1018	52.9	365	160	6	1	353	1	365	3.14e-120	352
SM_b20661	iSynCJ816.SGL_RS17635	53.0	355	158	3	1	346	1	355	2.55e-119	348
SM_b20661	iML1515.b3450	52.4	357	165	3	1	353	1	356	5.76e-119	347
SM_b20661	iYL1228.KPN_03810	52.2	356	165	3	1	352	1	355	1.64e-118	346
SM_b20661	iSbBS512_1146.SbBS512_E3873	52.1	357	166	3	1	353	1	356	3.29e-118	345
SM_b20661	STM_v1_0.STM3554	51.3	357	169	3	1	353	1	356	9.36e-118	344
SM_b20661	iPC815.YPO3712	50.1	361	156	4	1	345	1	353	4.02e-112	330
SM_b20662	iSynCJ816.SGL_RS07245	34.7	196	123	4	11	205	7	198	6.15e-26	101
SM_b20662	iHN637.CLJU_RS17225	31.0	226	152	3	11	235	9	231	2.56e-24	97.4
SM_b20662	iAF987.Gmet_1601	34.0	200	128	3	9	208	4	199	4.60e-24	96.7
SM_b20662	iML1515.b1093	32.9	231	141	5	9	235	4	224	1.20e-23	95.5
SM_b20662	iSbBS512_1146.SbBS512_E2231	32.9	231	141	5	9	235	4	224	1.20e-23	95.5
SM_b20662	iSF_1195.SF1097	32.9	231	141	5	9	235	4	224	1.20e-23	95.5
SM_b20662	iSSON_1240.SSON_1113	32.9	231	141	5	9	235	4	224	1.20e-23	95.5
SM_b20662	iYS854.USA300HOU_RS06185	35.7	196	121	4	11	205	3	194	3.25e-23	94.4
SM_b20662	iYL1228.KPN_01091	33.0	230	142	5	9	235	4	224	8.78e-23	93.2
SM_b20662	iJN1463.PP_3073	34.6	246	129	8	9	235	4	236	1.10e-22	93.2
SM_b20662	iLB1027_lipid.PHATRDRAFT_13073	31.7	208	135	4	11	215	7	210	2.81e-22	92.0
SM_b20662	STM_v1_0.STM1195	32.9	231	141	5	9	235	4	224	3.30e-22	91.7
SM_b20662	iSDY_1059.SDY_2057	32.5	231	142	5	9	235	4	224	3.30e-22	91.7
SM_b20663	iJN1463.PP_3129	28.5	179	108	6	1	177	1	161	5.73e-09	56.2
SM_b20663	iJN1463.PP_1800	35.5	152	78	8	57	205	48	182	7.13e-08	52.8
SM_b20663	iCN900.CD630_17920	22.9	249	181	5	74	320	70	309	2.48e-07	51.2
SM_b20666	STM_v1_0.STM2916	49.3	203	103	0	3	205	8	210	9.67e-65	199
SM_b20666	iYL1228.KPN_01603	49.8	205	103	0	1	205	1	205	1.61e-64	198
SM_b20666	iML1515.b2738	48.8	203	104	0	3	205	8	210	3.62e-62	192
SM_b20666	iSbBS512_1146.SbBS512_E3136	48.8	203	104	0	3	205	8	210	3.62e-62	192
SM_b20666	iSSON_1240.SSON_2886	48.8	203	104	0	3	205	8	210	3.62e-62	192
SM_b20668	iHN637.CLJU_RS00330	31.7	290	197	1	1	290	1	289	6.88e-40	140
SM_b20668	STM_v1_0.STM3248	31.7	290	197	1	1	290	1	289	5.79e-37	133
SM_b20668	iMM1415.58875	32.9	292	186	4	1	283	35	325	1.89e-36	132
SM_b20668	iYL1228.KPN_03537	31.4	290	198	1	1	290	1	289	1.59e-36	132
SM_b20668	iML1515.b3125	31.4	287	196	1	4	290	2	287	2.98e-36	131
SM_b20668	iSbBS512_1146.SbBS512_E3233	31.4	287	196	1	4	290	2	287	2.98e-36	131
SM_b20668	iSF_1195.SF3162	31.0	290	199	1	1	290	4	292	4.67e-36	130
SM_b20668	iCHOv1.100760581	32.9	292	186	4	1	283	35	325	1.41e-35	130
SM_b20668	iSDY_1059.SDY_3319	31.0	290	199	1	1	290	4	292	9.15e-36	130
SM_b20668	iCN718.ABAYE_RS18705	32.5	292	185	4	5	287	3	291	4.60e-35	128
SM_b20668	iSSON_1240.SSON_3280	31.0	290	199	1	1	290	4	292	4.91e-35	128
SM_b20668	iAT_PLT_636.11112	31.5	286	188	3	5	283	42	326	2.07e-34	127
SM_b20669	iJN1463.PP_4298	46.9	256	132	2	1	253	1	255	2.79e-76	231
SM_b20669	iSbBS512_1146.SbBS512_E3135	43.8	260	140	2	1	256	1	258	3.33e-69	213
SM_b20671	iPC815.YPO3908	35.2	256	151	8	37	284	26	274	8.53e-36	131
SM_b20671	iSbBS512_1146.SbBS512_E4856	33.6	253	155	6	16	260	5	252	9.31e-33	123
SM_b20671	iML1515.b4227	33.7	249	152	6	20	260	9	252	1.30e-32	122
SM_b20671	iYL1228.KPN_04622	35.3	232	137	6	37	260	12	238	2.64e-32	121
SM_b20671	iSSON_1240.SSON_4409	35.1	231	137	6	38	260	27	252	4.89e-32	121
SM_b20671	iYO844.BSU35960	30.9	272	175	6	33	302	36	296	7.31e-32	120
SM_b20672	iML1515.b3750	35.0	386	158	6	16	397	23	319	8.05e-48	166
SM_b20672	iYL1228.KPN_04155	35.1	365	148	5	37	397	40	319	6.02e-47	164
SM_b20672	iYO844.BSU35950	33.2	383	169	5	17	399	26	321	4.60e-46	161
SM_b20672	STM_v1_0.STM3883	34.5	388	157	8	16	397	23	319	6.50e-45	158
SM_b20672	iCN900.CD630_03020	31.8	380	168	5	15	394	32	320	8.98e-43	153
SM_b20672	iNF517.LLMG_RS04065	33.9	363	147	6	37	394	31	305	3.00e-42	151
SM_b20672	iPC815.YPO2499	35.0	383	147	10	15	392	37	322	8.74e-42	150
SM_b20673	iLJ478.TM0956	46.4	519	261	4	10	519	3	513	3.33e-144	424
SM_b20673	iNF517.LLMG_RS04060	44.5	492	262	3	24	515	8	488	2.20e-131	390
SM_b20673	iPC815.YPO3964	45.1	499	264	3	17	515	5	493	3.54e-131	390
SM_b20673	iPC815.YPO2256	44.3	517	268	7	6	515	4	507	1.65e-130	389
SM_b20673	iML1515.b2149	44.3	508	273	5	9	515	4	502	3.87e-130	388
SM_b20673	iSF_1195.SF2234	44.3	508	273	5	9	515	4	502	3.87e-130	388
SM_b20673	iSSON_1240.SSON_2205	44.3	508	273	5	9	515	4	502	3.87e-130	388
SM_b20673	iYL1228.KPN_02587	44.8	493	262	5	24	515	4	487	9.63e-130	386
SM_b20673	STM_v1_0.STM2189	43.5	508	277	5	9	515	4	502	6.18e-129	385
SM_b20674	iYO844.BSU35960	26.9	275	178	10	58	318	39	304	2.43e-13	69.3
SM_b20677	iJN1463.PP_4288	50.3	153	73	2	4	154	4	155	6.21e-47	150
SM_b20678	iJN1463.PP_4300	52.2	416	198	1	6	421	4	418	5.52e-133	388
SM_b20679	iML1515.b0509	67.0	291	95	1	4	294	3	292	1.13e-131	375
SM_b20679	STM_v1_0.STM0519	66.0	291	98	1	4	294	3	292	5.29e-130	370
SM_b20679	iJN1463.PP_4299	64.5	293	104	0	1	293	1	293	2.08e-128	367
SM_b20680	iJN1463.PP_4298	62.9	256	95	0	1	256	1	256	1.19e-110	319
SM_b20680	STM_v1_0.STM0518	57.4	258	110	0	1	258	1	258	1.41e-106	309
SM_b20680	iML1515.b0508	56.6	258	112	0	1	258	1	258	1.02e-101	296
SM_b20680	iSSON_1240.SSON_0503	57.1	254	109	0	1	254	1	254	3.34e-101	296
SM_b20681	iJN1463.PP_4297	77.0	592	134	1	1	592	1	590	0.0	920
SM_b20681	STM_v1_0.STM0517	75.5	587	142	1	1	587	1	585	0.0	894
SM_b20681	iML1515.b0507	74.8	587	146	1	1	587	1	585	0.0	885
SM_b20681	iSbBS512_1146.SbBS512_E0441	74.8	587	146	1	1	587	1	585	0.0	885
SM_b20681	iSF_1195.SF0446	74.6	587	147	1	1	587	1	585	0.0	883
SM_b20684	iJN1463.PP_3530	69.3	274	83	1	4	276	5	278	7.92e-148	414
SM_b20692	iPC815.YPO2539	52.6	247	117	0	18	264	4	250	2.91e-82	247
SM_b20692	iML1515.b4266	53.0	247	116	0	18	264	4	250	4.12e-82	246
SM_b20692	iSSON_1240.SSON_4451	53.0	247	116	0	18	264	4	250	5.84e-82	246
SM_b20692	STM_v1_0.STM4483	51.4	247	120	0	18	264	4	250	5.43e-80	241
SM_b20694	iMM1415.218865	42.9	56	32	0	1	56	520	575	1.23e-09	51.2
SM_b20694	iCHOv1.100772204	42.9	56	32	0	1	56	523	578	2.30e-09	50.4
SM_b20694	iYS854.USA300HOU_RS14155	45.6	57	30	1	1	56	482	538	7.25e-08	46.2
SM_b20699	iML1515.b3241	30.8	315	153	8	31	340	13	267	3.21e-25	103
SM_b20704	iYL1228.KPN_03795	43.0	479	268	4	1	476	1	477	6.49e-130	385
SM_b20704	iML1515.b3429	42.7	478	269	4	1	475	1	476	1.30e-129	384
SM_b20704	iSDY_1059.SDY_3575	42.7	478	269	4	1	475	1	476	1.30e-129	384
SM_b20704	iSSON_1240.SSON_3669	42.7	478	269	4	1	475	1	476	1.84e-129	384
SM_b20704	iSF_1195.SF3452	42.5	478	270	4	1	475	1	476	7.35e-129	382
SM_b20704	iPC815.YPO3939	42.9	478	268	4	1	475	1	476	1.43e-128	381
SM_b20704	iSbBS512_1146.SbBS512_E3895	42.3	478	271	4	1	475	1	476	8.33e-128	379
SM_b20704	STM_v1_0.STM3535	41.8	478	273	4	1	475	1	476	1.89e-126	376
SM_b20706	iJN1463.PP_0282	51.8	253	114	5	2	254	5	249	1.77e-77	234
SM_b20706	iJN1463.PP_3593	50.6	243	111	5	15	255	14	249	4.08e-76	231
SM_b20707	iSynCJ816.SGL_RS03900	31.2	221	134	4	201	414	408	617	3.00e-24	105
SM_b20710	iYL1228.KPN_03537	36.9	225	140	2	6	229	5	228	3.51e-42	146
SM_b20710	iML1515.b3125	36.9	225	140	2	6	229	3	226	4.69e-42	146
SM_b20710	iSbBS512_1146.SbBS512_E3233	36.9	225	140	2	6	229	3	226	4.69e-42	146
SM_b20710	iSF_1195.SF3162	36.9	225	140	2	6	229	8	231	5.31e-42	146
SM_b20710	iSSON_1240.SSON_3280	36.9	225	140	2	6	229	8	231	5.31e-42	146
SM_b20710	STM_v1_0.STM3248	34.2	275	178	3	6	279	5	277	1.37e-41	145
SM_b20710	iSDY_1059.SDY_3319	36.4	225	141	2	6	229	8	231	1.47e-41	145
SM_b20712	iSbBS512_1146.SbBS512_E0816	35.1	328	172	10	12	308	15	332	5.78e-43	150
SM_b20712	iML1515.b2150	35.1	328	172	10	12	308	15	332	1.59e-42	149
SM_b20712	iSF_1195.SF2235	35.1	328	172	10	12	308	15	332	1.59e-42	149
SM_b20712	iSSON_1240.SSON_2206	35.1	328	172	10	12	308	15	332	1.59e-42	149
SM_b20712	iPC815.YPO1507	35.9	320	173	10	12	305	20	333	6.59e-42	147
SM_b20712	iYL1228.KPN_02588	34.5	339	180	11	2	308	14	342	4.16e-41	145
SM_b20712	STM_v1_0.STM2190	34.5	339	180	12	2	308	4	332	1.28e-40	144
SM_b20713	iML1515.b2149	51.2	502	241	3	14	512	3	503	4.75e-168	484
SM_b20713	iSF_1195.SF2234	51.2	502	241	3	14	512	3	503	4.75e-168	484
SM_b20713	iSSON_1240.SSON_2205	51.2	502	241	3	14	512	3	503	4.75e-168	484
SM_b20713	STM_v1_0.STM2189	50.5	497	243	2	18	512	8	503	7.71e-167	481
SM_b20713	iPC815.YPO1508	50.6	494	241	2	21	512	11	503	3.55e-165	477
SM_b20713	iYL1228.KPN_02587	50.4	486	238	2	29	512	4	488	1.83e-161	467
SM_b20713	iHN637.CLJU_RS00620	45.5	494	266	3	20	511	2	494	2.45e-153	446
SM_b20713	iYO844.BSU35940	45.8	483	261	1	29	511	8	489	1.05e-150	439
SM_b20713	iNF517.LLMG_RS04060	46.0	485	260	2	27	511	6	488	2.03e-150	439
SM_b20713	iLJ478.TM0956	45.5	503	259	4	21	511	10	509	5.62e-150	439
SM_b20714	iLJ478.TM0955	39.4	327	167	9	19	331	14	323	1.71e-60	196
SM_b20714	iML1515.b3750	42.6	282	141	4	63	335	52	321	2.45e-57	188
SM_b20714	iYL1228.KPN_04155	42.2	282	142	3	63	335	52	321	2.45e-57	188
SM_b20714	iPC815.YPO2499	37.4	337	190	5	6	336	9	330	8.75e-57	187
SM_b20714	iCN900.CD630_15880	36.8	318	178	4	24	336	12	311	2.35e-56	185
SM_b20714	iYO844.BSU35950	37.5	320	171	5	19	331	20	317	4.28e-55	182
SM_b20714	iHN637.CLJU_RS00625	37.0	335	192	4	12	340	2	323	8.71e-55	181
SM_b20714	STM_v1_0.STM3883	41.1	282	145	4	63	335	52	321	1.64e-54	181
SM_b20716	iYL1228.KPN_01622	26.4	284	194	5	20	294	7	284	6.98e-10	58.5
SM_b20716	iML1515.b1533	24.5	286	197	5	20	294	7	284	2.28e-09	57.0
SM_b20716	iSF_1195.SF1561	25.5	208	143	3	97	294	46	251	8.27e-09	55.1
SM_b20718	iPC815.YPO3964	43.7	492	275	2	12	502	6	496	1.55e-130	388
SM_b20718	iHN637.CLJU_RS00620	41.9	497	283	5	9	501	2	496	6.27e-125	374
SM_b20718	iNF517.LLMG_RS04060	40.0	492	292	2	13	503	3	492	1.01e-124	373
SM_b20718	iCN900.CD630_03010	38.4	497	303	3	9	503	2	497	2.83e-124	372
SM_b20718	iLJ478.TM0115	41.7	503	281	6	12	504	14	514	6.06e-122	367
SM_b20718	iML1515.b3749	40.8	493	286	4	12	501	4	493	2.69e-121	364
SM_b20718	STM_v1_0.STM3882	40.7	492	288	3	12	501	4	493	3.80e-121	364
SM_b20718	iYL1228.KPN_04154	40.6	493	287	4	12	501	4	493	3.03e-120	362
SM_b20718	iYL1228.KPN_02587	38.4	487	294	3	18	500	4	488	8.86e-120	360
SM_b20718	iYO844.BSU35940	38.6	490	299	2	13	501	3	491	2.99e-118	356
SM_b20718	iML1515.b2149	38.2	502	300	5	5	500	6	503	4.45e-118	356
SM_b20718	STM_v1_0.STM2189	38.4	495	295	5	12	500	13	503	4.45e-118	356
SM_b20718	iSF_1195.SF2234	38.2	502	300	5	5	500	6	503	4.45e-118	356
SM_b20718	iSSON_1240.SSON_2205	38.2	502	300	5	5	500	6	503	4.45e-118	356
SM_b20718	iML1515.b4087	40.3	496	282	5	18	499	11	506	8.93e-116	350
SM_b20719	iYO844.BSU35950	36.8	334	189	8	3	330	1	318	3.93e-46	159
SM_b20719	iYL1228.KPN_04155	36.1	324	192	3	9	328	4	316	1.49e-45	157
SM_b20719	iML1515.b3750	35.8	324	193	3	9	328	4	316	5.76e-45	155
SM_b20719	iPC815.YPO2499	35.5	324	198	3	2	325	9	321	3.88e-44	154
SM_b20719	STM_v1_0.STM3883	34.9	324	196	3	9	328	4	316	6.16e-44	153
SM_b20719	iLJ478.TM0112	36.6	314	181	6	14	325	7	304	7.84e-44	152
SM_b20719	iNF517.LLMG_RS04065	34.6	301	184	4	30	328	16	305	1.40e-43	152
SM_b20719	iHN637.CLJU_RS00625	34.5	296	182	3	30	325	27	310	2.00e-41	146
SM_b20720	STM_v1_0.STM3884	30.9	298	190	10	10	304	12	296	5.62e-28	109
SM_b20720	iML1515.b3751	32.0	247	159	7	61	304	56	296	1.09e-27	108
SM_b20720	iYL1228.KPN_04156	30.5	298	191	9	10	304	12	296	7.79e-27	106
SM_b20720	iLJ478.TM0958	27.8	263	178	5	52	305	52	311	8.11e-24	99.0
SM_b20722	iAF987.Gmet_0069	38.7	119	69	2	3	117	5	123	1.38e-16	76.6
SM_b20722	iAF987.Gmet_1914	34.7	118	77	0	2	119	3	120	5.03e-16	75.9
SM_b20724	iJN1463.PP_1418	30.9	298	194	5	26	314	32	326	1.76e-32	122
SM_b20724	STM_v1_0.STM2786	29.3	294	203	4	26	314	32	325	3.41e-28	110
SM_b20726	STM_v1_0.STM2788	43.2	491	276	3	1	489	1	490	8.42e-123	368
SM_b20726	iJN1463.PP_1416	39.5	489	293	2	1	487	1	488	1.05e-108	332
SM_b20745	iMM904.YPR035W	46.4	334	164	7	7	333	27	352	8.16e-96	288
SM_b20745	iLB1027_lipid.PHATRDRAFT_51092	43.7	341	171	8	7	333	66	399	4.90e-86	265
SM_b20747	iML1515.b2293	34.2	184	109	6	7	186	6	181	9.37e-14	67.4
SM_b20747	iSF_1195.SF2717	28.5	172	117	3	8	178	9	175	1.48e-11	60.8
SM_b20748	iYO844.BSU35550	38.9	90	52	1	10	96	8	97	4.02e-10	59.3
SM_b20748	iYS854.USA300HOU_RS01340	30.1	103	67	2	11	108	5	107	6.37e-09	57.0
SM_b20749	iSbBS512_1146.SbBS512_E4791	51.9	470	219	5	15	478	11	479	4.59e-146	426
SM_b20749	STM_v1_0.STM3136	50.7	475	228	4	14	482	11	485	7.42e-146	426
SM_b20749	iSSON_1240.SSON_4478	51.9	470	219	5	15	478	11	479	6.50e-146	426
SM_b20749	iML1515.b4323	51.7	470	220	5	15	478	11	479	1.85e-145	425
SM_b20749	iSF_1195.SF4197	51.5	470	221	5	15	478	11	479	2.10e-144	422
SM_b20749	iYL1228.KPN_01587	50.5	469	227	5	18	482	13	480	2.69e-137	404
SM_b20750	iML1515.b4266	35.9	251	155	2	1	247	4	252	4.22e-36	128
SM_b20750	iSSON_1240.SSON_4451	35.9	251	155	2	1	247	4	252	5.94e-36	127
SM_b20750	STM_v1_0.STM4483	34.5	249	161	1	1	247	4	252	6.45e-35	125
SM_b20750	iPC815.YPO2539	33.5	251	161	2	1	247	4	252	1.38e-33	121
SM_b20750	iNF517.LLMG_RS08950	34.0	247	156	4	3	247	2	243	4.12e-33	120
SM_b20750	iYO844.BSU22140	35.7	244	155	2	2	244	8	250	7.51e-33	119
SM_b20750	iSynCJ816.SGL_RS07245	33.1	251	159	4	1	247	1	246	9.62e-32	116
SM_b20750	iCN900.CD630_11820	31.3	252	166	4	1	248	1	249	1.41e-31	116
SM_b20750	iYO844.BSU03930	35.9	248	155	3	3	246	4	251	2.61e-31	115
SM_b20751	iEK1008.Rv0751c	55.9	295	129	1	1	295	1	294	1.30e-100	296
SM_b20752	iCHOv1.100759780	42.8	355	195	4	1	349	28	380	3.74e-84	259
SM_b20752	iEK1008.Rv1071c	42.5	327	181	1	9	335	7	326	4.48e-84	258
SM_b20752	iMM1415.227095	41.4	355	200	4	1	349	28	380	5.92e-80	249
SM_b20753	iEK1008.Rv0752c	63.3	384	134	2	3	379	2	385	1.69e-162	460
SM_b20753	iCHOv1.100751213	55.8	373	165	0	5	377	37	409	1.29e-147	423
SM_b20753	iAT_PLT_636.27034	56.0	373	164	0	5	377	41	413	8.46e-147	421
SM_b20753	iMM1415.66948	55.0	373	168	0	5	377	39	411	1.29e-145	418
SM_b20755	iCHOv1.100759926	63.7	510	179	2	3	510	34	539	4.62e-230	643
SM_b20755	iAT_PLT_636.5096	62.0	529	175	3	4	510	35	559	5.86e-226	633
SM_b20755	iLB1027_lipid.PHATRDRAFT_45886	63.5	509	180	2	3	510	78	581	1.27e-225	633
SM_b20756	iMM1415.110821	52.6	675	302	7	5	670	59	724	1.32e-227	650
SM_b20756	iCHOv1.100765530	52.9	675	300	7	5	670	58	723	5.13e-227	649
SM_b20756	iAT_PLT_636.5095	51.8	674	309	7	5	670	63	728	1.03e-222	638
SM_b20757	iAT_PLT_636.4594	61.8	701	264	3	8	706	42	740	4.19e-304	847
SM_b20757	iMM1415.17850	62.1	701	262	3	8	706	40	738	7.86e-304	847
SM_b20757	iCHOv1.100765277	61.5	701	266	3	8	706	40	738	2.98e-301	840
SM_b20757	iML1515.b2917	60.7	707	270	3	6	705	4	709	1.26e-301	840
SM_b20757	iSF_1195.SF2902	60.6	706	270	3	7	705	5	709	8.32e-300	835
SM_b20757	iSSON_1240.SSON_3068	60.5	706	271	3	7	705	5	709	6.77e-299	833
SM_b20757	iEK1008.Rv1493	59.0	691	271	4	20	698	44	734	8.84e-274	770
SM_b20759	iML1515.b4101	38.0	150	86	2	11	156	3	149	5.78e-23	88.2
SM_b20760	iML1515.b4100	36.7	188	118	1	11	198	6	192	5.35e-31	111
SM_b20761	iML1515.b4099	58.3	360	135	5	1	353	1	352	7.96e-137	393
SM_b20762	iML1515.b4098	78.7	272	58	0	1	272	1	272	5.00e-159	444
SM_b20763	iCN900.CD630_35340	42.9	247	140	1	10	256	43	288	1.22e-65	205
SM_b20764	iML1515.b4096	60.2	216	86	0	7	222	4	219	1.50e-84	250
SM_b20767	iIS312.TCDM_00153	33.8	582	338	13	2	552	4	569	7.19e-65	222
SM_b20767	iCHOv1.100765605	31.5	577	360	11	4	560	6	567	8.13e-62	213
SM_b20767	iYL1228.KPN_03498	34.5	531	314	12	34	558	40	542	3.23e-57	200
SM_b20769	iJN1463.PP_1416	39.3	504	294	6	1	497	1	499	5.18e-108	330
SM_b20769	STM_v1_0.STM2788	37.5	483	291	4	9	485	9	486	1.46e-107	329
SM_b20772	iAF987.Gmet_3404	35.5	332	207	2	13	341	5	332	4.52e-54	180
SM_b20772	STM_v1_0.STM0163	35.0	331	198	6	16	338	6	327	1.53e-51	173
SM_b20776	iSynCJ816.SGL_RS03900	30.4	296	166	8	334	623	373	634	1.13e-29	124
SM_b20784	iJN1463.PP_4863	39.7	237	138	2	1	233	1	236	1.43e-49	162
SM_b20784	iYL1228.KPN_03816	40.5	237	136	2	1	233	1	236	1.97e-49	161
SM_b20784	iML1515.b3454	40.9	232	132	2	6	233	6	236	1.11e-48	159
SM_b20784	iSbBS512_1146.SbBS512_E3868	40.9	232	132	2	6	233	10	240	1.24e-48	159
SM_b20784	iSSON_1240.SSON_3692	40.9	232	132	2	6	233	10	240	1.24e-48	159
SM_b20784	iJN1463.PP_4845	40.4	223	129	1	6	224	2	224	2.71e-48	158
SM_b20784	iPC815.YPO3804	39.7	232	135	2	6	233	2	232	2.79e-48	158
SM_b20784	iSynCJ816.SGL_RS14500	37.0	235	139	3	6	234	2	233	5.56e-48	157
SM_b20784	iJN1463.PP_1137	38.8	232	137	2	6	233	2	232	7.86e-48	157
SM_b20784	STM_v1_0.STM3560	39.7	232	135	2	6	233	6	236	1.24e-47	157
SM_b20784	iSDY_1059.SDY_3603	40.5	232	133	2	6	233	10	240	1.39e-47	157
SM_b20784	iSF_1195.SF3472	40.5	232	133	2	6	233	6	236	1.24e-47	157
SM_b20784	iLJ478.TM1139	38.5	234	138	2	6	234	6	238	2.09e-46	154
SM_b20784	iAF987.Gmet_1819	36.7	237	141	2	6	233	2	238	1.46e-45	152
SM_b20785	iPC815.YPO3805	39.0	251	142	3	4	245	6	254	1.55e-51	168
SM_b20785	iSynCJ816.SGL_RS13090	35.7	244	155	1	2	245	3	244	1.52e-47	161
SM_b20785	iSSON_1240.SSON_3693	37.1	251	147	3	4	245	5	253	3.08e-48	159
SM_b20785	iML1515.b3455	37.1	251	147	3	4	245	5	253	4.34e-48	159
SM_b20785	iJN1463.PP_1138	37.8	251	145	3	4	245	5	253	4.34e-48	159
SM_b20785	iSbBS512_1146.SbBS512_E3867	37.1	251	147	3	4	245	5	253	4.34e-48	159
SM_b20785	iSF_1195.SF3473	37.1	251	147	3	4	245	5	253	4.34e-48	159
SM_b20785	iYL1228.KPN_03817	37.1	251	147	3	4	245	5	253	1.22e-47	158
SM_b20785	iSDY_1059.SDY_3604	36.7	251	148	3	4	245	5	253	1.22e-47	158
SM_b20785	STM_v1_0.STM3561	37.1	251	147	3	4	245	5	253	2.43e-47	157
SM_b20785	iLJ478.TM1138	36.0	258	139	3	14	245	21	278	1.17e-45	154
SM_b20786	iSynCJ816.SGL_RS06015	29.5	305	186	6	42	319	62	364	1.20e-23	100
SM_b20786	iJN1463.PP_1139	27.1	292	189	5	47	317	118	406	2.91e-20	90.5
SM_b20787	iJN1463.PP_4842	28.7	289	187	6	8	282	203	486	1.83e-24	102
SM_b20787	iLJ478.TM1136	27.8	284	197	3	10	285	10	293	8.52e-25	100
SM_b20568	iJN1463.PP_1141	26.6	338	222	15	33	360	23	344	1.79e-14	73.9
SM_b20569	iAF987.Gmet_1899	45.1	246	134	1	11	255	6	251	3.12e-73	224
SM_b20570	iML1515.b0936	26.3	266	172	11	8	266	7	255	2.53e-07	51.2
SM_b20570	iSDY_1059.SDY_2320	26.5	200	135	6	69	266	66	255	3.51e-07	50.8
SM_b20570	iSF_1195.SF0935	26.3	266	172	11	8	266	21	269	4.73e-07	50.4
SM_b20570	iSSON_1240.SSON_0939	26.3	266	172	11	8	266	21	269	4.73e-07	50.4
SM_b20570	iSbBS512_1146.SbBS512_E2382	26.0	200	136	6	69	266	80	269	8.42e-07	49.7
SM_b20571	iYL1228.KPN_00970	38.4	245	147	1	35	279	15	255	3.02e-45	153
SM_b20571	iJN1463.PP_0239	38.5	244	150	0	36	279	13	256	3.51e-44	150
SM_b20571	iPC815.YPO3626	36.9	244	154	0	36	279	13	256	6.47e-41	142
SM_b20571	iCN718.ABAYE_RS19055	36.7	237	144	2	43	276	26	259	1.28e-40	141
SM_b20571	iML1515.b0934	35.9	248	156	1	35	279	8	255	4.76e-40	139
SM_b20571	iSSON_1240.SSON_0937	35.9	248	156	1	35	279	8	255	4.76e-40	139
SM_b20571	iAF987.Gmet_1900	37.4	238	146	2	44	280	17	252	9.98e-40	138
SM_b21691	iJN1463.PP_3219	26.2	267	159	6	26	292	19	247	3.03e-14	73.6
SM_b20573	iJN1463.PP_2764	46.0	163	87	1	5	166	55	217	4.95e-40	135
SM_b20574	iJN1463.PP_4053	37.1	931	510	25	6	874	6	922	4.16e-150	465
SM_b20574	iAF987.Gmet_3468	33.3	1001	518	24	3	872	11	992	3.58e-137	433
SM_b20575	iJN1463.PP_1379	39.1	327	191	4	24	342	19	345	3.07e-55	186
SM_b20576	iJN1463.PP_4655	46.5	200	98	3	8	203	6	200	6.40e-47	152
SM_b20577	iJN1463.PP_4656	62.3	231	86	1	18	248	9	238	4.08e-104	301
SM_b20578	iJN1463.PP_1381	47.1	119	63	0	10	128	6	124	1.61e-34	116
SM_b20578	iJN1463.PP_3648	42.1	121	70	0	10	130	5	125	2.93e-32	110
SM_b20579	iJN1463.PP_1380	38.3	253	151	3	1	250	1	251	3.68e-46	155
SM_b20581	iJN1463.PP_2554	47.7	631	313	7	1	620	1	625	3.58e-186	540
SM_b20583	iJN1463.PP_3537	61.4	391	150	1	1	390	1	391	1.64e-178	501
SM_b20584	iCHOv1.100768542	25.3	178	104	5	57	205	223	400	6.33e-08	52.0
SM_b20584	iMM1415.211389	25.3	178	104	5	57	205	224	401	1.15e-07	51.2
SM_b20584	iAT_PLT_636.6821	25.3	178	104	5	57	205	230	407	2.80e-07	50.1
SM_b20585	iYL1228.KPN_03807	53.4	524	232	6	32	550	35	551	1.13e-182	526
SM_b20585	iSDY_1059.SDY_3595	52.1	524	239	6	32	550	44	560	2.82e-180	521
SM_b20585	iSF_1195.SF3464	52.1	524	239	6	32	550	43	559	1.55e-179	519
SM_b20585	STM_v1_0.STM3551	52.1	524	239	6	32	550	43	559	3.11e-179	518
SM_b20585	iML1515.b3447	51.9	524	240	6	32	550	43	559	4.40e-179	518
SM_b20585	iIT341.HP1118	50.5	509	249	2	27	532	26	534	8.51e-168	488
SM_b20589	iJN1463.PP_3280	71.9	398	111	1	3	399	8	405	1.01e-196	548
SM_b20589	iJN1463.PP_1377	70.1	401	118	2	1	400	1	400	1.62e-189	530
SM_b20589	iYL1228.KPN_01540	66.5	400	134	0	1	400	2	401	1.42e-183	515
SM_b20589	iCN718.ABAYE_RS11935	65.7	399	136	1	1	398	1	399	1.61e-180	507
SM_b20589	iML1515.b1397	68.1	401	127	1	1	400	1	401	4.44e-180	506
SM_b20589	iCN718.ABAYE_RS08895	65.6	401	137	1	1	400	1	401	3.29e-178	501
SM_b20589	iYL1228.KPN_01478	66.8	401	132	1	1	400	1	401	5.96e-178	501
SM_b20589	iCN718.ABAYE_RS08700	64.3	401	142	1	1	400	3	403	8.56e-176	495
SM_b20590	iLJ478.TM1564	45.3	75	41	0	18	92	2	76	2.16e-14	62.8
SM_b20590	iMM1415.75572	39.1	92	53	2	7	95	4	95	7.16e-13	59.3
SM_b20590	iCHOv1.100758982	51.0	49	24	0	24	72	12	60	3.27e-12	57.4
SM_b20598	iCN900.CD630_07170	47.1	51	26	1	135	185	3	52	2.21e-05	45.4
SM_b21707	iJN1463.PP_4845	45.9	233	123	2	1	231	1	232	1.05e-67	207
SM_b21707	iSynCJ816.SGL_RS14500	43.6	234	128	2	1	231	1	233	6.91e-61	190
SM_b20602	iJN1463.PP_4844	60.7	242	95	0	9	250	44	285	3.82e-95	280
SM_b20602	iSynCJ816.SGL_RS13090	55.2	241	107	1	9	249	5	244	2.90e-84	255
SM_b20603	iJN1463.PP_4843	61.3	336	123	2	19	354	23	351	6.67e-138	397
SM_b20604	iJN1463.PP_4842	54.4	432	190	4	110	536	66	495	3.98e-127	380
SM_b20605	iJN1463.PP_4841	66.6	398	123	4	12	400	12	408	1.10e-183	517
SM_b20609	iAF987.Gmet_0043	25.4	397	256	11	663	1040	27	402	1.59e-23	106
SM_b20610	iAF987.Gmet_2999	41.9	117	68	0	13	129	10	126	1.05e-27	110
SM_b20611	iCN718.ABAYE_RS07220	72.1	416	116	0	9	424	11	426	3.39e-200	560
SM_b20613	iAF987.Gmet_1919	31.7	186	116	3	5	184	3	183	3.50e-16	79.3
SM_b20613	iAF987.Gmet_1914	33.9	127	84	0	7	133	4	130	2.80e-15	77.4
SM_b20615	iYO844.BSU08790	69.6	595	139	5	21	598	20	589	4.73e-302	832
SM_b20615	iJN1463.PP_4922	69.3	602	164	7	17	598	23	623	5.87e-300	828
SM_b20615	STM_v1_0.STM4164	68.1	605	173	6	19	604	28	631	1.34e-297	822
SM_b20615	iCN718.ABAYE_RS17505	68.7	597	170	5	18	598	27	622	1.53e-297	822
SM_b20615	iML1515.b3994	67.5	610	168	9	19	604	28	631	5.14e-295	815
SM_b20615	iYL1228.KPN_04376	67.4	605	177	5	19	604	28	631	7.30e-295	815
SM_b20615	iSSON_1240.SSON_4167	67.4	610	169	9	19	604	28	631	7.30e-295	815
SM_b20615	iSF_1195.SF4066	67.4	610	169	9	19	604	28	631	1.47e-294	814
SM_b20615	iSDY_1059.SDY_3732	67.3	605	178	6	19	604	28	631	4.86e-293	810
SM_b20615	iSbBS512_1146.SbBS512_E4485	67.0	610	171	9	19	604	28	631	1.39e-292	809
SM_b20615	iPC815.YPO3739	69.1	586	152	9	19	582	43	621	1.96e-290	806
SM_b20616	iLB1027_lipid.PHATRDRAFT_31544	26.4	390	200	13	3	318	338	714	3.40e-13	70.1
SM_b20616	iSynCJ816.SGL_RS14260	26.8	354	206	11	3	318	7	345	1.66e-12	67.8
SM_b20617	iEK1008.Rv0417	47.7	239	122	2	11	249	15	250	1.87e-61	193
SM_b20617	iAF987.Gmet_2934	43.3	245	138	1	8	252	14	257	6.74e-61	192
SM_b20617	iYL1228.KPN_04372	43.8	242	134	2	11	252	11	250	4.40e-55	177
SM_b20617	iPC815.YPO3742	43.3	233	128	3	6	237	6	235	6.78e-55	177
SM_b20617	iCN900.CD630_17040	42.9	245	137	2	8	252	10	251	8.80e-55	176
SM_b20618	iML1515.b3993	52.0	179	86	0	7	185	16	194	3.36e-56	176
SM_b20618	iSbBS512_1146.SbBS512_E4484	52.0	179	86	0	7	185	16	194	3.36e-56	176
SM_b20618	iSF_1195.SF4065	52.0	179	86	0	7	185	16	194	3.36e-56	176
SM_b20618	iYL1228.KPN_04375	48.9	188	96	0	7	194	16	203	4.77e-56	176
SM_b20618	iSSON_1240.SSON_4166	52.0	179	86	0	7	185	16	194	6.75e-56	176
SM_b20618	STM_v1_0.STM4163	48.9	188	96	0	7	194	16	203	1.35e-55	175
SM_b20618	iSDY_1059.SDY_3733	51.4	179	87	0	7	185	16	194	1.92e-55	174
SM_b20618	iPC815.YPO3740	46.9	192	102	0	7	198	16	207	4.57e-52	166
SM_b20620	iYO844.BSU35960	23.2	271	182	6	53	313	51	305	4.10e-11	62.8
SM_b20620	iYL1228.KPN_04156	25.7	261	180	6	42	297	29	280	4.29e-09	56.6
SM_b20621	iYL1228.KPN_04155	36.0	283	164	5	26	307	49	315	9.59e-40	141
SM_b20621	iML1515.b3750	36.0	283	164	5	26	307	49	315	7.22e-39	139
SM_b20621	iPC815.YPO2499	35.3	306	174	7	5	306	37	322	1.23e-38	139
SM_b20621	STM_v1_0.STM3883	36.0	283	164	5	26	307	49	315	7.58e-38	136
SM_b20621	iCN900.CD630_03020	30.8	325	187	6	5	317	32	330	5.49e-35	129
SM_b20622	iLJ478.TM0115	33.6	506	321	8	6	500	14	515	2.07e-85	272
SM_b20622	iPC815.YPO3964	32.5	511	336	5	1	506	1	507	9.47e-83	265
SM_b20622	iYL1228.KPN_04154	34.1	501	313	7	4	496	2	493	1.14e-82	265
SM_b20622	iJN1463.PP_2455	37.3	482	282	10	1	472	11	482	4.08e-82	264
SM_b20622	iML1515.b3749	34.3	498	316	7	4	496	2	493	4.44e-82	263
SM_b20622	iML1515.b4485	34.4	500	313	6	4	495	7	499	8.53e-82	262
SM_b20622	STM_v1_0.STM2189	33.8	482	310	6	2	478	9	486	9.99e-82	262
SM_b20622	iML1515.b2149	34.0	482	309	6	2	478	9	486	2.77e-81	261
SM_b20622	iSF_1195.SF2234	34.0	482	309	6	2	478	9	486	2.77e-81	261
SM_b20622	iSSON_1240.SSON_2205	34.0	482	309	6	2	478	9	486	2.77e-81	261
SM_b20622	iHN637.CLJU_RS00620	32.4	497	329	5	4	496	3	496	6.40e-81	260
SM_b20622	iYL1228.KPN_04623	34.5	501	311	6	4	495	7	499	6.57e-81	260
SM_b20622	STM_v1_0.STM3882	33.6	497	319	7	5	496	3	493	7.28e-80	257
SM_b20622	iSSON_1240.SSON_4410	33.8	500	316	6	4	495	7	499	7.09e-80	257
SM_b20622	iSbBS512_1146.SbBS512_E1024	35.2	489	303	8	11	492	12	493	1.55e-79	256
SM_b20622	iML1515.b1900	35.0	489	304	8	11	492	12	493	2.18e-79	256
SM_b20622	iSDY_1059.SDY_1121	35.0	489	304	8	11	492	12	493	2.18e-79	256
SM_b20622	iPC815.YPO2256	34.4	488	308	7	11	492	24	505	6.96e-79	255
SM_b20622	iSSON_1240.SSON_1218	35.0	489	304	8	11	492	12	493	8.47e-79	254
SM_b20622	iSF_1195.SF4262	33.6	500	317	6	4	495	7	499	1.51e-78	254
SM_b20622	iPC815.YPO1508	34.2	480	303	8	6	478	13	486	2.47e-78	253
SM_b20622	iYO844.BSU35940	32.4	490	326	4	9	496	5	491	2.48e-78	253
SM_b20622	iYL1228.KPN_02587	33.7	475	306	6	9	478	1	471	2.35e-78	253
SM_b20622	iCN900.CD630_03010	33.3	481	305	8	6	478	5	477	8.88e-78	252
SM_b20622	iML1515.b4087	33.1	477	303	6	11	473	10	484	1.06e-77	252
SM_b20622	iPC815.YPO0958	33.1	492	320	6	4	491	3	489	8.01e-78	252
SM_b20622	iNF517.LLMG_RS04060	33.2	494	316	8	9	496	5	490	1.85e-77	251
SM_b20622	iCN900.CD630_15870	31.7	496	328	6	6	494	4	495	2.32e-76	248
SM_b20622	iLJ478.TM0956	32.5	502	320	8	4	491	10	506	4.33e-76	248
SM_b20622	iPC815.YPO3907	32.2	500	328	5	4	497	2	496	1.68e-75	246
SM_b20623	iLB1027_lipid.PHATRDRAFT_23811	40.5	378	209	6	39	409	440	808	1.24e-88	285
SM_b20623	iYO844.BSU13560	39.3	387	210	5	36	420	34	397	1.17e-86	269
SM_b20624	iLJ478.TM0911	45.4	346	166	5	10	351	5	331	2.19e-83	256
SM_b20624	iAF987.Gmet_0072	43.6	360	157	7	8	350	3	333	1.72e-80	249
SM_b20624	iSynCJ816.SGL_RS12395	43.9	355	166	8	8	351	11	343	1.00e-77	242
SM_b20625	iML1515.b3662	38.9	373	228	0	22	394	17	389	8.35e-77	243
SM_b20625	iJN1463.PP_2647	40.2	363	215	2	13	373	11	373	1.05e-70	227
SM_b20630	iPC815.YPO3712	51.8	355	165	2	9	357	3	357	2.73e-119	349
SM_b20630	iSF_1195.SF4170	50.1	357	170	2	9	357	3	359	1.01e-114	337
SM_b20630	iYL1228.KPN_04424	49.9	355	172	2	9	357	3	357	2.69e-114	336
SM_b20630	iML1515.b4035	49.9	357	171	2	9	357	3	359	5.75e-114	335
SM_b20630	iSSON_1240.SSON_4213	49.9	357	171	2	9	357	3	359	5.75e-114	335
SM_b20630	STM_v1_0.STM4230	48.8	363	164	3	9	357	3	357	2.48e-112	331
SM_b20630	iML1515.b3450	49.4	352	174	4	12	360	6	356	7.90e-108	319
SM_b20630	iEK1008.Rv1238	53.4	322	139	5	10	320	4	325	5.20e-107	318
SM_b20630	iSbBS512_1146.SbBS512_E3873	49.1	352	175	4	12	360	6	356	9.03e-107	317
SM_b20630	STM_v1_0.STM3554	50.3	352	171	4	12	360	6	356	1.81e-106	316
SM_b20632	iSynCJ816.SGL_RS16650	30.7	267	176	4	27	287	34	297	1.33e-39	139
SM_b20632	iEK1008.Rv2834c	33.3	255	165	3	33	287	25	274	4.48e-38	135
SM_b20632	iYO844.BSU28730	30.2	262	178	3	27	287	23	280	1.63e-35	128
SM_b20633	iEK1008.Rv2040c	32.8	287	186	4	12	295	3	285	6.66e-43	149
SM_b20633	iEK1008.Rv2316	32.5	268	175	1	27	294	16	277	3.06e-41	144
SM_b20634	iEK1008.Rv2833c	24.7	369	238	15	59	408	78	425	4.54e-13	70.1
SM_b20634	iYO844.BSU28750	24.0	342	234	14	13	338	23	354	1.42e-12	68.6
SM_b20634	iYO844.BSU34160	22.7	388	257	12	13	381	28	391	1.36e-11	65.5
SM_b20634	iSSON_1240.SSON_4212	23.7	354	241	11	9	355	17	348	2.96e-11	64.3
SM_b20634	iPC815.YPO3796	28.0	232	141	12	119	333	128	350	3.36e-11	64.3
SM_b20634	iML1515.b4034	23.7	354	241	11	9	355	17	348	5.25e-11	63.5
SM_b20634	iSF_1195.SF4171	23.7	354	241	11	9	355	17	348	5.25e-11	63.5
SM_b21630	iJN1463.PP_2928	75.3	409	101	0	1	409	1	409	6.84e-233	641
SM_b21631	iJN1463.PP_2929	72.3	365	101	0	1	365	1	365	1.18e-204	565
SM_b21632	iJN1463.PP_2047	41.5	366	212	1	41	404	4	369	4.35e-75	240
SM_b21632	iMM1415.74147	35.9	410	237	6	20	408	266	670	1.62e-71	238
SM_b21632	iCHOv1.100754698	34.4	410	246	5	20	408	267	674	2.56e-66	224
SM_b21633	iJN1463.PP_3283	62.8	258	95	1	7	263	6	263	2.02e-105	306
SM_b21633	iYL1228.KPN_01475	59.8	259	101	2	7	263	5	262	7.47e-103	299
SM_b21633	iML1515.b1394	59.5	259	102	2	7	263	5	262	2.13e-102	298
SM_b21633	iCN718.ABAYE_RS11945	56.3	263	112	2	3	263	2	263	1.05e-95	281
SM_b21634	iAF987.Gmet_0769	39.0	141	84	1	10	150	7	145	1.07e-28	103
SM_b21635	iYL1228.KPN_01468	54.1	682	296	6	9	682	2	674	4.05e-247	699
SM_b21635	iML1515.b1387	54.7	682	292	5	9	682	2	674	1.32e-244	692
SM_b21635	iJN1463.PP_3270	54.6	680	296	7	11	682	7	681	8.81e-236	670
SM_b21636	iJN1463.PP_3274	49.4	358	180	1	1	358	1	357	1.12e-122	357
SM_b21637	iJN1463.PP_3275	57.8	166	61	2	9	174	21	177	2.61e-63	192
SM_b21638	iJN1463.PP_3276	49.2	250	126	1	13	261	3	252	1.39e-80	242
SM_b21638	iML1515.b1390	48.1	243	125	1	19	261	7	248	9.20e-78	235
SM_b21638	iYL1228.KPN_01471	46.9	243	128	1	19	261	10	251	7.60e-75	228
SM_b21639	iML1515.b1389	66.7	90	30	0	5	94	6	95	1.24e-44	139
SM_b21639	iJN1463.PP_3277	65.2	92	32	0	3	94	2	93	2.35e-44	138
SM_b21639	iYL1228.KPN_01470	62.2	90	34	0	5	94	6	95	2.39e-42	133
SM_b21640	iJN1463.PP_3278	72.4	322	88	1	1	321	1	322	1.72e-175	489
SM_b21640	iYL1228.KPN_01469	69.1	304	94	0	22	325	3	306	1.86e-158	445
SM_b21643	iML1515.b4119	65.8	448	152	1	1	447	1	448	4.39e-226	627
SM_b21643	iSDY_1059.SDY_4092	65.8	448	152	1	1	447	1	448	4.39e-226	627
SM_b21643	iYL1228.KPN_04505	65.3	444	153	1	5	447	4	447	4.91e-225	624
SM_b21643	iSF_1195.SF4104	65.6	448	153	1	1	447	1	448	5.09e-225	624
SM_b21643	iSSON_1240.SSON_4294	65.4	448	154	1	1	447	1	448	2.93e-224	622
SM_b21643	STM_v1_0.STM4298	64.2	450	160	1	1	449	1	450	1.60e-221	615
SM_b21644	iJN1463.PP_4150	49.5	531	264	4	22	552	3	529	2.75e-167	485
SM_b21644	iML1515.b2180	50.4	518	255	2	31	548	11	526	9.80e-164	476
SM_b21645	iLJ478.TM1065	37.6	362	219	4	16	375	8	364	1.61e-77	243
SM_b21645	iLJ478.TM0059	38.6	352	207	6	27	375	15	360	3.46e-75	236
SM_b21646	iLJ478.TM0060	38.6	332	196	6	1	330	1	326	2.37e-74	232
SM_b21647	iLJ478.TM0056	26.4	640	376	24	55	645	42	635	3.88e-46	174
SM_b21647	iLJ478.TM1067	27.0	636	375	23	55	647	44	633	9.19e-46	172
SM_b21648	iYO844.BSU30300	33.7	442	276	8	5	442	3	431	1.13e-70	231
SM_b21648	iML1515.b4119	32.5	462	281	11	1	444	2	450	2.60e-70	230
SM_b21648	iSDY_1059.SDY_4092	32.3	462	282	11	1	444	2	450	1.41e-69	228
SM_b21648	iSF_1195.SF4104	32.3	462	282	11	1	444	2	450	1.98e-69	228
SM_b21648	iSSON_1240.SSON_4294	32.3	462	282	11	1	444	2	450	3.91e-69	227
SM_b21648	STM_v1_0.STM4298	32.6	460	279	11	1	442	2	448	5.48e-69	227
SM_b21648	iYL1228.KPN_04505	31.3	463	285	12	1	444	1	449	7.99e-68	224
