Psyr_0007	iSynCJ816.SGL_RS16150	34.8	333	201	4	5	328	8	333	7.88e-56	184
Psyr_0009	iJN1463.PP_0058	77.5	249	55	1	1	249	6	253	1.42e-145	407
Psyr_0010	iJN1463.PP_0059	80.0	175	35	0	1	175	1	175	1.67e-102	291
Psyr_0011	iJN1463.PP_0060	85.5	684	99	0	1	684	1	684	0.0	1140
Psyr_0012	iJN1463.PP_0061	93.7	315	20	0	21	335	1	315	1.21e-223	610
Psyr_0014	iJN1463.PP_0063	81.0	295	56	0	1	295	1	295	1.73e-178	493
Psyr_0015	iCN718.ABAYE_RS04780	48.6	753	378	4	20	765	25	775	2.53e-252	721
Psyr_0016	iJN1463.PP_0065	85.1	457	68	0	1	457	1	457	5.71e-277	756
Psyr_0018	iJN1463.PP_0067	84.5	310	48	0	5	314	1	310	2.93e-190	525
Psyr_0019	iYO844.BSU15720	41.6	149	85	2	1	149	1	147	6.04e-34	117
Psyr_0019	iAM_Pb448.PBANKA_080930	40.6	160	92	2	4	160	60	219	3.49e-32	114
Psyr_0019	iAM_Pv461.PVX_098840	39.4	160	94	1	4	160	10	169	1.11e-31	112
Psyr_0019	iAM_Pc455.PCYB_071570	39.4	160	94	1	4	160	65	224	8.57e-31	111
Psyr_0019	iAM_Pf480.PF3D7_0907900	38.1	160	96	2	4	160	65	224	1.21e-30	110
Psyr_0023	iJN1463.PP_0072	79.7	325	66	0	1	325	1	325	6.80e-184	509
Psyr_0024	iJN1463.PP_0073	89.1	303	33	0	1	303	1	303	5.17e-214	584
Psyr_0025	iJN1463.PP_0074	76.3	274	65	0	1	274	1	274	1.68e-147	413
Psyr_0026	iJN1463.PP_0075	76.7	514	119	1	10	522	8	521	2.21e-267	737
Psyr_0028	iJN1463.PP_0076	70.5	308	90	1	1	308	1	307	8.75e-155	434
Psyr_0029	iJN1463.PP_0077	76.8	501	116	0	1	501	1	501	1.32e-303	827
Psyr_0031	iJN1463.PP_1380	30.5	272	162	11	5	266	6	260	2.87e-17	79.0
Psyr_0031	iJN1463.PP_0553	28.7	268	168	10	6	268	118	367	3.81e-16	77.0
Psyr_0031	iYL1228.KPN_01542	27.5	247	165	6	20	265	14	247	1.72e-16	76.6
Psyr_0033	iJN1463.PP_0082	89.2	269	29	0	1	269	1	269	2.71e-169	468
Psyr_0034	iJN1463.PP_0083	90.0	402	40	0	1	402	1	402	3.15e-274	745
Psyr_0044	iJN1463.PP_3285	33.1	172	93	4	10	176	10	164	8.77e-20	82.0
Psyr_0044	iML1515.b1400	42.2	161	80	2	1	158	1	151	4.46e-19	80.1
Psyr_0045	iCHOv1.100774083	33.1	610	379	11	79	678	112	702	3.59e-95	308
Psyr_0049	iYO844.BSU38280	29.8	258	162	6	369	615	214	463	6.93e-21	95.9
Psyr_0050	iPC815.YPO3831	41.8	208	117	3	1	207	1	205	3.21e-47	154
Psyr_0050	iML1515.b3824	40.2	204	120	1	1	204	1	202	2.57e-46	151
Psyr_0050	iSbBS512_1146.SbBS512_E4291	40.2	204	120	1	1	204	1	202	2.57e-46	151
Psyr_0050	iYL1228.KPN_04320	40.0	205	119	2	1	204	1	202	1.46e-45	149
Psyr_0050	STM_v1_0.STM3960	39.5	205	120	2	1	204	1	202	2.91e-45	149
Psyr_0052	iPC815.YPO2060	38.9	193	108	3	312	498	4	192	1.34e-27	111
Psyr_0052	iYL1228.KPN_02373	37.8	193	110	5	312	498	4	192	1.29e-25	105
Psyr_0055	iAF987.Gmet_2161	30.2	199	127	4	33	223	396	590	3.11e-16	76.6
Psyr_0058	iJN1463.PP_0190	35.1	168	101	2	4	168	4	166	1.82e-16	72.4
Psyr_0059	iJN1463.PP_0189	71.9	409	113	1	1	409	1	407	1.12e-198	554
Psyr_0060	iJN1463.PP_0188	62.1	372	135	2	17	388	8	373	1.61e-147	422
Psyr_0061	iJN1463.PP_0187	60.6	254	100	0	1	254	1	254	1.50e-94	278
Psyr_0062	iJN1463.PP_0186	88.5	312	36	0	1	312	1	312	1.99e-193	533
Psyr_0063	iAF987.Gmet_2999	37.5	112	63	4	2	109	9	117	1.51e-10	60.1
Psyr_0065	iJN1463.PP_0184	93.5	464	30	0	1	464	5	468	0.0	872
Psyr_0068	iJN1463.PP_0381	33.9	121	79	1	29	148	10	130	1.18e-07	53.9
Psyr_0068	iMM1415.22273	24.8	137	94	3	28	160	52	183	2.87e-07	52.4
Psyr_0068	iCHOv1.100766805	25.8	93	69	0	68	160	34	126	1.41e-06	50.1
Psyr_0069	iJN1463.PP_0145	81.9	540	98	0	1	540	1	540	8.54e-294	806
Psyr_0074	iAF987.Gmet_0957	40.9	438	253	3	110	541	182	619	1.51e-104	327
Psyr_0074	iAF987.Gmet_3085	40.2	435	252	4	110	537	446	879	1.61e-98	318
Psyr_0074	iAF987.Gmet_0700	39.6	454	266	5	86	532	356	808	6.20e-98	315
Psyr_0074	iAF987.Gmet_0782	39.0	436	261	2	112	542	290	725	1.68e-95	306
Psyr_0076	iYO844.BSU22070	73.9	188	49	0	1	188	1	188	7.34e-92	266
Psyr_0078	iSynCJ816.SGL_RS08475	29.9	264	141	9	12	274	6	226	1.42e-24	98.6
Psyr_0078	iCN718.ABAYE_RS09945	31.6	209	106	8	69	274	52	226	5.22e-21	89.0
Psyr_0079	iSynCJ816.SGL_RS08135	28.3	106	72	2	9	112	11	114	1.57e-05	46.6
Psyr_0081	iJN1463.PP_5168	90.5	326	31	0	1	326	1	326	1.40e-214	587
Psyr_0082	iJN1463.PP_5169	92.1	290	23	0	1	290	1	290	2.61e-182	503
Psyr_0083	iJN1463.PP_5170	94.5	272	15	0	1	272	1	272	1.13e-181	499
Psyr_0084	iJN1463.PP_5171	88.1	336	39	1	1	336	8	342	1.15e-221	606
Psyr_0086	iAF987.Gmet_3085	40.8	566	328	3	69	630	317	879	6.20e-140	430
Psyr_0086	iAF987.Gmet_0700	38.6	638	374	8	6	631	183	814	1.09e-127	395
Psyr_0087	iJN1463.PP_0217	84.3	394	62	0	1	394	1	394	4.44e-256	698
Psyr_0088	iAF987.Gmet_0069	39.0	187	110	2	150	335	121	304	5.47e-36	132
Psyr_0088	iJN1463.PP_1761	32.8	311	193	8	30	332	253	555	1.20e-31	125
Psyr_0088	iJN1463.PP_4405	29.8	325	184	10	44	332	14	330	3.18e-31	119
Psyr_0089	iAF987.Gmet_2999	26.4	125	74	2	11	127	8	122	1.59e-05	46.6
Psyr_0089	iJN1463.PP_1494	30.8	91	63	0	36	126	42	132	2.62e-05	45.8
Psyr_0090	iJN1463.PP_0214	85.9	426	59	1	1	426	1	425	1.73e-262	717
Psyr_0091	iJN1463.PP_0213	88.5	480	55	0	1	480	1	480	4.97e-308	837
Psyr_0091	iYL1228.KPN_00256	81.1	482	89	1	1	480	1	482	4.34e-284	776
Psyr_0091	iML1515.b2661	79.9	482	95	1	1	480	1	482	1.31e-278	762
Psyr_0091	iSSON_1240.SSON_2805	80.3	482	93	1	1	480	1	482	1.31e-278	762
Psyr_0091	STM_v1_0.STM2791	79.9	482	95	1	1	480	1	482	1.87e-278	762
Psyr_0092	iYL1228.KPN_04320	37.1	205	127	2	3	207	2	204	1.65e-32	116
Psyr_0092	iPC815.YPO3831	38.6	207	121	4	3	207	2	204	1.65e-32	116
Psyr_0092	iML1515.b3824	35.1	205	131	2	3	207	2	204	2.01e-30	110
Psyr_0092	iSbBS512_1146.SbBS512_E4291	35.1	205	131	2	3	207	2	204	2.01e-30	110
Psyr_0092	STM_v1_0.STM3960	35.8	201	127	2	7	207	6	204	6.13e-29	107
Psyr_0093	iJN1463.PP_3944	26.3	353	238	9	77	415	6	350	1.94e-16	80.5
Psyr_0093	iCN718.ABAYE_RS01180	26.5	328	235	5	78	402	3	327	2.78e-14	73.9
Psyr_0108	iYO844.BSU18540	39.8	402	237	3	16	416	3	400	5.00e-98	300
Psyr_0108	iYL1228.KPN_02541	37.7	401	249	1	18	417	9	409	1.97e-97	298
Psyr_0108	iYL1228.KPN_02548	37.5	400	249	1	19	417	10	409	3.30e-96	295
Psyr_0116	iAF987.Gmet_0798	29.7	209	142	4	1	207	1	206	5.35e-21	86.3
Psyr_0117	iLJ478.TM1255	23.5	328	231	9	63	386	61	372	3.56e-16	79.0
Psyr_0117	iCN900.CD630_13390	23.1	350	232	10	59	384	57	393	1.76e-15	77.0
Psyr_0117	iHN637.CLJU_RS10450	22.5	342	242	8	60	384	58	393	1.06e-13	71.6
Psyr_0120	iLB1027_lipid.PHATRDRAFT_12043	36.5	260	142	7	14	254	3	258	5.44e-41	141
Psyr_0122	iJN1463.PP_3720	28.6	185	107	5	1	165	3	182	7.46e-13	65.1
Psyr_0123	iLJ478.TM1724	41.0	261	131	7	4	258	2	245	3.30e-44	149
Psyr_0131	iML1515.b2293	35.3	170	94	8	7	171	6	164	3.69e-16	73.9
Psyr_0131	iAF692.Mbar_A0742	29.5	176	118	4	6	180	4	174	4.76e-14	68.2
Psyr_0131	iYO844.BSU34550	30.7	189	124	3	8	191	5	191	7.83e-14	67.8
Psyr_0134	iJN1463.PP_2435	67.0	394	127	3	4	395	13	405	6.20e-175	493
Psyr_0136	STM_v1_0.STM3159	31.3	201	130	2	6	204	19	213	2.02e-20	86.3
Psyr_0136	iML1515.b3006	32.8	201	127	3	6	204	19	213	3.92e-20	85.5
Psyr_0136	iJN1463.PP_5306	32.8	198	125	4	6	202	101	291	1.16e-19	85.5
Psyr_0136	iSDY_1059.SDY_3067	32.8	201	127	3	6	204	19	213	3.92e-20	85.5
Psyr_0136	iSF_1195.SF3051	32.8	201	127	3	6	204	19	213	3.92e-20	85.5
Psyr_0136	iSSON_1240.SSON_3149	32.8	201	127	3	6	204	19	213	3.92e-20	85.5
Psyr_0136	iSbBS512_1146.SbBS512_E3434	32.8	201	127	3	6	204	19	213	5.45e-20	85.1
Psyr_0136	iYL1228.KPN_03426	30.7	202	130	2	6	204	14	208	1.32e-18	81.3
Psyr_0136	iPC815.YPO0682	28.7	202	134	2	6	204	128	322	5.29e-18	81.3
Psyr_0137	iJN1463.PP_5307	39.0	118	71	1	14	130	17	134	2.79e-18	75.1
Psyr_0137	iPC815.YPO0683	36.2	130	82	1	1	130	5	133	5.69e-18	74.3
Psyr_0138	iJN1463.PP_2242	22.3	848	479	32	75	904	59	744	6.32e-21	98.2
Psyr_0139	iJN1463.PP_4147	49.4	595	293	4	8	602	7	593	1.14e-209	598
Psyr_0140	iJN1463.PP_4148	71.3	355	100	1	1	353	1	355	1.10e-179	501
Psyr_0141	iJN1463.PP_4149	70.1	335	100	0	5	339	4	338	3.53e-177	494
Psyr_0142	iJN1463.PP_4150	68.4	526	161	2	4	524	5	530	1.11e-243	678
Psyr_0146	iJN1463.PP_0214	48.6	428	215	3	3	430	2	424	5.59e-144	417
Psyr_0146	iML1515.b2662	49.2	419	211	1	5	423	1	417	8.19e-144	416
Psyr_0146	iSSON_1240.SSON_2806	48.8	424	215	1	5	428	1	422	8.19e-144	416
Psyr_0146	iYL1228.KPN_00255	50.1	413	204	1	11	423	7	417	7.85e-142	411
Psyr_0146	STM_v1_0.STM2792	49.4	413	207	1	11	423	7	417	6.35e-141	409
Psyr_0146	iYL1228.KPN_03825	49.9	429	204	4	7	433	2	421	9.66e-139	403
Psyr_0146	iML1515.b1302	48.6	418	208	3	13	428	8	420	4.72e-134	391
Psyr_0146	iSbBS512_1146.SbBS512_E1538	48.6	418	208	3	13	428	8	420	3.81e-133	389
Psyr_0146	iSF_1195.SF1307	48.3	418	209	3	13	428	8	420	1.53e-132	387
Psyr_0147	STM_v1_0.STM1135	40.7	295	160	6	23	309	25	312	1.35e-64	205
Psyr_0147	iML1515.b1033	38.9	303	171	5	16	309	15	312	3.79e-64	204
Psyr_0147	iSSON_1240.SSON_1042	38.9	303	171	5	16	309	28	325	5.50e-64	204
Psyr_0147	iSbBS512_1146.SbBS512_E2296	38.9	303	171	5	16	309	15	312	7.56e-64	203
Psyr_0147	iSDY_1059.SDY_1004	39.3	303	170	6	16	309	28	325	2.18e-63	202
Psyr_0147	iYL1228.KPN_01056	37.9	301	177	4	16	309	15	312	8.45e-63	201
Psyr_0149	iYL1228.KPN_00256	59.6	480	193	1	5	483	2	481	6.27e-205	576
Psyr_0149	iJN1463.PP_0213	59.7	474	190	1	5	478	2	474	5.84e-205	576
Psyr_0149	iSSON_1240.SSON_2805	58.8	480	197	1	5	483	2	481	4.80e-202	568
Psyr_0149	iML1515.b2661	58.3	480	199	1	5	483	2	481	2.76e-201	566
Psyr_0149	STM_v1_0.STM2791	58.8	480	197	1	5	483	2	481	2.24e-200	564
Psyr_0149	iAF987.Gmet_3395	57.4	481	204	1	6	485	4	484	4.84e-200	563
Psyr_0149	iCN718.ABAYE_RS14730	55.5	481	213	1	4	483	2	482	2.25e-188	534
Psyr_0149	iCN718.ABAYE_RS11770	54.8	482	217	1	5	485	2	483	2.78e-187	531
Psyr_0150	iYL1228.KPN_01464	45.2	374	198	5	8	379	4	372	8.50e-105	313
Psyr_0151	iYO844.BSU11670	24.7	369	231	12	7	356	6	346	2.51e-26	108
Psyr_0151	iJN1463.PP_0323	27.0	382	249	11	7	373	34	400	2.54e-24	103
Psyr_0152	iYL1228.KPN_03046	31.7	205	116	7	118	322	99	279	1.48e-09	59.3
Psyr_0152	iCN718.ABAYE_RS02030	26.2	362	192	17	16	342	151	472	3.32e-09	58.5
Psyr_0154	iSDY_1059.SDY_0758	34.0	561	330	7	4	528	1	557	2.00e-93	299
Psyr_0154	iSSON_1240.SSON_0811	33.9	561	331	7	4	528	1	557	7.76e-93	298
Psyr_0154	iML1515.b0829	33.9	561	331	7	4	528	12	568	1.43e-92	297
Psyr_0154	iSbBS512_1146.SbBS512_E2519	33.9	561	331	7	4	528	12	568	5.53e-92	296
Psyr_0154	iSF_1195.SF0779	34.0	561	330	7	4	528	1	557	4.21e-92	296
Psyr_0154	iJN1463.PP_4150	37.0	530	319	9	4	526	6	527	2.13e-92	294
Psyr_0154	STM_v1_0.STM0848	33.9	561	331	7	4	528	12	568	2.27e-90	291
Psyr_0154	iYS854.USA300HOU_RS01050	34.0	532	339	6	1	527	1	525	2.06e-91	291
Psyr_0154	iYL1228.KPN_00862	34.0	556	336	8	3	528	11	565	5.66e-90	290
Psyr_0154	iEK1008.Rv1281c	32.7	612	322	9	1	529	1	605	9.24e-84	274
Psyr_0154	iML1515.b2180	35.0	529	329	8	4	524	5	526	4.81e-83	270
Psyr_0155	iSSON_1240.SSON_1639	32.7	269	181	0	23	291	27	295	1.47e-34	126
Psyr_0155	iML1515.b1485	32.3	269	182	0	23	291	27	295	2.15e-33	123
Psyr_0155	iSbBS512_1146.SbBS512_E1748	32.3	269	178	1	23	291	27	291	7.53e-33	122
Psyr_0155	iYS854.USA300HOU_RS01060	34.6	217	133	2	67	279	165	376	1.12e-31	120
Psyr_0155	iSbBS512_1146.SbBS512_E2516	29.0	255	180	1	28	281	39	293	3.58e-31	117
Psyr_0155	iSSON_1240.SSON_0814	29.0	255	180	1	28	281	39	293	3.58e-31	117
Psyr_0155	iML1515.b0832	28.6	255	181	1	28	281	39	293	4.99e-31	117
Psyr_0155	iJN1463.PP_3344	29.9	271	184	1	14	284	9	273	1.21e-30	115
Psyr_0155	iSDY_1059.SDY_0755	28.2	255	182	1	28	281	39	293	3.68e-30	115
Psyr_0155	iJN1463.PP_0880	31.0	255	169	2	33	281	43	296	7.87e-30	114
Psyr_0155	iLJ478.TM1748	27.5	262	190	0	28	289	25	286	5.41e-30	114
Psyr_0156	iYL1228.KPN_00864	39.3	308	179	3	9	316	5	304	2.05e-58	189
Psyr_0156	STM_v1_0.STM0850	38.6	308	181	3	9	316	5	304	5.76e-58	188
Psyr_0156	iML1515.b0831	38.0	308	183	3	9	316	5	304	1.40e-55	182
Psyr_0156	iSDY_1059.SDY_0756	38.0	308	183	3	9	316	5	304	1.40e-55	182
Psyr_0156	iSF_1195.SF0781	37.6	311	186	3	6	316	2	304	1.98e-55	182
Psyr_0156	iSSON_1240.SSON_0813	38.0	308	183	3	9	316	5	304	1.98e-55	182
Psyr_0156	iSbBS512_1146.SbBS512_E2517	37.7	308	184	3	9	316	5	304	2.18e-54	179
Psyr_0157	iML1515.b0830	26.6	474	321	13	81	532	36	504	9.58e-32	128
Psyr_0157	iSF_1195.SF0780	26.6	474	321	13	81	532	36	504	2.38e-31	127
Psyr_0157	iSSON_1240.SSON_0812	26.6	474	321	13	81	532	36	504	2.38e-31	127
Psyr_0157	iSbBS512_1146.SbBS512_E2518	26.4	474	322	13	81	532	36	504	4.36e-31	126
Psyr_0157	iSDY_1059.SDY_0757	26.4	474	322	13	81	532	36	504	7.99e-31	125
Psyr_0157	iYL1228.KPN_00863	25.9	474	324	12	81	532	36	504	1.48e-30	124
Psyr_0157	STM_v1_0.STM0849	25.3	474	327	12	81	532	36	504	6.59e-30	122
Psyr_0158	iJN1463.PP_3146	32.5	388	251	6	6	388	4	385	1.45e-50	176
Psyr_0158	iJN1463.PP_5273	32.4	370	237	7	30	393	28	390	7.87e-48	169
Psyr_0158	iML1515.b1301	33.4	401	254	9	34	428	29	422	1.99e-46	165
Psyr_0158	iSSON_1240.SSON_1839	33.2	401	255	9	34	428	29	422	2.78e-46	164
Psyr_0158	iYL1228.KPN_01017	32.2	401	259	9	34	428	29	422	1.04e-45	163
Psyr_0158	iSbBS512_1146.SbBS512_E1537	33.2	401	255	9	34	428	29	422	2.81e-45	162
Psyr_0158	iSF_1195.SF1306	32.7	401	257	8	34	428	29	422	2.04e-44	159
Psyr_0158	iSDY_1059.SDY_1943	33.8	367	230	7	34	395	29	387	2.83e-44	159
Psyr_0168	iYO844.BSU30560	53.2	506	234	3	11	514	22	526	1.82e-183	524
Psyr_0171	iML1515.b1285	43.5	115	61	1	145	259	545	655	1.02e-22	96.7
Psyr_0171	iYL1228.KPN_02455	30.9	223	148	3	28	245	371	592	4.40e-22	94.7
Psyr_0171	iAF987.Gmet_0700	29.6	233	154	4	28	251	583	814	1.25e-21	93.6
Psyr_0171	iAF987.Gmet_3085	33.3	222	138	5	32	244	653	873	6.57e-20	88.6
Psyr_0171	iAF987.Gmet_0782	29.5	227	148	4	28	244	490	714	8.37e-20	88.2
Psyr_0171	iJN1463.PP_0914	30.0	227	139	7	32	244	452	672	2.03e-19	87.0
Psyr_0173	iAF692.Mbar_A3203	25.3	328	201	7	2	288	3	327	4.04e-21	91.3
Psyr_0174	iJN1463.PP_0137	87.6	426	53	0	1	426	1	426	2.03e-258	708
Psyr_0177	iJN1463.PP_5222	67.4	948	305	3	1	947	1	945	0.0	1280
Psyr_0180	iSbBS512_1146.SbBS512_E4266	41.1	107	59	2	3	107	1	105	1.54e-23	86.7
Psyr_0180	iSDY_1059.SDY_3938	41.1	107	59	2	3	107	1	105	1.54e-23	86.7
Psyr_0180	iSF_1195.SF3880	41.1	107	59	2	3	107	1	105	1.54e-23	86.7
Psyr_0180	iSSON_1240.SSON_3980	41.1	107	59	2	3	107	1	105	1.54e-23	86.7
Psyr_0181	iJN1463.PP_5226	90.6	32	3	0	1	32	1	32	1.22e-14	60.5
Psyr_0182	iJN1463.PP_5227	85.5	415	60	0	1	415	1	415	6.33e-262	714
Psyr_0183	iJN1463.PP_5228	84.8	276	42	0	1	276	12	287	1.17e-176	488
Psyr_0186	iML1515.b3812	33.2	229	149	1	2	226	10	238	6.97e-35	124
Psyr_0189	iJN1463.PP_5233	87.4	445	54	1	1	445	1	443	1.09e-279	762
Psyr_0194	iMM904.YMR226C	35.0	246	151	6	7	243	14	259	5.84e-34	122
Psyr_0194	iAF987.Gmet_1601	34.2	228	141	4	3	224	2	226	6.27e-31	114
Psyr_0194	iLJ478.TM1724	31.0	239	156	4	4	236	3	238	3.41e-30	112
Psyr_0197	iAF692.Mbar_A1776	26.2	191	100	6	188	346	9	190	4.78e-06	48.9
Psyr_0197	iSynCJ816.SGL_RS02940	26.8	183	107	4	191	346	14	196	8.27e-06	48.1
Psyr_0197	iSynCJ816.SGL_RS04915	27.4	179	103	5	194	346	21	198	4.09e-05	45.4
Psyr_0198	iJN1463.PP_0147	88.3	435	51	0	1	435	1	435	8.73e-270	736
Psyr_0203	iJN1463.PP_5308	62.1	248	89	4	1	248	1	243	1.25e-65	203
Psyr_0204	iJN1463.PP_5307	83.1	142	23	1	1	141	1	142	1.95e-79	230
Psyr_0205	iJN1463.PP_5306	76.1	330	59	6	1	320	1	320	5.29e-141	400
Psyr_0208	iML1515.b1010	31.7	123	83	1	1	122	1	123	4.86e-14	63.5
Psyr_0208	iSDY_1059.SDY_0985	31.7	123	83	1	1	122	1	123	4.86e-14	63.5
Psyr_0208	iSF_1195.SF1013	31.7	123	83	1	1	122	1	123	9.65e-14	62.8
Psyr_0209	iJN1463.PP_5302	92.6	701	51	1	7	706	1	701	0.0	1283
Psyr_0211	iJN1463.PP_5296	65.0	214	67	1	1	214	1	206	2.91e-91	266
Psyr_0213	iCN900.CD630_33080	55.8	240	105	1	1	240	1	239	3.91e-85	259
Psyr_0216	iJN1463.PP_5291	88.7	213	24	0	1	213	1	213	4.78e-133	372
Psyr_0218	iJN1463.PP_5289	93.0	299	21	0	1	299	1	299	7.09e-197	540
Psyr_0219	iJN1463.PP_5288	80.7	455	88	0	11	465	9	463	3.11e-273	747
Psyr_0220	iJN1463.PP_5286	92.7	151	11	0	1	151	1	151	8.87e-101	285
Psyr_0221	iJN1463.PP_5285	86.8	402	53	0	14	415	1	402	5.91e-248	679
Psyr_0223	iJN1463.PP_0882	50.3	531	261	2	1	528	14	544	8.23e-185	529
Psyr_0227	iJN1463.PP_5278	86.5	497	67	0	3	499	1	497	2.22e-319	867
Psyr_0229	iAF987.Gmet_0078	31.6	452	273	5	40	475	36	467	1.68e-60	207
Psyr_0230	iCN900.CD630_36640	27.5	382	267	7	90	465	13	390	1.36e-48	171
Psyr_0232	iJN1463.PP_5273	77.4	424	96	0	13	436	6	429	8.53e-244	670
Psyr_0235	iJN1463.PP_5270	89.8	433	44	0	1	433	1	433	2.35e-287	780
Psyr_0237	iJN1463.PP_5269	75.4	354	87	0	1	354	1	354	1.19e-193	537
Psyr_0238	iAF692.Mbar_A2079	29.0	124	77	3	18	139	3	117	1.75e-04	40.4
Psyr_0241	iCN900.CD630_23390	24.4	390	215	15	144	529	119	432	1.16e-13	73.2
Psyr_0241	iAF987.Gmet_2054	22.1	511	292	15	23	530	34	441	1.58e-13	72.8
Psyr_0241	iAF987.Gmet_3294	22.7	524	291	21	12	530	23	437	2.06e-13	72.4
Psyr_0242	iJN1463.PP_1382	66.5	173	58	0	1	173	1	173	2.31e-82	240
Psyr_0244	iJN1463.PP_5196	83.0	329	56	0	5	333	5	333	1.15e-202	558
Psyr_0245	iJN1463.PP_5195	84.4	538	83	1	1	538	1	537	8.00e-314	856
Psyr_0246	iJN1463.PP_5194	74.7	360	91	0	1	360	1	360	1.10e-195	542
Psyr_0247	iJN1463.PP_5193	77.3	128	28	1	1	128	1	127	5.21e-66	195
Psyr_0253	iJN1463.PP_5186	81.5	379	70	0	14	392	1	379	1.74e-236	648
Psyr_0254	iJN1463.PP_5185	88.0	432	52	0	1	432	1	432	3.04e-280	762
Psyr_0255	iJN1463.PP_0243	72.6	530	140	4	6	535	1	525	3.34e-278	765
Psyr_0256	iML1515.b0597	29.9	87	61	0	16	102	24	110	1.80e-05	41.2
Psyr_0257	iHN637.CLJU_RS10465	39.2	74	42	2	646	718	475	546	1.58e-08	57.8
Psyr_0258	iAF987.Gmet_1706	39.8	118	67	2	12	127	2	117	7.68e-19	83.6
Psyr_0263	iAF987.Gmet_1914	31.7	120	82	0	10	129	3	122	1.92e-13	71.6
Psyr_0263	iAF987.Gmet_1919	34.1	135	89	0	11	145	5	139	1.16e-13	71.6
Psyr_0264	iAF987.Gmet_0043	28.2	252	158	9	362	594	19	266	3.46e-13	72.0
Psyr_0265	iML1515.b0867	40.9	264	131	5	35	279	12	269	1.15e-58	188
Psyr_0266	iJN1463.PP_0129	57.9	691	244	5	1	690	1	645	9.64e-226	643
Psyr_0268	iJN1463.PP_0127	76.7	210	47	2	1	209	1	209	4.45e-117	331
Psyr_0272	iJN1463.PP_0121	73.4	316	84	0	1	316	1	316	1.10e-173	483
Psyr_0275	iJN1463.PP_0120	75.4	293	66	1	21	313	16	302	1.31e-142	404
Psyr_0277	iJN1463.PP_0118	83.6	262	38	2	1	262	1	257	9.72e-156	433
Psyr_0278	iJN1463.PP_0117	88.1	260	31	0	1	260	1	260	3.84e-149	416
Psyr_0280	iJN1463.PP_0115	75.9	709	166	3	10	716	6	711	0.0	1066
Psyr_0281	iJN1463.PP_0114	86.0	335	47	0	1	335	1	335	6.95e-205	563
Psyr_0282	iJN1463.PP_0113	75.4	224	54	1	1	224	1	223	1.48e-109	313
Psyr_0283	iJN1463.PP_0112	75.1	257	63	1	1	257	1	256	8.41e-130	367
Psyr_0284	iIS312.TCDM_00967	28.0	157	89	3	71	203	165	321	4.94e-18	80.5
Psyr_0285	iJN1463.PP_0105	59.8	164	56	2	8	161	7	170	3.46e-63	192
Psyr_0287	iEK1008.Rv3273	37.9	480	281	6	10	481	31	501	2.12e-82	271
Psyr_0288	iJN1463.PP_0100	78.6	224	48	0	20	243	16	239	1.00e-128	363
Psyr_0291	iNF517.LLMG_RS09290	28.8	198	110	9	6	178	9	200	2.04e-08	52.4
Psyr_0292	iPC815.YPO3771	67.7	325	104	1	10	333	9	333	1.76e-155	439
Psyr_0292	iCN718.ABAYE_RS14480	63.2	334	123	0	1	334	1	334	1.97e-144	410
Psyr_0293	iJN1463.PP_5217	93.2	692	47	0	45	736	36	727	0.0	1285
Psyr_0294	iJN1463.PP_5216	84.8	500	76	0	27	526	1	500	8.70e-312	849
Psyr_0295	iYO844.BSU27430	52.7	239	113	0	3	241	1	239	1.08e-85	254
Psyr_0295	iNF517.LLMG_RS09915	53.6	239	111	0	3	241	5	243	7.62e-84	249
Psyr_0295	iSynCJ816.SGL_RS08035	53.7	244	110	1	2	242	7	250	1.14e-82	247
Psyr_0295	iYS854.USA300HOU_RS13040	52.9	240	112	1	3	241	1	240	6.90e-82	244
Psyr_0295	iNF517.LLMG_RS09720	53.1	241	113	0	4	244	7	247	3.18e-81	243
Psyr_0295	iYS854.USA300HOU_RS09925	52.7	241	114	0	1	241	1	241	2.70e-81	243
Psyr_0295	iSDY_1059.SDY_0787	52.1	236	113	0	3	238	1	236	9.55e-79	236
Psyr_0295	iSSON_1240.SSON_0789	52.1	236	113	0	3	238	1	236	1.35e-78	236
Psyr_0295	iYO844.BSU23960	50.8	236	116	0	3	238	1	236	2.72e-78	235
Psyr_0295	STM_v1_0.STM0828	51.7	236	114	0	3	238	1	236	2.72e-78	235
Psyr_0295	iML1515.b0809	51.7	236	114	0	3	238	1	236	7.74e-78	234
Psyr_0295	iSbBS512_1146.SbBS512_E2539	51.7	236	114	0	3	238	1	236	7.74e-78	234
Psyr_0295	iML1515.b1917	53.3	244	108	1	1	238	1	244	1.51e-77	234
Psyr_0295	iML1515.b2306	52.2	247	106	3	4	238	6	252	3.80e-77	233
Psyr_0295	iJN1463.PP_0283	50.0	250	114	2	2	240	6	255	3.80e-77	233
Psyr_0295	iSbBS512_1146.SbBS512_E2684	52.2	247	106	3	4	238	6	252	3.80e-77	233
Psyr_0295	iSF_1195.SF2382	52.2	247	106	3	4	238	6	252	3.80e-77	233
Psyr_0295	iSSON_1240.SSON_2364	52.2	247	106	3	4	238	6	252	3.80e-77	233
Psyr_0295	STM_v1_0.STM2351	51.8	247	107	3	4	238	7	253	5.57e-77	233
Psyr_0295	iCN900.CD630_07520	49.8	239	120	0	3	241	1	239	4.43e-77	232
Psyr_0295	iSDY_1059.SDY_2505	52.2	247	106	3	4	238	6	252	7.64e-77	232
Psyr_0295	iYL1228.KPN_02696	52.6	247	105	3	4	238	6	252	1.53e-76	231
Psyr_0295	iSF_1195.SF0760	51.3	236	115	0	3	238	1	236	8.90e-77	231
Psyr_0295	iYL1228.KPN_00838	50.4	236	117	0	3	238	1	236	1.79e-76	231
Psyr_0295	iJN1463.PP_0225	51.6	248	110	2	3	240	1	248	2.63e-76	231
Psyr_0295	iPC815.YPO2612	50.2	241	120	0	3	243	2	242	2.70e-76	230
Psyr_0296	iML1515.b1918	37.4	206	129	0	7	212	10	215	4.29e-38	131
Psyr_0296	iJN1463.PP_0226	37.8	201	125	0	12	212	16	216	1.89e-36	127
Psyr_0296	iSynCJ816.SGL_RS07090	36.6	213	129	1	2	208	300	512	1.21e-31	120
Psyr_0297	iSynCJ816.SGL_RS07090	35.1	202	125	1	17	212	310	511	4.47e-29	113
Psyr_0297	iJN1463.PP_0226	36.0	189	121	0	10	198	9	197	3.98e-30	110
Psyr_0297	iNF517.LLMG_RS09715	36.9	217	125	3	7	215	496	708	2.09e-27	108
Psyr_0297	iYS854.USA300HOU_RS09930	33.7	199	131	1	18	215	282	480	1.12e-27	108
Psyr_0297	iML1515.b1918	34.2	193	127	0	10	202	8	200	8.52e-29	107
Psyr_0297	iCN900.CD630_07510	29.3	205	138	1	18	215	16	220	2.73e-27	103
Psyr_0297	iYL1228.KPN_00839	34.7	213	137	1	5	215	3	215	4.68e-27	102
Psyr_0297	iYO844.BSU03600	35.8	179	109	1	6	184	23	195	9.21e-27	102
Psyr_0298	iCN718.ABAYE_RS11415	28.6	241	164	3	19	254	36	273	1.20e-31	117
Psyr_0298	iIT341.HP1172	31.0	232	153	5	26	253	33	261	1.58e-27	106
Psyr_0300	iJN1463.PP_5215	83.3	108	18	0	1	108	1	108	4.24e-65	192
Psyr_0301	iCN900.CD630_02510	27.9	240	151	6	160	387	151	380	1.42e-09	59.3
Psyr_0302	iJN1463.PP_5213	91.0	488	44	0	5	492	1	488	0.0	943
Psyr_0303	STM_v1_0.STM2093	30.2	321	212	9	3	316	5	320	1.48e-36	133
Psyr_0305	iML1515.b2240	74.1	428	111	0	1	428	1	428	2.51e-249	686
Psyr_0305	iSbBS512_1146.SbBS512_E2622	74.1	428	111	0	1	428	1	428	2.51e-249	686
Psyr_0305	iSSON_1240.SSON_2301	74.1	428	111	0	1	428	1	428	2.51e-249	686
Psyr_0305	iYL1228.KPN_02646	74.1	428	111	0	1	428	1	428	1.77e-248	683
Psyr_0305	iSF_1195.SF2322	73.6	428	113	0	1	428	1	428	1.68e-247	681
Psyr_0305	STM_v1_0.STM2283	70.7	450	128	1	1	446	1	450	2.38e-247	681
Psyr_0305	iSDY_1059.SDY_2435	73.4	428	114	0	1	428	1	428	4.81e-247	680
Psyr_0313	iEK1008.Rv3141	42.4	297	166	4	30	324	28	321	4.84e-67	213
Psyr_0317	iJN1463.PP_5203	80.3	193	38	0	7	199	7	199	1.98e-113	321
Psyr_0321	iYS854.USA300HOU_RS08170	29.9	261	151	5	163	422	114	343	1.21e-30	120
Psyr_0322	iJN1463.PP_5199	77.2	394	90	0	1	394	1	394	2.64e-224	618
Psyr_0323	iJN1463.PP_5197	79.1	406	84	1	1	405	1	406	2.35e-235	647
Psyr_0325	iYL1228.KPN_03521	56.1	424	186	0	2	425	3	426	3.54e-177	501
Psyr_0325	iPC815.YPO0577	56.3	412	180	0	2	413	4	415	1.21e-175	498
Psyr_0325	iML1515.b3093	56.3	414	181	0	2	415	3	416	6.46e-175	496
Psyr_0325	iSF_1195.SF3133	56.3	414	181	0	2	415	3	416	6.46e-175	496
Psyr_0325	iSbBS512_1146.SbBS512_E3529	56.0	414	182	0	2	415	3	416	7.00e-172	488
Psyr_0325	iSDY_1059.SDY_3278	55.6	414	184	0	2	415	43	456	1.30e-169	484
Psyr_0328	iJN1463.PP_0112	64.2	260	89	1	1	260	1	256	2.53e-113	325
Psyr_0330	iML1515.b1430	24.2	149	101	2	44	190	31	169	4.71e-08	51.2
Psyr_0330	iJN1463.PP_1765	25.6	156	87	4	47	175	51	204	4.04e-07	48.9
Psyr_0331	iAF987.Gmet_2020	28.8	532	332	10	3	512	7	513	1.40e-60	207
Psyr_0335	iYS854.USA300HOU_RS11805	27.1	133	91	2	30	158	27	157	1.41e-05	46.6
Psyr_0337	iJN1463.PP_0169	76.8	289	65	1	10	298	13	299	6.62e-164	457
Psyr_0338	iAF987.Gmet_1899	53.0	198	91	2	42	239	24	219	1.99e-67	210
Psyr_0338	iJN1463.PP_0209	49.0	210	105	2	29	238	14	221	8.14e-60	191
Psyr_0339	iCN718.ABAYE_RS19055	33.1	245	153	4	66	307	23	259	9.48e-31	116
Psyr_0339	iPC815.YPO3626	32.8	244	153	4	53	293	6	241	1.36e-29	113
Psyr_0339	iYL1228.KPN_00313	31.6	247	150	5	67	303	31	268	2.43e-27	107
Psyr_0339	iSF_1195.SF0251	29.8	242	161	2	67	303	31	268	9.10e-27	105
Psyr_0339	iSSON_1240.SSON_0345	29.8	242	161	2	67	303	31	268	9.10e-27	105
Psyr_0339	iAF987.Gmet_1900	31.6	256	163	5	53	308	6	249	1.10e-26	105
Psyr_0344	iJN1463.PP_1386	29.3	362	216	10	20	361	20	361	1.09e-18	86.3
Psyr_0344	STM_v1_0.STM3390	27.3	373	246	9	4	357	6	372	1.49e-18	85.9
Psyr_0344	iML1515.b0463	28.0	361	238	9	19	361	21	377	3.99e-18	84.7
Psyr_0344	iSSON_1240.SSON_0450	27.7	361	239	9	19	361	21	377	3.99e-18	84.7
Psyr_0344	iML1515.b3265	26.5	362	236	8	18	357	19	372	4.96e-18	84.3
Psyr_0344	iSbBS512_1146.SbBS512_E3648	26.5	362	236	8	18	357	19	372	4.96e-18	84.3
Psyr_0344	iSF_1195.SF0408	27.4	361	240	8	19	361	21	377	1.78e-17	82.8
Psyr_0344	iSDY_1059.SDY_0456	27.7	361	239	9	19	361	21	377	2.41e-17	82.4
Psyr_0344	iYL1228.KPN_03672	26.3	361	246	7	12	357	12	367	3.90e-17	81.6
Psyr_0344	iPC815.YPO3132	25.5	361	246	8	20	361	22	378	1.91e-16	79.7
Psyr_0345	iML1515.b0463	24.5	364	257	5	12	357	14	377	1.38e-15	77.0
Psyr_0345	iSF_1195.SF0408	24.7	364	256	5	12	357	14	377	1.38e-15	77.0
Psyr_0345	iSSON_1240.SSON_0450	24.5	364	257	5	12	357	14	377	1.86e-15	76.6
Psyr_0345	iSDY_1059.SDY_0456	24.5	364	257	5	12	357	14	377	2.50e-15	76.3
Psyr_0346	iJN1463.PP_2410	25.8	1056	719	20	6	1011	4	1044	1.11e-70	255
Psyr_0346	iJN1463.PP_0043	24.8	1077	711	23	6	1015	4	1048	4.59e-68	247
Psyr_0346	iAF987.Gmet_3509	23.9	1058	729	22	6	1015	4	1033	3.17e-67	244
Psyr_0349	iJN1463.PP_0219	85.5	214	31	0	1	214	1	214	1.16e-129	363
Psyr_0350	iJN1463.PP_0220	70.5	356	99	2	20	375	19	368	5.18e-165	466
Psyr_0351	iJN1463.PP_0221	83.3	240	40	0	22	261	26	265	6.15e-145	406
Psyr_0352	iYO844.BSU08860	25.8	330	207	7	85	413	55	347	8.97e-18	84.3
Psyr_0352	iJN1463.PP_3219	27.7	213	129	4	78	290	48	235	4.86e-17	82.0
Psyr_0353	iJN1463.PP_2216	23.2	357	246	9	31	376	22	361	8.14e-12	65.9
Psyr_0353	iYO844.BSU04520	21.6	366	251	10	27	377	20	364	3.53e-11	63.9
Psyr_0353	iCHOv1.100774097	21.9	356	244	9	35	376	57	392	1.64e-10	62.0
Psyr_0354	iJN1463.PP_2216	23.9	351	226	14	77	410	30	356	4.20e-12	67.0
Psyr_0354	iEK1008.Rv3274c	20.7	358	249	9	72	415	37	373	7.95e-12	66.2
Psyr_0354	iYS854.USA300HOU_RS12370	21.8	353	240	12	77	416	37	366	2.45e-11	64.7
Psyr_0356	iJN1463.PP_0225	81.8	242	44	0	1	242	1	242	3.83e-134	377
Psyr_0356	iML1515.b1917	74.9	243	61	0	2	244	4	246	3.09e-121	345
Psyr_0357	iJN1463.PP_0226	80.5	221	43	0	1	221	1	221	2.63e-123	348
Psyr_0357	iML1515.b1918	75.0	220	55	0	2	221	1	220	3.99e-111	317
Psyr_0358	iJN1463.PP_0227	72.3	264	70	2	4	265	2	264	1.52e-129	367
Psyr_0358	STM_v1_0.STM1954	65.4	266	91	1	1	265	1	266	1.69e-117	337
Psyr_0358	iML1515.b1920	65.0	266	92	1	1	265	1	266	2.27e-115	331
Psyr_0359	iPC815.YPO1845	61.7	326	122	3	2	326	3	326	4.36e-131	376
Psyr_0359	iYL1228.KPN_02417	60.2	327	126	3	1	326	1	324	5.42e-129	371
Psyr_0359	iML1515.b1919	59.6	324	127	3	4	326	4	324	1.09e-128	370
Psyr_0359	iSbBS512_1146.SbBS512_E1047	59.6	324	127	3	4	326	4	324	2.19e-128	369
Psyr_0359	iSF_1195.SF1962	59.3	324	128	3	4	326	36	356	1.31e-127	369
Psyr_0359	iSDY_1059.SDY_1098	59.3	324	128	3	4	326	36	356	2.63e-127	368
Psyr_0359	iSSON_1240.SSON_1199	59.0	324	129	3	4	326	4	324	4.15e-126	363
Psyr_0360	iJN1463.PP_0228	83.9	305	47	1	13	317	7	309	1.58e-181	503
Psyr_0364	iJN1463.PP_1132	55.5	375	157	5	15	380	10	383	1.10e-125	367
Psyr_0364	STM_v1_0.STM0039	50.8	386	178	3	16	391	4	387	1.30e-119	352
Psyr_0364	iSbBS512_1146.SbBS512_E0019	51.6	382	173	3	16	387	4	383	2.61e-119	351
Psyr_0364	iSSON_1240.SSON_0021	51.6	382	173	3	16	387	4	383	2.61e-119	351
Psyr_0364	iYL1228.KPN_00016	51.6	382	173	4	16	387	8	387	6.57e-119	350
Psyr_0364	iSF_1195.SF0016	51.8	382	172	3	16	387	4	383	7.40e-119	350
Psyr_0364	iML1515.b0019	51.6	382	173	3	16	387	4	383	1.05e-118	349
Psyr_0364	iSDY_1059.SDY_0018	51.3	382	174	3	16	387	4	383	4.22e-118	348
Psyr_0364	iPC815.YPO0470	50.8	380	176	3	15	385	4	381	1.03e-117	347
Psyr_0367	iJN1463.PP_5036	81.1	454	86	0	1	454	1	454	1.06e-275	753
Psyr_0370	iJN1463.PP_5040	90.1	335	33	0	1	335	1	335	4.28e-227	620
Psyr_0374	iJN1463.PP_5041	82.1	816	146	0	1	816	1	816	0.0	1358
Psyr_0375	iYL1228.KPN_02120	24.4	270	151	10	37	293	38	267	1.19e-07	52.0
Psyr_0375	iML1515.b0349	24.1	270	152	7	37	293	38	267	1.22e-06	48.9
Psyr_0375	iAF987.Gmet_0843	31.8	110	67	4	24	132	12	114	1.52e-06	48.5
Psyr_0385	iJN1463.PP_5015	86.0	107	15	0	1	107	1	107	4.63e-61	181
Psyr_0386	iJN1463.PP_5014	91.5	130	11	0	1	130	1	130	4.16e-89	254
Psyr_0387	iJN1463.PP_5013	82.1	541	94	3	1	539	1	540	2.04e-319	870
Psyr_0389	iJN1463.PP_5011	89.8	256	26	0	1	256	1	256	4.97e-170	469
Psyr_0394	iCN900.CD630_20200	33.3	87	48	3	11	93	572	652	8.14e-04	41.6
Psyr_0397	iJN1463.PP_5089	85.8	579	81	1	1	579	1	578	0.0	958
Psyr_0401	iJN1463.PP_5085	89.8	422	43	0	1	422	1	422	1.49e-275	749
Psyr_0402	iJN1463.PP_5084	80.2	822	150	4	1	814	1	817	0.0	1318
Psyr_0408	iJN1463.PP_5079	84.9	172	26	0	1	172	1	172	1.05e-100	286
Psyr_0409	iJN1463.PP_5078	84.9	365	55	0	1	365	1	365	1.84e-227	623
Psyr_0411	iJN1463.PP_5076	88.3	1482	172	2	1	1481	1	1481	0.0	2587
Psyr_0412	iJN1463.PP_5075	93.4	472	31	0	1	472	1	472	0.0	907
Psyr_0414	iJN1463.PP_5074	90.4	353	34	0	1	353	1	353	4.72e-240	654
Psyr_0415	iCN900.CD630_31820	30.5	524	307	8	6	474	4	525	1.01e-66	223
Psyr_0416	iYS854.USA300HOU_RS01685	25.3	249	176	3	6	253	6	245	6.04e-11	61.2
Psyr_0417	iJN1463.PP_3417	52.0	429	206	0	9	437	10	438	1.04e-146	425
Psyr_0420	iJN1463.PP_3740	25.9	293	183	5	63	324	46	335	1.16e-11	65.9
Psyr_0420	iJN1463.PP_1376	31.3	179	119	1	40	218	36	210	1.55e-11	65.5
Psyr_0422	STM_v1_0.STM1197	40.3	414	233	8	2	406	4	412	2.27e-83	260
Psyr_0422	iPC815.YPO1601	39.3	412	240	7	2	406	4	412	6.38e-83	259
Psyr_0422	iJN1463.PP_1916	38.8	412	243	6	2	407	4	412	1.31e-82	258
Psyr_0422	iYL1228.KPN_01093	39.6	414	236	8	2	406	4	412	1.00e-81	256
Psyr_0422	iSbBS512_1146.SbBS512_E2229	39.4	414	237	8	2	406	4	412	1.41e-81	256
Psyr_0422	iML1515.b1095	39.4	414	237	8	2	406	4	412	7.88e-81	254
Psyr_0422	iSF_1195.SF1099	39.4	414	237	8	2	406	4	412	7.88e-81	254
Psyr_0422	iSSON_1240.SSON_1115	39.4	414	237	8	2	406	4	412	7.88e-81	254
Psyr_0422	iSDY_1059.SDY_2055	39.1	414	238	8	2	406	4	412	6.20e-80	251
Psyr_0422	iCN718.ABAYE_RS14690	39.6	414	236	7	1	407	1	407	2.68e-77	244
Psyr_0422	iYO844.BSU11340	36.5	416	246	9	2	407	4	411	4.66e-76	241
Psyr_0422	iCN900.CD630_11840	33.5	415	261	8	2	407	3	411	3.91e-74	236
Psyr_0422	iAF987.Gmet_1603	34.8	417	253	9	1	406	1	409	2.05e-73	234
Psyr_0423	iAF987.Gmet_1601	47.3	239	120	4	6	241	9	244	1.94e-58	185
Psyr_0423	iYS854.USA300HOU_RS06185	43.2	243	135	2	1	241	1	242	2.58e-58	184
Psyr_0423	iHN637.CLJU_RS20765	42.6	242	134	3	3	241	7	246	5.29e-56	179
Psyr_0423	iYO844.BSU15910	39.8	241	142	2	3	241	5	244	7.98e-55	176
Psyr_0423	iNF517.LLMG_RS08950	43.0	242	129	5	3	241	6	241	9.32e-53	170
Psyr_0423	iYL1228.KPN_01091	45.0	240	121	5	6	241	9	241	7.66e-52	168
Psyr_0423	iAM_Pf480.PF3D7_0922900	43.2	241	127	4	6	241	64	299	3.72e-51	168
Psyr_0423	iCN900.CD630_11820	41.4	239	135	3	6	241	10	246	1.25e-51	167
Psyr_0425	iAF987.Gmet_1695	35.9	320	165	8	95	394	100	399	2.08e-46	163
Psyr_0427	iML1515.b3833	32.4	111	72	2	52	159	67	177	3.77e-10	58.2
Psyr_0427	iSbBS512_1146.SbBS512_E4305	32.4	111	72	2	52	159	67	177	3.77e-10	58.2
Psyr_0427	iSDY_1059.SDY_3910	32.4	111	72	2	52	159	67	177	3.77e-10	58.2
Psyr_0427	iSF_1195.SF3911	32.4	111	72	2	52	159	67	177	3.77e-10	58.2
Psyr_0427	iSSON_1240.SSON_4008	32.4	111	72	2	52	159	67	177	3.77e-10	58.2
Psyr_0427	iEK1008.Rv2952	28.7	101	70	1	52	152	84	182	1.47e-09	56.6
Psyr_0427	STM_v1_0.STM3970	32.4	111	72	2	52	159	67	177	1.29e-09	56.6
Psyr_0427	iYL1228.KPN_04329	32.4	111	72	2	52	159	67	177	1.75e-09	56.2
Psyr_0427	iSynCJ816.SGL_RS15350	33.1	145	78	6	28	159	45	183	2.28e-09	56.2
Psyr_0427	iPC815.YPO3781	29.7	111	75	2	52	159	67	177	2.00e-08	53.1
Psyr_0427	iHN637.CLJU_RS19845	28.3	138	86	4	18	152	26	153	3.25e-08	52.4
Psyr_0428	iAF692.Mbar_A3422	25.2	349	214	12	6	337	2	320	5.28e-16	79.0
Psyr_0431	iYS854.USA300HOU_RS06875	30.6	108	73	2	11	117	6	112	1.91e-10	55.5
Psyr_0433	iLB1027_lipid.PHATRDRAFT_34317	25.1	207	126	9	6	185	51	255	1.21e-07	51.2
Psyr_0433	iEK1008.Rv2051c	24.7	170	100	5	6	158	614	772	4.55e-06	47.0
Psyr_0434	iSSON_1240.SSON_0537	24.4	479	279	17	30	433	483	953	1.53e-10	63.9
Psyr_0434	iML1515.b0586	24.4	479	279	17	30	433	483	953	2.01e-10	63.5
Psyr_0434	iSF_1195.SF0498	24.2	393	234	12	99	433	571	957	7.94e-10	61.6
Psyr_0434	iJN1463.PP_4243	27.5	378	202	15	113	433	2313	2675	2.75e-09	60.1
Psyr_0434	iSbBS512_1146.SbBS512_E0488	24.2	479	280	17	30	433	483	953	3.14e-09	59.7
Psyr_0436	iCN900.CD630_10620	36.7	49	31	0	24	72	19	67	6.12e-05	37.4
Psyr_0437	iPC815.YPO1600	30.6	85	50	3	1	84	1	77	8.76e-06	39.7
Psyr_0437	iML1515.b1094	29.9	77	49	3	1	76	1	73	1.93e-04	36.2
Psyr_0437	iYL1228.KPN_01092	29.9	77	49	3	1	76	1	73	1.93e-04	36.2
Psyr_0437	STM_v1_0.STM1196	29.9	77	49	3	1	76	1	73	1.93e-04	36.2
Psyr_0437	iSbBS512_1146.SbBS512_E2230	29.9	77	49	3	1	76	1	73	1.93e-04	36.2
Psyr_0437	iSDY_1059.SDY_2056	29.9	77	49	3	1	76	1	73	1.93e-04	36.2
Psyr_0437	iSF_1195.SF1098	29.9	77	49	3	1	76	1	73	1.93e-04	36.2
Psyr_0437	iSSON_1240.SSON_1114	29.9	77	49	3	1	76	1	73	1.93e-04	36.2
Psyr_0437	iCN718.ABAYE_RS15345	42.0	50	29	0	23	72	22	71	9.78e-04	35.8
Psyr_0438	iAF987.Gmet_0363	31.9	235	128	10	31	246	2	223	1.99e-14	70.5
Psyr_0438	iLJ478.TM1693	28.3	166	99	4	83	237	66	222	4.03e-13	67.0
Psyr_0442	iYL1228.KPN_01563	77.9	548	114	2	11	558	11	551	3.94e-315	861
Psyr_0443	STM_v1_0.STM0619	38.1	281	162	5	7	277	12	290	1.59e-38	137
Psyr_0443	iYL1228.KPN_00038	37.0	273	163	3	14	277	19	291	1.85e-37	134
Psyr_0443	iSbBS512_1146.SbBS512_E0527	36.6	276	163	6	12	277	16	289	8.46e-36	129
Psyr_0443	iSSON_1240.SSON_0565	36.6	276	163	6	12	277	16	289	8.46e-36	129
Psyr_0443	iML1515.b0613	36.6	276	163	6	12	277	16	289	1.66e-35	129
Psyr_0445	iYL1228.KPN_01561	68.9	270	84	0	9	278	3	272	2.92e-130	370
Psyr_0446	iYL1228.KPN_01560	61.1	257	99	1	10	266	11	266	1.28e-100	294
Psyr_0448	iCN718.ABAYE_RS11295	59.5	299	120	1	1	299	1	298	7.04e-115	333
Psyr_0454	iJN1463.PP_4984	92.5	468	35	0	1	468	1	468	0.0	900
Psyr_0455	iJN1463.PP_4983	76.6	496	114	1	1	494	1	496	2.15e-275	766
Psyr_0458	iYS854.USA300HOU_RS07595	20.1	374	259	12	20	382	11	355	1.14e-07	54.3
Psyr_0459	iJN1463.PP_4977	86.1	281	39	0	1	281	15	295	1.13e-184	508
Psyr_0460	iJN1463.PP_4976	94.0	463	28	0	7	469	2	464	0.0	884
Psyr_0462	iJN1463.PP_4298	51.0	259	127	0	1	259	1	259	1.02e-94	278
Psyr_0462	iSbBS512_1146.SbBS512_E3135	50.2	257	126	2	1	256	1	256	4.20e-86	256
Psyr_0462	STM_v1_0.STM0518	48.0	254	132	0	1	254	1	254	1.20e-85	255
Psyr_0462	iSSON_1240.SSON_0503	48.4	254	131	0	1	254	1	254	6.19e-84	252
Psyr_0463	iHN637.CLJU_RS00300	35.8	486	266	8	7	485	3	449	4.17e-79	253
Psyr_0463	STM_v1_0.STM4482	34.5	470	261	6	7	474	3	427	1.24e-78	251
Psyr_0463	iML1515.b4476	33.8	477	276	3	1	477	1	437	8.28e-78	249
Psyr_0463	iSDY_1059.SDY_3587	33.8	477	276	3	1	477	1	437	8.28e-78	249
Psyr_0463	iSbBS512_1146.SbBS512_E3889	33.8	477	276	3	1	477	1	437	1.16e-77	249
Psyr_0463	iYO844.BSU40070	34.0	479	275	5	7	481	3	444	2.43e-77	248
Psyr_0463	STM_v1_0.STM3541	34.2	477	274	3	1	477	1	437	2.30e-77	248
Psyr_0463	iSSON_1240.SSON_3678	33.8	477	276	3	1	477	1	437	3.24e-77	248
Psyr_0463	iSSON_1240.SSON_4450	34.3	470	262	6	7	474	3	427	5.75e-76	244
Psyr_0463	iML1515.b4265	34.3	470	262	6	7	474	3	427	8.08e-76	244
Psyr_0463	iYS854.USA300HOU_RS13570	34.2	480	268	4	13	485	14	452	3.18e-75	243
Psyr_0463	STM_v1_0.STM3512	33.6	476	271	5	7	481	3	434	4.32e-75	242
Psyr_0463	iML1515.b3415	33.9	475	271	5	7	481	3	434	8.53e-75	241
Psyr_0463	iSbBS512_1146.SbBS512_E3796	33.9	475	271	5	7	481	3	434	8.53e-75	241
Psyr_0463	iSF_1195.SF3438	33.9	475	271	5	7	481	3	434	8.53e-75	241
Psyr_0463	iSSON_1240.SSON_3547	33.9	475	271	5	7	481	3	434	4.68e-74	239
Psyr_0463	iSDY_1059.SDY_3661	33.7	475	272	5	7	481	3	434	6.57e-74	239
Psyr_0463	iPC815.YPO3954	32.5	477	275	5	7	481	3	434	6.57e-74	239
Psyr_0463	iYL1228.KPN_03800	34.1	449	256	3	29	477	4	412	8.20e-74	238
Psyr_0463	iSF_1195.SF3458	32.7	455	266	3	23	477	2	416	7.05e-73	236
Psyr_0463	iYL1228.KPN_03785	32.6	476	276	4	7	481	3	434	2.77e-72	235
Psyr_0463	iJN1463.PP_3417	32.6	466	273	3	17	481	21	446	1.13e-70	231
Psyr_0464	iML1515.b2738	42.6	204	115	2	4	205	8	211	1.40e-50	162
Psyr_0464	iYL1228.KPN_01603	44.1	204	112	2	4	205	3	206	1.17e-50	162
Psyr_0464	iSbBS512_1146.SbBS512_E3136	42.6	204	115	2	4	205	8	211	1.40e-50	162
Psyr_0464	iSSON_1240.SSON_2886	42.6	204	115	2	4	205	8	211	1.40e-50	162
Psyr_0464	STM_v1_0.STM2916	42.7	192	109	1	3	193	7	198	3.61e-48	156
Psyr_0466	iCN718.ABAYE_RS18705	34.9	289	180	3	5	286	2	289	2.75e-47	160
Psyr_0466	iYL1228.KPN_03537	33.0	279	186	1	6	284	5	282	3.87e-47	159
Psyr_0466	STM_v1_0.STM3248	32.3	279	188	1	6	284	5	282	3.00e-46	157
Psyr_0466	iML1515.b3125	32.3	279	188	1	6	284	3	280	7.93e-46	156
Psyr_0466	iSbBS512_1146.SbBS512_E3233	32.3	279	188	1	6	284	3	280	7.93e-46	156
Psyr_0466	iSF_1195.SF3162	32.1	280	189	1	6	285	8	286	9.01e-46	156
Psyr_0466	iHN637.CLJU_RS00330	29.5	288	202	1	4	291	3	289	4.71e-45	154
Psyr_0466	iSDY_1059.SDY_3319	31.9	279	189	1	6	284	8	285	4.95e-45	154
Psyr_0466	iMM1415.58875	33.0	288	185	3	6	286	41	327	3.30e-44	153
Psyr_0466	iSSON_1240.SSON_3280	31.9	279	189	1	6	284	8	285	2.72e-44	152
Psyr_0466	iJN1463.PP_4666	33.7	288	183	3	6	286	3	289	1.35e-43	150
Psyr_0466	iHN637.CLJU_RS13875	32.2	283	191	1	6	288	3	284	3.65e-43	149
Psyr_0466	iCHOv1.100760581	31.9	288	188	3	6	286	41	327	3.77e-42	147
Psyr_0466	iAT_PLT_636.11112	31.9	288	188	3	6	286	42	328	5.75e-41	144
Psyr_0468	iJN1463.PP_0817	95.0	397	20	0	1	397	1	397	2.08e-281	763
Psyr_0468	iML1515.b2379	88.3	400	47	0	1	400	1	400	1.37e-261	713
Psyr_0468	iSDY_1059.SDY_2577	88.3	400	47	0	1	400	1	400	3.93e-261	712
Psyr_0468	iSSON_1240.SSON_2470	88.0	400	48	0	1	400	1	400	5.57e-261	711
Psyr_0468	iSF_1195.SF2445	88.3	400	47	0	1	400	1	400	7.92e-261	711
Psyr_0468	iSbBS512_1146.SbBS512_E2748	87.5	400	50	0	1	400	1	400	5.33e-259	706
Psyr_0469	iJN1463.PP_5128	93.1	613	42	0	1	613	1	613	0.0	1131
Psyr_0471	iPC815.YPO0946	56.1	378	158	2	29	403	4	376	6.21e-146	419
Psyr_0471	iYL1228.KPN_03389	55.3	376	166	2	28	403	3	376	2.89e-142	409
Psyr_0471	iCN718.ABAYE_RS16805	52.5	377	173	3	31	403	10	384	2.34e-135	392
Psyr_0472	iJN1463.PP_5100	87.2	196	25	0	1	196	2	197	1.97e-122	343
Psyr_0473	iJN1463.PP_5098	85.0	206	31	0	1	206	7	212	8.92e-136	378
Psyr_0474	iJN1463.PP_5097	84.4	379	59	0	1	379	1	379	3.34e-248	677
Psyr_0476	iJN1463.PP_5095	73.9	272	71	0	1	272	1	272	4.83e-132	374
Psyr_0477	iCN900.CD630_26230	32.8	232	148	3	1	225	4	234	1.05e-36	128
Psyr_0477	iMM1415.114863	38.0	237	127	9	8	225	17	252	1.28e-32	119
Psyr_0479	iML1515.b1655	42.1	121	68	2	95	213	145	265	3.26e-31	115
Psyr_0481	iJN1463.PP_4999	84.6	421	65	0	1	421	1	421	4.82e-254	695
Psyr_0482	iJN1463.PP_4998	94.3	334	19	0	1	334	1	334	6.07e-226	617
Psyr_0483	iJN1463.PP_4997	81.7	169	31	0	1	169	1	169	2.77e-100	285
Psyr_0487	iJN1463.PP_4993	84.5	317	49	0	1	317	1	317	1.58e-197	543
Psyr_0488	iAF987.Gmet_2999	34.5	116	76	0	10	125	10	125	2.45e-17	76.3
Psyr_0488	iAF987.Gmet_0069	29.7	118	81	1	10	125	5	122	8.20e-15	68.9
Psyr_0489	iAF987.Gmet_2999	36.8	106	67	0	4	109	10	115	2.44e-15	70.1
Psyr_0492	iAF987.Gmet_0069	34.2	114	73	1	1873	1984	5	118	2.58e-14	75.9
Psyr_0499	iCN718.ABAYE_RS12290	47.0	525	269	5	1	520	1	521	3.45e-155	453
Psyr_0500	iCN718.ABAYE_RS12285	61.6	576	211	3	2	575	4	571	1.50e-244	684
Psyr_0500	iEK1008.Rv3285	58.7	562	216	5	1	548	12	571	1.30e-220	624
Psyr_0501	iML1515.b0465	41.0	1085	623	11	31	1106	40	1116	6.13e-225	674
Psyr_0502	iJN1463.PP_5066	89.5	581	61	0	18	598	17	597	0.0	1016
Psyr_0505	iAF987.Gmet_2211	37.3	592	344	5	1	571	1	586	5.93e-121	370
Psyr_0505	iJN1463.PP_0368	36.6	563	351	4	39	600	40	597	3.61e-115	355
Psyr_0505	iJN1463.PP_2048	36.9	588	359	7	9	595	8	584	1.46e-107	335
Psyr_0506	iJN1463.PP_4947	87.5	1300	163	0	1	1300	18	1317	0.0	2238
Psyr_0507	iJN1463.PP_4946	83.3	509	82	2	11	519	37	542	8.74e-295	807
Psyr_0509	iAF987.Gmet_0700	35.6	550	345	4	153	698	266	810	1.78e-100	327
Psyr_0509	iAF987.Gmet_0987	37.8	484	299	1	223	704	299	782	1.06e-98	321
Psyr_0509	iAF987.Gmet_0957	38.9	432	263	1	277	707	190	621	2.76e-97	313
Psyr_0509	iAF987.Gmet_3085	38.2	434	267	1	268	700	445	878	7.61e-91	303
Psyr_0509	iAF987.Gmet_0782	39.9	424	254	1	277	700	296	718	2.71e-92	303
Psyr_0517	iJN1463.PP_0338	77.8	558	111	3	1	557	1	546	1.60e-244	682
Psyr_0518	iJN1463.PP_0339	91.3	881	77	0	1	881	1	881	0.0	1679
Psyr_0520	iJN1463.PP_0341	86.4	337	46	0	1	337	1	337	1.97e-219	601
Psyr_0521	iJN1463.PP_0342	77.8	352	76	2	1	352	1	350	7.52e-202	557
Psyr_0522	iJN1463.PP_0343	86.8	371	49	0	1	371	1	371	1.82e-240	657
Psyr_0523	iJN1463.PP_0344	82.8	268	46	0	1	268	1	268	9.35e-165	456
Psyr_0524	iJN1463.PP_0345	73.8	244	64	0	1	244	1	244	1.55e-135	380
Psyr_0525	iJN1463.PP_0346	67.6	247	80	0	1	247	1	247	3.29e-119	340
Psyr_0528	iJN1463.PP_4944	93.8	582	36	0	1	582	1	582	0.0	1135
Psyr_0529	iJN1463.PP_4943	75.5	376	92	0	1	376	1	376	4.72e-205	567
Psyr_0536	iJN1463.PP_4935	88.9	587	65	0	9	595	11	597	0.0	984
Psyr_0537	iJN1463.PP_4934	91.1	471	42	0	1	471	1	471	6.45e-303	823
Psyr_0539	iYO844.BSU39780	32.9	213	128	7	13	219	6	209	2.33e-20	88.2
Psyr_0539	iYO844.BSU09530	33.2	214	126	7	13	219	6	209	7.81e-20	87.0
Psyr_0540	iYL1228.KPN_02647	26.7	225	134	11	5	218	5	209	1.45e-04	43.5
Psyr_0540	iCN718.ABAYE_RS18740	25.0	248	161	12	132	365	174	410	2.27e-04	42.7
Psyr_0540	iML1515.b2241	33.8	68	44	1	6	73	8	74	3.36e-04	42.4
Psyr_0540	iSbBS512_1146.SbBS512_E2623	33.8	68	44	1	6	73	8	74	3.36e-04	42.4
Psyr_0540	iSDY_1059.SDY_2436	33.8	68	44	1	6	73	8	74	3.36e-04	42.4
Psyr_0540	iSF_1195.SF2323	33.8	68	44	1	6	73	8	74	3.36e-04	42.4
Psyr_0540	iSSON_1240.SSON_2302	33.8	68	44	1	6	73	8	74	3.36e-04	42.4
Psyr_0540	STM_v1_0.STM2284	32.4	68	45	1	6	73	8	74	7.76e-04	41.2
Psyr_0541	iML1515.b0543	48.2	110	57	0	1	110	1	110	1.38e-27	97.1
Psyr_0542	iJN1463.PP_4928	77.0	378	86	1	1	378	46	422	3.15e-204	567
Psyr_0543	iSDY_1059.SDY_3205	34.9	436	278	4	17	450	12	443	1.43e-65	219
Psyr_0543	iML1515.b3035	34.6	436	279	4	17	450	10	441	7.36e-65	217
Psyr_0543	iSSON_1240.SSON_3173	34.6	436	279	4	17	450	12	443	7.70e-65	217
Psyr_0543	iSbBS512_1146.SbBS512_E3468	34.4	436	280	4	17	450	12	443	1.08e-64	216
Psyr_0543	iSF_1195.SF3075	34.4	436	280	4	17	450	10	441	3.95e-64	215
Psyr_0543	STM_v1_0.STM3186	33.4	440	276	4	17	450	12	440	2.20e-61	207
Psyr_0544	iJN1463.PP_4922	91.7	626	50	1	4	629	3	626	0.0	1163
Psyr_0545	iHN637.CLJU_RS09415	23.9	444	298	11	7	415	14	452	5.62e-27	112
Psyr_0547	iJN1463.PP_4919	78.9	204	43	0	11	214	5	208	3.45e-121	342
Psyr_0549	iML1515.b3032	44.8	261	142	2	10	268	15	275	6.70e-73	224
Psyr_0557	iJN1463.PP_4909	76.0	412	99	0	6	417	3	414	3.69e-220	609
Psyr_0559	iJN1463.PP_4908	88.2	287	34	0	324	610	1	287	5.73e-183	517
Psyr_0563	iJN1463.PP_4903	86.3	343	47	0	1	343	1	343	1.13e-214	589
Psyr_0566	iJN1463.PP_4900	80.5	349	68	0	10	358	4	352	6.56e-217	596
Psyr_0567	iML1515.b4167	42.4	467	249	9	34	488	40	498	9.04e-101	311
Psyr_0569	iJN1463.PP_4897	79.2	477	92	2	1	471	1	476	2.74e-260	715
Psyr_0573	iJN1463.PP_4893	82.0	433	78	0	1	433	1	433	4.21e-253	694
Psyr_0576	iJN1463.PP_4890	88.1	394	47	0	1	394	1	394	1.08e-252	689
Psyr_0577	iJN1463.PP_4889	90.9	429	39	0	1	429	1	429	3.18e-297	805
Psyr_0594	iJN1463.PP_4869	78.2	275	60	0	1	275	1	275	1.81e-147	413
Psyr_0595	iJN1463.PP_4868	79.6	398	81	0	1	398	2	399	1.40e-239	657
Psyr_0597	iJN1463.PP_4867	87.8	378	46	0	1	378	1	378	5.45e-242	661
Psyr_0598	iJN1463.PP_4866	91.8	304	25	0	1	304	1	304	4.94e-194	533
Psyr_0599	iJN1463.PP_4865	86.4	419	57	0	10	428	14	432	6.48e-254	696
Psyr_0600	iJN1463.PP_4864	84.9	291	44	0	1	291	1	291	1.10e-179	496
Psyr_0601	iJN1463.PP_4863	92.4	238	18	0	1	238	1	238	6.26e-155	429
Psyr_0602	iJN1463.PP_4862	83.5	254	42	0	1	254	1	254	2.58e-155	431
Psyr_0604	iJN1463.PP_0527	88.1	630	75	0	1	630	1	630	0.0	1100
Psyr_0605	iJN1463.PP_0528	83.1	295	50	0	1	295	1	295	6.89e-162	451
Psyr_0607	iML1515.b3008	37.4	393	231	6	6	386	3	392	4.52e-85	263
Psyr_0607	iSF_1195.SF3053	37.2	393	232	6	6	386	3	392	2.54e-84	261
Psyr_0607	iYL1228.KPN_03428	38.8	397	220	9	6	386	3	392	3.58e-84	261
Psyr_0607	iSbBS512_1146.SbBS512_E3435	37.2	393	232	6	6	386	3	392	5.06e-84	261
Psyr_0607	iSDY_1059.SDY_3065	37.4	393	231	6	6	386	3	392	5.06e-84	261
Psyr_0607	iSSON_1240.SSON_3151	37.2	393	232	6	6	386	3	392	5.06e-84	261
Psyr_0607	STM_v1_0.STM3161	38.2	393	228	7	6	386	3	392	1.01e-83	260
Psyr_0609	iJN1463.PP_2933	77.1	279	64	0	1	279	1	279	6.36e-162	450
Psyr_0610	iJN1463.PP_1778	30.4	263	166	6	8	258	7	264	4.98e-31	115
Psyr_0611	iNF517.LLMG_RS08170	38.3	227	135	2	6	232	11	232	1.46e-49	168
Psyr_0611	iYO844.BSU35700	39.6	217	124	3	10	226	9	218	5.03e-48	165
Psyr_0611	iJN1463.PP_1779	40.2	184	110	0	49	232	43	226	1.30e-45	156
Psyr_0614	iAF692.Mbar_A0742	31.0	187	123	4	1	186	1	182	6.63e-21	86.3
Psyr_0614	iNF517.LLMG_RS02315	31.0	187	119	4	1	181	1	183	4.26e-18	79.0
Psyr_0624	iJN1463.PP_0538	93.1	175	12	0	1	175	1	175	2.00e-120	337
Psyr_0626	iNF517.LLMG_RS09290	24.3	140	100	2	43	176	26	165	5.47e-09	53.9
Psyr_0627	iJN1463.PP_0542	77.1	266	57	1	10	275	8	269	2.14e-147	413
Psyr_0628	iJN1463.PP_0543	90.1	464	46	0	1	464	1	464	9.24e-305	827
Psyr_0629	iJN1463.PP_0545	89.1	506	55	0	1	506	1	506	0.0	918
Psyr_0629	iJN1463.PP_2680	83.6	506	83	0	1	506	1	506	1.09e-319	868
Psyr_0630	iJN1463.PP_0547	87.5	449	56	0	1	449	1	449	4.17e-298	809
Psyr_0631	iJN1463.PP_0548	89.0	209	23	0	1	209	1	209	1.01e-132	370
Psyr_0634	iJN1463.PP_0551	72.9	277	75	0	287	563	351	627	5.87e-131	396
Psyr_0635	iJN1463.PP_4817	78.8	151	32	0	1	151	1	151	5.45e-86	248
Psyr_0641	iJN1463.PP_1765	29.4	109	77	0	44	152	50	158	4.58e-08	52.0
Psyr_0641	iYL1228.KPN_02641	26.6	109	80	0	44	152	59	167	1.82e-06	47.4
Psyr_0642	iCHOv1.100769832	32.7	98	63	2	5	99	30	127	2.86e-12	58.9
Psyr_0643	iEK1008.Rv2524c	30.7	179	111	6	62	228	1086	1263	8.20e-07	50.1
Psyr_0643	iJN1463.PP_4552	34.5	84	52	1	188	268	32	115	1.37e-06	47.0
Psyr_0643	iMM904.YKL182W	37.8	74	43	2	169	242	1536	1606	1.38e-05	46.2
Psyr_0644	iCN718.ABAYE_RS07935	46.7	465	229	7	3	451	2	463	8.06e-129	380
Psyr_0645	iCN718.ABAYE_RS07930	70.8	424	120	3	5	425	100	522	1.34e-200	564
Psyr_0645	iEK1008.Rv0243	65.2	428	140	4	5	424	13	439	1.19e-181	513
Psyr_0653	iSynCJ816.SGL_RS16080	36.1	61	39	0	7	67	14	74	1.35e-07	48.5
Psyr_0654	iJN1463.PP_0586	75.3	730	179	1	4	732	70	799	0.0	1015
Psyr_0656	iYS854.USA300HOU_RS13885	35.5	62	37	1	2	60	4	65	2.17e-07	42.7
Psyr_0656	iSF_1195.SF0429	35.0	60	33	2	5	62	8	63	5.26e-05	38.5
Psyr_0657	iJN1463.PP_3588	25.5	373	268	5	5	374	15	380	8.91e-32	124
Psyr_0658	iJN1463.PP_0072	35.8	187	112	3	18	204	16	194	1.04e-21	93.6
Psyr_0661	iJN1463.PP_0591	91.4	315	27	0	1	315	1	315	6.31e-219	597
Psyr_0662	iLB1027_lipid.PHATRDRAFT_45605	28.0	347	194	13	4	310	3	333	1.66e-25	103
Psyr_0664	iML1515.b4287	52.0	252	121	0	4	255	3	254	2.87e-91	270
Psyr_0664	iSSON_1240.SSON_4459	52.0	252	121	0	4	255	3	254	2.87e-91	270
Psyr_0664	iSynCJ816.SGL_RS01940	48.0	252	130	1	4	254	10	261	8.25e-84	251
Psyr_0664	iSSON_1240.SSON_0539	46.8	252	133	1	4	254	8	259	1.69e-81	245
Psyr_0664	iML1515.b0588	46.8	252	133	1	4	254	8	259	3.40e-81	244
Psyr_0664	iSDY_1059.SDY_0519	46.8	252	133	1	4	254	8	259	3.40e-81	244
Psyr_0664	iSbBS512_1146.SbBS512_E0489	45.8	262	140	2	4	263	8	269	6.83e-81	244
Psyr_0664	iYS854.USA300HOU_RS03500	47.1	255	134	1	1	254	1	255	7.99e-81	243
Psyr_0665	iML1515.b4288	46.9	303	158	2	20	321	18	318	1.75e-84	257
Psyr_0665	iYO844.BSU07500	44.7	318	174	2	2	317	9	326	5.58e-84	256
Psyr_0665	iSSON_1240.SSON_4460	46.9	303	158	2	20	321	18	318	4.95e-84	256
Psyr_0666	iML1515.b4289	40.4	324	190	3	5	327	9	330	1.03e-68	217
Psyr_0666	iSSON_1240.SSON_4461	40.4	324	190	3	5	327	9	330	1.03e-68	217
Psyr_0667	iML1515.b4290	48.4	287	144	3	10	296	8	290	1.35e-88	266
Psyr_0667	iSSON_1240.SSON_4462	48.1	287	145	3	10	296	10	292	1.16e-87	264
Psyr_0668	iPC815.YPO1958	30.1	336	222	6	30	361	36	362	6.81e-45	157
Psyr_0668	iML1515.b1216	29.2	359	241	6	7	361	13	362	1.94e-43	154
Psyr_0668	iSDY_1059.SDY_1266	29.2	359	241	6	7	361	13	362	1.94e-43	154
Psyr_0668	iSF_1195.SF1219	29.8	336	228	5	30	361	31	362	1.94e-43	154
Psyr_0668	iSbBS512_1146.SbBS512_E1383	29.0	359	242	5	7	361	13	362	3.80e-43	153
Psyr_0668	iSSON_1240.SSON_1961	29.0	359	242	5	7	361	13	362	3.80e-43	153
Psyr_0668	STM_v1_0.STM1771	28.8	361	240	6	7	361	13	362	3.94e-42	150
Psyr_0668	iYL1228.KPN_02229	30.0	337	226	5	30	361	31	362	7.92e-41	147
Psyr_0669	iAF692.Mbar_A3252	30.5	429	270	9	24	449	24	427	6.63e-48	169
Psyr_0670	iCN718.ABAYE_RS14915	27.8	194	128	5	13	200	1	188	3.47e-13	66.6
Psyr_0670	STM_v1_0.STM1195	28.5	193	128	5	13	200	1	188	1.52e-11	62.0
Psyr_0670	iYS854.USA300HOU_RS06185	31.1	193	117	7	18	200	3	189	3.88e-11	60.8
Psyr_0671	iJN1463.PP_4842	28.3	226	130	9	5	209	198	412	3.77e-04	41.6
Psyr_0671	iPC815.YPO2257	26.2	187	129	3	23	209	84	261	4.24e-04	41.2
Psyr_0672	iSbBS512_1146.SbBS512_E4854	25.0	204	131	7	62	262	58	242	7.78e-06	47.0
Psyr_0672	iJN1463.PP_4842	24.8	238	159	6	70	296	213	441	2.32e-05	45.8
Psyr_0672	iSF_1195.SF4261	25.2	206	128	7	62	262	58	242	2.44e-05	45.4
Psyr_0672	iML1515.b4230	24.8	206	129	7	62	262	58	242	4.31e-05	44.7
Psyr_0672	iSSON_1240.SSON_4411	24.8	206	129	7	62	262	58	242	7.61e-05	43.9
Psyr_0673	iPC815.YPO3964	36.0	480	293	5	10	485	7	476	1.51e-88	280
Psyr_0673	iLJ478.TM0115	31.8	497	321	3	10	497	15	502	1.07e-84	271
Psyr_0673	iCN900.CD630_03010	31.8	487	319	4	10	492	6	483	1.22e-81	262
Psyr_0673	iML1515.b3749	32.7	492	315	6	8	494	3	483	3.21e-81	261
Psyr_0673	iML1515.b2149	32.7	493	320	4	10	498	14	498	1.01e-80	260
Psyr_0673	iML1515.b4485	35.1	493	308	6	10	498	10	494	8.66e-81	260
Psyr_0673	iSF_1195.SF2234	32.7	493	320	4	10	498	14	498	1.01e-80	260
Psyr_0673	iSSON_1240.SSON_2205	32.7	493	320	4	10	498	14	498	1.01e-80	260
Psyr_0673	iSSON_1240.SSON_4410	35.3	493	307	6	10	498	10	494	1.71e-80	259
Psyr_0673	iYL1228.KPN_04154	32.1	492	318	6	8	494	3	483	9.58e-80	257
Psyr_0673	STM_v1_0.STM2189	32.0	494	322	6	10	498	14	498	1.09e-79	257
Psyr_0673	STM_v1_0.STM3882	32.1	492	318	6	8	494	3	483	7.34e-79	255
Psyr_0673	iSF_1195.SF4262	34.9	493	309	6	10	498	10	494	1.41e-78	254
Psyr_0673	iYL1228.KPN_04623	34.9	502	315	6	1	498	1	494	3.90e-78	253
Psyr_0673	iPC815.YPO1508	31.2	494	326	6	10	498	14	498	6.38e-78	253
Psyr_0676	iYL1228.KPN_01664	55.1	441	197	1	11	451	9	448	1.96e-168	481
Psyr_0678	iJN1463.PP_0596	84.8	448	68	0	1	448	1	448	9.67e-292	793
Psyr_0679	iJN1463.PP_0597	88.9	497	55	0	1	497	1	497	0.0	890
Psyr_0683	iML1515.b1759	35.8	81	44	3	8	83	9	86	1.04e-04	39.3
Psyr_0683	iJN1463.PP_0260	42.4	59	33	1	29	87	75	132	5.77e-04	37.7
Psyr_0689	iJN1463.PP_4667	84.1	508	81	0	1	508	1	508	1.36e-310	845
Psyr_0689	iCN718.ABAYE_RS18710	78.1	493	108	0	16	508	13	505	1.13e-278	764
Psyr_0690	iJN1463.PP_4666	82.3	294	52	0	1	294	1	294	1.06e-172	479
Psyr_0691	STM_v1_0.STM3551	52.4	548	250	3	29	575	43	580	3.05e-188	541
Psyr_0691	iSF_1195.SF3464	52.2	548	251	3	29	575	43	580	4.32e-188	540
Psyr_0691	iYL1228.KPN_03807	52.0	548	252	3	29	575	35	572	6.62e-188	540
Psyr_0691	iML1515.b3447	52.0	548	252	3	29	575	43	580	1.74e-187	539
Psyr_0691	iSDY_1059.SDY_3595	52.0	548	252	3	29	575	44	581	5.11e-187	538
Psyr_0691	iIT341.HP1118	49.9	551	266	5	20	567	22	565	1.96e-175	508
Psyr_0692	iJN1463.PP_0827	70.9	254	74	0	1	254	1	254	8.19e-113	324
Psyr_0693	iJN1463.PP_0826	81.2	271	51	0	1	271	1	271	2.71e-142	400
Psyr_0694	iJN1463.PP_0825	64.6	263	92	1	3	265	8	269	4.13e-114	328
Psyr_0695	iJN1463.PP_0824	79.9	284	56	1	1	283	1	284	1.30e-158	442
Psyr_0696	iJN1463.PP_0823	86.3	343	47	0	1	343	1	343	1.99e-220	603
Psyr_0700	iJN1463.PP_0687	90.7	322	30	0	1	322	1	322	2.99e-204	561
Psyr_0703	iML1515.b4173	32.6	184	102	8	149	324	184	353	2.22e-08	55.5
Psyr_0704	iJN1463.PP_0691	89.5	372	39	0	1	372	1	372	2.35e-233	639
Psyr_0706	STM_v1_0.STM2232	23.9	305	182	12	9	292	13	288	4.75e-08	54.3
Psyr_0706	iYS854.USA300HOU_RS13930	22.7	383	224	17	6	348	21	371	1.11e-07	53.1
Psyr_0708	iJN1463.PP_0601	83.8	511	83	0	17	527	1	511	4.06e-302	825
Psyr_0708	iSbBS512_1146.SbBS512_E2257	74.2	511	132	0	17	527	1	511	7.12e-270	743
Psyr_0708	iSF_1195.SF1075	74.2	511	132	0	17	527	1	511	7.12e-270	743
Psyr_0708	iSSON_1240.SSON_1089	74.2	511	132	0	17	527	1	511	7.12e-270	743
Psyr_0708	iML1515.b1069	74.2	511	132	0	17	527	1	511	1.01e-269	743
Psyr_0709	iJN1463.PP_0602	79.2	307	64	0	7	313	1	307	1.94e-178	495
Psyr_0710	iJN1463.PP_0603	84.7	943	144	0	1	943	1	943	0.0	1690
Psyr_0711	STM_v1_0.STM0047	45.4	163	86	3	2	164	4	163	1.51e-38	129
Psyr_0713	iJN1463.PP_0606	92.1	315	25	0	1	315	1	315	4.20e-212	580
Psyr_0721	iJN1463.PP_0612	77.0	365	83	1	1	365	1	364	6.66e-207	571
Psyr_0722	iAF987.Gmet_1919	30.7	114	79	0	7	120	5	118	2.85e-11	64.3
Psyr_0722	iAF987.Gmet_1914	29.7	101	71	0	6	106	3	103	1.31e-10	62.8
Psyr_0722	iAF987.Gmet_0069	29.9	137	92	3	4	136	2	138	1.33e-09	58.9
Psyr_0726	iSbBS512_1146.SbBS512_E2975	55.5	317	140	1	1	316	1	317	2.05e-120	348
Psyr_0726	iSF_1195.SF2653	55.5	317	140	1	1	316	1	317	4.12e-120	348
Psyr_0726	iSSON_1240.SSON_2720	55.5	317	140	1	1	316	1	317	4.12e-120	348
Psyr_0726	iSDY_1059.SDY_2837	54.6	317	143	1	1	316	1	317	6.31e-117	340
Psyr_0726	STM_v1_0.STM2662	54.9	317	142	1	1	316	1	317	1.27e-116	339
Psyr_0728	iCN900.CD630_20200	51.6	859	408	4	1	851	1	859	3.52e-296	837
Psyr_0742	iAF987.Gmet_2207	32.4	256	159	7	10	255	7	258	7.25e-23	94.4
Psyr_0742	iAF987.Gmet_2071	30.2	252	173	3	6	255	3	253	8.75e-20	85.9
Psyr_0748	iYO844.BSU03070	24.1	332	230	6	27	350	18	335	2.89e-18	87.0
Psyr_0749	iAF987.Gmet_2246	29.8	513	345	7	1	501	1	510	5.45e-65	219
Psyr_0749	iEK1008.Rv0551c	29.4	538	324	12	7	509	54	570	2.51e-62	213
Psyr_0756	iAF987.Gmet_2494	52.7	260	122	1	3	261	6	265	4.93e-83	249
Psyr_0756	iCN718.ABAYE_RS06030	54.0	248	109	2	4	250	8	251	2.38e-76	232
Psyr_0756	iJN1463.PP_0422	52.2	249	118	1	4	251	6	254	3.16e-76	232
Psyr_0758	iSDY_1059.SDY_2558	44.7	485	243	10	14	488	7	476	5.02e-142	416
Psyr_0758	iSSON_1240.SSON_2454	45.0	471	234	10	14	474	7	462	9.21e-140	410
Psyr_0758	iSF_1195.SF2430	44.9	468	239	9	14	474	7	462	1.48e-138	407
Psyr_0759	iYL1228.KPN_04424	54.4	362	156	4	3	358	4	362	2.72e-124	362
Psyr_0759	iPC815.YPO3712	54.7	360	154	4	5	358	6	362	4.42e-123	359
Psyr_0759	STM_v1_0.STM4230	54.1	362	157	4	3	358	4	362	7.18e-122	356
Psyr_0759	iML1515.b4035	53.7	361	162	4	3	358	4	364	4.38e-121	354
Psyr_0759	iSSON_1240.SSON_4213	53.7	361	162	4	3	358	4	364	4.38e-121	354
Psyr_0759	iSF_1195.SF4170	53.5	361	163	4	3	358	4	364	3.54e-120	352
Psyr_0759	STM_v1_0.STM3554	50.7	353	166	6	3	352	4	351	2.77e-113	334
Psyr_0759	iML1515.b3450	50.1	353	168	5	3	352	4	351	3.93e-113	333
Psyr_0759	iPC815.YPO3793	49.9	351	171	3	3	352	4	350	5.75e-113	333
Psyr_0759	iSbBS512_1146.SbBS512_E3873	50.1	353	168	5	3	352	4	351	1.58e-112	332
Psyr_0760	iEK1008.Rv1237	39.3	270	163	1	12	280	5	274	3.92e-58	186
Psyr_0761	iEK1008.Rv1236	38.6	285	161	3	27	311	24	294	7.33e-53	175
Psyr_0762	iEK1008.Rv1235	23.9	373	213	9	60	377	67	423	9.30e-12	66.2
Psyr_0762	iYO844.BSU34610	24.8	230	155	9	100	326	107	321	1.41e-10	62.4
Psyr_0763	iYL1228.KPN_00515	50.3	433	198	7	97	525	86	505	1.12e-145	427
Psyr_0764	iCHOv1.100752401	23.3	283	173	13	57	323	9	263	2.49e-04	42.0
Psyr_0771	iYL1228.KPN_01464	31.2	378	227	10	11	367	7	372	3.12e-36	135
Psyr_0771	iYL1228.KPN_04246	30.8	389	223	13	6	368	22	390	9.34e-33	126
Psyr_0774	iLJ478.TM0955	42.7	293	156	3	39	321	30	320	8.41e-64	205
Psyr_0774	iPC815.YPO2499	43.7	309	169	3	17	325	23	326	8.18e-64	205
Psyr_0774	iCN900.CD630_03020	41.5	299	171	2	26	324	27	321	3.29e-60	196
Psyr_0775	iLJ478.TM0115	35.9	245	150	4	10	250	15	256	1.92e-47	164
Psyr_0775	iLJ478.TM0956	39.7	237	139	3	15	251	18	250	2.06e-46	161
Psyr_0775	iYO844.BSU35940	37.8	246	149	3	9	254	2	243	6.80e-46	159
Psyr_0775	iHN637.CLJU_RS00620	36.8	242	150	2	10	251	6	244	2.83e-45	158
Psyr_0775	iCN900.CD630_03010	37.9	243	145	3	10	251	6	243	1.14e-44	156
Psyr_0775	iPC815.YPO3907	36.4	242	149	2	10	251	5	241	2.77e-44	155
Psyr_0775	iNF517.LLMG_RS04060	37.7	244	148	3	9	252	2	241	5.06e-44	154
Psyr_0775	iPC815.YPO3964	37.2	247	150	2	6	252	3	244	1.23e-43	154
Psyr_0775	iML1515.b3749	36.4	242	150	2	10	251	5	242	1.57e-43	153
Psyr_0775	STM_v1_0.STM3882	36.0	242	151	2	10	251	5	242	2.19e-43	153
Psyr_0775	iYL1228.KPN_04154	36.0	242	151	2	10	251	5	242	3.05e-43	152
Psyr_0775	iML1515.b4087	34.0	247	162	1	8	254	4	249	4.88e-42	149
Psyr_0776	iCN900.CD630_03000	34.2	269	172	5	43	310	55	319	4.34e-45	155
Psyr_0777	iYO844.BSU35960	24.1	274	186	9	64	326	39	301	1.44e-12	67.0
Psyr_0781	iAF987.Gmet_0069	29.4	109	72	2	5	110	2	108	9.24e-07	49.7
Psyr_0788	iAF987.Gmet_0069	33.9	118	76	2	1	116	1	118	2.76e-15	69.7
Psyr_0790	iJN1463.PP_0626	80.3	432	84	1	1	432	1	431	2.29e-247	679
Psyr_0795	iJN1463.PP_0631	59.7	206	83	0	1	206	1	206	1.01e-80	239
Psyr_0801	iCHOv1.100765077	34.2	117	55	7	201	300	598	709	1.29e-05	46.6
Psyr_0807	iHN637.CLJU_RS04615	25.3	158	115	3	29	184	4	160	5.25e-08	51.6
Psyr_0815	iJN1463.PP_0787	86.5	282	38	0	1	282	1	282	1.19e-174	483
Psyr_0817	iJN1463.PP_0789	72.7	183	47	2	1	180	1	183	1.46e-93	270
Psyr_0820	iPC815.YPO3318	25.8	163	107	6	54	206	29	187	3.46e-07	50.8
Psyr_0820	iYO844.BSU35960	23.1	186	129	6	63	241	39	217	4.31e-07	50.4
Psyr_0820	iYL1228.KPN_04156	21.9	178	129	3	63	233	28	202	7.52e-06	46.6
Psyr_0820	STM_v1_0.STM3884	21.9	178	129	3	63	233	28	202	7.52e-06	46.6
Psyr_0820	iML1515.b3751	21.9	178	129	3	63	233	28	202	1.00e-05	46.2
Psyr_0821	iJN1463.PP_0793	72.5	954	256	2	1	954	1	948	0.0	1282
Psyr_0822	iJN1463.PP_0794	62.8	312	116	0	1	312	1	312	3.96e-128	367
Psyr_0823	iJN1463.PP_0795	79.0	580	117	3	1	578	1	577	1.05e-278	771
Psyr_0824	iJN1463.PP_4636	82.7	392	68	0	1	392	1	392	5.46e-226	622
Psyr_0826	iJN1463.PP_4701	85.7	554	79	0	1	554	1	554	0.0	983
Psyr_0826	iJN1463.PP_1808	82.9	554	95	0	1	554	1	554	0.0	946
Psyr_0827	iJN1463.PP_4700	77.5	280	63	0	1	280	1	280	6.24e-153	428
Psyr_0828	iJN1463.PP_4699	83.1	266	45	0	1	266	1	266	7.81e-156	434
Psyr_0829	iJN1463.PP_4698	75.9	158	37	1	8	164	2	159	3.68e-81	236
Psyr_0831	iAF987.Gmet_1914	34.1	123	77	2	18	136	1	123	2.40e-13	71.6
Psyr_0831	iAF987.Gmet_1919	34.2	117	73	1	18	130	2	118	6.03e-13	69.7
Psyr_0832	iAF987.Gmet_0043	30.6	121	70	4	864	975	152	267	2.59e-05	47.8
Psyr_0834	iIT341.HP0476	37.1	240	137	4	7	233	5	243	1.76e-45	159
Psyr_0834	iAF987.Gmet_1736	38.0	237	134	4	9	233	7	242	1.38e-43	154
Psyr_0834	iPC815.YPO2984	36.6	238	137	5	9	233	6	242	3.03e-42	150
Psyr_0834	iML1515.b2400	36.1	238	138	5	9	233	6	242	1.15e-40	146
Psyr_0834	iSbBS512_1146.SbBS512_E2779	36.1	238	138	5	9	233	6	242	1.15e-40	146
Psyr_0834	iSF_1195.SF2462	36.1	238	138	5	9	233	6	242	1.15e-40	146
Psyr_0834	iSSON_1240.SSON_2491	36.1	238	138	5	9	233	6	242	1.15e-40	146
Psyr_0834	iYL1228.KPN_02750	35.3	238	140	5	9	233	6	242	3.15e-40	145
Psyr_0834	STM_v1_0.STM2415	35.3	238	140	4	9	233	6	242	3.10e-40	145
Psyr_0834	iSDY_1059.SDY_2600	35.3	238	140	4	9	233	6	242	1.61e-39	143
Psyr_0836	iAF692.Mbar_A1546	37.7	377	231	3	6	381	11	384	7.44e-85	263
Psyr_0836	iEK1008.Rv3565	37.6	378	233	2	12	387	11	387	3.48e-83	258
Psyr_0838	iAM_Pf480.PF3D7_0720400	29.8	84	52	3	25	106	102	180	2.40e-04	39.3
Psyr_0839	iSF_1195.SF4413	44.4	248	131	3	14	258	10	253	2.36e-70	216
Psyr_0839	iSDY_1059.SDY_4641	44.0	248	132	3	14	258	10	253	1.34e-69	214
Psyr_0839	iSSON_1240.SSON_4532	44.0	248	132	3	14	258	10	253	1.34e-69	214
Psyr_0839	iML1515.b4381	44.0	248	132	3	14	258	10	253	2.69e-69	214
Psyr_0839	iSbBS512_1146.SbBS512_E4928	43.5	248	133	3	14	258	10	253	5.40e-69	213
Psyr_0839	iYL1228.KPN_04837	42.3	248	136	3	14	258	10	253	1.99e-66	206
Psyr_0839	STM_v1_0.STM4567	40.6	261	148	3	1	258	3	259	3.38e-66	206
Psyr_0842	iJN1463.PP_4683	80.9	773	148	0	1	773	1	773	0.0	1292
Psyr_0846	iJN1463.PP_4680	87.6	574	71	0	1	574	1	574	0.0	1025
Psyr_0847	iJN1463.PP_4679	98.8	163	2	0	1	163	1	163	2.12e-107	303
Psyr_0848	iJN1463.PP_4678	95.6	338	15	0	1	338	1	338	4.36e-237	645
Psyr_0849	iJN1463.PP_4677	95.1	283	12	1	1	281	1	283	3.32e-181	499
Psyr_0850	iCHOv1.100768542	34.6	107	63	4	208	310	330	433	2.95e-07	51.6
Psyr_0850	iMM1415.211389	34.0	106	63	4	208	309	331	433	2.15e-06	48.9
Psyr_0859	iML1515.b0126	56.5	207	89	1	1	207	1	206	2.03e-89	261
Psyr_0859	iSbBS512_1146.SbBS512_E0119	56.5	207	89	1	1	207	1	206	2.03e-89	261
Psyr_0859	iSDY_1059.SDY_0035	56.5	207	89	1	1	207	1	206	2.03e-89	261
Psyr_0859	iSF_1195.SF0123	56.5	207	89	1	1	207	1	206	2.03e-89	261
Psyr_0859	iSSON_1240.SSON_0134	56.5	207	89	1	1	207	1	206	2.03e-89	261
Psyr_0859	STM_v1_0.STM0171	55.3	206	91	1	1	206	1	205	3.65e-85	251
Psyr_0859	iYL1228.KPN_00134	58.4	190	78	1	18	207	2	190	3.52e-84	248
Psyr_0859	iPC815.YPO3407	53.6	207	95	1	1	207	1	206	5.99e-84	248
Psyr_0862	STM_v1_0.STM2232	29.8	521	320	15	11	520	6	491	1.53e-55	199
Psyr_0863	iJN1463.PP_0686	84.8	112	16	1	13	124	3	113	6.66e-65	192
Psyr_0865	iJN1463.PP_2428	66.9	384	127	0	5	388	19	402	2.09e-173	489
Psyr_0866	iIT341.HP1071	31.1	135	79	7	18	144	13	141	2.54e-04	40.8
Psyr_0869	iCHOv1.100757665	27.5	80	52	2	54	127	75	154	1.95e-05	42.0
Psyr_0870	iJN1463.PP_1494	37.6	186	111	3	211	394	150	332	6.51e-27	109
Psyr_0872	iCN718.ABAYE_RS04585	28.9	532	288	13	37	498	45	556	1.19e-56	198
Psyr_0873	iML1515.b1584	28.2	110	78	1	78	186	66	175	3.26e-08	50.8
Psyr_0873	STM_v1_0.STM1502	27.9	111	79	1	78	187	66	176	1.16e-07	49.3
Psyr_0874	iJN1463.PP_5307	29.4	119	81	2	13	130	17	133	1.40e-11	57.8
Psyr_0876	iSSON_1240.SSON_0162	22.7	714	438	29	48	727	77	710	1.02e-14	77.8
Psyr_0876	iSbBS512_1146.SbBS512_E0142	22.7	714	438	29	48	727	77	710	1.35e-14	77.4
Psyr_0876	STM_v1_0.STM0191	22.5	715	438	29	48	727	77	710	1.78e-14	77.0
Psyr_0877	iJN1463.PP_5306	25.0	132	92	1	54	178	151	282	5.04e-07	48.9
Psyr_0877	iML1515.b3006	26.4	125	87	1	91	210	115	239	4.32e-06	45.8
Psyr_0877	iSbBS512_1146.SbBS512_E3434	26.4	125	87	1	91	210	115	239	4.32e-06	45.8
Psyr_0877	iSDY_1059.SDY_3067	26.4	125	87	1	91	210	115	239	4.32e-06	45.8
Psyr_0877	iSF_1195.SF3051	26.4	125	87	1	91	210	115	239	4.32e-06	45.8
Psyr_0877	iSSON_1240.SSON_3149	26.4	125	87	1	91	210	115	239	4.32e-06	45.8
Psyr_0877	iYL1228.KPN_03426	28.3	138	95	3	38	174	59	193	5.67e-06	45.4
Psyr_0877	iPC815.YPO0682	37.9	66	41	0	109	174	242	307	1.04e-05	45.1
Psyr_0877	STM_v1_0.STM3159	26.0	127	91	1	48	174	75	198	1.44e-05	44.3
Psyr_0878	iCHOv1.100763114	27.9	405	243	14	39	404	85	479	9.19e-38	142
Psyr_0878	iCHOv1.100770231	27.9	409	237	15	39	400	122	519	1.34e-35	137
Psyr_0879	iYS854.USA300HOU_RS00270	23.6	140	103	3	21	158	20	157	1.03e-06	45.8
Psyr_0879	iNF517.LLMG_RS04495	22.4	156	116	4	5	157	12	165	5.93e-06	43.9
Psyr_0880	iJN1463.PP_4971	71.4	385	100	3	6	388	11	387	1.31e-194	543
Psyr_0886	iAF987.Gmet_0069	35.5	110	68	2	6	112	5	114	7.51e-10	58.9
Psyr_0888	iYL1228.KPN_00936	37.6	431	235	14	6	412	3	423	1.68e-64	212
Psyr_0888	iLB1027_lipid.PHATRDRAFT_18246	35.3	439	247	11	6	412	47	480	1.08e-60	204
Psyr_0888	iPC815.YPO1390	36.0	433	239	14	6	412	4	424	2.99e-61	204
Psyr_0888	STM_v1_0.STM0978	35.2	437	237	12	6	412	3	423	9.14e-59	197
Psyr_0888	iSDY_1059.SDY_2353	35.7	434	239	14	6	412	3	423	8.51e-59	197
Psyr_0888	iML1515.b0908	35.7	434	239	14	6	412	3	423	1.28e-58	197
Psyr_0888	iSbBS512_1146.SbBS512_E2420	35.7	434	239	14	6	412	3	423	1.28e-58	197
Psyr_0888	iSSON_1240.SSON_0909	35.7	434	239	14	6	412	3	423	1.28e-58	197
Psyr_0888	iSF_1195.SF0903	35.5	434	240	14	6	412	3	423	3.53e-58	196
Psyr_0898	iJN1463.PP_1167	90.8	426	39	0	1	426	1	426	3.80e-264	721
Psyr_0899	iJN1463.PP_1168	66.9	175	58	0	1	175	20	194	1.56e-80	236
Psyr_0900	iJN1463.PP_1169	76.5	327	73	2	1	327	1	323	1.38e-175	489
Psyr_0901	iCHOv1.100752401	33.1	302	182	9	4	294	7	299	1.87e-37	134
Psyr_0902	iJN1463.PP_1171	77.4	266	60	0	7	272	2	267	5.68e-154	429
Psyr_0903	iJN1463.PP_1383	76.9	415	90	2	9	422	9	418	9.65e-241	661
Psyr_0903	iJN1463.PP_1173	74.0	412	97	4	11	422	11	412	1.74e-223	617
Psyr_0904	iLJ478.TM1724	40.2	246	140	5	3	244	2	244	5.37e-50	164
Psyr_0904	iAF987.Gmet_1601	40.2	241	139	4	7	244	6	244	6.02e-49	161
Psyr_0904	iYO844.BSU15910	35.5	245	152	4	4	244	2	244	6.73e-48	158
Psyr_0904	iAF987.Gmet_1694	39.6	245	141	6	4	244	3	244	1.84e-47	157
Psyr_0904	iYS854.USA300HOU_RS06185	38.0	242	144	5	7	244	3	242	2.53e-47	157
Psyr_0904	iHN637.CLJU_RS20765	38.7	248	146	5	1	244	1	246	3.99e-47	156
Psyr_0904	iSynCJ816.SGL_RS07245	37.6	250	144	6	1	244	1	244	8.62e-46	153
Psyr_0904	iML1515.b1093	33.2	244	155	4	4	244	3	241	6.26e-45	150
Psyr_0904	iSbBS512_1146.SbBS512_E2231	33.2	244	155	4	4	244	3	241	6.26e-45	150
Psyr_0904	iSF_1195.SF1097	33.2	244	155	4	4	244	3	241	6.26e-45	150
Psyr_0904	iSSON_1240.SSON_1113	33.2	244	155	4	4	244	3	241	6.26e-45	150
Psyr_0904	iSDY_1059.SDY_2057	33.2	244	155	4	4	244	3	241	1.76e-44	149
Psyr_0908	iPC815.YPO1569	74.1	371	96	0	1	371	1	371	1.63e-198	551
Psyr_0908	iYL1228.KPN_03949	73.5	377	100	0	1	377	1	377	3.70e-198	551
Psyr_0908	iCN718.ABAYE_RS18840	71.8	379	107	0	1	379	1	379	4.10e-197	548
Psyr_0908	iJN1463.PP_4736	72.7	377	103	0	1	377	1	377	2.20e-196	546
Psyr_0908	STM_v1_0.STM3694	73.2	377	101	0	1	377	1	377	3.77e-196	546
Psyr_0908	iML1515.b3605	72.1	377	105	0	1	377	1	377	4.38e-195	543
Psyr_0908	iSbBS512_1146.SbBS512_E4031	72.1	377	105	0	1	377	1	377	4.38e-195	543
Psyr_0908	iSDY_1059.SDY_4038	72.1	377	105	0	1	377	1	377	4.38e-195	543
Psyr_0908	iSF_1195.SF3644	72.1	377	105	0	1	377	1	377	4.38e-195	543
Psyr_0908	iSSON_1240.SSON_3800	72.1	377	105	0	1	377	1	377	4.38e-195	543
Psyr_0914	iJN1463.PP_1802	56.6	369	160	0	1	369	1	369	5.51e-151	430
Psyr_0915	iJN1463.PP_1800	76.9	295	68	0	1	295	1	295	6.08e-162	452
Psyr_0916	iJN1463.PP_1799	90.4	343	33	0	1	343	13	355	1.86e-232	634
Psyr_0917	iJN1463.PP_1778	70.1	264	79	0	1	264	1	264	2.08e-136	384
Psyr_0918	iJN1463.PP_1779	73.1	405	109	0	1	405	1	405	2.55e-219	606
Psyr_0920	iJN1463.PP_1801	32.1	271	171	6	133	399	115	376	5.02e-28	116
Psyr_0922	iEK1008.Rv2051c	38.1	226	136	2	4	225	613	838	6.52e-38	141
Psyr_0924	iJN1463.PP_1783	90.1	293	29	0	1	293	1	293	3.15e-196	538
Psyr_0925	iJN1463.PP_1784	78.7	300	64	0	1	300	1	300	5.44e-164	457
Psyr_0926	iJN1463.PP_1785	90.2	366	36	0	1	366	1	366	3.13e-251	683
Psyr_0928	iYO844.BSU35680	25.1	303	184	16	198	475	539	823	2.96e-10	62.8
Psyr_0929	iEK1008.Rv3265c	26.6	229	138	11	530	736	18	238	6.59e-06	48.5
Psyr_0933	STM_v1_0.STM2774	29.8	447	293	9	120	554	755	1192	1.92e-42	163
Psyr_0933	iSDY_1059.SDY_1025	27.0	445	306	8	120	553	752	1188	1.27e-38	152
Psyr_0933	iEK1008.Rv1348	31.7	306	201	5	254	554	530	832	1.26e-37	148
Psyr_0935	STM_v1_0.STM3186	25.5	447	312	6	34	468	19	456	8.00e-35	135
Psyr_0935	iML1515.b3035	25.1	439	305	6	34	454	17	449	1.22e-32	129
Psyr_0935	iSSON_1240.SSON_3173	25.1	439	305	6	34	454	19	451	1.25e-32	129
Psyr_0935	iSDY_1059.SDY_3205	24.7	434	313	4	34	454	19	451	2.33e-32	128
Psyr_0935	iSF_1195.SF3075	24.8	439	306	6	34	454	17	449	5.78e-32	127
Psyr_0935	iSbBS512_1146.SbBS512_E3468	24.6	439	307	6	34	454	19	451	8.06e-32	127
Psyr_0936	iJN1463.PP_1801	31.7	372	233	8	19	377	14	377	2.62e-51	175
Psyr_0937	iML1515.b2049	57.1	473	195	3	4	470	8	478	2.74e-182	518
Psyr_0937	iSSON_1240.SSON_2102	57.1	473	195	3	4	470	8	478	5.51e-182	517
Psyr_0937	iSbBS512_1146.SbBS512_E1183	57.1	473	195	3	4	470	8	478	7.82e-182	516
Psyr_0937	iSF_1195.SF2112	57.1	473	195	4	4	470	8	478	1.11e-181	516
Psyr_0937	iPC815.YPO3099	54.2	465	211	1	1	465	3	465	1.58e-179	510
Psyr_0937	iJN1463.PP_1277	52.9	471	218	2	1	469	1	469	3.06e-178	508
Psyr_0937	STM_v1_0.STM2084	50.7	473	229	2	2	472	3	473	1.33e-165	475
Psyr_0941	iSynCJ816.SGL_RS05125	33.0	88	40	2	8	93	24	94	4.42e-05	45.1
Psyr_0941	iAF987.Gmet_2444	48.8	41	21	0	2	42	21	61	5.60e-04	41.6
Psyr_0944	iJN1463.PP_0722	98.7	313	4	0	1	313	1	313	4.98e-219	597
Psyr_0945	iJN1463.PP_0723	80.2	278	55	0	5	282	3	280	1.41e-160	447
Psyr_0948	iJN1463.PP_0732	89.4	425	45	0	1	425	1	425	1.12e-260	712
Psyr_0950	iSynCJ816.SGL_RS09640	36.2	224	134	5	56	270	69	292	6.42e-30	114
Psyr_0950	iIT341.HP0381	32.2	236	155	4	21	256	23	253	6.17e-27	105
Psyr_0951	iJN1463.PP_0735	85.4	247	36	0	4	250	1	247	6.07e-150	418
Psyr_0952	iJN1463.PP_0736	71.9	260	73	0	12	271	6	265	1.15e-135	383
Psyr_0956	iJN1463.PP_2734	64.6	393	139	0	26	418	1	393	8.45e-187	524
Psyr_0958	iAM_Pc455.PCYB_132360	32.7	113	65	5	2	105	2500	2610	5.87e-06	48.5
Psyr_0958	iAM_Pv461.PVX_084770	31.9	113	66	5	2	105	2577	2687	1.34e-05	47.4
Psyr_0958	iAM_Pf480.PF3D7_1435300	58.3	36	14	1	2	36	2664	2699	4.05e-05	45.8
Psyr_0958	iCHOv1.100753207	45.5	55	27	2	2	55	54	106	6.81e-05	44.7
Psyr_0958	iNF517.LLMG_RS05995	58.3	36	14	1	2	36	157	192	1.15e-04	43.9
Psyr_0959	iCN900.CD630_26790	27.7	220	154	2	9	223	7	226	4.47e-19	83.6
Psyr_0959	iLJ478.TM1724	28.2	227	149	4	11	232	10	227	1.87e-18	81.6
Psyr_0959	iCN718.ABAYE_RS09790	26.0	231	163	3	10	232	11	241	8.62e-18	80.1
Psyr_0959	iNF517.LLMG_RS08260	27.9	226	144	4	11	224	7	225	7.65e-18	80.1
Psyr_0959	iEK1008.Rv1928c	28.4	232	152	5	7	232	12	235	2.86e-17	78.6
Psyr_0959	iNF517.LLMG_RS08950	25.1	187	138	1	7	191	6	192	4.55e-17	77.8
Psyr_0959	iAF987.Gmet_1601	30.6	183	124	1	11	190	10	192	1.73e-16	76.3
Psyr_0959	iYS854.USA300HOU_RS06185	27.2	184	130	1	11	190	7	190	3.19e-16	75.5
Psyr_0962	iSynCJ816.SGL_RS16080	30.9	55	37	1	37	90	31	85	5.52e-04	40.8
Psyr_0965	iYS854.USA300HOU_RS13900	44.0	50	28	0	5	54	3	52	8.08e-06	47.0
Psyr_0967	iJN1463.PP_0744	75.1	338	82	2	1	336	1	338	8.37e-185	513
Psyr_0968	iJN1463.PP_0745	90.2	419	41	0	3	421	2	420	1.41e-269	734
Psyr_0969	iJN1463.PP_0746	90.6	212	20	0	1	212	1	212	2.67e-134	375
Psyr_0970	iJN1463.PP_0747	85.4	185	27	0	1	185	1	185	3.00e-120	337
Psyr_0973	iNF517.LLMG_RS09920	39.7	214	119	3	73	276	13	226	1.43e-39	137
Psyr_0973	iYO844.BSU23970	39.9	198	118	1	74	270	16	213	1.58e-39	137
Psyr_0973	iJN1463.PP_0226	39.9	218	121	1	52	269	5	212	2.41e-39	136
Psyr_0973	iCN900.CD630_07510	37.7	207	122	1	71	270	13	219	1.03e-38	135
Psyr_0973	iML1515.b1918	38.6	223	127	1	52	274	4	216	1.88e-38	134
Psyr_0973	iYS854.USA300HOU_RS09930	37.4	198	123	1	73	269	281	478	5.80e-33	125
Psyr_0973	iYS854.USA300HOU_RS13045	33.7	208	124	2	83	278	34	239	2.88e-34	124
Psyr_0974	iJN1463.PP_0227	34.9	272	150	7	6	273	16	264	4.23e-39	137
Psyr_0974	iML1515.b1920	32.7	281	161	6	1	273	6	266	1.34e-37	133
Psyr_0974	STM_v1_0.STM1954	32.4	281	162	6	1	273	6	266	4.00e-36	129
Psyr_0975	iJN1463.PP_0658	72.3	310	86	0	1	310	1	310	1.33e-162	454
Psyr_0976	iJN1463.PP_0751	82.8	495	85	0	1	495	1	495	5.53e-300	818
Psyr_0984	iAF987.Gmet_1238	36.7	166	93	4	115	274	87	246	1.55e-24	99.0
Psyr_0989	iYL1228.KPN_04318	32.2	205	134	2	6	208	5	206	5.44e-30	109
Psyr_0989	iSbBS512_1146.SbBS512_E4290	30.6	206	136	2	6	208	5	206	4.62e-28	104
Psyr_0989	iML1515.b3823	30.1	206	137	2	6	208	5	206	6.50e-28	104
Psyr_0989	STM_v1_0.STM3959	30.1	206	137	2	6	208	5	206	9.14e-28	103
Psyr_0990	iJN1463.PP_0763	83.9	560	90	0	1	560	1	560	0.0	967
Psyr_0993	iEK1008.Rv0386	37.7	61	38	0	853	913	1021	1081	3.28e-06	50.8
Psyr_0994	iAF987.Gmet_3275	36.4	253	156	2	95	344	155	405	2.54e-43	156
Psyr_0995	iML1515.b1007	63.5	156	57	0	16	171	4	159	1.05e-65	198
Psyr_0995	iSDY_1059.SDY_0982	62.6	147	55	0	25	171	1	147	5.20e-61	186
Psyr_0995	iSF_1195.SF1010	62.6	147	55	0	25	171	1	147	5.20e-61	186
Psyr_0995	iSSON_1240.SSON_1025	62.6	147	55	0	25	171	1	147	5.20e-61	186
Psyr_0996	iSF_1195.SF1012	49.2	242	123	0	10	251	10	251	1.99e-75	229
Psyr_0996	iML1515.b1009	48.3	242	125	0	10	251	10	251	2.28e-74	227
Psyr_0996	iSSON_1240.SSON_1027	48.3	242	125	0	10	251	10	251	2.28e-74	227
Psyr_0997	iML1515.b1010	69.0	126	39	0	1	126	1	126	9.99e-64	189
Psyr_0997	iSDY_1059.SDY_0985	69.0	126	39	0	1	126	1	126	9.99e-64	189
Psyr_0997	iSF_1195.SF1013	68.3	126	40	0	1	126	1	126	4.74e-62	185
Psyr_0998	iSSON_1240.SSON_1030	78.6	220	47	0	21	240	18	237	1.04e-124	353
Psyr_0998	iML1515.b1011	78.2	220	48	0	21	240	4	223	2.59e-124	352
Psyr_0998	iSF_1195.SF1014	77.7	220	49	0	21	240	18	237	4.91e-123	349
Psyr_0999	iML1515.b1012	75.4	362	87	1	1	360	20	381	1.34e-206	571
Psyr_0999	iSF_1195.SF1015	75.1	362	88	1	1	360	20	381	1.90e-206	570
Psyr_0999	iSDY_1059.SDY_0987	75.0	360	88	1	3	360	22	381	2.56e-204	565
Psyr_1002	iPC815.YPO3964	33.0	491	318	6	1	489	1	482	4.80e-77	250
Psyr_1002	iPC815.YPO0958	34.0	488	305	8	6	488	5	480	4.20e-76	247
Psyr_1002	iML1515.b3749	33.1	493	315	7	7	495	5	486	2.74e-73	240
Psyr_1002	iHN637.CLJU_RS00620	32.0	487	312	10	7	486	6	480	1.98e-72	238
Psyr_1002	iYL1228.KPN_04154	32.8	494	315	8	7	495	5	486	2.08e-72	238
Psyr_1002	STM_v1_0.STM3882	33.2	494	313	9	7	495	5	486	2.92e-72	237
Psyr_1002	iNF517.LLMG_RS04060	31.7	482	309	7	7	482	3	470	2.49e-71	234
Psyr_1002	iSbBS512_1146.SbBS512_E1024	33.1	499	318	10	7	499	8	496	4.95e-70	231
Psyr_1002	iML1515.b1900	32.9	499	319	10	7	499	8	496	3.74e-69	229
Psyr_1002	iSDY_1059.SDY_1121	32.9	499	319	10	7	499	8	496	3.74e-69	229
Psyr_1002	iSSON_1240.SSON_1218	32.9	499	319	10	7	499	8	496	1.03e-68	228
Psyr_1003	iYL1228.KPN_04624	23.7	312	211	11	50	350	25	320	3.35e-06	48.1
Psyr_1003	iSbBS512_1146.SbBS512_E4854	22.6	288	197	9	73	350	49	320	2.47e-05	45.4
Psyr_1003	iML1515.b4230	22.7	291	193	11	73	350	49	320	5.80e-05	44.3
Psyr_1003	iSSON_1240.SSON_4411	22.7	291	193	11	73	350	49	320	5.80e-05	44.3
Psyr_1003	iSF_1195.SF4261	22.7	291	193	11	73	350	49	320	7.71e-05	43.9
Psyr_1004	iYL1228.KPN_04624	25.8	264	163	8	15	267	63	304	1.76e-04	42.4
Psyr_1004	iSSON_1240.SSON_4411	25.3	265	163	9	15	267	63	304	1.76e-04	42.4
Psyr_1005	iAF987.Gmet_2727	39.8	103	62	0	119	221	293	395	1.60e-15	74.3
Psyr_1005	iAF987.Gmet_1832	47.1	70	36	1	151	219	446	515	1.38e-13	68.9
Psyr_1006	iAT_PLT_636.56894	25.9	189	103	8	115	289	149	314	6.03e-06	47.0
Psyr_1006	iCHOv1.100758206	28.6	119	72	2	66	184	73	178	1.44e-05	45.4
Psyr_1006	iAT_PLT_636.10554	28.6	119	72	2	66	184	80	185	1.94e-05	45.1
Psyr_1006	iMM1415.55979	30.9	97	54	2	88	184	95	178	1.93e-05	45.1
Psyr_1007	iJN1463.PP_0774	87.0	692	89	1	1	692	1	691	0.0	1162
Psyr_1010	iJN1463.PP_0777	81.9	160	29	0	1	160	1	160	3.50e-96	274
Psyr_1011	iJN1463.PP_0920	42.1	216	105	5	6	208	4	212	1.07e-47	164
Psyr_1011	iJN1463.PP_2486	40.3	233	119	4	1	216	1	230	5.29e-47	163
Psyr_1011	iJN1463.PP_3173	33.1	372	181	13	6	348	3	335	3.71e-43	153
Psyr_1012	iSynCJ816.SGL_RS12975	34.8	371	226	6	5	370	32	391	6.79e-62	204
Psyr_1015	iML1515.b2413	44.2	233	128	2	7	238	11	242	2.45e-58	185
Psyr_1015	iYL1228.KPN_02760	40.1	242	140	3	7	244	11	251	8.96e-53	171
Psyr_1016	iJN1463.PP_0786	93.1	320	22	0	1	320	1	320	7.86e-215	587
Psyr_1019	iML1515.b2303	66.1	115	39	0	9	123	6	120	7.93e-49	151
Psyr_1019	iSbBS512_1146.SbBS512_E2679	66.1	115	39	0	9	123	6	120	7.93e-49	151
Psyr_1019	iSDY_1059.SDY_2500	66.1	115	39	0	9	123	6	120	7.93e-49	151
Psyr_1019	iSF_1195.SF2379	66.1	115	39	0	9	123	6	120	7.93e-49	151
Psyr_1019	iSSON_1240.SSON_2360	66.1	115	39	0	9	123	6	120	7.93e-49	151
Psyr_1019	iYL1228.KPN_02693	60.9	115	45	0	9	123	6	120	1.02e-44	141
Psyr_1020	iJN1463.PP_2512	76.6	184	43	0	1	184	1	184	7.95e-103	293
Psyr_1020	iJN1463.PP_1823	75.7	181	44	0	2	182	9	189	6.83e-98	281
Psyr_1021	iYL1228.KPN_01523	48.9	233	116	2	7	236	8	240	2.48e-69	212
Psyr_1021	iSbBS512_1146.SbBS512_E1793	45.1	233	125	2	7	236	8	240	8.94e-62	193
Psyr_1021	iML1515.b1606	45.1	233	125	2	7	236	8	240	1.27e-61	192
Psyr_1021	iSDY_1059.SDY_1547	45.1	233	125	2	7	236	8	240	1.27e-61	192
Psyr_1021	iSF_1195.SF1627	46.2	234	121	4	7	236	8	240	2.54e-61	192
Psyr_1024	iJN1463.PP_4628	72.0	150	42	0	1	150	1	150	1.05e-69	206
Psyr_1025	iMM1415.15488	55.8	301	132	1	1	300	1	301	5.75e-111	337
Psyr_1025	iCHOv1.103161104	54.8	301	135	1	1	300	1	301	2.34e-110	332
Psyr_1032	iPC815.YPO3864	54.8	374	167	2	8	379	1	374	1.27e-143	413
Psyr_1032	iML1515.b3786	56.1	369	160	2	8	374	1	369	2.56e-143	412
Psyr_1032	iSbBS512_1146.SbBS512_E4135	56.1	369	160	2	8	374	1	369	7.29e-143	411
Psyr_1032	iSDY_1059.SDY_3962	55.8	369	161	2	8	374	15	383	1.67e-142	411
Psyr_1032	iSSON_1240.SSON_3958	55.8	369	161	2	8	374	15	383	1.67e-142	411
Psyr_1032	iSF_1195.SF3860	55.6	369	162	2	8	374	15	383	1.92e-141	408
Psyr_1032	iJN1463.PP_1811	55.6	369	161	3	8	374	3	370	1.57e-140	405
Psyr_1032	STM_v1_0.STM3920	54.7	369	165	2	8	374	1	369	1.94e-140	405
Psyr_1032	iAF987.Gmet_1489	54.4	371	164	4	13	378	3	373	8.94e-138	399
Psyr_1032	iYL1228.KPN_04286	54.9	359	160	2	23	379	1	359	8.17e-136	393
Psyr_1038	iJN1463.PP_4613	80.7	751	143	1	34	782	24	774	0.0	1258
Psyr_1042	iYL1228.KPN_01622	24.9	301	197	8	5	290	8	294	1.14e-13	69.7
Psyr_1042	iML1515.b1533	23.9	289	192	8	5	280	8	281	2.39e-12	65.9
Psyr_1043	iJN1463.PP_3376	57.1	319	136	1	1	318	1	319	4.21e-117	340
Psyr_1043	iPC815.YPO4078	50.6	322	158	1	1	321	1	322	1.19e-105	311
Psyr_1043	iYL1228.KPN_03915	50.0	322	160	1	1	321	1	322	4.35e-105	310
Psyr_1045	iJN1463.PP_3427	30.0	434	286	8	48	475	39	460	5.25e-33	130
Psyr_1045	iJN1463.PP_4211	27.4	420	298	4	58	475	47	461	1.32e-32	129
Psyr_1045	iML1515.b0572	29.7	417	280	6	60	475	52	456	2.09e-32	128
Psyr_1045	iSF_1195.SF0473	30.1	415	276	7	63	475	54	456	2.17e-32	128
Psyr_1045	iYL1228.KPN_04739	29.6	423	268	6	63	475	91	493	4.56e-32	128
Psyr_1045	iJN1463.PP_1384	28.5	460	300	8	36	475	14	464	3.95e-32	128
Psyr_1045	iSSON_1240.SSON_0523	29.9	415	277	7	63	475	54	456	4.04e-32	127
Psyr_1048	iML1515.b3241	39.9	281	167	2	2	281	6	285	2.36e-58	188
Psyr_1049	iML1515.b0493	39.9	183	106	2	5	183	19	201	3.19e-29	111
Psyr_1049	iMM904.YIL124W	30.8	276	178	4	3	269	11	282	2.12e-28	109
Psyr_1052	iJN1463.PP_1277	89.3	484	51	1	1	483	2	485	0.0	877
Psyr_1053	iJN1463.PP_1278	71.5	207	58	1	17	222	9	215	3.29e-99	286
Psyr_1054	iJN1463.PP_1279	66.8	380	126	0	1	380	4	383	7.45e-190	530
Psyr_1055	iJN1463.PP_1280	82.8	518	56	3	1	518	1	485	3.10e-313	852
Psyr_1056	iJN1463.PP_1281	69.3	368	113	0	1	368	1	368	7.71e-187	521
Psyr_1057	iJN1463.PP_1282	74.6	481	110	5	4	478	4	478	9.80e-266	729
Psyr_1058	iJN1463.PP_1283	72.3	520	138	1	15	534	4	517	1.86e-276	761
Psyr_1059	iJN1463.PP_1284	66.5	502	150	7	1	494	1	492	2.30e-250	692
Psyr_1060	iJN1463.PP_1285	72.9	325	88	0	13	337	21	345	2.90e-160	462
Psyr_1061	iJN1463.PP_1286	68.5	390	121	1	1	390	1	388	4.35e-191	533
Psyr_1062	iJN1463.PP_1287	84.8	493	75	0	1	493	4	496	3.91e-310	843
Psyr_1063	iJN1463.PP_1288	85.2	438	65	0	1	438	1	438	1.54e-276	753
Psyr_1067	iJN1463.PP_1292	89.5	152	16	0	1	152	1	152	3.83e-92	264
Psyr_1068	iJN1463.PP_1293	70.4	81	24	0	1	81	2	82	2.97e-37	119
Psyr_1069	iJN1463.PP_1294	81.8	148	27	0	1	148	1	148	7.32e-92	262
Psyr_1071	iLB1027_lipid.PHATRDRAFT_52268	33.8	207	132	5	15	218	3	207	4.19e-29	107
Psyr_1072	iJN1463.PP_1297	86.8	342	45	0	1	342	1	342	6.64e-218	597
Psyr_1073	iJN1463.PP_1298	80.9	393	74	1	1	393	1	392	4.00e-226	622
Psyr_1074	iJN1463.PP_1299	85.8	365	52	0	1	365	1	365	7.11e-236	644
Psyr_1075	iJN1463.PP_1300	90.9	254	23	0	1	254	1	254	9.36e-174	478
Psyr_1076	iJN1463.PP_0970	77.0	396	91	0	19	414	39	434	1.15e-215	598
Psyr_1082	iJN1463.PP_5054	31.3	64	43	1	45	107	4	67	1.24e-08	48.1
Psyr_1086	iJN1463.PP_0977	88.7	948	107	0	1	948	1	948	0.0	1704
Psyr_1091	iJN1463.PP_0980	78.0	496	108	1	1	495	1	496	8.65e-278	761
Psyr_1092	iJN1463.PP_0982	70.8	373	107	1	1	373	1	371	6.44e-178	498
Psyr_1093	iJN1463.PP_0983	76.8	353	82	0	1	353	1	353	2.51e-193	536
Psyr_1095	iJN1463.PP_0986	77.2	372	85	0	3	374	2	373	2.14e-209	578
Psyr_1096	iJN1463.PP_0988	85.6	950	136	1	5	954	3	951	0.0	1635
Psyr_1097	iJN1463.PP_0989	71.7	127	36	0	1	127	1	127	6.52e-62	185
Psyr_1098	iAF987.Gmet_0987	42.3	549	313	4	151	697	237	783	1.22e-133	412
Psyr_1098	iAF987.Gmet_3085	43.5	444	250	1	255	697	440	883	1.10e-121	384
Psyr_1099	iAF987.Gmet_2999	34.4	125	82	0	4	128	10	134	5.09e-17	75.1
Psyr_1100	iAF987.Gmet_0043	32.2	295	177	4	283	575	6	279	1.01e-30	126
Psyr_1104	iJN1463.PP_1005	70.9	189	55	0	6	194	3	191	9.76e-90	261
Psyr_1105	iJN1463.PP_1006	68.4	846	263	3	17	859	18	862	0.0	1192
Psyr_1108	iJN1463.PP_1009	85.5	332	48	0	1	332	1	332	1.79e-206	567
Psyr_1109	iJN1463.PP_1010	87.3	608	77	0	1	608	1	608	0.0	1075
Psyr_1110	iJN1463.PP_1011	64.2	316	113	0	1	316	1	316	2.07e-145	412
Psyr_1111	iAF987.Gmet_1706	41.9	117	66	1	8	124	3	117	3.97e-19	84.3
Psyr_1112	iAF987.Gmet_0043	28.3	106	66	3	385	480	162	267	9.04e-05	44.7
Psyr_1113	iJN1463.PP_1015	84.9	431	62	1	1	431	1	428	1.57e-267	730
Psyr_1114	iJN1463.PP_1016	89.7	301	31	0	1	301	1	301	3.26e-198	544
Psyr_1115	iJN1463.PP_1017	87.5	281	35	0	1	281	1	281	6.94e-178	491
Psyr_1116	iJN1463.PP_1018	84.0	381	59	1	1	381	1	379	1.20e-224	618
Psyr_1117	iJN1463.PP_1019	77.0	443	100	2	12	453	6	447	1.32e-267	732
Psyr_1119	iYS854.USA300HOU_RS01685	24.4	238	167	5	20	255	16	242	1.16e-12	66.2
Psyr_1120	iJN1463.PP_1022	83.0	489	83	0	1	489	1	489	7.80e-305	829
Psyr_1121	iJN1463.PP_1023	67.1	237	78	0	1	237	6	242	1.28e-106	307
Psyr_1122	iJN1463.PP_1024	71.9	224	63	0	1	224	10	233	1.66e-118	336
Psyr_1125	iJN1463.PP_1494	49.7	167	81	1	332	495	166	332	2.47e-43	156
Psyr_1126	iAF987.Gmet_0043	29.8	104	66	3	357	454	165	267	8.22e-05	44.7
Psyr_1127	iAF987.Gmet_0069	38.7	124	67	4	3	119	5	126	7.28e-17	77.4
Psyr_1127	iAF987.Gmet_1706	38.7	119	68	2	1	116	1	117	1.23e-14	71.2
Psyr_1128	iJN1463.PP_3426	29.7	1051	692	19	8	1021	4	1044	1.26e-111	370
Psyr_1129	iML1515.b0463	31.4	338	221	4	41	370	40	374	4.60e-41	149
Psyr_1129	iSDY_1059.SDY_0456	31.4	338	221	5	41	370	40	374	6.40e-41	148
Psyr_1129	iSSON_1240.SSON_0450	31.1	338	222	4	41	370	40	374	1.24e-40	147
Psyr_1129	iSF_1195.SF0408	31.4	338	221	4	41	370	40	374	1.72e-40	147
Psyr_1129	STM_v1_0.STM3390	32.4	321	205	5	69	380	67	384	3.71e-39	143
Psyr_1129	iML1515.b3265	32.1	321	207	5	69	381	67	384	5.17e-38	140
Psyr_1129	iSbBS512_1146.SbBS512_E3648	32.1	321	207	5	69	381	67	384	7.18e-38	140
Psyr_1129	iPC815.YPO3132	32.1	312	199	6	69	371	69	376	1.67e-37	139
Psyr_1129	iYL1228.KPN_03672	32.4	306	200	4	69	370	66	368	3.30e-36	135
Psyr_1139	iAF987.Gmet_0069	28.6	119	75	4	168	282	2	114	3.69e-05	44.3
Psyr_1140	iJN1463.PP_0809	77.8	167	37	0	1	167	1	167	1.53e-89	258
Psyr_1141	iJN1463.PP_0812	73.2	314	82	2	1	313	1	313	2.29e-162	454
Psyr_1142	iJN1463.PP_0813	86.6	659	88	0	1	659	1	659	0.0	1170
Psyr_1143	iYL1228.KPN_00392	69.1	207	55	1	4	210	6	203	1.06e-103	297
Psyr_1143	iJN1463.PP_0814	76.2	185	44	0	26	210	23	207	3.33e-101	291
Psyr_1143	iML1515.b0430	68.7	201	54	1	10	210	13	204	2.46e-100	288
Psyr_1143	iSSON_1240.SSON_0413	68.7	201	54	1	10	210	13	204	2.46e-100	288
Psyr_1143	iSbBS512_1146.SbBS512_E0352	68.7	201	54	1	10	210	13	204	7.03e-100	287
Psyr_1143	STM_v1_0.STM0441	67.7	201	56	1	10	210	13	204	1.65e-98	284
Psyr_1144	iJN1463.PP_0815	63.3	109	40	0	1	109	1	109	5.01e-42	133
Psyr_1145	iJN1463.PP_0816	78.9	294	62	0	1	294	1	294	1.08e-165	461
Psyr_1146	iYO844.BSU35550	28.5	214	139	7	13	220	6	211	2.44e-17	79.3
Psyr_1146	iML1515.b1022	36.1	119	74	1	9	125	71	189	1.89e-14	72.8
Psyr_1146	iYO844.BSU35680	36.1	108	65	2	16	119	11	118	3.64e-14	72.4
Psyr_1147	iYS854.USA300HOU_RS13870	41.0	61	35	1	105	165	129	188	7.23e-11	58.9
Psyr_1147	iYS854.USA300HOU_RS07115	52.6	57	27	0	102	158	162	218	4.85e-09	54.3
Psyr_1147	iCN718.ABAYE_RS12475	48.1	54	28	0	107	160	149	202	6.47e-09	53.5
Psyr_1147	iYL1228.KPN_00440	34.4	122	63	4	38	158	76	181	5.41e-09	53.5
Psyr_1148	iJN1463.PP_3511	81.7	339	61	1	1	339	1	338	1.79e-209	575
Psyr_1151	iML1515.b1920	25.8	236	169	4	29	262	34	265	2.60e-18	81.6
Psyr_1153	iEK1008.Rv3777	27.6	323	196	7	30	336	28	328	1.00e-25	104
Psyr_1153	iEK1008.Rv3825c	27.9	348	215	9	2	336	1426	1750	1.93e-23	101
Psyr_1153	iYL1228.KPN_01853	28.7	331	219	8	16	336	11	334	3.62e-23	97.8
Psyr_1154	iPC815.YPO3375	71.3	150	42	1	24	172	51	200	1.63e-71	214
Psyr_1154	STM_v1_0.STM1440	63.7	157	57	0	16	172	16	172	8.32e-68	203
Psyr_1154	iSF_1195.SF1673	60.5	172	68	0	1	172	6	177	5.63e-67	201
Psyr_1154	iSSON_1240.SSON_1510	60.5	172	68	0	1	172	1	172	4.79e-67	201
Psyr_1154	iML1515.b1646	60.5	172	68	0	1	172	1	172	6.80e-67	201
Psyr_1154	STM_v1_0.STM1044	65.4	153	52	1	21	172	23	175	1.10e-66	201
Psyr_1154	iSbBS512_1146.SbBS512_E1838	59.9	172	69	0	1	172	1	172	2.76e-66	199
Psyr_1154	iYL1228.KPN_01985	59.4	160	65	0	13	172	13	172	1.59e-65	197
Psyr_1154	iSDY_1059.SDY_1870	59.3	172	70	0	1	172	1	172	2.25e-65	197
Psyr_1156	iJN1463.PP_0203	71.1	575	165	1	5	579	3	576	2.01e-296	815
Psyr_1157	iAF987.Gmet_3085	30.6	415	272	9	11	416	213	620	1.91e-51	185
Psyr_1158	iJN1463.PP_3417	43.6	440	248	0	12	451	7	446	7.92e-119	354
Psyr_1159	iAF987.Gmet_3085	37.1	582	334	4	156	736	329	879	7.25e-121	384
Psyr_1163	iML1515.b1011	31.5	219	145	3	1	214	1	219	1.07e-29	110
Psyr_1163	iSSON_1240.SSON_1030	31.5	219	145	3	1	214	15	233	1.47e-29	110
Psyr_1163	iSF_1195.SF1014	31.1	219	146	3	1	214	15	233	2.21e-28	107
Psyr_1164	iYL1228.KPN_04154	31.1	485	310	8	6	482	5	473	4.72e-67	224
Psyr_1164	STM_v1_0.STM3882	30.4	496	327	7	6	496	5	487	4.72e-67	224
Psyr_1164	iYL1228.KPN_04623	32.2	491	315	8	6	490	10	488	6.45e-67	223
Psyr_1164	iML1515.b4485	32.0	490	317	8	6	490	10	488	4.83e-66	221
Psyr_1164	iSSON_1240.SSON_4410	32.5	486	310	8	6	485	10	483	6.76e-66	221
Psyr_1164	iML1515.b3749	30.5	499	323	8	6	496	5	487	3.70e-65	219
Psyr_1164	iSF_1195.SF4262	32.2	485	313	8	6	485	10	483	1.38e-64	217
Psyr_1164	iPC815.YPO3964	30.5	501	328	7	2	496	3	489	2.26e-64	217
Psyr_1164	iHN637.CLJU_RS00620	27.7	498	340	8	12	502	12	496	7.46e-63	213
Psyr_1164	iPC815.YPO0958	28.6	510	326	9	5	499	5	491	7.46e-63	213
Psyr_1164	iNF517.LLMG_RS04060	27.9	484	326	8	6	482	3	470	1.80e-61	209
Psyr_1164	iLJ478.TM0956	28.4	497	346	7	6	496	13	505	1.34e-60	207
Psyr_1164	iPC815.YPO2256	31.5	496	303	13	2	482	16	489	1.34e-60	207
Psyr_1164	iPC815.YPO3907	30.9	479	315	8	6	479	5	472	1.45e-60	206
Psyr_1164	iLJ478.TM0115	28.7	520	351	8	2	511	11	520	3.40e-60	206
Psyr_1164	iML1515.b2149	29.5	484	317	8	6	480	14	482	9.53e-60	204
Psyr_1164	iSF_1195.SF2234	29.5	484	317	8	6	480	14	482	9.53e-60	204
Psyr_1164	iSSON_1240.SSON_2205	29.5	484	317	8	6	480	14	482	9.53e-60	204
Psyr_1165	iSSON_1240.SSON_1030	36.2	185	99	2	24	197	32	208	6.20e-29	108
Psyr_1165	iML1515.b1011	36.4	184	98	2	24	196	18	193	8.89e-29	107
Psyr_1165	iSF_1195.SF1014	35.7	185	100	2	24	197	32	208	1.82e-27	104
Psyr_1166	iLB1027_lipid.PHATRDRAFT_45451	70.9	327	95	0	4	330	5	331	3.64e-184	511
Psyr_1167	iLJ478.TM0112	26.5	223	142	7	16	235	50	253	1.24e-04	42.7
Psyr_1168	iSF_1195.SF4261	24.1	315	200	10	19	332	19	295	3.19e-04	42.0
Psyr_1170	iCN718.ABAYE_RS12205	47.0	602	296	11	10	604	8	593	8.52e-162	475
Psyr_1173	iAF692.Mbar_A2583	29.4	143	96	2	1	141	1	140	5.23e-11	59.3
Psyr_1174	iYO844.BSU06230	44.8	455	242	7	21	470	6	456	5.83e-115	346
Psyr_1175	iLB1027_lipid.PHATRDRAFT_36390	27.6	217	133	7	1	199	1	211	1.76e-12	63.9
Psyr_1189	iML1515.b0211	38.0	324	181	5	21	337	5	315	2.85e-65	218
Psyr_1213	iCN900.CD630_02510	42.8	421	222	2	26	440	27	434	9.61e-107	323
Psyr_1227	iJN1463.PP_0832	89.7	349	36	0	1	349	1	349	4.46e-230	629
Psyr_1228	iJN1463.PP_0833	91.6	370	31	0	7	376	1	370	9.93e-259	703
Psyr_1233	iJN1463.PP_0838	87.9	272	32	1	1	271	1	272	3.99e-170	470
Psyr_1235	iJN1463.PP_0840	87.0	247	31	1	1	246	1	247	1.93e-155	432
Psyr_1237	iJN1463.PP_0842	88.9	404	45	0	1	404	1	404	4.39e-268	729
Psyr_1238	iJN1463.PP_0843	99.2	128	1	0	1	128	1	128	4.35e-90	256
Psyr_1239	iJN1463.PP_0844	90.7	107	10	0	1	107	1	107	8.54e-69	201
Psyr_1241	STM_v1_0.STM0659	32.8	503	297	10	20	510	6	479	7.70e-67	228
Psyr_1241	iML1515.b0650	32.8	491	287	11	20	497	6	466	2.71e-66	226
Psyr_1241	iSSON_1240.SSON_0604	32.8	491	287	11	20	497	6	466	3.76e-66	226
Psyr_1241	iSbBS512_1146.SbBS512_E0599	32.6	491	288	11	20	497	6	466	1.01e-65	224
Psyr_1242	iJN1463.PP_0847	77.9	113	25	0	1	113	1	113	6.30e-67	196
Psyr_1244	iJN1463.PP_0849	92.2	141	11	0	1	141	1	141	3.03e-85	245
Psyr_1248	iJN1463.PP_0853	93.8	369	23	0	1	369	1	369	5.14e-247	673
Psyr_1249	iJN1463.PP_0854	86.7	428	57	0	1	428	1	428	2.45e-273	744
Psyr_1252	iHN637.CLJU_RS10635	30.2	159	98	8	4	157	3	153	7.89e-10	60.8
Psyr_1252	iHN637.CLJU_RS06865	32.0	169	91	8	4	160	7	163	1.97e-09	59.7
Psyr_1252	iML1515.b3409	28.2	170	109	7	5	166	6	170	5.82e-08	55.1
Psyr_1252	iSSON_1240.SSON_3540	28.2	170	109	7	5	166	6	170	5.82e-08	55.1
Psyr_1253	iYL1228.KPN_00645	55.0	380	169	2	3	382	9	386	2.58e-144	414
Psyr_1254	iJN1463.PP_3846	30.3	231	147	8	10	232	1	225	5.02e-17	78.2
Psyr_1254	iJN1463.PP_0382	32.7	226	131	12	40	252	33	250	2.88e-15	73.2
Psyr_1256	iAF987.Gmet_1122	28.0	239	168	3	13	247	11	249	5.07e-26	103
Psyr_1256	iML1515.b0331	30.4	250	166	5	11	252	8	257	1.64e-25	102
Psyr_1256	STM_v1_0.STM0368	30.4	250	166	5	11	252	8	257	3.11e-25	101
Psyr_1256	iYO844.BSU24120	30.1	246	165	5	3	244	8	250	1.77e-24	99.8
Psyr_1256	iCN718.ABAYE_RS18820	29.5	254	171	5	7	252	4	257	4.11e-23	95.9
Psyr_1257	iJN1463.PP_1025	90.1	557	54	1	1	556	1	557	0.0	1006
Psyr_1258	iML1515.b1856	36.7	120	69	1	153	265	288	407	1.58e-18	84.3
Psyr_1258	iAF987.Gmet_3012	40.9	110	63	2	149	256	25	134	9.67e-18	79.0
Psyr_1258	iAF987.Gmet_1350	35.8	123	77	2	149	270	87	208	7.34e-17	77.4
Psyr_1261	iJN1463.PP_1031	91.8	489	40	0	1	489	1	489	7.69e-312	847
Psyr_1262	iJN1463.PP_1032	91.0	525	47	0	1	525	1	525	0.0	984
Psyr_1266	iJN1463.PP_2205	25.2	540	278	17	37	456	39	572	2.44e-31	126
Psyr_1266	iJN1463.PP_5380	38.9	185	103	6	4	182	6	186	4.82e-28	117
Psyr_1267	iYO844.BSU00180	49.0	153	78	0	10	162	2	154	5.57e-43	140
Psyr_1267	iAF987.Gmet_3524	49.7	149	75	0	12	160	12	160	1.96e-40	134
Psyr_1268	iML1515.b2558	38.2	434	264	3	15	447	17	447	6.14e-96	299
Psyr_1268	iSbBS512_1146.SbBS512_E2924	38.0	434	265	3	15	447	17	447	1.34e-94	296
Psyr_1268	iSDY_1059.SDY_2748	39.6	402	239	3	47	447	3	401	1.13e-93	292
Psyr_1268	iSF_1195.SF2605	39.6	402	239	3	47	447	3	401	1.13e-93	292
Psyr_1268	iSSON_1240.SSON_2641	39.3	402	240	3	47	447	3	401	8.86e-93	290
Psyr_1269	iJN1463.PP_1037	86.8	1299	171	1	1	1298	1	1299	0.0	2272
Psyr_1272	iCN718.ABAYE_RS13345	27.5	142	98	2	2	142	90	227	9.54e-11	58.5
Psyr_1272	STM_v1_0.STM4166	28.5	144	93	4	2	142	96	232	1.94e-10	57.8
Psyr_1272	iYL1228.KPN_04378	33.3	102	59	3	2	101	96	190	4.98e-10	56.6
Psyr_1272	iAF987.Gmet_0988	31.0	129	79	5	26	148	8	132	3.66e-10	55.5
Psyr_1272	iPC815.YPO3736	34.3	102	58	4	2	101	96	190	6.18e-09	53.5
Psyr_1273	iML1515.b1813	44.1	177	99	0	2	178	8	184	6.15e-38	129
Psyr_1274	iJN1463.PP_3285	35.1	168	109	0	3	170	4	171	1.24e-25	97.1
Psyr_1277	iJN1463.PP_1457	89.0	392	43	0	1	392	1	392	6.51e-253	690
Psyr_1278	iEK1008.Rv1200	41.6	421	228	5	43	451	3	417	1.26e-99	304
Psyr_1278	iYL1228.KPN_02458	39.3	415	245	3	43	450	21	435	3.64e-90	280
Psyr_1278	iML1515.b1981	39.1	417	245	4	43	452	22	436	3.09e-88	275
Psyr_1289	iJN1463.PP_1469	76.8	246	55	1	1	244	14	259	3.61e-136	383
Psyr_1290	iJN1463.PP_1470	93.3	434	29	0	30	463	1	434	3.85e-287	781
Psyr_1291	iJN1463.PP_1471	91.9	469	38	0	1	469	1	469	0.0	875
Psyr_1292	iAF987.Gmet_0043	23.7	439	295	11	701	1124	25	438	3.39e-16	83.2
Psyr_1293	iJN1463.PP_3581	38.2	233	143	1	194	425	449	681	3.12e-38	147
Psyr_1293	iAF987.Gmet_0957	35.3	272	167	5	155	424	351	615	1.35e-37	144
Psyr_1293	iAF987.Gmet_0782	34.2	240	155	3	193	430	488	726	1.09e-33	134
Psyr_1299	iJN1463.PP_1478	83.7	368	60	0	1	368	1	368	1.58e-229	629
Psyr_1300	iAF987.Gmet_1914	35.2	108	62	5	575	679	2	104	1.11e-05	48.1
Psyr_1307	iAF987.Gmet_0069	37.7	106	64	1	665	768	2	107	1.64e-12	68.9
Psyr_1309	iJN1463.PP_1494	83.1	331	56	0	1	331	2	332	1.17e-198	548
Psyr_1311	iJN1463.PP_1496	92.8	500	36	0	1	500	1	500	0.0	916
Psyr_1314	iCHOv1.100765125	30.5	190	112	8	68	245	171	352	5.00e-12	65.5
Psyr_1316	iAF987.Gmet_2727	39.3	117	71	0	130	246	279	395	1.73e-24	100
Psyr_1318	iJN1463.PP_1505	82.7	878	149	1	1	878	1	875	0.0	1406
Psyr_1319	iJN1463.PP_1506	78.7	216	45	1	1	215	1	216	1.40e-117	333
Psyr_1328	iJN1463.PP_1520	80.0	821	164	0	1	821	1	821	0.0	1315
Psyr_1330	iSbBS512_1146.SbBS512_E2575	29.0	138	80	5	63	185	17	151	2.52e-04	41.2
Psyr_1330	iSSON_1240.SSON_0756	29.0	138	80	5	63	185	17	151	2.52e-04	41.2
Psyr_1330	iSF_1195.SF0727	28.3	138	81	5	63	185	17	151	8.12e-04	39.7
Psyr_1331	iJN1463.PP_1525	86.2	383	53	0	1	383	1	383	3.20e-248	677
Psyr_1332	iJN1463.PP_2635	28.1	274	171	11	393	652	273	534	1.76e-14	77.4
Psyr_1333	iAF692.Mbar_A1238	33.6	143	92	2	14	154	15	156	3.38e-18	81.3
Psyr_1333	iSDY_1059.SDY_0761	34.6	136	88	1	11	146	17	151	1.12e-15	74.3
Psyr_1333	iJN1463.PP_0735	34.7	121	78	1	17	137	21	140	1.58e-15	73.9
Psyr_1333	iSF_1195.SF0776	34.6	136	88	1	11	146	17	151	1.54e-15	73.9
Psyr_1333	iML1515.b0826	33.8	136	89	1	11	146	17	151	2.11e-15	73.6
Psyr_1333	iSbBS512_1146.SbBS512_E2522	33.8	136	89	1	11	146	17	151	2.11e-15	73.6
Psyr_1334	iJN1463.PP_1528	65.2	132	46	0	1	132	1	132	2.68e-58	176
Psyr_1335	iJN1463.PP_1529	77.3	397	90	0	17	413	5	401	4.49e-221	610
Psyr_1336	iJN1463.PP_1530	89.2	344	37	0	1	344	1	344	7.74e-218	597
Psyr_1337	iJN1463.PP_1645	35.4	65	32	2	54	108	46	110	3.93e-04	37.0
Psyr_1340	iJN1463.PP_1588	82.5	395	69	0	1	395	1	395	2.80e-247	676
Psyr_1342	iSynCJ816.SGL_RS14865	61.4	249	94	2	2	249	4	251	1.40e-102	298
Psyr_1345	iJN1463.PP_1593	93.1	246	17	0	1	246	1	246	1.36e-160	444
Psyr_1347	iJN1463.PP_1595	92.4	251	19	0	1	251	1	251	6.55e-168	463
Psyr_1348	iJN1463.PP_1596	79.7	271	55	0	1	271	1	271	2.00e-149	418
Psyr_1349	iJN1463.PP_1597	79.8	396	80	0	1	396	9	404	1.64e-224	619
Psyr_1353	iJN1463.PP_1601	69.2	351	108	0	1	351	1	351	5.65e-144	410
Psyr_1354	iJN1463.PP_1602	87.0	146	19	0	1	146	18	163	3.76e-92	263
Psyr_1355	iJN1463.PP_1603	83.7	258	42	0	1	258	1	258	6.58e-137	385
Psyr_1356	iJN1463.PP_1604	86.2	370	50	1	5	374	4	372	1.00e-223	615
Psyr_1359	iJN1463.PP_1607	89.5	315	33	0	3	317	1	315	1.98e-206	566
Psyr_1361	iJN1463.PP_1610	93.3	541	36	0	1	541	1	541	0.0	1019
Psyr_1362	iJN1463.PP_1611	89.7	281	29	0	1	281	1	281	8.63e-188	516
Psyr_1363	iJN1463.PP_1612	90.4	429	40	1	1	428	1	429	1.93e-272	742
Psyr_1365	iJN1463.PP_1614	80.4	230	45	0	1	230	1	230	3.34e-135	379
Psyr_1367	iJN1463.PP_1616	93.5	370	24	0	1	370	2	371	2.06e-256	697
Psyr_1368	iJN1463.PP_1617	83.6	281	44	1	1	279	1	281	1.63e-179	495
Psyr_1369	iJN1463.PP_1618	88.5	157	18	0	1	157	1	157	6.62e-99	281
Psyr_1371	iJN1463.PP_1620	83.1	248	42	0	1	248	1	248	1.21e-146	409
Psyr_1373	iAF987.Gmet_1854	36.0	100	62	2	186	284	294	392	2.04e-14	72.4
Psyr_1373	iML1515.b1856	41.7	103	55	4	188	287	314	414	6.12e-13	68.2
Psyr_1375	iJN1463.PP_1625	92.5	107	8	0	1	107	1	107	9.95e-77	221
Psyr_1377	iJN1463.PP_1628	79.9	154	31	0	30	183	4	157	4.12e-75	222
Psyr_1380	iAM_Pb448.PBANKA_071570	33.6	262	149	12	23	268	82	334	7.57e-21	92.0
Psyr_1380	iAM_Pf480.PF3D7_0413700	40.8	147	78	5	119	262	180	320	5.16e-19	86.7
Psyr_1380	iAM_Pc455.PCYB_052680	33.0	233	138	9	8	232	79	301	1.00e-18	85.9
Psyr_1380	iAM_Pv461.PVX_089645	42.4	144	72	6	119	258	214	350	3.15e-18	84.7
Psyr_1384	iEK1008.Rv0386	44.3	61	34	0	143	203	1018	1078	1.51e-08	53.9
Psyr_1385	iJN1463.PP_1636	79.0	119	25	0	2	120	3	121	1.72e-61	183
Psyr_1387	iJN1463.PP_1638	96.1	259	10	0	1	259	1	259	5.51e-189	517
Psyr_1390	iCN900.CD630_20500	24.4	238	164	3	5	234	1	230	1.75e-15	72.8
Psyr_1390	iNF517.LLMG_RS06045	24.2	240	160	3	5	234	1	228	3.21e-14	69.3
Psyr_1394	iJN1463.PP_1200	81.1	636	115	1	1	631	1	636	0.0	1041
Psyr_1396	iYS854.USA300HOU_RS06925	28.5	621	373	20	270	851	230	818	7.37e-46	177
Psyr_1399	iJN1463.PP_1205	86.2	571	79	0	1	571	1	571	0.0	992
Psyr_1400	iJN1463.PP_1206	46.8	457	197	10	1	447	1	421	9.59e-116	345
Psyr_1400	iJN1463.PP_3630	42.9	441	216	11	27	447	23	447	9.21e-103	313
Psyr_1404	iYS854.USA300HOU_RS11550	33.3	144	96	0	11	154	3	146	8.69e-22	85.1
Psyr_1406	iJN1463.PP_1213	89.8	591	60	0	1	591	1	591	0.0	1069
Psyr_1411	iSbBS512_1146.SbBS512_E0658	49.6	123	61	1	15	137	11	132	9.65e-32	110
Psyr_1411	iSF_1195.SF0561	49.6	123	61	1	15	137	11	132	9.65e-32	110
Psyr_1411	iSSON_1240.SSON_0688	49.6	123	61	1	15	137	11	132	9.65e-32	110
Psyr_1411	iSDY_1059.SDY_0684	48.8	123	62	1	15	137	11	132	8.86e-30	105
Psyr_1412	iPC815.YPO0682	40.7	194	108	2	10	201	120	308	8.49e-34	124
Psyr_1412	iYL1228.KPN_03426	40.9	193	109	3	10	201	6	194	1.01e-34	123
Psyr_1412	iSbBS512_1146.SbBS512_E3434	40.7	194	108	3	10	201	11	199	5.00e-33	119
Psyr_1412	iML1515.b3006	40.2	194	109	3	10	201	11	199	3.85e-32	117
Psyr_1412	iSDY_1059.SDY_3067	40.2	194	109	3	10	201	11	199	3.85e-32	117
Psyr_1412	iSSON_1240.SSON_3149	40.2	194	109	3	10	201	11	199	3.85e-32	117
Psyr_1412	STM_v1_0.STM3159	40.4	193	110	2	10	201	11	199	5.42e-32	116
Psyr_1412	iJN1463.PP_5306	38.5	192	113	2	10	201	93	279	5.28e-31	115
Psyr_1412	iSF_1195.SF3051	40.2	194	109	3	10	201	11	199	1.07e-31	115
Psyr_1413	iYL1228.KPN_03425	44.1	136	59	4	17	152	17	135	1.92e-21	84.0
Psyr_1413	STM_v1_0.STM3158	40.4	136	64	4	17	152	17	135	5.98e-20	80.1
Psyr_1413	iPC815.YPO0683	36.7	150	78	4	1	150	1	133	6.28e-20	80.1
Psyr_1413	iML1515.b3005	39.7	136	65	4	17	152	17	135	1.68e-19	79.0
Psyr_1413	iSbBS512_1146.SbBS512_E3433	39.7	136	65	4	17	152	17	135	1.68e-19	79.0
Psyr_1413	iSF_1195.SF3050	39.7	136	65	4	17	152	17	135	1.68e-19	79.0
Psyr_1413	iSSON_1240.SSON_3148	39.7	136	65	4	17	152	17	135	1.68e-19	79.0
Psyr_1413	iJN1463.PP_5307	40.7	140	64	4	17	153	17	140	1.90e-18	76.3
Psyr_1413	iSDY_1059.SDY_3068	39.0	136	66	4	17	152	17	135	2.61e-18	75.9
Psyr_1416	iAF987.Gmet_2727	38.0	100	61	1	68	166	295	394	9.75e-10	55.8
Psyr_1418	iJN1463.PP_1225	83.7	215	35	0	1	215	1	215	4.09e-135	377
Psyr_1419	iJN1463.PP_1226	89.7	223	23	0	7	229	2	224	1.01e-143	400
Psyr_1439	iML1515.b2430	30.7	166	97	6	44	195	96	257	6.74e-15	74.7
Psyr_1439	iSynCJ816.SGL_RS12260	28.0	193	126	7	2	182	33	224	6.41e-14	71.6
Psyr_1439	iML1515.b0376	25.4	228	159	4	14	237	51	271	3.56e-13	69.3
Psyr_1440	iSSON_1240.SSON_0556	23.1	156	104	6	19	166	67	214	4.41e-04	40.0
Psyr_1440	iML1515.b0604	23.9	113	76	3	56	166	110	214	7.85e-04	39.3
Psyr_1452	iCN718.ABAYE_RS17045	29.8	510	291	23	4	477	10	488	1.73e-38	146
Psyr_1462	iNF517.LLMG_RS04495	21.6	167	125	3	13	178	10	171	7.28e-09	52.4
Psyr_1479	iMM904.YPL092W	21.6	365	226	10	27	336	11	370	9.82e-13	68.9
Psyr_1481	iJN1463.PP_0538	70.5	173	51	0	1	173	1	173	4.43e-89	258
Psyr_1482	iHN637.CLJU_RS19255	62.8	427	156	2	1	425	1	426	5.09e-184	518
Psyr_1482	iCN900.CD630_31700	59.3	423	169	2	5	425	4	425	1.33e-171	487
Psyr_1482	iAF987.Gmet_2372	58.6	425	172	3	3	425	2	424	3.67e-171	486
Psyr_1482	iYO844.BSU33900	57.6	420	175	2	8	425	7	425	8.94e-165	469
Psyr_1482	iEK1008.Rv1023	57.9	423	175	3	5	427	4	423	3.49e-164	468
Psyr_1486	iEK1008.Rv0143c	25.8	445	266	13	15	408	43	474	1.71e-26	111
Psyr_1493	iJN1463.PP_5380	73.8	669	112	3	1	606	1	669	5.77e-319	877
Psyr_1495	iYO844.BSU03950	27.2	103	69	2	24	125	23	120	9.27e-06	43.1
Psyr_1497	iAF987.Gmet_0069	41.4	87	49	1	33	117	37	123	3.11e-14	70.1
Psyr_1497	iAF987.Gmet_2999	30.7	137	93	1	3	137	10	146	4.03e-14	70.1
Psyr_1497	iAF987.Gmet_1914	34.0	106	70	0	2	107	3	108	5.75e-13	67.0
Psyr_1497	iAF987.Gmet_1919	29.3	116	82	0	3	118	5	120	1.53e-12	65.5
Psyr_1498	iAF987.Gmet_0043	29.3	181	120	4	284	457	91	270	1.96e-13	72.0
Psyr_1500	iJN1463.PP_1924	61.9	176	65	1	7	180	7	182	1.29e-70	211
Psyr_1501	iSynCJ816.SGL_RS11360	67.0	194	64	0	36	229	6	199	2.99e-89	262
Psyr_1502	iJN1463.PP_2716	64.1	156	56	0	1	156	1	156	3.14e-69	206
Psyr_1502	iJN1463.PP_1928	59.6	156	63	0	1	156	7	162	3.45e-65	196
Psyr_1503	iJN1463.PP_1929	78.4	426	92	0	1	426	1	426	6.86e-231	637
Psyr_1503	iJN1463.PP_2717	78.5	427	92	0	1	427	1	427	1.96e-230	636
Psyr_1503	iPC815.YPO3347	73.0	426	115	0	1	426	1	426	1.88e-212	590
Psyr_1503	iML1515.b3502	71.6	426	121	0	1	426	1	426	1.26e-210	586
Psyr_1503	iYL1228.KPN_03304	73.0	426	115	0	1	426	1	426	1.30e-210	586
Psyr_1503	iSF_1195.SF3535	71.6	426	121	0	1	426	1	426	1.26e-210	586
Psyr_1503	iSSON_1240.SSON_3737	71.6	426	121	0	1	426	8	433	1.62e-210	586
Psyr_1503	iSbBS512_1146.SbBS512_E3819	71.4	426	122	0	1	426	1	426	1.03e-209	583
Psyr_1503	iSDY_1059.SDY_3560	70.7	426	125	0	1	426	8	433	1.53e-208	581
Psyr_1506	iSSON_1240.SSON_0704	30.5	302	188	6	15	310	4	289	7.86e-28	109
Psyr_1506	iML1515.b0752	30.1	302	189	6	15	310	4	289	2.10e-27	108
Psyr_1506	iSDY_1059.SDY_0696	30.1	302	189	6	15	310	4	289	2.10e-27	108
Psyr_1506	iSF_1195.SF0552	30.1	302	189	6	15	310	4	289	2.10e-27	108
Psyr_1506	iJN1463.PP_0026	29.4	309	183	8	21	313	1	290	2.35e-27	108
Psyr_1506	iSbBS512_1146.SbBS512_E0672	30.1	302	189	6	15	310	4	289	2.91e-27	108
Psyr_1506	STM_v1_0.STM0758	29.1	316	174	6	15	310	4	289	1.06e-26	106
Psyr_1506	iYO844.BSU26650	30.1	296	175	7	21	305	1	275	1.41e-25	103
Psyr_1506	iPC815.YPO1129	29.9	298	177	8	24	310	8	284	1.00e-24	101
Psyr_1506	iYL1228.KPN_00756	29.1	309	183	8	15	310	4	289	1.98e-24	100
Psyr_1520	iAM_Pc455.PCYB_113330	32.8	180	94	7	241	395	335	512	8.71e-10	62.0
Psyr_1536	iJN1463.PP_0383	30.2	550	322	20	24	547	31	544	2.93e-57	200
Psyr_1537	iCN718.ABAYE_RS04050	31.6	430	249	9	42	437	53	471	3.55e-45	163
Psyr_1538	iYO844.BSU18210	29.8	410	256	9	60	453	98	491	2.98e-44	161
Psyr_1538	iEK1008.Rv2247	26.5	423	284	6	7	424	21	421	4.85e-39	146
Psyr_1541	iNF517.LLMG_RS09290	21.5	172	125	2	25	187	30	200	3.67e-06	45.4
Psyr_1542	iJN1463.PP_1231	86.1	352	49	0	1	352	1	352	8.50e-226	618
Psyr_1543	iAF987.Gmet_1238	28.3	286	170	7	1	273	1	264	2.33e-19	87.4
Psyr_1546	iJN1463.PP_1235	80.1	156	31	0	1	156	1	156	3.93e-91	261
Psyr_1548	iJN1463.PP_1237	79.3	295	58	1	1	292	1	295	4.31e-162	452
Psyr_1551	iJN1463.PP_1240	92.8	236	17	0	1	236	1	236	3.68e-162	447
Psyr_1557	iJN1463.PP_2486	43.0	379	198	5	3	373	6	374	1.56e-96	291
Psyr_1559	iJN1463.PP_2765	26.8	209	136	8	90	287	74	276	1.54e-06	48.9
Psyr_1559	iAF692.Mbar_A0254	36.7	79	49	1	90	168	49	126	4.43e-05	44.3
Psyr_1561	iPC815.YPO1511	68.0	559	178	1	14	572	7	564	1.12e-272	754
Psyr_1561	iYL1228.KPN_01847	66.3	561	188	1	13	573	6	565	5.28e-271	750
Psyr_1561	STM_v1_0.STM1566	64.8	566	198	1	8	573	1	565	1.91e-266	739
Psyr_1561	iSF_1195.SF1746	64.7	566	199	1	8	573	1	565	2.21e-265	736
Psyr_1561	iML1515.b1479	64.5	566	200	1	8	573	1	565	6.33e-265	735
Psyr_1561	iSbBS512_1146.SbBS512_E1742	64.7	566	199	1	8	573	1	565	6.33e-265	735
Psyr_1561	iSSON_1240.SSON_1645	64.7	566	199	1	8	573	10	574	8.76e-265	735
Psyr_1561	iCN718.ABAYE_RS18525	64.4	554	196	1	17	570	10	562	4.21e-263	730
Psyr_1562	iML1515.b3546	26.0	543	364	14	17	532	5	536	5.60e-43	161
Psyr_1562	iSbBS512_1146.SbBS512_E3983	26.0	543	364	14	17	532	5	536	7.67e-43	160
Psyr_1562	iSF_1195.SF3580	26.2	558	344	18	17	532	16	547	8.85e-43	160
Psyr_1562	iSSON_1240.SSON_3844	26.0	543	364	14	17	532	16	547	8.85e-43	160
Psyr_1562	STM_v1_0.STM3635	27.0	477	299	14	53	500	44	500	1.05e-42	160
Psyr_1562	iYL1228.KPN_03904	27.3	450	280	12	79	500	65	495	1.11e-41	157
Psyr_1565	iNF517.LLMG_RS11240	33.2	274	172	5	44	310	50	319	4.25e-32	121
Psyr_1571	iJN1463.PP_5380	67.6	672	135	3	1	592	1	669	8.25e-320	879
Psyr_1576	iCN900.CD630_02200	26.1	119	70	4	1	113	1	107	2.02e-04	42.0
Psyr_1583	iJN1463.PP_4571	88.0	324	39	0	1	324	1	324	1.81e-206	566
Psyr_1584	iJN1463.PP_4570	84.2	311	49	0	1	311	1	311	3.36e-198	545
Psyr_1586	iJN1463.PP_1700	77.0	625	143	1	1	624	37	661	0.0	949
Psyr_1587	iYO844.BSU19350	54.4	305	139	0	1	305	1	305	3.63e-106	312
Psyr_1590	iML1515.b2371	31.6	377	248	4	4	378	9	377	6.93e-62	203
Psyr_1594	iAF987.Gmet_2161	37.2	207	122	4	29	229	387	591	1.54e-28	113
Psyr_1598	iAF987.Gmet_1989	36.0	175	107	2	404	575	260	432	4.05e-28	117
Psyr_1598	iYL1228.KPN_02455	32.5	228	150	3	14	239	366	591	3.30e-27	115
Psyr_1600	iEK1008.Rv3777	43.3	312	168	4	13	315	17	328	4.72e-78	241
Psyr_1601	iEK1008.Rv0505c	27.9	222	145	3	4	216	124	339	6.06e-19	83.6
Psyr_1601	iEK1008.Rv2483c	24.8	214	153	3	4	213	40	249	4.12e-17	79.0
Psyr_1602	iJN1463.PP_1722	81.8	325	59	0	1	325	1	325	4.11e-187	518
Psyr_1603	iJN1463.PP_3816	33.3	204	131	4	24	226	27	226	2.31e-15	73.6
Psyr_1604	iNF517.LLMG_RS06720	24.0	242	163	3	18	253	11	237	9.84e-15	72.0
Psyr_1605	iCN900.CD630_34130	23.0	204	122	5	39	207	39	242	7.99e-08	52.4
Psyr_1609	iAM_Pb448.PBANKA_083310	30.6	474	276	10	4	424	7	480	8.63e-68	223
Psyr_1609	iAM_Pc455.PCYB_073980	30.2	496	266	10	4	423	7	498	3.48e-62	209
Psyr_1610	iNF517.LLMG_RS07670	34.4	212	131	4	6	210	77	287	2.84e-36	128
Psyr_1610	iCN900.CD630_25960	33.8	213	132	3	6	210	81	292	8.85e-35	124
Psyr_1610	iSDY_1059.SDY_2837	33.3	219	128	4	8	210	86	302	4.13e-33	120
Psyr_1610	iCN900.CD630_10600	32.1	212	134	4	5	210	82	289	1.34e-32	119
Psyr_1610	iSF_1195.SF2653	32.9	219	129	4	8	210	86	302	6.10e-32	117
Psyr_1610	iSSON_1240.SSON_2720	32.9	219	129	4	8	210	86	302	6.10e-32	117
Psyr_1610	iSbBS512_1146.SbBS512_E2975	33.0	221	126	5	8	210	86	302	1.20e-31	117
Psyr_1614	iJN1463.PP_1735	81.3	310	58	0	1	310	1	310	6.36e-191	526
Psyr_1618	iAF987.Gmet_0211	23.7	211	152	3	4	208	3	210	2.13e-15	73.9
Psyr_1618	iAF692.Mbar_A1150	26.0	154	112	2	10	162	9	161	4.28e-13	67.4
Psyr_1618	iYL1228.KPN_02812	26.0	181	127	4	7	184	6	182	5.87e-13	67.0
Psyr_1618	iSbBS512_1146.SbBS512_E2850	25.3	158	116	2	7	162	6	163	7.99e-13	66.6
Psyr_1618	iSSON_1240.SSON_2559	25.3	158	116	2	7	162	6	163	7.99e-13	66.6
Psyr_1623	iJN1463.PP_0339	28.8	215	137	5	149	352	648	857	3.13e-21	95.1
Psyr_1623	iCN718.ABAYE_RS01320	30.6	229	142	7	149	366	652	874	1.85e-20	92.8
Psyr_1625	iJN1463.PP_0339	59.9	880	349	4	9	887	3	879	0.0	1106
Psyr_1625	iML1515.b0114	57.8	886	361	9	9	888	8	886	0.0	1041
Psyr_1625	iSF_1195.SF0111	57.7	886	362	9	9	888	8	886	0.0	1040
Psyr_1625	iSbBS512_1146.SbBS512_E0107	57.7	886	362	9	9	888	8	886	0.0	1039
Psyr_1625	iSSON_1240.SSON_0122	57.7	886	362	9	9	888	8	886	0.0	1038
Psyr_1625	iYL1228.KPN_00118	58.0	888	356	10	9	888	8	886	0.0	1037
Psyr_1625	iCN718.ABAYE_RS01320	56.7	875	371	5	9	880	6	875	0.0	1035
Psyr_1625	iSDY_1059.SDY_0144	57.4	886	364	9	9	888	8	886	0.0	1034
Psyr_1625	STM_v1_0.STM0152	57.6	886	363	9	9	888	8	886	0.0	1032
Psyr_1625	iPC815.YPO3419	56.9	886	369	9	9	888	8	886	0.0	1029
Psyr_1628	iJN1463.PP_1893	81.1	815	154	0	1	815	1	815	0.0	1332
Psyr_1629	iML1515.b2302	25.5	165	107	5	48	203	47	204	3.82e-07	48.5
Psyr_1630	iEK1008.Rv2936	37.1	213	133	1	4	215	7	219	1.02e-38	139
Psyr_1630	iCHOv1.100761226	38.6	210	126	3	5	212	899	1107	5.29e-33	128
Psyr_1630	iMM1415.11303	38.6	210	126	3	5	212	899	1107	7.16e-33	128
Psyr_1633	iJN1463.PP_5306	25.2	218	146	7	12	216	92	305	6.23e-08	52.0
Psyr_1633	iPC815.YPO0682	31.7	120	68	3	111	219	219	335	5.33e-07	49.3
Psyr_1633	iYL1228.KPN_03426	30.1	133	90	2	87	219	92	221	6.49e-07	48.5
Psyr_1633	iML1515.b3006	29.8	114	79	1	105	218	115	227	9.09e-07	48.1
Psyr_1633	iSbBS512_1146.SbBS512_E3434	29.8	114	79	1	105	218	115	227	9.09e-07	48.1
Psyr_1633	iSDY_1059.SDY_3067	29.8	114	79	1	105	218	115	227	9.09e-07	48.1
Psyr_1633	iSF_1195.SF3051	29.8	114	79	1	105	218	115	227	9.09e-07	48.1
Psyr_1633	iSSON_1240.SSON_3149	29.8	114	79	1	105	218	115	227	9.09e-07	48.1
Psyr_1633	STM_v1_0.STM3159	33.0	97	62	2	123	219	133	226	1.23e-06	47.8
Psyr_1635	iJN1463.PP_1900	79.3	329	68	0	1	329	2	330	1.36e-196	542
Psyr_1636	iJN1463.PP_1902	78.3	253	55	0	1	253	1	253	1.96e-143	401
Psyr_1637	iJN1463.PP_1904	69.0	339	105	0	1	339	13	351	5.20e-170	476
Psyr_1639	iNF517.LLMG_RS07670	30.9	311	191	10	13	315	3	297	5.58e-35	128
Psyr_1639	iYS854.USA300HOU_RS06015	34.0	282	163	7	19	293	12	277	4.52e-34	126
Psyr_1640	iCN718.ABAYE_RS16760	46.7	210	109	3	6	215	6	212	3.02e-57	180
Psyr_1641	iAF987.Gmet_1750	35.7	199	118	3	83	281	46	234	8.23e-26	104
Psyr_1642	iML1515.b3248	37.6	186	110	4	26	209	1	182	4.92e-27	102
Psyr_1645	iJN1463.PP_1912	79.4	325	67	0	1	325	11	335	4.77e-181	503
Psyr_1646	iJN1463.PP_1913	78.8	312	66	0	1	312	1	312	4.27e-169	471
Psyr_1647	iJN1463.PP_1914	73.6	246	65	0	1	246	1	246	3.45e-117	334
Psyr_1648	iML1515.b1094	87.0	77	10	0	4	80	2	78	1.12e-40	127
Psyr_1648	iYL1228.KPN_01092	87.0	77	10	0	4	80	2	78	1.12e-40	127
Psyr_1648	STM_v1_0.STM1196	87.0	77	10	0	4	80	2	78	1.12e-40	127
Psyr_1648	iSbBS512_1146.SbBS512_E2230	87.0	77	10	0	4	80	2	78	1.12e-40	127
Psyr_1648	iSDY_1059.SDY_2056	87.0	77	10	0	4	80	2	78	1.12e-40	127
Psyr_1648	iSF_1195.SF1098	87.0	77	10	0	4	80	2	78	1.12e-40	127
Psyr_1648	iSSON_1240.SSON_1114	87.0	77	10	0	4	80	2	78	1.12e-40	127
Psyr_1648	iJN1463.PP_1915	87.0	77	10	0	4	80	2	78	7.59e-39	123
Psyr_1648	iPC815.YPO1600	81.6	76	14	0	4	79	2	77	1.79e-37	119
Psyr_1649	iJN1463.PP_1916	88.4	413	48	0	1	413	1	413	1.84e-265	723
Psyr_1650	iJN1463.PP_1917	70.7	270	79	0	1	270	1	270	1.73e-136	385
Psyr_1651	iML1515.b1097	36.3	320	201	2	7	324	12	330	2.11e-66	213
Psyr_1652	iPC815.YPO1605	50.2	207	100	3	1	205	1	206	4.52e-59	184
Psyr_1652	iAF987.Gmet_2318	49.7	199	94	1	3	195	2	200	3.93e-56	177
Psyr_1652	iCN718.ABAYE_RS05175	51.9	187	88	2	4	189	1	186	3.21e-56	176
Psyr_1660	iAF987.Gmet_0604	38.7	344	198	6	1	337	1	338	4.48e-65	208
Psyr_1662	iCN900.CD630_01030	35.0	243	154	4	19	260	4	243	1.06e-44	151
Psyr_1663	iJN1463.PP_1995	77.3	203	46	0	1	203	1	203	5.18e-113	320
Psyr_1664	iJN1463.PP_1996	92.7	287	21	0	1	287	1	287	2.39e-193	531
Psyr_1665	iJN1463.PP_1997	69.2	435	133	1	1	434	2	436	2.18e-214	596
Psyr_1668	iJN1463.PP_2000	90.8	502	45	1	1	502	1	501	0.0	909
Psyr_1669	iJN1463.PP_2001	87.6	403	50	0	1	403	1	403	1.96e-259	707
Psyr_1670	iAF987.Gmet_1601	37.4	243	144	5	27	264	5	244	3.18e-32	118
Psyr_1670	STM_v1_0.STM1195	32.8	244	151	6	27	264	5	241	4.53e-31	115
Psyr_1670	iYO844.BSU03930	32.5	249	156	6	27	266	7	252	7.03e-30	112
Psyr_1670	iLJ478.TM1724	33.2	244	153	6	27	264	5	244	1.93e-29	111
Psyr_1670	iHN637.CLJU_RS17225	35.0	243	149	5	28	264	9	248	2.96e-29	110
Psyr_1670	iYL1228.KPN_01091	32.1	240	158	4	27	264	5	241	2.58e-29	110
Psyr_1670	iYS854.USA300HOU_RS06185	35.7	241	146	5	30	264	5	242	7.08e-29	109
Psyr_1670	iCN718.ABAYE_RS14915	31.8	239	158	4	28	264	6	241	7.42e-28	107
Psyr_1672	iJN1463.PP_5149	88.1	504	60	0	8	511	1	504	0.0	892
Psyr_1674	iAF987.Gmet_0710	31.1	119	69	2	166	282	72	179	3.58e-10	60.1
Psyr_1675	iJN1463.PP_2008	84.8	679	102	1	1	679	16	693	0.0	1144
Psyr_1676	iCN718.ABAYE_RS15140	34.7	285	162	5	27	307	20	284	3.62e-38	136
Psyr_1677	iJN1463.PP_3666	44.9	425	224	5	14	431	23	444	1.57e-102	312
Psyr_1681	iAF987.Gmet_0333	23.7	354	234	10	50	378	58	400	1.02e-11	65.9
Psyr_1682	iJN1463.PP_1929	75.1	426	106	0	1	426	1	426	2.36e-228	630
Psyr_1682	iJN1463.PP_2717	73.5	426	113	0	1	426	1	426	3.68e-218	605
Psyr_1682	iPC815.YPO3347	70.9	426	124	0	1	426	1	426	1.59e-210	585
Psyr_1682	iML1515.b3502	70.2	426	127	0	1	426	1	426	3.71e-209	582
Psyr_1682	iSF_1195.SF3535	70.2	426	127	0	1	426	1	426	3.71e-209	582
Psyr_1682	iSSON_1240.SSON_3737	70.2	426	127	0	1	426	8	433	4.78e-209	582
Psyr_1682	iSbBS512_1146.SbBS512_E3819	70.2	426	127	0	1	426	1	426	5.27e-209	582
Psyr_1682	iSDY_1059.SDY_3560	70.0	426	128	0	1	426	8	433	1.12e-207	578
Psyr_1684	iPC815.YPO0425	35.4	226	120	9	124	326	152	374	1.09e-19	89.0
Psyr_1684	iAF987.Gmet_2425	36.7	166	87	5	176	327	182	343	6.57e-17	80.5
Psyr_1685	iJN1463.PP_2012	93.6	296	19	0	1	296	20	315	5.99e-207	566
Psyr_1686	iLB1027_lipid.PHATRDRAFT_47351	35.0	80	45	3	6	85	112	184	1.50e-05	45.8
Psyr_1690	iJN1463.PP_2017	83.7	887	143	1	1	887	1	885	0.0	1477
Psyr_1698	iYL1228.KPN_03416	26.9	391	244	13	22	384	241	617	3.12e-31	124
Psyr_1698	iML1515.b2988	26.7	375	239	11	37	384	252	617	1.05e-30	123
Psyr_1698	iSbBS512_1146.SbBS512_E3415	26.7	375	239	11	37	384	252	617	1.05e-30	123
Psyr_1698	iSDY_1059.SDY_3085	26.7	375	239	11	37	384	252	617	1.05e-30	123
Psyr_1698	iSF_1195.SF3035	26.7	375	239	11	37	384	252	617	1.05e-30	123
Psyr_1698	iSSON_1240.SSON_3133	26.7	375	239	11	37	384	252	617	1.05e-30	123
Psyr_1698	STM_v1_0.STM3139	25.3	392	249	11	22	384	240	616	2.78e-27	113
Psyr_1701	iEK1008.Rv3823c	29.9	127	82	3	656	775	241	367	2.40e-05	47.8
Psyr_1703	iSynCJ816.SGL_RS10130	29.7	111	60	4	187	285	207	311	9.58e-05	43.5
Psyr_1704	iJN1463.PP_4219	25.9	1318	673	35	32	1321	46	1088	9.54e-101	355
Psyr_1704	iJN1463.PP_4243	26.2	1326	661	33	32	1316	1720	2767	4.54e-98	347
Psyr_1704	iJN1463.PP_4220	25.9	1289	673	23	32	1310	51	1067	2.59e-92	329
Psyr_1705	iJN1463.PP_4243	33.9	2196	1308	50	31	2171	679	2786	6.08e-294	992
Psyr_1705	iJN1463.PP_4219	32.8	2177	1314	45	28	2134	47	2144	1.56e-290	972
Psyr_1705	iJN1463.PP_4221	33.4	2190	1285	49	28	2135	52	2150	6.17e-294	952
Psyr_1706	iYO844.BSU03070	32.3	133	86	3	70	200	65	195	2.32e-06	49.3
Psyr_1708	iCN718.ABAYE_RS08940	81.1	577	107	2	5	580	2	577	0.0	953
Psyr_1709	iCN718.ABAYE_RS08945	73.5	423	111	1	1	422	1	423	9.89e-230	635
Psyr_1712	iNF517.LLMG_RS12210	29.0	362	228	11	33	391	4	339	1.76e-37	138
Psyr_1724	iJN1463.PP_2080	86.3	1619	220	1	1	1618	1	1619	0.0	2761
Psyr_1725	iML1515.b1821	61.3	173	67	0	1	173	13	185	4.96e-74	220
Psyr_1726	iJN1463.PP_2339	87.1	868	109	1	6	870	1	868	0.0	1522
Psyr_1726	iML1515.b0118	78.9	856	181	0	6	861	1	856	0.0	1393
Psyr_1726	iSbBS512_1146.SbBS512_E0111	78.6	860	184	0	2	861	4	863	0.0	1393
Psyr_1726	iSSON_1240.SSON_0126	78.9	856	181	0	6	861	1	856	0.0	1393
Psyr_1726	iSDY_1059.SDY_0025	78.7	856	182	0	6	861	1	856	0.0	1391
Psyr_1726	iSF_1195.SF0115	78.4	856	185	0	6	861	1	856	0.0	1387
Psyr_1726	STM_v1_0.STM0158	78.3	856	186	0	6	861	1	856	0.0	1384
Psyr_1726	iPC815.YPO3415	78.2	856	187	0	6	861	1	856	0.0	1380
Psyr_1730	iML1515.b3241	26.1	333	186	10	23	348	6	285	9.06e-17	80.1
Psyr_1731	iYO844.BSU03070	28.8	400	281	4	19	417	16	412	5.91e-50	178
Psyr_1732	iJN1463.PP_2902	75.7	239	58	0	1	239	1	239	3.33e-137	385
Psyr_1734	iJN1463.PP_2904	90.3	565	53	1	1	563	1	565	0.0	1071
Psyr_1735	iJN1463.PP_2905	88.9	460	51	0	1	460	1	460	2.70e-311	843
Psyr_1737	iYL1228.KPN_03810	34.7	352	225	3	3	351	4	353	3.94e-62	202
Psyr_1737	iML1515.b3450	33.5	352	229	3	3	351	4	353	6.08e-61	199
Psyr_1737	STM_v1_0.STM3554	33.8	352	228	3	3	351	4	353	1.70e-60	198
Psyr_1737	iSbBS512_1146.SbBS512_E3873	33.5	352	229	3	3	351	4	353	4.73e-60	197
Psyr_1737	iPC815.YPO3793	32.6	353	232	3	3	352	4	353	8.14e-58	191
Psyr_1737	iPC815.YPO3712	32.4	358	230	5	2	350	3	357	7.14e-55	184
Psyr_1738	iPC815.YPO3793	36.8	370	215	7	1	364	1	357	1.71e-66	214
Psyr_1738	iEK1008.Rv1238	40.5	328	177	6	1	318	1	320	1.52e-63	207
Psyr_1738	iLJ478.TM0421	37.0	335	194	5	1	329	1	324	8.64e-64	207
Psyr_1738	iML1515.b3450	35.8	358	216	6	1	354	1	348	1.58e-63	206
Psyr_1738	iSbBS512_1146.SbBS512_E3873	36.0	358	215	6	1	354	1	348	3.13e-63	205
Psyr_1738	STM_v1_0.STM3554	35.9	351	211	6	1	347	1	341	8.75e-63	204
Psyr_1738	iYS854.USA300HOU_RS01090	37.3	295	176	5	1	292	1	289	3.11e-62	203
Psyr_1738	iYL1228.KPN_03810	35.5	358	217	6	1	354	1	348	1.35e-61	201
Psyr_1738	iEK1008.Rv2832c	37.1	313	185	3	1	313	1	301	3.26e-60	197
Psyr_1738	iJN1463.PP_1018	37.2	344	198	7	1	334	1	336	9.29e-59	194
Psyr_1738	iML1515.b4035	34.2	366	224	7	1	357	1	358	9.36e-59	194
Psyr_1738	iSF_1195.SF4170	34.2	366	224	7	1	357	1	358	9.36e-59	194
Psyr_1738	iSSON_1240.SSON_4213	34.2	366	224	7	1	357	1	358	9.36e-59	194
Psyr_1739	iCN900.CD630_34160	22.9	275	211	1	3	276	2	276	9.56e-22	92.0
Psyr_1739	iEK1008.Rv2316	26.4	231	157	3	45	271	49	270	4.38e-19	84.7
Psyr_1739	iLJ478.TM1121	25.6	281	202	4	3	279	14	291	5.13e-19	84.7
Psyr_1740	iEK1008.Rv1237	29.6	253	174	2	17	266	21	272	5.17e-32	118
Psyr_1740	iSynCJ816.SGL_RS16650	29.9	224	155	1	45	266	73	296	3.42e-30	114
Psyr_1740	iYS854.USA300HOU_RS01105	28.9	253	175	4	16	264	24	275	1.80e-28	109
Psyr_1743	iJN1463.PP_2265	91.9	283	23	0	1	283	1	283	1.19e-191	526
Psyr_1748	iAT_PLT_636.4905	35.2	108	57	5	117	216	256	358	3.51e-05	45.8
Psyr_1748	iMM1415.18195	35.2	108	57	5	117	216	256	358	3.51e-05	45.8
Psyr_1754	iYL1228.KPN_01284	70.3	263	75	2	1	263	1	260	3.71e-127	361
Psyr_1754	iCN718.ABAYE_RS16180	71.7	258	71	1	2	259	4	259	8.90e-127	360
Psyr_1754	iML1515.b1288	70.3	263	75	2	1	263	1	260	7.47e-127	360
Psyr_1754	STM_v1_0.STM1700	70.0	263	76	2	1	263	1	260	7.47e-127	360
Psyr_1754	iSF_1195.SF1293	70.3	263	75	2	1	263	1	260	7.47e-127	360
Psyr_1754	iSSON_1240.SSON_1852	70.3	263	75	2	1	263	1	260	7.47e-127	360
Psyr_1754	iSDY_1059.SDY_1368	70.3	263	75	2	1	263	1	260	1.06e-126	360
Psyr_1754	iSbBS512_1146.SbBS512_E1522	70.0	263	76	2	1	263	1	260	1.23e-125	357
Psyr_1755	iJN1463.PP_4150	83.6	530	87	0	1	530	1	530	3.41e-313	854
Psyr_1756	iJN1463.PP_4149	92.9	339	24	0	1	339	1	339	9.11e-235	639
Psyr_1757	iJN1463.PP_4148	92.2	357	28	0	1	357	1	357	2.58e-234	640
Psyr_1758	iJN1463.PP_4147	76.3	603	143	0	1	603	1	603	0.0	986
Psyr_1759	iJN1463.PP_4147	45.7	571	295	3	34	603	39	595	5.93e-176	512
Psyr_1760	iML1515.b0211	42.1	435	222	8	25	444	9	428	2.99e-95	296
Psyr_1761	iJN1463.PP_4144	67.6	259	84	0	1	259	1	259	1.12e-126	359
Psyr_1763	iEK1008.Rv2228c	28.9	149	75	6	5	142	3	131	6.16e-06	44.3
Psyr_1767	iJN1463.PP_4138	70.4	186	55	0	6	191	1	186	7.14e-94	271
Psyr_1769	iJN1463.PP_2216	53.1	373	175	0	6	378	3	375	7.00e-137	395
Psyr_1770	iCHOv1.100759780	38.2	348	205	3	20	363	37	378	2.15e-73	232
Psyr_1770	iCN718.ABAYE_RS18685	35.9	334	210	3	16	349	3	332	4.79e-73	230
Psyr_1770	iMM1415.227095	38.8	348	203	3	20	363	37	378	1.69e-72	230
Psyr_1772	iML1515.b3241	24.6	317	169	12	69	377	38	292	4.15e-10	60.1
Psyr_1773	iJN1463.PP_4103	76.1	519	124	0	20	538	20	538	9.10e-287	788
Psyr_1774	iCN900.CD630_21220	27.7	94	68	0	250	343	207	300	1.19e-07	52.4
Psyr_1775	STM_v1_0.STM1288	54.0	272	117	2	10	273	14	285	3.13e-100	294
Psyr_1775	iML1515.b1781	52.6	272	121	2	10	273	13	284	3.05e-95	281
Psyr_1775	iYL1228.KPN_01195	53.5	271	118	2	11	273	24	294	1.21e-94	280
Psyr_1775	iSSON_1240.SSON_1381	51.8	272	123	2	10	273	13	284	1.63e-92	274
Psyr_1775	iSbBS512_1146.SbBS512_E2029	51.1	272	125	2	10	273	13	284	5.33e-91	270
Psyr_1778	iAF987.Gmet_0043	25.0	252	147	12	692	931	152	373	1.36e-07	55.1
Psyr_1781	iLJ478.TM0025	28.0	782	396	16	101	870	81	707	1.29e-84	286
Psyr_1784	iJN1463.PP_4217	51.4	700	312	7	40	717	119	812	5.46e-251	715
Psyr_1787	iCN718.ABAYE_RS07200	49.4	431	204	5	7	427	7	433	6.67e-149	430
Psyr_1788	iJN1463.PP_2647	38.2	382	235	1	11	391	17	398	3.31e-68	221
Psyr_1790	iCN718.ABAYE_RS12975	32.8	357	191	9	1	323	1	342	1.13e-47	163
Psyr_1790	iYL1228.KPN_02741	33.8	314	185	9	1	306	1	299	1.94e-43	151
Psyr_1791	STM_v1_0.STM2820	28.1	203	111	9	12	205	10	186	1.25e-05	44.3
Psyr_1791	iSbBS512_1146.SbBS512_E3762	25.7	257	154	10	1	238	1	239	2.57e-05	43.9
Psyr_1791	STM_v1_0.STM3482	24.0	258	157	7	1	238	1	239	8.37e-05	42.4
Psyr_1791	iSF_1195.SF3403	25.3	257	155	10	1	238	1	239	8.37e-05	42.4
Psyr_1791	iSDY_1059.SDY_3694	24.9	257	156	10	1	238	1	239	1.51e-04	41.6
Psyr_1791	iML1515.b3385	22.8	259	159	8	1	238	1	239	3.65e-04	40.4
Psyr_1791	iSSON_1240.SSON_3516	22.4	259	160	8	1	238	1	239	4.90e-04	40.0
Psyr_1792	iJN1463.PP_4219	36.9	2788	1586	64	27	2742	505	3192	0.0	1388
Psyr_1793	iJN1463.PP_4219	42.2	1058	575	16	70	1112	1104	2140	2.36e-233	748
Psyr_1793	iJN1463.PP_4243	40.1	1071	598	15	69	1131	673	1707	7.99e-212	687
Psyr_1794	iJN1463.PP_4219	30.0	1695	1056	39	20	1642	509	2144	4.70e-149	523
Psyr_1794	iJN1463.PP_4243	30.9	1695	1044	48	16	1639	1127	2761	5.26e-143	504
Psyr_1795	iJN1463.PP_0230	40.5	279	149	5	22	287	2	276	1.61e-57	185
Psyr_1795	iML1515.b0368	38.2	285	149	7	21	287	3	278	1.65e-52	172
Psyr_1795	iSSON_1240.SSON_0346	37.9	285	150	7	21	287	3	278	1.83e-51	170
Psyr_1795	iJN1463.PP_0169	38.8	299	160	8	8	287	4	298	1.57e-50	168
Psyr_1795	iSDY_1059.SDY_0502	37.5	285	151	7	21	287	3	278	1.02e-50	168
Psyr_1795	iSF_1195.SF0250	37.5	285	151	7	21	287	3	278	1.02e-50	168
Psyr_1795	iYL1228.KPN_00314	37.0	284	154	5	21	287	3	278	2.03e-50	167
Psyr_1799	iYL1228.KPN_01622	29.8	285	188	4	24	301	7	286	2.49e-18	83.2
Psyr_1801	iSbBS512_1146.SbBS512_E1047	38.2	330	194	6	2	331	5	324	1.83e-61	199
Psyr_1801	iML1515.b1919	38.2	330	194	6	2	331	5	324	3.64e-61	198
Psyr_1801	iYL1228.KPN_02417	38.5	330	193	7	2	331	5	324	7.24e-61	197
Psyr_1801	iSF_1195.SF1962	37.9	330	195	6	2	331	37	356	3.42e-60	196
Psyr_1801	iSDY_1059.SDY_1098	37.9	330	195	6	2	331	37	356	6.79e-60	196
Psyr_1801	iSSON_1240.SSON_1199	37.9	330	195	6	2	331	5	324	2.86e-60	196
Psyr_1801	iPC815.YPO1845	38.7	331	190	7	3	331	7	326	8.45e-60	194
Psyr_1804	iJN1463.PP_4293	75.3	259	64	0	3	261	2	260	1.06e-148	415
Psyr_1804	iJN1463.PP_4291	69.3	261	80	0	1	261	1	261	3.51e-138	389
Psyr_1806	iJN1463.PP_4288	84.9	166	25	0	1	166	1	166	5.35e-106	300
Psyr_1807	iCN718.ABAYE_RS01175	52.8	320	146	3	13	331	20	335	8.04e-123	355
Psyr_1808	iJN1463.PP_4287	70.2	168	50	0	1	168	1	168	7.54e-82	239
Psyr_1809	iJN1463.PP_4286	90.8	303	28	0	1	303	1	303	2.89e-218	595
Psyr_1810	iJN1463.PP_4285	78.6	117	25	0	1	117	1	117	6.66e-64	189
Psyr_1812	iJN1463.PP_4281	77.9	430	95	0	14	443	5	434	1.17e-253	696
Psyr_1814	iJN1463.PP_4279	86.2	782	108	0	1	782	1	782	0.0	1370
Psyr_1815	iJN1463.PP_4278	78.1	484	106	0	1	484	1	484	1.11e-276	758
Psyr_1819	iML1515.b2411	49.6	780	281	6	1	779	1	669	1.32e-239	683
Psyr_1819	iSSON_1240.SSON_2500	49.5	780	282	6	1	779	1	669	1.50e-238	681
Psyr_1819	iSDY_1059.SDY_2608	49.4	780	283	6	1	779	1	669	3.02e-238	680
Psyr_1819	iSF_1195.SF2466	49.4	780	283	6	1	779	1	669	1.21e-237	678
Psyr_1819	STM_v1_0.STM2427	48.5	780	290	6	1	779	1	669	1.34e-231	663
Psyr_1819	iYL1228.KPN_02758	47.8	782	296	6	1	781	1	671	9.95e-229	655
Psyr_1821	iCN900.CD630_12120	31.5	143	73	6	7	146	12	132	2.84e-05	41.6
Psyr_1822	iML1515.b2924	28.1	178	117	4	178	351	105	275	8.81e-13	67.8
Psyr_1823	iEK1008.Rv2349c	23.2	583	275	22	15	561	2	447	4.95e-14	74.3
Psyr_1823	iCN718.ABAYE_RS18975	31.1	190	81	5	412	559	295	476	1.59e-13	73.2
Psyr_1823	iEK1008.Rv2350c	30.3	175	88	5	412	561	284	449	7.84e-12	67.4
Psyr_1828	iJN1463.PP_2117	74.7	380	96	0	1	380	1	380	3.16e-205	568
Psyr_1830	iAF987.Gmet_2349	38.7	574	327	7	22	585	13	571	4.33e-115	353
Psyr_1835	iJN1463.PP_0544	38.5	410	239	4	6	412	32	431	2.28e-78	251
Psyr_1836	iJN1463.PP_1815	91.8	231	19	0	13	243	1	231	1.31e-145	405
Psyr_1837	iML1515.b1449	43.4	334	184	2	6	334	8	341	2.59e-91	276
Psyr_1837	iJN1463.PP_2476	42.6	336	188	2	4	334	6	341	4.18e-87	265
Psyr_1838	iJN1463.PP_4799	40.3	313	150	7	11	305	12	305	8.58e-57	185
Psyr_1838	iSynCJ816.SGL_RS10890	36.5	312	175	9	1	303	1	298	2.91e-51	171
Psyr_1841	iCN900.CD630_36640	31.7	397	256	5	3	387	5	398	3.35e-61	202
Psyr_1842	iML1515.b2302	31.2	189	121	4	12	193	11	197	5.21e-20	83.6
Psyr_1845	iJN1463.PP_1823	89.5	181	19	0	1	181	10	190	1.89e-114	322
Psyr_1849	iYS854.USA300HOU_RS14375	23.8	143	90	4	53	177	32	173	4.22e-04	39.3
Psyr_1850	iSynCJ816.SGL_RS09640	34.1	217	134	4	69	277	66	281	6.12e-26	103
Psyr_1853	iJN1463.PP_1830	92.3	362	28	0	1	362	1	362	6.52e-247	672
Psyr_1854	iSDY_1059.SDY_2732	26.6	380	265	8	8	382	4	374	7.47e-31	120
Psyr_1854	iYL1228.KPN_02870	27.5	367	246	9	18	373	13	370	1.40e-30	120
Psyr_1854	STM_v1_0.STM2554	27.4	365	245	9	18	371	13	368	1.42e-30	120
Psyr_1854	iML1515.b2536	26.6	380	265	8	8	382	4	374	1.96e-30	119
Psyr_1854	iSbBS512_1146.SbBS512_E2910	26.6	380	265	8	8	382	4	374	1.96e-30	119
Psyr_1854	iSSON_1240.SSON_2618	26.6	380	265	8	8	382	4	374	5.14e-30	118
Psyr_1854	iSF_1195.SF2583	26.4	383	262	9	8	382	4	374	2.55e-29	116
Psyr_1854	iPC815.YPO2904	28.1	334	234	5	14	344	9	339	1.75e-27	111
Psyr_1855	iYO844.BSU13610	37.8	201	116	6	9	204	10	206	2.47e-30	110
Psyr_1856	iYL1228.KPN_00643	57.0	179	77	0	1	179	1	179	5.45e-70	209
Psyr_1857	iCHOv1.100767312	35.2	227	127	3	3	209	10	236	4.56e-44	148
Psyr_1857	iLB1027_lipid.PHATRDRAFT_31147	42.9	203	104	3	6	198	326	526	3.34e-41	147
Psyr_1862	iYL1228.KPN_03453	33.6	244	137	8	68	300	8	237	4.77e-13	67.4
Psyr_1862	iSbBS512_1146.SbBS512_E3472	33.7	243	139	7	68	302	14	242	3.12e-12	65.1
Psyr_1862	iSDY_1059.SDY_3200	33.5	245	141	7	68	302	14	246	8.15e-12	63.9
Psyr_1862	STM_v1_0.STM3190	33.5	242	141	7	68	300	14	244	1.50e-11	63.2
Psyr_1862	iML1515.b3040	33.1	245	142	7	68	302	14	246	5.05e-11	61.6
Psyr_1862	iSF_1195.SF3080	33.1	245	142	7	68	302	14	246	5.05e-11	61.6
Psyr_1862	iSSON_1240.SSON_3177	33.1	245	142	7	68	302	14	246	5.05e-11	61.6
Psyr_1864	iPC815.YPO3411	62.2	275	104	0	6	280	9	283	1.14e-125	359
Psyr_1864	iML1515.b0121	59.3	275	112	0	6	280	9	283	6.91e-118	339
Psyr_1864	iSDY_1059.SDY_0028	59.6	275	111	0	6	280	9	283	6.91e-118	339
Psyr_1864	iSF_1195.SF0118	59.3	275	112	0	6	280	9	283	6.91e-118	339
Psyr_1864	iSSON_1240.SSON_0129	58.9	275	113	0	6	280	9	283	9.80e-118	339
Psyr_1864	STM_v1_0.STM0166	58.9	275	113	0	6	280	9	283	2.61e-117	338
Psyr_1864	iYL1228.KPN_00127	59.3	275	112	0	6	280	9	283	3.71e-117	337
Psyr_1864	iSbBS512_1146.SbBS512_E0114	58.5	275	114	0	6	280	9	283	2.28e-116	335
Psyr_1865	iYS854.USA300HOU_RS03880	24.9	313	210	11	311	604	247	553	5.49e-14	75.1
Psyr_1872	iSynCJ816.SGL_RS18145	30.3	66	44	1	37	102	82	145	2.88e-04	38.1
Psyr_1873	iJN1463.PP_1842	75.1	233	58	0	1	233	1	233	1.12e-132	373
Psyr_1874	iJN1463.PP_1843	80.2	323	64	0	1	323	1	323	4.46e-195	538
Psyr_1875	iEK1008.Rv0632c	41.1	224	129	3	1	222	1	223	5.43e-51	165
Psyr_1880	iAF987.Gmet_0541	29.5	88	58	2	13	100	160	243	7.35e-04	37.4
Psyr_1881	iJN1463.PP_0350	32.6	89	59	1	1	88	9	97	2.49e-04	40.4
Psyr_1892	iSynCJ816.SGL_RS07245	39.1	243	142	4	7	246	4	243	3.25e-44	149
Psyr_1892	iCN718.ABAYE_RS11380	37.8	246	150	2	5	248	1	245	3.42e-43	146
Psyr_1892	iAF987.Gmet_1601	40.4	245	141	4	5	246	1	243	1.09e-41	142
Psyr_1892	iCN900.CD630_11820	36.7	245	151	3	5	246	2	245	1.30e-40	139
Psyr_1892	iYO844.BSU03930	33.1	248	159	3	7	248	5	251	9.85e-40	137
Psyr_1892	iYS854.USA300HOU_RS06185	38.8	240	143	3	10	246	3	241	3.53e-39	135
Psyr_1892	iHN637.CLJU_RS20765	35.0	240	152	3	10	246	7	245	1.09e-38	134
Psyr_1892	iYO844.BSU15910	37.6	245	145	5	7	246	2	243	1.46e-38	134
Psyr_1893	iCN900.CD630_36320	27.9	179	120	5	8	185	2	172	2.21e-10	56.6
Psyr_1894	iAM_Pc455.PCYB_113330	35.5	203	119	7	437	630	337	536	4.05e-25	112
Psyr_1897	iJN1463.PP_2149	90.1	487	48	0	1	487	1	487	0.0	868
Psyr_1898	iSF_1195.SF4387	24.7	373	243	12	34	377	53	416	6.77e-14	72.8
Psyr_1898	iML1515.b4356	24.4	373	244	12	34	377	53	416	2.84e-13	70.9
Psyr_1899	STM_v1_0.STM0689	62.7	405	151	0	10	414	16	420	3.31e-181	511
Psyr_1900	iNF517.LLMG_RS07320	24.5	237	167	7	84	311	103	336	9.33e-17	79.7
Psyr_1901	iJN1463.PP_2151	90.1	464	46	0	14	477	1	464	5.08e-310	841
Psyr_1902	iJN1463.PP_2152	86.6	238	32	0	1	238	1	238	4.58e-153	424
Psyr_1904	iYO844.BSU30410	23.5	179	127	4	241	416	264	435	2.86e-06	48.9
Psyr_1905	iJN1463.PP_4210	47.3	203	106	1	28	230	23	224	3.43e-53	181
Psyr_1905	iCN900.CD630_19470	41.2	216	127	0	15	230	13	228	5.88e-56	177
Psyr_1906	iYO844.BSU30410	28.3	159	99	5	260	414	288	435	1.16e-05	47.0
Psyr_1907	iJN1463.PP_2160	77.9	276	61	0	29	304	1	276	1.05e-163	456
Psyr_1909	iCN718.ABAYE_RS11710	38.7	111	68	0	92	202	161	271	9.85e-17	75.9
Psyr_1909	STM_v1_0.STM0432	37.7	114	65	2	92	202	160	270	1.30e-15	72.8
Psyr_1910	STM_v1_0.STM2392	33.2	208	132	5	29	230	25	231	1.53e-29	110
Psyr_1910	iSF_1195.SF2424	33.2	208	132	5	29	230	25	231	8.31e-29	108
Psyr_1910	iSbBS512_1146.SbBS512_E2729	33.2	208	132	5	29	230	25	231	1.63e-28	107
Psyr_1910	iSDY_1059.SDY_2550	33.2	208	132	5	29	230	25	231	1.63e-28	107
Psyr_1910	iSSON_1240.SSON_2403	33.2	208	132	5	29	230	25	231	1.63e-28	107
Psyr_1911	iAF692.Mbar_A2103	30.5	95	55	4	6	94	126	215	4.58e-04	37.4
Psyr_1912	iAF987.Gmet_1919	28.4	148	105	1	8	155	5	151	5.62e-16	78.2
Psyr_1912	iAF987.Gmet_1914	31.8	132	89	1	7	138	3	133	5.73e-14	72.8
Psyr_1914	iJN1463.PP_2168	72.0	311	83	1	1	311	1	307	1.28e-153	432
Psyr_1918	iAF987.Gmet_0043	24.8	230	155	6	155	373	44	266	1.58e-06	49.7
Psyr_1920	iYO844.BSU24120	27.0	204	135	6	7	206	18	211	1.52e-07	51.2
Psyr_1922	iAF692.Mbar_A1238	36.8	125	73	1	21	145	7	125	6.32e-13	67.0
Psyr_1923	iYS854.USA300HOU_RS11805	31.1	122	82	2	16	136	5	125	2.57e-06	48.9
Psyr_1925	iJN1463.PP_2800	46.9	420	215	4	1	417	1	415	1.82e-125	369
Psyr_1936	iMM1415.99586	22.7	181	115	3	87	249	648	821	3.27e-05	45.4
Psyr_1936	iML1515.b2147	20.9	191	118	5	66	234	93	272	1.33e-04	43.1
Psyr_1936	iSbBS512_1146.SbBS512_E0824	20.9	191	118	5	66	234	93	272	1.33e-04	43.1
Psyr_1936	iSSON_1240.SSON_2203	20.9	191	118	5	66	234	95	274	1.33e-04	43.1
Psyr_1938	iAF987.Gmet_0069	31.8	129	86	2	7	134	5	132	1.19e-12	63.5
Psyr_1939	iAF987.Gmet_0043	26.2	374	238	9	401	763	37	383	1.35e-21	99.4
Psyr_1940	iAF987.Gmet_1919	30.6	111	71	2	7	115	5	111	1.50e-05	44.7
Psyr_1944	iCHOv1.100755723	28.6	220	151	4	9	223	29	247	4.13e-25	99.8
Psyr_1944	iEK1008.Rv2928	31.2	221	146	5	8	225	30	247	1.47e-22	92.8
Psyr_1945	iJN1463.PP_4243	70.1	4341	1266	15	2	4336	3	4317	0.0	5955
Psyr_1946	iJN1463.PP_4223	82.2	450	80	0	21	470	3	452	1.07e-274	751
Psyr_1947	iEK1008.Rv2377c	47.0	66	35	0	2	67	3	68	3.47e-18	70.5
Psyr_1949	iJN1463.PP_3803	86.9	297	39	0	1	297	1	297	4.85e-164	457
Psyr_1950	iJN1463.PP_3802	77.5	244	54	1	1	244	1	243	2.18e-127	360
Psyr_1951	iJN1463.PP_3801	77.9	294	65	0	17	310	7	300	2.45e-160	448
Psyr_1956	iJN1463.PP_4222	74.7	324	82	0	1	324	1	324	3.80e-186	515
Psyr_1957	iJN1463.PP_4221	48.5	1093	534	12	52	1133	1099	2173	8.78e-312	931
Psyr_1957	iJN1463.PP_4219	47.1	1076	530	16	47	1113	42	1087	4.32e-277	862
Psyr_1958	iJN1463.PP_4220	47.9	2739	1238	37	1	2664	1	2626	0.0	2224
Psyr_1959	iJN1463.PP_4219	58.0	2149	853	16	1	2117	1	2132	0.0	2346
Psyr_1960	iJN1463.PP_4220	52.0	2614	1193	27	8	2580	1	2592	0.0	2431
Psyr_1961	iJN1463.PP_4217	35.8	816	472	17	18	803	19	812	2.36e-145	447
Psyr_1961	iJN1463.PP_0669	35.1	838	479	21	1	803	3	810	7.22e-139	430
Psyr_1962	iJN1463.PP_4217	37.5	714	404	18	55	746	119	812	3.38e-133	413
Psyr_1962	iJN1463.PP_0669	35.5	726	419	16	45	746	110	810	8.89e-133	412
Psyr_1963	iJN1463.PP_4216	62.4	545	205	0	1	545	1	545	1.32e-235	659
Psyr_1964	iJN1463.PP_4215	67.4	270	85	2	22	288	32	301	8.29e-137	388
Psyr_1965	iJN1463.PP_4214	63.1	426	155	2	1	425	1	425	1.28e-197	553
Psyr_1966	iJN1463.PP_4213	74.5	443	111	1	1	443	16	456	3.75e-248	684
Psyr_1967	iJN1463.PP_4212	68.6	538	165	1	1	538	1	534	4.55e-289	794
Psyr_1968	iJN1463.PP_4211	53.4	459	210	3	5	460	7	464	2.86e-152	441
Psyr_1969	iJN1463.PP_4210	75.5	657	158	1	1	657	1	654	0.0	940
Psyr_1970	iJN1463.PP_4209	63.0	392	143	2	1	390	1	392	1.02e-154	441
Psyr_1973	iJN1463.PP_1972	79.9	398	80	0	1	398	1	398	1.05e-226	624
Psyr_1977	iJN1463.PP_1977	90.5	493	47	0	1	493	1	493	0.0	924
Psyr_1981	iAF987.Gmet_0987	40.9	557	313	7	157	709	231	775	7.18e-119	375
Psyr_1981	iAF987.Gmet_3085	35.6	699	418	12	30	717	206	883	5.40e-117	373
Psyr_1981	iJN1463.PP_3581	44.0	448	242	3	275	722	251	689	2.56e-117	368
Psyr_1981	iAF987.Gmet_2629	41.0	534	303	5	178	708	274	798	8.70e-116	367
Psyr_1981	iAF987.Gmet_0700	39.8	540	312	6	171	708	280	808	6.79e-114	362
Psyr_1981	iAF987.Gmet_0957	43.7	451	245	3	268	717	177	619	5.95e-115	360
Psyr_1981	iAF987.Gmet_0782	38.7	574	325	8	154	717	168	724	1.56e-110	351
Psyr_1981	iJN1463.PP_1144	43.0	447	245	4	273	718	276	713	2.17e-106	341
Psyr_1983	iJN1463.PP_1985	88.4	473	55	0	1	473	1	473	2.11e-309	840
Psyr_1984	iJN1463.PP_1986	89.2	213	23	0	1	213	1	213	1.11e-145	404
Psyr_1985	iJN1463.PP_1988	90.3	360	35	0	1	360	1	360	9.33e-234	639
Psyr_1986	iJN1463.PP_1989	93.2	370	25	0	1	370	1	370	3.58e-259	704
Psyr_1987	iML1515.b3693	32.9	301	165	11	1	298	1	267	1.30e-34	127
Psyr_1987	iSSON_1240.SSON_3644	32.9	301	165	11	1	298	1	267	1.30e-34	127
Psyr_1987	iSF_1195.SF3770	32.9	301	165	11	1	298	1	267	2.53e-34	127
Psyr_1987	STM_v1_0.STM3829	31.7	300	170	10	1	298	1	267	1.87e-33	124
Psyr_1987	iYL1228.KPN_04097	31.7	300	170	10	1	298	1	267	1.41e-31	119
Psyr_1988	iML1515.b4477	45.4	194	106	0	11	204	9	202	2.01e-48	157
Psyr_1988	iYL1228.KPN_04096	43.8	194	109	0	11	204	9	202	1.03e-45	150
Psyr_1989	iML1515.b4478	62.8	382	142	0	20	401	1	382	2.66e-172	486
Psyr_1989	STM_v1_0.STM3828	62.3	382	144	0	20	401	1	382	8.78e-171	482
Psyr_1989	iYL1228.KPN_04095	61.5	382	147	0	20	401	1	382	4.11e-169	478
Psyr_1990	iSSON_1240.SSON_3642	53.9	434	198	2	2	434	12	444	2.07e-169	482
Psyr_1990	iML1515.b3691	55.1	421	187	2	15	434	10	429	1.75e-169	482
Psyr_1990	STM_v1_0.STM3827	53.5	434	200	2	2	434	12	444	1.19e-168	480
Psyr_1990	iSF_1195.SF3772	53.5	434	200	2	2	434	12	444	4.80e-168	479
Psyr_1990	iYL1228.KPN_04094	53.3	430	199	2	6	434	16	444	3.17e-166	474
Psyr_1992	iJN1463.PP_2426	84.5	349	54	0	1	349	1	349	1.57e-220	604
Psyr_1994	iJN1463.PP_4203	88.6	554	60	1	1	551	7	560	0.0	1026
Psyr_1995	iJN1463.PP_4202	91.6	249	21	0	1	249	1	249	1.54e-149	416
Psyr_1996	iJN1463.PP_4201	86.4	309	42	0	1	309	1	309	1.44e-177	492
Psyr_1999	iAF987.Gmet_2727	42.3	111	64	0	148	258	283	393	1.74e-21	92.4
Psyr_2000	iCN900.CD630_36640	29.2	359	250	4	93	448	13	370	2.93e-49	173
Psyr_2004	iJN1463.PP_4194	95.6	429	19	0	1	429	1	429	1.05e-306	829
Psyr_2005	iJN1463.PP_4193	83.1	124	21	0	1	124	5	128	1.01e-69	204
Psyr_2006	iJN1463.PP_4192	89.3	122	13	0	1	122	1	122	7.68e-79	227
Psyr_2007	iJN1463.PP_4191	89.7	590	61	0	1	590	1	590	0.0	1058
Psyr_2008	iJN1463.PP_4190	90.6	233	22	0	1	233	1	233	6.37e-162	446
Psyr_2009	iJN1463.PP_4189	92.2	943	74	0	1	943	1	943	0.0	1786
Psyr_2010	iJN1463.PP_4188	83.1	413	62	3	1	411	1	407	6.96e-212	587
Psyr_2011	iJN1463.PP_4187	87.4	478	60	0	1	478	1	478	3.18e-303	824
Psyr_2012	iJN1463.PP_4186	95.6	388	17	0	1	388	1	388	4.94e-266	723
Psyr_2013	iJN1463.PP_4185	96.6	293	10	0	1	293	1	293	6.70e-205	560
Psyr_2013	STM_v1_0.STM0739	90.5	284	27	0	1	284	1	284	2.44e-183	505
Psyr_2015	iJN1463.PP_4184	82.6	437	76	0	1	437	1	437	1.49e-248	682
Psyr_2017	iCHOv1.100754792	37.2	686	362	10	6	632	361	1036	8.12e-139	431
Psyr_2019	iJN1463.PP_4175	88.5	407	46	1	1	407	1	406	6.06e-258	704
Psyr_2020	iJN1463.PP_4174	95.9	171	7	0	1	171	1	171	1.60e-124	347
Psyr_2021	iAF987.Gmet_1991	23.5	230	159	6	267	492	196	412	1.07e-06	51.6
Psyr_2021	iAF987.Gmet_2999	25.4	118	88	0	518	635	9	126	1.16e-06	50.8
Psyr_2021	iAF987.Gmet_0069	24.1	116	80	2	516	626	2	114	2.21e-05	46.6
Psyr_2022	iJN1463.PP_4169	88.9	341	38	0	1	341	1	341	3.45e-208	572
Psyr_2024	iSynCJ816.SGL_RS13795	33.1	139	62	7	1	120	1	127	1.10e-05	42.7
Psyr_2025	iML1515.b1686	52.9	136	63	1	3	138	2	136	2.05e-44	142
Psyr_2027	iAF987.Gmet_0843	34.8	112	70	1	16	127	9	117	1.53e-14	71.6
Psyr_2032	iAF987.Gmet_1706	35.7	126	74	3	30	151	1	123	2.28e-14	71.2
Psyr_2032	iAF987.Gmet_0069	31.0	158	81	4	33	178	6	147	1.58e-12	65.9
Psyr_2047	iJN1463.PP_4161	81.2	564	106	0	1	564	1	564	0.0	916
Psyr_2048	iJN1463.PP_4160	83.6	694	102	2	1	692	1	684	0.0	1058
Psyr_2049	iJN1463.PP_4159	72.4	181	50	0	15	195	1	181	2.03e-79	234
Psyr_2050	iSynCJ816.SGL_RS08885	39.6	361	211	4	1	358	1	357	2.73e-69	234
Psyr_2051	iAF987.Gmet_0069	31.1	225	132	7	6	215	4	220	2.42e-18	81.6
Psyr_2051	iAF987.Gmet_2999	36.1	122	75	1	1	119	4	125	1.03e-15	74.7
Psyr_2061	iML1515.b2558	23.6	453	305	11	39	471	36	467	4.27e-24	104
Psyr_2061	iSbBS512_1146.SbBS512_E2924	23.6	453	305	11	39	471	36	467	7.71e-24	103
Psyr_2061	iSDY_1059.SDY_2748	23.8	428	280	12	61	463	12	418	2.58e-23	102
Psyr_2061	iSF_1195.SF2605	23.7	431	288	11	61	471	12	421	4.67e-23	101
Psyr_2061	iSSON_1240.SSON_2641	23.2	431	290	11	61	471	12	421	2.91e-21	95.9
Psyr_2067	iCN900.CD630_19470	47.3	201	104	1	24	222	28	228	4.15e-60	188
Psyr_2067	iYO844.BSU30420	45.0	191	103	1	19	207	19	209	7.66e-56	177
Psyr_2068	iJN1463.PP_2318	76.6	201	47	0	5	205	1	201	2.20e-108	308
Psyr_2070	STM_v1_0.STM0837	41.5	289	159	6	22	304	21	305	1.31e-63	203
Psyr_2070	iML1515.b0819	46.6	238	122	4	21	254	20	256	1.04e-62	201
Psyr_2070	STM_v1_0.STM1215	39.1	304	172	8	15	310	18	316	4.48e-62	199
Psyr_2070	iML1515.b1113	38.9	296	172	5	15	304	18	310	9.64e-61	196
Psyr_2070	iML1515.b1990	41.9	246	138	4	13	254	9	253	5.01e-58	189
Psyr_2070	iML1515.b1678	40.0	245	142	4	14	254	12	255	5.36e-57	187
Psyr_2073	iJN1463.PP_2324	91.1	360	32	0	2	361	10	369	4.80e-239	652
Psyr_2074	iJN1463.PP_2325	66.0	318	105	2	3	320	1	315	4.80e-146	413
Psyr_2075	iCHOv1.100772070	44.5	301	154	5	9	296	49	349	1.58e-72	227
Psyr_2075	iCHOv1.100755966	42.6	305	162	5	7	298	249	553	4.29e-68	221
Psyr_2078	iJN1463.PP_2328	89.3	243	26	0	1	243	1	243	1.10e-167	462
Psyr_2080	iJN1463.PP_2329	70.2	447	132	1	1	447	1	446	1.06e-227	630
Psyr_2085	iJN1463.PP_2334	87.7	292	36	0	6	297	5	296	2.04e-180	498
Psyr_2086	iJN1463.PP_2335	86.1	375	52	0	1	375	1	375	1.08e-235	645
Psyr_2087	iJN1463.PP_2336	87.6	862	106	1	1	861	1	862	0.0	1502
Psyr_2088	iJN1463.PP_2513	38.5	358	179	11	6	359	3	323	9.92e-55	184
Psyr_2090	iJN1463.PP_2082	91.8	788	65	0	1	788	1	788	0.0	1444
Psyr_2091	iCHOv1.100761083	36.9	111	58	5	46	145	67	176	4.10e-10	60.1
Psyr_2091	iMM1415.67717	35.1	111	60	5	46	145	66	175	1.73e-09	58.2
Psyr_2091	iCHOv1.100761374	35.1	111	60	5	46	145	67	176	5.49e-09	56.6
Psyr_2093	iSynCJ816.SGL_RS16695	26.1	142	104	1	191	331	237	378	3.02e-10	60.5
Psyr_2093	iAF987.Gmet_1189	25.5	204	142	3	134	331	157	356	8.78e-10	58.9
Psyr_2097	iAF987.Gmet_2727	41.7	120	68	2	221	339	277	395	5.28e-18	84.0
Psyr_2098	iJN1463.PP_2090	80.2	232	46	0	1	232	1	232	1.59e-133	376
Psyr_2099	iCN718.ABAYE_RS08080	38.5	924	517	13	7	899	14	917	1.46e-205	610
Psyr_2099	iSynCJ816.SGL_RS06575	44.3	720	373	8	6	706	1	711	1.15e-197	582
Psyr_2100	iYO844.BSU03300	54.2	384	174	1	1	384	1	382	4.79e-138	413
Psyr_2100	iYS854.USA300HOU_RS12975	48.7	390	198	1	1	390	1	388	3.37e-127	385
Psyr_2101	iYS854.USA300HOU_RS06130	32.8	180	115	4	329	502	83	262	6.69e-20	93.2
Psyr_2102	iJN1463.PP_2092	85.9	403	57	0	1	403	9	411	6.70e-246	673
Psyr_2105	iSynCJ816.SGL_RS06595	36.5	395	235	7	12	393	53	444	6.05e-81	255
Psyr_2105	iSynCJ816.SGL_RS06585	37.7	382	231	5	14	391	274	652	1.91e-77	252
Psyr_2106	iJN1463.PP_2095	86.8	340	45	0	1	340	1	340	8.46e-207	569
Psyr_2110	iAF987.Gmet_0069	42.8	173	95	2	624	792	130	302	1.19e-36	140
Psyr_2110	iJN1463.PP_0129	42.4	165	93	1	630	792	479	643	2.78e-33	136
Psyr_2110	iAF987.Gmet_1298	38.0	179	106	2	618	791	166	344	9.20e-34	132
Psyr_2110	iAF987.Gmet_3085	26.5	461	283	14	350	792	198	620	4.64e-31	130
Psyr_2111	iJN1463.PP_2098	82.8	471	79	2	15	485	1	469	1.14e-285	780
Psyr_2113	iAF987.Gmet_0043	25.0	348	236	9	695	1036	21	349	4.27e-19	92.4
Psyr_2114	iAF987.Gmet_0069	28.1	121	80	3	7	122	4	122	9.43e-09	53.9
Psyr_2116	iJN1463.PP_2102	90.0	440	44	0	1	440	1	440	1.93e-300	814
Psyr_2119	iYS854.USA300HOU_RS13930	30.9	94	44	3	1	86	9	89	2.25e-04	42.7
Psyr_2122	iJN1463.PP_4656	86.2	239	33	0	1	239	1	239	8.01e-163	449
Psyr_2123	iJN1463.PP_4655	72.1	201	55	1	1	200	1	201	4.45e-109	310
Psyr_2124	iJN1463.PP_1376	84.5	438	68	0	12	449	11	448	3.19e-265	726
Psyr_2125	iJN1463.PP_1379	73.4	448	119	0	5	452	2	449	2.11e-232	643
Psyr_2126	iJN1463.PP_1381	86.2	130	18	0	1	130	1	130	4.50e-80	231
Psyr_2127	iJN1463.PP_1383	76.6	418	98	0	1	418	1	418	4.99e-242	664
Psyr_2127	iJN1463.PP_1173	74.6	406	98	3	13	418	12	412	6.35e-225	621
Psyr_2129	STM_v1_0.STM3134	33.3	387	244	6	29	404	5	388	4.68e-61	204
Psyr_2130	iJN1463.PP_2554	81.2	632	119	0	1	632	1	632	0.0	1048
Psyr_2132	iJN1463.PP_2406	80.7	274	53	0	8	281	5	278	9.41e-154	430
Psyr_2133	iCN718.ABAYE_RS07615	43.3	284	159	2	30	311	17	300	6.93e-75	231
Psyr_2135	iJN1463.PP_3457	54.0	187	85	1	3	189	1	186	1.19e-64	197
Psyr_2136	iJN1463.PP_2122	89.4	179	19	0	1	179	1	179	1.68e-114	322
Psyr_2137	iJN1463.PP_2123	76.5	400	94	0	4	403	9	408	3.38e-222	613
Psyr_2138	STM_v1_0.STM2085	50.3	304	149	2	4	305	1	304	1.35e-97	290
Psyr_2139	iJN1463.PP_5246	72.7	593	162	0	1	593	1	593	1.52e-292	807
Psyr_2143	iJN1463.PP_3591	72.7	330	90	0	13	342	3	332	2.17e-170	476
Psyr_2146	iSynCJ816.SGL_RS14865	49.8	251	125	1	1	251	1	250	1.91e-81	244
Psyr_2146	iSynCJ816.SGL_RS16015	50.0	256	122	2	1	251	18	272	4.91e-79	239
Psyr_2151	iJN1463.PP_2454	74.6	319	78	2	1	318	1	317	2.40e-160	449
Psyr_2152	iJN1463.PP_2455	76.8	514	119	0	1	514	8	521	2.76e-272	749
Psyr_2153	iJN1463.PP_2456	82.8	331	56	1	1	330	1	331	6.90e-182	505
Psyr_2154	iYO844.BSU35960	28.5	253	165	8	57	300	35	280	2.40e-13	69.3
Psyr_2154	iYL1228.KPN_04156	27.4	226	153	8	53	272	20	240	3.32e-12	65.9
Psyr_2155	iJN1463.PP_2458	64.0	300	108	0	1	300	1	300	1.66e-117	340
Psyr_2156	iJN1463.PP_2459	70.9	134	37	1	1	134	1	132	2.89e-61	184
Psyr_2157	iJN1463.PP_2460	74.2	322	83	0	20	341	1	322	1.55e-174	486
Psyr_2162	iJN1463.PP_2465	87.5	640	80	0	1	640	1	640	0.0	1149
Psyr_2166	iJN1463.PP_2469	93.8	338	21	0	1	338	1	338	1.85e-238	649
Psyr_2167	iJN1463.PP_2470	84.1	793	125	1	1	792	1	793	0.0	1327
Psyr_2170	iJN1463.PP_1071	68.2	305	92	4	1	302	2	304	2.36e-139	395
Psyr_2171	iEK1008.Rv2498c	37.7	265	153	7	10	270	11	267	1.80e-39	138
Psyr_2172	iMM904.YHR067W	23.0	226	138	8	10	214	6	216	2.14e-06	47.8
Psyr_2173	iJN1463.PP_4201	88.3	308	36	0	1	308	1	308	1.51e-179	497
Psyr_2174	iJN1463.PP_4202	91.6	249	21	0	1	249	1	249	1.27e-148	414
Psyr_2175	iML1515.b2371	32.1	383	251	6	9	390	4	378	3.52e-57	191
Psyr_2176	iEK1008.Rv0972c	34.9	401	234	11	1	387	1	388	1.17e-62	205
Psyr_2176	iAF987.Gmet_1715	31.9	361	239	3	6	364	6	361	8.45e-60	197
Psyr_2176	iCN900.CD630_03990	32.0	362	237	6	6	364	4	359	1.71e-58	194
Psyr_2176	iCN900.CD630_10540	31.0	364	244	3	3	364	2	360	1.76e-58	194
Psyr_2176	iYO844.BSU24150	31.8	381	247	5	6	381	4	376	7.03e-58	192
Psyr_2176	iCN718.ABAYE_RS06455	31.1	379	249	6	8	381	7	378	5.67e-57	190
Psyr_2177	iAF692.Mbar_A3542	31.5	184	125	1	10	193	198	380	1.40e-23	95.9
Psyr_2178	iAF692.Mbar_A3542	34.2	120	74	3	12	129	3	119	3.14e-09	54.7
Psyr_2179	iJN1463.PP_1378	58.9	411	168	1	23	432	14	424	3.31e-165	472
Psyr_2179	STM_v1_0.STM2654	58.9	404	166	0	23	426	21	424	4.09e-162	464
Psyr_2179	iYL1228.KPN_02910	58.2	404	169	0	23	426	20	423	5.23e-160	459
Psyr_2179	iML1515.b2587	58.2	404	169	0	23	426	20	423	1.05e-159	458
Psyr_2179	iSDY_1059.SDY_2830	58.2	404	169	0	23	426	20	423	1.05e-159	458
Psyr_2179	iSF_1195.SF2649	58.2	404	169	0	23	426	20	423	1.05e-159	458
Psyr_2179	iSSON_1240.SSON_2713	58.2	404	169	0	23	426	20	423	1.49e-159	457
Psyr_2181	iMM1415.57274	28.6	140	87	5	23	159	55	184	1.68e-04	43.1
Psyr_2184	iLJ478.TM1724	33.9	248	148	5	16	259	9	244	4.82e-32	117
Psyr_2184	iCN718.ABAYE_RS09790	31.5	251	166	3	12	257	7	256	3.69e-31	115
Psyr_2184	iCN900.CD630_26790	31.5	248	164	3	15	257	7	253	2.61e-30	113
Psyr_2184	iYS854.USA300HOU_RS06185	32.1	249	152	3	16	259	6	242	5.23e-30	112
Psyr_2184	iHN637.CLJU_RS20765	32.1	249	152	3	16	259	10	246	2.20e-29	110
Psyr_2184	iJN1463.PP_3073	32.7	248	164	3	12	257	5	251	1.98e-28	108
Psyr_2184	iLB1027_lipid.PHATRDRAFT_13073	32.4	253	151	4	15	259	9	249	2.59e-28	108
Psyr_2184	iCN900.CD630_25770	31.5	248	153	4	15	257	6	241	3.04e-28	107
Psyr_2184	iAF987.Gmet_1601	31.5	254	154	4	12	259	5	244	3.11e-28	107
Psyr_2184	iNF517.LLMG_RS08260	32.8	247	163	3	17	261	7	252	5.07e-28	107
Psyr_2185	iJN1463.PP_0303	35.4	316	157	7	7	303	5	292	6.54e-51	169
Psyr_2186	iCHOv1.100752401	32.5	302	186	7	1	291	4	298	1.19e-38	137
Psyr_2187	iYO844.BSU12360	21.2	434	283	11	20	431	10	406	5.12e-13	70.1
Psyr_2187	iJN1463.PP_1710	22.4	429	284	13	14	421	26	426	2.26e-11	65.1
Psyr_2187	iSF_1195.SF4387	24.1	303	205	7	11	307	35	318	2.29e-11	65.1
Psyr_2187	iJN1463.PP_3740	28.3	191	120	6	14	199	16	194	7.03e-11	63.5
Psyr_2187	iAF987.Gmet_0333	26.4	197	117	6	13	200	26	203	9.17e-11	63.2
Psyr_2190	iJN1463.PP_1254	88.7	363	41	0	1	363	1	363	1.31e-246	671
Psyr_2191	iJN1463.PP_3427	33.8	488	296	12	1	483	4	469	8.05e-57	195
Psyr_2193	iJN1463.PP_3425	23.1	325	236	4	52	364	54	376	9.05e-06	47.0
Psyr_2194	iJN1463.PP_0043	25.2	1055	705	26	12	1009	9	1036	9.46e-67	243
Psyr_2194	iJN1463.PP_2410	25.1	1052	710	25	12	1009	9	1036	2.36e-65	239
Psyr_2194	iAF987.Gmet_3509	25.0	1052	720	27	7	1016	4	1028	9.35e-65	237
Psyr_2195	iJN1463.PP_2842	26.6	222	152	2	57	278	57	267	1.62e-10	60.1
Psyr_2196	iIT341.HP0068	52.8	197	92	1	22	218	3	198	4.61e-71	214
Psyr_2196	iSynCJ816.SGL_RS03920	54.7	192	86	1	22	213	7	197	1.54e-68	208
Psyr_2196	iJN1463.PP_2849	51.6	190	91	1	22	211	9	197	1.05e-66	204
Psyr_2196	iYS854.USA300HOU_RS12405	49.0	196	99	1	22	217	6	200	1.55e-65	201
Psyr_2197	iYO844.BSU36640	56.8	569	240	4	4	569	3	568	6.70e-231	649
Psyr_2197	iSynCJ816.SGL_RS04480	58.2	569	230	6	4	569	5	568	3.84e-230	647
Psyr_2197	iLB1027_lipid.PHATRDRAFT_29702	56.1	570	241	5	4	569	313	877	5.92e-218	627
Psyr_2197	iJN1463.PP_2845	57.2	572	236	6	1	569	1	566	1.82e-220	622
Psyr_2197	iYL1228.KPN_03467	56.3	574	238	7	1	569	1	566	2.42e-218	617
Psyr_2197	iEK1008.Rv1850	55.0	582	243	7	1	569	1	576	6.88e-218	616
Psyr_2197	iCN718.ABAYE_RS13870	54.7	569	249	5	4	569	3	565	4.38e-216	611
Psyr_2197	iYS854.USA300HOU_RS12390	54.0	574	248	7	4	569	5	570	1.60e-212	602
Psyr_2197	iIT341.HP0072	53.5	574	256	5	1	569	1	568	6.45e-209	593
Psyr_2198	iIT341.HP0073	49.4	233	109	4	1	231	1	226	1.57e-68	210
Psyr_2199	iYS854.USA300HOU_RS12400	24.4	238	159	6	8	241	7	227	9.61e-06	45.1
Psyr_2200	iYS854.USA300HOU_RS12395	27.4	106	77	0	29	134	22	127	2.38e-07	47.0
Psyr_2201	iJN1463.PP_4845	50.0	232	113	1	1	229	1	232	3.23e-76	229
Psyr_2201	iSynCJ816.SGL_RS14500	47.9	234	116	2	1	229	1	233	5.43e-70	213
Psyr_2202	iJN1463.PP_4844	54.4	241	109	1	5	244	44	284	3.20e-85	254
Psyr_2202	iSynCJ816.SGL_RS13090	50.0	244	122	0	1	244	1	244	7.09e-81	246
Psyr_2203	iSynCJ816.SGL_RS06015	41.8	316	170	2	54	368	62	364	1.50e-71	229
Psyr_2203	iJN1463.PP_4843	36.8	345	195	2	41	375	27	358	1.52e-67	217
Psyr_2204	iJN1463.PP_4842	46.1	297	160	0	3	299	196	492	5.60e-78	245
Psyr_2205	iSynCJ816.SGL_RS11810	53.0	372	166	5	27	390	48	418	1.71e-129	379
Psyr_2206	iSynCJ816.SGL_RS11810	37.2	382	228	5	2	375	52	429	8.38e-78	246
Psyr_2206	iJN1463.PP_4841	33.9	375	235	4	5	366	30	404	8.41e-71	227
Psyr_2208	iAF692.Mbar_A0883	36.8	418	245	9	86	499	59	461	8.24e-70	230
Psyr_2209	iJN1463.PP_0237	46.8	312	161	5	13	324	7	313	2.25e-86	262
Psyr_2210	iYS854.USA300HOU_RS09145	34.9	195	117	5	106	293	103	294	8.54e-29	115
Psyr_2210	iSynCJ816.SGL_RS08600	35.1	228	140	5	73	293	64	290	1.83e-27	111
Psyr_2210	iYO844.BSU23070	36.2	207	124	5	106	306	98	302	2.17e-26	108
Psyr_2210	iLJ478.TM0327	31.3	227	139	4	93	304	85	309	3.85e-27	108
Psyr_2210	iLJ478.TM1401	33.2	208	127	5	93	292	89	292	2.68e-27	108
Psyr_2210	iJN1463.PP_0762	30.8	318	177	9	8	307	23	315	4.82e-27	107
Psyr_2211	iJN1463.PP_3219	25.9	405	234	15	27	423	18	364	6.31e-23	99.4
Psyr_2211	iJN1463.PP_2765	26.3	342	195	14	72	409	63	351	2.65e-20	91.7
Psyr_2212	iMM1415.11847	28.8	153	84	7	87	221	114	259	1.67e-06	48.5
Psyr_2212	iMM1415.11846	29.7	148	87	6	87	220	95	239	2.07e-06	48.1
Psyr_2212	iAT_PLT_636.383	26.9	186	116	8	50	220	67	247	8.96e-06	46.2
Psyr_2212	iCHOv1.100750727	29.1	148	88	6	87	220	95	239	1.18e-05	45.8
Psyr_2212	iIT341.HP1399	22.6	146	91	3	101	224	100	245	3.72e-05	44.3
Psyr_2212	iCHOv1.100760459	27.8	194	107	12	50	221	85	267	5.39e-05	43.9
Psyr_2214	iAF987.Gmet_3085	23.4	397	230	13	151	507	94	456	4.88e-13	72.4
Psyr_2222	iJN1463.PP_0325	37.8	997	572	19	15	968	13	1004	6.54e-205	613
Psyr_2223	iJN1463.PP_0324	34.2	79	46	4	6	79	6	83	4.25e-07	44.3
Psyr_2224	iJN1463.PP_0323	43.5	414	227	4	3	413	7	416	8.27e-115	341
Psyr_2225	iAF987.Gmet_1162	54.0	285	128	1	5	289	4	285	1.57e-102	301
Psyr_2225	iJN1463.PP_1945	53.3	285	130	3	1	282	1	285	1.02e-94	281
Psyr_2225	iNF517.LLMG_RS08520	54.4	281	125	1	4	284	2	279	5.52e-93	276
Psyr_2226	iJN1463.PP_0327	51.0	286	138	1	1	286	1	284	1.26e-98	290
Psyr_2226	iJN1463.PP_1943	50.0	286	139	2	3	287	2	284	7.93e-90	268
Psyr_2226	iJN1463.PP_1367	49.3	278	140	1	10	287	6	282	9.46e-88	263
Psyr_2229	iYL1228.KPN_00165	28.3	732	481	16	2	700	12	732	1.01e-71	247
Psyr_2229	iJN1463.PP_0350	27.2	706	467	20	29	700	115	807	2.35e-70	244
Psyr_2229	iJN1463.PP_0160	27.5	726	490	17	4	700	107	825	5.78e-70	244
Psyr_2229	iML1515.b0150	27.2	732	483	15	12	700	20	744	1.53e-68	238
Psyr_2229	iSF_1195.SF0142	27.2	732	483	14	12	700	20	744	1.53e-68	238
Psyr_2229	iSDY_1059.SDY_0166	26.8	732	486	15	12	700	20	744	1.38e-66	233
Psyr_2229	STM_v1_0.STM0191	27.0	727	492	20	2	700	11	726	4.30e-63	223
Psyr_2230	iHN637.CLJU_RS07840	27.5	397	260	11	22	411	16	391	1.06e-17	84.3
Psyr_2231	iPC815.YPO2912	29.2	202	128	7	6	197	7	203	2.21e-08	53.9
Psyr_2232	iJN1463.PP_3740	29.8	124	82	3	294	415	79	199	4.78e-04	42.0
Psyr_2232	iML1515.b0842	25.4	138	100	2	289	425	71	206	8.02e-04	41.2
Psyr_2235	iCHOv1.100752401	23.3	283	175	13	75	347	10	260	3.83e-06	47.8
Psyr_2238	STM_v1_0.STM2190	29.5	319	199	8	11	305	13	329	3.25e-29	113
Psyr_2238	iYL1228.KPN_02588	29.2	319	200	8	11	305	23	339	7.43e-29	112
Psyr_2238	iML1515.b2150	29.2	319	200	8	11	305	13	329	8.71e-29	112
Psyr_2238	iSbBS512_1146.SbBS512_E0816	29.2	319	200	8	11	305	13	329	8.71e-29	112
Psyr_2238	iSF_1195.SF2235	29.2	319	200	8	11	305	13	329	8.71e-29	112
Psyr_2238	iSSON_1240.SSON_2206	29.2	319	200	8	11	305	13	329	8.71e-29	112
Psyr_2238	iPC815.YPO1507	28.9	318	199	9	12	305	19	333	9.17e-29	112
Psyr_2247	iML1515.b4106	61.8	249	95	0	1	249	1	249	1.04e-96	284
Psyr_2248	iML1515.b4105	62.5	293	109	1	27	319	29	320	7.79e-125	361
Psyr_2249	iNF517.LLMG_RS01635	33.3	246	150	4	24	260	25	265	3.21e-40	139
Psyr_2249	iJN1463.PP_0827	34.4	253	158	4	17	262	2	253	3.16e-40	139
Psyr_2249	iJN1463.PP_0826	35.2	253	146	6	24	258	19	271	5.71e-39	136
Psyr_2251	iML1515.b4101	46.0	150	76	3	6	154	4	149	1.82e-32	112
Psyr_2252	iML1515.b4100	39.5	195	112	4	6	197	3	194	3.66e-37	127
Psyr_2253	iML1515.b4099	66.5	349	116	1	1	349	1	348	2.72e-159	450
Psyr_2254	iML1515.b4098	79.9	269	54	0	19	287	7	275	4.16e-162	451
Psyr_2255	iCN900.CD630_35340	46.4	237	122	2	37	271	55	288	5.74e-65	204
Psyr_2256	iML1515.b4096	60.6	218	86	0	4	221	1	218	2.85e-90	265
Psyr_2257	iML1515.b4095	54.6	377	170	1	6	381	2	378	7.21e-132	382
Psyr_2258	iJN1463.PP_4469	60.3	179	68	1	3	181	15	190	1.01e-66	202
Psyr_2259	iML1515.b4092	50.0	252	118	3	1	249	3	249	1.63e-81	244
Psyr_2260	iSynCJ816.SGL_RS07160	31.5	467	287	8	21	461	13	472	1.33e-61	209
Psyr_2260	iAF987.Gmet_0075	30.5	491	290	10	6	461	2	476	4.46e-54	189
Psyr_2261	iCN900.CD630_03030	32.0	203	114	9	77	262	99	294	2.63e-09	58.2
Psyr_2262	iMM1415.338403	33.2	193	123	4	74	263	87	276	8.10e-20	91.7
Psyr_2262	iCHOv1.100761203	27.2	298	186	8	74	353	99	383	6.44e-19	89.0
Psyr_2263	iLJ478.TM0057	49.2	329	151	4	19	333	4	330	7.59e-101	300
Psyr_2263	iJN1463.PP_0878	46.8	314	164	1	17	327	3	316	3.36e-98	293
Psyr_2263	iLJ478.TM1063	48.9	333	150	7	19	333	4	334	1.42e-96	289
Psyr_2263	iPC815.YPO3999	46.3	328	172	2	6	330	22	348	9.77e-96	288
Psyr_2263	STM_v1_0.STM3626	46.7	315	165	1	19	330	13	327	2.85e-95	286
Psyr_2263	iSSON_1240.SSON_3850	46.0	315	167	1	19	330	13	327	2.38e-93	281
Psyr_2263	iML1515.b3540	46.0	315	167	1	19	330	13	327	3.37e-93	280
Psyr_2263	iYL1228.KPN_03895	46.0	315	167	1	19	330	13	327	3.71e-93	280
Psyr_2263	iSDY_1059.SDY_4563	46.0	315	167	1	19	330	13	327	3.37e-93	280
Psyr_2263	iYL1228.KPN_02193	48.4	312	152	4	14	316	7	318	4.77e-93	280
Psyr_2263	iSF_1195.SF3575	46.0	315	167	1	19	330	13	327	4.77e-93	280
Psyr_2263	iLJ478.TM1750	46.6	322	159	5	13	328	8	322	5.58e-93	280
Psyr_2263	STM_v1_0.STM1742	47.4	325	155	5	1	316	1	318	1.91e-92	278
Psyr_2263	iSDY_1059.SDY_1305	48.9	311	150	4	15	316	8	318	2.71e-92	278
Psyr_2263	iML1515.b1247	48.0	321	158	4	15	326	8	328	3.84e-92	278
Psyr_2263	iSbBS512_1146.SbBS512_E1416	48.9	311	150	4	15	316	8	318	5.43e-92	277
Psyr_2263	iSF_1195.SF1248	48.9	311	150	4	15	316	8	318	5.43e-92	277
Psyr_2263	iSSON_1240.SSON_1933	48.6	311	151	4	15	316	8	318	1.24e-90	274
Psyr_2264	iYO844.BSU12950	50.3	324	154	4	4	323	5	325	7.03e-99	295
Psyr_2264	iJN1463.PP_0879	49.1	318	158	3	1	317	1	315	6.65e-91	274
Psyr_2264	iSDY_1059.SDY_0758	55.3	262	111	1	3	258	1	262	3.91e-84	265
Psyr_2265	iJN1463.PP_0880	40.2	281	165	1	14	294	21	298	6.77e-65	206
Psyr_2266	iML1515.b0831	42.2	306	176	1	1	305	1	306	4.23e-75	232
Psyr_2266	iSDY_1059.SDY_0756	42.2	306	176	1	1	305	1	306	4.23e-75	232
Psyr_2266	iYL1228.KPN_00864	41.8	306	177	1	1	305	1	306	5.98e-75	231
Psyr_2266	iSF_1195.SF0781	42.2	306	176	1	1	305	1	306	2.39e-74	230
Psyr_2266	iSbBS512_1146.SbBS512_E2517	41.8	306	177	1	1	305	1	306	6.77e-74	229
Psyr_2266	iSSON_1240.SSON_0813	41.8	306	177	1	1	305	1	306	1.35e-73	228
Psyr_2266	STM_v1_0.STM0850	41.2	306	179	1	1	305	1	306	3.83e-73	227
Psyr_2267	iYL1228.KPN_00863	26.6	485	317	11	13	475	13	480	7.21e-38	145
Psyr_2267	STM_v1_0.STM0849	26.0	492	317	13	10	475	10	480	2.25e-36	140
Psyr_2267	iSDY_1059.SDY_0757	27.0	423	271	10	75	475	74	480	1.13e-33	133
Psyr_2267	iSbBS512_1146.SbBS512_E2518	27.0	423	271	10	75	475	74	480	2.10e-33	132
Psyr_2267	iML1515.b0830	27.0	423	271	10	75	475	74	480	2.86e-33	132
Psyr_2267	iSF_1195.SF0780	27.0	423	271	10	75	475	74	480	2.86e-33	132
Psyr_2267	iSSON_1240.SSON_0812	27.0	423	271	10	75	475	74	480	2.86e-33	132
Psyr_2269	iJN1463.PP_3324	61.2	294	113	1	1	294	11	303	4.40e-119	344
Psyr_2270	iAF692.Mbar_A3020	32.7	196	105	4	5	179	56	245	1.99e-24	95.5
Psyr_2273	iNF517.LLMG_RS12480	35.2	455	265	12	5	444	7	446	3.05e-76	244
Psyr_2273	iYS854.USA300HOU_RS06590	35.1	450	265	10	5	442	10	444	7.17e-74	238
Psyr_2273	iAF692.Mbar_A0666	33.6	441	271	9	10	441	17	444	4.39e-72	233
Psyr_2273	iLJ478.TM0943	33.9	445	270	9	7	441	7	437	3.56e-72	233
Psyr_2273	iEK1008.Rv2222c	35.1	450	261	10	8	441	10	444	1.67e-71	232
Psyr_2273	iYO844.BSU17460	33.9	449	270	9	5	441	8	441	5.14e-69	225
Psyr_2274	iYO844.BSU06490	30.3	195	117	3	112	302	45	224	1.24e-15	76.6
Psyr_2276	iAF692.Mbar_A0664	37.5	421	225	7	14	413	73	476	5.61e-70	229
Psyr_2276	iLJ478.TM0397	38.6	407	214	6	27	413	88	478	7.00e-68	224
Psyr_2277	iJN1463.PP_5233	64.9	416	143	1	28	440	27	442	8.02e-192	539
Psyr_2280	iJN1463.PP_2765	86.4	354	47	1	1	354	1	353	8.15e-228	624
Psyr_2281	iJN1463.PP_1494	39.2	265	147	4	269	523	75	335	2.59e-42	154
Psyr_2282	iYL1228.KPN_03673	49.8	1040	503	7	1	1031	1	1030	0.0	951
Psyr_2282	STM_v1_0.STM3391	49.8	1030	509	6	1	1024	1	1028	0.0	949
Psyr_2282	iML1515.b0462	50.2	1036	505	7	4	1031	4	1036	0.0	948
Psyr_2282	iJN1463.PP_1385	51.2	1036	498	5	1	1031	1	1033	0.0	938
Psyr_2282	iML1515.b3266	49.5	1036	511	7	1	1030	1	1030	0.0	936
Psyr_2282	iSDY_1059.SDY_2654	48.4	1043	524	7	1	1035	1	1037	0.0	927
Psyr_2282	iML1515.b2470	48.5	1043	523	7	1	1035	1	1037	0.0	922
Psyr_2282	iSSON_1240.SSON_2550	48.3	1043	525	7	1	1035	1	1037	0.0	918
Psyr_2282	iSF_1195.SF2512	48.3	1043	525	7	1	1035	1	1037	0.0	918
Psyr_2283	iSF_1195.SF0408	44.4	360	196	3	15	372	16	373	1.11e-94	288
Psyr_2283	iML1515.b0463	44.4	360	196	3	15	372	16	373	1.57e-94	288
Psyr_2283	iSDY_1059.SDY_0456	44.4	360	196	3	15	372	16	373	1.57e-94	288
Psyr_2283	iSSON_1240.SSON_0450	44.4	360	196	3	15	372	16	373	2.22e-94	287
Psyr_2283	iSbBS512_1146.SbBS512_E3648	43.4	376	205	3	1	372	1	372	5.53e-92	281
Psyr_2283	iML1515.b3265	43.1	376	206	3	1	372	1	372	2.21e-91	279
Psyr_2283	iPC815.YPO3132	41.7	369	209	3	9	372	7	374	1.69e-87	270
Psyr_2283	STM_v1_0.STM3390	43.0	365	204	2	1	363	1	363	2.50e-87	269
Psyr_2285	iIS312.TCDM_05651	28.4	211	133	5	5	199	51	259	3.64e-18	79.7
Psyr_2285	iIS312.TCDM_00967	29.4	163	87	3	44	178	143	305	2.68e-17	78.2
Psyr_2288	STM_v1_0.STM3159	34.7	196	107	4	32	218	30	213	6.02e-20	85.5
Psyr_2288	iYL1228.KPN_03426	35.4	189	115	3	32	218	25	208	7.52e-20	85.1
Psyr_2288	iPC815.YPO0682	32.1	187	124	1	32	218	139	322	6.46e-19	84.3
Psyr_2288	iML1515.b3006	33.3	189	119	3	32	218	30	213	1.58e-18	81.6
Psyr_2288	iSDY_1059.SDY_3067	33.3	189	119	3	32	218	30	213	1.58e-18	81.6
Psyr_2288	iSF_1195.SF3051	33.3	189	119	3	32	218	30	213	1.58e-18	81.6
Psyr_2288	iSSON_1240.SSON_3149	33.3	189	119	3	32	218	30	213	1.58e-18	81.6
Psyr_2288	iSbBS512_1146.SbBS512_E3434	33.3	189	119	3	32	218	30	213	2.19e-18	81.3
Psyr_2288	iJN1463.PP_5306	31.7	189	116	2	32	216	112	291	8.21e-18	80.9
Psyr_2289	iJN1463.PP_5307	37.3	118	73	1	14	130	17	134	1.40e-18	75.9
Psyr_2289	STM_v1_0.STM3158	33.1	124	83	0	7	130	10	133	3.85e-18	74.7
Psyr_2289	iML1515.b3005	31.5	124	85	0	7	130	10	133	1.52e-17	73.2
Psyr_2289	iSbBS512_1146.SbBS512_E3433	31.5	124	85	0	7	130	10	133	1.52e-17	73.2
Psyr_2289	iSF_1195.SF3050	31.5	124	85	0	7	130	10	133	1.52e-17	73.2
Psyr_2289	iSSON_1240.SSON_3148	31.5	124	85	0	7	130	10	133	1.52e-17	73.2
Psyr_2289	iSDY_1059.SDY_3068	31.5	124	85	0	7	130	10	133	3.03e-17	72.4
Psyr_2290	iJN1463.PP_2242	23.6	736	481	28	57	776	57	727	2.64e-20	95.9
Psyr_2291	iCN718.ABAYE_RS18215	28.5	158	109	2	65	221	62	216	2.20e-10	59.3
Psyr_2291	iCN900.CD630_00450	25.2	206	137	6	35	232	5	201	4.93e-10	57.8
Psyr_2291	iCN900.CD630_22770	25.2	151	105	3	66	213	38	183	7.75e-09	54.3
Psyr_2292	STM_v1_0.STM1525	62.3	300	112	1	4	302	9	308	2.75e-126	362
Psyr_2292	iYL1228.KPN_01636	61.7	300	114	1	4	302	16	315	4.96e-126	362
Psyr_2292	iML1515.b1524	62.0	300	113	1	4	302	9	308	1.11e-125	360
Psyr_2292	iSbBS512_1146.SbBS512_E1682	62.0	300	113	1	4	302	9	308	1.11e-125	360
Psyr_2292	iSDY_1059.SDY_1631	62.0	300	113	1	4	302	9	308	1.11e-125	360
Psyr_2292	iSSON_1240.SSON_1604	62.0	300	113	1	4	302	9	308	1.11e-125	360
Psyr_2292	iSF_1195.SF1569	61.7	300	114	1	4	302	9	308	4.51e-125	359
Psyr_2295	STM_v1_0.STM0984	32.3	439	283	9	163	598	152	579	6.02e-59	206
Psyr_2295	iSF_1195.SF0910	32.3	439	283	9	163	598	152	579	8.33e-59	206
Psyr_2295	iSSON_1240.SSON_0916	32.3	439	283	9	163	598	152	579	8.33e-59	206
Psyr_2295	iML1515.b0914	32.3	439	283	9	163	598	152	579	1.15e-58	206
Psyr_2295	iSbBS512_1146.SbBS512_E2410	32.3	439	283	9	163	598	152	579	1.15e-58	206
Psyr_2295	iSDY_1059.SDY_2344	32.3	439	283	9	163	598	152	579	1.15e-58	206
Psyr_2295	iYL1228.KPN_00941	31.9	439	285	9	163	598	152	579	5.71e-57	201
Psyr_2295	iPC815.YPO1395	31.4	439	287	9	163	598	152	579	5.08e-54	193
Psyr_2296	iCN718.ABAYE_RS12975	56.7	349	147	2	1	345	1	349	6.49e-141	402
Psyr_2297	iYO844.BSU03930	45.1	264	137	2	1	263	1	257	1.62e-72	222
Psyr_2301	iEK1008.Rv3791	30.9	243	164	3	4	244	12	252	2.46e-28	107
Psyr_2302	iEK1008.Rv3790	33.2	434	271	10	5	424	13	441	9.98e-63	209
Psyr_2303	iEK1008.Rv3806c	29.2	284	186	6	198	476	19	292	2.79e-20	90.9
Psyr_2304	iYO844.BSU33960	22.5	405	281	11	85	469	67	458	1.53e-21	96.7
Psyr_2304	iHN637.CLJU_RS08975	24.1	402	275	10	85	469	51	439	2.04e-20	93.2
Psyr_2305	iYS854.USA300HOU_RS05515	46.2	411	213	5	32	434	31	441	2.59e-115	345
Psyr_2306	iJN1463.PP_3740	28.1	449	292	12	13	453	3	428	7.00e-24	103
Psyr_2306	iJN1463.PP_3658	24.9	457	301	13	24	468	15	441	5.84e-23	100
Psyr_2313	iJN1463.PP_3741	77.6	630	139	2	1	628	1	630	0.0	996
Psyr_2313	iJN1463.PP_4807	72.7	619	168	1	1	618	1	619	0.0	927
Psyr_2314	iPC815.YPO1358	67.1	571	186	2	30	599	1	570	6.92e-276	764
Psyr_2314	iYL1228.KPN_00904	65.8	571	192	3	30	599	4	572	9.42e-272	754
Psyr_2314	iSF_1195.SF0826	65.5	571	194	2	30	599	1	569	9.78e-271	751
Psyr_2314	iML1515.b0871	65.5	571	194	2	30	599	1	569	5.62e-270	749
Psyr_2314	iSbBS512_1146.SbBS512_E2460	65.5	571	194	2	30	599	1	569	5.62e-270	749
Psyr_2314	iSSON_1240.SSON_0857	65.5	571	194	2	30	599	1	569	5.62e-270	749
Psyr_2314	STM_v1_0.STM0935	66.5	571	188	3	30	599	1	569	1.13e-269	748
Psyr_2314	iSDY_1059.SDY_2392	65.0	571	197	2	30	599	1	569	1.52e-267	743
Psyr_2327	iJN1463.PP_4597	76.1	327	78	0	6	332	8	334	1.51e-184	512
Psyr_2328	iAF692.Mbar_A3070	26.7	446	265	14	11	447	13	405	2.53e-21	95.5
Psyr_2329	iJN1463.PP_5135	25.1	251	158	6	52	288	43	277	6.89e-11	62.4
Psyr_2330	iAT_PLT_636.1757	24.9	394	263	12	8	376	68	453	4.94e-19	89.0
Psyr_2330	iYO844.BSU11670	23.9	381	254	9	8	371	6	367	1.34e-17	83.2
Psyr_2331	iJN1463.PP_0325	23.1	472	290	14	6	448	173	600	1.93e-12	69.3
Psyr_2333	iJN1463.PP_0414	36.0	242	155	0	14	255	23	264	4.95e-45	152
Psyr_2334	iCN900.CD630_10250	34.4	221	144	1	53	273	40	259	1.63e-40	141
Psyr_2334	iYL1228.KPN_01131	33.0	227	148	3	54	277	48	273	5.77e-39	137
Psyr_2334	STM_v1_0.STM0879	30.2	252	170	3	41	290	68	315	9.17e-38	135
Psyr_2334	iML1515.b1125	32.2	227	150	3	54	277	38	263	6.82e-38	134
Psyr_2334	STM_v1_0.STM1225	32.2	227	150	3	54	277	48	273	9.09e-38	134
Psyr_2334	iSDY_1059.SDY_2027	32.2	227	150	3	54	277	38	263	6.82e-38	134
Psyr_2334	iSF_1195.SF1127	32.2	227	150	3	54	277	38	263	6.82e-38	134
Psyr_2334	iSSON_1240.SSON_1143	32.2	227	150	3	54	277	38	263	6.82e-38	134
Psyr_2334	iYL1228.KPN_00887	30.5	236	158	3	57	290	84	315	2.52e-37	134
Psyr_2334	iSbBS512_1146.SbBS512_E2475	30.1	249	168	3	44	290	71	315	2.52e-37	134
Psyr_2334	iSbBS512_1146.SbBS512_E1303	32.3	226	149	3	55	277	49	273	1.79e-37	134
Psyr_2334	iML1515.b0856	29.7	249	169	3	44	290	71	315	6.92e-37	133
Psyr_2334	iSF_1195.SF0810	29.7	249	169	3	44	290	71	315	6.92e-37	133
Psyr_2334	iSSON_1240.SSON_0841	29.7	249	169	3	44	290	71	315	6.92e-37	133
Psyr_2334	iSDY_1059.SDY_0739	29.3	249	170	3	44	290	71	315	1.36e-36	132
Psyr_2334	iHN637.CLJU_RS10675	29.7	222	153	2	54	273	53	273	5.50e-36	130
Psyr_2334	iPC815.YPO1333	31.7	218	147	1	53	268	84	301	4.24e-35	128
Psyr_2335	iJN1463.PP_1722	47.9	317	157	2	1	317	1	309	5.16e-89	270
Psyr_2335	iPC815.YPO1332	41.4	355	184	5	4	338	20	370	4.10e-86	264
Psyr_2335	iJN1463.PP_0411	44.4	354	176	7	4	336	15	368	7.49e-86	263
Psyr_2335	iSbBS512_1146.SbBS512_E1304	54.0	237	109	0	4	240	18	254	2.69e-84	259
Psyr_2335	iSSON_1240.SSON_1144	54.0	237	109	0	4	240	18	254	2.69e-84	259
Psyr_2335	iML1515.b1126	54.0	237	109	0	4	240	18	254	3.80e-84	259
Psyr_2335	iSDY_1059.SDY_2026	54.0	237	109	0	4	240	18	254	3.80e-84	259
Psyr_2335	iSF_1195.SF1128	54.0	237	109	0	4	240	18	254	3.80e-84	259
Psyr_2335	iSF_1195.SF0809	43.5	322	162	3	4	305	47	368	1.63e-83	258
Psyr_2335	iSSON_1240.SSON_1696	43.1	334	177	3	4	332	5	330	2.20e-84	258
Psyr_2335	iML1515.b0855	43.5	322	162	3	4	305	20	341	1.04e-83	258
Psyr_2335	iML1515.b1441	43.1	334	177	3	4	332	5	330	3.11e-84	258
Psyr_2335	iSDY_1059.SDY_1733	43.1	334	177	3	4	332	5	330	4.39e-84	257
Psyr_2335	iSSON_1240.SSON_0840	43.5	322	162	3	4	305	47	368	3.24e-83	257
Psyr_2335	iLJ478.TM1376	38.9	357	194	4	4	339	6	359	1.13e-83	257
Psyr_2335	iSbBS512_1146.SbBS512_E2476	43.2	322	163	3	4	305	20	341	1.66e-82	254
Psyr_2335	iSDY_1059.SDY_0740	43.2	322	163	3	4	305	20	341	1.66e-82	254
Psyr_2335	iYL1228.KPN_01927	43.0	330	176	3	4	333	5	322	9.94e-83	254
Psyr_2335	iCN900.CD630_35270	46.2	249	134	0	1	249	1	249	1.65e-82	253
Psyr_2335	STM_v1_0.STM0878	42.9	322	164	3	4	305	20	341	6.61e-82	253
Psyr_2335	iCN900.CD630_10240	42.0	338	182	5	4	331	6	339	3.81e-82	253
Psyr_2335	iCN900.CD630_35300	44.8	270	133	1	1	270	1	254	3.31e-82	252
Psyr_2335	iJN1463.PP_1484	43.2	347	180	5	4	341	5	343	4.77e-82	252
Psyr_2335	STM_v1_0.STM1226	53.6	233	108	0	6	238	20	252	1.36e-81	252
Psyr_2335	iHN637.CLJU_RS10680	49.2	244	124	0	2	245	8	251	3.51e-81	251
Psyr_2335	iYL1228.KPN_01132	52.3	237	113	0	4	240	18	254	1.53e-80	249
Psyr_2335	iYL1228.KPN_00886	40.0	355	189	5	4	338	36	386	3.33e-80	249
Psyr_2335	iPC815.YPO3712	39.7	348	188	4	1	328	1	346	2.34e-80	249
Psyr_2335	iJN1463.PP_3817	40.0	345	186	4	4	327	15	359	6.83e-80	248
Psyr_2335	iCN718.ABAYE_RS05140	49.4	253	123	2	4	252	3	254	4.62e-79	245
Psyr_2335	iML1515.b4035	37.4	358	204	2	1	338	1	358	3.13e-78	243
Psyr_2335	iSSON_1240.SSON_4213	37.4	358	204	2	1	338	1	358	3.13e-78	243
Psyr_2335	iJN1463.PP_5179	42.4	323	165	5	4	305	23	345	5.74e-78	243
Psyr_2335	iYL1228.KPN_04424	37.6	356	204	2	1	338	1	356	5.89e-78	243
Psyr_2335	iSF_1195.SF4170	37.4	358	204	2	1	338	1	358	6.24e-78	243
Psyr_2340	iAF987.Gmet_2161	32.8	116	73	2	8	119	476	590	7.90e-12	60.5
Psyr_2351	iAF692.Mbar_A3452	26.9	279	95	8	15	186	35	311	1.35e-15	73.6
Psyr_2351	iLJ478.TM1090	36.8	125	71	3	14	132	34	156	1.20e-14	70.9
Psyr_2352	iNF517.LLMG_RS04495	25.5	165	109	4	18	175	12	169	1.37e-10	57.0
Psyr_2354	iCN718.ABAYE_RS11215	28.8	285	187	5	4	278	3	281	7.38e-19	84.0
Psyr_2354	iJN1463.PP_0169	30.0	253	145	9	47	278	58	299	1.01e-17	80.9
Psyr_2355	iML1515.b1794	34.5	58	37	1	99	156	94	150	5.96e-04	38.9
Psyr_2358	iCN718.ABAYE_RS08450	50.1	385	187	4	4	386	15	396	2.40e-128	375
Psyr_2360	iAF692.Mbar_A0964	26.1	92	68	0	34	125	54	145	2.92e-10	55.8
Psyr_2360	iLJ478.TM1347	31.8	110	65	4	20	125	95	198	1.77e-08	51.6
Psyr_2362	STM_v1_0.STM1221	29.6	267	140	11	15	272	36	263	7.92e-15	72.4
Psyr_2366	iYO844.BSU30760	36.9	244	148	2	5	243	4	246	1.95e-46	154
Psyr_2366	iSynCJ816.SGL_RS08815	36.8	228	137	2	5	225	10	237	1.02e-45	153
Psyr_2366	iNF517.LLMG_RS05770	35.5	228	142	2	5	228	2	228	1.89e-43	146
Psyr_2366	STM_v1_0.STM2862	34.1	255	156	3	3	245	4	258	1.66e-40	140
Psyr_2367	iYS854.USA300HOU_RS03425	38.1	265	160	2	8	272	5	265	6.04e-48	160
Psyr_2367	iNF517.LLMG_RS05775	33.8	263	162	2	13	271	11	265	6.83e-47	158
Psyr_2368	STM_v1_0.STM2861	37.6	295	171	6	1	290	7	293	2.93e-55	181
Psyr_2368	iYO844.BSU30770	34.2	275	175	2	27	295	32	306	4.06e-52	172
Psyr_2368	iSDY_1059.SDY_1457	33.9	298	189	4	2	295	5	298	6.57e-50	167
Psyr_2368	iSSON_1240.SSON_1750	33.9	298	189	4	2	295	5	298	6.57e-50	167
Psyr_2368	iSF_1195.SF1365	34.9	295	183	5	5	295	1	290	7.49e-50	166
Psyr_2368	iSynCJ816.SGL_RS08820	35.4	263	164	4	32	291	60	319	1.80e-49	166
Psyr_2368	iSbBS512_1146.SbBS512_E1612	35.2	270	167	4	30	295	23	288	1.00e-49	166
Psyr_2369	iCN718.ABAYE_RS14110	49.4	354	168	5	33	379	28	377	7.32e-115	339
Psyr_2369	iLJ478.TM0282	50.0	350	162	7	33	379	13	352	2.22e-110	327
Psyr_2370	iCHOv1.100752401	28.0	300	192	8	6	290	9	299	2.46e-26	104
Psyr_2371	iSbBS512_1146.SbBS512_E1025	54.3	322	139	4	18	335	9	326	6.94e-114	333
Psyr_2371	iML1515.b1901	54.3	322	139	4	18	335	9	326	1.98e-113	332
Psyr_2371	iSDY_1059.SDY_1120	54.3	322	139	4	18	335	9	326	2.80e-113	331
Psyr_2371	iSSON_1240.SSON_1217	54.3	322	139	4	18	335	9	326	2.80e-113	331
Psyr_2371	iPC815.YPO2255	53.4	322	142	4	18	335	9	326	1.98e-110	324
Psyr_2372	iML1515.b1900	60.3	491	195	0	14	504	8	498	1.00e-207	585
Psyr_2372	iSDY_1059.SDY_1121	60.1	491	196	0	14	504	8	498	2.86e-207	583
Psyr_2372	iSSON_1240.SSON_1218	60.3	491	195	0	14	504	8	498	2.86e-207	583
Psyr_2372	iSbBS512_1146.SbBS512_E1024	60.3	491	195	0	14	504	8	498	1.16e-206	582
Psyr_2372	iPC815.YPO2256	58.7	492	203	0	14	505	20	511	1.85e-200	567
Psyr_2373	iPC815.YPO2257	62.9	310	115	0	19	328	34	343	2.46e-129	372
Psyr_2373	iML1515.b4460	61.0	313	122	0	17	329	11	323	3.21e-127	366
Psyr_2373	iSDY_1059.SDY_1122	61.0	313	122	0	17	329	12	324	3.33e-127	366
Psyr_2373	iSbBS512_1146.SbBS512_E1023	61.0	313	122	0	17	329	11	323	1.30e-126	365
Psyr_2373	iSSON_1240.SSON_1219	61.0	313	122	0	17	329	12	324	1.35e-126	365
Psyr_2375	iAF987.Gmet_1706	32.2	115	75	2	6	119	1	113	1.22e-15	74.3
Psyr_2375	iAF987.Gmet_0069	35.0	117	73	2	7	120	4	120	7.44e-15	72.0
Psyr_2377	iYL1228.KPN_02122	28.3	555	327	23	19	529	9	536	6.60e-34	135
Psyr_2377	iML1515.b0347	28.6	567	328	26	19	537	9	546	1.01e-32	131
Psyr_2377	iSSON_1240.SSON_0297	28.6	566	329	25	19	537	9	546	1.84e-32	130
Psyr_2379	iML1515.b2014	31.0	319	203	10	36	343	41	353	4.90e-26	109
Psyr_2379	iEK1008.Rv2320c	26.1	456	286	13	1	422	23	461	1.50e-22	99.4
Psyr_2385	iAF987.Gmet_0043	25.4	244	172	3	527	763	26	266	1.66e-14	77.4
Psyr_2387	iJN1463.PP_1251	80.1	532	98	2	23	551	1	527	1.50e-309	845
Psyr_2387	iJN1463.PP_2925	76.7	515	119	1	8	522	6	519	4.72e-295	809
Psyr_2388	iAF987.Gmet_2135	52.0	148	68	2	72	218	16	161	5.45e-47	152
Psyr_2388	iHN637.CLJU_RS11605	46.0	150	78	2	70	218	3	150	1.12e-42	141
Psyr_2389	iEK1008.Rv0375c	23.7	317	171	7	21	323	12	271	3.36e-13	68.6
Psyr_2390	iSSON_1240.SSON_3017	28.1	754	498	11	12	734	2	742	6.20e-77	262
Psyr_2390	iML1515.b2866	28.2	754	497	11	12	734	2	742	1.19e-76	261
Psyr_2390	iSF_1195.SF2868	28.1	754	498	11	12	734	15	755	1.51e-76	261
Psyr_2391	iYO844.BSU32510	23.5	315	203	7	24	312	20	322	4.92e-12	65.5
Psyr_2392	iYO844.BSU32500	26.9	193	129	4	9	191	4	194	1.34e-10	58.2
Psyr_2394	iJN1463.PP_3151	72.4	463	126	1	1	463	1	461	1.21e-241	667
Psyr_2394	iSbBS512_1146.SbBS512_E1681	65.9	460	157	0	3	462	2	461	6.26e-216	602
Psyr_2394	iSSON_1240.SSON_1603	65.9	460	157	0	3	462	10	469	2.38e-215	601
Psyr_2394	iML1515.b1525	65.9	460	157	0	3	462	2	461	2.54e-215	600
Psyr_2396	iSSON_1240.SSON_1361	76.8	353	82	0	15	367	5	357	3.44e-205	567
Psyr_2396	iSDY_1059.SDY_1701	76.8	353	82	0	15	367	5	357	9.85e-205	566
Psyr_2396	iML1515.b1800	76.8	353	82	0	15	367	5	357	1.40e-204	565
Psyr_2396	iYL1228.KPN_01015	76.4	356	84	0	16	371	6	361	1.99e-204	565
Psyr_2396	iSbBS512_1146.SbBS512_E2058	76.5	353	83	0	15	367	5	357	5.68e-204	564
Psyr_2396	iPC815.YPO2496	75.2	355	88	0	16	370	10	364	1.47e-200	555
Psyr_2396	iCN718.ABAYE_RS14760	70.9	357	104	0	14	370	4	360	1.52e-194	540
Psyr_2398	iJN1463.PP_3817	81.8	384	68	1	1	384	1	382	6.52e-218	600
Psyr_2399	iJN1463.PP_3816	85.1	269	40	0	1	269	1	269	8.70e-155	431
Psyr_2400	iJN1463.PP_3815	83.3	288	45	2	32	318	20	305	3.11e-164	459
Psyr_2401	iJN1463.PP_3814	82.1	341	61	0	1	341	1	341	8.49e-209	574
Psyr_2402	iJN1463.PP_3813	85.1	370	54	1	1	369	1	370	3.42e-230	630
Psyr_2404	iCN718.ABAYE_RS13345	34.2	146	84	5	5	146	90	227	2.26e-12	63.2
Psyr_2404	iML1515.b1134	40.7	59	34	1	41	99	4	61	5.78e-11	57.8
Psyr_2404	iSbBS512_1146.SbBS512_E1312	40.7	59	34	1	41	99	4	61	5.78e-11	57.8
Psyr_2404	iSDY_1059.SDY_2018	40.7	59	34	1	41	99	4	61	5.78e-11	57.8
Psyr_2404	iSF_1195.SF1153	40.7	59	34	1	41	99	4	61	5.78e-11	57.8
Psyr_2404	iSSON_1240.SSON_1152	40.7	59	34	1	41	99	4	61	5.78e-11	57.8
Psyr_2404	STM_v1_0.STM1235	42.4	59	33	1	41	99	4	61	1.12e-10	57.0
Psyr_2406	iEK1008.Rv3567c	37.5	152	93	2	2	152	5	155	1.57e-35	121
Psyr_2407	iCN718.ABAYE_RS11785	54.6	489	217	3	6	493	5	489	3.50e-181	516
Psyr_2408	iYL1228.KPN_01542	32.8	244	157	6	21	263	12	249	7.32e-31	115
Psyr_2410	iJN1463.PP_0328	41.4	379	206	7	2	365	5	382	6.70e-92	281
Psyr_2411	iML1515.b3003	50.0	284	135	3	4	285	15	293	8.34e-91	271
Psyr_2413	iCN718.ABAYE_RS14730	43.7	467	263	0	6	472	13	479	2.03e-127	378
Psyr_2413	iYO844.BSU03910	44.4	455	250	1	22	473	5	459	2.15e-124	370
Psyr_2413	iJN1463.PP_0213	43.5	467	262	1	6	472	12	476	7.60e-124	369
Psyr_2413	iAF987.Gmet_3395	43.3	467	265	0	6	472	13	479	1.56e-121	363
Psyr_2413	iYL1228.KPN_00256	41.3	467	274	0	6	472	12	478	2.92e-121	362
Psyr_2413	STM_v1_0.STM2791	41.3	467	274	0	6	472	12	478	3.30e-120	360
Psyr_2413	iML1515.b2661	41.1	467	275	0	6	472	12	478	7.45e-119	356
Psyr_2413	iSSON_1240.SSON_2805	40.9	467	276	0	6	472	12	478	1.05e-118	356
Psyr_2413	iCN718.ABAYE_RS11770	41.5	465	272	0	6	470	12	476	8.27e-116	348
Psyr_2414	iJN1463.PP_3794	73.2	280	75	0	2	281	20	299	2.87e-145	410
Psyr_2414	iML1515.b2134	65.9	276	94	0	19	294	34	309	1.99e-129	370
Psyr_2414	iSDY_1059.SDY_2154	65.9	276	94	0	19	294	37	312	2.21e-129	370
Psyr_2414	iSF_1195.SF2219	65.9	276	94	0	19	294	34	309	1.99e-129	370
Psyr_2414	iSSON_1240.SSON_2191	65.9	276	94	0	19	294	37	312	2.21e-129	370
Psyr_2414	iPC815.YPO1176	66.3	276	93	0	7	282	26	301	2.06e-129	370
Psyr_2414	STM_v1_0.STM2168	67.4	267	87	0	19	285	34	300	3.35e-129	369
Psyr_2418	iJN1463.PP_3768	69.1	272	82	2	1	270	1	272	1.01e-126	360
Psyr_2421	iYL1228.KPN_01628	31.6	374	251	4	8	379	18	388	5.87e-43	154
Psyr_2421	STM_v1_0.STM1522	30.7	375	253	5	8	379	18	388	1.55e-40	147
Psyr_2427	iJN1463.PP_2448	88.3	427	50	0	1	427	1	427	4.97e-288	781
Psyr_2430	iPC815.YPO2167	46.0	50	22	1	8	52	8	57	4.51e-08	48.1
Psyr_2430	iSbBS512_1146.SbBS512_E1312	28.5	123	75	5	2	113	3	123	9.31e-08	47.8
Psyr_2430	iSSON_1240.SSON_1152	28.5	123	75	5	2	113	3	123	9.31e-08	47.8
Psyr_2430	STM_v1_0.STM1301	27.7	112	74	2	12	116	15	126	1.04e-07	47.4
Psyr_2430	iEK1008.Rv1160	37.0	92	51	3	18	103	23	113	1.52e-07	47.0
Psyr_2430	iML1515.b1134	27.6	123	76	5	2	113	3	123	3.48e-07	46.2
Psyr_2430	iYL1228.KPN_01211	35.9	64	36	1	8	66	13	76	2.81e-07	46.2
Psyr_2430	STM_v1_0.STM1235	30.6	85	53	2	22	100	28	112	3.48e-07	46.2
Psyr_2430	iSDY_1059.SDY_2018	27.6	123	76	5	2	113	3	123	3.48e-07	46.2
Psyr_2430	iSF_1195.SF1153	27.6	123	76	5	2	113	3	123	3.48e-07	46.2
Psyr_2430	iAF987.Gmet_0988	41.0	83	44	3	13	90	34	116	4.65e-07	45.8
Psyr_2430	iEK1008.Rv0413	34.5	87	49	2	25	103	65	151	1.18e-06	45.4
Psyr_2430	STM_v1_0.STM0137	56.8	37	16	0	28	64	36	72	4.90e-07	45.4
Psyr_2430	iAF987.Gmet_1790	31.4	118	70	3	8	116	29	144	1.82e-06	44.3
Psyr_2431	iML1515.b0325	67.5	348	110	3	18	363	1	347	6.76e-165	464
Psyr_2432	iAF987.Gmet_0957	35.9	512	312	8	463	968	122	623	9.06e-84	283
Psyr_2432	iAF987.Gmet_0700	40.4	421	232	6	545	955	397	808	3.92e-80	277
Psyr_2432	iAF987.Gmet_0782	38.3	436	258	5	529	958	288	718	9.12e-74	258
Psyr_2434	iLJ478.TM0296	32.0	303	192	7	3	302	4	295	5.10e-32	120
Psyr_2434	iCN900.CD630_18060	30.6	301	202	6	6	302	8	305	1.63e-30	117
Psyr_2434	iYL1228.KPN_00516	32.4	312	192	10	4	311	7	303	4.57e-28	110
Psyr_2435	iCN900.CD630_30650	32.8	491	304	10	3	479	5	483	1.96e-83	266
Psyr_2435	iHN637.CLJU_RS08965	32.2	494	311	10	2	486	3	481	1.60e-81	261
Psyr_2435	iLJ478.TM0116	32.5	489	315	8	1	486	3	479	2.49e-77	250
Psyr_2435	iYO844.BSU17610	33.6	491	303	10	3	486	5	479	2.62e-74	242
Psyr_2436	STM_v1_0.STM3136	40.0	490	285	7	5	488	2	488	2.12e-113	343
Psyr_2436	iSbBS512_1146.SbBS512_E4791	40.4	458	267	5	15	468	11	466	2.98e-112	340
Psyr_2436	iSSON_1240.SSON_4478	40.4	458	267	5	15	468	11	466	4.20e-112	340
Psyr_2436	iML1515.b4323	40.2	458	268	5	15	468	11	466	5.94e-112	339
Psyr_2436	iSF_1195.SF4197	40.2	458	268	5	15	468	11	466	2.36e-111	338
Psyr_2436	iYL1228.KPN_01587	39.3	488	284	7	11	492	6	487	3.05e-109	332
Psyr_2437	iPC815.YPO3712	53.2	357	166	1	1	356	1	357	1.16e-127	370
Psyr_2437	STM_v1_0.STM4230	52.9	357	167	1	1	356	1	357	8.17e-123	358
Psyr_2437	iYL1228.KPN_04424	52.7	357	168	1	1	356	1	357	1.88e-121	355
Psyr_2437	iML1515.b4035	52.1	359	169	2	1	356	1	359	1.63e-120	352
Psyr_2437	iSSON_1240.SSON_4213	52.1	359	169	2	1	356	1	359	1.63e-120	352
Psyr_2437	iML1515.b3450	53.2	357	159	5	1	355	1	351	5.65e-120	350
Psyr_2437	iSF_1195.SF4170	51.8	359	170	2	1	356	1	359	1.32e-119	350
Psyr_2437	iSbBS512_1146.SbBS512_E3873	52.9	357	160	5	1	355	1	351	9.19e-119	347
Psyr_2437	STM_v1_0.STM3554	51.4	356	167	4	1	355	1	351	2.78e-115	338
Psyr_2438	iCN900.CD630_34150	28.1	260	182	4	21	277	29	286	3.77e-28	108
Psyr_2438	iEK1008.Rv1237	30.3	261	160	7	29	277	23	273	6.05e-26	102
Psyr_2439	iEK1008.Rv2040c	30.2	268	178	6	20	282	5	268	3.85e-28	110
Psyr_2440	iCN900.CD630_34140	20.0	335	254	6	43	373	59	383	1.48e-08	56.2
Psyr_2442	iJN1463.PP_3763	54.4	250	111	2	1	250	1	247	5.56e-87	258
Psyr_2444	iAF987.Gmet_1914	32.9	82	53	1	8	89	4	83	2.11e-05	42.0
Psyr_2444	iAF987.Gmet_1919	30.3	109	69	2	7	110	4	110	2.00e-05	42.0
Psyr_2445	iAF987.Gmet_0043	25.2	425	253	7	485	901	32	399	5.22e-23	104
Psyr_2448	iAF987.Gmet_0043	28.4	236	155	6	165	392	37	266	4.00e-15	76.6
Psyr_2449	iAF987.Gmet_1919	30.6	124	68	5	26	139	5	120	9.33e-08	49.3
Psyr_2450	iAF987.Gmet_1919	29.1	117	82	1	559	675	4	119	3.10e-09	58.9
Psyr_2452	iCHOv1.100768055	47.9	263	135	2	3	263	50	312	8.55e-83	251
Psyr_2452	iMM1415.51798	48.5	264	133	3	3	263	53	316	1.10e-81	248
Psyr_2453	iJN1463.PP_4029	69.9	272	82	0	6	277	4	275	9.49e-144	404
Psyr_2455	iAF692.Mbar_A1138	25.4	264	163	8	14	276	4	234	2.43e-14	72.8
Psyr_2455	iSynCJ816.SGL_RS02995	26.8	272	172	9	14	283	13	259	2.99e-13	69.7
Psyr_2455	iCHOv1.100753544	32.0	122	83	0	40	161	26	147	5.86e-13	68.6
Psyr_2455	STM_v1_0.STM4425	27.3	154	104	3	15	166	6	153	1.38e-12	67.8
Psyr_2456	iAF987.Gmet_1601	37.8	246	146	3	9	252	3	243	1.67e-42	144
Psyr_2456	iEK1008.Rv1928c	37.1	256	154	4	1	253	1	252	4.21e-42	144
Psyr_2456	iCN718.ABAYE_RS09790	35.5	256	152	3	9	253	5	258	1.66e-39	137
Psyr_2456	iCN900.CD630_11820	34.1	252	158	4	6	254	1	247	1.22e-39	137
Psyr_2456	iLJ478.TM1724	35.0	246	157	2	9	254	3	245	3.45e-38	133
Psyr_2456	iJN1463.PP_2794	38.2	251	148	4	5	254	7	251	6.11e-38	133
Psyr_2456	iYO844.BSU32000	35.6	253	152	3	9	252	6	256	2.78e-37	131
Psyr_2457	iCHOv1.100763073	29.4	337	222	8	3	330	5	334	2.28e-48	173
Psyr_2457	iMM1415.102632	30.3	340	215	10	3	330	5	334	2.08e-47	171
Psyr_2457	iEK1008.Rv3761c	34.0	318	201	4	8	321	2	314	4.19e-48	165
Psyr_2458	iCHOv1.100757558	28.4	81	54	1	26	102	458	538	2.86e-04	38.1
Psyr_2458	iMM1415.20280	28.4	81	54	1	26	102	442	522	2.85e-04	38.1
Psyr_2458	iMM1415.15488	30.2	63	43	1	38	99	663	725	4.00e-04	37.7
Psyr_2460	iAF987.Gmet_1750	34.1	185	111	4	122	300	69	248	2.50e-15	75.1
Psyr_2462	iJN1463.PP_2371	89.1	552	58	1	1	552	1	550	0.0	1002
Psyr_2463	iML1515.b4227	21.3	277	195	7	24	295	25	283	4.09e-08	53.9
Psyr_2463	iSbBS512_1146.SbBS512_E4856	21.3	277	195	7	24	295	25	283	4.09e-08	53.9
Psyr_2463	iSSON_1240.SSON_4409	21.2	274	193	7	27	295	28	283	7.29e-08	53.1
Psyr_2463	iYL1228.KPN_04622	22.4	277	192	8	24	295	11	269	1.22e-07	52.4
Psyr_2463	iPC815.YPO3908	21.5	298	211	8	21	311	20	301	7.32e-07	50.1
Psyr_2463	iSF_1195.SF4263	24.6	138	101	1	161	295	67	204	1.13e-06	48.9
Psyr_2464	iJN1463.PP_2375	87.1	1238	156	1	1	1238	1	1234	0.0	2170
Psyr_2465	STM_v1_0.STM2232	25.1	350	210	14	3	324	8	333	3.26e-08	54.7
Psyr_2465	iYS854.USA300HOU_RS13930	24.3	366	208	16	4	322	20	363	4.18e-07	51.2
Psyr_2466	iLB1027_lipid.PHATRDRAFT_16693	36.4	77	47	2	107	183	121	195	2.43e-09	54.3
Psyr_2467	iJN1463.PP_4067	76.7	648	151	0	1	648	1	648	0.0	965
Psyr_2468	iJN1463.PP_4066	77.8	266	59	0	6	271	4	269	6.87e-146	410
Psyr_2469	iJN1463.PP_4065	87.9	535	65	0	1	535	1	535	0.0	950
Psyr_2470	iJN1463.PP_4064	91.7	387	32	0	1	387	1	387	2.53e-263	716
Psyr_2471	iJN1463.PP_3540	80.0	295	59	0	1	295	1	295	2.17e-167	466
Psyr_2474	iJN1463.PP_2437	90.2	407	40	0	1	407	6	412	4.14e-279	758
Psyr_2475	iAF692.Mbar_A1778	34.4	224	141	3	88	311	81	298	7.91e-29	114
Psyr_2482	iML1515.b0463	31.6	339	222	3	87	415	58	396	4.49e-39	144
Psyr_2482	iSSON_1240.SSON_0450	31.3	339	223	3	87	415	58	396	1.20e-38	143
Psyr_2482	iSDY_1059.SDY_0456	31.6	339	222	3	87	415	58	396	1.66e-38	143
Psyr_2482	iSF_1195.SF0408	31.3	339	223	3	87	415	58	396	2.30e-38	142
Psyr_2482	iJN1463.PP_3425	28.5	330	232	2	69	395	38	366	1.44e-35	135
Psyr_2482	iPC815.YPO3132	30.1	319	214	3	87	397	59	376	2.80e-35	134
Psyr_2483	iJN1463.PP_3426	30.8	1060	686	17	1	1024	1	1048	1.02e-128	417
Psyr_2483	iJN1463.PP_1385	30.0	1064	686	23	3	1029	1	1042	4.35e-114	377
Psyr_2484	iML1515.b0462	29.6	1043	697	16	7	1021	5	1038	1.07e-111	370
Psyr_2484	iJN1463.PP_3426	28.7	1056	702	14	1	1018	1	1043	8.57e-109	363
Psyr_2484	iJN1463.PP_1385	30.3	1038	681	18	7	1015	5	1029	3.69e-108	361
Psyr_2484	iML1515.b3266	28.4	1036	704	16	7	1014	5	1030	1.10e-101	343
Psyr_2484	iYL1228.KPN_03673	27.8	1033	713	15	7	1014	5	1029	2.16e-101	342
Psyr_2484	iSF_1195.SF2512	28.1	1032	710	17	7	1014	5	1028	7.97e-101	340
Psyr_2484	STM_v1_0.STM3391	28.3	1041	710	17	7	1020	5	1036	1.10e-100	340
Psyr_2484	iML1515.b2470	28.1	1032	710	17	7	1014	5	1028	1.52e-100	340
Psyr_2484	iSDY_1059.SDY_2654	28.4	1032	707	17	7	1014	5	1028	2.09e-100	339
Psyr_2484	iSSON_1240.SSON_2550	28.1	1032	710	17	7	1014	5	1028	2.88e-100	339
Psyr_2485	iYL1228.KPN_04739	27.6	474	331	4	8	477	30	495	1.31e-46	168
Psyr_2485	iJN1463.PP_1384	27.7	469	330	6	19	482	7	471	5.29e-46	166
Psyr_2485	iSF_1195.SF0473	26.5	465	324	6	20	478	7	459	8.89e-45	162
Psyr_2485	iSSON_1240.SSON_0523	26.2	465	325	6	20	478	7	459	6.26e-44	160
Psyr_2485	iML1515.b0572	26.3	463	323	6	20	476	7	457	8.21e-44	160
Psyr_2485	iJN1463.PP_3427	27.2	470	334	5	14	481	3	466	3.54e-41	153
Psyr_2486	iJN1463.PP_3581	70.0	686	206	0	1	686	1	686	0.0	926
Psyr_2487	iCN900.CD630_11820	36.3	245	150	4	3	247	7	245	2.16e-38	134
Psyr_2487	iHN637.CLJU_RS20765	34.1	246	156	4	2	247	6	245	2.52e-36	128
Psyr_2487	iSynCJ816.SGL_RS07245	37.1	251	138	7	3	247	7	243	9.61e-36	127
Psyr_2487	iIT341.HP0561	34.1	249	150	5	3	247	6	244	1.04e-34	124
Psyr_2487	iYS854.USA300HOU_RS06185	32.4	247	161	4	1	247	1	241	7.49e-34	122
Psyr_2489	iJN1463.PP_4060	71.5	662	186	2	11	671	1	660	0.0	1000
Psyr_2490	iJN1463.PP_4059	74.1	1102	280	2	1	1100	1	1099	0.0	1638
Psyr_2491	iJN1463.PP_4058	73.8	721	188	1	19	738	15	735	0.0	1163
Psyr_2493	iJN1463.PP_4492	54.1	364	167	0	14	377	1	364	1.35e-131	383
Psyr_2494	iPC815.YPO1149	29.0	345	220	7	26	369	6	326	6.69e-42	149
Psyr_2494	iYL1228.KPN_00781	28.1	345	223	7	26	369	30	350	3.17e-37	137
Psyr_2495	iCN900.CD630_04310	21.6	569	301	23	2	523	7	477	4.58e-17	83.6
Psyr_2495	STM_v1_0.STM1226	27.6	232	140	7	311	517	3	231	1.85e-16	80.9
Psyr_2495	iLJ478.TM0124	34.9	186	103	5	334	507	18	197	1.09e-16	79.3
Psyr_2495	iCN900.CD630_14890	28.0	261	162	8	1	256	1	240	4.68e-16	79.0
Psyr_2495	iSynCJ816.SGL_RS14425	28.8	208	134	4	319	512	50	257	7.23e-16	77.8
Psyr_2495	iYS854.USA300HOU_RS08305	27.6	221	124	9	329	521	20	232	7.00e-16	77.4
Psyr_2495	iML1515.b1917	28.1	228	125	6	319	513	3	224	1.45e-15	76.3
Psyr_2495	iJN1463.PP_3802	30.3	198	123	6	331	513	25	222	1.90e-15	75.9
Psyr_2495	iYO844.BSU23960	24.5	253	168	6	1	250	1	233	2.26e-15	75.5
Psyr_2495	iAF692.Mbar_A2262	30.7	238	112	9	12	230	16	219	3.53e-15	75.5
Psyr_2499	iLB1027_lipid.PHATRDRAFT_36390	27.6	156	84	4	34	170	34	179	2.44e-09	55.1
Psyr_2503	iCN718.ABAYE_RS11415	30.1	239	162	2	31	268	43	277	2.37e-27	107
Psyr_2504	iSbBS512_1146.SbBS512_E2538	40.1	217	128	1	4	218	2	218	1.48e-45	150
Psyr_2504	iML1515.b0810	39.6	217	129	1	4	218	2	218	2.09e-45	150
Psyr_2504	iSDY_1059.SDY_0786	39.6	217	129	1	4	218	2	218	2.09e-45	150
Psyr_2504	iSF_1195.SF0761	39.6	217	129	1	4	218	2	218	2.09e-45	150
Psyr_2504	iSSON_1240.SSON_0790	39.6	217	129	1	4	218	2	218	2.09e-45	150
Psyr_2504	STM_v1_0.STM0829	38.7	217	131	1	4	218	2	218	2.65e-43	144
Psyr_2504	iYL1228.KPN_00839	37.8	217	133	1	4	218	2	218	5.28e-43	144
Psyr_2504	iCN900.CD630_07510	35.6	222	136	2	4	218	2	223	1.97e-41	140
Psyr_2505	iNF517.LLMG_RS09715	34.7	219	133	3	6	217	498	713	7.68e-32	121
Psyr_2505	iML1515.b0810	34.0	209	136	1	11	217	8	216	1.38e-33	119
Psyr_2505	iSDY_1059.SDY_0786	34.0	209	136	1	11	217	8	216	1.38e-33	119
Psyr_2505	iSF_1195.SF0761	34.0	209	136	1	11	217	8	216	1.38e-33	119
Psyr_2505	iSSON_1240.SSON_0790	34.0	209	136	1	11	217	8	216	1.38e-33	119
Psyr_2505	iSbBS512_1146.SbBS512_E2538	33.5	209	137	1	11	217	8	216	1.95e-33	119
Psyr_2505	STM_v1_0.STM0829	33.5	209	137	1	11	217	8	216	2.74e-33	119
Psyr_2505	iYL1228.KPN_00839	32.5	209	139	1	11	217	8	216	1.52e-32	117
Psyr_2505	iPC815.YPO2513	32.7	208	139	1	11	217	8	215	4.53e-31	113
Psyr_2506	iNF517.LLMG_RS09915	53.4	249	106	1	11	259	5	243	3.76e-86	256
Psyr_2506	iSDY_1059.SDY_0787	51.8	249	110	2	11	259	1	239	2.50e-83	249
Psyr_2506	iSSON_1240.SSON_0789	51.8	249	110	2	11	259	1	239	3.55e-83	248
Psyr_2506	iML1515.b0809	51.8	249	110	2	11	259	1	239	5.03e-83	248
Psyr_2506	iSbBS512_1146.SbBS512_E2539	51.8	249	110	2	11	259	1	239	5.03e-83	248
Psyr_2506	STM_v1_0.STM0828	51.4	249	111	2	11	259	1	239	7.12e-83	248
Psyr_2506	iYS854.USA300HOU_RS13040	53.8	249	106	2	11	259	1	240	7.86e-83	248
Psyr_2506	iSynCJ816.SGL_RS08035	51.0	255	118	1	6	260	3	250	1.49e-82	247
Psyr_2506	iSF_1195.SF0760	51.8	249	110	2	11	259	1	239	2.03e-82	246
Psyr_2506	iCN900.CD630_07520	51.4	249	111	2	11	259	1	239	1.65e-81	244
Psyr_2506	iYO844.BSU03590	50.6	249	117	2	11	259	1	243	2.38e-80	241
Psyr_2506	iJN1463.PP_0283	50.4	250	123	1	12	260	8	257	4.65e-80	241
Psyr_2506	iPC815.YPO2514	50.6	249	113	2	11	259	1	239	5.39e-80	240
Psyr_2506	iYL1228.KPN_00838	50.2	249	114	2	11	259	1	239	1.53e-79	239
Psyr_2506	iCN900.CD630_21720	50.4	250	117	2	11	260	1	243	8.28e-79	238
Psyr_2506	iYO844.BSU23960	51.0	249	112	1	11	259	1	239	1.24e-78	237
Psyr_2506	iJN1463.PP_4483	50.0	246	122	1	12	256	4	249	1.95e-78	237
Psyr_2506	iJN1463.PP_3597	48.4	254	121	1	6	259	15	258	2.71e-77	234
Psyr_2506	iYL1228.KPN_02696	51.2	248	119	2	12	257	6	253	4.95e-77	233
Psyr_2506	iNF517.LLMG_RS09720	49.2	248	116	2	12	259	7	244	7.21e-77	233
Psyr_2506	iJN1463.PP_0225	50.4	248	117	2	11	257	1	243	8.47e-77	233
Psyr_2506	iCN718.ABAYE_RS06340	51.2	250	118	3	10	256	5	253	1.45e-76	232
Psyr_2510	iSF_1195.SF3557	51.0	306	145	4	5	306	77	381	1.04e-94	285
Psyr_2510	iSbBS512_1146.SbBS512_E3932	51.0	306	145	4	5	306	4	308	1.46e-95	284
Psyr_2510	iML1515.b3526	51.0	306	145	4	5	306	4	308	4.14e-95	283
Psyr_2510	STM_v1_0.STM3612	51.0	306	145	4	5	306	4	308	8.32e-95	282
Psyr_2510	iPC815.YPO3990	50.8	313	146	5	1	306	1	312	2.78e-94	281
Psyr_2510	iSSON_1240.SSON_3865	50.7	306	146	4	5	306	77	381	6.68e-93	280
Psyr_2510	iYL1228.KPN_03876	49.3	306	150	4	5	306	4	308	5.02e-91	273
Psyr_2513	iJN1463.PP_0873	59.1	352	144	0	6	357	6	357	1.87e-158	448
Psyr_2514	iYO844.BSU08830	46.9	239	112	4	8	232	5	242	4.52e-63	197
Psyr_2514	iJN1463.PP_3637	46.3	244	115	4	7	234	10	253	6.52e-56	179
Psyr_2515	iYO844.BSU08850	40.8	272	156	3	7	277	9	276	3.07e-64	202
Psyr_2515	iPC815.YPO3626	40.1	257	153	1	26	281	7	263	2.54e-60	192
Psyr_2515	iYL1228.KPN_00970	40.7	243	143	1	37	278	17	259	3.81e-59	189
Psyr_2515	iCN718.ABAYE_RS19055	40.9	237	139	1	36	271	23	259	7.21e-57	183
Psyr_2515	iJN1463.PP_0239	38.5	247	151	1	37	282	18	264	1.44e-56	182
Psyr_2516	iJN1463.PP_0237	34.2	281	180	4	44	320	31	310	2.96e-39	140
Psyr_2516	iML1515.b0936	33.1	302	191	4	28	322	13	310	3.09e-37	135
Psyr_2516	iSSON_1240.SSON_0939	32.2	298	199	3	28	322	27	324	5.82e-37	135
Psyr_2516	iSF_1195.SF0935	32.8	302	192	4	28	322	27	324	1.13e-36	134
Psyr_2516	iSDY_1059.SDY_2320	31.8	296	191	4	28	316	13	304	2.90e-36	133
Psyr_2516	iSbBS512_1146.SbBS512_E2382	32.5	302	193	4	28	322	27	324	8.37e-36	132
Psyr_2516	iPC815.YPO3624	30.3	307	208	4	18	318	15	321	2.54e-34	129
Psyr_2516	iYL1228.KPN_00972	30.5	318	208	5	25	331	5	320	3.46e-34	127
Psyr_2519	iYO844.BSU09530	35.2	307	193	4	6	309	6	309	5.19e-48	164
Psyr_2519	iYO844.BSU39780	32.6	313	204	5	1	310	1	309	2.35e-47	161
Psyr_2525	iJN1463.PP_2955	51.3	306	146	1	1	306	1	303	3.46e-103	303
Psyr_2526	iAF987.Gmet_3193	21.8	239	167	7	263	493	57	283	4.50e-04	42.4
Psyr_2528	iAF692.Mbar_A0408	30.6	147	82	5	46	183	18	153	6.02e-07	49.3
Psyr_2529	iAF987.Gmet_1770	34.4	64	40	2	9	72	1	62	6.23e-05	44.7
Psyr_2529	iAF987.Gmet_2201	33.3	63	42	0	9	71	20	82	5.11e-04	42.0
Psyr_2529	STM_v1_0.STM0787	34.2	73	43	2	6	73	6	78	4.35e-04	42.0
Psyr_2529	iYL1228.KPN_00792	35.9	78	43	3	1	73	1	76	5.75e-04	41.6
Psyr_2530	iJN1463.PP_2703	43.2	405	214	5	16	413	24	419	4.69e-93	287
Psyr_2530	iJN1463.PP_3666	37.8	434	261	2	2	427	9	441	7.05e-89	276
Psyr_2530	iCN718.ABAYE_RS07070	34.7	435	263	9	14	436	22	447	7.28e-82	260
Psyr_2533	iYO844.BSU28680	27.0	512	286	16	48	550	37	469	3.21e-37	146
Psyr_2533	iAF987.Gmet_3245	26.0	527	308	12	16	534	4	456	1.86e-34	137
Psyr_2535	iAF987.Gmet_0069	41.4	162	90	4	194	350	145	306	5.85e-29	113
Psyr_2535	iAF987.Gmet_2425	40.4	161	92	3	189	346	185	344	7.60e-27	108
Psyr_2535	iML1515.b1025	38.6	166	93	2	189	348	280	442	5.47e-25	104
Psyr_2535	iAF987.Gmet_2721	38.3	162	95	3	194	350	506	667	3.01e-24	103
Psyr_2535	iSDY_1059.SDY_1050	37.2	215	121	6	149	349	341	555	2.39e-24	103
Psyr_2538	iYL1228.KPN_03898	35.7	339	195	5	1	319	1	336	1.03e-62	202
Psyr_2538	iJN1463.PP_0881	36.6	333	197	3	1	319	1	333	5.30e-62	200
Psyr_2538	STM_v1_0.STM3629	35.4	339	196	5	1	319	1	336	1.62e-61	199
Psyr_2538	iSF_1195.SF3578	35.0	337	200	4	1	319	1	336	6.38e-61	197
Psyr_2538	iML1515.b3543	35.0	337	200	4	1	319	1	336	1.27e-60	196
Psyr_2538	iSDY_1059.SDY_4566	35.0	337	200	4	1	319	1	336	1.27e-60	196
Psyr_2538	iSSON_1240.SSON_3847	35.0	337	200	4	1	319	1	336	1.27e-60	196
Psyr_2539	iSSON_1240.SSON_1639	38.8	276	154	4	30	303	30	292	1.72e-54	179
Psyr_2539	iML1515.b1485	38.4	276	155	4	30	303	30	292	1.90e-53	176
Psyr_2539	iJN1463.PP_0880	36.2	304	188	4	2	305	8	305	2.75e-52	173
Psyr_2539	iSbBS512_1146.SbBS512_E1748	38.4	276	151	5	30	303	30	288	5.28e-52	172
Psyr_2539	iYO844.BSU12940	33.2	295	183	3	12	306	40	320	4.94e-49	165
Psyr_2539	iSDY_1059.SDY_4565	35.1	305	187	4	2	306	7	300	3.22e-48	162
Psyr_2540	iYO844.BSU12950	51.1	311	145	2	18	327	5	309	1.05e-96	289
Psyr_2540	iSbBS512_1146.SbBS512_E1415	46.2	333	176	2	1	331	1	332	9.06e-96	287
Psyr_2540	iSF_1195.SF1247	46.2	333	176	2	1	331	1	332	1.82e-95	286
Psyr_2540	iSSON_1240.SSON_1934	46.2	333	176	2	1	331	1	332	1.82e-95	286
Psyr_2540	iML1515.b1246	46.2	333	176	2	1	331	1	332	3.64e-95	285
Psyr_2540	iSDY_1059.SDY_1304	45.9	333	177	2	1	331	1	332	7.30e-95	285
Psyr_2540	STM_v1_0.STM1743	45.0	331	181	1	1	331	1	330	1.78e-92	278
Psyr_2540	iYL1228.KPN_02194	46.2	314	168	1	18	331	20	332	1.08e-91	276
Psyr_2540	iLJ478.TM1749	48.0	300	156	0	18	317	5	304	3.72e-89	270
Psyr_2540	iPC815.YPO4000	45.5	314	171	0	18	331	4	317	2.25e-88	268
Psyr_2540	iJN1463.PP_0879	46.5	314	167	1	18	331	4	316	2.80e-88	267
Psyr_2540	STM_v1_0.STM3627	45.4	315	171	1	18	331	4	318	3.73e-87	265
Psyr_2540	iYL1228.KPN_03896	45.1	315	172	1	18	331	4	318	1.20e-85	261
Psyr_2541	iLJ478.TM1063	50.5	303	137	6	45	335	30	331	6.67e-94	282
Psyr_2541	iLJ478.TM0057	50.0	298	139	5	45	333	29	325	1.72e-93	281
Psyr_2541	iLJ478.TM1750	46.0	309	165	1	27	333	14	322	4.05e-92	277
Psyr_2541	iJN1463.PP_0878	48.3	296	151	2	42	336	26	320	2.46e-89	270
Psyr_2541	iSDY_1059.SDY_1305	47.7	298	151	3	38	331	32	328	3.28e-87	265
Psyr_2541	iML1515.b1247	47.7	298	151	3	38	331	32	328	4.64e-87	265
Psyr_2541	STM_v1_0.STM1742	47.0	298	153	3	38	331	32	328	6.57e-87	264
Psyr_2541	iSbBS512_1146.SbBS512_E1416	47.7	298	151	3	38	331	32	328	6.57e-87	264
Psyr_2541	iSF_1195.SF1248	47.7	298	151	3	38	331	32	328	6.57e-87	264
Psyr_2541	iYL1228.KPN_02193	47.3	298	152	4	38	331	32	328	1.86e-86	263
Psyr_2541	iSSON_1240.SSON_1933	47.0	298	153	3	38	331	32	328	1.49e-85	261
Psyr_2541	iSF_1195.SF3575	44.3	323	166	4	26	336	8	328	3.83e-83	254
Psyr_2541	iSSON_1240.SSON_3850	44.2	321	165	4	28	336	10	328	5.42e-83	254
Psyr_2542	STM_v1_0.STM3630	28.2	475	287	15	64	507	73	524	5.55e-50	179
Psyr_2542	iYL1228.KPN_03899	27.8	475	289	15	64	507	64	515	6.37e-49	176
Psyr_2542	iML1515.b3544	27.4	475	291	14	64	507	73	524	9.88e-48	173
Psyr_2542	iSSON_1240.SSON_3846	27.4	475	291	14	64	507	73	524	9.88e-48	173
Psyr_2542	iSDY_1059.SDY_4567	27.2	475	292	14	64	507	73	524	1.88e-47	172
Psyr_2542	iSF_1195.SF3579	27.2	475	292	14	64	507	73	524	1.88e-47	172
Psyr_2542	iPC815.YPO4003	26.1	475	291	14	67	507	76	524	1.17e-44	164
Psyr_2545	iEK1008.Rv0805	30.9	217	142	3	2	214	15	227	9.85e-25	100
Psyr_2546	iML1515.b0543	33.7	104	69	0	14	117	4	107	1.45e-13	61.6
Psyr_2547	iAF692.Mbar_A2177	30.0	363	224	14	42	387	33	382	1.36e-29	117
Psyr_2547	iLJ478.TM1873	29.0	338	221	8	65	393	41	368	3.45e-29	116
Psyr_2547	iJN1463.PP_0864	29.0	372	232	15	35	387	21	379	8.83e-29	115
Psyr_2547	iMM904.YKL184W	27.8	352	211	11	67	387	113	452	8.07e-26	108
Psyr_2551	iAF692.Mbar_A0871	35.3	365	213	11	48	404	49	398	7.60e-52	178
Psyr_2551	iYO844.BSU11220	32.8	375	226	11	47	410	18	377	4.42e-47	165
Psyr_2551	iYL1228.KPN_00255	33.8	400	227	10	47	413	30	424	1.54e-45	162
Psyr_2556	iPC815.YPO1525	30.4	194	110	7	1	170	1	193	3.57e-09	54.3
Psyr_2557	iYO844.BSU18830	29.7	209	120	3	89	270	107	315	1.28e-16	83.6
Psyr_2557	iAF692.Mbar_A3264	30.7	202	113	3	96	270	113	314	1.72e-16	83.2
Psyr_2563	iCHOv1.100771604	33.3	249	157	4	6	248	14	259	1.09e-38	135
Psyr_2565	iNF517.LLMG_RS01350	34.2	190	108	4	25	213	18	191	7.19e-26	99.0
Psyr_2565	iML1515.b1199	31.9	188	127	1	24	210	18	205	4.27e-25	97.4
Psyr_2565	iSbBS512_1146.SbBS512_E1358	31.9	188	127	1	24	210	18	205	4.27e-25	97.4
Psyr_2565	iSF_1195.SF1202	33.0	182	121	1	30	210	24	205	5.98e-25	97.1
Psyr_2565	iYL1228.KPN_03496	31.4	188	128	1	24	210	18	205	2.31e-24	95.5
Psyr_2566	iSbBS512_1146.SbBS512_E1359	35.7	347	198	2	1	323	1	346	7.38e-67	214
Psyr_2566	iML1515.b1200	35.7	347	198	2	1	323	1	346	7.27e-67	213
Psyr_2566	iSF_1195.SF1203	35.7	347	198	2	1	323	11	356	3.79e-66	212
Psyr_2566	iYL1228.KPN_03495	35.2	347	200	2	1	323	1	346	5.72e-66	211
Psyr_2566	iYS854.USA300HOU_RS03515	37.1	310	186	5	1	310	2	302	4.36e-66	210
Psyr_2567	iJN1463.PP_0552	31.3	358	233	9	20	371	9	359	1.66e-52	177
Psyr_2567	iYO844.BSU06150	30.9	366	232	9	12	371	1	351	7.74e-51	173
Psyr_2567	iHN637.CLJU_RS11425	30.4	359	236	8	20	371	1	352	1.28e-49	170
Psyr_2568	iML1515.b2842	35.9	248	152	5	7	248	4	250	4.07e-44	149
Psyr_2568	iCN900.CD630_11820	36.3	248	151	3	10	251	3	249	2.49e-41	141
Psyr_2568	iCHOv1.100769825	38.3	243	139	5	11	248	5	241	3.08e-41	141
Psyr_2568	iLJ478.TM1724	38.6	246	143	4	11	250	3	246	9.09e-41	140
Psyr_2568	iEK1008.Rv1928c	39.0	249	142	6	9	249	7	253	8.97e-40	137
Psyr_2568	iYO844.BSU22140	36.0	250	154	4	4	248	3	251	1.35e-38	134
Psyr_2569	iPC815.YPO3908	28.7	258	175	5	31	281	26	281	6.54e-28	110
Psyr_2569	iML1515.b4227	29.8	265	174	7	10	267	8	267	8.55e-26	104
Psyr_2569	iNF517.LLMG_RS04070	34.4	212	130	6	57	266	75	279	1.30e-25	104
Psyr_2569	iSbBS512_1146.SbBS512_E4856	29.9	268	176	7	7	267	5	267	1.18e-25	104
Psyr_2569	iSSON_1240.SSON_4409	30.8	214	141	5	61	267	54	267	1.63e-25	103
Psyr_2569	iYL1228.KPN_04622	33.0	224	141	6	51	267	32	253	4.71e-25	102
Psyr_2570	iYL1228.KPN_04155	50.9	293	136	3	32	318	27	317	1.71e-83	254
Psyr_2570	STM_v1_0.STM3883	50.5	303	141	4	22	318	18	317	1.71e-83	254
Psyr_2570	iML1515.b3750	50.9	293	136	3	32	318	27	317	6.84e-83	253
Psyr_2570	iNF517.LLMG_RS04065	45.9	296	158	1	32	325	18	313	1.72e-81	249
Psyr_2570	iPC815.YPO2499	46.8	293	156	0	31	323	38	330	4.10e-81	249
Psyr_2570	iLJ478.TM0955	48.0	302	144	2	30	318	22	323	2.39e-80	247
Psyr_2570	iHN637.CLJU_RS00625	45.9	303	163	1	22	324	19	320	4.24e-79	243
Psyr_2570	iYO844.BSU35950	46.1	304	160	2	22	323	19	320	3.72e-77	238
Psyr_2570	iCN900.CD630_03020	45.9	303	153	3	26	324	32	327	7.11e-77	238
Psyr_2570	iCN900.CD630_15880	41.8	306	178	0	19	324	7	312	4.38e-77	238
Psyr_2571	iHN637.CLJU_RS00620	40.9	491	287	3	6	494	5	494	2.88e-125	374
Psyr_2571	iYL1228.KPN_04154	40.6	490	288	3	6	494	4	491	7.07e-115	347
Psyr_2571	iNF517.LLMG_RS04060	38.9	488	296	2	7	494	3	488	7.60e-115	347
Psyr_2571	iML1515.b2149	39.1	494	294	5	6	495	13	503	2.32e-114	346
Psyr_2571	iSF_1195.SF2234	39.1	494	294	5	6	495	13	503	2.32e-114	346
Psyr_2571	iSSON_1240.SSON_2205	39.1	494	294	5	6	495	13	503	2.32e-114	346
Psyr_2571	iLJ478.TM0956	40.2	502	289	4	3	494	9	509	1.53e-113	345
Psyr_2571	iYL1228.KPN_02587	39.1	489	291	5	11	495	3	488	1.17e-113	344
Psyr_2571	iPC815.YPO1508	37.9	494	300	5	6	495	13	503	2.60e-113	343
Psyr_2571	iPC815.YPO3964	37.9	494	306	1	1	494	1	493	2.68e-113	343
Psyr_2571	STM_v1_0.STM2189	38.9	494	295	5	6	495	13	503	3.67e-113	343
Psyr_2571	iML1515.b3749	40.7	494	282	4	6	494	4	491	8.89e-113	342
Psyr_2571	iYO844.BSU35940	39.3	489	294	2	7	494	3	489	2.78e-112	340
Psyr_2571	STM_v1_0.STM3882	40.7	494	282	4	6	494	4	491	7.05e-112	340
Psyr_2572	iPC815.YPO3353	53.7	147	67	1	7	152	4	150	3.97e-49	154
Psyr_2572	iYL1228.KPN_01125	52.4	143	67	1	7	148	4	146	8.94e-46	146
Psyr_2573	iHN637.CLJU_RS11915	29.7	317	212	6	20	330	10	321	7.67e-28	110
Psyr_2574	iJN1463.PP_1444	42.3	809	423	14	4	790	15	801	1.90e-212	619
Psyr_2574	iYL1228.KPN_00132	40.4	798	441	15	6	790	4	779	5.01e-190	561
Psyr_2576	iJN1463.PP_4219	32.1	3284	1946	85	10	3157	46	3195	0.0	1279
Psyr_2577	iJN1463.PP_4219	36.2	3326	1904	88	2266	5467	81	3316	0.0	1605
Psyr_2579	iJN1463.PP_5120	50.5	477	233	3	1	476	1	475	6.30e-157	453
Psyr_2582	iJN1463.PP_2590	41.3	673	376	9	139	802	109	771	7.23e-164	493
Psyr_2583	iCN718.ABAYE_RS05585	71.6	443	126	0	15	457	13	455	4.04e-233	645
Psyr_2584	iYS854.USA300HOU_RS00625	24.5	507	347	15	84	570	58	548	5.03e-30	124
Psyr_2585	iYS854.USA300HOU_RS00640	38.3	389	230	6	8	389	3	388	2.33e-90	278
Psyr_2586	iYO844.BSU03070	26.1	402	294	3	9	409	13	412	1.68e-33	132
Psyr_2587	iYS854.USA300HOU_RS00630	40.7	582	332	10	34	613	32	602	5.18e-138	415
Psyr_2588	iYS854.USA300HOU_RS00635	46.2	251	135	0	7	257	5	255	4.86e-74	226
Psyr_2589	iYS854.USA300HOU_RS00615	29.7	620	381	12	7	620	10	580	1.51e-80	265
Psyr_2590	iYS854.USA300HOU_RS00600	38.7	269	154	6	32	291	53	319	4.21e-52	173
Psyr_2591	iYO844.BSU08450	49.5	289	129	3	48	327	52	332	2.00e-83	255
Psyr_2591	iSynCJ816.SGL_RS01930	44.0	316	172	4	9	323	28	339	3.94e-80	247
Psyr_2592	iSynCJ816.SGL_RS01935	43.2	340	189	3	7	343	10	348	3.80e-77	240
Psyr_2593	iSynCJ816.SGL_RS01940	61.8	259	99	0	3	261	9	267	5.25e-114	328
Psyr_2595	iJN1463.PP_2514	31.3	147	92	2	40	182	48	189	3.78e-13	65.9
Psyr_2596	iAF987.Gmet_3085	24.8	226	139	8	49	257	98	309	2.56e-06	49.7
Psyr_2597	iAF987.Gmet_0700	37.9	425	253	5	103	517	394	817	1.14e-73	249
Psyr_2597	iJN1463.PP_1144	36.6	454	271	9	95	533	281	732	5.55e-74	249
Psyr_2597	iJN1463.PP_0914	36.0	436	262	6	95	517	251	682	1.92e-72	243
Psyr_2597	iJN1463.PP_3581	35.8	439	271	5	94	523	254	690	3.92e-71	240
Psyr_2597	iAF987.Gmet_0987	34.5	429	270	6	103	521	360	787	7.08e-69	236
Psyr_2597	iAF987.Gmet_3085	34.9	444	270	8	91	518	444	884	5.39e-68	235
Psyr_2597	iAF987.Gmet_0782	35.6	427	264	5	101	517	299	724	4.09e-68	233
Psyr_2600	iAT_PLT_636.284273	33.8	68	45	0	18	85	45	112	3.30e-05	41.2
Psyr_2600	iJN1463.PP_0072	34.9	86	54	2	13	97	5	89	4.36e-05	40.8
Psyr_2600	iCHOv1.100767445	34.7	49	32	0	51	99	86	134	2.87e-04	38.5
Psyr_2603	iJN1463.PP_4209	38.8	340	198	2	52	381	46	385	1.45e-57	192
Psyr_2606	iJN1463.PP_1384	67.7	470	150	2	7	474	1	470	6.19e-211	591
Psyr_2608	iJN1463.PP_4219	38.5	3276	1853	59	4357	7558	15	3195	0.0	1854
Psyr_2608	iJN1463.PP_4243	31.8	4386	2311	88	4839	8648	5	4291	0.0	1685
Psyr_2609	iYL1228.KPN_01542	21.7	253	175	7	149	395	14	249	8.66e-05	43.5
Psyr_2611	iJN1463.PP_4219	36.8	576	332	12	23	581	1560	2120	5.45e-92	311
Psyr_2611	iYL1228.KPN_00605	35.8	601	355	12	19	603	460	1045	1.51e-85	290
Psyr_2611	iJN1463.PP_4243	35.8	575	346	11	20	581	2176	2740	3.95e-83	285
Psyr_2611	iEK1008.Rv2380c	33.9	596	353	12	23	606	441	1007	6.33e-82	281
Psyr_2612	iJN1463.PP_4222	41.4	309	180	1	35	342	12	320	1.68e-81	251
Psyr_2613	iJN1463.PP_4216	33.8	556	348	6	12	560	7	549	4.89e-97	305
Psyr_2614	iJN1463.PP_4219	35.5	3219	1883	78	2248	5363	67	3194	0.0	1579
Psyr_2615	iJN1463.PP_4219	34.7	3275	1886	94	1213	4377	67	3198	0.0	1411
Psyr_2616	iJN1463.PP_4219	38.5	3406	1909	69	9764	13087	15	3316	0.0	1949
Psyr_2617	iJN1463.PP_4209	46.4	360	184	1	29	379	31	390	8.65e-67	216
Psyr_2618	iJN1463.PP_4210	45.8	662	342	8	1	653	1	654	1.58e-165	488
Psyr_2619	iJN1463.PP_4223	49.1	430	209	3	4	425	14	441	1.23e-149	432
Psyr_2619	iCN718.ABAYE_RS05585	47.6	433	217	5	4	429	18	447	5.44e-134	393
Psyr_2620	iJN1463.PP_3427	30.0	474	307	7	1	460	1	463	6.84e-39	146
Psyr_2621	iAF987.Gmet_1548	26.7	176	126	2	185	357	241	416	3.56e-11	63.9
Psyr_2622	iML1515.b2470	28.3	1044	664	26	11	995	9	1026	6.15e-89	307
Psyr_2622	iSDY_1059.SDY_2654	28.1	1036	676	24	11	995	9	1026	1.16e-88	306
Psyr_2622	iSSON_1240.SSON_2550	28.1	1042	668	26	11	995	9	1026	1.16e-88	306
Psyr_2622	iSF_1195.SF2512	28.3	1044	664	26	11	995	9	1026	2.98e-88	305
Psyr_2622	iJN1463.PP_3426	28.1	1054	676	29	1	992	1	1034	5.14e-82	288
Psyr_2622	iAF987.Gmet_3509	25.6	1032	722	19	2	996	4	1026	1.16e-80	283
Psyr_2628	iJN1463.PP_2774	37.6	186	109	3	20	203	55	235	2.29e-28	112
Psyr_2628	iEK1008.Rv0073	36.8	209	123	5	2	207	4	206	9.51e-27	104
Psyr_2628	iYO844.BSU30420	32.6	181	115	3	25	203	30	205	5.59e-27	103
Psyr_2628	iJN1463.PP_0958	34.3	207	120	6	2	203	9	204	4.72e-26	101
Psyr_2637	iAT_PLT_636.1757	26.6	436	260	11	11	433	60	448	1.36e-24	106
Psyr_2637	iJN1463.PP_0612	26.4	428	227	15	19	428	4	361	2.68e-24	103
Psyr_2638	iAF692.Mbar_A2428	30.0	190	114	8	41	213	36	223	2.13e-13	70.9
Psyr_2640	iEK1008.Rv3199c	30.6	111	62	3	4	106	168	271	5.45e-04	38.5
Psyr_2646	iJN1463.PP_3461	23.8	378	243	15	1	358	96	448	1.03e-10	64.3
Psyr_2648	iMM1415.14431	27.1	192	124	9	213	397	38	220	5.47e-06	47.0
Psyr_2655	iJN1463.PP_2490	49.2	264	131	2	11	273	13	274	1.07e-80	244
Psyr_2666	iSynCJ816.SGL_RS05525	40.0	50	30	0	29	78	25	74	6.01e-04	38.1
Psyr_2669	iEK1008.Rv3817	32.7	257	125	14	17	261	22	242	7.73e-17	77.4
Psyr_2672	iYO844.BSU39060	43.0	433	233	6	1	429	1	423	9.23e-113	337
Psyr_2672	iJN1463.PP_0147	40.6	436	246	5	1	430	1	429	4.08e-105	318
Psyr_2672	iJN1463.PP_2057	41.6	437	237	6	1	428	1	428	1.78e-103	313
Psyr_2672	iYO844.BSU07610	41.6	435	239	6	1	428	1	427	4.37e-101	307
Psyr_2676	iJN1463.PP_0879	55.8	303	131	3	14	314	2	303	1.37e-99	296
Psyr_2676	iLJ478.TM1064	50.0	322	150	4	14	326	3	322	3.79e-99	295
Psyr_2676	iLJ478.TM0058	48.9	321	155	3	15	326	4	324	1.69e-97	291
Psyr_2676	STM_v1_0.STM3627	48.6	313	159	1	15	325	3	315	4.81e-96	287
Psyr_2676	iEK1008.Rv1281c	49.4	320	157	4	15	330	4	322	4.51e-92	286
Psyr_2676	iYL1228.KPN_03896	48.6	313	159	1	15	325	3	315	1.10e-94	284
Psyr_2676	iYO844.BSU12950	50.3	314	153	2	15	325	4	317	2.85e-94	283
Psyr_2676	iYL1228.KPN_02194	46.5	327	171	3	3	327	7	331	3.04e-94	283
Psyr_2676	STM_v1_0.STM1743	46.4	334	174	4	1	332	3	333	5.71e-94	282
Psyr_2676	iSbBS512_1146.SbBS512_E1415	46.4	332	173	4	3	332	7	335	1.73e-93	281
Psyr_2676	iSDY_1059.SDY_1304	46.4	332	173	4	3	332	7	335	2.44e-93	281
Psyr_2676	iSF_1195.SF1247	46.4	332	173	4	3	332	7	335	2.44e-93	281
Psyr_2676	iSSON_1240.SSON_1934	46.4	332	173	4	3	332	7	335	2.44e-93	281
Psyr_2676	iSSON_1240.SSON_3849	47.9	313	161	1	15	325	3	315	2.52e-93	280
Psyr_2676	iML1515.b3541	47.9	313	161	1	15	325	3	315	1.01e-92	279
Psyr_2676	iSF_1195.SF3576	47.9	313	161	1	15	325	3	315	1.01e-92	279
Psyr_2676	iSDY_1059.SDY_4564	47.6	313	162	1	15	325	3	315	2.03e-92	278
Psyr_2676	iML1515.b1246	46.1	332	174	4	3	332	7	335	5.57e-92	277
Psyr_2676	iLJ478.TM1749	44.7	313	171	1	15	325	4	316	1.19e-90	273
Psyr_2676	iPC815.YPO4000	47.6	313	161	2	15	325	3	314	2.54e-90	273
Psyr_2677	iLJ478.TM0057	50.2	323	154	3	22	337	3	325	4.14e-110	325
Psyr_2677	iML1515.b1247	52.6	312	143	3	19	325	8	319	8.78e-106	314
Psyr_2677	iSbBS512_1146.SbBS512_E1416	52.6	312	143	3	19	325	8	319	8.78e-106	314
Psyr_2677	iSF_1195.SF1248	52.6	312	143	3	19	325	8	319	8.78e-106	314
Psyr_2677	iSDY_1059.SDY_1305	52.6	312	143	3	19	325	8	319	1.76e-105	313
Psyr_2677	STM_v1_0.STM1742	52.2	312	144	3	19	325	8	319	2.49e-105	313
Psyr_2677	iSSON_1240.SSON_1933	51.9	312	145	3	19	325	8	319	1.00e-104	311
Psyr_2677	iLJ478.TM1750	48.0	321	159	2	20	339	11	324	1.33e-103	308
Psyr_2677	iYL1228.KPN_02193	51.6	312	146	3	19	325	8	319	4.60e-103	307
Psyr_2677	iLJ478.TM1063	46.0	339	172	5	22	349	3	341	1.87e-101	303
Psyr_2677	iPC815.YPO3999	45.7	335	176	4	3	335	14	344	5.20e-100	300
Psyr_2677	iJN1463.PP_0878	44.6	316	173	2	22	337	4	317	6.54e-100	298
Psyr_2677	iML1515.b3540	45.7	311	168	1	15	325	5	314	3.12e-98	295
Psyr_2677	iSSON_1240.SSON_3850	45.7	311	168	1	15	325	5	314	4.41e-98	294
Psyr_2678	iML1515.b3544	26.7	529	340	12	10	499	16	535	1.36e-50	180
Psyr_2678	iSDY_1059.SDY_4567	26.7	529	340	12	10	499	16	535	1.36e-50	180
Psyr_2678	iSF_1195.SF3579	26.7	529	340	12	10	499	16	535	1.36e-50	180
Psyr_2678	iSSON_1240.SSON_3846	26.7	529	340	12	10	499	16	535	1.36e-50	180
Psyr_2678	iYL1228.KPN_03899	26.1	529	343	13	10	499	7	526	1.50e-47	172
Psyr_2678	STM_v1_0.STM3630	25.9	529	344	12	10	499	16	535	4.58e-47	171
Psyr_2678	iJN1463.PP_0882	29.3	474	283	12	55	487	70	532	1.92e-46	169
Psyr_2678	iSDY_1059.SDY_0757	26.3	498	345	10	6	488	11	501	1.06e-44	164
Psyr_2679	iJN1463.PP_0881	44.7	333	163	2	1	312	1	333	8.46e-82	250
Psyr_2679	iYL1228.KPN_03898	44.6	336	162	4	1	312	1	336	9.67e-76	235
Psyr_2679	iML1515.b0831	42.6	312	171	2	1	312	1	304	2.86e-75	233
Psyr_2679	iSDY_1059.SDY_0756	42.6	312	171	2	1	312	1	304	2.86e-75	233
Psyr_2679	STM_v1_0.STM3629	44.3	336	163	4	1	312	1	336	1.09e-74	232
Psyr_2679	iSSON_1240.SSON_0813	42.6	312	171	2	1	312	1	304	5.72e-75	232
Psyr_2679	STM_v1_0.STM0850	42.9	312	170	2	1	312	1	304	8.09e-75	231
Psyr_2679	iSF_1195.SF0781	42.3	312	172	2	1	312	1	304	8.09e-75	231
Psyr_2679	iML1515.b3543	44.0	336	164	4	1	312	1	336	3.08e-74	231
Psyr_2679	iYL1228.KPN_00864	42.0	312	173	1	1	312	1	304	1.14e-74	231
Psyr_2679	iSDY_1059.SDY_4566	44.0	336	164	4	1	312	1	336	3.08e-74	231
Psyr_2679	iSSON_1240.SSON_3847	44.0	336	164	4	1	312	1	336	3.08e-74	231
Psyr_2679	iSF_1195.SF3578	44.0	336	164	4	1	312	1	336	4.35e-74	231
Psyr_2679	iSbBS512_1146.SbBS512_E2517	42.3	312	172	2	1	312	1	304	4.58e-74	229
Psyr_2680	iJN1463.PP_0880	47.2	286	145	2	10	289	18	303	5.21e-78	239
Psyr_2680	iSSON_1240.SSON_1639	46.2	286	147	4	10	289	8	292	1.40e-75	232
Psyr_2680	iML1515.b1485	45.5	286	149	4	10	289	8	292	1.13e-74	230
Psyr_2680	iSbBS512_1146.SbBS512_E2516	44.6	271	149	1	20	289	30	300	3.37e-72	224
Psyr_2680	iSSON_1240.SSON_0814	44.6	271	149	1	20	289	30	300	3.37e-72	224
Psyr_2680	iML1515.b0832	44.3	271	150	1	20	289	30	300	4.77e-72	223
Psyr_2680	iYL1228.KPN_00865	45.0	260	141	2	32	289	27	286	3.12e-72	223
Psyr_2680	iSbBS512_1146.SbBS512_E1748	45.8	286	144	5	10	289	8	288	3.63e-72	223
Psyr_2680	iSDY_1059.SDY_0755	43.9	271	151	1	20	289	30	300	7.64e-71	220
Psyr_2680	iAF692.Mbar_A0470	44.6	260	144	0	27	286	29	288	1.17e-69	217
Psyr_2680	iSF_1195.SF0782	43.5	271	152	1	20	289	30	300	6.90e-69	215
Psyr_2681	iEK1008.Rv0773c	57.1	515	215	4	35	548	2	511	1.57e-197	561
Psyr_2683	iJN1463.PP_1002	85.7	475	68	0	1	475	1	475	1.23e-287	785
Psyr_2684	iJN1463.PP_1001	77.3	418	94	1	1	418	1	417	6.46e-247	677
Psyr_2685	iJN1463.PP_1000	83.9	336	54	0	1	336	1	336	2.87e-209	575
Psyr_2686	iJN1463.PP_0999	78.6	309	66	0	1	309	1	309	2.04e-177	492
Psyr_2689	iPC815.YPO2422	64.2	380	135	1	3	382	2	380	2.70e-177	498
Psyr_2689	iYL1228.KPN_03847	65.7	362	124	0	13	374	1	362	6.18e-177	496
Psyr_2689	STM_v1_0.STM2297	63.6	374	136	0	1	374	6	379	3.24e-176	495
Psyr_2689	iSSON_1240.SSON_2314	63.1	371	137	0	5	375	15	385	1.48e-173	488
Psyr_2689	iML1515.b2253	62.8	371	138	0	5	375	4	374	5.77e-173	486
Psyr_2689	iSF_1195.SF2332	62.8	363	135	0	13	375	1	363	4.96e-169	476
Psyr_2690	iPC815.YPO2421	69.6	309	94	0	5	313	6	314	3.31e-155	437
Psyr_2690	iYL1228.KPN_03846	70.0	310	93	0	5	314	6	315	2.21e-153	433
Psyr_2690	STM_v1_0.STM2298	65.7	318	109	0	5	322	6	323	4.88e-150	424
Psyr_2690	iML1515.b2254	65.9	314	107	0	4	317	5	318	6.72e-149	421
Psyr_2690	iSSON_1240.SSON_2315	65.9	314	107	0	4	317	5	318	6.72e-149	421
Psyr_2690	iSF_1195.SF2333	65.6	314	108	0	4	317	5	318	1.35e-148	421
Psyr_2691	iYL1228.KPN_03845	71.5	652	183	3	4	654	2	651	0.0	947
Psyr_2691	iPC815.YPO2420	69.8	658	196	3	4	660	2	657	0.0	941
Psyr_2691	STM_v1_0.STM2299	67.9	660	208	4	4	661	2	659	0.0	922
Psyr_2691	iML1515.b2255	68.6	652	202	3	4	654	2	651	0.0	918
Psyr_2691	iSSON_1240.SSON_2316	68.4	652	203	3	4	654	2	651	0.0	916
Psyr_2692	iML1515.b2256	62.5	293	105	3	2	293	3	291	1.02e-130	372
Psyr_2692	iSbBS512_1146.SbBS512_E2632	62.5	293	105	3	2	293	3	291	1.02e-130	372
Psyr_2692	iSSON_1240.SSON_2317	62.5	293	105	3	2	293	3	291	1.02e-130	372
Psyr_2692	iSF_1195.SF2335	62.1	293	106	3	2	293	3	291	8.31e-130	370
Psyr_2692	iSDY_1059.SDY_2452	61.8	293	107	3	2	293	3	291	5.53e-128	365
Psyr_2693	iPC815.YPO2418	40.7	550	309	6	10	548	10	553	1.42e-143	425
Psyr_2693	iYL1228.KPN_03843	41.2	546	302	8	12	545	10	548	3.40e-135	403
Psyr_2693	STM_v1_0.STM2301	39.7	544	304	10	15	545	13	545	1.76e-131	394
Psyr_2694	iML1515.b4544	46.4	112	43	3	2	105	6	108	9.36e-23	84.7
Psyr_2695	iML1515.b2258	35.1	114	72	2	13	125	9	121	1.02e-10	55.5
Psyr_2695	iSF_1195.SF2337	35.1	114	72	2	13	125	103	215	4.02e-10	55.5
Psyr_2695	iSSON_1240.SSON_2319	35.1	114	72	2	13	125	103	215	4.02e-10	55.5
Psyr_2695	iSDY_1059.SDY_2454	35.1	114	72	2	13	125	103	215	7.67e-10	54.7
Psyr_2696	iPC815.YPO2174	62.2	447	167	1	1	445	1	447	1.43e-199	560
Psyr_2697	iAF987.Gmet_0887	32.1	330	202	12	18	340	30	344	3.60e-21	96.3
Psyr_2700	iAF987.Gmet_3085	40.0	120	72	0	27	146	337	456	1.02e-19	92.8
Psyr_2702	iHN637.CLJU_RS16525	41.0	376	201	6	16	371	5	379	5.86e-98	297
Psyr_2703	iYO844.BSU35540	25.2	301	187	10	101	382	94	375	8.51e-12	65.9
Psyr_2704	iYO844.BSU38860	55.2	335	149	1	2	336	3	336	3.64e-137	392
Psyr_2704	iYL1228.KPN_00773	54.2	334	153	0	2	335	3	336	1.00e-136	391
Psyr_2704	STM_v1_0.STM0776	53.3	334	156	0	2	335	3	336	3.82e-134	385
Psyr_2704	iML1515.b0759	53.0	334	157	0	2	335	3	336	6.25e-133	382
Psyr_2704	iSSON_1240.SSON_0711	53.0	334	157	0	2	335	3	336	6.25e-133	382
Psyr_2704	iSbBS512_1146.SbBS512_E0680	53.0	334	157	0	2	335	3	336	8.86e-133	381
Psyr_2704	iSF_1195.SF0545	53.0	334	157	0	2	335	3	336	1.26e-132	381
Psyr_2704	iSDY_1059.SDY_0706	52.7	334	158	0	2	335	3	336	7.21e-132	379
Psyr_2704	iPC815.YPO1139	53.6	334	155	0	2	335	3	336	2.06e-131	378
Psyr_2704	iMM1415.74246	52.9	340	154	1	2	335	4	343	4.02e-126	365
Psyr_2704	iCHOv1.100759306	52.6	340	155	1	2	335	21	360	2.03e-125	363
Psyr_2704	iAT_PLT_636.2582	52.4	340	156	1	2	335	5	344	6.78e-125	362
Psyr_2704	iCN900.CD630_27140	49.7	334	167	1	2	335	3	335	3.09e-123	357
Psyr_2706	iJN1463.PP_5298	73.4	241	64	0	5	245	7	247	5.94e-130	367
Psyr_2708	iJN1463.PP_3736	84.7	352	54	0	1	352	1	352	1.08e-227	623
Psyr_2709	iJN1463.PP_3737	74.7	316	80	0	1	316	1	316	6.93e-184	509
Psyr_2711	iYL1228.KPN_02455	36.7	428	266	3	205	629	166	591	5.03e-82	270
Psyr_2711	iAF987.Gmet_0987	35.4	415	264	1	220	630	360	774	1.02e-72	249
Psyr_2711	iAF987.Gmet_2629	33.0	415	273	2	220	630	385	798	1.51e-71	247
Psyr_2715	iJN1463.PP_4758	74.7	419	106	0	19	437	21	439	3.00e-229	635
Psyr_2716	STM_v1_0.STM2961	35.4	429	250	9	8	417	14	434	2.21e-73	236
Psyr_2716	iYL1228.KPN_03131	35.4	429	250	9	8	417	3	423	2.32e-73	236
Psyr_2716	iSF_1195.SF2801	35.0	429	252	9	8	417	14	434	4.37e-73	235
Psyr_2716	iSSON_1240.SSON_2945	35.0	429	252	9	8	417	14	434	2.40e-72	233
Psyr_2716	iML1515.b2788	34.7	429	253	9	8	417	14	434	9.40e-72	232
Psyr_2716	iJN1463.PP_4757	35.3	430	248	9	8	417	18	437	3.24e-69	225
Psyr_2716	iSF_1195.SF2800	33.7	433	262	10	3	417	10	435	4.32e-69	225
Psyr_2716	iML1515.b2787	33.5	433	263	10	3	417	10	435	1.68e-68	223
Psyr_2716	STM_v1_0.STM2960	33.9	433	261	10	3	417	10	435	1.68e-68	223
Psyr_2716	iSSON_1240.SSON_2944	33.5	433	263	10	3	417	10	435	2.37e-68	223
Psyr_2716	iSbBS512_1146.SbBS512_E3086	33.5	433	263	10	3	417	10	435	9.22e-68	221
Psyr_2716	iHN637.CLJU_RS13895	33.1	429	261	8	8	418	19	439	5.44e-67	219
Psyr_2716	iYL1228.KPN_03130	33.6	429	258	10	8	417	15	435	9.95e-67	219
Psyr_2716	iYO844.BSU02490	33.0	439	268	9	3	423	20	450	3.69e-65	215
Psyr_2716	iHN637.CLJU_RS13910	33.0	436	256	9	8	418	14	438	3.11e-65	215
Psyr_2717	iML1515.b1518	31.5	54	37	0	38	91	32	85	2.75e-05	39.3
Psyr_2720	iCN900.CD630_13870	35.8	302	183	2	3	304	4	294	5.15e-53	176
Psyr_2720	iMM904.YBR208C	34.8	319	193	7	2	310	1080	1393	1.96e-45	165
Psyr_2720	iYS854.USA300HOU_RS08565	30.1	316	186	5	2	306	3	294	1.02e-46	160
Psyr_2721	iYS854.USA300HOU_RS08570	22.7	247	157	6	21	262	17	234	2.67e-13	67.8
Psyr_2725	iLB1027_lipid.PHATRDRAFT_45947	38.1	417	216	12	13	411	9	401	1.24e-65	214
Psyr_2725	iCHOv1.100765829	35.2	406	240	6	13	412	7	395	4.15e-65	213
Psyr_2725	iYL1228.KPN_02055	37.4	409	230	9	11	411	2	392	2.05e-64	211
Psyr_2725	iAF987.Gmet_2213	37.7	408	226	7	12	411	3	390	1.66e-62	206
Psyr_2725	iCN718.ABAYE_RS11935	37.2	414	231	9	12	412	3	400	4.56e-61	202
Psyr_2725	iJN1463.PP_1377	37.9	412	228	10	12	411	3	398	1.80e-59	198
Psyr_2725	iYL1228.KPN_01540	36.1	407	236	7	15	411	7	399	2.60e-59	198
Psyr_2725	iCN718.ABAYE_RS08895	35.0	412	235	10	15	411	6	399	1.08e-58	196
Psyr_2725	iAF987.Gmet_2058	34.9	410	242	7	12	411	3	397	1.34e-58	196
Psyr_2725	iCN900.CD630_26760	32.8	408	247	9	12	411	3	391	2.22e-58	195
Psyr_2725	iCN718.ABAYE_RS08700	34.5	412	237	10	15	411	8	401	1.13e-57	194
Psyr_2726	iJN1463.PP_3356	78.6	608	130	0	22	629	16	623	0.0	975
Psyr_2727	iJN1463.PP_3357	85.1	482	72	0	1	482	1	482	1.33e-290	793
Psyr_2728	iJN1463.PP_3358	90.9	276	25	0	1	276	1	276	3.55e-189	519
Psyr_2730	iJN1463.PP_1419	43.1	418	223	6	25	440	25	429	6.57e-108	325
Psyr_2730	iJN1463.PP_2058	41.1	433	225	8	17	440	6	417	2.63e-101	308
Psyr_2731	iML1515.b0353	52.1	397	183	3	2	396	7	398	7.43e-124	363
Psyr_2731	iSSON_1240.SSON_0332	52.3	392	180	3	2	391	22	408	7.88e-122	359
Psyr_2733	iLJ478.TM1724	28.4	275	141	9	1	250	1	244	1.53e-16	76.3
Psyr_2733	iNF517.LLMG_RS08260	26.0	277	146	8	5	250	2	250	2.80e-14	70.1
Psyr_2734	iAF987.Gmet_2131	41.1	482	277	6	15	493	3	480	1.39e-108	330
Psyr_2736	iJN1463.PP_2918	73.2	684	183	0	1	684	1	684	0.0	1034
Psyr_2741	iEK1008.Rv3775	28.3	212	121	9	12	209	33	227	1.58e-09	58.9
Psyr_2742	iAF987.Gmet_1046	36.0	383	227	5	9	381	13	387	3.76e-63	206
Psyr_2742	iCN900.CD630_30060	33.0	382	242	5	6	379	4	379	6.36e-63	206
Psyr_2742	iCN718.ABAYE_RS07700	34.0	388	238	6	4	381	11	390	1.34e-60	200
Psyr_2742	iMM904.YGL256W	32.5	369	241	3	15	380	16	379	1.09e-60	200
Psyr_2742	iIS312.TCDM_02375	33.6	378	232	6	15	381	23	392	3.90e-60	199
Psyr_2742	iSbBS512_1146.SbBS512_E4004	32.5	388	250	4	1	381	1	383	3.36e-59	196
Psyr_2742	iML1515.b3589	32.2	388	251	4	1	381	1	383	6.63e-59	195
Psyr_2742	iYL1228.KPN_03491	33.1	387	241	6	5	380	7	386	7.91e-58	192
Psyr_2742	iSF_1195.SF3627	32.2	388	251	4	1	381	1	383	7.16e-58	192
Psyr_2743	STM_v1_0.STM3959	35.2	199	122	2	11	205	9	204	2.31e-33	118
Psyr_2743	iSbBS512_1146.SbBS512_E4290	34.6	205	125	2	6	205	4	204	3.26e-33	118
Psyr_2743	iML1515.b3823	34.6	205	125	2	6	205	4	204	4.59e-33	117
Psyr_2743	iYL1228.KPN_04318	34.3	204	127	2	6	205	4	204	9.12e-33	117
Psyr_2743	iPC815.YPO3832	34.0	206	127	3	6	205	2	204	3.09e-30	110
Psyr_2745	iYS854.USA300HOU_RS00605	39.7	290	174	1	23	311	32	321	4.19e-63	212
Psyr_2746	iJN1463.PP_3796	31.1	434	282	7	1	425	1	426	7.71e-61	204
Psyr_2747	iJN1463.PP_1141	21.9	279	192	7	54	307	73	350	8.76e-05	43.5
Psyr_2747	iYL1228.KPN_03822	27.0	141	97	4	54	188	73	213	4.80e-04	41.2
Psyr_2747	STM_v1_0.STM3567	27.0	141	97	4	54	188	71	211	6.36e-04	40.8
Psyr_2749	iAF692.Mbar_A0543	25.3	371	260	9	5	367	10	371	8.48e-34	135
Psyr_2749	STM_v1_0.STM2155	25.1	379	270	9	3	373	7	379	2.01e-32	130
Psyr_2749	iSbBS512_1146.SbBS512_E0856	24.7	381	269	10	3	373	7	379	1.28e-30	125
Psyr_2749	iSF_1195.SF2179	24.7	381	269	10	3	373	7	379	1.28e-30	125
Psyr_2749	iYL1228.KPN_02560	24.5	379	272	9	3	373	7	379	2.31e-30	124
Psyr_2749	iSSON_1240.SSON_2163	24.4	381	270	10	3	373	7	379	7.52e-30	123
Psyr_2749	iPC815.YPO1522	25.1	362	257	9	3	357	7	361	1.35e-29	122
Psyr_2749	iSDY_1059.SDY_2181	24.1	381	271	10	3	373	7	379	2.44e-29	121
Psyr_2753	iML1515.b3253	50.5	321	158	1	3	323	2	321	7.66e-112	327
Psyr_2755	iCN718.ABAYE_RS05345	34.3	347	222	5	9	353	3	345	1.09e-53	180
Psyr_2756	iJN1463.PP_3828	83.8	228	37	0	27	254	24	251	4.73e-137	385
Psyr_2757	iJN1463.PP_3829	81.0	226	43	0	1	226	1	226	1.49e-131	369
Psyr_2758	iJN1463.PP_3830	64.9	362	126	1	1	361	1	362	3.95e-157	445
Psyr_2843	iCN900.CD630_09270	38.5	39	24	0	197	235	135	173	8.22e-04	42.0
Psyr_2855	iJN1463.PP_2698	90.9	340	31	0	1	340	1	340	2.39e-230	629
Psyr_2855	iCN718.ABAYE_RS15345	89.1	340	37	0	1	340	1	340	5.15e-228	623
Psyr_2858	iLB1027_lipid.PHATRDRAFT_45605	27.5	357	194	13	6	325	3	331	6.95e-30	116
Psyr_2859	iML1515.b1011	33.3	174	97	3	11	165	14	187	2.06e-24	95.9
Psyr_2859	iSSON_1240.SSON_1030	33.3	174	97	3	11	165	28	201	2.74e-24	95.9
Psyr_2859	iSF_1195.SF1014	32.8	174	98	3	11	165	28	201	4.01e-23	92.8
Psyr_2864	iJN1463.PP_1384	49.5	461	231	2	7	466	7	466	3.92e-139	408
Psyr_2865	STM_v1_0.STM3391	60.9	1036	399	4	1	1032	1	1034	0.0	1178
Psyr_2865	iYL1228.KPN_03673	60.2	1036	405	5	1	1032	1	1033	0.0	1172
Psyr_2865	iML1515.b0462	60.2	1039	407	5	1	1034	1	1037	0.0	1156
Psyr_2865	iML1515.b3266	60.0	1034	408	4	1	1030	1	1032	0.0	1147
Psyr_2865	iML1515.b2470	58.5	1032	424	2	1	1030	1	1030	0.0	1140
Psyr_2865	iSSON_1240.SSON_2550	58.5	1032	424	2	1	1030	1	1030	0.0	1140
Psyr_2865	iSDY_1059.SDY_2654	58.3	1032	426	2	1	1030	1	1030	0.0	1136
Psyr_2865	iSF_1195.SF2512	58.3	1032	426	2	1	1030	1	1030	0.0	1136
Psyr_2865	iJN1463.PP_1385	58.4	1033	424	4	1	1030	1	1030	0.0	1131
Psyr_2866	iJN1463.PP_1386	47.5	364	176	3	20	382	15	364	8.22e-98	296
Psyr_2866	iML1515.b0463	47.2	362	186	4	25	382	22	382	9.95e-94	286
Psyr_2866	iSSON_1240.SSON_0450	47.0	362	187	4	25	382	22	382	2.81e-93	285
Psyr_2866	iSDY_1059.SDY_0456	47.0	362	187	4	25	382	22	382	1.12e-92	283
Psyr_2866	iSF_1195.SF0408	47.0	362	187	4	25	382	22	382	1.12e-92	283
Psyr_2866	iPC815.YPO3132	44.7	358	194	3	24	378	21	377	1.88e-90	278
Psyr_2866	STM_v1_0.STM3390	44.2	371	202	4	7	375	5	372	1.11e-89	275
Psyr_2866	iSbBS512_1146.SbBS512_E3648	44.2	371	202	4	7	375	5	372	1.11e-89	275
Psyr_2866	iML1515.b3265	43.9	371	203	4	7	375	5	372	4.41e-89	274
Psyr_2866	iYL1228.KPN_03672	45.1	368	193	5	13	378	10	370	2.93e-88	271
Psyr_2867	iAF987.Gmet_1991	24.7	231	152	8	242	462	198	416	4.79e-07	52.0
Psyr_2868	iAF987.Gmet_2999	32.8	125	81	1	1	122	1	125	1.15e-14	71.6
Psyr_2868	iAF987.Gmet_1706	30.8	117	76	3	10	123	3	117	4.45e-14	69.7
Psyr_2868	iAF987.Gmet_0069	29.4	119	79	3	10	123	5	123	9.34e-13	65.9
Psyr_2869	iJN1463.PP_3219	26.3	232	144	5	66	297	39	243	7.85e-14	72.4
Psyr_2869	iSDY_1059.SDY_0987	24.9	337	186	10	88	417	89	365	1.54e-13	71.6
Psyr_2869	iSF_1195.SF1015	24.9	337	186	10	88	417	89	365	1.54e-13	71.6
Psyr_2869	iML1515.b1012	25.2	337	185	10	88	417	89	365	2.74e-13	70.9
Psyr_2869	iPC815.YPO3625	26.7	326	191	11	95	416	68	349	3.66e-13	70.5
Psyr_2869	iYO844.BSU08860	23.5	307	186	9	84	385	55	317	1.50e-12	68.6
Psyr_2869	iJN1463.PP_0238	24.8	327	196	10	95	416	68	349	4.88e-12	67.0
Psyr_2869	iYL1228.KPN_00971	24.5	388	221	13	35	416	28	349	6.47e-12	66.6
Psyr_2869	iSF_1195.SF0934	25.7	343	179	10	92	416	65	349	6.47e-12	66.6
Psyr_2869	iML1515.b0935	26.2	343	177	11	92	416	65	349	8.62e-12	66.2
Psyr_2873	iYS854.USA300HOU_RS12370	24.7	372	252	10	22	386	21	371	3.54e-15	76.3
Psyr_2874	iNF517.LLMG_RS04065	31.7	309	188	6	14	310	2	299	1.28e-34	128
Psyr_2874	iHN637.CLJU_RS00625	31.0	277	188	3	36	312	36	309	6.08e-33	124
Psyr_2874	iLJ478.TM0955	31.3	275	169	4	51	310	47	316	2.69e-30	117
Psyr_2875	iPC815.YPO2499	30.6	314	204	6	16	324	21	325	2.96e-33	125
Psyr_2875	iML1515.b3750	31.3	310	196	5	18	321	16	314	9.30e-33	123
Psyr_2875	iYL1228.KPN_04155	30.3	310	199	5	18	321	16	314	1.29e-32	123
Psyr_2875	STM_v1_0.STM3883	30.6	310	198	5	18	321	16	314	2.53e-31	119
Psyr_2875	iNF517.LLMG_RS04065	29.3	283	188	4	43	321	29	303	8.10e-31	118
Psyr_2875	iYO844.BSU35950	32.3	300	191	4	26	321	23	314	9.61e-30	115
Psyr_2876	iPC815.YPO3964	39.6	498	298	3	13	509	5	500	5.27e-121	364
Psyr_2876	iYO844.BSU35940	35.6	489	315	0	15	503	3	491	2.16e-116	352
Psyr_2876	iML1515.b2149	37.5	491	303	3	15	502	14	503	7.18e-115	348
Psyr_2876	iSF_1195.SF2234	37.5	491	303	3	15	502	14	503	7.18e-115	348
Psyr_2876	iSSON_1240.SSON_2205	37.5	491	303	3	15	502	14	503	7.18e-115	348
Psyr_2876	STM_v1_0.STM2189	36.5	509	310	5	1	502	1	503	2.26e-113	345
Psyr_2876	iLJ478.TM0115	37.8	481	293	3	15	489	15	495	3.02e-111	340
Psyr_2876	iHN637.CLJU_RS00620	34.5	495	320	3	15	506	6	499	2.28e-111	339
Psyr_2876	iYL1228.KPN_02587	36.4	489	307	3	17	502	1	488	2.83e-110	336
Psyr_2876	iPC815.YPO1508	35.8	491	311	3	15	502	14	503	2.76e-108	332
Psyr_2876	iPC815.YPO2256	39.3	496	296	5	9	501	14	507	1.28e-107	330
Psyr_2877	iML1515.b3751	25.2	286	198	6	25	305	6	280	1.40e-14	72.8
Psyr_2877	iLJ478.TM0958	24.4	316	218	10	20	324	7	312	4.39e-14	71.6
Psyr_2877	iYL1228.KPN_04156	23.7	283	206	5	25	305	6	280	6.39e-14	70.9
Psyr_2877	STM_v1_0.STM3884	23.7	283	206	5	25	305	6	280	6.39e-14	70.9
Psyr_2881	iAM_Pc455.PCYB_092170	22.3	256	151	13	2	233	233	464	5.88e-06	46.6
Psyr_2881	iAM_Pf480.PF3D7_1115400	22.7	220	121	11	44	242	283	474	1.88e-05	45.1
Psyr_2883	iYL1228.KPN_03929	69.7	435	132	0	3	437	8	442	2.85e-234	647
Psyr_2883	STM_v1_0.STM3661	70.1	435	130	0	3	437	4	438	1.65e-232	642
Psyr_2883	iSbBS512_1146.SbBS512_E3959	69.9	435	131	0	3	437	4	438	3.86e-231	639
Psyr_2883	iSSON_1240.SSON_3820	69.9	435	131	0	3	437	4	438	3.86e-231	639
Psyr_2883	iML1515.b3565	69.9	435	131	0	3	437	4	438	5.47e-231	638
Psyr_2883	iPC815.YPO4038	68.7	435	136	0	3	437	4	438	5.01e-229	633
Psyr_2884	iYL1228.KPN_03930	64.1	304	108	1	28	330	9	312	1.57e-134	384
Psyr_2884	iPC815.YPO4037	61.2	327	126	1	5	330	4	330	3.04e-134	384
Psyr_2884	iML1515.b3566	59.8	328	131	1	4	330	3	330	9.68e-133	380
Psyr_2884	iSF_1195.SF3610	59.5	328	132	1	4	330	3	330	2.76e-132	379
Psyr_2884	iSbBS512_1146.SbBS512_E3956	59.0	324	125	2	8	330	19	335	2.72e-126	364
Psyr_2885	iML1515.b3567	54.5	505	221	4	4	504	3	502	4.28e-187	533
Psyr_2885	iSbBS512_1146.SbBS512_E3955	54.5	505	221	4	4	504	3	502	4.28e-187	533
Psyr_2885	iSF_1195.SF3611	54.3	505	222	4	4	504	3	502	6.98e-186	530
Psyr_2885	iPC815.YPO4036	53.8	502	229	3	4	504	3	502	1.67e-183	524
Psyr_2885	iYL1228.KPN_03931	53.8	502	229	3	4	504	3	502	8.58e-182	520
Psyr_2886	iYL1228.KPN_03932	54.0	363	167	0	12	374	28	390	5.28e-127	370
Psyr_2886	iPC815.YPO4035	54.0	363	167	0	12	374	29	391	5.07e-125	365
Psyr_2886	iML1515.b3568	53.7	363	168	0	12	374	28	390	2.97e-121	355
Psyr_2886	iSbBS512_1146.SbBS512_E3954	53.7	363	168	0	12	374	28	390	2.97e-121	355
Psyr_2886	iSF_1195.SF3612	53.7	363	168	0	12	374	28	390	2.97e-121	355
Psyr_2888	iCHOv1.100753207	25.1	487	317	13	52	517	54	513	2.21e-19	90.9
Psyr_2889	STM_v1_0.STM1954	28.2	245	155	9	55	294	36	264	5.61e-15	73.2
Psyr_2889	iML1515.b1920	31.2	170	105	6	55	223	36	194	1.05e-14	72.4
Psyr_2889	iJN1463.PP_0227	29.2	154	98	4	72	223	49	193	8.92e-14	69.7
Psyr_2890	iYO844.BSU03590	54.2	249	108	1	13	261	2	244	5.11e-87	258
Psyr_2890	iML1515.b1917	55.8	251	103	3	13	261	4	248	1.85e-85	254
Psyr_2890	iNF517.LLMG_RS09915	52.2	249	109	1	13	261	6	244	8.70e-85	253
Psyr_2890	iCN900.CD630_07520	54.2	249	104	2	13	261	2	240	8.78e-84	250
Psyr_2890	iYO844.BSU27430	51.4	249	111	1	13	261	2	240	1.53e-82	247
Psyr_2890	iJN1463.PP_0225	52.2	249	115	1	13	261	2	246	1.72e-81	244
Psyr_2890	iYS854.USA300HOU_RS09925	51.8	249	110	2	13	261	4	242	1.16e-79	239
Psyr_2890	iNF517.LLMG_RS09720	50.8	252	110	2	12	261	6	245	4.44e-78	236
Psyr_2890	iYL1228.KPN_00838	53.2	248	106	2	13	260	2	239	7.11e-78	235
Psyr_2890	STM_v1_0.STM0828	53.2	248	106	2	13	260	2	239	7.11e-78	235
Psyr_2890	iYO844.BSU23960	49.4	249	116	1	13	261	2	240	2.87e-77	233
Psyr_2890	iPC815.YPO2514	52.4	248	108	2	13	260	2	239	2.87e-77	233
Psyr_2890	iJN1463.PP_1300	49.4	251	117	2	11	261	13	253	9.03e-77	233
Psyr_2891	iJN1463.PP_0226	35.2	219	123	2	77	295	13	212	3.04e-24	98.2
Psyr_2891	iSynCJ816.SGL_RS07090	35.5	220	127	3	79	297	309	514	1.41e-22	97.8
Psyr_2891	iML1515.b1918	35.4	223	125	2	78	300	13	216	5.81e-23	94.7
Psyr_2891	iYO844.BSU29350	33.2	238	131	6	76	300	7	229	1.46e-22	94.0
Psyr_2891	iCN900.CD630_17750	32.3	220	129	3	80	299	1	200	1.41e-22	93.2
Psyr_2891	iCN900.CD630_07510	34.3	213	128	2	76	288	11	211	1.16e-21	91.3
Psyr_2891	iYO844.BSU23970	34.7	219	125	3	78	296	13	213	2.72e-21	90.1
Psyr_2891	iPC815.YPO2613	34.6	208	123	3	78	284	14	209	3.02e-21	90.1
Psyr_2892	iPC815.YPO3910	33.6	229	116	12	35	262	27	220	1.33e-14	77.4
Psyr_2892	iSDY_1059.SDY_1022	19.8	762	509	24	69	815	51	725	2.36e-13	73.6
Psyr_2892	STM_v1_0.STM4130	32.0	172	98	7	48	216	27	182	2.47e-12	70.1
Psyr_2895	iJN1463.PP_4097	88.7	186	21	0	1	186	1	186	2.24e-111	315
Psyr_2897	iJN1463.PP_1494	31.9	116	74	3	12	124	20	133	1.57e-08	53.5
Psyr_2900	iJN1463.PP_3080	73.5	339	89	1	20	357	15	353	4.24e-182	508
Psyr_2902	iJN1463.PP_4147	51.5	590	279	5	24	611	25	609	2.23e-213	608
Psyr_2903	iJN1463.PP_4148	70.4	355	102	1	1	352	1	355	6.07e-179	499
Psyr_2904	iJN1463.PP_4149	70.4	338	100	0	4	341	2	339	1.65e-180	502
Psyr_2905	iJN1463.PP_4150	66.9	528	169	3	1	522	1	528	6.44e-240	668
Psyr_2908	iJN1463.PP_3578	80.4	546	106	1	1	546	1	545	0.0	892
Psyr_2912	iJN1463.PP_0072	32.3	248	163	2	1	248	1	243	2.23e-30	117
Psyr_2912	iEK1008.Rv2933	27.6	333	228	2	5	337	1461	1780	9.67e-26	108
Psyr_2914	iYS854.USA300HOU_RS07595	34.4	334	197	6	69	400	19	332	1.70e-47	177
Psyr_2916	iJN1463.PP_0304	80.0	310	62	0	1	310	1	310	1.89e-180	500
Psyr_2917	iJN1463.PP_0303	86.1	294	41	0	1	294	1	294	6.68e-185	509
Psyr_2918	iJN1463.PP_0302	83.6	318	52	0	1	318	1	318	7.17e-197	542
Psyr_2919	iJN1463.PP_0301	62.8	156	58	0	1	156	1	156	4.36e-65	195
Psyr_2922	iHN637.CLJU_RS09415	23.5	443	276	16	14	426	13	422	2.50e-16	80.9
Psyr_2923	iYL1228.KPN_04157	29.0	310	195	8	4	301	7	303	1.88e-21	92.0
Psyr_2923	iSF_1195.SF3835	27.9	323	188	10	4	304	11	310	1.35e-20	89.7
Psyr_2923	iML1515.b3752	27.9	323	188	10	4	304	6	305	1.73e-20	89.4
Psyr_2923	iSSON_1240.SSON_3922	27.9	323	188	10	4	304	6	305	1.73e-20	89.4
Psyr_2923	STM_v1_0.STM3885	27.6	312	203	8	4	304	6	305	4.49e-20	88.2
Psyr_2923	iSbBS512_1146.SbBS512_E4167	27.6	323	189	10	4	304	6	305	6.17e-20	87.8
Psyr_2923	iSDY_1059.SDY_3995	27.2	320	194	9	4	304	6	305	7.75e-19	84.7
Psyr_2926	iJN1463.PP_2428	28.0	346	247	2	15	358	29	374	1.27e-33	129
Psyr_2926	iML1515.b3662	32.0	363	231	8	27	379	33	389	1.81e-31	123
Psyr_2928	iJN1463.PP_4935	49.3	282	127	5	325	597	314	588	2.43e-69	235
Psyr_2928	iAF987.Gmet_2349	33.6	482	294	8	130	601	104	569	3.38e-69	234
Psyr_2928	iYL1228.KPN_00941	49.0	247	119	3	359	603	340	581	8.48e-67	228
Psyr_2928	STM_v1_0.STM0984	46.7	261	131	4	346	603	326	581	8.48e-67	228
Psyr_2928	iMM1415.18670	32.6	525	321	10	96	604	124	631	1.69e-63	227
Psyr_2928	iCHOv1.100682535	32.3	530	316	11	96	604	127	634	2.30e-63	226
Psyr_2928	iPC815.YPO1395	34.6	491	292	13	125	603	108	581	4.41e-66	226
Psyr_2928	iML1515.b0914	46.4	261	132	4	346	603	326	581	3.18e-65	224
Psyr_2928	iSbBS512_1146.SbBS512_E2410	46.4	261	132	4	346	603	326	581	3.18e-65	224
Psyr_2928	iSDY_1059.SDY_2344	46.4	261	132	4	346	603	326	581	3.18e-65	224
Psyr_2928	iSF_1195.SF0910	46.4	261	132	4	346	603	326	581	3.18e-65	224
Psyr_2928	iSSON_1240.SSON_0916	46.4	261	132	4	346	603	326	581	3.18e-65	224
Psyr_2928	iPC815.YPO1914	45.7	254	132	2	361	613	344	592	1.66e-62	217
Psyr_2934	iJN1463.PP_0920	51.1	356	164	5	8	363	2	347	1.97e-113	333
Psyr_2937	iJN1463.PP_2486	34.7	357	200	13	15	351	13	356	1.44e-51	175
Psyr_2937	iJN1463.PP_0920	36.5	359	197	13	11	359	7	344	3.70e-48	166
Psyr_2939	iJN1463.PP_1494	36.8	299	151	7	32	307	47	330	5.65e-52	174
Psyr_2939	iAF987.Gmet_0069	36.1	313	172	7	6	307	4	299	3.30e-48	163
Psyr_2940	iAF987.Gmet_3085	27.8	295	176	6	334	628	199	456	6.54e-21	99.4
Psyr_2940	iAF987.Gmet_0043	28.9	256	173	5	617	866	14	266	3.79e-19	92.8
Psyr_2941	iCN718.ABAYE_RS11415	45.2	281	152	2	4	284	10	288	2.67e-81	246
Psyr_2942	iIT341.HP1171	59.2	245	99	1	1	244	1	245	6.22e-96	281
Psyr_2942	iCN900.CD630_07520	57.1	238	97	2	4	238	1	236	6.08e-87	258
Psyr_2942	STM_v1_0.STM0828	55.8	240	105	1	4	242	1	240	8.62e-87	257
Psyr_2942	iSDY_1059.SDY_0787	55.4	240	106	1	4	242	1	240	9.94e-86	254
Psyr_2942	iSSON_1240.SSON_0789	55.4	240	106	1	4	242	1	240	9.94e-86	254
Psyr_2942	iYO844.BSU23960	55.0	238	106	1	4	240	1	238	2.00e-85	254
Psyr_2943	iIT341.HP1170	38.3	209	124	1	15	218	12	220	5.08e-41	139
Psyr_2944	iIT341.HP1169	41.0	212	123	1	1	212	1	210	1.63e-44	147
Psyr_2948	iSynCJ816.SGL_RS08770	34.5	177	111	1	16	192	5	176	1.38e-26	100
Psyr_2950	iAF987.Gmet_0843	28.0	125	87	3	44	168	6	127	1.22e-09	57.8
Psyr_2954	iLB1027_lipid.PHATRDRAFT_52268	24.6	207	137	6	30	219	3	207	8.84e-10	56.2
Psyr_2956	iSynCJ816.SGL_RS04900	88.1	369	44	0	1	369	1	369	1.26e-247	674
Psyr_2956	iSbBS512_1146.SbBS512_E0271	85.1	369	55	0	1	369	1	369	2.72e-242	661
Psyr_2956	iSSON_1240.SSON_0335	85.1	369	55	0	1	369	1	369	2.72e-242	661
Psyr_2956	iML1515.b0356	85.1	369	55	0	1	369	1	369	2.23e-241	659
Psyr_2956	iCN718.ABAYE_RS09595	85.6	369	53	0	1	369	1	369	1.83e-240	656
Psyr_2956	iYL1228.KPN_01952	79.4	369	76	0	1	369	1	369	1.93e-222	611
Psyr_2956	STM_v1_0.STM1627	78.9	369	78	0	1	369	1	369	3.19e-221	608
Psyr_2958	iYS854.USA300HOU_RS13375	25.7	475	319	14	81	539	74	530	6.20e-32	129
Psyr_2959	iML1515.b3477	36.9	309	192	1	1	309	1	306	5.07e-54	178
Psyr_2959	iSbBS512_1146.SbBS512_E3844	36.9	309	192	1	1	309	1	306	5.07e-54	178
Psyr_2959	iSDY_1059.SDY_3632	36.9	309	192	1	1	309	1	306	5.07e-54	178
Psyr_2959	iSSON_1240.SSON_3715	36.9	309	192	1	1	309	1	306	5.07e-54	178
Psyr_2959	iSF_1195.SF3495	36.6	309	193	1	1	309	1	306	3.96e-53	176
Psyr_2959	iJN1463.PP_3343	37.1	310	188	3	1	308	1	305	2.13e-52	174
Psyr_2959	iYL1228.KPN_03851	35.1	316	202	1	1	316	1	313	1.71e-51	172
Psyr_2959	iYL1228.KPN_03898	34.2	342	189	4	1	311	1	337	1.06e-48	165
Psyr_2959	iSSON_1240.SSON_0813	33.2	313	199	5	1	311	1	305	3.57e-48	163
Psyr_2959	iML1515.b3543	33.9	342	190	4	1	311	1	337	1.61e-47	162
Psyr_2959	iSDY_1059.SDY_4566	33.9	342	190	4	1	311	1	337	1.61e-47	162
Psyr_2959	iSSON_1240.SSON_3847	33.9	342	190	4	1	311	1	337	1.61e-47	162
Psyr_2959	iML1515.b0831	33.2	313	199	5	1	311	1	305	9.94e-48	162
Psyr_2959	STM_v1_0.STM3629	33.9	342	190	4	1	311	1	337	2.26e-47	162
Psyr_2959	iSDY_1059.SDY_0756	33.2	313	199	5	1	311	1	305	9.94e-48	162
Psyr_2959	iSF_1195.SF3578	33.6	342	191	4	1	311	1	337	6.27e-47	160
Psyr_2960	iSSON_1240.SSON_1639	42.3	227	131	0	73	299	53	279	8.47e-53	174
Psyr_2960	iML1515.b1485	42.3	227	131	0	73	299	53	279	1.19e-52	174
Psyr_2960	iJN1463.PP_3344	39.1	261	159	0	47	307	12	272	4.16e-52	172
Psyr_2960	iSbBS512_1146.SbBS512_E1748	41.9	227	128	1	73	299	53	275	3.63e-50	167
Psyr_2960	iYS854.USA300HOU_RS01060	42.1	221	127	1	87	307	161	380	9.95e-49	166
Psyr_2960	iJN1463.PP_0880	44.8	203	112	0	97	299	88	290	3.74e-46	157
Psyr_2961	STM_v1_0.STM0848	43.0	561	293	5	3	536	8	568	2.75e-137	411
Psyr_2961	iYL1228.KPN_00862	42.7	560	293	7	3	536	8	565	1.71e-131	396
Psyr_2961	iML1515.b0829	42.0	567	290	6	3	536	8	568	2.71e-131	395
Psyr_2961	iSbBS512_1146.SbBS512_E2519	42.0	567	290	6	3	536	8	568	2.71e-131	395
Psyr_2961	iSDY_1059.SDY_0758	41.8	557	297	4	7	536	1	557	5.51e-131	394
Psyr_2961	iSSON_1240.SSON_0811	42.1	563	287	6	7	536	1	557	1.10e-130	394
Psyr_2961	iSF_1195.SF0779	41.9	559	294	5	7	536	1	557	1.73e-129	390
Psyr_2961	iJN1463.PP_4150	44.1	531	285	4	7	534	6	527	5.21e-129	387
Psyr_2961	iEK1008.Rv1281c	41.5	603	278	7	7	536	4	604	4.22e-124	377
Psyr_2961	iYS854.USA300HOU_RS01050	39.4	533	312	5	5	535	2	525	4.60e-123	371
Psyr_2962	iJN1463.PP_4428	37.4	246	146	3	43	288	45	282	4.45e-46	156
Psyr_2963	iJN1463.PP_4427	50.8	199	96	1	20	216	10	208	5.51e-55	174
Psyr_2964	iJN1463.PP_4426	46.0	211	114	0	3	213	4	214	1.03e-60	189
Psyr_2965	iJN1463.PP_4425	55.2	250	108	2	17	262	2	251	3.82e-82	246
Psyr_2965	iYO844.BSU27430	50.8	246	113	2	17	262	2	239	6.17e-78	235
Psyr_2965	iML1515.b1917	52.2	245	115	2	17	261	4	246	7.40e-76	230
Psyr_2965	iJN1463.PP_0225	51.2	246	116	3	17	261	2	244	3.18e-75	229
Psyr_2965	iCN900.CD630_07520	49.6	246	116	2	17	262	2	239	3.07e-75	228
Psyr_2965	iNF517.LLMG_RS09915	51.6	248	108	3	17	262	6	243	7.00e-75	228
Psyr_2965	iNF517.LLMG_RS09720	50.2	247	115	2	16	262	6	244	2.19e-74	226
Psyr_2965	iSDY_1059.SDY_0787	51.2	246	112	2	17	262	2	239	4.98e-74	225
Psyr_2965	iML1515.b0809	51.2	246	112	2	17	262	2	239	7.05e-74	225
Psyr_2965	iSbBS512_1146.SbBS512_E2539	51.2	246	112	2	17	262	2	239	7.05e-74	225
Psyr_2965	STM_v1_0.STM0828	51.2	246	112	2	17	262	2	239	9.99e-74	224
Psyr_2965	iSSON_1240.SSON_0789	51.2	246	112	2	17	262	2	239	9.99e-74	224
Psyr_2965	iJN1463.PP_3597	50.4	246	114	2	17	262	21	258	2.67e-73	224
Psyr_2965	iSF_1195.SF0760	50.8	246	113	2	17	262	2	239	8.07e-73	222
Psyr_2967	iJN1463.PP_3425	82.0	416	69	2	1	413	1	413	1.15e-226	625
Psyr_2968	iJN1463.PP_3426	89.3	1049	112	0	1	1049	1	1049	0.0	1806
Psyr_2969	iJN1463.PP_3427	77.8	465	102	1	1	464	1	465	6.94e-244	673
Psyr_2973	iJN1463.PP_3766	80.3	173	34	0	1	173	1	173	2.66e-104	296
Psyr_2974	iJN1463.PP_2440	81.5	520	96	0	1	520	1	520	6.25e-306	835
Psyr_2975	iJN1463.PP_2439	87.2	187	24	0	1	187	1	187	3.49e-120	337
Psyr_2978	iJN1463.PP_4405	30.5	141	94	3	22	158	13	153	3.18e-10	60.8
Psyr_2979	iJN1463.PP_3819	79.0	448	94	0	1	448	1	448	8.96e-262	717
Psyr_2980	iJN1463.PP_3821	87.1	279	36	0	1	279	1	279	1.08e-180	498
Psyr_2986	iAF692.Mbar_A1916	22.5	360	248	12	235	591	225	556	2.01e-13	72.8
Psyr_2987	iML1515.b3697	28.1	274	184	6	4	268	1	270	6.50e-26	102
Psyr_2987	iML1515.b3826	29.9	271	174	5	7	268	3	266	6.24e-23	94.4
Psyr_2987	iSbBS512_1146.SbBS512_E4293	29.5	271	175	5	7	268	3	266	2.32e-22	92.8
Psyr_2987	iSSON_1240.SSON_4000	29.5	271	175	5	7	268	3	266	2.32e-22	92.8
Psyr_2987	iSF_1195.SF3904	29.2	271	176	5	7	268	3	266	3.23e-22	92.4
Psyr_2988	iJN1463.PP_4042	75.4	500	121	1	9	508	3	500	2.22e-280	769
Psyr_2989	iJN1463.PP_4043	70.5	325	95	1	1	324	1	325	4.98e-163	457
Psyr_2991	iMM1415.69215	38.1	84	51	1	60	143	85	167	2.35e-09	53.5
Psyr_2991	iCHOv1.100757665	40.0	65	38	1	79	143	81	144	4.57e-09	52.4
Psyr_2992	iJN1463.PP_4050	78.6	473	101	0	52	524	41	513	1.77e-280	771
Psyr_2993	iJN1463.PP_4051	62.5	586	201	6	10	592	3	572	4.98e-264	734
Psyr_2994	iJN1463.PP_4052	59.7	692	274	2	1	691	1	688	5.17e-287	801
Psyr_2995	iJN1463.PP_4053	64.4	926	321	4	5	925	1	922	0.0	1173
Psyr_2997	iJN1463.PP_4055	81.8	704	128	0	23	726	14	717	0.0	1233
Psyr_2999	iMM1415.327942	27.6	163	89	6	18	169	19	163	9.12e-06	45.4
Psyr_3003	iNF517.LLMG_RS02035	32.0	175	112	4	10	182	12	181	2.63e-22	89.4
Psyr_3005	iJN1463.PP_1380	67.6	262	85	0	1	262	1	262	1.65e-123	352
Psyr_3008	iJN1463.PP_2862	83.2	274	46	0	1	274	2	275	3.43e-162	451
Psyr_3009	iYL1228.KPN_00755	29.5	207	121	3	1	182	22	228	2.23e-18	79.3
Psyr_3009	iPC815.YPO1128	27.6	210	125	4	1	184	22	230	3.21e-18	79.0
Psyr_3009	STM_v1_0.STM0757	28.0	207	124	3	1	182	22	228	1.64e-16	74.3
Psyr_3014	iEK1008.Rv2850c	57.4	282	114	2	14	289	4	285	6.97e-94	291
Psyr_3014	iSynCJ816.SGL_RS04915	46.4	334	137	4	1	292	1	334	4.23e-87	266
Psyr_3015	iJN1463.PP_3507	79.7	1254	250	2	1	1253	1	1251	0.0	2062
Psyr_3016	iJN1463.PP_4639	30.0	363	197	12	7	354	3	323	1.04e-34	129
Psyr_3019	STM_v1_0.STM2028	43.2	74	42	0	18	91	231	304	4.34e-10	56.2
Psyr_3019	iYL1228.KPN_03193	45.6	68	37	0	18	85	231	298	5.91e-10	55.8
Psyr_3020	iJN1463.PP_3410	76.6	248	58	0	1	248	1	248	8.55e-138	387
Psyr_3021	iAF987.Gmet_1827	24.6	659	364	26	40	668	12	567	7.18e-19	91.7
Psyr_3025	iYS854.USA300HOU_RS03755	29.0	100	71	0	26	125	8	107	1.75e-04	43.1
Psyr_3030	iJN1463.PP_2217	71.5	256	73	0	1	256	1	256	1.18e-127	362
Psyr_3031	iJN1463.PP_2215	77.2	391	89	0	11	401	6	396	1.13e-210	583
Psyr_3035	iLJ478.TM0025	28.8	839	405	23	77	888	44	717	1.60e-89	300
Psyr_3050	iYO844.BSU39780	24.9	305	187	10	16	286	12	308	3.36e-17	79.7
Psyr_3050	iML1515.b1771	26.9	294	173	8	17	270	13	304	3.02e-15	74.3
Psyr_3050	STM_v1_0.STM1288	27.0	259	164	7	36	285	29	271	2.06e-15	74.3
Psyr_3050	iYL1228.KPN_02741	29.2	219	134	8	33	238	24	234	7.15e-15	73.2
Psyr_3050	iJN1463.PP_2368	30.3	244	142	9	40	275	16	239	1.10e-14	72.0
Psyr_3052	iYO844.BSU19580	21.7	429	296	13	25	433	21	429	1.77e-16	81.6
Psyr_3054	iAM_Pb448.PBANKA_092370	26.7	165	104	4	144	291	253	417	6.80e-09	56.2
Psyr_3054	iAM_Pc455.PCYB_093060	21.2	307	191	8	30	288	111	414	9.11e-09	55.8
Psyr_3055	iAM_Pb448.PBANKA_092370	25.0	112	71	1	191	289	303	414	9.07e-05	43.5
Psyr_3056	iJN1463.PP_4034	38.4	388	225	5	30	411	30	409	1.29e-74	239
Psyr_3056	iJN1463.PP_0614	36.2	401	240	6	30	423	33	424	1.34e-69	226
Psyr_3058	iAF987.Gmet_0075	32.0	469	282	8	16	457	20	478	6.12e-58	198
Psyr_3058	iEK1008.Rv2363	33.8	473	292	10	1	464	20	480	4.56e-56	193
Psyr_3058	iEK1008.Rv3375	31.7	473	294	11	3	464	21	475	1.05e-54	189
Psyr_3058	iEK1008.Rv1263	34.5	467	278	10	8	465	15	462	7.97e-55	189
Psyr_3058	iSynCJ816.SGL_RS07160	30.6	477	294	9	16	465	16	482	9.48e-51	179
Psyr_3058	iLJ478.TM1272	32.4	426	248	12	62	460	53	465	8.10e-51	179
Psyr_3063	iYO844.BSU03070	24.4	463	334	7	49	501	44	500	2.17e-32	129
Psyr_3064	iAF692.Mbar_A0420	24.0	229	159	6	45	265	17	238	7.96e-10	58.9
Psyr_3065	iML1515.b1012	28.7	356	242	9	21	370	20	369	6.51e-32	124
Psyr_3065	iSF_1195.SF1015	28.4	356	243	9	21	370	20	369	1.24e-31	123
Psyr_3065	iSDY_1059.SDY_0987	27.8	356	245	9	21	370	20	369	1.18e-30	120
Psyr_3065	iJN1463.PP_2765	26.0	366	237	12	21	371	5	351	1.14e-29	117
Psyr_3068	iEK1008.Rv0021c	41.8	328	170	5	4	320	3	320	6.36e-69	217
Psyr_3070	iJN1463.PP_2514	27.8	151	98	4	74	215	71	219	4.30e-08	52.0
Psyr_3071	iAF692.Mbar_A0248	37.4	372	178	9	9	371	2	327	1.64e-65	211
Psyr_3072	iYL1228.KPN_02117	30.5	262	179	2	6	265	8	268	2.09e-29	115
Psyr_3072	iML1515.b0352	29.9	294	198	5	6	295	8	297	1.45e-28	112
Psyr_3072	iEK1008.Rv3469c	30.0	257	173	3	6	260	12	263	1.97e-28	112
Psyr_3072	iSSON_1240.SSON_0331	29.6	294	199	5	6	295	8	297	1.94e-27	109
Psyr_3072	iEK1008.Rv3534c	29.8	265	183	2	1	263	4	267	5.90e-27	108
Psyr_3076	iAF987.Gmet_2349	33.1	538	339	9	187	714	43	569	1.11e-83	275
Psyr_3076	iYL1228.KPN_00941	33.4	518	327	9	208	716	73	581	3.34e-76	256
Psyr_3076	iML1515.b0914	33.2	518	328	9	208	716	73	581	3.38e-75	253
Psyr_3076	iSbBS512_1146.SbBS512_E2410	33.2	518	328	9	208	716	73	581	3.38e-75	253
Psyr_3076	iSDY_1059.SDY_2344	33.2	518	328	9	208	716	73	581	3.38e-75	253
Psyr_3076	iSF_1195.SF0910	33.2	518	328	9	208	716	73	581	3.38e-75	253
Psyr_3076	iSSON_1240.SSON_0916	33.2	518	328	9	208	716	73	581	4.70e-75	253
Psyr_3076	STM_v1_0.STM0984	33.2	518	328	9	208	716	73	581	1.27e-74	251
Psyr_3076	iJN1463.PP_4935	33.6	509	312	7	217	713	97	591	1.99e-73	249
Psyr_3077	iSDY_1059.SDY_3205	30.6	422	290	2	51	472	21	439	1.98e-54	189
Psyr_3077	iML1515.b3035	30.3	422	291	2	51	472	19	437	9.95e-54	187
Psyr_3077	iSSON_1240.SSON_3173	30.3	422	291	2	51	472	21	439	1.04e-53	187
Psyr_3077	iSbBS512_1146.SbBS512_E3468	30.1	422	292	2	51	472	21	439	1.44e-53	187
Psyr_3077	iSF_1195.SF3075	30.1	422	292	2	51	472	19	437	5.18e-53	186
Psyr_3077	STM_v1_0.STM3186	30.7	423	285	4	51	472	21	436	3.60e-52	183
Psyr_3078	iYS854.USA300HOU_RS10880	27.2	228	126	9	102	293	61	284	7.02e-09	57.0
Psyr_3078	iJN1463.PP_0203	34.3	137	75	5	94	220	151	282	2.80e-08	55.5
Psyr_3078	iHN637.CLJU_RS08540	26.5	151	97	3	39	180	8	153	5.69e-08	54.3
Psyr_3081	iJN1463.PP_3425	23.3	361	250	8	23	364	15	367	3.33e-09	57.8
Psyr_3083	iML1515.b0572	35.5	459	268	8	19	475	7	439	2.02e-59	202
Psyr_3083	iSF_1195.SF0473	36.2	458	266	9	19	475	7	439	8.23e-59	200
Psyr_3083	iSSON_1240.SSON_0523	35.4	460	267	9	19	475	7	439	4.52e-57	196
Psyr_3083	iJN1463.PP_1384	37.8	394	228	7	22	409	10	392	1.55e-54	189
Psyr_3084	iAF987.Gmet_2999	27.7	148	91	2	6	150	10	144	3.52e-13	67.4
Psyr_3084	iAF987.Gmet_1919	29.4	126	88	1	6	130	5	130	8.46e-13	66.2
Psyr_3084	iAF987.Gmet_1706	28.8	118	79	2	5	119	2	117	2.20e-11	62.0
Psyr_3084	iAF987.Gmet_1914	31.1	106	72	1	5	109	3	108	3.95e-11	61.6
Psyr_3085	iAF987.Gmet_0043	25.8	229	154	6	174	390	42	266	3.62e-10	61.2
Psyr_3086	iYO844.BSU01580	56.1	476	204	3	5	480	7	477	1.19e-169	486
Psyr_3087	iCN900.CD630_36640	24.5	375	279	4	98	469	17	390	5.02e-41	150
Psyr_3088	iSynCJ816.SGL_RS16460	28.0	211	125	9	178	371	214	414	2.56e-06	49.3
Psyr_3088	iSynCJ816.SGL_RS12975	32.4	105	64	2	284	381	275	379	6.00e-06	47.8
Psyr_3091	iAF987.Gmet_0069	29.1	127	83	3	3	124	5	129	2.55e-13	67.4
Psyr_3091	iAF987.Gmet_1706	35.3	116	72	2	1	115	1	114	2.71e-13	67.4
Psyr_3091	iAF987.Gmet_2999	42.0	88	48	2	39	123	44	131	5.91e-13	66.6
Psyr_3093	iSynCJ816.SGL_RS13795	34.2	73	45	2	75	146	3	73	3.55e-04	39.7
Psyr_3094	iJN1463.PP_2418	68.6	325	102	0	5	329	32	356	2.64e-163	459
Psyr_3095	iJN1463.PP_2417	72.7	319	87	0	15	333	14	332	1.88e-153	434
Psyr_3096	iJN1463.PP_2416	69.9	256	77	0	7	262	6	261	1.31e-122	349
Psyr_3099	iJN1463.PP_1705	81.6	842	153	1	12	853	11	850	0.0	1375
Psyr_3100	iJN1463.PP_1706	65.8	117	38	1	12	128	5	119	1.29e-53	164
Psyr_3101	iEK1008.Rv3569c	28.9	277	171	8	61	331	31	287	9.43e-17	79.0
Psyr_3103	STM_v1_0.STM3854	67.1	249	82	0	11	259	9	257	4.43e-121	345
Psyr_3103	iML1515.b3725	66.7	249	83	0	11	259	9	257	1.27e-120	344
Psyr_3103	iSbBS512_1146.SbBS512_E4203	66.7	249	83	0	11	259	9	257	1.27e-120	344
Psyr_3103	iSDY_1059.SDY_4025	66.7	249	83	0	11	259	9	257	1.27e-120	344
Psyr_3103	iSF_1195.SF3730	66.7	249	83	0	11	259	9	257	1.27e-120	344
Psyr_3103	iSSON_1240.SSON_3909	66.7	249	83	0	11	259	9	257	1.27e-120	344
Psyr_3103	iYL1228.KPN_04130	66.5	248	83	0	12	259	10	257	2.09e-119	341
Psyr_3103	iPC815.YPO4114	65.1	258	88	1	4	259	1	258	4.35e-119	340
Psyr_3104	iSDY_1059.SDY_4024	56.6	279	113	3	15	292	23	294	6.85e-105	307
Psyr_3104	iSbBS512_1146.SbBS512_E4202	56.6	279	113	3	15	292	23	294	1.38e-104	306
Psyr_3104	iSF_1195.SF3729	56.6	279	113	3	15	292	23	294	1.38e-104	306
Psyr_3104	iML1515.b3726	56.6	279	113	3	15	292	23	294	2.77e-104	305
Psyr_3104	iSSON_1240.SSON_3908	56.3	279	114	3	15	292	23	294	5.56e-104	305
Psyr_3104	STM_v1_0.STM3855	56.9	274	110	3	15	287	23	289	1.29e-102	301
Psyr_3104	iYL1228.KPN_04131	56.6	274	111	3	15	287	23	289	1.48e-101	298
Psyr_3104	iPC815.YPO4115	57.3	274	109	3	15	287	23	289	4.08e-101	297
Psyr_3105	iPC815.YPO4116	57.9	302	126	1	30	330	21	322	7.41e-118	342
Psyr_3105	iYL1228.KPN_04132	57.6	302	127	1	30	330	16	317	1.50e-116	339
Psyr_3105	STM_v1_0.STM3856	57.3	302	128	1	30	330	16	317	2.13e-116	338
Psyr_3105	iML1515.b3727	56.6	302	130	1	30	330	16	317	4.92e-115	335
Psyr_3105	iSbBS512_1146.SbBS512_E4201	56.6	302	130	1	30	330	16	317	4.92e-115	335
Psyr_3105	iSSON_1240.SSON_3907	56.6	302	130	1	30	330	16	317	4.92e-115	335
Psyr_3105	iSF_1195.SF3728	57.3	295	125	1	37	330	3	297	2.03e-114	333
Psyr_3105	iSDY_1059.SDY_4023	51.9	316	137	2	30	330	16	331	1.10e-104	309
Psyr_3106	iPC815.YPO4117	51.4	329	156	2	10	336	10	336	1.62e-114	335
Psyr_3106	STM_v1_0.STM3857	52.2	312	147	1	24	335	26	335	1.22e-111	328
Psyr_3106	iYL1228.KPN_04133	52.2	312	147	1	24	335	26	335	3.99e-110	324
Psyr_3106	iML1515.b3728	52.8	309	144	1	27	335	29	335	8.00e-110	323
Psyr_3106	iSbBS512_1146.SbBS512_E4200	52.8	309	144	1	27	335	29	335	8.00e-110	323
Psyr_3106	iSF_1195.SF3727	52.8	309	144	1	27	335	29	335	8.00e-110	323
Psyr_3106	iSDY_1059.SDY_4022	52.4	309	145	1	27	335	29	335	4.57e-109	321
Psyr_3106	iSSON_1240.SSON_3906	52.4	309	145	1	27	335	29	335	4.57e-109	321
Psyr_3113	iJN1463.PP_1014	65.3	406	136	2	9	412	9	411	3.99e-188	528
Psyr_3115	iJN1463.PP_3178	70.4	379	112	0	1	379	1	379	7.44e-180	504
Psyr_3117	iCHOv1.100767455	27.5	120	83	3	69	184	43	162	1.87e-05	45.8
Psyr_3117	iAT_PLT_636.11343	27.5	120	83	3	69	184	43	162	7.04e-05	43.9
Psyr_3117	iMM1415.23945	27.5	120	83	2	69	184	49	168	1.87e-04	42.7
Psyr_3119	iJN1463.PP_4758	79.1	421	88	0	13	433	18	438	3.13e-241	665
Psyr_3120	iJN1463.PP_4757	80.7	450	85	1	1	450	1	448	1.61e-279	762
Psyr_3120	iYO844.BSU02490	75.3	446	110	0	5	450	10	455	1.44e-256	704
Psyr_3120	iYL1228.KPN_03130	74.2	442	113	1	10	450	5	446	3.27e-253	695
Psyr_3120	iML1515.b2787	74.3	439	112	1	13	450	8	446	6.59e-253	694
Psyr_3120	STM_v1_0.STM2960	74.3	439	112	1	13	450	8	446	1.33e-252	694
Psyr_3120	iHN637.CLJU_RS13895	73.4	444	118	0	7	450	6	449	2.11e-252	693
Psyr_3120	iSF_1195.SF2800	74.0	439	113	1	13	450	8	446	5.40e-252	692
Psyr_3120	iSbBS512_1146.SbBS512_E3086	74.0	439	113	1	13	450	8	446	1.55e-251	691
Psyr_3120	iSSON_1240.SSON_2944	74.0	438	113	1	14	450	9	446	3.62e-250	687
Psyr_3122	iJN1463.PP_3376	41.6	257	139	5	64	311	57	311	1.27e-49	167
Psyr_3122	iHN637.CLJU_RS01885	36.9	263	156	6	30	288	27	283	6.17e-45	155
Psyr_3124	iYL1228.KPN_00165	31.0	716	428	19	29	702	36	727	4.70e-87	288
Psyr_3124	STM_v1_0.STM0191	29.8	731	452	20	8	702	16	721	4.33e-84	280
Psyr_3124	iJN1463.PP_0350	30.7	711	441	18	32	708	116	808	1.49e-82	278
Psyr_3124	iSSON_1240.SSON_0162	30.0	693	426	17	46	702	52	721	3.15e-83	278
Psyr_3124	iML1515.b0150	30.1	697	438	15	46	702	52	739	8.74e-83	277
Psyr_3124	iSF_1195.SF0142	30.1	697	438	15	46	702	52	739	8.74e-83	277
Psyr_3124	iSbBS512_1146.SbBS512_E0142	29.9	693	427	17	46	702	52	721	1.64e-82	276
Psyr_3124	iSDY_1059.SDY_0166	29.7	697	441	15	46	702	52	739	8.76e-81	272
Psyr_3124	iJN1463.PP_0160	30.1	742	459	22	5	708	107	826	4.69e-76	261
Psyr_3125	iCN718.ABAYE_RS00855	62.7	201	75	0	13	213	11	211	3.65e-96	278
Psyr_3126	iJN1463.PP_1156	77.2	267	61	0	8	274	8	274	3.31e-139	395
Psyr_3127	iAF987.Gmet_1914	31.5	108	74	0	1	108	1	108	5.01e-14	70.1
Psyr_3127	iAF987.Gmet_0069	31.1	119	78	2	4	118	5	123	2.70e-13	67.4
Psyr_3128	iAF987.Gmet_0043	30.6	111	73	2	347	453	150	260	4.02e-06	48.9
Psyr_3129	iJN1463.PP_1408	52.1	261	125	0	11	271	12	272	1.19e-98	291
Psyr_3130	iML1515.b0463	26.3	369	242	9	31	375	12	374	8.57e-12	65.9
Psyr_3130	iSSON_1240.SSON_0450	26.3	369	242	9	31	375	12	374	1.14e-11	65.5
Psyr_3130	iSDY_1059.SDY_0456	25.7	369	244	9	31	375	12	374	1.14e-10	62.4
Psyr_3130	iSF_1195.SF0408	25.7	369	244	9	31	375	12	374	2.02e-10	61.6
Psyr_3130	iJN1463.PP_4209	27.8	205	134	2	24	214	4	208	2.65e-10	61.2
Psyr_3131	iAF987.Gmet_3508	23.9	293	197	7	71	345	119	403	3.13e-09	57.8
Psyr_3132	iAF987.Gmet_3509	23.4	1042	729	19	6	1001	4	1022	3.81e-66	241
Psyr_3132	iJN1463.PP_2410	25.5	1057	712	26	6	1006	4	1041	5.53e-61	226
Psyr_3132	iJN1463.PP_0043	24.6	1052	716	27	12	1006	10	1041	3.38e-58	217
Psyr_3134	iPC815.YPO3016	27.2	463	261	12	4	403	23	472	5.60e-33	129
Psyr_3134	STM_v1_0.STM3338	25.6	441	253	11	4	384	10	435	7.19e-31	123
Psyr_3134	iEK1008.Rv1902c	27.5	364	251	6	8	365	6	362	2.76e-30	120
Psyr_3138	iJN1463.PP_2647	21.6	417	295	11	1	398	1	404	7.81e-06	47.4
Psyr_3138	iML1515.b3662	21.1	384	289	10	19	397	22	396	4.16e-05	45.1
Psyr_3153	iLJ478.TM0025	27.9	866	414	26	46	867	8	707	2.86e-85	288
Psyr_3155	iJN1463.PP_1924	40.3	159	93	2	1	159	1	157	4.38e-28	103
Psyr_3155	iJN1463.PP_4846	37.3	166	103	1	5	170	3	167	1.18e-27	101
Psyr_3157	iJN1463.PP_3602	74.7	526	133	0	1	526	1	526	8.88e-279	766
Psyr_3158	iPC815.YPO2448	34.3	394	220	10	6	387	4	370	3.77e-56	188
Psyr_3159	STM_v1_0.STM3186	28.0	446	290	6	10	442	10	437	1.25e-41	154
Psyr_3159	iSDY_1059.SDY_3205	26.6	451	297	6	10	444	10	442	2.29e-39	147
Psyr_3159	iML1515.b3035	26.4	451	298	6	10	444	8	440	5.83e-39	146
Psyr_3159	iSSON_1240.SSON_3173	26.4	451	298	6	10	444	10	442	6.00e-39	146
Psyr_3159	iSbBS512_1146.SbBS512_E3468	26.4	451	298	6	10	444	10	442	8.26e-39	146
Psyr_3159	iSF_1195.SF3075	26.2	451	299	6	10	444	8	440	2.89e-38	144
Psyr_3161	iPC815.YPO1913	37.8	259	156	4	300	555	310	566	1.61e-38	149
Psyr_3161	iSDY_1059.SDY_1025	30.6	359	234	6	208	557	838	1190	3.89e-35	141
Psyr_3161	iAF987.Gmet_2634	36.0	253	149	3	321	561	318	569	1.49e-34	137
Psyr_3161	iPC815.YPO1395	30.7	339	224	5	227	555	229	566	7.29e-34	135
Psyr_3166	iCN718.ABAYE_RS15395	39.4	241	140	3	23	257	22	262	1.83e-47	158
Psyr_3167	STM_v1_0.STM0689	69.3	410	126	0	17	426	15	424	4.26e-204	570
Psyr_3172	iAF692.Mbar_A3624	28.8	212	142	5	33	238	13	221	2.08e-11	63.9
Psyr_3172	iYO844.BSU22670	25.5	188	133	3	20	205	4	186	1.44e-10	61.2
Psyr_3172	iHN637.CLJU_RS07885	25.3	217	153	4	33	243	14	227	2.58e-10	60.5
Psyr_3174	iJN1463.PP_3999	79.4	461	95	0	1	461	1	461	6.69e-270	739
Psyr_3175	iJN1463.PP_4000	87.8	425	52	0	1	425	1	425	4.56e-272	741
Psyr_3176	iML1515.b0624	33.1	121	68	3	1	117	1	112	2.11e-11	56.6
Psyr_3183	iCN900.CD630_20200	37.2	870	397	13	6	746	10	859	2.20e-175	525
Psyr_3186	iJN1463.PP_4012	81.4	741	137	1	1	740	1	741	0.0	1197
Psyr_3187	iEK1008.Rv0134	26.8	299	178	11	12	288	14	293	1.16e-16	78.2
Psyr_3189	iML1515.b1134	35.4	144	91	2	3	146	2	143	6.83e-23	87.8
Psyr_3189	iSDY_1059.SDY_2018	35.4	144	91	2	3	146	2	143	6.83e-23	87.8
Psyr_3189	iSF_1195.SF1153	35.4	144	91	2	3	146	2	143	6.83e-23	87.8
Psyr_3189	iSSON_1240.SSON_1152	34.7	144	92	2	3	146	2	143	2.71e-22	86.3
Psyr_3189	iSbBS512_1146.SbBS512_E1312	34.0	144	93	2	3	146	2	143	4.26e-21	83.2
Psyr_3189	iYL1228.KPN_01142	36.6	142	88	2	3	144	2	141	9.16e-20	79.7
Psyr_3192	iJN1463.PP_4016	91.0	456	41	0	17	472	1	456	6.62e-305	827
Psyr_3194	iCN718.ABAYE_RS03670	41.2	131	77	0	6	136	4	134	8.17e-33	112
Psyr_3196	iJN1463.PP_4116	94.6	441	24	0	1	441	1	441	1.35e-315	852
Psyr_3197	iJN1463.PP_4119	95.6	137	6	0	1	137	1	137	6.24e-92	261
Psyr_3198	iJN1463.PP_4120	93.8	225	13	1	1	224	1	225	2.82e-158	436
Psyr_3199	iJN1463.PP_4121	93.3	593	40	0	1	593	1	593	0.0	1159
Psyr_3200	iJN1463.PP_4122	89.7	165	17	0	1	165	1	165	2.67e-111	313
Psyr_3201	iJN1463.PP_4123	92.7	453	32	1	1	452	1	453	2.92e-318	860
Psyr_3202	iJN1463.PP_4124	87.7	905	110	1	1	905	1	904	0.0	1615
Psyr_3203	iJN1463.PP_4125	93.1	335	23	0	1	335	1	335	2.50e-230	628
Psyr_3204	iJN1463.PP_4126	96.7	182	6	0	1	182	1	182	3.97e-119	334
Psyr_3205	iJN1463.PP_4127	88.6	166	19	0	1	166	1	166	8.09e-96	274
Psyr_3206	iJN1463.PP_4128	93.1	102	7	0	1	102	1	102	2.94e-60	179
Psyr_3207	iJN1463.PP_4129	89.6	617	64	0	1	617	1	617	0.0	1092
Psyr_3208	iJN1463.PP_4130	87.8	510	62	0	1	510	1	510	0.0	891
Psyr_3209	iJN1463.PP_4131	83.8	489	79	0	1	489	1	489	3.43e-285	780
Psyr_3212	iAF987.Gmet_1914	29.4	153	106	2	2	154	3	153	5.71e-12	63.9
Psyr_3212	iAF987.Gmet_0069	33.1	118	75	2	4	117	6	123	2.91e-10	58.5
Psyr_3215	iJN1463.PP_2341	84.7	118	18	0	1	118	1	118	3.58e-82	235
Psyr_3217	iJN1463.PP_2239	68.5	295	93	0	1	295	1	295	7.47e-131	373
Psyr_3219	iAM_Pv461.PVX_117760	29.5	645	379	12	11	588	157	792	3.74e-69	239
Psyr_3219	iAM_Pc455.PCYB_126090	29.8	645	377	12	11	588	5	640	5.93e-70	238
Psyr_3219	iAM_Pf480.PF3D7_1454400	29.0	627	387	16	12	588	133	751	1.32e-65	228
Psyr_3219	iAM_Pb448.PBANKA_131810	28.1	634	389	13	13	588	128	752	1.12e-62	220
Psyr_3220	iJN1463.PP_2435	62.3	374	133	1	6	379	27	392	1.65e-148	426
Psyr_3221	iAF987.Gmet_0886	28.1	360	223	9	11	341	14	366	1.02e-34	131
Psyr_3221	iAF987.Gmet_2351	27.4	325	228	5	32	350	35	357	9.22e-32	122
Psyr_3221	iYL1228.KPN_03847	27.7	361	222	9	22	353	12	362	1.28e-30	119
Psyr_3221	iSF_1195.SF2332	27.3	359	232	10	19	353	9	362	3.36e-30	118
Psyr_3221	iSSON_1240.SSON_2314	27.3	359	232	10	19	353	31	384	4.72e-30	118
Psyr_3221	iML1515.b2253	27.3	359	232	10	19	353	20	373	5.52e-30	118
Psyr_3223	iYO844.BSU35550	34.2	111	68	4	16	126	6	111	1.65e-10	60.1
Psyr_3224	iCHOv1.100773599	34.2	149	87	5	3	141	7	154	6.95e-13	62.0
Psyr_3224	iMM1415.11431	33.8	148	87	5	4	141	8	154	9.73e-13	61.6
Psyr_3228	iEK1008.Rv3032	29.4	163	106	3	223	377	214	375	1.25e-11	65.5
Psyr_3228	STM_v1_0.STM3714	32.1	137	77	4	230	350	198	334	6.28e-11	63.2
Psyr_3229	iJN1463.PP_1801	32.2	267	164	5	89	340	104	368	5.66e-26	107
Psyr_3230	iSynCJ816.SGL_RS12975	29.7	192	121	7	125	307	151	337	1.25e-09	59.3
Psyr_3231	iML1515.b2047	48.6	467	220	7	10	469	11	464	2.85e-142	415
Psyr_3233	iJN1463.PP_0236	67.2	177	58	0	1	177	1	177	2.52e-75	224
Psyr_3234	iCN718.ABAYE_RS06960	41.5	195	111	3	8	199	4	198	4.46e-41	137
Psyr_3234	iPC815.YPO0181	40.9	193	106	4	6	193	4	193	1.10e-38	131
Psyr_3237	iJN1463.PP_3122	85.3	231	34	0	1	231	1	231	3.47e-147	409
Psyr_3238	iJN1463.PP_3123	90.8	218	20	0	1	218	1	218	1.01e-141	394
Psyr_3239	iJN1463.PP_3124	87.3	472	60	0	1	472	1	472	1.91e-301	819
Psyr_3240	iYS854.USA300HOU_RS11480	28.3	247	164	3	3	236	284	530	7.19e-28	110
Psyr_3240	iJN1463.PP_1610	27.3	256	162	5	6	238	284	538	2.45e-24	100
Psyr_3240	iYL1228.KPN_03124	27.9	251	159	4	6	234	285	535	3.37e-24	100
Psyr_3240	iIT341.HP0349	25.6	250	167	1	8	238	288	537	4.50e-24	99.8
Psyr_3241	iJN1463.PP_3376	36.1	255	153	4	58	302	58	312	5.11e-41	144
Psyr_3241	iYO844.BSU23070	30.2	298	198	3	16	308	17	309	4.98e-39	143
Psyr_3241	iAF692.Mbar_A1431	31.9	263	172	4	47	303	43	304	6.51e-38	140
Psyr_3241	iSynCJ816.SGL_RS08600	33.0	270	172	3	47	307	44	313	2.45e-37	139
Psyr_3241	iYS854.USA300HOU_RS04605	33.6	262	161	4	58	308	59	318	2.27e-37	135
Psyr_3241	iEK1008.Rv2996c	34.9	261	165	3	47	302	46	306	1.20e-35	134
Psyr_3241	iYS854.USA300HOU_RS09145	31.3	262	173	3	44	299	45	305	1.75e-35	134
Psyr_3241	iYS854.USA300HOU_RS12475	36.0	242	146	5	61	294	61	301	5.95e-37	134
Psyr_3241	iJN1463.PP_0762	35.8	260	148	4	58	303	62	316	9.07e-37	133
Psyr_3241	iHN637.CLJU_RS01885	36.2	224	138	2	65	284	66	288	1.59e-36	132
Psyr_3242	iYS854.USA300HOU_RS04760	37.0	305	129	9	51	354	57	299	1.16e-46	161
Psyr_3242	iYO844.BSU02130	34.7	346	158	11	10	354	3	281	4.16e-46	159
Psyr_3243	iJN1463.PP_2590	39.8	713	397	13	28	728	79	771	5.20e-155	468
Psyr_3244	iJN1463.PP_3664	59.1	438	177	2	10	447	7	442	6.60e-185	522
Psyr_3247	iJN1463.PP_0238	69.7	380	109	2	1	378	3	378	5.12e-195	542
Psyr_3247	iML1515.b0935	66.3	377	124	1	1	377	3	376	1.09e-184	516
Psyr_3247	iYL1228.KPN_00971	66.3	377	124	1	1	377	3	376	3.11e-184	515
Psyr_3247	iSF_1195.SF0934	66.0	377	125	1	1	377	3	376	4.42e-184	514
Psyr_3247	iPC815.YPO3625	66.0	377	126	1	1	377	3	377	3.74e-183	512
Psyr_3252	iJN1463.PP_2230	83.5	959	157	1	1	958	1	959	0.0	1559
Psyr_3253	iJN1463.PP_2229	94.6	111	6	0	1	111	1	111	2.46e-69	202
Psyr_3254	iJN1463.PP_2228	74.8	552	139	0	1	552	1	552	6.19e-289	795
Psyr_3255	iJN1463.PP_2227	69.8	162	49	0	1	162	1	162	4.82e-76	223
Psyr_3256	iJN1463.PP_2226	82.6	92	16	0	1	92	1	92	2.46e-43	135
Psyr_3257	iJN1463.PP_2225	76.1	113	27	0	9	121	8	120	1.58e-56	171
Psyr_3263	iPC815.YPO2499	41.9	313	162	4	29	336	33	330	4.22e-61	198
Psyr_3263	iCN900.CD630_03020	36.6	339	191	4	7	340	11	330	4.24e-58	190
Psyr_3263	iNF517.LLMG_RS04065	41.8	297	148	6	52	338	32	313	5.00e-58	189
Psyr_3263	iLJ478.TM0955	41.6	305	167	4	37	332	22	324	8.99e-57	187
Psyr_3263	iML1515.b3750	43.2	278	137	3	63	331	52	317	1.49e-55	183
Psyr_3263	iYL1228.KPN_04155	41.7	278	141	3	63	331	52	317	1.16e-54	181
Psyr_3263	iYO844.BSU35950	38.0	324	172	5	19	335	20	321	2.37e-54	180
Psyr_3263	STM_v1_0.STM3883	42.1	278	140	3	63	331	52	317	6.42e-54	179
Psyr_3263	iML1515.b2148	36.2	326	183	7	27	338	21	335	1.88e-53	178
Psyr_3263	iSbBS512_1146.SbBS512_E0823	36.2	326	183	7	27	338	21	335	1.88e-53	178
Psyr_3263	iSSON_1240.SSON_2204	36.2	326	183	7	27	338	21	335	1.88e-53	178
Psyr_3264	STM_v1_0.STM2189	49.1	495	248	3	31	522	12	505	7.69e-165	476
Psyr_3264	iML1515.b2149	48.9	495	249	3	31	522	12	505	1.24e-163	473
Psyr_3264	iSF_1195.SF2234	48.9	495	249	3	31	522	12	505	1.24e-163	473
Psyr_3264	iSSON_1240.SSON_2205	48.9	495	249	3	31	522	12	505	1.24e-163	473
Psyr_3264	iML1515.b3749	50.3	491	242	2	32	521	4	493	1.70e-162	470
Psyr_3264	iYL1228.KPN_04154	49.7	491	245	2	32	521	4	493	3.42e-162	469
Psyr_3264	STM_v1_0.STM3882	49.7	491	245	2	32	521	4	493	2.76e-161	467
Psyr_3264	iPC815.YPO1508	47.3	495	257	3	31	522	12	505	3.26e-161	467
Psyr_3264	iYL1228.KPN_02587	48.1	491	251	3	35	522	1	490	4.52e-160	464
Psyr_3265	iML1515.b2150	33.3	336	191	11	1	310	1	329	1.35e-30	117
Psyr_3265	iSF_1195.SF2235	33.3	336	191	11	1	310	1	329	1.35e-30	117
Psyr_3265	iSSON_1240.SSON_2206	33.3	336	191	11	1	310	1	329	1.35e-30	117
Psyr_3265	iSbBS512_1146.SbBS512_E0816	33.3	336	191	11	1	310	1	329	1.88e-30	117
Psyr_3265	STM_v1_0.STM2190	30.7	332	202	8	2	310	3	329	1.88e-29	114
Psyr_3265	iHN637.CLJU_RS04410	31.6	307	183	10	27	311	35	336	2.80e-29	114
Psyr_3265	iYL1228.KPN_04156	29.6	274	183	4	18	291	20	283	5.03e-29	112
Psyr_3265	iYO844.BSU35960	30.0	280	183	5	24	303	37	303	1.16e-28	111
Psyr_3265	iYL1228.KPN_02588	30.9	320	193	8	14	310	25	339	8.16e-28	110
Psyr_3265	iPC815.YPO1507	30.6	327	197	9	8	310	13	333	1.01e-27	109
Psyr_3265	iPC815.YPO3908	28.2	294	201	5	18	306	17	305	1.99e-26	105
Psyr_3266	iAF692.Mbar_A1138	26.3	209	145	6	1	207	2	203	8.51e-13	67.8
Psyr_3268	iYL1228.KPN_04675	73.1	335	90	0	1	335	27	361	1.51e-171	480
Psyr_3269	iYL1228.KPN_04674	70.1	646	192	1	1	645	1	646	0.0	909
Psyr_3271	iJN1463.PP_0597	60.6	495	192	3	6	498	3	496	3.11e-215	603
Psyr_3271	iCN718.ABAYE_RS06910	58.4	495	203	3	6	498	27	520	5.42e-210	591
Psyr_3271	STM_v1_0.STM4421	54.7	497	221	2	6	498	3	499	1.66e-196	556
Psyr_3271	iYL1228.KPN_04670	54.1	497	224	2	6	498	3	499	6.72e-196	554
Psyr_3271	iEK1008.Rv0753c	55.0	504	215	3	7	498	5	508	8.05e-192	544
Psyr_3272	iYO844.BSU39750	51.0	255	117	3	15	268	23	270	2.60e-82	248
Psyr_3272	STM_v1_0.STM4420	49.1	267	127	4	2	266	3	262	1.59e-80	243
Psyr_3272	iYL1228.KPN_04671	48.1	268	129	4	1	266	1	260	2.26e-80	243
Psyr_3273	iYL1228.KPN_04677	39.2	291	171	4	10	295	6	295	4.99e-68	213
Psyr_3273	iYO844.BSU39720	39.1	289	172	4	13	299	9	295	1.89e-64	204
Psyr_3274	iYL1228.KPN_04673	54.9	638	284	2	7	644	3	636	4.23e-246	693
Psyr_3275	iLJ478.TM0148	28.7	150	99	4	132	280	279	421	1.14e-05	46.2
Psyr_3277	iJN1463.PP_3264	59.1	394	151	3	8	399	5	390	3.43e-164	466
Psyr_3280	iAF692.Mbar_A3594	38.4	242	130	8	5	244	11	235	2.92e-50	164
Psyr_3280	iAF987.Gmet_2684	40.0	205	120	2	3	206	5	207	3.50e-46	155
Psyr_3280	iSynCJ816.SGL_RS12240	41.1	207	117	2	6	209	40	244	1.01e-44	152
Psyr_3281	iJN1463.PP_2145	83.3	336	56	0	1	336	1	336	2.66e-198	547
Psyr_3289	iJN1463.PP_2137	93.4	391	26	0	1	391	1	391	1.95e-269	731
Psyr_3290	iJN1463.PP_2136	90.2	714	70	0	1	714	1	714	0.0	1266
Psyr_3294	iJN1463.PP_4150	24.4	529	283	18	18	496	25	486	9.52e-22	99.0
Psyr_3294	iYO844.BSU02860	28.7	244	136	6	1	231	1	219	9.79e-23	97.1
Psyr_3294	iML1515.b2180	23.1	542	308	15	2	494	4	485	2.13e-20	94.7
Psyr_3294	iJN1463.PP_0118	29.3	232	116	5	3	225	5	197	1.43e-21	94.4
Psyr_3294	iSDY_1059.SDY_3635	30.2	255	148	8	1	238	1	242	4.39e-21	93.2
Psyr_3294	iSbBS512_1146.SbBS512_E3841	29.7	229	140	6	18	238	27	242	1.48e-20	91.7
Psyr_3294	iPC815.YPO2060	28.4	229	122	6	3	225	4	196	1.09e-20	91.7
Psyr_3294	iSSON_1240.SSON_3718	29.7	229	140	6	18	238	27	242	3.66e-20	90.5
Psyr_3294	iML1515.b3480	29.7	219	135	5	18	230	27	232	4.95e-20	90.1
Psyr_3294	iJN1463.PP_1484	28.8	236	124	5	5	226	6	211	2.10e-19	89.7
Psyr_3295	iJN1463.PP_2130	78.9	641	134	1	1	641	17	656	0.0	1040
Psyr_3297	iAF987.Gmet_0069	27.1	129	82	3	181	306	5	124	2.21e-04	42.0
Psyr_3299	iJN1463.PP_1494	32.1	109	71	2	6	112	21	128	1.80e-06	47.4
Psyr_3300	iJN1463.PP_2125	74.9	295	70	1	1	295	15	305	7.20e-156	437
Psyr_3301	iML1515.b2047	45.4	324	169	4	155	478	149	464	2.81e-82	261
Psyr_3302	iJN1463.PP_1776	62.8	476	174	2	4	477	3	477	2.83e-210	589
Psyr_3307	iEK1008.Rv3032	28.7	178	111	6	224	391	219	390	1.89e-05	46.2
Psyr_3308	iJN1463.PP_1801	27.0	355	208	13	13	338	12	344	2.12e-11	64.3
Psyr_3310	iYO844.BSU40850	37.7	106	63	1	149	251	75	180	1.74e-10	58.5
Psyr_3311	iJN1463.PP_0601	26.4	469	315	13	19	458	21	488	9.26e-11	63.5
Psyr_3313	iMM904.YPL092W	23.4	367	226	9	21	332	7	373	5.37e-14	72.8
Psyr_3319	iML1515.b1967	27.4	146	96	6	80	220	131	271	5.26e-07	48.9
Psyr_3322	iJN1463.PP_3751	39.1	404	234	4	6	407	2	395	2.25e-79	249
Psyr_3322	iYL1228.KPN_02734	40.3	382	225	3	9	389	7	386	7.01e-78	246
Psyr_3322	iML1515.b0341	39.1	379	226	3	13	389	1	376	2.06e-76	241
Psyr_3325	iJN1463.PP_4620	68.8	430	131	1	1	430	1	427	6.35e-214	594
Psyr_3326	iJN1463.PP_4621	73.2	425	114	0	10	434	9	433	9.38e-241	662
Psyr_3328	iAF987.Gmet_0069	42.8	187	99	4	350	532	128	310	4.55e-33	128
Psyr_3328	iJN1463.PP_1494	42.3	168	95	2	360	526	166	332	2.48e-32	126
Psyr_3328	iAF987.Gmet_1298	41.0	173	94	4	362	531	182	349	1.32e-29	119
Psyr_3328	iAF987.Gmet_2721	41.2	182	102	4	347	526	485	663	3.27e-27	115
Psyr_3329	iAF987.Gmet_0987	36.9	555	341	3	161	710	225	775	1.45e-113	361
Psyr_3329	iAF987.Gmet_0700	36.2	539	332	4	177	709	276	808	5.85e-104	336
Psyr_3329	iAF987.Gmet_0782	39.8	442	262	1	279	716	281	722	1.18e-104	336
Psyr_3329	iAF987.Gmet_3085	38.9	437	262	1	282	713	442	878	3.56e-102	333
Psyr_3330	iJN1463.PP_3433	86.9	358	47	0	1	358	1	358	4.14e-236	644
Psyr_3331	iJN1463.PP_3745	84.8	499	76	0	1	499	1	499	2.32e-318	864
Psyr_3331	iML1515.b2979	81.0	499	95	0	1	499	1	499	4.83e-304	828
Psyr_3332	iJN1463.PP_3746	70.7	351	100	2	3	352	2	350	3.94e-175	489
Psyr_3332	iML1515.b4468	64.0	347	122	2	7	352	6	350	1.71e-157	445
Psyr_3333	iJN1463.PP_3747	71.5	410	117	0	1	410	1	410	4.70e-227	626
Psyr_3333	iML1515.b4467	70.8	404	118	0	1	404	1	404	6.38e-217	600
Psyr_3334	STM_v1_0.STM2050	32.8	119	76	2	19	133	213	331	9.07e-07	46.2
Psyr_3336	STM_v1_0.STM3884	21.1	303	221	7	43	336	3	296	4.32e-07	50.4
Psyr_3336	iML1515.b3751	21.7	304	218	9	43	336	3	296	1.03e-06	49.3
Psyr_3336	iYL1228.KPN_04156	20.8	303	222	8	43	336	3	296	1.03e-06	49.3
Psyr_3336	iYO844.BSU35960	23.5	221	151	6	71	283	39	249	1.91e-06	48.5
Psyr_3337	iJN1463.PP_3416	65.9	167	57	0	5	171	2	168	3.29e-74	220
Psyr_3338	iJN1463.PP_3417	86.4	450	61	0	1	450	1	450	1.12e-268	734
Psyr_3344	iCHOv1.100765125	30.5	200	113	8	60	243	159	348	3.42e-16	77.8
Psyr_3345	iSF_1195.SF0142	27.7	682	418	25	55	681	63	724	1.11e-53	197
Psyr_3345	iML1515.b0150	27.6	682	419	25	55	681	63	724	9.68e-53	194
Psyr_3345	iSDY_1059.SDY_0166	27.4	682	420	25	55	681	63	724	1.79e-52	193
Psyr_3345	iJN1463.PP_0160	27.5	701	434	24	51	705	156	828	1.27e-51	192
Psyr_3345	STM_v1_0.STM0364	27.4	653	414	23	61	678	49	676	2.07e-50	187
Psyr_3353	iYO844.BSU38630	48.1	482	236	5	28	495	33	514	1.70e-151	443
Psyr_3353	iYO844.BSU08820	45.3	475	249	6	26	492	2	473	1.09e-141	416
Psyr_3353	iIT341.HP0875	46.4	481	247	4	35	504	13	493	1.63e-138	409
Psyr_3353	iJN1463.PP_0481	44.3	469	254	5	30	492	5	472	1.46e-135	400
Psyr_3353	iAF692.Mbar_A0814	46.5	486	247	8	30	505	10	492	9.53e-135	399
Psyr_3363	iYO844.BSU01580	41.7	470	264	4	6	474	15	475	8.90e-112	338
Psyr_3364	iSynCJ816.SGL_RS12260	26.0	177	111	5	53	212	55	228	3.31e-08	54.7
Psyr_3367	iYO844.BSU38280	27.0	204	148	1	6	208	224	427	7.76e-14	70.9
Psyr_3368	iYS854.USA300HOU_RS01820	29.1	230	162	1	164	392	48	277	4.44e-24	100
Psyr_3368	iYO844.BSU38270	28.6	206	144	1	189	394	179	381	9.03e-23	98.6
Psyr_3369	iML1515.b1019	60.2	417	153	4	19	431	14	421	5.93e-172	488
Psyr_3370	iYS854.USA300HOU_RS01820	42.8	236	126	2	48	278	48	279	7.72e-62	196
Psyr_3371	iCHOv1.100768542	25.7	183	106	7	102	254	222	404	1.41e-07	51.6
Psyr_3371	iMM1415.211389	25.5	188	100	5	102	254	223	405	1.89e-07	51.2
Psyr_3371	iAT_PLT_636.6821	26.2	183	105	7	102	254	229	411	6.08e-07	49.7
Psyr_3372	iAF987.Gmet_2929	24.4	197	105	6	8	180	24	200	6.32e-08	50.8
Psyr_3374	iAF987.Gmet_0069	39.5	119	67	3	3	116	5	123	3.44e-19	84.0
Psyr_3375	iAF987.Gmet_0043	28.8	177	118	3	291	460	91	266	1.13e-13	72.8
Psyr_3378	iML1515.b3240	24.5	641	403	18	16	617	13	611	1.58e-24	108
Psyr_3380	iML1515.b3241	39.9	286	170	2	1	285	1	285	6.06e-58	187
Psyr_3381	iJN1463.PP_3427	31.0	465	304	9	16	475	16	468	3.23e-55	191
Psyr_3382	iYO844.BSU31322	44.1	68	36	1	156	223	21	86	8.84e-13	67.0
Psyr_3383	iJN1463.PP_4305	87.3	330	42	0	12	341	3	332	2.71e-212	582
Psyr_3389	iML1515.b2197	50.7	148	67	1	1	142	1	148	8.39e-41	134
Psyr_3389	iSbBS512_1146.SbBS512_E0744	50.7	148	67	1	1	142	1	148	8.39e-41	134
Psyr_3389	iSDY_1059.SDY_0881	50.7	148	67	1	1	142	1	148	8.39e-41	134
Psyr_3389	iSF_1195.SF2281	50.7	148	67	1	1	142	1	148	8.39e-41	134
Psyr_3389	iSSON_1240.SSON_2255	50.7	148	67	1	1	142	1	148	1.19e-40	133
Psyr_3391	iJN1463.PP_4325	81.4	253	47	0	10	262	3	255	2.22e-155	432
Psyr_3392	iJN1463.PP_4326	87.8	221	27	0	3	223	2	222	9.12e-122	344
Psyr_3393	iJN1463.PP_4327	70.6	211	60	1	5	215	2	210	9.49e-103	295
Psyr_3398	iCN900.CD630_28190	30.2	351	228	8	5	353	3	338	8.38e-38	139
Psyr_3400	iJN1463.PP_0323	27.2	389	250	12	2	373	28	400	1.89e-26	109
Psyr_3401	iML1515.b1448	33.3	102	48	4	43	127	46	144	3.98e-04	40.0
Psyr_3402	iYS854.USA300HOU_RS11455	44.4	468	260	0	18	485	6	473	1.25e-126	376
Psyr_3402	iEK1008.Rv0223c	43.4	472	259	5	18	483	10	479	8.64e-116	349
Psyr_3404	iJN1463.PP_2112	84.0	914	145	1	1	914	1	913	0.0	1545
Psyr_3406	iCHOv1.100759944	29.1	86	61	0	18	103	113	198	8.23e-05	45.1
Psyr_3413	iJN1463.PP_4255	87.7	480	59	0	1	480	1	480	0.0	886
Psyr_3414	iJN1463.PP_4256	82.2	202	36	0	1	202	1	202	1.01e-124	350
Psyr_3414	iJN1463.PP_4251	75.7	202	49	0	1	202	1	202	1.64e-114	324
Psyr_3415	iJN1463.PP_4257	77.2	57	13	0	1	57	1	57	1.91e-25	88.2
Psyr_3416	iJN1463.PP_4258	74.7	324	82	0	1	324	1	324	9.11e-189	522
Psyr_3416	iJN1463.PP_4253	69.4	317	83	1	1	317	1	303	6.33e-170	474
Psyr_3421	iEK1008.Rv0103c	33.9	749	444	14	94	801	8	746	4.89e-109	350
Psyr_3421	iEK1008.Rv0092	32.7	744	467	10	93	809	9	745	6.88e-106	342
Psyr_3421	iYO844.BSU33500	32.4	725	464	10	104	804	79	801	3.50e-105	342
Psyr_3421	iSDY_1059.SDY_0434	30.4	793	508	13	42	803	50	829	2.77e-103	337
Psyr_3421	iSF_1195.SF0429	30.5	793	507	14	42	803	50	829	3.87e-103	337
Psyr_3421	iML1515.b0484	30.5	794	506	15	42	803	50	829	7.51e-103	336
Psyr_3421	iYS854.USA300HOU_RS13880	32.2	739	449	14	104	807	78	799	5.16e-103	336
Psyr_3421	STM_v1_0.STM0353	33.8	761	436	17	92	803	7	748	4.01e-103	335
Psyr_3421	iSSON_1240.SSON_0473	30.4	794	507	15	42	803	50	829	3.95e-102	334
Psyr_3421	iJN1463.PP_0586	35.1	733	422	20	102	801	75	786	4.95e-102	333
Psyr_3421	iSbBS512_1146.SbBS512_E0419	30.3	793	509	14	42	803	50	829	4.02e-101	332
Psyr_3421	STM_v1_0.STM0498	30.2	797	511	14	43	808	51	833	2.06e-100	330
Psyr_3421	iSynCJ816.SGL_RS05435	30.9	747	460	17	102	803	7	742	1.15e-98	323
Psyr_3423	iJN1463.PP_4264	77.0	461	105	1	1	461	1	460	1.96e-265	727
Psyr_3426	iJN1463.PP_4266	77.3	181	41	0	1	181	1	181	2.31e-102	291
Psyr_3430	iCN900.CD630_07170	40.3	62	36	1	10	71	8	68	5.95e-04	40.0
Psyr_3431	iAF987.Gmet_2727	29.9	157	81	5	111	245	248	397	4.11e-09	56.6
Psyr_3433	iAF987.Gmet_1914	32.1	106	67	3	4	108	3	104	1.47e-06	49.7
Psyr_3436	iAF987.Gmet_1914	30.8	120	80	2	6	125	3	119	1.74e-14	68.2
Psyr_3438	iHN637.CLJU_RS02400	25.2	246	164	7	15	248	8	245	1.94e-10	59.7
Psyr_3451	iAF987.Gmet_1919	30.6	124	83	2	10	132	5	126	4.34e-12	67.4
Psyr_3451	iAF987.Gmet_2999	30.8	130	87	1	1	130	4	130	1.10e-11	66.2
Psyr_3454	iCN900.CD630_02510	47.3	421	216	3	26	446	24	438	2.96e-131	385
Psyr_3459	iAF987.Gmet_1914	41.6	101	59	0	5	105	4	104	3.00e-16	80.5
Psyr_3467	iJN1463.PP_4379	83.5	309	50	1	2	309	1	309	6.62e-190	523
Psyr_3468	iEK1008.Rv3265c	27.1	225	142	9	718	925	10	229	4.82e-07	52.4
Psyr_3469	iYO844.BSU35550	34.0	97	62	2	2	97	3	98	7.30e-08	54.7
Psyr_3472	iYS854.USA300HOU_RS14370	35.9	153	78	8	254	396	322	464	5.41e-09	57.8
Psyr_3483	iML1515.b0340	62.8	156	57	1	1	155	1	156	4.51e-64	192
Psyr_3492	iJN1463.PP_4399	84.2	412	65	0	35	446	1	412	7.01e-253	693
Psyr_3500	iJN1463.PP_3537	69.5	394	119	1	1	393	1	394	9.42e-205	568
Psyr_3501	iJN1463.PP_3940	43.8	420	228	3	5	421	8	422	1.07e-122	363
Psyr_3506	iMM1415.11883	22.0	377	212	11	291	612	19	368	1.36e-07	54.3
Psyr_3506	iCHOv1.100754567	43.3	60	34	0	291	350	20	79	1.82e-07	53.9
Psyr_3506	iCHOv1.100753973	40.0	45	27	0	290	334	29	73	3.84e-06	49.7
Psyr_3511	iAF987.Gmet_0069	39.5	119	68	2	3	117	5	123	1.56e-15	73.6
Psyr_3511	iAF987.Gmet_1914	32.4	111	75	0	2	112	3	113	7.95e-14	69.3
Psyr_3512	iAF987.Gmet_0043	24.6	248	162	7	196	429	6	242	9.71e-07	50.8
Psyr_3513	iJN1463.PP_5257	61.7	428	164	0	1	428	5	432	4.16e-200	559
Psyr_3514	iJN1463.PP_5258	89.5	496	52	0	1	496	1	496	0.0	886
Psyr_3515	iJN1463.PP_4108	77.7	412	92	0	3	414	4	415	1.19e-234	645
Psyr_3522	iJN1463.PP_0297	77.3	458	104	0	1	458	1	458	1.63e-258	709
Psyr_3522	iJN1463.PP_3144	71.0	458	133	0	1	458	1	458	1.79e-234	649
Psyr_3523	iSynCJ816.SGL_RS17805	42.0	371	211	3	14	380	30	400	2.69e-88	272
Psyr_3524	iYO844.BSU31060	42.3	433	238	6	71	496	57	484	3.50e-112	340
Psyr_3524	iYO844.BSU19310	38.9	471	281	5	23	488	23	491	3.60e-110	335
Psyr_3524	iJN1463.PP_5278	38.9	493	289	7	9	489	4	496	1.08e-109	334
Psyr_3524	iMM904.YER073W	38.3	467	283	4	23	486	47	511	2.37e-108	332
Psyr_3524	iCN718.ABAYE_RS11785	39.0	479	280	6	23	494	8	481	1.88e-108	331
Psyr_3524	iMM1415.19378	41.7	444	251	5	52	489	71	512	8.85e-108	330
Psyr_3524	iCHOv1.100772304	42.1	418	237	4	75	489	1	416	3.04e-107	325
Psyr_3524	iMM904.YOR374W	40.9	435	248	4	55	486	85	513	2.49e-104	321
Psyr_3524	iYS854.USA300HOU_RS14160	37.0	476	291	6	23	490	12	486	2.54e-104	320
Psyr_3524	iMM1415.72535	40.4	450	256	6	52	493	72	517	5.49e-103	318
Psyr_3524	iCHOv1.100758951	39.3	440	261	3	55	489	72	510	1.28e-101	314
Psyr_3524	iMM1415.11669	39.4	457	263	6	46	493	66	517	1.21e-101	314
Psyr_3524	iCHOv1.100765516	40.2	450	257	6	52	493	72	517	6.73e-101	312
Psyr_3524	iYS854.USA300HOU_RS00890	36.2	473	296	5	23	490	16	487	9.47e-101	311
Psyr_3524	iCN718.ABAYE_RS14150	37.3	475	286	6	23	488	6	477	1.54e-100	310
Psyr_3524	iYL1228.KPN_01018	36.5	493	287	10	13	488	9	492	1.94e-100	310
Psyr_3524	iEK1008.Rv2858c	38.9	452	269	3	37	488	5	449	2.30e-100	309
Psyr_3524	iAT_PLT_636.223	38.8	449	269	3	46	489	63	510	4.02e-99	308
Psyr_3524	iYL1228.KPN_04787	36.9	461	282	4	46	499	29	487	1.70e-99	308
Psyr_3524	iYL1228.KPN_02991	37.6	495	292	8	17	498	16	506	4.03e-99	307
Psyr_3524	STM_v1_0.STM1102	35.5	487	304	5	20	499	4	487	2.40e-99	307
Psyr_3524	iJN1463.PP_0545	37.2	495	294	8	17	498	16	506	8.01e-99	306
Psyr_3525	iCN718.ABAYE_RS18705	36.9	287	171	4	8	286	6	290	6.62e-47	159
Psyr_3525	STM_v1_0.STM3248	31.7	284	193	1	1	284	1	283	4.69e-43	149
Psyr_3525	iJN1463.PP_4666	36.3	284	175	1	8	285	6	289	1.27e-42	147
Psyr_3525	iSF_1195.SF3162	32.0	284	192	1	1	284	4	286	1.97e-42	147
Psyr_3525	iYL1228.KPN_03537	31.7	284	193	1	1	284	1	283	1.40e-41	145
Psyr_3525	iSDY_1059.SDY_3319	31.3	284	194	1	1	284	4	286	1.51e-41	145
Psyr_3525	iMM1415.58875	33.2	286	185	1	6	285	42	327	9.63e-41	144
Psyr_3525	iML1515.b3125	31.2	282	193	1	3	284	1	281	7.31e-41	143
Psyr_3525	iSbBS512_1146.SbBS512_E3233	31.2	282	193	1	3	284	1	281	7.31e-41	143
Psyr_3525	iSSON_1240.SSON_3280	31.3	284	194	1	1	284	4	286	8.25e-41	143
Psyr_3527	iJN1463.PP_3970	81.2	389	73	0	1	389	1	389	4.57e-241	661
Psyr_3529	iYL1228.KPN_01788	63.6	242	88	0	1	242	4	245	1.33e-99	290
Psyr_3531	iPC815.YPO1083	62.9	464	171	1	9	471	16	479	2.02e-208	585
Psyr_3532	iAF987.Gmet_1919	34.3	108	67	4	565	671	4	108	9.98e-09	57.4
Psyr_3539	iCHOv1.100751291	30.5	187	125	2	8	190	54	239	8.12e-23	94.7
Psyr_3540	iEK1008.Rv2048c	30.5	341	186	11	5	330	1367	1671	7.89e-24	102
Psyr_3540	iEK1008.Rv1912c	30.0	293	192	7	29	314	30	316	1.89e-24	101
Psyr_3540	iEK1008.Rv3777	27.6	341	222	7	1	332	4	328	1.62e-23	98.6
Psyr_3541	iCHOv1.100773401	32.6	279	158	5	4	257	3	276	4.45e-33	122
Psyr_3541	iMM1415.235033	32.3	279	159	5	4	257	3	276	3.66e-32	120
Psyr_3541	iML1515.b0493	33.2	262	161	4	6	262	15	267	4.25e-29	110
Psyr_3542	iYS854.USA300HOU_RS06185	38.6	241	145	2	6	244	3	242	6.62e-43	145
Psyr_3542	iYO844.BSU15910	36.9	244	151	2	3	244	2	244	1.54e-41	142
Psyr_3542	iYO844.BSU03930	35.8	246	154	2	3	244	5	250	4.52e-41	141
Psyr_3542	iSynCJ816.SGL_RS07245	37.6	245	146	3	3	244	4	244	8.78e-41	140
Psyr_3542	iCN900.CD630_25770	36.3	240	150	2	6	243	4	242	7.18e-39	135
Psyr_3542	iCN718.ABAYE_RS11380	36.6	243	154	0	1	243	1	243	2.82e-38	133
Psyr_3542	iLB1027_lipid.PHATRDRAFT_13073	35.8	246	152	4	4	244	5	249	3.46e-38	133
Psyr_3542	iIT341.HP0561	33.3	246	161	2	1	244	1	245	1.64e-37	131
Psyr_3545	iCN718.ABAYE_RS14915	35.1	245	145	5	3	244	7	240	8.66e-36	127
Psyr_3545	iYS854.USA300HOU_RS06185	36.8	242	145	2	5	244	6	241	4.77e-35	125
Psyr_3545	iYO844.BSU15910	34.6	243	149	3	5	244	8	243	3.87e-34	122
Psyr_3548	iCHOv1.100758427	31.5	89	55	2	15	103	33	115	6.89e-06	45.4
Psyr_3548	iJN1463.PP_4619	33.8	68	42	1	19	86	14	78	8.58e-05	42.0
Psyr_3549	iML1515.b0465	36.0	203	130	0	534	736	840	1042	1.29e-29	126
Psyr_3549	iML1515.b4159	34.1	226	146	1	517	739	808	1033	1.54e-28	122
Psyr_3552	iJN1463.PP_4471	89.2	480	52	0	1	480	1	480	1.53e-295	805
Psyr_3555	iJN1463.PP_4473	92.5	411	30	1	1	410	1	411	1.71e-266	726
Psyr_3556	iJN1463.PP_4474	88.1	874	104	0	26	899	1	874	0.0	1517
Psyr_3557	iAF987.Gmet_0270	63.9	335	117	2	1	331	1	335	1.06e-141	404
Psyr_3557	iPC815.YPO1357	59.8	338	130	3	3	334	2	339	2.24e-131	377
Psyr_3557	STM_v1_0.STM0934	60.0	330	131	1	3	331	1	330	1.49e-130	375
Psyr_3557	iYL1228.KPN_00903	57.6	330	139	1	3	331	1	330	8.00e-128	368
Psyr_3558	iJN1463.PP_0517	36.5	104	66	0	17	120	16	119	7.85e-14	65.1
Psyr_3558	iAF987.Gmet_1627	34.1	132	84	1	29	160	27	155	1.08e-12	62.0
Psyr_3558	iPC815.YPO3182	30.6	147	98	2	15	160	12	155	3.00e-12	60.8
Psyr_3559	iJN1463.PP_4475	71.9	335	94	0	1	335	1	335	3.57e-170	476
Psyr_3561	iJN1463.PP_4477	83.6	446	73	0	1	446	1	446	9.89e-276	752
Psyr_3562	iJN1463.PP_4478	83.6	487	80	0	1	487	1	487	2.14e-292	798
Psyr_3563	iJN1463.PP_4479	86.5	340	45	1	1	339	1	340	2.89e-214	588
Psyr_3564	iJN1463.PP_4480	86.0	343	44	1	1	343	1	339	3.42e-215	590
Psyr_3565	iJN1463.PP_4481	79.2	404	84	0	1	404	1	404	1.09e-248	680
Psyr_3567	iJN1463.PP_4483	92.5	254	19	0	1	254	1	254	2.36e-167	462
Psyr_3569	iJN1463.PP_4484	90.0	231	23	0	1	231	1	231	3.56e-142	396
Psyr_3570	iJN1463.PP_4485	89.5	229	24	0	1	229	1	229	1.64e-141	394
Psyr_3571	iJN1463.PP_4486	82.5	257	45	0	1	257	1	257	1.07e-152	425
Psyr_3572	iJN1463.PP_4487	91.2	651	57	0	1	651	44	694	0.0	1236
Psyr_3575	iJN1463.PP_4490	84.6	259	40	0	1	259	1	259	2.00e-166	460
Psyr_3576	iJN1463.PP_4491	84.7	118	18	0	1	118	1	118	1.25e-73	214
Psyr_3578	iJN1463.PP_4492	79.3	358	74	0	11	368	7	364	2.12e-194	542
Psyr_3580	iJN1463.PP_4495	84.8	461	70	0	1	461	1	461	3.06e-281	768
Psyr_3581	iNF517.LLMG_RS06045	36.5	241	138	7	18	253	2	232	2.08e-38	138
Psyr_3581	iYS854.USA300HOU_RS07985	34.3	239	148	5	17	253	6	237	9.55e-37	134
Psyr_3589	iAF987.Gmet_1706	33.1	118	75	3	3	118	2	117	1.29e-12	65.5
Psyr_3589	iAF987.Gmet_1919	22.3	197	147	2	4	194	5	201	4.13e-11	61.2
Psyr_3591	iAF987.Gmet_0043	32.1	106	65	3	343	441	162	267	1.01e-07	53.9
Psyr_3593	iJN1463.PP_4507	85.1	484	72	0	1	484	1	484	1.19e-301	821
Psyr_3595	iAF987.Gmet_2776	25.3	257	150	10	15	251	1	235	2.32e-09	56.2
Psyr_3597	iJN1463.PP_0240	48.2	247	119	3	20	258	16	261	1.11e-63	200
Psyr_3597	iPC815.YPO3627	49.3	229	107	2	20	240	12	239	2.92e-61	194
Psyr_3597	iYL1228.KPN_00969	46.3	229	114	3	20	240	11	238	3.47e-59	188
Psyr_3597	iML1515.b0933	45.9	229	115	3	20	240	11	238	5.88e-57	182
Psyr_3597	iSSON_1240.SSON_0936	45.9	229	115	3	20	240	11	238	5.88e-57	182
Psyr_3598	iYL1228.KPN_00970	48.1	241	125	0	42	282	16	256	6.94e-77	234
Psyr_3598	iCN718.ABAYE_RS19055	44.8	250	138	0	33	282	14	263	8.45e-76	231
Psyr_3598	iPC815.YPO3626	47.3	239	126	0	44	282	19	257	1.69e-75	231
Psyr_3598	iJN1463.PP_0239	49.0	239	122	0	44	282	19	257	6.80e-75	229
Psyr_3598	iML1515.b0934	45.6	239	130	0	44	282	18	256	1.52e-70	218
Psyr_3598	iSSON_1240.SSON_0937	45.6	239	130	0	44	282	18	256	1.52e-70	218
Psyr_3598	iSDY_1059.SDY_2323	45.6	239	130	0	44	282	18	256	2.15e-70	218
Psyr_3599	iJN1463.PP_3219	54.2	360	157	3	1	354	1	358	3.40e-122	356
Psyr_3602	iCN900.CD630_15350	34.6	104	64	3	61	162	87	188	1.47e-06	49.7
Psyr_3603	iJN1463.PP_0237	34.5	284	177	3	31	308	26	306	7.55e-48	163
Psyr_3603	iCN718.ABAYE_RS19045	34.0	250	162	2	61	308	71	319	4.48e-43	150
Psyr_3603	iSbBS512_1146.SbBS512_E2382	33.9	310	191	8	9	308	13	318	3.90e-42	148
Psyr_3603	iCN718.ABAYE_RS19040	34.3	254	166	1	55	308	62	314	1.17e-41	147
Psyr_3604	iYO844.BSU04520	33.7	362	225	6	32	386	26	379	1.51e-54	184
Psyr_3604	iYS854.USA300HOU_RS12370	32.0	366	231	5	26	384	25	379	1.31e-52	179
Psyr_3605	iPC815.YPO0794	47.5	743	382	4	7	741	11	753	3.60e-247	704
Psyr_3606	iJN1463.PP_0237	32.0	281	183	3	17	292	17	294	8.97e-37	134
Psyr_3606	iYL1228.KPN_00972	35.2	270	161	5	31	292	30	293	3.66e-33	124
Psyr_3606	iML1515.b0936	34.6	266	168	3	31	292	29	292	5.00e-33	124
Psyr_3606	iSF_1195.SF0935	34.6	266	168	3	31	292	43	306	6.59e-33	124
Psyr_3606	iSSON_1240.SSON_0939	34.6	266	168	3	31	292	43	306	6.59e-33	124
Psyr_3606	iCN718.ABAYE_RS19045	31.4	245	162	3	56	297	71	312	1.14e-32	123
Psyr_3606	iSbBS512_1146.SbBS512_E2382	34.2	266	169	3	31	292	43	306	2.48e-32	122
Psyr_3610	iJN1463.PP_1877	83.8	160	26	0	1	160	1	160	2.03e-99	282
Psyr_3612	iJN1463.PP_0914	26.8	246	180	0	14	259	11	256	2.08e-26	115
Psyr_3613	iJN1463.PP_1874	69.4	160	49	0	1	160	1	160	2.65e-82	239
Psyr_3614	STM_v1_0.STM1291	57.0	121	52	0	5	125	14	134	1.86e-50	157
Psyr_3614	iML1515.b1778	57.3	117	50	0	9	125	8	124	2.74e-50	156
Psyr_3614	iSF_1195.SF1445	57.3	117	50	0	9	125	8	124	2.74e-50	156
Psyr_3614	iSSON_1240.SSON_1385	57.3	117	50	0	9	125	8	124	2.74e-50	156
Psyr_3614	iSDY_1059.SDY_1489	56.4	117	51	0	9	125	8	124	1.11e-49	154
Psyr_3614	iYL1228.KPN_01198	57.1	119	51	0	7	125	6	124	1.29e-48	152
Psyr_3614	iPC815.YPO2158	58.9	107	44	0	22	128	21	127	1.06e-47	149
Psyr_3614	iEK1008.Rv2674	55.0	131	57	2	3	131	5	135	6.83e-46	145
Psyr_3615	iJN1463.PP_1872	92.6	403	30	0	1	403	1	403	8.55e-286	774
Psyr_3622	iJN1463.PP_1866	91.3	448	39	0	1	448	1	448	1.96e-307	832
Psyr_3633	iJN1463.PP_3589	75.3	425	104	1	1	424	1	425	1.54e-228	631
Psyr_3636	iJN1463.PP_1805	76.6	659	154	0	2	660	26	684	0.0	1011
Psyr_3637	iJN1463.PP_1804	57.0	335	139	3	4	336	3	334	1.99e-136	390
Psyr_3638	iJN1463.PP_1803	57.2	311	133	0	10	320	8	318	3.78e-119	345
Psyr_3642	iHN637.CLJU_RS10465	33.9	336	212	5	21	350	302	633	2.49e-57	202
Psyr_3643	iJN1463.PP_1771	82.4	227	40	0	1	227	1	227	1.82e-124	351
Psyr_3644	iJN1463.PP_1770	51.8	741	144	3	6	533	5	745	1.86e-224	637
Psyr_3645	iJN1463.PP_1769	92.9	364	26	0	1	364	4	367	4.36e-244	665
Psyr_3646	iJN1463.PP_1768	80.3	361	71	0	1	361	1	361	8.95e-221	606
Psyr_3648	iJN1463.PP_1766	71.2	358	103	0	8	365	1	358	7.47e-176	492
Psyr_3649	iAF692.Mbar_A3252	40.0	425	245	5	9	431	3	419	4.72e-85	266
Psyr_3650	iJN1463.PP_1765	94.4	231	13	0	1	231	1	231	5.24e-160	441
Psyr_3651	iJN1463.PP_1764	83.4	223	37	0	1	223	1	223	2.24e-136	381
Psyr_3652	iLJ478.TM1724	31.4	242	151	5	11	243	3	238	3.58e-23	94.0
Psyr_3653	iAF987.Gmet_0069	43.8	162	89	1	147	306	142	303	3.18e-33	124
Psyr_3653	iAF987.Gmet_1298	39.0	195	116	2	113	304	150	344	3.52e-31	119
Psyr_3653	iJN1463.PP_0129	41.3	160	94	0	145	304	483	642	1.19e-29	118
Psyr_3653	iAF987.Gmet_0043	42.8	173	94	3	140	308	408	579	1.30e-29	117
Psyr_3653	iAF987.Gmet_2425	42.9	161	86	3	147	304	187	344	1.81e-29	114
Psyr_3653	iSbBS512_1146.SbBS512_E0302	35.6	219	127	5	103	308	149	366	5.90e-29	113
Psyr_3653	iSDY_1059.SDY_0358	35.2	219	128	5	103	308	154	371	8.81e-29	113
Psyr_3655	iJN1463.PP_1761	65.7	820	279	2	1	820	24	841	0.0	1074
Psyr_3656	iAF987.Gmet_2349	34.5	484	301	7	127	602	91	566	6.82e-73	244
Psyr_3661	iJN1463.PP_1755	86.9	464	61	0	1	464	1	464	5.77e-292	795
Psyr_3662	iJN1463.PP_3720	30.1	146	79	4	18	143	5	147	2.64e-11	60.5
Psyr_3669	iJN1463.PP_1689	75.0	424	103	2	4	427	1	421	3.24e-234	645
Psyr_3670	iJN1463.PP_1686	71.0	183	53	0	2	184	20	202	7.90e-92	266
Psyr_3671	iAF987.Gmet_2465	19.4	418	301	8	1	388	1	412	4.01e-08	54.7
Psyr_3671	iMM1415.57274	31.2	170	106	6	9	173	18	181	7.09e-07	50.8
Psyr_3672	iJN1463.PP_1681	73.1	242	61	2	1	242	12	249	2.32e-108	312
Psyr_3673	iJN1463.PP_1680	70.8	185	53	1	5	189	3	186	1.46e-90	262
Psyr_3674	iJN1463.PP_1679	72.6	351	95	1	1	350	1	351	1.96e-170	478
Psyr_3675	iJN1463.PP_1678	75.1	173	43	0	1	173	1	173	1.36e-85	248
Psyr_3676	iJN1463.PP_1677	83.2	483	81	0	1	483	1	483	1.45e-291	795
Psyr_3677	iJN1463.PP_1676	59.6	332	130	1	1	332	1	328	8.69e-134	383
Psyr_3678	iJN1463.PP_1675	81.5	302	56	0	1	302	6	307	4.74e-183	506
Psyr_3679	iJN1463.PP_1674	78.2	216	47	0	1	216	1	216	4.80e-123	347
Psyr_3680	iJN1463.PP_1673	83.4	427	71	0	5	431	5	431	8.40e-259	708
Psyr_3681	iJN1463.PP_1672	84.7	203	31	0	1	203	1	203	1.62e-126	354
Psyr_3682	iCN718.ABAYE_RS07200	66.7	433	139	2	4	436	6	433	5.37e-217	603
Psyr_3683	iML1515.b1655	44.3	131	72	1	47	176	140	270	4.85e-38	131
Psyr_3684	iML1515.b2175	33.8	198	102	7	12	209	18	186	6.25e-25	97.1
Psyr_3684	iML1515.b1655	37.7	122	72	3	95	215	152	270	2.66e-23	94.7
Psyr_3685	STM_v1_0.STM1221	28.8	243	145	12	12	244	42	266	1.90e-16	76.3
Psyr_3687	iSynCJ816.SGL_RS13900	23.9	305	219	6	31	332	62	356	8.91e-10	59.3
Psyr_3689	iJN1463.PP_1665	91.2	352	31	0	1	352	1	352	2.49e-234	639
Psyr_3690	iJN1463.PP_1664	80.1	211	42	0	5	215	6	216	6.45e-119	336
Psyr_3694	iJN1463.PP_1657	77.2	276	62	1	2	277	3	277	2.55e-155	433
Psyr_3695	iJN1463.PP_1656	89.0	747	81	1	1	747	1	746	0.0	1335
Psyr_3697	iJN1463.PP_1654	85.9	297	42	0	14	310	1	297	1.21e-186	515
Psyr_3698	iAF987.Gmet_0043	27.0	326	215	9	270	589	26	334	6.95e-20	94.4
Psyr_3701	iPC815.YPO3868	32.8	64	40	2	43	106	24	84	5.30e-07	45.4
Psyr_3701	iJN1463.PP_5215	33.3	54	35	1	43	96	25	77	3.92e-06	43.1
Psyr_3701	iYL1228.KPN_04282	39.5	43	25	1	44	86	25	66	5.45e-06	42.7
Psyr_3701	iJN1463.PP_5069	31.8	66	38	2	35	99	50	109	1.30e-05	42.4
Psyr_3702	iJN1463.PP_1645	80.3	117	23	0	1	117	1	117	1.70e-66	196
Psyr_3703	iAF987.Gmet_0771	39.7	199	112	3	6	196	3	201	5.79e-39	132
Psyr_3703	iML1515.b1004	39.8	201	105	5	6	197	4	197	1.42e-35	123
Psyr_3707	iJN1463.PP_1188	87.4	438	55	0	1	438	1	438	1.05e-266	729
Psyr_3709	iAF987.Gmet_1914	30.6	108	75	0	2	109	3	110	4.00e-13	67.4
Psyr_3709	iAF987.Gmet_1919	28.4	116	83	0	3	118	5	120	7.86e-13	66.2
Psyr_3709	iAF987.Gmet_1706	34.7	121	71	3	1	117	1	117	1.11e-11	62.8
Psyr_3713	iJN1463.PP_1183	60.2	236	91	1	7	242	1	233	1.54e-95	279
Psyr_3714	iSF_1195.SF4400	28.1	231	132	10	34	246	47	261	2.26e-12	64.7
Psyr_3714	iSDY_1059.SDY_4625	28.1	231	132	10	34	246	47	261	7.86e-12	63.2
Psyr_3714	iSbBS512_1146.SbBS512_E4909	28.1	231	132	10	34	246	47	261	1.46e-11	62.4
Psyr_3714	iML1515.b4367	27.7	231	133	10	34	246	47	261	3.70e-11	61.2
Psyr_3716	iAF987.Gmet_0069	34.5	119	73	2	10	123	5	123	5.11e-11	61.2
Psyr_3716	iAF987.Gmet_1706	33.9	118	71	3	10	123	3	117	7.24e-11	60.8
Psyr_3716	iAF987.Gmet_2999	30.3	119	76	3	9	122	9	125	8.96e-10	57.8
Psyr_3717	iJN1463.PP_1179	91.7	971	68	5	1	970	1	959	0.0	1748
Psyr_3721	iJN1463.PP_1177	88.0	416	49	1	1	415	1	416	7.52e-268	729
Psyr_3722	iJN1463.PP_4219	40.5	3367	1840	67	3203	6505	44	3313	0.0	2103
Psyr_3733	iAM_Pb448.PBANKA_110710	38.7	75	37	2	335	408	489	555	8.37e-05	46.2
Psyr_3733	iAM_Pb448.PBANKA_091170	25.6	316	160	11	66	380	678	919	8.85e-04	43.1
Psyr_3733	iAM_Pf480.PF3D7_0507500	32.0	97	54	4	335	429	576	662	7.81e-04	43.1
Psyr_3734	iAM_Pc455.PCYB_094280	27.5	284	158	13	56	326	704	952	3.69e-10	63.9
Psyr_3734	iAM_Pv461.PVX_092460	27.6	279	164	12	56	326	859	1107	6.57e-10	63.2
Psyr_3734	iAM_Pf480.PF3D7_1136900	27.9	280	162	11	56	326	725	973	9.78e-09	59.3
Psyr_3734	iAM_Pb448.PBANKA_091170	25.1	291	156	12	56	326	676	924	1.26e-08	58.9
Psyr_3737	iYS854.USA300HOU_RS11635	35.7	70	44	1	30	99	87	155	3.21e-04	39.3
Psyr_3738	iYS854.USA300HOU_RS07595	31.9	429	246	7	8	395	5	428	1.85e-56	199
Psyr_3741	iAF987.Gmet_1092	36.1	202	118	1	299	489	72	273	2.48e-32	125
Psyr_3742	iJN1463.PP_0612	27.3	198	104	9	448	641	198	359	1.09e-04	44.7
Psyr_3743	iCN900.CD630_19470	41.2	216	124	1	2	214	10	225	8.90e-50	161
Psyr_3743	iYO844.BSU32750	37.3	225	136	3	1	221	1	224	5.57e-43	147
Psyr_3743	iJN1463.PP_0114	38.2	225	133	4	1	220	1	224	6.84e-43	147
Psyr_3747	iJN1463.PP_1750	84.2	595	89	1	1	590	1	595	0.0	1026
Psyr_3748	iSynCJ816.SGL_RS08660	28.5	333	218	7	268	582	158	488	7.72e-27	115
Psyr_3753	iCN718.ABAYE_RS13080	38.4	245	149	2	29	271	18	262	3.59e-51	169
Psyr_3753	iCN718.ABAYE_RS13055	38.4	245	149	2	29	271	17	261	1.95e-50	167
Psyr_3756	iJN1463.PP_1743	89.7	554	55	1	1	552	1	554	0.0	928
Psyr_3756	iPC815.YPO0251	83.1	537	91	0	16	552	15	551	1.80e-307	841
Psyr_3757	iJN1463.PP_2796	33.0	103	69	0	1	103	1	103	8.92e-16	66.6
Psyr_3758	iJN1463.PP_1741	76.2	282	65	1	3	284	8	287	5.06e-150	421
Psyr_3760	iSbBS512_1146.SbBS512_E2729	39.1	138	80	2	73	206	30	167	2.51e-22	92.4
Psyr_3760	iSDY_1059.SDY_2550	39.1	138	80	2	73	206	30	167	2.51e-22	92.4
Psyr_3760	iSF_1195.SF2424	39.1	138	80	2	73	206	30	167	2.51e-22	92.4
Psyr_3760	iSSON_1240.SSON_2403	39.1	138	80	2	73	206	30	167	2.51e-22	92.4
Psyr_3760	STM_v1_0.STM2392	38.4	138	81	2	73	206	30	167	2.51e-21	89.7
Psyr_3762	iYL1228.KPN_01628	30.4	368	254	2	19	385	11	377	1.21e-40	148
Psyr_3762	iJN1463.PP_2428	29.9	371	260	0	18	388	25	395	1.99e-39	145
Psyr_3762	iML1515.b1528	30.5	370	251	4	19	385	11	377	4.26e-39	144
Psyr_3762	iSbBS512_1146.SbBS512_E1677	30.5	370	251	4	19	385	11	377	4.26e-39	144
Psyr_3762	iSSON_1240.SSON_1600	30.5	370	251	4	19	385	11	377	4.26e-39	144
Psyr_3762	STM_v1_0.STM1522	28.1	363	261	0	19	381	11	373	8.23e-39	143
Psyr_3762	iSF_1195.SF1566	30.6	346	234	4	19	361	11	353	4.22e-36	135
Psyr_3763	iSbBS512_1146.SbBS512_E0302	35.2	338	214	1	4	341	30	362	1.95e-70	224
Psyr_3763	iSDY_1059.SDY_0358	34.3	338	222	0	4	341	30	367	2.25e-70	224
Psyr_3768	iPC815.YPO0465	48.3	414	214	0	3	416	23	436	8.75e-130	382
Psyr_3769	iJN1463.PP_2590	26.9	684	433	24	67	724	129	771	5.28e-50	187
Psyr_3771	iML1515.b0837	59.6	349	136	1	35	383	24	367	3.38e-152	434
Psyr_3771	iSbBS512_1146.SbBS512_E2507	59.3	349	137	1	35	383	24	367	1.37e-151	432
Psyr_3771	iSSON_1240.SSON_0820	59.3	349	137	1	35	383	24	367	1.94e-151	432
Psyr_3771	iYL1228.KPN_00869	60.7	341	125	2	45	383	32	365	3.95e-148	423
Psyr_3774	iAF987.Gmet_0043	22.3	273	191	8	127	388	5	267	1.31e-06	50.1
Psyr_3775	iSDY_1059.SDY_3663	24.1	145	87	4	13	147	10	141	5.85e-06	46.2
Psyr_3775	iSbBS512_1146.SbBS512_E3793	24.6	142	90	4	13	147	10	141	1.05e-05	45.4
Psyr_3775	iSSON_1240.SSON_3545	24.6	142	90	4	13	147	10	141	1.05e-05	45.4
Psyr_3775	iML1515.b3412	24.6	142	90	4	13	147	10	141	1.41e-05	45.1
Psyr_3775	iSF_1195.SF3435	24.6	142	90	4	13	147	10	141	1.45e-05	45.1
Psyr_3776	iMM904.YPR062W	51.4	144	67	2	5	145	15	158	4.48e-50	157
Psyr_3778	iJN1463.PP_2775	23.6	356	221	11	4	331	1	333	1.11e-11	64.7
Psyr_3778	iYL1228.KPN_03010	22.3	269	191	6	72	332	68	326	3.24e-11	63.2
Psyr_3778	iML1515.b2679	23.8	273	181	9	72	332	72	329	8.29e-10	58.9
Psyr_3778	iSbBS512_1146.SbBS512_E3200	23.8	273	181	9	72	332	72	329	8.29e-10	58.9
Psyr_3778	iSF_1195.SF2707	23.8	273	181	9	72	332	72	329	8.29e-10	58.9
Psyr_3778	iSSON_1240.SSON_2824	23.8	273	181	9	72	332	72	329	1.11e-09	58.5
Psyr_3780	iAM_Pc455.PCYB_071570	36.1	133	81	1	30	162	89	217	4.35e-22	89.0
Psyr_3780	iAM_Pb448.PBANKA_080930	34.5	139	87	1	24	162	78	212	2.98e-21	86.7
Psyr_3780	iYO844.BSU15720	41.0	134	66	3	29	160	27	149	4.54e-21	84.3
Psyr_3780	iAM_Pv461.PVX_098840	35.7	129	79	1	30	158	34	158	1.16e-20	84.0
Psyr_3780	iAM_Pf480.PF3D7_0907900	32.1	159	101	2	4	162	66	217	6.65e-20	83.2
Psyr_3792	iAF987.Gmet_0043	25.2	242	170	4	184	414	25	266	1.23e-08	56.6
Psyr_3793	iAF987.Gmet_0069	31.2	199	112	5	3	196	4	182	7.30e-16	74.7
Psyr_3793	iAF987.Gmet_1706	30.0	170	112	3	4	168	3	170	2.98e-13	67.4
Psyr_3797	iJN1463.PP_3720	41.5	241	133	1	1	241	3	235	5.51e-59	187
Psyr_3800	iML1515.b3662	43.5	370	209	0	18	387	17	386	4.64e-94	288
Psyr_3803	iML1515.b0577	44.4	376	208	1	36	411	33	407	3.80e-109	327
Psyr_3804	iYS854.USA300HOU_RS07595	30.2	344	218	9	17	357	11	335	8.54e-39	149
Psyr_3814	iML1515.b4093	30.7	88	50	2	64	140	49	136	2.30e-04	39.3
Psyr_3814	iMM904.YFL017C	34.5	55	36	0	84	138	95	149	2.70e-04	39.3
Psyr_3821	iSynCJ816.SGL_RS07245	35.2	244	140	8	8	242	10	244	9.62e-30	111
Psyr_3821	iLJ478.TM1724	36.0	253	131	9	5	241	6	243	1.85e-29	110
Psyr_3821	iCN718.ABAYE_RS14915	31.7	249	154	9	3	244	4	243	5.46e-27	103
Psyr_3821	iCN900.CD630_25770	32.7	254	141	9	4	241	3	242	1.53e-26	102
Psyr_3821	iML1515.b1619	34.1	249	145	7	3	241	10	249	3.68e-26	102
Psyr_3821	iEK1008.Rv1928c	30.8	247	154	6	5	241	12	251	1.00e-25	100
Psyr_3821	iJN1463.PP_2794	33.1	251	145	6	3	242	12	250	1.40e-25	100
Psyr_3827	iAF987.Gmet_2349	40.5	279	160	2	324	602	297	569	3.04e-65	223
Psyr_3827	iYL1228.KPN_00941	44.9	256	134	3	351	604	331	581	1.94e-61	213
Psyr_3827	iML1515.b0914	30.0	583	381	11	34	604	14	581	7.16e-61	212
Psyr_3827	iSbBS512_1146.SbBS512_E2410	30.0	583	381	11	34	604	14	581	7.16e-61	212
Psyr_3827	iSDY_1059.SDY_2344	30.0	583	381	11	34	604	14	581	7.16e-61	212
Psyr_3827	iSF_1195.SF0910	45.3	256	133	3	351	604	331	581	1.91e-60	211
Psyr_3827	iSSON_1240.SSON_0916	45.3	256	133	3	351	604	331	581	1.91e-60	211
Psyr_3827	STM_v1_0.STM0984	30.3	584	378	12	34	604	14	581	7.04e-60	209
Psyr_3827	iPC815.YPO1395	42.6	256	140	3	351	604	331	581	1.28e-57	203
Psyr_3830	iJN1463.PP_4545	79.6	373	76	0	1	373	18	390	8.09e-211	582
Psyr_3834	iJN1463.PP_4549	85.6	563	81	0	1	563	1	563	0.0	1004
Psyr_3836	iJN1463.PP_4550	80.8	562	108	0	1	562	1	562	0.0	936
Psyr_3838	iJN1463.PP_4552	86.1	151	21	0	1	151	1	151	7.37e-91	260
Psyr_3843	iJN1463.PP_1144	60.5	722	285	0	1	722	1	722	2.80e-299	837
Psyr_3845	iJN1463.PP_1141	81.5	367	68	0	7	373	3	369	2.27e-222	611
Psyr_3846	iJN1463.PP_1140	90.2	307	30	0	1	307	1	307	3.83e-188	519
Psyr_3847	iJN1463.PP_1139	83.5	417	68	1	1	416	1	417	2.41e-236	650
Psyr_3848	iJN1463.PP_1138	85.9	255	36	0	1	255	1	255	2.14e-159	442
Psyr_3849	iJN1463.PP_1137	91.4	233	20	0	1	233	1	233	8.84e-148	410
Psyr_3851	iSynCJ816.SGL_RS16540	33.3	66	40	2	212	276	237	299	5.23e-04	42.4
Psyr_3853	iJN1463.PP_1129	86.5	215	29	0	1	215	1	215	1.62e-141	393
Psyr_3854	iAF987.Gmet_2727	28.2	170	98	5	138	285	229	396	3.22e-07	51.6
Psyr_3854	iAF987.Gmet_1832	37.9	87	52	2	199	283	430	516	1.58e-06	49.7
Psyr_3855	iEK1008.Rv2463	37.6	372	204	5	3	358	6	365	1.03e-71	229
Psyr_3858	STM_v1_0.STM0413	52.7	300	125	2	20	319	5	287	1.54e-110	322
Psyr_3858	iML1515.b0411	52.2	270	119	3	58	319	27	294	2.25e-99	294
Psyr_3858	iYL1228.KPN_00363	52.6	270	118	3	58	319	27	294	2.25e-99	294
Psyr_3858	iSDY_1059.SDY_0323	52.2	270	119	3	58	319	27	294	2.25e-99	294
Psyr_3858	iSF_1195.SF0348	52.2	270	119	3	58	319	27	294	2.25e-99	294
Psyr_3858	iSbBS512_1146.SbBS512_E0332	52.2	270	119	3	58	319	27	294	6.40e-99	293
Psyr_3858	iSSON_1240.SSON_0388	51.9	270	120	3	58	319	27	294	2.58e-98	291
Psyr_3864	iJN1463.PP_0350	28.2	855	525	25	1	811	1	810	7.28e-72	251
Psyr_3864	iJN1463.PP_2590	28.9	681	440	15	146	811	120	771	7.88e-65	231
Psyr_3874	iCN718.ABAYE_RS06325	49.4	253	125	2	1	251	5	256	8.36e-84	251
Psyr_3874	STM_v1_0.STM2355	46.3	259	136	2	1	257	1	258	9.75e-75	228
Psyr_3874	iSbBS512_1146.SbBS512_E2688	46.3	259	136	2	1	257	1	258	5.56e-74	226
Psyr_3875	iCN718.ABAYE_RS06330	67.4	227	74	0	15	241	2	228	7.32e-102	295
Psyr_3876	iCN718.ABAYE_RS06335	65.3	236	82	0	1	236	1	236	7.38e-114	325
Psyr_3876	iPC815.YPO2776	61.5	234	90	0	1	234	1	234	1.08e-106	307
Psyr_3876	STM_v1_0.STM2352	60.7	229	90	0	1	229	1	229	1.31e-104	301
Psyr_3876	iML1515.b2307	59.6	235	95	0	1	235	1	235	4.14e-104	300
Psyr_3876	iSbBS512_1146.SbBS512_E2685	59.6	235	95	0	1	235	1	235	4.14e-104	300
Psyr_3876	iSDY_1059.SDY_2506	59.6	235	95	0	1	235	1	235	4.14e-104	300
Psyr_3876	iSF_1195.SF2383	59.6	235	95	0	1	235	1	235	4.14e-104	300
Psyr_3876	iSSON_1240.SSON_2365	59.6	235	95	0	1	235	1	235	4.14e-104	300
Psyr_3876	iYL1228.KPN_02697	59.1	235	96	0	1	235	1	235	1.37e-102	296
Psyr_3878	iCN718.ABAYE_RS06340	74.3	253	64	1	3	254	6	258	3.09e-134	378
Psyr_3878	iSDY_1059.SDY_2505	66.8	253	83	1	3	254	5	257	5.18e-121	345
Psyr_3878	iYL1228.KPN_02696	67.6	253	81	1	3	254	5	257	7.35e-121	344
Psyr_3878	iSbBS512_1146.SbBS512_E2684	66.4	253	84	1	3	254	5	257	2.10e-120	343
Psyr_3878	iSF_1195.SF2382	66.4	253	84	1	3	254	5	257	2.10e-120	343
Psyr_3878	iSSON_1240.SSON_2364	66.4	253	84	1	3	254	5	257	2.10e-120	343
Psyr_3878	STM_v1_0.STM2351	66.8	253	83	1	3	254	6	258	4.39e-120	342
Psyr_3878	iML1515.b2306	66.0	253	85	1	3	254	5	257	8.53e-120	342
Psyr_3883	iJN1463.PP_1100	96.3	188	7	0	1	188	1	188	3.40e-132	367
Psyr_3886	iJN1463.PP_1097	87.2	682	84	1	1	682	1	679	0.0	1211
Psyr_3887	iHN637.CLJU_RS05595	43.1	58	28	2	9	64	35	89	1.80e-05	45.1
Psyr_3890	iAF987.Gmet_1914	29.1	103	72	1	1	103	1	102	1.62e-07	50.4
Psyr_3890	iAF987.Gmet_0069	26.7	120	81	3	4	118	5	122	2.43e-07	49.7
Psyr_3890	iAF987.Gmet_2999	29.4	119	79	4	4	119	10	126	5.22e-06	45.8
Psyr_3892	iJN1463.PP_1088	94.6	404	22	0	1	404	1	404	2.35e-284	770
Psyr_3893	iML1515.b0957	32.3	93	62	1	173	264	218	310	1.67e-07	51.6
Psyr_3893	iSbBS512_1146.SbBS512_E2359	32.3	93	62	1	173	264	218	310	1.67e-07	51.6
Psyr_3893	iSDY_1059.SDY_0930	32.3	93	62	1	173	264	222	314	1.69e-07	51.6
Psyr_3893	iSF_1195.SF0957	32.3	93	62	1	173	264	220	312	1.68e-07	51.6
Psyr_3893	iSSON_1240.SSON_0961	32.3	93	62	1	173	264	218	310	1.67e-07	51.6
Psyr_3893	iPC815.YPO1435	32.3	93	62	1	173	264	225	317	7.24e-07	49.7
Psyr_3893	iYL1228.KPN_00986	30.2	116	76	2	173	287	228	339	9.73e-07	49.3
Psyr_3894	iJN1463.PP_1086	84.1	345	55	0	1	345	1	345	5.10e-211	580
Psyr_3896	iYO844.BSU03300	40.4	52	30	1	3	53	417	468	7.69e-06	41.2
Psyr_3896	iJN1463.PP_1705	36.5	52	33	0	3	54	428	479	1.79e-04	37.4
Psyr_3897	iJN1463.PP_1082	85.3	156	23	0	1	156	1	156	7.11e-96	273
Psyr_3898	iML1515.b1654	73.3	101	27	0	4	104	5	105	7.90e-51	155
Psyr_3898	STM_v1_0.STM1433	73.3	101	27	0	4	104	5	105	7.90e-51	155
Psyr_3898	iSbBS512_1146.SbBS512_E1850	73.3	101	27	0	4	104	5	105	7.90e-51	155
Psyr_3898	iSDY_1059.SDY_1880	73.3	101	27	0	4	104	5	105	7.90e-51	155
Psyr_3898	iSF_1195.SF1682	73.3	101	27	0	4	104	5	105	7.90e-51	155
Psyr_3898	iYL1228.KPN_01992	72.3	101	28	0	4	104	5	105	1.59e-50	155
Psyr_3898	iSSON_1240.SSON_1502	72.3	101	28	0	4	104	5	105	3.22e-50	154
Psyr_3898	iPC815.YPO2383	72.3	101	28	0	1	101	1	101	6.69e-50	153
Psyr_3899	iYO844.BSU03310	26.7	475	284	13	45	483	58	504	1.73e-38	152
Psyr_3899	iHN637.CLJU_RS04405	27.9	513	306	16	10	487	9	492	5.71e-38	150
Psyr_3899	iML1515.b4079	27.5	498	304	12	18	482	14	487	2.47e-37	148
Psyr_3899	iJN1463.PP_1703	27.8	701	437	24	1	654	1	679	5.04e-36	145
Psyr_3899	STM_v1_0.STM4285	27.3	498	305	15	18	482	14	487	1.95e-34	139
Psyr_3899	iCN900.CD630_33170	28.2	504	307	18	10	483	9	487	1.46e-33	137
Psyr_3901	iJN1463.PP_1079	81.5	302	56	0	1	302	1	302	4.88e-179	496
Psyr_3902	iJN1463.PP_1078	82.6	351	61	0	3	353	4	354	3.30e-210	579
Psyr_3904	iJN1463.PP_1076	78.4	283	60	1	1	283	1	282	4.09e-160	446
Psyr_3905	iJN1463.PP_1075	84.1	498	79	0	1	498	1	498	0.0	879
Psyr_3907	iJN1463.PP_1073	72.8	504	137	0	9	512	11	514	1.75e-276	759
Psyr_3908	iJN1463.PP_1071	78.5	307	61	3	30	333	2	306	1.05e-166	466
Psyr_3909	iJN1463.PP_1070	91.1	248	22	0	1	248	1	248	1.31e-161	447
Psyr_3910	iJN1463.PP_1069	86.9	221	29	0	1	221	3	223	7.71e-132	369
Psyr_3911	iJN1463.PP_1068	89.8	244	25	0	1	244	13	256	2.76e-157	436
Psyr_3913	iAF987.Gmet_1914	33.1	130	87	0	9	138	4	133	1.41e-14	75.1
Psyr_3915	iEK1008.Rv0646c	39.2	268	160	2	35	299	12	279	4.62e-52	173
Psyr_3916	iSSON_1240.SSON_4003	41.0	195	112	2	52	244	107	300	9.26e-42	151
Psyr_3916	iML1515.b3829	41.0	195	112	2	52	244	107	300	1.74e-41	150
Psyr_3916	iPC815.YPO3788	40.5	195	113	2	52	244	107	300	2.42e-41	150
Psyr_3916	STM_v1_0.STM3965	41.0	195	112	2	52	244	107	300	3.26e-41	150
Psyr_3916	iYL1228.KPN_04325	41.0	195	112	2	52	244	107	300	4.47e-41	149
Psyr_3916	iSDY_1059.SDY_3914	40.5	195	113	2	52	244	107	300	4.45e-41	149
Psyr_3916	iSbBS512_1146.SbBS512_E4295	40.5	195	113	2	52	244	107	300	6.09e-41	149
Psyr_3916	iSF_1195.SF3907	40.0	195	114	2	52	244	107	300	1.56e-40	148
Psyr_3918	iML1515.b1759	32.1	140	82	6	1	135	1	132	1.09e-07	47.4
Psyr_3918	STM_v1_0.STM1301	29.5	129	82	4	9	133	9	132	1.61e-06	44.3
Psyr_3918	iSDY_1059.SDY_1516	31.4	140	83	6	1	135	1	132	2.97e-06	43.5
Psyr_3918	iYL1228.KPN_01211	44.6	65	31	3	1	61	4	67	4.31e-06	43.1
Psyr_3919	iYL1228.KPN_00323	60.5	362	141	1	2	361	14	375	1.69e-159	451
Psyr_3919	STM_v1_0.STM0380	58.9	360	146	1	2	359	3	362	3.67e-158	447
Psyr_3919	iSDY_1059.SDY_0365	58.6	360	147	1	2	359	3	362	1.05e-157	446
Psyr_3919	iML1515.b0381	58.6	360	147	1	2	359	3	362	1.49e-157	446
Psyr_3919	iSF_1195.SF0232	58.6	360	147	1	2	359	3	362	1.49e-157	446
Psyr_3919	iSbBS512_1146.SbBS512_E0298	58.3	360	148	1	2	359	3	362	1.21e-156	444
Psyr_3919	iSSON_1240.SSON_0356	58.8	357	143	2	2	354	3	359	1.72e-156	443
Psyr_3927	iML1515.b3070	35.7	252	140	6	9	248	10	251	4.97e-40	138
Psyr_3930	iJN1463.PP_1444	66.3	806	266	4	1	805	1	801	0.0	1139
Psyr_3932	iJN1463.PP_4639	39.6	331	182	7	1	323	1	321	2.39e-56	185
Psyr_3934	iLJ478.TM1724	40.2	246	146	1	3	248	2	246	4.07e-48	159
Psyr_3934	iCN900.CD630_25770	37.4	246	152	2	4	248	1	245	2.48e-46	154
Psyr_3935	iLJ478.TM1724	42.0	255	125	6	4	249	6	246	2.59e-47	157
Psyr_3935	iYO844.BSU03930	37.1	248	149	4	4	248	8	251	7.56e-44	148
Psyr_3936	iJN1463.PP_3165	25.8	388	240	12	34	400	31	391	2.19e-19	89.7
Psyr_3937	iJN1463.PP_4286	27.2	257	153	9	37	290	77	302	2.82e-13	68.6
Psyr_3937	iYL1228.KPN_01787	25.3	257	161	8	37	290	79	307	5.91e-12	64.7
Psyr_3938	iYL1228.KPN_01770	32.2	432	253	12	43	453	41	453	8.89e-40	148
Psyr_3942	iAF987.Gmet_3085	38.1	452	269	6	324	765	426	876	9.03e-90	301
Psyr_3942	iJN1463.PP_3581	39.5	451	267	4	324	768	230	680	2.57e-90	298
Psyr_3942	iAF987.Gmet_0987	40.5	439	252	6	350	780	354	791	1.50e-85	288
Psyr_3946	iML1515.b1870	53.5	241	108	1	6	246	5	241	2.48e-86	256
Psyr_3947	iCN718.ABAYE_RS19010	30.9	110	70	4	117	223	49	155	7.00e-06	46.2
Psyr_3948	iJN1463.PP_1436	91.5	246	21	0	1	246	1	246	2.54e-158	438
Psyr_3950	iAF692.Mbar_A1452	25.4	169	120	5	12	179	8	171	1.79e-07	52.0
Psyr_3950	iAF987.Gmet_2444	32.0	122	76	4	12	131	24	140	3.13e-06	48.1
Psyr_3950	iCN900.CD630_32740	26.5	166	100	7	12	170	4	154	4.13e-06	47.8
Psyr_3950	iHN637.CLJU_RS10635	28.3	166	99	8	13	172	5	156	5.32e-06	47.4
Psyr_3950	iYL1228.KPN_03779	23.5	170	123	5	12	178	6	171	7.66e-06	47.0
Psyr_3954	iEK1008.Rv0684	23.8	499	248	8	1	380	7	492	6.51e-26	112
Psyr_3954	iSynCJ816.SGL_RS17200	25.3	494	231	14	3	375	4	480	2.49e-23	104
Psyr_3955	iEK1008.Rv0125	35.6	253	127	9	101	332	75	312	4.53e-26	108
Psyr_3959	iJN1463.PP_1426	88.2	533	63	0	1	533	1	533	0.0	954
Psyr_3965	iAF987.Gmet_0069	35.7	126	77	2	3	124	5	130	2.49e-16	75.9
Psyr_3966	iJN1463.PP_1418	89.0	326	35	1	1	325	1	326	2.22e-210	577
Psyr_3967	iJN1463.PP_1417	72.4	152	42	0	1	152	10	161	2.46e-73	216
Psyr_3968	iJN1463.PP_1416	90.0	500	50	0	1	500	1	500	6.31e-314	853
Psyr_3972	iSynCJ816.SGL_RS05575	29.1	296	198	5	21	312	43	330	1.78e-29	115
Psyr_3973	iML1515.b0367	37.9	227	137	2	41	266	48	271	1.82e-35	127
Psyr_3973	iSSON_1240.SSON_0345	36.6	246	149	3	22	266	32	271	3.58e-35	127
Psyr_3973	iYL1228.KPN_00313	36.5	255	155	3	13	266	23	271	7.05e-35	126
Psyr_3973	iSF_1195.SF0251	36.6	246	149	3	22	266	32	271	7.05e-35	126
Psyr_3973	iSbBS512_1146.SbBS512_E0280	36.2	246	150	3	22	266	32	271	1.05e-33	123
Psyr_3973	iJN1463.PP_0231	38.2	199	123	0	68	266	77	275	1.35e-30	115
Psyr_3974	iPC815.YPO2846	39.3	242	129	5	2	239	3	230	2.77e-51	171
Psyr_3974	iSynCJ816.SGL_RS16580	38.4	245	131	6	3	241	4	234	9.34e-48	167
Psyr_3974	iJN1463.PP_3817	43.3	215	111	3	2	214	13	218	1.06e-48	164
Psyr_3974	iJN1463.PP_5168	40.8	240	125	5	4	238	3	230	3.01e-49	164
Psyr_3974	iSynCJ816.SGL_RS05565	40.2	229	121	3	17	245	20	232	8.08e-50	164
Psyr_3974	iSynCJ816.SGL_RS16585	37.9	256	144	4	2	253	22	266	3.51e-49	163
Psyr_3974	iSynCJ816.SGL_RS06580	40.7	241	128	4	2	238	17	246	1.27e-48	163
Psyr_3974	iCN718.ABAYE_RS05140	41.2	216	118	3	4	216	3	212	2.97e-48	162
Psyr_3974	iJN1463.PP_0209	45.6	195	96	2	19	213	30	214	2.84e-48	160
Psyr_3974	iYL1228.KPN_01927	42.9	217	113	2	4	218	5	212	6.17e-47	159
Psyr_3974	iHN637.CLJU_RS10680	40.7	216	117	3	2	215	8	214	2.91e-46	158
Psyr_3974	iSDY_1059.SDY_1733	43.2	213	110	2	8	218	9	212	1.22e-46	158
Psyr_3974	iAF987.Gmet_1899	41.0	229	119	3	19	247	27	239	2.66e-47	157
Psyr_3974	iML1515.b0933	40.7	243	116	4	9	247	17	235	4.14e-47	157
Psyr_3974	iEK1008.Rv2397c	38.0	250	140	3	4	251	5	241	4.71e-46	157
Psyr_3974	iCN900.CD630_35300	39.0	218	122	2	1	216	1	209	8.20e-46	155
Psyr_3974	iYL1228.KPN_00312	42.9	210	110	2	4	213	2	201	1.16e-46	155
Psyr_3974	iSSON_1240.SSON_0936	40.3	243	117	4	9	247	17	235	1.16e-46	155
Psyr_3974	iSSON_1240.SSON_1696	42.7	213	111	2	8	218	9	212	9.45e-46	155
Psyr_3974	iML1515.b1441	42.7	213	111	2	8	218	9	212	1.33e-45	155
Psyr_3974	iPC815.YPO3627	37.3	244	129	3	4	247	13	232	2.53e-46	155
Psyr_3974	iCN900.CD630_35270	39.2	217	121	2	1	215	1	208	1.62e-45	155
Psyr_3974	iML1515.b0366	40.6	239	122	4	4	242	2	220	2.32e-46	155
Psyr_3974	iYL1228.KPN_00969	39.8	231	115	3	6	236	14	220	2.45e-46	155
Psyr_3974	iSSON_1240.SSON_0344	40.6	239	122	4	4	242	2	220	2.32e-46	155
Psyr_3974	iSbBS512_1146.SbBS512_E0279	40.6	239	122	4	4	242	2	220	3.27e-46	154
Psyr_3974	iYO844.BSU08830	41.4	203	106	3	11	213	14	203	4.61e-46	154
Psyr_3977	iMM904.YBR208C	35.1	1469	650	13	1	1460	632	1806	5.47e-285	864
Psyr_3978	iCN718.ABAYE_RS12205	42.6	587	323	8	16	602	12	584	2.17e-144	431
Psyr_3978	iMM904.YBR208C	42.2	578	303	12	47	602	52	620	1.69e-124	403
Psyr_3981	iYS854.USA300HOU_RS09310	38.2	228	135	3	1	226	1	224	1.98e-39	135
Psyr_3981	iCN900.CD630_04050	36.6	235	140	5	2	230	6	237	7.77e-38	131
Psyr_3982	iJN1463.PP_1408	63.9	274	99	0	1	274	1	274	5.35e-128	365
Psyr_3987	iML1515.b3589	70.0	380	114	0	3	382	4	383	1.44e-181	508
Psyr_3987	iSbBS512_1146.SbBS512_E4004	69.7	380	115	0	3	382	4	383	4.12e-181	507
Psyr_3987	iSF_1195.SF3627	70.0	380	114	0	3	382	4	383	1.67e-180	506
Psyr_3988	iCN718.ABAYE_RS03665	49.9	385	187	6	18	400	20	400	1.69e-119	353
Psyr_3993	iJN1463.PP_1403	71.4	738	207	2	19	753	27	763	0.0	1055
Psyr_3995	iAF987.Gmet_1914	36.6	131	83	0	2	132	1	131	5.99e-17	82.4
Psyr_3995	iAF987.Gmet_1919	31.5	143	94	1	1	139	1	143	6.11e-15	75.5
Psyr_3996	iAF987.Gmet_1914	29.9	107	73	1	675	781	4	108	4.58e-10	62.4
Psyr_3996	iAF987.Gmet_0043	25.2	214	127	8	582	782	194	387	1.30e-09	61.2
Psyr_3997	iML1515.b0650	46.5	551	283	6	1	550	6	545	3.72e-159	465
Psyr_3997	iSSON_1240.SSON_0604	46.5	551	283	6	1	550	6	545	1.05e-158	464
Psyr_3997	iSbBS512_1146.SbBS512_E0599	46.1	551	285	6	1	550	6	545	8.46e-158	462
Psyr_3997	STM_v1_0.STM0659	44.1	551	296	7	1	550	6	545	7.94e-151	444
Psyr_3999	iJN1463.PP_1400	89.1	439	44	2	3	441	5	439	1.80e-276	753
Psyr_4004	iYO844.BSU03070	32.8	402	265	5	14	413	14	412	7.37e-70	231
Psyr_4007	iJN1463.PP_1386	76.0	367	87	1	1	367	1	366	2.28e-191	533
Psyr_4008	iJN1463.PP_1385	83.0	1034	176	0	1	1034	1	1034	0.0	1650
Psyr_4009	iJN1463.PP_1384	79.0	482	100	1	1	481	1	482	8.49e-263	723
Psyr_4010	iJN1463.PP_1378	85.1	424	63	0	9	432	5	428	3.09e-261	714
Psyr_4011	iJN1463.PP_1377	86.5	399	54	0	1	399	1	399	4.86e-249	681
Psyr_4012	iYL1228.KPN_02054	27.6	232	137	8	5	227	3	212	2.66e-15	72.4
Psyr_4012	iJN1463.PP_3123	28.9	232	134	9	5	227	4	213	4.78e-14	68.9
Psyr_4012	iCN900.CD630_26780	26.1	238	128	8	7	227	8	214	6.38e-13	65.9
Psyr_4016	iJN1463.PP_1373	87.7	489	60	0	1	489	1	489	4.12e-312	848
Psyr_4018	iJN1463.PP_1367	88.3	282	33	0	1	282	1	282	4.28e-189	519
Psyr_4025	iEK1008.Rv0958	23.4	205	104	5	52	204	50	253	2.55e-04	42.4
Psyr_4029	iJN1463.PP_1362	88.2	483	57	0	1	483	1	483	1.95e-309	840
Psyr_4030	iJN1463.PP_3163	27.6	250	162	8	14	249	20	264	1.83e-15	75.5
Psyr_4030	iYL1228.KPN_01870	28.1	228	141	8	15	227	21	240	5.77e-13	68.2
Psyr_4031	iJN1463.PP_0897	94.3	507	29	0	1	507	1	507	0.0	962
Psyr_4044	iJN1463.PP_5364	33.0	351	225	4	7	355	117	459	6.32e-52	179
Psyr_4044	iYL1228.KPN_00817	35.3	326	196	9	8	326	5	322	3.31e-50	173
Psyr_4044	STM_v1_0.STM0812	34.2	325	200	8	8	326	5	321	3.39e-49	171
Psyr_4044	iAF987.Gmet_3078	33.4	365	230	8	10	369	32	388	3.26e-49	170
Psyr_4044	iSF_1195.SF0739	34.7	326	197	9	8	326	5	321	4.94e-48	167
Psyr_4044	iYO844.BSU36590	28.3	368	256	5	2	367	111	472	2.68e-47	167
Psyr_4044	iML1515.b0789	34.4	326	198	9	8	326	5	321	3.67e-47	165
Psyr_4044	iSbBS512_1146.SbBS512_E2563	34.4	326	198	9	8	326	5	321	5.12e-47	165
Psyr_4044	iSSON_1240.SSON_0768	34.0	326	199	9	8	326	5	321	9.99e-47	164
Psyr_4044	iSDY_1059.SDY_0814	34.0	326	199	9	8	326	5	321	1.31e-46	164
Psyr_4044	iJN1463.PP_3264	33.7	323	201	5	7	326	4	316	4.03e-46	162
Psyr_4047	iAF692.Mbar_A1202	23.7	333	209	15	26	338	6	313	4.59e-15	75.1
Psyr_4049	iCN718.ABAYE_RS03025	43.7	197	110	1	44	239	55	251	5.01e-50	165
Psyr_4050	iJN1463.PP_0922	68.9	190	59	0	1	190	1	190	4.63e-93	269
Psyr_4052	STM_v1_0.STM1522	33.1	344	226	4	8	349	18	359	5.56e-46	162
Psyr_4052	iML1515.b1528	32.1	371	249	3	8	377	18	386	2.18e-44	157
Psyr_4052	iYL1228.KPN_01628	32.2	373	246	6	8	377	18	386	2.32e-44	157
Psyr_4052	iSbBS512_1146.SbBS512_E1677	32.1	371	249	3	8	377	18	386	2.18e-44	157
Psyr_4052	iSSON_1240.SSON_1600	32.1	371	249	3	8	377	18	386	2.18e-44	157
Psyr_4052	iSF_1195.SF1566	32.1	340	229	2	8	346	18	356	2.11e-43	154
Psyr_4053	iJN1463.PP_0920	81.7	349	64	0	1	349	1	349	1.14e-217	597
Psyr_4056	iCHOv1.100764429	26.6	327	225	8	2	318	24	345	1.07e-26	107
Psyr_4056	iMM1415.18194	26.3	327	226	8	2	318	28	349	2.97e-26	106
Psyr_4058	iSbBS512_1146.SbBS512_E3348	47.0	200	104	2	1	198	1	200	2.54e-50	161
Psyr_4058	iSF_1195.SF2908	47.0	200	104	2	1	198	1	200	2.54e-50	161
Psyr_4058	STM_v1_0.STM3066	46.4	196	103	2	5	198	5	200	5.08e-50	160
Psyr_4058	iSDY_1059.SDY_3159	47.0	200	104	2	1	198	1	200	5.08e-50	160
Psyr_4058	iPC815.YPO0918	43.9	196	108	1	5	198	5	200	6.02e-50	160
Psyr_4058	iML1515.b2923	46.5	200	105	2	1	198	1	200	1.02e-49	160
Psyr_4058	iSSON_1240.SSON_3075	46.5	200	105	2	1	198	1	200	1.02e-49	160
Psyr_4058	iYL1228.KPN_03352	47.3	201	102	4	1	198	1	200	1.16e-48	157
Psyr_4059	iJN1463.PP_0915	91.6	191	16	0	1	191	1	191	1.25e-133	372
Psyr_4060	iJN1463.PP_0914	86.7	685	91	0	19	703	7	691	0.0	1160
Psyr_4067	iJN1463.PP_0346	33.5	215	126	6	18	227	21	223	1.23e-23	95.1
Psyr_4070	iAF987.Gmet_1706	37.0	119	72	2	1	118	1	117	2.67e-15	73.2
Psyr_4070	iAF987.Gmet_2999	36.9	122	74	2	3	121	10	131	1.15e-14	71.6
Psyr_4070	iAF987.Gmet_0069	35.6	90	57	1	30	118	34	123	1.45e-13	68.2
Psyr_4070	iAF987.Gmet_1914	34.0	103	67	1	2	104	3	104	3.08e-13	67.8
Psyr_4075	iLJ478.TM1724	43.5	255	132	4	1	252	1	246	8.48e-60	189
Psyr_4075	iAF987.Gmet_1601	42.3	253	134	4	1	250	1	244	2.22e-54	175
Psyr_4078	iJN1463.PP_1355	82.2	516	91	1	1	516	1	515	2.11e-297	813
Psyr_4086	iML1515.b2924	32.4	250	168	1	20	268	23	272	1.03e-39	139
Psyr_4088	iJN1463.PP_1351	67.3	306	99	1	1	306	1	305	1.11e-142	404
Psyr_4089	iAF987.Gmet_3085	25.3	150	97	4	289	428	213	357	1.26e-04	45.1
Psyr_4090	iCN718.ABAYE_RS03570	46.5	187	97	2	1	186	1	185	1.62e-47	153
Psyr_4091	iPC815.YPO0565	42.3	123	71	0	1	123	1	123	7.51e-28	104
Psyr_4091	STM_v1_0.STM0137	40.2	127	76	0	1	127	1	127	2.36e-26	100
Psyr_4091	iSbBS512_1146.SbBS512_E0093	40.3	124	74	0	1	124	1	124	1.19e-25	99.0
Psyr_4091	iSDY_1059.SDY_0129	40.3	124	74	0	1	124	1	124	1.29e-25	99.0
Psyr_4091	iSSON_1240.SSON_0107	40.3	124	74	0	1	124	1	124	1.19e-25	99.0
Psyr_4091	iML1515.b0099	40.3	124	74	0	1	124	1	124	2.33e-25	98.2
Psyr_4091	iSF_1195.SF0096	40.3	124	74	0	1	124	1	124	4.55e-25	97.4
Psyr_4091	iYL1228.KPN_00103	39.5	124	75	0	1	124	1	124	9.12e-25	96.7
Psyr_4092	iCHOv1.100758427	33.3	87	55	2	11	96	30	114	5.36e-08	51.2
Psyr_4092	iJN1463.PP_4619	26.9	175	115	6	13	180	9	177	9.39e-07	47.4
Psyr_4093	iJN1463.PP_1346	89.4	405	43	0	1	405	1	405	1.02e-262	716
Psyr_4096	iJN1463.PP_1343	93.4	303	20	0	1	303	1	303	3.15e-201	551
Psyr_4100	iJN1463.PP_1339	79.4	315	65	0	5	319	4	318	3.78e-180	499
Psyr_4101	iJN1463.PP_1338	91.0	477	43	0	1	477	1	477	0.0	870
Psyr_4102	iJN1463.PP_1337	77.9	353	78	0	4	356	7	359	2.02e-199	551
Psyr_4103	iJN1463.PP_1336	87.4	404	51	0	1	404	1	404	7.88e-255	696
Psyr_4104	iJN1463.PP_1335	84.0	443	71	0	1	443	3	445	3.46e-267	731
Psyr_4105	iJN1463.PP_1334	91.1	360	32	0	1	360	1	360	1.24e-238	651
Psyr_4106	iJN1463.PP_1333	69.5	456	138	1	1	456	1	455	1.75e-214	598
Psyr_4107	iJN1463.PP_1332	76.8	495	107	1	1	487	2	496	2.39e-270	742
Psyr_4108	iJN1463.PP_1331	83.7	583	87	2	1	576	1	582	0.0	981
Psyr_4110	iNF517.LLMG_RS08455	42.2	315	171	6	5	313	3	312	3.93e-71	222
Psyr_4115	iJN1463.PP_1323	94.9	195	10	0	3	197	1	195	8.21e-128	357
Psyr_4118	iJN1463.PP_4619	31.3	166	104	4	18	173	12	177	1.10e-12	63.9
Psyr_4118	iMM1415.14874	28.7	188	123	5	18	196	17	202	1.14e-11	61.2
Psyr_4118	iAT_PLT_636.2954	27.8	187	126	4	18	196	17	202	1.58e-11	60.8
Psyr_4118	iCHOv1.100764455	27.2	202	138	4	3	196	49	249	5.43e-11	60.5
Psyr_4118	iCHOv1.100758427	25.7	148	104	3	17	161	34	178	1.00e-10	58.9
Psyr_4123	iJN1463.PP_1311	83.5	449	74	0	1	449	1	449	1.89e-271	741
Psyr_4126	iJN1463.PP_1304	88.8	633	70	1	1	632	1	633	0.0	1110
Psyr_4128	iJN1463.PP_1303	94.8	305	16	0	1	305	1	305	1.81e-217	593
Psyr_4130	iEK1008.Rv0125	30.2	268	156	9	107	356	79	333	3.43e-20	90.5
Psyr_4132	iJN1463.PP_0967	82.5	348	61	0	1	348	1	348	5.23e-207	570
Psyr_4133	iJN1463.PP_0966	90.1	434	43	0	1	434	1	434	6.59e-279	760
Psyr_4134	iJN1463.PP_0965	95.2	210	10	0	1	210	1	210	3.15e-137	382
Psyr_4135	iJN1463.PP_0964	92.9	421	30	0	1	421	1	421	3.04e-279	759
Psyr_4139	iJN1463.PP_0960	83.9	155	25	0	1	155	1	155	9.36e-88	253
Psyr_4140	iJN1463.PP_0959	86.4	265	36	0	1	265	2	266	2.35e-159	442
Psyr_4141	iJN1463.PP_0958	90.3	269	26	0	1	269	1	269	1.87e-176	486
Psyr_4142	iJN1463.PP_0957	81.2	324	61	0	1	324	1	324	6.61e-186	514
Psyr_4143	iJN1463.PP_0956	78.7	169	36	0	1	169	6	174	2.29e-90	260
Psyr_4144	iJN1463.PP_0955	67.9	190	61	0	1	190	1	190	4.23e-95	274
Psyr_4145	iJN1463.PP_0954	67.8	177	53	2	1	176	1	174	1.10e-75	224
Psyr_4146	iJN1463.PP_0953	94.2	241	14	0	1	241	1	241	6.58e-163	449
Psyr_4149	iNF517.LLMG_RS07900	35.5	152	94	2	2	151	1	150	9.32e-22	90.1
Psyr_4149	iYO844.BSU14400	29.7	148	100	2	2	147	1	146	3.82e-20	85.5
Psyr_4151	iYS854.USA300HOU_RS05395	34.1	82	53	1	1	82	1	81	7.75e-10	50.4
Psyr_4151	iYL1228.KPN_02762	36.7	79	49	1	4	82	4	81	2.90e-09	48.9
Psyr_4151	iML1515.b2415	35.4	79	50	1	4	82	4	81	5.79e-09	48.1
Psyr_4151	STM_v1_0.STM2431	35.4	79	50	1	4	82	4	81	5.79e-09	48.1
Psyr_4151	iSbBS512_1146.SbBS512_E2765	35.4	79	50	1	4	82	4	81	5.79e-09	48.1
Psyr_4151	iSDY_1059.SDY_2612	35.4	79	50	1	4	82	4	81	5.79e-09	48.1
Psyr_4151	iSF_1195.SF2470	35.4	79	50	1	4	82	4	81	5.79e-09	48.1
Psyr_4151	iSSON_1240.SSON_2504	35.4	79	50	1	4	82	4	81	5.79e-09	48.1
Psyr_4152	iJN1463.PP_0946	81.2	202	38	0	1	202	8	209	5.44e-122	343
Psyr_4155	iCN718.ABAYE_RS15815	30.7	163	104	2	7	165	14	171	1.59e-15	70.1
Psyr_4157	iCN900.CD630_04870	32.7	266	172	3	4	269	7	265	4.99e-43	147
Psyr_4157	iLB1027_lipid.PHATRDRAFT_15536	33.4	287	166	6	4	269	21	303	5.37e-41	143
Psyr_4157	iMM904.YJL126W	34.7	297	160	7	4	269	9	302	4.67e-41	143
Psyr_4157	iMM904.YLR351C	34.2	275	167	7	4	270	14	282	2.02e-38	136
Psyr_4160	iJN1463.PP_0936	71.3	195	54	1	1	195	1	193	4.82e-88	257
Psyr_4163	STM_v1_0.STM0659	27.8	180	108	4	13	174	8	183	4.32e-08	54.3
Psyr_4163	iSbBS512_1146.SbBS512_E0599	24.9	345	213	13	13	326	8	337	4.31e-08	54.3
Psyr_4163	iML1515.b0650	24.9	345	213	13	13	326	8	337	7.61e-08	53.5
Psyr_4163	iSSON_1240.SSON_0604	24.6	345	214	13	13	326	8	337	1.01e-07	53.1
Psyr_4164	iJN1463.PP_0932	83.2	95	16	0	1	95	8	102	3.79e-52	158
Psyr_4165	iJN1463.PP_0931	87.8	483	59	0	1	483	1	483	1.02e-313	851
Psyr_4166	iJN1463.PP_0930	88.6	481	55	0	1	481	1	481	9.72e-311	843
Psyr_4168	iJN1463.PP_0928	59.2	343	136	2	5	343	5	347	4.19e-116	339
Psyr_4169	iJN1463.PP_3648	54.2	118	54	0	1	118	1	118	1.99e-40	130
Psyr_4170	iJN1463.PP_0926	72.5	313	86	0	4	316	3	315	8.67e-152	427
Psyr_4176	iHN637.CLJU_RS10465	43.2	81	45	1	614	693	554	634	5.04e-13	72.0
Psyr_4178	iYS854.USA300HOU_RS06405	37.2	304	174	7	12	301	3	303	2.32e-56	184
Psyr_4178	iSynCJ816.SGL_RS18050	38.7	287	164	7	13	293	3	283	3.30e-50	167
Psyr_4180	iML1515.b3590	31.9	248	153	10	345	582	2	243	7.16e-14	75.1
Psyr_4180	iSynCJ816.SGL_RS10925	32.9	231	130	6	346	551	15	245	2.50e-12	69.3
Psyr_4184	iJN1463.PP_4715	76.9	251	58	0	1	251	1	251	3.54e-133	375
Psyr_4185	iJN1463.PP_4716	83.3	444	74	0	3	446	2	445	2.70e-272	743
Psyr_4186	iJN1463.PP_4717	76.3	283	67	0	1	283	1	283	1.34e-146	412
Psyr_4187	iAT_PLT_636.4905	34.4	285	154	8	176	436	242	517	3.20e-32	132
Psyr_4187	iMM1415.18195	34.4	285	154	8	176	436	242	517	3.20e-32	132
Psyr_4188	iCN718.ABAYE_RS17020	29.6	135	74	4	46	173	125	245	8.17e-04	39.3
Psyr_4191	iJN1463.PP_4723	93.0	1073	75	0	1	1073	4	1076	0.0	1979
Psyr_4192	iJN1463.PP_4724	91.8	378	31	0	1	378	1	378	3.30e-259	704
Psyr_4193	iJN1463.PP_4725	90.3	267	26	0	1	267	1	267	3.85e-168	465
Psyr_4195	iSSON_1240.SSON_0604	33.7	517	293	11	5	514	8	481	1.85e-81	267
Psyr_4195	STM_v1_0.STM0659	33.5	507	288	10	5	505	8	471	5.46e-81	266
Psyr_4195	iSbBS512_1146.SbBS512_E0599	33.1	517	296	10	5	514	8	481	9.92e-81	265
Psyr_4195	iML1515.b0650	33.3	517	295	11	5	514	8	481	2.71e-80	264
Psyr_4202	iCHOv1.100760370	23.3	403	252	11	22	376	46	439	1.07e-16	82.4
Psyr_4202	iMM1415.232333	23.3	403	252	11	22	376	46	439	1.43e-16	82.0
Psyr_4202	iMM1415.14412	25.1	419	246	15	15	373	33	443	1.46e-16	82.0
Psyr_4202	iMM1415.240332	23.2	397	236	9	12	351	29	413	2.67e-16	81.3
Psyr_4202	iCHOv1.100758864	24.0	300	192	7	22	291	63	356	5.21e-16	80.5
Psyr_4202	iAT_PLT_636.6539	22.7	450	269	14	15	406	31	459	1.87e-15	78.6
Psyr_4202	iMM1415.14411	23.3	486	287	17	15	445	45	499	3.37e-15	77.8
Psyr_4202	iLB1027_lipid.PHATRDRAFT_47653	29.1	223	136	5	13	219	4	220	4.99e-16	77.0
Psyr_4202	iCHOv1.100751194	20.2	410	243	10	11	345	75	475	1.11e-14	76.3
Psyr_4202	iMM1415.56774	20.2	406	240	10	15	345	31	427	1.06e-14	76.3
Psyr_4202	iCHOv1.100761450	33.3	120	73	1	15	134	180	292	3.74e-14	74.7
Psyr_4202	iMM1415.104245	33.3	120	73	1	15	134	203	315	3.80e-14	74.7
Psyr_4202	iCHOv1.100752445	23.1	489	284	16	15	445	41	495	4.25e-14	74.3
Psyr_4206	iSbBS512_1146.SbBS512_E0302	38.5	161	90	5	176	328	200	359	3.80e-18	84.3
Psyr_4206	iSDY_1059.SDY_0358	38.5	161	90	5	176	328	205	364	3.96e-18	84.3
Psyr_4206	iAF987.Gmet_0069	35.9	167	94	5	173	328	134	298	5.71e-18	83.2
Psyr_4206	iML1515.b1535	34.0	153	96	2	181	328	129	281	2.15e-17	81.3
Psyr_4206	iAF987.Gmet_2425	34.1	170	103	4	175	335	181	350	1.93e-15	76.3
Psyr_4206	iPC815.YPO0425	33.3	168	102	4	174	333	213	378	2.42e-15	76.3
Psyr_4207	iJN1463.PP_5185	28.7	101	66	2	4	102	288	384	2.14e-04	39.7
Psyr_4208	iJN1463.PP_3668	79.1	756	151	4	1	755	1	750	0.0	1218
Psyr_4210	iJN1463.PP_1132	58.2	373	146	4	18	381	12	383	2.19e-138	400
Psyr_4210	STM_v1_0.STM0039	53.9	373	160	3	19	381	6	376	1.70e-125	367
Psyr_4210	iSbBS512_1146.SbBS512_E0019	53.4	373	162	3	19	381	6	376	3.42e-125	366
Psyr_4210	iSSON_1240.SSON_0021	53.4	373	162	3	19	381	6	376	3.42e-125	366
Psyr_4210	iSF_1195.SF0016	53.6	373	161	3	19	381	6	376	9.71e-125	365
Psyr_4210	iML1515.b0019	53.4	373	162	3	19	381	6	376	1.38e-124	364
Psyr_4210	iSDY_1059.SDY_0018	53.1	373	163	3	19	381	6	376	5.54e-124	363
Psyr_4211	iSbBS512_1146.SbBS512_E2518	30.0	496	333	9	16	500	16	508	5.14e-55	192
Psyr_4211	iSDY_1059.SDY_0757	29.8	503	333	11	9	500	15	508	1.38e-54	191
Psyr_4211	iML1515.b0830	29.8	496	334	9	16	500	16	508	2.67e-54	190
Psyr_4211	iSF_1195.SF0780	29.8	496	334	9	16	500	16	508	5.16e-54	189
Psyr_4211	iSSON_1240.SSON_0812	29.8	496	334	9	16	500	16	508	5.16e-54	189
Psyr_4211	STM_v1_0.STM0849	29.2	514	322	10	16	504	16	512	1.93e-53	187
Psyr_4211	iYL1228.KPN_00863	28.8	496	339	9	16	500	16	508	1.96e-52	185
Psyr_4212	iLJ478.TM1063	48.6	315	155	3	6	313	3	317	1.12e-86	263
Psyr_4212	STM_v1_0.STM1742	47.9	307	156	3	5	307	10	316	5.81e-85	259
Psyr_4212	iYL1228.KPN_02193	47.2	307	158	3	5	307	10	316	1.32e-83	255
Psyr_4212	iML1515.b1247	46.9	307	159	3	5	307	10	316	5.28e-83	254
Psyr_4212	iSF_1195.SF1248	46.9	307	159	3	5	307	10	316	5.28e-83	254
Psyr_4212	iLJ478.TM0057	45.9	314	165	2	6	315	3	315	5.97e-83	254
Psyr_4212	iSbBS512_1146.SbBS512_E1416	46.9	307	159	3	5	307	10	316	7.48e-83	253
Psyr_4212	iSDY_1059.SDY_1305	46.9	307	159	3	5	307	10	316	7.48e-83	253
Psyr_4212	iJN1463.PP_0878	42.9	315	178	1	5	319	3	315	2.07e-82	252
Psyr_4212	iSSON_1240.SSON_1933	46.3	307	161	3	5	307	10	316	1.20e-81	250
Psyr_4212	iLJ478.TM1750	45.4	317	156	3	6	317	13	317	3.19e-80	246
Psyr_4212	iML1515.b0829	53.0	268	125	1	1	268	308	574	2.63e-76	245
Psyr_4212	iSbBS512_1146.SbBS512_E2519	53.0	268	125	1	1	268	308	574	2.63e-76	245
Psyr_4212	iSSON_1240.SSON_0811	53.0	268	125	1	1	268	297	563	2.08e-76	245
Psyr_4212	STM_v1_0.STM0848	51.9	268	128	1	1	268	308	574	1.02e-75	243
Psyr_4212	iYL1228.KPN_00862	52.3	266	126	1	1	266	305	569	3.63e-75	242
Psyr_4212	iSDY_1059.SDY_0758	52.6	268	126	1	1	268	297	563	4.40e-75	241
Psyr_4212	iSF_1195.SF0779	52.6	268	126	1	1	268	297	563	1.22e-74	240
Psyr_4213	STM_v1_0.STM3627	43.8	317	177	1	6	322	4	319	9.95e-91	273
Psyr_4213	iML1515.b1484	45.3	322	174	2	1	321	1	321	1.45e-90	273
Psyr_4213	iYL1228.KPN_02194	49.2	301	151	1	6	306	20	318	3.87e-90	272
Psyr_4213	iYL1228.KPN_03896	43.2	317	179	1	6	322	4	319	1.60e-89	270
Psyr_4213	iSbBS512_1146.SbBS512_E1747	45.0	322	175	2	1	321	1	321	1.65e-89	270
Psyr_4213	iSDY_1059.SDY_1304	48.8	301	152	1	6	306	20	318	3.11e-89	270
Psyr_4213	iSF_1195.SF1247	48.8	301	152	1	6	306	20	318	3.11e-89	270
Psyr_4213	iSSON_1240.SSON_1934	48.8	301	152	1	6	306	20	318	3.11e-89	270
Psyr_4213	iSbBS512_1146.SbBS512_E1415	48.8	301	152	1	6	306	20	318	4.40e-89	270
Psyr_4213	iML1515.b3541	43.5	317	178	1	6	322	4	319	4.55e-89	269
Psyr_4213	STM_v1_0.STM1743	49.3	302	149	3	6	306	18	316	5.85e-89	269
Psyr_4213	iSF_1195.SF3576	43.5	317	178	1	6	322	4	319	4.55e-89	269
Psyr_4213	iSSON_1240.SSON_3849	43.5	317	178	1	6	322	4	319	1.29e-88	268
Psyr_4213	iSDY_1059.SDY_4564	43.5	317	178	1	6	322	4	319	3.65e-88	267
Psyr_4213	iSSON_1240.SSON_1640	44.7	322	176	2	1	321	1	321	5.34e-88	266
Psyr_4213	iML1515.b1246	48.5	301	153	1	6	306	20	318	1.00e-87	266
Psyr_4213	iYO844.BSU12950	45.3	300	163	1	5	304	4	302	8.57e-86	261
Psyr_4213	iLJ478.TM1749	46.0	298	160	1	22	319	21	317	1.22e-85	260
Psyr_4213	iLJ478.TM1064	44.9	301	162	2	22	318	21	321	6.26e-85	259
Psyr_4213	iPC815.YPO4000	42.8	318	178	3	6	322	4	318	1.67e-83	255
Psyr_4214	iSSON_1240.SSON_1639	40.7	246	146	0	38	283	44	289	3.10e-59	190
Psyr_4214	iML1515.b1485	40.7	246	146	0	38	283	44	289	4.38e-59	190
Psyr_4214	iAF692.Mbar_A0470	40.7	248	143	2	38	283	43	288	6.15e-57	184
Psyr_4214	iYO844.BSU12940	36.0	267	167	4	19	283	50	314	7.88e-56	182
Psyr_4214	iSbBS512_1146.SbBS512_E1748	39.8	246	144	1	38	283	44	285	3.05e-55	180
Psyr_4214	iSbBS512_1146.SbBS512_E2516	39.3	247	149	1	38	283	51	297	3.41e-53	175
Psyr_4214	iSSON_1240.SSON_0814	39.3	247	149	1	38	283	51	297	3.41e-53	175
Psyr_4214	iML1515.b0832	38.9	247	150	1	38	283	51	297	4.81e-53	174
Psyr_4214	iSDY_1059.SDY_0755	38.9	247	150	1	38	283	51	297	1.35e-52	173
Psyr_4214	iJN1463.PP_0880	39.0	249	146	1	41	283	52	300	6.07e-52	172
Psyr_4215	iML1515.b0831	35.7	308	193	1	8	315	4	306	1.22e-65	208
Psyr_4215	iSDY_1059.SDY_0756	35.7	308	193	1	8	315	4	306	1.22e-65	208
Psyr_4215	iSSON_1240.SSON_0813	35.7	308	193	1	8	315	4	306	1.73e-65	207
Psyr_4215	iSF_1195.SF0781	35.7	308	193	1	8	315	4	306	2.44e-65	207
Psyr_4215	iSbBS512_1146.SbBS512_E2517	35.4	308	194	1	8	315	4	306	1.94e-64	205
Psyr_4215	iML1515.b1486	37.3	327	181	1	11	313	9	335	1.43e-63	204
Psyr_4215	STM_v1_0.STM0850	34.7	308	196	1	8	315	4	306	2.17e-63	202
Psyr_4215	iYL1228.KPN_00864	34.7	308	196	1	8	315	4	306	6.10e-63	201
Psyr_4215	iSSON_1240.SSON_1638	37.0	327	182	1	11	313	9	335	4.46e-62	200
Psyr_4215	iSF_1195.SF3495	38.1	310	184	3	7	313	3	307	1.06e-59	193
Psyr_4215	iML1515.b3477	37.7	310	185	3	7	313	3	307	4.20e-59	191
Psyr_4215	iYL1228.KPN_03898	33.9	336	195	2	7	315	3	338	8.32e-59	191
Psyr_4215	iSbBS512_1146.SbBS512_E3844	37.7	310	185	3	7	313	3	307	4.20e-59	191
Psyr_4215	iSDY_1059.SDY_3632	37.7	310	185	3	7	313	3	307	4.20e-59	191
Psyr_4215	iSSON_1240.SSON_3715	37.7	310	185	3	7	313	3	307	4.20e-59	191
Psyr_4215	iYL1228.KPN_03851	37.7	310	185	3	7	313	3	307	2.34e-58	189
Psyr_4215	iJN1463.PP_0881	35.2	330	190	3	8	313	4	333	4.27e-58	189
Psyr_4217	iAM_Pb448.PBANKA_070440	22.4	303	200	11	12	294	125	412	8.82e-07	49.7
Psyr_4221	iAF987.Gmet_0700	33.4	470	283	8	115	575	360	808	5.26e-66	230
Psyr_4221	iJN1463.PP_0914	31.4	424	282	6	173	589	266	687	2.26e-59	210
Psyr_4221	iJN1463.PP_3581	31.2	449	292	8	143	582	242	682	3.21e-59	209
Psyr_4225	iJN1463.PP_3601	83.6	517	85	0	1	517	1	517	0.0	870
Psyr_4226	iJN1463.PP_3600	79.6	445	84	1	1	445	1	438	3.68e-264	724
Psyr_4227	iJN1463.PP_3599	91.1	303	27	0	1	303	1	303	8.64e-199	545
Psyr_4229	iEK1008.Rv1819c	33.2	573	354	4	23	566	52	624	1.75e-98	312
Psyr_4229	iLB1027_lipid.PHATRDRAFT_22803	33.7	593	323	11	28	563	4	583	1.33e-91	293
Psyr_4230	iAF987.Gmet_1919	34.7	170	94	4	13	169	2	167	2.06e-17	78.2
Psyr_4234	iJN1463.PP_0885	69.7	532	153	1	8	531	8	539	4.02e-276	761
Psyr_4234	iJN1463.PP_0884	64.9	507	177	1	25	531	24	529	8.08e-252	699
Psyr_4235	iJN1463.PP_0885	83.1	539	91	0	1	539	1	539	0.0	933
Psyr_4236	iJN1463.PP_0884	75.5	518	126	1	11	528	13	529	5.22e-296	810
Psyr_4236	iJN1463.PP_0885	71.5	526	141	2	12	528	14	539	7.41e-280	770
Psyr_4237	iJN1463.PP_0883	62.5	472	163	2	1	471	1	459	3.69e-209	585
Psyr_4238	iJN1463.PP_0882	67.8	531	171	0	1	531	14	544	5.18e-274	755
Psyr_4239	iJN1463.PP_0881	92.0	336	27	0	1	336	1	336	2.53e-219	600
Psyr_4240	iJN1463.PP_0880	94.0	299	18	0	5	303	10	308	6.01e-198	543
Psyr_4241	iJN1463.PP_0879	86.3	322	44	0	1	322	1	322	3.19e-199	548
Psyr_4242	iJN1463.PP_0878	90.7	322	30	0	1	322	1	322	1.44e-207	569
Psyr_4243	iJN1463.PP_0860	63.7	851	296	3	1	840	1	849	0.0	1087
Psyr_4247	iJN1463.PP_0864	92.5	387	29	0	1	387	1	387	2.17e-264	718
Psyr_4249	iJN1463.PP_0868	90.6	382	36	0	1	382	1	382	1.13e-252	689
Psyr_4250	iJN1463.PP_0869	90.7	215	20	0	1	215	1	215	2.30e-126	355
Psyr_4251	iJN1463.PP_0870	69.6	296	89	1	2	296	13	308	3.87e-152	427
Psyr_4252	iJN1463.PP_0871	81.9	237	43	0	1	237	11	247	9.75e-131	368
Psyr_4253	iEK1008.Rv0684	28.8	483	298	8	7	457	9	477	2.19e-52	189
Psyr_4255	iAF987.Gmet_2161	38.2	204	117	5	6	202	387	588	2.99e-34	127
Psyr_4264	iCN900.CD630_04310	23.8	513	307	13	22	516	21	467	1.69e-20	94.4
Psyr_4265	iAF987.Gmet_3085	39.3	712	401	6	557	1260	186	874	1.01e-150	477
Psyr_4265	iAF987.Gmet_0987	43.6	573	308	8	703	1272	225	785	3.98e-135	432
Psyr_4267	iAF987.Gmet_2107	31.1	283	176	8	23	297	38	309	1.75e-29	113
Psyr_4268	iEK1008.Rv1263	36.2	472	268	12	17	479	15	462	3.48e-67	222
Psyr_4268	iEK1008.Rv2888c	34.6	480	286	9	6	477	10	469	1.10e-62	211
Psyr_4270	iJN1463.PP_0671	94.2	416	24	0	1	416	1	416	1.75e-292	792
Psyr_4271	iJN1463.PP_4639	79.6	323	61	3	5	324	1	321	1.16e-179	499
Psyr_4276	iML1515.b3291	67.2	134	43	1	1	134	1	133	1.55e-58	177
Psyr_4277	iJN1463.PP_4646	76.0	258	62	0	1	258	1	258	3.09e-142	399
Psyr_4281	iJN1463.PP_4650	82.4	335	59	0	1	335	1	335	2.08e-206	567
Psyr_4282	iJN1463.PP_4651	85.7	469	64	2	1	467	1	468	1.41e-304	828
Psyr_4283	iCN900.CD630_20790	28.9	769	480	23	10	732	4	751	5.31e-65	229
Psyr_4283	iCN900.CD630_20730	27.3	779	485	24	10	732	4	757	4.46e-59	213
Psyr_4284	iAF987.Gmet_2134	27.3	304	168	7	1	300	3	257	1.03e-21	92.8
Psyr_4285	iAF987.Gmet_2135	46.9	145	77	0	14	158	14	158	1.36e-42	139
Psyr_4285	iCN900.CD630_20880	45.1	144	79	0	16	159	4	147	1.14e-40	134
Psyr_4285	iYO844.BSU32470	45.7	138	74	1	18	155	18	154	6.89e-38	127
Psyr_4286	iJN1463.PP_4653	91.0	431	39	0	1	431	1	431	5.26e-269	734
Psyr_4288	STM_v1_0.STM0593	27.9	359	222	11	19	360	13	351	4.48e-17	82.4
Psyr_4288	iSDY_1059.SDY_0522	26.8	354	232	8	19	360	13	351	4.53e-17	82.4
Psyr_4288	iML1515.b0591	26.8	354	232	8	19	360	13	351	2.61e-16	80.1
Psyr_4288	iSbBS512_1146.SbBS512_E0493	26.8	354	232	8	19	360	13	351	2.61e-16	80.1
Psyr_4288	iSSON_1240.SSON_0542	26.8	354	232	8	19	360	13	351	2.61e-16	80.1
Psyr_4288	iSF_1195.SF0505	26.0	354	229	9	19	360	13	345	8.29e-15	75.5
Psyr_4292	iJN1463.PP_1764	28.4	197	113	6	6	176	3	197	3.99e-12	62.4
Psyr_4293	iJN1463.PP_4762	81.7	289	53	0	1	289	1	289	7.73e-179	494
Psyr_4295	iYO844.BSU29710	26.8	328	197	11	5	303	6	319	2.74e-20	89.7
Psyr_4296	iYL1228.KPN_03625	52.8	36	17	0	22	57	147	182	6.31e-04	41.6
Psyr_4296	iLB1027_lipid.PHATRDRAFT_20342	47.9	48	24	1	23	70	218	264	9.01e-04	41.2
Psyr_4297	iYS854.USA300HOU_RS07595	20.7	363	263	7	20	376	11	354	1.82e-12	68.6
Psyr_4298	iYL1228.KPN_01622	28.2	163	106	4	16	174	10	165	1.36e-12	66.6
Psyr_4298	iML1515.b1533	27.6	163	107	4	16	174	10	165	2.77e-11	62.8
Psyr_4298	STM_v1_0.STM1517	29.9	174	103	7	15	177	8	173	2.79e-11	62.8
Psyr_4311	iSynCJ816.SGL_RS05440	41.1	275	153	6	391	662	3	271	1.50e-50	180
Psyr_4311	iYS854.USA300HOU_RS06180	39.8	289	155	8	391	666	4	286	1.45e-49	177
Psyr_4311	iAF987.Gmet_1600	37.0	284	170	5	392	666	5	288	3.69e-45	165
Psyr_4311	iSSON_1240.SSON_1112	36.8	296	176	6	392	677	5	299	5.15e-45	164
Psyr_4312	iEK1008.Rv2940c	36.9	526	298	10	1070	1582	8	512	6.49e-84	307
Psyr_4312	iEK1008.Rv3825c	35.5	530	311	9	1060	1578	18	527	1.72e-82	303
Psyr_4312	iEK1008.Rv2932	39.4	436	246	8	1070	1498	36	460	1.55e-82	301
Psyr_4312	iEK1008.Rv2935	38.0	511	278	13	1070	1561	8	498	8.06e-81	295
Psyr_4312	iEK1008.Rv2931	39.3	435	249	6	1070	1497	104	530	1.78e-78	289
Psyr_4312	iEK1008.Rv2934	36.2	470	286	7	1070	1532	38	500	1.47e-77	286
Psyr_4313	iEK1008.Rv2048c	31.6	893	514	25	233	1096	1655	2479	2.24e-99	359
Psyr_4313	iEK1008.Rv2932	38.8	508	295	8	1478	1975	10	511	2.60e-98	351
Psyr_4313	iEK1008.Rv2934	39.2	513	297	9	1502	2003	36	544	1.63e-94	341
Psyr_4313	iEK1008.Rv3825c	40.7	518	281	11	1503	2003	26	534	3.99e-94	341
Psyr_4313	iEK1008.Rv2931	35.7	624	359	12	1416	2022	30	628	1.52e-92	335
Psyr_4313	iEK1008.Rv2933	42.7	438	237	8	670	1101	37	466	6.71e-91	330
Psyr_4314	iEK1008.Rv2932	27.1	1562	951	55	13	1481	36	1503	5.76e-105	373
Psyr_4314	iEK1008.Rv2934	42.5	499	265	10	13	505	38	520	1.67e-99	358
Psyr_4314	iEK1008.Rv2931	37.0	649	369	11	2497	3132	29	650	4.49e-96	347
Psyr_4314	iEK1008.Rv2933	40.7	504	280	8	10	505	34	526	1.72e-92	337
Psyr_4315	iYO844.BSU30540	33.1	598	362	16	1	584	1	574	2.19e-84	277
Psyr_4317	iJN1463.PP_0169	23.4	304	183	5	10	294	19	291	2.38e-15	75.1
Psyr_4317	iPC815.YPO0185	30.5	177	95	4	141	293	98	270	4.95e-15	73.9
Psyr_4317	iJN1463.PP_0230	23.0	296	170	6	18	293	11	268	1.59e-14	72.4
Psyr_4317	iML1515.b0368	25.5	294	161	8	20	293	15	270	1.06e-13	70.1
Psyr_4317	iSDY_1059.SDY_0502	25.3	292	160	8	20	291	15	268	1.44e-13	69.7
Psyr_4317	iSSON_1240.SSON_0346	25.5	294	161	8	20	293	15	270	3.57e-13	68.6
Psyr_4317	iSF_1195.SF0250	25.5	294	161	8	20	293	15	270	6.54e-13	67.8
Psyr_4319	STM_v1_0.STM1221	44.1	111	58	3	15	122	41	150	2.90e-24	93.6
Psyr_4321	iYO844.BSU27260	29.7	276	180	7	11	284	30	293	3.46e-25	102
Psyr_4321	iNF517.LLMG_RS08910	28.7	258	174	4	11	267	30	278	2.24e-22	94.4
Psyr_4321	iMM904.YGR155W	27.9	287	194	6	10	286	38	321	5.38e-21	92.4
Psyr_4321	iYS854.USA300HOU_RS02630	28.2	280	188	6	11	288	32	300	1.63e-21	92.0
Psyr_4323	iAF692.Mbar_A2092	27.1	255	144	9	12	243	2	237	9.89e-14	68.6
Psyr_4324	iJN1463.PP_1110	67.4	233	76	0	1	233	1	233	4.32e-107	308
Psyr_4325	iAT_PLT_636.51166	26.2	321	211	7	124	421	111	428	5.68e-24	103
Psyr_4325	iYS854.USA300HOU_RS05220	25.4	323	218	12	132	442	61	372	5.63e-23	99.8
Psyr_4327	iML1515.b1010	35.2	54	35	0	49	102	51	104	5.94e-05	39.7
Psyr_4327	iSDY_1059.SDY_0985	35.2	54	35	0	49	102	51	104	5.94e-05	39.7
Psyr_4327	iSF_1195.SF1013	35.2	54	35	0	49	102	51	104	5.94e-05	39.7
Psyr_4330	iEK1008.Rv1399c	31.9	263	164	8	34	286	51	308	1.05e-24	100
Psyr_4331	iAF692.Mbar_A1138	26.5	185	119	6	4	180	2	177	1.23e-05	45.8
Psyr_4331	iAF987.Gmet_2352	26.8	149	97	4	2	142	3	147	6.92e-05	43.5
Psyr_4333	iJN1463.PP_4774	69.8	288	87	0	1	288	2	289	9.25e-136	385
Psyr_4336	iNF517.LLMG_RS06045	37.9	182	99	2	30	209	58	227	3.07e-30	111
Psyr_4336	iYS854.USA300HOU_RS07985	38.2	173	93	2	34	204	67	227	6.94e-30	110
Psyr_4336	iCN900.CD630_20500	37.2	183	100	3	25	204	54	224	8.32e-30	110
Psyr_4337	iJN1463.PP_4779	87.1	487	63	0	1	487	1	487	2.41e-314	853
Psyr_4338	iEK1008.Rv0672	50.6	544	258	7	6	544	1	538	5.22e-178	512
Psyr_4339	iAF987.Gmet_0043	27.2	246	170	5	416	656	25	266	5.22e-20	94.0
Psyr_4340	iJN1463.PP_4782	86.0	265	37	0	1	265	1	265	8.49e-171	471
Psyr_4341	iJN1463.PP_4783	75.0	204	51	0	1	204	1	204	4.98e-104	298
Psyr_4342	iJN1463.PP_4784	88.1	427	51	0	1	427	1	427	2.51e-281	764
Psyr_4349	iJN1463.PP_4790	79.1	506	105	1	1	506	1	505	3.40e-305	832
Psyr_4352	iJN1463.PP_4794	84.8	868	132	0	1	868	1	868	0.0	1529
Psyr_4357	iJN1463.PP_4805	33.6	280	165	7	95	364	72	340	3.59e-34	130
Psyr_4357	STM_v1_0.STM2831	33.8	260	154	9	108	358	96	346	1.87e-30	120
Psyr_4357	iSbBS512_1146.SbBS512_E3176	33.2	235	147	5	126	358	122	348	2.65e-30	120
Psyr_4357	iSDY_1059.SDY_2897	33.2	235	147	5	126	358	122	348	2.65e-30	120
Psyr_4357	iSSON_1240.SSON_2845	33.2	235	147	5	126	358	122	348	2.65e-30	120
Psyr_4357	iML1515.b2701	32.8	235	148	5	126	358	122	348	6.90e-30	119
Psyr_4357	iYL1228.KPN_03036	33.5	239	141	5	126	358	89	315	5.39e-30	118
Psyr_4357	iSF_1195.SF2724	32.3	235	149	5	126	358	122	348	9.47e-30	118
Psyr_4358	iJN1463.PP_4800	90.7	333	31	0	3	335	6	338	2.56e-226	618
Psyr_4359	iJN1463.PP_4801	78.1	215	47	0	1	215	2	216	1.93e-118	335
Psyr_4361	iJN1463.PP_4803	87.8	386	47	0	10	395	1	386	2.46e-249	681
Psyr_4363	iJN1463.PP_4805	81.8	336	60	1	1	335	13	348	1.67e-206	568
Psyr_4364	iML1515.b0089	32.5	311	201	5	66	371	91	397	1.43e-42	153
Psyr_4365	iJN1463.PP_4807	89.0	619	68	0	1	619	1	619	0.0	1124
Psyr_4368	iJN1463.PP_4810	79.2	212	44	0	6	217	19	230	3.48e-123	348
Psyr_4369	iJN1463.PP_4811	86.4	420	57	0	1	420	1	420	2.96e-259	708
Psyr_4371	iYS854.USA300HOU_RS07240	35.3	167	104	4	232	395	33	198	2.54e-14	71.2
Psyr_4376	iAF987.Gmet_0069	30.0	120	80	3	9	126	5	122	1.41e-08	54.3
Psyr_4377	iAF987.Gmet_0069	33.7	297	183	5	251	533	5	301	5.66e-45	160
Psyr_4379	iJN1463.PP_0565	70.5	173	51	0	1	173	1	173	1.50e-85	249
Psyr_4381	iJN1463.PP_0567	93.7	637	40	0	1	637	1	637	0.0	1198
Psyr_4383	iEK1008.Rv0220	33.8	210	118	6	38	227	129	337	7.49e-23	97.1
Psyr_4387	iJN1463.PP_0572	78.9	764	161	0	19	782	21	784	0.0	1220
Psyr_4388	iAF987.Gmet_3476	32.0	97	62	3	5	101	9	101	1.12e-07	48.9
Psyr_4388	iAF987.Gmet_1914	28.6	126	81	3	9	131	3	122	2.85e-07	47.8
Psyr_4398	iJN1463.PP_0561	72.7	589	153	2	11	599	1	581	9.50e-296	815
Psyr_4399	iJN1463.PP_0560	90.7	150	14	0	1	150	1	150	2.25e-96	274
Psyr_4400	iJN1463.PP_0559	70.8	154	43	2	1	153	1	153	2.74e-52	162
Psyr_4400	iML1515.b3255	57.1	156	62	2	1	152	1	155	1.41e-50	158
Psyr_4400	iSbBS512_1146.SbBS512_E3287	57.1	156	62	2	1	152	1	155	1.41e-50	158
Psyr_4400	iSF_1195.SF3293	57.1	156	62	2	1	152	1	155	1.41e-50	158
Psyr_4400	iSSON_1240.SSON_3396	57.1	156	62	2	1	152	1	155	1.41e-50	158
Psyr_4400	STM_v1_0.STM3379	56.4	156	63	2	1	152	1	155	5.70e-50	157
Psyr_4400	iSDY_1059.SDY_3432	56.4	156	63	2	1	152	1	155	1.15e-49	156
Psyr_4400	iYL1228.KPN_03664	62.3	154	56	1	1	152	1	154	1.82e-48	153
Psyr_4400	iPC815.YPO3659	55.6	171	39	4	1	152	1	153	1.76e-48	153
Psyr_4401	iJN1463.PP_0558	88.1	446	53	0	2	447	5	450	1.04e-291	793
Psyr_4406	iJN1463.PP_4822	87.5	535	66	1	5	538	1	535	0.0	924
Psyr_4407	iJN1463.PP_4823	84.0	431	69	0	1	431	1	431	4.17e-259	709
Psyr_4408	iAF987.Gmet_1914	32.2	121	72	4	642	761	3	114	2.10e-08	57.4
Psyr_4414	iJN1463.PP_4826	71.7	561	153	3	6	565	10	565	2.42e-270	748
Psyr_4415	iJN1463.PP_4827	86.1	244	34	0	1	244	1	244	1.15e-153	426
Psyr_4416	iJN1463.PP_4828	84.1	208	33	0	1	208	1	208	1.70e-119	337
Psyr_4417	iJN1463.PP_4829	58.9	426	166	4	15	438	17	435	1.55e-151	437
Psyr_4418	iJN1463.PP_4830	76.3	400	95	0	1	400	1	400	1.18e-220	609
Psyr_4419	iAF987.Gmet_0478	41.1	348	188	5	11	342	5	351	1.28e-65	212
Psyr_4420	iJN1463.PP_4832	73.3	236	63	0	3	238	4	239	2.02e-128	362
Psyr_4424	iCN718.ABAYE_RS03975	22.5	395	269	9	16	403	10	374	1.53e-15	79.0
Psyr_4424	iJN1463.PP_0860	24.4	394	261	13	16	401	9	373	2.45e-13	72.0
Psyr_4426	iJN1463.PP_4841	91.9	421	34	0	1	421	1	421	1.61e-290	787
Psyr_4427	iJN1463.PP_4842	74.8	523	102	2	7	529	3	495	4.43e-253	700
Psyr_4428	iJN1463.PP_4843	87.4	358	45	0	1	358	1	358	1.37e-230	630
Psyr_4429	iJN1463.PP_4844	81.8	280	48	1	7	286	9	285	7.92e-161	448
Psyr_4430	iJN1463.PP_4845	84.9	232	35	0	1	232	1	232	8.76e-143	398
Psyr_4431	iJN1463.PP_2842	40.1	272	149	7	14	281	16	277	3.88e-53	174
Psyr_4432	iSynCJ816.SGL_RS08455	82.8	99	17	0	1	99	1	99	1.65e-56	169
Psyr_4432	iCN718.ABAYE_RS13880	80.8	99	19	0	1	99	1	99	1.59e-54	164
Psyr_4432	iJN1463.PP_2843	77.8	99	22	0	1	99	1	99	5.11e-51	155
Psyr_4433	iJN1463.PP_4846	77.0	165	37	1	5	169	5	168	1.30e-88	256
Psyr_4434	iCN718.ABAYE_RS09345	38.2	157	97	0	17	173	15	171	1.61e-33	116
Psyr_4435	iCN718.ABAYE_RS13875	73.3	101	27	0	1	101	1	101	4.65e-50	153
Psyr_4435	iJN1463.PP_2844	69.3	101	31	0	1	101	1	101	7.24e-50	152
Psyr_4435	iYL1228.KPN_03466	67.3	101	33	0	1	101	1	101	6.85e-46	142
Psyr_4436	iCN718.ABAYE_RS13870	78.1	566	124	0	1	566	1	566	0.0	909
Psyr_4436	iYL1228.KPN_03467	77.3	564	128	0	3	566	4	567	0.0	894
Psyr_4436	iJN1463.PP_2845	76.6	564	132	0	3	566	4	567	0.0	892
Psyr_4436	iSynCJ816.SGL_RS04480	75.1	566	140	1	2	566	4	569	1.28e-315	863
Psyr_4437	iYS854.USA300HOU_RS05725	37.5	56	35	0	132	187	38	93	5.33e-08	48.9
Psyr_4437	iML1515.b3781	32.8	67	41	1	132	194	42	108	2.08e-06	44.7
Psyr_4437	iYL1228.KPN_04282	32.8	67	41	1	132	194	42	108	2.08e-06	44.7
Psyr_4437	STM_v1_0.STM3915	32.8	67	41	1	132	194	42	108	2.08e-06	44.7
Psyr_4437	iSbBS512_1146.SbBS512_E4140	32.8	67	41	1	132	194	42	108	2.08e-06	44.7
Psyr_4437	iSDY_1059.SDY_3968	32.8	67	41	1	132	194	60	126	2.87e-06	44.7
Psyr_4437	iSF_1195.SF3854	32.8	67	41	1	132	194	60	126	2.87e-06	44.7
Psyr_4437	iSSON_1240.SSON_3952	32.8	67	41	1	132	194	60	126	2.87e-06	44.7
Psyr_4439	iAF987.Gmet_0043	33.7	178	106	5	205	375	95	267	1.44e-14	74.7
Psyr_4441	STM_v1_0.STM0659	26.8	220	139	7	9	226	7	206	9.31e-09	57.0
Psyr_4441	iML1515.b0650	27.0	226	139	8	9	230	7	210	1.63e-08	56.2
Psyr_4441	iSSON_1240.SSON_0604	27.0	226	139	8	9	230	7	210	1.63e-08	56.2
Psyr_4441	iSbBS512_1146.SbBS512_E0599	26.8	224	138	8	11	230	9	210	2.85e-08	55.5
Psyr_4448	iJN1463.PP_1082	31.3	134	84	3	39	171	6	132	6.32e-06	43.9
Psyr_4451	iJN1463.PP_2846	46.5	142	72	4	1	139	1	141	1.12e-29	106
Psyr_4452	iJN1463.PP_2848	39.3	234	122	6	1	224	1	224	3.30e-25	98.2
Psyr_4452	iSynCJ816.SGL_RS05890	32.4	219	135	4	17	224	1	217	3.32e-22	90.1
Psyr_4453	iSynCJ816.SGL_RS03920	72.4	196	54	0	1	196	1	196	2.64e-101	291
Psyr_4453	iJN1463.PP_2849	70.7	198	58	0	4	201	6	203	1.06e-98	284
Psyr_4453	iIT341.HP0068	63.8	196	71	0	6	201	2	197	1.98e-92	268
Psyr_4454	iJN1463.PP_2847	40.5	153	86	3	9	161	6	153	2.95e-19	80.5
Psyr_4456	iJN1463.PP_0522	89.6	202	21	0	17	218	1	202	1.42e-132	370
Psyr_4457	iJN1463.PP_0519	69.5	318	96	1	1	317	1	318	9.88e-147	415
Psyr_4459	iJN1463.PP_0517	92.4	158	12	0	1	158	1	158	1.38e-96	275
Psyr_4460	iJN1463.PP_0516	91.2	362	32	0	2	363	8	369	1.87e-236	646
Psyr_4461	iJN1463.PP_0515	89.1	221	23	1	1	220	1	221	3.90e-138	385
Psyr_4462	iJN1463.PP_0514	75.1	366	89	1	1	366	15	378	1.98e-190	530
Psyr_4466	iJN1463.PP_0510	75.9	290	70	0	1	290	1	290	3.20e-153	429
Psyr_4470	iYO844.BSU30420	33.3	219	135	4	19	236	23	231	4.20e-33	119
Psyr_4470	iEK1008.Rv2564	38.9	193	108	3	32	224	33	215	2.68e-31	117
Psyr_4470	iJN1463.PP_4210	33.9	230	138	4	1	226	1	220	2.98e-29	114
Psyr_4470	iEK1008.Rv0073	36.9	195	113	3	31	225	32	216	2.78e-30	114
Psyr_4470	iCN900.CD630_19470	36.2	207	123	2	20	226	27	224	1.80e-30	112
Psyr_4475	iJN1463.PP_0501	75.1	309	77	0	1	309	1	309	3.36e-167	466
Psyr_4476	iJN1463.PP_0500	86.0	293	41	0	1	293	1	293	2.01e-188	518
Psyr_4477	iML1515.b0808	29.3	396	260	8	343	726	340	727	2.89e-31	130
Psyr_4478	iAF987.Gmet_0843	29.3	273	182	8	1	270	1	265	1.42e-24	99.0
Psyr_4479	iYL1228.KPN_04788	40.6	202	112	1	71	272	44	237	4.39e-46	155
Psyr_4479	iCHOv1.100766004	39.6	202	110	3	73	271	17	209	1.37e-45	152
Psyr_4479	STM_v1_0.STM1101	40.6	202	112	1	71	272	223	416	7.26e-43	151
Psyr_4479	iSbBS512_1146.SbBS512_E4890	38.7	212	122	1	71	282	223	426	1.51e-40	145
Psyr_4479	iSSON_1240.SSON_4499	38.7	212	122	1	71	282	223	426	1.51e-40	145
Psyr_4479	iSF_1195.SF4384	39.6	202	114	1	71	272	223	416	2.11e-40	144
Psyr_4480	iYL1228.KPN_02186	30.9	97	61	2	171	267	152	242	2.24e-06	47.4
Psyr_4480	iSbBS512_1146.SbBS512_E1421	31.6	95	58	2	173	267	145	232	2.27e-05	44.3
Psyr_4480	iML1515.b1252	31.6	95	58	2	173	267	145	232	3.05e-05	43.9
Psyr_4480	iSF_1195.SF1255	31.6	95	58	2	173	267	148	235	3.10e-05	43.9
Psyr_4480	iSSON_1240.SSON_1914	31.6	95	58	2	173	267	145	232	3.05e-05	43.9
Psyr_4480	iSDY_1059.SDY_1316	31.6	95	58	2	173	267	145	232	4.10e-05	43.5
Psyr_4481	iJN1463.PP_5306	33.0	212	133	3	17	226	112	316	1.15e-23	96.3
Psyr_4481	STM_v1_0.STM3159	33.3	198	124	4	17	210	30	223	3.44e-21	88.2
Psyr_4481	iSF_1195.SF3051	31.6	212	133	3	5	210	18	223	9.31e-21	87.0
Psyr_4482	iML1515.b3005	34.1	126	83	0	7	132	10	135	2.22e-17	72.8
Psyr_4482	iSbBS512_1146.SbBS512_E3433	34.1	126	83	0	7	132	10	135	2.22e-17	72.8
Psyr_4482	iSF_1195.SF3050	34.1	126	83	0	7	132	10	135	2.22e-17	72.8
Psyr_4482	iSSON_1240.SSON_3148	34.1	126	83	0	7	132	10	135	2.22e-17	72.8
Psyr_4482	iSDY_1059.SDY_3068	34.1	126	83	0	7	132	10	135	3.12e-17	72.4
Psyr_4482	iJN1463.PP_5307	34.7	118	76	1	14	130	17	134	3.87e-15	67.0
Psyr_4482	STM_v1_0.STM3158	31.7	126	86	0	7	132	10	135	1.06e-14	65.9
Psyr_4483	iYL1228.KPN_01250	27.5	251	139	12	501	736	517	739	3.30e-09	60.1
Psyr_4487	STM_v1_0.STM3793	59.7	300	121	0	4	303	3	302	5.86e-117	338
Psyr_4488	STM_v1_0.STM3792	51.1	423	204	3	1	422	1	421	7.20e-140	407
Psyr_4491	iNF517.LLMG_RS05390	53.6	207	96	0	13	219	7	213	1.83e-64	199
Psyr_4491	iHN637.CLJU_RS08910	53.6	211	97	1	9	218	3	213	4.30e-64	197
Psyr_4491	iYS854.USA300HOU_RS11540	53.3	210	98	0	10	219	4	213	4.20e-63	195
Psyr_4491	iYS854.USA300HOU_RS00730	53.6	207	96	0	13	219	7	213	4.20e-63	195
Psyr_4491	iYO844.BSU39420	52.8	212	99	1	9	219	3	214	2.63e-62	193
Psyr_4491	iLJ478.TM1559	50.5	208	103	0	12	219	34	241	7.64e-57	180
Psyr_4493	iAF987.Gmet_3085	45.5	444	238	3	522	964	451	891	5.86e-126	404
Psyr_4493	iAF987.Gmet_0957	42.6	476	250	3	498	951	140	614	8.41e-123	387
Psyr_4493	iAF987.Gmet_0987	44.6	437	241	1	521	957	349	784	3.59e-119	382
Psyr_4493	iAF987.Gmet_0700	44.6	428	236	1	521	948	383	809	5.52e-116	375
Psyr_4493	iAF987.Gmet_0782	41.3	448	262	1	513	960	282	728	1.40e-114	369
Psyr_4495	iML1515.b2430	28.9	97	65	2	56	150	148	242	2.56e-04	42.0
Psyr_4497	iPC815.YPO0682	31.1	222	139	5	1	217	117	329	1.48e-20	88.6
Psyr_4497	iJN1463.PP_5306	30.7	231	135	6	11	231	97	312	1.36e-19	85.5
Psyr_4497	STM_v1_0.STM3159	28.6	203	144	1	11	213	15	216	1.23e-19	84.3
Psyr_4497	iML1515.b3006	29.6	206	138	2	11	213	15	216	1.71e-19	84.0
Psyr_4497	iSDY_1059.SDY_3067	29.6	206	138	2	11	213	15	216	1.71e-19	84.0
Psyr_4497	iSSON_1240.SSON_3149	29.6	206	138	2	11	213	15	216	1.71e-19	84.0
Psyr_4497	iSF_1195.SF3051	29.6	206	138	2	11	213	15	216	2.37e-19	83.6
Psyr_4497	iYL1228.KPN_03426	27.8	223	160	1	11	233	10	231	2.97e-19	83.2
Psyr_4497	iSbBS512_1146.SbBS512_E3434	29.6	206	138	2	11	213	15	216	3.29e-19	83.2
Psyr_4498	iPC815.YPO0683	31.5	127	87	0	9	135	7	133	3.46e-15	67.4
Psyr_4498	iYL1228.KPN_03425	28.3	127	91	0	9	135	7	133	5.46e-13	61.6
Psyr_4499	iJN1463.PP_2590	27.0	671	444	19	62	706	121	771	5.44e-48	181
Psyr_4500	iPC815.YPO1648	33.1	378	226	12	26	381	20	392	1.63e-50	176
Psyr_4501	iCN900.CD630_21940	24.7	231	168	3	18	244	17	245	1.65e-15	77.0
Psyr_4502	iML1515.b3453	31.2	429	277	9	9	423	9	433	1.04e-50	177
Psyr_4502	iSbBS512_1146.SbBS512_E3870	30.8	429	279	9	9	423	9	433	2.08e-49	173
Psyr_4502	iYL1228.KPN_03813	30.5	440	284	10	1	424	1	434	7.85e-49	172
Psyr_4502	iPC815.YPO3796	29.2	439	293	9	3	427	5	439	4.20e-48	170
Psyr_4502	STM_v1_0.STM3557	30.6	441	280	11	1	423	1	433	3.00e-47	167
Psyr_4503	iPC815.YPO3795	38.2	293	177	1	4	296	5	293	2.48e-60	193
Psyr_4503	iML1515.b3452	38.1	281	174	0	4	284	5	285	1.93e-56	183
Psyr_4503	iSbBS512_1146.SbBS512_E3871	38.1	281	174	0	4	284	5	285	3.85e-56	182
Psyr_4503	iYL1228.KPN_03812	38.0	266	165	0	19	284	20	285	3.04e-55	180
Psyr_4503	STM_v1_0.STM3556	35.9	281	180	0	4	284	5	285	5.27e-53	174
Psyr_4504	iPC815.YPO3794	41.9	303	148	3	1	297	1	281	3.39e-74	228
Psyr_4504	iSbBS512_1146.SbBS512_E3872	41.3	303	150	3	1	297	1	281	2.81e-70	218
Psyr_4504	iML1515.b3451	40.9	303	151	3	1	297	1	281	1.12e-69	217
Psyr_4504	iYL1228.KPN_03811	41.3	305	147	4	1	297	1	281	1.12e-69	217
Psyr_4504	STM_v1_0.STM3555	41.3	305	147	4	1	297	1	281	1.80e-68	214
Psyr_4505	STM_v1_0.STM3554	50.0	342	164	4	23	358	15	355	5.08e-100	300
Psyr_4505	iPC815.YPO3793	48.0	344	174	4	20	358	11	354	2.98e-99	298
Psyr_4505	iYL1228.KPN_03810	49.6	341	167	3	23	358	15	355	8.17e-99	296
Psyr_4505	iSbBS512_1146.SbBS512_E3873	48.7	341	170	3	23	358	15	355	1.64e-98	296
Psyr_4505	iML1515.b3450	48.7	341	170	3	23	358	15	355	2.32e-98	295
Psyr_4505	iPC815.YPO3712	44.2	342	161	6	12	335	3	332	1.89e-89	273
Psyr_4505	iEK1008.Rv2038c	45.2	343	178	4	23	358	15	354	5.24e-89	271
Psyr_4506	iYL1228.KPN_03809	33.8	237	155	2	12	248	9	243	2.31e-38	134
Psyr_4506	iSSON_1240.SSON_3687	32.1	237	159	2	12	248	9	243	6.62e-38	132
Psyr_4506	STM_v1_0.STM3553	32.5	231	155	1	12	242	9	238	1.28e-37	132
Psyr_4506	iSbBS512_1146.SbBS512_E3875	32.1	237	159	2	12	248	9	243	1.85e-37	131
Psyr_4506	iSF_1195.SF3466	31.6	237	160	2	12	248	9	243	3.65e-37	130
Psyr_4506	iML1515.b3449	31.2	237	161	2	12	248	9	243	1.43e-36	129
Psyr_4507	iYL1228.KPN_02865	29.6	233	155	5	1	225	1	232	3.72e-25	99.8
Psyr_4507	iLJ478.TM1415	33.3	186	121	1	37	222	11	193	2.56e-25	99.4
Psyr_4507	iPC815.YPO2899	27.3	245	138	5	1	222	1	228	1.44e-23	95.5
Psyr_4507	iJN1463.PP_0838	30.6	229	148	4	1	218	1	229	3.05e-23	94.7
Psyr_4507	STM_v1_0.STM2546	27.2	232	147	4	1	218	1	224	1.05e-21	90.5
Psyr_4507	iML1515.b2533	28.0	225	154	4	1	218	1	224	1.46e-21	90.1
Psyr_4507	iSbBS512_1146.SbBS512_E2908	28.0	225	154	4	1	218	1	224	1.46e-21	90.1
Psyr_4507	iSF_1195.SF2580	28.0	225	154	4	1	218	1	224	1.46e-21	90.1
Psyr_4508	iLJ478.TM0070	34.6	358	203	11	11	360	6	340	1.04e-57	191
Psyr_4519	iYO844.BSU26590	25.3	348	245	9	29	367	24	365	1.21e-10	62.8
Psyr_4520	iCN900.CD630_31950	33.5	959	457	14	20	952	3	806	9.23e-167	507
Psyr_4521	iJN1463.PP_1082	44.8	154	83	2	1	153	1	153	1.63e-37	125
Psyr_4521	iML1515.b3336	43.5	154	85	2	1	153	1	153	7.70e-36	121
Psyr_4522	iJN1463.PP_0481	84.9	477	71	1	4	480	3	478	5.96e-316	857
Psyr_4550	iSynCJ816.SGL_RS10925	68.1	401	120	2	1	396	1	398	1.05e-198	553
Psyr_4551	iEK1008.Rv0684	56.6	701	287	6	5	699	8	697	1.21e-278	780
Psyr_4551	iSynCJ816.SGL_RS10930	56.1	700	292	6	1	699	1	686	7.44e-275	770
Psyr_4563	iJN1463.PP_0438	64.9	248	87	0	1	248	1	248	3.21e-114	327
Psyr_4564	iJN1463.PP_0437	65.1	321	108	2	17	335	1	319	2.40e-150	425
Psyr_4565	iJN1463.PP_0436	87.7	399	49	0	1	399	1	399	1.33e-256	700
Psyr_4566	iML1515.b1856	33.8	352	221	6	112	462	97	437	7.37e-58	197
Psyr_4567	iJN1463.PP_0434	66.7	360	120	0	5	364	4	363	1.05e-176	494
Psyr_4568	iYS854.USA300HOU_RS04660	37.4	107	66	1	8	114	2	107	8.03e-20	77.8
Psyr_4568	iJN1463.PP_0844	39.4	109	61	4	10	116	2	107	1.67e-19	76.6
Psyr_4568	iLB1027_lipid.PHATRDRAFT_7780	38.1	113	60	4	14	116	9	121	3.13e-17	71.2
Psyr_4569	iJN1463.PP_0432	89.8	344	35	0	1	344	1	344	4.11e-229	625
Psyr_4570	iSynCJ816.SGL_RS03055	41.8	146	78	2	1	140	1	145	2.41e-33	115
Psyr_4572	iSynCJ816.SGL_RS12965	33.2	247	162	3	1	245	4	249	3.55e-29	110
Psyr_4573	iML1515.b1103	50.5	107	52	1	2	107	4	110	2.00e-34	114
Psyr_4574	iJN1463.PP_0427	80.5	215	42	0	1	215	1	215	2.57e-122	345
Psyr_4575	STM_v1_0.STM0165	67.7	260	84	0	4	263	3	262	4.40e-131	371
Psyr_4575	iPC815.YPO3412	68.5	260	82	0	3	262	2	261	8.87e-131	370
Psyr_4575	iML1515.b0120	67.6	259	84	0	4	262	3	261	7.26e-130	368
Psyr_4575	iSbBS512_1146.SbBS512_E0113	67.6	259	84	0	4	262	3	261	7.26e-130	368
Psyr_4575	iSF_1195.SF0117	67.6	259	84	0	4	262	3	261	7.26e-130	368
Psyr_4575	iSSON_1240.SSON_0128	67.6	259	84	0	4	262	3	261	7.26e-130	368
Psyr_4575	iYL1228.KPN_00126	67.4	258	84	0	5	262	1	258	5.35e-129	365
Psyr_4575	iSDY_1059.SDY_0027	67.2	259	85	0	4	262	3	261	8.43e-129	365
Psyr_4579	iJN1463.PP_0422	84.0	268	43	0	1	268	1	268	3.59e-153	428
Psyr_4580	iJN1463.PP_0421	88.8	349	39	0	5	353	1	349	1.89e-217	597
Psyr_4581	iJN1463.PP_0420	87.3	197	25	0	1	197	1	197	5.52e-127	355
Psyr_4606	iJN1463.PP_0418	59.2	633	234	9	15	640	14	629	8.56e-255	714
Psyr_4609	iJN1463.PP_0417	87.1	489	63	0	1	489	1	489	4.46e-313	850
Psyr_4610	iJN1463.PP_0416	75.4	272	67	0	1	272	1	272	3.06e-149	417
Psyr_4611	iJN1463.PP_0415	90.1	223	22	0	1	223	1	223	3.66e-147	408
Psyr_4612	iJN1463.PP_0414	90.5	273	26	0	1	273	1	273	1.13e-168	467
Psyr_4613	iJN1463.PP_0413	87.0	415	54	0	1	415	1	415	2.11e-260	711
Psyr_4614	iJN1463.PP_0412	82.0	344	61	1	1	344	1	343	2.63e-209	575
Psyr_4615	iJN1463.PP_0411	84.2	374	59	0	1	374	1	374	5.79e-235	643
Psyr_4618	iAF987.Gmet_1914	27.9	104	73	1	1	104	1	102	1.50e-04	41.6
Psyr_4618	iAF987.Gmet_1919	21.3	122	94	1	4	125	5	124	2.45e-04	40.8
Psyr_4622	iAF692.Mbar_A1937	31.8	223	135	5	18	225	1	221	1.37e-24	100
Psyr_4622	iSynCJ816.SGL_RS11220	43.2	125	58	3	18	130	1	124	2.07e-21	91.3
Psyr_4624	iSSON_1240.SSON_0062	29.6	790	477	22	152	919	49	781	6.19e-95	316
Psyr_4624	iSbBS512_1146.SbBS512_E0048	29.5	790	478	22	152	919	49	781	2.30e-94	315
Psyr_4624	iML1515.b0054	29.5	790	478	22	152	919	49	781	3.19e-94	314
Psyr_4624	iSDY_1059.SDY_0079	29.4	790	479	22	152	919	49	781	4.30e-92	308
Psyr_4624	iSF_1195.SF0051	29.2	790	480	22	152	919	49	781	4.30e-92	308
Psyr_4626	iJN1463.PP_0402	86.2	326	45	0	1	326	1	326	1.20e-202	557
Psyr_4627	iAM_Pv461.PVX_085660	35.2	219	132	3	11	227	82	292	3.50e-34	127
Psyr_4629	iJN1463.PP_0399	69.9	269	81	0	1	269	1	269	1.03e-144	407
Psyr_4630	iJN1463.PP_0398	78.5	107	22	1	1	106	1	107	3.51e-57	171
Psyr_4635	iJN1463.PP_0393	74.4	168	43	0	1	168	1	168	1.11e-88	256
Psyr_4636	iJN1463.PP_0392	87.2	117	14	1	1	116	1	117	4.50e-69	202
Psyr_4637	iJN1463.PP_0391	80.4	189	37	0	4	192	1	189	3.93e-105	299
Psyr_4642	iAF987.Gmet_3085	39.4	715	425	5	97	805	166	878	1.44e-161	493
Psyr_4649	iCHOv1.100769399	33.3	84	55	1	62	144	105	188	7.92e-05	41.2
Psyr_4660	iYO844.BSU27200	61.3	266	102	1	1	265	1	266	1.90e-113	327
Psyr_4662	iJN1463.PP_4243	36.2	636	356	16	6	614	2152	2764	9.31e-87	313
Psyr_4662	iJN1463.PP_4219	36.7	610	341	14	36	624	508	1093	3.51e-86	311
Psyr_4662	iYL1228.KPN_00605	35.9	607	342	15	33	614	464	1048	7.39e-84	300
Psyr_4662	STM_v1_0.STM0588	34.9	624	356	17	33	629	457	1057	3.18e-82	295
Psyr_4662	iSSON_1240.SSON_0537	35.5	617	340	18	30	615	454	1043	1.39e-80	290
Psyr_4662	iML1515.b0586	35.3	615	344	16	30	615	454	1043	2.49e-80	290
Psyr_4662	iSF_1195.SF0498	35.4	616	342	17	30	615	458	1047	3.07e-80	289
Psyr_4662	iSbBS512_1146.SbBS512_E0488	35.6	616	341	18	30	615	454	1043	1.90e-79	287
Psyr_4662	iSDY_1059.SDY_0515	35.5	622	344	19	24	615	449	1043	2.53e-79	286
Psyr_4667	iJN1463.PP_0383	87.8	558	68	0	2	559	3	560	0.0	1041
Psyr_4668	iJN1463.PP_0382	66.2	260	88	0	1	260	1	260	1.38e-120	344
Psyr_4669	iJN1463.PP_0381	42.5	769	397	18	10	751	6	756	5.48e-160	482
Psyr_4670	iJN1463.PP_0380	95.5	22	1	0	3	24	2	23	1.51e-11	50.4
Psyr_4672	iJN1463.PP_0378	94.0	251	15	0	1	251	1	251	1.07e-182	500
Psyr_4674	iJN1463.PP_0376	86.4	375	51	0	13	387	1	375	8.80e-255	694
Psyr_4677	iJN1463.PP_0368	50.7	598	288	3	1	592	1	597	1.15e-210	599
Psyr_4677	iJN1463.PP_2048	50.8	597	278	6	3	592	2	589	1.05e-198	568
Psyr_4678	iAF987.Gmet_0840	40.0	385	210	10	37	413	38	409	2.81e-70	227
Psyr_4681	iJN1463.PP_0368	89.9	601	61	0	1	601	1	601	0.0	1110
Psyr_4683	iJN1463.PP_0366	71.1	225	65	0	1	225	1	225	1.19e-107	308
Psyr_4684	iJN1463.PP_0365	72.1	269	74	1	1	268	1	269	3.18e-134	379
Psyr_4685	iJN1463.PP_0364	58.8	243	100	0	1	243	1	243	1.09e-97	285
Psyr_4686	iJN1463.PP_0363	82.4	386	68	0	1	386	1	386	1.45e-233	641
Psyr_4687	iJN1463.PP_0362	92.0	352	28	0	1	352	1	352	3.04e-235	642
Psyr_4688	iAM_Pc455.PCYB_123480	42.2	45	24	1	190	234	422	464	5.58e-04	40.4
Psyr_4691	iEK1008.Rv0805	31.7	221	142	3	5	221	14	229	2.54e-27	107
Psyr_4692	iSbBS512_1146.SbBS512_E1304	53.1	245	112	2	6	248	18	261	2.23e-80	249
Psyr_4692	iSSON_1240.SSON_1144	53.1	245	112	2	6	248	18	261	2.23e-80	249
Psyr_4692	iSDY_1059.SDY_2026	53.1	245	112	2	6	248	18	261	3.15e-80	249
Psyr_4692	iML1515.b1126	53.1	245	112	2	6	248	18	261	4.45e-80	248
Psyr_4692	iSF_1195.SF1128	53.1	245	112	2	6	248	18	261	4.45e-80	248
Psyr_4692	STM_v1_0.STM1226	48.3	300	141	8	6	293	18	315	6.29e-80	248
Psyr_4692	iYL1228.KPN_01132	52.2	245	114	2	6	248	18	261	1.77e-79	247
Psyr_4692	iJN1463.PP_5137	49.8	277	133	3	3	276	7	280	2.94e-77	240
Psyr_4692	iJN1463.PP_1484	45.2	305	149	3	21	320	19	310	2.25e-77	240
Psyr_4692	iJN1463.PP_3817	47.7	285	141	3	4	282	13	295	7.86e-76	238
Psyr_4692	iJN1463.PP_0411	40.3	320	177	3	4	309	13	332	8.83e-76	237
Psyr_4692	iSynCJ816.SGL_RS17160	52.3	237	112	1	5	241	2	237	1.43e-75	236
Psyr_4692	iLJ478.TM1376	50.6	241	118	1	1	241	1	240	2.34e-74	233
Psyr_4692	iML1515.b1441	43.3	300	156	3	21	319	19	305	3.77e-74	232
Psyr_4692	iSSON_1240.SSON_1696	43.3	300	156	3	21	319	19	305	3.77e-74	232
Psyr_4692	iSDY_1059.SDY_1733	43.0	300	157	3	21	319	19	305	1.50e-73	230
Psyr_4692	iCN900.CD630_10240	41.1	316	166	4	6	309	6	313	4.01e-73	229
Psyr_4692	iCN900.CD630_35270	48.3	236	121	1	6	241	4	238	2.51e-73	229
Psyr_4692	iYL1228.KPN_00886	45.5	286	144	4	6	280	36	320	1.48e-72	229
Psyr_4692	iCN900.CD630_35300	48.3	236	121	1	6	241	4	238	3.54e-73	229
Psyr_4692	iAF987.Gmet_1903	51.9	243	112	2	5	243	2	243	1.01e-72	228
Psyr_4692	iYL1228.KPN_01927	43.2	301	155	3	21	319	19	305	1.19e-72	228
Psyr_4692	iEK1008.Rv1238	45.4	273	145	3	6	276	4	274	1.17e-71	227
Psyr_4692	iYS854.USA300HOU_RS05485	43.6	280	153	2	6	281	5	283	5.18e-72	227
Psyr_4692	STM_v1_0.STM3554	44.1	286	151	3	6	282	4	289	5.82e-72	227
Psyr_4692	iCN900.CD630_34170	48.3	234	121	0	6	239	4	237	1.16e-71	226
Psyr_4692	iCN718.ABAYE_RS05140	47.5	284	139	5	5	280	2	283	1.50e-71	226
Psyr_4692	iSF_1195.SF0809	44.8	286	146	4	6	280	47	331	6.22e-71	226
Psyr_4692	iPC815.YPO1332	45.5	286	144	4	6	280	20	304	2.96e-71	226
Psyr_4692	iML1515.b0855	44.8	286	146	4	6	280	20	304	8.32e-71	224
Psyr_4692	iSDY_1059.SDY_0740	44.8	286	146	4	6	280	20	304	8.32e-71	224
Psyr_4693	iJN1463.PP_3816	30.1	209	135	5	17	219	23	226	1.35e-13	68.6
Psyr_4693	iYL1228.KPN_00888	27.7	231	143	7	3	219	8	228	1.33e-12	65.9
Psyr_4693	iPC815.YPO1334	28.8	212	134	5	20	219	22	228	1.82e-12	65.5
Psyr_4693	STM_v1_0.STM0880	27.7	231	143	7	3	219	8	228	3.36e-12	64.7
Psyr_4693	iML1515.b0857	31.6	174	104	4	56	219	60	228	1.56e-11	62.8
Psyr_4693	iSbBS512_1146.SbBS512_E2474	31.6	174	104	4	56	219	60	228	1.56e-11	62.8
Psyr_4693	iSDY_1059.SDY_0738	31.6	174	104	4	56	219	60	228	1.56e-11	62.8
Psyr_4693	iSynCJ816.SGL_RS17155	29.5	193	121	5	79	257	78	269	1.50e-11	62.8
Psyr_4693	iLJ478.TM1378	27.2	184	121	4	43	219	39	216	2.33e-11	62.0
Psyr_4694	iSDY_1059.SDY_2620	31.1	244	161	3	20	262	8	245	7.44e-20	86.7
Psyr_4694	iML1515.b2424	31.1	244	161	3	20	262	8	245	1.42e-19	85.9
Psyr_4694	iSbBS512_1146.SbBS512_E2796	31.1	244	161	3	20	262	8	245	1.42e-19	85.9
Psyr_4694	iSSON_1240.SSON_2513	31.1	244	161	3	20	262	8	245	1.42e-19	85.9
Psyr_4694	iEK1008.Rv2399c	29.2	274	175	6	12	279	9	269	9.80e-18	80.9
Psyr_4694	iYL1228.KPN_02772	30.7	244	162	3	20	262	8	245	1.71e-17	80.1
Psyr_4694	iPC815.YPO3014	30.7	244	162	4	20	262	8	245	6.07e-17	78.6
Psyr_4695	iJN1463.PP_5135	27.7	256	151	12	41	284	52	285	1.39e-11	64.3
Psyr_4696	iYO844.BSU35960	25.1	223	145	7	62	274	40	250	5.93e-08	53.1
Psyr_4700	iJN1463.PP_0356	82.9	725	124	0	1	725	1	725	0.0	1220
Psyr_4701	iAF987.Gmet_3476	27.1	118	84	2	26	142	8	124	1.54e-11	60.5
Psyr_4701	iAF987.Gmet_1914	29.6	108	74	2	29	136	3	108	9.90e-11	58.2
Psyr_4702	iCN718.ABAYE_RS12520	33.3	105	68	2	191	293	215	319	4.42e-08	55.1
Psyr_4702	iLJ478.TM1347	24.3	152	105	5	187	335	93	237	3.41e-06	49.7
Psyr_4709	iJN1463.PP_0296	83.5	315	52	0	1	315	1	315	7.72e-192	529
Psyr_4710	iJN1463.PP_0295	86.8	281	37	0	1	281	1	281	9.17e-167	462
Psyr_4711	iJN1463.PP_0294	86.2	392	54	0	1	392	1	392	1.51e-246	674
Psyr_4712	iJN1463.PP_0322	93.0	417	29	0	1	417	1	417	1.61e-288	782
Psyr_4713	iJN1463.PP_0323	94.7	416	22	0	1	416	1	416	1.16e-301	815
Psyr_4714	iJN1463.PP_0324	81.1	95	18	0	1	95	1	95	1.40e-61	182
Psyr_4715	iJN1463.PP_0325	86.7	1005	133	1	1	1005	1	1004	0.0	1787
Psyr_4716	iJN1463.PP_0326	68.1	210	67	0	1	210	1	210	1.23e-99	287
Psyr_4717	iJN1463.PP_0327	89.8	285	29	0	1	285	1	285	1.05e-190	523
Psyr_4718	iJN1463.PP_0328	87.0	399	52	0	1	399	1	399	6.14e-261	711
Psyr_4724	iCHOv1.100763383	28.1	185	103	5	121	295	119	283	9.83e-11	61.6
Psyr_4724	iAT_PLT_636.56894	28.0	186	102	6	121	295	149	313	3.41e-10	60.1
Psyr_4724	iCHOv1.100761743	25.7	268	158	11	42	295	43	283	1.03e-09	58.5
Psyr_4732	iJN1463.PP_5064	85.7	559	80	0	6	564	4	562	0.0	1028
Psyr_4732	iML1515.b0311	78.9	554	117	0	6	559	2	555	0.0	926
Psyr_4733	iJN1463.PP_5063	85.7	490	70	0	1	490	1	490	6.51e-309	840
Psyr_4735	iAF987.Gmet_2444	29.9	231	123	13	11	220	23	235	4.19e-06	48.9
Psyr_4737	iJN1463.PP_5132	75.4	171	39	2	1	169	1	170	4.53e-92	265
Psyr_4738	iJN1463.PP_5130	85.2	330	49	0	23	352	22	351	4.89e-211	580
Psyr_4740	iJN1463.PP_5104	89.3	270	23	1	1	264	1	270	8.03e-170	469
Psyr_4741	iJN1463.PP_5105	80.3	66	13	0	1	66	27	92	3.96e-33	108
Psyr_4743	iJN1463.PP_5107	74.9	235	59	0	1	235	1	235	6.07e-129	363
Psyr_4750	iJN1463.PP_0220	41.2	221	128	2	2	220	33	253	5.95e-57	184
Psyr_4750	iPC815.YPO1073	41.8	220	124	2	1	216	1	220	1.18e-53	175
Psyr_4750	iYO844.BSU32750	37.5	224	136	2	1	220	1	224	6.97e-52	170
Psyr_4750	STM_v1_0.STM0247	41.4	220	125	2	1	216	1	220	2.05e-51	169
Psyr_4750	iJN1463.PP_0114	40.6	224	128	3	1	219	1	224	3.34e-51	168
Psyr_4750	iSDY_1059.SDY_0218	41.4	220	125	2	1	216	1	220	4.08e-51	168
Psyr_4750	iSbBS512_1146.SbBS512_E0193	41.4	220	125	2	1	216	1	220	5.74e-51	168
Psyr_4750	iSSON_1240.SSON_0213	41.4	220	125	2	1	216	1	220	5.74e-51	168
Psyr_4750	iML1515.b0199	40.9	220	126	2	1	216	1	220	8.10e-51	167
Psyr_4750	iYL1228.KPN_00213	40.9	220	126	2	1	216	1	220	8.10e-51	167
Psyr_4750	iSF_1195.SF0190	41.4	220	125	2	1	216	1	220	1.61e-50	167
Psyr_4752	iAF987.Gmet_2530	29.4	472	260	7	32	443	32	490	4.16e-53	185
Psyr_4753	iAF987.Gmet_2529	29.0	403	276	8	74	471	53	450	2.36e-36	140
Psyr_4754	iCN718.ABAYE_RS13845	45.4	183	91	3	14	193	4	180	1.75e-40	135
Psyr_4755	iCHOv1.100765125	24.8	105	75	2	46	149	147	248	5.51e-04	41.2
Psyr_4756	iJN1463.PP_5118	71.7	283	80	0	1	283	1	283	2.49e-154	431
Psyr_4758	iJN1463.PP_5123	94.3	159	9	0	1	159	1	159	1.96e-106	300
Psyr_4759	iJN1463.PP_1625	50.0	28	14	0	3	30	34	61	2.86e-04	36.2
Psyr_4763	iYO844.BSU39050	26.0	150	101	3	3	146	537	682	3.87e-06	45.8
Psyr_4766	iJN1463.PP_0321	85.8	346	49	0	1	346	1	346	2.65e-226	619
Psyr_4769	iYO844.BSU03070	24.1	399	291	6	21	413	18	410	7.15e-30	121
Psyr_4770	iAF987.Gmet_3085	37.6	556	340	3	336	884	324	879	7.27e-116	375
Psyr_4770	iAF987.Gmet_0700	38.1	551	336	4	342	889	270	818	2.40e-110	358
Psyr_4770	iAF987.Gmet_0957	39.7	446	265	3	447	888	174	619	3.60e-107	344
Psyr_4770	iAF987.Gmet_0987	35.8	537	341	3	360	893	253	788	1.08e-103	339
Psyr_4771	iJN1463.PP_0336	79.6	216	42	2	1	214	1	216	9.69e-131	366
Psyr_4775	iJN1463.PP_0316	84.7	366	56	0	1	366	3	368	7.43e-239	652
Psyr_4776	iJN1463.PP_0315	89.0	427	47	0	1	427	1	427	1.99e-296	803
Psyr_4777	iNF517.LLMG_RS11045	47.5	434	189	6	16	444	32	431	8.16e-121	372
Psyr_4780	iHN637.CLJU_RS19400	32.3	313	172	9	108	391	26	327	1.25e-29	117
Psyr_4781	iJN1463.PP_0311	85.5	655	88	2	2	654	1	650	0.0	1153
Psyr_4782	iJN1463.PP_0310	92.4	686	52	0	1	686	1	686	0.0	1304
Psyr_4784	iJN1463.PP_4213	22.7	331	162	6	60	325	148	449	2.43e-17	82.0
Psyr_4787	iJN1463.PP_4960	89.5	354	37	0	1	354	1	354	6.14e-236	644
Psyr_4787	iCN718.ABAYE_RS10665	84.0	344	55	0	1	344	1	344	1.55e-213	587
Psyr_4790	iJN1463.PP_4963	91.5	387	33	0	1	387	1	387	4.17e-246	672
Psyr_4791	iJN1463.PP_4964	87.4	340	43	0	5	344	4	343	7.42e-221	605
Psyr_4792	iJN1463.PP_4965	83.8	665	108	0	1	665	1	665	0.0	1156
Psyr_4794	iJN1463.PP_4967	90.7	396	37	0	1	396	1	396	1.52e-264	719
Psyr_4795	iPC815.YPO3831	27.3	205	149	0	1	205	1	205	1.18e-22	90.5
Psyr_4795	iAF987.Gmet_0798	32.9	207	136	3	1	205	1	206	1.76e-21	87.4
Psyr_4795	STM_v1_0.STM3960	27.2	191	139	0	16	206	16	206	9.92e-20	82.8
Psyr_4795	iML1515.b3824	26.7	206	151	0	1	206	1	206	1.39e-19	82.4
Psyr_4795	iSbBS512_1146.SbBS512_E4291	26.7	206	151	0	1	206	1	206	1.39e-19	82.4
Psyr_4795	iYL1228.KPN_04320	27.2	206	150	0	1	206	1	206	1.94e-19	82.0
Psyr_4796	iYL1228.KPN_02758	26.0	576	371	16	36	557	7	581	4.00e-39	151
Psyr_4796	iML1515.b2411	25.1	578	374	17	36	557	7	581	6.09e-35	139
Psyr_4796	iSSON_1240.SSON_2500	24.7	576	379	16	36	557	7	581	8.21e-35	139
Psyr_4796	iSF_1195.SF2466	24.5	576	380	16	36	557	7	581	3.63e-34	137
Psyr_4796	iSDY_1059.SDY_2608	24.9	578	375	17	36	557	7	581	4.89e-34	136
Psyr_4799	iAF987.Gmet_0043	24.4	271	183	8	203	461	7	267	1.04e-11	66.6
Psyr_4800	iAF987.Gmet_1914	36.8	106	66	1	2	106	3	108	7.18e-13	66.6
Psyr_4800	iAF987.Gmet_0069	35.6	90	55	1	30	116	34	123	8.84e-13	65.9
Psyr_4800	iAF987.Gmet_2999	29.8	114	77	1	3	113	10	123	3.09e-11	61.6
Psyr_4800	iAF987.Gmet_1919	29.3	116	81	1	3	117	5	120	7.44e-11	60.5
Psyr_4801	iJN1463.PP_0045	67.3	400	130	1	2	401	18	416	1.55e-173	491
Psyr_4801	iJN1463.PP_2408	65.8	407	137	1	2	408	14	418	1.81e-170	483
Psyr_4802	iJN1463.PP_0044	60.4	439	136	3	1	424	1	416	7.93e-169	479
Psyr_4802	iJN1463.PP_2409	70.8	343	97	1	82	424	65	404	1.64e-160	457
Psyr_4803	iJN1463.PP_0043	85.6	1052	148	2	1	1052	1	1049	0.0	1724
Psyr_4803	iJN1463.PP_2410	85.6	1048	149	1	1	1048	1	1046	0.0	1711
Psyr_4807	iJN1463.PP_3630	71.1	447	123	1	1	441	1	447	5.07e-234	646
Psyr_4810	iJN1463.PP_4974	81.5	411	76	0	1	411	1	411	6.66e-234	644
Psyr_4812	iEK1008.Rv2041c	25.3	328	201	14	35	335	45	355	1.69e-05	46.6
Psyr_4812	iYO844.BSU28750	23.6	288	201	11	46	324	54	331	2.75e-04	42.7
Psyr_4813	iCN718.ABAYE_RS09965	39.8	256	151	1	1	253	2	257	5.72e-54	174
Psyr_4813	iYL1228.KPN_02061	37.0	254	157	1	7	257	3	256	3.94e-50	164
Psyr_4815	iEK1008.Rv0684	24.9	503	259	11	2	397	10	500	4.96e-34	137
Psyr_4815	iSynCJ816.SGL_RS10930	25.9	526	268	13	2	430	7	507	8.54e-34	136
Psyr_4815	iSynCJ816.SGL_RS17200	25.2	485	251	12	6	390	9	481	1.21e-32	133
Psyr_4816	iJN1463.PP_5045	77.7	484	108	0	1	484	1	484	7.01e-287	783
Psyr_4817	iJN1463.PP_5046	92.7	468	34	0	1	468	1	468	0.0	894
Psyr_4818	iEK1008.Rv1885c	30.9	162	103	3	28	183	37	195	1.66e-13	65.5
Psyr_4822	iAF987.Gmet_1914	31.8	107	73	0	5	111	2	108	4.11e-15	77.0
Psyr_4822	iAF987.Gmet_1919	36.0	114	73	0	6	119	4	117	7.17e-15	75.5
Psyr_4823	iSF_1195.SF3047	67.0	345	110	3	1	342	1	344	1.90e-163	459
Psyr_4823	iML1515.b3001	66.7	345	111	3	1	342	1	344	2.70e-163	459
Psyr_4823	iSSON_1240.SSON_3145	66.7	345	111	3	1	342	1	344	7.71e-163	458
Psyr_4823	iSbBS512_1146.SbBS512_E3430	66.4	345	112	3	1	342	1	344	1.80e-161	454
Psyr_4824	iYL1228.KPN_00972	62.4	303	113	1	7	309	10	311	2.23e-135	386
Psyr_4824	iML1515.b0936	61.5	304	112	1	11	309	7	310	1.17e-132	379
Psyr_4824	iSF_1195.SF0935	61.2	304	113	1	11	309	21	324	5.41e-132	378
Psyr_4824	iSSON_1240.SSON_0939	60.5	304	115	1	11	309	21	324	8.88e-131	375
Psyr_4824	iSbBS512_1146.SbBS512_E2382	61.7	290	111	0	20	309	35	324	1.68e-128	369
Psyr_4824	iPC815.YPO3624	61.7	290	111	0	20	309	36	325	2.46e-125	362
Psyr_4824	iSDY_1059.SDY_2320	58.2	297	123	1	7	303	9	304	7.23e-122	352
Psyr_4825	iJN1463.PP_3219	25.4	347	198	10	79	414	55	351	4.55e-17	82.0
Psyr_4826	iJN1463.PP_4217	21.6	736	461	25	65	755	148	812	1.21e-15	80.9
Psyr_4826	iJN1463.PP_2242	23.4	702	447	30	78	733	64	720	4.50e-15	79.0
Psyr_4826	iML1515.b0805	21.7	709	438	25	80	711	75	743	1.24e-13	74.3
Psyr_4826	iJN1463.PP_0669	21.0	734	465	29	65	755	149	810	1.29e-13	74.3
Psyr_4827	iJN1463.PP_0229	84.8	657	98	1	10	664	11	667	0.0	1139
Psyr_4828	iJN1463.PP_5033	88.6	563	56	1	1	563	1	555	0.0	1017
Psyr_4828	iCN718.ABAYE_RS00930	88.6	551	63	0	13	563	6	556	0.0	1004
Psyr_4828	iYL1228.KPN_00795	86.9	551	72	0	13	563	4	554	0.0	996
Psyr_4830	iSSON_1240.SSON_2823	48.3	265	136	1	12	276	66	329	4.21e-72	225
Psyr_4830	iML1515.b2678	48.3	265	136	1	12	276	66	329	5.96e-72	224
Psyr_4830	iSbBS512_1146.SbBS512_E3201	48.3	265	136	1	12	276	66	329	5.96e-72	224
Psyr_4830	iAF692.Mbar_A2377	49.2	264	133	1	10	272	6	269	2.19e-72	223
Psyr_4830	iSF_1195.SF2706	47.9	265	137	1	12	276	66	329	2.37e-71	223
Psyr_4830	iPC815.YPO2646	47.2	267	140	1	12	278	98	363	6.14e-71	223
Psyr_4830	iNF517.LLMG_RS05330	45.1	264	144	1	10	272	11	274	3.29e-66	216
Psyr_4830	STM_v1_0.STM2810	46.4	265	141	1	12	276	66	329	6.71e-68	214
Psyr_4830	iYL1228.KPN_03009	46.0	265	142	1	12	276	67	330	4.33e-66	209
Psyr_4830	iYO844.BSU02990	43.7	263	147	1	10	272	9	270	5.95e-66	207
Psyr_4831	iYO844.BSU02980	57.1	266	114	0	5	270	6	271	7.71e-105	310
Psyr_4831	iPC815.YPO2647	59.8	261	105	0	8	268	4	264	6.92e-104	307
Psyr_4831	iML1515.b2677	59.4	261	106	0	8	268	4	264	1.01e-103	307
Psyr_4831	iSbBS512_1146.SbBS512_E3202	59.4	261	106	0	8	268	4	264	1.01e-103	307
Psyr_4831	iSF_1195.SF2705	59.4	261	106	0	8	268	4	264	1.01e-103	307
Psyr_4831	iSSON_1240.SSON_2822	59.4	261	106	0	8	268	4	264	1.01e-103	307
Psyr_4831	STM_v1_0.STM2809	59.4	261	106	0	8	268	4	264	4.07e-103	305
Psyr_4831	iNF517.LLMG_RS05325	57.0	265	114	0	6	270	2	266	1.01e-102	305
Psyr_4831	iYL1228.KPN_03008	57.9	261	110	0	8	268	4	264	1.87e-101	301
Psyr_4831	iAF692.Mbar_A2376	56.9	262	113	0	8	269	6	267	6.10e-100	301
Psyr_4832	iHN637.CLJU_RS10535	37.8	489	298	2	17	502	14	499	1.07e-114	348
Psyr_4832	iHN637.CLJU_RS16185	38.2	498	308	0	5	502	17	514	4.87e-114	347
Psyr_4832	iYO844.BSU39350	39.4	469	279	2	32	497	27	493	2.18e-111	339
Psyr_4832	iCN718.ABAYE_RS00935	40.8	471	272	3	28	493	24	492	1.45e-103	319
Psyr_4832	STM_v1_0.STM0791	40.6	475	275	3	24	493	21	493	6.81e-103	317
Psyr_4832	iYL1228.KPN_00796	40.4	475	275	4	25	493	22	494	1.44e-102	317
Psyr_4833	iJN1463.PP_5032	84.0	507	81	0	9	515	4	510	5.06e-299	816
Psyr_4833	iCN718.ABAYE_RS00935	81.3	503	94	0	13	515	7	509	1.42e-287	788
Psyr_4833	iYL1228.KPN_00796	78.6	504	107	1	7	509	2	505	5.22e-275	756
Psyr_4834	iJN1463.PP_5031	81.7	453	83	0	1	453	1	453	4.31e-270	739
Psyr_4835	iJN1463.PP_5030	80.8	400	77	0	1	400	1	400	2.64e-233	641
Psyr_4835	iCN718.ABAYE_RS00945	73.4	398	106	0	1	398	1	398	6.26e-211	584
Psyr_4836	iJN1463.PP_5029	72.5	265	73	0	1	265	1	265	1.65e-148	415
Psyr_4837	iJN1463.PP_5139	75.3	726	173	4	31	752	27	750	0.0	1026
Psyr_4838	iSynCJ816.SGL_RS16080	30.4	115	76	2	17	128	24	137	3.76e-07	47.8
Psyr_4840	iJN1463.PP_5141	82.4	323	57	0	1	323	1	323	1.37e-205	564
Psyr_4841	STM_v1_0.STM3002	51.6	281	117	2	2	263	6	286	1.12e-98	290
Psyr_4842	iYL1228.KPN_02763	38.2	557	323	10	180	724	4	551	6.17e-112	351
Psyr_4842	STM_v1_0.STM2432	37.8	553	331	8	180	724	4	551	6.66e-111	348
Psyr_4842	iSbBS512_1146.SbBS512_E2764	37.8	553	331	8	180	724	4	551	6.66e-111	348
Psyr_4842	iSDY_1059.SDY_2613	37.8	553	331	8	180	724	4	551	9.36e-111	348
Psyr_4842	iSF_1195.SF2471	37.8	553	331	8	180	724	4	551	9.36e-111	348
Psyr_4842	iSSON_1240.SSON_2505	37.8	553	331	8	180	724	4	551	9.36e-111	348
Psyr_4842	iML1515.b2416	37.8	553	331	8	180	724	4	551	1.31e-110	347
Psyr_4842	iYS854.USA300HOU_RS05400	36.0	544	336	9	180	717	7	544	1.29e-99	318
Psyr_4842	iNF517.LLMG_RS00675	37.1	550	334	10	180	721	7	552	1.96e-99	318
Psyr_4842	iCN900.CD630_27550	34.6	566	363	7	178	739	3	565	6.60e-99	317
Psyr_4843	iIT341.HP1228	39.2	148	77	6	7	148	6	146	1.29e-23	90.1
Psyr_4844	iEK1008.Rv0505c	31.7	224	136	3	4	217	124	340	5.85e-23	94.7
Psyr_4844	iEK1008.Rv2483c	27.2	224	137	4	4	214	40	250	9.43e-20	86.7
Psyr_4846	iJN1463.PP_5149	89.1	504	55	0	1	504	1	504	0.0	901
Psyr_4847	iJN1463.PP_5150	91.0	221	20	0	1	221	1	221	1.26e-140	392
Psyr_4850	iCHOv1.100766004	41.7	187	108	1	20	206	17	202	5.08e-47	154
Psyr_4851	iMM904.YDL178W	34.6	454	276	7	29	468	82	528	1.36e-85	272
Psyr_4851	iMM904.YEL071W	33.6	447	280	6	34	468	53	494	9.01e-76	245
Psyr_4852	iJN1463.PP_5155	92.4	409	31	0	1	409	1	409	4.27e-273	742
Psyr_4857	iLB1027_lipid.PHATRDRAFT_41254	30.6	134	84	5	52	181	9	137	1.87e-08	54.3
Psyr_4858	iSSON_1240.SSON_4482	28.0	232	162	3	265	496	1	227	1.94e-21	94.4
Psyr_4861	iJN1463.PP_5177	88.9	289	32	0	1	289	1	289	1.35e-175	486
Psyr_4862	iJN1463.PP_5178	85.6	306	44	0	1	306	1	306	3.71e-190	524
Psyr_4863	iJN1463.PP_5179	90.0	380	38	0	1	380	1	380	2.49e-255	695
Psyr_4864	iJN1463.PP_5180	83.2	364	61	0	1	364	1	364	1.23e-224	616
Psyr_4865	iJN1463.PP_5181	76.5	366	84	2	1	365	1	365	1.68e-204	565
Psyr_4866	iJN1463.PP_5182	83.2	453	76	0	1	453	1	453	5.92e-298	809
Psyr_4866	iJN1463.PP_2180	80.1	448	88	1	1	448	1	447	3.25e-281	766
Psyr_4867	iJN1463.PP_5183	92.0	452	36	0	1	452	1	452	4.73e-317	857
Psyr_4868	iJN1463.PP_5184	94.1	458	27	0	1	458	1	458	0.0	893
Psyr_4873	iAF692.Mbar_A1559	44.6	65	35	1	6	69	3	67	1.19e-08	46.2
Psyr_4874	iJN1463.PP_0240	83.7	270	44	0	1	270	1	270	4.23e-162	450
Psyr_4875	iJN1463.PP_0239	87.4	261	33	0	1	261	1	261	3.03e-164	455
Psyr_4876	iJN1463.PP_0237	87.2	320	41	0	1	320	1	320	2.82e-197	543
Psyr_4877	iCN718.ABAYE_RS03640	79.2	212	44	0	1	212	1	212	1.34e-125	353
Psyr_4878	iJN1463.PP_0234	64.9	450	150	6	1	448	1	444	1.88e-204	572
Psyr_4883	iJN1463.PP_5054	88.0	83	10	0	1	83	1	83	2.22e-51	155
Psyr_4885	iJN1463.PP_5056	82.7	509	87	1	20	527	1	509	4.70e-308	840
Psyr_4886	iAF987.Gmet_1854	39.4	132	78	1	309	438	263	394	1.76e-25	107
Psyr_4888	iML1515.b3614	39.8	216	126	1	17	228	10	225	6.54e-49	163
Psyr_4893	iJN1463.PP_0293	96.9	256	8	0	1	256	1	256	1.62e-175	483
Psyr_4894	iJN1463.PP_0292	94.7	244	13	0	1	244	1	244	1.44e-168	464
Psyr_4896	iJN1463.PP_0290	88.7	212	24	0	1	212	1	212	2.43e-146	405
Psyr_4897	iJN1463.PP_0289	91.4	197	17	0	1	197	14	210	3.58e-130	363
Psyr_4898	iYL1228.KPN_01365	67.2	396	130	0	4	399	17	412	2.93e-190	532
Psyr_4898	iJN1463.PP_3590	65.9	396	135	0	1	396	1	396	5.07e-190	531
Psyr_4898	iPC815.YPO0322	64.9	396	139	0	1	396	1	396	8.84e-186	520
Psyr_4898	iYL1228.KPN_04441	63.7	397	144	0	1	397	1	397	4.15e-184	516
Psyr_4898	iML1515.b4054	63.0	397	147	0	1	397	1	397	1.37e-182	512
Psyr_4898	iSSON_1240.SSON_4234	62.7	397	148	0	1	397	1	397	1.59e-181	509
Psyr_4898	iSF_1195.SF4151	62.7	397	148	0	1	397	1	397	2.26e-181	509
Psyr_4898	iSbBS512_1146.SbBS512_E4541	62.5	397	149	0	1	397	1	397	1.30e-180	507
Psyr_4898	iSDY_1059.SDY_4520	62.7	397	148	0	1	397	1	397	3.71e-180	506
Psyr_4898	STM_v1_0.STM4248	62.7	397	148	0	1	397	1	397	2.13e-179	504
Psyr_4898	iCN718.ABAYE_RS18830	60.7	399	157	0	1	399	1	399	2.11e-176	497
Psyr_4899	iAF987.Gmet_2465	25.2	469	271	16	31	484	10	413	4.88e-28	116
Psyr_4909	iJN1463.PP_0284	79.7	448	91	0	6	453	5	452	8.55e-249	685
Psyr_4909	iJN1463.PP_2911	71.7	446	126	0	10	455	8	453	2.31e-223	621
Psyr_4911	iJN1463.PP_0283	90.3	257	25	0	1	257	1	257	4.71e-164	454
Psyr_4912	iJN1463.PP_0282	72.0	254	65	2	1	253	1	249	2.59e-124	353
Psyr_4913	iJN1463.PP_0281	81.2	229	43	0	1	229	1	229	4.48e-126	355
Psyr_4914	iJN1463.PP_0280	86.5	229	31	0	1	229	1	229	1.06e-137	385
Psyr_4922	iLJ478.TM1724	37.2	250	142	6	3	245	2	243	2.00e-38	134
Psyr_4930	iJN1463.PP_1206	46.2	426	206	8	8	423	8	420	5.15e-112	335
Psyr_4932	iJN1463.PP_0266	84.7	367	56	0	1	367	1	367	9.60e-247	672
Psyr_4933	iLB1027_lipid.PHATRDRAFT_38930	49.7	304	138	5	2	290	4	307	4.26e-103	303
Psyr_4934	iCHOv1.100753688	41.1	419	239	5	558	970	2	418	1.40e-100	323
Psyr_4934	iMM1415.71760	40.4	441	252	6	536	970	2	437	4.78e-100	322
Psyr_4935	iPC815.YPO3862	75.9	353	85	0	2	354	3	355	1.00e-206	570
Psyr_4935	STM_v1_0.STM3922	74.9	351	88	0	2	352	3	353	1.24e-200	555
Psyr_4935	iYL1228.KPN_02497	73.6	352	93	0	1	352	1	352	1.61e-198	549
Psyr_4935	iYL1228.KPN_02491	73.0	352	95	0	1	352	1	352	2.29e-198	549
Psyr_4935	iYL1228.KPN_04288	73.7	350	92	0	3	352	6	355	2.09e-197	546
Psyr_4935	iSSON_1240.SSON_3960	72.9	351	95	0	2	352	3	353	2.76e-197	546
Psyr_4935	iML1515.b3788	72.9	351	95	0	2	352	3	353	1.12e-196	545
Psyr_4935	iSF_1195.SF3862	72.9	351	95	0	2	352	3	353	1.59e-196	544
Psyr_4936	iJN1463.PP_0265	64.6	181	64	0	1	181	1	181	1.81e-87	254
Psyr_4936	iJN1463.PP_1782	65.7	181	61	1	1	180	1	181	1.78e-85	249
Psyr_4936	iSynCJ816.SGL_RS12335	63.3	180	66	0	1	180	1	180	1.39e-82	241
Psyr_4936	STM_v1_0.STM2094	64.6	178	62	1	1	177	2	179	9.60e-81	237
Psyr_4936	iSF_1195.SF2101	64.1	181	63	2	1	180	1	180	2.57e-80	236
Psyr_4936	iYL1228.KPN_02488	60.7	183	69	2	1	180	1	183	2.70e-78	231
Psyr_4936	iSbBS512_1146.SbBS512_E1195	65.7	169	57	1	1	168	1	169	5.62e-78	230
Psyr_4936	iSDY_1059.SDY_2207	65.0	177	59	2	1	174	1	177	5.62e-78	230
Psyr_4936	iYL1228.KPN_02494	60.1	183	70	2	1	180	1	183	1.09e-77	229
Psyr_4938	iAF987.Gmet_1914	30.5	128	89	0	12	139	3	130	8.61e-13	69.7
Psyr_4938	iAF987.Gmet_1919	27.7	177	128	0	13	189	5	181	2.28e-12	67.8
Psyr_4938	iAF987.Gmet_3476	30.0	130	89	2	11	138	10	139	2.44e-11	65.1
Psyr_4940	iJN1463.PP_0261	74.4	262	67	0	16	277	4	265	4.59e-140	394
Psyr_4941	iJN1463.PP_0260	84.0	187	30	0	1	187	1	187	4.13e-108	306
Psyr_4942	iAF987.Gmet_1630	40.5	215	128	0	2	216	1	215	4.02e-61	190
Psyr_4942	iML1515.b3399	38.8	219	134	0	2	220	3	221	4.59e-56	177
Psyr_4945	iEK1008.Rv2899c	29.6	253	162	4	38	276	25	275	6.51e-24	97.4
Psyr_4946	iCN718.ABAYE_RS04780	54.9	767	343	1	5	768	9	775	2.29e-299	840
Psyr_4948	iYS854.USA300HOU_RS07595	35.3	354	222	5	6	357	2	350	2.03e-61	211
Psyr_4954	iJN1463.PP_3099	90.8	500	46	0	1	500	1	500	0.0	899
Psyr_4958	iCN900.CD630_20200	36.2	837	480	12	33	840	29	840	6.81e-155	475
Psyr_4964	iPC815.YPO1435	46.3	123	60	3	708	827	223	342	1.39e-24	105
Psyr_4970	iMM1415.18805	23.5	323	165	11	307	608	672	933	2.21e-06	50.8
Psyr_4970	iCHOv1.100689404	22.9	323	167	11	307	608	634	895	8.57e-06	48.9
Psyr_4970	iCHOv1.100752582	35.6	101	42	5	570	647	814	914	3.33e-05	47.0
Psyr_4970	iNF517.LLMG_RS07830	29.9	87	56	2	553	638	379	461	3.39e-05	46.6
Psyr_4970	iMM1415.18806	34.7	101	43	5	570	647	764	864	7.46e-05	45.8
Psyr_4976	iJN1463.PP_5302	29.6	162	98	5	8	161	21	174	3.66e-10	57.8
Psyr_4976	iYO844.BSU27600	30.9	175	99	7	12	174	30	194	4.18e-09	54.7
Psyr_4976	iML1515.b3650	31.4	175	104	6	12	178	25	191	1.89e-08	52.8
Psyr_4976	iAF987.Gmet_2325	28.8	184	107	7	4	174	17	189	1.89e-08	52.8
Psyr_4976	iYL1228.KPN_03998	31.4	175	104	6	12	178	25	191	1.89e-08	52.8
Psyr_4976	STM_v1_0.STM3742	31.4	175	104	6	12	178	25	191	1.89e-08	52.8
Psyr_4976	iSbBS512_1146.SbBS512_E4101	31.4	175	104	6	12	178	25	191	1.89e-08	52.8
Psyr_4976	iSDY_1059.SDY_4082	31.4	175	104	6	12	178	25	191	1.89e-08	52.8
Psyr_4976	iSF_1195.SF3690	31.4	175	104	6	12	178	25	191	1.89e-08	52.8
Psyr_4976	iSSON_1240.SSON_3755	31.4	175	104	6	12	178	25	191	1.89e-08	52.8
Psyr_4976	iPC815.YPO0038	30.9	175	105	5	12	178	25	191	1.89e-08	52.8
Psyr_5001	iML1515.b1009	24.8	270	156	8	2	243	11	261	1.74e-04	43.9
Psyr_5001	iSF_1195.SF1012	24.8	270	156	8	2	243	11	261	1.74e-04	43.9
Psyr_5003	iML1515.b2924	29.9	154	108	0	106	259	105	258	5.32e-15	72.8
Psyr_5006	iYO844.BSU09240	38.5	213	123	5	11	220	2	209	5.65e-32	115
Psyr_5007	iSbBS512_1146.SbBS512_E3430	32.0	328	205	10	1	315	13	335	1.51e-43	152
Psyr_5007	iSF_1195.SF3047	31.7	328	206	10	1	315	13	335	5.81e-43	151
Psyr_5007	iSSON_1240.SSON_3145	31.7	328	206	10	1	315	13	335	5.81e-43	151
Psyr_5007	iML1515.b3001	31.4	328	207	10	1	315	13	335	1.59e-42	150
Psyr_5007	iCN718.ABAYE_RS12975	31.5	340	188	9	1	303	1	332	1.87e-40	144
Psyr_5007	iYL1228.KPN_02741	31.8	324	201	9	1	312	1	316	3.78e-39	140
Psyr_5011	iJN1463.PP_4219	32.6	675	407	19	173	821	491	1143	1.63e-80	290
Psyr_5013	iML1515.b2371	34.6	364	221	3	2	365	8	354	8.61e-74	234
Psyr_5014	iJN1463.PP_0158	95.2	393	19	0	1	393	1	393	5.96e-281	761
Psyr_5016	iJN1463.PP_0156	87.9	373	45	0	1	373	1	373	4.46e-227	623
Psyr_5017	iCN718.ABAYE_RS15920	54.5	101	34	1	11	99	4	104	3.45e-26	93.2
Psyr_5017	iSynCJ816.SGL_RS06815	53.7	82	38	0	14	95	449	530	1.82e-20	84.3
Psyr_5018	iJN1463.PP_0155	87.6	482	56	1	1	482	1	478	1.85e-292	797
Psyr_5019	iJN1463.PP_0154	82.8	495	85	0	1	495	1	495	1.89e-293	801
Psyr_5028	iJN1463.PP_5314	81.2	382	72	0	1	382	1	382	2.19e-227	624
Psyr_5029	iJN1463.PP_5315	85.5	55	8	0	1	55	1	55	1.67e-38	120
Psyr_5030	iJN1463.PP_5317	62.0	184	70	0	1	184	1	184	3.38e-78	231
Psyr_5031	iJN1463.PP_5318	78.0	296	65	0	1	296	1	296	4.89e-174	482
Psyr_5032	iAF987.Gmet_1706	38.5	117	70	1	6	122	3	117	8.00e-21	88.6
Psyr_5032	iAF987.Gmet_0069	33.9	127	82	2	4	128	3	129	6.55e-19	83.2
Psyr_5032	iAF987.Gmet_1919	33.6	119	77	1	5	123	4	120	8.51e-18	80.5
Psyr_5033	iAF987.Gmet_0043	26.1	234	160	5	198	422	33	262	5.64e-14	73.6
Psyr_5035	iML1515.b1856	39.8	118	58	4	160	273	293	401	9.62e-13	67.8
Psyr_5036	iAF987.Gmet_0069	32.6	132	82	3	3	131	2	129	6.45e-16	76.3
Psyr_5037	iCN900.CD630_32860	26.8	205	135	4	27	223	345	542	2.97e-09	56.6
Psyr_5038	iJN1463.PP_5326	91.3	277	24	0	1	277	5	281	8.21e-185	508
Psyr_5039	iJN1463.PP_5327	82.0	555	100	0	1	555	1	555	0.0	879
Psyr_5040	iJN1463.PP_5328	78.5	754	161	1	1	753	9	762	0.0	1177
Psyr_5041	iJN1463.PP_5329	85.2	332	49	0	1	332	1	332	1.13e-197	545
Psyr_5042	iPC815.YPO0465	64.1	412	148	0	13	424	30	441	4.13e-186	525
Psyr_5043	iAF987.Gmet_0769	38.5	117	72	0	14	130	4	120	2.46e-17	72.8
Psyr_5047	iJN1463.PP_5335	88.9	360	40	0	1	360	1	360	2.80e-235	642
Psyr_5048	iJN1463.PP_5336	93.9	163	10	0	1	163	1	163	7.08e-106	299
Psyr_5051	iJN1463.PP_5338	92.0	474	38	0	1	474	5	478	3.41e-313	849
Psyr_5052	iJN1463.PP_0496	76.0	471	112	1	1	471	1	470	2.75e-243	673
Psyr_5053	iJN1463.PP_0495	55.4	323	144	0	10	332	5	327	1.44e-117	342
Psyr_5055	iYS854.USA300HOU_RS11010	22.8	302	159	11	112	384	57	313	1.62e-05	46.2
Psyr_5056	iCN900.CD630_36640	23.8	369	267	5	154	514	24	386	1.85e-28	116
Psyr_5058	iMM1415.69215	30.8	104	66	2	47	145	79	181	2.34e-10	55.8
Psyr_5060	iJN1463.PP_5346	93.9	602	37	0	1	602	1	602	0.0	1110
Psyr_5061	iJN1463.PP_5347	95.8	471	20	0	1	471	1	471	0.0	897
Psyr_5064	iYS854.USA300HOU_RS01685	22.0	255	182	5	1	251	1	242	2.29e-15	73.9
Psyr_5068	iPC815.YPO3094	33.8	364	227	6	23	376	24	383	3.25e-46	171
Psyr_5068	iAF692.Mbar_A1651	28.8	375	264	2	5	379	4	375	3.76e-44	166
Psyr_5068	iAF692.Mbar_A0669	32.6	371	245	3	5	374	4	370	1.63e-43	164
Psyr_5068	iAF987.Gmet_1105	28.4	395	280	2	7	401	6	397	3.29e-43	164
Psyr_5069	iAF987.Gmet_0769	35.4	144	93	0	5	148	2	145	1.58e-23	89.7
Psyr_5069	iCHOv1.100755154	36.1	133	83	1	6	136	167	299	3.17e-20	84.7
Psyr_5070	iJN1463.PP_5357	83.9	285	46	0	1	285	1	285	2.99e-176	487
Psyr_5072	iML1515.b2173	34.8	328	182	9	7	316	4	317	2.79e-43	151
Psyr_5075	iJN1463.PP_4639	32.3	300	164	8	5	297	3	270	3.20e-28	112
Psyr_5077	iJN1463.PP_4897	50.8	396	167	6	26	399	25	414	6.67e-122	361
Psyr_5079	iJN1463.PP_5364	76.2	479	114	0	1	479	3	481	7.02e-278	760
Psyr_5080	iJN1463.PP_5365	76.9	394	90	1	1	394	35	427	1.98e-226	624
Psyr_5081	iJN1463.PP_5139	35.3	566	332	9	51	591	154	710	1.36e-78	265
Psyr_5081	iJN1463.PP_0041	33.9	581	340	10	93	635	88	662	7.10e-71	242
Psyr_5081	iSynCJ816.SGL_RS16085	30.6	628	385	12	41	633	30	641	6.27e-71	241
Psyr_5087	STM_v1_0.STM2232	33.2	630	363	18	3	613	6	596	9.14e-83	271
Psyr_5088	iAF987.Gmet_2999	32.4	108	71	1	11	116	6	113	4.55e-11	60.8
Psyr_5088	iAF987.Gmet_1914	28.2	110	79	0	15	124	4	113	2.62e-09	55.8
Psyr_5088	iAF987.Gmet_1919	26.7	135	99	0	13	147	3	137	2.28e-09	55.8
Psyr_5089	iAF987.Gmet_0043	26.2	233	152	7	132	351	43	268	1.17e-09	59.3
Psyr_5090	iSynCJ816.SGL_RS05565	41.3	254	136	4	10	253	3	253	4.87e-56	186
Psyr_5090	iSynCJ816.SGL_RS16585	38.6	249	142	5	5	245	19	264	4.29e-50	171
Psyr_5090	iJN1463.PP_0232	41.6	226	126	3	9	233	3	223	2.62e-49	168
Psyr_5091	iCN718.ABAYE_RS11220	25.4	201	134	5	381	575	96	286	1.76e-07	52.8
Psyr_5091	iSSON_1240.SSON_0345	27.6	203	130	7	381	582	82	268	9.07e-07	50.4
Psyr_5091	iML1515.b2678	28.7	164	100	5	98	261	171	317	3.05e-06	49.3
Psyr_5091	iYL1228.KPN_03009	28.7	164	100	5	98	261	172	318	3.06e-06	49.3
Psyr_5091	STM_v1_0.STM2810	28.0	164	101	5	98	261	171	317	3.05e-06	49.3
Psyr_5091	iSbBS512_1146.SbBS512_E3201	28.7	164	100	5	98	261	171	317	3.05e-06	49.3
Psyr_5091	iSF_1195.SF2706	28.7	164	100	5	98	261	171	317	3.05e-06	49.3
Psyr_5091	iSSON_1240.SSON_2823	28.7	164	100	5	98	261	171	317	3.05e-06	49.3
Psyr_5091	iSF_1195.SF0251	27.1	203	131	7	381	582	82	268	2.88e-06	48.9
Psyr_5091	iYL1228.KPN_00313	27.6	203	130	7	381	582	82	268	3.84e-06	48.5
Psyr_5095	STM_v1_0.STM1731	68.5	286	90	0	1	286	1	286	6.66e-140	395
Psyr_5100	iAM_Pb448.PBANKA_140160	25.7	148	97	3	116	250	30	177	3.25e-10	58.9
Psyr_5101	iYS854.USA300HOU_RS12625	26.4	129	81	3	4	130	2	118	3.22e-06	43.5
Psyr_5102	iJN1463.PP_2416	43.9	228	123	2	24	251	27	249	1.98e-55	178
Psyr_5102	iSF_1195.SF0143	38.9	229	136	1	24	248	27	255	2.16e-52	171
Psyr_5102	iSSON_1240.SSON_0163	38.9	229	136	1	24	248	27	255	2.16e-52	171
Psyr_5102	iML1515.b0151	38.9	229	136	1	24	248	27	255	3.06e-52	170
Psyr_5102	iSDY_1059.SDY_0167	38.9	229	136	1	24	248	27	255	3.06e-52	170
Psyr_5102	iSbBS512_1146.SbBS512_E0143	38.4	229	137	1	24	248	27	255	8.61e-52	169
Psyr_5102	iLJ478.TM0078	36.9	236	144	2	22	253	17	251	6.67e-52	169
Psyr_5102	iYO844.BSU33290	37.4	246	150	1	12	253	7	252	1.92e-51	168
Psyr_5102	iML1515.b4287	37.8	233	142	1	24	253	18	250	4.08e-50	164
Psyr_5102	iSSON_1240.SSON_4459	37.8	233	142	1	24	253	18	250	4.08e-50	164
Psyr_5102	iYL1228.KPN_00166	37.6	229	139	1	24	248	27	255	7.62e-50	164
Psyr_5102	STM_v1_0.STM0192	38.0	229	138	1	24	248	27	255	7.62e-50	164
Psyr_5102	iSynCJ816.SGL_RS01940	33.5	251	163	1	7	253	8	258	2.33e-49	163
Psyr_5102	iCN900.CD630_28750	35.9	234	146	1	24	253	19	252	7.40e-49	161
Psyr_5102	iSF_1195.SF0502	33.1	248	162	1	12	255	11	258	1.41e-48	161
Psyr_5102	iML1515.b0588	33.1	248	162	1	12	255	11	258	1.99e-48	160
Psyr_5102	iSDY_1059.SDY_0519	33.1	248	162	1	12	255	11	258	1.99e-48	160
Psyr_5103	iJN1463.PP_2418	28.4	328	210	10	10	315	37	361	4.62e-27	108
Psyr_5104	iAF692.Mbar_A2398	33.3	327	209	6	20	343	34	354	1.52e-53	179
Psyr_5104	iYO844.BSU33170	35.9	345	202	9	10	345	11	345	9.59e-53	177
Psyr_5104	iSynCJ816.SGL_RS01935	38.2	335	189	8	15	347	29	347	6.67e-52	175
Psyr_5104	iJN1463.PP_4688	39.0	287	167	3	68	347	59	344	4.64e-51	172
Psyr_5104	iYL1228.KPN_02169	34.9	350	199	7	1	347	5	328	2.70e-49	167
Psyr_5104	iLJ478.TM0079	34.0	326	200	6	24	346	8	321	5.96e-49	166
Psyr_5104	iAF692.Mbar_A2393	30.6	333	223	5	13	344	26	351	5.73e-48	165
Psyr_5104	iJN1463.PP_2417	39.9	291	152	9	70	347	58	338	3.79e-47	162
Psyr_5105	iPC815.YPO2174	54.7	444	192	3	8	444	1	442	1.73e-167	478
Psyr_5106	iYL1228.KPN_02492	58.1	334	128	2	1	323	1	333	1.86e-140	400
Psyr_5106	iSbBS512_1146.SbBS512_E1204	58.7	334	126	2	1	323	1	333	1.86e-140	400
Psyr_5106	iAF987.Gmet_2330	56.9	332	132	1	2	322	3	334	9.55e-134	383
Psyr_5107	iYL1228.KPN_03846	35.5	211	124	5	7	213	10	212	7.36e-26	102
Psyr_5107	iML1515.b2254	33.0	209	132	2	7	213	10	212	6.81e-25	100
Psyr_5107	iSF_1195.SF2333	33.0	209	132	2	7	213	10	212	6.81e-25	100
Psyr_5107	iSSON_1240.SSON_2315	33.0	209	132	2	7	213	10	212	6.81e-25	100
Psyr_5107	STM_v1_0.STM2298	32.1	209	134	2	7	213	10	212	7.09e-23	94.7
Psyr_5107	iAF987.Gmet_0885	32.5	212	130	5	6	213	5	207	2.07e-22	93.2
Psyr_5109	STM_v1_0.STM2301	27.7	329	197	12	31	345	26	327	6.23e-26	110
Psyr_5109	iPC815.YPO2418	26.9	331	200	11	31	345	27	331	7.09e-23	101
Psyr_5112	iML1515.b0331	30.1	173	103	5	17	177	20	186	3.66e-07	50.1
Psyr_5112	iAF987.Gmet_1122	27.6	181	108	5	32	198	36	207	2.93e-06	47.4
Psyr_5117	iJN1463.PP_5409	87.6	611	76	0	1	611	1	611	0.0	1043
Psyr_5119	iJN1463.PP_5411	83.7	454	74	0	1	454	1	454	1.11e-266	730
Psyr_5120	iJN1463.PP_5412	88.3	137	16	0	1	137	1	137	4.33e-80	232
Psyr_5121	iJN1463.PP_5413	93.9	459	27	1	1	459	1	458	2.81e-310	840
Psyr_5121	iPC815.YPO4121	84.7	463	64	2	1	459	1	460	1.60e-282	770
Psyr_5121	iML1515.b3732	84.1	460	72	1	1	459	1	460	3.09e-280	764
Psyr_5121	iSbBS512_1146.SbBS512_E4189	84.1	460	72	1	1	459	1	460	3.09e-280	764
Psyr_5121	iSF_1195.SF3812	84.1	460	72	1	1	459	1	460	3.09e-280	764
Psyr_5121	iSSON_1240.SSON_3887	84.1	460	72	1	1	459	1	460	3.09e-280	764
Psyr_5121	STM_v1_0.STM3865	83.9	460	73	1	1	459	1	460	8.84e-280	763
Psyr_5121	iSDY_1059.SDY_4016	83.9	460	73	1	1	459	1	460	2.53e-279	762
Psyr_5121	iYL1228.KPN_04137	83.7	460	74	1	1	459	1	460	3.59e-279	762
Psyr_5122	iJN1463.PP_5414	95.1	286	14	0	1	286	1	286	9.32e-190	521
Psyr_5123	iJN1463.PP_5415	95.1	514	25	0	1	514	1	514	0.0	946
Psyr_5124	iJN1463.PP_5416	92.7	178	13	0	1	178	1	178	3.38e-109	308
Psyr_5125	iJN1463.PP_5417	92.3	156	12	0	1	156	1	156	1.08e-55	171
Psyr_5126	iJN1463.PP_5418	98.8	85	1	0	1	85	1	85	1.19e-49	150
Psyr_5127	iJN1463.PP_5419	91.3	289	25	0	1	289	1	289	1.43e-190	523
Psyr_5128	iJN1463.PP_5420	80.7	135	26	0	1	135	1	135	6.16e-73	213
Psyr_5130	iAF692.Mbar_A0171	22.0	255	158	8	11	246	9	241	2.62e-04	41.2
Psyr_5132	iSynCJ816.SGL_RS13580	24.5	421	234	15	11	397	9	379	8.57e-08	54.7
Psyr_5133	iIT341.HP0687	29.0	162	108	4	217	374	4	162	3.43e-04	42.7
Psyr_5133	iJN1463.PP_4893	27.9	165	115	4	218	379	200	363	5.11e-04	42.0
