bnumber,string_deg_all,string_wdeg_all,string_deg_hi,string_core,string_clust,string_pagerank,strctx_deg_all,strctx_wdeg_all,strctx_deg_hi,strctx_core,strctx_clust,strctx_pagerank,pax_log_ppm,cai,gc3,up_len,up_tm,up_cofactor,up_n_ec,up_annot,up_cytoplasm,up_membrane,kegg_n_path,kegg_core
b0001,51.0,17.276,6.0,5.0,0.6,1.5386438036591785,25.0,3.941,0.0,0.0,0.0,0.0,0.0,0.0,0.0,3.091042453358316,0.0,0.0,0.0,2.0,0.0,0.0,0.0,0.0
b0002,893.0,282.827,63.0,15.0,0.17204301075268819,7.990800474418711,841.0,183.731,12.0,5.0,0.09090909090909091,4.830271547881051,2.70587226130375,0.579046136801625,0.5768292682926829,6.710523109452428,0.0,1.0,2.0,5.0,0.0,0.0,8.0,0.0
b0003,350.0,108.002,25.0,14.0,0.4066666666666667,3.3639325430820186,308.0,68.401,4.0,4.0,0.5,1.828828227356095,2.305372868641297,0.5676907408352827,0.6258064516129033,5.739792912179234,0.0,0.0,1.0,4.0,1.0,0.0,6.0,0.0
b0004,459.0,126.35,20.0,13.0,0.3,2.8657714677497794,423.0,78.65,5.0,4.0,0.4,2.1860569424192606,2.970351526039055,0.6225971191476661,0.5911214953271028,6.061456918928017,0.0,1.0,1.0,4.0,0.0,0.0,6.0,0.0
b0005,53.0,18.947,0.0,0.0,0.0,0.0,23.0,7.119,0.0,0.0,0.0,0.0,0.0,0.5678811762286525,0.47959183673469385,4.59511985013459,0.0,0.0,0.0,1.0,0.0,0.0,0.0,0.0
b0006,158.0,36.685,2.0,2.0,0.0,1.2227222743740371,126.0,25.31,2.0,1.0,0.0,3.2501576336211144,1.846398973034675,0.6432891006519895,0.6046511627906976,5.556828061699537,0.0,0.0,0.0,3.0,1.0,0.0,0.0,0.0
b0007,160.0,39.884,2.0,2.0,0.0,1.082408468272876,135.0,27.347,1.0,1.0,0.0,1.3770725007331348,-0.44977164694490596,0.5606997880160138,0.5945378151260504,6.1675164908883415,10.0,0.0,0.0,2.0,0.0,1.0,0.0,0.0
b0008,353.0,114.368,36.0,18.0,0.5412698412698412,4.169064789858541,321.0,53.984,0.0,0.0,0.0,0.0,3.366237992451286,0.6712404591975499,0.5741324921135647,5.762051382780177,0.0,0.0,1.0,5.0,1.0,0.0,7.0,1.0
b0009,125.0,37.382,10.0,7.0,0.6,1.8688632606744715,120.0,25.806,4.0,4.0,1.0,2.0835618653816232,1.9566965648946508,0.569699035983387,0.5743589743589743,5.278114659230517,0.0,0.0,1.0,4.0,0.0,0.0,4.0,1.0
b0010,130.0,30.384,3.0,2.0,0.3333333333333333,1.5264418605471866,110.0,20.893,0.0,0.0,0.0,0.0,0.0,0.6694308470219001,0.6436170212765957,5.241747015059643,6.0,0.0,0.0,5.0,0.0,1.0,0.0,0.0
b0011,47.0,18.951,5.0,3.0,0.2,2.1838208668231465,23.0,3.469,1.0,1.0,0.0,2.9922202274087373,-0.889410289700751,0.5652464468284922,0.5654008438818565,5.472270673671475,0.0,0.0,0.0,1.0,0.0,0.0,0.0,0.0
b0012,0.0,0.0,0.0,0.0,0.0,0.0,0.0,0.0,0.0,0.0,0.0,0.0,0.0,0.45759548903751407,0.5714285714285714,5.087596335232384,0.0,0.0,0.0,2.0,0.0,0.0,0.0,0.0
b0013,41.0,16.457,2.0,2.0,1.0,1.184806405282908,22.0,4.148,1.0,1.0,0.0,2.9922202274087373,-0.9625735020593764,0.606134805484961,0.5746268656716418,4.90527477843843,0.0,0.0,0.0,1.0,0.0,0.0,0.0,0.0
b0014,837.0,293.566,63.0,20.0,0.1971326164874552,6.774916443695022,585.0,96.685,16.0,8.0,0.5666666666666667,5.630133949759244,3.6674538868555775,0.6307508394745774,0.5235109717868338,6.459904454377535,0.0,0.0,0.0,5.0,1.0,1.0,2.0,0.0
b0015,673.0,222.909,41.0,15.0,0.24390243902439024,5.164626493832321,515.0,91.186,16.0,8.0,0.48333333333333334,5.693834882993408,2.352201819659416,0.6472691211275561,0.5611702127659575,5.932245187448011,0.0,1.0,0.0,5.0,1.0,0.0,0.0,0.0
b0016,132.0,30.815,0.0,0.0,0.0,0.0,101.0,19.36,0.0,0.0,0.0,0.0,0.12710479836480765,0.41311452378190566,0.44324324324324327,5.916202062607435,0.0,0.0,0.0,2.0,0.0,0.0,0.0,0.0
b0018,21.0,5.389,0.0,0.0,0.0,0.0,2.0,0.356,0.0,0.0,0.0,0.0,0.0,0.46705968819779137,0.6376811594202898,4.248495242049359,1.0,0.0,0.0,2.0,0.0,1.0,0.0,0.0
b0019,199.0,50.649,6.0,4.0,0.13333333333333333,1.9971277590689451,129.0,17.567,1.0,1.0,0.0,2.9922202274087373,0.7839035792727349,0.5178325312075064,0.5541237113402062,5.963579343618446,12.0,0.0,0.0,5.0,0.0,1.0,0.0,0.0
b0020,261.0,61.127,3.0,3.0,0.3333333333333333,1.1047148754310092,198.0,37.807,1.0,1.0,0.0,2.9922202274087373,-0.08565684288055919,0.5620205613542295,0.4950166112956811,5.71042701737487,0.0,0.0,0.0,3.0,1.0,0.0,0.0,0.0
b0021,155.0,47.445,13.0,7.0,0.6025641025641025,3.5298450490127995,136.0,37.108,12.0,7.0,0.7121212121212122,3.8525337585589248,0.0,0.5339157128324036,0.6646706586826348,5.123963979403259,0.0,0.0,0.0,2.0,0.0,0.0,0.0,0.0
b0022,178.0,50.863,8.0,7.0,0.9642857142857143,2.2793864253994784,132.0,32.933,8.0,7.0,0.9642857142857143,2.65728749384873,-0.7011469235902933,0.5312352201668127,0.5494505494505495,4.5217885770490405,0.0,0.0,0.0,2.0,0.0,0.0,0.0,0.0
b0023,458.0,198.51,110.0,61.0,0.6483736447039199,7.231490942625525,433.0,133.531,37.0,28.0,0.7177177177177178,3.811665289930252,3.6456197203638867,0.49859218173461706,0.47126436781609193,4.477336814478207,0.0,0.0,0.0,5.0,0.0,0.0,1.0,1.0
b0024,21.0,10.457,3.0,3.0,0.3333333333333333,0.7853760746973076,12.0,4.821,1.0,1.0,0.0,0.9037801699215403,0.0,0.4620925182885788,0.5,4.290459441148391,0.0,0.0,0.0,1.0,0.0,0.0,0.0,0.0
b0025,499.0,141.406,26.0,10.0,0.13230769230769232,3.819138644012224,471.0,103.736,8.0,4.0,0.03571428571428571,4.273248003392845,1.4929000111087034,0.5651487838706913,0.5431309904153354,5.749392985908253,0.0,0.0,2.0,4.0,0.0,0.0,4.0,1.0
b0026,562.0,181.251,38.0,18.0,0.3357041251778094,4.2308905722683985,536.0,115.478,8.0,4.0,0.17857142857142858,3.669300986055782,2.725102699808259,0.6668706084721672,0.6396588486140725,6.844815479208263,0.0,1.0,1.0,5.0,1.0,0.0,1.0,1.0
b0027,506.0,130.966,12.0,9.0,0.30303030303030304,1.900486101703759,434.0,84.206,3.0,3.0,0.6666666666666666,1.7679708901168882,0.00860017176191757,0.6142569511375582,0.6646341463414634,5.10594547390058,4.0,0.0,1.0,5.0,0.0,1.0,1.0,1.0
b0028,204.0,51.835,5.0,4.0,0.2,1.1922975706652892,183.0,38.78,3.0,3.0,0.3333333333333333,1.6693205577404984,2.4668824424384406,0.6504276623140706,0.6174496644295302,5.0106352940962555,0.0,0.0,1.0,4.0,0.0,0.0,0.0,0.0
b0029,274.0,76.061,17.0,10.0,0.3088235294117647,2.53526644092487,219.0,40.886,10.0,5.0,0.3333333333333333,3.8608480363614013,1.899327949877654,0.6607404906858418,0.6139240506329114,5.75890177387728,0.0,1.0,1.0,5.0,0.0,0.0,3.0,0.0
b0030,101.0,31.537,5.0,4.0,0.1,1.3381440049654731,64.0,13.423,1.0,1.0,0.0,0.9399302059774151,1.9600424557268417,0.5555855731358141,0.6019736842105263,5.720311776607412,0.0,0.0,1.0,4.0,0.0,0.0,3.0,1.0
b0031,440.0,121.486,20.0,10.0,0.23157894736842105,3.3623337743885755,391.0,74.369,10.0,3.0,0.06666666666666667,4.598250912756922,2.4668824424384406,0.5790136891422938,0.5201465201465202,5.6131281063880705,0.0,0.0,1.0,5.0,1.0,0.0,6.0,0.0
b0032,294.0,98.921,41.0,15.0,0.2707317073170732,5.3064564552030005,274.0,79.022,23.0,8.0,0.3438735177865613,6.894235041373183,2.6374997361825243,0.6281083451125763,0.581151832460733,5.948034989180646,0.0,0.0,1.0,5.0,0.0,0.0,6.0,1.0
b0033,456.0,146.545,45.0,15.0,0.24848484848484848,5.674146582141354,377.0,83.747,24.0,8.0,0.26811594202898553,7.409838025167207,2.7126581181053835,0.7053559470785548,0.6514445479962722,6.97914527506881,0.0,1.0,2.0,5.0,0.0,0.0,6.0,1.0
b0034,50.0,15.704,3.0,3.0,0.3333333333333333,0.6983808356840887,11.0,1.398,0.0,0.0,0.0,0.0,-0.3861581781239308,0.5329611287016325,0.5190839694656488,4.882801922586371,0.0,0.0,0.0,2.0,0.0,0.0,0.0,0.0
b0035,83.0,22.985,5.0,5.0,1.0,1.3568101541466715,69.0,14.694,1.0,1.0,0.0,0.9056345377360625,0.0,0.5337394540439948,0.6173469387755102,5.2832037287379885,0.0,0.0,0.0,3.0,0.0,0.0,0.0,0.0
b0036,240.0,79.917,13.0,7.0,0.32051282051282054,2.764757526116716,152.0,31.68,5.0,3.0,0.3,2.6873417130815094,0.6757783416740851,0.6413985092274137,0.5478927203065134,5.568344503761097,0.0,0.0,1.0,5.0,0.0,0.0,0.0,0.0
b0037,310.0,83.698,8.0,6.0,0.75,1.948777525935934,244.0,48.949,3.0,3.0,0.6666666666666666,1.6754534016359572,0.11394335230683679,0.6261593018866798,0.5802707930367504,6.249975242259483,0.0,0.0,1.0,5.0,0.0,0.0,0.0,0.0
b0038,156.0,45.259,10.0,6.0,0.6,2.3360994257770074,131.0,33.113,4.0,3.0,0.5,1.979596350724075,0.4132997640812518,0.6537441745548412,0.6098765432098765,6.0063531596017325,0.0,0.0,1.0,5.0,1.0,0.0,0.0,0.0
b0039,198.0,63.919,21.0,7.0,0.2714285714285714,4.019400882625219,168.0,43.7,18.0,5.0,0.19607843137254902,7.393868589854576,0.6384892569546373,0.6670124815304544,0.6421052631578947,5.942799375126701,0.0,1.0,1.0,5.0,1.0,0.0,0.0,0.0
b0040,184.0,47.436,5.0,5.0,1.0,1.3568101541466715,154.0,30.743,1.0,1.0,0.0,0.7979474234484424,-1.0457574905606752,0.593550002409161,0.6507936507936508,6.22455842927536,12.0,0.0,0.0,5.0,0.0,1.0,0.0,0.0
b0041,184.0,58.049,18.0,7.0,0.38562091503267976,3.839938255922832,162.0,41.477,10.0,5.0,0.5111111111111111,4.194710627158189,1.2506639194632436,0.5908709559766777,0.53125,5.54907608489522,0.0,0.0,0.0,3.0,0.0,0.0,0.0,0.0
b0042,172.0,57.002,16.0,7.0,0.44166666666666665,3.4962269527650305,159.0,44.28,10.0,5.0,0.5333333333333333,4.222567573322732,1.2990712600274095,0.6405833994476303,0.6421725239616614,5.749392985908253,0.0,0.0,0.0,3.0,0.0,0.0,0.0,0.0
b0043,89.0,30.414,12.0,7.0,0.5151515151515151,2.8131744508179146,77.0,20.387,7.0,5.0,0.42857142857142855,3.4066755277280323,0.3673559210260189,0.6022873189986425,0.6121495327102804,6.061456918928017,0.0,1.0,0.0,2.0,0.0,0.0,0.0,0.0
b0044,159.0,49.915,12.0,7.0,0.42424242424242425,2.836607944138706,139.0,36.422,8.0,5.0,0.42857142857142855,3.7736125259195252,0.0,0.673914591980329,0.6736842105263158,4.564348191467836,0.0,0.0,0.0,2.0,0.0,0.0,0.0,0.0
b0045,163.0,45.845,8.0,5.0,0.39285714285714285,2.219910902777768,136.0,34.893,3.0,2.0,0.3333333333333333,2.229635542231122,0.21748394421390627,0.5576312034607143,0.636568848758465,6.095824562432225,12.0,0.0,0.0,2.0,0.0,1.0,0.0,0.0
b0046,123.0,36.127,5.0,5.0,0.3,1.5621353652027345,83.0,17.418,2.0,2.0,0.0,1.918224643950536,1.16761267272753,0.6424744032060512,0.6079545454545454,5.176149732573829,0.0,1.0,1.0,5.0,1.0,1.0,0.0,0.0
b0047,480.0,118.371,9.0,5.0,0.19444444444444445,2.415817481196054,448.0,80.11,2.0,2.0,0.0,1.918224643950536,0.28555730900777376,0.6199067860387102,0.6338709677419355,6.431331081933479,13.0,0.0,0.0,5.0,0.0,1.0,0.0,0.0
b0048,386.0,102.333,15.0,10.0,0.42857142857142855,2.1960680282543668,318.0,45.709,2.0,2.0,0.0,1.2955110458922956,1.9689963266483121,0.6340240792124494,0.5974842767295597,5.075173815233827,0.0,0.0,1.0,5.0,0.0,0.0,5.0,1.0
b0049,459.0,128.667,8.0,6.0,0.35714285714285715,1.435689388368215,342.0,76.257,5.0,5.0,1.0,2.137333723000463,1.3857849588433357,0.6090394314556693,0.6107142857142858,5.638354669333745,0.0,0.0,1.0,5.0,0.0,0.0,2.0,1.0
b0050,194.0,48.557,4.0,4.0,1.0,0.8677739173200015,136.0,27.546,5.0,5.0,1.0,2.137333723000463,1.0902580529313164,0.5833075936790083,0.56,4.836281906951478,0.0,0.0,0.0,1.0,0.0,0.0,0.0,0.0
b0051,668.0,222.248,45.0,26.0,0.34949494949494947,4.605367664254246,631.0,138.226,7.0,5.0,0.47619047619047616,2.8122676369820025,1.9149246482051485,0.6515316862023285,0.6190476190476191,5.6131281063880705,0.0,0.0,1.0,5.0,1.0,0.0,0.0,0.0
b0052,273.0,73.275,12.0,7.0,0.24242424242424243,2.0080548563498244,237.0,50.609,8.0,5.0,0.35714285714285715,3.3877177092344337,1.2177470732627937,0.5539832490895917,0.5896656534954408,5.799092654460526,0.0,1.0,1.0,5.0,1.0,0.0,3.0,0.0
b0053,515.0,161.779,38.0,14.0,0.23470839260312945,5.005662035524329,457.0,106.815,8.0,5.0,0.4642857142857143,3.0335441886884618,2.81091099305086,0.6459710694164535,0.6308411214953271,6.061456918928017,0.0,0.0,1.0,5.0,0.0,1.0,0.0,0.0
b0054,572.0,185.668,37.0,14.0,0.24174174174174173,4.881595533546466,522.0,145.02,16.0,6.0,0.18333333333333332,5.645118846998587,1.954290761701127,0.6307372406491482,0.6045918367346939,6.665683717782408,0.0,0.0,0.0,5.0,0.0,1.0,0.0,0.0
b0055,277.0,72.617,6.0,6.0,0.26666666666666666,1.141742396257396,231.0,50.967,0.0,0.0,0.0,0.0,1.445759836488631,0.6642735779689771,0.5904059040590406,5.605802066295998,1.0,0.0,0.0,4.0,0.0,1.0,0.0,0.0
b0056,0.0,0.0,0.0,0.0,0.0,0.0,0.0,0.0,0.0,0.0,0.0,0.0,0.0,0.4764634796290952,0.5601851851851852,5.37989735354046,0.0,0.0,0.0,1.0,0.0,0.0,0.0,0.0
b0057,0.0,0.0,0.0,0.0,0.0,0.0,0.0,0.0,0.0,0.0,0.0,0.0,0.0,0.49757355890698074,0.28846153846153844,3.970291913552122,0.0,0.0,0.0,1.0,0.0,0.0,0.0,0.0
b0058,286.0,79.023,11.0,7.0,0.2727272727272727,2.3955153891983705,268.0,52.383,2.0,1.0,0.0,4.225735974410449,0.8260748027008264,0.6159363747500916,0.589041095890411,5.393627546352362,0.0,0.0,2.0,5.0,0.0,0.0,0.0,0.0
b0059,372.0,98.772,14.0,11.0,0.3516483516483517,1.9225374915172213,327.0,59.413,1.0,1.0,0.0,2.3754623539078814,1.6849350826408895,0.6888615515677138,0.606404958677686,6.876264611890766,0.0,0.0,1.0,5.0,0.0,0.0,0.0,0.0
b0060,351.0,111.801,27.0,16.0,0.39316239316239315,3.4875120942724824,265.0,49.094,0.0,0.0,0.0,0.0,-0.0034883278458213473,0.6187144218922721,0.6168582375478927,6.664409020350408,0.0,0.0,1.0,4.0,0.0,0.0,0.0,0.0
b0061,141.0,47.139,17.0,8.0,0.3161764705882353,3.292590616008473,109.0,21.902,2.0,2.0,1.0,1.4322333572502726,-0.03479829897408793,0.6268231504563759,0.6536796536796536,5.44673737166631,0.0,1.0,1.0,5.0,0.0,0.0,4.0,0.0
b0062,147.0,46.42,11.0,7.0,0.38181818181818183,2.4950497731182804,92.0,18.115,4.0,3.0,0.5,2.313580716171101,1.0759117614827776,0.7094395547716241,0.666,6.2166061010848646,0.0,1.0,1.0,5.0,0.0,0.0,3.0,0.0
b0063,171.0,54.719,17.0,8.0,0.3014705882352941,3.1475658825785677,111.0,24.749,4.0,3.0,0.5,2.313580716171101,0.6830470382388495,0.607702959718595,0.6166077738515902,6.340359303727752,0.0,0.0,1.0,4.0,0.0,0.0,2.0,0.0
b0064,378.0,113.886,26.0,11.0,0.13230769230769232,4.494640450377889,251.0,49.108,1.0,1.0,0.0,1.1380895890439338,0.8767949762007006,0.5699354607143939,0.571917808219178,5.680172609017068,0.0,0.0,0.0,5.0,1.0,0.0,0.0,0.0
b0065,175.0,42.496,5.0,4.0,0.9,1.7037882208402166,143.0,26.78,2.0,1.0,0.0,4.225735974410449,0.0,0.5983621568399856,0.6377952755905512,5.541263545158426,6.0,0.0,0.0,3.0,0.0,1.0,0.0,0.0
b0066,375.0,160.31,19.0,11.0,0.023391812865497075,3.1862245169837484,280.0,56.787,10.0,6.0,0.044444444444444446,3.8843342029717394,0.3138672203691533,0.5313697977105265,0.6810344827586207,5.4510384535657,0.0,0.0,1.0,3.0,0.0,1.0,1.0,0.0
b0067,423.0,162.165,9.0,8.0,0.3055555555555556,1.662471744510186,292.0,52.527,2.0,2.0,1.0,1.3551738545917644,-1.7695510786217261,0.5873383565346679,0.6977611940298507,6.285998094508865,12.0,0.0,0.0,3.0,0.0,1.0,1.0,0.0
b0068,332.0,137.498,4.0,3.0,0.16666666666666666,1.220032441228743,174.0,33.371,2.0,2.0,1.0,1.3551738545917644,2.290056882303366,0.5933426992309194,0.6024464831804281,5.793013608384144,0.0,0.0,0.0,5.0,0.0,0.0,1.0,0.0
b0069,323.0,79.072,4.0,3.0,0.16666666666666666,1.6564529398218435,291.0,67.744,0.0,0.0,0.0,0.0,1.245759355967277,0.5792832797251299,0.6261343012704175,6.313548046277095,0.0,0.0,0.0,3.0,0.0,0.0,0.0,0.0
b0070,229.0,49.638,1.0,1.0,0.0,0.7291548409603347,218.0,46.086,0.0,0.0,0.0,0.0,-0.00877392430750515,0.4550977726194581,0.5153061224489796,5.973809611869261,12.0,0.0,0.0,4.0,0.0,1.0,0.0,0.0
b0071,280.0,89.604,33.0,18.0,0.5625,3.8494818261836836,216.0,42.232,13.0,7.0,0.5,5.199748366914213,2.9768129184793253,0.6566838554324145,0.6069651741293532,5.308267697401205,0.0,0.0,1.0,4.0,0.0,0.0,6.0,0.0
b0072,296.0,93.239,34.0,18.0,0.5365418894830659,3.968030253170762,243.0,46.819,13.0,7.0,0.41025641025641024,5.373334513677906,2.9047209536445306,0.6553753983727756,0.6072961373390557,6.1463292576688975,0.0,1.0,1.0,4.0,0.0,0.0,6.0,0.0
b0073,304.0,90.067,17.0,15.0,0.6911764705882353,2.2724458384497668,263.0,50.903,11.0,7.0,0.6363636363636364,4.384208829364892,2.9571329911876867,0.6261948364996125,0.6060606060606061,5.8971538676367405,0.0,1.0,1.0,5.0,1.0,0.0,6.0,0.0
b0074,297.0,110.186,53.0,23.0,0.43033381712626995,5.81055514904104,247.0,46.6,9.0,7.0,0.75,3.689826771457652,3.0614562489882085,0.6588813292563723,0.6137667304015296,6.261491684321042,0.0,1.0,1.0,4.0,1.0,0.0,6.0,0.0
b0075,30.0,13.807,7.0,5.0,0.5238095238095238,1.741758049445629,12.0,3.253,0.0,0.0,0.0,0.0,0.0,0.0,0.0,3.367295829986474,0.0,0.0,0.0,2.0,0.0,0.0,0.0,0.0
b0076,301.0,75.679,4.0,3.0,0.16666666666666666,1.3381104308735277,236.0,46.434,0.0,0.0,0.0,0.0,0.0,0.5377291587842341,0.43312101910828027,5.752572638825633,0.0,0.0,0.0,4.0,0.0,0.0,0.0,0.0
b0077,184.0,67.15,30.0,18.0,0.5816091954022988,3.5618320396663328,142.0,30.806,10.0,7.0,0.6222222222222222,4.157968362820398,2.2695362927559666,0.5569214658229173,0.5766550522648084,6.354370040797351,0.0,1.0,1.0,5.0,0.0,0.0,8.0,1.0
b0078,199.0,72.493,32.0,18.0,0.5221774193548387,3.7772653771220415,168.0,41.779,13.0,7.0,0.358974358974359,5.120784356244376,2.662767272763343,0.5301972418659011,0.5276073619631901,5.099866427824199,0.0,0.0,1.0,5.0,0.0,0.0,8.0,1.0
b0079,0.0,0.0,0.0,0.0,0.0,0.0,0.0,0.0,0.0,0.0,0.0,0.0,0.0,0.0,0.0,3.367295829986474,0.0,0.0,0.0,1.0,0.0,0.0,0.0,0.0
b0080,341.0,93.787,8.0,7.0,0.17857142857142858,1.4782007871460894,249.0,46.241,2.0,2.0,1.0,1.1375487260411015,1.8791532461842462,0.5659444666192697,0.5718562874251497,5.814130531825066,0.0,0.0,0.0,4.0,0.0,0.0,0.0,0.0
b0081,275.0,73.347,15.0,14.0,0.8952380952380953,1.9015321885876135,214.0,48.718,12.0,12.0,1.0,3.2942789135271617,1.0867156639448825,0.4790049908433948,0.5723684210526315,5.030437921392435,0.0,0.0,0.0,4.0,1.0,0.0,0.0,0.0
b0082,390.0,122.958,25.0,15.0,0.38666666666666666,2.85766484094388,330.0,76.123,13.0,12.0,0.8461538461538461,3.3963750367310865,1.9930392318069097,0.5839964315354287,0.5654952076677316,5.749392985908253,0.0,0.0,1.0,4.0,1.0,0.0,0.0,0.0
b0083,359.0,113.813,30.0,15.0,0.4942528735632184,3.6477895518132195,335.0,90.856,14.0,12.0,0.8351648351648352,3.8278604339964017,0.5390760987927766,0.5238698185302987,0.5454545454545454,4.804021044733257,1.0,0.0,0.0,5.0,0.0,1.0,0.0,0.0
b0084,444.0,152.921,48.0,15.0,0.3377659574468085,5.885460038131307,364.0,91.067,17.0,12.0,0.6617647058823529,4.8539944216152335,0.8135809885681919,0.6205553374940888,0.5884353741496599,6.3784261836515865,1.0,0.0,1.0,5.0,0.0,1.0,3.0,1.0
b0085,389.0,115.454,28.0,15.0,0.5105820105820106,3.519276924466787,335.0,75.338,17.0,12.0,0.7205882352941176,4.619452032685655,2.0086427475652853,0.6366476186440907,0.5797979797979798,6.206575926724928,0.0,1.0,1.0,5.0,1.0,0.0,3.0,1.0
b0086,348.0,108.167,30.0,15.0,0.5310344827586206,3.709743619078253,318.0,82.811,21.0,12.0,0.5,6.4518041360095335,1.6561940621791857,0.5743459421623248,0.5730088495575221,6.115892125483034,0.0,0.0,1.0,5.0,1.0,0.0,4.0,1.0
b0087,256.0,77.743,20.0,14.0,0.6473684210526316,2.583591742333835,246.0,70.154,15.0,12.0,0.8761904761904762,4.034566175288486,1.3543005623453597,0.6278766712493019,0.6416666666666667,5.8888779583328805,10.0,1.0,1.0,5.0,0.0,1.0,3.0,1.0
b0088,361.0,106.104,28.0,15.0,0.5026455026455027,3.430093422247126,313.0,76.171,18.0,12.0,0.6470588235294118,5.274433486657694,1.8351195904245496,0.6275422011770911,0.5707762557077626,6.0844994130751715,0.0,1.0,1.0,5.0,1.0,0.0,3.0,1.0
b0089,311.0,115.155,42.0,15.0,0.38559814169570267,5.010691819598729,275.0,76.563,18.0,12.0,0.6209150326797386,4.907996648278521,0.2787536009528289,0.5886936712306812,0.6328502415458938,6.028278520230698,10.0,0.0,1.0,5.0,0.0,1.0,1.0,1.0
b0090,403.0,123.261,33.0,15.0,0.48484848484848486,3.9620778422810634,337.0,76.996,18.0,12.0,0.673202614379085,4.9724430743141514,1.716921073166761,0.5672552049361842,0.5352112676056338,5.87493073085203,0.0,0.0,1.0,5.0,1.0,1.0,3.0,1.0
b0091,316.0,97.105,27.0,15.0,0.5868945868945868,3.256469629804958,270.0,69.632,19.0,12.0,0.5964912280701754,5.267740701095046,1.8876735524544475,0.6164591284767216,0.5641547861507128,6.198478716492308,0.0,0.0,1.0,5.0,1.0,0.0,2.0,1.0
b0092,322.0,89.17,20.0,14.0,0.7105263157894737,2.5741009070875336,279.0,62.751,13.0,11.0,0.8846153846153846,3.6253210506634845,1.759743367597725,0.5190291465439263,0.5098039215686274,5.726847747587197,0.0,1.0,1.0,5.0,1.0,0.0,4.0,1.0
b0093,551.0,208.229,98.0,52.0,0.3795497580475489,8.125479005823296,490.0,130.757,21.0,12.0,0.4714285714285714,5.988668316558815,0.8260748027008264,0.576044024925378,0.5978260869565217,5.6240175061873385,1.0,0.0,0.0,5.0,0.0,1.0,0.0,0.0
b0094,429.0,146.201,42.0,15.0,0.37398373983739835,4.911291638103793,363.0,85.265,17.0,12.0,0.6691176470588235,4.702044897372565,2.15839265038712,0.5609111658385806,0.530952380952381,6.042632833682381,0.0,0.0,0.0,5.0,1.0,1.0,0.0,0.0
b0095,714.0,254.619,71.0,17.0,0.186317907444668,8.455366107251981,556.0,102.474,13.0,11.0,0.7435897435897436,3.6750387397959954,2.9242844562035106,0.6054086678316781,0.5456919060052219,5.950642552587727,0.0,0.0,0.0,5.0,1.0,1.0,0.0,0.0
b0096,371.0,118.236,29.0,11.0,0.2857142857142857,3.846851574290027,298.0,63.345,14.0,8.0,0.4945054945054945,4.356529715304385,1.5866998016240492,0.6125202554579902,0.5737704918032787,5.723585101952381,0.0,1.0,1.0,5.0,0.0,0.0,2.0,1.0
b0097,161.0,74.534,54.0,51.0,0.9378057302585604,3.319258737552912,86.0,10.284,0.0,0.0,0.0,0.0,0.39093510710337914,0.5204621851479625,0.5352941176470588,5.14166355650266,0.0,0.0,0.0,5.0,1.0,0.0,2.0,1.0
b0098,561.0,199.351,72.0,40.0,0.3974960876369327,5.884398571425066,466.0,93.975,6.0,4.0,0.2,2.3532426036113505,2.528929549036754,0.6734195564817128,0.5715871254162043,6.804614520062624,0.0,1.0,1.0,5.0,1.0,1.0,3.0,1.0
b0099,271.0,77.273,7.0,7.0,0.7142857142857143,1.2372430261955212,245.0,50.297,0.0,0.0,0.0,0.0,0.5211380837040362,0.5979180631295999,0.4883720930232558,4.867534450455582,0.0,1.0,1.0,5.0,0.0,0.0,0.0,0.0
b0101,202.0,46.901,4.0,4.0,0.3333333333333333,0.8438466376303527,170.0,36.025,2.0,2.0,1.0,1.578130473619009,1.344588742578714,0.5965605863449222,0.5230769230769231,4.189654742026425,0.0,1.0,0.0,4.0,0.0,0.0,0.0,0.0
b0102,294.0,88.924,15.0,11.0,0.42857142857142855,2.238700932408427,279.0,77.473,4.0,2.0,0.16666666666666666,2.4888695575004496,1.8865471233911058,0.6018314283820994,0.5506072874493927,5.5134287461649825,0.0,0.0,0.0,5.0,1.0,0.0,0.0,0.0
b0103,471.0,125.44,10.0,6.0,0.17777777777777778,1.8989174282624925,447.0,91.059,4.0,2.0,0.16666666666666666,2.8152557092513444,1.0174507295105362,0.5112516836585118,0.5194174757281553,5.332718793265369,0.0,0.0,1.0,4.0,1.0,0.0,3.0,1.0
b0104,440.0,121.427,22.0,15.0,0.5411255411255411,2.6890259313058853,407.0,71.695,2.0,2.0,1.0,0.8457930487694081,2.4727710717808726,0.6446960489947327,0.5244956772334294,5.8522024797744745,0.0,0.0,1.0,5.0,0.0,0.0,3.0,1.0
b0106,125.0,39.914,12.0,8.0,0.4696969696969697,2.6975747145546665,111.0,28.66,8.0,5.0,0.35714285714285715,3.395417404234742,0.26717172840301384,0.5241800404421857,0.5825,5.993961427306569,3.0,0.0,0.0,2.0,0.0,1.0,0.0,0.0
b0107,110.0,37.289,14.0,8.0,0.38461538461538464,3.0744777826184,89.0,22.379,6.0,5.0,0.6,2.4642173246649564,0.02530586526477026,0.49765290902486736,0.5336225596529284,6.135564891081739,0.0,0.0,0.0,2.0,0.0,0.0,0.0,0.0
b0108,258.0,64.472,10.0,5.0,0.26666666666666666,2.4209567145632738,238.0,53.099,3.0,3.0,0.3333333333333333,1.5391593599980422,0.0,0.5458132239421817,0.5958904109589042,4.990432586778736,1.0,0.0,0.0,3.0,0.0,1.0,0.0,0.0
b0109,256.0,73.059,21.0,12.0,0.3523809523809524,3.183387626309504,215.0,40.69,5.0,3.0,0.1,3.017266531380788,2.2504444001899655,0.6074226916299494,0.5589225589225589,5.697093486505405,0.0,0.0,1.0,5.0,0.0,0.0,3.0,1.0
b0110,224.0,61.097,9.0,7.0,0.5,1.9329946307442012,181.0,37.135,1.0,1.0,0.0,1.091915736474871,0.8312296938670634,0.5738253909982338,0.5191256830601093,5.214935757608986,0.0,1.0,1.0,4.0,1.0,0.0,0.0,0.0
b0111,346.0,96.623,9.0,5.0,0.16666666666666666,2.405808640851644,329.0,90.188,6.0,2.0,0.13333333333333333,4.5232837106273855,1.0572856444182146,0.5315649750631979,0.5563380281690141,5.652489180268651,4.0,0.0,0.0,2.0,0.0,1.0,0.0,0.0
b0112,115.0,34.29,8.0,5.0,0.32142857142857145,1.8643617565303578,48.0,6.329,0.0,0.0,0.0,0.0,2.064495426792728,0.6266211334973756,0.6301969365426696,6.126869184114185,12.0,0.0,0.0,5.0,0.0,1.0,0.0,0.0
b0113,241.0,63.645,4.0,4.0,0.5,0.791816180698207,187.0,37.734,2.0,2.0,0.0,1.8281835523525938,1.3712526291249394,0.6054620707383361,0.6141732283464567,5.541263545158426,0.0,0.0,0.0,3.0,0.0,0.0,0.0,0.0
b0114,350.0,121.27,46.0,19.0,0.421256038647343,4.904318816753207,247.0,43.423,3.0,2.0,0.3333333333333333,2.2154345291979087,3.3742000927138927,0.6771233053660379,0.5997745208568207,6.78897174299217,0.0,1.0,1.0,5.0,0.0,0.0,9.0,1.0
b0115,419.0,132.417,43.0,23.0,0.42967884828349945,4.920243049779908,349.0,52.902,5.0,2.0,0.1,2.75317005978896,3.1550352679299647,0.609164776659495,0.5650793650793651,6.447305862541213,0.0,1.0,1.0,5.0,0.0,0.0,9.0,1.0
b0116,477.0,156.144,43.0,19.0,0.301218161683278,4.849103687837464,402.0,67.05,3.0,2.0,0.3333333333333333,1.8187771142539328,3.326133006231593,0.6472323714571812,0.569620253164557,6.163314804034641,0.0,1.0,1.0,5.0,1.0,1.0,17.0,1.0
b0117,329.0,79.546,1.0,1.0,0.0,0.7922301882545114,273.0,53.093,0.0,0.0,0.0,0.0,-0.8664610916297825,0.5060824345972595,0.5348460291734197,6.42648845745769,0.0,0.0,0.0,1.0,0.0,0.0,0.0,0.0
b0118,290.0,90.486,22.0,19.0,0.5757575757575758,2.5726377021586395,238.0,47.818,8.0,8.0,0.75,2.557306348835153,3.2741601593345675,0.6694355615524019,0.6069364161849711,6.763884908562435,0.0,1.0,2.0,5.0,0.0,0.0,10.0,1.0
b0119,353.0,89.913,4.0,4.0,0.3333333333333333,1.092267355630957,329.0,81.951,2.0,2.0,1.0,1.4938294547903137,1.6581068355063928,0.6145169623509855,0.6083333333333333,4.795790545596741,0.0,0.0,0.0,1.0,0.0,0.0,0.0,0.0
b0120,244.0,61.387,7.0,6.0,0.42857142857142855,1.7752137772215155,208.0,41.63,1.0,1.0,0.0,2.9922202274087373,1.8954777962757146,0.6642735053608583,0.5492424242424242,5.579729825986222,0.0,1.0,1.0,5.0,0.0,0.0,4.0,0.0
b0121,345.0,97.687,11.0,6.0,0.38181818181818183,2.52892144411601,322.0,70.095,1.0,1.0,0.0,2.9922202274087373,2.100405011565889,0.643022739746091,0.5659722222222222,5.666426688112432,0.0,0.0,4.0,5.0,1.0,0.0,5.0,0.0
b0122,44.0,20.439,10.0,8.0,0.4888888888888889,2.5420353335714516,7.0,1.923,0.0,0.0,0.0,0.0,1.5515719736742537,0.5530250794467088,0.6173913043478261,4.7535901911063645,0.0,0.0,0.0,1.0,0.0,0.0,0.0,0.0
b0123,272.0,66.78,13.0,8.0,0.3974358974358974,2.657656942491236,205.0,36.796,0.0,0.0,0.0,0.0,2.004364371107751,0.6044809324338235,0.624031007751938,6.248042874508429,0.0,1.0,1.0,5.0,1.0,0.0,0.0,0.0
b0124,262.0,76.538,24.0,18.0,0.4384057971014493,2.9791439119766197,155.0,29.468,0.0,0.0,0.0,0.0,1.8561849267271697,0.6385482384496709,0.6042713567839196,6.680854678790215,5.0,1.0,1.0,5.0,0.0,1.0,3.0,1.0
b0125,386.0,118.613,33.0,14.0,0.3958333333333333,4.097090237580141,326.0,59.745,3.0,3.0,0.0,1.291620348873551,2.487152521646856,0.7259277149138863,0.5842696629213483,5.187385805840755,0.0,1.0,1.0,5.0,1.0,0.0,4.0,1.0
b0126,233.0,54.721,4.0,4.0,0.3333333333333333,1.370305924674468,201.0,39.813,1.0,1.0,0.0,1.1946026991348913,2.808217727062711,0.6238277953867368,0.5727272727272728,5.3981627015177525,0.0,1.0,1.0,4.0,0.0,0.0,2.0,0.0
b0127,220.0,55.024,3.0,2.0,0.0,1.279866344900961,179.0,36.015,3.0,2.0,0.0,1.9938588563959267,1.8439176380063924,0.6157530920394609,0.551948051948052,5.733341276897746,0.0,0.0,0.0,3.0,0.0,0.0,0.0,0.0
b0128,310.0,100.3,1.0,1.0,0.0,0.738442039167035,163.0,26.539,1.0,1.0,0.0,1.0142025104550791,0.0,0.6205089081057292,0.6328125,5.54907608489522,7.0,0.0,0.0,2.0,0.0,1.0,0.0,0.0
b0129,213.0,51.73,7.0,7.0,0.7619047619047619,1.5684343717831315,205.0,47.271,7.0,5.0,0.7619047619047619,3.5066363029002425,0.2966651902615311,0.5511687001103506,0.5136986301369864,4.990432586778736,0.0,0.0,0.0,2.0,1.0,0.0,0.0,0.0
b0130,272.0,64.131,1.0,1.0,0.0,0.8112113257231511,251.0,57.075,0.0,0.0,0.0,0.0,-0.239577516576788,0.5724738331099922,0.5403422982885085,6.016157159698354,0.0,0.0,1.0,2.0,0.0,0.0,0.0,0.0
b0131,219.0,66.475,21.0,15.0,0.5095238095238095,2.9685559756165967,168.0,27.601,2.0,2.0,1.0,1.827152815209142,2.2430628648048065,0.6366311396826857,0.5634920634920635,4.844187086458591,0.0,1.0,1.0,5.0,1.0,0.0,5.0,1.0
b0132,231.0,48.757,0.0,0.0,0.0,0.0,214.0,44.346,0.0,0.0,0.0,0.0,0.0,0.5159926103318575,0.5466666666666666,5.707110264748875,0.0,0.0,1.0,3.0,0.0,0.0,0.0,0.0
b0133,287.0,83.666,15.0,9.0,0.2,2.7202944195101275,231.0,40.988,3.0,2.0,0.3333333333333333,2.3056471963562615,2.7283618995992307,0.6065870398595425,0.5830388692579506,5.648974238161206,0.0,0.0,1.0,5.0,1.0,0.0,5.0,1.0
b0134,275.0,77.328,10.0,7.0,0.26666666666666666,1.7924951373813762,239.0,42.832,4.0,2.0,0.16666666666666666,3.393374730726587,2.93044469208986,0.581657572143455,0.5795454545454546,5.579729825986222,0.0,1.0,1.0,5.0,1.0,0.0,4.0,1.0
b0135,82.0,26.972,6.0,5.0,0.6666666666666666,1.6779348580727316,43.0,8.185,1.0,1.0,0.0,1.2316727112068724,-1.0268721464003014,0.4834954606865233,0.3470873786407767,6.023447592961033,0.0,0.0,0.0,4.0,0.0,0.0,0.0,0.0
b0136,78.0,26.563,8.0,5.0,0.5,2.300259792514693,41.0,8.718,3.0,2.0,0.3333333333333333,2.755309070147283,0.0,0.4720243970479982,0.3383838383838384,5.293304824724492,0.0,0.0,0.0,3.0,0.0,0.0,0.0,0.0
b0137,67.0,27.011,9.0,5.0,0.3888888888888889,2.936342152921854,21.0,7.166,3.0,2.0,0.6666666666666666,2.219985546604255,-0.4145392704914993,0.4787799651668526,0.3482587064676617,5.308267697401205,0.0,0.0,0.0,3.0,0.0,0.0,0.0,0.0
b0138,65.0,23.633,7.0,5.0,0.6666666666666666,2.060377484639293,27.0,7.217,3.0,2.0,0.6666666666666666,2.219985546604255,0.7387805584843691,0.4961489451699571,0.4074074074074074,5.247024072160486,0.0,0.0,0.0,3.0,0.0,0.0,0.0,0.0
b0139,288.0,78.75,18.0,9.0,0.17647058823529413,4.162346462423485,243.0,57.759,13.0,9.0,0.1282051282051282,5.483768378427705,0.38021124171160603,0.5597337760436527,0.3930635838150289,6.763884908562435,0.0,0.0,0.0,4.0,0.0,1.0,1.0,0.0
b0140,229.0,60.597,11.0,9.0,0.18181818181818182,2.6501198478244175,204.0,51.752,9.0,9.0,0.19444444444444445,3.525449539203138,-0.7423214251308154,0.5339324461491174,0.4105691056910569,5.5093883366279774,0.0,0.0,0.0,3.0,0.0,0.0,0.0,0.0
b0141,88.0,29.857,8.0,5.0,0.39285714285714285,2.5229961702459773,49.0,8.801,0.0,0.0,0.0,0.0,0.0,0.546616753395036,0.41237113402061853,5.272999558563747,0.0,0.0,0.0,3.0,0.0,0.0,0.0,0.0
b0142,289.0,76.953,11.0,9.0,0.32727272727272727,1.8035835020921076,253.0,53.102,7.0,4.0,0.2857142857142857,3.1548127489639266,0.7234556720351858,0.5496478661541399,0.5220125786163522,5.075173815233827,0.0,0.0,1.0,4.0,0.0,0.0,3.0,1.0
b0143,449.0,128.287,15.0,10.0,0.44761904761904764,1.9791873620758946,425.0,106.952,4.0,3.0,0.16666666666666666,1.8236556205722905,1.5454308294653512,0.6456694380744659,0.6236559139784946,6.144185634125646,0.0,0.0,1.0,5.0,1.0,1.0,1.0,0.0
b0144,428.0,132.791,43.0,35.0,0.6821705426356589,3.2011094533668736,406.0,87.222,1.0,1.0,0.0,0.9668934418457197,0.3873898263387294,0.539018560437352,0.5292207792207793,5.733341276897746,0.0,1.0,1.0,4.0,0.0,0.0,0.0,0.0
b0145,515.0,148.636,19.0,15.0,0.3742690058479532,2.1793469738321267,457.0,93.619,4.0,2.0,0.0,2.4519968943485084,2.883667112168564,0.6450392203619869,0.5629139072847682,5.0238805208462765,0.0,0.0,0.0,5.0,1.0,0.0,1.0,0.0
b0146,214.0,53.424,6.0,5.0,0.13333333333333333,1.1904266521119449,182.0,40.762,4.0,2.0,0.0,2.9645657659956632,0.5490032620257878,0.5105533310003121,0.49572649572649574,5.459585514144159,0.0,0.0,0.0,3.0,0.0,0.0,0.0,0.0
b0147,256.0,59.009,3.0,2.0,0.0,1.18790322432095,242.0,49.981,1.0,1.0,0.0,1.08934515948734,0.7101173651118162,0.5108671301520158,0.5568181818181818,5.176149732573829,0.0,0.0,1.0,5.0,0.0,0.0,0.0,0.0
b0148,236.0,59.497,6.0,6.0,0.6666666666666666,0.8786584301904412,191.0,31.473,0.0,0.0,0.0,0.0,0.5051499783199059,0.5412760869805534,0.5822002472187886,6.697034247666484,0.0,0.0,1.0,3.0,0.0,0.0,0.0,0.0
b0149,368.0,124.235,41.0,15.0,0.3073170731707317,5.530599426417078,326.0,72.778,1.0,1.0,0.0,1.010183340850499,1.5316066319327222,0.6512812292636264,0.6195244055068836,6.739336627357174,1.0,0.0,2.0,5.0,0.0,1.0,2.0,1.0
b0150,296.0,94.293,22.0,13.0,0.354978354978355,3.041211767391709,234.0,58.352,12.0,6.0,0.45454545454545453,4.083253969162685,1.889917683436206,0.6386075504186316,0.535475234270415,6.617402977974478,22.0,0.0,0.0,5.0,0.0,1.0,0.0,0.0
b0151,312.0,153.08,48.0,32.0,0.5070921985815603,5.37272945068689,188.0,43.286,15.0,6.0,0.2761904761904762,5.058410402544425,1.1792644643390253,0.6059537884027383,0.5924528301886792,5.583496308781699,0.0,0.0,1.0,5.0,0.0,1.0,1.0,0.0
b0152,447.0,176.332,21.0,13.0,0.4142857142857143,2.907823039993275,313.0,66.55,7.0,5.0,0.47619047619047616,2.557151545960669,-0.41341269532824504,0.5693028981736394,0.6047297297297297,5.6937321388027,0.0,0.0,0.0,5.0,0.0,0.0,1.0,0.0
b0153,297.0,144.902,42.0,32.0,0.6364692218350755,4.669017244957434,173.0,31.719,6.0,5.0,0.6,2.289384861772923,-0.6695862266508091,0.5753664669125904,0.703030303030303,6.493753839851686,18.0,0.0,0.0,5.0,0.0,1.0,1.0,0.0
b0154,312.0,81.651,13.0,8.0,0.5,2.238534800101423,258.0,45.864,6.0,4.0,0.4666666666666667,2.312732396908241,2.681250285083047,0.6443543303857896,0.5845070422535211,6.056784013228625,0.0,1.0,1.0,5.0,1.0,0.0,5.0,1.0
b0155,187.0,44.282,2.0,2.0,0.0,0.9746627472301885,148.0,28.301,0.0,0.0,0.0,0.0,0.31806333496276146,0.5369840794148357,0.5665961945031712,6.161207321695077,10.0,0.0,0.0,5.0,0.0,1.0,0.0,0.0
b0156,211.0,59.016,10.0,8.0,0.4444444444444444,1.8036455242106844,175.0,33.71,0.0,0.0,0.0,0.0,2.4785809237422773,0.7359267000869911,0.5701754385964912,4.74493212836325,0.0,1.0,0.0,5.0,0.0,0.0,0.0,0.0
b0157,75.0,18.277,2.0,2.0,1.0,0.6676828066909591,66.0,14.287,1.0,1.0,0.0,0.8177216899630645,-1.6020599913279623,0.5380107826978967,0.5748792270531401,5.337538079701318,7.0,0.0,0.0,2.0,0.0,1.0,0.0,0.0
b0158,340.0,148.482,23.0,13.0,0.2845849802371542,3.28657667257733,201.0,40.396,11.0,5.0,0.38181818181818183,4.771407819091598,0.14921911265537988,0.5306330684805901,0.5338345864661654,5.58724865840025,0.0,0.0,0.0,5.0,0.0,0.0,1.0,0.0
b0159,283.0,75.314,11.0,8.0,0.16363636363636364,2.217762674190153,223.0,39.244,2.0,1.0,0.0,1.8797782324355423,2.3891838103081646,0.5718933593798216,0.5431034482758621,5.4510384535657,0.0,0.0,1.0,5.0,0.0,0.0,3.0,0.0
b0160,324.0,75.39,9.0,9.0,0.4444444444444444,1.2458025731584914,290.0,54.482,0.0,0.0,0.0,0.0,0.6180480967120926,0.5576188734856848,0.48514851485148514,6.226536669287466,0.0,1.0,1.0,5.0,0.0,0.0,3.0,1.0
b0161,566.0,172.194,37.0,15.0,0.21771771771771772,4.854192675126316,427.0,77.6,0.0,0.0,0.0,0.0,2.83315348917113,0.6754187155276544,0.6265822784810127,6.163314804034641,0.0,0.0,1.0,5.0,1.0,1.0,2.0,0.0
b0162,238.0,53.539,0.0,0.0,0.0,0.0,207.0,43.968,0.0,0.0,0.0,0.0,0.40312052117581787,0.5708142169405834,0.5662337662337662,5.955837369464831,0.0,0.0,0.0,3.0,0.0,0.0,0.0,0.0
b0163,292.0,74.946,2.0,1.0,0.0,2.5362110277507544,280.0,67.653,0.0,0.0,0.0,0.0,3.059188407270002,0.6517838339249966,0.5078125,4.859812404361672,0.0,0.0,0.0,1.0,0.0,0.0,0.0,0.0
b0164,137.0,30.65,1.0,1.0,0.0,0.6698327601125748,112.0,21.504,0.0,0.0,0.0,0.0,0.0,0.5351440998685846,0.5333333333333333,5.602118820879701,0.0,1.0,1.0,2.0,0.0,0.0,0.0,0.0
b0166,362.0,97.46,12.0,10.0,0.3787878787878788,2.0103270027798548,345.0,70.38,3.0,2.0,0.6666666666666666,1.1874769624781538,3.196455304382146,0.704262126722607,0.583941605839416,5.616771097666572,0.0,0.0,1.0,5.0,1.0,0.0,4.0,0.0
b0167,282.0,70.735,10.0,8.0,0.6222222222222222,1.8495852791950191,237.0,52.594,3.0,2.0,0.3333333333333333,1.5069120543543075,1.3161800988934527,0.5830534203420829,0.5921348314606741,6.792344427470809,0.0,1.0,2.0,5.0,0.0,0.0,1.0,0.0
b0168,562.0,189.975,57.0,45.0,0.693609022556391,4.375779813738544,527.0,149.9,47.0,41.0,0.7585568917668826,6.117303736085239,2.5365710672276234,0.6899482071830944,0.5795454545454546,5.579729825986222,0.0,1.0,1.0,5.0,0.0,0.0,0.0,0.0
b0169,613.0,274.569,141.0,61.0,0.4917933130699088,9.287089078123312,580.0,195.943,88.0,51.0,0.6368861024033438,9.041781799953952,3.5596684754494783,0.6027106922871773,0.5684647302904564,5.488937726156687,0.0,0.0,0.0,5.0,0.0,0.0,1.0,1.0
b0170,591.0,239.057,107.0,61.0,0.5803209310527244,6.984096606968378,556.0,188.794,78.0,51.0,0.7475857475857476,7.371826097093242,3.5731049437569937,0.5887945292854706,0.5053003533568905,5.648974238161206,0.0,0.0,0.0,5.0,1.0,0.0,0.0,0.0
b0171,565.0,197.709,46.0,21.0,0.2318840579710145,4.307175665356629,529.0,148.85,14.0,9.0,0.38461538461538464,2.4332134835520614,2.468362102082093,0.6187584801204072,0.5643153526970954,5.488937726156687,0.0,0.0,1.0,5.0,1.0,1.0,4.0,1.0
b0172,515.0,206.348,88.0,61.0,0.7037617554858934,5.680917088879111,486.0,135.027,24.0,18.0,0.5797101449275363,3.299784264207027,3.247975719996016,0.6675181405986891,0.4972972972972973,5.225746673713202,0.0,0.0,0.0,4.0,1.0,0.0,0.0,0.0
b0173,230.0,73.388,19.0,10.0,0.3157894736842105,2.635300314503159,179.0,44.192,15.0,6.0,0.29523809523809524,4.371137281232177,0.6374897295125107,0.5589834884678825,0.550251256281407,5.988961416889864,0.0,1.0,1.0,5.0,0.0,0.0,3.0,0.0
b0174,531.0,157.878,23.0,14.0,0.17391304347826086,2.983445309996942,504.0,124.361,11.0,6.0,0.16363636363636364,3.3482496217608366,1.6032526619816467,0.5433053995598252,0.4743083003952569,5.537334267018537,0.0,1.0,1.0,5.0,0.0,0.0,3.0,1.0
b0175,388.0,110.907,23.0,10.0,0.23715415019762845,3.5201332354388373,371.0,90.154,5.0,5.0,0.5,1.8175408315523205,0.968482948553935,0.48350820375436354,0.5578947368421052,5.655991810819852,8.0,0.0,1.0,5.0,0.0,1.0,3.0,0.0
b0176,503.0,143.165,14.0,10.0,0.2967032967032967,2.0604268368903953,470.0,121.695,8.0,6.0,0.35714285714285715,2.629475514559992,0.9304395947667001,0.505059286620241,0.5222222222222223,6.111467339502679,4.0,1.0,1.0,5.0,0.0,1.0,0.0,0.0
b0177,600.0,203.606,58.0,15.0,0.17180883242589232,7.101517731310426,530.0,143.844,23.0,7.0,0.14624505928853754,6.654028443501851,2.487152521646856,0.6363640907432032,0.571604938271605,6.698268054115413,16.0,0.0,0.0,5.0,0.0,1.0,0.0,0.0
b0178,481.0,154.433,28.0,14.0,0.31216931216931215,3.5553113398695095,443.0,118.532,8.0,6.0,0.2857142857142857,2.7483566208050405,3.2301959350385796,0.6071975120068822,0.5341614906832298,5.087596335232384,0.0,0.0,0.0,5.0,0.0,0.0,0.0,0.0
b0179,352.0,113.884,30.0,11.0,0.2942528735632184,3.903827960777202,317.0,84.249,22.0,8.0,0.3116883116883117,6.401168239699996,2.3010517098452263,0.6191629817704404,0.5982404692082112,5.834810737062605,0.0,0.0,1.0,5.0,0.0,0.0,2.0,1.0
b0180,388.0,123.748,31.0,14.0,0.2967741935483871,3.5970450077816016,354.0,86.281,22.0,8.0,0.29004329004329005,5.543040943235421,2.840112370343231,0.6266495608388577,0.5033112582781457,5.0238805208462765,0.0,0.0,1.0,5.0,1.0,0.0,5.0,1.0
b0181,400.0,127.213,33.0,12.0,0.2518939393939394,4.316690535445084,335.0,78.355,19.0,8.0,0.39766081871345027,5.464448671189813,2.6085367303538822,0.6762135282601023,0.5648854961832062,5.572154032177765,0.0,0.0,1.0,5.0,1.0,0.0,3.0,1.0
b0182,251.0,78.836,21.0,11.0,0.4666666666666667,3.0588676822085006,220.0,58.646,19.0,8.0,0.3508771929824561,6.189386269033972,1.779668627207148,0.5832632431398226,0.5602094240837696,5.948034989180646,0.0,0.0,1.0,4.0,0.0,0.0,2.0,1.0
b0183,473.0,130.045,12.0,11.0,0.3333333333333333,1.6301340582672446,438.0,94.34,7.0,6.0,0.47619047619047616,2.3386080012584665,1.16761267272753,0.6387136379329276,0.6111111111111112,5.293304824724492,0.0,1.0,1.0,4.0,1.0,0.0,1.0,1.0
b0184,468.0,159.934,41.0,16.0,0.3024390243902439,4.563987338897522,416.0,95.77,12.0,8.0,0.3181818181818182,2.7978180181983388,0.5998830720736879,0.6043354460186399,0.6344827586206897,7.057036981697891,0.0,0.0,1.0,5.0,1.0,0.0,3.0,1.0
b0185,277.0,97.369,44.0,23.0,0.3890063424947146,5.351322692168192,251.0,68.566,19.0,8.0,0.28654970760233917,5.714529070161655,2.9025522147553455,0.675814473349337,0.49843260188087773,5.768320995793772,0.0,0.0,1.0,5.0,1.0,0.0,9.0,1.0
b0186,161.0,44.07,8.0,5.0,0.32142857142857145,2.026917932068609,121.0,23.008,0.0,0.0,0.0,0.0,0.7379873263334308,0.5793306912547868,0.5820476858345021,6.570882962339584,0.0,1.0,1.0,4.0,0.0,0.0,4.0,0.0
b0187,190.0,46.469,4.0,4.0,0.5,1.2178637174222102,180.0,36.124,1.0,1.0,0.0,0.8625797146743651,1.7428036584691655,0.6326577944743015,0.5426356589147286,4.867534450455582,0.0,0.0,0.0,1.0,0.0,0.0,0.0,0.0
b0188,465.0,125.582,15.0,9.0,0.14285714285714285,2.2417301023669403,426.0,93.191,4.0,3.0,0.0,1.94688369183559,0.9355072658247128,0.5501138649843057,0.5972222222222222,6.07073772800249,0.0,0.0,1.0,4.0,1.0,0.0,0.0,0.0
b0189,45.0,14.89,3.0,3.0,0.0,0.9763912691211851,15.0,3.544,1.0,1.0,0.0,2.9922202274087373,2.198684573077143,0.6461921029135089,0.5357142857142857,4.442651256490317,0.0,0.0,0.0,2.0,0.0,0.0,0.0,0.0
b0190,252.0,89.057,31.0,16.0,0.5720430107526882,3.735734336470055,243.0,85.415,30.0,15.0,0.6,7.195020975190834,0.6384892569546373,0.6491758841847929,0.580110497237569,5.204006687076795,0.0,0.0,0.0,1.0,0.0,0.0,0.0,0.0
b0191,345.0,125.347,66.0,59.0,0.8685314685314686,4.174628944460701,321.0,56.878,3.0,2.0,0.3333333333333333,1.158141820597238,-0.008330992620051497,0.5394339003819181,0.55,4.948759890378168,0.0,0.0,1.0,5.0,1.0,0.0,0.0,0.0
b0192,318.0,83.573,7.0,5.0,0.19047619047619047,1.37245036820115,239.0,54.056,2.0,2.0,1.0,0.9804766495257519,1.0378247505883418,0.5685258228486433,0.538135593220339,5.4680601411351315,0.0,0.0,0.0,5.0,0.0,1.0,1.0,0.0
b0193,25.0,9.421,2.0,2.0,1.0,1.1911150912326633,17.0,4.079,0.0,0.0,0.0,0.0,-0.9281179926938746,0.5437239625953463,0.5109489051094891,5.616771097666572,0.0,0.0,1.0,2.0,0.0,1.0,0.0,0.0
b0194,497.0,143.293,25.0,18.0,0.59,2.601563740433309,482.0,114.999,4.0,4.0,0.16666666666666666,1.4621686314152678,2.8756457198482495,0.6706439745369248,0.6136363636363636,6.35088571671474,0.0,0.0,1.0,5.0,1.0,0.0,1.0,1.0
b0195,195.0,49.222,3.0,2.0,0.0,1.0983431838914837,173.0,36.2,1.0,1.0,0.0,2.9922202274087373,0.7888751157754167,0.572795195873642,0.5914893617021276,5.4638318050256105,0.0,0.0,1.0,4.0,0.0,0.0,0.0,0.0
b0196,126.0,46.122,15.0,11.0,0.2571428571428571,2.532853534607799,65.0,10.549,1.0,1.0,0.0,2.9922202274087373,2.2122142474199413,0.5275371611091946,0.5149253731343284,4.90527477843843,0.0,0.0,0.0,5.0,0.0,1.0,1.0,0.0
b0197,287.0,146.183,45.0,32.0,0.5424242424242425,4.94459364877758,151.0,21.805,5.0,5.0,0.6,1.9992298659274126,3.3756654425653805,0.645817467670538,0.5276752767527675,5.605802066295998,0.0,0.0,0.0,4.0,0.0,1.0,1.0,0.0
b0198,253.0,133.921,39.0,32.0,0.6963562753036437,4.282315941510525,132.0,21.078,6.0,5.0,0.6,2.2746294119850283,1.3619166186686433,0.5818561679314269,0.576036866359447,5.384495062789089,5.0,0.0,0.0,5.0,0.0,1.0,1.0,0.0
b0199,326.0,158.748,53.0,32.0,0.4042089985486212,6.000194902828003,211.0,39.965,15.0,6.0,0.18095238095238095,4.804470754270572,2.0294243640580163,0.6225635294171322,0.6064139941690962,5.840641657373398,0.0,0.0,1.0,5.0,0.0,1.0,1.0,0.0
b0200,188.0,51.924,9.0,8.0,0.6666666666666666,1.6027994443175897,157.0,29.923,6.0,4.0,0.4666666666666667,3.3142878409428813,1.599992177584098,0.6174592358099156,0.5130890052356021,5.2574953720277815,0.0,1.0,1.0,5.0,1.0,0.0,3.0,0.0
b0201,0.0,0.0,0.0,0.0,0.0,0.0,0.0,0.0,0.0,0.0,0.0,0.0,0.0,0.0,0.0,0.0,0.0,0.0,0.0,0.0,0.0,0.0,1.0,1.0
b0202,0.0,0.0,0.0,0.0,0.0,0.0,0.0,0.0,0.0,0.0,0.0,0.0,0.0,0.0,0.0,0.0,0.0,0.0,0.0,0.0,0.0,0.0,1.0,1.0
b0203,0.0,0.0,0.0,0.0,0.0,0.0,0.0,0.0,0.0,0.0,0.0,0.0,0.0,0.0,0.0,0.0,0.0,0.0,0.0,0.0,0.0,0.0,1.0,1.0
b0204,0.0,0.0,0.0,0.0,0.0,0.0,0.0,0.0,0.0,0.0,0.0,0.0,0.0,0.0,0.0,0.0,0.0,0.0,0.0,0.0,0.0,0.0,1.0,1.0
b0205,0.0,0.0,0.0,0.0,0.0,0.0,0.0,0.0,0.0,0.0,0.0,0.0,0.0,0.0,0.0,0.0,0.0,0.0,0.0,0.0,0.0,0.0,1.0,1.0
b0206,0.0,0.0,0.0,0.0,0.0,0.0,0.0,0.0,0.0,0.0,0.0,0.0,0.0,0.0,0.0,0.0,0.0,0.0,0.0,0.0,0.0,0.0,1.0,1.0
b0207,184.0,45.971,3.0,3.0,0.0,0.961483730808311,148.0,22.589,0.0,0.0,0.0,0.0,2.10383791602561,0.5780815956303348,0.4344569288389513,5.5909869805108565,0.0,0.0,3.0,5.0,1.0,0.0,0.0,0.0
b0208,165.0,40.833,2.0,2.0,0.0,0.87470724538938,136.0,31.097,2.0,2.0,0.0,1.462696133882415,1.1401936785786313,0.48597008710803163,0.5197368421052632,5.720311776607412,0.0,0.0,0.0,2.0,0.0,0.0,0.0,0.0
b0209,296.0,74.004,2.0,2.0,0.0,0.9597249379451062,274.0,67.748,2.0,1.0,0.0,2.2752968016176895,1.1176026916900843,0.5097276629074969,0.5451127819548872,5.58724865840025,0.0,0.0,0.0,2.0,1.0,0.0,0.0,0.0
b0210,193.0,46.502,7.0,3.0,0.047619047619047616,2.839274515968257,171.0,31.022,1.0,1.0,0.0,1.4232559641018754,0.25527250510330607,0.5245029705059133,0.48792270531400966,5.337538079701318,0.0,0.0,0.0,1.0,0.0,0.0,0.0,0.0
b0211,789.0,207.581,13.0,8.0,0.47435897435897434,2.3512562699167643,758.0,167.271,0.0,0.0,0.0,0.0,-0.08039897621588903,0.54010573986569,0.5597345132743363,6.115892125483034,0.0,0.0,1.0,4.0,0.0,1.0,0.0,0.0
b0212,235.0,62.053,8.0,6.0,0.39285714285714285,1.586928430737776,201.0,35.778,0.0,0.0,0.0,0.0,2.361746717975897,0.46492622942047557,0.3545816733067729,5.529429087511423,0.0,1.0,1.0,5.0,0.0,0.0,2.0,0.0
b0213,350.0,99.053,6.0,4.0,0.06666666666666667,1.7113730951505182,325.0,84.848,2.0,2.0,0.0,1.137318829236477,-0.5800442515102421,0.49032417547855145,0.49166666666666664,5.484796933490655,0.0,0.0,0.0,1.0,0.0,0.0,0.0,0.0
b0214,334.0,99.25,22.0,15.0,0.2987012987012987,2.8524851658610797,234.0,32.593,2.0,2.0,0.0,1.738524603872712,0.7581546219673899,0.5853189088574636,0.5096774193548387,5.049856007249537,0.0,1.0,1.0,5.0,1.0,0.0,1.0,1.0
b0215,331.0,105.281,29.0,16.0,0.43842364532019706,3.494421857645544,287.0,54.977,2.0,2.0,0.0,1.5608439217968715,0.4899584794248346,0.5703402727771868,0.5308641975308642,5.497168225293202,0.0,1.0,1.0,5.0,0.0,0.0,3.0,1.0
b0216,0.0,0.0,0.0,0.0,0.0,0.0,0.0,0.0,0.0,0.0,0.0,0.0,0.0,0.0,0.0,0.0,0.0,0.0,0.0,0.0,0.0,0.0,1.0,1.0
b0217,20.0,5.648,0.0,0.0,0.0,0.0,3.0,0.387,0.0,0.0,0.0,0.0,0.13033376849500614,0.5173726293066895,0.4367816091954023,5.568344503761097,0.0,0.0,0.0,1.0,0.0,1.0,0.0,0.0
b0218,0.0,0.0,0.0,0.0,0.0,0.0,0.0,0.0,0.0,0.0,0.0,0.0,0.0,0.0,0.0,4.727387818712341,2.0,0.0,0.0,2.0,0.0,1.0,0.0,0.0
b0219,267.0,70.614,11.0,11.0,0.9090909090909091,1.4418592814045945,232.0,39.398,0.0,0.0,0.0,0.0,1.1525940779274697,0.5501244744346666,0.578125,5.54907608489522,0.0,0.0,1.0,2.0,0.0,0.0,2.0,0.0
b0220,40.0,11.274,1.0,1.0,0.0,0.910223364266453,29.0,6.026,0.0,0.0,0.0,0.0,2.7443008081779805,0.5271247053242556,0.5796178343949044,5.062595033026967,0.0,0.0,0.0,5.0,0.0,0.0,0.0,0.0
b0221,331.0,97.473,19.0,11.0,0.38596491228070173,2.7707489825970444,292.0,56.185,4.0,4.0,1.0,1.8227881524387344,1.9253636673541017,0.651454174690347,0.6683046683046683,6.703188113240863,0.0,1.0,2.0,5.0,0.0,0.0,3.0,0.0
b0222,162.0,45.258,9.0,8.0,0.75,1.5851052799140442,129.0,22.202,3.0,3.0,1.0,1.7478718267005013,2.9439938158247565,0.6728833601493814,0.578125,5.262690188904886,0.0,1.0,1.0,5.0,1.0,0.0,3.0,0.0
b0223,128.0,28.214,2.0,2.0,0.0,0.7891615353920923,119.0,25.112,0.0,0.0,0.0,0.0,1.2281436075977417,0.5976809664532154,0.6078431372549019,5.545177444479562,0.0,0.0,1.0,2.0,0.0,0.0,0.0,0.0
b0224,228.0,56.152,6.0,4.0,0.26666666666666666,1.7718111298770982,206.0,43.747,0.0,0.0,0.0,0.0,0.4487063199050798,0.6331480335724535,0.5894308943089431,5.5093883366279774,0.0,0.0,1.0,5.0,0.0,0.0,0.0,0.0
b0225,173.0,55.271,23.0,21.0,0.932806324110672,3.0270653521518027,127.0,24.481,1.0,1.0,0.0,2.9922202274087373,-0.6536470255493614,0.4962902578405349,0.358695652173913,4.532599493153256,0.0,0.0,1.0,5.0,0.0,0.0,0.0,0.0
b0226,191.0,61.682,24.0,21.0,0.8768115942028986,3.1397985153304857,151.0,31.259,1.0,1.0,0.0,2.9922202274087373,1.3656751404559178,0.5182562886120609,0.47674418604651164,4.465908118654584,0.0,0.0,0.0,5.0,0.0,0.0,0.0,0.0
b0227,143.0,38.117,6.0,4.0,0.4,2.795309279143378,109.0,21.726,0.0,0.0,0.0,0.0,0.8876173003357362,0.5370600061072567,0.6265060240963856,5.521460917862246,0.0,0.0,1.0,2.0,0.0,1.0,0.0,0.0
b0228,158.0,32.031,1.0,1.0,0.0,0.7757676721091412,151.0,29.277,0.0,0.0,0.0,0.0,0.3979400086720376,0.5313437144977511,0.46060606060606063,5.111987788356544,0.0,0.0,0.0,5.0,0.0,0.0,0.0,0.0
b0229,0.0,0.0,0.0,0.0,0.0,0.0,0.0,0.0,0.0,0.0,0.0,0.0,0.0,0.0,0.0,6.363028103540465,3.0,0.0,0.0,2.0,0.0,1.0,0.0,0.0
b0230,0.0,0.0,0.0,0.0,0.0,0.0,0.0,0.0,0.0,0.0,0.0,0.0,0.0,0.0,0.0,5.356586274672012,0.0,0.0,0.0,2.0,0.0,0.0,0.0,0.0
b0231,301.0,102.339,32.0,16.0,0.34274193548387094,4.122565148073713,207.0,35.589,3.0,2.0,0.3333333333333333,2.6556891481635936,0.4116197059632301,0.5859080923652538,0.5897435897435898,5.863631175598097,0.0,1.0,1.0,5.0,1.0,0.0,0.0,0.0
b0232,64.0,32.417,25.0,21.0,0.7566666666666667,3.4515535788151883,33.0,6.537,3.0,2.0,0.6666666666666666,2.9360706555435683,0.06445798922691845,0.45475537999085824,0.3711340206185567,4.584967478670572,0.0,0.0,0.0,3.0,0.0,0.0,0.0,0.0
b0233,62.0,32.628,26.0,21.0,0.7384615384615385,3.572405743975977,12.0,3.965,3.0,2.0,0.6666666666666666,2.9360706555435683,0.44247976906444847,0.5166049631273653,0.4015151515151515,4.890349128221754,0.0,0.0,1.0,4.0,0.0,0.0,0.0,0.0
b0234,133.0,39.841,12.0,7.0,0.48484848484848486,2.568618187891719,113.0,21.035,2.0,2.0,1.0,2.1156749239331147,-1.853871964321762,0.5385312949779189,0.42,5.017279836814924,0.0,0.0,1.0,2.0,0.0,0.0,0.0,0.0
b0235,0.0,0.0,0.0,0.0,0.0,0.0,0.0,0.0,0.0,0.0,0.0,0.0,0.0,0.0,0.0,4.48863636973214,0.0,0.0,0.0,1.0,0.0,0.0,0.0,0.0
b0236,0.0,0.0,0.0,0.0,0.0,0.0,0.0,0.0,0.0,0.0,0.0,0.0,0.0,0.0,0.0,5.117993812416755,0.0,0.0,0.0,2.0,0.0,0.0,0.0,0.0
b0237,221.0,63.304,20.0,11.0,0.33157894736842103,3.5546753211173567,179.0,32.429,0.0,0.0,0.0,0.0,2.953281172881823,0.6737113118341529,0.5587628865979382,6.186208623900494,0.0,1.0,1.0,5.0,0.0,0.0,2.0,0.0
b0238,455.0,131.074,27.0,14.0,0.4672364672364672,3.439543396130648,432.0,94.532,1.0,1.0,0.0,0.6494444746232018,2.4609128699872858,0.6864511646209219,0.5197368421052632,5.030437921392435,0.0,1.0,2.0,5.0,0.0,1.0,4.0,1.0
b0239,364.0,101.127,8.0,5.0,0.25,2.209241998729637,333.0,84.666,3.0,2.0,0.3333333333333333,2.197149881113599,1.5911759503117913,0.5884500930886278,0.5893719806763285,6.028278520230698,0.0,0.0,1.0,4.0,0.0,0.0,0.0,0.0
b0240,0.0,0.0,0.0,0.0,0.0,0.0,0.0,0.0,0.0,0.0,0.0,0.0,0.0,0.0,0.0,4.897839799950911,0.0,0.0,0.0,4.0,1.0,0.0,0.0,0.0
b0241,420.0,147.188,36.0,14.0,0.2253968253968254,4.733379457769638,376.0,110.597,19.0,8.0,0.27485380116959063,6.695458078237274,1.8042076050820415,0.6206504116869888,0.4672364672364672,5.863631175598097,0.0,0.0,0.0,4.0,0.0,1.0,0.0,0.0
b0242,337.0,88.901,6.0,5.0,0.5333333333333333,1.158523633187587,278.0,42.585,2.0,2.0,1.0,1.6003233517258506,2.1959273135972244,0.6116043682949559,0.5858310626702997,5.908082938168931,0.0,0.0,1.0,5.0,1.0,0.0,5.0,0.0
b0243,402.0,120.106,27.0,13.0,0.22507122507122507,3.8188268079179783,334.0,49.414,3.0,2.0,0.3333333333333333,1.851989922642227,2.4183178671286787,0.6063424452174562,0.5683453237410072,6.035481432524756,0.0,0.0,1.0,5.0,1.0,0.0,5.0,0.0
b0244,0.0,0.0,0.0,0.0,0.0,0.0,0.0,0.0,0.0,0.0,0.0,0.0,0.0,0.0,0.0,0.0,0.0,0.0,0.0,0.0,0.0,0.0,1.0,1.0
b0245,51.0,20.806,7.0,5.0,0.47619047619047616,2.3895903219702594,14.0,5.074,4.0,4.0,1.0,2.612610303281483,-0.6968039425795111,0.4729687030320798,0.5398230088495575,4.736198448394496,0.0,0.0,0.0,3.0,0.0,0.0,0.0,0.0
b0246,51.0,22.466,9.0,5.0,0.3055555555555556,2.855650955607419,23.0,7.206,5.0,4.0,0.9,3.1820251894723666,1.1401936785786313,0.6055434643430022,0.7142857142857143,4.663439094112067,0.0,0.0,0.0,2.0,0.0,0.0,0.0,0.0
b0247,136.0,36.533,6.0,5.0,0.6666666666666666,2.0735014176812205,122.0,31.214,5.0,4.0,0.9,3.1820251894723666,-1.5086383061657274,0.5217458046324573,0.6835443037974683,5.0689042022202315,0.0,0.0,0.0,2.0,0.0,0.0,0.0,0.0
b0248,37.0,14.434,6.0,5.0,0.8,2.2155659589310672,21.0,7.821,5.0,4.0,0.9,3.1820251894723666,0.0,0.5573734735901915,0.631578947368421,5.030437921392435,0.0,0.0,0.0,1.0,0.0,0.0,0.0,0.0
b0249,40.0,16.574,8.0,5.0,0.42857142857142855,3.074501398704628,17.0,7.388,4.0,4.0,1.0,2.612610303281483,0.0,0.5587086895869593,0.6455696202531646,4.382026634673881,0.0,0.0,0.0,1.0,0.0,0.0,0.0,0.0
b0250,41.0,15.641,6.0,4.0,0.26666666666666666,2.3605257205873835,15.0,4.355,1.0,1.0,0.0,2.9922202274087373,0.3944516808262163,0.5655127141577834,0.6645161290322581,5.049856007249537,0.0,0.0,0.0,1.0,0.0,0.0,0.0,0.0
b0251,24.0,8.05,1.0,1.0,0.0,0.7105175155792356,14.0,5.184,1.0,1.0,0.0,2.9922202274087373,0.38021124171160603,0.6082467247552156,0.6190476190476191,4.997212273764115,0.0,0.0,0.0,3.0,0.0,1.0,0.0,0.0
b0252,190.0,45.949,3.0,2.0,0.0,1.9897189552732952,185.0,42.381,1.0,1.0,0.0,1.6058931176157738,-0.34198860334288755,0.5438263504933244,0.6336996336996337,5.6131281063880705,0.0,0.0,0.0,1.0,0.0,0.0,0.0,0.0
b0253,173.0,45.027,4.0,3.0,0.16666666666666666,1.938943847877852,154.0,37.351,2.0,1.0,0.0,2.6724043239453823,-1.6777807052660807,0.5449934271561264,0.6411149825783972,5.662960480135946,0.0,0.0,0.0,2.0,0.0,0.0,0.0,0.0
b0254,204.0,58.491,7.0,6.0,0.09523809523809523,1.817380525941072,156.0,37.346,2.0,1.0,0.0,2.0815344383291885,-0.6675615400843947,0.46992635111629816,0.4478114478114478,5.697093486505405,0.0,0.0,0.0,3.0,0.0,0.0,0.0,0.0
b0255,0.0,0.0,0.0,0.0,0.0,0.0,0.0,0.0,0.0,0.0,0.0,0.0,0.0,0.0,0.0,4.90527477843843,0.0,0.0,0.0,2.0,0.0,0.0,0.0,0.0
b0256,72.0,25.29,2.0,2.0,0.0,0.853420229479977,40.0,4.345,0.0,0.0,0.0,0.0,0.12710479836480765,0.43458488513179266,0.40992167101827676,5.950642552587727,0.0,0.0,0.0,3.0,0.0,0.0,0.0,0.0
b0257,0.0,0.0,0.0,0.0,0.0,0.0,0.0,0.0,0.0,0.0,0.0,0.0,0.0,0.0,0.0,4.955827057601261,0.0,0.0,0.0,1.0,0.0,0.0,0.0,0.0
b0258,0.0,0.0,0.0,0.0,0.0,0.0,0.0,0.0,0.0,0.0,0.0,0.0,0.0,0.4945506433407433,0.6167979002624672,5.945420608606575,0.0,0.0,0.0,2.0,0.0,0.0,0.0,0.0
b0259,41.0,17.17,1.0,1.0,0.0,1.2266076312940162,21.0,8.055,1.0,1.0,0.0,1.4402840043555225,-0.22257317761068865,0.6013635961704563,0.7116564417177914,5.7899601708972535,0.0,0.0,0.0,2.0,0.0,0.0,0.0,0.0
b0260,79.0,23.771,4.0,4.0,0.6666666666666666,0.9053451400100517,46.0,11.643,4.0,3.0,0.5,2.145547161446473,0.4742162640762552,0.5734256959546483,0.6231263383297645,6.148468295917647,12.0,0.0,0.0,3.0,0.0,1.0,0.0,0.0
b0261,148.0,42.868,16.0,13.0,0.625,2.332162725574294,102.0,19.933,1.0,1.0,0.0,0.9049061836890997,1.305566313515304,0.6429216703717848,0.6612903225806451,5.739792912179234,0.0,1.0,1.0,4.0,0.0,0.0,5.0,1.0
b0262,355.0,123.698,16.0,12.0,0.16666666666666666,2.1303279525737446,261.0,49.039,8.0,6.0,0.07142857142857142,2.7071615543678718,0.3074960379132129,0.6717205754740896,0.6982758620689655,5.855071922202427,0.0,0.0,1.0,3.0,0.0,1.0,1.0,0.0
b0263,0.0,0.0,0.0,0.0,0.0,0.0,0.0,0.0,0.0,0.0,0.0,0.0,0.0,0.0,0.0,4.795790545596741,2.0,0.0,0.0,2.0,0.0,1.0,0.0,0.0
b0264,139.0,41.627,12.0,7.0,0.5606060606060606,3.539944412204723,121.0,33.122,11.0,7.0,0.6727272727272727,3.5731969484069372,-1.1079053973095196,0.5300339191307083,0.6706586826347305,5.123963979403259,0.0,0.0,0.0,2.0,0.0,0.0,0.0,0.0
b0265,168.0,48.374,8.0,7.0,0.9642857142857143,2.2793864253994784,126.0,31.228,8.0,7.0,0.9642857142857143,2.65728749384873,-1.2518119729937995,0.5489474369004654,0.5604395604395604,4.5217885770490405,0.0,0.0,0.0,2.0,0.0,0.0,0.0,0.0
b0266,0.0,0.0,0.0,0.0,0.0,0.0,0.0,0.0,0.0,0.0,0.0,0.0,0.0,0.5312611247613022,0.5172413793103449,4.762173934797756,0.0,0.0,0.0,2.0,0.0,0.0,0.0,0.0
b0267,145.0,36.271,1.0,1.0,0.0,0.679015683290961,124.0,27.129,0.0,0.0,0.0,0.0,-0.5466816599529623,0.5962134462744347,0.7578125,5.953243334287785,0.0,0.0,0.0,2.0,0.0,0.0,0.0,0.0
b0268,213.0,62.232,10.0,8.0,0.26666666666666666,2.0814611840128148,205.0,46.755,2.0,2.0,0.0,1.2423749034991571,1.5341530741850626,0.6683417060115255,0.7980132450331126,5.713732805509369,0.0,0.0,2.0,5.0,1.0,0.0,2.0,0.0
b0269,320.0,96.318,11.0,8.0,0.38181818181818183,2.266562481577563,288.0,73.981,8.0,5.0,0.2857142857142857,3.7897352703409966,0.6283889300503115,0.6666297873563043,0.8580152671755725,6.486160788944089,0.0,0.0,1.0,3.0,0.0,0.0,2.0,0.0
b0270,191.0,52.989,5.0,3.0,0.2,1.8993308660778174,180.0,46.427,2.0,2.0,0.0,1.6774546845671112,0.1643528557844371,0.657642265220315,0.8956521739130435,6.133398042996649,10.0,0.0,0.0,3.0,0.0,1.0,0.0,0.0
b0271,115.0,33.632,6.0,4.0,0.13333333333333333,2.042497394933967,83.0,20.544,2.0,2.0,0.0,1.9531905183199405,0.12710479836480765,0.6481751714693288,0.8805970149253731,6.285998094508865,0.0,0.0,1.0,2.0,0.0,0.0,2.0,0.0
b0272,92.0,25.191,0.0,0.0,0.0,0.0,58.0,10.976,0.0,0.0,0.0,0.0,0.7972675408307164,0.6236401636396935,0.8373015873015873,5.53338948872752,0.0,0.0,0.0,4.0,0.0,0.0,0.0,0.0
b0273,184.0,67.714,26.0,11.0,0.28307692307692306,3.6970567109141736,137.0,29.754,11.0,7.0,0.4727272727272727,4.019642747731295,1.6858312746260635,0.6520241159543714,0.7694610778443114,5.814130531825066,0.0,0.0,1.0,4.0,1.0,0.0,4.0,0.0
b0274,136.0,41.183,12.0,7.0,0.7121212121212122,3.3043278551019966,122.0,34.042,12.0,7.0,0.7121212121212122,3.8525337585589248,-1.1079053973095196,0.5300339191307083,0.6706586826347305,5.123963979403259,0.0,0.0,0.0,2.0,0.0,0.0,0.0,0.0
b0275,165.0,46.921,8.0,7.0,0.9642857142857143,2.2793864253994784,120.0,29.963,8.0,7.0,0.9642857142857143,2.65728749384873,-1.2518119729937995,0.5489474369004654,0.5604395604395604,4.5217885770490405,0.0,0.0,0.0,2.0,0.0,0.0,0.0,0.0
b0276,0.0,0.0,0.0,0.0,0.0,0.0,0.0,0.0,0.0,0.0,0.0,0.0,0.0,0.5003947489021164,0.49382716049382713,5.497168225293202,0.0,0.0,0.0,2.0,0.0,0.0,0.0,0.0
b0277,22.0,7.529,0.0,0.0,0.0,0.0,8.0,2.318,0.0,0.0,0.0,0.0,0.0,0.5308561896363393,0.4951923076923077,5.342334251964811,0.0,0.0,0.0,1.0,0.0,0.0,0.0,0.0
b0278,45.0,13.648,4.0,3.0,0.6666666666666666,2.373771901781164,33.0,5.87,1.0,1.0,0.0,2.9922202274087373,0.2041199826559248,0.4785746645416657,0.3620689655172414,5.4510384535657,0.0,0.0,0.0,1.0,0.0,0.0,0.0,0.0
b0279,50.0,17.694,3.0,2.0,0.3333333333333333,2.1977863229420698,20.0,3.947,1.0,1.0,0.0,2.9922202274087373,0.0,0.4772432487088728,0.34507042253521125,5.652489180268651,0.0,0.0,0.0,1.0,0.0,0.0,0.0,0.0
b0280,37.0,14.179,8.0,3.0,0.17857142857142858,4.316243159715365,12.0,3.632,1.0,1.0,0.0,2.9922202274087373,-1.3098039199714864,0.4378698640581311,0.363013698630137,4.990432586778736,0.0,0.0,0.0,1.0,0.0,0.0,0.0,0.0
b0281,165.0,44.859,6.0,3.0,0.26666666666666666,2.300443749797665,136.0,32.64,1.0,1.0,0.0,2.9922202274087373,-0.04191415147891488,0.4653342320897624,0.388412017167382,6.1463292576688975,0.0,0.0,0.0,3.0,0.0,0.0,0.0,0.0
b0282,0.0,0.0,0.0,0.0,0.0,0.0,0.0,0.0,0.0,0.0,0.0,0.0,0.0,0.48498012585080746,0.5294117647058824,0.0,0.0,0.0,0.0,0.0,0.0,0.0,0.0,0.0
b0283,107.0,29.605,8.0,8.0,0.9285714285714286,1.3576778063420978,86.0,21.791,6.0,4.0,0.4666666666666667,2.422965829016256,-0.06854212931099495,0.5270893168686464,0.6572327044025157,5.765191102784844,0.0,0.0,0.0,3.0,0.0,0.0,0.0,0.0
b0284,98.0,34.763,16.0,13.0,0.75,2.306049888290005,74.0,18.319,5.0,4.0,0.6,2.107435846012839,0.38021124171160603,0.5684745034737835,0.6653005464480874,6.597145701886651,0.0,1.0,1.0,5.0,0.0,0.0,4.0,1.0
b0285,91.0,32.692,16.0,13.0,0.7583333333333333,2.309940403183189,72.0,18.093,3.0,3.0,1.0,1.4748736241431348,-0.9100948885606021,0.5494655571657888,0.6540880503144654,5.765191102784844,0.0,1.0,1.0,5.0,0.0,0.0,4.0,1.0
b0286,77.0,31.286,18.0,13.0,0.6797385620915033,2.568416337281459,45.0,14.865,7.0,4.0,0.5238095238095238,2.675534640213981,-0.08407278830288423,0.5298068481591427,0.5807860262008734,5.438079308923196,0.0,1.0,1.0,5.0,0.0,0.0,4.0,1.0
b0287,132.0,31.35,0.0,0.0,0.0,0.0,101.0,20.773,0.0,0.0,0.0,0.0,2.2304744673611583,0.45922392857928007,0.39215686274509803,5.3230099791384085,3.0,0.0,0.0,2.0,0.0,1.0,0.0,0.0
b0288,221.0,48.735,0.0,0.0,0.0,0.0,202.0,41.916,0.0,0.0,0.0,0.0,0.0,0.4698906865282557,0.4954128440366973,4.700480365792417,0.0,0.0,0.0,1.0,0.0,0.0,0.0,0.0
b0289,70.0,25.349,5.0,5.0,1.0,1.7605312034046718,23.0,6.143,3.0,3.0,1.0,3.1198393801784623,0.456366033129043,0.5367487360077527,0.5720338983050848,5.4680601411351315,0.0,0.0,0.0,2.0,0.0,0.0,0.0,0.0
b0290,48.0,18.681,5.0,5.0,1.0,1.7605312034046718,17.0,4.331,3.0,3.0,1.0,3.1198393801784623,0.6875289612146344,0.5739772605803684,0.6252285191956124,6.306275286948016,0.0,0.0,0.0,2.0,0.0,0.0,0.0,0.0
b0291,90.0,30.364,6.0,5.0,0.7333333333333333,2.0913535770362817,57.0,13.957,3.0,3.0,1.0,3.1198393801784627,1.1464381352857747,0.5675067911226902,0.6325802615933412,6.7357800142423265,0.0,0.0,0.0,2.0,0.0,0.0,0.0,0.0
b0292,57.0,20.139,6.0,5.0,0.7333333333333333,2.0913535770362817,14.0,5.124,4.0,3.0,0.5,4.249586514342272,0.19865708695442263,0.5393287030974003,0.6396396396396397,5.407171771460119,0.0,0.0,0.0,2.0,0.0,0.0,0.0,0.0
b0293,75.0,28.08,10.0,5.0,0.3111111111111111,2.6121632367854195,8.0,3.655,1.0,1.0,0.0,1.3519964821660275,-0.4788619162959637,0.5739156934361971,0.5794871794871795,5.278114659230517,0.0,0.0,0.0,2.0,0.0,0.0,0.0,0.0
b0294,88.0,28.674,7.0,5.0,0.5238095238095238,2.1760944713306536,41.0,5.662,0.0,0.0,0.0,0.0,0.037426497940623665,0.5078921291828502,0.4387755102040816,5.2832037287379885,0.0,0.0,0.0,3.0,1.0,0.0,0.0,0.0
b0295,10.0,3.947,3.0,3.0,0.3333333333333333,1.15184209423698,8.0,1.518,0.0,0.0,0.0,0.0,0.608526033577194,0.4015525005599176,0.4533333333333333,4.330733340286331,0.0,0.0,0.0,1.0,0.0,0.0,0.0,0.0
b0296,321.0,122.967,59.0,56.0,0.9006428988895383,3.922487940049222,292.0,75.973,15.0,13.0,0.6952380952380952,2.354951819295725,2.45486009814405,0.5454164275834642,0.47126436781609193,4.477336814478207,0.0,0.0,0.0,4.0,0.0,0.0,1.0,1.0
b0297,0.0,0.0,0.0,0.0,0.0,0.0,0.0,0.0,0.0,0.0,0.0,0.0,0.0,0.0,0.0,5.69035945432406,0.0,0.0,0.0,2.0,0.0,0.0,0.0,0.0
b0298,122.0,30.258,2.0,2.0,0.0,1.1477420007636345,103.0,19.772,1.0,1.0,0.0,2.9922202274087373,-0.33441900898204685,0.5754876484667538,0.48484848484848486,4.605170185988092,0.0,0.0,0.0,2.0,0.0,0.0,0.0,0.0
b0299,24.0,8.245,2.0,2.0,0.0,1.2219250829207926,16.0,4.993,1.0,1.0,0.0,2.9922202274087373,0.0,0.5635178128774565,0.6180555555555556,5.666426688112432,0.0,0.0,0.0,2.0,0.0,0.0,0.0,0.0
b0300,0.0,0.0,0.0,0.0,0.0,0.0,0.0,0.0,0.0,0.0,0.0,0.0,0.0,0.0,0.0,5.480638923341991,0.0,0.0,0.0,2.0,0.0,0.0,0.0,0.0
b0301,129.0,28.683,4.0,3.0,0.5,1.6366982186918262,120.0,25.12,2.0,1.0,0.0,2.259059595234058,-0.2196826878598487,0.47567218465973055,0.43147208121827413,5.288267030694535,3.0,0.0,0.0,3.0,0.0,1.0,0.0,0.0
b0303,36.0,15.565,5.0,3.0,0.4,2.224168617326709,9.0,2.979,1.0,1.0,0.0,1.4182817083068882,-0.21538270736712464,0.4400136257291687,0.28205128205128205,4.3694478524670215,0.0,0.0,0.0,3.0,0.0,0.0,0.0,0.0
b0304,352.0,86.687,6.0,4.0,0.2,1.6666433686359616,302.0,53.293,3.0,2.0,0.0,2.160648709134359,1.0902580529313164,0.5172016727468686,0.41950113378684806,6.091309882077698,0.0,1.0,0.0,5.0,0.0,0.0,0.0,0.0
b0305,192.0,54.537,13.0,6.0,0.20512820512820512,3.4569968963925026,160.0,40.321,7.0,3.0,0.2857142857142857,5.125283307139664,-0.6179829574251315,0.46302239183347144,0.5105633802816901,5.652489180268651,0.0,0.0,0.0,4.0,0.0,0.0,0.0,0.0
b0306,146.0,44.133,2.0,2.0,1.0,0.9494657992624351,111.0,21.074,2.0,2.0,1.0,1.7330978465683264,0.34242268082220617,0.5497293827496448,0.5313807531380753,5.480638923341991,0.0,0.0,0.0,2.0,0.0,0.0,0.0,0.0
b0307,153.0,42.902,5.0,3.0,0.1,1.4957376043465054,122.0,26.897,4.0,2.0,0.16666666666666666,2.5712902289098407,0.9339931638312423,0.5626537095098565,0.4884210526315789,6.16541785423142,0.0,0.0,0.0,2.0,0.0,0.0,0.0,0.0
b0308,121.0,30.296,3.0,2.0,0.3333333333333333,1.1274316356664826,106.0,23.535,2.0,2.0,1.0,1.7330978465683264,1.0378247505883418,0.5584121310092157,0.5238095238095238,5.44673737166631,0.0,0.0,0.0,2.0,0.0,0.0,0.0,0.0
b0309,0.0,0.0,0.0,0.0,0.0,0.0,0.0,0.0,0.0,0.0,0.0,0.0,0.0,0.0,0.0,4.2626798770413155,0.0,0.0,0.0,1.0,0.0,0.0,0.0,0.0
b0310,28.0,10.871,2.0,2.0,1.0,1.1073588989453644,11.0,2.872,0.0,0.0,0.0,0.0,0.17897694729316943,0.5135327255315603,0.36936936936936937,5.407171771460119,2.0,0.0,0.0,1.0,0.0,1.0,0.0,0.0
b0311,208.0,53.9,8.0,5.0,0.21428571428571427,2.0313222596058518,165.0,29.111,3.0,3.0,1.0,2.5810862489767143,0.045322978786657475,0.6694451146559013,0.6510791366906474,6.322565239927284,0.0,1.0,2.0,5.0,0.0,1.0,3.0,1.0
b0312,160.0,37.663,4.0,3.0,0.5,1.381871380436013,133.0,21.971,4.0,3.0,0.5,3.1350648601987996,1.2151085810530933,0.6741032037249648,0.689795918367347,6.19644412779452,0.0,1.0,1.0,5.0,0.0,0.0,3.0,1.0
b0313,224.0,55.042,3.0,3.0,1.0,1.2064209640602759,157.0,33.229,3.0,3.0,1.0,2.5810862489767143,0.05690485133647256,0.5890069394726889,0.6461538461538462,5.278114659230517,0.0,0.0,0.0,4.0,0.0,0.0,0.0,0.0
b0314,118.0,29.685,4.0,3.0,0.5,1.4975778582073023,81.0,16.397,3.0,3.0,1.0,2.5810862489767143,0.4329692908744057,0.6075270642498379,0.7060561299852289,6.519147287940395,12.0,0.0,0.0,4.0,0.0,1.0,0.0,0.0
b0315,171.0,54.407,18.0,13.0,0.23529411764705882,3.0570378748685187,126.0,35.853,17.0,11.0,0.14705882352941177,4.102392711836219,0.10720996964786837,0.5965817220392097,0.4972375690607735,5.8944028342648505,0.0,1.0,1.0,5.0,0.0,0.0,0.0,0.0
b0316,167.0,42.217,4.0,4.0,0.3333333333333333,1.387745300574544,153.0,37.708,3.0,3.0,0.6666666666666666,1.858970896065356,-1.0506099933550872,0.618291699880888,0.5612903225806452,5.739792912179234,0.0,0.0,0.0,2.0,0.0,0.0,0.0,0.0
b0317,13.0,5.976,2.0,1.0,0.0,1.3916576010656845,10.0,3.529,0.0,0.0,0.0,0.0,0.0,0.502107327839837,0.5575757575757576,5.111987788356544,5.0,0.0,0.0,1.0,0.0,1.0,0.0,0.0
b0318,648.0,167.576,14.0,6.0,0.10989010989010989,2.9143968449259687,438.0,55.995,3.0,3.0,1.0,1.633845512633282,-0.7328282715969862,0.5428630189868765,0.4129353233830846,5.308267697401205,0.0,0.0,0.0,1.0,0.0,0.0,0.0,0.0
b0319,19.0,9.247,5.0,4.0,0.3,1.5048275326536908,10.0,4.407,3.0,3.0,1.0,1.633845512633282,-0.2924298239020636,0.5484432150381698,0.4634146341463415,5.662960480135946,0.0,0.0,0.0,1.0,0.0,0.0,0.0,0.0
b0320,216.0,64.435,10.0,6.0,0.3111111111111111,2.262693824450769,197.0,46.141,7.0,4.0,0.38095238095238093,2.8899067099844595,0.3138672203691533,0.6678710744477999,0.6621359223300971,6.246106765481563,0.0,0.0,0.0,2.0,0.0,0.0,0.0,0.0
b0321,171.0,48.76,8.0,6.0,0.35714285714285715,1.8663533330808146,167.0,41.035,6.0,4.0,0.4666666666666667,2.6128374442121722,0.10037054511756291,0.6774780698154745,0.7245762711864406,6.159095388491933,0.0,0.0,0.0,1.0,0.0,0.0,0.0,0.0
b0322,0.0,0.0,0.0,0.0,0.0,0.0,0.0,0.0,0.0,0.0,0.0,0.0,0.0,0.5072980203634225,0.5566037735849056,4.672828834461906,0.0,0.0,0.0,1.0,0.0,0.0,0.0,0.0
b0323,81.0,35.17,18.0,11.0,0.3660130718954248,2.9279902621470555,47.0,12.333,3.0,2.0,0.3333333333333333,1.9035875022075224,-0.08830984124613882,0.6506351261252882,0.6265822784810127,5.75890177387728,0.0,0.0,0.0,2.0,0.0,0.0,7.0,1.0
b0324,152.0,36.061,5.0,4.0,0.2,1.3054556381246663,134.0,27.022,1.0,1.0,0.0,0.9883044357131713,1.1792644643390253,0.6543027127486442,0.6760869565217391,6.133398042996649,0.0,0.0,0.0,2.0,0.0,0.0,0.0,0.0
b0325,177.0,55.789,13.0,8.0,0.4358974358974359,2.2927920970206235,142.0,23.862,0.0,0.0,0.0,0.0,3.0017380384297088,0.5839297107162693,0.5386819484240688,5.857933154483459,0.0,1.0,1.0,5.0,0.0,0.0,6.0,1.0
b0326,24.0,9.207,4.0,3.0,0.3333333333333333,1.2589693659759382,13.0,2.214,0.0,0.0,0.0,0.0,-0.0947439512515487,0.48829773613086747,0.3874538745387454,5.605802066295998,0.0,0.0,0.0,1.0,0.0,0.0,0.0,0.0
b0327,33.0,12.443,4.0,3.0,0.3333333333333333,1.9287101415446222,1.0,0.276,0.0,0.0,0.0,0.0,0.0,0.3774159584542015,0.49382716049382713,4.406719247264253,0.0,0.0,0.0,1.0,0.0,0.0,0.0,0.0
b0328,171.0,41.2,4.0,3.0,0.16666666666666666,2.117225354502243,156.0,31.734,0.0,0.0,0.0,0.0,0.0,0.4808384550786136,0.48878923766816146,5.4116460518550396,4.0,0.0,0.0,2.0,0.0,1.0,0.0,0.0
b0329,142.0,48.196,4.0,4.0,0.6666666666666666,1.1254111625429704,105.0,25.501,0.0,0.0,0.0,0.0,3.3257229094764558,0.5484662046495626,0.4175824175824176,4.5217885770490405,0.0,0.0,0.0,2.0,0.0,0.0,0.0,0.0
b0330,163.0,40.829,3.0,3.0,0.3333333333333333,0.7580719939084026,119.0,20.685,1.0,1.0,0.0,0.756926470397672,0.6190933306267428,0.5954493467810346,0.5890151515151515,6.270988431858299,0.0,0.0,0.0,4.0,0.0,0.0,0.0,0.0
b0331,218.0,71.403,35.0,23.0,0.5378151260504201,4.309634626437462,154.0,28.211,3.0,3.0,1.0,2.2727659846486623,1.9948008992946038,0.6440197381054981,0.6317567567567568,5.6937321388027,0.0,1.0,1.0,5.0,0.0,0.0,4.0,0.0
b0333,426.0,139.303,34.0,19.0,0.42780748663101603,3.8949995112837326,360.0,65.108,5.0,3.0,0.4,3.129858583280724,1.8814417219413933,0.6594995888451721,0.6555269922879178,5.966146739123692,0.0,0.0,2.0,5.0,0.0,0.0,9.0,1.0
b0334,111.0,29.081,5.0,4.0,0.6,0.9972875268290528,100.0,22.82,3.0,3.0,1.0,2.2727659846486623,2.1106233752333305,0.6442668111778204,0.6873706004140787,6.182084906716632,0.0,0.0,2.0,5.0,0.0,0.0,4.0,0.0
b0335,311.0,88.738,19.0,15.0,0.7076023391812866,2.4259869427511305,260.0,46.376,3.0,3.0,1.0,2.2727659846486623,-0.707743928643524,0.6283069473874615,0.6799363057324841,6.444131256700441,0.0,0.0,1.0,2.0,0.0,0.0,2.0,0.0
b0336,169.0,46.807,9.0,9.0,0.9722222222222222,1.4060574943518995,145.0,35.942,8.0,8.0,0.9642857142857143,2.749551023595066,0.670245853074124,0.5359763240126117,0.6085918854415274,6.040254711277414,12.0,0.0,0.0,3.0,0.0,1.0,0.0,0.0
b0337,182.0,60.728,24.0,14.0,0.36231884057971014,3.604425029933677,150.0,31.358,9.0,8.0,0.8611111111111112,3.0327804163117205,2.570554614307831,0.6137420597213009,0.6018735362997658,6.059123195581797,0.0,1.0,2.0,5.0,0.0,0.0,4.0,1.0
b0338,176.0,45.791,5.0,4.0,0.3,1.879449290955528,140.0,31.228,2.0,2.0,0.0,1.857638788017192,-0.15552282425431863,0.5017656402896368,0.5886287625418061,5.703782474656201,0.0,0.0,0.0,3.0,1.0,0.0,0.0,0.0
b0339,179.0,41.656,5.0,4.0,0.5,1.9001530312516626,162.0,33.575,3.0,2.0,0.0,3.0935865998752203,-0.5044556624535516,0.536894213739469,0.5981735159817352,5.393627546352362,0.0,1.0,1.0,4.0,0.0,0.0,2.0,0.0
b0340,121.0,30.939,7.0,4.0,0.3333333333333333,2.0988575034489445,91.0,18.231,2.0,1.0,0.0,2.5640745580885462,-0.23807216157947098,0.6001712483622607,0.5448717948717948,5.056245805348308,0.0,0.0,1.0,4.0,0.0,0.0,2.0,0.0
b0341,159.0,35.675,4.0,3.0,0.5,1.8015933112113347,146.0,31.495,2.0,1.0,0.0,2.9575789183896837,0.38021124171160603,0.5188970532208507,0.65625,5.953243334287785,12.0,0.0,0.0,3.0,0.0,1.0,0.0,0.0
b0342,77.0,20.31,3.0,3.0,1.0,0.8622589300664237,59.0,11.87,2.0,2.0,1.0,2.9922202274087373,1.314077991779213,0.5111279848817798,0.43842364532019706,5.318119993844216,0.0,0.0,1.0,5.0,1.0,0.0,0.0,0.0
b0343,278.0,78.745,15.0,7.0,0.09523809523809523,3.558072558457023,195.0,37.216,2.0,2.0,1.0,2.9922202274087373,1.451939869365103,0.593655683865616,0.539568345323741,6.035481432524756,12.0,0.0,0.0,5.0,0.0,1.0,0.0,0.0
b0344,859.0,283.152,52.0,16.0,0.12066365007541478,7.072118322503522,283.0,45.818,2.0,2.0,1.0,2.9922202274087373,2.419972261274,0.6267329873936675,0.6318359375,6.932447891572509,0.0,1.0,1.0,5.0,0.0,0.0,4.0,0.0
b0345,386.0,112.504,9.0,7.0,0.2222222222222222,1.7982093645312258,210.0,35.36,0.0,0.0,0.0,0.0,2.3324586591892027,0.590385436976062,0.6222222222222222,5.8888779583328805,0.0,0.0,0.0,5.0,0.0,0.0,0.0,0.0
b0346,213.0,58.55,9.0,7.0,0.4722222222222222,1.869315740589472,182.0,48.116,5.0,4.0,0.3,2.3726703637561255,1.2789821168654432,0.5745848109185236,0.5956678700361011,5.627621113690637,0.0,0.0,0.0,2.0,0.0,0.0,0.0,0.0
b0347,169.0,46.314,8.0,7.0,0.6428571428571429,1.8094114417204363,149.0,31.008,5.0,5.0,1.0,2.306515248449404,-0.06905096883247698,0.6571776066139612,0.6498194945848376,6.318968113746434,0.0,1.0,1.0,4.0,0.0,0.0,4.0,0.0
b0348,112.0,35.184,10.0,7.0,0.6222222222222222,2.1831926192330293,94.0,23.473,9.0,6.0,0.6666666666666666,3.886528373806568,0.0,0.5437610953884457,0.643312101910828,5.752572638825633,0.0,0.0,1.0,5.0,0.0,0.0,4.0,0.0
b0349,156.0,41.854,9.0,7.0,0.75,1.930609846286483,137.0,26.629,9.0,6.0,0.6666666666666666,3.886528373806568,0.3074960379132129,0.6782245761118628,0.6145833333333334,5.666426688112432,0.0,0.0,1.0,5.0,0.0,0.0,4.0,0.0
b0350,96.0,31.458,10.0,7.0,0.5111111111111111,2.2064344572658094,77.0,20.884,10.0,6.0,0.4666666666666667,4.617267838035562,0.021189299069938092,0.5941797561862988,0.5539033457249071,5.598421958998375,0.0,1.0,1.0,4.0,0.0,0.0,7.0,0.0
b0351,136.0,64.698,43.0,23.0,0.38870431893687707,5.617135403762271,67.0,14.785,7.0,6.0,0.9047619047619048,3.093677095355585,0.4623979978989561,0.610723481160343,0.569620253164557,5.75890177387728,0.0,0.0,1.0,4.0,0.0,0.0,9.0,0.0
b0352,224.0,66.377,13.0,7.0,0.32051282051282054,2.351897549377441,207.0,42.393,10.0,6.0,0.4888888888888889,4.1748390030216,1.1734776434529945,0.6201492665735163,0.6231454005934718,5.823045895483019,0.0,0.0,1.0,4.0,0.0,0.0,7.0,0.0
b0353,117.0,33.397,4.0,3.0,0.0,1.7810713199824577,106.0,24.105,2.0,1.0,0.0,2.235247752000481,0.0,0.45699120587510184,0.6129032258064516,6.0014148779611505,12.0,0.0,0.0,5.0,0.0,1.0,0.0,0.0
b0354,205.0,46.338,3.0,3.0,0.0,1.1896785977323716,195.0,42.25,1.0,1.0,0.0,1.0723743066783564,1.8035253955765325,0.5812366575454014,0.5363128491620112,5.19295685089021,0.0,0.0,0.0,2.0,0.0,0.0,0.0,0.0
b0355,94.0,25.953,6.0,5.0,0.5333333333333333,1.2366335476915855,65.0,12.589,2.0,2.0,1.0,2.944059113344015,0.6901960800285136,0.6070703731776125,0.5270758122743683,5.627621113690637,0.0,0.0,1.0,4.0,0.0,0.0,4.0,0.0
b0356,236.0,62.658,10.0,7.0,0.5111111111111111,1.871947657147544,190.0,28.581,3.0,2.0,0.3333333333333333,4.387286075222842,2.1818721590103336,0.6494306701732122,0.5555555555555556,5.91350300563827,0.0,1.0,3.0,5.0,1.0,0.0,12.0,1.0
b0357,155.0,38.048,3.0,3.0,0.3333333333333333,0.7904388528331194,125.0,26.005,2.0,2.0,1.0,2.944059113344015,2.1106233752333305,0.49196758114800165,0.5054945054945055,4.5217885770490405,0.0,0.0,0.0,5.0,1.0,0.0,0.0,0.0
b0358,48.0,15.398,1.0,1.0,0.0,0.9951924520630044,5.0,1.254,0.0,0.0,0.0,0.0,-0.6946486305533762,0.6020148337299737,0.5019455252918288,5.552959584921617,0.0,0.0,0.0,2.0,0.0,1.0,0.0,0.0
b0360,73.0,23.656,7.0,7.0,0.42857142857142855,2.0301345850600856,57.0,14.677,7.0,6.0,0.42857142857142855,2.8811268229077274,-0.18111458540599013,0.4483568406013054,0.5371900826446281,4.804021044733257,0.0,0.0,0.0,2.0,0.0,0.0,0.0,0.0
b0361,69.0,24.915,10.0,7.0,0.6444444444444445,2.6912295345146546,60.0,16.948,8.0,6.0,0.6071428571428571,3.214295164735257,0.45788189673399227,0.4857417400853809,0.5614617940199336,5.71042701737487,0.0,0.0,0.0,2.0,0.0,0.0,0.0,0.0
b0363,188.0,47.768,1.0,1.0,0.0,0.6120063068161361,166.0,31.759,0.0,0.0,0.0,0.0,-0.09258863922541381,0.5314090865560557,0.5251256281407035,5.988961416889864,0.0,0.0,1.0,2.0,0.0,0.0,0.0,0.0
b0364,199.0,45.553,0.0,0.0,0.0,0.0,162.0,33.073,0.0,0.0,0.0,0.0,-0.790484985457369,0.4774951414579878,0.3675675675675676,5.225746673713202,0.0,0.0,1.0,1.0,0.0,0.0,0.0,0.0
b0365,344.0,140.882,9.0,8.0,0.6666666666666666,1.755744868481505,190.0,34.323,7.0,6.0,0.8571428571428571,2.5767080139147787,0.3873898263387294,0.6095834654160484,0.64375,5.771441123130016,0.0,0.0,0.0,3.0,0.0,0.0,2.0,0.0
b0366,316.0,136.18,13.0,9.0,0.2948717948717949,2.161024562155896,228.0,40.513,8.0,6.0,0.32142857142857145,2.66012750500698,-0.018634490921455603,0.6102797704894488,0.6196078431372549,5.545177444479562,0.0,0.0,1.0,4.0,0.0,1.0,2.0,0.0
b0367,285.0,128.319,9.0,7.0,0.5555555555555556,2.3609270263461117,170.0,26.255,6.0,6.0,0.8666666666666667,2.2536492399188206,-0.35066514128785814,0.5677036060469283,0.6363636363636364,5.62040086571715,7.0,0.0,0.0,3.0,0.0,1.0,2.0,0.0
b0368,188.0,51.542,16.0,9.0,0.39166666666666666,2.7125860026852853,172.0,37.565,7.0,6.0,0.8571428571428571,2.5767080139147787,-0.14266750356873156,0.6262300106000904,0.5865724381625441,5.648974238161206,0.0,1.0,1.0,5.0,0.0,0.0,2.0,0.0
b0369,279.0,74.086,13.0,8.0,0.48717948717948717,2.336461720155371,226.0,36.526,6.0,4.0,0.5333333333333333,2.7313566531734437,2.2764847821093834,0.5991587373444531,0.5771604938271605,5.783825182329737,0.0,1.0,1.0,5.0,0.0,0.0,5.0,1.0
b0372,27.0,10.354,4.0,3.0,0.5,2.7327910567307643,18.0,7.217,4.0,3.0,0.5,4.565449418536799,0.0,0.5635178128774565,0.6180555555555556,5.666426688112432,0.0,0.0,0.0,2.0,0.0,0.0,0.0,0.0
b0373,116.0,30.031,1.0,1.0,0.0,0.9599094888005562,105.0,20.284,1.0,1.0,0.0,1.4189910362806764,-0.33441900898204685,0.5754876484667538,0.48484848484848486,4.605170185988092,0.0,0.0,0.0,2.0,0.0,0.0,0.0,0.0
b0375,93.0,24.845,1.0,1.0,0.0,0.8278203019376471,69.0,8.979,0.0,0.0,0.0,0.0,-0.4089353929735008,0.4835748922037319,0.36231884057971014,5.337538079701318,0.0,0.0,0.0,2.0,0.0,0.0,0.0,0.0
b0376,281.0,73.842,11.0,9.0,0.6545454545454545,1.9001972583274955,234.0,48.456,0.0,0.0,0.0,0.0,0.6919651027673603,0.5992130939769359,0.612987012987013,5.955837369464831,0.0,0.0,1.0,5.0,0.0,1.0,0.0,0.0
b0377,145.0,32.327,3.0,2.0,0.3333333333333333,1.8729113133301438,136.0,27.344,1.0,1.0,0.0,2.9922202274087373,-0.11861534322942717,0.5926632370610225,0.6379310344827587,6.008813185442595,7.0,0.0,0.0,5.0,0.0,1.0,0.0,0.0
b0378,222.0,52.704,1.0,1.0,0.0,0.912398497849932,201.0,42.042,1.0,1.0,0.0,2.9922202274087373,0.7489628612561614,0.5541819959109782,0.5851648351648352,5.8998973535824915,0.0,0.0,0.0,2.0,0.0,0.0,0.0,0.0
b0379,13.0,3.808,0.0,0.0,0.0,0.0,10.0,2.601,0.0,0.0,0.0,0.0,0.0,0.5628639554572266,0.5784313725490197,4.634728988229636,2.0,0.0,0.0,2.0,0.0,1.0,0.0,0.0
b0380,42.0,12.243,2.0,2.0,0.0,0.9746359119080765,24.0,5.269,0.0,0.0,0.0,0.0,0.11727129565576427,0.6148060782084934,0.5285714285714286,4.2626798770413155,2.0,0.0,0.0,2.0,0.0,1.0,0.0,0.0
b0381,302.0,75.149,13.0,11.0,0.7948717948717948,1.8200076538005276,264.0,51.976,3.0,3.0,1.0,1.1804331623226378,2.1903597162653243,0.5989985681068315,0.5412087912087912,5.8998973535824915,0.0,1.0,1.0,4.0,1.0,0.0,4.0,1.0
b0382,63.0,18.553,4.0,4.0,1.0,1.0869465574056387,25.0,2.614,0.0,0.0,0.0,0.0,2.6946139724708447,0.4844315177627428,0.5465116279069767,4.465908118654584,0.0,0.0,0.0,4.0,1.0,0.0,0.0,0.0
b0383,349.0,108.361,29.0,12.0,0.13793103448275862,4.055577486501407,212.0,39.741,0.0,0.0,0.0,0.0,1.66661156841903,0.5519957570792715,0.5116772823779193,6.156978985585555,0.0,1.0,1.0,5.0,0.0,0.0,5.0,1.0
b0384,406.0,107.322,2.0,2.0,0.0,0.6679023218890066,397.0,102.478,1.0,1.0,0.0,0.7360982227369576,1.8633823484407877,0.5386288593366115,0.5188679245283019,4.672828834461906,0.0,0.0,0.0,2.0,0.0,0.0,0.0,0.0
b0385,207.0,69.763,21.0,13.0,0.1523809523809524,3.33863929095363,167.0,45.154,13.0,11.0,0.10256410256410256,3.065986806232817,-1.2518119729937995,0.5442739744285883,0.5983827493261455,5.918893854273146,5.0,1.0,1.0,4.0,0.0,1.0,1.0,0.0
b0386,416.0,103.436,6.0,5.0,0.2,1.2217062969402557,356.0,57.836,4.0,2.0,0.16666666666666666,2.9393901396286015,2.495558212547868,0.5901833509287321,0.5910780669144982,5.598421958998375,0.0,0.0,1.0,4.0,1.0,0.0,4.0,0.0
b0387,165.0,36.639,3.0,2.0,0.3333333333333333,1.924446023502676,147.0,28.944,0.0,0.0,0.0,0.0,2.357953894586339,0.5743900652433532,0.5657894736842105,5.030437921392435,0.0,0.0,0.0,2.0,0.0,0.0,0.0,0.0
b0388,247.0,72.81,22.0,13.0,0.5151515151515151,3.2626348788584494,220.0,43.766,7.0,5.0,0.47619047619047616,3.4842958479000696,1.9117433778559316,0.5326635737911298,0.5172413793103449,5.1647859739235145,0.0,1.0,1.0,5.0,1.0,0.0,4.0,0.0
b0389,80.0,22.927,1.0,1.0,0.0,0.9767555025238468,53.0,7.149,0.0,0.0,0.0,0.0,2.4014177743476224,0.499964051429627,0.4444444444444444,4.1588830833596715,0.0,0.0,0.0,1.0,0.0,0.0,0.0,0.0
b0390,310.0,78.048,6.0,4.0,0.2,1.728125756181582,299.0,73.939,5.0,3.0,0.3,2.917462517615805,2.0719188103638064,0.5261220489856623,0.48,5.420534999272286,0.0,0.0,0.0,2.0,0.0,0.0,0.0,0.0
b0391,161.0,62.187,38.0,14.0,0.3669985775248933,5.109775041794296,104.0,20.982,2.0,2.0,1.0,1.3690465064875799,2.765676004000134,0.6304184902470372,0.5851063829787234,4.553876891600541,0.0,0.0,2.0,5.0,0.0,0.0,5.0,1.0
b0392,0.0,0.0,0.0,0.0,0.0,0.0,0.0,0.0,0.0,0.0,0.0,0.0,0.0,0.0,0.0,4.543294782270004,0.0,0.0,0.0,1.0,0.0,0.0,0.0,0.0
b0393,285.0,71.62,5.0,5.0,0.8,0.9184477258411484,254.0,53.915,0.0,0.0,0.0,0.0,2.2966871237724016,0.6384014425810882,0.5874587458745875,5.717027701406222,0.0,0.0,0.0,4.0,1.0,0.0,0.0,0.0
b0394,133.0,44.677,21.0,10.0,0.2904761904761905,3.4682487729212217,113.0,17.995,1.0,1.0,0.0,1.2934161102086934,2.170291058625393,0.5724629308153153,0.5629139072847682,5.713732805509369,0.0,0.0,1.0,4.0,0.0,0.0,6.0,0.0
b0396,107.0,25.929,1.0,1.0,0.0,0.6050873743362167,70.0,15.072,0.0,0.0,0.0,0.0,-1.00436480540245,0.4972835387118618,0.5710659898477157,5.978885764901122,12.0,0.0,0.0,3.0,0.0,1.0,0.0,0.0
b0397,277.0,80.822,20.0,15.0,0.6368421052631579,2.563508719125668,239.0,41.814,1.0,1.0,0.0,2.9922202274087373,1.6425634371043878,0.5904122692289744,0.5734732824427481,6.955592608396297,0.0,0.0,0.0,5.0,0.0,0.0,0.0,0.0
b0398,284.0,83.36,19.0,14.0,0.52046783625731,2.5669988172090723,233.0,39.544,1.0,1.0,0.0,2.9922202274087373,-0.2749054789185309,0.5981460609548171,0.56,5.993961427306569,0.0,0.0,0.0,4.0,0.0,0.0,0.0,0.0
b0399,331.0,100.236,22.0,11.0,0.16883116883116883,3.405723762136978,254.0,50.76,3.0,3.0,0.0,1.7016330225593603,1.3119656603683663,0.6100979382397771,0.6157205240174672,5.438079308923196,0.0,0.0,0.0,4.0,1.0,0.0,1.0,0.0
b0400,366.0,105.516,17.0,10.0,0.18382352941176472,2.738054025990268,299.0,62.728,3.0,3.0,0.0,1.704257629120558,1.104145550554008,0.5962180451463525,0.5893271461716937,6.068425588244111,2.0,0.0,1.0,5.0,0.0,1.0,1.0,0.0
b0401,184.0,43.26,1.0,1.0,0.0,2.4962556165751373,119.0,22.025,1.0,1.0,0.0,2.9922202274087373,0.7611758131557314,0.5816090767046637,0.6127562642369021,6.0867747269123065,12.0,0.0,0.0,5.0,0.0,1.0,0.0,0.0
b0402,56.0,14.904,1.0,1.0,0.0,2.4962556165751373,28.0,4.992,1.0,1.0,0.0,2.9922202274087373,-0.09854167860388763,0.6219616403726893,0.6608315098468271,6.126869184114185,12.0,0.0,0.0,3.0,0.0,1.0,0.0,0.0
b0403,231.0,67.702,14.0,10.0,0.2857142857142857,2.2771980190003536,201.0,42.441,3.0,3.0,1.0,1.4668107645085893,-0.015472686656207449,0.6190738406049813,0.5761589403973509,6.405228458030842,0.0,0.0,1.0,4.0,1.0,0.0,4.0,0.0
b0404,216.0,51.987,6.0,5.0,0.3333333333333333,1.34030977627612,187.0,38.483,0.0,0.0,0.0,0.0,0.28555730900777376,0.5650741326633524,0.5958549222797928,5.267858159063328,0.0,0.0,1.0,3.0,0.0,0.0,2.0,1.0
b0405,304.0,82.831,10.0,8.0,0.4222222222222222,1.7860834775475363,277.0,59.695,3.0,3.0,0.3333333333333333,1.8933530378147019,1.2229764498933913,0.6235212739039633,0.6067415730337079,5.877735781779639,0.0,0.0,1.0,5.0,1.0,0.0,0.0,0.0
b0406,404.0,115.516,12.0,8.0,0.3181818181818182,2.0230641730103445,396.0,99.528,5.0,3.0,0.3,2.8918133260435375,1.6375897858386999,0.6525909934107796,0.5493333333333333,5.929589143389895,0.0,1.0,1.0,5.0,0.0,0.0,0.0,0.0
b0407,490.0,136.805,16.0,12.0,0.5833333333333334,1.7690395279759938,451.0,101.168,4.0,3.0,0.5,2.0170571663292787,3.086363390450994,0.6509669850120041,0.5636363636363636,4.709530201312334,1.0,0.0,0.0,3.0,0.0,1.0,3.0,1.0
b0408,562.0,159.62,17.0,12.0,0.4632352941176471,1.9212765639155036,536.0,130.057,5.0,3.0,0.3,2.7477532112092775,2.1461590556048185,0.6317483979526844,0.6016260162601627,6.423246963533519,5.0,0.0,0.0,5.0,0.0,1.0,2.0,1.0
b0409,329.0,84.987,11.0,9.0,0.7272727272727273,1.3832326214370598,315.0,71.752,3.0,3.0,1.0,1.8387548177676583,1.8585973449946924,0.5759144648355095,0.6037151702786377,5.780743515792329,6.0,0.0,0.0,5.0,0.0,1.0,2.0,1.0
b0410,203.0,45.694,2.0,2.0,0.0,0.8491370963941746,193.0,40.265,0.0,0.0,0.0,0.0,2.5786506687742077,0.6378334668345204,0.5478260869565217,4.7535901911063645,0.0,0.0,1.0,2.0,0.0,0.0,0.0,0.0
b0411,369.0,103.603,19.0,12.0,0.24561403508771928,3.22981362668969,319.0,70.048,2.0,2.0,1.0,1.748818854679121,2.3010517098452263,0.6645731490780512,0.6258503401360545,5.68697535633982,0.0,0.0,0.0,4.0,0.0,1.0,0.0,0.0
b0412,48.0,14.752,2.0,2.0,0.0,1.1485087768473585,25.0,6.479,0.0,0.0,0.0,0.0,0.7649229846498884,0.5217703799281395,0.5083798882681564,5.19295685089021,0.0,0.0,0.0,2.0,0.0,1.0,0.0,0.0
b0413,311.0,78.794,11.0,9.0,0.2,1.9223315549343727,266.0,47.319,5.0,4.0,0.6,2.563958878433715,2.08639542712425,0.6779202355519408,0.5838926174496645,5.0106352940962555,0.0,1.0,0.0,3.0,0.0,0.0,0.0,0.0
b0414,1007.0,285.886,20.0,10.0,0.21052631578947367,3.1518494138625983,916.0,182.711,8.0,4.0,0.4642857142857143,4.189286479274835,1.7194141597025934,0.5625168258487878,0.5449591280653951,5.908082938168931,0.0,1.0,2.0,5.0,0.0,0.0,5.0,1.0
b0415,408.0,115.309,17.0,10.0,0.19852941176470587,2.559054176241383,363.0,82.64,13.0,4.0,0.1794871794871795,5.416590628295603,3.2041226969879544,0.60026725303047,0.5,5.056245805348308,0.0,0.0,1.0,4.0,0.0,0.0,4.0,1.0
b0416,366.0,104.51,16.0,11.0,0.49166666666666664,1.748724741407387,346.0,83.96,4.0,4.0,1.0,2.1812623274318996,2.53149169022153,0.5975671726351715,0.5971223021582733,4.941642422609304,0.0,0.0,0.0,4.0,0.0,0.0,0.0,0.0
b0417,260.0,76.157,18.0,9.0,0.23529411764705882,2.8484120691128174,225.0,46.524,6.0,4.0,0.4,3.485663188936369,1.7251763014191372,0.5463248047234629,0.5538461538461539,5.786897381366708,0.0,0.0,1.0,5.0,0.0,0.0,3.0,1.0
b0418,238.0,60.369,10.0,9.0,0.6666666666666666,1.9355645504518173,209.0,40.291,1.0,1.0,0.0,0.9437887648053374,1.0722498976135149,0.5938837145441882,0.6511627906976745,5.153291594497779,3.0,1.0,1.0,5.0,0.0,1.0,2.0,0.0
b0419,234.0,61.608,2.0,2.0,0.0,0.6762096633690974,185.0,35.306,0.0,0.0,0.0,0.0,2.3891838103081646,0.586606623651185,0.5401234567901234,5.783825182329737,0.0,0.0,1.0,4.0,0.0,0.0,0.0,0.0
b0420,374.0,100.33,15.0,10.0,0.3523809523809524,2.6754068423269097,311.0,52.422,8.0,5.0,0.39285714285714285,3.25231605754662,1.77604707118178,0.663876323308849,0.6129032258064516,6.431331081933479,0.0,1.0,1.0,5.0,0.0,0.0,4.0,1.0
b0421,418.0,109.103,12.0,10.0,0.5757575757575758,2.110515312972965,395.0,88.011,3.0,2.0,0.3333333333333333,1.5664146375856167,1.8306528137974245,0.5117175262471482,0.5384615384615384,5.703782474656201,0.0,1.0,1.0,4.0,1.0,0.0,3.0,0.0
b0422,338.0,82.728,3.0,3.0,0.3333333333333333,0.8252417638524083,299.0,59.31,3.0,2.0,0.3333333333333333,1.8090020595149856,2.4329853162053756,0.6375086699818293,0.6125,4.394449154672439,0.0,1.0,1.0,5.0,1.0,0.0,1.0,0.0
b0423,620.0,183.033,28.0,8.0,0.20634920634920634,4.9001844723717065,579.0,117.195,2.0,2.0,0.0,1.6916061230340875,1.759743367597725,0.7172474938651637,0.6307053941908713,6.180016653652572,0.0,0.0,1.0,5.0,1.0,0.0,4.0,1.0
b0424,228.0,74.668,16.0,12.0,0.325,1.8617439459235041,182.0,29.174,1.0,1.0,0.0,2.9922202274087373,2.136752266326663,0.6255565767430158,0.6173469387755102,5.2832037287379885,0.0,0.0,3.0,5.0,0.0,0.0,0.0,0.0
b0425,269.0,62.678,6.0,6.0,0.4666666666666667,1.1557887021058884,230.0,45.078,1.0,1.0,0.0,2.9922202274087373,0.7176705030022621,0.5830673827879065,0.5643564356435643,5.717027701406222,0.0,0.0,1.0,5.0,1.0,0.0,4.0,1.0
b0426,177.0,40.228,0.0,0.0,0.0,0.0,137.0,25.784,0.0,0.0,0.0,0.0,3.1034650444175633,0.7129374841878616,0.6012269938650306,5.099866427824199,0.0,0.0,0.0,5.0,0.0,0.0,0.0,0.0
b0427,207.0,52.036,3.0,3.0,1.0,0.959714819365697,175.0,34.491,0.0,0.0,0.0,0.0,-0.7594507517174003,0.5620500476759005,0.5991189427312775,6.12029741895095,11.0,0.0,0.0,2.0,0.0,1.0,0.0,0.0
b0428,212.0,56.608,8.0,8.0,0.75,1.253540001180394,180.0,37.935,4.0,4.0,1.0,1.3422330366654887,0.0004340774793185929,0.5603422647177021,0.6858108108108109,5.6937321388027,7.0,0.0,1.0,4.0,0.0,1.0,5.0,1.0
b0429,135.0,47.0,17.0,11.0,0.5735294117647058,2.325519433422542,102.0,26.268,7.0,6.0,0.8095238095238095,2.0703155298551237,1.2255677134394711,0.6349890434452802,0.6788990825688074,4.700480365792417,3.0,0.0,0.0,5.0,0.0,1.0,2.0,1.0
b0430,205.0,73.482,30.0,15.0,0.4735632183908046,3.622955944788084,169.0,38.945,12.0,9.0,0.5454545454545454,3.0343642475059194,0.9754318085092629,0.661565052139689,0.7009803921568627,5.3230099791384085,5.0,0.0,0.0,5.0,0.0,1.0,2.0,1.0
b0431,278.0,92.083,31.0,15.0,0.4645161290322581,3.6904026569159822,207.0,46.59,14.0,9.0,0.5274725274725275,3.532682467276538,2.0531168749229303,0.6476040785230937,0.6802413273001509,6.498282149476434,15.0,1.0,1.0,5.0,0.0,1.0,2.0,1.0
b0432,342.0,107.511,29.0,15.0,0.4605911330049261,3.5405289661372032,256.0,50.145,12.0,9.0,0.5454545454545454,3.0044283914204075,2.4232622620986146,0.571079856682953,0.6285714285714286,5.755742213586912,2.0,0.0,0.0,5.0,0.0,1.0,2.0,1.0
b0433,258.0,71.026,20.0,8.0,0.23684210526315788,4.093235201068164,222.0,44.078,2.0,1.0,0.0,1.707939537451182,-0.35556141053216145,0.4947276733465354,0.5824847250509165,6.198478716492308,10.0,0.0,0.0,5.0,0.0,1.0,1.0,0.0
b0434,77.0,19.63,1.0,1.0,0.0,0.5492121287650552,50.0,9.173,1.0,1.0,0.0,1.1755239305001843,2.6263506342627134,0.6981939913696691,0.609375,5.262690188904886,0.0,0.0,0.0,2.0,0.0,1.0,0.0,0.0
b0435,363.0,99.756,8.0,6.0,0.17857142857142858,1.649456515760168,308.0,66.269,2.0,2.0,0.0,1.1741886516060092,2.394469192347434,0.5642735689951827,0.45714285714285713,4.663439094112067,0.0,0.0,0.0,3.0,0.0,0.0,0.0,0.0
b0436,674.0,276.483,119.0,61.0,0.487252528129896,8.617937263265041,614.0,195.429,69.0,50.0,0.6947996589940324,7.0143996461838345,3.4358459579700935,0.65273186964217,0.5416666666666666,6.07073772800249,0.0,0.0,1.0,5.0,1.0,0.0,0.0,0.0
b0437,678.0,208.026,28.0,15.0,0.4021164021164021,3.2401557087763724,549.0,95.714,6.0,4.0,0.3333333333333333,2.2260690525217313,2.9694205721410203,0.6558423516504098,0.5700483091787439,5.337538079701318,0.0,0.0,1.0,5.0,1.0,0.0,0.0,0.0
b0438,580.0,177.536,32.0,15.0,0.2762096774193548,3.950430127577478,469.0,87.603,7.0,4.0,0.09523809523809523,2.55719422786396,2.8286663400258267,0.6764203449490623,0.5566037735849056,6.052089168924417,0.0,1.0,0.0,5.0,0.0,0.0,0.0,0.0
b0439,474.0,144.794,32.0,15.0,0.3024193548387097,4.223507107319465,358.0,68.561,13.0,8.0,0.5512820512820513,4.846531142954672,2.645432094904955,0.6691144302978865,0.5816326530612245,6.665683717782408,0.0,0.0,1.0,5.0,1.0,0.0,0.0,0.0
b0440,295.0,86.653,8.0,7.0,0.42857142857142855,1.4857852447107867,237.0,42.795,1.0,1.0,0.0,0.7658244001018815,3.9495368611827675,0.49295356824993175,0.37777777777777777,4.51085950651685,0.0,0.0,0.0,5.0,0.0,0.0,0.0,0.0
b0441,506.0,138.21,14.0,11.0,0.38461538461538464,1.8705863129124518,473.0,111.86,1.0,1.0,0.0,0.752940941060278,2.600983780123834,0.6795363967229512,0.6003210272873194,6.436150368369428,1.0,0.0,0.0,5.0,0.0,1.0,0.0,0.0
b0442,282.0,63.535,4.0,3.0,0.0,1.2630457336293752,266.0,53.788,1.0,1.0,0.0,2.9922202274087373,-1.4685210829577449,0.6013106614339704,0.5447154471544715,4.820281565605037,0.0,0.0,0.0,2.0,0.0,0.0,0.0,0.0
b0443,253.0,63.742,11.0,8.0,0.45454545454545453,2.0770637577871045,233.0,42.73,1.0,1.0,0.0,2.9922202274087373,2.1673468775856355,0.5634191400615168,0.5378787878787878,4.890349128221754,0.0,0.0,1.0,5.0,0.0,0.0,0.0,0.0
b0444,198.0,49.413,9.0,8.0,0.6944444444444444,1.8738538477941145,162.0,31.522,3.0,3.0,1.0,2.985354450182474,1.7292458072253067,0.6309031758239486,0.5541125541125541,5.44673737166631,0.0,1.0,1.0,4.0,0.0,0.0,2.0,1.0
b0445,303.0,71.111,2.0,2.0,0.0,1.0171273142790929,303.0,72.328,2.0,1.0,0.0,2.746603709962029,-0.22402566887063094,0.5510106338520868,0.5441696113074205,6.340359303727752,0.0,0.0,0.0,1.0,0.0,0.0,0.0,0.0
b0446,183.0,39.289,2.0,2.0,0.0,0.9283280907360086,166.0,34.39,2.0,1.0,0.0,1.6353048820378076,0.0,0.5496861549129921,0.5514705882352942,5.60947179518496,0.0,1.0,1.0,5.0,0.0,0.0,0.0,0.0
b0447,154.0,41.404,5.0,4.0,0.1,1.668427149889044,121.0,22.315,3.0,2.0,0.3333333333333333,1.8710338612875421,0.5502283530550941,0.5960692164378025,0.6381578947368421,5.030437921392435,0.0,0.0,0.0,3.0,0.0,0.0,0.0,0.0
b0448,341.0,84.453,9.0,8.0,0.3333333333333333,1.5443855397945314,291.0,60.091,9.0,6.0,0.1388888888888889,3.2130035045000507,0.4065401804339551,0.6074843941891833,0.5949152542372881,6.3818160174060985,6.0,0.0,1.0,3.0,0.0,1.0,1.0,0.0
b0449,370.0,93.224,12.0,9.0,0.13636363636363635,2.0332771841630546,320.0,70.208,12.0,6.0,0.09090909090909091,4.045481391709869,0.15836249209524964,0.6091528040246091,0.6357504215851602,6.386879319362645,6.0,0.0,1.0,4.0,0.0,1.0,1.0,0.0
b0450,156.0,44.687,9.0,8.0,0.7777777777777778,1.835071736732252,101.0,16.51,2.0,2.0,1.0,1.5572136029234902,2.3560449886872297,0.6358347465068819,0.5714285714285714,4.727387818712341,0.0,0.0,0.0,5.0,1.0,1.0,0.0,0.0
b0451,367.0,101.512,11.0,8.0,0.5454545454545454,2.289968413838418,248.0,44.511,5.0,3.0,0.2,3.356412420049592,2.387407624928183,0.6089317743080603,0.6565420560747663,6.061456918928017,11.0,0.0,0.0,5.0,0.0,1.0,0.0,0.0
b0452,222.0,57.614,9.0,8.0,0.3611111111111111,1.7035687512405933,170.0,29.27,0.0,0.0,0.0,0.0,2.1106233752333305,0.6038357141585724,0.5454545454545454,5.659482215759621,0.0,0.0,1.0,5.0,0.0,0.0,1.0,0.0
b0453,377.0,104.345,9.0,8.0,0.6666666666666666,1.7955502754986297,364.0,96.287,4.0,4.0,0.5,1.544397481038915,2.8135876597071525,0.5575794173569919,0.5105263157894737,5.25227342804663,0.0,0.0,0.0,2.0,0.0,1.0,0.0,0.0
b0454,125.0,25.984,1.0,1.0,0.0,0.7609940398755797,105.0,18.477,0.0,0.0,0.0,0.0,0.07554696139253074,0.5029889763374351,0.5348837209302325,4.867534450455582,0.0,0.0,0.0,4.0,0.0,0.0,0.0,0.0
b0455,0.0,0.0,0.0,0.0,0.0,0.0,0.0,0.0,0.0,0.0,0.0,0.0,0.0,0.0,0.0,0.0,0.0,0.0,0.0,0.0,0.0,0.0,1.0,1.0
b0456,132.0,31.927,1.0,1.0,0.0,0.5490218924716682,105.0,20.128,0.0,0.0,0.0,0.0,2.0086427475652853,0.5596675158920816,0.5470085470085471,4.770684624465665,0.0,0.0,0.0,1.0,0.0,0.0,0.0,0.0
b0457,156.0,47.209,14.0,13.0,0.2087912087912088,2.2707288355508406,130.0,35.194,13.0,11.0,0.16666666666666666,3.063329788490273,-0.37263414340726736,0.5490177448644156,0.5116279069767442,6.248042874508429,2.0,0.0,1.0,3.0,0.0,1.0,0.0,0.0
b0458,21.0,7.789,2.0,2.0,0.0,1.1780640359212091,10.0,2.691,0.0,0.0,0.0,0.0,1.6315452278343094,0.6429163503441127,0.5384615384615384,5.056245805348308,2.0,0.0,0.0,2.0,0.0,1.0,0.0,0.0
b0459,64.0,17.527,0.0,0.0,0.0,0.0,46.0,9.789,0.0,0.0,0.0,0.0,0.8727388274726688,0.522929922471314,0.4808743169398907,5.214935757608986,0.0,0.0,1.0,5.0,0.0,0.0,0.0,0.0
b0460,138.0,44.573,5.0,4.0,0.1,1.3071985931373153,42.0,4.545,1.0,1.0,0.0,2.9922202274087373,1.6609602917760835,0.6015673618764931,0.4583333333333333,4.290459441148391,0.0,0.0,0.0,5.0,0.0,0.0,0.0,0.0
b0461,89.0,27.738,4.0,4.0,0.16666666666666666,1.0702897458272893,41.0,5.192,1.0,1.0,0.0,2.9922202274087373,-1.2924298239020635,0.5783771221568815,0.4596774193548387,4.8283137373023015,0.0,0.0,0.0,3.0,1.0,0.0,0.0,0.0
b0462,85.0,36.003,19.0,11.0,0.49122807017543857,3.2406754679515535,56.0,12.503,4.0,4.0,0.5,1.9661349795424836,1.8871107031248837,0.613479029300835,0.6367969494756911,6.956545443151569,12.0,0.0,0.0,5.0,0.0,1.0,2.0,0.0
b0463,196.0,71.195,31.0,11.0,0.34408602150537637,4.8307219783135995,120.0,21.669,6.0,4.0,0.26666666666666666,2.794428650940484,2.681250285083047,0.5801041563870301,0.5465994962216625,5.986452005284438,0.0,0.0,0.0,5.0,0.0,1.0,2.0,0.0
b0464,251.0,71.536,14.0,11.0,0.45054945054945056,2.115849794364246,158.0,28.444,0.0,0.0,0.0,0.0,0.09691001300805642,0.5039088721040563,0.4372093023255814,5.375278407684165,0.0,0.0,0.0,5.0,0.0,0.0,0.0,0.0
b0465,537.0,120.462,2.0,2.0,1.0,0.9508997823884389,532.0,115.435,0.0,0.0,0.0,0.0,1.1176026916900843,0.620772192738455,0.6169642857142857,7.02197642307216,11.0,0.0,0.0,4.0,0.0,1.0,0.0,0.0
b0466,53.0,17.142,1.0,1.0,0.0,0.4973767513901703,21.0,4.666,1.0,1.0,0.0,2.9922202274087373,-0.638272163982407,0.6488968751442213,0.5283018867924528,3.9889840465642745,0.0,0.0,0.0,1.0,0.0,0.0,0.0,0.0
b0467,74.0,35.927,15.0,13.0,0.6666666666666666,2.1737904456144608,15.0,3.625,1.0,1.0,0.0,2.9922202274087373,0.9047155452786809,0.5657812347175726,0.56,5.170483995038151,0.0,0.0,0.0,5.0,0.0,0.0,1.0,0.0
b0468,152.0,41.618,4.0,4.0,0.6666666666666666,1.069532300064981,135.0,30.879,1.0,1.0,0.0,0.7489648891994803,0.8481891169913987,0.6011993516897571,0.648,4.836281906951478,4.0,0.0,0.0,2.0,0.0,1.0,0.0,0.0
b0469,434.0,134.753,29.0,14.0,0.43349753694581283,3.5525999107332433,418.0,100.229,3.0,3.0,0.0,1.2338970110553713,2.585472009738158,0.6728561782702399,0.6120218579234973,5.214935757608986,0.0,0.0,1.0,4.0,1.0,0.0,3.0,1.0
b0470,573.0,175.676,30.0,16.0,0.38620689655172413,3.5303514287712843,534.0,115.883,2.0,2.0,1.0,1.7481357686708674,1.1495270137543478,0.5976736107545838,0.6380510440835266,6.467698726104354,0.0,0.0,1.0,5.0,0.0,0.0,3.0,1.0
b0471,333.0,80.776,2.0,2.0,1.0,0.5812621098341605,300.0,70.741,2.0,2.0,1.0,1.7481357686708674,3.0937752810372645,0.6634828330051751,0.6055045871559633,4.700480365792417,0.0,0.0,0.0,3.0,1.0,0.0,0.0,0.0
b0472,395.0,121.368,28.0,16.0,0.5158730158730159,3.5316127874181475,372.0,80.634,5.0,3.0,0.2,3.253828041019949,1.0132586652835165,0.6124492540202165,0.6368159203980099,5.308267697401205,0.0,0.0,0.0,3.0,0.0,0.0,1.0,0.0
b0473,547.0,159.669,31.0,14.0,0.3225806451612903,4.492812218812219,409.0,64.995,13.0,8.0,0.7435897435897436,4.558677544281822,2.8698240688639634,0.7088299082611498,0.6233974358974359,6.437751649736401,0.0,0.0,0.0,5.0,1.0,1.0,1.0,0.0
b0474,681.0,247.466,86.0,45.0,0.37017783857729136,7.21399816352523,614.0,158.284,44.0,41.0,0.8773784355179705,4.663457850017138,3.290259495398459,0.6573328493806004,0.5280373831775701,5.3706380281276624,0.0,0.0,1.0,5.0,1.0,0.0,6.0,1.0
b0475,341.0,88.076,11.0,8.0,0.5818181818181818,2.2571409382831367,252.0,41.477,1.0,1.0,0.0,0.9790329790915585,0.8267225201689921,0.5815600781385816,0.55,5.771441123130016,0.0,0.0,1.0,4.0,1.0,0.0,4.0,1.0
b0476,265.0,65.67,2.0,2.0,0.0,0.6195116603282791,233.0,45.517,0.0,0.0,0.0,0.0,0.4996870826184038,0.5275430330243319,0.542319749216301,5.768320995793772,0.0,0.0,1.0,5.0,1.0,0.0,0.0,0.0
b0477,308.0,88.198,21.0,14.0,0.5952380952380952,2.6746727525913983,287.0,61.727,2.0,2.0,1.0,1.355321961706733,1.2229764498933913,0.6463398905285274,0.5806451612903226,6.075346031088684,0.0,1.0,1.0,5.0,0.0,0.0,3.0,1.0
b0478,212.0,47.679,0.0,0.0,0.0,0.0,173.0,32.165,0.0,0.0,0.0,0.0,1.16761267272753,0.5873177230719272,0.6164874551971327,6.326149473155099,13.0,0.0,0.0,3.0,0.0,1.0,0.0,0.0
b0479,149.0,35.653,4.0,4.0,0.3333333333333333,1.0411356281037827,120.0,21.527,0.0,0.0,0.0,0.0,0.5820633629117087,0.5388291356378125,0.5862068965517241,6.008813185442595,11.0,0.0,0.0,3.0,0.0,1.0,0.0,0.0
b0480,274.0,96.849,49.0,15.0,0.29931972789115646,6.011463054737326,230.0,42.397,0.0,0.0,0.0,0.0,2.2405742070183843,0.6723256305005162,0.5618181818181818,6.311734809152915,0.0,1.0,2.0,5.0,0.0,0.0,6.0,1.0
b0481,183.0,46.65,6.0,4.0,0.4,1.8684735001653694,133.0,23.603,1.0,1.0,0.0,2.9922202274087373,2.075583455193813,0.5664880069547333,0.5283018867924528,5.075173815233827,0.0,0.0,1.0,5.0,1.0,0.0,0.0,0.0
b0482,301.0,74.01,3.0,2.0,0.0,2.1059912060658594,289.0,70.178,1.0,1.0,0.0,2.9922202274087373,0.18752072083646307,0.5547665541611057,0.6287878787878788,5.579729825986222,0.0,0.0,0.0,1.0,0.0,0.0,0.0,0.0
b0483,132.0,30.285,1.0,1.0,0.0,0.9871442771271393,114.0,21.608,0.0,0.0,0.0,0.0,0.8286598965353198,0.540814729456361,0.4336283185840708,4.736198448394496,0.0,0.0,0.0,2.0,0.0,0.0,0.0,0.0
b0484,801.0,212.399,7.0,6.0,0.5714285714285714,1.5482819058162614,753.0,144.534,0.0,0.0,0.0,0.0,2.120606831056773,0.6746638950377851,0.5285714285714286,6.727431724850855,8.0,0.0,1.0,5.0,1.0,1.0,0.0,0.0
b0485,192.0,74.936,42.0,15.0,0.30197444831591175,5.575868669181185,144.0,39.064,9.0,7.0,0.6666666666666666,3.487404584155091,1.6813317059691657,0.548487167376222,0.5483870967741935,5.739792912179234,0.0,0.0,1.0,5.0,0.0,0.0,6.0,0.0
b0486,208.0,54.958,5.0,5.0,1.0,1.0474228344113108,179.0,39.85,5.0,5.0,1.0,2.0730555717382173,-0.4934949675951279,0.5407231463670964,0.6627906976744186,6.066108090103747,12.0,0.0,0.0,3.0,0.0,1.0,0.0,0.0
b0487,222.0,61.755,17.0,8.0,0.3014705882352941,2.920690714800772,154.0,25.147,0.0,0.0,0.0,0.0,0.8444771757456814,0.667239614231018,0.7333333333333333,4.912654885736052,0.0,0.0,0.0,5.0,1.0,0.0,0.0,0.0
b0488,193.0,45.056,6.0,3.0,0.2,2.4128591139300855,179.0,38.804,2.0,1.0,0.0,2.3281210354918738,1.2255677134394711,0.5292931057573964,0.6513157894736842,5.030437921392435,3.0,0.0,0.0,4.0,0.0,1.0,0.0,0.0
b0489,243.0,56.604,4.0,3.0,0.3333333333333333,1.4314542110766617,217.0,36.138,1.0,1.0,0.0,1.442784468863819,1.7068030970373382,0.6547924331169824,0.6163934426229508,5.723585101952381,1.0,0.0,0.0,4.0,1.0,1.0,0.0,0.0
b0490,193.0,50.665,9.0,6.0,0.2222222222222222,2.1031716383487287,175.0,44.195,7.0,6.0,0.14285714285714285,2.468375363736409,1.0417873189717517,0.5645532697064015,0.47555555555555556,5.420534999272286,0.0,0.0,1.0,4.0,0.0,1.0,0.0,0.0
b0491,107.0,23.414,2.0,2.0,1.0,0.9190104107750894,93.0,18.815,1.0,1.0,0.0,0.7484207654762942,0.7363965022766424,0.5587244813974576,0.5637065637065637,5.560681631015528,7.0,0.0,0.0,3.0,0.0,1.0,0.0,0.0
b0492,324.0,86.527,16.0,11.0,0.4166666666666667,2.6770720700354027,288.0,65.424,12.0,8.0,0.4393939393939394,5.326759867079307,2.6483697702978364,0.6682413833756717,0.6654929577464789,5.652489180268651,0.0,0.0,0.0,5.0,0.0,0.0,0.0,0.0
b0493,322.0,79.221,4.0,4.0,0.3333333333333333,0.967442317129786,303.0,54.821,2.0,2.0,1.0,1.3262670514586627,1.5810389487721672,0.5873569903422098,0.6171003717472119,5.598421958998375,0.0,0.0,1.0,2.0,0.0,0.0,0.0,0.0
b0494,259.0,73.498,21.0,11.0,0.26666666666666666,3.5496567797048573,226.0,41.283,4.0,2.0,0.3333333333333333,2.351432290984468,1.68761812957177,0.5414776903712174,0.6105769230769231,5.342334251964811,0.0,0.0,5.0,5.0,0.0,0.0,1.0,0.0
b0495,181.0,51.091,7.0,6.0,0.14285714285714285,1.3832359305258912,169.0,47.457,7.0,5.0,0.14285714285714285,2.777702559441236,0.9745116927373284,0.5551870878723794,0.6052631578947368,5.43372200355424,0.0,0.0,0.0,2.0,0.0,0.0,0.0,0.0
b0496,228.0,52.092,3.0,3.0,0.3333333333333333,1.0247337251560957,198.0,42.55,3.0,2.0,0.3333333333333333,2.197829782528865,0.09691001300805642,0.5678351025652283,0.664179104477612,6.690842277418564,10.0,0.0,0.0,2.0,0.0,1.0,0.0,0.0
b0497,339.0,88.851,4.0,4.0,0.5,1.08694153910592,318.0,82.282,3.0,3.0,0.3333333333333333,1.6174651612035351,-0.28903688100472424,0.5398925354490497,0.6858345021037868,7.2633296174768365,0.0,0.0,0.0,2.0,0.0,0.0,0.0,0.0
b0498,35.0,12.123,2.0,2.0,0.0,0.9449475079439037,13.0,1.773,0.0,0.0,0.0,0.0,-0.4634415574284699,0.45413680887529934,0.21311475409836064,4.812184355372417,0.0,0.0,0.0,1.0,0.0,0.0,0.0,0.0
b0499,0.0,0.0,0.0,0.0,0.0,0.0,0.0,0.0,0.0,0.0,0.0,0.0,0.0,0.0,0.0,5.4680601411351315,0.0,0.0,0.0,1.0,0.0,0.0,0.0,0.0
b0501,0.0,0.0,0.0,0.0,0.0,0.0,0.0,0.0,0.0,0.0,0.0,0.0,0.0,0.0,0.0,4.465908118654584,1.0,0.0,0.0,1.0,0.0,1.0,0.0,0.0
b0502,0.0,0.0,0.0,0.0,0.0,0.0,0.0,0.0,0.0,0.0,0.0,0.0,0.0,0.5333882535376937,0.4959349593495935,4.820281565605037,0.0,0.0,0.0,1.0,0.0,0.0,0.0,0.0
b0503,147.0,39.15,8.0,6.0,0.32142857142857145,1.8203472242412533,118.0,22.098,1.0,1.0,0.0,1.028080875041707,0.3747483460101038,0.6162265810873115,0.5824175824175825,5.8998973535824915,0.0,0.0,1.0,5.0,0.0,0.0,0.0,0.0
b0504,218.0,58.903,9.0,6.0,0.25,1.7454857752511552,193.0,45.245,1.0,1.0,0.0,0.9056271186084734,-0.14874165128092473,0.5444383351693941,0.577922077922078,5.733341276897746,0.0,0.0,0.0,3.0,0.0,0.0,0.0,0.0
b0505,182.0,50.964,17.0,10.0,0.4411764705882353,2.861055862007881,153.0,33.225,1.0,1.0,0.0,1.3075788650698144,1.049605612594973,0.6534163622630706,0.5625,5.081404364984463,0.0,1.0,1.0,4.0,0.0,0.0,2.0,1.0
b0506,102.0,28.583,3.0,3.0,0.6666666666666666,0.8225678756356206,59.0,13.798,0.0,0.0,0.0,0.0,1.8722145633975855,0.5149032976298192,0.5461254612546126,5.605802066295998,0.0,0.0,0.0,5.0,0.0,0.0,0.0,0.0
b0507,136.0,47.351,18.0,10.0,0.45098039215686275,2.964346211971006,111.0,24.2,2.0,2.0,1.0,2.9922202274087373,0.08635983067474821,0.6064793945609065,0.5396290050590219,6.386879319362645,0.0,1.0,1.0,5.0,0.0,0.0,2.0,0.0
b0508,121.0,37.408,12.0,7.0,0.45454545454545453,2.297310316304553,99.0,21.474,2.0,2.0,1.0,2.9922202274087373,0.8344207036815325,0.6149122533110768,0.4186046511627907,5.556828061699537,0.0,0.0,1.0,5.0,0.0,0.0,2.0,0.0
b0509,103.0,33.084,11.0,7.0,0.5818181818181818,2.1985349381798955,84.0,18.163,2.0,2.0,1.0,2.9922202274087373,1.5441921107650325,0.6290188950681683,0.4965753424657534,5.680172609017068,0.0,0.0,1.0,4.0,0.0,0.0,2.0,0.0
b0510,0.0,0.0,0.0,0.0,0.0,0.0,0.0,0.0,0.0,0.0,0.0,0.0,0.0,0.0,0.0,4.532599493153256,0.0,0.0,0.0,1.0,0.0,0.0,0.0,0.0
b0511,152.0,43.878,9.0,6.0,0.3055555555555556,1.8145443277465945,130.0,31.182,4.0,3.0,0.6666666666666666,1.945024607354002,0.0,0.5689913837317049,0.5082644628099173,6.184148890937483,12.0,0.0,0.0,3.0,0.0,1.0,0.0,0.0
b0512,216.0,64.74,19.0,9.0,0.27485380116959063,3.1383797501902295,191.0,49.157,13.0,7.0,0.34615384615384615,5.039714009540017,1.1176026916900843,0.6797204914028335,0.5275938189845475,6.118097198041348,0.0,1.0,1.0,5.0,0.0,0.0,3.0,1.0
b0513,191.0,57.127,16.0,7.0,0.23333333333333334,3.3033514189498265,187.0,47.928,4.0,3.0,0.3333333333333333,2.275034103105194,0.0,0.5206691623420853,0.5612009237875288,6.073044534100405,13.0,0.0,0.0,2.0,0.0,1.0,0.0,0.0
b0514,77.0,29.42,14.0,8.0,0.3956043956043956,2.4908038752042287,46.0,10.377,2.0,2.0,1.0,1.2625630876395062,0.28103336724772754,0.6094311160588808,0.5748031496062992,5.945420608606575,0.0,1.0,1.0,5.0,0.0,0.0,6.0,0.0
b0515,96.0,27.212,8.0,6.0,0.5357142857142857,1.7592891821444006,72.0,20.495,7.0,5.0,0.5714285714285714,2.9065102201435247,1.8163075994319398,0.6185042290768334,0.47126436781609193,5.568344503761097,0.0,1.0,1.0,4.0,1.0,0.0,3.0,1.0
b0516,172.0,50.121,9.0,6.0,0.3888888888888889,1.8203876220517035,145.0,29.903,9.0,5.0,0.3611111111111111,3.4828373019467422,0.4456042032735975,0.5908836156424486,0.5401459854014599,6.021023349349527,0.0,1.0,1.0,5.0,1.0,0.0,3.0,1.0
b0517,101.0,29.579,7.0,6.0,0.6190476190476191,1.526517316716647,85.0,20.844,4.0,4.0,1.0,1.7800373408517263,0.2944662261615929,0.5565853941647272,0.5616045845272206,5.857933154483459,0.0,0.0,1.0,5.0,1.0,0.0,3.0,1.0
b0518,212.0,64.977,13.0,7.0,0.2564102564102564,2.4024433143851365,195.0,44.606,9.0,5.0,0.4166666666666667,3.3764755894738165,-1.6382721639824072,0.561464592903935,0.5855855855855856,6.320768294250582,0.0,1.0,1.0,5.0,0.0,0.0,3.0,1.0
b0520,221.0,60.108,10.0,6.0,0.2,2.6934455286604053,210.0,56.053,8.0,5.0,0.39285714285714285,3.364101967351507,0.35024801833416275,0.4991527568255712,0.5387453874538746,5.605802066295998,0.0,1.0,1.0,4.0,0.0,0.0,3.0,1.0
b0521,80.0,36.376,24.0,13.0,0.23550724637681159,3.6243192733334784,43.0,11.908,5.0,5.0,0.4,2.070193350429182,0.0,0.5486582833788011,0.5791245791245792,5.697093486505405,0.0,0.0,1.0,5.0,1.0,0.0,7.0,1.0
b0522,213.0,64.449,18.0,14.0,0.7124183006535948,2.3157608757491053,186.0,43.729,12.0,9.0,0.8939393939393939,3.613219811693363,1.844539302129008,0.6486495448513926,0.6225352112676056,5.87493073085203,0.0,0.0,1.0,5.0,0.0,0.0,3.0,1.0
b0523,248.0,79.055,27.0,15.0,0.43874643874643876,3.326963582610887,232.0,53.258,14.0,9.0,0.7252747252747253,4.135522306312553,2.789587762342296,0.6575701680227851,0.6390532544378699,5.135798437050262,0.0,0.0,1.0,5.0,0.0,0.0,3.0,1.0
b0524,332.0,93.561,14.0,10.0,0.4725274725274725,2.170478775588254,306.0,78.95,3.0,2.0,0.0,2.1685685155202368,0.7715874808812554,0.6279043121427199,0.6041666666666666,5.484796933490655,0.0,1.0,1.0,5.0,1.0,1.0,2.0,1.0
b0525,435.0,122.871,6.0,5.0,0.13333333333333333,1.1708343462106887,392.0,63.4,1.0,1.0,0.0,1.06411324831069,3.128402500063537,0.6954814510241674,0.5548780487804879,5.10594547390058,0.0,0.0,1.0,4.0,1.0,0.0,0.0,0.0
b0526,501.0,145.66,24.0,18.0,0.5543478260869565,2.4934245043274355,471.0,98.007,7.0,5.0,0.19047619047619047,2.379010778806688,2.3927145356762956,0.6773182314447267,0.631236442516269,6.135564891081739,0.0,1.0,1.0,5.0,1.0,0.0,1.0,1.0
b0527,245.0,61.033,8.0,3.0,0.0,3.4298403292332855,236.0,56.866,2.0,1.0,0.0,2.0658537310860066,0.0,0.4594105986157793,0.6069364161849711,5.159055299214529,4.0,0.0,0.0,2.0,0.0,1.0,0.0,0.0
b0528,189.0,48.375,5.0,3.0,0.0,1.364339514710487,150.0,29.09,1.0,1.0,0.0,0.8279609917122673,2.352201819659416,0.6579035549425325,0.5857142857142857,4.2626798770413155,0.0,0.0,0.0,3.0,0.0,0.0,0.0,0.0
b0529,624.0,175.336,23.0,14.0,0.2766798418972332,3.154349180853463,569.0,117.034,9.0,5.0,0.25,4.009318808199194,2.173215414714886,0.6135657031536828,0.5659722222222222,5.666426688112432,0.0,0.0,2.0,5.0,0.0,0.0,6.0,1.0
b0530,140.0,52.174,18.0,10.0,0.4444444444444444,2.8764735127367014,37.0,3.671,0.0,0.0,0.0,0.0,0.0,0.43549875365992674,0.35,5.198497031265826,0.0,0.0,0.0,3.0,0.0,0.0,0.0,0.0
b0531,307.0,88.422,22.0,10.0,0.2987012987012987,3.8295337367603026,252.0,60.835,9.0,9.0,0.19444444444444445,3.525449539203138,-0.5157001606532142,0.4713232321140455,0.4260869565217391,5.442417710521793,0.0,0.0,0.0,3.0,0.0,0.0,0.0,0.0
b0532,280.0,73.069,13.0,9.0,0.21794871794871795,2.813490787781318,267.0,65.058,12.0,9.0,0.13636363636363635,5.014840992688334,-0.8507808873446201,0.5437526337290421,0.4728950403690888,6.7661917146603505,0.0,0.0,0.0,3.0,0.0,1.0,0.0,0.0
b0533,139.0,62.558,34.0,13.0,0.22638146167557932,4.625715299445722,59.0,7.915,2.0,1.0,0.0,1.8564629912073614,-0.8356471442155629,0.522300200295485,0.42201834862385323,5.793013608384144,0.0,0.0,0.0,3.0,0.0,0.0,0.0,0.0
b0534,68.0,27.639,12.0,10.0,0.6515151515151515,2.213634048510246,35.0,5.743,1.0,1.0,0.0,1.2391149620833122,0.0,0.46642575652503016,0.47368421052631576,5.147494476813453,0.0,0.0,0.0,3.0,0.0,0.0,0.0,0.0
b0535,171.0,48.258,6.0,6.0,0.0,1.4050786067372236,139.0,29.549,4.0,4.0,0.0,2.50220939652868,0.06069784035361165,0.5066935234876478,0.38095238095238093,5.351858133476067,0.0,0.0,0.0,5.0,1.0,0.0,1.0,0.0
b0536,0.0,0.0,0.0,0.0,0.0,0.0,0.0,0.0,0.0,0.0,0.0,0.0,0.0,0.0,0.0,0.0,0.0,0.0,0.0,0.0,0.0,0.0,1.0,1.0
b0537,215.0,55.661,4.0,3.0,0.6666666666666666,1.6101166117446697,196.0,43.21,0.0,0.0,0.0,0.0,1.1495270137543478,0.46293270720589924,0.4754521963824289,5.961005339623274,0.0,0.0,0.0,3.0,0.0,0.0,0.0,0.0
b0539,0.0,0.0,0.0,0.0,0.0,0.0,0.0,0.0,0.0,0.0,0.0,0.0,0.0,0.0,0.0,4.477336814478207,0.0,0.0,0.0,1.0,0.0,0.0,0.0,0.0
b0540,117.0,29.462,1.0,1.0,0.0,0.9057887330275204,99.0,19.647,1.0,1.0,0.0,1.4189910362806764,-0.33441900898204685,0.5754876484667538,0.48484848484848486,4.605170185988092,0.0,0.0,0.0,2.0,0.0,0.0,0.0,0.0
b0541,28.0,11.458,5.0,3.0,0.5,3.0993458122291164,20.0,8.051,4.0,3.0,0.5,4.565449418536799,0.0,0.5635178128774565,0.6180555555555556,5.666426688112432,0.0,0.0,0.0,2.0,0.0,0.0,0.0,0.0
b0542,0.0,0.0,0.0,0.0,0.0,0.0,0.0,0.0,0.0,0.0,0.0,0.0,0.0,0.0,0.0,4.127134385045092,0.0,0.0,0.0,1.0,0.0,0.0,0.0,0.0
b0543,46.0,12.69,2.0,2.0,0.0,1.7803862885589095,26.0,4.935,1.0,1.0,0.0,2.3754623539078814,0.35983548233988794,0.4090733860042371,0.35454545454545455,4.709530201312334,4.0,0.0,0.0,5.0,0.0,1.0,0.0,0.0
b0544,196.0,47.151,1.0,1.0,0.0,1.0030130456753361,164.0,34.721,0.0,0.0,0.0,0.0,0.37657695705651195,0.41089016426701597,0.2874015748031496,6.2324480165505225,0.0,0.0,0.0,2.0,0.0,0.0,0.0,0.0
b0545,197.0,70.077,2.0,2.0,0.0,1.677452661622261,147.0,21.594,1.0,1.0,0.0,1.6706887561718702,0.26717172840301384,0.4174326288099624,0.25136612021857924,5.214935757608986,0.0,0.0,0.0,3.0,0.0,0.0,0.0,0.0
b0546,188.0,50.101,4.0,2.0,0.0,2.5232476870765397,153.0,34.122,3.0,1.0,0.0,4.115643386432859,-0.19449914184159983,0.40648682486819393,0.28679245283018867,5.583496308781699,0.0,0.0,0.0,2.0,0.0,0.0,0.0,0.0
b0547,18.0,10.053,7.0,5.0,0.47619047619047616,3.1792985232909765,11.0,5.923,5.0,5.0,1.0,2.9922202274087377,0.0,0.6019219256789863,0.6026490066225165,5.0238805208462765,0.0,0.0,0.0,2.0,0.0,0.0,0.0,0.0
b0548,15.0,7.368,5.0,5.0,1.0,2.1764937478269615,9.0,5.719,5.0,5.0,1.0,2.9922202274087377,-0.3625102704874893,0.4261746191822818,0.44642857142857145,4.04305126783455,0.0,0.0,0.0,1.0,0.0,0.0,0.0,0.0
b0549,23.0,10.68,6.0,5.0,0.7333333333333333,2.564606035003425,12.0,5.767,5.0,5.0,1.0,2.9922202274087377,0.0,0.49659166870575183,0.5,4.574710978503383,0.0,0.0,1.0,2.0,0.0,0.0,0.0,0.0
b0550,69.0,21.203,6.0,5.0,0.7333333333333333,2.564606035003425,59.0,15.687,5.0,5.0,1.0,2.9922202274087377,0.0,0.5966949860664722,0.5916666666666667,4.795790545596741,0.0,1.0,1.0,5.0,0.0,0.0,0.0,0.0
b0551,17.0,8.851,3.0,3.0,1.0,1.399576249610757,10.0,4.269,0.0,0.0,0.0,0.0,0.9164539485499251,0.5125188882150916,0.4645669291338583,4.852030263919617,0.0,0.0,0.0,2.0,0.0,0.0,0.0,0.0
b0552,61.0,27.621,5.0,5.0,1.0,2.5232586621961812,17.0,7.899,5.0,5.0,1.0,3.1451260454927996,-0.22257317761068865,0.6013635961704563,0.7116564417177914,5.7899601708972535,0.0,0.0,0.0,2.0,0.0,0.0,0.0,0.0
b0553,0.0,0.0,0.0,0.0,0.0,0.0,0.0,0.0,0.0,0.0,0.0,0.0,0.0,0.0,0.0,5.902633333401366,0.0,0.0,0.0,3.0,0.0,1.0,0.0,0.0
b0554,29.0,11.755,4.0,3.0,0.8333333333333334,1.74856320014274,9.0,2.187,2.0,2.0,1.0,2.9922202274087373,-0.012333735073725434,0.4978648858016007,0.5070422535211268,4.276666119016055,0.0,0.0,0.0,2.0,0.0,0.0,0.0,0.0
b0555,185.0,44.914,6.0,4.0,0.2,2.2726038255659153,131.0,25.198,2.0,2.0,1.0,2.9922202274087373,-0.45717457304082004,0.47981473393950547,0.41818181818181815,5.111987788356544,0.0,0.0,1.0,4.0,0.0,0.0,0.0,0.0
b0556,42.0,17.662,7.0,4.0,0.23809523809523808,2.6917593683290852,8.0,2.283,2.0,2.0,1.0,2.9922202274087373,0.5740312677277188,0.5265671348999513,0.5294117647058824,5.0369526024136295,0.0,0.0,1.0,2.0,0.0,0.0,0.0,0.0
b0557,71.0,31.161,14.0,10.0,0.5054945054945055,2.132240151498678,25.0,3.018,0.0,0.0,0.0,0.0,2.4082569296087173,0.5172646649275808,0.3402061855670103,4.584967478670572,0.0,0.0,0.0,2.0,0.0,1.0,0.0,0.0
b0558,50.0,18.555,1.0,1.0,0.0,2.4962556165751373,10.0,2.129,0.0,0.0,0.0,0.0,0.0,0.5019111653486056,0.29411764705882354,4.919980925828125,0.0,0.0,0.0,1.0,0.0,0.0,0.0,0.0
b0559,27.0,8.197,1.0,1.0,0.0,2.4962556165751373,6.0,1.226,0.0,0.0,0.0,0.0,0.9708116108725178,0.5603719492157865,0.39705882352941174,4.23410650459726,0.0,0.0,0.0,1.0,0.0,0.0,0.0,0.0
b0560,28.0,9.095,2.0,2.0,1.0,1.25990030464741,11.0,1.975,0.0,0.0,0.0,0.0,0.0,0.5517785391422123,0.56353591160221,5.204006687076795,0.0,0.0,0.0,1.0,0.0,0.0,1.0,0.0
b0561,0.0,0.0,0.0,0.0,0.0,0.0,0.0,0.0,0.0,0.0,0.0,0.0,0.0,0.5311108564977143,0.5080213903743316,5.236441962829949,0.0,0.0,0.0,2.0,0.0,0.0,0.0,0.0
b0562,0.0,0.0,0.0,0.0,0.0,0.0,0.0,0.0,0.0,0.0,0.0,0.0,0.0,0.0,0.0,5.272999558563747,0.0,0.0,0.0,1.0,0.0,0.0,0.0,0.0
b0563,0.0,0.0,0.0,0.0,0.0,0.0,0.0,0.0,0.0,0.0,0.0,0.0,0.0,0.5683216545665803,0.5737704918032787,4.127134385045092,0.0,0.0,0.0,2.0,0.0,0.0,0.0,0.0
b0564,192.0,49.12,2.0,2.0,0.0,0.9526437761664945,130.0,25.734,0.0,0.0,0.0,0.0,-0.05898575629443027,0.44123690619567446,0.285140562248996,5.521460917862246,0.0,0.0,0.0,3.0,0.0,0.0,1.0,0.0
b0565,287.0,123.363,51.0,16.0,0.2596078431372549,6.0301369553808515,199.0,62.954,23.0,15.0,0.8142292490118577,5.286575707667604,2.8463432986168233,0.5248012350773584,0.41009463722397477,5.762051382780177,10.0,0.0,1.0,5.0,0.0,1.0,0.0,0.0
b0566,221.0,50.601,1.0,1.0,0.0,0.9190059253734753,205.0,44.412,1.0,1.0,0.0,1.6706887561718702,0.4712917110589386,0.5461211049953816,0.5928853754940712,5.537334267018537,0.0,0.0,0.0,3.0,0.0,0.0,0.0,0.0
b0567,142.0,37.93,3.0,3.0,0.3333333333333333,1.2470814515205368,98.0,15.563,2.0,2.0,1.0,2.4191648499263225,0.5289167002776547,0.5516388494684257,0.5574324324324325,5.6937321388027,0.0,0.0,0.0,2.0,0.0,0.0,0.0,0.0
b0568,256.0,65.175,5.0,3.0,0.3,1.8808874446570145,219.0,49.549,4.0,2.0,0.3333333333333333,4.424110196655152,0.21218760440395784,0.5795166631652874,0.5797979797979798,6.898714534329988,0.0,0.0,0.0,3.0,0.0,1.0,0.0,0.0
b0569,244.0,63.747,4.0,3.0,0.3333333333333333,1.3222200984517374,236.0,51.79,2.0,2.0,1.0,2.4191648499263225,0.292256071356476,0.6028813683163532,0.5986577181208054,6.61472560020376,3.0,0.0,0.0,3.0,0.0,1.0,0.0,0.0
b0570,254.0,71.583,15.0,8.0,0.2,2.756549005819831,226.0,51.224,10.0,4.0,0.044444444444444446,4.726397952136438,1.8692904042093985,0.5615033063309813,0.6125,6.175867270105761,2.0,0.0,1.0,5.0,0.0,1.0,1.0,0.0
b0571,181.0,53.24,11.0,8.0,0.4,2.109835470060672,136.0,32.887,6.0,4.0,0.13333333333333333,2.8215160791429117,2.15839265038712,0.5860817706529045,0.6696035242290749,5.429345628954441,0.0,0.0,0.0,4.0,1.0,0.0,1.0,0.0
b0572,226.0,76.401,21.0,11.0,0.37142857142857144,3.5882216561679634,160.0,39.887,12.0,4.0,0.25757575757575757,5.30467959230993,1.8842854623396752,0.569865265131311,0.5426695842450766,6.126869184114185,0.0,0.0,0.0,5.0,0.0,1.0,1.0,0.0
b0573,246.0,61.357,8.0,7.0,0.8928571428571429,1.6781739057514766,200.0,44.226,4.0,3.0,0.6666666666666666,2.1530137505028595,2.3324586591892027,0.707830280451099,0.5363636363636364,4.709530201312334,0.0,0.0,0.0,5.0,0.0,0.0,1.0,0.0
b0574,173.0,50.947,11.0,8.0,0.5636363636363636,2.07419052884285,146.0,33.36,5.0,3.0,0.6,2.571612570006828,1.8507074853745373,0.6122400888541556,0.6093366093366094,6.0112671744041615,0.0,0.0,0.0,5.0,0.0,0.0,1.0,0.0
b0575,178.0,48.546,10.0,8.0,0.6444444444444445,1.97202583316835,134.0,27.77,3.0,3.0,1.0,1.7192607816625107,0.7664128471123994,0.6158579897601094,0.6599808978032474,6.954638864880987,12.0,0.0,0.0,5.0,0.0,1.0,1.0,0.0
b0576,81.0,23.289,1.0,1.0,0.0,0.5765245771948039,40.0,8.249,0.0,0.0,0.0,0.0,-0.5575202309355514,0.6395536668609423,0.6375545851528385,6.129050210060545,12.0,0.0,0.0,5.0,0.0,1.0,0.0,0.0
b0577,172.0,42.375,5.0,4.0,0.6,1.9002622484934995,157.0,32.377,0.0,0.0,0.0,0.0,0.787460474518415,0.6124490660199398,0.5397590361445783,6.030685260261263,5.0,0.0,0.0,5.0,0.0,1.0,0.0,0.0
b0578,251.0,62.911,8.0,5.0,0.2857142857142857,2.300198445032799,224.0,43.542,0.0,0.0,0.0,0.0,2.8870600108870854,0.6260978763777522,0.5622119815668203,5.384495062789089,0.0,1.0,3.0,5.0,0.0,0.0,2.0,0.0
b0579,112.0,25.356,4.0,2.0,0.16666666666666666,1.4794968948646527,97.0,19.798,1.0,1.0,0.0,2.3754623539078814,1.6920533650340808,0.5637548793473085,0.5327868852459017,4.812184355372417,0.0,0.0,0.0,1.0,0.0,0.0,0.0,0.0
b0580,70.0,23.059,2.0,2.0,1.0,0.819747078933968,10.0,2.249,0.0,0.0,0.0,0.0,0.0,0.5192651939862478,0.6097560975609756,4.418840607796598,2.0,0.0,0.0,1.0,0.0,1.0,0.0,0.0
b0581,283.0,82.663,25.0,14.0,0.48,3.80641092450821,234.0,53.915,0.0,0.0,0.0,0.0,1.8567892887533164,0.6136075220027757,0.5618279569892473,5.921578419643816,0.0,0.0,1.0,3.0,0.0,0.0,2.0,0.0
b0582,111.0,26.085,2.0,2.0,1.0,0.9664434366255757,90.0,17.266,0.0,0.0,0.0,0.0,0.12710479836480765,0.41311452378190566,0.44324324324324327,5.916202062607435,0.0,0.0,0.0,2.0,0.0,0.0,0.0,0.0
b0583,268.0,72.286,12.0,12.0,0.9393939393939394,1.9002146036170942,238.0,59.2,9.0,9.0,0.9722222222222222,2.7295268908084673,-0.4190750243243807,0.5094314935440499,0.4563106796116505,5.332718793265369,0.0,1.0,1.0,5.0,0.0,1.0,5.0,1.0
b0584,292.0,95.996,30.0,13.0,0.42528735632183906,4.430886114990161,221.0,58.325,17.0,9.0,0.6985294117647058,4.876797323485532,2.3729304048887934,0.6586766153258279,0.6327077747989276,6.616065185132817,0.0,0.0,0.0,5.0,0.0,1.0,1.0,0.0
b0585,283.0,83.121,25.0,13.0,0.5366666666666666,3.8633139652096604,250.0,70.292,22.0,9.0,0.47186147186147187,6.485116678683152,1.4032921451582543,0.5170461231853296,0.56,5.993961427306569,0.0,0.0,1.0,5.0,1.0,0.0,0.0,0.0
b0586,689.0,198.454,29.0,13.0,0.33004926108374383,4.401474956763535,504.0,103.495,21.0,9.0,0.38095238095238093,6.373318248498646,2.064495426792728,0.5722183371108018,0.5738592420726991,7.165493475060845,0.0,1.0,2.0,5.0,1.0,1.0,2.0,0.0
b0587,71.0,21.787,3.0,3.0,1.0,0.7606666022907859,36.0,5.098,0.0,0.0,0.0,0.0,0.47856649559384334,0.5611081559758128,0.48010610079575594,5.934894195619588,2.0,0.0,0.0,3.0,0.0,1.0,0.0,0.0
b0588,311.0,149.024,24.0,13.0,0.4673913043478261,3.348991025333221,165.0,40.103,19.0,9.0,0.3684210526315789,5.952146754292114,1.4168068718229445,0.5798352238028901,0.5424354243542435,5.605802066295998,0.0,0.0,1.0,4.0,0.0,1.0,1.0,0.0
b0589,252.0,131.145,18.0,13.0,0.5751633986928104,2.49480487308862,96.0,24.898,13.0,8.0,0.5128205128205128,4.058040335012525,-0.11577123036739606,0.5292283774921939,0.6696969696969697,5.802118375377063,9.0,0.0,0.0,4.0,0.0,1.0,1.0,0.0
b0590,287.0,139.336,19.0,13.0,0.5555555555555556,2.626984236422858,128.0,27.652,9.0,6.0,0.5833333333333334,3.013439345535934,-0.6615435063953952,0.5409495430346785,0.6586826347305389,5.814130531825066,9.0,0.0,0.0,4.0,0.0,1.0,1.0,0.0
b0591,283.0,76.328,15.0,13.0,0.8285714285714286,2.2739722381926146,246.0,58.882,12.0,9.0,0.803030303030303,3.525523477414434,0.14301480025409505,0.53078804692346,0.6754807692307693,6.0330862217988015,12.0,0.0,0.0,4.0,0.0,1.0,0.0,0.0
b0592,386.0,166.98,32.0,13.0,0.4415322580645161,4.400245224216514,204.0,57.433,20.0,9.0,0.5,5.841678413993021,1.8202671571609645,0.5427113685471333,0.5849056603773585,5.765191102784844,0.0,0.0,0.0,4.0,0.0,0.0,1.0,0.0
b0593,198.0,75.512,37.0,13.0,0.32432432432432434,5.162227981044462,156.0,50.469,22.0,9.0,0.45454545454545453,6.4036511825573585,2.1673468775856355,0.5851906770869242,0.5933503836317136,5.971261839790462,0.0,1.0,1.0,5.0,0.0,0.0,4.0,1.0
b0594,173.0,56.513,21.0,13.0,0.6095238095238096,3.1870810287806135,150.0,47.602,20.0,9.0,0.5421052631578948,6.138682695209821,2.1523189274246453,0.6274429454959566,0.6119402985074627,6.285998094508865,0.0,0.0,2.0,5.0,0.0,1.0,2.0,0.0
b0595,322.0,102.717,29.0,13.0,0.37438423645320196,4.2076419714004505,232.0,62.369,21.0,9.0,0.48095238095238096,6.215238879994361,2.5670381354977394,0.6504513914397378,0.6736842105263158,5.655991810819852,0.0,1.0,2.0,5.0,1.0,0.0,2.0,0.0
b0596,280.0,82.616,23.0,13.0,0.5691699604743083,3.400064346350632,226.0,58.617,18.0,9.0,0.6078431372549019,5.219862385503142,2.0828212609393293,0.6214380241192861,0.6370967741935484,5.517452896464707,0.0,0.0,1.0,5.0,0.0,0.0,2.0,0.0
b0597,142.0,46.951,15.0,12.0,0.7333333333333333,2.4803036219088117,122.0,38.642,15.0,9.0,0.6857142857142857,4.786202046317763,1.572987708198205,0.5758015559819476,0.583941605839416,4.927253685157205,0.0,0.0,1.0,5.0,1.0,0.0,1.0,0.0
b0598,205.0,54.474,4.0,3.0,0.0,1.471007844714408,157.0,32.663,3.0,2.0,0.0,3.3502490077227653,2.4785809237422773,0.6388043625643581,0.6861626248216833,6.553933404025811,18.0,0.0,0.0,4.0,0.0,1.0,0.0,0.0
b0599,142.0,35.485,6.0,5.0,0.6666666666666666,1.5228255099853998,117.0,26.302,4.0,4.0,1.0,1.673684878664412,1.328583449714202,0.6177962075473964,0.5773480662983426,5.8944028342648505,0.0,1.0,1.0,4.0,0.0,0.0,0.0,0.0
b0600,302.0,76.444,11.0,8.0,0.4909090909090909,2.0539269787799497,280.0,52.778,10.0,6.0,0.4666666666666667,3.7176886384645322,0.9242792860618817,0.5790571614090546,0.572538860103627,5.958424693029782,0.0,1.0,1.0,5.0,1.0,0.0,0.0,0.0
b0601,282.0,64.963,3.0,3.0,0.0,1.2853958765188274,255.0,50.269,1.0,1.0,0.0,2.9922202274087373,-1.0362121726544447,0.6135284672824464,0.4784688995215311,5.3471075307174685,0.0,0.0,0.0,1.0,0.0,0.0,0.0,0.0
b0602,286.0,68.827,3.0,3.0,0.0,1.4361275399096356,271.0,64.416,1.0,1.0,0.0,2.9922202274087373,-0.32975414692587596,0.5421062208748912,0.5024630541871922,6.008813185442595,0.0,0.0,0.0,1.0,0.0,0.0,0.0,0.0
b0603,217.0,54.051,3.0,3.0,0.0,1.4399786230343898,188.0,39.16,0.0,0.0,0.0,0.0,-0.45967052520912627,0.4976179257410314,0.4,5.707110264748875,0.0,0.0,0.0,2.0,0.0,0.0,0.0,0.0
b0604,253.0,61.338,4.0,4.0,1.0,0.9375190275710502,231.0,48.142,0.0,0.0,0.0,0.0,1.269746373130767,0.4951866137041544,0.5,5.517452896464707,0.0,0.0,0.0,5.0,0.0,0.0,0.0,0.0
b0605,504.0,147.122,24.0,11.0,0.26811594202898553,3.6724449449568666,436.0,55.816,2.0,1.0,0.0,3.002036268122889,3.679156150418852,0.6410448815971372,0.5401069518716578,5.236441962829949,0.0,0.0,1.0,5.0,1.0,0.0,0.0,0.0
b0606,141.0,41.308,11.0,9.0,0.5818181818181818,1.9239527012939377,94.0,14.267,1.0,1.0,0.0,1.7131643057673152,2.640491374945546,0.6612684572582653,0.5950095969289827,6.257667587882639,0.0,1.0,1.0,5.0,0.0,0.0,0.0,0.0
b0607,250.0,56.767,5.0,5.0,0.6,1.267419926494646,222.0,42.338,0.0,0.0,0.0,0.0,3.149222192747166,0.5362249488604158,0.4788732394366197,4.962844630259907,0.0,0.0,0.0,5.0,0.0,0.0,0.0,0.0
b0608,148.0,44.363,5.0,3.0,0.0,1.9473787913530733,128.0,27.033,1.0,1.0,0.0,1.1203401772778059,1.7235377615320568,0.5469663565535322,0.4587378640776699,6.023447592961033,0.0,1.0,1.0,2.0,0.0,0.0,0.0,0.0
b0610,228.0,52.555,0.0,0.0,0.0,0.0,212.0,35.507,0.0,0.0,0.0,0.0,2.187548920861271,0.5306243292119611,0.5808823529411765,4.919980925828125,0.0,0.0,0.0,4.0,0.0,0.0,0.0,0.0
b0611,310.0,81.532,3.0,3.0,0.3333333333333333,0.9424196257109148,240.0,55.561,1.0,1.0,0.0,1.23489107121309,1.5238764756381313,0.5432514432381866,0.48507462686567165,5.594711379601839,0.0,0.0,1.0,5.0,1.0,0.0,0.0,0.0
b0612,151.0,40.834,10.0,6.0,0.4222222222222222,2.977850553847662,127.0,27.429,6.0,6.0,1.0,2.893450190771783,1.4032921451582543,0.5835258702186917,0.5728952772073922,6.1903154058531475,14.0,0.0,0.0,2.0,0.0,1.0,1.0,0.0
b0613,64.0,20.42,6.0,6.0,1.0,1.9987039511196454,49.0,14.79,6.0,6.0,1.0,2.893450190771783,-0.9172146296835499,0.5308169021586933,0.5513698630136986,5.680172609017068,0.0,0.0,1.0,3.0,0.0,0.0,1.0,0.0
b0614,55.0,19.866,6.0,6.0,1.0,1.9987039511196454,45.0,17.245,6.0,6.0,1.0,2.893450190771783,-0.2588484011482149,0.5219792616235797,0.6284153005464481,5.214935757608986,0.0,0.0,1.0,3.0,0.0,0.0,1.0,0.0
b0615,91.0,29.946,6.0,6.0,1.0,1.9987039511196452,58.0,18.021,6.0,6.0,1.0,2.893450190771783,1.7854010249923875,0.6579609550367469,0.6039215686274509,6.236369590203704,0.0,0.0,2.0,4.0,1.0,0.0,1.0,0.0
b0616,138.0,42.696,8.0,6.0,0.5357142857142857,2.3798949308096415,121.0,30.396,8.0,6.0,0.5357142857142857,3.7149236508490318,1.8274338954007794,0.6392254242984802,0.6125827814569537,5.713732805509369,0.0,1.0,2.0,4.0,1.0,0.0,1.0,0.0
b0617,68.0,23.218,7.0,6.0,0.8095238095238095,2.2800300031639766,46.0,15.844,6.0,6.0,1.0,2.893450190771783,1.650404669868032,0.5789099333014878,0.6122448979591837,4.59511985013459,0.0,0.0,0.0,4.0,1.0,0.0,1.0,0.0
b0618,89.0,27.923,8.0,6.0,0.6785714285714286,2.507031522444765,42.0,12.923,6.0,6.0,1.0,2.893450190771783,-0.28903688100472424,0.6068231548717188,0.5710227272727273,5.8664680569332965,0.0,0.0,1.0,3.0,0.0,0.0,1.0,0.0
b0619,211.0,52.106,9.0,5.0,0.3055555555555556,2.2829839133696606,188.0,39.807,2.0,2.0,0.0,2.8927546642725073,0.714329759745233,0.5619182328080031,0.5634057971014492,6.315358001522335,2.0,0.0,1.0,5.0,0.0,1.0,1.0,0.0
b0620,173.0,43.988,5.0,5.0,0.6,1.610234271508777,135.0,28.289,2.0,2.0,0.0,2.9069938136873588,0.6972293427597175,0.5175053103434096,0.5088495575221239,5.424950017481403,0.0,0.0,0.0,4.0,1.0,0.0,1.0,0.0
b0621,265.0,69.003,6.0,3.0,0.06666666666666667,2.0592895381404515,227.0,52.075,3.0,2.0,0.3333333333333333,4.387286075222842,1.1934029030624176,0.5439567115591691,0.579175704989154,6.135564891081739,12.0,0.0,0.0,4.0,0.0,1.0,0.0,0.0
b0622,340.0,101.696,18.0,11.0,0.33986928104575165,2.8085499107604335,261.0,61.028,0.0,0.0,0.0,0.0,-0.321481620959886,0.59917844683022,0.489247311827957,5.231108616854587,0.0,0.0,1.0,5.0,0.0,1.0,2.0,1.0
b0623,179.0,50.537,2.0,2.0,1.0,0.5556060332541898,128.0,17.234,0.0,0.0,0.0,0.0,3.4649379179586797,0.5676203051862947,0.4492753623188406,4.248495242049359,0.0,0.0,0.0,5.0,1.0,0.0,0.0,0.0
b0624,298.0,70.842,4.0,3.0,0.16666666666666666,1.1767951700516708,254.0,50.522,0.0,0.0,0.0,0.0,0.01703333929878037,0.44368355923494956,0.5196850393700787,4.852030263919617,4.0,0.0,0.0,5.0,0.0,1.0,0.0,0.0
b0627,275.0,69.385,7.0,5.0,0.6666666666666666,1.4896149207971667,253.0,53.881,3.0,3.0,0.6666666666666666,1.5375203668633601,1.33665982345442,0.5359777267950047,0.5223880597014925,4.219507705176107,1.0,0.0,0.0,4.0,0.0,1.0,2.0,1.0
b0628,265.0,71.736,10.0,8.0,0.3111111111111111,1.6930750486876571,194.0,32.845,2.0,1.0,0.0,3.54387753526488,2.198684573077143,0.6515809172728241,0.557632398753894,5.7745515455444085,0.0,1.0,1.0,5.0,1.0,0.0,3.0,0.0
b0629,273.0,62.628,6.0,4.0,0.2,2.343352656597035,254.0,54.02,1.0,1.0,0.0,1.9652613109904546,-1.0604807473813815,0.5370060632261606,0.47318611987381703,5.762051382780177,0.0,0.0,0.0,2.0,0.0,0.0,0.0,0.0
b0630,219.0,58.559,10.0,8.0,0.28888888888888886,1.8199514379386854,175.0,38.767,3.0,1.0,0.0,4.980463286613185,1.3637999454791094,0.5418482502504398,0.45539906103286387,5.365976015021851,0.0,0.0,1.0,5.0,1.0,0.0,3.0,0.0
b0631,302.0,84.847,5.0,4.0,0.2,1.1193636605878978,273.0,70.731,1.0,1.0,0.0,1.9652613109904546,3.08565085391836,0.619298827897648,0.5057471264367817,4.477336814478207,0.0,0.0,0.0,2.0,0.0,0.0,0.0,0.0
b0632,375.0,108.569,18.0,10.0,0.6078431372549019,2.650067366131245,358.0,81.639,1.0,1.0,0.0,0.8013918518860035,2.426527526770914,0.6329806114731275,0.5583126550868487,6.0014148779611505,0.0,0.0,2.0,5.0,1.0,1.0,2.0,1.0
b0633,565.0,149.028,19.0,10.0,0.2807017543859649,2.900850293619618,534.0,115.665,4.0,4.0,1.0,1.8451370896183472,1.5922878159521308,0.5259691008234387,0.5552486187845304,5.8944028342648505,0.0,0.0,1.0,4.0,0.0,1.0,0.0,0.0
b0634,302.0,103.234,32.0,15.0,0.4213709677419355,3.9388541961065924,269.0,66.994,12.0,6.0,0.3787878787878788,4.101078498080476,0.615950051656401,0.5524083585313634,0.5972972972972973,5.916202062607435,10.0,0.0,1.0,5.0,0.0,1.0,1.0,1.0
b0635,409.0,131.186,37.0,15.0,0.3738738738738739,4.641895923400325,358.0,85.513,9.0,5.0,0.3333333333333333,3.731784783782871,0.5390760987927766,0.6238546137177665,0.5781990521327014,6.452048954437226,1.0,0.0,1.0,5.0,0.0,1.0,3.0,1.0
b0636,342.0,102.262,15.0,10.0,0.1619047619047619,2.288128119586541,325.0,74.823,5.0,4.0,0.7,2.2707682663049766,1.3012470886362115,0.5379442600516233,0.6645161290322581,5.049856007249537,0.0,0.0,1.0,5.0,1.0,0.0,0.0,0.0
b0637,439.0,154.187,52.0,35.0,0.5324283559577677,4.665111852498833,406.0,89.715,8.0,4.0,0.4642857142857143,3.450031699571782,2.0719188103638064,0.6151059299037153,0.6095238095238096,4.663439094112067,0.0,0.0,0.0,5.0,1.0,0.0,0.0,0.0
b0638,189.0,48.282,7.0,4.0,0.42857142857142855,1.534800078267675,170.0,37.318,7.0,4.0,0.42857142857142855,3.815903583791324,-0.03526907894637064,0.5619207406034958,0.5221674876847291,5.318119993844216,0.0,0.0,1.0,3.0,0.0,0.0,3.0,1.0
b0639,413.0,121.179,28.0,12.0,0.29894179894179895,3.9192677278604497,370.0,81.561,7.0,4.0,0.42857142857142855,3.451910561883055,0.3692158574101428,0.5840586581385768,0.5164319248826291,5.365976015021851,0.0,0.0,1.0,4.0,0.0,0.0,3.0,1.0
b0640,558.0,164.938,27.0,15.0,0.2792022792022792,3.2679278282273048,522.0,136.182,11.0,5.0,0.3090909090909091,4.3227507017109685,0.3521825181113625,0.513659133091046,0.5539358600583091,5.840641657373398,0.0,0.0,1.0,5.0,0.0,0.0,3.0,1.0
b0641,486.0,146.667,22.0,14.0,0.329004329004329,2.9119423471430594,445.0,119.408,10.0,5.0,0.24444444444444444,4.241771925518841,2.292278228672973,0.5578463962954928,0.5854922279792746,5.267858159063328,0.0,0.0,0.0,5.0,0.0,1.0,0.0,0.0
b0642,554.0,182.15,40.0,18.0,0.3243589743589744,4.1118111693668595,522.0,118.598,9.0,5.0,0.2777777777777778,3.7124217962943113,2.7641836072740564,0.673930750923589,0.6139534883720931,6.7580945044277305,0.0,0.0,1.0,4.0,1.0,0.0,1.0,1.0
b0643,447.0,130.869,19.0,16.0,0.7017543859649122,1.8513610860224685,419.0,108.693,2.0,1.0,0.0,1.944998696125464,2.717678822740232,0.5890318936085169,0.59375,5.081404364984463,0.0,0.0,0.0,1.0,0.0,0.0,0.0,0.0
b0644,186.0,45.182,4.0,3.0,0.5,1.8535878381165534,155.0,31.234,1.0,1.0,0.0,2.9922202274087373,-0.11861534322942717,0.5302978134578835,0.4646153846153846,5.786897381366708,0.0,0.0,0.0,2.0,0.0,0.0,0.0,0.0
b0645,122.0,34.725,2.0,2.0,1.0,1.0556435459846656,81.0,15.148,1.0,1.0,0.0,0.9947671793198862,0.4712917110589386,0.4734644699532356,0.4340425531914894,5.4638318050256105,0.0,0.0,0.0,1.0,0.0,0.0,0.0,0.0
b0646,333.0,92.208,11.0,5.0,0.05454545454545454,3.6577557324777907,296.0,69.113,7.0,3.0,0.047619047619047616,4.491727998439925,-0.049148541111453566,0.5276748639295197,0.47157894736842104,6.16541785423142,1.0,0.0,0.0,2.0,0.0,1.0,0.0,0.0
b0647,154.0,40.496,10.0,4.0,0.35555555555555557,3.8042906724289387,132.0,25.836,1.0,1.0,0.0,2.9922202274087373,0.0,0.49809491043416093,0.3858695652173913,5.220355825078324,0.0,0.0,0.0,1.0,0.0,0.0,0.0,0.0
b0648,99.0,30.456,6.0,3.0,0.2,2.9289145684113675,77.0,14.755,1.0,1.0,0.0,2.9922202274087373,0.0,0.47762130443722317,0.4808510638297872,5.4638318050256105,0.0,0.0,0.0,1.0,0.0,0.0,0.0,0.0
b0649,148.0,40.005,2.0,2.0,0.0,0.9808858084492993,106.0,14.337,1.0,1.0,0.0,2.9922202274087373,-1.4559319556497243,0.5069759660606157,0.4720496894409938,6.182084906716632,1.0,0.0,0.0,4.0,0.0,1.0,0.0,0.0
b0650,518.0,137.639,9.0,6.0,0.3055555555555556,1.99203645698852,439.0,79.557,6.0,4.0,0.2,2.6692108780551074,0.20951501454263097,0.5738223889583715,0.5323741007194245,6.322565239927284,0.0,0.0,0.0,5.0,1.0,0.0,0.0,0.0
b0651,112.0,31.027,5.0,5.0,0.1,1.0584134885753593,81.0,16.308,3.0,3.0,0.3333333333333333,1.548799071274043,2.15839265038712,0.5809368119664872,0.5080385852090032,5.7430031878094825,0.0,0.0,1.0,5.0,0.0,0.0,3.0,1.0
b0652,275.0,135.033,31.0,16.0,0.23225806451612904,3.878480852435422,185.0,41.614,24.0,12.0,0.2318840579710145,6.0921518864897575,1.6885088076565211,0.6662777001531766,0.6224066390041494,5.488937726156687,0.0,0.0,1.0,3.0,0.0,1.0,2.0,0.0
b0653,270.0,133.671,22.0,16.0,0.5324675324675324,2.9316357235898836,181.0,36.75,16.0,12.0,0.4083333333333333,4.33815471601868,0.7686381012476144,0.5673624087732566,0.6160714285714286,5.41610040220442,5.0,0.0,0.0,4.0,0.0,1.0,2.0,0.0
b0654,281.0,130.459,19.0,16.0,0.7134502923976608,2.4052647109937277,175.0,32.658,15.0,12.0,0.5523809523809524,3.7558191717668588,0.7909884750888159,0.5868577176499497,0.6463414634146342,5.5093883366279774,5.0,0.0,0.0,4.0,0.0,1.0,2.0,0.0
b0655,406.0,157.723,25.0,16.0,0.5466666666666666,3.318733568874701,254.0,47.63,3.0,3.0,1.0,1.107322729209044,3.076279898799018,0.6482328888496919,0.5562913907284768,5.713732805509369,0.0,0.0,0.0,5.0,0.0,0.0,2.0,0.0
b0656,54.0,20.558,3.0,3.0,1.0,1.6277026494902054,30.0,10.384,3.0,3.0,1.0,2.0335032846299033,-0.22257317761068865,0.6013635961704563,0.7116564417177914,5.7899601708972535,0.0,0.0,0.0,2.0,0.0,0.0,0.0,0.0
b0657,356.0,92.37,10.0,7.0,0.37777777777777777,1.7532426182601568,304.0,63.243,2.0,2.0,1.0,1.6851102507455933,0.7299742856995556,0.6242937963622721,0.662109375,6.240275845170769,8.0,0.0,1.0,5.0,0.0,1.0,0.0,0.0
b0658,235.0,55.122,4.0,3.0,0.3333333333333333,1.074861634089849,200.0,45.687,4.0,2.0,0.3333333333333333,3.2256355836925747,2.0414321646802653,0.6266722928694702,0.6095890410958904,5.680172609017068,0.0,0.0,0.0,4.0,0.0,0.0,0.0,0.0
b0659,503.0,151.214,17.0,10.0,0.19117647058823528,2.441799962930852,441.0,98.172,7.0,3.0,0.09523809523809523,4.457144205607917,1.8932622858879913,0.6518188988564843,0.5935483870967742,5.049856007249537,0.0,1.0,1.0,5.0,1.0,0.0,0.0,0.0
b0660,311.0,83.882,8.0,6.0,0.21428571428571427,1.5651075528431515,282.0,67.277,5.0,3.0,0.3,3.2243243468307297,2.491375703107734,0.7077834704499893,0.6184971098265896,5.849324779946859,0.0,0.0,0.0,2.0,1.0,0.0,0.0,0.0
b0661,366.0,103.29,11.0,7.0,0.10909090909090909,2.2642760912925284,322.0,63.273,4.0,3.0,0.16666666666666666,2.431020287578383,1.8797264966395772,0.6999139995936849,0.6329113924050633,6.163314804034641,0.0,1.0,1.0,5.0,1.0,0.0,0.0,0.0
b0662,263.0,67.437,10.0,8.0,0.6888888888888889,2.053050312961994,234.0,47.628,0.0,0.0,0.0,0.0,1.711047603867034,0.5777564772614112,0.6163682864450127,5.971261839790462,0.0,1.0,1.0,4.0,1.0,0.0,4.0,1.0
b0664,0.0,0.0,0.0,0.0,0.0,0.0,0.0,0.0,0.0,0.0,0.0,0.0,0.0,0.0,0.0,0.0,0.0,0.0,0.0,0.0,0.0,0.0,1.0,1.0
b0665,0.0,0.0,0.0,0.0,0.0,0.0,0.0,0.0,0.0,0.0,0.0,0.0,0.0,0.0,0.0,0.0,0.0,0.0,0.0,0.0,0.0,0.0,1.0,1.0
b0666,0.0,0.0,0.0,0.0,0.0,0.0,0.0,0.0,0.0,0.0,0.0,0.0,0.0,0.0,0.0,0.0,0.0,0.0,0.0,0.0,0.0,0.0,2.0,1.0
b0668,0.0,0.0,0.0,0.0,0.0,0.0,0.0,0.0,0.0,0.0,0.0,0.0,0.0,0.0,0.0,0.0,0.0,0.0,0.0,0.0,0.0,0.0,1.0,1.0
b0670,0.0,0.0,0.0,0.0,0.0,0.0,0.0,0.0,0.0,0.0,0.0,0.0,0.0,0.0,0.0,0.0,0.0,0.0,0.0,0.0,0.0,0.0,1.0,1.0
b0672,0.0,0.0,0.0,0.0,0.0,0.0,0.0,0.0,0.0,0.0,0.0,0.0,0.0,0.0,0.0,0.0,0.0,0.0,0.0,0.0,0.0,0.0,1.0,1.0
b0673,0.0,0.0,0.0,0.0,0.0,0.0,0.0,0.0,0.0,0.0,0.0,0.0,0.0,0.0,0.0,0.0,0.0,0.0,0.0,0.0,0.0,0.0,2.0,1.0
b0674,299.0,82.809,19.0,15.0,0.7602339181286549,2.513612660378254,258.0,42.772,1.0,1.0,0.0,1.2181689889098806,2.502440776828883,0.6528590803075343,0.575812274368231,6.318968113746434,0.0,0.0,1.0,5.0,0.0,0.0,4.0,0.0
b0675,256.0,60.953,7.0,6.0,0.3333333333333333,1.3590005011282127,241.0,48.184,4.0,3.0,0.5,3.6139090572473536,2.1461590556048185,0.6071836327551929,0.596,5.5254529391317835,0.0,1.0,1.0,5.0,0.0,0.0,6.0,1.0
b0676,192.0,50.944,6.0,6.0,0.4666666666666667,1.375322855294159,156.0,28.445,3.0,3.0,1.0,2.6068073202781465,1.645520514905874,0.636861128490973,0.5812807881773399,6.008813185442595,0.0,0.0,0.0,3.0,0.0,0.0,0.0,0.0
b0677,200.0,59.849,14.0,7.0,0.27472527472527475,2.7430706049948066,168.0,35.026,6.0,3.0,0.2,4.571729287815688,2.1238842934600077,0.6435721010250008,0.5497382198952879,5.948034989180646,0.0,1.0,1.0,5.0,0.0,0.0,2.0,0.0
b0678,207.0,65.018,16.0,8.0,0.26666666666666666,2.888153725395286,167.0,27.286,3.0,3.0,1.0,2.6068073202781465,2.505163549810412,0.6829478215751118,0.5300751879699248,5.58724865840025,0.0,0.0,1.0,5.0,0.0,0.0,2.0,0.0
b0679,678.0,202.41,23.0,10.0,0.2766798418972332,3.979608214133618,532.0,95.63,5.0,5.0,0.7,2.268347132623116,2.3243030374868345,0.6298613273923895,0.6157407407407407,6.47543271670409,12.0,1.0,1.0,5.0,0.0,1.0,2.0,0.0
b0680,510.0,177.871,65.0,38.0,0.4495192307692308,4.9961470189054555,488.0,116.387,11.0,8.0,0.5454545454545454,2.6345934531255506,2.687537878874246,0.7156613916857258,0.6064981949458483,6.318968113746434,0.0,0.0,1.0,5.0,1.0,0.0,2.0,1.0
b0681,74.0,25.762,1.0,1.0,0.0,2.4962556165751373,15.0,2.496,0.0,0.0,0.0,0.0,0.0,0.63051909173055,0.5897435897435898,6.150602768446279,0.0,0.0,0.0,3.0,0.0,1.0,0.0,0.0
b0682,28.0,9.213,1.0,1.0,0.0,2.4962556165751373,3.0,0.795,0.0,0.0,0.0,0.0,-1.4436974992327127,0.6073604131750518,0.5,4.6913478822291435,0.0,0.0,0.0,2.0,0.0,1.0,0.0,0.0
b0683,375.0,99.522,7.0,5.0,0.23809523809523808,1.8466773336047204,349.0,82.007,4.0,2.0,0.16666666666666666,2.7614228304378843,2.780324514310646,0.6636914543078168,0.4797297297297297,5.003946305945459,0.0,0.0,0.0,5.0,1.0,0.0,0.0,0.0
b0684,202.0,53.151,3.0,3.0,0.3333333333333333,0.9351886281005344,177.0,37.651,2.0,2.0,1.0,1.5020053714869057,2.789587762342296,0.6435659652288667,0.5113636363636364,5.176149732573829,0.0,1.0,0.0,4.0,0.0,0.0,0.0,0.0
b0685,253.0,69.042,8.0,5.0,0.10714285714285714,1.8298606277734861,231.0,60.544,6.0,3.0,0.2,3.2832324194354414,1.2946866242794433,0.6331517648887802,0.5876288659793815,4.584967478670572,0.0,0.0,0.0,2.0,0.0,0.0,0.0,0.0
b0686,178.0,44.536,6.0,5.0,0.4,1.4968795156485262,161.0,31.664,1.0,1.0,0.0,0.8970288088350991,2.0294243640580163,0.5920380058320515,0.5039370078740157,5.541263545158426,0.0,0.0,1.0,3.0,0.0,0.0,0.0,0.0
b0687,427.0,141.927,39.0,13.0,0.1700404858299595,5.713229270865163,363.0,109.325,24.0,8.0,0.3442028985507246,8.09977277638494,2.2671952031459672,0.5617902896251802,0.5524861878453039,5.204006687076795,0.0,0.0,0.0,5.0,1.0,0.0,0.0,0.0
b0688,351.0,121.436,50.0,18.0,0.23673469387755103,6.47060863956363,272.0,47.946,5.0,5.0,0.2,2.1134174265801398,2.7218188560163705,0.6693127617754896,0.6062271062271062,6.304448802421981,0.0,1.0,1.0,4.0,1.0,0.0,11.0,1.0
b0689,37.0,16.899,7.0,4.0,0.14285714285714285,3.233301139489851,10.0,2.225,0.0,0.0,0.0,0.0,-0.05848856736559697,0.5017974236667193,0.45121951219512196,5.10594547390058,0.0,0.0,0.0,1.0,0.0,1.0,0.0,0.0
b0691,0.0,0.0,0.0,0.0,0.0,0.0,0.0,0.0,0.0,0.0,0.0,0.0,0.0,0.0,0.0,5.37989735354046,0.0,0.0,0.0,1.0,0.0,0.0,0.0,0.0
b0692,164.0,41.33,3.0,3.0,0.3333333333333333,0.9930767988925585,133.0,25.746,2.0,1.0,0.0,4.225735974410449,-1.9871627752948278,0.5960851544863258,0.5785876993166287,6.0867747269123065,12.0,0.0,0.0,5.0,0.0,1.0,0.0,0.0
b0693,109.0,35.913,9.0,6.0,0.5277777777777778,2.2690678127635864,60.0,9.928,1.0,1.0,0.0,2.3754623539078814,1.3893433112520779,0.6197510770559903,0.49043715846994534,6.597145701886651,0.0,1.0,1.0,4.0,0.0,0.0,4.0,0.0
b0694,193.0,58.647,14.0,8.0,0.1978021978021978,2.2942455467309153,128.0,30.794,7.0,5.0,0.47619047619047616,3.575644619851711,0.6324572921847242,0.6174805972422083,0.6044444444444445,5.420534999272286,0.0,0.0,0.0,4.0,1.0,0.0,2.0,0.0
b0695,173.0,53.808,10.0,7.0,0.37777777777777777,1.72546910462247,139.0,25.887,5.0,5.0,1.0,2.76304773277559,0.8419848045901139,0.5707165645531163,0.6118568232662193,6.796823718274855,4.0,0.0,1.0,5.0,0.0,1.0,1.0,0.0
b0696,321.0,156.451,36.0,32.0,0.8063492063492064,4.09443105968746,155.0,39.492,5.0,5.0,1.0,2.76304773277559,-0.8538719643217619,0.5387985892688079,0.5421052631578948,5.25227342804663,1.0,0.0,0.0,5.0,0.0,1.0,1.0,0.0
b0697,328.0,154.227,35.0,32.0,0.8521008403361344,3.8681707523441764,162.0,32.842,5.0,5.0,1.0,2.76304773277559,0.05690485133647256,0.6267778252036771,0.6275659824046921,6.52649485957079,7.0,0.0,1.0,5.0,0.0,1.0,1.0,0.0
b0698,284.0,141.564,38.0,32.0,0.7268847795163584,4.5155394330118295,110.0,20.538,5.0,5.0,1.0,2.76304773277559,-0.8446639625349381,0.5883552860938487,0.651705565529623,6.324358962381311,10.0,0.0,0.0,5.0,0.0,1.0,1.0,0.0
b0699,118.0,37.305,1.0,1.0,0.0,0.7886227420520879,85.0,25.501,0.0,0.0,0.0,0.0,2.1139767582898465,0.5990780078612116,0.5441176470588235,4.23410650459726,0.0,0.0,0.0,1.0,0.0,0.0,0.0,0.0
b0700,295.0,74.635,1.0,1.0,0.0,0.7886227420520879,282.0,71.342,2.0,1.0,0.0,2.0595197595927957,-0.15676722190199055,0.587829739062908,0.6721546170365068,7.242797922793756,0.0,0.0,0.0,2.0,0.0,0.0,0.0,0.0
b0702,42.0,17.944,7.0,3.0,0.0,3.3185106525026957,24.0,8.577,2.0,1.0,0.0,2.6580718635713154,0.0,0.35886451102146544,0.3055555555555556,4.6913478822291435,3.0,0.0,0.0,1.0,0.0,1.0,0.0,0.0
b0703,0.0,0.0,0.0,0.0,0.0,0.0,0.0,0.0,0.0,0.0,0.0,0.0,0.0,0.0,0.0,6.169610732491456,0.0,0.0,0.0,2.0,0.0,0.0,0.0,0.0
b0704,24.0,8.658,2.0,2.0,0.0,1.1263622070490167,18.0,5.223,1.0,1.0,0.0,1.5992122383650529,-0.889410289700751,0.466614077405156,0.3386243386243386,5.247024072160486,0.0,0.0,0.0,1.0,0.0,0.0,0.0,0.0
b0705,0.0,0.0,0.0,0.0,0.0,0.0,0.0,0.0,0.0,0.0,0.0,0.0,0.0,0.0,0.0,5.937536205082426,0.0,0.0,0.0,2.0,0.0,0.0,0.0,0.0
b0706,131.0,37.19,10.0,5.0,0.5555555555555556,3.5413942118710984,115.0,25.983,0.0,0.0,0.0,0.0,0.45024910831936105,0.5432598920099849,0.3794466403162055,5.537334267018537,0.0,0.0,0.0,2.0,0.0,0.0,0.0,0.0
b0707,213.0,49.55,1.0,1.0,0.0,0.6081220604305645,204.0,47.333,1.0,1.0,0.0,2.9922202274087373,0.7737864449811935,0.5684073746456444,0.5207100591715976,5.135798437050262,0.0,0.0,0.0,1.0,0.0,0.0,0.0,0.0
b0708,212.0,56.136,6.0,5.0,0.06666666666666667,1.6453592559732806,161.0,27.297,1.0,1.0,0.0,2.9922202274087373,0.2764618041732441,0.5518719131296477,0.5635593220338984,6.159095388491933,0.0,1.0,1.0,5.0,0.0,0.0,0.0,0.0
b0709,151.0,34.927,0.0,0.0,0.0,0.0,123.0,23.033,0.0,0.0,0.0,0.0,-1.2441251443275085,0.6225922924292238,0.6206896551724138,6.202535517187923,14.0,0.0,0.0,3.0,0.0,1.0,0.0,0.0
b0710,260.0,58.546,4.0,4.0,1.0,0.9190425895578413,241.0,50.596,3.0,3.0,1.0,2.128446735924377,2.56467789772798,0.6389073925337166,0.5546558704453441,5.5134287461649825,0.0,0.0,0.0,5.0,0.0,0.0,0.0,0.0
b0711,94.0,38.219,17.0,14.0,0.7279411764705882,2.5003648983960804,62.0,14.881,4.0,3.0,0.8333333333333334,2.7222653962921117,1.7723950610820003,0.5734286717459612,0.6009174311926605,5.389071729816501,0.0,0.0,1.0,3.0,0.0,0.0,2.0,0.0
b0712,69.0,29.003,18.0,14.0,0.6470588235294118,2.5981830754024187,46.0,13.263,5.0,3.0,0.5,3.050736839083115,1.798028793404073,0.593479784150356,0.5838709677419355,5.739792912179234,0.0,0.0,1.0,3.0,0.0,0.0,2.0,0.0
b0713,101.0,36.154,17.0,14.0,0.7279411764705882,2.5003648983960804,83.0,23.296,4.0,3.0,0.8333333333333334,2.7222653962921117,1.0338256939533104,0.5670570705535632,0.5901639344262295,5.501258210544727,0.0,0.0,1.0,3.0,0.0,0.0,2.0,0.0
b0714,224.0,53.287,6.0,5.0,0.4666666666666667,1.2150245805709738,208.0,41.948,4.0,3.0,0.5,2.674366977882947,0.17897694729316943,0.5752436458146698,0.5513307984790875,5.575949103146316,0.0,1.0,2.0,5.0,0.0,0.0,1.0,0.0
b0715,212.0,50.111,4.0,4.0,1.0,0.8386621052504104,173.0,35.466,0.0,0.0,0.0,0.0,-1.4814860601221125,0.503852803542547,0.6206896551724138,5.855071922202427,10.0,0.0,0.0,2.0,0.0,1.0,0.0,0.0
b0716,21.0,9.236,3.0,3.0,0.3333333333333333,0.9983612579222702,15.0,3.928,2.0,2.0,1.0,1.1218373918035258,0.846955325019824,0.5725743387617952,0.5014164305949008,5.869296913133774,0.0,0.0,0.0,2.0,0.0,0.0,0.0,0.0
b0717,248.0,67.218,13.0,9.0,0.1282051282051282,3.5274496913501685,235.0,60.156,10.0,9.0,0.17777777777777778,4.00212265326723,0.0,0.515535810327568,0.49173553719008267,5.493061443340548,0.0,0.0,0.0,2.0,0.0,0.0,0.0,0.0
b0718,283.0,77.549,12.0,9.0,0.16666666666666666,2.824755095208146,243.0,63.446,12.0,9.0,0.15151515151515152,4.701232178780424,-1.080921907623926,0.6004979713336804,0.5435582822085889,6.704414354964107,0.0,0.0,0.0,2.0,0.0,1.0,0.0,0.0
b0719,62.0,18.671,2.0,2.0,1.0,0.9270550688509193,41.0,6.575,0.0,0.0,0.0,0.0,-0.208309350979882,0.5022387431615025,0.42021276595744683,5.241747015059643,0.0,0.0,0.0,2.0,0.0,0.0,0.0,0.0
b0720,595.0,216.511,82.0,23.0,0.25143029208069856,8.27617597292229,509.0,93.893,10.0,8.0,0.5777777777777777,3.2434583454812964,3.16017129636778,0.6810204545984269,0.5667447306791569,6.059123195581797,0.0,0.0,1.0,5.0,0.0,0.0,8.0,1.0
b0721,446.0,148.77,43.0,19.0,0.3842746400885936,4.866912494156913,385.0,99.005,21.0,9.0,0.35714285714285715,5.573678197827444,2.0294243640580163,0.5361663753619242,0.5658914728682171,4.867534450455582,3.0,1.0,0.0,5.0,0.0,1.0,8.0,1.0
b0722,308.0,100.985,31.0,19.0,0.46021505376344085,3.642986335924675,265.0,75.732,18.0,9.0,0.42483660130718953,5.1708023153872045,2.396216788290972,0.5862494792129928,0.6608695652173913,4.7535901911063645,3.0,1.0,0.0,5.0,0.0,1.0,8.0,1.0
b0723,460.0,156.864,51.0,19.0,0.3333333333333333,5.765657318154311,412.0,93.641,27.0,9.0,0.29914529914529914,7.649390510474722,2.870409758264949,0.6850464735534716,0.6020408163265306,6.3784261836515865,0.0,1.0,1.0,5.0,1.0,1.0,8.0,1.0
b0724,378.0,133.75,44.0,19.0,0.4090909090909091,4.790271419865911,340.0,88.297,26.0,9.0,0.3292307692307692,6.701807388754638,2.9395242444805265,0.5931033774998651,0.5882352941176471,5.476463551931511,0.0,1.0,1.0,5.0,0.0,1.0,8.0,1.0
b0726,430.0,151.922,58.0,19.0,0.2595281306715064,6.41751330543915,343.0,72.55,19.0,9.0,0.45614035087719296,5.201748975964017,2.8075417927277253,0.6540504627988727,0.6441586280814576,6.839476438228843,0.0,1.0,1.0,5.0,0.0,0.0,7.0,1.0
b0727,440.0,136.499,40.0,19.0,0.29102564102564105,4.746072729865267,387.0,73.277,14.0,9.0,0.4725274725274725,4.473719394743116,3.117606004373727,0.6851690106724073,0.6024691358024692,6.0063531596017325,0.0,1.0,1.0,5.0,0.0,0.0,9.0,1.0
b0728,479.0,165.115,60.0,23.0,0.37231638418079094,6.3094248145029805,403.0,81.167,16.0,9.0,0.43333333333333335,4.655372835426454,3.2911489831813547,0.6310685168971868,0.5592783505154639,5.963579343618446,0.0,1.0,1.0,5.0,0.0,0.0,8.0,1.0
b0729,293.0,111.583,49.0,23.0,0.4744897959183674,5.174947250361469,265.0,62.299,14.0,9.0,0.6263736263736264,3.8580082403910905,3.2545504938773293,0.6607839387594234,0.5778546712802768,5.66988092298052,0.0,0.0,1.0,5.0,0.0,0.0,8.0,1.0
b0730,206.0,50.923,3.0,3.0,0.3333333333333333,0.9682897836228354,180.0,39.784,2.0,2.0,0.0,1.7700871275967567,0.4828735836087537,0.5871030924156416,0.5208333333333334,5.484796933490655,0.0,0.0,0.0,4.0,0.0,0.0,0.0,0.0
b0731,416.0,124.329,17.0,10.0,0.33088235294117646,3.164134271154299,333.0,63.682,11.0,5.0,0.36363636363636365,4.865488053572557,-0.7520267336381933,0.5377829655054713,0.574468085106383,6.490723534502507,9.0,0.0,1.0,5.0,0.0,1.0,1.0,0.0
b0732,245.0,63.804,3.0,3.0,0.3333333333333333,0.9964071394147253,223.0,52.789,1.0,1.0,0.0,0.8248451976356901,0.2013971243204515,0.5714151894498226,0.5336374002280502,6.777646593635117,0.0,1.0,1.0,3.0,0.0,0.0,0.0,0.0
b0733,161.0,55.837,16.0,11.0,0.475,2.3500464278108155,88.0,15.827,5.0,4.0,0.6,2.2222087809131104,2.781044128867602,0.6261896853862587,0.6245210727969349,6.259581464064923,9.0,1.0,1.0,5.0,0.0,1.0,3.0,1.0
b0734,168.0,55.157,15.0,11.0,0.5428571428571428,2.2183067479263916,94.0,14.589,5.0,4.0,0.6,2.2222087809131104,2.6031552027714753,0.6371112992882308,0.6490765171503958,5.940171252720432,8.0,1.0,1.0,5.0,0.0,1.0,3.0,1.0
b0735,32.0,11.249,3.0,3.0,1.0,0.7789480633914964,14.0,5.469,2.0,2.0,1.0,1.2046239613666363,0.0,0.5144719509346575,0.5773195876288659,4.584967478670572,0.0,0.0,0.0,2.0,0.0,0.0,0.0,0.0
b0736,331.0,80.283,13.0,9.0,0.2692307692307692,2.0959644086052682,312.0,62.523,3.0,3.0,1.0,1.4047773666686536,1.3386556655787003,0.5415267158824362,0.5149253731343284,4.90527477843843,0.0,0.0,1.0,4.0,1.0,1.0,0.0,0.0
b0737,269.0,79.362,13.0,10.0,0.46153846153846156,1.9513821267437046,241.0,63.25,12.0,6.0,0.30303030303030304,4.15595722110448,1.8537590330747689,0.5922756884901821,0.5739130434782609,5.442417710521793,3.0,0.0,0.0,5.0,0.0,1.0,0.0,0.0
b0738,318.0,93.177,15.0,11.0,0.4,2.097642783116159,285.0,74.997,8.0,6.0,0.42857142857142855,2.866082312456895,1.638589083292717,0.6046892935842566,0.5704225352112676,4.962844630259907,1.0,0.0,0.0,5.0,0.0,1.0,0.0,0.0
b0739,376.0,102.124,7.0,7.0,0.5714285714285714,1.238754865302178,370.0,100.447,5.0,4.0,0.4,2.0996039876695174,1.694692926331484,0.4568117558417505,0.43705463182897863,6.045005314036012,1.0,0.0,0.0,5.0,0.0,1.0,0.0,0.0
b0740,455.0,140.275,24.0,13.0,0.40217391304347827,3.2172347001186936,420.0,113.908,10.0,6.0,0.3333333333333333,3.5852003693524575,2.903637937954038,0.5678172896785861,0.49767441860465117,6.066108090103747,0.0,0.0,0.0,5.0,0.0,1.0,0.0,0.0
b0741,437.0,135.413,16.0,11.0,0.3416666666666667,2.2233384112750896,406.0,108.122,10.0,6.0,0.35555555555555557,3.288829490354823,2.797274467322242,0.6619210019722057,0.5722543352601156,5.159055299214529,0.0,0.0,0.0,5.0,0.0,1.0,0.0,0.0
b0742,491.0,134.595,12.0,10.0,0.4090909090909091,1.7879828049620647,464.0,117.565,4.0,4.0,0.6666666666666666,1.6846254897632087,2.4014177743476224,0.5667626436045293,0.5019011406844106,5.575949103146316,0.0,0.0,0.0,5.0,0.0,1.0,0.0,0.0
b0743,0.0,0.0,0.0,0.0,0.0,0.0,0.0,0.0,0.0,0.0,0.0,0.0,0.0,0.0,0.0,0.0,0.0,0.0,0.0,0.0,0.0,0.0,1.0,1.0
b0744,0.0,0.0,0.0,0.0,0.0,0.0,0.0,0.0,0.0,0.0,0.0,0.0,0.0,0.0,0.0,0.0,0.0,0.0,0.0,0.0,0.0,0.0,1.0,1.0
b0745,0.0,0.0,0.0,0.0,0.0,0.0,0.0,0.0,0.0,0.0,0.0,0.0,0.0,0.0,0.0,0.0,0.0,0.0,0.0,0.0,0.0,0.0,1.0,1.0
b0746,0.0,0.0,0.0,0.0,0.0,0.0,0.0,0.0,0.0,0.0,0.0,0.0,0.0,0.0,0.0,0.0,0.0,0.0,0.0,0.0,0.0,0.0,1.0,1.0
b0747,0.0,0.0,0.0,0.0,0.0,0.0,0.0,0.0,0.0,0.0,0.0,0.0,0.0,0.0,0.0,0.0,0.0,0.0,0.0,0.0,0.0,0.0,1.0,1.0
b0748,0.0,0.0,0.0,0.0,0.0,0.0,0.0,0.0,0.0,0.0,0.0,0.0,0.0,0.0,0.0,0.0,0.0,0.0,0.0,0.0,0.0,0.0,1.0,1.0
b0749,0.0,0.0,0.0,0.0,0.0,0.0,0.0,0.0,0.0,0.0,0.0,0.0,0.0,0.0,0.0,0.0,0.0,0.0,0.0,0.0,0.0,0.0,1.0,1.0
b0750,263.0,73.164,9.0,8.0,0.7222222222222222,1.59795617769518,212.0,37.291,3.0,3.0,0.6666666666666666,2.241490927458874,1.5011962420270888,0.5407224287829192,0.46397694524495675,5.8522024797744745,0.0,1.0,1.0,5.0,1.0,0.0,3.0,1.0
b0751,276.0,65.176,6.0,6.0,1.0,1.1533752930791863,236.0,49.316,3.0,3.0,0.3333333333333333,2.263435255438034,0.6364878963533654,0.5805998860024583,0.6150627615062761,5.480638923341991,6.0,0.0,0.0,3.0,0.0,1.0,0.0,0.0
b0752,224.0,56.555,6.0,5.0,0.4666666666666667,1.7467334749302166,183.0,31.886,0.0,0.0,0.0,0.0,-0.033389013318065645,0.522947391818497,0.5654952076677316,5.749392985908253,6.0,0.0,0.0,3.0,0.0,1.0,0.0,0.0
b0753,115.0,42.61,10.0,6.0,0.26666666666666666,2.2490465347561477,97.0,30.332,2.0,2.0,0.0,1.4575009562334444,3.194794530985624,0.5818993456334548,0.5079365079365079,4.844187086458591,0.0,0.0,0.0,1.0,0.0,0.0,0.0,0.0
b0754,111.0,43.419,22.0,13.0,0.5454545454545454,2.951747081072352,83.0,10.51,0.0,0.0,0.0,0.0,2.83315348917113,0.622794158110269,0.5685714285714286,5.860786223465865,0.0,0.0,1.0,5.0,1.0,0.0,5.0,0.0
b0755,340.0,103.033,26.0,18.0,0.5538461538461539,3.1515907486258774,274.0,43.772,3.0,3.0,1.0,1.3242905997596441,3.6039029128716797,0.6866755428734329,0.548,5.5254529391317835,0.0,0.0,1.0,5.0,0.0,0.0,8.0,1.0
b0756,204.0,59.001,14.0,9.0,0.3516483516483517,2.3619724473694785,162.0,31.185,3.0,3.0,1.0,2.561796977208251,2.7581622012115834,0.6153652606717864,0.6127167630057804,5.849324779946859,0.0,0.0,1.0,4.0,1.0,0.0,5.0,1.0
b0757,328.0,97.753,13.0,9.0,0.41025641025641024,2.071657598481663,218.0,37.155,3.0,3.0,1.0,2.561796977208251,2.5198411142567365,0.6252060790365871,0.5575916230366492,5.948034989180646,0.0,0.0,1.0,5.0,1.0,0.0,4.0,0.0
b0758,128.0,35.248,8.0,8.0,0.6071428571428571,1.3968240966347603,100.0,19.519,3.0,3.0,1.0,2.561796977208251,2.644448437303621,0.6056268586267537,0.6120689655172413,5.855071922202427,0.0,1.0,1.0,5.0,0.0,0.0,4.0,0.0
b0759,465.0,127.232,15.0,10.0,0.29523809523809524,2.312716924611605,399.0,59.93,4.0,3.0,0.5,3.099123259236876,2.6222243878660443,0.6580470382393993,0.6183431952662722,5.82600010738045,0.0,1.0,1.0,5.0,0.0,0.0,4.0,0.0
b0760,432.0,159.959,7.0,5.0,0.2857142857142857,1.6739943983613048,244.0,47.753,1.0,1.0,0.0,0.8173710669089662,1.3119656603683663,0.5577472240372836,0.5469387755102041,6.19644412779452,0.0,0.0,0.0,3.0,0.0,1.0,1.0,0.0
b0761,387.0,97.464,8.0,7.0,0.5357142857142857,1.5673997570438636,331.0,65.661,1.0,1.0,0.0,1.0825055157530734,1.7372721765355434,0.5656630294896537,0.5534351145038168,5.572154032177765,0.0,0.0,0.0,5.0,1.0,0.0,0.0,0.0
b0762,107.0,38.053,7.0,4.0,0.19047619047619047,1.747711621755684,21.0,4.654,0.0,0.0,0.0,0.0,0.0,0.5099665134212592,0.4489795918367347,3.912023005428146,1.0,0.0,0.0,5.0,0.0,1.0,0.0,0.0
b0763,399.0,161.082,16.0,9.0,0.25,2.7349227803072176,216.0,36.419,3.0,2.0,0.3333333333333333,2.231366597074977,2.6902049430907664,0.5894825138057642,0.48249027237354086,5.552959584921617,0.0,0.0,0.0,5.0,0.0,0.0,1.0,0.0
b0764,334.0,149.71,28.0,13.0,0.10317460317460317,3.9594870254159336,184.0,42.51,16.0,8.0,0.008333333333333333,5.328072383796079,-0.05848856736559697,0.5121289012533444,0.5676855895196506,5.438079308923196,5.0,0.0,0.0,4.0,0.0,1.0,1.0,0.0
b0765,387.0,154.463,12.0,9.0,0.2727272727272727,1.978562473963669,256.0,41.573,2.0,2.0,1.0,1.3655493414956352,1.3161800988934527,0.6088750643353577,0.5965909090909091,5.8664680569332965,0.0,0.0,1.0,4.0,0.0,1.0,1.0,0.0
b0766,225.0,58.064,2.0,2.0,1.0,0.640024036158636,201.0,42.745,0.0,0.0,0.0,0.0,1.1007150865730817,0.5991686554598048,0.5551470588235294,5.60947179518496,0.0,1.0,1.0,5.0,0.0,0.0,2.0,0.0
b0767,270.0,63.006,5.0,5.0,0.8,1.0909292450481884,233.0,47.134,0.0,0.0,0.0,0.0,2.8115817078942182,0.650694966023412,0.6042296072507553,5.805134968916488,0.0,0.0,1.0,4.0,0.0,0.0,5.0,1.0
b0768,115.0,29.332,5.0,3.0,0.2,2.1126991093692356,113.0,25.836,1.0,1.0,0.0,1.53587291440867,0.421603926869831,0.48197199069141394,0.4668769716088328,5.762051382780177,0.0,0.0,0.0,2.0,0.0,0.0,0.0,0.0
b0769,139.0,34.33,3.0,3.0,0.0,0.9928309418470962,112.0,24.809,2.0,1.0,0.0,2.514726181720553,-0.632644078973981,0.54016861143989,0.44,5.860786223465865,0.0,0.0,1.0,1.0,0.0,0.0,0.0,0.0
b0770,110.0,24.369,1.0,1.0,0.0,0.5257055210740856,103.0,22.09,0.0,0.0,0.0,0.0,0.6031443726201823,0.5938910752990624,0.5932914046121593,6.169610732491456,11.0,0.0,0.0,2.0,0.0,1.0,0.0,0.0
b0771,372.0,107.741,10.0,8.0,0.3333333333333333,1.7839375600155425,303.0,45.765,2.0,1.0,0.0,1.8381728276873204,-0.21538270736712464,0.6618492708321565,0.5657370517928287,6.625392368007956,0.0,1.0,0.0,2.0,0.0,0.0,0.0,0.0
b0772,372.0,103.936,5.0,3.0,0.0,1.9735693087875918,321.0,82.502,4.0,2.0,0.0,3.6841920716361387,1.8182918907999959,0.6544515618681999,0.5526932084309133,6.059123195581797,0.0,0.0,1.0,4.0,0.0,1.0,4.0,0.0
b0773,193.0,68.46,1.0,1.0,0.0,0.7126354637229617,158.0,22.111,0.0,0.0,0.0,0.0,2.2966871237724016,0.6272800266446423,0.5189873417721519,5.0689042022202315,0.0,0.0,0.0,2.0,1.0,0.0,0.0,0.0
b0774,271.0,71.747,7.0,6.0,0.9047619047619048,1.591191395223722,211.0,35.953,5.0,4.0,0.9,3.2743666644794205,1.2432861460834461,0.6435498098464957,0.627039627039627,6.063785208687608,0.0,1.0,1.0,5.0,1.0,0.0,3.0,1.0
b0775,286.0,83.365,16.0,7.0,0.15,3.223677780179889,218.0,36.316,5.0,4.0,0.9,3.2743666644794205,0.8830933585756899,0.6203751410169638,0.6502890173410405,5.849324779946859,0.0,1.0,1.0,5.0,0.0,0.0,3.0,1.0
b0776,228.0,62.076,8.0,6.0,0.6785714285714286,1.6950526400424049,184.0,31.842,6.0,4.0,0.6,3.5460599637523846,0.6794278966121188,0.5678927311211126,0.5963541666666666,5.953243334287785,0.0,1.0,1.0,5.0,0.0,0.0,3.0,1.0
b0777,231.0,58.654,13.0,7.0,0.3076923076923077,2.459808652568037,203.0,42.294,6.0,4.0,0.6,4.126088310263286,-0.2433638917541519,0.514011744309168,0.5657370517928287,5.529429087511423,0.0,0.0,1.0,3.0,0.0,0.0,3.0,1.0
b0778,172.0,48.552,10.0,6.0,0.4666666666666667,2.092414809361713,138.0,26.678,5.0,4.0,0.6,3.6191319792185115,1.8222334802388442,0.5112570435207057,0.5333333333333333,5.420534999272286,0.0,1.0,1.0,5.0,1.0,0.0,3.0,1.0
b0779,400.0,129.229,30.0,16.0,0.4850574712643678,3.793310896072613,337.0,58.252,3.0,3.0,0.6666666666666666,2.622712376768578,1.8627870982353445,0.6242201940967023,0.6077265973254086,6.513230110912307,0.0,0.0,0.0,5.0,1.0,0.0,1.0,0.0
b0780,280.0,64.902,1.0,1.0,0.0,0.5288911425403487,221.0,43.336,1.0,1.0,0.0,0.9255105970935879,0.43136376415898725,0.5440494822741656,0.5463576158940397,5.713732805509369,0.0,0.0,0.0,2.0,1.0,0.0,0.0,0.0
b0781,307.0,97.283,28.0,11.0,0.25396825396825395,4.1061739338871845,253.0,47.125,6.0,5.0,0.8666666666666667,2.9612438740971374,-0.026872146400301312,0.6499486861737412,0.6109422492401215,5.799092654460526,0.0,1.0,1.0,5.0,0.0,0.0,4.0,1.0
b0782,100.0,30.318,8.0,7.0,0.8928571428571429,1.599546139754429,92.0,22.088,5.0,5.0,1.0,2.5107601969542945,2.868650315141017,0.5964654491557386,0.5176470588235295,5.14166355650266,0.0,0.0,0.0,4.0,0.0,0.0,4.0,1.0
b0783,216.0,64.773,15.0,8.0,0.45714285714285713,2.6544317783299145,177.0,38.084,7.0,5.0,0.6666666666666666,3.3641236184050594,2.049256797232227,0.6710033341876593,0.6335403726708074,5.087596335232384,0.0,0.0,1.0,5.0,0.0,0.0,4.0,1.0
b0784,217.0,67.834,15.0,8.0,0.4380952380952381,2.7635553564634607,186.0,38.377,5.0,5.0,1.0,2.5107601969542945,1.8887970674566807,0.5682875783291531,0.5802469135802469,4.406719247264253,0.0,0.0,0.0,5.0,0.0,0.0,1.0,0.0
b0785,193.0,65.268,21.0,8.0,0.3,3.620991605380675,156.0,35.005,8.0,5.0,0.5,3.84282332750027,2.1399105558756824,0.6456329048072779,0.5933333333333334,5.017279836814924,0.0,0.0,1.0,5.0,0.0,0.0,4.0,1.0
b0786,195.0,44.775,0.0,0.0,0.0,0.0,174.0,37.022,0.0,0.0,0.0,0.0,1.26030994579492,0.5032711041555942,0.6196581196581197,5.459585514144159,7.0,0.0,0.0,2.0,0.0,1.0,0.0,0.0
b0787,36.0,9.501,1.0,1.0,0.0,0.6624884445742373,32.0,7.205,0.0,0.0,0.0,0.0,-0.8181564120552275,0.42529660906686,0.45147679324894513,5.472270673671475,7.0,0.0,0.0,1.0,0.0,1.0,0.0,0.0
b0788,369.0,92.213,4.0,3.0,0.3333333333333333,1.4336116245239632,342.0,75.294,2.0,2.0,1.0,1.9153718634550487,-0.08144546944972647,0.6049606023595634,0.6729559748427673,5.765191102784844,9.0,0.0,0.0,2.0,0.0,1.0,0.0,0.0
b0789,196.0,50.296,11.0,9.0,0.5636363636363636,2.3589154336794285,171.0,31.607,2.0,2.0,1.0,1.9153718634550487,0.4996870826184038,0.6171804706988347,0.5980629539951574,6.025865973825314,0.0,0.0,1.0,5.0,0.0,1.0,2.0,0.0
b0790,297.0,78.419,5.0,4.0,0.1,1.5778055678392602,285.0,72.714,5.0,2.0,0.1,3.8213482171880413,0.5171958979499742,0.6002887761897707,0.6047430830039525,5.537334267018537,0.0,0.0,0.0,1.0,0.0,0.0,0.0,0.0
b0791,9.0,3.065,0.0,0.0,0.0,0.0,9.0,3.107,0.0,0.0,0.0,0.0,0.0,0.5760347304583329,0.6323529411764706,4.919980925828125,4.0,0.0,0.0,2.0,0.0,1.0,0.0,0.0
b0792,291.0,136.171,6.0,5.0,0.6666666666666666,1.4206664547392893,179.0,26.035,5.0,4.0,0.8,2.714040601406397,0.6560982020128319,0.5965370119947494,0.6657608695652174,5.910796644040527,6.0,0.0,0.0,4.0,0.0,1.0,0.0,0.0
b0793,251.0,128.945,24.0,12.0,0.11231884057971014,3.8191656496932844,145.0,31.776,13.0,6.0,0.10256410256410256,5.382028542962404,-0.3526170298853802,0.6399929062866606,0.7055702917771883,5.934894195619588,6.0,0.0,0.0,4.0,0.0,1.0,0.0,0.0
b0794,317.0,139.086,9.0,5.0,0.3888888888888889,1.8603875186421956,209.0,29.472,6.0,4.0,0.6,3.2995072141927286,0.22271647114758325,0.5986483827292555,0.6591695501730104,6.361302477572996,0.0,0.0,0.0,4.0,0.0,0.0,0.0,0.0
b0795,114.0,29.97,5.0,5.0,0.6,1.2832438247510283,102.0,25.463,4.0,4.0,1.0,2.2000199244276484,1.3098430047160705,0.5846974351374173,0.6114457831325302,5.808142489980444,0.0,0.0,0.0,3.0,0.0,0.0,0.0,0.0
b0796,288.0,73.57,6.0,5.0,0.4,1.6311517998652083,242.0,54.037,4.0,4.0,1.0,2.200019924427648,0.3979400086720376,0.5774049681411472,0.6457399103139013,5.4116460518550396,0.0,0.0,0.0,4.0,1.0,0.0,0.0,0.0
b0797,261.0,81.492,4.0,4.0,0.6666666666666666,0.7246522374923337,225.0,33.742,0.0,0.0,0.0,0.0,1.2432861460834461,0.6699771236922565,0.5770925110132159,6.12029741895095,0.0,0.0,1.0,5.0,1.0,0.0,1.0,0.0
b0798,106.0,27.373,3.0,3.0,0.3333333333333333,0.7908026932083277,91.0,22.785,2.0,2.0,1.0,1.366331138156878,0.9294189257142927,0.5062698685863943,0.5375,5.081404364984463,0.0,0.0,1.0,5.0,0.0,0.0,0.0,0.0
b0799,305.0,90.66,16.0,13.0,0.375,2.016343251548681,259.0,46.949,1.0,1.0,0.0,0.9226495117922533,-0.4329736338409396,0.590867468369701,0.6145251396648045,6.57507584059962,0.0,1.0,1.0,5.0,0.0,0.0,0.0,0.0
b0800,308.0,76.756,7.0,6.0,0.47619047619047616,1.329124035391075,277.0,55.25,4.0,3.0,0.5,2.2286774955160973,2.4216203771068323,0.5962228051092012,0.603125,5.771441123130016,0.0,0.0,0.0,5.0,0.0,0.0,0.0,0.0
b0801,151.0,41.593,5.0,4.0,0.6,1.345144353418819,127.0,21.32,0.0,0.0,0.0,0.0,2.399691023705375,0.6070348706307725,0.592797783933518,5.8916442118257715,0.0,0.0,2.0,5.0,0.0,0.0,4.0,0.0
b0802,56.0,18.705,4.0,3.0,0.3333333333333333,2.351830082752702,18.0,2.728,0.0,0.0,0.0,0.0,0.8573324964312685,0.558254609525059,0.5116279069767442,4.465908118654584,0.0,0.0,0.0,2.0,0.0,0.0,0.0,0.0
b0803,251.0,55.72,3.0,3.0,0.3333333333333333,1.0731685916186766,233.0,42.844,1.0,1.0,0.0,0.768740368729222,0.0,0.5369160191715676,0.4659090909090909,4.48863636973214,0.0,0.0,0.0,2.0,0.0,0.0,0.0,0.0
b0804,154.0,42.212,8.0,6.0,0.5357142857142857,1.7021581691597194,140.0,34.879,7.0,6.0,0.6666666666666666,2.6367534943504474,1.8021577531869615,0.5846141886564019,0.5955555555555555,5.420534999272286,0.0,1.0,1.0,2.0,0.0,0.0,0.0,0.0
b0805,201.0,62.159,17.0,13.0,0.5735294117647058,3.090388799188536,174.0,45.285,10.0,9.0,0.8666666666666667,3.049434225426378,1.9978667262391447,0.6336585054481432,0.6065789473684211,6.634633357861686,0.0,0.0,0.0,4.0,0.0,1.0,0.0,0.0
b0806,65.0,20.653,3.0,2.0,0.3333333333333333,1.8006823607389177,30.0,4.371,0.0,0.0,0.0,0.0,-0.6073030467403343,0.52380880626727,0.5465116279069767,4.465908118654584,0.0,0.0,0.0,3.0,0.0,0.0,0.0,0.0
b0807,179.0,47.974,2.0,2.0,1.0,0.7257744664264304,142.0,27.17,0.0,0.0,0.0,0.0,1.1007150865730817,0.6101852038305859,0.5941558441558441,5.733341276897746,0.0,0.0,1.0,3.0,1.0,0.0,0.0,0.0
b0808,241.0,60.502,5.0,4.0,0.6,1.8812030685242964,227.0,50.533,0.0,0.0,0.0,0.0,-0.32790214206428253,0.5905614500264201,0.6221322537112011,6.60934924316738,11.0,0.0,0.0,4.0,0.0,1.0,0.0,0.0
b0809,303.0,142.681,33.0,16.0,0.21401515151515152,4.0619369095617595,209.0,46.838,22.0,12.0,0.2554112554112554,5.67939957239503,2.5599185889066356,0.691086741792955,0.6375,5.484796933490655,0.0,0.0,0.0,4.0,0.0,1.0,1.0,0.0
b0810,263.0,132.154,22.0,16.0,0.36796536796536794,2.8491293028234104,145.0,33.886,12.0,12.0,0.5151515151515151,2.9957516819586676,1.6212801675504147,0.6622022187497828,0.6255707762557078,5.393627546352362,5.0,0.0,0.0,3.0,0.0,1.0,1.0,0.0
b0811,303.0,135.886,23.0,16.0,0.5138339920948617,2.902413766255422,161.0,34.249,15.0,12.0,0.4666666666666667,4.003170524300704,3.382199011678081,0.6765606544821713,0.5766129032258065,5.517452896464707,0.0,0.0,0.0,4.0,0.0,0.0,1.0,0.0
b0812,388.0,115.985,18.0,11.0,0.38562091503267976,3.2719000228532487,349.0,85.079,15.0,11.0,0.5333333333333333,5.047687928807392,3.4169748352892944,0.6437867180491847,0.562874251497006,5.123963979403259,0.0,0.0,1.0,5.0,1.0,0.0,0.0,0.0
b0813,187.0,43.379,3.0,2.0,0.3333333333333333,1.304725569021187,131.0,24.057,1.0,1.0,0.0,0.7346896559625973,-0.09420411963213146,0.4423178856563721,0.5288135593220339,5.69035945432406,10.0,0.0,0.0,4.0,0.0,1.0,0.0,0.0
b0814,165.0,53.311,13.0,11.0,0.5641025641025641,1.89169176142057,98.0,11.274,0.0,0.0,0.0,0.0,3.120577221303099,0.6304851299523891,0.5672514619883041,5.147494476813453,8.0,0.0,0.0,3.0,0.0,1.0,0.0,0.0
b0815,311.0,77.896,2.0,2.0,0.0,0.801717344595965,294.0,71.697,0.0,0.0,0.0,0.0,0.08635983067474821,0.5727742364369109,0.5654648956356736,6.269096283706261,4.0,0.0,1.0,3.0,0.0,1.0,0.0,0.0
b0817,351.0,103.637,16.0,7.0,0.10833333333333334,3.6181587709217187,296.0,72.786,8.0,6.0,0.32142857142857145,3.077054624396287,1.1586639808139894,0.49864475462001956,0.5806451612903226,5.049856007249537,0.0,0.0,0.0,4.0,1.0,0.0,0.0,0.0
b0818,182.0,40.154,1.0,1.0,0.0,0.567570258813605,175.0,37.164,1.0,1.0,0.0,0.7757561339907106,-0.8827287043442357,0.5200385515104436,0.5994623655913979,5.921578419643816,10.0,0.0,0.0,2.0,0.0,1.0,0.0,0.0
b0819,228.0,55.533,3.0,3.0,0.3333333333333333,0.9403150092684428,202.0,42.659,0.0,0.0,0.0,0.0,2.808217727062711,0.6524482438126099,0.5784313725490197,5.726847747587197,0.0,0.0,1.0,5.0,0.0,0.0,1.0,0.0
b0820,241.0,73.479,1.0,1.0,0.0,0.5432168905271533,232.0,42.538,0.0,0.0,0.0,0.0,2.1173044466410027,0.6822587837939633,0.6452830188679245,6.274762021241939,0.0,0.0,0.0,4.0,0.0,0.0,0.0,0.0
b0821,209.0,49.789,2.0,2.0,0.0,1.2646587036656232,171.0,36.028,0.0,0.0,0.0,0.0,1.2229764498933913,0.5569360022102764,0.6009501187648456,6.045005314036012,0.0,0.0,0.0,1.0,0.0,0.0,0.0,0.0
b0822,154.0,36.806,3.0,2.0,0.0,1.5332747029163927,126.0,25.55,1.0,1.0,0.0,1.1447804316709538,1.4168068718229445,0.6144276731536547,0.5202952029520295,5.605802066295998,0.0,1.0,1.0,5.0,0.0,0.0,0.0,0.0
b0823,170.0,82.735,65.0,23.0,0.33942307692307694,7.19239003905649,108.0,22.642,5.0,4.0,0.0,3.453248982017814,1.245759355967277,0.6926925069492886,0.6296296296296297,6.698268054115413,0.0,0.0,1.0,2.0,0.0,0.0,0.0,0.0
b0824,116.0,32.327,8.0,6.0,0.32142857142857145,1.4782807824052828,90.0,20.722,5.0,4.0,0.1,3.136645189453432,0.3010299956639812,0.6103204360784243,0.6020066889632107,5.703782474656201,0.0,1.0,1.0,3.0,1.0,0.0,0.0,0.0
b0825,224.0,56.169,3.0,3.0,0.3333333333333333,0.7637725602832405,211.0,36.497,1.0,1.0,0.0,1.038914746353563,2.330434067009712,0.6027156392706076,0.5409090909090909,5.3981627015177525,0.0,0.0,1.0,5.0,1.0,0.0,0.0,0.0
b0826,233.0,69.58,13.0,8.0,0.38461538461538464,2.4374787356279413,208.0,38.133,3.0,3.0,0.3333333333333333,1.688178775986806,0.6830470382388495,0.5858319375399891,0.606425702811245,5.521460917862246,0.0,1.0,1.0,5.0,0.0,0.0,1.0,0.0
b0827,216.0,72.37,25.0,9.0,0.23,4.140810181475911,186.0,43.776,10.0,5.0,0.37777777777777777,4.675550584643349,2.173215414714886,0.6267078489938298,0.5863746958637469,6.021023349349527,0.0,1.0,1.0,5.0,0.0,0.0,3.0,1.0
b0828,165.0,55.728,27.0,15.0,0.4415954415954416,3.4012612900179904,139.0,35.336,9.0,9.0,0.6111111111111112,2.374300940735611,1.0216027160282422,0.5701148657828476,0.573208722741433,5.7745515455444085,0.0,0.0,1.0,5.0,0.0,0.0,4.0,0.0
b0829,306.0,145.214,27.0,17.0,0.42450142450142453,3.658701717108249,186.0,46.591,13.0,10.0,0.3333333333333333,3.1762027147997154,0.8318697742805017,0.557558658025744,0.5569823434991974,6.436150368369428,0.0,0.0,1.0,4.0,0.0,1.0,1.0,0.0
b0830,335.0,146.75,21.0,17.0,0.4714285714285714,2.6479190121179745,221.0,51.191,15.0,11.0,0.37142857142857144,3.46464928929761,2.3424424210318366,0.6242902757456258,0.595703125,6.240275845170769,0.0,0.0,0.0,4.0,0.0,0.0,1.0,0.0
b0831,228.0,123.699,27.0,17.0,0.5527065527065527,3.320814374021479,146.0,33.682,20.0,12.0,0.4473684210526316,4.5049840424014675,0.8182258936139555,0.5395519113528799,0.6339869281045751,5.726847747587197,6.0,0.0,0.0,4.0,0.0,1.0,1.0,0.0
b0832,226.0,129.005,39.0,17.0,0.29554655870445345,4.617504541669011,142.0,41.315,23.0,12.0,0.2924901185770751,5.200782758268175,-0.0329202658555029,0.5644387747222391,0.5775577557755776,5.717027701406222,6.0,0.0,0.0,3.0,0.0,1.0,1.0,0.0
b0833,147.0,46.306,15.0,13.0,0.3047619047619048,2.393537646414599,132.0,36.827,14.0,11.0,0.17582417582417584,3.271634607178051,0.6655809910179531,0.5915946871520905,0.45012787723785164,6.663132695990803,2.0,1.0,1.0,4.0,0.0,1.0,0.0,0.0
b0834,126.0,45.346,17.0,13.0,0.3161764705882353,2.7745856954734642,109.0,35.282,15.0,11.0,0.3238095238095238,3.46604014684584,0.037426497940623665,0.5463706217834142,0.497737556561086,6.093569770045136,1.0,1.0,1.0,4.0,0.0,1.0,0.0,0.0
b0835,472.0,130.065,10.0,7.0,0.3333333333333333,1.555598578163195,453.0,109.354,8.0,6.0,0.5357142857142857,2.658360083241061,1.7243578042264265,0.6914815623185077,0.5782312925170068,6.091309882077698,0.0,1.0,1.0,4.0,1.0,0.0,0.0,0.0
b0836,111.0,28.62,1.0,1.0,0.0,1.1957812969207036,65.0,11.807,0.0,0.0,0.0,0.0,0.4800069429571506,0.5032334476123947,0.5511811023622047,4.852030263919617,0.0,0.0,0.0,2.0,0.0,0.0,0.0,0.0
b0837,121.0,28.864,4.0,2.0,0.0,2.7913699384331796,111.0,23.761,0.0,0.0,0.0,0.0,-0.27901425584626094,0.5676742656999786,0.522911051212938,5.918893854273146,0.0,1.0,1.0,5.0,0.0,1.0,0.0,0.0
b0838,246.0,59.958,9.0,9.0,0.8611111111111112,1.6473441191783935,224.0,40.764,0.0,0.0,0.0,0.0,2.7923986941914727,0.5658354345238374,0.5576923076923077,5.342334251964811,0.0,0.0,1.0,4.0,0.0,0.0,2.0,0.0
b0839,246.0,70.192,16.0,10.0,0.6666666666666666,2.476326735553815,216.0,44.029,0.0,0.0,0.0,0.0,2.5611133146522547,0.617715683825406,0.5725,5.993961427306569,0.0,0.0,1.0,5.0,0.0,1.0,2.0,1.0
b0840,133.0,40.849,7.0,5.0,0.09523809523809523,1.6867349832239709,90.0,18.548,3.0,1.0,0.0,3.9715963815986175,0.6766936096248666,0.6304328576634277,0.5634920634920635,5.53338948872752,0.0,0.0,0.0,3.0,0.0,0.0,0.0,0.0
b0841,257.0,68.383,6.0,5.0,0.4,1.2635505307147512,221.0,46.286,1.0,1.0,0.0,1.626761905538651,0.6560982020128319,0.5204500139505218,0.5909090909090909,5.293304824724492,4.0,0.0,1.0,3.0,0.0,1.0,2.0,1.0
b0842,413.0,118.697,12.0,11.0,0.3484848484848485,2.045518842962009,298.0,59.638,0.0,0.0,0.0,0.0,0.26951294421791633,0.5540482224246941,0.6048780487804878,6.018593214496234,12.0,0.0,0.0,5.0,0.0,1.0,0.0,0.0
b0843,141.0,54.147,12.0,11.0,0.8636363636363636,1.7838059993741626,123.0,49.086,12.0,11.0,0.8636363636363636,2.983985090607256,0.0,0.5552613103333538,0.5106382978723404,4.553876891600541,0.0,0.0,0.0,1.0,0.0,0.0,0.0,0.0
b0844,249.0,86.517,29.0,16.0,0.42857142857142855,4.0208199107784885,232.0,71.502,20.0,15.0,0.7789473684210526,5.034915402356597,0.9633155113861113,0.6212189527425472,0.4833948339483395,5.605802066295998,0.0,1.0,1.0,5.0,0.0,0.0,4.0,1.0
b0845,303.0,93.368,15.0,13.0,0.8380952380952381,2.1217837233617023,270.0,79.569,15.0,13.0,0.8380952380952381,3.6463346633725315,-0.25103713874383854,0.4982350051857999,0.5771144278606966,5.998936561946683,12.0,0.0,0.0,2.0,0.0,1.0,0.0,0.0
b0846,362.0,115.75,25.0,16.0,0.6566666666666666,3.2375888066828704,332.0,99.912,23.0,15.0,0.7707509881422925,5.284532373083784,0.24551266781414982,0.4885874501089954,0.5786516853932584,5.187385805840755,0.0,0.0,0.0,3.0,0.0,0.0,0.0,0.0
b0847,208.0,46.851,2.0,1.0,0.0,1.636486342885593,197.0,42.797,0.0,0.0,0.0,0.0,0.3364597338485295,0.5439508526375776,0.5846702317290553,6.331501849893691,10.0,0.0,0.0,2.0,0.0,1.0,0.0,0.0
b0848,49.0,18.599,2.0,1.0,0.0,2.2271105081969953,7.0,1.364,0.0,0.0,0.0,0.0,0.7649229846498884,0.49428698770702945,0.536,4.836281906951478,4.0,0.0,0.0,2.0,0.0,1.0,0.0,0.0
b0849,311.0,86.506,15.0,9.0,0.2761904761904762,2.4830749327318724,289.0,53.08,1.0,1.0,0.0,1.1735884031084087,2.1238842934600077,0.6323699283026832,0.38823529411764707,4.454347296253507,0.0,0.0,0.0,5.0,0.0,0.0,0.0,0.0
b0850,87.0,27.354,4.0,3.0,0.6666666666666666,1.3842297223822884,36.0,8.611,2.0,2.0,1.0,2.944059113344015,0.0,0.5082153356456083,0.5263157894736842,4.564348191467836,0.0,0.0,0.0,2.0,0.0,0.0,0.0,0.0
b0851,238.0,64.104,12.0,5.0,0.24242424242424243,3.3673638865876345,198.0,39.277,2.0,2.0,1.0,2.944059113344015,2.120606831056773,0.6493039050235673,0.5666666666666667,5.484796933490655,0.0,1.0,2.0,5.0,0.0,0.0,2.0,0.0
b0852,174.0,41.241,4.0,3.0,0.5,1.302697905545581,138.0,26.455,3.0,2.0,0.3333333333333333,4.387286075222842,0.2041199826559248,0.57878895774553,0.6066666666666667,5.707110264748875,0.0,1.0,1.0,4.0,0.0,0.0,0.0,0.0
b0853,67.0,18.52,3.0,3.0,1.0,1.1883311804956282,26.0,5.232,1.0,1.0,0.0,1.6934766077240782,0.6273658565927327,0.5867386948387155,0.5379746835443038,5.0689042022202315,0.0,0.0,0.0,3.0,0.0,0.0,0.0,0.0
b0854,266.0,130.566,15.0,12.0,0.3904761904761905,1.9330949713779224,148.0,24.066,8.0,8.0,0.75,2.790211876850546,2.8506523605909537,0.6295553379094297,0.5756756756756757,5.916202062607435,0.0,0.0,0.0,5.0,0.0,0.0,1.0,0.0
b0855,294.0,146.844,47.0,32.0,0.5143385753931545,5.2068875911269386,221.0,38.808,11.0,8.0,0.4,3.7551053392969895,1.33665982345442,0.6346574213096569,0.6286472148541115,5.934894195619588,0.0,0.0,1.0,5.0,0.0,1.0,1.0,0.0
b0856,241.0,131.756,41.0,32.0,0.6573170731707317,4.4344520062583594,136.0,21.956,8.0,8.0,0.7142857142857143,2.7624200262636736,-0.5686362358410126,0.5661887672255386,0.61198738170347,5.762051382780177,6.0,0.0,0.0,5.0,0.0,1.0,1.0,0.0
b0857,265.0,137.957,43.0,32.0,0.5957918050941307,4.942098198960027,161.0,27.125,10.0,8.0,0.4888888888888889,3.75539953961794,0.12385164096708581,0.5154495654207235,0.6334519572953736,5.641907070938114,6.0,0.0,0.0,4.0,0.0,1.0,1.0,0.0
b0858,40.0,15.54,3.0,2.0,0.0,1.3488847265169004,16.0,4.912,1.0,1.0,0.0,0.7680648719287989,-1.3187587626244128,0.5881216399515465,0.6419753086419753,5.093750200806762,3.0,0.0,0.0,2.0,0.0,1.0,0.0,0.0
b0859,258.0,64.283,2.0,2.0,0.0,0.9446017977149616,235.0,48.037,0.0,0.0,0.0,0.0,0.4116197059632301,0.6234642825108596,0.592,5.929589143389895,0.0,0.0,1.0,3.0,0.0,0.0,0.0,0.0
b0860,273.0,134.963,25.0,16.0,0.46,3.1614761145149237,148.0,30.883,20.0,12.0,0.3526315789473684,5.0969624234366275,2.680344580010568,0.6045873504959203,0.4567901234567901,5.497168225293202,0.0,0.0,0.0,4.0,0.0,0.0,1.0,0.0
b0861,239.0,121.371,18.0,16.0,0.7777777777777778,2.308145335017025,89.0,21.397,14.0,12.0,0.6153846153846154,3.4212476018830196,0.3979400086720376,0.6251660753604394,0.6621621621621622,5.407171771460119,5.0,0.0,0.0,3.0,0.0,1.0,1.0,0.0
b0862,223.0,118.034,15.0,15.0,0.7523809523809524,1.9795277430234746,98.0,20.869,13.0,12.0,0.5897435897435898,3.2032247398531206,0.7656685547590141,0.579551069803489,0.6428571428571429,5.476463551931511,5.0,0.0,0.0,3.0,0.0,1.0,1.0,0.0
b0863,270.0,129.425,20.0,16.0,0.6,2.5432890627135576,150.0,26.36,15.0,12.0,0.5428571428571428,3.6525682270325257,2.934503501150044,0.6992837036325072,0.5967078189300411,5.497168225293202,0.0,0.0,0.0,3.0,0.0,0.0,1.0,0.0
b0864,358.0,155.838,30.0,16.0,0.26666666666666666,3.6588636774613876,267.0,62.394,16.0,12.0,0.2916666666666667,3.9713728971624156,2.2041471252128475,0.6807320232642045,0.5743801652892562,5.493061443340548,0.0,0.0,1.0,4.0,0.0,1.0,1.0,0.0
b0865,105.0,29.831,3.0,3.0,0.0,0.6715260189646852,88.0,22.137,1.0,1.0,0.0,1.2788732532788583,2.45486009814405,0.561726130903104,0.5847953216374269,5.147494476813453,0.0,0.0,0.0,2.0,0.0,1.0,0.0,0.0
b0866,62.0,17.766,3.0,3.0,0.3333333333333333,1.144935180539457,49.0,11.269,1.0,1.0,0.0,1.139596016714313,2.394469192347434,0.6321668513774001,0.5514018691588785,4.68213122712422,0.0,0.0,0.0,2.0,0.0,0.0,0.0,0.0
b0867,230.0,57.977,9.0,7.0,0.16666666666666666,1.9439021453613867,202.0,42.474,3.0,2.0,0.0,2.4336928432386826,0.7032913781186614,0.5913621371368393,0.5942028985507246,5.6240175061873385,0.0,1.0,1.0,5.0,0.0,1.0,0.0,0.0
b0868,335.0,94.255,11.0,11.0,1.0,0.9725166556949834,307.0,54.269,0.0,0.0,0.0,0.0,0.8444771757456814,0.6372742987771207,0.6261127596439169,5.823045895483019,0.0,0.0,0.0,1.0,0.0,0.0,0.0,0.0
b0869,270.0,77.309,13.0,11.0,0.5769230769230769,2.14021851394676,227.0,49.081,3.0,3.0,0.0,1.320328398174222,0.34044411484011833,0.565868192567681,0.6029411764705882,6.1675164908883415,1.0,0.0,0.0,2.0,0.0,1.0,0.0,0.0
b0870,191.0,51.101,11.0,7.0,0.2545454545454545,2.053837369416157,162.0,29.469,3.0,3.0,0.0,1.4833485464138418,2.2175102642940274,0.5750126039642505,0.6126126126126126,5.811140992976701,0.0,1.0,1.0,4.0,0.0,0.0,5.0,0.0
b0871,417.0,153.185,47.0,19.0,0.3755781683626272,5.455618731292049,345.0,82.863,11.0,10.0,0.6545454545454545,3.5287160194072356,2.655148042990095,0.585025483206406,0.5926573426573427,6.35088571671474,0.0,1.0,1.0,5.0,1.0,1.0,2.0,0.0
b0872,451.0,121.617,8.0,5.0,0.2857142857142857,2.2482038874886245,404.0,71.483,3.0,2.0,0.0,2.9238024463720524,0.9237619608287003,0.6023071922572456,0.6024844720496895,5.777652323222656,0.0,1.0,1.0,4.0,0.0,0.0,0.0,0.0
b0873,199.0,55.705,11.0,6.0,0.41818181818181815,2.395402306086204,132.0,26.833,1.0,1.0,0.0,1.2826513636547825,1.161667412437736,0.6798366759278109,0.6127272727272727,6.311734809152915,0.0,1.0,1.0,5.0,1.0,0.0,2.0,0.0
b0874,218.0,50.818,4.0,3.0,0.16666666666666666,2.0320679489318536,197.0,40.588,0.0,0.0,0.0,0.0,0.4329692908744057,0.5374516568293846,0.5217391304347826,5.703782474656201,8.0,0.0,0.0,3.0,0.0,1.0,0.0,0.0
b0875,214.0,53.644,3.0,3.0,0.0,1.2394758536386383,146.0,18.171,0.0,0.0,0.0,0.0,0.0,0.565137262850982,0.48917748917748916,5.44673737166631,6.0,0.0,0.0,5.0,0.0,1.0,0.0,0.0
b0876,286.0,66.007,2.0,2.0,0.0,0.9702671056745112,277.0,62.572,1.0,1.0,0.0,1.0930456712215306,1.2357808703275603,0.5558602916120643,0.552536231884058,6.315358001522335,0.0,0.0,0.0,2.0,0.0,0.0,0.0,0.0
b0877,298.0,73.348,0.0,0.0,0.0,0.0,273.0,61.97,0.0,0.0,0.0,0.0,1.0297894708318556,0.5509815000972222,0.5393939393939394,5.802118375377063,0.0,0.0,0.0,1.0,0.0,0.0,0.0,0.0
b0878,217.0,61.36,14.0,11.0,0.6483516483516484,2.471698718374457,174.0,33.62,1.0,1.0,0.0,0.8508037069762809,1.0338256939533104,0.5721207605686891,0.5714285714285714,5.918893854273146,1.0,0.0,0.0,5.0,0.0,1.0,0.0,0.0
b0879,887.0,237.434,29.0,11.0,0.23399014778325122,5.573326894117529,830.0,150.9,6.0,4.0,0.06666666666666667,2.838420366845846,0.5198279937757186,0.5532162488457767,0.5833333333333334,6.47543271670409,4.0,0.0,1.0,5.0,0.0,1.0,1.0,0.0
b0880,240.0,68.43,5.0,4.0,0.1,1.3259476699004393,182.0,29.26,3.0,1.0,0.0,2.8567465647871133,2.8674733805528856,0.5411490053709715,0.47297297297297297,4.31748811353631,0.0,0.0,0.0,5.0,1.0,0.0,0.0,0.0
b0881,251.0,68.649,8.0,7.0,0.2857142857142857,1.7282867360876277,205.0,38.014,2.0,2.0,0.0,1.7380275116215913,0.9561684304753633,0.5411963839678288,0.5094339622641509,4.672828834461906,0.0,0.0,0.0,4.0,0.0,0.0,0.0,0.0
b0882,461.0,119.908,14.0,12.0,0.6043956043956044,1.9474898094583675,425.0,73.914,2.0,2.0,0.0,1.517912804887328,2.4082569296087173,0.6377649322610187,0.575197889182058,6.63200177739563,0.0,0.0,0.0,5.0,0.0,0.0,0.0,0.0
b0883,0.0,0.0,0.0,0.0,0.0,0.0,0.0,0.0,0.0,0.0,0.0,0.0,0.0,0.0,0.0,0.0,0.0,0.0,0.0,0.0,0.0,0.0,1.0,1.0
b0884,438.0,167.51,68.0,59.0,0.902107111501317,4.130605750212549,398.0,125.167,57.0,49.0,0.8602756892230576,5.208519804156309,2.913819148625592,0.6542780769216385,0.5833333333333334,4.290459441148391,0.0,0.0,0.0,4.0,1.0,0.0,0.0,0.0
b0885,128.0,30.721,1.0,1.0,0.0,0.5582264981608134,98.0,19.113,2.0,2.0,0.0,1.515615611446425,0.2764618041732441,0.5274713557800494,0.5427350427350427,5.459585514144159,0.0,0.0,1.0,4.0,1.0,0.0,0.0,0.0
b0886,403.0,159.306,39.0,32.0,0.6977058029689609,4.241406721016001,232.0,47.864,9.0,6.0,0.2777777777777778,3.458487934557557,1.3998467127129224,0.5176154908091285,0.5462478184991274,6.352629396319567,6.0,0.0,1.0,5.0,0.0,1.0,1.0,0.0
b0887,371.0,157.494,49.0,32.0,0.45153061224489793,5.500718591625803,193.0,46.746,16.0,6.0,0.09166666666666666,5.138916042815687,1.6223176608338443,0.5118519991173294,0.5289115646258503,6.3784261836515865,6.0,0.0,1.0,5.0,0.0,1.0,1.0,0.0
b0888,761.0,223.448,34.0,11.0,0.1265597147950089,5.027150529142684,684.0,124.018,3.0,1.0,0.0,3.74122255710535,2.7566437140370743,0.6607677264363647,0.5825545171339563,5.7745515455444085,0.0,1.0,1.0,5.0,1.0,0.0,1.0,0.0
b0889,279.0,81.572,6.0,6.0,0.4,1.0647836142489258,206.0,31.473,3.0,3.0,1.0,1.9763504923614499,3.074820096307246,0.5539118174103427,0.4817073170731707,5.10594547390058,0.0,0.0,0.0,5.0,0.0,0.0,0.0,0.0
b0890,498.0,150.105,31.0,15.0,0.3247311827956989,3.841717904698999,437.0,89.997,3.0,3.0,1.0,1.9763504923614499,1.2506639194632436,0.5716559178480882,0.5071482317531979,7.1929342212158,4.0,0.0,0.0,5.0,0.0,1.0,0.0,0.0
b0891,451.0,137.278,31.0,14.0,0.24731182795698925,4.035190758174638,410.0,107.237,13.0,6.0,0.19230769230769232,5.372819498371457,2.488564816741737,0.6611977562592042,0.5763546798029556,5.318119993844216,0.0,0.0,0.0,5.0,0.0,0.0,0.0,0.0
b0892,313.0,89.668,13.0,11.0,0.20512820512820512,1.9451181131014104,262.0,55.627,4.0,3.0,0.5,2.891297556718773,1.0867156639448825,0.5859897303220337,0.5212527964205816,6.104793232414985,0.0,0.0,0.0,5.0,0.0,0.0,0.0,0.0
b0893,507.0,149.859,25.0,18.0,0.54,2.6390971170749307,489.0,104.516,3.0,3.0,0.0,1.3293526003946807,2.888185112180586,0.6356674397185632,0.5395348837209303,6.066108090103747,0.0,0.0,1.0,5.0,1.0,0.0,1.0,1.0
b0894,239.0,84.702,18.0,9.0,0.2222222222222222,3.1530082156905093,204.0,42.725,6.0,5.0,0.7333333333333333,3.111558610615232,1.3893433112520779,0.6366704094434974,0.5761670761670762,6.703188113240863,0.0,1.0,1.0,5.0,1.0,1.0,3.0,0.0
b0895,134.0,49.704,11.0,8.0,0.45454545454545453,1.9408307013914754,107.0,27.122,5.0,5.0,0.8,2.65343502885626,1.09725730969342,0.6966214721038422,0.551219512195122,5.327876168789581,0.0,1.0,0.0,5.0,0.0,0.0,3.0,0.0
b0896,316.0,85.431,8.0,7.0,0.5,1.6698714822214185,287.0,67.328,5.0,5.0,0.8,2.65343502885626,-0.2572748686953017,0.5287744498178938,0.6202090592334495,5.662960480135946,8.0,0.0,0.0,4.0,0.0,1.0,3.0,0.0
b0897,255.0,81.998,25.0,12.0,0.35333333333333333,4.179522349968974,242.0,71.534,19.0,11.0,0.5555555555555556,5.676089640436957,3.0195358364663027,0.5222888459086574,0.4519230769230769,5.342334251964811,0.0,0.0,1.0,2.0,0.0,0.0,0.0,0.0
b0898,258.0,60.743,2.0,2.0,0.0,0.744315431021632,224.0,47.172,0.0,0.0,0.0,0.0,0.0,0.5235306049815989,0.6073298429319371,5.948034989180646,12.0,0.0,0.0,2.0,0.0,1.0,0.0,0.0
b0899,128.0,31.237,1.0,1.0,0.0,0.514163190707139,109.0,21.786,0.0,0.0,0.0,0.0,-0.9136401693252518,0.5568848464085794,0.5294117647058824,6.1675164908883415,12.0,0.0,0.0,2.0,0.0,1.0,0.0,0.0
b0900,147.0,43.931,10.0,5.0,0.06666666666666667,3.368990551840269,131.0,33.089,6.0,4.0,0.2,3.290997778750057,-0.9136401693252518,0.5170713602799839,0.44039735099337746,5.713732805509369,0.0,0.0,0.0,2.0,0.0,0.0,0.0,0.0
b0901,129.0,34.442,5.0,5.0,0.9,1.7243716461617906,116.0,24.828,0.0,0.0,0.0,0.0,0.45178643552429015,0.5052636645509899,0.40816326530612246,5.2832037287379885,0.0,0.0,1.0,2.0,0.0,0.0,0.0,0.0
b0902,121.0,38.214,7.0,6.0,0.6190476190476191,1.1812496785102244,75.0,16.405,5.0,4.0,0.1,3.136645189453432,2.0934567074986035,0.6575880021031182,0.5772357723577236,5.5093883366279774,0.0,1.0,1.0,5.0,1.0,0.0,0.0,0.0
b0903,269.0,127.922,74.0,23.0,0.3002591632728619,8.078729014876027,161.0,23.716,6.0,4.0,0.0,4.148063531877233,3.573568932392935,0.649604399132193,0.5868421052631579,6.634633357861686,0.0,0.0,1.0,5.0,1.0,0.0,5.0,0.0
b0904,167.0,45.154,6.0,6.0,0.6,1.031198575472498,122.0,21.512,1.0,1.0,0.0,1.0395002326503233,1.857995495560924,0.549731691338962,0.5578947368421052,5.655991810819852,6.0,0.0,0.0,5.0,0.0,1.0,0.0,0.0
b0905,278.0,69.983,7.0,5.0,0.047619047619047616,1.6912369241624132,229.0,49.271,0.0,0.0,0.0,0.0,1.4772659954248526,0.6309078795232724,0.5563139931740614,6.375024819828097,0.0,0.0,0.0,3.0,0.0,0.0,0.0,0.0
b0906,229.0,57.342,3.0,3.0,0.0,1.2342425078591703,193.0,46.711,1.0,1.0,0.0,1.2364889491227375,0.18184358794477254,0.5603994889980356,0.5173913043478261,5.442417710521793,3.0,0.0,0.0,1.0,0.0,1.0,0.0,0.0
b0907,452.0,133.511,16.0,11.0,0.15833333333333333,2.450451986738642,391.0,72.666,7.0,4.0,0.14285714285714285,4.142820948569166,3.1417663637023043,0.5760570050837174,0.5193370165745856,5.8944028342648505,0.0,1.0,1.0,5.0,1.0,0.0,10.0,0.0
b0908,361.0,99.558,17.0,13.0,0.5294117647058824,2.4675899917403825,344.0,81.054,12.0,5.0,0.30303030303030304,5.158135093558659,2.2405742070183843,0.6034883976360158,0.5105386416861827,6.059123195581797,0.0,0.0,1.0,5.0,1.0,0.0,4.0,0.0
b0909,255.0,56.58,1.0,1.0,0.0,0.6348977244548925,222.0,41.772,0.0,0.0,0.0,0.0,-1.744727494896694,0.5852902851911487,0.5118110236220472,5.541263545158426,0.0,1.0,1.0,4.0,0.0,1.0,0.0,0.0
b0910,447.0,141.928,27.0,14.0,0.22792022792022792,3.2191688234948543,424.0,115.024,10.0,4.0,0.08888888888888889,4.165604384349265,2.399691023705375,0.5353927663621512,0.5066079295154186,5.429345628954441,0.0,0.0,1.0,5.0,1.0,0.0,3.0,1.0
b0911,681.0,268.03,104.0,61.0,0.5679611650485437,7.2761437009165535,654.0,219.409,73.0,51.0,0.7214611872146118,8.046868374652552,3.5424531928415894,0.6072687650491907,0.5242369838420108,6.324358962381311,0.0,0.0,0.0,5.0,1.0,0.0,1.0,1.0
b0912,276.0,72.017,7.0,7.0,0.42857142857142855,1.3976455155152891,238.0,43.454,1.0,1.0,0.0,0.7843674092793729,3.2782984962542763,0.5594214384611759,0.4787234042553192,4.553876891600541,0.0,0.0,0.0,5.0,1.0,0.0,0.0,0.0
b0913,926.0,229.073,7.0,5.0,0.14285714285714285,1.539343698659986,889.0,192.855,4.0,3.0,0.3333333333333333,2.1023735357278293,0.0,0.45795017387842735,0.48408488063660476,6.626717749249025,10.0,0.0,0.0,2.0,0.0,1.0,0.0,0.0
b0914,541.0,203.216,36.0,32.0,0.7904761904761904,4.0710194658045475,390.0,82.828,3.0,3.0,0.6666666666666666,1.5361557822386889,1.6395860866734264,0.6113162574641726,0.5790378006872853,6.368187186350492,5.0,0.0,1.0,5.0,0.0,1.0,1.0,0.0
b0915,246.0,78.895,23.0,11.0,0.3794466403162055,3.5498245596061495,220.0,54.039,11.0,8.0,0.6727272727272727,3.9078734978354666,0.1367205671564068,0.5351491562473337,0.5274390243902439,5.796057750765372,0.0,0.0,1.0,4.0,0.0,0.0,2.0,1.0
b0916,209.0,49.175,4.0,3.0,0.5,1.206067137280957,166.0,35.751,2.0,2.0,1.0,1.3685688737889141,0.3263358609287514,0.557008189602725,0.5219512195121951,6.018593214496234,0.0,0.0,1.0,3.0,0.0,0.0,0.0,0.0
b0917,239.0,59.033,1.0,1.0,0.0,0.5461451574052707,189.0,39.695,1.0,1.0,0.0,0.7866387738298476,2.703299977924246,0.6177703059032105,0.5,4.110873864173311,0.0,0.0,0.0,2.0,0.0,0.0,0.0,0.0
b0918,249.0,68.319,14.0,11.0,0.5934065934065934,2.825407831151621,226.0,53.428,14.0,8.0,0.43956043956043955,5.5599599823232255,2.305372868641297,0.5971477721354002,0.4838709677419355,5.517452896464707,0.0,1.0,1.0,4.0,1.0,0.0,3.0,0.0
b0919,113.0,33.46,2.0,2.0,1.0,0.80278963058988,90.0,15.136,2.0,2.0,1.0,1.3685688737889141,1.1306553490220306,0.5256486473150311,0.5589225589225589,5.697093486505405,0.0,0.0,0.0,1.0,0.0,0.0,0.0,0.0
b0920,225.0,52.96,1.0,1.0,0.0,1.534562196440093,192.0,40.039,0.0,0.0,0.0,0.0,1.1934029030624176,0.5511131345887466,0.5598455598455598,5.560681631015528,2.0,0.0,0.0,4.0,0.0,1.0,0.0,0.0
b0921,318.0,80.388,6.0,4.0,0.26666666666666666,1.738730339902351,286.0,56.802,3.0,3.0,1.0,2.414024104071277,0.49136169383427264,0.5831792436966359,0.5517241379310345,5.568344503761097,0.0,0.0,1.0,5.0,0.0,0.0,0.0,0.0
b0922,70.0,22.843,6.0,5.0,0.6666666666666666,1.3102387078479216,46.0,10.062,3.0,3.0,1.0,2.414024104071277,1.8780044702680252,0.6355615546382128,0.5840909090909091,6.089044875446846,0.0,0.0,0.0,4.0,1.0,0.0,0.0,0.0
b0923,64.0,21.212,6.0,5.0,0.6666666666666666,1.3102387078479216,32.0,7.081,3.0,3.0,1.0,2.414024104071277,2.2944882710072565,0.6337555593380766,0.5598290598290598,5.459585514144159,0.0,0.0,0.0,4.0,1.0,0.0,0.0,0.0
b0924,362.0,109.01,16.0,10.0,0.20833333333333334,2.5532307581522207,324.0,83.157,6.0,3.0,0.3333333333333333,4.192267475985502,1.842047288509638,0.6850662205429043,0.6144010767160162,7.304515946460155,0.0,0.0,0.0,5.0,1.0,0.0,0.0,0.0
b0925,232.0,62.185,13.0,8.0,0.28205128205128205,2.6905246775335305,203.0,43.269,1.0,1.0,0.0,1.3889792745437144,1.0378247505883418,0.5147129239148271,0.5463414634146342,6.423246963533519,1.0,0.0,1.0,5.0,0.0,1.0,0.0,0.0
b0926,150.0,37.23,4.0,4.0,0.0,1.148491141284797,135.0,30.369,3.0,1.0,0.0,3.2583084164125653,1.2506639194632436,0.5615385129074794,0.5,5.209486152841421,0.0,1.0,1.0,5.0,0.0,0.0,0.0,0.0
b0927,228.0,55.153,7.0,6.0,0.42857142857142855,1.4235770530759866,212.0,37.581,1.0,1.0,0.0,1.3889792745437144,2.173215414714886,0.6342607821446609,0.5255813953488372,5.375278407684165,0.0,1.0,1.0,4.0,0.0,0.0,2.0,0.0
b0928,388.0,141.161,69.0,19.0,0.18414322250639387,8.405585510672385,307.0,44.854,0.0,0.0,0.0,0.0,3.1737717339478198,0.6176112374718724,0.5378787878787878,5.983936280687191,0.0,1.0,1.0,5.0,1.0,0.0,12.0,0.0
b0929,575.0,202.491,56.0,14.0,0.17467532467532468,7.677713480794062,442.0,108.245,15.0,8.0,0.44761904761904764,5.302856003913625,3.019120446355245,0.6136221947082988,0.49171270718232046,5.8944028342648505,17.0,0.0,0.0,5.0,0.0,1.0,2.0,0.0
b0930,371.0,111.266,20.0,17.0,0.6210526315789474,2.0452814036684694,361.0,80.361,2.0,2.0,0.0,1.5023198583540418,3.0199508296483546,0.6452814007887533,0.5472103004291845,6.1463292576688975,0.0,0.0,1.0,5.0,1.0,0.0,1.0,1.0
b0931,407.0,103.535,18.0,12.0,0.5098039215686274,2.5751563547492737,381.0,75.635,3.0,2.0,0.0,2.508630374720811,2.1399105558756824,0.5811589011762969,0.5375,5.993961427306569,0.0,0.0,1.0,4.0,0.0,0.0,3.0,1.0
b0932,434.0,109.911,19.0,11.0,0.3742690058479532,2.9020633956915303,362.0,53.073,0.0,0.0,0.0,0.0,2.5575192320570945,0.684756927459489,0.6126436781609196,6.769641976852503,0.0,1.0,1.0,5.0,1.0,1.0,2.0,0.0
b0933,343.0,146.568,18.0,10.0,0.20261437908496732,2.8075839090529593,268.0,51.553,13.0,6.0,0.21794871794871795,4.034549295044223,-0.2580609222708011,0.5241448714170964,0.5529411764705883,5.545177444479562,0.0,0.0,1.0,3.0,0.0,1.0,2.0,0.0
b0934,283.0,129.618,9.0,8.0,0.6666666666666666,1.7744634323863846,162.0,26.222,7.0,6.0,0.7619047619047619,2.6068794703108598,-0.958607314841775,0.5534503184093233,0.6730038022813688,5.575949103146316,8.0,0.0,0.0,3.0,0.0,1.0,2.0,0.0
b0935,136.0,39.777,13.0,9.0,0.5,2.6586445208947134,125.0,30.539,7.0,6.0,0.8095238095238095,2.6396006058609944,0.5065050324048721,0.5733643838823008,0.5800524934383202,5.945420608606575,0.0,0.0,1.0,5.0,0.0,0.0,3.0,0.0
b0936,393.0,158.005,12.0,9.0,0.4090909090909091,2.177862093338331,250.0,42.989,8.0,6.0,0.75,2.9313613934133342,0.7193312869837266,0.5493405798885245,0.5297805642633229,5.768320995793772,0.0,0.0,0.0,3.0,0.0,0.0,2.0,0.0
b0937,199.0,52.439,15.0,9.0,0.38095238095238093,2.5224665308355396,185.0,39.725,4.0,4.0,1.0,1.6616130276799106,-0.6143937264016878,0.5559719874027294,0.5497382198952879,5.2574953720277815,0.0,0.0,1.0,4.0,0.0,0.0,4.0,1.0
b0938,76.0,23.924,5.0,5.0,0.6,1.4913490401741196,43.0,8.796,1.0,1.0,0.0,0.7976260053398486,0.0,0.5095696424006895,0.37988826815642457,5.19295685089021,0.0,0.0,0.0,3.0,0.0,0.0,0.0,0.0
b0939,265.0,71.531,17.0,9.0,0.20588235294117646,4.379095969247999,253.0,64.839,12.0,9.0,0.25757575757575757,4.925547427973206,0.08990511143939793,0.48796357538203877,0.4248927038626609,5.455321115357702,0.0,0.0,0.0,3.0,0.0,0.0,1.0,0.0
b0940,270.0,72.351,15.0,9.0,0.20952380952380953,3.5185646825630945,254.0,64.58,14.0,9.0,0.17582417582417584,5.419766624830839,-0.10127481841050648,0.5493456312806105,0.4884526558891455,6.7650389767805414,0.0,0.0,0.0,3.0,0.0,1.0,1.0,0.0
b0941,69.0,25.99,8.0,5.0,0.5,2.1361893933566587,23.0,7.17,5.0,4.0,0.8,2.271860603304574,-1.4814860601221125,0.47702691273478937,0.44662921348314605,5.877735781779639,0.0,0.0,0.0,3.0,0.0,0.0,0.0,0.0
b0942,26.0,11.002,6.0,5.0,0.8666666666666667,1.7285704032937284,18.0,7.034,4.0,4.0,1.0,1.9045714027039686,-0.17005330405836405,0.515001605725336,0.46111111111111114,5.198497031265826,0.0,0.0,0.0,2.0,0.0,0.0,0.0,0.0
b0943,28.0,10.853,7.0,5.0,0.47619047619047616,2.0436875778811454,20.0,7.237,4.0,4.0,1.0,1.9045714027039686,0.0,0.5270781376755854,0.52046783625731,5.147494476813453,0.0,0.0,0.0,2.0,0.0,0.0,0.0,0.0
b0944,270.0,73.009,15.0,9.0,0.1619047619047619,3.5560953053490567,257.0,68.503,12.0,9.0,0.22727272727272727,4.747133883907985,-0.6903698325741012,0.47178140461163626,0.5423728813559322,5.4680601411351315,0.0,0.0,0.0,3.0,0.0,0.0,0.0,0.0
b0945,409.0,113.945,24.0,15.0,0.4384057971014493,3.011117857639562,371.0,79.465,14.0,8.0,0.4835164835164835,4.875333849780487,2.3159913253599145,0.5984091250646636,0.4642857142857143,5.820082930352362,0.0,1.0,1.0,5.0,0.0,1.0,3.0,1.0
b0946,397.0,128.552,26.0,13.0,0.27692307692307694,3.9643506457920576,368.0,109.753,15.0,8.0,0.37142857142857144,6.084880734972084,0.0038911662369104775,0.5852110366051959,0.5333333333333333,5.198497031265826,0.0,0.0,0.0,5.0,1.0,0.0,0.0,0.0
b0947,315.0,89.101,9.0,7.0,0.2222222222222222,1.7362946146639153,268.0,52.895,2.0,2.0,0.0,1.578343747381975,1.8076026699164947,0.5487600597398923,0.44986449864498645,5.91350300563827,0.0,1.0,1.0,5.0,0.0,0.0,0.0,0.0
b0948,587.0,156.391,10.0,6.0,0.1111111111111111,2.5874821502808745,570.0,131.756,1.0,1.0,0.0,2.9922202274087373,1.4117880045438689,0.6442405038213938,0.5968660968660968,6.555356891810665,0.0,0.0,2.0,5.0,1.0,0.0,0.0,0.0
b0949,268.0,86.516,2.0,2.0,0.0,0.7314052501382166,252.0,48.761,1.0,1.0,0.0,2.9922202274087373,1.4488608456074408,0.6291667413012733,0.5748031496062992,6.455198563340122,0.0,0.0,1.0,5.0,1.0,0.0,0.0,0.0
b0950,206.0,48.566,3.0,3.0,0.6666666666666666,1.34063534795056,185.0,41.125,3.0,2.0,0.3333333333333333,3.145391143388952,-0.046240308266771224,0.4859449626766469,0.5827338129496403,6.035481432524756,6.0,0.0,0.0,4.0,0.0,1.0,0.0,0.0
b0951,248.0,63.074,5.0,4.0,0.3,1.8160580073367907,230.0,55.614,3.0,2.0,0.3333333333333333,3.145391143388952,1.3637999454791094,0.605715814316498,0.5531135531135531,6.304448802421981,1.0,0.0,0.0,5.0,0.0,1.0,0.0,0.0
b0952,283.0,73.135,7.0,4.0,0.3333333333333333,2.787513826147223,252.0,57.697,2.0,2.0,1.0,2.2333123180775414,1.2255677134394711,0.570805277439719,0.5828877005347594,5.236441962829949,0.0,0.0,0.0,4.0,0.0,1.0,0.0,0.0
b0953,479.0,170.092,80.0,52.0,0.5433544303797468,6.572866339366501,394.0,111.663,23.0,15.0,0.6758893280632411,6.293277106398509,3.0107281023904404,0.48230260802888303,0.509090909090909,4.02535169073515,0.0,0.0,0.0,5.0,1.0,0.0,0.0,0.0
b0954,343.0,96.81,19.0,12.0,0.4619883040935672,2.459469177515347,310.0,59.865,3.0,3.0,1.0,1.1891588366774106,3.090614232931648,0.6822385298960407,0.5697674418604651,5.153291594497779,0.0,0.0,2.0,5.0,1.0,0.0,3.0,1.0
b0955,211.0,45.468,0.0,0.0,0.0,0.0,180.0,35.065,0.0,0.0,0.0,0.0,0.7387805584843691,0.5608062500028578,0.5307167235494881,6.375024819828097,0.0,0.0,1.0,2.0,0.0,0.0,0.0,0.0
b0956,72.0,32.209,12.0,10.0,0.48484848484848486,1.871136281467504,18.0,2.443,0.0,0.0,0.0,0.0,2.1959273135972244,0.6132065161342051,0.5,5.017279836814924,0.0,0.0,0.0,5.0,1.0,0.0,0.0,0.0
b0957,995.0,351.525,115.0,52.0,0.2598016781083143,10.826592960334262,839.0,157.855,3.0,3.0,0.0,1.3208263033459569,3.7643263528629216,0.5905577817634724,0.5606936416184971,5.849324779946859,8.0,0.0,0.0,5.0,0.0,1.0,0.0,0.0
b0958,46.0,19.521,10.0,9.0,0.4222222222222222,1.6023538217617312,35.0,12.728,7.0,4.0,0.5238095238095238,4.220997918313224,-0.3334820194451191,0.4428484725699642,0.46153846153846156,5.135798437050262,0.0,0.0,0.0,5.0,0.0,0.0,0.0,0.0
b0959,418.0,108.177,6.0,5.0,0.06666666666666667,1.3582852310745956,379.0,93.204,2.0,2.0,0.0,1.251091878951992,-0.7189666327522725,0.5086749912096068,0.49760765550239233,5.3471075307174685,0.0,0.0,0.0,4.0,0.0,0.0,0.0,0.0
b0960,208.0,46.823,1.0,1.0,0.0,0.8403876286901599,186.0,40.684,1.0,1.0,0.0,2.9922202274087373,0.5831987739686227,0.5489422543850321,0.5564853556485355,6.576469569048224,11.0,0.0,0.0,2.0,0.0,1.0,0.0,0.0
b0961,154.0,36.413,4.0,2.0,0.16666666666666666,2.169587726604787,133.0,28.217,1.0,1.0,0.0,2.9922202274087373,1.8196097327515852,0.6150698022183186,0.4864864864864865,5.003946305945459,3.0,0.0,0.0,2.0,0.0,1.0,0.0,0.0
b0962,514.0,166.824,31.0,15.0,0.2903225806451613,4.43294711561099,491.0,149.04,31.0,13.0,0.2838709677419355,8.793054078439978,1.606488850442648,0.5688620956918508,0.5657894736842105,6.529418838262226,0.0,0.0,1.0,4.0,0.0,0.0,0.0,0.0
b0963,149.0,44.935,11.0,8.0,0.12727272727272726,2.0734990570351837,100.0,19.229,4.0,3.0,0.3333333333333333,2.289412663674741,2.434584870449594,0.5771734590652018,0.6118421052631579,5.030437921392435,0.0,0.0,1.0,5.0,1.0,0.0,3.0,0.0
b0964,48.0,14.913,0.0,0.0,0.0,0.0,19.0,2.754,0.0,0.0,0.0,0.0,-0.21824462534753114,0.5607799396232113,0.5454545454545454,5.3981627015177525,0.0,0.0,0.0,2.0,0.0,0.0,0.0,0.0
b0965,149.0,35.929,3.0,3.0,0.3333333333333333,0.7695220506854233,123.0,25.787,3.0,3.0,0.3333333333333333,1.4393320134075087,2.6902049430907664,0.5695084840434637,0.5766423357664233,4.927253685157205,0.0,0.0,0.0,2.0,0.0,0.0,0.0,0.0
b0966,336.0,88.285,4.0,4.0,0.16666666666666666,0.9960701252050501,318.0,77.617,5.0,3.0,0.2,2.5188073507156306,2.4133165318842655,0.5834325342734821,0.6190476190476191,4.663439094112067,0.0,0.0,0.0,3.0,1.0,0.0,0.0,0.0
b0967,188.0,50.363,5.0,4.0,0.1,1.2196086473938454,167.0,34.865,2.0,2.0,1.0,1.4520157417198714,1.6767850304192053,0.6077814666879118,0.5378787878787878,5.983936280687191,0.0,0.0,1.0,5.0,1.0,0.0,0.0,0.0
b0968,188.0,44.889,8.0,7.0,0.4642857142857143,1.3202008956021618,162.0,28.678,0.0,0.0,0.0,0.0,1.8915932043489652,0.531816383879867,0.532608695652174,4.532599493153256,0.0,0.0,1.0,4.0,0.0,0.0,4.0,0.0
b0969,167.0,47.058,11.0,8.0,0.5818181818181818,2.3715859609146017,124.0,24.014,6.0,3.0,0.26666666666666666,4.049759532192651,1.537944959291487,0.699235814325518,0.48623853211009177,4.700480365792417,0.0,0.0,1.0,4.0,1.0,0.0,1.0,0.0
b0970,262.0,66.249,4.0,3.0,0.16666666666666666,1.3517104567526141,233.0,51.619,2.0,2.0,0.0,1.6158294598558833,1.6107665947732708,0.6370790794544834,0.6210045662100456,5.393627546352362,7.0,0.0,0.0,5.0,0.0,1.0,0.0,0.0
b0971,0.0,0.0,0.0,0.0,0.0,0.0,0.0,0.0,0.0,0.0,0.0,0.0,0.0,0.0,0.0,0.0,0.0,0.0,0.0,0.0,0.0,0.0,1.0,1.0
b0972,128.0,48.719,16.0,11.0,0.525,2.423821144387628,91.0,26.375,10.0,7.0,0.6888888888888889,3.057648644447055,1.26030994579492,0.600620318475262,0.6182795698924731,5.921578419643816,1.0,1.0,1.0,5.0,0.0,1.0,3.0,0.0
b0973,133.0,53.47,26.0,11.0,0.38153846153846155,3.7426899994918283,99.0,28.993,13.0,7.0,0.5256410256410257,3.878477687867923,1.6804261708581454,0.6481664067534976,0.6901172529313233,6.393590753950631,0.0,1.0,1.0,5.0,0.0,1.0,3.0,0.0
b0974,100.0,34.655,14.0,10.0,0.6043956043956044,2.186481958190519,84.0,26.409,12.0,7.0,0.6363636363636364,3.602151337289464,0.6424645202421213,0.6568474378351388,0.6978723404255319,5.4638318050256105,4.0,0.0,0.0,5.0,0.0,1.0,1.0,0.0
b0975,93.0,36.645,12.0,10.0,0.5909090909090909,1.93371479823534,69.0,23.16,11.0,7.0,0.6545454545454545,3.395590679724624,0.0,0.5674186809015023,0.6615384615384615,5.278114659230517,0.0,0.0,1.0,3.0,0.0,0.0,0.0,0.0
b0976,176.0,49.674,8.0,8.0,0.8214285714285714,1.4367387384342634,120.0,21.771,7.0,7.0,1.0,2.305548162298071,0.17897694729316943,0.5781243145345629,0.6212121212121212,4.890349128221754,0.0,0.0,0.0,2.0,0.0,0.0,0.0,0.0
b0977,174.0,48.817,12.0,10.0,0.6818181818181818,1.9670697458512514,153.0,40.54,12.0,7.0,0.6363636363636364,3.6533227179681624,0.2304489213782739,0.5433668638386676,0.5964912280701754,5.655991810819852,0.0,0.0,0.0,2.0,0.0,0.0,0.0,0.0
b0978,112.0,39.504,19.0,11.0,0.42105263157894735,2.837006221497272,82.0,21.014,12.0,7.0,0.48484848484848486,4.001375193928831,0.8739015978644613,0.5826394974252682,0.6478599221789884,6.244166900663736,7.0,1.0,1.0,5.0,0.0,1.0,3.0,1.0
b0979,119.0,40.899,19.0,11.0,0.42105263157894735,2.837006221497272,77.0,19.476,12.0,7.0,0.48484848484848486,4.001375193928831,0.0,0.5537880547907248,0.6587301587301587,5.937536205082426,8.0,1.0,1.0,5.0,0.0,1.0,3.0,1.0
b0980,287.0,79.904,16.0,10.0,0.3,2.640389839077602,239.0,58.07,6.0,6.0,1.0,2.0456543627835653,0.7902851640332417,0.5105760042111606,0.5532407407407407,6.07073772800249,0.0,0.0,2.0,5.0,0.0,0.0,3.0,1.0
b0981,406.0,102.319,11.0,6.0,0.5272727272727272,2.188907886684271,364.0,69.214,6.0,4.0,0.4666666666666667,2.345503892756415,1.1433271299920464,0.6255017726185129,0.5495867768595041,6.588926477533519,2.0,0.0,1.0,4.0,0.0,1.0,1.0,0.0
b0982,167.0,43.793,9.0,6.0,0.6666666666666666,1.9373018038062295,152.0,29.5,5.0,4.0,0.6,1.9847038481571926,1.4984484031739997,0.512574602234181,0.5,5.003946305945459,0.0,0.0,1.0,3.0,0.0,0.0,1.0,0.0
b0983,213.0,56.844,11.0,6.0,0.5272727272727272,2.2137148166301897,189.0,40.281,6.0,4.0,0.4666666666666667,2.4855384327670347,1.314077991779213,0.5818815107720092,0.58311345646438,5.940171252720432,0.0,0.0,0.0,3.0,0.0,1.0,2.0,0.0
b0984,257.0,62.918,9.0,6.0,0.4722222222222222,2.1684375904754107,238.0,55.227,6.0,4.0,0.4,2.6330420061871953,0.8260748027008264,0.5966841204991447,0.5673352435530086,6.54965074223381,0.0,0.0,0.0,2.0,0.0,1.0,0.0,0.0
b0985,307.0,83.797,7.0,6.0,0.7619047619047619,1.7332384004924517,299.0,78.682,4.0,4.0,0.5,1.9430506442522324,0.7331972651065695,0.5031727291222938,0.5201612903225806,5.517452896464707,0.0,0.0,0.0,2.0,0.0,0.0,0.0,0.0
b0986,252.0,67.395,8.0,6.0,0.6428571428571429,1.9423720797629227,240.0,62.21,4.0,4.0,0.6666666666666666,1.9319576677136723,-1.193820026016113,0.529131558597981,0.4766355140186916,5.3706380281276624,0.0,0.0,0.0,2.0,0.0,1.0,0.0,0.0
b0987,29.0,13.082,6.0,6.0,1.0,1.522691378579193,8.0,4.296,0.0,0.0,0.0,0.0,0.0,0.42404789165845086,0.5148514851485149,4.624972813284271,1.0,0.0,0.0,2.0,0.0,1.0,0.0,0.0
b0988,152.0,46.447,12.0,7.0,0.7121212121212122,3.3043278551019966,127.0,36.072,12.0,7.0,0.7121212121212122,3.8525337585589248,0.0,0.5299111557385072,0.6706586826347305,5.123963979403259,0.0,0.0,0.0,2.0,0.0,0.0,0.0,0.0
b0989,241.0,53.828,1.0,1.0,0.0,0.7663061265346851,194.0,34.054,1.0,1.0,0.0,1.7797397810466264,-0.2692177243336108,0.5202846948097327,0.4,4.2626798770413155,0.0,0.0,0.0,2.0,1.0,0.0,0.0,0.0
b0990,135.0,36.176,4.0,2.0,0.16666666666666666,1.8335697249617544,85.0,12.753,2.0,1.0,0.0,3.1388833696419725,2.0899404184986348,0.6386942831232036,0.4714285714285714,4.2626798770413155,0.0,0.0,0.0,2.0,1.0,0.0,0.0,0.0
b0991,49.0,14.4,3.0,2.0,0.0,1.522857195757842,22.0,3.554,1.0,1.0,0.0,2.9922202274087373,0.0,0.47354078812609174,0.4473684210526316,4.343805421853684,1.0,0.0,0.0,2.0,0.0,1.0,0.0,0.0
b0992,203.0,48.997,2.0,2.0,0.0,0.6998430278310055,165.0,36.19,0.0,0.0,0.0,0.0,-1.1804560644581312,0.5145529879766756,0.5462184873949579,5.8805329864007,5.0,0.0,0.0,2.0,0.0,1.0,0.0,0.0
b0993,797.0,234.449,24.0,13.0,0.2644927536231884,3.6173569226470597,670.0,137.227,6.0,4.0,0.13333333333333333,2.214873700374879,0.2528530309798932,0.571880480135913,0.5667396061269147,6.818924065275521,2.0,0.0,1.0,5.0,0.0,1.0,1.0,0.0
b0994,214.0,55.808,7.0,7.0,0.6190476190476191,1.3347139002594672,187.0,45.18,2.0,2.0,0.0,1.0724150284919083,0.9790929006383263,0.5146006005315841,0.564327485380117,5.8377304471659395,0.0,0.0,0.0,3.0,0.0,0.0,0.0,0.0
b0995,221.0,64.478,11.0,8.0,0.23636363636363636,2.243958282784667,171.0,42.271,5.0,4.0,0.1,2.2460622732479876,0.4116197059632301,0.5773086159735924,0.5347826086956522,5.442417710521793,0.0,0.0,0.0,4.0,1.0,0.0,1.0,0.0
b0996,173.0,57.925,17.0,9.0,0.3088235294117647,2.9683819158449882,139.0,35.12,8.0,5.0,0.39285714285714285,3.0825392674429146,0.69810054562339,0.6254366388891646,0.5641025641025641,5.968707559985366,1.0,0.0,0.0,5.0,0.0,1.0,4.0,0.0
b0997,186.0,66.974,18.0,9.0,0.1895424836601307,3.145022105591711,145.0,30.298,3.0,2.0,0.3333333333333333,1.6505552551384162,-0.005682847330363273,0.633745566308469,0.625,6.744059186311348,0.0,1.0,1.0,5.0,0.0,0.0,4.0,0.0
b0998,86.0,33.283,12.0,9.0,0.2878787878787879,2.3094013798180026,52.0,7.344,2.0,2.0,1.0,1.2438657982784707,0.0,0.5456296287220501,0.6030150753768844,5.298317366548036,0.0,0.0,0.0,4.0,1.0,0.0,4.0,0.0
b0999,306.0,74.015,3.0,3.0,0.3333333333333333,0.7843497452721511,294.0,66.98,2.0,2.0,0.0,1.2481479240113647,1.4610480916706579,0.6083720515747048,0.594059405940594,4.624972813284271,0.0,0.0,0.0,2.0,0.0,0.0,0.0,0.0
b1000,710.0,205.399,16.0,10.0,0.24166666666666667,2.523215126096065,601.0,106.045,6.0,4.0,0.2,2.6451219082714426,2.4800213233310497,0.6804768554655317,0.5620915032679739,5.726847747587197,0.0,0.0,0.0,3.0,1.0,0.0,0.0,0.0
b1001,31.0,12.934,3.0,2.0,0.0,2.1389565191732967,10.0,1.813,0.0,0.0,0.0,0.0,0.22010808804005508,0.5089741546798277,0.30861244019138756,6.037870919922137,0.0,0.0,0.0,1.0,0.0,0.0,0.0,0.0
b1002,339.0,88.894,12.0,10.0,0.6818181818181818,1.9720822836374552,308.0,69.652,0.0,0.0,0.0,0.0,2.766420283598079,0.610053219179244,0.585956416464891,6.025865973825314,0.0,0.0,1.0,5.0,0.0,0.0,2.0,1.0
b1003,165.0,58.892,13.0,10.0,0.5897435897435898,2.5834483455789465,136.0,44.454,9.0,8.0,0.75,2.972394410380266,3.041396633271933,0.5821015988826496,0.4666666666666667,4.330733340286331,0.0,0.0,0.0,2.0,0.0,0.0,0.0,0.0
b1004,295.0,92.571,27.0,12.0,0.358974358974359,4.344486941015173,265.0,67.043,15.0,11.0,0.7333333333333333,4.4543258229962035,3.2741601593345675,0.5633555237243245,0.5050505050505051,5.293304824724492,0.0,1.0,1.0,5.0,0.0,0.0,4.0,1.0
b1006,87.0,33.137,11.0,7.0,0.36363636363636365,2.402334771456461,73.0,22.266,6.0,6.0,1.0,3.069779581992952,0.0,0.5360628449024978,0.5995475113122172,6.093569770045136,12.0,0.0,0.0,5.0,0.0,1.0,0.0,0.0
b1007,191.0,53.954,15.0,10.0,0.5714285714285714,2.650291411479874,159.0,35.895,6.0,6.0,1.0,3.069779581992952,0.0,0.583645196158507,0.6707317073170732,5.10594547390058,0.0,0.0,1.0,4.0,0.0,0.0,2.0,1.0
b1008,170.0,46.445,7.0,7.0,0.8571428571428571,1.6504240028591683,148.0,33.684,6.0,6.0,1.0,3.069779581992952,0.0,0.5695718688004606,0.6275510204081632,5.2832037287379885,0.0,1.0,1.0,4.0,0.0,0.0,2.0,1.0
b1009,223.0,56.474,8.0,7.0,0.6785714285714286,1.9087443965728481,195.0,38.242,7.0,6.0,0.7619047619047619,3.6293128592544277,0.14301480025409505,0.5541072259250189,0.6127819548872181,5.58724865840025,0.0,0.0,1.0,4.0,0.0,0.0,2.0,1.0
b1010,91.0,30.928,8.0,7.0,0.6428571428571429,1.9478102672458832,65.0,16.113,6.0,6.0,1.0,3.069779581992952,-1.3767507096020994,0.6389320869568926,0.625,4.859812404361672,0.0,0.0,1.0,5.0,0.0,0.0,2.0,1.0
b1011,167.0,44.274,9.0,7.0,0.5277777777777778,2.0595137442245504,153.0,35.239,7.0,6.0,0.7619047619047619,3.6293128592544277,-0.7958800173440752,0.6060632797524752,0.6434782608695652,5.442417710521793,0.0,0.0,1.0,4.0,0.0,0.0,2.0,1.0
b1012,130.0,42.369,15.0,10.0,0.5714285714285714,2.650291411479874,112.0,29.589,6.0,6.0,1.0,3.069779581992952,-1.6197887582883939,0.5698573175884377,0.6361256544502618,5.948034989180646,0.0,0.0,1.0,5.0,0.0,0.0,2.0,1.0
b1013,230.0,59.264,3.0,3.0,0.3333333333333333,0.9177728298882806,166.0,35.339,2.0,2.0,1.0,1.3302381907962855,0.7387805584843691,0.6015817966761073,0.5660377358490566,5.3612921657094255,0.0,0.0,0.0,4.0,0.0,0.0,0.0,0.0
b1014,745.0,219.853,28.0,14.0,0.47883597883597884,3.7494186290683227,514.0,82.358,2.0,2.0,0.0,1.6351503077997953,1.755188585608325,0.617040625982093,0.6068181818181818,7.186144304522325,0.0,1.0,2.0,5.0,0.0,1.0,4.0,0.0
b1015,335.0,92.172,11.0,8.0,0.34545454545454546,2.3852888789175797,283.0,57.864,3.0,2.0,0.0,3.248390796620555,1.3077099234048069,0.6256970254643163,0.6354581673306773,6.220590170099739,13.0,0.0,0.0,5.0,0.0,1.0,0.0,0.0
b1018,198.0,51.115,4.0,2.0,0.3333333333333333,1.9856913023836373,163.0,35.739,1.0,1.0,0.0,2.9922202274087373,2.2122142474199413,0.6435972081020117,0.5653333333333334,5.929589143389895,0.0,0.0,0.0,4.0,0.0,0.0,0.0,0.0
b1019,186.0,46.836,2.0,2.0,1.0,1.4668078798397493,154.0,31.058,1.0,1.0,0.0,2.9922202274087373,0.5037906830571811,0.5900816689993786,0.5839243498817966,6.049733455231958,0.0,1.0,2.0,5.0,0.0,0.0,0.0,0.0
b1020,307.0,74.035,3.0,2.0,0.0,1.2152555748693323,241.0,48.886,1.0,1.0,0.0,0.9913754607584604,0.3710678622717362,0.5199277259063476,0.5225988700564972,5.872117789475416,0.0,0.0,0.0,2.0,1.0,0.0,0.0,0.0
b1021,45.0,14.169,3.0,3.0,1.0,1.5238082449519867,12.0,3.211,3.0,3.0,1.0,2.992220227408737,0.0,0.49189757867587175,0.49635036496350365,4.927253685157205,2.0,0.0,0.0,4.0,0.0,1.0,2.0,0.0
b1022,249.0,59.838,4.0,3.0,0.5,1.7999304806781438,231.0,41.773,3.0,3.0,1.0,2.992220227408737,-0.2298847052128984,0.5363798034951496,0.5034013605442177,6.091309882077698,5.0,0.0,1.0,4.0,0.0,1.0,2.0,0.0
b1023,155.0,36.363,3.0,3.0,1.0,1.5238082449519867,142.0,31.81,3.0,3.0,1.0,2.992220227408737,-0.6925039620867871,0.4946501779510261,0.3869047619047619,6.511745329644728,0.0,0.0,1.0,5.0,0.0,1.0,1.0,0.0
b1024,100.0,31.286,6.0,3.0,0.26666666666666666,2.297401926916874,66.0,10.03,3.0,3.0,1.0,2.992220227408737,0.5563025007672873,0.49998539178778184,0.42131350681536556,6.694562058521095,0.0,0.0,0.0,4.0,0.0,1.0,1.0,0.0
b1025,144.0,48.559,14.0,13.0,0.2087912087912088,2.27544723469754,114.0,33.048,12.0,11.0,0.10606060606060606,2.854629545963482,-0.4122890349810886,0.49737477063830104,0.4092920353982301,6.115892125483034,8.0,1.0,1.0,5.0,0.0,1.0,0.0,0.0
b1026,26.0,10.81,5.0,3.0,0.5,3.0993458122291164,18.0,7.623,4.0,3.0,0.5,4.565449418536799,0.0,0.5635178128774565,0.6180555555555556,5.666426688112432,0.0,0.0,0.0,2.0,0.0,0.0,0.0,0.0
b1027,117.0,29.182,1.0,1.0,0.0,0.9057887330275204,101.0,19.403,1.0,1.0,0.0,1.4189910362806764,-0.33441900898204685,0.5754876484667538,0.48484848484848486,4.605170185988092,0.0,0.0,0.0,2.0,0.0,0.0,0.0,0.0
b1028,0.0,0.0,0.0,0.0,0.0,0.0,0.0,0.0,0.0,0.0,0.0,0.0,0.0,0.0,0.0,4.68213122712422,0.0,0.0,0.0,1.0,0.0,0.0,0.0,0.0
b1029,84.0,31.0,4.0,3.0,0.0,1.5948402015462382,47.0,9.522,0.0,0.0,0.0,0.0,-1.3767507096020994,0.4957930356966329,0.4817073170731707,5.796057750765372,8.0,0.0,0.0,1.0,0.0,1.0,0.0,0.0
b1032,0.0,0.0,0.0,0.0,0.0,0.0,0.0,0.0,0.0,0.0,0.0,0.0,0.0,0.0,0.0,0.0,0.0,0.0,0.0,0.0,0.0,0.0,1.0,1.0
b1033,359.0,103.005,33.0,13.0,0.2765151515151515,5.182441841794607,303.0,55.081,2.0,2.0,0.0,1.6222758704546965,2.2577025683766574,0.5361388266141567,0.4775641025641026,5.746203190540153,0.0,0.0,2.0,5.0,1.0,0.0,6.0,0.0
b1034,248.0,59.274,3.0,3.0,0.6666666666666666,0.9807151953293325,207.0,42.049,2.0,2.0,0.0,1.5695303992818026,1.721068301797159,0.5770248966645409,0.46938775510204084,5.5053315359323625,0.0,1.0,1.0,5.0,0.0,0.0,0.0,0.0
b1035,375.0,109.363,15.0,9.0,0.10476190476190476,3.162331912469078,345.0,96.033,10.0,5.0,0.2,5.075105666378105,2.4031376866263807,0.5467839750951238,0.5434782608695652,5.220355825078324,0.0,0.0,0.0,4.0,0.0,0.0,0.0,0.0
b1036,307.0,80.348,4.0,3.0,0.16666666666666666,1.372281909063591,264.0,63.716,1.0,1.0,0.0,1.6934766077240782,-1.3565473235138126,0.5391159090695535,0.5766871165644172,5.099866427824199,6.0,0.0,0.0,2.0,0.0,1.0,0.0,0.0
b1037,206.0,53.639,6.0,6.0,1.0,1.4239164249599015,144.0,32.87,4.0,3.0,0.6666666666666666,2.84433312283035,1.3504418565350613,0.5283679509875624,0.5595667870036101,5.627621113690637,0.0,0.0,0.0,4.0,0.0,1.0,0.0,0.0
b1038,269.0,70.64,7.0,6.0,0.7142857142857143,1.5825529557297102,240.0,59.02,5.0,3.0,0.4,3.1897009893627755,1.7811088357294664,0.5350326094119902,0.42028985507246375,4.9344739331306915,0.0,0.0,0.0,3.0,0.0,1.0,0.0,0.0
b1039,44.0,16.129,6.0,6.0,1.0,1.4239164249599015,12.0,3.778,3.0,3.0,1.0,2.1098556611683663,0.34044411484011833,0.5071153744311206,0.4108527131782946,4.867534450455582,0.0,0.0,0.0,3.0,0.0,0.0,0.0,0.0
b1040,311.0,98.113,25.0,11.0,0.18333333333333332,4.059305563008707,231.0,41.902,7.0,3.0,0.23809523809523808,4.211396600415665,1.5466660250701842,0.5368167647192501,0.47685185185185186,5.37989735354046,0.0,0.0,0.0,5.0,0.0,1.0,1.0,0.0
b1041,317.0,87.885,9.0,6.0,0.6111111111111112,1.8485755145094767,276.0,66.454,3.0,2.0,0.3333333333333333,2.607234921753476,0.053078443483419765,0.4729592358074659,0.33774834437086093,5.0238805208462765,0.0,0.0,0.0,5.0,0.0,0.0,1.0,0.0
b1042,126.0,45.348,19.0,10.0,0.3216374269005848,3.119480826212055,70.0,9.323,1.0,1.0,0.0,1.1895806554607795,2.4082569296087173,0.5842352488848802,0.46357615894039733,5.0238805208462765,0.0,0.0,0.0,4.0,0.0,0.0,1.0,0.0
b1043,48.0,17.344,6.0,6.0,1.0,1.4239164249599015,19.0,3.508,0.0,0.0,0.0,0.0,1.9294700161774896,0.42749696555593647,0.39090909090909093,4.709530201312334,0.0,0.0,0.0,2.0,0.0,0.0,1.0,0.0
b1044,65.0,23.874,4.0,3.0,0.16666666666666666,1.4945231586225682,51.0,16.83,0.0,0.0,0.0,0.0,0.0,0.588167783048634,0.49514563106796117,4.6443908991413725,0.0,0.0,0.0,2.0,0.0,0.0,0.0,0.0
b1045,111.0,28.674,3.0,3.0,0.0,0.9974821174116031,83.0,16.873,2.0,1.0,0.0,2.2668198503661587,2.033463966077405,0.5159941818301127,0.4463276836158192,5.181783550292085,0.0,0.0,1.0,5.0,0.0,0.0,0.0,0.0
b1046,191.0,49.476,10.0,9.0,0.6666666666666666,2.0724705996233714,171.0,32.652,1.0,1.0,0.0,1.4171204503618666,0.791690649020118,0.5023415782215479,0.53276955602537,6.161207321695077,0.0,0.0,1.0,4.0,0.0,0.0,2.0,0.0
b1047,410.0,106.379,8.0,4.0,0.10714285714285714,2.425870928883281,390.0,95.876,6.0,4.0,0.13333333333333333,3.1917127514565147,1.0297894708318556,0.5161258709650901,0.5272727272727272,5.955837369464831,10.0,0.0,1.0,3.0,0.0,1.0,0.0,0.0
b1048,170.0,37.831,2.0,2.0,1.0,0.9531878686838363,151.0,29.078,1.0,1.0,0.0,2.3754623539078814,2.6464135295995983,0.6200432028699595,0.5577299412915852,6.238324625039508,0.0,0.0,0.0,3.0,0.0,0.0,0.0,0.0
b1049,180.0,42.43,5.0,3.0,0.1,1.867838608158231,150.0,30.562,2.0,1.0,0.0,4.225735974410449,1.547897717563097,0.5849330645060553,0.6257378984651711,6.742880635791903,6.0,0.0,1.0,3.0,0.0,1.0,0.0,0.0
b1050,71.0,20.877,2.0,2.0,0.0,0.9030781923768337,53.0,13.64,1.0,1.0,0.0,0.7287423733453273,0.0,0.6312398207248204,0.56,4.330733340286331,0.0,0.0,0.0,1.0,0.0,0.0,0.0,0.0
b1051,134.0,56.361,21.0,12.0,0.45714285714285713,4.317594241699963,126.0,51.217,19.0,11.0,0.5146198830409356,6.261300930128615,2.9571329911876867,0.5150361732919764,0.4838709677419355,4.8283137373023015,0.0,0.0,0.0,2.0,0.0,0.0,0.0,0.0
b1053,199.0,55.554,8.0,6.0,0.4642857142857143,1.8655246060922834,150.0,28.505,0.0,0.0,0.0,0.0,-1.0268721464003014,0.48658057621808815,0.5882352941176471,6.013715156042802,11.0,0.0,0.0,3.0,0.0,1.0,0.0,0.0
b1054,248.0,73.253,14.0,11.0,0.7032967032967034,2.192663850204536,219.0,48.119,2.0,2.0,1.0,0.9733430588521859,0.3961993470957363,0.61035047044136,0.5882352941176471,5.726847747587197,1.0,0.0,1.0,5.0,0.0,1.0,2.0,1.0
b1055,221.0,52.486,1.0,1.0,0.0,0.5601469214704633,191.0,39.419,1.0,1.0,0.0,2.3754623539078814,0.9459607035775686,0.6288690665831985,0.5371428571428571,5.860786223465865,0.0,0.0,1.0,5.0,0.0,0.0,0.0,0.0
b1056,173.0,35.775,1.0,1.0,0.0,2.4962556165751373,143.0,26.531,1.0,1.0,0.0,2.9922202274087373,2.0969447551769407,0.6344888881374788,0.5130890052356021,5.2574953720277815,0.0,0.0,0.0,2.0,0.0,0.0,0.0,0.0
b1057,169.0,38.286,1.0,1.0,0.0,2.4962556165751373,148.0,30.105,1.0,1.0,0.0,2.9922202274087373,0.0,0.4888784565755601,0.5478723404255319,5.241747015059643,4.0,1.0,0.0,3.0,0.0,1.0,0.0,0.0
b1058,79.0,29.248,2.0,2.0,0.0,1.300848190570703,24.0,4.794,1.0,1.0,0.0,2.9922202274087373,0.0,0.5106887868729125,0.5217391304347826,3.8501476017100584,0.0,0.0,0.0,2.0,0.0,0.0,0.0,0.0
b1059,251.0,58.017,2.0,2.0,0.0,1.0517164462730433,231.0,45.82,1.0,1.0,0.0,2.9922202274087373,2.0170750963760593,0.6012452229463868,0.5483870967741935,5.921578419643816,0.0,1.0,1.0,5.0,0.0,0.0,0.0,0.0
b1060,100.0,28.786,2.0,1.0,0.0,1.8990703446827502,61.0,10.067,0.0,0.0,0.0,0.0,0.0,0.5519627615137761,0.4880952380952381,4.442651256490317,0.0,0.0,0.0,3.0,0.0,0.0,0.0,0.0
b1061,88.0,32.731,14.0,10.0,0.4945054945054945,2.071662294294171,46.0,11.101,3.0,2.0,0.0,2.1659180769138544,1.1241780554746752,0.5415759362536123,0.41975308641975306,4.406719247264253,0.0,0.0,0.0,2.0,0.0,0.0,0.0,0.0
b1062,292.0,84.3,17.0,14.0,0.4852941176470588,2.232388923391051,268.0,63.603,9.0,8.0,0.6666666666666666,3.3307726362534757,2.780324514310646,0.5602210443267325,0.5574712643678161,5.855071922202427,0.0,1.0,1.0,5.0,0.0,0.0,3.0,1.0
b1063,78.0,22.246,0.0,0.0,0.0,0.0,24.0,5.035,0.0,0.0,0.0,0.0,1.595606434865603,0.6150105158566205,0.543010752688172,5.231108616854587,0.0,0.0,0.0,2.0,0.0,1.0,0.0,0.0
b1064,293.0,74.195,4.0,4.0,0.6666666666666666,0.942985044411359,250.0,54.656,0.0,0.0,0.0,0.0,2.772329042716398,0.5917267977227257,0.5720930232558139,5.375278407684165,0.0,0.0,0.0,3.0,0.0,0.0,0.0,0.0
b1065,257.0,70.398,11.0,7.0,0.32727272727272727,2.376375000842613,214.0,45.008,1.0,1.0,0.0,1.0636072226563351,0.0,0.5300329572579147,0.6368159203980099,5.998936561946683,10.0,0.0,0.0,3.0,0.0,1.0,0.0,0.0
b1066,197.0,54.609,6.0,3.0,0.2,1.8123431941694803,182.0,37.108,2.0,2.0,1.0,2.9922202274087373,1.318272080211627,0.6116750777273691,0.5,5.272999558563747,0.0,0.0,1.0,5.0,1.0,0.0,0.0,0.0
b1067,132.0,28.892,2.0,2.0,1.0,0.9537905451749595,131.0,29.215,2.0,2.0,1.0,2.9922202274087373,2.585472009738158,0.6284729025642126,0.5255813953488372,5.375278407684165,0.0,0.0,0.0,2.0,0.0,0.0,0.0,0.0
b1068,243.0,63.33,7.0,3.0,0.047619047619047616,2.6200580028336686,219.0,47.8,2.0,2.0,1.0,2.9922202274087373,1.207095540419218,0.5577661396807059,0.5700325732899023,5.730099782973574,0.0,0.0,1.0,2.0,0.0,0.0,0.0,0.0
b1069,396.0,108.112,15.0,11.0,0.4380952380952381,2.262621242192142,349.0,72.69,1.0,1.0,0.0,0.9037801699215403,0.5010592622177514,0.5349145743493596,0.639921722113503,6.238324625039508,14.0,0.0,0.0,5.0,0.0,1.0,0.0,0.0
b1070,71.0,50.28,44.0,34.0,0.8509513742071881,3.303508413352285,67.0,39.805,31.0,23.0,0.789247311827957,3.4603844729710507,2.0828212609393293,0.5713497605375031,0.5362318840579711,4.9344739331306915,0.0,0.0,0.0,2.0,1.0,0.0,1.0,0.0
b1071,112.0,62.855,47.0,33.0,0.7835337650323775,3.610287904951963,81.0,38.691,28.0,23.0,0.8227513227513228,3.1539432804586367,2.409950021620509,0.5983822995444172,0.5670103092783505,4.584967478670572,0.0,0.0,0.0,3.0,0.0,0.0,3.0,0.0
b1072,313.0,108.482,46.0,34.0,0.842512077294686,3.5527892886602164,284.0,95.73,39.0,29.0,0.7435897435897436,4.529235575940091,0.37657695705651195,0.5098187080757928,0.5296803652968036,5.393627546352362,0.0,0.0,0.0,2.0,0.0,0.0,1.0,0.0
b1073,249.0,99.819,50.0,34.0,0.7175510204081633,3.9378275130465115,213.0,81.386,43.0,29.0,0.7386489479512736,4.882922008528494,0.06818586174616162,0.5932512612330039,0.572463768115942,4.9344739331306915,0.0,0.0,0.0,3.0,0.0,0.0,1.0,0.0
b1074,181.0,80.728,42.0,34.0,0.9256678281068524,3.0737742893758835,139.0,62.301,40.0,29.0,0.8487179487179487,4.146238358065642,-0.6736641390712486,0.5467142008906306,0.5522388059701493,4.90527477843843,0.0,0.0,0.0,3.0,0.0,0.0,1.0,0.0
b1075,209.0,80.322,44.0,34.0,0.9027484143763214,3.2113287691793455,180.0,67.861,41.0,29.0,0.8329268292682926,4.23127149430255,0.4281347940287888,0.6081472437800104,0.6190476190476191,5.44673737166631,0.0,0.0,0.0,2.0,0.0,0.0,1.0,0.0
b1076,168.0,73.976,42.0,34.0,0.9221835075493612,3.078096147981468,142.0,59.733,36.0,29.0,0.9095238095238095,3.737200568510015,1.2626883443016965,0.6223958823410952,0.6019900497512438,5.998936561946683,0.0,0.0,0.0,2.0,0.0,0.0,1.0,0.0
b1077,84.0,50.172,37.0,34.0,0.9744744744744744,2.7313150925700076,69.0,42.919,35.0,29.0,0.9327731092436975,3.6368655137349846,1.127428777851599,0.540410978854794,0.6254980079681275,5.529429087511423,0.0,0.0,0.0,3.0,0.0,0.0,1.0,0.0
b1078,341.0,115.61,46.0,34.0,0.8347826086956521,3.4538274849650983,169.0,58.55,40.0,29.0,0.8525641025641025,4.141769839410818,0.9334872878487055,0.6312450341404512,0.6230769230769231,5.564520407322694,0.0,0.0,0.0,3.0,0.0,0.0,1.0,0.0
b1079,201.0,80.975,45.0,34.0,0.8777777777777778,3.2796576079126782,181.0,71.087,37.0,29.0,0.8948948948948949,3.830831489220886,1.8513195126487452,0.6260128553707787,0.5991379310344828,5.4510384535657,0.0,0.0,0.0,3.0,0.0,1.0,1.0,0.0
b1080,198.0,79.745,42.0,34.0,0.8013937282229965,3.2488316128635244,157.0,62.149,34.0,29.0,0.9554367201426025,3.541113085647785,-0.21681130892474243,0.5539772751609989,0.5753424657534246,5.902633333401366,0.0,0.0,0.0,4.0,0.0,0.0,1.0,0.0
b1081,265.0,88.958,40.0,34.0,0.8948717948717949,3.013329917458802,244.0,78.397,34.0,29.0,0.8734402852049911,3.784719277128504,-1.2291479883578558,0.584086745209851,0.6261980830670927,5.749392985908253,0.0,0.0,1.0,3.0,0.0,0.0,1.0,0.0
b1082,239.0,95.851,50.0,34.0,0.8081632653061225,3.6935237190469,192.0,78.821,48.0,29.0,0.7074468085106383,5.0883959354510955,1.7380667147774693,0.6027042602656548,0.5776965265082267,6.306275286948016,0.0,0.0,0.0,2.0,0.0,0.0,1.0,0.0
b1083,311.0,106.61,49.0,34.0,0.8078231292517006,3.64704677887374,231.0,76.389,48.0,29.0,0.7012411347517731,5.073317305904787,2.01287938717129,0.5455770466188006,0.555205047318612,5.762051382780177,0.0,0.0,0.0,2.0,0.0,0.0,1.0,0.0
b1084,540.0,198.429,65.0,17.0,0.1951923076923077,7.890284515588592,423.0,113.32,28.0,15.0,0.6534391534391535,6.689923057746397,2.618058561513286,0.6150158285471347,0.5023562676720076,6.967909201801884,0.0,1.0,1.0,5.0,1.0,1.0,1.0,0.0
b1085,30.0,8.751,0.0,0.0,0.0,0.0,13.0,2.32,0.0,0.0,0.0,0.0,-0.7986028756795485,0.5213184776931885,0.4811320754716981,4.672828834461906,0.0,0.0,0.0,1.0,0.0,0.0,0.0,0.0
b1086,371.0,109.657,8.0,6.0,0.07142857142857142,1.5384589574459888,344.0,78.289,0.0,0.0,0.0,0.0,1.549125926758111,0.5874676057858057,0.49843260188087773,5.768320995793772,0.0,0.0,1.0,4.0,0.0,0.0,0.0,0.0
b1087,213.0,50.29,0.0,0.0,0.0,0.0,194.0,38.784,0.0,0.0,0.0,0.0,2.23807120613056,0.5676359191762201,0.4742268041237113,5.272999558563747,0.0,1.0,1.0,5.0,1.0,0.0,0.0,0.0
b1088,543.0,190.39,67.0,58.0,0.7706919945725916,4.803520578699325,532.0,189.567,69.0,51.0,0.6807331628303496,7.967322023031513,2.056942945672877,0.5661029149118547,0.49710982658959535,5.159055299214529,0.0,0.0,0.0,3.0,0.0,0.0,0.0,0.0
b1089,552.0,231.531,117.0,61.0,0.6452991452991453,7.263302842718004,519.0,173.014,74.0,51.0,0.7256571640133284,7.312108499074811,3.4003670008504088,0.6672482535769158,0.5789473684210527,4.060443010546419,0.0,0.0,0.0,5.0,0.0,0.0,1.0,1.0
b1090,443.0,139.79,33.0,21.0,0.38257575757575757,3.1174744267315204,405.0,110.849,19.0,16.0,0.7368421052631579,2.6515321141062542,1.079543007402906,0.46468831490434326,0.5112359550561798,5.877735781779639,0.0,0.0,1.0,4.0,1.0,1.0,3.0,0.0
b1091,478.0,143.346,25.0,14.0,0.38666666666666666,2.956394133311152,451.0,99.956,18.0,8.0,0.3137254901960784,4.563961580903349,2.779603705391958,0.5973414908850327,0.5646687697160884,5.762051382780177,0.0,0.0,1.0,5.0,1.0,0.0,3.0,1.0
b1092,480.0,156.811,36.0,19.0,0.2920634920634921,3.8513194833495867,460.0,121.827,24.0,9.0,0.21739130434782608,6.13609011515944,3.0824298930252536,0.5859208873281838,0.5275080906148867,5.736572297479192,0.0,0.0,1.0,4.0,0.0,0.0,5.0,1.0
b1093,334.0,99.665,15.0,13.0,0.5047619047619047,1.6905050300828224,303.0,76.505,11.0,8.0,0.4727272727272727,2.239165328983036,3.1401968233498807,0.6192379523216165,0.5,5.501258210544727,0.0,0.0,1.0,5.0,0.0,0.0,6.0,1.0
b1094,782.0,286.255,88.0,28.0,0.15804597701149425,9.047121309547688,677.0,148.866,24.0,11.0,0.2246376811594203,5.355686072810525,3.8042764486955427,0.6441799031004342,0.5384615384615384,4.3694478524670215,0.0,0.0,0.0,5.0,1.0,0.0,2.0,0.0
b1095,443.0,139.653,28.0,13.0,0.31216931216931215,3.6936751926939766,420.0,105.52,15.0,8.0,0.3333333333333333,4.423931461156247,2.6211866714708982,0.6150835180357163,0.5254237288135594,6.025865973825314,0.0,0.0,1.0,5.0,0.0,0.0,5.0,1.0
b1096,368.0,96.372,10.0,9.0,0.4222222222222222,1.561408736509474,339.0,67.069,6.0,5.0,0.8666666666666667,2.0940681229486637,0.8061799739838872,0.4626765653049151,0.5055762081784386,5.598421958998375,0.0,1.0,1.0,5.0,0.0,0.0,2.0,1.0
b1097,339.0,96.029,21.0,10.0,0.3047619047619048,3.1648968947285163,315.0,74.956,7.0,5.0,0.8095238095238095,2.3240611325867695,0.8536982117761743,0.5923045573200219,0.5588235294117647,5.831882477283517,1.0,0.0,1.0,5.0,0.0,1.0,0.0,0.0
b1098,272.0,83.214,24.0,14.0,0.3007246376811594,2.96606350071034,238.0,50.157,8.0,5.0,0.6071428571428571,2.8570886195348733,1.5900612308037425,0.606463997353559,0.5586854460093896,5.365976015021851,0.0,0.0,1.0,5.0,0.0,0.0,3.0,1.0
b1099,467.0,138.102,29.0,16.0,0.4088669950738916,3.456387855229101,443.0,104.807,6.0,5.0,0.8666666666666667,2.0632058142364404,0.7573960287930241,0.48456293335722245,0.5119760479041916,5.814130531825066,0.0,0.0,1.0,5.0,0.0,0.0,3.0,1.0
b1100,232.0,58.733,5.0,5.0,1.0,0.9282626846334471,220.0,53.432,6.0,5.0,0.6666666666666666,2.3027082502754546,1.3911116137028026,0.5842201942193529,0.4867924528301887,5.583496308781699,0.0,1.0,1.0,3.0,0.0,0.0,0.0,0.0
b1101,441.0,147.443,46.0,18.0,0.22318840579710145,6.521782948538137,313.0,48.904,2.0,2.0,0.0,1.277557237316945,2.658974366561803,0.619704389308029,0.5765199161425576,6.169610732491456,10.0,0.0,1.0,5.0,0.0,1.0,4.0,1.0
b1102,324.0,90.805,22.0,13.0,0.48917748917748916,3.290492600567484,283.0,70.805,11.0,9.0,0.8363636363636363,3.3056856657578404,1.3875677794171886,0.5986324646456477,0.5459533607681756,6.593044534142437,0.0,0.0,0.0,5.0,0.0,1.0,0.0,0.0
b1103,308.0,70.045,5.0,5.0,1.0,1.2568641806692835,296.0,56.216,5.0,5.0,1.0,2.4675365429499925,2.9925579358613614,0.653323142349709,0.5378151260504201,4.787491742782046,0.0,0.0,1.0,5.0,0.0,0.0,0.0,0.0
b1104,25.0,10.343,6.0,5.0,0.6666666666666666,1.5318163057660787,11.0,5.203,5.0,5.0,1.0,2.467536542949993,1.0610753236297918,0.463156133267633,0.512,4.836281906951478,0.0,0.0,0.0,1.0,0.0,0.0,0.0,0.0
b1105,477.0,154.165,32.0,13.0,0.23588709677419356,4.85630759741141,426.0,120.878,22.0,8.0,0.29004329004329005,8.217033834818979,2.2330215069876935,0.5458678036489545,0.5915492957746479,5.365976015021851,0.0,0.0,0.0,5.0,0.0,1.0,0.0,0.0
b1106,100.0,32.482,12.0,8.0,0.30303030303030304,2.256010389243203,58.0,10.906,5.0,5.0,1.0,2.467536542949993,0.7075701760979364,0.5227136935239486,0.5656934306569343,5.616771097666572,0.0,0.0,1.0,3.0,0.0,0.0,2.0,1.0
b1107,230.0,66.947,18.0,8.0,0.24836601307189543,3.6590809342129518,198.0,40.53,6.0,5.0,0.6666666666666666,3.0529876517317507,1.4743619760326307,0.5999782109705508,0.5131964809384164,5.834810737062605,0.0,0.0,1.0,5.0,1.0,0.0,3.0,0.0
b1108,268.0,73.554,8.0,5.0,0.42857142857142855,1.8930297586159526,250.0,65.155,8.0,5.0,0.42857142857142855,4.024527586428598,2.6721070981455433,0.6055418832160909,0.5777777777777777,5.198497031265826,0.0,0.0,0.0,2.0,0.0,0.0,0.0,0.0
b1109,385.0,114.462,17.0,15.0,0.7573529411764706,2.154065388090431,292.0,46.713,1.0,1.0,0.0,0.6383297351865441,2.4393484860697474,0.6414138344220102,0.5944700460829493,6.075346031088684,0.0,1.0,2.0,5.0,1.0,1.0,2.0,1.0
b1110,257.0,61.309,2.0,2.0,0.0,0.8265506884340689,246.0,53.356,1.0,1.0,0.0,0.9240097302868083,0.8102325179950841,0.5932663131047892,0.5418994413407822,5.19295685089021,1.0,0.0,0.0,2.0,0.0,1.0,0.0,0.0
b1111,166.0,35.942,1.0,1.0,0.0,2.4962556165751373,144.0,28.642,0.0,0.0,0.0,0.0,0.8543060418010806,0.5427125150189278,0.5476190476190477,5.351858133476067,0.0,0.0,0.0,4.0,0.0,0.0,0.0,0.0
b1112,144.0,36.884,1.0,1.0,0.0,2.4962556165751373,98.0,17.535,0.0,0.0,0.0,0.0,1.3012470886362115,0.5540436172298646,0.4470588235294118,4.454347296253507,0.0,0.0,0.0,4.0,0.0,1.0,0.0,0.0
b1113,215.0,57.232,10.0,8.0,0.5111111111111111,2.182755097161432,197.0,47.981,8.0,6.0,0.7142857142857143,3.6705254455499423,0.029383777685209667,0.5946258906190326,0.5375,5.771441123130016,0.0,0.0,1.0,4.0,0.0,0.0,1.0,0.0
b1114,407.0,125.237,23.0,15.0,0.39920948616600793,2.61266075573946,335.0,75.897,0.0,0.0,0.0,0.0,1.6405808064896525,0.6288457424353785,0.5905923344947736,7.046647277848756,0.0,0.0,1.0,5.0,1.0,0.0,1.0,0.0
b1115,312.0,85.421,6.0,5.0,0.2,1.5534079482263123,297.0,78.541,5.0,4.0,0.2,2.763298876546996,-1.9961088337630895,0.5518318333916891,0.6078431372549019,5.8805329864007,8.0,0.0,0.0,2.0,0.0,1.0,0.0,0.0
b1116,430.0,175.666,18.0,11.0,0.3137254901960784,2.5978492076970428,305.0,68.379,8.0,6.0,0.39285714285714285,2.964226729331403,1.049605612594973,0.5762279316709862,0.5889724310776943,5.991464547107982,4.0,0.0,0.0,4.0,0.0,1.0,1.0,0.0
b1117,497.0,196.314,20.0,13.0,0.1,2.684308014151415,417.0,81.102,6.0,6.0,0.2,1.9514831600900473,2.045362102653348,0.6770722944109798,0.6351931330472103,5.455321115357702,0.0,0.0,1.0,5.0,0.0,1.0,1.0,0.0
b1118,411.0,169.129,17.0,11.0,0.3161764705882353,2.4951057945558106,270.0,60.359,8.0,6.0,0.4642857142857143,2.8367088464742483,0.825426117767823,0.6095257988298232,0.6038647342995169,6.028278520230698,4.0,0.0,0.0,4.0,0.0,1.0,1.0,0.0
b1119,204.0,68.973,16.0,9.0,0.20833333333333334,2.901164712097956,192.0,57.566,11.0,6.0,0.32727272727272727,3.4904916110936117,1.5120169694961267,0.560835835524558,0.4884488448844885,5.717027701406222,0.0,0.0,1.0,5.0,0.0,0.0,2.0,0.0
b1120,356.0,95.714,21.0,11.0,0.20952380952380953,3.6288267164275148,304.0,51.376,3.0,3.0,0.3333333333333333,1.5745294675091546,1.8123116091311238,0.6031812883697462,0.49173553719008267,5.634789603169249,0.0,1.0,2.0,5.0,1.0,0.0,2.0,1.0
b1121,44.0,16.243,2.0,2.0,0.0,1.2093212711744168,27.0,7.506,1.0,1.0,0.0,2.9922202274087373,-0.4509967379742122,0.4495441593055518,0.40076335877862596,5.572154032177765,4.0,0.0,0.0,2.0,0.0,1.0,0.0,0.0
b1122,31.0,12.28,4.0,2.0,0.0,2.364908463828675,11.0,4.378,1.0,1.0,0.0,2.9922202274087373,0.0,0.5496003242834026,0.46405228758169936,5.0369526024136295,2.0,0.0,0.0,2.0,0.0,1.0,0.0,0.0
b1123,130.0,37.93,9.0,9.0,0.8333333333333334,1.2932960762562562,101.0,25.206,9.0,8.0,0.75,3.0558142224489706,2.9190833248081907,0.644091460151468,0.6091954022988506,5.855071922202427,0.0,0.0,0.0,4.0,0.0,0.0,1.0,0.0
b1124,310.0,147.53,40.0,32.0,0.6897435897435897,4.329751960513942,188.0,34.689,9.0,8.0,0.5833333333333334,3.028350378437443,1.5683190850951119,0.6024368092764715,0.6098484848484849,5.579729825986222,6.0,0.0,0.0,4.0,0.0,1.0,1.0,0.0
b1125,284.0,141.429,39.0,32.0,0.7206477732793523,4.217289347304771,163.0,29.67,9.0,8.0,0.5833333333333334,3.0501259435557704,0.4281347940287888,0.6356439885250591,0.6727272727272727,5.62040086571715,6.0,0.0,0.0,4.0,0.0,1.0,1.0,0.0
b1126,389.0,171.241,47.0,32.0,0.515263644773358,5.220412488389253,310.0,65.909,14.0,8.0,0.17582417582417584,4.3742715770893765,1.9474827365569187,0.5932623678451808,0.582010582010582,5.937536205082426,0.0,0.0,1.0,5.0,0.0,1.0,1.0,0.0
b1127,197.0,48.228,4.0,4.0,0.8333333333333334,0.9152429649755885,165.0,30.17,0.0,0.0,0.0,0.0,2.4377664126947316,0.6593822292912829,0.5392156862745098,6.013715156042802,0.0,1.0,1.0,5.0,1.0,0.0,0.0,0.0
b1128,223.0,52.52,3.0,3.0,0.0,0.7850201420402747,213.0,47.843,0.0,0.0,0.0,0.0,2.2966871237724016,0.691261860803058,0.579088471849866,5.924255797414532,0.0,1.0,1.0,5.0,0.0,0.0,0.0,0.0
b1129,499.0,154.235,34.0,11.0,0.1622103386809269,5.396793024578563,391.0,91.039,4.0,3.0,0.16666666666666666,1.959263321599701,0.7084209001347127,0.565253740145943,0.5843621399176955,6.18826412308259,2.0,0.0,2.0,5.0,0.0,1.0,2.0,0.0
b1130,433.0,135.589,25.0,11.0,0.16666666666666666,4.094218777470165,286.0,53.878,4.0,3.0,0.0,2.037606759431998,2.68664520527081,0.6018222829433854,0.4798206278026906,5.4116460518550396,0.0,0.0,0.0,5.0,1.0,0.0,2.0,0.0
b1131,623.0,187.408,45.0,15.0,0.26666666666666666,5.137983514406001,582.0,123.906,15.0,9.0,0.4857142857142857,4.76409338364483,2.816247930391275,0.6615898941496444,0.6052631578947368,6.124683390894205,0.0,0.0,1.0,5.0,0.0,0.0,6.0,1.0
b1132,340.0,92.387,8.0,6.0,0.07142857142857142,1.8701943707964659,314.0,81.602,5.0,3.0,0.1,2.6522936216855975,1.7505855273410087,0.5768960651761904,0.6384976525821596,5.365976015021851,0.0,0.0,0.0,4.0,1.0,1.0,0.0,0.0
b1133,463.0,146.491,25.0,9.0,0.19666666666666666,4.299403264487151,442.0,102.633,5.0,3.0,0.2,2.8115409877122297,2.01287938717129,0.6709181865495465,0.6005434782608695,5.910796644040527,0.0,0.0,1.0,5.0,1.0,0.0,1.0,0.0
b1134,243.0,64.39,4.0,3.0,0.16666666666666666,1.5003674130616549,228.0,50.372,2.0,2.0,1.0,1.4794713632729761,1.1306553490220306,0.6373545397257833,0.5163398692810458,5.0369526024136295,0.0,1.0,1.0,4.0,0.0,0.0,1.0,1.0
b1135,147.0,42.367,7.0,6.0,0.19047619047619047,1.6594885001290665,141.0,31.308,3.0,2.0,0.3333333333333333,1.9474845650022035,0.6803355134145632,0.5620378750916409,0.5207373271889401,5.384495062789089,0.0,0.0,1.0,4.0,0.0,0.0,0.0,0.0
b1136,468.0,175.026,66.0,19.0,0.24055944055944056,7.206549842502202,393.0,79.218,14.0,8.0,0.3626373626373626,4.95878548477364,3.5798990121811376,0.6499901957185515,0.5264423076923077,6.0330862217988015,0.0,1.0,1.0,5.0,0.0,0.0,10.0,1.0
b1137,100.0,34.419,8.0,4.0,0.21428571428571427,2.8975251311149264,61.0,9.544,2.0,2.0,1.0,2.6040715257899643,0.14301480025409505,0.4416656508683607,0.27601809954751133,5.402677381872279,0.0,0.0,0.0,1.0,0.0,0.0,0.0,0.0
b1138,27.0,10.124,5.0,4.0,0.4,1.8990382669727883,16.0,3.627,2.0,2.0,1.0,2.6040715257899643,0.07188200730612536,0.44893026670373454,0.27350427350427353,5.459585514144159,4.0,0.0,0.0,1.0,0.0,1.0,0.0,0.0
b1139,24.0,10.111,4.0,4.0,0.5,1.4420034471477619,14.0,6.405,4.0,2.0,0.16666666666666666,4.911668196012138,0.02530586526477026,0.4410293190310819,0.2760942760942761,5.697093486505405,2.0,0.0,0.0,3.0,0.0,1.0,0.0,0.0
b1140,257.0,77.011,16.0,6.0,0.26666666666666666,4.8556342049740735,239.0,60.798,7.0,6.0,0.7142857142857143,4.090579948534072,0.2966651902615311,0.4484599055915416,0.384,5.929589143389895,0.0,0.0,0.0,3.0,0.0,0.0,0.0,0.0
b1141,28.0,13.662,8.0,6.0,0.6785714285714286,2.531289161349021,22.0,9.666,6.0,6.0,1.0,3.243246623676634,0.12057393120584989,0.3952727971367211,0.41975308641975306,4.406719247264253,0.0,0.0,0.0,2.0,0.0,0.0,0.0,0.0
b1142,0.0,0.0,0.0,0.0,0.0,0.0,0.0,0.0,0.0,0.0,0.0,0.0,0.0,0.39248899820221633,0.5048543689320388,4.6443908991413725,2.0,0.0,0.0,2.0,0.0,1.0,0.0,0.0
b1143,22.0,11.658,7.0,4.0,0.47619047619047616,2.3403122082507006,14.0,3.824,1.0,1.0,0.0,1.4971442828791255,0.0,0.5045631944393413,0.3805309734513274,4.736198448394496,0.0,0.0,0.0,1.0,0.0,0.0,0.0,0.0
b1144,37.0,17.016,10.0,6.0,0.5777777777777777,3.0656906226272,28.0,11.124,7.0,6.0,0.8571428571428571,3.7334853541543223,-0.4190750243243807,0.43403141376370197,0.5490196078431373,4.634728988229636,0.0,0.0,0.0,1.0,0.0,0.0,0.0,0.0
b1145,237.0,58.127,7.0,6.0,0.38095238095238093,1.9420676350992119,200.0,36.657,2.0,2.0,0.0,1.9073069630223212,0.5865873046717549,0.4734281018131999,0.4330357142857143,5.41610040220442,0.0,0.0,0.0,2.0,0.0,0.0,0.0,0.0
b1146,36.0,16.875,11.0,6.0,0.5636363636363636,3.335546877971174,24.0,10.131,8.0,6.0,0.6428571428571429,4.520541332218121,0.23299611039215382,0.5220252935075942,0.42424242424242425,4.204692619390966,0.0,0.0,0.0,1.0,0.0,0.0,0.0,0.0
b1147,55.0,24.427,9.0,6.0,0.4166666666666667,2.7337404123535505,22.0,9.702,6.0,6.0,1.0,3.243246623676634,0.0,0.5372372215822278,0.4702702702702703,5.225746673713202,0.0,0.0,0.0,1.0,0.0,0.0,0.0,0.0
b1148,19.0,10.748,8.0,6.0,0.8214285714285714,2.496282987909365,17.0,9.488,8.0,6.0,0.7142857142857143,4.262750391164747,0.0,0.47263790007783685,0.5446428571428571,4.727387818712341,0.0,0.0,0.0,1.0,0.0,0.0,0.0,0.0
b1149,0.0,0.0,0.0,0.0,0.0,0.0,0.0,0.0,0.0,0.0,0.0,0.0,0.0,0.60577328199856,0.6417582417582418,6.1224928095143865,0.0,0.0,0.0,1.0,0.0,0.0,0.0,0.0
b1150,42.0,19.252,9.0,6.0,0.7222222222222222,2.7391569468517054,20.0,7.879,8.0,6.0,0.7142857142857143,4.262750391164747,0.0,0.5534940756063288,0.6666666666666666,4.110873864173311,2.0,0.0,0.0,1.0,0.0,1.0,0.0,0.0
b1151,0.0,0.0,0.0,0.0,0.0,0.0,0.0,0.0,0.0,0.0,0.0,0.0,0.0,0.5268787177806915,0.643312101910828,5.062595033026967,0.0,0.0,0.0,1.0,0.0,0.0,0.0,0.0
b1152,0.0,0.0,0.0,0.0,0.0,0.0,0.0,0.0,0.0,0.0,0.0,0.0,0.0,0.0,0.0,5.575949103146316,0.0,0.0,0.0,2.0,0.0,0.0,0.0,0.0
b1153,156.0,40.69,8.0,5.0,0.5,2.6302757813350093,142.0,34.205,5.0,3.0,0.5,3.1133797698370054,-0.17327747983100789,0.5959749164291327,0.6288659793814433,5.272999558563747,0.0,0.0,0.0,1.0,0.0,0.0,0.0,0.0
b1154,60.0,24.994,8.0,5.0,0.6428571428571429,2.5772591697045892,39.0,10.111,6.0,4.0,0.6,3.418564258868034,-1.0506099933550872,0.4646943922941434,0.4880382775119617,5.3471075307174685,0.0,0.0,0.0,2.0,0.0,0.0,0.0,0.0
b1155,54.0,20.724,5.0,5.0,0.5,1.8235220680420916,35.0,10.858,3.0,2.0,0.6666666666666666,2.133513746328786,0.0,0.5345519658173081,0.34306569343065696,4.927253685157205,0.0,0.0,0.0,1.0,0.0,0.0,0.0,0.0
b1156,68.0,23.474,6.0,5.0,0.2,2.168674859441417,38.0,9.468,2.0,2.0,1.0,1.5815771124827929,-1.3565473235138126,0.5352844038176994,0.395,5.303304908059076,0.0,0.0,0.0,2.0,0.0,0.0,0.0,0.0
b1157,0.0,0.0,0.0,0.0,0.0,0.0,0.0,0.0,0.0,0.0,0.0,0.0,0.0,0.0,0.0,5.187385805840755,0.0,0.0,0.0,1.0,0.0,0.0,0.0,0.0
b1158,68.0,17.047,1.0,1.0,0.0,0.6824447936659928,55.0,9.149,0.0,0.0,0.0,0.0,-0.7619538968712045,0.4741022028359783,0.41304347826086957,5.220355825078324,0.0,0.0,2.0,3.0,0.0,0.0,0.0,0.0
b1159,157.0,48.02,15.0,9.0,0.42857142857142855,2.6505934343208706,117.0,23.692,2.0,2.0,0.0,2.3107368118285674,0.5301996982030821,0.4381145894369164,0.30324909747292417,5.627621113690637,0.0,0.0,1.0,3.0,0.0,0.0,0.0,0.0
b1160,58.0,18.493,5.0,4.0,0.6,1.2832581391352713,8.0,0.594,0.0,0.0,0.0,0.0,0.0,0.46578229657062437,0.308411214953271,4.68213122712422,0.0,0.0,0.0,4.0,1.0,0.0,0.0,0.0
b1161,23.0,9.657,2.0,2.0,0.0,1.0197479886997145,14.0,2.597,0.0,0.0,0.0,0.0,-0.9829666607012196,0.5071386890735755,0.3656716417910448,4.90527477843843,0.0,0.0,0.0,1.0,0.0,0.0,0.0,0.0
b1162,246.0,61.096,5.0,4.0,0.6,1.9687801346547351,226.0,45.055,1.0,1.0,0.0,0.6677238574866271,0.6242820958356683,0.4919097681257018,0.4609053497942387,5.497168225293202,0.0,0.0,0.0,4.0,0.0,0.0,0.0,0.0
b1163,192.0,60.431,20.0,13.0,0.2,3.935165738829048,166.0,44.51,15.0,11.0,0.24761904761904763,3.860209943485833,0.3138672203691533,0.47083007017467376,0.3945409429280397,6.0014148779611505,0.0,1.0,0.0,5.0,0.0,0.0,0.0,0.0
b1164,48.0,17.32,5.0,4.0,0.8,1.9287480190083515,13.0,4.495,3.0,3.0,1.0,2.992220227408737,-0.7594507517174003,0.51256459858654,0.34615384615384615,4.3694478524670215,0.0,0.0,0.0,2.0,0.0,0.0,0.0,0.0
b1165,43.0,15.081,5.0,4.0,0.8,1.9287480190083515,20.0,4.876,3.0,3.0,1.0,2.992220227408737,0.37291200297010657,0.4625044541975882,0.35555555555555557,4.51085950651685,0.0,0.0,0.0,2.0,0.0,0.0,0.0,0.0
b1166,68.0,20.909,5.0,4.0,0.8,1.9287480190083515,28.0,5.504,3.0,3.0,1.0,2.992220227408737,0.0,0.4660464580398129,0.29545454545454547,4.48863636973214,0.0,0.0,0.0,4.0,0.0,0.0,0.0,0.0
b1167,56.0,19.609,3.0,3.0,1.0,1.3648185890578193,18.0,5.411,3.0,3.0,1.0,2.992220227408737,0.0,0.4967782866858406,0.3902439024390244,4.418840607796598,0.0,0.0,0.0,1.0,0.0,0.0,0.0,0.0
b1168,144.0,46.767,14.0,13.0,0.1978021978021978,2.288355772231021,126.0,36.162,14.0,11.0,0.054945054945054944,3.342198510028896,-0.8096683018297085,0.4888097779060937,0.4516765285996055,6.230481447578482,2.0,0.0,1.0,3.0,0.0,1.0,0.0,0.0
b1171,49.0,18.958,3.0,3.0,0.6666666666666666,1.1565148041407685,26.0,5.594,2.0,2.0,1.0,2.9922202274087373,1.1821292140529984,0.6012965872813386,0.46788990825688076,4.700480365792417,0.0,0.0,0.0,1.0,0.0,0.0,0.0,0.0
b1172,46.0,17.834,4.0,3.0,0.5,1.3186581198675662,16.0,3.366,2.0,2.0,1.0,2.9922202274087373,-0.6777807052660807,0.48669350017831214,0.42105263157894735,4.74493212836325,0.0,0.0,0.0,1.0,0.0,0.0,0.0,0.0
b1174,262.0,94.39,38.0,16.0,0.41109530583214793,5.104648190936336,238.0,85.119,36.0,15.0,0.4492063492063492,8.695941256379973,2.9670844190650953,0.5691036831604523,0.4318181818181818,4.48863636973214,0.0,0.0,0.0,4.0,0.0,0.0,0.0,0.0
b1175,182.0,47.713,9.0,9.0,0.3611111111111111,1.3384035015070392,156.0,34.762,8.0,5.0,0.35714285714285715,2.6870699565771616,3.0103041977761533,0.5804564334311015,0.5148148148148148,5.602118820879701,0.0,0.0,0.0,5.0,0.0,1.0,0.0,0.0
b1176,281.0,82.232,21.0,14.0,0.49047619047619045,2.8452560206328505,248.0,49.973,4.0,4.0,0.6666666666666666,1.658238078754802,1.5588285248170117,0.509725089455337,0.47619047619047616,5.44673737166631,0.0,0.0,0.0,5.0,0.0,0.0,0.0,0.0
b1177,22.0,9.543,2.0,2.0,0.0,1.1188199498974056,11.0,2.215,0.0,0.0,0.0,0.0,1.6494322232416165,0.531370038794259,0.39344262295081966,4.812184355372417,0.0,0.0,0.0,1.0,0.0,0.0,0.0,0.0
b1178,63.0,19.778,3.0,2.0,0.0,1.662742803270566,25.0,4.75,1.0,1.0,0.0,0.959521355715225,2.434584870449594,0.5311249710743692,0.45864661654135336,4.897839799950911,0.0,0.0,0.0,3.0,0.0,0.0,0.0,0.0
b1179,245.0,63.308,1.0,1.0,0.0,0.5730918853435203,222.0,53.884,2.0,1.0,0.0,2.0537481055630176,2.1238842934600077,0.5457495506135894,0.4722222222222222,4.6913478822291435,0.0,0.0,0.0,1.0,0.0,0.0,0.0,0.0
b1180,282.0,61.79,2.0,2.0,0.0,0.9751470345110275,276.0,54.1,2.0,1.0,0.0,2.655831260833232,1.8076026699164947,0.5888508870950182,0.54337899543379,5.393627546352362,0.0,1.0,1.0,4.0,0.0,0.0,2.0,0.0
b1181,168.0,40.083,3.0,2.0,0.3333333333333333,1.7259010147035956,151.0,32.715,1.0,1.0,0.0,1.5990044708404956,-0.2865094569060575,0.6280515047935794,0.49019607843137253,5.0369526024136295,0.0,0.0,0.0,1.0,0.0,0.0,0.0,0.0
b1182,90.0,28.729,3.0,3.0,0.0,0.863201455384767,15.0,1.593,0.0,0.0,0.0,0.0,1.16761267272753,0.549378302968838,0.43234323432343236,5.717027701406222,1.0,0.0,0.0,5.0,0.0,1.0,0.0,0.0
b1183,232.0,74.372,24.0,16.0,0.4673913043478261,3.0649221261596264,163.0,30.071,6.0,4.0,0.4666666666666667,3.8009200171153807,0.0,0.5661460123585342,0.5035971223021583,4.941642422609304,0.0,0.0,1.0,5.0,0.0,0.0,0.0,0.0
b1184,261.0,80.714,24.0,16.0,0.5434782608695652,2.9587667984981945,197.0,32.349,3.0,3.0,1.0,2.0379304268536704,-1.1307682802690238,0.5168692629666556,0.5379146919431279,6.0473721790462776,0.0,0.0,0.0,5.0,0.0,0.0,0.0,0.0
b1185,420.0,112.878,10.0,8.0,0.3111111111111111,1.7844738014138486,368.0,86.223,0.0,0.0,0.0,0.0,1.4234097277330935,0.6462318380660361,0.6022727272727273,5.176149732573829,4.0,0.0,0.0,5.0,0.0,1.0,0.0,0.0
b1186,207.0,48.859,2.0,2.0,1.0,0.9142332720484919,169.0,33.731,0.0,0.0,0.0,0.0,1.5911759503117913,0.5950092520160534,0.6471734892787524,6.2422232654551655,12.0,0.0,0.0,5.0,0.0,1.0,0.0,0.0
b1187,336.0,109.497,25.0,11.0,0.22,3.9570926875524832,271.0,70.411,9.0,8.0,0.75,3.1560846106094695,2.1818721590103336,0.6310589381345951,0.5439330543933054,5.480638923341991,0.0,0.0,0.0,5.0,1.0,0.0,0.0,0.0
b1188,239.0,79.646,13.0,6.0,0.15384615384615385,3.281311126801231,215.0,63.06,12.0,4.0,0.15151515151515152,5.306647874336309,1.4998244958395797,0.6464435382814752,0.6098039215686275,6.236369590203704,0.0,0.0,0.0,1.0,0.0,0.0,0.0,0.0
b1189,296.0,73.649,7.0,5.0,0.3333333333333333,1.6785213277820068,271.0,53.488,1.0,1.0,0.0,1.1761583897044576,1.9983029400985413,0.6155165898442713,0.5995370370370371,6.07073772800249,0.0,1.0,1.0,5.0,0.0,1.0,3.0,0.0
b1190,307.0,79.361,6.0,5.0,0.5333333333333333,1.1439728449779427,282.0,57.276,2.0,1.0,0.0,1.7091903057427467,1.420120848085703,0.5548881808207605,0.6432584269662921,5.877735781779639,0.0,1.0,1.0,3.0,0.0,0.0,3.0,0.0
b1191,187.0,45.104,1.0,1.0,0.0,0.47751393879021126,142.0,30.176,1.0,1.0,0.0,0.7045611901687306,1.0648322197385738,0.559648115575663,0.5605536332179931,6.361302477572996,13.0,0.0,0.0,3.0,0.0,1.0,0.0,0.0
b1192,246.0,60.25,9.0,7.0,0.3333333333333333,1.9639819853131555,221.0,43.688,0.0,0.0,0.0,0.0,1.356217134219735,0.5987297818621888,0.5625,5.720311776607412,0.0,0.0,1.0,5.0,1.0,0.0,0.0,0.0
b1193,243.0,60.711,8.0,7.0,0.75,1.655072235498517,219.0,44.538,0.0,0.0,0.0,0.0,0.8135809885681919,0.556058391139174,0.5615763546798029,5.318119993844216,0.0,0.0,1.0,4.0,0.0,1.0,0.0,0.0
b1194,370.0,125.564,35.0,23.0,0.5361344537815126,3.4841125701512925,328.0,99.692,26.0,19.0,0.5815384615384616,4.125394231221961,1.617105230502378,0.5673466675584419,0.5614754098360656,5.501258210544727,0.0,0.0,0.0,5.0,0.0,0.0,1.0,0.0
b1195,84.0,21.491,1.0,1.0,0.0,0.7095220348493948,77.0,16.045,0.0,0.0,0.0,0.0,0.8457180179666587,0.5802718963175015,0.6071428571428571,4.442651256490317,3.0,0.0,0.0,2.0,0.0,1.0,0.0,0.0
b1196,17.0,10.455,8.0,4.0,0.5,3.1333326826733625,6.0,1.352,0.0,0.0,0.0,0.0,-0.2612194415156308,0.5200008856307947,0.3767123287671233,4.990432586778736,0.0,0.0,0.0,1.0,0.0,0.0,0.0,0.0
b1197,233.0,59.778,5.0,4.0,0.8,1.2091982852045082,213.0,46.11,0.0,0.0,0.0,0.0,2.5440804525867846,0.5931288604662546,0.5699115044247788,6.338594078203183,0.0,0.0,1.0,5.0,0.0,0.0,3.0,0.0
b1198,627.0,173.615,24.0,10.0,0.26811594202898553,4.073332654725125,576.0,120.228,13.0,5.0,0.2692307692307692,5.722960028072191,1.7276225779691372,0.5312828993463666,0.4724576271186441,6.159095388491933,0.0,0.0,1.0,5.0,0.0,0.0,2.0,0.0
b1199,98.0,29.361,9.0,8.0,0.7222222222222222,1.7453110793589892,67.0,14.619,2.0,2.0,1.0,1.3655431067477921,2.220134249570252,0.5703201476228408,0.5666666666666667,5.351858133476067,0.0,1.0,1.0,5.0,1.0,0.0,2.0,0.0
b1200,74.0,25.747,11.0,8.0,0.4727272727272727,2.1710189824774755,63.0,15.939,4.0,2.0,0.16666666666666666,2.5504211190067863,2.562304762772441,0.5951885016027239,0.5421348314606742,5.877735781779639,0.0,0.0,1.0,5.0,0.0,0.0,3.0,0.0
b1201,177.0,45.101,5.0,5.0,0.3,1.086044154133548,152.0,32.143,2.0,2.0,0.0,1.1314035695081,-0.6216020990518623,0.5275360981966707,0.5211267605633803,6.461468176353717,0.0,0.0,0.0,4.0,0.0,0.0,0.0,0.0
b1202,210.0,50.125,2.0,2.0,1.0,1.0007128582601452,193.0,44.6,2.0,2.0,1.0,2.3199326901992134,-1.2291479883578558,0.5207919308053505,0.5151832460732985,6.862757913051401,0.0,0.0,0.0,3.0,0.0,0.0,0.0,0.0
b1203,486.0,146.048,14.0,11.0,0.2087912087912088,1.5699511074186192,469.0,118.369,5.0,3.0,0.2,2.271249152886729,2.510558414150438,0.6395600409055265,0.5399449035812672,5.8971538676367405,0.0,1.0,0.0,5.0,0.0,0.0,0.0,0.0
b1204,423.0,116.259,8.0,7.0,0.25,1.2088130413901998,395.0,96.746,3.0,2.0,0.3333333333333333,2.0521542427926565,1.8633823484407877,0.5694708747652527,0.4845360824742268,5.272999558563747,0.0,0.0,1.0,5.0,1.0,0.0,0.0,0.0
b1205,89.0,24.731,2.0,2.0,0.0,1.002422307456111,76.0,15.801,2.0,1.0,0.0,2.579238242853925,1.9106777547427054,0.5689424925989301,0.5869565217391305,4.532599493153256,0.0,0.0,0.0,2.0,0.0,0.0,0.0,0.0
b1206,354.0,82.928,4.0,4.0,0.16666666666666666,1.2574019009604571,284.0,54.3,3.0,2.0,0.0,2.6158607179172915,1.2357808703275603,0.5440021669659817,0.5724508050089445,6.327936783729195,11.0,0.0,0.0,5.0,0.0,1.0,0.0,0.0
b1207,681.0,229.65,45.0,18.0,0.17575757575757575,4.690698328867792,622.0,142.677,16.0,11.0,0.4666666666666667,2.6396770513001075,2.9790974577443428,0.6250702021781891,0.5301587301587302,5.755742213586912,0.0,1.0,1.0,5.0,1.0,0.0,7.0,1.0
b1208,353.0,91.663,11.0,10.0,0.6363636363636364,1.7594219560800375,329.0,63.634,7.0,5.0,0.47619047619047616,2.5180273627944647,1.16761267272753,0.5190784487342597,0.5300353356890459,5.648974238161206,0.0,0.0,1.0,4.0,0.0,0.0,3.0,0.0
b1209,486.0,162.561,42.0,16.0,0.24390243902439024,5.211339079557069,444.0,138.14,26.0,14.0,0.4461538461538462,6.783040706895139,1.9320169064342014,0.5856583571807046,0.5700483091787439,5.337538079701318,0.0,0.0,0.0,5.0,0.0,1.0,0.0,0.0
b1210,231.0,64.865,15.0,8.0,0.3619047619047619,2.5897740486878575,163.0,33.078,8.0,5.0,0.42857142857142855,3.1778749258890073,0.9339931638312423,0.6078706462229042,0.583732057416268,6.037870919922137,0.0,0.0,1.0,5.0,0.0,0.0,5.0,1.0
b1211,478.0,187.609,79.0,59.0,0.6689386562804285,5.6690878288115325,429.0,111.023,15.0,6.0,0.18095238095238095,4.698738745959799,1.4426365257822318,0.6180961315349864,0.5083333333333333,5.8888779583328805,0.0,0.0,0.0,4.0,1.0,0.0,0.0,0.0
b1212,393.0,104.647,8.0,6.0,0.35714285714285715,1.4820636120094484,374.0,88.575,6.0,5.0,0.6666666666666666,2.6055915419050946,-0.17327747983100789,0.5648397342496846,0.5415162454873647,5.627621113690637,0.0,0.0,1.0,5.0,0.0,0.0,0.0,0.0
b1213,244.0,55.646,5.0,4.0,0.6,1.2842318751150814,231.0,52.431,5.0,5.0,0.9,2.086183489539253,-0.5406075122407691,0.5299015391007582,0.5153846153846153,4.875197323201151,4.0,0.0,0.0,2.0,0.0,1.0,0.0,0.0
b1214,282.0,71.612,10.0,5.0,0.2,2.4289718010514783,252.0,60.924,6.0,5.0,0.6,2.5313703106997703,0.3283796034387377,0.5639829369248497,0.5018587360594795,5.598421958998375,0.0,0.0,0.0,2.0,0.0,0.0,0.0,0.0
b1215,294.0,80.592,16.0,11.0,0.475,2.5095137260231053,268.0,59.042,16.0,8.0,0.38333333333333336,5.704773071054034,3.0685606038053055,0.6607383008436777,0.5704225352112676,5.652489180268651,0.0,0.0,1.0,5.0,1.0,0.0,3.0,0.0
b1216,288.0,69.276,6.0,4.0,0.26666666666666666,1.7961055322796262,257.0,55.12,2.0,2.0,1.0,1.2151856764559517,0.30963016742589866,0.5159866896094731,0.5300546448087432,5.905361848054571,11.0,0.0,0.0,4.0,0.0,1.0,0.0,0.0
b1217,166.0,38.846,4.0,4.0,0.16666666666666666,1.1536957177678817,143.0,28.925,0.0,0.0,0.0,0.0,2.1139767582898465,0.6538870694657664,0.4342105263157895,4.343805421853684,0.0,0.0,0.0,2.0,0.0,0.0,0.0,0.0
b1218,261.0,67.396,16.0,10.0,0.4,2.722540190199339,212.0,40.712,0.0,0.0,0.0,0.0,0.5611013836490559,0.5379291337054783,0.5497835497835498,5.44673737166631,0.0,0.0,1.0,3.0,0.0,0.0,3.0,0.0
b1219,222.0,53.777,2.0,2.0,0.0,0.9371936810834472,194.0,40.615,0.0,0.0,0.0,0.0,2.927375496513198,0.5370970980926847,0.5897435897435898,4.770684624465665,0.0,0.0,0.0,2.0,0.0,0.0,0.0,0.0
b1220,43.0,11.129,1.0,1.0,0.0,0.7090645165742655,18.0,3.096,0.0,0.0,0.0,0.0,-1.0861861476162833,0.5446296393997495,0.5129310344827587,6.142037405587356,0.0,0.0,0.0,2.0,0.0,0.0,0.0,0.0
b1221,237.0,76.241,10.0,7.0,0.15555555555555556,1.8683603000806928,167.0,31.144,3.0,3.0,0.0,1.9959771220957832,2.5378316831366914,0.6154547270961568,0.5694444444444444,5.37989735354046,0.0,0.0,0.0,5.0,0.0,0.0,1.0,0.0
b1222,281.0,80.793,12.0,7.0,0.15151515151515152,2.3695077939371614,248.0,54.032,5.0,4.0,0.0,2.9948175829824977,0.2013971243204515,0.5779878494848393,0.5635451505016722,6.395261598115449,2.0,0.0,1.0,5.0,0.0,1.0,1.0,0.0
b1223,124.0,44.541,18.0,12.0,0.6078431372549019,2.996258128024033,101.0,22.428,9.0,8.0,0.6944444444444444,3.2131777400322337,0.791690649020118,0.5868915219901951,0.6047516198704104,6.139884552226255,12.0,0.0,0.0,5.0,0.0,1.0,1.0,0.0
b1224,162.0,70.221,21.0,12.0,0.4523809523809524,3.2980023799467197,104.0,22.872,9.0,8.0,0.6944444444444444,3.2131777400322337,1.5900612308037425,0.682026420389938,0.6375300721732157,7.129297548929373,0.0,1.0,1.0,5.0,0.0,1.0,5.0,0.0
b1225,125.0,51.605,15.0,12.0,0.8,2.464271967841304,87.0,19.212,8.0,8.0,0.8571428571428571,2.883775374548345,1.6202401898458314,0.7417968612145476,0.62890625,6.240275845170769,0.0,1.0,1.0,5.0,0.0,1.0,5.0,0.0
b1226,127.0,43.313,15.0,10.0,0.5619047619047619,2.5491194037519085,91.0,21.904,9.0,8.0,0.6666666666666666,3.1853383992261954,0.1643528557844371,0.6793589789675882,0.635593220338983,5.4680601411351315,0.0,0.0,0.0,4.0,1.0,0.0,1.0,0.0
b1227,118.0,48.164,16.0,12.0,0.7,2.5995195174958172,78.0,18.659,8.0,8.0,0.8571428571428571,2.883775374548345,0.4116197059632301,0.6599315475821338,0.72,5.420534999272286,5.0,1.0,1.0,5.0,0.0,1.0,5.0,0.0
b1228,0.0,0.0,0.0,0.0,0.0,0.0,0.0,0.0,0.0,0.0,0.0,0.0,0.0,0.3902181709322191,0.5604395604395604,4.5217885770490405,0.0,0.0,0.0,1.0,0.0,0.0,0.0,0.0
b1229,57.0,15.757,0.0,0.0,0.0,0.0,3.0,0.169,0.0,0.0,0.0,0.0,0.0,0.4125036554100615,0.5862068965517241,3.4011973816621555,0.0,0.0,0.0,1.0,0.0,0.0,0.0,0.0
b1230,0.0,0.0,0.0,0.0,0.0,0.0,0.0,0.0,0.0,0.0,0.0,0.0,0.0,0.0,0.0,0.0,0.0,0.0,0.0,0.0,0.0,0.0,1.0,1.0
b1231,0.0,0.0,0.0,0.0,0.0,0.0,0.0,0.0,0.0,0.0,0.0,0.0,0.0,0.0,0.0,0.0,0.0,0.0,0.0,0.0,0.0,0.0,1.0,1.0
b1232,252.0,78.814,31.0,19.0,0.3956989247311828,3.7040230821171725,214.0,43.059,1.0,1.0,0.0,2.9922202274087373,2.4533336318370393,0.6275697656853907,0.48214285714285715,5.638354669333745,0.0,0.0,1.0,5.0,0.0,0.0,3.0,1.0
b1233,134.0,31.877,3.0,3.0,0.0,0.9805743491109297,111.0,22.421,1.0,1.0,0.0,2.9922202274087373,0.7596678446896304,0.49815010608901156,0.375,5.030437921392435,0.0,0.0,0.0,1.0,0.0,0.0,0.0,0.0
b1234,204.0,44.207,2.0,2.0,0.0,0.9284326036625097,182.0,34.441,1.0,1.0,0.0,0.862884849593716,0.9283958522567138,0.5048548807113985,0.4684385382059801,5.71042701737487,0.0,0.0,0.0,2.0,0.0,0.0,0.0,0.0
b1235,431.0,127.265,19.0,11.0,0.1286549707602339,3.4266692540089925,381.0,93.257,7.0,4.0,0.047619047619047616,3.4094676163150517,0.6794278966121188,0.47701955280679076,0.47477744807121663,5.823045895483019,0.0,0.0,0.0,5.0,0.0,0.0,0.0,0.0
b1236,327.0,101.509,25.0,12.0,0.27,3.5500355286789427,245.0,35.639,0.0,0.0,0.0,0.0,2.7427329846601274,0.6065759804031632,0.4470198675496689,5.713732805509369,0.0,1.0,1.0,5.0,0.0,0.0,10.0,0.0
b1237,330.0,93.971,7.0,4.0,0.23809523809523808,1.713404392175082,296.0,77.97,2.0,2.0,1.0,1.0511795986431436,3.914555227242028,0.5790598249741152,0.40145985401459855,4.927253685157205,0.0,0.0,0.0,5.0,1.0,0.0,0.0,0.0
b1238,346.0,98.31,21.0,14.0,0.45714285714285713,3.0172359774239665,287.0,52.833,2.0,2.0,0.0,1.1295485954173812,1.2432861460834461,0.5213058262739846,0.36097560975609755,5.327876168789581,0.0,0.0,1.0,4.0,1.0,0.0,3.0,1.0
b1241,887.0,275.288,56.0,23.0,0.3142857142857143,6.4745335622638605,811.0,120.833,3.0,2.0,0.0,2.4542543972993704,3.4255358507297453,0.6064803015087338,0.5050505050505051,6.79346613258001,0.0,1.0,2.0,5.0,0.0,0.0,11.0,1.0
b1242,101.0,26.249,1.0,1.0,0.0,0.8071389319968392,75.0,12.131,0.0,0.0,0.0,0.0,0.35983548233988794,0.5190060093954867,0.5674418604651162,5.375278407684165,6.0,0.0,0.0,2.0,0.0,1.0,0.0,0.0
b1243,360.0,152.26,27.0,17.0,0.3561253561253561,3.295950220455283,157.0,27.288,4.0,4.0,1.0,1.2670776513372017,3.3057832990957734,0.608871452892327,0.5082872928176796,6.298949246855942,0.0,0.0,0.0,5.0,0.0,0.0,3.0,0.0
b1244,244.0,124.234,27.0,17.0,0.5783475783475783,3.3244439841390028,135.0,27.82,16.0,12.0,0.45,3.8790143311309744,1.6212801675504147,0.5063088501778904,0.47058823529411764,5.726847747587197,6.0,0.0,0.0,4.0,0.0,1.0,3.0,0.0
b1245,235.0,127.413,34.0,17.0,0.3137254901960784,4.2376852697926015,130.0,37.438,23.0,12.0,0.2766798418972332,5.388194885551405,1.6445370577784073,0.552749415502223,0.6125827814569537,5.713732805509369,6.0,0.0,0.0,4.0,0.0,1.0,3.0,0.0
b1246,236.0,125.588,27.0,17.0,0.5128205128205128,3.4020054388479597,125.0,32.42,19.0,12.0,0.3333333333333333,4.704030932043897,1.6858312746260635,0.573344323798535,0.5608308605341247,5.823045895483019,0.0,0.0,1.0,4.0,0.0,1.0,3.0,0.0
b1247,241.0,123.26,22.0,17.0,0.7229437229437229,2.7525088204635972,130.0,28.377,16.0,12.0,0.475,3.838104540624015,1.8000981801747757,0.5331063429387042,0.5568862275449101,5.814130531825066,0.0,0.0,1.0,4.0,0.0,1.0,3.0,0.0
b1248,19.0,7.819,2.0,2.0,0.0,0.9008879316148518,9.0,1.933,0.0,0.0,0.0,0.0,1.0937717814987298,0.6436752382785441,0.4954128440366973,4.700480365792417,0.0,0.0,0.0,2.0,0.0,0.0,0.0,0.0
b1249,190.0,50.125,9.0,9.0,0.8333333333333334,1.795683718352885,169.0,30.538,0.0,0.0,0.0,0.0,1.1646502159342969,0.5352276001233512,0.565843621399177,6.18826412308259,2.0,0.0,1.0,5.0,0.0,1.0,2.0,0.0
b1250,283.0,65.329,4.0,3.0,0.16666666666666666,1.412251586115469,244.0,44.8,0.0,0.0,0.0,0.0,1.2043913319192998,0.522480430824843,0.45323741007194246,6.035481432524756,6.0,0.0,0.0,5.0,0.0,1.0,0.0,0.0
b1251,223.0,54.013,2.0,2.0,0.0,0.8954460715156543,200.0,43.88,1.0,1.0,0.0,1.6934766077240782,3.032622789537803,0.45626023706349095,0.37755102040816324,4.59511985013459,0.0,0.0,0.0,2.0,0.0,0.0,0.0,0.0
b1252,486.0,136.715,26.0,13.0,0.3046153846153846,3.4805704988301485,440.0,96.227,7.0,6.0,0.8095238095238095,2.5277473762922975,1.7694511794020376,0.5352153379781135,0.5104602510460251,5.480638923341991,1.0,0.0,0.0,5.0,0.0,1.0,0.0,0.0
b1253,180.0,45.35,8.0,6.0,0.35714285714285715,1.976657440009248,153.0,29.363,3.0,2.0,0.3333333333333333,4.387286075222842,1.3224260524059526,0.5134784537886743,0.4318181818181818,4.890349128221754,0.0,0.0,1.0,3.0,0.0,0.0,1.0,0.0
b1254,188.0,40.991,2.0,2.0,1.0,0.8912198886705925,168.0,35.99,2.0,2.0,1.0,2.944059113344015,-0.8538719643217619,0.5865674208972699,0.6089385474860335,5.19295685089021,5.0,0.0,0.0,5.0,0.0,1.0,0.0,0.0
b1255,64.0,18.995,4.0,3.0,0.16666666666666666,1.4347285386958117,39.0,6.372,2.0,2.0,1.0,2.944059113344015,1.4670158184384356,0.5048994230500744,0.562753036437247,5.5134287461649825,6.0,0.0,0.0,2.0,0.0,1.0,0.0,0.0
b1256,342.0,94.124,13.0,11.0,0.5512820512820513,1.8813763190584722,248.0,45.953,1.0,1.0,0.0,1.214552122783491,2.17900570756482,0.5660041391382599,0.4811320754716981,5.3612921657094255,0.0,0.0,0.0,3.0,0.0,1.0,0.0,0.0
b1257,220.0,52.738,2.0,2.0,1.0,1.2922615380417513,208.0,45.019,2.0,2.0,1.0,2.154082337905822,2.5185271001173364,0.5546634479650068,0.3392857142857143,5.1298987149230735,0.0,0.0,0.0,1.0,0.0,0.0,0.0,0.0
b1258,185.0,50.691,5.0,3.0,0.1,2.125459241472084,164.0,39.393,4.0,2.0,0.16666666666666666,3.695345586983005,2.607465746402825,0.5818427379009757,0.40963855421686746,5.117993812416755,0.0,0.0,0.0,2.0,0.0,0.0,0.0,0.0
b1259,132.0,40.479,2.0,2.0,1.0,1.2922615380417513,109.0,27.233,2.0,2.0,1.0,2.154082337905822,2.702439153314047,0.6698220433747166,0.3559322033898305,4.0943445622221,0.0,0.0,0.0,2.0,0.0,0.0,0.0,0.0
b1260,379.0,129.418,42.0,13.0,0.2229965156794425,5.86209150870748,303.0,66.078,11.0,6.0,0.45454545454545453,4.343021921782079,2.9675526560910814,0.5817455394659261,0.5559701492537313,5.594711379601839,0.0,0.0,1.0,4.0,0.0,0.0,5.0,0.0
b1261,320.0,107.608,36.0,13.0,0.26031746031746034,4.864585959777682,246.0,49.323,8.0,6.0,0.6785714285714286,3.203536336371168,2.9503697231210504,0.6276452791866554,0.5969773299748111,5.986452005284438,0.0,1.0,1.0,5.0,0.0,0.0,5.0,0.0
b1262,835.0,256.26,33.0,13.0,0.2196969696969697,4.463796628423641,738.0,135.133,9.0,6.0,0.5,3.4571249038813328,2.399691023705375,0.5521914139882252,0.565121412803532,6.118097198041348,0.0,0.0,2.0,4.0,0.0,0.0,4.0,0.0
b1263,604.0,173.735,25.0,13.0,0.42333333333333334,3.535116840959965,539.0,106.818,12.0,6.0,0.3939393939393939,4.676339236441704,2.4393484860697474,0.6293900818283835,0.608286252354049,6.2766434893416445,0.0,0.0,2.0,5.0,0.0,0.0,4.0,0.0
b1264,270.0,85.895,28.0,13.0,0.38095238095238093,3.8152017783138312,224.0,43.661,9.0,6.0,0.3611111111111111,3.889716908235147,2.3243030374868345,0.5950001124710373,0.551923076923077,6.255750041753367,0.0,1.0,1.0,4.0,0.0,0.0,5.0,0.0
b1265,61.0,24.313,12.0,6.0,0.36363636363636365,2.4169118161842826,16.0,6.513,2.0,2.0,1.0,1.1476647797953632,0.0,0.0,0.0,2.70805020110221,0.0,0.0,0.0,2.0,0.0,0.0,0.0,0.0
b1266,238.0,54.488,5.0,4.0,0.1,1.3489696826484,229.0,52.239,4.0,2.0,0.16666666666666666,2.775041069427831,0.9604707775342989,0.5398903196565646,0.5255972696245734,5.683579767338681,0.0,1.0,2.0,5.0,0.0,0.0,0.0,0.0
b1267,187.0,46.457,4.0,3.0,0.16666666666666666,1.632917567125829,173.0,38.15,2.0,2.0,1.0,1.5724217409224972,2.4668824424384406,0.6431393107103904,0.5145631067961165,5.332718793265369,0.0,0.0,1.0,3.0,0.0,0.0,0.0,0.0
b1268,235.0,85.432,34.0,16.0,0.42245989304812837,5.265099842126564,231.0,83.062,30.0,15.0,0.535632183908046,7.5027547221191355,0.12385164096708581,0.501734110802344,0.4611727416798732,6.448889394146858,0.0,0.0,0.0,2.0,0.0,0.0,0.0,0.0
b1269,317.0,93.063,14.0,7.0,0.13186813186813187,2.8287741591569655,292.0,70.188,5.0,2.0,0.2,3.130784748482647,1.8609964367571958,0.6680744835969887,0.4879725085910653,5.676753802268282,0.0,0.0,1.0,4.0,0.0,0.0,0.0,0.0
b1270,152.0,40.261,6.0,4.0,0.3333333333333333,2.01418443851087,101.0,21.317,4.0,3.0,0.5,3.316960285985301,1.6552345070342942,0.6098337733110291,0.46938775510204084,5.2832037287379885,0.0,0.0,1.0,3.0,1.0,0.0,3.0,1.0
b1271,294.0,76.262,4.0,3.0,0.16666666666666666,1.539632313259866,251.0,50.627,1.0,1.0,0.0,1.1555483219802232,1.540454613671412,0.5882528111926819,0.5317460317460317,5.53338948872752,0.0,0.0,1.0,2.0,0.0,0.0,0.0,0.0
b1272,213.0,47.771,2.0,2.0,1.0,0.990669336762104,195.0,38.224,0.0,0.0,0.0,0.0,2.01287938717129,0.5926477176822148,0.5472779369627507,5.857933154483459,1.0,0.0,1.0,3.0,0.0,1.0,0.0,0.0
b1273,61.0,21.561,0.0,0.0,0.0,0.0,26.0,2.419,0.0,0.0,0.0,0.0,2.598801446032946,0.6059673425163895,0.5421686746987951,4.430816798843313,0.0,0.0,0.0,1.0,0.0,0.0,0.0,0.0
b1274,998.0,292.912,22.0,16.0,0.22510822510822512,2.7034871794703674,942.0,194.254,3.0,3.0,0.0,1.2897859088469947,2.1430460433375877,0.6427995855896992,0.545664739884393,6.763884908562435,0.0,1.0,1.0,5.0,0.0,0.0,0.0,0.0
b1275,300.0,84.299,8.0,7.0,0.10714285714285714,1.4512560629989746,244.0,52.105,1.0,1.0,0.0,0.7197932801770952,2.004364371107751,0.5401479441267689,0.4783950617283951,5.783825182329737,0.0,0.0,0.0,4.0,1.0,0.0,0.0,0.0
b1276,489.0,159.131,21.0,18.0,0.5761904761904761,2.513001442083294,408.0,66.526,3.0,3.0,0.6666666666666666,1.5600547622716854,2.658974366561803,0.5673665357473588,0.5443322109988776,6.79346613258001,0.0,1.0,1.0,5.0,0.0,0.0,10.0,1.0
b1277,307.0,86.185,16.0,10.0,0.475,2.279910250718153,260.0,43.486,5.0,4.0,0.7,2.7677864147457445,1.8716313045375537,0.6005941136564763,0.5204081632653061,5.2832037287379885,0.0,1.0,1.0,5.0,0.0,0.0,6.0,1.0
b1278,349.0,97.028,16.0,9.0,0.19166666666666668,2.8986093671922313,315.0,74.725,5.0,3.0,0.2,2.9309866316845303,0.7715874808812554,0.4563310286867688,0.4645669291338583,5.541263545158426,6.0,0.0,4.0,5.0,0.0,1.0,2.0,0.0
b1279,390.0,120.784,16.0,10.0,0.26666666666666666,3.128349540719879,340.0,102.385,14.0,8.0,0.2967032967032967,5.922120154314156,2.1335708406140395,0.5107880343849941,0.5686274509803921,4.634728988229636,2.0,0.0,0.0,4.0,0.0,1.0,0.0,0.0
b1280,398.0,108.59,10.0,9.0,0.15555555555555556,1.6635859817061143,343.0,82.455,4.0,3.0,0.0,2.0309468539070816,1.1241780554746752,0.5741721932086781,0.5655526992287918,5.966146739123692,1.0,0.0,0.0,5.0,1.0,1.0,0.0,0.0
b1281,482.0,141.533,34.0,15.0,0.33511586452762926,4.06245797372777,440.0,89.333,13.0,8.0,0.5384615384615384,4.629208869757908,1.9469923407483722,0.5080229969054249,0.49387755102040815,5.5053315359323625,0.0,0.0,1.0,5.0,0.0,0.0,3.0,1.0
b1282,296.0,78.847,18.0,17.0,0.8888888888888888,1.407878518692453,247.0,46.383,1.0,1.0,0.0,0.7516596595602494,1.5659658174466666,0.5905306906942636,0.4351851851851852,4.6913478822291435,0.0,0.0,0.0,2.0,0.0,0.0,0.0,0.0
b1283,375.0,97.654,5.0,4.0,0.1,1.2478206361732944,340.0,73.475,0.0,0.0,0.0,0.0,2.53149169022153,0.45924973638781236,0.4444444444444444,4.290459441148391,0.0,0.0,0.0,2.0,0.0,1.0,0.0,0.0
b1284,124.0,32.357,1.0,1.0,0.0,0.746970212169182,84.0,18.156,0.0,0.0,0.0,0.0,1.8102997410401689,0.5947422939220623,0.5261044176706827,5.521460917862246,0.0,0.0,0.0,2.0,0.0,0.0,0.0,0.0
b1285,335.0,96.272,22.0,13.0,0.39826839826839827,3.2151960727387303,294.0,62.149,4.0,4.0,0.16666666666666666,1.1154967086844496,0.053078443483419765,0.5298853072838682,0.48714069591527986,6.495265555937008,0.0,0.0,1.0,4.0,0.0,0.0,2.0,0.0
b1286,308.0,80.535,12.0,10.0,0.5909090909090909,1.7890604066581628,255.0,51.509,0.0,0.0,0.0,0.0,2.283323847618786,0.6396586543999915,0.5434782608695652,6.4692503167957724,0.0,1.0,1.0,5.0,1.0,0.0,0.0,0.0
b1287,100.0,33.058,11.0,11.0,1.0,1.7318916391284354,79.0,25.431,10.0,9.0,0.9111111111111111,2.722785801535738,0.7474118078864233,0.4942288663348171,0.5226666666666666,5.929589143389895,0.0,0.0,0.0,1.0,0.0,0.0,0.0,0.0
b1288,360.0,104.516,21.0,13.0,0.4142857142857143,2.993046879931946,295.0,58.13,9.0,7.0,0.5555555555555556,3.576634693866659,3.25672015070218,0.5970387262880443,0.5572519083969466,5.572154032177765,0.0,0.0,1.0,5.0,0.0,0.0,6.0,1.0
b1289,146.0,33.764,0.0,0.0,0.0,0.0,120.0,25.903,0.0,0.0,0.0,0.0,-1.1870866433571443,0.5576077404390162,0.5042735042735043,4.770684624465665,0.0,0.0,0.0,1.0,0.0,0.0,0.0,0.0
b1290,327.0,142.219,22.0,17.0,0.5627705627705628,2.775804693206383,220.0,47.492,14.0,12.0,0.5824175824175825,3.1998796103399547,0.5740312677277188,0.5976851989270067,0.5597014925373134,5.594711379601839,0.0,0.0,0.0,4.0,0.0,1.0,2.0,0.0
b1291,329.0,152.244,41.0,17.0,0.20243902439024392,5.280416711042222,207.0,62.708,30.0,12.0,0.11724137931034483,7.49396307871808,0.34242268082220617,0.6149996919381977,0.5424242424242425,5.802118375377063,0.0,0.0,0.0,5.0,0.0,1.0,2.0,0.0
b1292,347.0,151.976,27.0,17.0,0.5470085470085471,3.3304276693810895,207.0,53.301,22.0,12.0,0.36363636363636365,4.930775603102025,0.5078558716958309,0.5564147377845601,0.6216216216216216,5.6937321388027,6.0,0.0,0.0,4.0,0.0,1.0,2.0,0.0
b1293,257.0,126.897,25.0,17.0,0.5933333333333334,3.103268703211998,103.0,30.227,19.0,12.0,0.45614035087719296,4.275778594983182,0.3074960379132129,0.5810297527160033,0.6386292834890965,5.7745515455444085,6.0,0.0,0.0,4.0,0.0,1.0,2.0,0.0
b1294,340.0,144.316,18.0,17.0,0.6470588235294118,2.3072311211054206,212.0,44.69,8.0,8.0,0.6071428571428571,2.037851614897203,0.9289076902439527,0.559637494507016,0.6069469835466179,6.306275286948016,0.0,0.0,0.0,3.0,0.0,0.0,2.0,0.0
b1295,22.0,5.895,0.0,0.0,0.0,0.0,21.0,5.729,0.0,0.0,0.0,0.0,1.6264430253312947,0.5608493760131686,0.5308641975308642,4.406719247264253,0.0,0.0,0.0,1.0,0.0,0.0,0.0,0.0
b1296,177.0,45.741,8.0,6.0,0.5714285714285714,1.8545897341624211,147.0,29.333,2.0,2.0,1.0,1.5474229676161046,0.0,0.6027067716170248,0.6637744034707158,6.135564891081739,12.0,0.0,0.0,5.0,0.0,1.0,0.0,0.0
b1297,403.0,101.438,14.0,6.0,0.4065934065934066,2.801359925042508,347.0,58.939,4.0,4.0,1.0,2.674207930153662,-0.03763066432997889,0.6086402856678126,0.5995762711864406,6.159095388491933,0.0,1.0,1.0,5.0,0.0,0.0,2.0,0.0
b1298,173.0,48.623,17.0,11.0,0.5220588235294118,2.6546580658783467,156.0,32.943,5.0,4.0,0.8,3.2815680366386224,0.8394780473741984,0.5042357450259878,0.5275590551181102,5.541263545158426,0.0,0.0,1.0,5.0,0.0,0.0,2.0,0.0
b1299,350.0,82.571,6.0,6.0,1.0,1.3535366724659719,333.0,65.131,4.0,4.0,1.0,2.674207930153662,1.1821292140529984,0.5786328502888508,0.5513513513513514,5.225746673713202,0.0,0.0,0.0,3.0,0.0,0.0,0.0,0.0
b1300,189.0,53.367,11.0,7.0,0.4,2.004579929371914,169.0,28.148,7.0,4.0,0.42857142857142855,4.4462398834596755,0.37657695705651195,0.6501624829633363,0.6464646464646465,6.206575926724928,0.0,0.0,3.0,5.0,0.0,0.0,2.0,0.0
b1301,199.0,52.108,8.0,6.0,0.7142857142857143,1.6778915108348231,184.0,38.518,6.0,4.0,0.6,3.9394029768210252,-1.2676062401770316,0.682043686609233,0.6924882629107981,6.056784013228625,0.0,0.0,1.0,3.0,0.0,0.0,2.0,0.0
b1302,191.0,56.382,15.0,9.0,0.3904761904761905,2.535452024236194,172.0,31.084,3.0,3.0,1.0,2.1056055865494536,0.06069784035361165,0.6677560363570817,0.66270783847981,6.045005314036012,0.0,1.0,1.0,5.0,0.0,0.0,6.0,0.0
b1303,137.0,39.412,11.0,5.0,0.43636363636363634,2.058339326245955,98.0,20.367,3.0,3.0,0.3333333333333333,1.817017350985552,0.45484486000851015,0.566973843286077,0.5538461538461539,5.786897381366708,0.0,0.0,0.0,5.0,1.0,0.0,0.0,0.0
b1304,263.0,63.563,8.0,5.0,0.5714285714285714,2.066951160379697,217.0,42.167,5.0,3.0,0.4,3.237864366034872,2.9508563221813824,0.6287307873565943,0.509009009009009,5.407171771460119,0.0,0.0,0.0,5.0,1.0,1.0,0.0,0.0
b1305,281.0,71.707,8.0,5.0,0.5714285714285714,1.9035716297868648,254.0,60.379,5.0,3.0,0.5,2.9240643702068505,2.1106233752333305,0.5625549274447141,0.4594594594594595,4.31748811353631,1.0,0.0,0.0,3.0,0.0,1.0,0.0,0.0
b1306,358.0,90.099,9.0,5.0,0.4722222222222222,2.1332124439801343,340.0,81.104,7.0,3.0,0.2857142857142857,4.1842624660870555,1.2506639194632436,0.6252401181196426,0.5546218487394958,4.787491742782046,1.0,0.0,0.0,3.0,0.0,1.0,0.0,0.0
b1307,51.0,17.53,6.0,5.0,0.9333333333333333,1.617290972868395,24.0,8.338,4.0,3.0,0.8333333333333334,2.5755602225232535,1.8609964367571958,0.48437683291502026,0.5205479452054794,4.30406509320417,0.0,0.0,0.0,3.0,1.0,1.0,0.0,0.0
b1308,235.0,60.103,6.0,5.0,0.6666666666666666,1.5458545251491944,194.0,35.756,3.0,3.0,1.0,2.004167229161597,2.6946139724708447,0.5625549604643142,0.5673076923076923,4.653960350157523,0.0,0.0,1.0,5.0,0.0,0.0,3.0,0.0
b1309,158.0,45.776,11.0,9.0,0.7818181818181819,2.403117909833477,145.0,32.055,8.0,7.0,0.75,3.1875199022621508,-0.6575773191777937,0.5703903214643831,0.4329159212880143,6.327936783729195,0.0,0.0,1.0,4.0,0.0,0.0,0.0,0.0
b1310,361.0,153.292,17.0,9.0,0.5367647058823529,2.8457689816776632,256.0,54.834,9.0,7.0,0.7777777777777778,3.494149356639595,-0.14387555575769967,0.6420836525508593,0.5697674418604651,6.066108090103747,0.0,0.0,0.0,4.0,0.0,1.0,0.0,0.0
b1311,279.0,137.793,20.0,9.0,0.3684210526315789,4.068144897270444,144.0,30.123,13.0,7.0,0.47435897435897434,4.754315097476226,0.0,0.6160533611227293,0.7201365187713311,5.683579767338681,6.0,0.0,0.0,4.0,0.0,1.0,0.0,0.0
b1312,299.0,140.825,18.0,9.0,0.45751633986928103,2.983558062050733,175.0,34.336,13.0,7.0,0.47435897435897434,4.757845675037089,-0.6420651529995461,0.6415217004768488,0.7214285714285714,5.638354669333745,6.0,0.0,0.0,4.0,0.0,1.0,0.0,0.0
b1313,202.0,61.538,12.0,9.0,0.5454545454545454,2.680135661505343,188.0,47.095,9.0,7.0,0.75,3.5687810924230154,-0.3595185630295782,0.6704004416404725,0.6428571428571429,5.860786223465865,0.0,1.0,1.0,4.0,0.0,0.0,0.0,0.0
b1314,190.0,50.698,10.0,9.0,0.9555555555555556,2.125789890031641,185.0,48.822,8.0,7.0,0.9642857142857143,3.1672672782846862,0.6211762817750351,0.7299697737063198,0.6335877862595419,5.572154032177765,0.0,1.0,1.0,4.0,0.0,0.0,0.0,0.0
b1315,237.0,66.151,11.0,9.0,0.7818181818181819,2.439556621156537,233.0,54.731,7.0,7.0,1.0,2.822335206051592,-0.031050319018657353,0.6410631152685969,0.6210826210826211,5.863631175598097,0.0,0.0,1.0,4.0,0.0,0.0,0.0,0.0
b1316,137.0,41.639,14.0,9.0,0.4835164835164835,3.063345251631086,128.0,34.216,11.0,7.0,0.4909090909090909,5.1081499021209655,-0.40011692792631215,0.5811497049414144,0.5761589403973509,6.628041376179533,0.0,0.0,1.0,4.0,0.0,0.0,0.0,0.0
b1317,132.0,38.464,11.0,9.0,0.6545454545454545,2.413669142597481,113.0,25.712,9.0,7.0,0.75,3.7353492932865926,0.28330122870354957,0.5496709088885103,0.6438356164383562,5.393627546352362,0.0,1.0,1.0,5.0,1.0,0.0,1.0,0.0
b1319,258.0,133.943,17.0,9.0,0.36764705882352944,2.979748044140339,37.0,3.896,0.0,0.0,0.0,0.0,-0.208309350979882,0.6171518680310187,0.5647840531561462,5.71042701737487,16.0,0.0,0.0,5.0,0.0,1.0,0.0,0.0
b1320,153.0,47.783,12.0,9.0,0.6515151515151515,2.884348133618591,99.0,19.974,0.0,0.0,0.0,0.0,0.5843312243675308,0.5876914691679559,0.43373493975903615,5.808142489980444,0.0,0.0,0.0,4.0,0.0,0.0,0.0,0.0
b1321,214.0,52.953,2.0,2.0,1.0,0.7412596755697352,201.0,45.915,1.0,1.0,0.0,1.1359720385651546,1.4504030861553663,0.5758240525046288,0.5935483870967742,6.144185634125646,0.0,1.0,1.0,3.0,0.0,0.0,0.0,0.0
b1322,275.0,73.821,5.0,4.0,0.3,1.3190627732117324,270.0,68.887,3.0,2.0,0.0,2.421063366297977,1.4299136977637545,0.5569099713206168,0.5892351274787535,5.869296913133774,3.0,0.0,0.0,2.0,0.0,1.0,0.0,0.0
b1323,192.0,60.653,14.0,11.0,0.4945054945054945,2.193612050159369,123.0,24.495,1.0,1.0,0.0,0.756926470397672,1.6254153521544081,0.5785774702172171,0.5594541910331384,6.2422232654551655,0.0,0.0,0.0,5.0,1.0,0.0,0.0,0.0
b1324,305.0,93.516,17.0,11.0,0.33088235294117646,2.485785828130204,282.0,72.843,9.0,6.0,0.5277777777777778,2.6319341571570942,3.467905425221277,0.6383908481430659,0.5297619047619048,5.1298987149230735,0.0,0.0,1.0,5.0,1.0,0.0,0.0,0.0
b1325,135.0,32.729,3.0,3.0,0.3333333333333333,0.9643585263628736,116.0,22.693,0.0,0.0,0.0,0.0,1.720242018287057,0.528169652729709,0.5482866043613707,5.7745515455444085,0.0,1.0,1.0,4.0,0.0,0.0,1.0,0.0
b1326,276.0,70.648,5.0,3.0,0.1,1.6063687804422966,250.0,56.512,0.0,0.0,0.0,0.0,1.4379090355394983,0.519017432075377,0.5413223140495868,5.493061443340548,0.0,1.0,1.0,5.0,1.0,0.0,0.0,0.0
b1327,143.0,34.282,3.0,2.0,0.0,1.7212434437439301,122.0,25.23,1.0,1.0,0.0,1.0544235013542098,0.7649229846498884,0.5991732583732057,0.4673202614379085,5.726847747587197,0.0,0.0,0.0,2.0,0.0,0.0,0.0,0.0
b1328,226.0,58.831,3.0,2.0,0.0,1.2021152359743448,192.0,45.347,3.0,2.0,0.0,2.141502271968354,-1.6197887582883939,0.45376036340465037,0.38461538461538464,5.703782474656201,0.0,0.0,0.0,4.0,0.0,0.0,0.0,0.0
b1329,279.0,130.946,22.0,17.0,0.6406926406926406,3.1084152045110756,139.0,29.22,5.0,4.0,0.6,1.872668118580101,2.127137207191501,0.580726035708078,0.5009310986964618,6.2878585601617845,0.0,0.0,0.0,5.0,0.0,0.0,3.0,0.0
b1330,162.0,35.375,3.0,3.0,0.3333333333333333,1.3501270168130017,157.0,31.472,0.0,0.0,0.0,0.0,1.420120848085703,0.5942189336328693,0.47230320699708456,5.840641657373398,5.0,0.0,0.0,4.0,0.0,1.0,0.0,0.0
b1331,47.0,20.479,8.0,5.0,0.42857142857142855,3.771751970601441,19.0,9.004,6.0,5.0,0.8,3.727147120241406,-0.22257317761068865,0.6013635961704563,0.7116564417177914,5.7899601708972535,0.0,0.0,0.0,2.0,0.0,0.0,0.0,0.0
b1332,51.0,16.895,4.0,2.0,0.0,1.767007692794328,34.0,6.377,0.0,0.0,0.0,0.0,0.0,0.5991737789726052,0.5764705882352941,4.454347296253507,2.0,0.0,0.0,1.0,0.0,1.0,0.0,0.0
b1333,406.0,106.59,13.0,6.0,0.16666666666666666,2.91980102597204,391.0,94.94,6.0,3.0,0.2,3.0001820313529963,2.9020083336033706,0.6054945798046528,0.5474683544303798,5.75890177387728,0.0,0.0,0.0,4.0,1.0,0.0,0.0,0.0
b1334,312.0,76.827,3.0,3.0,0.3333333333333333,0.9395503186565096,262.0,47.08,2.0,2.0,1.0,1.4222747842759047,2.320167065254232,0.6365119868437692,0.6,5.5254529391317835,0.0,1.0,0.0,5.0,1.0,0.0,0.0,0.0
b1335,233.0,66.198,12.0,5.0,0.16666666666666666,3.09807981959088,209.0,42.555,4.0,2.0,0.16666666666666666,2.57372804261799,1.3656751404559178,0.520688140280537,0.52046783625731,5.147494476813453,0.0,0.0,1.0,3.0,1.0,0.0,0.0,0.0
b1336,137.0,35.167,5.0,4.0,0.6,1.6049583803337084,113.0,26.771,3.0,2.0,0.3333333333333333,2.8762381198223603,-0.3585258894959005,0.5072919268885456,0.5433070866141733,6.2324480165505225,13.0,0.0,0.0,4.0,0.0,1.0,0.0,0.0
b1337,136.0,31.411,5.0,4.0,0.6,1.705779634218167,124.0,27.199,2.0,2.0,1.0,2.2055802006261236,-0.3260580013659122,0.5488311491129667,0.5197505197505198,6.1779441140506,0.0,1.0,1.0,4.0,0.0,0.0,0.0,0.0
b1338,126.0,29.908,4.0,4.0,1.0,1.4342660332581576,116.0,26.825,2.0,2.0,1.0,2.2055802006261236,-0.2410881076020265,0.5356020439832662,0.5091743119266054,6.07993319509559,0.0,1.0,1.0,4.0,0.0,0.0,0.0,0.0
b1339,144.0,41.465,7.0,4.0,0.2857142857142857,2.2325790214926866,116.0,29.608,1.0,1.0,0.0,0.9858197187316036,0.053078443483419765,0.5603965602374567,0.5132450331125827,5.713732805509369,0.0,0.0,0.0,3.0,0.0,0.0,0.0,0.0
b1340,233.0,51.682,1.0,1.0,0.0,0.4323127583388285,217.0,46.686,0.0,0.0,0.0,0.0,0.7944880466591696,0.6067013740727459,0.5828877005347594,5.236441962829949,0.0,0.0,1.0,2.0,0.0,0.0,0.0,0.0
b1341,317.0,94.239,24.0,13.0,0.3115942028985507,3.595796152617315,288.0,67.265,14.0,11.0,0.13186813186813187,3.253134693716856,1.2255677134394711,0.5565168813933015,0.4951219512195122,6.018593214496234,0.0,1.0,1.0,5.0,0.0,0.0,1.0,0.0
b1342,272.0,67.959,2.0,2.0,0.0,0.8371460897737614,253.0,57.513,0.0,0.0,0.0,0.0,1.3098430047160705,0.5378492792078814,0.5076452599388379,5.793013608384144,2.0,0.0,0.0,5.0,0.0,1.0,0.0,0.0
b1343,259.0,73.286,2.0,2.0,0.0,0.6054535015070783,225.0,30.734,0.0,0.0,0.0,0.0,0.2041199826559248,0.5251537492491686,0.5032822757111597,6.126869184114185,0.0,0.0,1.0,5.0,1.0,0.0,0.0,0.0
b1344,381.0,96.294,9.0,7.0,0.3333333333333333,1.9882956530569709,349.0,62.664,0.0,0.0,0.0,0.0,1.2432861460834461,0.6515737707769641,0.5498392282958199,5.7430031878094825,0.0,1.0,1.0,5.0,1.0,0.0,0.0,0.0
b1345,233.0,63.389,6.0,5.0,0.06666666666666667,1.4997568476736265,183.0,34.296,1.0,1.0,0.0,1.3707903711687766,-0.7258421507363202,0.4590638073009818,0.4282238442822384,6.021023349349527,0.0,0.0,0.0,2.0,0.0,0.0,0.0,0.0
b1346,20.0,10.066,7.0,5.0,0.38095238095238093,1.871574278381689,12.0,5.74,3.0,2.0,0.3333333333333333,3.251506085913088,0.0,0.5479928615952219,0.5070422535211268,4.276666119016055,0.0,0.0,0.0,3.0,0.0,0.0,0.0,0.0
b1347,50.0,19.689,7.0,5.0,0.6190476190476191,1.991060883769129,20.0,7.875,4.0,3.0,0.6666666666666666,3.8768798656706513,1.8306528137974245,0.5217101234788674,0.3188405797101449,4.248495242049359,0.0,0.0,0.0,3.0,0.0,0.0,0.0,0.0
b1348,82.0,33.681,11.0,5.0,0.32727272727272727,2.8706553111590014,27.0,7.117,6.0,3.0,0.3333333333333333,5.753967362902316,0.0,0.5135802665754942,0.234375,4.174387269895637,0.0,1.0,1.0,4.0,0.0,0.0,0.0,0.0
b1349,178.0,47.427,6.0,5.0,0.5333333333333333,1.412731669274003,143.0,30.828,2.0,2.0,1.0,2.197983220749444,-0.5391021572434521,0.5489515770035902,0.42379182156133827,5.598421958998375,0.0,0.0,0.0,3.0,0.0,0.0,0.0,0.0
b1350,300.0,82.308,12.0,7.0,0.45454545454545453,2.268515166900137,275.0,57.717,2.0,2.0,1.0,2.197983220749444,0.3138672203691533,0.5503710849651976,0.4653579676674365,6.7650389767805414,0.0,0.0,1.0,4.0,0.0,0.0,0.0,0.0
b1351,25.0,10.9,6.0,5.0,0.6,1.8373250672193158,15.0,6.088,3.0,3.0,1.0,2.944176766137329,-1.031517051446065,0.6189509683494151,0.3516483516483517,4.5217885770490405,0.0,0.0,0.0,1.0,0.0,0.0,0.0,0.0
b1352,67.0,29.761,12.0,5.0,0.18181818181818182,3.7836647070015523,33.0,7.684,4.0,3.0,0.5,4.030965584073423,-0.040958607678906384,0.5312815842729061,0.3561643835616438,4.30406509320417,0.0,0.0,0.0,5.0,1.0,0.0,0.0,0.0
b1353,119.0,37.559,2.0,2.0,1.0,0.6789389812318827,103.0,32.956,2.0,2.0,1.0,0.9327172702269863,0.5899496013257077,0.48145685774491886,0.37037037037037035,5.093750200806762,2.0,0.0,0.0,2.0,0.0,1.0,0.0,0.0
b1355,53.0,21.506,5.0,5.0,0.4,1.9743696103109611,13.0,3.917,1.0,1.0,0.0,2.9922202274087373,-1.1674910872937636,0.5369732774338098,0.5909090909090909,3.8066624897703196,0.0,0.0,0.0,1.0,0.0,0.0,0.0,0.0
b1356,70.0,22.87,5.0,4.0,0.4,2.1189521540003775,49.0,9.871,0.0,0.0,0.0,0.0,1.5776066773625355,0.4699240045584345,0.36075949367088606,5.0689042022202315,0.0,0.0,0.0,3.0,0.0,0.0,0.0,0.0
b1357,72.0,31.213,6.0,4.0,0.6,2.378933015509951,35.0,6.961,3.0,3.0,1.0,2.992220227408737,-0.5702477199975919,0.40742081776277983,0.3163265306122449,4.59511985013459,0.0,0.0,0.0,2.0,0.0,0.0,0.0,0.0
b1358,63.0,25.515,5.0,4.0,0.6,2.0706434511257212,23.0,4.7,3.0,3.0,1.0,2.992220227408737,0.0,0.5858955063124752,0.5214285714285715,4.948759890378168,0.0,0.0,0.0,2.0,0.0,0.0,0.0,0.0
b1359,47.0,15.212,4.0,4.0,0.8333333333333334,1.7759907863244848,25.0,5.612,3.0,3.0,1.0,2.992220227408737,0.0,0.4568220939385236,0.4666666666666667,5.655991810819852,0.0,0.0,0.0,1.0,0.0,0.0,0.0,0.0
b1360,225.0,52.871,5.0,4.0,0.5,2.0398486770786377,195.0,38.407,3.0,3.0,1.0,2.992220227408737,0.08635983067474821,0.5899113109619271,0.6129032258064516,5.517452896464707,0.0,0.0,0.0,1.0,0.0,0.0,0.0,0.0
b1361,0.0,0.0,0.0,0.0,0.0,0.0,0.0,0.0,0.0,0.0,0.0,0.0,0.0,0.493787217694396,0.43548387096774194,5.231108616854587,0.0,0.0,0.0,1.0,0.0,0.0,0.0,0.0
b1362,0.0,0.0,0.0,0.0,0.0,0.0,0.0,0.0,0.0,0.0,0.0,0.0,0.0,0.0,0.0,4.605170185988092,0.0,0.0,1.0,2.0,0.0,0.0,0.0,0.0
b1363,139.0,36.437,5.0,4.0,0.2,1.3672737834738309,106.0,17.207,1.0,1.0,0.0,1.1092200449671046,0.0,0.41172480377863385,0.3237113402061856,6.186208623900494,7.0,0.0,0.0,4.0,0.0,1.0,0.0,0.0
b1365,145.0,31.437,0.0,0.0,0.0,0.0,143.0,28.215,0.0,0.0,0.0,0.0,-0.33441900898204685,0.5927843672518994,0.5287356321839081,4.477336814478207,0.0,0.0,0.0,1.0,0.0,0.0,0.0,0.0
b1366,0.0,0.0,0.0,0.0,0.0,0.0,0.0,0.0,0.0,0.0,0.0,0.0,0.0,0.5460032610794381,0.4957983193277311,4.787491742782046,0.0,0.0,0.0,1.0,0.0,0.0,0.0,0.0
b1368,0.0,0.0,0.0,0.0,0.0,0.0,0.0,0.0,0.0,0.0,0.0,0.0,0.0,0.428822556918142,0.38596491228070173,5.8377304471659395,0.0,0.0,0.0,1.0,0.0,0.0,0.0,0.0
b1370,44.0,18.153,3.0,1.0,0.0,2.8296801727442196,20.0,7.489,3.0,1.0,0.0,3.441767940449332,-0.34008379993014975,0.6424343221012503,0.7177914110429447,5.7899601708972535,0.0,0.0,0.0,2.0,0.0,0.0,0.0,0.0
b1372,277.0,74.988,8.0,5.0,0.10714285714285714,2.827628785729487,256.0,61.78,5.0,3.0,0.1,3.968002940872238,0.1643528557844371,0.47491408836928817,0.4758928571428571,7.02197642307216,0.0,0.0,0.0,2.0,0.0,0.0,0.0,0.0
b1373,40.0,17.418,11.0,5.0,0.34545454545454546,3.8957830151520314,22.0,4.655,1.0,1.0,0.0,1.1257781444330888,-0.6307841425898572,0.5278194595293856,0.44502617801047123,5.2574953720277815,0.0,0.0,0.0,1.0,0.0,0.0,0.0,0.0
b1374,90.0,28.053,8.0,5.0,0.75,2.933595713545379,63.0,12.055,2.0,1.0,0.0,3.124735408584474,0.7283537820212285,0.4645571047561248,0.3622448979591837,5.2832037287379885,0.0,0.0,2.0,3.0,0.0,0.0,0.0,0.0
b1375,43.0,18.301,8.0,5.0,0.5357142857142857,2.828358337817287,21.0,5.613,3.0,2.0,0.3333333333333333,4.149164566884477,0.4653828514484183,0.40241446212474463,0.3246753246753247,4.356708826689592,0.0,0.0,0.0,1.0,0.0,0.0,0.0,0.0
b1376,276.0,61.994,6.0,5.0,0.4,1.4929629327572598,261.0,50.048,1.0,1.0,0.0,1.2595497822429478,3.1778278556166075,0.530437452304763,0.5069444444444444,4.976733742420574,0.0,0.0,0.0,2.0,0.0,0.0,0.0,0.0
b1377,384.0,120.724,22.0,13.0,0.3939393939393939,3.232187064532681,346.0,98.748,14.0,8.0,0.38461538461538464,5.056487020281987,2.08639542712425,0.6400353190958173,0.4509283819628647,5.934894195619588,0.0,0.0,0.0,4.0,0.0,1.0,0.0,0.0
b1378,1663.0,597.414,133.0,23.0,0.1258828890407838,14.874721688830437,1553.0,350.745,36.0,12.0,0.11587301587301588,9.67554916520501,1.4442009888641596,0.5950276090605676,0.5459965928449745,7.069023426578259,0.0,1.0,1.0,4.0,0.0,0.0,10.0,1.0
b1379,78.0,19.736,0.0,0.0,0.0,0.0,57.0,9.387,0.0,0.0,0.0,0.0,1.305566313515304,0.6325588045478705,0.5071428571428571,4.948759890378168,0.0,0.0,0.0,1.0,0.0,0.0,0.0,0.0
b1380,346.0,115.264,37.0,19.0,0.4744744744744745,4.225791629460458,300.0,46.928,0.0,0.0,0.0,0.0,2.4927743532551276,0.6627048054840987,0.5623100303951368,5.799092654460526,0.0,0.0,1.0,5.0,0.0,0.0,3.0,0.0
b1381,416.0,123.756,23.0,10.0,0.20553359683794467,4.781879910960206,405.0,119.152,18.0,8.0,0.2222222222222222,8.459486968688672,0.39093510710337914,0.5468218875888585,0.5312855517633674,6.779921907472252,1.0,0.0,0.0,4.0,0.0,1.0,0.0,0.0
b1382,186.0,51.928,2.0,2.0,1.0,0.8479581909598871,120.0,24.177,2.0,2.0,1.0,1.4764892663824236,1.634578022853888,0.5488197916537304,0.47540983606557374,4.127134385045092,0.0,0.0,0.0,3.0,0.0,1.0,0.0,0.0
b1383,200.0,52.444,4.0,3.0,0.16666666666666666,1.3917524831018633,154.0,30.888,2.0,2.0,1.0,1.4764892663824236,0.756636108245848,0.463743228583003,0.4074074074074074,4.6913478822291435,0.0,0.0,0.0,2.0,0.0,0.0,0.0,0.0
b1384,222.0,53.844,3.0,3.0,0.3333333333333333,0.9434903222209264,182.0,38.819,1.0,1.0,0.0,1.2115199543372408,0.1903316981702915,0.5350884871452385,0.46179401993355484,5.71042701737487,0.0,0.0,0.0,3.0,0.0,0.0,0.0,0.0
b1385,184.0,47.665,6.0,5.0,0.26666666666666666,1.351932683297612,161.0,25.728,1.0,1.0,0.0,0.9374915990650864,0.037426497940623665,0.5068055904569342,0.5150300601202404,6.214608098422191,0.0,0.0,1.0,5.0,0.0,0.0,4.0,0.0
b1386,349.0,99.291,9.0,7.0,0.3055555555555556,1.778746928836217,261.0,61.349,2.0,1.0,0.0,1.7922404137991768,-0.6516951369518393,0.6282819415909312,0.5482166446499339,6.630683385642372,0.0,1.0,1.0,5.0,0.0,0.0,6.0,0.0
b1387,839.0,227.81,18.0,12.0,0.5359477124183006,2.8231222078968097,766.0,122.629,11.0,9.0,0.6545454545454545,4.071691525844528,0.07188200730612536,0.5384010132083297,0.5183553597650514,6.525029657843462,0.0,0.0,2.0,5.0,0.0,0.0,3.0,0.0
b1388,86.0,32.578,14.0,12.0,0.8461538461538461,2.25280699433357,35.0,15.991,12.0,10.0,0.9090909090909091,3.8747969120157646,0.7442929831226762,0.559472050278728,0.56957928802589,5.736572297479192,0.0,1.0,1.0,5.0,0.0,0.0,3.0,0.0
b1389,39.0,19.459,13.0,12.0,0.9871794871794872,2.133617236453623,30.0,15.274,12.0,10.0,0.9090909090909091,3.8747969120157646,0.0,0.6119884634516256,0.4631578947368421,4.564348191467836,0.0,0.0,0.0,3.0,0.0,0.0,3.0,0.0
b1390,44.0,20.941,13.0,12.0,0.9871794871794872,2.133617236453623,36.0,16.901,12.0,10.0,0.9090909090909091,3.8747969120157646,0.3263358609287514,0.583719366951202,0.5564516129032258,5.517452896464707,0.0,0.0,0.0,4.0,0.0,0.0,3.0,0.0
b1391,91.0,30.025,14.0,12.0,0.8461538461538461,2.281065814493162,74.0,22.64,13.0,10.0,0.7692307692307693,4.216334284186612,-1.0969100130080565,0.573872706811349,0.5818181818181818,5.111987788356544,0.0,0.0,0.0,3.0,0.0,0.0,3.0,0.0
b1392,288.0,82.235,14.0,12.0,0.7362637362637363,2.2760397885937,262.0,48.74,13.0,10.0,0.7692307692307693,4.522126981640668,0.00860017176191757,0.6075479324127958,0.5617977528089888,5.877735781779639,0.0,1.0,1.0,5.0,0.0,0.0,3.0,0.0
b1393,236.0,87.068,25.0,12.0,0.43666666666666665,3.5946432910009496,164.0,37.583,13.0,10.0,0.7307692307692307,4.255371237405996,0.42975228000240795,0.49504429652121074,0.5568627450980392,5.545177444479562,0.0,0.0,1.0,5.0,0.0,0.0,16.0,0.0
b1394,217.0,76.422,19.0,12.0,0.5614035087719298,2.9125786785123604,155.0,36.217,15.0,10.0,0.638095238095238,4.909369756394127,-0.08196966321511988,0.5073186142522723,0.5114503816793893,5.572154032177765,0.0,0.0,1.0,4.0,0.0,0.0,3.0,0.0
b1395,146.0,53.779,24.0,12.0,0.4420289855072464,3.542939094759662,123.0,37.018,19.0,10.0,0.3157894736842105,6.638890510724489,0.0,0.5180556991892014,0.52,6.16541785423142,0.0,0.0,1.0,4.0,0.0,0.0,6.0,0.0
b1396,58.0,25.89,17.0,12.0,0.6029411764705882,2.863453274359846,47.0,17.906,12.0,10.0,0.9090909090909091,3.8747969120157646,-1.4559319556497243,0.5620331049753948,0.5071428571428571,4.948759890378168,0.0,0.0,1.0,5.0,0.0,0.0,2.0,0.0
b1397,134.0,44.551,18.0,12.0,0.6274509803921569,2.762573626245538,126.0,34.028,13.0,10.0,0.7051282051282052,4.2495459409614496,-0.8728952016351923,0.5126254903953802,0.5261845386533666,5.996452088619021,0.0,0.0,2.0,4.0,0.0,0.0,3.0,0.0
b1398,126.0,39.794,14.0,12.0,0.8681318681318682,2.3237891887862077,118.0,30.748,11.0,10.0,0.9454545454545454,3.55985234663189,0.3654879848908996,0.5774368060132782,0.528604118993135,6.082218910376446,0.0,0.0,1.0,4.0,0.0,0.0,3.0,0.0
b1399,119.0,36.771,13.0,12.0,0.9871794871794872,2.133617236453623,102.0,27.707,9.0,8.0,0.7777777777777778,3.3163450596471034,0.808885867359812,0.5064205700709594,0.47468354430379744,5.75890177387728,0.0,0.0,0.0,4.0,0.0,0.0,0.0,0.0
b1400,75.0,25.406,12.0,12.0,1.0,1.99374623069752,62.0,17.739,1.0,1.0,0.0,0.7616792313485475,1.8407958988470938,0.6017138203279798,0.5102040816326531,5.2832037287379885,0.0,0.0,0.0,2.0,0.0,0.0,0.0,0.0
b1402,70.0,26.401,14.0,7.0,0.25274725274725274,3.9526602072007693,62.0,16.711,7.0,6.0,0.5238095238095238,2.866270207206502,0.45788189673399227,0.4857417400853809,0.5614617940199336,5.71042701737487,0.0,0.0,0.0,2.0,0.0,0.0,0.0,0.0
b1403,64.0,22.99,11.0,7.0,0.5818181818181818,3.0391923633634876,53.0,15.28,9.0,6.0,0.6111111111111112,3.5781237333525118,-0.18111458540599013,0.4483568406013054,0.5371900826446281,4.804021044733257,0.0,0.0,0.0,2.0,0.0,0.0,0.0,0.0
b1404,52.0,18.545,3.0,3.0,0.6666666666666666,1.0888677719608575,39.0,5.624,0.0,0.0,0.0,0.0,0.12710479836480765,0.4299611189088026,0.40992167101827676,5.950642552587727,0.0,0.0,0.0,2.0,0.0,0.0,0.0,0.0
b1406,216.0,60.485,3.0,3.0,1.0,1.0644305197004944,184.0,36.836,0.0,0.0,0.0,0.0,2.6570654187095046,0.5314945784256685,0.5314685314685315,5.659482215759621,0.0,0.0,1.0,4.0,0.0,0.0,3.0,0.0
b1407,117.0,34.974,3.0,3.0,1.0,0.9778581000250577,97.0,25.895,3.0,3.0,1.0,2.4166005386904734,-0.16941133131485567,0.4832835135832731,0.41015625,6.645090969505644,0.0,0.0,0.0,1.0,0.0,0.0,0.0,0.0
b1408,262.0,67.139,8.0,4.0,0.17857142857142858,2.933244891608261,247.0,53.014,3.0,3.0,1.0,2.4166005386904734,-0.8013429130455774,0.4717268099845724,0.5174129353233831,5.308267697401205,5.0,0.0,0.0,2.0,0.0,1.0,0.0,0.0
b1409,179.0,49.088,13.0,7.0,0.24358974358974358,3.1388422111905285,162.0,37.021,4.0,3.0,0.8333333333333334,3.122981125398365,0.0,0.45521208170222416,0.44966442953020136,5.700443573390687,9.0,0.0,1.0,4.0,0.0,1.0,3.0,0.0
b1410,234.0,75.42,16.0,7.0,0.26666666666666666,3.6588823970702933,201.0,47.353,4.0,3.0,0.8333333333333334,3.122981125398365,-0.2612194415156308,0.5360315277574303,0.4888888888888889,6.373319789577012,0.0,0.0,0.0,2.0,0.0,0.0,0.0,0.0
b1411,546.0,146.396,12.0,6.0,0.15151515151515152,2.84347288644423,454.0,81.281,5.0,3.0,0.5,3.756303355465072,0.0,0.47671951489977116,0.5348837209302325,6.066108090103747,7.0,0.0,0.0,2.0,0.0,1.0,0.0,0.0
b1412,195.0,48.737,5.0,5.0,0.9,1.7243716461617906,150.0,28.622,0.0,0.0,0.0,0.0,2.4082569296087173,0.5841500595892756,0.5621890547263682,5.308267697401205,0.0,1.0,2.0,5.0,0.0,0.0,0.0,0.0
b1413,261.0,71.838,9.0,7.0,0.3055555555555556,1.2843885343837222,207.0,35.5,0.0,0.0,0.0,0.0,1.0378247505883418,0.6390398933487198,0.6146153846153846,7.170888478512505,0.0,0.0,1.0,4.0,0.0,0.0,0.0,0.0
b1414,233.0,52.206,2.0,1.0,0.0,2.3432739921886703,224.0,49.943,0.0,0.0,0.0,0.0,2.4440604177407756,0.5450061664238491,0.518796992481203,5.58724865840025,0.0,0.0,0.0,2.0,0.0,0.0,0.0,0.0
b1415,307.0,115.539,56.0,19.0,0.2584415584415584,6.81279695679406,266.0,51.745,10.0,6.0,0.37777777777777777,3.3552266175048695,3.528917985170671,0.5632900049817474,0.5073068893528184,6.173786103901937,0.0,0.0,2.0,5.0,0.0,0.0,4.0,0.0
b1418,216.0,46.61,1.0,1.0,0.0,0.7807769314478326,182.0,35.576,0.0,0.0,0.0,0.0,1.0216027160282422,0.5153587519016656,0.5568181818181818,5.176149732573829,4.0,1.0,1.0,5.0,0.0,1.0,0.0,0.0
b1419,34.0,17.571,5.0,4.0,0.3,2.3888782237017456,3.0,0.563,0.0,0.0,0.0,0.0,-1.0655015487564323,0.4698276870230994,0.40350877192982454,4.060443010546419,0.0,0.0,0.0,1.0,0.0,0.0,0.0,0.0
b1420,43.0,15.38,1.0,1.0,0.0,0.6511497025282648,4.0,1.364,1.0,1.0,0.0,2.9922202274087373,0.0,0.4649901029770756,0.43636363636363634,4.02535169073515,0.0,0.0,0.0,1.0,0.0,0.0,0.0,0.0
b1421,128.0,43.9,12.0,12.0,0.36363636363636365,1.367486572547643,104.0,26.753,5.0,5.0,1.0,0.9673782765242122,1.711891549880579,0.5333320991080935,0.5,6.304448802421981,2.0,0.0,0.0,5.0,0.0,1.0,2.0,0.0
b1422,266.0,75.713,7.0,5.0,0.09523809523809523,2.2278994634036273,220.0,56.654,6.0,4.0,0.13333333333333333,3.0997838758310707,1.9004217534577377,0.4661738311692461,0.46254071661237783,5.730099782973574,0.0,0.0,0.0,4.0,0.0,0.0,0.0,0.0
b1423,209.0,52.027,0.0,0.0,0.0,0.0,181.0,36.921,0.0,0.0,0.0,0.0,2.064495426792728,0.5521438926914145,0.5346756152125279,6.104793232414985,0.0,1.0,1.0,3.0,0.0,0.0,3.0,0.0
b1424,144.0,33.329,1.0,1.0,0.0,0.6939524553629164,118.0,24.185,1.0,1.0,0.0,2.3754623539078814,1.4886916983169407,0.5988840490558905,0.5190562613430127,6.313548046277095,0.0,0.0,0.0,4.0,0.0,0.0,0.0,0.0
b1426,264.0,63.515,1.0,1.0,0.0,1.5047324890389042,253.0,56.958,0.0,0.0,0.0,0.0,2.8609426026765528,0.5930275049349978,0.4864864864864865,4.31748811353631,0.0,0.0,0.0,1.0,0.0,0.0,0.0,0.0
b1427,195.0,48.309,3.0,3.0,0.6666666666666666,1.002004487630043,181.0,32.664,0.0,0.0,0.0,0.0,1.6415732531781753,0.5720272220309457,0.46368715083798884,5.19295685089021,0.0,0.0,1.0,4.0,1.0,0.0,0.0,0.0
b1428,139.0,34.559,2.0,2.0,0.0,1.0370288100203464,133.0,25.666,0.0,0.0,0.0,0.0,-0.5451551399914898,0.5587729608746352,0.4723926380368098,5.7899601708972535,0.0,0.0,1.0,2.0,0.0,0.0,0.0,0.0
b1429,239.0,54.088,2.0,1.0,0.0,1.719897838211379,216.0,45.907,1.0,1.0,0.0,2.9922202274087373,0.35410843914740087,0.5240874229692005,0.5757575757575758,5.802118375377063,10.0,0.0,0.0,4.0,0.0,1.0,0.0,0.0
b1430,218.0,50.102,1.0,1.0,0.0,1.1067298329876463,191.0,41.441,1.0,1.0,0.0,2.9922202274087373,2.1673468775856355,0.6301371315497791,0.4873096446700508,5.288267030694535,0.0,0.0,1.0,5.0,1.0,1.0,0.0,0.0
b1431,417.0,102.11,0.0,0.0,0.0,0.0,383.0,90.656,0.0,0.0,0.0,0.0,2.8273757357212443,0.5685069993126309,0.42342342342342343,5.407171771460119,0.0,0.0,0.0,1.0,0.0,1.0,0.0,0.0
b1432,129.0,32.529,2.0,2.0,0.0,0.9170444342825219,86.0,15.167,0.0,0.0,0.0,0.0,-1.1191864077192086,0.5292752044934579,0.5572139303482587,5.998936561946683,0.0,0.0,1.0,2.0,0.0,0.0,0.0,0.0
b1433,151.0,36.079,3.0,2.0,0.3333333333333333,2.925261733895005,121.0,22.956,0.0,0.0,0.0,0.0,0.0,0.4573493632989577,0.5217391304347826,5.971261839790462,10.0,0.0,0.0,2.0,0.0,1.0,0.0,0.0
b1434,183.0,46.372,2.0,2.0,0.0,1.700135778029519,147.0,26.765,1.0,1.0,0.0,2.9922202274087373,0.07918124604762482,0.4940812519702162,0.47191011235955055,5.187385805840755,0.0,0.0,0.0,4.0,0.0,0.0,0.0,0.0
b1435,192.0,49.907,4.0,2.0,0.16666666666666666,2.3449736330615383,175.0,38.615,1.0,1.0,0.0,2.9922202274087373,0.9523080096621251,0.6264139907230781,0.5298621745788668,6.483107351457199,0.0,0.0,0.0,5.0,0.0,0.0,0.0,0.0
b1436,41.0,12.718,1.0,1.0,0.0,0.5763994224163043,30.0,6.224,1.0,1.0,0.0,0.9124057207339243,0.0,0.5185486933333757,0.4605263157894737,4.343805421853684,0.0,0.0,0.0,1.0,0.0,0.0,0.0,0.0
b1438,250.0,70.535,21.0,21.0,1.0,2.779299744746477,211.0,45.537,0.0,0.0,0.0,0.0,0.4800069429571506,0.4912166085611664,0.4492753623188406,4.9344739331306915,0.0,0.0,0.0,4.0,0.0,0.0,0.0,0.0
b1439,245.0,54.947,0.0,0.0,0.0,0.0,188.0,33.998,0.0,0.0,0.0,0.0,-0.3625102704874893,0.5535919026764362,0.5192307692307693,6.150602768446279,0.0,0.0,0.0,2.0,0.0,0.0,0.0,0.0
b1440,365.0,153.072,17.0,12.0,0.27205882352941174,2.2055667846670013,240.0,48.907,6.0,4.0,0.5333333333333333,2.5526402813851123,2.9772707887412415,0.605569106211418,0.5958005249343832,5.945420608606575,0.0,0.0,1.0,5.0,0.0,0.0,1.0,0.0
b1441,316.0,144.457,20.0,12.0,0.18947368421052632,2.6593032061147004,267.0,55.036,14.0,8.0,0.2967032967032967,4.483742442585453,1.7966437037851164,0.5579136286858417,0.6023738872403561,5.823045895483019,0.0,0.0,0.0,3.0,0.0,0.0,1.0,0.0
b1442,266.0,127.681,11.0,10.0,0.6363636363636364,1.5699910241027295,154.0,28.242,10.0,8.0,0.5777777777777777,3.4921737043847783,0.045322978786657475,0.5741866594743192,0.6006389776357828,5.749392985908253,8.0,0.0,0.0,3.0,0.0,1.0,1.0,0.0
b1443,281.0,130.649,13.0,10.0,0.44871794871794873,1.9281030212499184,172.0,33.268,10.0,8.0,0.5555555555555556,3.4703981392664516,0.4440447959180762,0.5528848705990552,0.5871212121212122,5.579729825986222,6.0,0.0,0.0,4.0,0.0,1.0,1.0,0.0
b1444,237.0,70.241,22.0,12.0,0.2683982683982684,3.2889399946570896,212.0,40.476,5.0,4.0,0.6,2.163521015195531,2.9216916765839778,0.582396046532086,0.5337552742616034,6.163314804034641,0.0,0.0,2.0,5.0,0.0,0.0,5.0,0.0
b1445,42.0,15.684,3.0,3.0,0.0,1.5465156720589912,7.0,1.723,0.0,0.0,0.0,0.0,0.0,0.5458042273974821,0.5263157894736842,4.060443010546419,2.0,0.0,0.0,3.0,0.0,1.0,0.0,0.0
b1446,62.0,23.704,4.0,3.0,0.5,1.8882407994769677,20.0,2.55,0.0,0.0,0.0,0.0,2.5575192320570945,0.6858804894297355,0.6233766233766234,4.356708826689592,0.0,0.0,0.0,2.0,0.0,0.0,0.0,0.0
b1447,32.0,11.623,3.0,2.0,0.0,1.5411579849126944,19.0,6.527,1.0,1.0,0.0,2.9922202274087373,0.3521825181113625,0.5103706206083658,0.5906040268456376,5.0106352940962555,5.0,0.0,0.0,2.0,0.0,1.0,1.0,0.0
b1448,161.0,42.393,7.0,6.0,0.7142857142857143,1.9659817352063595,158.0,29.968,1.0,1.0,0.0,2.9922202274087373,1.230704313612569,0.5576833414515174,0.563953488372093,5.153291594497779,0.0,0.0,2.0,4.0,0.0,0.0,0.0,0.0
b1449,170.0,45.007,0.0,0.0,0.0,0.0,161.0,41.658,0.0,0.0,0.0,0.0,2.4639079129384838,0.554800997046282,0.5043478260869565,5.846438775057725,0.0,0.0,1.0,5.0,0.0,0.0,0.0,0.0
b1450,225.0,58.545,4.0,4.0,0.0,1.2890509967047783,178.0,35.81,2.0,2.0,0.0,2.005069107564833,0.7168377232995244,0.4854214594440953,0.4117647058823529,5.402677381872279,0.0,0.0,0.0,3.0,0.0,0.0,0.0,0.0
b1451,272.0,66.617,3.0,3.0,0.6666666666666666,0.790453364907726,223.0,47.177,1.0,1.0,0.0,0.7283725927552542,0.04921802267018165,0.5734424166292847,0.5171428571428571,6.55250788703459,24.0,0.0,0.0,4.0,0.0,1.0,0.0,0.0
b1452,362.0,103.63,23.0,13.0,0.4150197628458498,4.404125523459319,323.0,84.452,18.0,9.0,0.43137254901960786,5.9238336306998765,2.7218188560163705,0.655236280906194,0.5439093484419264,5.869296913133774,0.0,0.0,0.0,2.0,0.0,0.0,0.0,0.0
b1453,72.0,16.812,0.0,0.0,0.0,0.0,37.0,7.038,0.0,0.0,0.0,0.0,-0.8096683018297085,0.6078758692018353,0.5891783567134269,6.214608098422191,12.0,0.0,0.0,2.0,0.0,1.0,0.0,0.0
b1454,286.0,71.092,2.0,2.0,0.0,1.1404746246297248,257.0,50.152,0.0,0.0,0.0,0.0,0.3747483460101038,0.4492682657811866,0.4585365853658537,5.327876168789581,0.0,0.0,0.0,2.0,0.0,0.0,0.0,0.0
b1455,16.0,9.896,8.0,4.0,0.5,3.026006679702108,6.0,1.48,0.0,0.0,0.0,0.0,0.0,0.5516584083673574,0.4,4.2626798770413155,0.0,0.0,0.0,1.0,0.0,0.0,0.0,0.0
b1456,0.0,0.0,0.0,0.0,0.0,0.0,0.0,0.0,0.0,0.0,0.0,0.0,0.0,0.0,0.0,6.52649485957079,0.0,0.0,0.0,2.0,0.0,0.0,0.0,0.0
b1457,27.0,12.222,3.0,3.0,1.0,1.446762255726428,3.0,0.153,0.0,0.0,0.0,0.0,0.5301996982030821,0.5234126558857091,0.25625,5.081404364984463,0.0,0.0,0.0,1.0,0.0,0.0,0.0,0.0
b1459,0.0,0.0,0.0,0.0,0.0,0.0,0.0,0.0,0.0,0.0,0.0,0.0,0.0,0.0,0.0,5.517452896464707,0.0,0.0,0.0,2.0,0.0,0.0,0.0,0.0
b1460,113.0,25.865,1.0,1.0,0.0,0.9914947966794071,97.0,20.491,0.0,0.0,0.0,0.0,-0.010995384301463193,0.4903143251818019,0.41534391534391535,5.937536205082426,0.0,0.0,0.0,2.0,0.0,0.0,0.0,0.0
b1461,109.0,26.416,1.0,1.0,0.0,0.5111306896566165,67.0,8.88,0.0,0.0,0.0,0.0,2.045362102653348,0.48010021817064447,0.38961038961038963,4.356708826689592,0.0,0.0,1.0,5.0,1.0,0.0,6.0,0.0
b1462,175.0,37.314,0.0,0.0,0.0,0.0,162.0,34.966,0.0,0.0,0.0,0.0,2.0212306584797024,0.527928765971454,0.5079365079365079,5.247024072160486,0.0,1.0,0.0,1.0,0.0,0.0,0.0,0.0
b1463,196.0,43.686,1.0,1.0,0.0,0.5215320670399473,181.0,36.811,0.0,0.0,0.0,0.0,-1.1549019599857433,0.5877893726608943,0.5693950177935944,5.641907070938114,0.0,0.0,2.0,5.0,1.0,0.0,0.0,0.0
b1464,149.0,31.257,0.0,0.0,0.0,0.0,148.0,30.631,0.0,0.0,0.0,0.0,0.7737864449811935,0.5915381718102076,0.531986531986532,5.697093486505405,0.0,0.0,1.0,3.0,0.0,0.0,0.0,0.0
b1465,119.0,46.897,14.0,12.0,0.9120879120879121,2.3184797544619116,84.0,22.968,8.0,8.0,0.8571428571428571,2.883775374548345,-0.0034883278458213473,0.5955478982282217,0.6814159292035398,5.424950017481403,5.0,1.0,1.0,5.0,0.0,1.0,5.0,0.0
b1466,93.0,31.84,12.0,10.0,0.5606060606060606,2.1359818370754495,79.0,20.133,9.0,8.0,0.6666666666666666,3.1853383992261954,-0.15864052954514504,0.603180306401113,0.6536796536796536,5.44673737166631,0.0,0.0,0.0,3.0,1.0,0.0,1.0,0.0
b1467,117.0,45.445,16.0,12.0,0.7,2.5958708597462756,72.0,16.73,8.0,8.0,0.8571428571428571,2.883775374548345,0.8457180179666587,0.6802153795968496,0.6400778210116731,6.244166900663736,0.0,1.0,1.0,5.0,0.0,1.0,5.0,0.0
b1468,115.0,45.506,15.0,12.0,0.8095238095238095,2.443744058676279,83.0,19.454,8.0,8.0,0.8571428571428571,2.8864275278645106,0.60959440922522,0.6285823950678954,0.6324237560192616,7.1284959456800365,0.0,1.0,1.0,5.0,0.0,1.0,5.0,0.0
b1469,109.0,35.437,15.0,12.0,0.8380952380952381,2.4836824337914503,88.0,18.111,8.0,8.0,0.8571428571428571,2.8864275278645106,0.46834733041215726,0.5198526209040004,0.5194805194805194,6.137727054086234,12.0,0.0,0.0,5.0,0.0,1.0,1.0,0.0
b1470,0.0,0.0,0.0,0.0,0.0,0.0,0.0,0.0,0.0,0.0,0.0,0.0,0.0,0.0,0.0,4.718498871295094,0.0,0.0,0.0,1.0,0.0,0.0,0.0,0.0
b1471,0.0,0.0,0.0,0.0,0.0,0.0,0.0,0.0,0.0,0.0,0.0,0.0,0.0,0.47079625147940796,0.3081761006289308,5.765191102784844,0.0,0.0,0.0,1.0,0.0,0.0,0.0,0.0
b1472,0.0,0.0,0.0,0.0,0.0,0.0,0.0,0.0,0.0,0.0,0.0,0.0,0.0,0.5608659242616026,0.375,4.574710978503383,0.0,0.0,0.0,2.0,0.0,0.0,0.0,0.0
b1473,247.0,57.933,4.0,3.0,0.16666666666666666,2.021281452785672,212.0,41.527,0.0,0.0,0.0,0.0,0.0,0.49765606277293756,0.5358361774744027,5.683579767338681,10.0,0.0,0.0,5.0,0.0,1.0,0.0,0.0
b1474,182.0,68.969,19.0,11.0,0.3567251461988304,2.7535528495979547,126.0,27.711,7.0,6.0,0.7142857142857143,3.444090171360816,0.7972675408307164,0.6488875276658913,0.6305418719211823,6.923628628138427,0.0,1.0,1.0,5.0,0.0,0.0,1.0,0.0
b1475,141.0,54.638,12.0,9.0,0.5606060606060606,1.7721128526829975,103.0,24.037,6.0,6.0,0.8666666666666667,2.9473018298142066,1.0610753236297918,0.627425691694964,0.6564625850340136,5.68697535633982,1.0,1.0,0.0,5.0,0.0,1.0,1.0,0.0
b1476,179.0,58.916,10.0,8.0,0.7333333333333333,1.5383622266855028,127.0,30.08,6.0,6.0,0.8666666666666667,2.9473018298142066,-0.08512818245994956,0.676637618142168,0.6774193548387096,5.384495062789089,4.0,1.0,0.0,5.0,0.0,1.0,1.0,0.0
b1477,138.0,31.357,0.0,0.0,0.0,0.0,117.0,24.437,0.0,0.0,0.0,0.0,-0.6090648928966209,0.47514197934415164,0.5212765957446809,4.553876891600541,0.0,0.0,0.0,2.0,0.0,0.0,0.0,0.0
b1478,266.0,76.584,11.0,8.0,0.6727272727272727,1.8516016136596911,230.0,49.675,0.0,0.0,0.0,0.0,2.2304744673611583,0.6089708550209415,0.5178571428571429,5.820082930352362,0.0,1.0,1.0,4.0,0.0,0.0,10.0,1.0
b1479,406.0,125.37,41.0,19.0,0.551219512195122,4.3043621237084855,381.0,63.838,0.0,0.0,0.0,0.0,2.56467789772798,0.6716584552706594,0.6,6.338594078203183,0.0,1.0,1.0,5.0,0.0,0.0,3.0,0.0
b1480,144.0,58.343,32.0,23.0,0.5866935483870968,3.1112515906362543,89.0,28.546,7.0,7.0,0.7619047619047619,2.2995430259148,3.354878340773843,0.5305540895383413,0.4222222222222222,3.828641396489095,0.0,0.0,0.0,5.0,1.0,0.0,0.0,0.0
b1481,89.0,26.182,1.0,1.0,0.0,0.4565196515502968,51.0,6.899,0.0,0.0,0.0,0.0,0.0,0.532069314931504,0.4507042253521127,4.276666119016055,0.0,0.0,0.0,2.0,0.0,0.0,0.0,0.0
b1482,320.0,99.111,26.0,12.0,0.4369230769230769,4.330088322163839,259.0,67.157,17.0,11.0,0.5661764705882353,5.38370502396684,3.425698842982355,0.5938812351679615,0.5104895104895105,4.969813299576001,0.0,0.0,1.0,5.0,1.0,0.0,0.0,0.0
b1483,286.0,138.721,26.0,17.0,0.5230769230769231,3.2933857252363667,196.0,43.124,16.0,12.0,0.525,3.72013970358054,-0.17848647159522685,0.5280203646663257,0.5844155844155844,5.733341276897746,0.0,0.0,0.0,3.0,0.0,1.0,1.0,0.0
b1484,230.0,125.653,28.0,17.0,0.3412698412698413,3.607487849550113,143.0,38.437,21.0,12.0,0.3,5.169513534826578,0.08990511143939793,0.5455583065219644,0.551829268292683,5.796057750765372,0.0,0.0,0.0,3.0,0.0,1.0,1.0,0.0
b1485,227.0,132.312,46.0,17.0,0.21159420289855072,6.511478661885009,151.0,43.075,24.0,12.0,0.2898550724637681,5.371170768645746,-0.05848856736559697,0.5000153780857886,0.5436241610738255,5.700443573390687,6.0,0.0,0.0,3.0,0.0,1.0,1.0,0.0
b1486,219.0,120.019,26.0,17.0,0.5476923076923077,3.2521919032085314,140.0,30.865,23.0,12.0,0.383399209486166,5.19200470014287,0.15228834438305647,0.5436213722490143,0.5970588235294118,5.831882477283517,7.0,0.0,0.0,3.0,0.0,1.0,1.0,0.0
b1487,334.0,148.497,29.0,17.0,0.5591133004926109,3.5360419630165163,218.0,49.572,14.0,12.0,0.5494505494505495,3.244995381877696,2.1399105558756824,0.5976151920402828,0.5678294573643411,6.248042874508429,0.0,0.0,0.0,3.0,0.0,0.0,1.0,0.0
b1488,187.0,44.34,6.0,6.0,0.6666666666666666,1.0715635486767958,151.0,32.699,5.0,5.0,1.0,1.4333448188411033,-0.3526170298853802,0.554761897542564,0.5751295336787565,5.267858159063328,0.0,1.0,1.0,4.0,1.0,0.0,2.0,0.0
b1489,424.0,122.993,19.0,13.0,0.27485380116959063,2.985757854362392,393.0,87.958,16.0,11.0,0.13333333333333333,3.977417380168203,-0.25103713874383854,0.6222203968013779,0.5556946182728411,6.684611727667927,0.0,1.0,1.0,5.0,0.0,0.0,0.0,0.0
b1490,214.0,61.732,14.0,13.0,0.16483516483516483,2.298551982372925,193.0,51.779,12.0,11.0,0.015151515151515152,2.9075675545812327,1.513350798805957,0.5644708588419327,0.4543478260869565,6.133398042996649,0.0,1.0,1.0,5.0,0.0,0.0,0.0,0.0
b1491,158.0,35.579,0.0,0.0,0.0,0.0,141.0,29.695,0.0,0.0,0.0,0.0,-0.3535962737769304,0.5316032259189731,0.5558086560364465,6.0867747269123065,0.0,0.0,1.0,4.0,0.0,1.0,0.0,0.0
b1492,237.0,72.906,17.0,11.0,0.5735294117647058,2.83759576562771,194.0,45.615,12.0,8.0,0.6818181818181818,4.426277277903593,2.5078693588926737,0.5268573267411636,0.5244618395303327,6.238324625039508,12.0,0.0,0.0,5.0,0.0,1.0,1.0,0.0
b1493,309.0,110.551,52.0,15.0,0.2684766214177979,6.750412410121623,214.0,42.987,9.0,8.0,0.9166666666666666,3.3700051685190138,2.9014637704771333,0.6541061561343643,0.6051502145922747,6.1463292576688975,0.0,1.0,1.0,5.0,1.0,1.0,8.0,0.0
b1494,304.0,83.386,8.0,6.0,0.5714285714285714,1.8266208315352714,274.0,53.97,3.0,2.0,0.3333333333333333,2.2915480415125526,1.0685568950723632,0.5419892143453996,0.46294307196562834,6.837332814685591,0.0,1.0,1.0,3.0,0.0,0.0,0.0,0.0
b1495,181.0,45.046,2.0,2.0,1.0,0.9912749363491508,145.0,27.659,2.0,2.0,1.0,1.9165320526740905,0.5211380837040362,0.6102019015753589,0.5050632911392405,6.673297967767654,0.0,0.0,0.0,2.0,0.0,1.0,0.0,0.0
b1496,184.0,45.411,2.0,2.0,1.0,0.9912749363491508,144.0,26.396,2.0,2.0,1.0,1.9165320526740905,0.045322978786657475,0.5219480616082691,0.46524064171123,6.331501849893691,6.0,0.0,0.0,3.0,0.0,1.0,1.0,0.0
b1497,108.0,25.132,5.0,3.0,0.1,2.66426277308638,99.0,21.671,2.0,2.0,0.0,2.4847099671801973,-0.15864052954514504,0.5958024079332606,0.38701298701298703,5.955837369464831,0.0,1.0,0.0,2.0,0.0,0.0,0.0,0.0
b1498,231.0,58.758,2.0,2.0,0.0,1.2491620801913705,198.0,45.642,2.0,2.0,0.0,2.4924002325016463,1.8657552240714517,0.5315541447085989,0.41964285714285715,6.329720905522696,0.0,1.0,1.0,2.0,0.0,0.0,0.0,0.0
b1499,263.0,73.081,18.0,10.0,0.35947712418300654,3.3932114504730344,226.0,50.908,8.0,6.0,0.6071428571428571,4.132509157328745,0.0,0.5176474612206152,0.39920948616600793,5.537334267018537,0.0,0.0,0.0,3.0,0.0,0.0,0.0,0.0
b1500,70.0,22.783,8.0,7.0,0.39285714285714285,1.7177215520855011,22.0,4.855,1.0,1.0,0.0,0.8879006847042085,-0.48017200622428124,0.4845856703985361,0.4,4.189654742026425,1.0,0.0,0.0,4.0,0.0,1.0,1.0,0.0
b1501,190.0,55.735,9.0,7.0,0.3888888888888889,2.28839771033639,152.0,36.217,4.0,3.0,0.5,2.1513818833755924,0.04921802267018165,0.5114761034482578,0.49670619235836627,6.633318433280377,0.0,1.0,0.0,3.0,0.0,0.0,0.0,0.0
b1502,79.0,23.883,2.0,2.0,1.0,1.0384497626163902,28.0,4.508,2.0,2.0,1.0,2.9922202274087373,0.0,0.4810440861770048,0.40131578947368424,5.720311776607412,0.0,0.0,0.0,2.0,0.0,0.0,0.0,0.0
b1503,52.0,16.978,4.0,3.0,0.3333333333333333,1.582285181861131,26.0,4.78,2.0,2.0,1.0,2.9922202274087373,0.7209857441537391,0.484264401746802,0.4251497005988024,5.123963979403259,0.0,0.0,0.0,2.0,0.0,0.0,0.0,0.0
b1504,65.0,22.458,5.0,3.0,0.3,1.9089425395846278,23.0,4.385,2.0,2.0,1.0,2.9922202274087373,-0.7399286120149252,0.4807872910440637,0.44886363636363635,5.176149732573829,0.0,0.0,0.0,2.0,0.0,0.0,0.0,0.0
b1505,0.0,0.0,0.0,0.0,0.0,0.0,0.0,0.0,0.0,0.0,0.0,0.0,0.0,0.5240648041546547,0.42408376963350786,5.948034989180646,0.0,0.0,0.0,2.0,0.0,0.0,0.0,0.0
b1506,0.0,0.0,0.0,0.0,0.0,0.0,0.0,0.0,0.0,0.0,0.0,0.0,0.0,0.0,0.0,4.0943445622221,0.0,0.0,0.0,2.0,0.0,0.0,0.0,0.0
b1507,209.0,65.512,27.0,21.0,0.6552706552706553,3.413135870711626,134.0,23.787,1.0,1.0,0.0,2.9922202274087373,0.9185545305502735,0.4825515327522946,0.509090909090909,6.089044875446846,0.0,0.0,1.0,5.0,0.0,0.0,0.0,0.0
b1508,230.0,66.087,22.0,21.0,0.9134199134199135,2.848079477684718,174.0,34.913,1.0,1.0,0.0,2.9922202274087373,0.635483746814912,0.5711988869830471,0.5681818181818182,4.48863636973214,0.0,0.0,0.0,5.0,0.0,0.0,0.0,0.0
b1509,0.0,0.0,0.0,0.0,0.0,0.0,0.0,0.0,0.0,0.0,0.0,0.0,0.0,0.0,0.0,6.1463292576688975,0.0,0.0,0.0,1.0,0.0,0.0,0.0,0.0
b1510,0.0,0.0,0.0,0.0,0.0,0.0,0.0,0.0,0.0,0.0,0.0,0.0,0.0,0.0,0.0,7.189922170745808,0.0,0.0,0.0,2.0,0.0,1.0,0.0,0.0
b1511,171.0,45.505,11.0,8.0,0.5636363636363636,2.0035034379452243,145.0,31.548,7.0,7.0,1.0,2.347058297847875,1.420120848085703,0.5066787229231428,0.5075471698113208,6.274762021241939,0.0,0.0,1.0,3.0,1.0,0.0,1.0,0.0
b1512,169.0,45.475,12.0,8.0,0.5606060606060606,2.216234013527561,140.0,34.183,8.0,7.0,0.75,2.869425410823864,0.9956351945975499,0.5407254784637463,0.5078864353312302,5.762051382780177,0.0,0.0,0.0,5.0,1.0,0.0,2.0,0.0
b1513,240.0,125.762,24.0,15.0,0.391304347826087,3.4566606950434817,129.0,29.817,16.0,10.0,0.2,4.746281733437238,1.079543007402906,0.5613376639648826,0.5772994129158513,6.238324625039508,0.0,0.0,1.0,4.0,0.0,1.0,2.0,0.0
b1514,236.0,124.327,23.0,15.0,0.48616600790513836,3.328215355543897,116.0,30.74,19.0,10.0,0.23976608187134502,5.585509003955374,-0.341035157335565,0.5270312418126555,0.5818713450292398,5.8377304471659395,9.0,0.0,0.0,3.0,0.0,1.0,2.0,0.0
b1515,229.0,123.739,24.0,15.0,0.42391304347826086,3.465696699731223,109.0,30.669,20.0,10.0,0.23684210526315788,5.894669019769854,0.47275644931721233,0.5166850434299829,0.5727272727272728,5.802118375377063,10.0,0.0,0.0,3.0,0.0,1.0,2.0,0.0
b1516,334.0,150.312,26.0,15.0,0.37538461538461537,3.7166816827831126,190.0,45.525,9.0,7.0,0.6388888888888888,2.8800818152270526,2.8305950836227285,0.5738705619780253,0.5323529411764706,5.831882477283517,0.0,0.0,0.0,3.0,0.0,0.0,2.0,0.0
b1517,144.0,36.742,9.0,8.0,0.9166666666666666,1.62787766434292,130.0,30.243,7.0,7.0,1.0,2.347058297847875,2.4440604177407756,0.6024458113207387,0.49828178694158076,5.676753802268282,0.0,0.0,1.0,4.0,1.0,0.0,1.0,0.0
b1518,168.0,41.458,9.0,8.0,0.9166666666666666,1.62787766434292,159.0,37.015,7.0,7.0,1.0,2.347058297847875,1.4363217001397333,0.6530707951824799,0.5520833333333334,4.574710978503383,0.0,0.0,1.0,5.0,1.0,0.0,1.0,0.0
b1519,242.0,63.289,9.0,7.0,0.5833333333333334,1.8850546746488408,222.0,52.089,0.0,0.0,0.0,0.0,1.6405808064896525,0.5367165293709057,0.5674603174603174,5.53338948872752,0.0,0.0,1.0,4.0,1.0,0.0,0.0,0.0
b1520,157.0,34.275,2.0,2.0,0.0,0.7597267030275077,135.0,25.492,0.0,0.0,0.0,0.0,0.7745169657285496,0.5311260057040716,0.5197368421052632,5.720311776607412,4.0,0.0,0.0,2.0,0.0,1.0,0.0,0.0
b1521,99.0,32.717,10.0,7.0,0.4666666666666667,2.1416321140372414,75.0,18.061,5.0,3.0,0.3,2.932212324141232,1.5066403055665025,0.6689986170300469,0.5527950310559007,6.182084906716632,0.0,0.0,1.0,3.0,0.0,0.0,3.0,0.0
b1522,157.0,48.292,14.0,13.0,0.16483516483516483,2.298551982372925,148.0,42.416,13.0,11.0,0.10256410256410256,3.065986806232817,-1.0705810742857074,0.5357339427567762,0.5428571428571428,5.755742213586912,4.0,1.0,1.0,4.0,0.0,1.0,0.0,0.0
b1523,171.0,35.964,1.0,1.0,0.0,0.48870957888112687,151.0,31.283,1.0,1.0,0.0,2.9922202274087373,-1.2839966563652008,0.5999497964482025,0.5210084033613446,4.787491742782046,0.0,0.0,0.0,1.0,0.0,0.0,0.0,0.0
b1524,115.0,47.864,34.0,15.0,0.38324420677361853,4.576091252172228,69.0,13.746,1.0,1.0,0.0,2.9922202274087373,0.4456042032735975,0.5540071872765446,0.5324675324675324,5.733341276897746,0.0,0.0,1.0,3.0,0.0,0.0,6.0,0.0
b1525,205.0,63.188,19.0,15.0,0.4678362573099415,2.351093510924871,158.0,24.588,0.0,0.0,0.0,0.0,1.0257153839013406,0.5610380891666897,0.5021645021645021,6.137727054086234,0.0,0.0,1.0,5.0,0.0,0.0,5.0,1.0
b1526,197.0,56.936,7.0,5.0,0.2857142857142857,2.128512551839346,164.0,40.079,5.0,4.0,0.4,2.560564760832503,-0.009661145212398569,0.5446606487017585,0.5119453924914675,5.683579767338681,0.0,0.0,0.0,2.0,0.0,0.0,0.0,0.0
b1527,19.0,7.884,3.0,2.0,0.0,1.7995220663860203,10.0,3.096,0.0,0.0,0.0,0.0,0.0,0.4860714182932668,0.39622641509433965,5.918893854273146,0.0,0.0,0.0,1.0,0.0,0.0,0.0,0.0
b1528,180.0,41.657,0.0,0.0,0.0,0.0,148.0,29.963,0.0,0.0,0.0,0.0,-0.9318141382538384,0.5089762265337906,0.5909090909090909,5.983936280687191,12.0,0.0,0.0,3.0,0.0,1.0,0.0,0.0
b1529,128.0,30.223,0.0,0.0,0.0,0.0,102.0,20.64,0.0,0.0,0.0,0.0,0.37657695705651195,0.5774153844001401,0.583710407239819,5.402677381872279,6.0,0.0,0.0,2.0,0.0,1.0,0.0,0.0
b1530,333.0,97.816,20.0,11.0,0.23684210526315788,3.623085824842283,259.0,40.529,2.0,2.0,1.0,1.8638973541761272,0.534026106056135,0.5978582187633968,0.5625,4.976733742420574,0.0,0.0,0.0,4.0,0.0,0.0,0.0,0.0
b1531,258.0,88.01,27.0,11.0,0.17094017094017094,4.8421825523130115,162.0,31.582,7.0,3.0,0.2857142857142857,5.129099787507089,0.9469432706978255,0.6045866571458606,0.5511811023622047,4.852030263919617,0.0,0.0,0.0,4.0,0.0,0.0,1.0,0.0
b1532,40.0,12.996,3.0,3.0,0.6666666666666666,0.8077916124938832,13.0,3.805,2.0,2.0,1.0,1.8638973541761272,0.0,0.48145336644083403,0.4444444444444444,4.290459441148391,0.0,0.0,0.0,1.0,0.0,0.0,0.0,0.0
b1533,175.0,40.454,3.0,2.0,0.0,2.4055704975304426,143.0,25.684,0.0,0.0,0.0,0.0,0.0,0.4976457124606686,0.5585284280936454,5.703782474656201,10.0,0.0,0.0,3.0,0.0,1.0,0.0,0.0
b1534,285.0,70.588,3.0,2.0,0.0,2.0045668288153826,271.0,59.616,0.0,0.0,0.0,0.0,0.7185016888672742,0.520700708664072,0.5772151898734177,5.981414211254481,12.0,0.0,0.0,3.0,0.0,1.0,0.0,0.0
b1535,193.0,60.273,15.0,13.0,0.2,2.4094256418297006,164.0,43.873,13.0,11.0,0.10256410256410256,3.065986806232817,0.12385164096708581,0.5190386426523421,0.4560810810810811,5.6937321388027,0.0,1.0,1.0,5.0,0.0,0.0,0.0,0.0
b1536,105.0,27.911,1.0,1.0,0.0,2.4962556165751373,73.0,15.926,1.0,1.0,0.0,2.9922202274087373,2.136752266326663,0.5518870309738445,0.43846153846153846,4.875197323201151,0.0,0.0,0.0,2.0,0.0,0.0,0.0,0.0
b1537,187.0,44.429,1.0,1.0,0.0,2.4962556165751373,167.0,35.908,1.0,1.0,0.0,2.9922202274087373,2.049256797232227,0.5274441641691338,0.45930232558139533,5.153291594497779,0.0,0.0,0.0,2.0,0.0,0.0,0.0,0.0
b1538,140.0,28.496,0.0,0.0,0.0,0.0,121.0,18.902,0.0,0.0,0.0,0.0,2.3979573801038874,0.5756981902855858,0.4845814977973568,6.525029657843462,0.0,1.0,1.0,5.0,1.0,0.0,0.0,0.0
b1539,333.0,95.183,16.0,7.0,0.125,3.4211723560681673,313.0,79.493,7.0,5.0,0.14285714285714285,2.8183123199947175,2.854312115807303,0.6177841406825538,0.5080645161290323,5.517452896464707,0.0,0.0,3.0,5.0,0.0,0.0,3.0,1.0
b1540,165.0,44.02,5.0,4.0,0.0,1.8438141994969526,143.0,33.552,2.0,2.0,0.0,1.6470226610864134,1.2151085810530933,0.6839559009168852,0.5350877192982456,5.43372200355424,0.0,0.0,0.0,2.0,0.0,0.0,0.0,0.0
b1541,56.0,16.943,1.0,1.0,0.0,0.6895094350008657,19.0,3.628,0.0,0.0,0.0,0.0,2.8299531203687023,0.64720522856999,0.5373134328358209,4.219507705176107,0.0,0.0,0.0,1.0,0.0,0.0,0.0,0.0
b1542,87.0,21.678,1.0,1.0,0.0,0.5492841660303306,67.0,15.502,1.0,1.0,0.0,0.8830138701133528,0.31806333496276146,0.5448004243128912,0.4876543209876543,6.18826412308259,0.0,0.0,1.0,2.0,0.0,0.0,3.0,0.0
b1543,0.0,0.0,0.0,0.0,0.0,0.0,0.0,0.0,0.0,0.0,0.0,0.0,0.0,0.5402110063966612,0.49414519906323184,6.059123195581797,12.0,0.0,0.0,3.0,0.0,1.0,0.0,0.0
b1544,48.0,17.805,5.0,5.0,0.9,1.9298551869257146,17.0,2.166,0.0,0.0,0.0,0.0,0.41664050733828095,0.41241379745803597,0.3246753246753247,4.356708826689592,0.0,0.0,0.0,1.0,0.0,0.0,0.0,0.0
b1545,80.0,24.284,9.0,5.0,0.6666666666666666,3.2561891530753186,52.0,9.591,1.0,1.0,0.0,1.7883598293125176,0.6374897295125107,0.4633708326885683,0.3673469387755102,5.2832037287379885,0.0,0.0,2.0,3.0,0.0,0.0,0.0,0.0
b1546,41.0,17.761,13.0,5.0,0.24358974358974358,4.980056492928681,25.0,4.684,1.0,1.0,0.0,2.9922202274087373,-0.5734887386354247,0.5245088793095203,0.44502617801047123,5.2574953720277815,0.0,0.0,0.0,1.0,0.0,0.0,1.0,0.0
b1547,61.0,21.074,1.0,1.0,0.0,0.7021908438273992,16.0,2.804,1.0,1.0,0.0,2.9922202274087373,0.0,0.5009970792071865,0.49375,5.771441123130016,0.0,0.0,0.0,2.0,0.0,0.0,0.0,0.0
b1548,0.0,0.0,0.0,0.0,0.0,0.0,0.0,0.0,0.0,0.0,0.0,0.0,0.0,0.5100190947327058,0.5661375661375662,5.247024072160486,0.0,0.0,0.0,2.0,0.0,0.0,1.0,0.0
b1549,54.0,17.088,0.0,0.0,0.0,0.0,13.0,1.431,0.0,0.0,0.0,0.0,0.7930916001765802,0.505943015893144,0.3161764705882353,4.919980925828125,0.0,0.0,0.0,1.0,0.0,0.0,0.0,0.0
b1550,29.0,9.813,0.0,0.0,0.0,0.0,13.0,1.82,0.0,0.0,0.0,0.0,2.968954345773496,0.5744912384407289,0.2807017543859649,4.060443010546419,0.0,0.0,0.0,2.0,0.0,0.0,0.0,0.0
b1551,36.0,12.894,2.0,2.0,0.0,0.8844313841940792,17.0,6.277,1.0,1.0,0.0,1.6357352846751587,-0.6090648928966209,0.5016489607157317,0.29411764705882354,3.9512437185814275,0.0,0.0,0.0,1.0,0.0,0.0,0.0,0.0
b1552,105.0,29.175,4.0,3.0,0.3333333333333333,1.4220302806806397,73.0,11.788,3.0,2.0,0.3333333333333333,4.178445185994853,0.9745116927373284,0.6069126574884922,0.37142857142857144,4.2626798770413155,0.0,0.0,0.0,2.0,1.0,0.0,0.0,0.0
b1553,17.0,5.823,0.0,0.0,0.0,0.0,7.0,2.006,0.0,0.0,0.0,0.0,-0.7351821769904635,0.44411261486781506,0.3696969696969697,5.111987788356544,0.0,0.0,0.0,1.0,0.0,0.0,0.0,0.0
b1554,276.0,71.68,6.0,4.0,0.06666666666666667,2.131987027669376,226.0,52.775,2.0,2.0,1.0,2.9922202274087373,0.30535136944662367,0.5549985530557785,0.5028248587570622,5.181783550292085,0.0,0.0,1.0,3.0,0.0,0.0,0.0,0.0
b1555,48.0,19.003,7.0,4.0,0.14285714285714285,2.4339115029216556,26.0,5.25,2.0,2.0,1.0,2.9922202274087373,1.2332500095411003,0.5380825789169413,0.4077669902912621,4.6443908991413725,0.0,0.0,0.0,1.0,0.0,0.0,0.0,0.0
b1556,25.0,11.312,6.0,4.0,0.06666666666666667,1.8601190005827493,8.0,3.616,2.0,2.0,1.0,2.9922202274087373,-0.3089185078770315,0.44720854693772893,0.4507042253521127,4.276666119016055,0.0,0.0,0.0,2.0,0.0,0.0,0.0,0.0
b1557,119.0,32.705,6.0,3.0,0.26666666666666666,2.0328712140001226,81.0,12.09,4.0,2.0,0.16666666666666666,5.512183099419136,1.7649975992848805,0.5795302376959546,0.23943661971830985,4.276666119016055,0.0,0.0,0.0,3.0,1.0,0.0,0.0,0.0
b1558,201.0,47.264,2.0,2.0,1.0,0.7443181691472843,174.0,31.603,1.0,1.0,0.0,1.6227355211194219,0.03342375548694973,0.5467999461046884,0.42857142857142855,4.2626798770413155,0.0,0.0,0.0,2.0,1.0,0.0,0.0,0.0
b1559,359.0,106.017,8.0,4.0,0.07142857142857142,2.7660356491400773,274.0,29.565,2.0,1.0,0.0,1.8165256706849242,0.27184160653649897,0.49736993128752016,0.472,5.5254529391317835,0.0,0.0,0.0,2.0,0.0,0.0,0.0,0.0
b1560,26.0,10.447,4.0,4.0,0.16666666666666666,1.7878617308315174,11.0,2.813,1.0,1.0,0.0,1.221824366815274,0.0,0.5110684877079441,0.5186246418338109,5.857933154483459,0.0,0.0,0.0,1.0,0.0,0.0,0.0,0.0
b1561,19.0,5.668,0.0,0.0,0.0,0.0,7.0,2.753,0.0,0.0,0.0,0.0,0.5987905067631151,0.4925218900542482,0.37349397590361444,4.430816798843313,0.0,0.0,0.0,1.0,0.0,0.0,0.0,0.0
b1562,75.0,23.611,5.0,4.0,0.4,1.481542769396164,20.0,4.06,0.0,0.0,0.0,0.0,0.0,0.4396103034073407,0.6862745098039216,3.9512437185814275,1.0,0.0,0.0,2.0,0.0,1.0,0.0,0.0
b1563,242.0,79.973,32.0,21.0,0.5342741935483871,4.614697649307734,161.0,29.74,1.0,1.0,0.0,2.9922202274087373,1.305566313515304,0.47493441847899404,0.5052631578947369,4.564348191467836,0.0,0.0,1.0,5.0,0.0,0.0,0.0,0.0
b1564,83.0,42.601,28.0,21.0,0.6666666666666666,4.174434814519299,38.0,6.365,1.0,1.0,0.0,2.9922202274087373,2.2330215069876935,0.5412026852816145,0.4177215189873418,4.382026634673881,0.0,0.0,0.0,5.0,0.0,0.0,0.0,0.0
b1565,39.0,12.352,2.0,2.0,0.0,1.014594245850005,14.0,3.473,0.0,0.0,0.0,0.0,0.0,0.4677095295270244,0.4752475247524752,4.624972813284271,0.0,0.0,0.0,1.0,0.0,0.0,0.0,0.0
b1566,90.0,34.661,9.0,7.0,0.6111111111111112,1.3594781636877047,49.0,17.542,6.0,6.0,1.0,1.011291678690723,0.9722028383790644,0.5022317809599653,0.4636363636363636,4.709530201312334,0.0,0.0,0.0,2.0,0.0,0.0,0.0,0.0
b1567,0.0,0.0,0.0,0.0,0.0,0.0,0.0,0.0,0.0,0.0,0.0,0.0,0.0,0.489771704110517,0.3673469387755102,3.912023005428146,0.0,0.0,0.0,2.0,0.0,0.0,0.0,0.0
b1568,0.0,0.0,0.0,0.0,0.0,0.0,0.0,0.0,0.0,0.0,0.0,0.0,0.0,0.47187469257533216,0.4895833333333333,4.574710978503383,0.0,0.0,0.0,1.0,0.0,0.0,0.0,0.0
b1569,46.0,18.768,3.0,3.0,1.0,1.4005436956068522,16.0,2.429,0.0,0.0,0.0,0.0,0.0,0.40224020075898764,0.40789473684210525,4.343805421853684,0.0,0.0,0.0,2.0,0.0,0.0,0.0,0.0
b1570,230.0,53.265,4.0,3.0,0.5,1.7807663526157318,215.0,39.121,0.0,0.0,0.0,0.0,1.4234097277330935,0.4508727928977148,0.3851851851851852,4.912654885736052,0.0,0.0,0.0,2.0,0.0,0.0,0.0,0.0
b1571,16.0,9.612,8.0,3.0,0.25,3.5160550723117483,7.0,2.743,2.0,2.0,1.0,2.9922202274087373,0.546542663478131,0.6885381016468651,0.5686274509803921,3.9512437185814275,0.0,0.0,0.0,1.0,0.0,0.0,0.0,0.0
b1572,58.0,22.694,3.0,3.0,1.0,1.5561141555443143,14.0,3.312,2.0,2.0,1.0,2.9922202274087373,-0.5686362358410126,0.5421201001693732,0.5238095238095238,3.7612001156935624,0.0,0.0,0.0,1.0,1.0,1.0,0.0,0.0
b1573,36.0,13.661,5.0,3.0,0.4,2.3743828552054493,18.0,4.87,2.0,2.0,1.0,2.9922202274087373,-0.29413628771608075,0.5537727536287184,0.5,4.290459441148391,0.0,0.0,0.0,1.0,0.0,0.0,0.0,0.0
b1575,52.0,21.059,8.0,4.0,0.25,2.5265405304426563,16.0,1.926,1.0,1.0,0.0,2.9922202274087373,0.1846914308175988,0.4743191908704146,0.27419354838709675,4.143134726391533,0.0,0.0,0.0,2.0,0.0,0.0,0.0,0.0
b1576,42.0,14.639,4.0,3.0,0.6666666666666666,1.8699435691724977,15.0,2.266,1.0,1.0,0.0,2.9922202274087373,-0.2924298239020636,0.5032028706643427,0.38095238095238093,4.1588830833596715,0.0,0.0,0.0,1.0,0.0,0.0,0.0,0.0
b1577,0.0,0.0,0.0,0.0,0.0,0.0,0.0,0.0,0.0,0.0,0.0,0.0,0.0,0.0,0.0,5.726847747587197,0.0,0.0,0.0,1.0,0.0,0.0,0.0,0.0
b1578,0.0,0.0,0.0,0.0,0.0,0.0,0.0,0.0,0.0,0.0,0.0,0.0,0.0,0.0,0.0,5.389071729816501,0.0,0.0,0.0,2.0,0.0,0.0,0.0,0.0
b1579,0.0,0.0,0.0,0.0,0.0,0.0,0.0,0.0,0.0,0.0,0.0,0.0,0.0,0.0,0.0,5.988961416889864,0.0,0.0,0.0,2.0,0.0,0.0,0.0,0.0
b1580,151.0,44.399,8.0,7.0,0.32142857142857145,1.8891252680516057,125.0,22.884,1.0,1.0,0.0,2.3754623539078814,1.3406423775607053,0.5793937110648663,0.3864306784660767,5.8289456176102075,0.0,1.0,1.0,2.0,0.0,0.0,2.0,0.0
b1581,116.0,35.706,12.0,8.0,0.4393939393939394,2.4904771748795875,85.0,18.654,2.0,1.0,0.0,4.225735974410449,1.8248414717537007,0.5951843080227938,0.5371287128712872,6.003887067106539,0.0,0.0,0.0,2.0,0.0,0.0,3.0,0.0
b1582,172.0,44.675,4.0,3.0,0.16666666666666666,1.3612579920900225,130.0,27.414,1.0,1.0,0.0,2.3754623539078814,0.0,0.49559591540458675,0.5833333333333334,4.6913478822291435,4.0,0.0,0.0,2.0,0.0,1.0,0.0,0.0
b1583,78.0,22.731,2.0,2.0,0.0,0.8888540233721848,49.0,9.643,1.0,1.0,0.0,2.9922202274087373,2.3010517098452263,0.5981321432614244,0.5575221238938053,4.736198448394496,0.0,0.0,0.0,2.0,0.0,0.0,0.0,0.0
b1584,213.0,56.773,8.0,6.0,0.5714285714285714,2.0975505833104453,177.0,33.614,1.0,1.0,0.0,2.9922202274087373,1.7435881501599038,0.6319723151226618,0.5,5.231108616854587,0.0,0.0,1.0,5.0,1.0,0.0,2.0,0.0
b1585,23.0,5.408,0.0,0.0,0.0,0.0,9.0,2.414,0.0,0.0,0.0,0.0,0.02530586526477026,0.5401710473853835,0.423728813559322,5.4680601411351315,0.0,0.0,0.0,2.0,0.0,1.0,0.0,0.0
b1586,75.0,22.375,0.0,0.0,0.0,0.0,48.0,8.267,0.0,0.0,0.0,0.0,2.2878241156667793,0.5544330344407254,0.594059405940594,4.624972813284271,0.0,0.0,0.0,2.0,0.0,0.0,0.0,0.0
b1587,204.0,67.805,17.0,9.0,0.3014705882352941,2.907853824249233,172.0,38.81,6.0,5.0,0.7333333333333333,3.111558610615232,0.2966651902615311,0.6011981960459025,0.5346534653465347,6.695798917058491,0.0,1.0,1.0,4.0,1.0,1.0,1.0,0.0
b1588,197.0,65.89,19.0,9.0,0.30409356725146197,3.247721900268085,168.0,38.96,7.0,5.0,0.7619047619047619,3.5607858391109395,0.33041377334919075,0.5672726771444551,0.5390334572490706,6.694562058521095,0.0,1.0,1.0,4.0,1.0,1.0,1.0,0.0
b1589,71.0,26.981,9.0,6.0,0.4444444444444444,2.2722134730997956,59.0,19.1,5.0,5.0,0.9,2.6418796572902,1.1705550585212086,0.6189091870316124,0.5560975609756098,5.327876168789581,0.0,1.0,0.0,3.0,0.0,0.0,0.0,0.0
b1590,261.0,63.883,6.0,6.0,0.8666666666666667,1.3522855135787408,249.0,59.753,6.0,5.0,0.8,3.102554521962888,0.30963016742589866,0.4822808051180398,0.5528169014084507,5.652489180268651,8.0,0.0,0.0,3.0,0.0,1.0,0.0,0.0
b1591,274.0,71.17,10.0,7.0,0.4888888888888889,2.014429371402748,266.0,64.072,6.0,5.0,0.8,3.102554521962888,1.245759355967277,0.5764516739272957,0.5147058823529411,5.3230099791384085,0.0,0.0,0.0,5.0,1.0,1.0,0.0,0.0
b1592,161.0,37.202,2.0,2.0,0.0,1.1217035197846497,152.0,29.94,0.0,0.0,0.0,0.0,0.0,0.4770685981289524,0.5741626794258373,6.037870919922137,10.0,0.0,0.0,3.0,0.0,1.0,0.0,0.0
b1593,216.0,54.11,6.0,6.0,0.9333333333333333,1.4384861158455722,188.0,37.018,4.0,4.0,1.0,2.652414954276727,1.9085386321719595,0.5707420868721926,0.5324675324675324,5.44673737166631,0.0,1.0,1.0,4.0,1.0,0.0,3.0,1.0
b1594,210.0,54.975,4.0,3.0,0.16666666666666666,1.3809802304119458,161.0,27.126,1.0,1.0,0.0,0.883699316797289,0.8524799936368563,0.5793264459548542,0.5640394088669951,6.008813185442595,0.0,0.0,0.0,5.0,1.0,1.0,0.0,0.0
b1595,238.0,75.32,7.0,5.0,0.23809523809523808,1.722696308146031,215.0,66.006,6.0,4.0,0.2,2.506635247133505,0.18752072083646307,0.5230598298382184,0.5151515151515151,5.697093486505405,0.0,0.0,0.0,2.0,0.0,0.0,0.0,0.0
b1596,185.0,43.628,0.0,0.0,0.0,0.0,139.0,25.401,0.0,0.0,0.0,0.0,0.34635297445063856,0.4841344782506285,0.6067146282973621,6.035481432524756,11.0,0.0,0.0,2.0,0.0,1.0,0.0,0.0
b1597,175.0,47.521,0.0,0.0,0.0,0.0,114.0,26.502,0.0,0.0,0.0,0.0,0.11394335230683679,0.4952406060416483,0.4019607843137255,4.634728988229636,0.0,0.0,0.0,4.0,0.0,0.0,0.0,0.0
b1598,311.0,83.575,6.0,5.0,0.3333333333333333,1.4150954554571529,298.0,78.464,5.0,3.0,0.3,3.0698532137920522,0.9344984512435677,0.4905958987633125,0.47985347985347987,5.6131281063880705,0.0,0.0,1.0,2.0,0.0,0.0,0.0,0.0
b1599,80.0,21.701,1.0,1.0,0.0,1.0586678963628837,43.0,6.547,1.0,1.0,0.0,2.3754623539078814,0.0,0.46091077790849994,0.5688073394495413,4.700480365792417,4.0,0.0,0.0,5.0,0.0,1.0,0.0,0.0
b1600,113.0,31.149,3.0,2.0,0.0,2.3590904995392306,63.0,9.769,2.0,1.0,0.0,4.225735974410449,0.0,0.5144059952013064,0.4628099173553719,4.804021044733257,4.0,0.0,0.0,5.0,0.0,1.0,0.0,0.0
b1601,203.0,47.552,3.0,3.0,0.3333333333333333,0.8871171451585981,156.0,28.611,0.0,0.0,0.0,0.0,-1.0555173278498313,0.5267206261223908,0.6075581395348837,5.84354441703136,8.0,0.0,0.0,4.0,0.0,1.0,0.0,0.0
b1602,86.0,25.715,9.0,9.0,1.0,1.5540175247550414,58.0,8.321,1.0,1.0,0.0,2.9922202274087373,2.6946139724708447,0.597919478155472,0.5930735930735931,6.137727054086234,9.0,0.0,1.0,4.0,0.0,1.0,2.0,1.0
b1603,135.0,41.639,11.0,9.0,0.6545454545454545,1.8167086587798504,102.0,14.061,1.0,1.0,0.0,2.9922202274087373,2.503804297090878,0.6216573931822511,0.5568627450980392,6.236369590203704,4.0,0.0,1.0,5.0,0.0,1.0,2.0,1.0
b1604,76.0,24.702,3.0,2.0,0.0,1.560290560533108,34.0,7.141,1.0,1.0,0.0,2.3754623539078814,2.8987306650710614,0.6199274080549393,0.5031847133757962,5.752572638825633,0.0,0.0,0.0,1.0,0.0,0.0,0.0,0.0
b1605,126.0,34.597,4.0,4.0,0.5,0.9137432980190673,88.0,18.001,1.0,1.0,0.0,2.3754623539078814,0.8494194137968993,0.5639028093673136,0.6086956521739131,6.133398042996649,13.0,0.0,0.0,2.0,0.0,1.0,0.0,0.0
b1606,333.0,90.062,17.0,10.0,0.33088235294117646,2.8115649773215607,258.0,48.483,2.0,1.0,0.0,4.225735974410449,0.25527250510330607,0.6095471975690296,0.5125,5.484796933490655,0.0,0.0,2.0,5.0,0.0,0.0,3.0,1.0
b1607,41.0,17.037,3.0,3.0,1.0,1.446762255726428,13.0,2.357,0.0,0.0,0.0,0.0,-0.1402614338028531,0.5025309477204503,0.5405405405405406,4.718498871295094,3.0,0.0,0.0,2.0,0.0,1.0,0.0,0.0
b1608,298.0,82.144,7.0,7.0,0.14285714285714285,1.3646599686650178,262.0,58.504,3.0,2.0,0.0,1.8862391826268416,1.6637951222194076,0.5086161421246189,0.5188284518828452,5.480638923341991,0.0,0.0,0.0,3.0,1.0,0.0,1.0,0.0
b1609,320.0,88.6,12.0,8.0,0.10606060606060606,2.159758594339351,283.0,68.532,2.0,2.0,0.0,1.5040527836318907,0.14921911265537988,0.5717973454594137,0.5519630484988453,6.073044534100405,2.0,0.0,1.0,4.0,0.0,1.0,1.0,0.0
b1610,93.0,33.011,6.0,6.0,0.8,0.9839888101370247,7.0,1.817,0.0,0.0,0.0,0.0,0.8426092396105621,0.5639379587453178,0.5436893203883495,5.736572297479192,0.0,0.0,0.0,3.0,1.0,0.0,0.0,0.0
b1611,446.0,149.159,47.0,19.0,0.3404255319148936,4.992165323234523,319.0,49.925,2.0,2.0,1.0,0.9526755120083722,2.857338528257185,0.5909637685067782,0.5867237687366167,6.148468295917647,0.0,0.0,1.0,5.0,1.0,0.0,7.0,1.0
b1612,449.0,140.304,42.0,19.0,0.4645760743321719,4.509781968804527,388.0,80.006,13.0,8.0,0.46153846153846156,4.019522547129434,2.5158870841952674,0.639381794365187,0.5456204379562044,6.3080984415095305,0.0,1.0,2.0,5.0,0.0,0.0,7.0,1.0
b1613,350.0,97.819,20.0,11.0,0.3157894736842105,3.0597810998239137,313.0,54.018,1.0,1.0,0.0,0.8601389557852014,2.5693856155080104,0.6179176241212274,0.5421994884910486,5.971261839790462,0.0,1.0,1.0,5.0,1.0,0.0,6.0,0.0
b1614,428.0,120.317,8.0,6.0,0.42857142857142855,1.7157561259260181,403.0,110.41,7.0,5.0,0.5714285714285714,3.3855234510073844,2.632467415481234,0.6108609574011699,0.5438247011952191,6.220590170099739,0.0,0.0,0.0,3.0,0.0,1.0,0.0,0.0
b1615,74.0,28.705,3.0,2.0,0.3333333333333333,1.1019166746608795,40.0,7.183,2.0,2.0,1.0,2.9922202274087373,0.08990511143939793,0.5044014093040889,0.42992874109263657,6.045005314036012,0.0,0.0,0.0,3.0,0.0,1.0,0.0,0.0
b1616,92.0,21.967,2.0,2.0,1.0,0.8642026669574926,84.0,17.268,2.0,2.0,1.0,2.9922202274087373,0.16136800223497488,0.5713705644450321,0.6148796498905909,6.126869184114185,12.0,0.0,0.0,3.0,0.0,1.0,0.0,0.0
b1617,245.0,78.902,18.0,8.0,0.20915032679738563,3.737276484138182,163.0,36.814,2.0,2.0,1.0,2.9922202274087373,1.0867156639448825,0.6533023039760472,0.5870646766169154,6.403574197934815,0.0,0.0,1.0,5.0,0.0,0.0,6.0,1.0
b1618,177.0,43.032,3.0,3.0,0.0,1.0952464245071822,135.0,26.591,0.0,0.0,0.0,0.0,0.741151598851785,0.5393479581864526,0.5663265306122449,5.2832037287379885,0.0,0.0,0.0,3.0,0.0,0.0,0.0,0.0
b1619,300.0,72.482,2.0,2.0,0.0,0.7871635116550257,256.0,45.17,0.0,0.0,0.0,0.0,2.645432094904955,0.5515189345422986,0.41568627450980394,5.545177444479562,0.0,0.0,1.0,5.0,0.0,0.0,1.0,0.0
b1620,135.0,36.978,4.0,3.0,0.0,1.382658456683726,108.0,23.526,1.0,1.0,0.0,1.856088885859429,0.46389298898590725,0.49143731771764376,0.52046783625731,5.8377304471659395,0.0,0.0,0.0,3.0,0.0,0.0,0.0,0.0
b1621,327.0,101.938,31.0,18.0,0.35268817204301073,3.846432784857876,215.0,39.772,3.0,2.0,0.0,2.186021521713512,0.6190933306267428,0.6059375986913609,0.6132075471698113,6.274762021241939,10.0,0.0,1.0,4.0,0.0,1.0,5.0,1.0
b1622,211.0,63.035,27.0,14.0,0.31339031339031337,4.039633307199501,169.0,30.941,1.0,1.0,0.0,1.0691588351183123,1.0937717814987298,0.5565556465862823,0.5461538461538461,5.968707559985366,0.0,1.0,1.0,5.0,0.0,0.0,5.0,0.0
b1623,314.0,86.337,15.0,13.0,0.7142857142857143,2.0933961574472093,277.0,50.335,0.0,0.0,0.0,0.0,2.264841425329148,0.5937880180112518,0.5225225225225225,5.811140992976701,0.0,1.0,1.0,5.0,0.0,0.0,3.0,1.0
b1624,202.0,54.298,5.0,3.0,0.1,1.859454084600932,188.0,36.76,0.0,0.0,0.0,0.0,1.8209235878813175,0.5575739684571881,0.5346820809248555,5.849324779946859,0.0,0.0,1.0,2.0,0.0,0.0,0.0,0.0
b1625,85.0,25.743,3.0,3.0,0.3333333333333333,1.0724532862687435,27.0,6.04,1.0,1.0,0.0,1.0817056774507872,1.6254153521544081,0.5844948892086956,0.5492957746478874,4.276666119016055,0.0,0.0,0.0,5.0,0.0,0.0,0.0,0.0
b1626,208.0,53.127,4.0,3.0,0.16666666666666666,1.2391111127011065,176.0,29.327,3.0,2.0,0.3333333333333333,2.233090006250204,-1.2441251443275085,0.42667839499182547,0.5342465753424658,4.990432586778736,4.0,0.0,0.0,2.0,0.0,1.0,0.0,0.0
b1627,123.0,35.551,9.0,6.0,0.6944444444444444,2.1808277716275626,96.0,24.81,8.0,6.0,0.7142857142857143,4.035647053687621,-1.5086383061657274,0.5587313333352,0.6373056994818653,5.267858159063328,6.0,0.0,1.0,4.0,0.0,1.0,0.0,0.0
b1628,184.0,49.346,10.0,6.0,0.5333333333333333,2.675585217317432,163.0,39.442,8.0,6.0,0.6428571428571429,4.106564906089335,-0.016824927962187056,0.5920529931755947,0.578125,5.262690188904886,0.0,1.0,1.0,4.0,0.0,1.0,0.0,0.0
b1629,180.0,46.882,10.0,6.0,0.6222222222222222,2.3573265541173276,149.0,34.662,7.0,6.0,0.9047619047619048,3.4166480460584245,0.9680157139936417,0.552838590619879,0.5148648648648648,6.608000625296087,0.0,1.0,1.0,4.0,0.0,1.0,0.0,0.0
b1630,100.0,28.814,9.0,6.0,0.75,2.1607438400123,66.0,18.609,8.0,6.0,0.75,3.9249584558864696,-0.16178077809237415,0.5074186957955562,0.5681818181818182,5.8664680569332965,10.0,1.0,1.0,4.0,0.0,1.0,0.0,0.0
b1631,138.0,35.671,10.0,6.0,0.6222222222222222,2.3573265541173276,106.0,26.088,8.0,6.0,0.75,3.9249584558864696,0.8981764834976765,0.5661863048418407,0.5194174757281553,5.332718793265369,1.0,1.0,1.0,4.0,0.0,1.0,0.0,0.0
b1632,107.0,30.415,8.0,6.0,0.8571428571428571,1.9184977881885785,72.0,19.335,7.0,6.0,0.9047619047619048,3.4166480460584245,-0.07935499859321243,0.5287754994232936,0.5714285714285714,5.44673737166631,6.0,0.0,1.0,3.0,0.0,1.0,0.0,0.0
b1633,400.0,103.288,15.0,7.0,0.2857142857142857,3.0587490332238665,370.0,72.137,6.0,6.0,1.0,2.9776822590331045,0.5786392099680723,0.576622435192771,0.5213270142180095,5.356586274672012,0.0,1.0,1.0,5.0,0.0,0.0,1.0,0.0
b1634,178.0,42.598,2.0,2.0,0.0,0.8094659723451629,118.0,21.265,1.0,1.0,0.0,2.9922202274087373,1.245759355967277,0.6067476939725606,0.588,6.2166061010848646,14.0,0.0,0.0,4.0,0.0,1.0,0.0,0.0
b1635,336.0,85.654,11.0,9.0,0.5818181818181818,2.2045610974760255,246.0,42.221,1.0,1.0,0.0,2.9922202274087373,2.86570197669432,0.5727532680112355,0.5671641791044776,5.308267697401205,0.0,0.0,1.0,5.0,1.0,0.0,2.0,0.0
b1636,171.0,39.714,5.0,4.0,0.6,1.49745373514109,143.0,26.627,0.0,0.0,0.0,0.0,1.7251763014191372,0.6362327226704179,0.5435540069686411,5.662960480135946,0.0,1.0,1.0,5.0,0.0,0.0,3.0,0.0
b1637,495.0,139.669,24.0,18.0,0.6920289855072463,2.3386103843404933,470.0,99.273,2.0,2.0,0.0,1.206297819553662,2.6374997361825243,0.665089191559001,0.5966981132075472,6.052089168924417,0.0,0.0,1.0,5.0,1.0,0.0,1.0,1.0
b1638,221.0,58.072,8.0,5.0,0.32142857142857145,1.8121479352867613,197.0,34.035,1.0,1.0,0.0,0.7423341060362317,2.4713063829219797,0.6310933579334985,0.5458715596330275,5.389071729816501,0.0,1.0,1.0,5.0,0.0,0.0,4.0,0.0
b1639,58.0,16.096,3.0,2.0,0.0,1.851143836931381,27.0,5.057,1.0,1.0,0.0,1.458303682660616,1.0902580529313164,0.6345862637917743,0.5321100917431193,4.700480365792417,0.0,0.0,0.0,4.0,0.0,1.0,0.0,0.0
b1640,144.0,40.896,7.0,6.0,0.47619047619047616,1.9397083915978228,109.0,22.318,2.0,1.0,0.0,2.3682055762163925,1.4363217001397333,0.5246217596906231,0.5149051490514905,5.91350300563827,0.0,0.0,1.0,4.0,0.0,0.0,3.0,0.0
b1641,290.0,73.993,4.0,4.0,0.3333333333333333,0.8470296178446258,262.0,56.064,0.0,0.0,0.0,0.0,3.07335537039913,0.5649128898705519,0.43870967741935485,5.049856007249537,0.0,0.0,0.0,2.0,0.0,1.0,0.0,0.0
b1642,288.0,75.679,7.0,5.0,0.09523809523809523,1.7235353560265398,236.0,38.456,1.0,1.0,0.0,1.267778192569171,2.68575069303535,0.5092923223176716,0.4791666666666667,4.976733742420574,0.0,0.0,0.0,4.0,0.0,0.0,0.0,0.0
b1643,33.0,11.645,4.0,3.0,0.16666666666666666,1.7608309300297105,20.0,5.712,2.0,2.0,1.0,2.9922202274087373,0.3747483460101038,0.4777224252954021,0.5769230769230769,4.3694478524670215,2.0,0.0,0.0,1.0,0.0,1.0,0.0,0.0
b1644,173.0,41.878,3.0,3.0,0.3333333333333333,1.3070914694715126,167.0,39.608,2.0,2.0,1.0,2.9922202274087373,0.31175386105575426,0.5614830435946829,0.5087719298245614,5.655991810819852,1.0,0.0,0.0,2.0,0.0,1.0,0.0,0.0
b1645,337.0,86.579,4.0,3.0,0.3333333333333333,1.8224937836715431,325.0,82.758,2.0,2.0,1.0,2.9922202274087373,0.01703333929878037,0.49844037518039586,0.5537313432835821,6.508769136971682,10.0,0.0,0.0,2.0,0.0,1.0,0.0,0.0
b1646,367.0,107.741,13.0,10.0,0.38461538461538464,2.2504320408580756,286.0,58.94,1.0,1.0,0.0,0.726631380521669,2.2041471252128475,0.5721209948982375,0.47398843930635837,5.159055299214529,0.0,1.0,1.0,5.0,0.0,0.0,1.0,0.0
b1647,152.0,42.442,1.0,1.0,0.0,0.8949076070200327,123.0,24.707,0.0,0.0,0.0,0.0,2.5327671147143183,0.6274751631189465,0.5369127516778524,5.700443573390687,0.0,0.0,1.0,3.0,0.0,0.0,0.0,0.0
b1648,269.0,65.941,2.0,2.0,0.0,0.9140942951846985,210.0,46.76,1.0,1.0,0.0,1.4230303791387116,0.42975228000240795,0.5864001862764219,0.5063291139240507,4.382026634673881,0.0,0.0,0.0,1.0,0.0,0.0,0.0,0.0
b1649,244.0,58.033,4.0,4.0,0.3333333333333333,1.2677532119796102,200.0,39.97,1.0,1.0,0.0,2.9922202274087373,0.19865708695442263,0.6118983707684946,0.5477386934673367,5.298317366548036,0.0,0.0,0.0,5.0,0.0,0.0,0.0,0.0
b1650,241.0,61.122,4.0,4.0,0.3333333333333333,1.2762288271438433,231.0,51.753,1.0,1.0,0.0,2.9922202274087373,1.5564231213712854,0.6233492886946366,0.4767123287671233,5.902633333401366,0.0,1.0,1.0,5.0,0.0,0.0,2.0,0.0
b1651,309.0,86.545,18.0,11.0,0.477124183006536,3.0610001176508286,267.0,49.491,0.0,0.0,0.0,0.0,2.44092481708748,0.73151700846289,0.5555555555555556,4.912654885736052,0.0,1.0,1.0,5.0,0.0,0.0,2.0,0.0
b1652,348.0,97.45,18.0,10.0,0.24183006535947713,2.9710950265137055,321.0,71.419,3.0,3.0,0.3333333333333333,1.7416190938789229,1.16761267272753,0.6021826282616345,0.5813953488372093,5.375278407684165,0.0,1.0,1.0,5.0,0.0,0.0,0.0,0.0
b1653,185.0,42.534,1.0,1.0,0.0,0.5146468734261451,144.0,28.961,0.0,0.0,0.0,0.0,0.15228834438305647,0.5134820718918736,0.55851755526658,7.338888133838879,0.0,1.0,3.0,5.0,0.0,0.0,0.0,0.0
b1654,268.0,76.284,11.0,7.0,0.2,2.2073691808456495,221.0,49.149,3.0,2.0,0.0,2.8853616225710343,3.0195358364663027,0.7160102767473507,0.5826086956521739,4.7535901911063645,0.0,0.0,0.0,5.0,1.0,0.0,0.0,0.0
b1655,137.0,36.025,6.0,6.0,0.6,1.1846060777751983,127.0,24.623,0.0,0.0,0.0,0.0,-0.27083521030722996,0.5999555424298876,0.47601476014760147,5.605802066295998,0.0,0.0,1.0,4.0,0.0,0.0,0.0,0.0
b1656,519.0,163.099,18.0,11.0,0.23529411764705882,3.0582997519284203,447.0,57.58,1.0,1.0,0.0,0.6772189310325127,3.131301006448894,0.6542154149159801,0.5284974093264249,5.267858159063328,0.0,1.0,1.0,5.0,0.0,0.0,1.0,0.0
b1657,101.0,24.764,2.0,2.0,0.0,0.9260723505164565,76.0,15.488,0.0,0.0,0.0,0.0,1.2229764498933913,0.5126564034769667,0.5604113110539846,5.966146739123692,12.0,0.0,0.0,2.0,0.0,1.0,0.0,0.0
b1658,380.0,110.835,7.0,7.0,0.19047619047619047,1.1330115690603737,315.0,65.166,3.0,3.0,0.6666666666666666,1.0350785860133098,2.4785809237422773,0.6463667180499945,0.5982404692082112,5.834810737062605,0.0,0.0,0.0,5.0,0.0,0.0,0.0,0.0
b1659,203.0,49.896,2.0,1.0,0.0,1.572701380305739,176.0,38.953,1.0,1.0,0.0,2.9922202274087373,0.12057393120584989,0.5175311864363572,0.5516129032258065,5.739792912179234,0.0,0.0,0.0,3.0,1.0,0.0,0.0,0.0
b1660,148.0,35.237,1.0,1.0,0.0,1.053650389526523,118.0,23.279,1.0,1.0,0.0,2.9922202274087373,-0.02826040911222171,0.5523240055829116,0.56575682382134,6.0014148779611505,12.0,0.0,0.0,5.0,0.0,1.0,0.0,0.0
b1661,210.0,54.361,0.0,0.0,0.0,0.0,195.0,43.095,0.0,0.0,0.0,0.0,1.965718970244221,0.6032165131623728,0.5078534031413613,5.948034989180646,0.0,0.0,1.0,5.0,1.0,0.0,0.0,0.0
b1662,258.0,66.568,11.0,9.0,0.509090909090909,1.863084607868581,230.0,45.754,5.0,4.0,0.6,2.5340277191532246,2.499700825897211,0.6175982615377512,0.49765258215962443,5.365976015021851,0.0,0.0,1.0,4.0,0.0,0.0,4.0,1.0
b1663,263.0,76.139,18.0,11.0,0.35947712418300654,3.461468603095485,206.0,34.647,0.0,0.0,0.0,0.0,1.346548558548474,0.576121119749099,0.5733041575492341,6.126869184114185,12.0,0.0,0.0,5.0,0.0,1.0,0.0,0.0
b1664,40.0,11.785,0.0,0.0,0.0,0.0,9.0,0.593,0.0,0.0,0.0,0.0,0.9818186071706636,0.5254661262831819,0.5,6.037870919922137,0.0,0.0,0.0,2.0,0.0,0.0,0.0,0.0
b1665,0.0,0.0,0.0,0.0,0.0,0.0,0.0,0.0,0.0,0.0,0.0,0.0,0.0,0.0,0.0,0.0,0.0,0.0,0.0,0.0,0.0,0.0,1.0,1.0
b1666,0.0,0.0,0.0,0.0,0.0,0.0,0.0,0.0,0.0,0.0,0.0,0.0,0.0,0.0,0.0,0.0,0.0,0.0,0.0,0.0,0.0,0.0,1.0,1.0
b1667,157.0,34.113,1.0,1.0,0.0,0.7482414693115431,151.0,28.845,0.0,0.0,0.0,0.0,2.850039391749301,0.4915067255414697,0.40594059405940597,4.624972813284271,0.0,0.0,1.0,3.0,0.0,0.0,0.0,0.0
b1668,285.0,74.834,5.0,4.0,0.1,1.6921976191656953,265.0,66.8,2.0,2.0,0.0,1.511013426958904,1.4347285417797577,0.4996747978661832,0.45880149812734083,6.282266746896006,0.0,0.0,0.0,1.0,0.0,0.0,0.0,0.0
b1669,66.0,21.782,4.0,4.0,0.5,1.2809420835366176,43.0,7.335,3.0,3.0,1.0,2.0250601600637554,-0.4854522473397139,0.5376903351348152,0.5,5.602118820879701,0.0,0.0,0.0,1.0,0.0,0.0,0.0,0.0
b1670,265.0,69.892,10.0,6.0,0.4,2.231267685313378,235.0,58.155,4.0,3.0,0.8333333333333334,2.5717492880610635,0.0,0.5096809792782376,0.5363984674329502,5.568344503761097,5.0,1.0,0.0,2.0,0.0,1.0,3.0,0.0
b1671,82.0,28.528,7.0,4.0,0.3333333333333333,1.986447520345112,74.0,20.037,5.0,3.0,0.7,3.0197132516740566,0.5921767573958667,0.5609310807370604,0.5225225225225225,5.407171771460119,0.0,0.0,0.0,2.0,0.0,0.0,0.0,0.0
b1672,27.0,10.529,5.0,4.0,0.7,1.5919118720514198,14.0,5.387,5.0,3.0,0.7,3.0197132516740566,-1.136677139879544,0.5339258498897503,0.6,5.375278407684165,0.0,0.0,0.0,1.0,0.0,0.0,0.0,0.0
b1673,229.0,62.276,4.0,4.0,0.8333333333333334,1.3106725441341425,197.0,46.13,4.0,3.0,0.8333333333333334,2.4397984324575446,0.7596678446896304,0.5821403269362682,0.4928571428571429,6.55250788703459,0.0,1.0,1.0,4.0,0.0,0.0,0.0,0.0
b1674,123.0,38.109,7.0,4.0,0.19047619047619047,1.896988196414397,94.0,24.779,5.0,3.0,0.3,2.4364465694800077,-0.9100948885606021,0.581068399024579,0.5144230769230769,5.342334251964811,0.0,0.0,0.0,2.0,0.0,0.0,0.0,0.0
b1675,57.0,31.364,22.0,19.0,0.6493506493506493,2.629745784179199,2.0,0.09,0.0,0.0,0.0,0.0,1.66661156841903,0.5688592408567181,0.463768115942029,4.248495242049359,0.0,0.0,1.0,3.0,0.0,0.0,6.0,1.0
b1676,516.0,198.466,104.0,32.0,0.23469006721433905,9.532732128625502,444.0,88.463,8.0,5.0,0.5357142857142857,2.7108780340760266,3.302765871288721,0.6419401664052939,0.5297872340425532,6.154858094016418,0.0,1.0,1.0,5.0,0.0,0.0,7.0,1.0
b1677,222.0,72.822,15.0,11.0,0.2857142857142857,2.4342227850074227,100.0,14.546,0.0,0.0,0.0,0.0,3.908163736618698,0.5359778508520804,0.5384615384615384,4.3694478524670215,0.0,0.0,0.0,5.0,0.0,1.0,0.0,0.0
b1678,282.0,79.527,7.0,6.0,0.47619047619047616,1.4644996238180215,257.0,64.803,1.0,1.0,0.0,0.7229841354809667,2.1139767582898465,0.49776024564326243,0.47904191616766467,5.814130531825066,0.0,0.0,1.0,4.0,0.0,0.0,1.0,0.0
b1679,128.0,39.949,6.0,6.0,0.8666666666666667,1.4216598830823224,96.0,23.552,6.0,5.0,0.8666666666666667,2.740825801254093,1.1934029030624176,0.6264420499083031,0.5217391304347826,4.9344739331306915,0.0,0.0,0.0,5.0,1.0,0.0,0.0,0.0
b1680,144.0,43.433,10.0,8.0,0.4222222222222222,1.9765450144714232,134.0,28.373,7.0,5.0,0.6666666666666666,3.2352378722801802,2.0899404184986348,0.5937458153402347,0.6133004926108374,6.008813185442595,0.0,1.0,3.0,5.0,1.0,0.0,2.0,0.0
b1681,139.0,42.303,11.0,8.0,0.6363636363636364,2.231798042245407,110.0,23.455,7.0,5.0,0.8571428571428571,3.095939232912388,1.5039268041935103,0.6128196832329535,0.5910165484633569,6.049733455231958,0.0,0.0,0.0,3.0,0.0,0.0,0.0,0.0
b1682,169.0,50.911,10.0,8.0,0.6888888888888889,2.074318179817074,136.0,28.611,7.0,5.0,0.8571428571428571,3.095939232912388,2.17900570756482,0.565156666298965,0.5766129032258065,5.517452896464707,0.0,0.0,0.0,5.0,1.0,0.0,0.0,0.0
b1683,130.0,43.393,15.0,8.0,0.44761904761904764,2.8908459248639486,94.0,21.466,7.0,5.0,0.8571428571428571,3.095939232912388,1.4787107555127594,0.636031062573259,0.593939393939394,6.206575926724928,0.0,0.0,0.0,4.0,0.0,0.0,0.0,0.0
b1684,193.0,56.579,10.0,8.0,0.6,2.0002405312971834,166.0,40.23,8.0,5.0,0.6071428571428571,3.440428244553733,1.7316693318286362,0.6244154647560783,0.5901639344262295,4.812184355372417,0.0,0.0,0.0,5.0,0.0,0.0,0.0,0.0
b1685,40.0,13.292,1.0,1.0,0.0,0.630638490202724,12.0,1.95,0.0,0.0,0.0,0.0,2.4727710717808726,0.5269250126264275,0.3709677419354839,4.143134726391533,0.0,0.0,0.0,1.0,0.0,0.0,0.0,0.0
b1686,110.0,34.213,15.0,8.0,0.2761904761904762,2.997001602271628,89.0,17.837,2.0,1.0,0.0,2.4175180689421927,1.7649975992848805,0.48648821778246276,0.5294117647058824,4.919980925828125,0.0,0.0,1.0,5.0,0.0,0.0,4.0,1.0
b1687,535.0,132.336,5.0,3.0,0.0,1.4952970556408636,503.0,89.75,1.0,1.0,0.0,1.479445238033257,1.9159799141402245,0.5931156172779961,0.5854616895874263,6.926577033222725,0.0,1.0,1.0,5.0,0.0,0.0,3.0,0.0
b1688,216.0,50.594,2.0,2.0,0.0,0.7245221015400617,199.0,40.444,0.0,0.0,0.0,0.0,0.21484384804769785,0.5533204732537033,0.6243243243243243,5.916202062607435,9.0,0.0,0.0,2.0,0.0,1.0,0.0,0.0
b1689,48.0,15.549,2.0,2.0,0.0,0.9263683874689034,20.0,4.149,0.0,0.0,0.0,0.0,0.29885307640970665,0.533615743014757,0.4745762711864407,4.77912349311153,0.0,0.0,0.0,1.0,0.0,0.0,0.0,0.0
b1690,156.0,39.392,4.0,3.0,0.16666666666666666,1.2108093670242406,134.0,29.5,2.0,2.0,1.0,1.4245419752664423,0.0,0.49308989599979985,0.46782178217821785,6.003887067106539,11.0,0.0,0.0,2.0,0.0,1.0,0.0,0.0
b1691,168.0,39.283,3.0,2.0,0.3333333333333333,1.038309843401686,151.0,34.264,2.0,2.0,1.0,1.4245419752664423,0.829946695941636,0.5238904955571846,0.5201900237529691,6.045005314036012,12.0,0.0,0.0,2.0,0.0,1.0,0.0,0.0
b1692,295.0,82.344,18.0,13.0,0.6013071895424836,2.789043966288691,258.0,50.376,8.0,5.0,0.42857142857142855,4.1340660037024595,-0.1549019599857432,0.5343385778016888,0.5,5.666426688112432,0.0,0.0,1.0,5.0,0.0,0.0,3.0,0.0
b1693,150.0,47.368,16.0,13.0,0.6,2.59078570679986,103.0,22.273,4.0,2.0,0.5,2.518177786579331,1.9405662864900903,0.6038881413825616,0.5396825396825397,5.53338948872752,0.0,0.0,1.0,5.0,0.0,0.0,4.0,0.0
b1694,120.0,36.142,9.0,8.0,0.5555555555555556,1.788945473051244,94.0,20.537,1.0,1.0,0.0,0.7969582574096659,0.401400540781544,0.5738495984532667,0.4463276836158192,6.2766434893416445,0.0,0.0,2.0,3.0,0.0,0.0,4.0,0.0
b1695,186.0,60.554,20.0,11.0,0.2578947368421053,3.329444592102216,161.0,41.947,15.0,5.0,0.2,6.143744965645508,0.00860017176191757,0.6815238850281028,0.5900783289817232,5.950642552587727,0.0,1.0,1.0,2.0,0.0,0.0,0.0,0.0
b1696,383.0,99.598,5.0,5.0,0.4,1.191686145559773,358.0,82.643,6.0,3.0,0.26666666666666666,3.958195513885054,-0.18775530319963077,0.5529620283735035,0.39603960396039606,5.717027701406222,0.0,0.0,0.0,2.0,0.0,0.0,0.0,0.0
b1697,158.0,51.65,14.0,7.0,0.45054945054945056,3.014660833034242,135.0,37.501,10.0,5.0,0.5111111111111111,4.194710627158189,0.3443922736851107,0.5859295283966331,0.5433070866141733,5.541263545158426,0.0,0.0,0.0,2.0,0.0,0.0,0.0,0.0
b1698,146.0,47.165,13.0,7.0,0.44871794871794873,2.839771035683121,144.0,41.216,7.0,5.0,0.6666666666666666,2.985525667954144,-1.5086383061657274,0.6171257937031079,0.5608974358974359,5.746203190540153,0.0,0.0,0.0,2.0,0.0,0.0,0.0,0.0
b1699,71.0,24.565,9.0,7.0,0.4444444444444444,2.149225273111925,60.0,18.451,7.0,5.0,0.5238095238095238,3.1416886566030366,-1.3665315444204134,0.572802343701797,0.5827505827505828,6.063785208687608,0.0,1.0,1.0,2.0,0.0,0.0,0.0,0.0
b1700,73.0,23.969,8.0,7.0,0.75,1.9446071832742524,68.0,20.039,8.0,5.0,0.5357142857142857,3.50862565479453,0.0,0.6220432121280154,0.5360824742268041,4.584967478670572,0.0,0.0,0.0,2.0,0.0,0.0,0.0,0.0
b1701,328.0,90.934,8.0,7.0,0.2857142857142857,1.7970772991123884,251.0,48.513,2.0,2.0,0.0,1.0318874139714576,0.2648178230095365,0.5530417546148565,0.4876325088339223,6.340359303727752,0.0,1.0,1.0,5.0,0.0,1.0,0.0,0.0
b1702,359.0,136.308,66.0,19.0,0.2923076923076923,7.175286649531823,297.0,42.352,1.0,1.0,0.0,1.2056972023732646,2.7930985935901904,0.6499271059043311,0.6224747474747475,6.675823221634848,0.0,1.0,1.0,5.0,0.0,0.0,8.0,1.0
b1703,160.0,37.431,4.0,4.0,0.0,0.9789365563514193,133.0,25.636,2.0,1.0,0.0,1.777052021329451,1.8675264111997434,0.5906155071620627,0.5703971119133574,5.627621113690637,0.0,0.0,2.0,4.0,0.0,0.0,0.0,0.0
b1704,100.0,38.162,18.0,13.0,0.673202614379085,2.4944588719873364,68.0,9.605,0.0,0.0,0.0,0.0,1.8370199485409084,0.5952859503619952,0.5660919540229885,5.855071922202427,0.0,0.0,1.0,4.0,1.0,0.0,5.0,0.0
b1705,59.0,22.84,5.0,4.0,0.3,1.3222864588814,42.0,12.444,0.0,0.0,0.0,0.0,1.1338581252033346,0.5581636527421738,0.5396825396825397,4.1588830833596715,0.0,0.0,0.0,2.0,0.0,0.0,0.0,0.0
b1706,139.0,32.726,1.0,1.0,0.0,0.5679741644744801,110.0,20.826,0.0,0.0,0.0,0.0,0.9863237770507653,0.5291386812123066,0.5334728033472803,6.171700597410915,0.0,1.0,2.0,5.0,0.0,0.0,0.0,0.0
b1707,94.0,34.847,3.0,3.0,0.3333333333333333,0.6806096977070616,44.0,7.331,0.0,0.0,0.0,0.0,-1.2676062401770316,0.49667040690489433,0.43037974683544306,5.472270673671475,0.0,0.0,0.0,3.0,0.0,0.0,0.0,0.0
b1708,165.0,46.434,3.0,2.0,0.3333333333333333,1.4323855782739903,134.0,25.912,0.0,0.0,0.0,0.0,0.27415784926367986,0.5351485171810423,0.525974025974026,5.043425116919247,0.0,0.0,1.0,3.0,0.0,1.0,0.0,0.0
b1709,377.0,161.998,42.0,32.0,0.6016260162601627,4.687516705280361,232.0,51.467,2.0,1.0,0.0,1.9748663440962442,0.44247976906444847,0.5318186738200572,0.5582329317269076,5.521460917862246,0.0,0.0,1.0,5.0,0.0,1.0,1.0,0.0
b1710,289.0,80.932,15.0,10.0,0.37142857142857144,2.4359966598622793,240.0,38.274,1.0,1.0,0.0,1.2920419220416985,2.734007299277788,0.6519546304177216,0.5683060109289617,5.214935757608986,0.0,0.0,2.0,5.0,0.0,0.0,2.0,0.0
b1711,234.0,131.055,39.0,32.0,0.7071524966261808,4.258245847882062,78.0,16.213,5.0,4.0,0.4,2.533013868175792,0.0,0.4382847800919341,0.5766871165644172,5.7899601708972535,10.0,0.0,0.0,5.0,0.0,1.0,1.0,0.0
b1712,338.0,94.774,15.0,9.0,0.14285714285714285,2.3272161320662397,285.0,61.32,8.0,5.0,0.03571428571428571,3.156257075253083,3.452094782540737,0.5242736036171366,0.5252525252525253,4.605170185988092,0.0,0.0,0.0,5.0,1.0,0.0,0.0,0.0
b1713,987.0,308.468,54.0,28.0,0.34591194968553457,4.4668834691447,947.0,241.932,22.0,9.0,0.14285714285714285,5.805357198341608,2.740370585685768,0.6740117668821172,0.5710691823899371,6.679599185844383,0.0,1.0,1.0,5.0,1.0,0.0,1.0,1.0
b1714,522.0,175.089,25.0,18.0,0.43666666666666665,2.4765348771665248,497.0,131.683,8.0,6.0,0.35714285714285715,1.9261351468831562,2.780324514310646,0.6756284796982451,0.599388379204893,5.793013608384144,0.0,1.0,1.0,5.0,1.0,0.0,1.0,1.0
b1715,91.0,27.191,2.0,2.0,1.0,0.7535648092216063,61.0,14.908,0.0,0.0,0.0,0.0,0.0,0.0,0.0,2.70805020110221,0.0,0.0,0.0,1.0,0.0,0.0,0.0,0.0
b1716,412.0,192.83,113.0,61.0,0.6619785082174463,6.983062800350057,382.0,135.804,69.0,51.0,0.7037510656436488,7.405977052718434,3.5622940543027406,0.5709579234079893,0.423728813559322,4.77912349311153,0.0,0.0,0.0,5.0,0.0,0.0,1.0,1.0
b1717,329.0,157.57,103.0,61.0,0.7342470968970113,6.3000459731069505,304.0,111.816,63.0,51.0,0.8417818740399385,6.016412263093429,2.716011695371454,0.7004103944247392,0.5384615384615384,4.189654742026425,0.0,0.0,0.0,4.0,0.0,0.0,1.0,1.0
b1718,405.0,156.998,68.0,59.0,0.8933274802458296,4.176081652729488,383.0,125.633,57.0,51.0,0.9241854636591479,5.238670482228553,3.086719220805681,0.6000403902922096,0.5166666666666667,5.198497031265826,0.0,0.0,0.0,5.0,1.0,0.0,0.0,0.0
b1719,497.0,174.251,61.0,37.0,0.44699453551912566,4.691364773468141,468.0,100.921,7.0,6.0,0.2857142857142857,1.7068710726009315,2.8254326094155973,0.6282098409597612,0.5420560747663551,6.466144724237619,0.0,1.0,1.0,5.0,1.0,0.0,1.0,1.0
b1722,301.0,72.288,0.0,0.0,0.0,0.0,273.0,63.521,0.0,0.0,0.0,0.0,-0.045757490560675115,0.5297338387223417,0.4880952380952381,5.53338948872752,0.0,0.0,0.0,1.0,0.0,0.0,0.0,0.0
b1723,329.0,121.354,43.0,13.0,0.22369878183831673,6.486601356909256,280.0,73.514,14.0,5.0,0.21978021978021978,5.451882950813716,2.336479746957996,0.5523033047662018,0.5275080906148867,5.736572297479192,0.0,1.0,1.0,5.0,0.0,0.0,10.0,1.0
b1724,151.0,63.794,27.0,12.0,0.4757834757834758,4.573828742869733,134.0,53.667,25.0,11.0,0.48333333333333334,7.457725659152673,1.9335379019717047,0.5369851814067812,0.46875,4.574710978503383,0.0,0.0,0.0,1.0,0.0,0.0,0.0,0.0
b1725,260.0,68.037,7.0,6.0,0.23809523809523808,1.5894648822692734,242.0,59.776,5.0,4.0,0.4,2.424916035761244,2.2878241156667793,0.5323411224399398,0.4965034965034965,5.659482215759621,0.0,0.0,1.0,2.0,0.0,0.0,0.0,0.0
b1726,49.0,14.847,0.0,0.0,0.0,0.0,9.0,1.715,0.0,0.0,0.0,0.0,1.2579184503140586,0.5396216868131911,0.5056179775280899,5.187385805840755,3.0,0.0,0.0,1.0,0.0,1.0,0.0,0.0
b1727,125.0,35.016,10.0,6.0,0.26666666666666666,2.5416994998221356,110.0,22.289,2.0,2.0,0.0,1.4282677932080683,2.120606831056773,0.5015749007054129,0.4864864864864865,5.407171771460119,0.0,1.0,4.0,5.0,0.0,0.0,2.0,0.0
b1728,310.0,81.334,3.0,3.0,0.0,0.8933672208610681,275.0,62.986,1.0,1.0,0.0,0.7081967473371941,0.0,0.4849676229857515,0.5561224489795918,5.2832037287379885,4.0,0.0,0.0,2.0,0.0,1.0,0.0,0.0
b1729,160.0,46.634,15.0,11.0,0.4857142857142857,2.407596418322431,116.0,27.551,11.0,10.0,0.8181818181818182,3.357924145930777,2.004364371107751,0.5973492505357847,0.5680345572354212,6.139884552226255,9.0,0.0,0.0,5.0,0.0,1.0,0.0,0.0
b1730,33.0,14.046,4.0,3.0,0.16666666666666666,1.554437116467151,19.0,3.545,0.0,0.0,0.0,0.0,0.0,0.45746723152327595,0.3146067415730337,5.5909869805108565,0.0,0.0,0.0,1.0,0.0,0.0,0.0,0.0
b1731,55.0,17.52,1.0,1.0,0.0,0.7067605945124342,8.0,1.346,0.0,0.0,0.0,0.0,0.9222062774390164,0.654169773450579,0.5375,4.394449154672439,0.0,0.0,0.0,3.0,0.0,0.0,0.0,0.0
b1732,448.0,136.463,30.0,12.0,0.20689655172413793,4.717624242301978,374.0,69.092,9.0,7.0,0.3888888888888889,3.8003024777414254,2.7846244238466076,0.6050881588684145,0.5298804780876494,6.625392368007956,0.0,1.0,1.0,5.0,1.0,0.0,6.0,0.0
b1733,179.0,44.332,6.0,6.0,0.9333333333333333,1.3181475959035263,157.0,35.033,5.0,5.0,1.0,2.434621443042282,-0.11238269966426384,0.5397156464592068,0.5461847389558233,5.521460917862246,0.0,1.0,1.0,5.0,1.0,0.0,0.0,0.0
b1734,154.0,49.06,17.0,10.0,0.47058823529411764,2.81441647871854,130.0,31.078,5.0,5.0,1.0,2.4346214430422815,-0.03763066432997889,0.6205634808697528,0.49777777777777776,6.111467339502679,0.0,1.0,1.0,5.0,0.0,0.0,2.0,1.0
b1735,331.0,86.503,10.0,6.0,0.26666666666666666,2.097500350162803,307.0,68.218,6.0,5.0,0.6666666666666666,2.986354550103796,0.714329759745233,0.6233263570183072,0.4714285714285714,5.638354669333745,0.0,0.0,0.0,3.0,0.0,0.0,0.0,0.0
b1736,156.0,51.241,13.0,9.0,0.5897435897435898,2.3977216057186213,128.0,35.799,8.0,5.0,0.5714285714285714,3.7367598627631287,0.40312052117581787,0.6235438148298598,0.5517241379310345,4.762173934797756,0.0,1.0,0.0,5.0,1.0,0.0,2.0,0.0
b1737,242.0,72.96,16.0,10.0,0.38333333333333336,2.8422878498237547,200.0,48.419,8.0,5.0,0.42857142857142855,3.332832043722103,1.5341530741850626,0.5628121267165563,0.5464601769911505,6.115892125483034,10.0,0.0,0.0,4.0,0.0,1.0,2.0,0.0
b1738,177.0,55.607,11.0,9.0,0.7090909090909091,2.0526191909221323,155.0,43.633,9.0,5.0,0.4722222222222222,4.204990678709224,2.0899404184986348,0.5233723182077374,0.4056603773584906,4.672828834461906,0.0,0.0,1.0,5.0,1.0,0.0,2.0,0.0
b1739,187.0,62.486,11.0,8.0,0.6181818181818182,2.3164377877549267,156.0,41.908,8.0,7.0,0.75,2.6380827597844596,3.034632466712826,0.5963053459543314,0.49107142857142855,4.727387818712341,0.0,0.0,0.0,2.0,0.0,1.0,0.0,0.0
b1740,365.0,98.539,20.0,11.0,0.3684210526315789,3.3704425188293743,328.0,58.63,6.0,3.0,0.13333333333333333,3.7758246164812435,2.7481957821955634,0.6177896784115064,0.5018181818181818,5.62040086571715,0.0,0.0,1.0,5.0,0.0,0.0,3.0,1.0
b1741,324.0,81.511,6.0,5.0,0.3333333333333333,1.27106896233074,299.0,56.628,3.0,3.0,0.3333333333333333,2.460356407650805,-0.721246399047171,0.5332124021442123,0.488135593220339,5.69035945432406,0.0,0.0,1.0,4.0,0.0,0.0,0.0,0.0
b1742,213.0,50.322,0.0,0.0,0.0,0.0,205.0,47.99,1.0,1.0,0.0,0.5835457611439254,-0.8181564120552275,0.5673744405919999,0.5916230366492147,5.2574953720277815,0.0,0.0,0.0,2.0,0.0,0.0,0.0,0.0
b1743,502.0,152.368,22.0,11.0,0.1774891774891775,4.141243089258165,454.0,124.947,15.0,6.0,0.24761904761904763,6.372773734773361,2.558720567452599,0.6415724282666113,0.5652173913043478,5.087596335232384,0.0,0.0,0.0,5.0,0.0,0.0,0.0,0.0
b1744,277.0,70.569,14.0,10.0,0.5604395604395604,2.1712748337524745,255.0,56.68,4.0,4.0,1.0,2.257927046587924,0.07188200730612536,0.5371253240100348,0.5403726708074534,5.777652323222656,0.0,1.0,1.0,3.0,0.0,0.0,2.0,0.0
b1745,176.0,41.463,4.0,4.0,1.0,0.9816525665091257,155.0,33.227,4.0,4.0,1.0,2.257927046587924,0.3138672203691533,0.5840582299141576,0.5950782997762863,6.104793232414985,0.0,0.0,1.0,5.0,0.0,0.0,2.0,0.0
b1746,318.0,87.227,11.0,8.0,0.23636363636363636,1.876414026809658,288.0,48.809,4.0,4.0,1.0,2.257927046587924,1.1109262422664203,0.5488371608745468,0.6036585365853658,6.20050917404269,0.0,0.0,1.0,5.0,0.0,0.0,2.0,0.0
b1747,203.0,53.223,7.0,6.0,0.47619047619047616,1.4791257526984245,180.0,42.53,4.0,4.0,1.0,2.257927046587924,0.21218760440395784,0.5942081817593625,0.6453488372093024,5.84354441703136,0.0,0.0,1.0,3.0,0.0,0.0,2.0,0.0
b1748,248.0,68.847,10.0,7.0,0.28888888888888886,1.7780774079342632,226.0,49.825,8.0,4.0,0.32142857142857145,3.459573763468165,2.2014244375799117,0.6401770090370466,0.5763546798029556,6.008813185442595,0.0,1.0,1.0,5.0,0.0,0.0,2.0,0.0
b1749,396.0,115.126,20.0,10.0,0.26842105263157895,3.162184866757102,353.0,61.719,2.0,2.0,0.0,1.3132947441735672,2.4031376866263807,0.698374160527438,0.6194029850746269,5.594711379601839,0.0,1.0,1.0,5.0,0.0,0.0,1.0,0.0
b1750,143.0,42.22,12.0,7.0,0.48484848484848486,3.4484960685931303,116.0,26.822,7.0,6.0,0.9523809523809523,3.258377317417175,-0.6903698325741012,0.5229505368819888,0.5254237288135594,5.4680601411351315,5.0,0.0,0.0,2.0,0.0,1.0,0.0,0.0
b1751,34.0,17.509,10.0,7.0,0.4666666666666667,2.9978834558302005,14.0,7.379,7.0,6.0,0.9523809523809523,3.258377317417175,0.8155777483242672,0.6045516396056145,0.4888888888888889,5.420534999272286,0.0,0.0,0.0,2.0,0.0,0.0,0.0,0.0
b1752,109.0,31.19,12.0,7.0,0.48484848484848486,3.4484960685931303,101.0,25.247,7.0,6.0,0.9523809523809523,3.258377317417175,-0.32790214206428253,0.5308607514851126,0.6212765957446809,5.4638318050256105,5.0,0.0,0.0,2.0,0.0,1.0,0.0,0.0
b1753,171.0,40.518,7.0,7.0,1.0,2.0324384056151126,156.0,37.141,7.0,6.0,0.9523809523809523,3.258377317417175,0.24054924828259971,0.5750559810223502,0.5879120879120879,5.209486152841421,0.0,0.0,0.0,1.0,0.0,0.0,0.0,0.0
b1754,293.0,128.721,9.0,7.0,0.6388888888888888,2.475588506591442,134.0,26.906,9.0,6.0,0.6111111111111112,4.281086714784858,0.859738566197147,0.535754813352014,0.5876288659793815,5.963579343618446,0.0,0.0,0.0,2.0,0.0,0.0,0.0,0.0
b1755,334.0,138.972,9.0,7.0,0.6388888888888888,2.6168690430654498,198.0,37.896,9.0,6.0,0.6111111111111112,4.358360724976406,0.053078443483419765,0.49547749504720845,0.6594911937377691,6.238324625039508,12.0,0.0,0.0,3.0,0.0,1.0,0.0,0.0
b1756,312.0,137.323,11.0,7.0,0.41818181818181815,2.7184529723952946,196.0,39.425,7.0,6.0,0.8095238095238095,3.320132924529562,0.5634810853944107,0.4911098598833934,0.4838709677419355,5.384495062789089,0.0,0.0,0.0,3.0,0.0,0.0,0.0,0.0
b1757,242.0,62.554,10.0,7.0,0.5333333333333333,2.531519011649748,205.0,41.784,6.0,6.0,1.0,2.8474754102963153,1.549125926758111,0.5865012912074301,0.5517241379310345,6.077642243349034,0.0,0.0,1.0,3.0,0.0,0.0,1.0,0.0
b1758,200.0,47.224,4.0,4.0,0.5,1.3822013678037242,191.0,38.67,3.0,3.0,1.0,1.6679709681963684,-0.9136401693252518,0.5110451811370393,0.5825242718446602,5.332718793265369,5.0,0.0,0.0,2.0,0.0,1.0,0.0,0.0
b1759,127.0,28.988,0.0,0.0,0.0,0.0,104.0,17.725,0.0,0.0,0.0,0.0,0.1673173347481761,0.5230249612149053,0.5185185185185185,4.912654885736052,0.0,1.0,1.0,5.0,0.0,0.0,3.0,1.0
b1760,53.0,18.512,5.0,4.0,0.2,1.2603131964713252,40.0,9.04,1.0,1.0,0.0,0.5835457611439254,1.8745397970710103,0.5363720660547111,0.4666666666666667,4.51085950651685,0.0,0.0,0.0,1.0,0.0,0.0,0.0,0.0
b1761,468.0,149.723,44.0,15.0,0.28012684989429176,5.507028087648349,400.0,57.466,0.0,0.0,0.0,0.0,2.9633202370892566,0.6208238756199281,0.5458612975391499,6.104793232414985,0.0,0.0,1.0,5.0,0.0,0.0,5.0,0.0
b1762,87.0,27.691,7.0,3.0,0.14285714285714285,3.5236555188578245,76.0,13.287,0.0,0.0,0.0,0.0,-1.3010299956639813,0.48619281373693424,0.4190751445086705,5.849324779946859,3.0,0.0,0.0,2.0,0.0,1.0,0.0,0.0
b1763,394.0,101.073,8.0,7.0,0.4642857142857143,1.3311437563361515,341.0,56.173,3.0,2.0,0.0,2.0930877557107075,0.5599066250361125,0.6088379639481867,0.5895865237366003,6.483107351457199,0.0,1.0,1.0,5.0,0.0,0.0,0.0,0.0
b1764,150.0,44.604,11.0,8.0,0.21818181818181817,1.9979615038157552,115.0,22.054,6.0,3.0,0.06666666666666667,4.077612163225876,2.4800213233310497,0.638826251974803,0.590778097982709,5.8522024797744745,0.0,1.0,1.0,5.0,0.0,0.0,2.0,0.0
b1765,218.0,56.303,2.0,2.0,0.0,0.7398700333223355,174.0,38.083,1.0,1.0,0.0,1.028080875041707,2.6273760992663315,0.5893793287882026,0.5737704918032787,5.214935757608986,0.0,1.0,1.0,3.0,0.0,0.0,0.0,0.0
b1766,235.0,56.656,3.0,3.0,0.0,0.727410174212579,200.0,41.43,2.0,2.0,0.0,1.9709916628166102,1.0534626049254554,0.5986246908291728,0.5436893203883495,6.428105272684596,1.0,0.0,1.0,5.0,0.0,1.0,0.0,0.0
b1767,213.0,58.799,19.0,15.0,0.7543859649122807,2.559155367882379,198.0,37.971,2.0,2.0,0.0,2.172717036939104,1.7868223794991875,0.6147317540504537,0.5355029585798816,5.82600010738045,0.0,0.0,1.0,5.0,1.0,0.0,4.0,0.0
b1768,176.0,54.229,19.0,12.0,0.26900584795321636,2.612203137001311,150.0,29.128,2.0,2.0,0.0,2.0942647265172933,1.9571761304048463,0.5505939190091621,0.5539906103286385,5.365976015021851,0.0,0.0,2.0,4.0,0.0,0.0,3.0,1.0
b1769,107.0,31.289,9.0,7.0,0.4166666666666667,2.7487162629209396,101.0,26.03,2.0,1.0,0.0,2.7642596472357335,0.0,0.4652721102893135,0.4778761061946903,6.115892125483034,12.0,0.0,0.0,2.0,0.0,1.0,0.0,0.0
b1770,78.0,24.136,7.0,7.0,0.9523809523809523,2.1799228684433434,72.0,18.614,0.0,0.0,0.0,0.0,1.0297894708318556,0.514916540599386,0.44047619047619047,5.53338948872752,0.0,0.0,0.0,2.0,0.0,0.0,0.0,0.0
b1771,131.0,40.309,10.0,7.0,0.5111111111111111,2.677419501413647,95.0,21.284,5.0,5.0,1.0,2.9631095559937366,0.4927603890268375,0.5166620498322998,0.46932515337423314,5.7899601708972535,0.0,0.0,1.0,5.0,0.0,0.0,2.0,0.0
b1772,212.0,53.2,7.0,7.0,0.9523809523809523,2.179922868443343,198.0,46.881,5.0,5.0,1.0,2.9631095559937366,-0.5702477199975919,0.5394951153759251,0.4444444444444444,5.755742213586912,0.0,0.0,1.0,5.0,0.0,0.0,0.0,0.0
b1773,226.0,62.911,8.0,7.0,0.7142857142857143,2.4415179370750675,216.0,40.863,6.0,5.0,0.6666666666666666,3.5243062656390536,0.08278537031645007,0.5635137304890453,0.4244604316546763,5.631211781821365,0.0,1.0,1.0,4.0,0.0,0.0,0.0,0.0
b1774,118.0,38.391,8.0,7.0,0.7142857142857143,2.459353043097235,107.0,22.439,5.0,5.0,1.0,2.9631095559937366,0.0,0.5856196898913217,0.4409221902017291,5.8522024797744745,0.0,1.0,1.0,2.0,0.0,0.0,3.0,0.0
b1775,120.0,34.437,8.0,7.0,0.5714285714285714,2.3151438160082805,113.0,29.325,5.0,5.0,1.0,2.9631095559937366,0.0,0.4937099413880239,0.5119825708061002,6.131226489483141,12.0,0.0,0.0,2.0,0.0,1.0,0.0,0.0
b1776,153.0,46.973,9.0,7.0,0.5833333333333334,2.9321420635427486,119.0,23.776,5.0,5.0,1.0,2.9631095559937366,0.8567288903828826,0.594268860828546,0.5111731843575419,5.883322388488279,0.0,1.0,1.0,2.0,0.0,0.0,0.0,0.0
b1777,271.0,72.637,6.0,6.0,0.2,1.0814111086499059,252.0,66.943,5.0,3.0,0.3,1.9749828068174704,1.547897717563097,0.5862965073055028,0.5555555555555556,4.51085950651685,0.0,0.0,0.0,1.0,0.0,0.0,0.0,0.0
b1778,338.0,93.601,9.0,7.0,0.25,1.7273638055400724,275.0,53.941,5.0,3.0,0.3,2.195537673136042,2.6201464695846597,0.5994257649050324,0.5036496350364964,4.927253685157205,0.0,1.0,1.0,5.0,0.0,0.0,0.0,0.0
b1779,797.0,255.111,52.0,19.0,0.29638009049773756,5.557343093037746,687.0,115.148,9.0,5.0,0.3611111111111111,3.276400932434576,3.9531317089689413,0.5736094655087454,0.525679758308157,5.805134968916488,0.0,0.0,1.0,5.0,1.0,0.0,7.0,1.0
b1780,214.0,60.414,24.0,17.0,0.5144927536231884,3.1352812594382966,186.0,35.426,2.0,2.0,0.0,1.113544149406931,2.46983673757549,0.6522969646162827,0.4931972789115646,5.68697535633982,0.0,0.0,1.0,3.0,0.0,0.0,4.0,1.0
b1781,182.0,48.614,0.0,0.0,0.0,0.0,155.0,26.408,0.0,0.0,0.0,0.0,0.292256071356476,0.5184347515978769,0.4894366197183099,5.652489180268651,0.0,0.0,2.0,4.0,0.0,0.0,0.0,0.0
b1782,375.0,95.34,1.0,1.0,0.0,0.44515264051587133,366.0,91.162,1.0,1.0,0.0,0.5384306662025817,2.1461590556048185,0.648679984883506,0.5887096774193549,5.517452896464707,0.0,0.0,0.0,4.0,0.0,1.0,0.0,0.0
b1783,247.0,85.0,24.0,12.0,0.4166666666666667,4.205909409941543,211.0,68.908,24.0,11.0,0.391304347826087,7.743762334700047,2.70587226130375,0.6004593098947899,0.59472049689441,6.4692503167957724,0.0,0.0,1.0,5.0,1.0,0.0,0.0,0.0
b1784,160.0,48.556,2.0,2.0,1.0,0.73890838359313,154.0,44.33,2.0,2.0,1.0,1.0989279042819262,0.8027737252919757,0.631113155344875,0.5269320843091335,6.059123195581797,0.0,0.0,0.0,2.0,0.0,0.0,0.0,0.0
b1785,142.0,46.924,16.0,13.0,0.45,2.5851019879903614,128.0,36.78,14.0,11.0,0.3516483516483517,3.253561065640754,-1.1023729087095586,0.5319547225011124,0.42973523421588594,6.198478716492308,8.0,1.0,1.0,5.0,0.0,1.0,0.0,0.0
b1786,215.0,64.466,16.0,13.0,0.2833333333333333,2.560187860012832,197.0,53.271,13.0,11.0,0.07692307692307693,3.1340301321447743,0.6748611407378116,0.5551663798591614,0.5161290322580645,6.208590026096629,2.0,1.0,1.0,4.0,0.0,1.0,0.0,0.0
b1787,293.0,65.579,1.0,1.0,0.0,0.6378224256784875,268.0,57.666,0.0,0.0,0.0,0.0,1.8687032022785368,0.5261896002134295,0.49101796407185627,5.123963979403259,0.0,0.0,1.0,5.0,1.0,0.0,0.0,0.0
b1788,65.0,26.208,6.0,4.0,0.4,2.590601996074754,9.0,1.663,0.0,0.0,0.0,0.0,0.0,0.44418040740209025,0.5,3.5553480614894135,1.0,0.0,0.0,1.0,0.0,1.0,0.0,0.0
b1789,119.0,25.403,0.0,0.0,0.0,0.0,105.0,20.67,0.0,0.0,0.0,0.0,0.0,0.5311739848064191,0.6351351351351351,5.003946305945459,4.0,0.0,0.0,2.0,0.0,1.0,0.0,0.0
b1790,224.0,53.407,1.0,1.0,0.0,2.4962556165751373,174.0,32.015,0.0,0.0,0.0,0.0,-0.7958800173440752,0.46900798867460824,0.4908424908424908,5.6131281063880705,0.0,0.0,0.0,3.0,0.0,0.0,0.0,0.0
b1791,132.0,28.539,1.0,1.0,0.0,2.4962556165751373,117.0,25.079,1.0,1.0,0.0,1.8532442581347564,-1.6575773191777938,0.43850630518172573,0.5190839694656488,5.976350909297934,12.0,0.0,0.0,4.0,0.0,1.0,0.0,0.0
b1792,58.0,11.911,1.0,1.0,0.0,0.5090994641968061,58.0,12.536,1.0,1.0,0.0,0.9399302059774151,2.283323847618786,0.6335108968876156,0.5826086956521739,4.7535901911063645,0.0,0.0,0.0,1.0,0.0,0.0,0.0,0.0
b1793,197.0,46.173,1.0,1.0,0.0,0.5991500561783366,182.0,42.17,1.0,1.0,0.0,0.8019101481088319,0.6665179805548809,0.5435640989718209,0.5119047619047619,4.442651256490317,0.0,0.0,0.0,1.0,0.0,0.0,0.0,0.0
b1794,399.0,109.22,22.0,13.0,0.2727272727272727,3.7713377374282224,385.0,86.061,16.0,11.0,0.2916666666666667,3.8129545668281386,0.7024305364455253,0.5750392750131783,0.49560117302052786,5.834810737062605,0.0,1.0,1.0,4.0,0.0,0.0,0.0,0.0
b1795,152.0,47.409,9.0,6.0,0.2222222222222222,2.471394961372701,133.0,36.732,5.0,5.0,0.7,1.8002448429441396,0.0,0.5917280719649239,0.524390243902439,4.418840607796598,2.0,0.0,0.0,1.0,0.0,1.0,0.0,0.0
b1796,48.0,18.354,5.0,4.0,0.5,1.7828580908129203,18.0,3.911,1.0,1.0,0.0,1.7968744707729627,0.0,0.6415057834444851,0.48333333333333334,4.110873864173311,0.0,0.0,0.0,2.0,0.0,0.0,0.0,0.0
b1797,71.0,23.72,4.0,4.0,0.5,1.3636406559451906,27.0,6.714,2.0,1.0,0.0,3.199455176360708,0.10720996964786837,0.5418623967600822,0.4789915966386555,4.787491742782046,0.0,0.0,0.0,1.0,0.0,0.0,0.0,0.0
b1798,157.0,38.849,3.0,3.0,0.6666666666666666,1.7402959680014212,130.0,26.166,0.0,0.0,0.0,0.0,-1.0969100130080565,0.5577637866658783,0.5094339622641509,5.3612921657094255,6.0,0.0,0.0,3.0,0.0,1.0,0.0,0.0
b1799,180.0,51.013,9.0,5.0,0.05555555555555555,2.54839510394451,164.0,41.674,7.0,4.0,0.047619047619047616,3.645392015061933,0.7024305364455253,0.5969518110067659,0.5570032573289903,5.730099782973574,0.0,0.0,0.0,4.0,0.0,0.0,0.0,0.0
b1800,321.0,89.098,17.0,15.0,0.5367647058823529,2.2056206821225217,279.0,51.213,3.0,3.0,1.0,1.50922351953847,1.1109262422664203,0.5844180053711499,0.5844875346260388,5.8916442118257715,0.0,1.0,1.0,5.0,1.0,0.0,3.0,0.0
b1801,94.0,25.587,4.0,3.0,0.0,1.6417966756856022,82.0,18.362,1.0,1.0,0.0,1.1680311984302945,0.7379873263334308,0.5671471258097981,0.577962577962578,6.1779441140506,10.0,0.0,0.0,3.0,0.0,1.0,0.0,0.0
b1802,171.0,44.421,6.0,4.0,0.06666666666666667,1.7654574049426282,162.0,39.637,4.0,2.0,0.0,3.3975384550391214,0.0,0.6739818956448306,0.5989304812834224,5.926926025970411,0.0,1.0,1.0,4.0,0.0,0.0,0.0,0.0
b1803,341.0,92.939,7.0,5.0,0.09523809523809523,1.6426159020016466,306.0,53.047,3.0,2.0,0.0,2.559664394913667,0.0,0.5476835376060919,0.4984423676012461,5.7745515455444085,0.0,1.0,1.0,3.0,0.0,0.0,0.0,0.0
b1804,307.0,91.68,17.0,10.0,0.38235294117647056,2.028633037654026,269.0,54.695,0.0,0.0,0.0,0.0,0.5622928644564748,0.586747459367893,0.6026666666666667,5.929589143389895,0.0,1.0,1.0,3.0,1.0,0.0,0.0,0.0
b1805,348.0,106.63,19.0,11.0,0.36257309941520466,2.8400723003465878,265.0,48.46,3.0,3.0,0.0,1.410776347971779,1.791760804012905,0.6180495589691968,0.5686274509803921,6.331501849893691,0.0,1.0,1.0,5.0,0.0,1.0,6.0,1.0
b1806,309.0,79.062,1.0,1.0,0.0,0.7717784823237052,269.0,60.257,0.0,0.0,0.0,0.0,1.5225746326911767,0.565327501913345,0.5181347150259067,5.267858159063328,0.0,0.0,0.0,2.0,0.0,1.0,0.0,0.0
b1807,439.0,109.364,8.0,6.0,0.17857142857142858,1.6200648568221074,424.0,100.483,4.0,2.0,0.0,2.6316075521090667,1.4331295175804857,0.5759183309426049,0.5670995670995671,5.44673737166631,0.0,0.0,0.0,5.0,1.0,0.0,0.0,0.0
b1808,256.0,69.88,11.0,9.0,0.2545454545454545,1.7125206545873055,228.0,44.549,1.0,1.0,0.0,1.0574084178917633,-0.1456939581989194,0.5724391708507228,0.6147798742138365,6.456769655572163,0.0,1.0,1.0,5.0,0.0,0.0,0.0,0.0
b1809,199.0,46.173,2.0,2.0,0.0,0.7142565632659511,185.0,34.207,0.0,0.0,0.0,0.0,2.816247930391275,0.637897047502624,0.6052631578947368,4.74493212836325,0.0,0.0,0.0,2.0,0.0,0.0,0.0,0.0
b1810,134.0,38.309,2.0,1.0,0.0,1.3684616269970187,86.0,21.817,1.0,1.0,0.0,0.7287423733453273,0.7007037171450193,0.4906865736077477,0.3838383838383838,4.605170185988092,0.0,0.0,0.0,1.0,0.0,0.0,0.0,0.0
b1811,12.0,4.694,1.0,1.0,0.0,0.9633098090924361,6.0,2.088,0.0,0.0,0.0,0.0,-0.08407278830288423,0.5902938687270288,0.6101694915254238,4.0943445622221,0.0,0.0,0.0,1.0,0.0,0.0,0.0,0.0
b1812,245.0,72.252,21.0,13.0,0.319047619047619,3.225005947767642,210.0,40.088,7.0,6.0,0.47619047619047616,3.0604077132969483,0.6242820958356683,0.6030341058090417,0.5143487858719646,6.118097198041348,0.0,1.0,1.0,5.0,0.0,0.0,2.0,1.0
b1813,137.0,34.541,3.0,2.0,0.0,1.1219655733979448,126.0,23.854,1.0,1.0,0.0,0.8205523116318664,0.9100905455940681,0.5242874708332442,0.5208333333333334,5.262690188904886,0.0,1.0,1.0,3.0,0.0,0.0,0.0,0.0
b1814,166.0,56.689,25.0,13.0,0.43333333333333335,3.6528137881011085,126.0,22.951,2.0,2.0,1.0,1.2736898251777145,1.7642508754387733,0.6275473386605878,0.5770925110132159,6.12029741895095,0.0,1.0,1.0,4.0,0.0,0.0,6.0,0.0
b1815,154.0,48.065,15.0,13.0,0.20952380952380953,2.4368825398884355,148.0,40.095,14.0,11.0,0.054945054945054944,3.342198510028896,0.13353890837021754,0.5563531501790236,0.5225563909774437,6.278521424165844,2.0,0.0,1.0,3.0,0.0,1.0,1.0,0.0
b1816,169.0,41.168,0.0,0.0,0.0,0.0,130.0,21.168,0.0,0.0,0.0,0.0,0.8698182079793282,0.602582023835266,0.6023166023166023,6.251903883165888,7.0,0.0,0.0,3.0,0.0,1.0,0.0,0.0
b1817,319.0,92.0,13.0,8.0,0.3717948717948718,2.3744294821164886,274.0,55.561,6.0,5.0,0.6666666666666666,3.065222169276082,3.1673202891223577,0.5783487238237489,0.4984520123839009,5.780743515792329,0.0,0.0,1.0,5.0,1.0,1.0,4.0,0.0
b1818,149.0,46.685,12.0,8.0,0.42424242424242425,2.2274794107229243,111.0,28.112,6.0,5.0,0.7333333333333333,3.0706102488731295,2.465397724292443,0.5811331185157543,0.5488721804511278,5.58724865840025,5.0,0.0,0.0,5.0,0.0,1.0,4.0,0.0
b1819,132.0,42.533,13.0,8.0,0.358974358974359,2.4924244025507756,118.0,27.542,7.0,5.0,0.5238095238095238,3.8199648363835386,2.6522560133785067,0.608302955472358,0.5830388692579506,5.648974238161206,5.0,0.0,0.0,5.0,0.0,1.0,4.0,0.0
b1820,36.0,13.641,2.0,2.0,0.0,0.7446497798567947,7.0,2.39,1.0,1.0,0.0,0.9125234367748714,1.2506639194632436,0.5326611766193955,0.5657894736842105,5.030437921392435,3.0,0.0,0.0,2.0,0.0,1.0,0.0,0.0
b1821,146.0,34.483,3.0,3.0,0.6666666666666666,1.0438795934822918,103.0,17.395,0.0,0.0,0.0,0.0,-1.5228787452803376,0.5531881916027559,0.5478723404255319,5.241747015059643,6.0,0.0,0.0,5.0,0.0,1.0,0.0,0.0
b1822,230.0,57.285,5.0,5.0,0.2,1.0181399244480887,205.0,38.622,1.0,1.0,0.0,0.6914079005808048,1.0572856444182146,0.5480356192226696,0.49814126394052044,5.598421958998375,0.0,0.0,1.0,4.0,0.0,0.0,0.0,0.0
b1823,288.0,105.767,31.0,16.0,0.5483870967741935,3.804172851581343,240.0,74.966,29.0,15.0,0.6133004926108374,6.840067754907355,3.8470794796626624,0.5767449317228066,0.4927536231884058,4.248495242049359,0.0,0.0,0.0,5.0,1.0,0.0,0.0,0.0
b1824,240.0,93.197,28.0,16.0,0.5582010582010583,3.9052616551636854,183.0,66.358,26.0,15.0,0.6215384615384615,6.304942469463328,0.0,0.5583804169143268,0.46808510638297873,3.871201010907891,0.0,0.0,0.0,2.0,0.0,0.0,0.0,0.0
b1825,38.0,12.092,2.0,2.0,0.0,1.0485800802989358,13.0,2.034,1.0,1.0,0.0,2.9922202274087373,1.0338256939533104,0.5486761819500757,0.43157894736842106,4.564348191467836,1.0,0.0,0.0,1.0,0.0,1.0,0.0,0.0
b1826,95.0,36.352,12.0,8.0,0.4696969696969697,2.5883368045566635,26.0,3.393,1.0,1.0,0.0,2.9922202274087373,0.0,0.5944960952921314,0.6170212765957447,3.871201010907891,1.0,0.0,0.0,5.0,0.0,1.0,0.0,0.0
b1827,118.0,33.686,3.0,3.0,0.3333333333333333,0.8543304900543611,74.0,12.09,0.0,0.0,0.0,0.0,2.487152521646856,0.5972251707038968,0.5551330798479087,5.575949103146316,0.0,0.0,0.0,3.0,1.0,0.0,0.0,0.0
b1828,108.0,25.94,0.0,0.0,0.0,0.0,100.0,22.024,0.0,0.0,0.0,0.0,0.5289167002776547,0.47024609529417355,0.5361050328227571,6.126869184114185,14.0,0.0,0.0,2.0,0.0,1.0,0.0,0.0
b1829,286.0,77.289,13.0,10.0,0.3333333333333333,2.2208642698003067,252.0,50.126,4.0,2.0,0.0,2.7768588976182094,1.8228869478341507,0.5824802898838254,0.6109215017064846,5.683579767338681,2.0,1.0,1.0,5.0,0.0,1.0,0.0,0.0
b1830,421.0,103.537,4.0,4.0,0.3333333333333333,0.9023342031623662,385.0,79.388,1.0,1.0,0.0,0.7468315778804173,2.3541276552922636,0.6092048626301816,0.5498533724340176,6.52649485957079,0.0,0.0,1.0,5.0,0.0,1.0,0.0,0.0
b1831,456.0,132.989,23.0,11.0,0.3359683794466403,3.6051809291332444,424.0,118.803,22.0,8.0,0.37662337662337664,7.70746146580006,2.70587226130375,0.5660595386307185,0.47413793103448276,5.4510384535657,0.0,0.0,0.0,5.0,1.0,0.0,0.0,0.0
b1832,156.0,40.637,10.0,7.0,0.3111111111111111,1.789917903439176,117.0,23.048,1.0,1.0,0.0,0.7468315778804173,2.2504444001899655,0.5593934483028948,0.509090909090909,5.111987788356544,0.0,0.0,1.0,3.0,0.0,0.0,2.0,0.0
b1833,199.0,47.61,4.0,4.0,0.5,1.5326064558448513,188.0,42.923,3.0,2.0,0.3333333333333333,3.0115475012052575,-0.033389013318065645,0.5149813282347387,0.5433255269320844,6.059123195581797,6.0,0.0,0.0,4.0,0.0,1.0,0.0,0.0
b1834,279.0,67.73,5.0,4.0,0.3,1.830339868111344,246.0,55.708,3.0,2.0,0.3333333333333333,3.0115475012052575,1.7482655726687408,0.5943795463233852,0.5735461801596351,6.777646593635117,1.0,0.0,0.0,5.0,0.0,1.0,0.0,0.0
b1835,556.0,148.404,14.0,7.0,0.08791208791208792,3.1529443614428696,524.0,109.252,3.0,2.0,0.3333333333333333,2.8769398573129545,0.48144262850230496,0.5307128290091381,0.5093945720250522,6.173786103901937,0.0,0.0,2.0,5.0,1.0,0.0,0.0,0.0
b1836,150.0,50.593,9.0,6.0,0.4444444444444444,1.9888735928247112,123.0,38.601,4.0,3.0,0.5,1.9923493577052944,2.835062451008234,0.5100654047671994,0.4230769230769231,4.3694478524670215,0.0,0.0,0.0,2.0,0.0,0.0,0.0,0.0
b1837,30.0,9.338,2.0,2.0,0.0,0.7241982174598697,18.0,4.159,1.0,1.0,0.0,0.8719705689415934,0.0,0.6391166240916454,0.4603174603174603,4.1588830833596715,0.0,0.0,0.0,1.0,0.0,0.0,0.0,0.0
b1838,221.0,46.065,0.0,0.0,0.0,0.0,194.0,36.588,0.0,0.0,0.0,0.0,0.0,0.5501801422226605,0.43577981651376146,5.389071729816501,0.0,1.0,1.0,4.0,0.0,0.0,0.0,0.0
b1839,24.0,12.196,6.0,4.0,0.4666666666666667,2.872436763604504,7.0,3.511,2.0,2.0,1.0,2.9922202274087373,1.9395691686559016,0.5818032117491657,0.45132743362831856,4.736198448394496,0.0,0.0,0.0,4.0,0.0,0.0,0.0,0.0
b1840,334.0,80.61,2.0,2.0,1.0,1.3721495788105869,309.0,70.415,2.0,2.0,1.0,2.9922202274087373,-0.9393021596463883,0.5294527332876521,0.603448275862069,5.673323267171493,8.0,0.0,0.0,5.0,0.0,1.0,0.0,0.0
b1841,213.0,47.296,2.0,2.0,1.0,1.3721495788105869,177.0,34.939,2.0,2.0,1.0,2.9922202274087373,0.8241258339165489,0.48626127678051007,0.5,4.8283137373023015,0.0,0.0,0.0,4.0,0.0,0.0,0.0,0.0
b1842,54.0,27.811,12.0,10.0,0.6363636363636364,1.9758998634452443,12.0,4.366,2.0,2.0,1.0,2.9922202274087373,1.0722498976135149,0.5374958636022695,0.5,4.343805421853684,0.0,0.0,1.0,5.0,0.0,0.0,3.0,1.0
b1843,159.0,38.101,4.0,2.0,0.16666666666666666,1.9856032303630906,143.0,23.156,2.0,2.0,1.0,2.9922202274087373,0.06445798922691845,0.49137280556278484,0.45871559633027525,5.389071729816501,0.0,0.0,0.0,1.0,0.0,0.0,0.0,0.0
b1844,286.0,71.651,10.0,8.0,0.3333333333333333,1.8819008816986764,252.0,47.279,2.0,2.0,1.0,2.9922202274087373,0.1846914308175988,0.619198279382458,0.6045454545454545,5.3981627015177525,0.0,1.0,1.0,3.0,0.0,0.0,1.0,0.0
b1845,134.0,29.633,3.0,2.0,0.0,1.0844877766256258,115.0,21.376,0.0,0.0,0.0,0.0,0.4885507165004442,0.5943489446179936,0.5247813411078717,6.532334292222349,0.0,0.0,1.0,4.0,0.0,0.0,0.0,0.0
b1846,319.0,82.726,11.0,8.0,0.3090909090909091,2.6070163589272886,288.0,71.861,11.0,6.0,0.2909090909090909,5.9979290354501025,1.9925976961020382,0.5862631896225672,0.502283105022831,5.393627546352362,1.0,0.0,0.0,2.0,0.0,1.0,0.0,0.0
b1847,66.0,20.603,3.0,3.0,0.3333333333333333,0.8524590220049488,28.0,7.489,3.0,3.0,0.3333333333333333,1.9244924365356246,2.596608090284298,0.5458611611571189,0.4661016949152542,4.77912349311153,0.0,0.0,0.0,5.0,0.0,1.0,0.0,0.0
b1848,280.0,75.141,12.0,9.0,0.4393939393939394,1.9760490032922462,257.0,62.154,7.0,4.0,0.2857142857142857,4.099208616428402,1.8426716337607885,0.56657861618334,0.5,4.574710978503383,0.0,0.0,0.0,2.0,0.0,0.0,0.0,0.0
b1849,141.0,50.025,21.0,14.0,0.5380952380952381,2.7916675186962974,119.0,28.409,11.0,9.0,0.9272727272727272,3.340978678967599,2.523759469445715,0.5568340580909572,0.5,5.973809611869261,0.0,0.0,1.0,5.0,0.0,0.0,3.0,1.0
b1850,242.0,93.154,47.0,18.0,0.21091581868640147,6.470770132756941,191.0,30.637,3.0,2.0,0.3333333333333333,2.261332668107973,3.059188407270002,0.616914964622547,0.5774647887323944,5.365976015021851,0.0,0.0,3.0,5.0,1.0,0.0,5.0,1.0
b1851,281.0,90.2,16.0,11.0,0.3333333333333333,2.4127984879960476,222.0,45.115,4.0,2.0,0.16666666666666666,2.37712434897636,1.4084095784684298,0.5726958032638605,0.5373134328358209,6.403574197934815,0.0,1.0,1.0,4.0,0.0,0.0,4.0,1.0
b1852,492.0,166.146,50.0,19.0,0.37387755102040815,5.747761633394418,368.0,49.68,4.0,2.0,0.16666666666666666,2.728504054871188,2.6757875039082792,0.6602336867129133,0.5682281059063137,6.198478716492308,0.0,0.0,1.0,5.0,0.0,0.0,6.0,1.0
b1853,175.0,42.361,5.0,4.0,0.6,1.1665054795551935,135.0,27.956,2.0,2.0,0.0,1.6960457184180133,1.245759355967277,0.5509479626907579,0.5155709342560554,5.66988092298052,0.0,0.0,0.0,3.0,0.0,0.0,0.0,0.0
b1854,496.0,190.883,97.0,32.0,0.2497852233676976,8.921270068366226,427.0,84.395,5.0,5.0,0.9,1.7958951094986264,2.91751076096556,0.5788813603149319,0.5458333333333333,6.175867270105761,0.0,1.0,1.0,5.0,0.0,0.0,7.0,1.0
b1855,335.0,109.733,25.0,11.0,0.25,3.590714771205104,302.0,78.076,3.0,3.0,0.6666666666666666,1.3906405436468063,1.2124539610402758,0.5991141949954516,0.5325077399380805,5.780743515792329,1.0,0.0,1.0,5.0,0.0,1.0,2.0,1.0
b1856,422.0,128.618,23.0,11.0,0.16996047430830039,3.788165535585287,395.0,106.01,11.0,7.0,0.2727272727272727,4.418111183556013,0.48144262850230496,0.5985359837701326,0.5136363636363637,6.089044875446846,1.0,1.0,1.0,5.0,0.0,1.0,0.0,0.0
b1857,362.0,147.47,11.0,6.0,0.2727272727272727,2.4064493822537263,146.0,28.016,4.0,3.0,0.6666666666666666,2.3709343261243183,2.9309541225149585,0.4679190328058147,0.45483870967741935,5.739792912179234,0.0,0.0,0.0,5.0,0.0,0.0,1.0,0.0
b1858,404.0,160.792,9.0,5.0,0.2777777777777778,2.6757393032834327,278.0,48.294,5.0,3.0,0.5,2.991421793141634,1.0610753236297918,0.5305789746112803,0.450199203187251,5.529429087511423,0.0,0.0,1.0,4.0,0.0,1.0,1.0,0.0
b1859,374.0,148.972,5.0,5.0,0.7,1.5084177880334002,211.0,35.534,3.0,3.0,1.0,1.9738237025888923,0.45939248775923086,0.5108961663008588,0.5823754789272031,5.568344503761097,7.0,0.0,0.0,3.0,0.0,1.0,1.0,0.0
b1860,435.0,135.584,27.0,16.0,0.5641025641025641,3.2872990292784023,372.0,72.971,4.0,3.0,0.3333333333333333,2.289671207246101,1.3098430047160705,0.587788819330699,0.5208333333333334,5.820082930352362,0.0,1.0,1.0,5.0,1.0,0.0,1.0,0.0
b1861,429.0,131.174,36.0,16.0,0.44761904761904764,4.398772140646392,372.0,77.207,6.0,3.0,0.3333333333333333,3.2707478780851806,2.075583455193813,0.6018211548021547,0.5665024630541872,5.318119993844216,0.0,1.0,0.0,5.0,1.0,0.0,1.0,0.0
b1862,220.0,55.726,3.0,3.0,0.0,1.199869756604185,209.0,52.318,3.0,3.0,0.0,2.144203089903064,-1.0409586076789064,0.5051353359299998,0.4,5.303304908059076,0.0,0.0,0.0,1.0,0.0,0.0,0.0,0.0
b1863,396.0,126.612,34.0,16.0,0.37254901960784315,5.027796164678536,338.0,64.379,5.0,3.0,0.6,2.6896271260778417,0.4065401804339551,0.636486710653299,0.6358381502890174,5.159055299214529,0.0,1.0,1.0,5.0,1.0,0.0,1.0,0.0
b1864,328.0,84.423,5.0,5.0,0.6,0.8903553662212391,309.0,81.018,3.0,3.0,1.0,1.710408234188639,2.7007123683433525,0.6419408963209525,0.5040650406504065,5.5093883366279774,0.0,0.0,0.0,2.0,1.0,0.0,0.0,0.0
b1865,397.0,98.635,9.0,8.0,0.3333333333333333,1.5360374159048527,365.0,77.921,4.0,3.0,0.8333333333333334,2.193335337751569,0.04139268515822508,0.5522981735298346,0.5666666666666667,5.017279836814924,0.0,1.0,1.0,5.0,0.0,0.0,3.0,1.0
b1866,525.0,162.154,24.0,18.0,0.5471014492753623,2.534656083906024,506.0,123.99,10.0,4.0,0.2,3.9536739182437355,2.8169104596679126,0.6754682288669572,0.5830508474576271,6.3818160174060985,0.0,0.0,1.0,4.0,1.0,0.0,1.0,1.0
b1867,213.0,49.975,4.0,3.0,0.16666666666666666,1.1118200161662062,196.0,40.233,1.0,1.0,0.0,1.784131402357335,2.1303659372652075,0.5572570449636783,0.5372340425531915,5.241747015059643,0.0,0.0,1.0,2.0,0.0,0.0,0.0,0.0
b1868,232.0,55.267,7.0,5.0,0.19047619047619047,1.6396762678797219,210.0,43.643,2.0,1.0,0.0,3.0500399407214127,-0.3625102704874893,0.5203183073133334,0.49264705882352944,5.60947179518496,0.0,0.0,0.0,1.0,0.0,0.0,0.0,0.0
b1869,224.0,50.607,3.0,3.0,0.3333333333333333,1.0556060389272537,218.0,49.383,2.0,1.0,0.0,2.692847117082664,0.31175386105575426,0.6186840136292708,0.6030534351145038,4.882801922586371,1.0,0.0,0.0,2.0,0.0,1.0,0.0,0.0
b1870,221.0,61.321,6.0,4.0,0.2,1.7204368562133958,199.0,40.341,3.0,1.0,0.0,3.137733386728856,1.7308629920464937,0.6196649731526803,0.5668016194331984,5.5134287461649825,0.0,0.0,1.0,4.0,0.0,0.0,0.0,0.0
b1871,246.0,67.709,4.0,4.0,0.5,1.2293360097216093,220.0,41.057,1.0,1.0,0.0,1.357548748836639,1.238297067875394,0.6387027925738393,0.5603715170278638,5.780743515792329,0.0,0.0,1.0,4.0,0.0,0.0,0.0,0.0
b1872,144.0,39.227,4.0,4.0,1.0,0.9951890560001994,131.0,26.867,1.0,1.0,0.0,0.7945231390015854,0.4983105537896005,0.6436819273081676,0.5352286773794809,6.697034247666484,0.0,1.0,1.0,4.0,0.0,0.0,3.0,0.0
b1873,136.0,38.614,11.0,9.0,0.45454545454545453,2.062857750451697,126.0,31.227,7.0,5.0,0.47619047619047616,2.8482061791208833,-0.4353339357479107,0.537275160733334,0.4644808743169399,5.905361848054571,1.0,0.0,0.0,4.0,0.0,1.0,3.0,0.0
b1874,212.0,52.804,5.0,4.0,0.0,1.3313574985541492,153.0,32.061,1.0,1.0,0.0,1.0255874652060404,1.5316066319327222,0.49751700246484876,0.4838709677419355,5.517452896464707,0.0,0.0,0.0,2.0,1.0,0.0,0.0,0.0
b1875,329.0,85.625,3.0,3.0,0.3333333333333333,0.8969785724289068,326.0,84.104,3.0,2.0,0.3333333333333333,2.033822676890759,1.3543005623453597,0.5738323896877894,0.5053191489361702,5.241747015059643,0.0,0.0,0.0,2.0,0.0,0.0,0.0,0.0
b1876,602.0,178.634,32.0,18.0,0.5221774193548387,2.7992444165374026,585.0,137.169,7.0,6.0,0.5714285714285714,1.5334735723390631,2.3324586591892027,0.6552129978371234,0.5788561525129983,6.359573868672378,0.0,0.0,1.0,3.0,1.0,0.0,1.0,1.0
b1877,44.0,14.786,4.0,3.0,0.3333333333333333,1.5773664269313028,34.0,5.848,0.0,0.0,0.0,0.0,0.0,0.5168090985990899,0.3395061728395062,5.093750200806762,0.0,0.0,0.0,1.0,0.0,0.0,0.0,0.0
b1878,68.0,37.83,20.0,20.0,0.8842105263157894,1.6540863324261597,59.0,23.935,2.0,2.0,1.0,0.6348523839088861,0.15836249209524964,0.4094295677478023,0.47692307692307695,4.875197323201151,0.0,0.0,0.0,2.0,0.0,0.0,1.0,0.0
b1879,164.0,76.792,46.0,34.0,0.8618357487922705,3.360249348598109,131.0,56.634,37.0,29.0,0.8198198198198198,4.038877767263458,0.6946051989335688,0.5640796110966886,0.6184971098265896,6.541029999189903,8.0,0.0,0.0,3.0,0.0,1.0,1.0,0.0
b1880,150.0,70.549,46.0,34.0,0.8521739130434782,3.4617074298787784,121.0,55.7,43.0,29.0,0.7397563676633444,4.736214018755283,0.30963016742589866,0.5742084316032006,0.6020942408376964,5.948034989180646,5.0,0.0,0.0,3.0,0.0,1.0,1.0,0.0
b1881,207.0,76.321,46.0,32.0,0.7169082125603865,3.5420533933576657,196.0,66.873,33.0,23.0,0.7045454545454546,3.7596313340830516,2.584342533972404,0.5811416600917972,0.5747663551401869,5.3706380281276624,0.0,0.0,1.0,5.0,1.0,0.0,1.0,0.0
b1882,220.0,90.135,44.0,32.0,0.7050739957716702,3.4509840208930664,184.0,62.653,23.0,19.0,0.7430830039525692,2.824008331260569,2.6981092488324143,0.5885651611629311,0.5736434108527132,4.867534450455582,0.0,1.0,0.0,5.0,1.0,0.0,2.0,0.0
b1883,174.0,73.39,39.0,31.0,0.7651821862348178,3.036995824670638,151.0,55.167,26.0,19.0,0.7076923076923077,3.1689772007643318,1.0216027160282422,0.5507406683080374,0.5873925501432665,5.857933154483459,0.0,0.0,2.0,5.0,1.0,0.0,2.0,0.0
b1884,185.0,85.472,52.0,32.0,0.6085972850678733,4.28186409626514,134.0,59.591,32.0,20.0,0.5806451612903226,4.382323696615412,0.6608654780038692,0.5660064606318299,0.6083916083916084,5.659482215759621,0.0,0.0,1.0,4.0,0.0,0.0,2.0,0.0
b1885,130.0,53.634,22.0,19.0,0.70995670995671,2.152382381065019,105.0,41.024,21.0,18.0,0.7666666666666667,2.6653764034969942,1.720242018287057,0.5885013459545152,0.5891181988742964,6.280395838960195,2.0,0.0,0.0,4.0,0.0,1.0,2.0,0.0
b1886,134.0,58.724,36.0,27.0,0.6968253968253968,3.0463984349361533,121.0,50.525,32.0,22.0,0.6915322580645161,3.8175044604192063,2.5998939838582618,0.5848879145677602,0.5479204339963833,6.317164686747284,2.0,0.0,0.0,5.0,0.0,1.0,2.0,0.0
b1887,178.0,78.394,50.0,33.0,0.7412244897959184,3.8112787798061873,144.0,55.368,36.0,23.0,0.6507936507936508,4.2206624532821895,2.4183178671286787,0.6179768216393595,0.6107784431137725,5.123963979403259,0.0,0.0,0.0,5.0,1.0,0.0,2.0,0.0
b1888,224.0,96.416,50.0,32.0,0.6775510204081633,3.9633533913411405,165.0,62.09,41.0,25.0,0.6463414634146342,4.605044804612014,2.359854446750358,0.5717578613680055,0.5816876122082585,6.484635235635252,0.0,0.0,1.0,5.0,1.0,0.0,2.0,0.0
b1889,262.0,104.201,55.0,34.0,0.6882154882154882,4.178285554788731,199.0,69.41,46.0,29.0,0.6975845410628019,4.97761149720147,1.0648322197385738,0.5723320369067283,0.5681818181818182,5.733341276897746,1.0,0.0,0.0,5.0,0.0,1.0,2.0,0.0
b1890,195.0,81.22,51.0,34.0,0.7552941176470588,3.9012522965384417,185.0,77.706,51.0,29.0,0.6298039215686274,5.6623045018160365,1.4929000111087034,0.5564710626271272,0.5525423728813559,5.69035945432406,4.0,0.0,0.0,5.0,0.0,1.0,3.0,0.0
b1891,262.0,88.014,27.0,25.0,0.8034188034188035,2.315827935561858,207.0,54.484,11.0,8.0,0.5272727272727272,2.2749850422932445,-0.5451551399914898,0.5406397488069009,0.484375,5.262690188904886,0.0,1.0,0.0,5.0,1.0,0.0,4.0,0.0
b1892,344.0,120.21,34.0,30.0,0.8057040998217468,2.78441393051554,264.0,71.155,8.0,8.0,0.8928571428571429,1.275449974009815,0.6424645202421213,0.5384305849523257,0.5258620689655172,4.762173934797756,0.0,0.0,0.0,5.0,1.0,0.0,4.0,0.0
b1893,148.0,44.585,12.0,7.0,0.7121212121212122,3.3043278551019966,133.0,36.293,12.0,7.0,0.7121212121212122,3.8525337585589248,0.0,0.5339157128324036,0.6646706586826348,5.123963979403259,0.0,0.0,0.0,2.0,0.0,0.0,0.0,0.0
b1894,179.0,48.988,6.0,6.0,0.9333333333333333,1.7950004278426672,130.0,30.866,6.0,6.0,0.9333333333333333,2.092617885929455,-0.7011469235902933,0.5312352201668127,0.5494505494505495,4.5217885770490405,0.0,0.0,0.0,2.0,0.0,0.0,0.0,0.0
b1895,451.0,120.051,14.0,9.0,0.4175824175824176,2.371905498240088,394.0,97.622,9.0,8.0,0.8333333333333334,3.212782223245134,1.0572856444182146,0.5061580748780525,0.4507042253521127,4.962844630259907,0.0,0.0,0.0,3.0,1.0,0.0,0.0,0.0
b1896,250.0,85.933,25.0,12.0,0.30666666666666664,4.157284291049583,208.0,57.795,14.0,11.0,0.6153846153846154,4.467332068690895,2.2175102642940274,0.5432623312934319,0.4873417721518987,6.163314804034641,0.0,0.0,1.0,5.0,0.0,0.0,3.0,0.0
b1897,315.0,98.479,25.0,12.0,0.37666666666666665,4.067994721139775,276.0,71.532,16.0,11.0,0.475,5.231501629510865,1.5933968423002067,0.5111617854439218,0.462406015037594,5.58724865840025,0.0,1.0,1.0,5.0,0.0,0.0,3.0,0.0
b1900,246.0,124.838,19.0,15.0,0.4619883040935672,2.629147523714283,125.0,25.178,11.0,10.0,0.05454545454545454,3.4697388644264717,0.7558748556724915,0.6102180438340898,0.5615079365079365,6.22455842927536,0.0,0.0,1.0,4.0,0.0,1.0,1.0,0.0
b1901,436.0,167.969,17.0,14.0,0.47058823529411764,2.519034835400286,277.0,56.925,2.0,2.0,1.0,0.9790417587159876,2.5185271001173364,0.6598037357166119,0.5683890577507599,5.799092654460526,0.0,0.0,0.0,4.0,0.0,0.0,1.0,0.0
b1902,168.0,35.93,0.0,0.0,0.0,0.0,125.0,21.448,0.0,0.0,0.0,0.0,0.6180480967120926,0.6287887312914352,0.5269461077844312,5.123963979403259,0.0,0.0,0.0,2.0,1.0,0.0,0.0,0.0
b1904,79.0,32.192,5.0,4.0,0.4,1.0996033648561112,60.0,22.976,3.0,3.0,1.0,0.7245762577801871,0.8926510338773003,0.5022582713530364,0.4953271028037383,4.68213122712422,0.0,0.0,0.0,1.0,0.0,0.0,0.0,0.0
b1905,210.0,49.616,3.0,3.0,0.3333333333333333,1.222173104381599,136.0,21.582,0.0,0.0,0.0,0.0,3.1078914128020507,0.6598842734030956,0.4727272727272727,5.111987788356544,0.0,0.0,1.0,5.0,1.0,0.0,0.0,0.0
b1906,20.0,7.116,2.0,2.0,1.0,0.8900720101430858,6.0,1.166,0.0,0.0,0.0,0.0,-0.19314197048118256,0.5777399901708091,0.43037974683544306,4.382026634673881,0.0,0.0,0.0,1.0,0.0,0.0,0.0,0.0
b1907,222.0,54.784,4.0,4.0,0.6666666666666666,0.9551248695568973,186.0,39.582,0.0,0.0,0.0,0.0,-0.9913998282380825,0.5222523544752489,0.543424317617866,6.0014148779611505,11.0,0.0,0.0,4.0,0.0,1.0,0.0,0.0
b1908,210.0,50.951,3.0,3.0,0.0,1.0126920002863213,188.0,40.954,0.0,0.0,0.0,0.0,2.447173541582463,0.5776512462012365,0.5882352941176471,5.402677381872279,0.0,0.0,0.0,1.0,0.0,0.0,0.0,0.0
b1909,0.0,0.0,0.0,0.0,0.0,0.0,0.0,0.0,0.0,0.0,0.0,0.0,0.0,0.0,0.0,0.0,0.0,0.0,0.0,0.0,0.0,0.0,1.0,1.0
b1910,0.0,0.0,0.0,0.0,0.0,0.0,0.0,0.0,0.0,0.0,0.0,0.0,0.0,0.0,0.0,0.0,0.0,0.0,0.0,0.0,0.0,0.0,1.0,1.0
b1911,0.0,0.0,0.0,0.0,0.0,0.0,0.0,0.0,0.0,0.0,0.0,0.0,0.0,0.0,0.0,0.0,0.0,0.0,0.0,0.0,0.0,0.0,1.0,1.0
b1912,308.0,82.268,15.0,9.0,0.4,2.704540289949054,275.0,52.645,1.0,1.0,0.0,1.1928552169764912,1.6628522332647961,0.5281616377590751,0.5934065934065934,5.209486152841421,4.0,0.0,1.0,4.0,0.0,1.0,2.0,0.0
b1913,329.0,105.414,29.0,16.0,0.45073891625615764,3.7803560289197526,297.0,60.664,5.0,3.0,0.2,4.32944526343688,0.9513375187959177,0.6189220401359014,0.5475409836065573,6.415096959171596,0.0,0.0,0.0,5.0,1.0,0.0,1.0,0.0
b1914,261.0,80.453,13.0,11.0,0.21794871794871795,2.076257352771396,200.0,39.839,4.0,3.0,0.0,2.7365894852232544,1.7372721765355434,0.5407191426945854,0.5275229357798165,5.389071729816501,0.0,0.0,0.0,4.0,1.0,0.0,2.0,0.0
b1915,29.0,11.027,1.0,1.0,0.0,0.4911250439441126,5.0,0.311,0.0,0.0,0.0,0.0,1.7332775339325817,0.5996269940515029,0.5405405405405406,4.31748811353631,0.0,0.0,0.0,1.0,0.0,0.0,0.0,0.0
b1916,292.0,73.175,4.0,4.0,0.0,0.9019657446929756,241.0,42.528,0.0,0.0,0.0,0.0,0.4329692908744057,0.5693077746356171,0.5291666666666667,5.484796933490655,0.0,0.0,0.0,5.0,0.0,0.0,3.0,0.0
b1917,308.0,144.703,33.0,16.0,0.19886363636363635,4.540383597612267,202.0,46.447,26.0,12.0,0.19384615384615383,6.338582174059172,2.10383791602561,0.5965671883968359,0.596,5.5254529391317835,0.0,0.0,1.0,5.0,0.0,1.0,1.0,0.0
b1918,276.0,140.08,34.0,16.0,0.12299465240641712,4.366747863146184,155.0,40.974,19.0,12.0,0.21052631578947367,5.075608379325158,1.0338256939533104,0.5759834275107544,0.6171171171171171,5.407171771460119,3.0,0.0,0.0,5.0,0.0,1.0,1.0,0.0
b1919,178.0,41.251,6.0,6.0,0.4,1.0790015961198283,135.0,25.642,3.0,3.0,1.0,1.0849303361324583,2.5365710672276234,0.5853300568506351,0.5426829268292683,5.796057750765372,0.0,1.0,1.0,5.0,0.0,0.0,3.0,0.0
b1920,290.0,145.405,30.0,16.0,0.2689655172413793,3.4108499071091622,150.0,35.137,18.0,12.0,0.38562091503267976,4.287319816381525,3.281717240248659,0.6778305682469198,0.5037593984962406,5.58724865840025,0.0,0.0,0.0,5.0,0.0,0.0,2.0,0.0
b1921,109.0,56.947,38.0,30.0,0.7425320056899004,3.105158579592556,67.0,37.328,26.0,22.0,0.8184615384615385,3.033073287200694,1.5753033334223991,0.5969237337614939,0.5191256830601093,5.214935757608986,0.0,0.0,0.0,3.0,0.0,0.0,2.0,0.0
b1922,380.0,141.882,62.0,34.0,0.5441565309360127,4.878183419614547,279.0,78.69,46.0,29.0,0.7188405797101449,5.126590578565951,1.6776981814745107,0.5623020641846901,0.5774058577405857,5.480638923341991,0.0,0.0,0.0,5.0,1.0,0.0,3.0,0.0
b1923,509.0,187.667,74.0,34.0,0.39429840799703814,6.436474114931726,214.0,60.331,36.0,28.0,0.8253968253968254,3.8089512017496756,3.2676433273421868,0.5927238289181993,0.4397590361445783,6.212606095751519,0.0,0.0,0.0,3.0,0.0,0.0,2.0,0.0
b1924,267.0,100.936,52.0,34.0,0.753393665158371,3.9379947136486777,230.0,83.586,48.0,29.0,0.6843971631205674,5.138556162227273,1.8156441491319655,0.5887889599425371,0.6282051282051282,6.150602768446279,0.0,0.0,0.0,4.0,0.0,0.0,1.0,0.0
b1925,212.0,86.926,50.0,34.0,0.793469387755102,3.7484323187781423,179.0,71.813,49.0,29.0,0.6828231292517006,5.230834166819944,0.7474118078864233,0.5370670827249076,0.5882352941176471,4.919980925828125,0.0,0.0,0.0,2.0,1.0,0.0,1.0,0.0
b1926,75.0,47.159,37.0,31.0,0.8033033033033034,2.9709882296021504,63.0,34.328,17.0,15.0,0.6911764705882353,2.5832771839381405,0.0,0.6021418589622598,0.628099173553719,4.804021044733257,0.0,0.0,0.0,2.0,1.0,0.0,1.0,0.0
b1927,281.0,74.444,8.0,8.0,0.6428571428571429,1.3861889384786616,236.0,45.789,1.0,1.0,0.0,0.5778143933761622,1.5039268041935103,0.622566460337737,0.5555555555555556,6.206575926724928,0.0,1.0,1.0,3.0,1.0,0.0,3.0,0.0
b1928,26.0,9.253,0.0,0.0,0.0,0.0,8.0,2.21,0.0,0.0,0.0,0.0,2.2577025683766574,0.6357263202130623,0.6496350364963503,4.927253685157205,0.0,0.0,0.0,2.0,0.0,1.0,0.0,0.0
b1929,200.0,45.539,1.0,1.0,0.0,0.7439914023256796,188.0,42.641,1.0,1.0,0.0,1.1735899205701066,1.2151085810530933,0.650588046647702,0.6384039900249376,5.996452088619021,10.0,0.0,0.0,2.0,0.0,1.0,0.0,0.0
b1930,231.0,54.602,4.0,2.0,0.16666666666666666,1.7201250502000138,207.0,43.08,2.0,1.0,0.0,1.70214862620471,2.4639079129384838,0.6300129136855891,0.5324675324675324,4.356708826689592,0.0,0.0,0.0,2.0,0.0,0.0,0.0,0.0
b1931,179.0,38.707,2.0,2.0,0.0,0.9790924249074557,171.0,35.835,0.0,0.0,0.0,0.0,-0.749579997691106,0.5498003793482614,0.45045045045045046,5.407171771460119,0.0,0.0,2.0,5.0,0.0,0.0,0.0,0.0
b1932,130.0,39.257,10.0,6.0,0.4888888888888889,2.744275256484028,109.0,19.86,0.0,0.0,0.0,0.0,1.0831441431430522,0.5043093488526366,0.4276729559748428,5.075173815233827,0.0,0.0,1.0,2.0,0.0,0.0,0.0,0.0
b1935,0.0,0.0,0.0,0.0,0.0,0.0,0.0,0.0,0.0,0.0,0.0,0.0,0.0,0.0,0.0,4.762173934797756,0.0,0.0,0.0,1.0,0.0,0.0,0.0,0.0
b1936,0.0,0.0,0.0,0.0,0.0,0.0,0.0,0.0,0.0,0.0,0.0,0.0,0.0,0.0,0.0,4.532599493153256,0.0,0.0,0.0,1.0,0.0,0.0,0.0,0.0
b1937,264.0,93.801,40.0,34.0,0.9153846153846154,3.0504768314459993,221.0,73.663,37.0,29.0,0.8753753753753754,3.939000655851296,-0.6861327796308465,0.6028501870898255,0.5865384615384616,4.653960350157523,0.0,0.0,0.0,2.0,0.0,0.0,1.0,0.0
b1938,200.0,87.216,47.0,34.0,0.8177613320999075,3.5627768669655895,168.0,70.777,37.0,29.0,0.8873873873873874,3.8588334757744724,1.0572856444182146,0.6101694986751268,0.5579710144927537,6.315358001522335,2.0,0.0,0.0,4.0,0.0,1.0,1.0,0.0
b1939,237.0,102.507,53.0,34.0,0.7111756168359942,4.085583728171789,165.0,70.834,45.0,29.0,0.6828282828282828,5.334074879060871,1.5417040232842882,0.658977996798508,0.6646525679758308,5.805134968916488,0.0,0.0,0.0,5.0,1.0,1.0,2.0,0.0
b1940,327.0,113.746,42.0,34.0,0.9361207897793263,3.0695498970176547,315.0,103.966,35.0,29.0,0.9058823529411765,3.6811265119134426,0.5502283530550941,0.5763442871037311,0.5789473684210527,5.43372200355424,0.0,0.0,0.0,3.0,1.0,0.0,1.0,0.0
b1941,173.0,81.708,44.0,34.0,0.8551797040169133,3.25668091509732,149.0,63.914,37.0,29.0,0.8873873873873874,3.8587009320499166,0.7972675408307164,0.6026101520497578,0.6236323851203501,6.126869184114185,0.0,0.0,1.0,4.0,1.0,0.0,1.0,0.0
b1942,278.0,94.957,45.0,34.0,0.8636363636363636,3.297509567031109,267.0,86.998,36.0,29.0,0.8396825396825397,3.893703925588961,0.012837224705172217,0.6533592488538797,0.5782312925170068,4.997212273764115,0.0,0.0,0.0,3.0,1.0,1.0,1.0,0.0
b1943,289.0,99.011,45.0,34.0,0.8858585858585859,3.2776330335775747,270.0,89.415,36.0,29.0,0.9111111111111111,3.740777588449235,-0.6439741428068773,0.5036609584704862,0.5466666666666666,5.929589143389895,0.0,0.0,0.0,3.0,0.0,0.0,1.0,0.0
b1944,342.0,116.337,46.0,34.0,0.8338164251207729,3.5504961984977657,287.0,95.558,39.0,29.0,0.8178137651821862,4.145064808897641,1.4331295175804857,0.5543442481827361,0.6038961038961039,5.043425116919247,1.0,0.0,0.0,3.0,0.0,1.0,1.0,0.0
b1945,281.0,112.692,52.0,34.0,0.7413273001508296,3.8842365273524395,184.0,74.809,44.0,29.0,0.7769556025369979,4.579122217929507,1.5810389487721672,0.6708211247696586,0.6407185628742516,5.814130531825066,0.0,0.0,0.0,5.0,0.0,1.0,2.0,0.0
b1946,201.0,92.449,47.0,34.0,0.8418131359851989,3.460511666024523,165.0,73.279,43.0,29.0,0.778516057585825,4.488119123029183,2.1072438975789747,0.6422897250816387,0.656934306569343,4.927253685157205,0.0,0.0,0.0,3.0,1.0,1.0,2.0,0.0
b1947,230.0,80.738,45.0,34.0,0.8575757575757575,3.389603552455906,225.0,74.467,33.0,29.0,0.8560606060606061,3.5802451945651415,0.47712125471966244,0.49851709825043816,0.5371900826446281,4.804021044733257,1.0,0.0,0.0,3.0,0.0,1.0,1.0,0.0
b1948,148.0,71.774,43.0,34.0,0.8516057585825028,3.2526019188452566,131.0,61.153,35.0,29.0,0.9294117647058824,3.6432066293960217,0.20682587603184974,0.5368162799416015,0.6530612244897959,5.5053315359323625,4.0,0.0,0.0,3.0,0.0,1.0,1.0,0.0
b1949,146.0,69.044,39.0,34.0,0.9298245614035088,2.871167066419913,127.0,57.68,32.0,29.0,0.9778225806451613,3.3521493209050077,0.0,0.5069203219494032,0.6853932584269663,4.499809670330265,2.0,0.0,0.0,3.0,0.0,1.0,1.0,0.0
b1950,108.0,56.723,38.0,34.0,0.9431009957325747,2.8020944564939585,96.0,45.573,31.0,29.0,0.9827956989247312,3.250853496167807,0.0,0.5427320398556114,0.5325670498084292,5.568344503761097,8.0,0.0,0.0,3.0,0.0,1.0,1.0,0.0
b1951,138.0,45.607,9.0,7.0,0.4166666666666667,1.7271579718159409,63.0,11.984,0.0,0.0,0.0,0.0,-1.6197887582883939,0.5156106681371817,0.4251207729468599,5.337538079701318,0.0,0.0,0.0,4.0,0.0,0.0,3.0,0.0
b1952,67.0,22.384,4.0,3.0,0.16666666666666666,1.742207385730192,20.0,2.413,0.0,0.0,0.0,0.0,0.0,0.5705838214964687,0.5483870967741935,4.143134726391533,0.0,0.0,0.0,1.0,0.0,0.0,0.0,0.0
b1953,141.0,46.457,9.0,6.0,0.2222222222222222,2.3594382159040292,115.0,33.299,7.0,4.0,0.23809523809523808,3.105916664018796,2.1303659372652075,0.7394307454475194,0.49333333333333335,4.330733340286331,0.0,0.0,0.0,2.0,0.0,0.0,0.0,0.0
b1954,0.0,0.0,0.0,0.0,0.0,0.0,0.0,0.0,0.0,0.0,0.0,0.0,0.0,0.0,0.0,0.0,0.0,0.0,0.0,0.0,0.0,0.0,1.0,0.0
b1955,274.0,77.225,5.0,4.0,0.1,1.6615334675715516,254.0,67.111,5.0,4.0,0.1,2.1484790394502595,2.385624145431483,0.5402897642842232,0.5166051660516605,5.605802066295998,0.0,1.0,1.0,3.0,1.0,0.0,2.0,0.0
b1956,250.0,72.264,18.0,13.0,0.21568627450980393,3.1271590600750403,219.0,54.943,14.0,11.0,0.08791208791208792,3.6352471145507623,0.6242820958356683,0.5581174026987957,0.5549645390070922,6.336825731146441,2.0,1.0,1.0,5.0,0.0,1.0,1.0,0.0
b1957,156.0,52.69,1.0,1.0,0.0,0.44370011679361854,148.0,41.973,1.0,1.0,0.0,0.6815341396528769,0.9712758487381052,0.518462336355123,0.5333333333333333,4.110873864173311,0.0,0.0,0.0,1.0,0.0,0.0,0.0,0.0
b1958,88.0,22.466,4.0,2.0,0.0,2.1460098107551406,78.0,16.803,1.0,1.0,0.0,0.6695245406559377,0.967547976218862,0.5761644064046529,0.6131147540983607,5.723585101952381,6.0,0.0,0.0,2.0,0.0,1.0,0.0,0.0
b1959,188.0,40.048,0.0,0.0,0.0,0.0,156.0,28.893,0.0,0.0,0.0,0.0,-0.2218487496163564,0.5378750253821988,0.6013071895424836,5.726847747587197,10.0,0.0,0.0,2.0,0.0,1.0,0.0,0.0
b1960,140.0,34.234,3.0,3.0,0.3333333333333333,0.8802169736937642,108.0,19.484,1.0,1.0,0.0,2.9922202274087373,-0.0004345117740176917,0.5968049448906783,0.6217948717948718,5.056245805348308,0.0,1.0,1.0,4.0,0.0,0.0,0.0,0.0
b1961,225.0,53.144,6.0,4.0,0.13333333333333333,1.982099381018447,207.0,40.378,1.0,1.0,0.0,2.9922202274087373,0.7126497016272114,0.6494398348731284,0.5466101694915254,6.159095388491933,0.0,0.0,1.0,3.0,0.0,0.0,2.0,0.0
b1962,277.0,64.437,2.0,1.0,0.0,1.539008371622304,230.0,42.327,1.0,1.0,0.0,2.9922202274087373,0.5314789170422551,0.6040518721793279,0.5930735930735931,5.44673737166631,0.0,0.0,0.0,1.0,0.0,0.0,0.0,0.0
b1963,20.0,7.333,1.0,1.0,0.0,1.0406222330037758,5.0,1.833,1.0,1.0,0.0,2.9922202274087373,0.0,0.4285201416035367,0.57,4.61512051684126,2.0,0.0,0.0,5.0,0.0,1.0,0.0,0.0
b1967,344.0,109.222,26.0,12.0,0.2953846153846154,3.9584300763389133,304.0,67.807,4.0,4.0,1.0,1.5232374209793562,2.8651098994913253,0.5694798537312521,0.4876325088339223,5.648974238161206,0.0,0.0,4.0,5.0,1.0,0.0,3.0,0.0
b1968,201.0,59.523,12.0,8.0,0.015151515151515152,2.279285794045317,189.0,46.756,11.0,4.0,0.01818181818181818,4.998791967093237,0.34635297445063856,0.44042190618091587,0.3805309734513274,6.115892125483034,2.0,0.0,1.0,5.0,0.0,1.0,1.0,0.0
b1969,177.0,54.542,7.0,5.0,0.0,1.6173949224802946,131.0,31.127,4.0,4.0,0.0,2.008239390792282,0.741151598851785,0.42226842493642275,0.4304932735426009,5.4116460518550396,0.0,0.0,0.0,4.0,1.0,0.0,1.0,0.0
b1970,175.0,46.907,4.0,3.0,0.16666666666666666,1.2460854308226181,130.0,30.395,4.0,2.0,0.16666666666666666,4.02666892339194,1.3730959870787272,0.46542208597432116,0.39416058394160586,4.927253685157205,0.0,0.0,1.0,5.0,0.0,0.0,4.0,1.0
b1971,208.0,53.401,10.0,7.0,0.2,2.2391291168305925,166.0,29.765,2.0,2.0,1.0,2.277737080927827,1.3484995702838378,0.570153446136795,0.5359281437125748,5.814130531825066,0.0,1.0,1.0,5.0,0.0,1.0,1.0,0.0
b1972,159.0,37.372,2.0,2.0,1.0,0.8303535420080229,124.0,25.476,2.0,2.0,1.0,2.277737080927827,0.08990511143939793,0.49365506373520773,0.5450236966824644,5.356586274672012,6.0,1.0,0.0,5.0,0.0,1.0,1.0,0.0
b1973,199.0,51.75,7.0,5.0,0.38095238095238093,2.1913788374308574,154.0,35.402,6.0,3.0,0.26666666666666666,3.598213038525643,2.6053158225454203,0.5320754798454402,0.3148148148148148,5.37989735354046,0.0,0.0,0.0,5.0,1.0,0.0,0.0,0.0
b1974,193.0,42.172,2.0,2.0,1.0,0.8979825383254747,160.0,32.619,2.0,2.0,1.0,1.4690775521618575,-0.6777807052660807,0.4866124387361029,0.4090909090909091,5.176149732573829,4.0,1.0,0.0,3.0,0.0,1.0,0.0,0.0
b1975,0.0,0.0,0.0,0.0,0.0,0.0,0.0,0.0,0.0,0.0,0.0,0.0,0.0,0.0,0.0,0.0,0.0,0.0,0.0,0.0,0.0,0.0,1.0,1.0
b1976,279.0,59.876,1.0,1.0,0.0,0.6686105603525058,247.0,50.051,0.0,0.0,0.0,0.0,2.1238842934600077,0.47823745846810684,0.4,5.583496308781699,0.0,1.0,1.0,5.0,1.0,0.0,0.0,0.0
b1977,0.0,0.0,0.0,0.0,0.0,0.0,0.0,0.0,0.0,0.0,0.0,0.0,0.0,0.0,0.0,0.0,0.0,0.0,0.0,0.0,0.0,0.0,1.0,1.0
b1978,353.0,81.563,1.0,1.0,0.0,0.5862726327825871,307.0,60.923,0.0,0.0,0.0,0.0,-1.7695510786217261,0.5258913883349228,0.5096194955109021,7.757906208351747,0.0,0.0,0.0,4.0,0.0,1.0,0.0,0.0
b1981,96.0,26.682,1.0,1.0,0.0,0.5189801282538521,62.0,11.412,0.0,0.0,0.0,0.0,1.628491104967123,0.493974367120661,0.5136986301369864,6.0844994130751715,12.0,0.0,0.0,4.0,0.0,1.0,0.0,0.0
b1982,252.0,64.362,14.0,13.0,0.7802197802197802,1.8874038871949368,225.0,38.19,0.0,0.0,0.0,0.0,1.8426716337607885,0.5389930587491079,0.4607438016528926,6.184148890937483,0.0,0.0,1.0,5.0,0.0,0.0,3.0,1.0
b1983,263.0,62.873,1.0,1.0,0.0,0.6290176956749699,238.0,53.651,0.0,0.0,0.0,0.0,2.290056882303366,0.5020593587759227,0.2773109243697479,5.476463551931511,0.0,0.0,0.0,2.0,1.0,0.0,0.0,0.0
b1984,0.0,0.0,0.0,0.0,0.0,0.0,0.0,0.0,0.0,0.0,0.0,0.0,0.0,0.0,0.0,0.0,0.0,0.0,0.0,0.0,0.0,0.0,1.0,1.0
b1985,240.0,56.845,0.0,0.0,0.0,0.0,208.0,42.604,0.0,0.0,0.0,0.0,0.3443922736851107,0.43968665283709824,0.4990859232175503,6.306275286948016,11.0,0.0,0.0,4.0,0.0,1.0,0.0,0.0
b1986,0.0,0.0,0.0,0.0,0.0,0.0,0.0,0.0,0.0,0.0,0.0,0.0,0.0,0.0,0.0,0.0,0.0,0.0,0.0,0.0,0.0,0.0,1.0,1.0
b1987,168.0,40.321,1.0,1.0,0.0,0.6289008230763853,165.0,39.894,1.0,1.0,0.0,0.9855256741256432,-0.1824346304402192,0.5072119249145509,0.4588607594936709,5.75890177387728,0.0,0.0,0.0,3.0,0.0,0.0,0.0,0.0
b1988,192.0,51.104,9.0,5.0,0.16666666666666666,2.6809029050219104,175.0,44.712,7.0,3.0,0.09523809523809523,4.408128055254295,0.0,0.44928990089997656,0.4524590163934426,5.723585101952381,0.0,0.0,0.0,3.0,0.0,0.0,0.0,0.0
b1989,0.0,0.0,0.0,0.0,0.0,0.0,0.0,0.0,0.0,0.0,0.0,0.0,0.0,0.0,0.0,0.0,0.0,0.0,0.0,0.0,0.0,0.0,1.0,1.0
b1990,212.0,53.98,3.0,3.0,0.3333333333333333,0.9403150092684428,195.0,42.666,0.0,0.0,0.0,0.0,1.6955692270361855,0.5122181378986136,0.45161290322580644,5.739792912179234,0.0,0.0,1.0,5.0,0.0,0.0,1.0,0.0
b1991,105.0,28.559,5.0,4.0,0.6,1.4977808199312008,77.0,17.145,4.0,3.0,0.8333333333333334,2.889527531724203,0.617000341120899,0.44376682887237007,0.467966573816156,5.886104031450156,0.0,0.0,1.0,3.0,0.0,0.0,3.0,1.0
b1992,146.0,41.884,7.0,4.0,0.2857142857142857,1.9552790345803914,90.0,19.885,5.0,3.0,0.5,3.8446902875991826,0.6190933306267428,0.5073363466016332,0.5384615384615384,5.5134287461649825,5.0,1.0,1.0,3.0,0.0,1.0,3.0,1.0
b1993,113.0,32.936,5.0,4.0,0.6,1.4977808199312008,70.0,16.344,4.0,3.0,0.8333333333333334,2.889527531724203,1.1401936785786313,0.4936624403721591,0.4972375690607735,5.204006687076795,0.0,0.0,2.0,4.0,0.0,0.0,3.0,1.0
b1994,39.0,15.94,1.0,1.0,0.0,1.2266076312940162,16.0,6.374,1.0,1.0,0.0,1.4402840043555225,0.1846914308175988,0.600880486319975,0.7116564417177914,5.7899601708972535,0.0,0.0,0.0,2.0,0.0,0.0,0.0,0.0
b1996,87.0,30.467,8.0,7.0,0.6071428571428571,2.2556114404407803,59.0,16.112,7.0,6.0,0.5238095238095238,2.866270207206502,0.45788189673399227,0.4857417400853809,0.5614617940199336,5.71042701737487,0.0,0.0,0.0,2.0,0.0,0.0,0.0,0.0
b1997,63.0,21.454,8.0,7.0,0.5714285714285714,2.2514841451316108,49.0,13.059,7.0,6.0,0.42857142857142855,2.894704442033112,-0.18111458540599013,0.4483568406013054,0.5371900826446281,4.804021044733257,0.0,0.0,0.0,2.0,0.0,0.0,0.0,0.0
b1999,0.0,0.0,0.0,0.0,0.0,0.0,0.0,0.0,0.0,0.0,0.0,0.0,0.0,0.0,0.0,5.4680601411351315,0.0,0.0,0.0,2.0,0.0,0.0,0.0,0.0
b2000,250.0,71.996,10.0,7.0,0.17777777777777778,2.4856559090722135,190.0,46.816,2.0,1.0,0.0,2.1081607113735337,2.68575069303535,0.563644419547237,0.6265640038498557,6.946975992135418,0.0,0.0,0.0,5.0,0.0,1.0,1.0,0.0
b2001,58.0,16.183,3.0,3.0,0.3333333333333333,1.3540904222138723,36.0,8.638,2.0,1.0,0.0,2.6879042440629943,-0.40011692792631215,0.5287671178408461,0.5450980392156862,6.236369590203704,6.0,0.0,0.0,2.0,0.0,1.0,0.0,0.0
b2002,131.0,34.943,3.0,3.0,0.3333333333333333,1.3244236729469268,120.0,28.906,1.0,1.0,0.0,1.609704735310248,0.0,0.5875578427590086,0.6554054054054054,5.003946305945459,0.0,0.0,0.0,2.0,0.0,0.0,0.0,0.0
b2003,26.0,9.937,3.0,3.0,0.3333333333333333,1.3712288612966497,16.0,3.951,0.0,0.0,0.0,0.0,0.0,0.6721889622303892,0.5205479452054794,4.30406509320417,0.0,0.0,0.0,1.0,0.0,0.0,0.0,0.0
b2004,57.0,23.489,9.0,5.0,0.19444444444444445,2.4679594422899482,15.0,3.913,0.0,0.0,0.0,0.0,0.0,0.5109999222984949,0.6557377049180327,4.812184355372417,0.0,1.0,0.0,5.0,1.0,0.0,0.0,0.0
b2005,69.0,27.409,9.0,5.0,0.25,2.168075404030351,11.0,2.653,0.0,0.0,0.0,0.0,-0.10237290870955855,0.5754600422313914,0.5967741935483871,4.8283137373023015,0.0,0.0,0.0,5.0,1.0,0.0,0.0,0.0
b2006,0.0,0.0,0.0,0.0,0.0,0.0,0.0,0.0,0.0,0.0,0.0,0.0,0.0,0.5838127392904497,0.53125,4.174387269895637,0.0,0.0,0.0,1.0,0.0,0.0,0.0,0.0
b2007,61.0,20.009,3.0,3.0,0.0,1.0386986651513257,25.0,4.161,1.0,1.0,0.0,0.7681159366421595,3.4465387203415454,0.6976795720171562,0.6238532110091743,4.700480365792417,0.0,0.0,0.0,5.0,1.0,0.0,0.0,0.0
b2008,300.0,77.796,5.0,3.0,0.1,1.8776415712911814,290.0,74.306,3.0,2.0,0.3333333333333333,2.5379470219912585,-0.6143937264016878,0.5705335567155586,0.5823863636363636,5.8664680569332965,6.0,0.0,0.0,2.0,0.0,1.0,0.0,0.0
b2009,297.0,74.489,3.0,3.0,0.0,1.2295724212775025,264.0,60.2,2.0,2.0,0.0,1.9556710959741324,2.0934567074986035,0.5660417573528297,0.5286624203821656,5.062595033026967,0.0,0.0,0.0,4.0,1.0,0.0,0.0,0.0
b2010,225.0,61.303,15.0,10.0,0.6952380952380952,2.3402848172763506,199.0,40.648,0.0,0.0,0.0,0.0,-0.4854522473397139,0.5397973598179658,0.49226804123711343,5.963579343618446,0.0,0.0,1.0,5.0,0.0,1.0,2.0,1.0
b2011,249.0,78.615,26.0,15.0,0.4153846153846154,3.460167049154184,181.0,33.149,0.0,0.0,0.0,0.0,1.2626883443016965,0.6041831182308807,0.5263157894736842,6.16541785423142,0.0,1.0,1.0,5.0,0.0,0.0,1.0,0.0
b2012,189.0,52.152,12.0,11.0,0.8333333333333334,2.1430535966485413,154.0,38.459,11.0,10.0,0.9818181818181818,3.0002776180673467,1.6010817277840232,0.6221867573554756,0.5066666666666667,4.330733340286331,0.0,0.0,0.0,3.0,0.0,0.0,0.0,0.0
b2013,152.0,42.569,13.0,11.0,0.8205128205128205,2.2635175295639858,135.0,35.83,13.0,10.0,0.8076923076923077,3.925392624943456,0.32014628611105395,0.5040932213825067,0.5170454545454546,5.8664680569332965,9.0,0.0,0.0,5.0,0.0,1.0,0.0,0.0
b2014,312.0,75.6,1.0,1.0,0.0,0.8491856082809502,292.0,63.698,1.0,1.0,0.0,2.9922202274087373,0.021189299069938092,0.6553669474726386,0.6327433628318584,6.115892125483034,12.0,0.0,0.0,5.0,0.0,1.0,0.0,0.0
b2015,203.0,48.264,2.0,2.0,0.0,0.9462446879964537,190.0,42.681,1.0,1.0,0.0,2.9922202274087373,0.35024801833416275,0.5789396076404313,0.5016181229773463,5.736572297479192,0.0,0.0,0.0,2.0,0.0,0.0,0.0,0.0
b2016,318.0,94.637,12.0,11.0,0.8333333333333334,1.3730937348881682,284.0,50.53,1.0,1.0,0.0,2.9922202274087373,2.330434067009712,0.5525276224681192,0.48175182481751827,5.616771097666572,0.0,0.0,0.0,2.0,0.0,0.0,0.0,0.0
b2017,100.0,47.242,25.0,21.0,0.76,3.4099889847628035,60.0,11.116,1.0,1.0,0.0,2.9922202274087373,1.3504418565350613,0.4819187718288833,0.5301204819277109,4.430816798843313,0.0,0.0,0.0,5.0,0.0,0.0,0.0,0.0
b2018,68.0,23.923,8.0,5.0,0.42857142857142855,1.8997669412177676,27.0,7.117,0.0,0.0,0.0,0.0,0.0,0.0,0.0,2.833213344056216,0.0,0.0,0.0,2.0,0.0,0.0,0.0,0.0
b2019,375.0,101.01,14.0,11.0,0.42857142857142855,2.07963285902137,341.0,66.093,9.0,7.0,0.6666666666666666,3.354793468234629,2.750516108716799,0.6651929946782995,0.5886287625418061,5.703782474656201,0.0,1.0,1.0,4.0,1.0,0.0,4.0,0.0
b2020,328.0,93.84,17.0,11.0,0.4411764705882353,2.3433567886876037,294.0,58.308,7.0,7.0,1.0,2.703683275460953,2.6201464695846597,0.6053605938040436,0.6405529953917051,6.075346031088684,0.0,1.0,1.0,5.0,0.0,0.0,4.0,0.0
b2021,357.0,107.946,28.0,13.0,0.3253968253968254,3.9538424538232353,327.0,72.329,14.0,7.0,0.31868131868131866,5.201919503025203,2.50651856161725,0.6302841262452517,0.6320224719101124,5.877735781779639,0.0,1.0,1.0,4.0,0.0,0.0,8.0,0.0
b2022,683.0,183.899,18.0,11.0,0.30718954248366015,2.603818035459482,641.0,116.436,7.0,7.0,1.0,2.703683275460953,2.4183178671286787,0.6927299792088072,0.6169014084507042,5.87493073085203,0.0,1.0,2.0,4.0,1.0,0.0,4.0,0.0
b2023,208.0,58.351,10.0,10.0,0.6,1.5312147301436245,188.0,43.398,7.0,7.0,1.0,2.703683275460953,2.2355536958527553,0.6535467903225004,0.6989795918367347,5.2832037287379885,0.0,0.0,2.0,5.0,1.0,0.0,4.0,0.0
b2024,349.0,94.111,10.0,10.0,0.6888888888888889,1.5460109837584104,298.0,56.831,7.0,7.0,1.0,2.703683275460953,1.9469923407483722,0.6663128600932416,0.6122448979591837,5.5053315359323625,0.0,0.0,1.0,3.0,1.0,0.0,4.0,0.0
b2025,318.0,88.923,15.0,11.0,0.4380952380952381,2.171179337052654,279.0,58.434,7.0,7.0,1.0,2.703683275460953,2.292278228672973,0.6511149053520853,0.5503875968992248,5.556828061699537,0.0,0.0,1.0,5.0,1.0,0.0,4.0,0.0
b2026,809.0,230.957,27.0,13.0,0.18233618233618235,3.654934753987658,736.0,170.032,19.0,7.0,0.13450292397660818,6.8859858242886665,2.206852850006698,0.64192610133979,0.6600985221674877,5.318119993844216,0.0,0.0,2.0,4.0,1.0,0.0,4.0,0.0
b2027,82.0,29.095,10.0,10.0,0.7111111111111111,1.6320268751274238,45.0,6.795,0.0,0.0,0.0,0.0,2.44092481708748,0.5356934756175352,0.49079754601226994,5.7899601708972535,2.0,0.0,0.0,3.0,0.0,1.0,0.0,0.0
b2028,303.0,102.232,40.0,12.0,0.2282051282051282,6.0803030786450645,243.0,52.722,11.0,7.0,0.32727272727272727,3.7696975555818684,1.0572856444182146,0.5980573549725849,0.44587628865979384,5.963579343618446,0.0,0.0,1.0,4.0,0.0,0.0,8.0,0.0
b2029,373.0,125.579,37.0,16.0,0.25675675675675674,4.9197304949381016,302.0,42.867,5.0,2.0,0.0,3.128951066500206,3.293364764855857,0.6416505604526811,0.5235042735042735,6.150602768446279,0.0,0.0,1.0,5.0,0.0,0.0,6.0,1.0
b2030,46.0,17.078,0.0,0.0,0.0,0.0,17.0,5.924,0.0,0.0,0.0,0.0,-0.22257317761068865,0.6013635961704563,0.7116564417177914,5.7899601708972535,0.0,0.0,0.0,2.0,0.0,0.0,0.0,0.0
b2032,128.0,37.327,10.0,9.0,0.8,1.9017270200085716,106.0,26.155,9.0,9.0,1.0,2.7398197933828787,1.4787107555127594,0.5201369886795636,0.260752688172043,5.921578419643816,0.0,0.0,0.0,2.0,0.0,1.0,1.0,0.0
b2033,90.0,29.101,10.0,9.0,0.8444444444444444,1.7372049385666237,81.0,23.171,9.0,9.0,1.0,2.7398197933828787,1.1109262422664203,0.4770256376071563,0.336734693877551,5.2832037287379885,0.0,0.0,1.0,2.0,0.0,0.0,0.0,0.0
b2034,142.0,40.777,10.0,9.0,0.8,2.0148196331894597,119.0,29.666,9.0,9.0,1.0,2.7398197933828787,1.8561849267271697,0.4784814802299045,0.2878787878787879,5.802118375377063,0.0,0.0,1.0,3.0,1.0,0.0,1.0,0.0
b2035,58.0,26.216,15.0,11.0,0.6952380952380952,2.385703301595095,50.0,16.247,9.0,9.0,1.0,2.7398197933828787,0.0,0.43350474651437926,0.327319587628866,5.963579343618446,9.0,0.0,0.0,2.0,0.0,1.0,0.0,0.0
b2036,165.0,56.182,18.0,11.0,0.49673202614379086,2.7893970831929646,105.0,30.205,11.0,9.0,0.7818181818181819,3.2881012241036136,2.53149169022153,0.5105468391170813,0.335149863760218,5.908082938168931,0.0,1.0,1.0,5.0,0.0,0.0,4.0,0.0
b2037,207.0,71.088,26.0,12.0,0.38461538461538464,3.9120145215350792,175.0,41.17,9.0,9.0,1.0,2.7398197933828787,0.03342375548694973,0.4003526031075781,0.2987951807228916,6.030685260261263,10.0,0.0,0.0,3.0,0.0,1.0,0.0,0.0
b2038,246.0,78.233,23.0,12.0,0.549407114624506,3.401267275180935,211.0,49.701,13.0,9.0,0.6025641025641025,3.7844905154523456,1.8312937443770096,0.47376176709805956,0.2810810810810811,5.225746673713202,0.0,0.0,1.0,5.0,0.0,0.0,6.0,0.0
b2039,152.0,55.281,21.0,12.0,0.5523809523809524,3.113226162805793,146.0,35.64,11.0,9.0,0.7636363636363637,3.289928815237737,2.4609128699872858,0.5438849405360322,0.3822525597269625,5.683579767338681,0.0,1.0,1.0,5.0,0.0,0.0,8.0,0.0
b2040,196.0,62.237,19.0,12.0,0.6198830409356725,2.857445240614226,179.0,44.359,12.0,9.0,0.6363636363636364,3.509199088174213,2.0212306584797024,0.4912644294684405,0.38127090301003347,5.703782474656201,0.0,1.0,1.0,4.0,0.0,0.0,6.0,0.0
b2041,205.0,68.269,22.0,12.0,0.5887445887445888,3.272964343270894,186.0,46.944,11.0,9.0,0.7818181818181819,3.2881012241036136,2.2695362927559666,0.5479832867964447,0.3573407202216066,5.8916442118257715,0.0,1.0,1.0,4.0,0.0,0.0,7.0,0.0
b2042,336.0,103.271,35.0,12.0,0.30756302521008405,4.981592246060782,298.0,59.492,0.0,0.0,0.0,0.0,2.7715948292874772,0.5823399934841234,0.5723905723905723,5.697093486505405,0.0,0.0,1.0,3.0,0.0,0.0,10.0,0.0
b2043,63.0,24.129,4.0,4.0,0.6666666666666666,0.9201325207675118,40.0,13.244,2.0,2.0,1.0,1.01933528832065,-0.16941133131485567,0.5781025048428912,0.5560344827586207,6.142037405587356,0.0,0.0,0.0,2.0,0.0,0.0,0.0,0.0
b2044,257.0,70.483,10.0,9.0,0.8222222222222222,1.7655234042252714,239.0,60.816,7.0,6.0,0.7619047619047619,2.3844490746655467,-0.45842075605341903,0.5994045059090591,0.6083743842364532,6.008813185442595,0.0,0.0,1.0,2.0,0.0,0.0,1.0,0.0
b2045,331.0,96.314,16.0,10.0,0.4166666666666667,2.908463088428413,311.0,87.623,13.0,7.0,0.3333333333333333,4.300488918785679,0.06069784035361165,0.6518741608858292,0.636150234741784,6.056784013228625,0.0,0.0,1.0,2.0,0.0,0.0,1.0,0.0
b2046,317.0,98.286,33.0,13.0,0.38257575757575757,4.592902704836263,286.0,71.268,13.0,10.0,0.6923076923076923,3.6761542194294385,-0.6777807052660807,0.627941068378944,0.7073170731707317,6.20050917404269,12.0,0.0,0.0,3.0,0.0,1.0,0.0,0.0
b2047,721.0,206.23,36.0,13.0,0.3476190476190476,5.078562822842691,678.0,157.192,22.0,12.0,0.3722943722943723,6.53263036346958,-0.7594507517174003,0.6589593477091361,0.6896551724137931,6.142037405587356,5.0,0.0,1.0,4.0,0.0,1.0,1.0,0.0
b2048,389.0,103.083,22.0,12.0,0.44155844155844154,3.1913105337773375,349.0,61.853,2.0,2.0,1.0,0.9362112467751018,1.4234097277330935,0.6727200148788097,0.6381578947368421,6.124683390894205,0.0,1.0,1.0,3.0,0.0,0.0,5.0,0.0
b2049,633.0,162.91,24.0,13.0,0.5,3.4485985558646948,590.0,119.519,15.0,12.0,0.7428571428571429,4.15567852633638,0.4281347940287888,0.6909985642191458,0.6108786610878661,6.171700597410915,0.0,0.0,1.0,3.0,0.0,0.0,6.0,0.0
b2050,204.0,61.525,20.0,13.0,0.6157894736842106,2.986431141528451,189.0,54.453,18.0,12.0,0.6339869281045751,4.84849842041677,-0.43062609038495414,0.6431204275906858,0.6216216216216216,6.0112671744041615,0.0,0.0,0.0,2.0,0.0,0.0,1.0,0.0
b2051,198.0,59.091,16.0,13.0,0.7916666666666666,2.5373507784824927,181.0,49.154,14.0,12.0,0.945054945054945,3.75824543886616,0.0,0.5526888174269323,0.610062893081761,5.075173815233827,0.0,1.0,1.0,5.0,0.0,0.0,0.0,0.0
b2052,221.0,83.774,30.0,13.0,0.3563218390804598,3.4198901067272467,186.0,34.319,13.0,12.0,0.9871794871794872,3.516339046643478,1.624385241420265,0.6557753326268497,0.6947040498442367,5.7745515455444085,0.0,0.0,1.0,5.0,1.0,0.0,4.0,0.0
b2053,122.0,47.731,20.0,13.0,0.6105263157894737,2.8988226423081094,96.0,26.71,15.0,12.0,0.819047619047619,4.1033460596627656,1.4984484031739997,0.6862354405700998,0.6514745308310992,5.924255797414532,0.0,1.0,1.0,5.0,0.0,0.0,4.0,0.0
b2054,101.0,36.858,16.0,13.0,0.8666666666666667,2.449639200635489,85.0,27.184,14.0,12.0,0.945054945054945,3.75824543886616,-0.33441900898204685,0.4823241519710927,0.46153846153846156,5.209486152841421,0.0,0.0,1.0,2.0,0.0,0.0,1.0,0.0
b2055,203.0,57.711,18.0,13.0,0.6862745098039216,2.987818381630664,194.0,50.691,15.0,12.0,0.8666666666666667,4.038700457853984,0.0,0.6064063112946426,0.5080645161290323,5.517452896464707,0.0,0.0,0.0,2.0,0.0,0.0,1.0,0.0
b2056,64.0,28.499,12.0,12.0,0.9848484848484849,1.8985302656007776,43.0,18.009,13.0,12.0,0.9487179487179487,3.5051124267775404,-0.44369749923271273,0.5528400532517755,0.49135802469135803,6.0063531596017325,11.0,0.0,0.0,2.0,0.0,1.0,0.0,0.0
b2057,296.0,90.145,23.0,13.0,0.4308300395256917,4.0524472813679155,279.0,83.78,23.0,12.0,0.39920948616600793,7.327903479731133,0.08635983067474821,0.6921394182140488,0.6296296296296297,6.0063531596017325,0.0,0.0,0.0,2.0,0.0,0.0,1.0,0.0
b2058,193.0,54.379,18.0,13.0,0.6013071895424836,2.661194802804431,170.0,42.461,16.0,12.0,0.6583333333333333,4.272446522619549,-0.7281583934635011,0.6847044053708724,0.6234567901234568,5.093750200806762,0.0,0.0,1.0,2.0,0.0,0.0,1.0,0.0
b2059,241.0,68.633,17.0,13.0,0.8161764705882353,2.5834172629906007,224.0,58.791,16.0,12.0,0.8,4.327048278680866,-0.5702477199975919,0.6610352883318394,0.6774193548387096,5.634789603169249,0.0,0.0,0.0,2.0,0.0,0.0,1.0,0.0
b2060,431.0,122.549,27.0,13.0,0.46153846153846156,3.9688756421313793,387.0,80.336,17.0,12.0,0.6617647058823529,4.779079365696309,-0.45842075605341903,0.6683495575596985,0.6305555555555555,6.580639137284949,2.0,0.0,1.0,5.0,0.0,1.0,1.0,0.0
b2061,193.0,60.878,16.0,12.0,0.5666666666666667,2.500001519107318,178.0,36.922,4.0,4.0,0.6666666666666666,1.6116019179495238,0.0,0.6007943220789775,0.5986394557823129,4.997212273764115,0.0,0.0,1.0,3.0,0.0,0.0,1.0,0.0
b2062,273.0,88.511,28.0,13.0,0.41005291005291006,4.084742012277269,223.0,54.386,16.0,12.0,0.6833333333333333,4.517986389282178,0.3263358609287514,0.6136012366741979,0.662269129287599,5.940171252720432,0.0,0.0,0.0,3.0,0.0,1.0,2.0,0.0
b2063,144.0,36.097,0.0,0.0,0.0,0.0,105.0,17.216,0.0,0.0,0.0,0.0,0.8325089127062363,0.5895293154726957,0.650853889943074,6.269096283706261,5.0,0.0,0.0,2.0,0.0,1.0,0.0,0.0
b2064,377.0,105.215,19.0,10.0,0.4269005847953216,3.0920245534575126,346.0,95.248,16.0,8.0,0.49166666666666664,5.990349272096013,1.1007150865730817,0.5435845187515305,0.5834683954619124,6.42648845745769,1.0,0.0,0.0,3.0,0.0,1.0,0.0,0.0
b2065,270.0,70.621,10.0,9.0,0.3111111111111111,1.7642863900416625,244.0,50.435,3.0,2.0,0.0,2.155448948813724,2.0414321646802653,0.6744939930050609,0.6683937823834197,5.267858159063328,0.0,0.0,1.0,5.0,0.0,0.0,3.0,1.0
b2066,367.0,103.846,19.0,14.0,0.5263157894736842,2.543835920331192,325.0,56.818,1.0,1.0,0.0,1.0603124207784027,1.7875313161272341,0.6076480406596435,0.568075117370892,5.365976015021851,0.0,0.0,1.0,4.0,1.0,0.0,3.0,1.0
b2067,674.0,190.709,29.0,13.0,0.2660098522167488,4.25893479718756,616.0,139.796,13.0,9.0,0.11538461538461539,3.503524691772646,0.2013971243204515,0.5599898272508139,0.6027149321266968,7.00850518208228,10.0,1.0,1.0,5.0,0.0,1.0,1.0,0.0
b2068,291.0,75.63,14.0,8.0,0.2967032967032967,2.5985959955604754,238.0,43.584,1.0,1.0,0.0,1.3787438761947695,0.4132997640812518,0.5535558188384443,0.5709219858156028,5.645446897643238,0.0,0.0,1.0,5.0,0.0,0.0,1.0,0.0
b2069,556.0,138.342,6.0,6.0,0.9333333333333333,1.049550629197459,482.0,76.567,0.0,0.0,0.0,0.0,0.9273703630390235,0.6609892103374246,0.5933333333333334,6.111467339502679,0.0,0.0,0.0,2.0,0.0,0.0,0.0,0.0
b2070,223.0,58.549,5.0,3.0,0.2,1.6771859945504874,189.0,44.735,3.0,2.0,0.3333333333333333,2.2016478773936883,0.24303804868629444,0.5281444592434653,0.4876543209876543,6.47543271670409,0.0,0.0,1.0,3.0,0.0,0.0,0.0,0.0
b2071,30.0,8.354,2.0,2.0,1.0,0.9157616455593817,27.0,5.989,0.0,0.0,0.0,0.0,1.2530955858490316,0.5425114543095335,0.43137254901960786,5.0369526024136295,0.0,0.0,0.0,1.0,0.0,0.0,0.0,0.0
b2072,309.0,80.457,11.0,6.0,0.09090909090909091,3.2661549676692374,274.0,57.932,5.0,3.0,0.3,3.0681053061128676,-0.7878123955960422,0.5265661400778751,0.549407114624506,5.537334267018537,0.0,1.0,1.0,4.0,0.0,0.0,0.0,0.0
b2073,143.0,32.539,2.0,2.0,1.0,0.9157616455593817,129.0,26.444,2.0,2.0,1.0,1.5958271236080368,-1.214670164989233,0.5421774456211351,0.4977168949771689,5.393627546352362,0.0,0.0,0.0,1.0,0.0,0.0,0.0,0.0
b2074,327.0,106.637,24.0,11.0,0.40217391304347827,4.362692262167365,303.0,84.426,11.0,6.0,0.5454545454545454,4.865532705956713,0.45484486000851015,0.6102476550105257,0.5710843373493976,6.030685260261263,0.0,0.0,0.0,4.0,0.0,1.0,1.0,0.0
b2075,225.0,73.755,26.0,11.0,0.4430769230769231,4.577376453604899,189.0,46.438,11.0,6.0,0.5454545454545454,4.735022813208316,0.00860017176191757,0.6252473557720968,0.6894230769230769,6.947937068614969,11.0,0.0,0.0,4.0,0.0,1.0,1.0,0.0
b2076,257.0,81.626,24.0,11.0,0.4855072463768116,4.215325689716489,230.0,58.747,10.0,6.0,0.6444444444444445,4.354773654143312,-0.43651891460558934,0.5880758063410304,0.6760975609756098,6.933423025730715,10.0,0.0,0.0,5.0,0.0,1.0,1.0,0.0
b2077,189.0,51.451,8.0,7.0,0.5714285714285714,1.6574074107861714,139.0,29.763,7.0,5.0,0.47619047619047616,3.280017741872684,-1.3979400086720375,0.5631588271551553,0.6942675159235668,6.156978985585555,13.0,0.0,0.0,2.0,0.0,1.0,1.0,0.0
b2078,313.0,89.583,13.0,8.0,0.32051282051282054,2.4719770575342874,290.0,69.805,10.0,5.0,0.37777777777777777,4.725622549375773,0.10720996964786837,0.6084508350672089,0.563169164882227,6.148468295917647,2.0,0.0,1.0,5.0,0.0,1.0,1.0,0.0
b2079,242.0,75.665,18.0,10.0,0.1437908496732026,3.1498018589051333,177.0,43.425,10.0,5.0,0.2222222222222222,4.407026122712566,1.7251763014191372,0.6263496204698457,0.6125,5.484796933490655,0.0,0.0,0.0,5.0,1.0,0.0,1.0,0.0
b2080,260.0,89.004,24.0,12.0,0.29347826086956524,4.908251784412903,239.0,75.632,21.0,11.0,0.34285714285714286,7.098760378432741,2.891543032662223,0.6407481269138621,0.5454545454545454,4.709530201312334,0.0,0.0,0.0,2.0,0.0,0.0,0.0,0.0
b2081,130.0,34.575,1.0,1.0,0.0,0.852004626741057,119.0,29.248,2.0,2.0,0.0,1.7860014981512722,1.8196097327515852,0.6744971374208676,0.6423841059602649,6.118097198041348,0.0,0.0,1.0,4.0,0.0,0.0,0.0,0.0
b2082,39.0,13.441,2.0,2.0,0.0,1.3208797332574607,11.0,2.804,0.0,0.0,0.0,0.0,0.0,0.5782279173738908,0.5972222222222222,4.290459441148391,0.0,0.0,0.0,2.0,0.0,0.0,0.0,0.0
b2085,35.0,12.134,2.0,2.0,0.0,1.175737835775104,12.0,1.207,0.0,0.0,0.0,0.0,1.245759355967277,0.4613098478946648,0.24761904761904763,4.663439094112067,0.0,0.0,0.0,1.0,0.0,0.0,0.0,0.0
b2086,295.0,68.997,3.0,2.0,0.0,1.5571087319833594,276.0,55.724,0.0,0.0,0.0,0.0,1.634578022853888,0.5384808306584299,0.4782608695652174,5.703782474656201,0.0,1.0,1.0,5.0,1.0,0.0,0.0,0.0
b2088,115.0,29.243,2.0,2.0,0.0,0.9092721516216632,94.0,18.303,1.0,1.0,0.0,1.4189910362806764,-0.3251388592621884,0.5754876484667538,0.48484848484848486,4.605170185988092,0.0,0.0,0.0,2.0,0.0,0.0,0.0,0.0
b2089,26.0,10.782,5.0,3.0,0.5,2.769761935210745,18.0,7.469,4.0,3.0,0.5,4.565449418536799,0.0,0.5635178128774565,0.6180555555555556,5.666426688112432,0.0,0.0,0.0,2.0,0.0,0.0,0.0,0.0
b2091,124.0,37.078,11.0,8.0,0.41818181818181815,2.2311371940532334,106.0,25.35,5.0,4.0,0.6,2.3654872072546014,3.0090299956849034,0.5370322232528321,0.4682080924855491,5.849324779946859,0.0,1.0,1.0,4.0,0.0,0.0,2.0,0.0
b2092,0.0,0.0,0.0,0.0,0.0,0.0,0.0,0.0,0.0,0.0,0.0,0.0,0.0,0.0,0.0,6.113682179832232,10.0,0.0,0.0,5.0,0.0,1.0,0.0,0.0
b2093,154.0,44.681,11.0,8.0,0.6181818181818182,2.2781161008904207,127.0,33.109,8.0,5.0,0.5714285714285714,3.4424680296323515,3.6432562125054178,0.5956663575671464,0.40425531914893614,4.553876891600541,0.0,0.0,1.0,5.0,1.0,0.0,3.0,0.0
b2094,181.0,53.637,12.0,8.0,0.5151515151515151,2.5653922364102457,168.0,46.593,9.0,5.0,0.5555555555555556,3.8024940571583175,3.316182195916308,0.4860322975548004,0.42,5.017279836814924,0.0,0.0,0.0,4.0,1.0,0.0,3.0,0.0
b2095,163.0,45.391,11.0,7.0,0.4909090909090909,2.199920762340465,142.0,33.324,5.0,4.0,0.6,2.454601111070302,3.5265990008757186,0.599983751072766,0.4738095238095238,6.042632833682381,0.0,0.0,0.0,3.0,0.0,0.0,2.0,0.0
b2096,299.0,86.397,15.0,8.0,0.3142857142857143,2.6998004333515375,261.0,46.889,6.0,4.0,0.4,3.089837474955257,3.764027355443601,0.5701369689200311,0.5915492957746479,5.652489180268651,0.0,1.0,1.0,4.0,0.0,0.0,2.0,0.0
b2097,285.0,109.871,52.0,18.0,0.334841628959276,6.623565352088543,243.0,64.923,16.0,11.0,0.675,4.825242849510291,2.9772707887412415,0.5759974798620671,0.5485714285714286,5.860786223465865,0.0,0.0,1.0,5.0,1.0,0.0,10.0,1.0
b2098,167.0,37.674,2.0,2.0,1.0,1.2960402270882658,149.0,32.877,2.0,2.0,1.0,2.9922202274087373,-0.15989390554324215,0.5982350158575062,0.6188235294117647,6.054439346269371,11.0,0.0,0.0,2.0,0.0,1.0,0.0,0.0
b2099,216.0,46.686,2.0,2.0,1.0,1.2960402270882658,211.0,46.587,2.0,2.0,1.0,2.9922202274087373,1.0417873189717517,0.58040363747026,0.5658682634730539,5.814130531825066,0.0,0.0,1.0,1.0,0.0,0.0,0.0,0.0
b2100,249.0,60.299,6.0,3.0,0.26666666666666666,2.56274697641241,236.0,52.452,2.0,2.0,1.0,2.9922202274087373,0.43775056282038793,0.541103135963953,0.5950155763239875,5.7745515455444085,0.0,0.0,1.0,2.0,0.0,0.0,0.0,0.0
b2101,189.0,47.347,3.0,3.0,0.3333333333333333,0.884098114795544,180.0,43.158,3.0,3.0,0.3333333333333333,1.8338248085488258,0.2528530309798932,0.5897730725094558,0.5725806451612904,5.517452896464707,0.0,0.0,0.0,3.0,0.0,0.0,0.0,0.0
b2102,106.0,22.418,0.0,0.0,0.0,0.0,105.0,22.905,0.0,0.0,0.0,0.0,0.43933269383026263,0.5188986542439119,0.5073529411764706,5.60947179518496,0.0,0.0,0.0,2.0,0.0,0.0,0.0,0.0
b2103,234.0,63.591,12.0,8.0,0.5303030303030303,2.334053908515974,209.0,39.483,8.0,6.0,0.5714285714285714,4.160843656707731,2.5158870841952674,0.51578458721198,0.5488721804511278,5.58724865840025,0.0,0.0,2.0,5.0,0.0,0.0,3.0,1.0
b2104,128.0,38.896,9.0,7.0,0.6111111111111112,2.014311893365043,84.0,21.344,8.0,6.0,0.75,3.771629500871066,2.4424954472826017,0.4817798459509349,0.4847328244274809,5.572154032177765,0.0,1.0,1.0,4.0,0.0,0.0,4.0,1.0
b2105,190.0,48.308,7.0,5.0,0.38095238095238093,1.969193480595941,152.0,30.558,1.0,1.0,0.0,2.9922202274087373,1.6938148538894167,0.6244640209477578,0.5111111111111111,4.51085950651685,0.0,0.0,0.0,3.0,1.0,0.0,0.0,0.0
b2106,254.0,58.544,5.0,4.0,0.3,1.4748658382650686,204.0,39.933,1.0,1.0,0.0,2.9922202274087373,0.0,0.5697726621126163,0.5656934306569343,5.616771097666572,6.0,0.0,0.0,4.0,0.0,1.0,0.0,0.0
b2107,52.0,15.794,2.0,2.0,1.0,0.8663767198402277,26.0,3.937,0.0,0.0,0.0,0.0,2.2966871237724016,0.5481353126548387,0.6071428571428571,4.727387818712341,0.0,0.0,0.0,5.0,0.0,0.0,0.0,0.0
b2108,59.0,18.606,3.0,3.0,1.0,1.1328375930984451,29.0,5.685,2.0,2.0,1.0,1.165898017105009,0.0,0.47320667963179897,0.3546511627906977,5.84354441703136,0.0,0.0,0.0,3.0,0.0,0.0,0.0,0.0
b2109,310.0,81.459,14.0,9.0,0.14285714285714285,3.685986583120626,296.0,72.365,13.0,9.0,0.1282051282051282,5.4014445035391105,-1.1674910872937636,0.5426002840848965,0.43946731234866826,6.717804695023691,0.0,0.0,0.0,3.0,0.0,1.0,1.0,0.0
b2110,233.0,65.136,15.0,9.0,0.14285714285714285,3.878052760708561,218.0,55.394,11.0,9.0,0.14545454545454545,4.711644156830217,0.021189299069938092,0.5408822172556318,0.39330543933054396,5.480638923341991,0.0,0.0,0.0,3.0,0.0,0.0,0.0,0.0
b2111,81.0,26.5,4.0,3.0,0.6666666666666666,1.467931999720835,34.0,4.848,1.0,1.0,0.0,0.812820903107488,-0.321481620959886,0.5656081485699819,0.3333333333333333,5.198497031265826,0.0,0.0,0.0,3.0,0.0,0.0,0.0,0.0
b2112,41.0,13.263,1.0,1.0,0.0,0.6375303105856603,26.0,5.946,0.0,0.0,0.0,0.0,0.6242820958356683,0.46451686897725536,0.3763440860215054,4.543294782270004,0.0,0.0,0.0,1.0,0.0,0.0,0.0,0.0
b2113,293.0,73.557,6.0,6.0,0.06666666666666667,1.1107323354340914,253.0,46.055,3.0,3.0,0.0,1.3051005320096571,2.1430460433375877,0.6065673306393713,0.6205962059620597,5.91350300563827,0.0,0.0,0.0,3.0,0.0,0.0,0.0,0.0
b2114,1107.0,353.718,38.0,18.0,0.34708392603129445,3.6884588816704102,1072.0,254.549,8.0,5.0,0.21428571428571427,3.174011833920754,2.6608749603126194,0.6869297049780524,0.6262924667651403,6.519147287940395,0.0,1.0,1.0,5.0,1.0,0.0,3.0,1.0
b2115,0.0,0.0,0.0,0.0,0.0,0.0,0.0,0.0,0.0,0.0,0.0,0.0,0.0,0.49685862871127373,0.4416058394160584,5.616771097666572,0.0,0.0,0.0,2.0,0.0,0.0,0.0,0.0
b2118,351.0,114.34,27.0,11.0,0.1794871794871795,5.45616907483024,331.0,102.48,19.0,9.0,0.29239766081871343,6.060267515108078,0.24054924828259971,0.5319556925365104,0.5082644628099173,7.099201743553092,0.0,0.0,0.0,1.0,0.0,0.0,0.0,0.0
b2119,200.0,50.851,7.0,4.0,0.3333333333333333,2.9687038656488878,180.0,41.997,4.0,4.0,1.0,2.0254948807696933,-0.12320502379929942,0.5581422364556694,0.5441988950276243,5.8944028342648505,0.0,0.0,0.0,2.0,0.0,0.0,0.0,0.0
b2120,177.0,45.388,5.0,4.0,0.7,1.9649600803217047,158.0,37.63,4.0,4.0,1.0,2.0254948807696933,-0.5783960731301689,0.518894761517768,0.5507246376811594,6.633318433280377,0.0,0.0,0.0,2.0,0.0,0.0,0.0,0.0
b2121,135.0,36.898,4.0,4.0,1.0,1.5825005356940456,102.0,24.21,4.0,4.0,1.0,2.0254948807696933,0.04139268515822508,0.5609319015717358,0.5687830687830688,5.937536205082426,0.0,0.0,0.0,1.0,0.0,0.0,0.0,0.0
b2122,0.0,0.0,0.0,0.0,0.0,0.0,0.0,0.0,0.0,0.0,0.0,0.0,0.0,0.5287218580267068,0.5488599348534202,6.421622267806518,0.0,0.0,0.0,2.0,0.0,0.0,0.0,0.0
b2123,26.0,7.939,1.0,1.0,0.0,0.6190615265449003,8.0,1.055,0.0,0.0,0.0,0.0,0.7024305364455253,0.6105114356684619,0.45098039215686275,5.0369526024136295,0.0,0.0,0.0,2.0,0.0,1.0,0.0,0.0
b2124,261.0,81.138,22.0,14.0,0.41125541125541126,3.8750492342505054,241.0,72.24,17.0,14.0,0.6838235294117647,4.479427540031989,1.0648322197385738,0.6706799000233891,0.5448717948717948,5.056245805348308,0.0,0.0,0.0,1.0,0.0,0.0,0.0,0.0
b2125,180.0,48.645,8.0,5.0,0.21428571428571427,2.0758160102030927,152.0,30.012,2.0,2.0,0.0,1.9601840021357684,1.616055194976586,0.6344309301960619,0.5355648535564853,5.480638923341991,0.0,0.0,0.0,4.0,0.0,0.0,1.0,0.0
b2126,124.0,33.752,6.0,5.0,0.4,1.8262596072379949,99.0,22.163,2.0,2.0,0.0,2.017337703901377,0.09691001300805642,0.546076824148719,0.5739750445632799,6.331501849893691,6.0,0.0,1.0,5.0,0.0,1.0,1.0,0.0
b2127,312.0,86.27,14.0,11.0,0.34065934065934067,2.261638270746033,255.0,51.232,1.0,1.0,0.0,0.9263597781677236,0.7168377232995244,0.5877019056052216,0.5720164609053497,5.497168225293202,0.0,0.0,0.0,4.0,0.0,0.0,1.0,0.0
b2128,261.0,122.304,7.0,5.0,0.38095238095238093,2.0087555439918723,127.0,20.379,4.0,3.0,0.6666666666666666,2.0787673008941407,0.17318626841227402,0.5503656119446713,0.6172839506172839,5.497168225293202,6.0,0.0,0.0,4.0,0.0,1.0,1.0,0.0
b2129,309.0,137.141,13.0,9.0,0.07692307692307693,2.481022598117734,205.0,36.01,9.0,6.0,0.08333333333333333,3.3675480439804484,0.8305886686851442,0.5990777173596764,0.5746753246753247,5.733341276897746,0.0,0.0,1.0,4.0,0.0,0.0,1.0,0.0
b2130,268.0,126.323,9.0,5.0,0.2222222222222222,2.771413872026081,126.0,19.533,4.0,3.0,0.6666666666666666,2.0787673008941407,-1.3010299956639813,0.5757596401831138,0.6545454545454545,5.955837369464831,10.0,0.0,0.0,4.0,0.0,1.0,1.0,0.0
b2131,392.0,153.526,6.0,5.0,0.7333333333333333,1.4670184065715335,234.0,45.064,4.0,3.0,0.5,2.19384781129791,2.522457275186833,0.5389607038879827,0.580327868852459,5.723585101952381,0.0,0.0,0.0,3.0,0.0,0.0,1.0,0.0
b2132,187.0,51.639,7.0,6.0,0.7142857142857143,1.4287597313579787,159.0,32.739,0.0,0.0,0.0,0.0,1.7443712273318606,0.6475992910243185,0.6261437908496732,6.641182169740591,0.0,0.0,1.0,4.0,0.0,0.0,6.0,0.0
b2133,240.0,76.405,27.0,18.0,0.6809116809116809,3.22495896042338,194.0,29.458,0.0,0.0,0.0,0.0,2.522457275186833,0.6390776343247375,0.5971978984238179,6.349138991379798,0.0,1.0,1.0,5.0,1.0,1.0,3.0,0.0
b2134,233.0,64.379,12.0,9.0,0.5303030303030303,1.9826074003810832,213.0,41.269,0.0,0.0,0.0,0.0,0.711807229041191,0.637331310077989,0.5612903225806452,5.739792912179234,0.0,0.0,1.0,4.0,0.0,0.0,0.0,0.0
b2135,311.0,77.704,5.0,4.0,0.2,1.3810277263497301,284.0,66.433,3.0,2.0,0.3333333333333333,2.1687580563620945,0.5105450102066121,0.6243259446183268,0.6461538461538462,5.278114659230517,5.0,0.0,0.0,2.0,0.0,1.0,0.0,0.0
b2136,147.0,31.665,5.0,4.0,0.6,1.6475735966102987,139.0,27.182,1.0,1.0,0.0,2.3754623539078814,-1.0457574905606752,0.6274632600597645,0.6302083333333334,5.262690188904886,3.0,0.0,0.0,2.0,0.0,1.0,0.0,0.0
b2137,262.0,69.626,2.0,2.0,0.0,0.8300444453274903,233.0,43.986,0.0,0.0,0.0,0.0,1.847634344318255,0.5460996291053971,0.6047430830039525,5.537334267018537,0.0,0.0,1.0,2.0,0.0,0.0,0.0,0.0
b2139,0.0,0.0,0.0,0.0,0.0,0.0,0.0,0.0,0.0,0.0,0.0,0.0,0.0,0.0,0.0,6.171700597410915,0.0,0.0,0.0,3.0,0.0,1.0,0.0,0.0
b2140,245.0,61.46,1.0,1.0,0.0,0.5241858871860199,219.0,45.035,0.0,0.0,0.0,0.0,0.11727129565576427,0.5825700965915596,0.6,5.755742213586912,0.0,1.0,1.0,5.0,0.0,0.0,0.0,0.0
b2141,218.0,49.401,3.0,2.0,0.0,1.3898660794605706,187.0,36.689,1.0,1.0,0.0,1.6170775340380958,-0.9746941347352298,0.5793670200470443,0.5606060606060606,4.890349128221754,4.0,0.0,0.0,2.0,0.0,1.0,0.0,0.0
b2142,176.0,42.391,2.0,2.0,0.0,0.9109740416798889,135.0,28.981,2.0,1.0,0.0,2.7342933764149087,0.725094521081469,0.546879942319283,0.6147186147186147,5.44673737166631,6.0,0.0,0.0,2.0,0.0,1.0,0.0,0.0
b2143,379.0,102.752,21.0,14.0,0.42857142857142855,3.4854260381242583,330.0,62.601,3.0,1.0,0.0,3.2066396598725997,2.681250285083047,0.5623213045248117,0.5612244897959183,5.68697535633982,0.0,1.0,1.0,5.0,0.0,0.0,3.0,1.0
b2144,166.0,40.078,2.0,1.0,0.0,1.8392363235115268,132.0,27.853,1.0,1.0,0.0,2.9922202274087373,0.6522463410033232,0.5667451791736137,0.49372384937238495,5.480638923341991,1.0,0.0,0.0,4.0,0.0,1.0,0.0,0.0
b2145,16.0,7.741,3.0,2.0,0.0,1.7679422587358402,7.0,3.191,1.0,1.0,0.0,2.9922202274087373,-1.8239087409443189,0.5580556492105334,0.43037974683544306,4.382026634673881,1.0,0.0,0.0,1.0,0.0,1.0,0.0,0.0
b2146,153.0,47.915,20.0,11.0,0.3105263157894737,3.1905379734386923,124.0,24.029,4.0,4.0,0.0,1.5661014473770998,1.6425634371043878,0.5510291517063698,0.5097087378640777,6.023447592961033,0.0,0.0,1.0,5.0,0.0,0.0,4.0,1.0
b2147,657.0,174.075,26.0,14.0,0.26461538461538464,3.800955902151233,612.0,117.867,16.0,8.0,0.24166666666666667,5.197234148760882,1.6097011023793995,0.6137711693380236,0.5790754257907542,6.021023349349527,0.0,1.0,1.0,5.0,0.0,0.0,4.0,1.0
b2148,266.0,126.971,15.0,15.0,0.5619047619047619,2.1649112998151065,122.0,27.981,11.0,10.0,0.07272727272727272,3.353967986456791,0.4471580313422192,0.5995934414455282,0.6279761904761905,5.820082930352362,9.0,0.0,0.0,4.0,0.0,1.0,1.0,0.0
b2149,304.0,140.75,20.0,15.0,0.42105263157894735,2.9055920416886964,163.0,37.854,13.0,10.0,0.1282051282051282,4.263007279610548,2.1303659372652075,0.5549464310174897,0.5039525691699605,6.2285110035911835,0.0,0.0,1.0,4.0,0.0,1.0,1.0,0.0
b2150,414.0,170.888,31.0,15.0,0.3204301075268817,4.113188978417522,262.0,57.96,10.0,8.0,0.2222222222222222,3.145420711360786,3.364552871352002,0.6446068033410642,0.5843373493975904,5.808142489980444,0.0,0.0,0.0,5.0,0.0,0.0,2.0,0.0
b2151,188.0,50.477,4.0,4.0,0.3333333333333333,0.9652660249253453,137.0,26.05,1.0,1.0,0.0,0.7271130186312751,0.08278537031645007,0.5913624559975001,0.546242774566474,5.849324779946859,0.0,0.0,0.0,3.0,0.0,0.0,0.0,0.0
b2152,255.0,64.716,4.0,3.0,0.16666666666666666,1.3501602789995695,230.0,53.798,3.0,3.0,0.3333333333333333,1.4292446538517507,-0.34198860334288755,0.5190104673120416,0.6311688311688312,5.955837369464831,9.0,0.0,0.0,2.0,0.0,1.0,0.0,0.0
b2153,375.0,114.48,28.0,11.0,0.2222222222222222,4.05387216812931,336.0,63.787,6.0,4.0,0.4,2.8099305146662896,2.95424733490676,0.6509807410175558,0.5855855855855856,5.407171771460119,0.0,0.0,1.0,5.0,0.0,0.0,3.0,1.0
b2154,93.0,30.313,8.0,6.0,0.35714285714285715,1.6243728940431805,64.0,12.433,1.0,1.0,0.0,1.6934766077240782,1.6721902511882525,0.6357127755208206,0.6115107913669064,5.631211781821365,0.0,0.0,1.0,5.0,0.0,0.0,4.0,0.0
b2155,281.0,83.039,21.0,13.0,0.6047619047619047,3.1077639431168937,236.0,58.013,13.0,9.0,0.7692307692307693,3.856861481498967,2.5078693588926737,0.6408761971285792,0.5912518853695324,6.498282149476434,0.0,0.0,0.0,4.0,0.0,1.0,0.0,0.0
b2156,98.0,29.961,9.0,6.0,0.19444444444444445,1.8658597545489115,73.0,11.982,0.0,0.0,0.0,0.0,0.8221680793680175,0.6633246819657844,0.6421267893660532,6.194405391104672,12.0,0.0,0.0,5.0,0.0,1.0,0.0,0.0
b2157,143.0,42.761,5.0,4.0,0.0,1.7551569957943869,110.0,27.517,3.0,2.0,0.0,2.3709488786921757,1.1075491297446862,0.5646220105395451,0.5665529010238908,5.683579767338681,0.0,0.0,0.0,3.0,0.0,0.0,0.0,0.0
b2158,134.0,29.652,3.0,2.0,0.3333333333333333,1.7762918652195254,113.0,22.667,1.0,1.0,0.0,1.1205603460548437,-0.7423214251308154,0.5996579944218662,0.6189111747851003,5.857933154483459,8.0,0.0,0.0,2.0,0.0,1.0,0.0,0.0
b2159,252.0,72.267,15.0,10.0,0.3523809523809524,2.4402238435301444,205.0,33.05,1.0,1.0,0.0,2.099809266095953,1.2530955858490316,0.6182075125873606,0.5578947368421052,5.655991810819852,0.0,1.0,1.0,5.0,0.0,0.0,1.0,0.0
b2160,435.0,102.793,4.0,4.0,0.0,0.99880893732167,414.0,77.693,2.0,1.0,0.0,3.8846311887215226,0.6739419986340878,0.5925865639903511,0.5497237569060773,5.8944028342648505,0.0,0.0,1.0,2.0,0.0,0.0,0.0,0.0
b2161,67.0,15.607,0.0,0.0,0.0,0.0,46.0,8.066,0.0,0.0,0.0,0.0,-0.1106982974936897,0.5335735021540327,0.5456730769230769,6.0330862217988015,8.0,0.0,0.0,3.0,0.0,1.0,0.0,0.0
b2162,86.0,39.235,26.0,14.0,0.48923076923076925,3.422410913804155,49.0,9.37,1.0,1.0,0.0,0.9399302059774151,0.0,0.6007335674388948,0.5846645367412141,5.749392985908253,0.0,1.0,1.0,5.0,0.0,0.0,3.0,1.0
b2163,249.0,59.209,1.0,1.0,0.0,0.5049226186346145,226.0,43.198,0.0,0.0,0.0,0.0,-0.6777807052660807,0.5239898724416499,0.4885844748858447,5.393627546352362,0.0,1.0,0.0,3.0,1.0,0.0,0.0,0.0
b2164,72.0,20.709,3.0,3.0,0.3333333333333333,1.2107492084396747,44.0,7.978,0.0,0.0,0.0,0.0,-0.8041003475907662,0.568028810136342,0.5625,6.0330862217988015,8.0,0.0,0.0,3.0,0.0,1.0,0.0,0.0
b2165,79.0,26.694,13.0,10.0,0.5897435897435898,2.527615626848001,59.0,12.97,2.0,1.0,0.0,3.8846311887215226,1.2506639194632436,0.6063151600070926,0.483974358974359,5.746203190540153,0.0,1.0,1.0,5.0,0.0,0.0,2.0,1.0
b2166,181.0,47.566,4.0,3.0,0.3333333333333333,1.5405268163240728,159.0,33.426,1.0,1.0,0.0,2.099809266095953,0.5538830266438743,0.5233697893231977,0.4536741214057508,5.749392985908253,0.0,0.0,1.0,3.0,0.0,0.0,2.0,1.0
b2167,299.0,92.349,20.0,10.0,0.3473684210526316,3.200485946371448,187.0,34.013,7.0,5.0,0.47619047619047616,2.897027859954719,2.170291058625393,0.6202108950845643,0.5506216696269982,6.335054251498059,9.0,0.0,1.0,5.0,0.0,1.0,4.0,0.0
b2168,253.0,85.219,27.0,10.0,0.20797720797720798,4.447366399753289,213.0,57.458,13.0,5.0,0.3076923076923077,5.161467488937733,2.155366406646704,0.6135164685468855,0.5384615384615384,5.746203190540153,0.0,1.0,1.0,5.0,0.0,0.0,3.0,0.0
b2169,348.0,99.254,19.0,10.0,0.4152046783625731,3.1993396682505004,283.0,66.299,11.0,5.0,0.3090909090909091,4.843834226260778,2.367374559874197,0.588392708896896,0.574468085106383,5.932245187448011,0.0,0.0,0.0,4.0,1.0,0.0,1.0,0.0
b2170,272.0,62.501,0.0,0.0,0.0,0.0,245.0,50.936,0.0,0.0,0.0,0.0,0.0,0.5653654814567454,0.6183206106870229,5.976350909297934,12.0,0.0,0.0,4.0,0.0,1.0,0.0,0.0
b2171,567.0,180.229,46.0,40.0,0.7555555555555555,3.3731384887759486,543.0,141.205,20.0,18.0,0.8052631578947368,2.7070020889885176,2.5775032889572613,0.6583700881064545,0.5473684210526316,5.25227342804663,0.0,0.0,0.0,5.0,1.0,0.0,0.0,0.0
b2172,90.0,25.452,3.0,3.0,0.3333333333333333,0.8831091068210769,77.0,18.513,1.0,1.0,0.0,0.8830138701133528,0.5158738437116791,0.5870680641726314,0.5245901639344263,6.192362489474872,0.0,0.0,1.0,2.0,0.0,0.0,0.0,0.0
b2173,203.0,52.909,9.0,6.0,0.08333333333333333,1.958149602323463,173.0,36.192,2.0,2.0,0.0,0.891743054725059,0.8767949762007006,0.5432038332551454,0.5884146341463414,5.796057750765372,0.0,0.0,1.0,4.0,0.0,0.0,0.0,0.0
b2174,333.0,96.047,13.0,9.0,0.4230769230769231,2.326960094576307,304.0,76.417,0.0,0.0,0.0,0.0,0.8280150642239769,0.5110844431737418,0.5021097046413502,5.472270673671475,5.0,0.0,1.0,5.0,0.0,1.0,1.0,1.0
b2175,178.0,52.306,11.0,9.0,0.43636363636363634,1.8902617118618317,153.0,31.099,0.0,0.0,0.0,0.0,0.6344772701607315,0.5641384314684003,0.425531914893617,5.241747015059643,0.0,0.0,2.0,5.0,0.0,1.0,0.0,0.0
b2176,147.0,47.963,17.0,13.0,0.13970588235294118,2.711600677514762,136.0,41.388,17.0,11.0,0.04411764705882353,4.354350917154254,0.6190933306267428,0.5770696365455983,0.5714285714285714,6.251903883165888,2.0,0.0,1.0,3.0,0.0,1.0,0.0,0.0
b2177,289.0,128.528,6.0,6.0,0.4,1.0793523100227693,161.0,28.413,5.0,4.0,0.4,1.9325386373967646,-0.14508697769214446,0.596700724976095,0.5894039735099338,6.405228458030842,0.0,0.0,0.0,5.0,0.0,0.0,1.0,0.0
b2178,250.0,120.213,14.0,13.0,0.46153846153846156,1.9768986386069265,117.0,23.822,4.0,4.0,0.6666666666666666,1.5524912541350133,-0.640164517660112,0.6530754406450099,0.6071428571428571,5.8998973535824915,6.0,0.0,0.0,5.0,0.0,1.0,1.0,0.0
b2179,256.0,122.873,19.0,15.0,0.47368421052631576,2.638731972926663,142.0,27.281,4.0,4.0,0.5,1.543893814820193,0.08635983067474821,0.5384019771456399,0.6041055718475073,5.834810737062605,6.0,0.0,0.0,4.0,0.0,1.0,1.0,0.0
b2180,260.0,125.311,17.0,15.0,0.5441176470588235,2.2545273223940256,111.0,26.199,11.0,8.0,0.2727272727272727,2.9762315950642235,0.6434526764861874,0.5382408097484057,0.5217391304347826,6.272877006546167,0.0,0.0,1.0,5.0,0.0,1.0,1.0,0.0
b2181,58.0,19.182,0.0,0.0,0.0,0.0,17.0,4.122,0.0,0.0,0.0,0.0,0.8627275283179746,0.5365549267317574,0.4824561403508772,4.74493212836325,0.0,0.0,0.0,1.0,0.0,0.0,0.0,0.0
b2182,113.0,24.039,1.0,1.0,0.0,0.5691696501014478,102.0,21.137,1.0,1.0,0.0,2.9922202274087373,1.4655315569735499,0.5731883990980591,0.6363636363636364,5.983936280687191,12.0,0.0,0.0,5.0,0.0,1.0,0.0,0.0
b2183,258.0,69.959,8.0,6.0,0.42857142857142855,1.8291786449557172,241.0,56.087,1.0,1.0,0.0,2.9922202274087373,2.1072438975789747,0.6259838046241992,0.5151515151515151,5.44673737166631,0.0,0.0,1.0,5.0,0.0,0.0,0.0,0.0
b2184,269.0,73.274,16.0,11.0,0.225,2.5610392032480793,234.0,47.319,3.0,2.0,0.3333333333333333,1.6240921820924326,0.001300933020418072,0.617983015484709,0.5494880546075085,6.375024819828097,0.0,1.0,1.0,5.0,0.0,0.0,0.0,0.0
b2185,568.0,221.909,111.0,61.0,0.666011466011466,6.98476153225372,534.0,168.038,63.0,51.0,0.7214541730670763,6.733932603591408,3.7330374859921602,0.617354275642649,0.5851063829787234,4.553876891600541,0.0,0.0,0.0,5.0,0.0,0.0,1.0,1.0
b2186,336.0,82.814,6.0,6.0,0.6,1.2243306757664942,309.0,75.25,4.0,4.0,1.0,1.7378822460435068,2.0086427475652853,0.6204387046648272,0.591044776119403,5.817111159963204,0.0,0.0,0.0,3.0,1.0,0.0,0.0,0.0
b2187,286.0,91.294,23.0,11.0,0.3557312252964427,3.848532880123557,279.0,90.823,23.0,8.0,0.33992094861660077,8.205738663919504,2.220134249570252,0.581893771276711,0.6133333333333333,4.330733340286331,0.0,0.0,0.0,2.0,0.0,0.0,0.0,0.0
b2188,344.0,93.111,7.0,6.0,0.5714285714285714,1.3988742734267539,320.0,82.498,4.0,4.0,1.0,1.7378822460435068,0.6989700043360189,0.5927099287908363,0.6143344709897611,6.375024819828097,5.0,0.0,1.0,5.0,0.0,1.0,0.0,0.0
b2189,0.0,0.0,0.0,0.0,0.0,0.0,0.0,0.0,0.0,0.0,0.0,0.0,0.0,0.0,0.0,0.0,0.0,0.0,0.0,0.0,0.0,0.0,1.0,1.0
b2190,0.0,0.0,0.0,0.0,0.0,0.0,0.0,0.0,0.0,0.0,0.0,0.0,0.0,0.0,0.0,6.761572768804055,0.0,0.0,0.0,2.0,0.0,1.0,0.0,0.0
b2192,40.0,17.682,6.0,5.0,0.8,2.989009321228127,18.0,7.972,6.0,5.0,0.8,3.727147120241406,-0.22257317761068865,0.6013635961704563,0.7116564417177914,5.7899601708972535,0.0,0.0,0.0,2.0,0.0,0.0,0.0,0.0
b2193,172.0,49.338,7.0,6.0,0.047619047619047616,1.5703307036379128,127.0,26.015,4.0,4.0,0.0,2.50220939652868,1.7033773685123494,0.608045261570951,0.5534883720930233,5.375278407684165,0.0,0.0,0.0,3.0,0.0,0.0,1.0,0.0
b2194,181.0,51.733,15.0,10.0,0.6761904761904762,2.5315698521236345,168.0,46.633,13.0,9.0,0.7948717948717948,3.6412194565597362,1.0417873189717517,0.6254173513040577,0.6028571428571429,5.860786223465865,2.0,0.0,0.0,3.0,0.0,1.0,0.0,0.0
b2195,452.0,127.929,29.0,10.0,0.22660098522167488,4.629136486856234,359.0,59.502,13.0,9.0,0.7307692307692307,3.722536278019872,0.401400540781544,0.6809864325882717,0.6270270270270271,5.225746673713202,1.0,0.0,0.0,4.0,0.0,1.0,0.0,0.0
b2196,108.0,35.838,13.0,10.0,0.6666666666666666,2.250537091271138,79.0,25.136,11.0,9.0,0.8909090909090909,3.117407210025094,0.27184160653649897,0.6148803062272743,0.6692426584234931,6.473890696352274,15.0,0.0,0.0,4.0,0.0,1.0,0.0,0.0
b2197,341.0,145.873,16.0,10.0,0.6333333333333333,2.693779841470543,155.0,35.438,13.0,9.0,0.7692307692307693,3.651995815963717,0.22010808804005508,0.6620376831714362,0.5786163522012578,5.075173815233827,1.0,0.0,0.0,5.0,0.0,1.0,0.0,0.0
b2198,470.0,183.398,14.0,10.0,0.5054945054945055,2.3534480326060265,297.0,79.968,14.0,9.0,0.5164835164835165,4.103953215702182,0.0,0.5736269028876845,0.5942028985507246,4.248495242049359,1.0,0.0,0.0,3.0,0.0,1.0,1.0,0.0
b2199,388.0,159.444,13.0,10.0,0.782051282051282,2.238875334906242,228.0,45.971,13.0,9.0,0.7948717948717948,3.645217733147712,-0.9030899869919435,0.635710717299907,0.636734693877551,5.5053315359323625,6.0,0.0,0.0,4.0,0.0,1.0,1.0,0.0
b2200,333.0,144.31,19.0,10.0,0.49707602339181284,3.1266322510078584,142.0,34.682,16.0,9.0,0.6833333333333333,4.423013742880048,-0.5543957967264024,0.5059842491046599,0.6227272727272727,5.3981627015177525,6.0,0.0,0.0,3.0,0.0,1.0,1.0,0.0
b2201,427.0,166.097,19.0,10.0,0.5087719298245614,3.1746570636702174,273.0,60.157,16.0,9.0,0.6833333333333333,4.423013742880048,0.04139268515822508,0.5002744956962468,0.5893719806763285,5.337538079701318,0.0,0.0,1.0,4.0,0.0,1.0,1.0,0.0
b2202,140.0,45.286,15.0,10.0,0.6761904761904762,2.5325660128828114,125.0,35.423,13.0,9.0,0.7948717948717948,3.629684841313146,0.617000341120899,0.6491661299677173,0.625,5.303304908059076,1.0,0.0,0.0,3.0,0.0,1.0,0.0,0.0
b2203,155.0,56.463,29.0,12.0,0.3866995073891626,4.436644035611474,144.0,40.832,16.0,9.0,0.6583333333333333,4.5477569980004375,-0.6968039425795111,0.6566362855194098,0.610738255033557,5.0106352940962555,0.0,0.0,0.0,5.0,0.0,0.0,4.0,0.0
b2204,178.0,53.421,18.0,10.0,0.5424836601307189,3.01543849896033,166.0,45.355,18.0,9.0,0.5228758169934641,5.2499900109946624,-1.4202164033831899,0.6139620402827088,0.6341463414634146,5.662960480135946,4.0,1.0,0.0,4.0,0.0,1.0,0.0,0.0
b2205,140.0,47.613,14.0,9.0,0.5714285714285714,2.3965652591851954,126.0,37.707,11.0,8.0,0.7454545454545455,3.3236124332886625,-0.8446639625349381,0.5737540980596625,0.6363636363636364,5.44673737166631,0.0,1.0,0.0,4.0,0.0,0.0,0.0,0.0
b2206,189.0,68.724,29.0,12.0,0.33497536945812806,4.506125849798574,164.0,42.169,15.0,8.0,0.4,4.622520148587902,1.1433271299920464,0.6972674726453224,0.6606280193236715,6.720220155135295,0.0,1.0,1.0,5.0,0.0,0.0,4.0,0.0
b2207,103.0,39.365,9.0,9.0,0.7777777777777778,1.6539121686273113,68.0,22.196,8.0,8.0,1.0,2.4122740411487196,-0.790484985457369,0.631911417317986,0.6206896551724138,4.477336814478207,0.0,0.0,0.0,4.0,1.0,0.0,0.0,0.0
b2208,338.0,101.197,20.0,10.0,0.3473684210526316,3.2804136867649456,297.0,66.301,13.0,8.0,0.6923076923076923,3.8173312498984058,0.0,0.581832201771901,0.5853658536585366,5.10594547390058,0.0,1.0,0.0,4.0,1.0,1.0,0.0,0.0
b2209,215.0,48.911,0.0,0.0,0.0,0.0,182.0,39.029,0.0,0.0,0.0,0.0,1.6893976628212823,0.614204028952754,0.5617283950617284,5.093750200806762,0.0,0.0,0.0,5.0,0.0,0.0,0.0,0.0
b2210,226.0,76.456,32.0,19.0,0.45161290322580644,3.573606327631297,169.0,27.836,0.0,0.0,0.0,0.0,0.7347998295888469,0.6094286528079268,0.6222627737226277,6.3080984415095305,0.0,1.0,1.0,4.0,0.0,0.0,6.0,1.0
b2211,478.0,175.803,5.0,4.0,0.4,1.1567481474971142,287.0,58.449,3.0,2.0,0.3333333333333333,2.620850423167388,0.26951294421791633,0.5951726647603616,0.6270566727605119,6.306275286948016,6.0,0.0,0.0,4.0,0.0,1.0,1.0,0.0
b2212,201.0,50.955,5.0,4.0,0.5,1.3421556192288284,136.0,27.506,2.0,2.0,1.0,2.122713280897283,1.161667412437736,0.5516030996281357,0.5231481481481481,5.37989735354046,0.0,1.0,1.0,5.0,0.0,0.0,0.0,0.0
b2213,519.0,121.251,4.0,4.0,0.3333333333333333,1.0515707346905194,508.0,102.791,3.0,2.0,0.3333333333333333,3.269277708142531,-0.9430951486635274,0.5245590251067969,0.5932203389830508,5.872117789475416,0.0,1.0,2.0,5.0,0.0,0.0,0.0,0.0
b2214,192.0,47.887,6.0,6.0,1.0,1.6232796931256515,168.0,37.56,5.0,5.0,1.0,2.5413725483529315,0.2764618041732441,0.6319771076805081,0.5954415954415955,5.863631175598097,0.0,1.0,1.0,5.0,0.0,1.0,0.0,0.0
b2215,566.0,198.942,47.0,14.0,0.22109158186864014,6.36114011194647,459.0,115.58,15.0,8.0,0.3619047619047619,5.535193272392804,3.2403020793761064,0.6274056862023882,0.5722070844686649,5.908082938168931,16.0,0.0,0.0,5.0,0.0,1.0,2.0,0.0
b2216,603.0,182.903,25.0,11.0,0.23333333333333334,4.149852031171747,529.0,139.889,13.0,8.0,0.3974358974358974,5.240682729812078,1.3386556655787003,0.5833862956873371,0.5595505617977528,6.792344427470809,2.0,0.0,1.0,5.0,0.0,1.0,2.0,0.0
b2217,304.0,99.231,18.0,11.0,0.20915032679738563,3.238894034853024,213.0,35.838,3.0,3.0,0.0,1.8264989851170386,2.8175719797755616,0.6343614425577297,0.5787037037037037,5.37989735354046,0.0,0.0,0.0,5.0,0.0,0.0,2.0,0.0
b2218,653.0,188.531,22.0,11.0,0.29004329004329005,3.473698461731761,544.0,112.723,1.0,1.0,0.0,0.97054475484492,0.6414741105040995,0.5633437635126624,0.5848261327713382,6.856461984594587,2.0,0.0,1.0,5.0,0.0,1.0,2.0,0.0
b2219,249.0,66.342,1.0,1.0,0.0,0.6217156145681489,224.0,56.632,1.0,1.0,0.0,1.2072985943362378,-0.638272163982407,0.5619996437830054,0.49835526315789475,6.411818267709897,2.0,0.0,1.0,5.0,0.0,1.0,1.0,0.0
b2220,212.0,61.983,5.0,4.0,0.1,1.4534659650455395,167.0,41.43,2.0,1.0,0.0,1.784831346755123,0.6374897295125107,0.5587482344365846,0.5140997830802603,6.135564891081739,0.0,0.0,0.0,5.0,1.0,1.0,1.0,0.0
b2221,113.0,33.579,10.0,8.0,0.5555555555555556,1.8021197473987784,97.0,19.206,3.0,3.0,1.0,2.092297605046453,-0.9956786262173575,0.5255787429414043,0.55,5.3981627015177525,0.0,0.0,1.0,5.0,1.0,1.0,6.0,0.0
b2222,121.0,35.76,10.0,8.0,0.5555555555555556,1.8021197473987784,105.0,20.714,3.0,3.0,1.0,2.092297605046453,0.843855422623161,0.5424983254642334,0.5277777777777778,5.37989735354046,0.0,0.0,1.0,5.0,1.0,1.0,6.0,0.0
b2223,118.0,26.11,3.0,3.0,1.0,0.7817978406907312,103.0,21.839,3.0,3.0,1.0,2.092297605046453,-0.5466816599529623,0.5284715192027882,0.6090909090909091,6.089044875446846,12.0,0.0,0.0,2.0,0.0,1.0,1.0,0.0
b2224,188.0,81.091,48.0,23.0,0.38652482269503546,5.746788412806808,138.0,24.86,6.0,3.0,0.26666666666666666,3.2176217606546653,-0.1655792963184674,0.5127129649016331,0.4949238578680203,5.978885764901122,0.0,0.0,1.0,3.0,1.0,0.0,16.0,0.0
b2225,186.0,44.496,3.0,3.0,1.0,1.7856687796262303,175.0,40.783,1.0,1.0,0.0,2.9922202274087373,0.0,0.5603113793723832,0.5658914728682171,5.556828061699537,0.0,0.0,0.0,1.0,0.0,0.0,0.0,0.0
b2226,7.0,4.048,3.0,3.0,1.0,1.7856687796262303,6.0,2.143,1.0,1.0,0.0,2.9922202274087373,0.3996737214810381,0.5139105824584342,0.5792349726775956,6.309918278226516,0.0,0.0,0.0,1.0,0.0,0.0,0.0,0.0
b2229,62.0,21.762,4.0,3.0,0.5,2.1554927061631513,22.0,4.823,1.0,1.0,0.0,2.9922202274087373,0.0,0.5863052590283889,0.5942028985507246,5.337538079701318,0.0,0.0,0.0,1.0,0.0,0.0,0.0,0.0
b2230,19.0,8.523,4.0,3.0,0.5,2.0500669476735074,14.0,4.448,1.0,1.0,0.0,2.9922202274087373,0.48713837547718647,0.576779204285362,0.5658362989323843,6.333279628139691,0.0,0.0,0.0,1.0,0.0,0.0,0.0,0.0
b2231,705.0,245.512,48.0,18.0,0.1773049645390071,5.45176036817055,557.0,120.209,3.0,3.0,0.0,1.3130505249510542,2.653222164656599,0.6653192365471569,0.5885714285714285,6.775366090936392,0.0,0.0,1.0,5.0,1.0,0.0,0.0,0.0
b2232,254.0,69.43,13.0,8.0,0.47435897435897434,2.6171236444704773,223.0,48.839,3.0,2.0,0.0,2.2746619577491445,2.1173044466410027,0.6642282522135384,0.6333333333333333,5.484796933490655,0.0,0.0,2.0,5.0,1.0,0.0,4.0,1.0
b2233,424.0,140.166,32.0,13.0,0.22983870967741934,5.176665059877686,290.0,68.599,5.0,3.0,0.0,3.2317202494605937,-0.8096683018297085,0.5487337684220562,0.5168,7.1316985104669115,0.0,0.0,0.0,5.0,0.0,1.0,0.0,0.0
b2234,332.0,93.604,21.0,12.0,0.37142857142857144,2.8019989630284483,287.0,53.285,3.0,2.0,0.3333333333333333,2.8614794967199595,2.540341990301657,0.6912398719010427,0.657030223390276,6.635946555686647,0.0,0.0,1.0,5.0,0.0,0.0,4.0,1.0
b2235,245.0,68.394,15.0,12.0,0.6,1.9984977716507488,207.0,38.362,2.0,2.0,1.0,2.2357536059649377,2.352201819659416,0.7014852838776989,0.6303191489361702,5.932245187448011,0.0,1.0,1.0,5.0,0.0,0.0,4.0,1.0
b2236,327.0,93.989,11.0,8.0,0.21818181818181817,2.1949328582459637,233.0,40.443,3.0,2.0,0.3333333333333333,3.424442087745771,0.0,0.6078095260667464,0.5833333333333334,4.442651256490317,0.0,1.0,0.0,3.0,0.0,0.0,0.0,0.0
b2237,272.0,70.418,7.0,6.0,0.09523809523809523,1.5292628308635579,86.0,8.364,0.0,0.0,0.0,0.0,0.22530928172586284,0.6116604312058654,0.5185185185185185,5.37989735354046,0.0,0.0,0.0,2.0,0.0,0.0,0.0,0.0
b2238,0.0,0.0,0.0,0.0,0.0,0.0,0.0,0.0,0.0,0.0,0.0,0.0,0.0,0.0,0.0,4.23410650459726,0.0,0.0,0.0,1.0,0.0,0.0,0.0,0.0
b2239,267.0,68.77,12.0,10.0,0.42424242424242425,2.056423491214113,235.0,46.707,7.0,6.0,0.9523809523809523,3.2625541352126515,2.632467415481234,0.6272086283520535,0.5027932960893855,5.883322388488279,0.0,1.0,1.0,5.0,0.0,0.0,1.0,0.0
b2240,165.0,49.479,16.0,10.0,0.21666666666666667,2.8526236013956905,116.0,23.455,7.0,6.0,0.9523809523809523,3.2625541352126515,1.9420576838413952,0.6070411878589563,0.6194690265486725,6.115892125483034,12.0,0.0,0.0,4.0,0.0,1.0,0.0,0.0
b2241,215.0,63.332,15.0,10.0,0.5904761904761905,2.555451807321435,184.0,38.771,7.0,6.0,0.9523809523809523,3.2625541352126515,2.4048508144913168,0.6128041429919734,0.5867158671586716,6.297109319933935,0.0,1.0,1.0,5.0,0.0,1.0,3.0,0.0
b2242,259.0,73.616,15.0,10.0,0.5904761904761905,2.555451807321435,232.0,54.604,7.0,6.0,0.9523809523809523,3.2625541352126515,2.1430460433375877,0.5593434443323119,0.5513126491646778,6.040254711277414,0.0,1.0,1.0,4.0,0.0,1.0,3.0,0.0
b2243,191.0,57.002,17.0,10.0,0.45588235294117646,2.941350412102087,171.0,38.879,8.0,6.0,0.5357142857142857,3.9473860626464585,1.9952402018628155,0.6323125925042441,0.6262626262626263,5.983936280687191,0.0,0.0,0.0,4.0,0.0,1.0,3.0,0.0
b2244,242.0,52.88,0.0,0.0,0.0,0.0,232.0,50.074,0.0,0.0,0.0,0.0,0.0,0.5424612210177026,0.5217391304347826,5.703782474656201,0.0,0.0,0.0,2.0,0.0,0.0,0.0,0.0
b2245,105.0,30.918,8.0,5.0,0.17857142857142858,2.386968319038993,80.0,18.03,3.0,2.0,0.3333333333333333,2.3557132275154533,1.0047511555910011,0.5528942100090924,0.5318352059925093,5.5909869805108565,0.0,1.0,1.0,5.0,0.0,0.0,3.0,0.0
b2246,162.0,39.231,4.0,3.0,0.5,1.531575356082441,158.0,37.944,3.0,2.0,0.3333333333333333,2.4444617662293116,0.0,0.5395569637061516,0.5477855477855478,6.063785208687608,10.0,0.0,0.0,2.0,0.0,1.0,0.0,0.0
b2247,100.0,28.088,7.0,5.0,0.23809523809523808,2.22095146992826,91.0,21.19,3.0,2.0,0.3333333333333333,2.8897300665915338,-0.13430394008392949,0.6248205085341217,0.5635910224438903,5.996452088619021,0.0,1.0,1.0,5.0,0.0,0.0,3.0,0.0
b2248,86.0,23.842,3.0,3.0,1.0,1.2287073726044908,59.0,14.745,1.0,1.0,0.0,1.269692112623186,-0.321481620959886,0.5155742497492856,0.5269230769230769,5.564520407322694,0.0,0.0,0.0,2.0,0.0,0.0,0.0,0.0
b2249,305.0,69.262,2.0,2.0,0.0,0.8487928974279408,268.0,52.607,1.0,1.0,0.0,1.1928552169764912,1.606488850442648,0.5588478103067587,0.565,5.993961427306569,0.0,0.0,0.0,2.0,0.0,0.0,0.0,0.0
b2250,47.0,17.155,1.0,1.0,0.0,0.9951924520630044,10.0,2.572,0.0,0.0,0.0,0.0,0.6053050461411094,0.5603438055304177,0.5555555555555556,5.198497031265826,0.0,0.0,0.0,2.0,0.0,1.0,0.0,0.0
b2251,250.0,64.113,1.0,1.0,0.0,0.695160963092748,220.0,44.581,0.0,0.0,0.0,0.0,0.11058971029924898,0.5712435306047087,0.475177304964539,4.955827057601261,0.0,1.0,4.0,5.0,0.0,0.0,0.0,0.0
b2252,201.0,68.364,11.0,9.0,0.45454545454545453,1.84375810796526,179.0,54.511,6.0,6.0,0.4666666666666667,2.163005634061793,1.6740340004312548,0.5467734283663287,0.4,5.303304908059076,0.0,0.0,1.0,3.0,0.0,0.0,0.0,0.0
b2253,187.0,56.436,13.0,9.0,0.5641025641025641,2.1655583196278534,173.0,40.107,7.0,6.0,0.7142857142857143,3.088683002082718,2.075583455193813,0.5320579827022696,0.5038961038961038,5.955837369464831,0.0,1.0,1.0,4.0,0.0,0.0,5.0,0.0
b2254,173.0,50.86,11.0,8.0,0.7272727272727273,1.9077399512423723,133.0,26.51,6.0,6.0,1.0,2.813038333611999,1.1109262422664203,0.6151856732537244,0.5559006211180124,5.777652323222656,2.0,0.0,1.0,4.0,0.0,1.0,3.0,0.0
b2255,960.0,267.994,29.0,18.0,0.45320197044334976,3.0477320391985847,923.0,183.954,8.0,6.0,0.5714285714285714,3.7607371258634084,1.6274682724597096,0.6475399023100317,0.5318181818181819,6.493753839851686,0.0,0.0,2.0,5.0,0.0,0.0,4.0,0.0
b2256,273.0,67.751,8.0,7.0,0.8571428571428571,1.491788983987634,256.0,59.638,7.0,6.0,0.7619047619047619,3.1372032698755423,0.8129133566428556,0.6072522147316538,0.5135135135135135,5.6937321388027,0.0,0.0,1.0,4.0,0.0,0.0,3.0,0.0
b2257,407.0,112.841,22.0,11.0,0.3939393939393939,3.6353621181487545,385.0,90.967,8.0,6.0,0.5714285714285714,3.8563429908745106,-1.1674910872937636,0.5480028366771964,0.5618181818181818,6.311734809152915,12.0,0.0,1.0,4.0,0.0,1.0,2.0,1.0
b2258,52.0,19.536,7.0,7.0,1.0,1.3444347934200362,32.0,9.17,6.0,6.0,1.0,2.813038333611999,0.0,0.4647337422724576,0.5234375,4.859812404361672,4.0,0.0,0.0,5.0,0.0,1.0,1.0,0.0
b2259,77.0,29.944,12.0,9.0,0.7575757575757576,2.117916273142703,33.0,6.447,0.0,0.0,0.0,0.0,1.6938148538894167,0.5208125468671035,0.5340909090909091,4.48863636973214,0.0,0.0,0.0,3.0,0.0,0.0,1.0,0.0
b2260,307.0,84.555,9.0,8.0,0.7222222222222222,1.7963775739828596,238.0,48.513,7.0,7.0,1.0,2.534114032065674,0.30319605742048883,0.5334642087348109,0.5920177383592018,6.113682179832232,0.0,0.0,1.0,5.0,0.0,0.0,4.0,1.0
b2261,302.0,81.674,12.0,8.0,0.45454545454545453,2.3479042585827004,267.0,69.147,9.0,7.0,0.6111111111111112,3.2617327179863804,0.973589623427257,0.5811152076382489,0.65,5.771441123130016,0.0,1.0,1.0,4.0,0.0,0.0,4.0,1.0
b2262,236.0,70.255,12.0,8.0,0.5151515151515151,2.3111475571054956,176.0,45.362,9.0,7.0,0.6111111111111112,3.2809103106444684,2.499700825897211,0.6944173900455827,0.6456140350877193,5.655991810819852,0.0,1.0,1.0,5.0,0.0,0.0,4.0,1.0
b2263,198.0,52.418,14.0,8.0,0.3956043956043956,2.9569219471624044,178.0,36.733,7.0,7.0,1.0,2.534114032065674,0.2355284469075489,0.5365295157974572,0.5634920634920635,5.53338948872752,0.0,0.0,1.0,4.0,0.0,0.0,4.0,1.0
b2264,178.0,50.406,12.0,8.0,0.5303030303030303,2.304789463973877,135.0,31.472,9.0,7.0,0.6111111111111112,3.2355038161437375,0.4996870826184038,0.5933716543182488,0.6223021582733813,6.322565239927284,0.0,1.0,1.0,5.0,0.0,0.0,4.0,1.0
b2265,164.0,58.364,28.0,13.0,0.31216931216931215,4.169138339994347,132.0,36.283,14.0,7.0,0.3516483516483517,4.729288395935028,1.0572856444182146,0.5478275656140166,0.54292343387471,6.068425588244111,0.0,1.0,1.0,5.0,0.0,0.0,5.0,1.0
b2266,410.0,126.69,35.0,12.0,0.30756302521008405,5.9109411522601745,390.0,118.708,32.0,11.0,0.31048387096774194,9.793436396403218,2.946948177952382,0.5442915114702875,0.48514851485148514,4.624972813284271,1.0,0.0,0.0,4.0,0.0,1.0,0.0,0.0
b2267,174.0,54.547,19.0,8.0,0.3508771929824561,3.925513113448452,146.0,31.53,7.0,7.0,1.0,2.534114032065674,1.3637999454791094,0.5912065131230388,0.49019607843137253,5.0369526024136295,0.0,0.0,0.0,2.0,0.0,0.0,0.0,0.0
b2268,357.0,93.48,8.0,8.0,0.8928571428571429,1.2827834889441716,321.0,64.746,0.0,0.0,0.0,0.0,0.5693739096150459,0.5645755544032612,0.4786885245901639,5.723585101952381,0.0,1.0,1.0,5.0,0.0,0.0,0.0,0.0
b2269,97.0,28.152,2.0,2.0,0.0,0.8776343999277879,34.0,4.906,0.0,0.0,0.0,0.0,-0.5058454059815573,0.49082171008598124,0.315136476426799,6.0014148779611505,0.0,0.0,1.0,3.0,0.0,0.0,0.0,0.0
b2270,160.0,41.996,4.0,3.0,0.5,2.041788118535632,123.0,27.412,0.0,0.0,0.0,0.0,-0.21041928783557454,0.5105359056886596,0.47130434782608693,6.3561076606958915,0.0,0.0,0.0,1.0,0.0,0.0,0.0,0.0
b2271,157.0,37.793,4.0,3.0,0.8333333333333334,2.1702627673635964,124.0,24.165,0.0,0.0,0.0,0.0,-0.5718652059712112,0.4913943407266778,0.43343653250773995,5.780743515792329,1.0,0.0,0.0,2.0,0.0,1.0,0.0,0.0
b2272,121.0,33.688,6.0,3.0,0.4666666666666667,3.025124010623116,89.0,10.641,0.0,0.0,0.0,0.0,-0.0867160982395815,0.5538440937589159,0.4491017964071856,5.123963979403259,0.0,0.0,0.0,2.0,0.0,0.0,0.0,0.0
b2273,51.0,18.203,3.0,3.0,1.0,1.734800571697927,26.0,5.301,1.0,1.0,0.0,2.3754623539078814,-1.3010299956639813,0.4442866697052908,0.36134453781512604,5.476463551931511,0.0,0.0,0.0,1.0,0.0,0.0,0.0,0.0
b2274,122.0,36.103,5.0,3.0,0.7,2.670955138010411,78.0,9.064,2.0,1.0,0.0,4.225735974410449,0.0,0.5415814541139968,0.30714285714285716,4.948759890378168,0.0,0.0,0.0,1.0,0.0,0.0,0.0,0.0
b2275,108.0,32.225,4.0,3.0,0.8333333333333334,2.2182456279266987,68.0,7.14,1.0,1.0,0.0,2.3754623539078814,0.0,0.501521697976543,0.36879432624113473,5.645446897643238,0.0,0.0,0.0,1.0,0.0,0.0,0.0,0.0
b2276,282.0,100.751,29.0,15.0,0.603448275862069,3.454517876863456,190.0,40.386,17.0,12.0,0.7720588235294118,3.4830594881929136,1.3504418565350613,0.6154436053089344,0.7051546391752578,6.186208623900494,14.0,0.0,1.0,5.0,0.0,1.0,2.0,1.0
b2277,258.0,96.917,30.0,15.0,0.5793103448275863,3.5696181352512317,188.0,46.172,22.0,12.0,0.5324675324675324,4.493390744973796,0.4149733479708179,0.6113132163585033,0.7053045186640472,6.234410725718371,14.0,0.0,1.0,5.0,0.0,1.0,2.0,1.0
b2278,181.0,68.018,24.0,15.0,0.6231884057971014,2.91889559345944,131.0,37.917,14.0,12.0,0.9120879120879121,2.972611772046238,1.238297067875394,0.6430438736819201,0.7194127243066885,6.419994928147142,14.0,0.0,1.0,5.0,0.0,1.0,2.0,1.0
b2279,201.0,71.275,20.0,15.0,0.7947368421052632,2.4780410620262066,138.0,40.286,16.0,12.0,0.85,3.3757248097700314,1.9415611202360707,0.6076055917897257,0.66,4.61512051684126,3.0,0.0,1.0,5.0,0.0,1.0,2.0,1.0
b2280,143.0,56.398,18.0,15.0,0.9084967320261438,2.2573809150216215,97.0,30.613,15.0,12.0,0.8952380952380953,3.148277588279615,1.0902580529313164,0.6053060020709123,0.6358695652173914,5.220355825078324,5.0,0.0,1.0,5.0,0.0,1.0,2.0,1.0
b2281,297.0,101.887,23.0,15.0,0.6837944664031621,2.7287375358434183,240.0,58.855,12.0,12.0,1.0,2.6153673362023193,2.44092481708748,0.6532908664284987,0.6444444444444445,5.198497031265826,0.0,1.0,1.0,5.0,0.0,1.0,2.0,1.0
b2282,256.0,97.882,33.0,15.0,0.5151515151515151,3.9039870871625655,184.0,49.706,20.0,12.0,0.6052631578947368,4.12394876456673,1.3224260524059526,0.6520866691590355,0.7076923076923077,5.786897381366708,8.0,0.0,1.0,5.0,0.0,1.0,2.0,1.0
b2283,398.0,130.179,40.0,15.0,0.43333333333333335,4.762833962349541,308.0,71.213,20.0,12.0,0.5684210526315789,4.109558407997537,2.517209098189543,0.6674990513194726,0.6178414096916299,6.812345094177479,0.0,1.0,1.0,5.0,1.0,1.0,2.0,1.0
b2284,375.0,130.443,46.0,16.0,0.3342995169082126,5.512118014679966,307.0,78.001,25.0,12.0,0.37666666666666665,5.723828682443094,2.3138883021138676,0.6660248336611692,0.6337078651685393,6.100318952020064,0.0,1.0,1.0,5.0,0.0,0.0,2.0,1.0
b2285,360.0,122.442,44.0,16.0,0.3784355179704017,5.146396690553098,286.0,70.385,21.0,12.0,0.5095238095238095,4.333540594268715,2.3075174312031312,0.688543211879074,0.6265060240963856,5.117993812416755,0.0,1.0,1.0,5.0,0.0,0.0,2.0,1.0
b2286,801.0,310.722,116.0,19.0,0.08755622188905547,16.08734829370723,727.0,192.154,49.0,12.0,0.18452380952380953,12.066051991905518,2.553895157605228,0.6927986999122285,0.6677852348993288,6.391917113392602,0.0,0.0,1.0,5.0,1.0,1.0,2.0,1.0
b2287,302.0,111.013,36.0,15.0,0.46825396825396826,4.272774005538716,232.0,61.429,23.0,12.0,0.5138339920948617,4.8521673163755406,2.434584870449594,0.6239940510967926,0.5727272727272728,5.3981627015177525,0.0,1.0,1.0,5.0,1.0,1.0,2.0,1.0
b2288,266.0,96.059,26.0,15.0,0.68,3.1393758836241714,198.0,44.82,17.0,12.0,0.7720588235294118,3.4830594881929136,2.222742476026601,0.5797211220125053,0.5918367346938775,4.997212273764115,3.0,0.0,1.0,5.0,0.0,1.0,2.0,1.0
b2289,231.0,63.042,7.0,4.0,0.09523809523809523,2.218454483262965,179.0,41.663,7.0,4.0,0.09523809523809523,4.42258416665567,1.303412070596742,0.5200123635266835,0.49038461538461536,5.746203190540153,0.0,0.0,0.0,3.0,0.0,0.0,0.0,0.0
b2290,274.0,78.156,25.0,17.0,0.35333333333333333,3.04419597487165,246.0,36.164,1.0,1.0,0.0,0.7866868495099791,1.875697761980208,0.600455625094401,0.562962962962963,6.0063531596017325,0.0,1.0,1.0,5.0,1.0,0.0,7.0,0.0
b2291,192.0,54.868,15.0,13.0,0.6476190476190476,2.259777789380303,154.0,30.366,0.0,0.0,0.0,0.0,1.3619166186686433,0.6019171974504873,0.5527638190954773,5.298317366548036,0.0,1.0,1.0,5.0,1.0,0.0,4.0,1.0
b2292,173.0,40.127,2.0,2.0,1.0,0.841248189711916,157.0,33.497,2.0,2.0,1.0,2.0720133561380503,0.4756711883244296,0.5384364585253235,0.5688524590163935,6.415096959171596,13.0,0.0,0.0,2.0,0.0,1.0,0.0,0.0
b2293,131.0,37.302,9.0,6.0,0.3611111111111111,2.2848766810015118,109.0,24.022,3.0,2.0,0.3333333333333333,2.6088631664275574,1.8555797225017179,0.5620855735736833,0.5509259259259259,5.37989735354046,0.0,1.0,3.0,5.0,0.0,0.0,2.0,0.0
b2294,49.0,17.514,5.0,4.0,0.3,1.469234032133364,26.0,5.828,2.0,2.0,1.0,2.0720133561380503,2.835062451008234,0.6449127114421298,0.5365853658536586,5.10594547390058,0.0,0.0,0.0,2.0,0.0,0.0,0.0,0.0
b2295,336.0,104.866,19.0,11.0,0.39766081871345027,3.11467707609774,319.0,100.244,18.0,8.0,0.39869281045751637,6.308203086153903,0.3961993470957363,0.5049601974340132,0.543046357615894,5.0238805208462765,2.0,0.0,0.0,2.0,0.0,1.0,0.0,0.0
b2296,416.0,137.037,33.0,19.0,0.42803030303030304,3.715485965967776,321.0,50.383,2.0,2.0,0.0,1.4696699871080847,3.0576699068220923,0.6628844312279113,0.5675,5.993961427306569,0.0,1.0,1.0,5.0,1.0,0.0,8.0,0.0
b2297,709.0,243.672,67.0,23.0,0.31886024423337855,7.401955183641979,550.0,89.348,2.0,2.0,0.0,1.5712529006668092,3.0047554512619614,0.6544101733931754,0.5994397759103641,6.5722825426940075,0.0,0.0,1.0,5.0,1.0,0.0,8.0,0.0
b2298,183.0,42.571,2.0,2.0,0.0,1.027528755059419,146.0,31.06,0.0,0.0,0.0,0.0,0.711807229041191,0.5869678140173208,0.5988142292490118,6.2285110035911835,13.0,0.0,0.0,2.0,0.0,1.0,0.0,0.0
b2299,218.0,51.373,2.0,2.0,0.0,0.9202064099445142,208.0,46.627,1.0,1.0,0.0,1.406984872951484,2.1303659372652075,0.5894457831593631,0.5388888888888889,5.198497031265826,0.0,1.0,1.0,3.0,0.0,0.0,0.0,0.0
b2300,231.0,50.212,2.0,2.0,0.0,0.9190694687510789,225.0,46.585,2.0,1.0,0.0,2.244027081563061,2.2148703286112195,0.5808347269132534,0.5543478260869565,5.220355825078324,0.0,1.0,1.0,5.0,0.0,0.0,0.0,0.0
b2301,303.0,74.842,10.0,9.0,0.7111111111111111,1.8711928191560305,278.0,55.616,0.0,0.0,0.0,0.0,1.7068030970373382,0.5663892816956301,0.5093457943925234,5.3706380281276624,0.0,0.0,1.0,4.0,0.0,0.0,2.0,0.0
b2302,273.0,76.797,9.0,5.0,0.05555555555555555,2.3956748184877923,255.0,60.773,5.0,4.0,0.0,2.5003444420485734,1.5866998016240492,0.5098806697211412,0.5209302325581395,5.375278407684165,0.0,0.0,2.0,5.0,0.0,0.0,0.0,0.0
b2303,226.0,54.605,10.0,8.0,0.2222222222222222,1.848533978259932,208.0,42.53,5.0,4.0,0.3,2.284731441411135,2.3096514558493193,0.6486465852634468,0.5083333333333333,4.795790545596741,0.0,0.0,1.0,5.0,0.0,0.0,1.0,1.0
b2304,297.0,92.988,25.0,14.0,0.31333333333333335,4.653634281578797,285.0,85.651,19.0,14.0,0.5321637426900585,5.418571775306799,2.1847198151502716,0.5826070175249602,0.5521885521885522,5.697093486505405,0.0,0.0,0.0,1.0,0.0,0.0,0.0,0.0
b2305,241.0,52.314,1.0,1.0,0.0,0.7139372436851111,230.0,49.819,0.0,0.0,0.0,0.0,0.11394335230683679,0.5006009064028346,0.44594594594594594,5.6937321388027,0.0,0.0,1.0,3.0,0.0,0.0,0.0,0.0
b2306,258.0,130.744,32.0,16.0,0.23387096774193547,3.987846148575654,167.0,37.729,19.0,12.0,0.32748538011695905,4.550999768963747,1.763502865467597,0.5923642660302443,0.5875486381322957,5.552959584921617,0.0,0.0,1.0,4.0,0.0,1.0,1.0,0.0
b2307,258.0,126.768,20.0,16.0,0.6421052631578947,2.591612810383535,126.0,26.739,13.0,12.0,0.5897435897435898,3.205074014452574,-0.08407278830288423,0.5986575881876973,0.5840336134453782,5.476463551931511,5.0,0.0,0.0,3.0,0.0,1.0,1.0,0.0
b2308,241.0,124.081,19.0,16.0,0.7076023391812866,2.4045116236920725,112.0,25.409,13.0,12.0,0.5897435897435898,3.2050740144525744,0.7944880466591696,0.5385323059239036,0.618421052631579,5.43372200355424,5.0,0.0,0.0,4.0,0.0,1.0,1.0,0.0
b2309,293.0,135.52,24.0,16.0,0.5181159420289855,2.9750449294182433,163.0,31.952,15.0,12.0,0.5428571428571428,3.6525682270325257,3.064835960415676,0.6119055561619352,0.5269230769230769,5.564520407322694,0.0,0.0,0.0,4.0,0.0,0.0,1.0,0.0
b2310,327.0,149.114,30.0,16.0,0.3931034482758621,3.7177991347822332,212.0,44.797,16.0,12.0,0.4083333333333333,4.108924879458733,3.3519913864872835,0.5349249454413267,0.5192307692307693,5.564520407322694,0.0,0.0,0.0,4.0,0.0,0.0,1.0,0.0
b2311,141.0,37.44,8.0,8.0,0.75,1.6763870854635463,116.0,20.584,1.0,1.0,0.0,1.0790758440031314,1.079543007402906,0.5969924247547608,0.5502645502645502,5.247024072160486,0.0,0.0,1.0,4.0,0.0,0.0,9.0,1.0
b2312,444.0,139.464,39.0,15.0,0.3144399460188934,4.627308364955852,381.0,84.779,21.0,9.0,0.4095238095238095,6.105862897067738,2.2355536958527553,0.6525070021910007,0.6059405940594059,6.226536669287466,0.0,1.0,1.0,5.0,0.0,0.0,4.0,1.0
b2313,404.0,105.453,11.0,10.0,0.8,1.603277952306272,383.0,97.956,10.0,9.0,0.8,3.235509542607527,0.8444771757456814,0.5364166134206939,0.5864197530864198,5.093750200806762,4.0,0.0,0.0,3.0,0.0,1.0,0.0,0.0
b2314,406.0,108.482,12.0,10.0,0.22727272727272727,1.9460321876129354,376.0,91.758,2.0,2.0,0.0,1.072603727332134,1.4684950245070694,0.5637789191404301,0.5545454545454546,5.3981627015177525,1.0,0.0,0.0,4.0,0.0,1.0,0.0,0.0
b2315,458.0,126.686,15.0,10.0,0.29523809523809524,2.240172151956742,424.0,89.603,6.0,4.0,0.2,2.4593538831124713,1.6375897858386999,0.587331017850183,0.5710900473933649,6.0473721790462776,0.0,1.0,2.0,5.0,0.0,0.0,3.0,1.0
b2316,417.0,129.934,44.0,23.0,0.3953488372093023,4.9749984870957915,374.0,79.812,16.0,8.0,0.2916666666666667,4.840631359950839,2.741159480712783,0.6441928928477936,0.6019736842105263,5.720311776607412,0.0,1.0,1.0,5.0,1.0,0.0,9.0,1.0
b2317,122.0,31.067,4.0,4.0,0.3333333333333333,0.8698324535663046,97.0,18.447,3.0,3.0,0.6666666666666666,1.3595328075313793,0.6180480967120926,0.5782886966259178,0.6073059360730594,5.393627546352362,4.0,0.0,0.0,3.0,0.0,1.0,0.0,0.0
b2318,472.0,143.967,24.0,10.0,0.1956521739130435,3.7153364287525967,435.0,98.342,6.0,4.0,0.26666666666666666,1.981241206003844,0.7810369386211319,0.5755843916878415,0.6037037037037037,5.602118820879701,0.0,0.0,1.0,5.0,0.0,0.0,0.0,0.0
b2319,337.0,81.631,5.0,4.0,0.2,0.9813961207354254,321.0,65.922,4.0,3.0,0.16666666666666666,1.754289325812236,2.1335708406140395,0.6054130674675549,0.56973293768546,5.823045895483019,0.0,0.0,0.0,2.0,0.0,0.0,0.0,0.0
b2320,425.0,108.62,6.0,5.0,0.26666666666666666,1.273315236228327,393.0,74.746,1.0,1.0,0.0,0.9533137193066696,2.371086342494794,0.5862215144995105,0.5264550264550265,5.937536205082426,0.0,0.0,1.0,4.0,1.0,0.0,3.0,0.0
b2321,82.0,25.13,4.0,4.0,1.0,1.0099245036350435,34.0,6.372,0.0,0.0,0.0,0.0,0.10720996964786837,0.5182374239497546,0.5226586102719033,5.805134968916488,1.0,0.0,0.0,3.0,0.0,1.0,0.0,0.0
b2322,191.0,44.653,2.0,2.0,0.0,1.3237900133059504,183.0,37.783,0.0,0.0,0.0,0.0,0.0,0.5042011049283669,0.576530612244898,5.973809611869261,12.0,0.0,0.0,3.0,0.0,1.0,0.0,0.0
b2323,352.0,105.507,25.0,13.0,0.3466666666666667,3.4003740310002906,331.0,68.755,12.0,7.0,0.36363636363636365,3.7752919568370094,3.2778406235787174,0.6436995638040459,0.6206896551724138,6.008813185442595,0.0,0.0,1.0,5.0,1.0,0.0,5.0,1.0
b2324,456.0,114.481,6.0,5.0,0.5333333333333333,1.3776567559940842,430.0,87.057,0.0,0.0,0.0,0.0,0.877371345869774,0.552785926677923,0.5494011976047904,6.505784060128229,0.0,1.0,2.0,5.0,1.0,0.0,0.0,0.0
b2325,313.0,89.262,12.0,7.0,0.30303030303030304,2.2075584450991634,302.0,85.313,12.0,6.0,0.30303030303030304,4.938041745885831,1.8457799671118893,0.5857484028658162,0.5652173913043478,4.532599493153256,0.0,0.0,0.0,1.0,0.0,0.0,0.0,0.0
b2326,209.0,52.122,9.0,6.0,0.3888888888888889,1.6729393973158424,193.0,44.379,5.0,4.0,0.9,2.500985059633853,0.48144262850230496,0.6528645355536684,0.5274725274725275,5.209486152841421,0.0,0.0,1.0,4.0,0.0,0.0,0.0,0.0
b2327,209.0,49.294,6.0,5.0,0.6,1.4879180809369519,196.0,41.664,5.0,4.0,0.9,2.500985059633853,-1.5228787452803376,0.5248392193931615,0.6319702602230484,5.598421958998375,6.0,0.0,0.0,2.0,0.0,1.0,0.0,0.0
b2328,236.0,63.807,9.0,5.0,0.2777777777777778,1.9261107939436914,197.0,46.054,6.0,4.0,0.6,3.389541556405638,0.8615344108590378,0.5828861130253289,0.5802919708029197,5.616771097666572,0.0,1.0,1.0,5.0,0.0,0.0,0.0,0.0
b2329,449.0,133.947,36.0,13.0,0.2650793650793651,4.947651400583994,407.0,84.212,18.0,6.0,0.20915032679738563,7.290143671343194,2.0682229793464493,0.6393460107317654,0.628808864265928,5.8916442118257715,0.0,1.0,1.0,5.0,0.0,0.0,4.0,0.0
b2330,355.0,93.127,7.0,5.0,0.2857142857142857,1.5200802547956014,333.0,75.8,4.0,4.0,1.0,2.1241960109258544,2.6314539159619676,0.6952153503350111,0.5903225806451613,5.739792912179234,0.0,0.0,1.0,4.0,0.0,0.0,0.0,0.0
b2331,370.0,124.455,54.0,52.0,0.9266247379454927,3.730744171136097,304.0,75.559,0.0,0.0,0.0,0.0,1.4473131088235682,0.6001156160050198,0.6284153005464481,5.214935757608986,0.0,0.0,1.0,5.0,0.0,0.0,0.0,0.0
b2332,32.0,13.985,5.0,5.0,0.7,1.65569168359548,16.0,3.788,4.0,4.0,1.0,2.237168552775731,-1.3187587626244128,0.4701454607644733,0.46886446886446886,5.6131281063880705,0.0,0.0,0.0,3.0,0.0,0.0,0.0,0.0
b2333,35.0,18.572,8.0,5.0,0.42857142857142855,2.3649138799551985,29.0,11.128,4.0,4.0,1.0,2.237168552775731,0.42488163663106693,0.5455745778979973,0.5195530726256983,5.19295685089021,0.0,0.0,0.0,3.0,0.0,0.0,0.0,0.0
b2334,28.0,11.551,5.0,5.0,0.7,1.65569168359548,11.0,3.614,4.0,4.0,1.0,2.237168552775731,0.0,0.5172789284424245,0.4444444444444444,5.093750200806762,0.0,0.0,0.0,3.0,0.0,0.0,0.0,0.0
b2335,29.0,12.69,6.0,5.0,0.5333333333333333,1.8699307010431647,16.0,4.082,4.0,4.0,1.0,2.237168552775731,0.2764618041732441,0.48808892452709723,0.5470588235294118,5.14166355650266,0.0,0.0,0.0,3.0,0.0,0.0,0.0,0.0
b2336,263.0,70.958,13.0,9.0,0.1794871794871795,3.236277133951066,249.0,65.162,12.0,8.0,0.09090909090909091,5.105384525509527,-0.8013429130455774,0.6193814935127074,0.616,5.5254529391317835,0.0,0.0,0.0,3.0,0.0,0.0,0.0,0.0
b2339,69.0,28.074,7.0,7.0,0.9523809523809523,1.1455441173843484,35.0,8.373,0.0,0.0,0.0,0.0,0.0,0.6871005718899585,0.48128342245989303,5.236441962829949,0.0,0.0,0.0,3.0,0.0,0.0,0.0,0.0
b2340,356.0,90.056,4.0,4.0,0.3333333333333333,0.865329036727861,325.0,76.616,2.0,2.0,0.0,1.4999740717758978,1.1989318699322091,0.5441108967801017,0.5590062111801242,5.087596335232384,0.0,0.0,1.0,3.0,0.0,0.0,0.0,0.0
b2341,701.0,215.91,37.0,15.0,0.3123123123123123,4.900906123798437,596.0,106.877,12.0,5.0,0.2727272727272727,4.813892794124756,1.1878026387184193,0.5483822064205438,0.5210084033613446,6.5722825426940075,0.0,0.0,3.0,5.0,1.0,0.0,15.0,0.0
b2342,251.0,84.32,32.0,19.0,0.5181451612903226,3.706360911733535,225.0,49.482,7.0,5.0,0.47619047619047616,2.7567780918776865,1.646501750031612,0.5365760298037678,0.5458715596330275,6.07993319509559,0.0,0.0,1.0,5.0,1.0,0.0,10.0,0.0
b2343,32.0,11.231,1.0,1.0,0.0,0.5566048915777286,13.0,2.893,0.0,0.0,0.0,0.0,2.517209098189543,0.6895674569282086,0.5425531914893617,4.553876891600541,0.0,0.0,0.0,1.0,0.0,0.0,0.0,0.0
b2344,286.0,78.908,15.0,11.0,0.4,2.2120295973152864,214.0,41.414,0.0,0.0,0.0,0.0,1.8716313045375537,0.5927676295211419,0.5067264573991032,6.102558594613569,0.0,0.0,0.0,4.0,0.0,1.0,0.0,0.0
b2345,37.0,13.389,5.0,3.0,0.3,2.2181297669035605,21.0,3.742,0.0,0.0,0.0,0.0,0.5037906830571811,0.5392184192987376,0.3068181818181818,5.8664680569332965,0.0,0.0,0.0,1.0,0.0,0.0,0.0,0.0
b2346,330.0,91.926,10.0,6.0,0.4222222222222222,1.906260642632254,275.0,62.27,2.0,2.0,1.0,1.2241520758954139,1.66661156841903,0.5905198274682387,0.549800796812749,5.529429087511423,0.0,0.0,0.0,3.0,0.0,1.0,0.0,0.0
b2347,196.0,52.036,2.0,2.0,0.0,1.213566075578093,172.0,39.404,0.0,0.0,0.0,0.0,0.5078558716958309,0.582235403639181,0.5483870967741935,5.739792912179234,6.0,0.0,0.0,2.0,0.0,1.0,0.0,0.0
b2348,0.0,0.0,0.0,0.0,0.0,0.0,0.0,0.0,0.0,0.0,0.0,0.0,0.0,0.0,0.0,0.0,0.0,0.0,0.0,0.0,0.0,0.0,1.0,1.0
b2349,138.0,35.452,6.0,3.0,0.13333333333333333,2.2433620368839966,112.0,20.971,0.0,0.0,0.0,0.0,0.053078443483419765,0.5005917928130488,0.5272727272727272,5.955837369464831,0.0,0.0,0.0,3.0,0.0,0.0,0.0,0.0
b2350,73.0,19.216,4.0,3.0,0.3333333333333333,1.845785523177272,62.0,13.028,2.0,2.0,1.0,2.08487951740808,-0.2636034977233575,0.4340017332533909,0.5166666666666667,4.795790545596741,4.0,0.0,0.0,3.0,0.0,1.0,0.0,0.0
b2351,105.0,30.721,4.0,3.0,0.16666666666666666,1.3760499200707157,98.0,22.467,3.0,2.0,0.3333333333333333,2.634895834553573,1.4801507252732804,0.45886720219928817,0.3300653594771242,5.726847747587197,2.0,0.0,1.0,2.0,0.0,1.0,0.0,0.0
b2352,84.0,23.726,4.0,3.0,0.3333333333333333,1.581611929406499,53.0,9.229,2.0,2.0,1.0,2.08487951740808,0.7958800173440752,0.435431909706879,0.24379232505643342,6.095824562432225,10.0,0.0,0.0,1.0,0.0,1.0,0.0,0.0
b2353,0.0,0.0,0.0,0.0,0.0,0.0,0.0,0.0,0.0,0.0,0.0,0.0,0.0,0.0,0.0,4.74493212836325,0.0,0.0,0.0,1.0,0.0,0.0,0.0,0.0
b2354,44.0,15.401,6.0,4.0,0.4,2.2498304759662298,28.0,3.737,0.0,0.0,0.0,0.0,-0.712198270069774,0.5318425713344974,0.3904109589041096,4.990432586778736,0.0,0.0,0.0,1.0,0.0,0.0,0.0,0.0
b2355,0.0,0.0,0.0,0.0,0.0,0.0,0.0,0.0,0.0,0.0,0.0,0.0,0.0,0.0,0.0,5.153291594497779,0.0,0.0,0.0,1.0,0.0,0.0,0.0,0.0
b2356,0.0,0.0,0.0,0.0,0.0,0.0,0.0,0.0,0.0,0.0,0.0,0.0,0.0,0.6888193611279766,0.5714285714285714,4.5217885770490405,0.0,0.0,1.0,2.0,0.0,0.0,0.0,0.0
b2357,38.0,18.662,1.0,1.0,0.0,0.7308334096704991,11.0,0.708,0.0,0.0,0.0,0.0,-0.39040559077477993,0.5248295807258104,0.5060975609756098,5.10594547390058,0.0,0.0,0.0,1.0,0.0,0.0,0.0,0.0
b2358,0.0,0.0,0.0,0.0,0.0,0.0,0.0,0.0,0.0,0.0,0.0,0.0,0.0,0.6021238766014911,0.7049180327868853,4.812184355372417,0.0,0.0,0.0,2.0,0.0,0.0,0.0,0.0
b2359,39.0,15.668,6.0,4.0,0.7333333333333333,2.429199357060731,17.0,3.823,2.0,1.0,0.0,3.1763324735956155,0.0,0.6051759827845387,0.5,4.795790545596741,0.0,0.0,0.0,1.0,0.0,0.0,0.0,0.0
b2360,58.0,19.767,4.0,4.0,1.0,1.7070905116891981,18.0,4.334,1.0,1.0,0.0,1.8033858978580366,-0.6861327796308465,0.6243910486629058,0.4343065693430657,5.616771097666572,0.0,0.0,0.0,1.0,0.0,0.0,0.0,0.0
b2361,201.0,50.875,7.0,4.0,0.3333333333333333,2.4555277376570452,187.0,40.76,2.0,2.0,1.0,2.868852940807587,-0.39147396642280585,0.5463208204413299,0.47191011235955055,5.187385805840755,0.0,0.0,0.0,2.0,0.0,0.0,4.0,1.0
b2362,45.0,19.278,7.0,4.0,0.5238095238095238,2.7131305177504146,28.0,7.054,3.0,2.0,0.3333333333333333,4.243676883974863,-0.3467874862246563,0.5038116042392715,0.4166666666666667,4.795790545596741,0.0,0.0,0.0,1.0,0.0,0.0,0.0,0.0
b2363,27.0,14.895,8.0,4.0,0.42857142857142855,3.337937396272709,12.0,3.651,2.0,2.0,1.0,2.868852940807587,0.0,0.5642917159530599,0.40594059405940597,4.624972813284271,0.0,0.0,0.0,1.0,0.0,0.0,0.0,0.0
b2364,184.0,46.313,5.0,5.0,0.0,1.3961044384037933,183.0,45.805,4.0,4.0,0.0,2.2143494783162865,-0.40782324260413316,0.5172269408894007,0.49517684887459806,5.7430031878094825,0.0,0.0,0.0,3.0,0.0,0.0,0.0,0.0
b2365,72.0,21.068,2.0,2.0,0.0,1.0009784123825696,38.0,7.55,1.0,1.0,0.0,1.3978913154817127,-0.7235381958267558,0.4847456297358204,0.5325842696629214,6.100318952020064,13.0,0.0,0.0,3.0,0.0,1.0,0.0,0.0
b2366,138.0,38.294,13.0,10.0,0.5769230769230769,2.3943870617383594,87.0,17.073,2.0,1.0,0.0,2.2107879928647485,1.3346547668832414,0.5489493585730956,0.4796380090497738,6.093569770045136,0.0,1.0,1.0,5.0,0.0,0.0,3.0,0.0
b2367,156.0,52.163,16.0,10.0,0.475,2.9831862597567738,122.0,27.38,7.0,6.0,0.7142857142857143,3.454585758158808,0.0,0.432457409742829,0.41796875,6.240275845170769,14.0,0.0,0.0,4.0,0.0,1.0,1.0,0.0
b2368,217.0,70.457,27.0,11.0,0.33903133903133903,4.852217793231652,181.0,43.936,11.0,6.0,0.32727272727272727,5.534411763222042,-0.9281179926938746,0.5027892212826205,0.37467700258397935,5.961005339623274,1.0,0.0,0.0,4.0,0.0,1.0,1.0,0.0
b2369,217.0,70.346,17.0,10.0,0.18382352941176472,3.1825348390314563,151.0,27.308,6.0,4.0,0.06666666666666667,3.368886083430766,1.6911699341316038,0.5220158836506527,0.4215686274509804,5.3230099791384085,0.0,0.0,0.0,5.0,1.0,0.0,1.0,0.0
b2370,1381.0,409.428,40.0,13.0,0.16153846153846155,6.137605889914928,1231.0,229.291,7.0,4.0,0.09523809523809523,2.896634311139606,0.08990511143939793,0.4876644685595405,0.37092731829573933,7.088408778675395,1.0,1.0,1.0,5.0,0.0,1.0,1.0,0.0
b2371,112.0,33.759,10.0,7.0,0.5333333333333333,2.613733976826322,98.0,26.713,7.0,6.0,0.7142857142857143,3.3479557809982374,0.0,0.4803394812688598,0.4041994750656168,5.945420608606575,0.0,0.0,1.0,4.0,0.0,0.0,0.0,0.0
b2372,180.0,42.021,9.0,7.0,0.5555555555555556,2.011371908879827,176.0,39.807,7.0,6.0,0.8571428571428571,3.3928571031028514,-0.13076828026902382,0.47519741131710325,0.4012738853503185,5.752572638825633,10.0,0.0,0.0,2.0,0.0,1.0,0.0,0.0
b2373,240.0,65.151,10.0,7.0,0.5333333333333333,2.2426638285773275,202.0,43.343,9.0,6.0,0.5555555555555556,4.200274533195299,0.01703333929878037,0.521233525618279,0.39361702127659576,6.336825731146441,0.0,1.0,1.0,5.0,0.0,0.0,2.0,0.0
b2374,106.0,31.084,8.0,7.0,0.8571428571428571,1.9038760927508096,79.0,20.129,8.0,6.0,0.7142857142857143,3.852673842796545,-0.17717835469689538,0.5607072767645009,0.4254807692307692,6.0330862217988015,0.0,0.0,1.0,5.0,0.0,0.0,2.0,0.0
b2375,34.0,16.631,11.0,7.0,0.45454545454545453,3.0245838274729144,17.0,7.819,4.0,4.0,1.0,2.09455246862109,0.4065401804339551,0.5448566309267331,0.4075829383886256,5.356586274672012,0.0,0.0,0.0,2.0,0.0,0.0,0.0,0.0
b2376,48.0,13.858,1.0,1.0,0.0,0.6095083977775847,33.0,6.99,0.0,0.0,0.0,0.0,0.0,0.455350119487114,0.38461538461538464,4.5217885770490405,0.0,0.0,0.0,3.0,0.0,1.0,0.0,0.0
b2377,43.0,14.41,1.0,1.0,0.0,0.8153648570503669,17.0,2.115,0.0,0.0,0.0,0.0,1.2990712600274095,0.49154883694001533,0.6125,4.394449154672439,3.0,0.0,0.0,1.0,0.0,1.0,0.0,0.0
b2378,244.0,66.026,13.0,10.0,0.5641025641025641,2.040879531232283,223.0,49.016,2.0,2.0,1.0,0.9733430588521859,-0.1272611725273312,0.5862174625005447,0.5522875816993464,5.726847747587197,1.0,0.0,1.0,4.0,0.0,1.0,1.0,1.0
b2379,322.0,73.92,1.0,1.0,0.0,0.5595692115696165,311.0,52.229,0.0,0.0,0.0,0.0,1.6445370577784073,0.655994841511963,0.6116504854368932,6.023447592961033,0.0,1.0,1.0,5.0,1.0,0.0,0.0,0.0
b2380,145.0,35.36,8.0,5.0,0.25,2.205076644641817,131.0,27.523,4.0,2.0,0.16666666666666666,3.0810851538084627,0.3521825181113625,0.6220784445596153,0.6212389380530974,6.338594078203183,6.0,0.0,1.0,5.0,0.0,1.0,1.0,0.0
b2381,150.0,34.279,5.0,5.0,0.6,1.5702171022211633,140.0,27.6,3.0,2.0,0.3333333333333333,2.581061798828513,1.0047511555910011,0.7098589438285902,0.5942622950819673,5.501258210544727,0.0,0.0,0.0,3.0,1.0,0.0,1.0,0.0
b2382,147.0,40.046,9.0,6.0,0.25,2.136565726623809,124.0,28.851,6.0,3.0,0.2,4.380174264543966,0.27415784926367986,0.6059981827975217,0.6035087719298246,5.655991810819852,0.0,0.0,0.0,2.0,0.0,0.0,0.0,0.0
b2383,680.0,191.074,23.0,10.0,0.32806324110671936,3.809843428030875,644.0,140.511,18.0,5.0,0.29411764705882354,7.128449989043055,0.49415459401844275,0.6459957241874225,0.631768953068592,6.723832440821209,0.0,1.0,2.0,4.0,1.0,0.0,0.0,0.0
b2384,103.0,25.009,5.0,5.0,0.6,1.2779450310180742,88.0,18.628,4.0,4.0,1.0,1.8796842137232663,-0.6497519816658371,0.5744453525726152,0.6434782608695652,5.846438775057725,0.0,1.0,1.0,3.0,0.0,0.0,0.0,0.0
b2385,234.0,56.598,5.0,5.0,0.6,1.2737123948813718,224.0,44.709,4.0,4.0,1.0,1.8796842137232663,0.19589965240923377,0.5851391104482635,0.6232686980609419,5.8916442118257715,0.0,1.0,1.0,4.0,0.0,0.0,0.0,0.0
b2386,53.0,22.067,11.0,6.0,0.36363636363636365,2.638272465856249,49.0,18.375,9.0,5.0,0.5,3.656164663582132,0.0,0.5770680776829683,0.6409638554216868,6.030685260261263,10.0,0.0,0.0,3.0,0.0,1.0,0.0,0.0
b2387,47.0,19.822,9.0,6.0,0.4166666666666667,2.181236753140013,38.0,14.342,8.0,5.0,0.5,3.289646218893736,0.38021124171160603,0.6847830716147137,0.5833333333333334,4.6913478822291435,0.0,0.0,1.0,3.0,1.0,0.0,0.0,0.0
b2388,330.0,118.338,43.0,18.0,0.2912513842746401,5.645027716269979,222.0,42.7,3.0,2.0,0.0,2.143012183751509,2.4594075671669478,0.5927803550192167,0.5264797507788161,5.7745515455444085,0.0,0.0,1.0,4.0,1.0,0.0,10.0,1.0
b2389,234.0,56.625,0.0,0.0,0.0,0.0,229.0,55.848,0.0,0.0,0.0,0.0,-0.712198270069774,0.45806711268559663,0.5430622009569378,6.037870919922137,11.0,0.0,0.0,2.0,0.0,1.0,0.0,0.0
b2390,32.0,9.989,1.0,1.0,0.0,2.4962556165751373,17.0,3.77,0.0,0.0,0.0,0.0,0.0,0.66740126968158,0.5185185185185185,4.6913478822291435,0.0,0.0,0.0,1.0,0.0,0.0,0.0,0.0
b2392,241.0,66.712,8.0,5.0,0.17857142857142858,2.0037815721556456,180.0,29.324,0.0,0.0,0.0,0.0,1.726808682524964,0.553579856740194,0.6019417475728155,6.023447592961033,11.0,0.0,0.0,5.0,0.0,1.0,0.0,0.0
b2393,134.0,34.067,3.0,2.0,0.3333333333333333,1.122936635900696,85.0,13.371,0.0,0.0,0.0,0.0,1.6703386411274421,0.6458191606317627,0.615,5.993961427306569,9.0,0.0,0.0,5.0,0.0,1.0,0.0,0.0
b2394,103.0,22.144,0.0,0.0,0.0,0.0,89.0,17.803,0.0,0.0,0.0,0.0,0.8020892578817327,0.41311452378190566,0.44324324324324327,5.916202062607435,0.0,0.0,0.0,2.0,0.0,0.0,0.0,0.0
b2395,263.0,77.02,19.0,13.0,0.19883040935672514,3.1470658723044758,240.0,64.359,14.0,11.0,0.15384615384615385,3.2504776759743126,-0.010995384301463193,0.5567952864347996,0.588477366255144,6.593044534142437,8.0,0.0,1.0,3.0,0.0,1.0,0.0,0.0
b2396,0.0,0.0,0.0,0.0,0.0,0.0,0.0,0.0,0.0,0.0,0.0,0.0,0.0,0.0,0.0,0.0,0.0,0.0,0.0,0.0,0.0,0.0,1.0,1.0
b2397,0.0,0.0,0.0,0.0,0.0,0.0,0.0,0.0,0.0,0.0,0.0,0.0,0.0,0.0,0.0,0.0,0.0,0.0,0.0,0.0,0.0,0.0,1.0,1.0
b2398,64.0,20.676,2.0,2.0,1.0,0.7932236287069294,21.0,5.122,2.0,2.0,1.0,1.3990600747430118,0.6294095991027189,0.528235076985052,0.43859649122807015,4.74493212836325,0.0,0.0,0.0,1.0,0.0,0.0,0.0,0.0
b2399,148.0,47.979,3.0,2.0,0.3333333333333333,0.9976685644204705,100.0,28.006,3.0,2.0,0.3333333333333333,1.7280698460708346,-0.1366771398795441,0.5231332903207546,0.43846153846153846,4.875197323201151,0.0,0.0,0.0,1.0,0.0,0.0,0.0,0.0
b2400,589.0,211.177,72.0,40.0,0.405320813771518,5.670000504508701,546.0,147.193,7.0,5.0,0.47619047619047616,1.438022398705312,2.7332052926568124,0.6917153894875061,0.5732484076433121,6.156978985585555,0.0,1.0,1.0,5.0,1.0,0.0,6.0,1.0
b2401,0.0,0.0,0.0,0.0,0.0,0.0,0.0,0.0,0.0,0.0,0.0,0.0,0.0,0.0,0.0,0.0,0.0,0.0,0.0,0.0,0.0,0.0,1.0,1.0
b2402,0.0,0.0,0.0,0.0,0.0,0.0,0.0,0.0,0.0,0.0,0.0,0.0,0.0,0.0,0.0,0.0,0.0,0.0,0.0,0.0,0.0,0.0,1.0,1.0
b2403,0.0,0.0,0.0,0.0,0.0,0.0,0.0,0.0,0.0,0.0,0.0,0.0,0.0,0.0,0.0,0.0,0.0,0.0,0.0,0.0,0.0,0.0,1.0,1.0
b2404,0.0,0.0,0.0,0.0,0.0,0.0,0.0,0.0,0.0,0.0,0.0,0.0,0.0,0.0,0.0,0.0,0.0,0.0,0.0,0.0,0.0,0.0,1.0,1.0
b2405,183.0,52.338,14.0,5.0,0.054945054945054944,3.7370961478772884,150.0,39.039,10.0,4.0,0.06666666666666667,5.591288974196475,-0.5466816599529623,0.4790247591071029,0.5102040816326531,5.68697535633982,0.0,0.0,0.0,3.0,0.0,0.0,0.0,0.0
b2406,103.0,23.568,4.0,3.0,0.16666666666666666,1.1640635609705394,95.0,20.348,1.0,1.0,0.0,2.9922202274087373,0.0,0.5634643243986871,0.5502392344497608,6.037870919922137,12.0,0.0,0.0,5.0,0.0,1.0,0.0,0.0
b2407,251.0,71.619,20.0,13.0,0.49473684210526314,2.9268645205504087,221.0,40.644,1.0,1.0,0.0,2.9922202274087373,-0.6946486305533762,0.5993380319128903,0.5487364620938628,5.627621113690637,0.0,0.0,1.0,5.0,0.0,0.0,5.0,1.0
b2408,33.0,10.901,0.0,0.0,0.0,0.0,15.0,2.73,0.0,0.0,0.0,0.0,0.0,0.6326998858647553,0.49606299212598426,5.541263545158426,0.0,0.0,0.0,1.0,0.0,0.0,0.0,0.0
b2409,175.0,41.546,0.0,0.0,0.0,0.0,149.0,31.871,0.0,0.0,0.0,0.0,0.22788670461367352,0.54128356733165,0.538961038961039,5.733341276897746,0.0,0.0,0.0,2.0,0.0,0.0,0.0,0.0
b2410,153.0,31.674,1.0,1.0,0.0,0.6284156115897824,151.0,31.967,1.0,1.0,0.0,2.3754623539078814,0.06818586174616162,0.5738112290150511,0.6174698795180723,5.808142489980444,0.0,0.0,0.0,2.0,0.0,0.0,0.0,0.0
b2411,303.0,89.896,10.0,8.0,0.24444444444444444,2.0427786813789544,267.0,57.327,2.0,1.0,0.0,1.9715706129773625,1.7490402687034572,0.628712056474062,0.5469448584202683,6.51025834052315,0.0,1.0,1.0,5.0,0.0,0.0,4.0,1.0
b2412,469.0,146.618,35.0,15.0,0.3243697478991597,4.562326983605658,434.0,116.856,5.0,4.0,0.1,2.5977958470398037,2.0374663396435,0.60043882904701,0.551829268292683,5.796057750765372,1.0,0.0,0.0,5.0,0.0,1.0,0.0,0.0
b2413,211.0,46.365,0.0,0.0,0.0,0.0,196.0,43.17,0.0,0.0,0.0,0.0,1.5764565324056201,0.536504708156436,0.5928853754940712,5.537334267018537,4.0,0.0,0.0,5.0,0.0,1.0,0.0,0.0
b2414,389.0,115.861,38.0,13.0,0.24466571834992887,5.2056676863323545,336.0,61.503,20.0,10.0,0.41578947368421054,5.38217710507395,3.578983987690688,0.6144049704688558,0.5015479876160991,5.780743515792329,0.0,1.0,2.0,5.0,0.0,0.0,8.0,0.0
b2415,346.0,137.062,60.0,13.0,0.10734463276836158,9.264941000752277,291.0,63.493,11.0,5.0,0.16363636363636364,4.1706530776152935,3.3594579182570565,0.6785013543220887,0.5411764705882353,4.454347296253507,0.0,0.0,0.0,5.0,1.0,0.0,1.0,0.0
b2416,273.0,86.255,17.0,10.0,0.29411764705882354,2.830057776333952,234.0,51.556,6.0,5.0,0.2,2.688892555603225,3.1486057392729947,0.5705463679111783,0.5130434782608696,6.3561076606958915,0.0,1.0,1.0,5.0,1.0,0.0,1.0,0.0
b2417,403.0,189.283,45.0,18.0,0.19595959595959597,6.320977578583208,218.0,38.567,13.0,5.0,0.10256410256410256,6.427624238777762,3.616686570675442,0.6736179086883903,0.5384615384615384,5.135798437050262,0.0,1.0,0.0,5.0,1.0,0.0,6.0,1.0
b2418,139.0,34.037,6.0,4.0,0.4666666666666667,1.693023560814867,118.0,21.483,0.0,0.0,0.0,0.0,1.926908101705436,0.5601265698256923,0.5901060070671378,5.648974238161206,0.0,1.0,1.0,5.0,0.0,0.0,3.0,0.0
b2419,205.0,51.594,4.0,3.0,0.16666666666666666,1.7122843418501668,195.0,45.746,2.0,2.0,0.0,1.4030014529184494,0.421603926869831,0.5316871842458557,0.5161290322580645,4.8283137373023015,0.0,0.0,0.0,1.0,0.0,0.0,0.0,0.0
b2420,124.0,31.539,6.0,4.0,0.4666666666666667,2.341605364256751,111.0,25.829,5.0,4.0,0.6,2.6090900028787427,-1.0705810742857074,0.5695973684015205,0.36885245901639346,5.501258210544727,0.0,0.0,0.0,1.0,0.0,0.0,0.0,0.0
b2421,328.0,89.843,17.0,12.0,0.4632352941176471,2.4187470488946397,290.0,56.507,14.0,10.0,0.5054945054945055,3.8852311564121513,2.173215414714886,0.6371532739043477,0.6204620462046204,5.717027701406222,0.0,1.0,1.0,5.0,0.0,0.0,3.0,0.0
b2422,317.0,150.97,35.0,15.0,0.23697478991596638,4.568234384955597,227.0,53.35,24.0,10.0,0.34782608695652173,6.11694077569439,1.605412798153051,0.6875319100067055,0.6465753424657534,5.902633333401366,0.0,0.0,1.0,4.0,0.0,1.0,2.0,0.0
b2423,299.0,142.422,28.0,12.0,0.2671957671957672,3.844020959635021,140.0,33.881,13.0,10.0,0.8589743589743589,3.44456796399251,0.3222192947339192,0.6453404023429763,0.7422680412371134,5.676753802268282,6.0,0.0,0.0,3.0,0.0,1.0,2.0,0.0
b2424,279.0,137.994,27.0,12.0,0.21082621082621084,3.6112605019682156,147.0,38.049,12.0,9.0,0.6363636363636364,3.2421409429460666,0.06069784035361165,0.6311104569322235,0.6642599277978339,5.627621113690637,7.0,0.0,0.0,3.0,0.0,1.0,2.0,0.0
b2425,255.0,131.8,20.0,12.0,0.6052631578947368,2.8871361548154493,101.0,24.173,17.0,10.0,0.7279411764705882,4.39641772695423,2.8312360993431573,0.7052963995097473,0.6745562130177515,5.82600010738045,0.0,0.0,0.0,4.0,0.0,0.0,2.0,0.0
b2426,319.0,80.986,2.0,2.0,0.0,0.6588528688295142,253.0,46.825,0.0,0.0,0.0,0.0,2.4594075671669478,0.6113304436589736,0.5855513307984791,5.575949103146316,0.0,0.0,1.0,2.0,0.0,0.0,0.0,0.0
b2427,132.0,35.017,4.0,3.0,0.5,1.2885536470477859,104.0,22.225,2.0,2.0,1.0,1.6902841404922195,0.30319605742048883,0.5764863057879026,0.5929824561403508,5.655991810819852,0.0,0.0,0.0,4.0,0.0,0.0,0.0,0.0
b2428,126.0,42.563,11.0,7.0,0.34545454545454546,2.3343564462155135,88.0,21.928,5.0,3.0,0.2,3.9877940200745776,1.4315245841874509,0.6015365477075252,0.5536912751677853,5.700443573390687,0.0,0.0,1.0,5.0,0.0,0.0,2.0,0.0
b2429,320.0,88.451,10.0,8.0,0.35555555555555557,2.0419349417930297,252.0,52.619,5.0,3.0,0.2,3.301376497216781,0.1367205671564068,0.5938986467355201,0.6434599156118144,6.163314804034641,10.0,0.0,1.0,4.0,0.0,1.0,2.0,0.0
b2430,161.0,47.171,13.0,8.0,0.3974358974358974,2.397575677743162,140.0,29.262,4.0,3.0,0.16666666666666666,2.81403041942511,-0.07987667370927608,0.6332803958577221,0.6105990783410138,6.075346031088684,1.0,0.0,1.0,4.0,0.0,1.0,2.0,1.0
b2431,238.0,54.338,3.0,2.0,0.3333333333333333,2.308069085041164,207.0,41.179,0.0,0.0,0.0,0.0,2.3541276552922636,0.6871107338753144,0.6387959866220736,5.703782474656201,0.0,1.0,1.0,4.0,1.0,0.0,0.0,0.0
b2432,53.0,18.178,0.0,0.0,0.0,0.0,37.0,9.893,0.0,0.0,0.0,0.0,1.4151403521958728,0.594283178512402,0.5602094240837696,5.2574953720277815,0.0,0.0,0.0,1.0,0.0,0.0,0.0,0.0
b2433,40.0,12.68,2.0,2.0,0.0,0.937318389872147,25.0,8.083,1.0,1.0,0.0,1.406984872951484,0.0,0.5528439389926721,0.5704697986577181,5.0106352940962555,4.0,0.0,0.0,2.0,0.0,1.0,0.0,0.0
b2434,132.0,40.121,16.0,7.0,0.35,3.7257227806272164,121.0,25.426,2.0,1.0,0.0,2.244027081563061,1.1734776434529945,0.5706301480453071,0.5886524822695035,4.955827057601261,0.0,0.0,1.0,2.0,0.0,0.0,0.0,0.0
b2435,196.0,47.276,4.0,4.0,0.3333333333333333,0.9888962674242763,190.0,43.441,1.0,1.0,0.0,1.2842673212990958,0.8481891169913987,0.5801787633493677,0.5155709342560554,5.66988092298052,0.0,0.0,1.0,5.0,0.0,0.0,1.0,0.0
b2436,244.0,62.2,10.0,8.0,0.6666666666666666,1.9882311036984757,203.0,40.259,2.0,1.0,0.0,1.9607786287516205,0.8068580295188175,0.6113801046789749,0.5819397993311036,5.703782474656201,0.0,1.0,1.0,5.0,1.0,0.0,4.0,1.0
b2437,269.0,74.018,15.0,12.0,0.6285714285714286,2.4404968518293537,240.0,58.721,4.0,3.0,0.5,1.7642328636311981,0.0,0.6069012136349068,0.6,5.860786223465865,0.0,0.0,0.0,2.0,0.0,0.0,0.0,0.0
b2438,66.0,26.154,13.0,12.0,0.9871794871794872,2.02528791654504,36.0,13.842,10.0,9.0,0.8222222222222222,3.196014073533541,1.0867156639448825,0.5008486091886198,0.5783132530120482,5.117993812416755,0.0,0.0,0.0,3.0,0.0,0.0,0.0,0.0
b2439,48.0,22.816,14.0,12.0,0.967032967032967,2.1547393860110176,39.0,16.341,13.0,9.0,0.7564102564102564,4.038143071282014,1.852540985769799,0.5831324060550013,0.54337899543379,5.393627546352362,0.0,0.0,0.0,5.0,0.0,0.0,0.0,0.0
b2440,78.0,32.396,16.0,12.0,0.775,2.439977149104216,44.0,16.126,10.0,9.0,0.8,3.2139231887130917,1.2857822737793947,0.6584498163939505,0.5864406779661017,5.69035945432406,0.0,1.0,1.0,5.0,0.0,0.0,2.0,0.0
b2441,64.0,27.412,16.0,12.0,0.775,2.439977149104216,33.0,13.01,10.0,9.0,0.8,3.2139231887130917,1.3012470886362115,0.6543303802705752,0.695364238410596,6.118097198041348,0.0,1.0,1.0,5.0,0.0,0.0,2.0,0.0
b2442,122.0,30.508,2.0,1.0,0.0,1.888377861582408,98.0,20.032,0.0,0.0,0.0,0.0,-0.10237290870955855,0.4328649920916824,0.5870646766169154,5.998936561946683,0.0,0.0,0.0,2.0,0.0,0.0,0.0,0.0
b2443,44.0,17.218,5.0,3.0,0.3,2.972408187169421,21.0,4.834,1.0,1.0,0.0,2.3754623539078814,0.12710479836480765,0.4677398883384474,0.4507042253521127,5.365976015021851,0.0,0.0,0.0,1.0,0.0,0.0,0.0,0.0
b2444,3.0,2.032,1.0,1.0,0.0,1.19965296869555,3.0,2.072,1.0,1.0,0.0,2.099809266095953,-0.7281583934635011,0.595571437800048,0.6049382716049383,4.406719247264253,0.0,0.0,0.0,1.0,0.0,0.0,0.0,0.0
b2445,28.0,10.309,3.0,1.0,0.0,2.887575958480387,13.0,3.093,2.0,1.0,0.0,3.8846311887215226,0.0,0.48243736509343244,0.4262295081967213,4.812184355372417,0.0,0.0,0.0,1.0,0.0,0.0,0.0,0.0
b2446,26.0,9.433,2.0,1.0,0.0,2.398707868773279,7.0,4.107,2.0,1.0,0.0,3.8846311887215226,-0.6903698325741012,0.4406572411723013,0.5217391304347826,4.9344739331306915,0.0,0.0,0.0,1.0,0.0,0.0,0.0,0.0
b2447,15.0,4.256,1.0,1.0,0.0,1.4009044093577308,14.0,3.923,1.0,1.0,0.0,2.099809266095953,0.912753303671323,0.5614866799672353,0.6345177664974619,5.288267030694535,0.0,0.0,0.0,1.0,0.0,0.0,0.0,0.0
b2448,6.0,2.787,1.0,1.0,0.0,0.7816299301951485,6.0,2.809,1.0,1.0,0.0,2.3754623539078814,0.0,0.44997432218928435,0.496,4.836281906951478,0.0,0.0,0.0,1.0,0.0,0.0,0.0,0.0
b2449,10.0,6.76,6.0,3.0,0.13333333333333333,2.847998037047235,5.0,2.945,2.0,1.0,0.0,4.225735974410449,0.27184160653649897,0.4859428274327706,0.43846153846153846,4.875197323201151,0.0,0.0,0.0,1.0,0.0,0.0,0.0,0.0
b2450,12.0,4.55,1.0,1.0,0.0,1.1925828409475265,4.0,1.543,0.0,0.0,0.0,0.0,2.01287938717129,0.5298769757233529,0.550185873605948,5.598421958998375,0.0,0.0,0.0,1.0,0.0,0.0,0.0,0.0
b2451,92.0,32.63,18.0,12.0,0.7320261437908496,2.664382325201356,66.0,21.239,12.0,9.0,0.8636363636363636,3.6676429169466083,0.10380372095595687,0.5888156960621971,0.6552462526766595,6.148468295917647,0.0,0.0,0.0,3.0,0.0,0.0,2.0,0.0
b2452,83.0,29.246,16.0,12.0,0.8916666666666667,2.379740133677711,65.0,21.644,11.0,9.0,0.8909090909090909,3.3936633314278346,0.0,0.5858950224998494,0.6813725490196079,6.013715156042802,11.0,0.0,0.0,3.0,0.0,1.0,0.0,0.0
b2453,213.0,71.369,24.0,12.0,0.3695652173913043,3.4407085086017646,174.0,29.475,3.0,3.0,1.0,1.3331360924384617,0.6551384348113821,0.6106547156001557,0.640506329113924,5.981414211254481,0.0,1.0,1.0,4.0,0.0,0.0,5.0,1.0
b2454,69.0,26.961,16.0,12.0,0.8916666666666667,2.379740133677711,60.0,21.715,12.0,9.0,0.7727272727272727,3.8297596365755533,0.0,0.6286717413753741,0.6366906474820144,5.631211781821365,0.0,0.0,0.0,2.0,0.0,0.0,0.0,0.0
b2455,263.0,94.182,46.0,23.0,0.37584541062801935,5.538869945501492,206.0,37.75,11.0,8.0,0.509090909090909,4.427300577209958,0.9872192299080048,0.6247577287626627,0.6209850107066381,6.148468295917647,0.0,1.0,1.0,3.0,0.0,0.0,3.0,0.0
b2456,60.0,25.827,16.0,12.0,0.8916666666666667,2.379740133677711,44.0,16.359,12.0,9.0,0.7727272727272727,3.8297596365755533,0.0,0.6289887440487915,0.5684210526315789,4.564348191467836,0.0,0.0,0.0,4.0,0.0,0.0,0.0,0.0
b2457,44.0,21.642,14.0,12.0,0.9340659340659341,2.1074933061865817,31.0,13.38,11.0,9.0,0.8363636363636363,3.5315990812065543,1.4347285417797577,0.5994374960738394,0.5773195876288659,4.584967478670572,0.0,0.0,0.0,4.0,0.0,0.0,0.0,0.0
b2458,282.0,100.148,38.0,23.0,0.48933143669985774,4.431807700501527,229.0,39.049,7.0,5.0,0.47619047619047616,2.9042281537731687,-0.12033079436794646,0.5869626068814213,0.5976331360946746,5.82600010738045,0.0,0.0,1.0,5.0,1.0,0.0,2.0,0.0
b2459,166.0,52.3,18.0,12.0,0.7058823529411765,2.8948596032992087,144.0,42.638,13.0,9.0,0.7564102564102564,4.083547189040139,-0.9507819773298184,0.6261308449099972,0.6666666666666666,5.5909869805108565,0.0,1.0,1.0,4.0,0.0,0.0,3.0,1.0
b2460,131.0,40.12,16.0,12.0,0.8916666666666667,2.379740133677711,119.0,34.329,14.0,9.0,0.7472527472527473,4.357519781078412,0.8350561017201162,0.6734085454580191,0.6695278969957081,5.455321115357702,0.0,0.0,1.0,3.0,0.0,0.0,0.0,0.0
b2461,69.0,27.151,16.0,12.0,0.8916666666666667,2.379740133677711,59.0,21.399,14.0,9.0,0.7472527472527473,4.357519781078412,0.0,0.5277290765933156,0.5408805031446541,5.075173815233827,0.0,0.0,1.0,3.0,0.0,0.0,0.0,0.0
b2462,47.0,22.657,16.0,12.0,0.8916666666666667,2.379740133677711,34.0,16.186,14.0,9.0,0.7472527472527473,4.357519781078412,-0.8728952016351923,0.5712773255357306,0.5135135135135135,4.718498871295094,0.0,0.0,0.0,4.0,0.0,0.0,0.0,0.0
b2463,894.0,278.386,56.0,19.0,0.38896103896103895,5.940158982029115,839.0,159.677,1.0,1.0,0.0,0.7866868495099791,2.828021517288693,0.665491244115595,0.6047430830039525,6.633318433280377,0.0,1.0,1.0,5.0,0.0,0.0,5.0,0.0
b2464,394.0,137.863,54.0,18.0,0.3424178895877009,6.787403925641528,369.0,87.721,21.0,11.0,0.6238095238095238,6.1628300983722255,2.98227575691686,0.588140786988219,0.5316455696202531,5.75890177387728,0.0,0.0,1.0,3.0,1.0,0.0,7.0,1.0
b2465,526.0,172.529,55.0,18.0,0.32323232323232326,6.692185446590981,493.0,104.859,17.0,11.0,0.49264705882352944,5.385760221610821,2.844483388783956,0.6077572984178986,0.5937031484257871,6.504288173536645,0.0,1.0,1.0,5.0,0.0,0.0,7.0,1.0
b2466,358.0,101.414,12.0,5.0,0.07575757575757576,3.366894322161016,349.0,97.756,10.0,4.0,0.08888888888888889,5.586505485551169,-0.11633856484638239,0.5400593697636149,0.5994236311239193,5.8522024797744745,0.0,0.0,0.0,1.0,0.0,0.0,0.0,0.0
b2467,118.0,28.956,2.0,2.0,0.0,0.6450182824756779,99.0,18.231,0.0,0.0,0.0,0.0,1.1556396337597763,0.6580348731535864,0.581151832460733,5.2574953720277815,0.0,1.0,1.0,5.0,0.0,0.0,0.0,0.0
b2468,182.0,46.795,4.0,4.0,0.16666666666666666,0.8174010346108374,174.0,34.906,4.0,4.0,0.0,1.5661014473770998,1.2835273648616936,0.6183778323910096,0.5796661608497724,6.492239835020471,0.0,1.0,0.0,3.0,0.0,0.0,0.0,0.0
b2469,281.0,74.839,7.0,6.0,0.14285714285714285,1.5310455695827905,243.0,56.126,6.0,4.0,0.13333333333333333,3.5084839112021666,-0.978810700930062,0.5697547820316884,0.588339222614841,6.340359303727752,2.0,0.0,1.0,4.0,0.0,1.0,1.0,0.0
b2470,144.0,57.898,26.0,11.0,0.38461538461538464,4.440480669640094,97.0,23.793,10.0,6.0,0.4222222222222222,4.293900293812862,0.8615344108590378,0.5869195758059158,0.6325940212150434,6.945051063725834,12.0,0.0,0.0,5.0,0.0,1.0,1.0,0.0
b2471,196.0,48.19,2.0,2.0,0.0,0.8558883967547916,164.0,30.025,1.0,1.0,0.0,2.9922202274087373,2.1399105558756824,0.6101613446810408,0.5169491525423728,4.77912349311153,0.0,0.0,0.0,2.0,0.0,0.0,0.0,0.0
b2472,300.0,78.978,9.0,7.0,0.3055555555555556,2.1252793269482364,276.0,52.136,1.0,1.0,0.0,2.9922202274087373,1.4610480916706579,0.5824978433348587,0.5493333333333333,5.929589143389895,0.0,1.0,1.0,5.0,0.0,0.0,4.0,0.0
b2473,302.0,73.888,9.0,5.0,0.2777777777777778,2.438908678802821,280.0,61.936,1.0,1.0,0.0,0.744505873209256,1.650404669868032,0.6418475344558682,0.5560344827586207,5.4510384535657,0.0,0.0,1.0,2.0,0.0,0.0,0.0,0.0
b2474,382.0,113.875,21.0,13.0,0.3904761904761905,2.546696119332162,333.0,80.321,5.0,3.0,0.3,1.7411714060408758,-0.11013827874181155,0.48243546769228185,0.533532041728763,6.51025834052315,0.0,0.0,2.0,5.0,1.0,0.0,0.0,0.0
b2475,105.0,24.199,3.0,3.0,0.3333333333333333,0.7199467565171557,97.0,21.53,3.0,3.0,0.3333333333333333,1.3650457501923399,1.726808682524964,0.5981151948210549,0.5574912891986062,5.662960480135946,1.0,0.0,0.0,2.0,0.0,1.0,0.0,0.0
b2476,314.0,86.25,18.0,14.0,0.5751633986928104,2.40386617831774,294.0,65.891,16.0,9.0,0.5416666666666666,5.031720386032806,3.1405111855339154,0.6944596458980692,0.6329113924050633,5.472270673671475,0.0,0.0,1.0,4.0,0.0,0.0,3.0,1.0
b2477,488.0,158.506,31.0,13.0,0.2086021505376344,4.708677917176952,468.0,139.692,22.0,8.0,0.15151515151515152,9.12916185329968,2.610670807432031,0.5890159861502613,0.5697674418604651,5.84354441703136,0.0,0.0,0.0,5.0,0.0,1.0,0.0,0.0
b2478,473.0,124.668,12.0,10.0,0.4393939393939394,2.117250023451515,446.0,91.565,6.0,3.0,0.13333333333333333,2.9199187008069143,2.684854334578203,0.5710942521918422,0.5342465753424658,5.680172609017068,0.0,0.0,1.0,5.0,1.0,0.0,6.0,0.0
b2479,299.0,78.668,4.0,4.0,0.16666666666666666,1.0482910222052115,276.0,70.153,3.0,2.0,0.6666666666666666,1.7705020285370456,1.2946866242794433,0.5410228279136815,0.5,5.25227342804663,0.0,0.0,0.0,3.0,1.0,0.0,1.0,0.0
b2480,360.0,88.069,6.0,5.0,0.3333333333333333,1.297223905280163,327.0,63.634,2.0,2.0,1.0,1.303970505036481,3.006470320991523,0.6709834899545477,0.5897435897435898,5.056245805348308,0.0,0.0,1.0,5.0,0.0,0.0,0.0,0.0
b2481,131.0,44.109,15.0,10.0,0.5904761904761905,2.3607466702514643,94.0,27.977,12.0,9.0,0.5757575757575758,3.0553221848376437,-1.408935392973501,0.567023685033565,0.5756097560975609,5.327876168789581,0.0,1.0,1.0,2.0,0.0,0.0,0.0,0.0
b2482,118.0,43.986,17.0,13.0,0.6617647058823529,2.3425818508278677,103.0,30.45,14.0,12.0,0.8351648351648352,3.0629058382124805,0.0,0.504614936873385,0.6145833333333334,6.511745329644728,16.0,0.0,1.0,4.0,0.0,1.0,0.0,0.0
b2483,121.0,44.629,15.0,13.0,0.819047619047619,2.1658935014921137,96.0,29.455,14.0,12.0,0.8351648351648352,3.0629058382124805,0.0,0.5357545679595251,0.5904761904761905,5.755742213586912,8.0,0.0,1.0,3.0,0.0,1.0,0.0,0.0
b2484,197.0,69.15,30.0,15.0,0.5080459770114942,3.791291189677606,167.0,48.615,25.0,12.0,0.49,5.11240660934421,0.0,0.5449619770945612,0.6784968684759917,6.173786103901937,15.0,0.0,1.0,3.0,0.0,1.0,0.0,0.0
b2485,130.0,42.542,18.0,13.0,0.7320261437908496,2.5591147533495078,123.0,36.262,16.0,12.0,0.7083333333333334,3.561895269121559,-0.8569851997459049,0.5810409485832755,0.6481481481481481,5.37989735354046,7.0,0.0,1.0,3.0,0.0,1.0,0.0,0.0
b2486,115.0,40.667,19.0,13.0,0.7017543859649122,2.6691500093122746,105.0,30.617,15.0,12.0,0.8285714285714286,3.2517050365951694,0.0,0.5310819850469994,0.6387832699619772,6.267200548541362,12.0,0.0,1.0,3.0,0.0,1.0,0.0,0.0
b2487,167.0,61.411,22.0,13.0,0.5670995670995671,2.982694962466738,147.0,44.0,18.0,12.0,0.5947712418300654,3.9146957476319115,1.0457140589408676,0.624270243290584,0.6072072072072072,6.320768294250582,0.0,1.0,1.0,3.0,0.0,0.0,0.0,0.0
b2488,290.0,97.857,31.0,15.0,0.4774193548387097,3.8800658345960617,256.0,69.118,25.0,12.0,0.47,5.105838925182802,0.0,0.5915700443310259,0.5966850828729282,5.204006687076795,0.0,0.0,0.0,2.0,0.0,0.0,0.0,0.0
b2489,79.0,31.465,18.0,13.0,0.7058823529411765,2.511926540375421,70.0,27.329,15.0,12.0,0.7714285714285715,3.285671167610115,0.5105450102066121,0.5225649034490958,0.5714285714285714,5.53338948872752,0.0,1.0,1.0,2.0,0.0,0.0,0.0,0.0
b2490,62.0,28.143,16.0,9.0,0.43333333333333335,3.3461253643446476,35.0,13.077,11.0,9.0,0.8727272727272727,2.5391725568944943,0.0,0.598587497108782,0.6058394160583942,4.927253685157205,0.0,0.0,1.0,1.0,0.0,0.0,0.0,0.0
b2491,117.0,35.391,10.0,9.0,0.7555555555555555,1.626671692585089,96.0,23.352,8.0,7.0,0.6071428571428571,2.1277122299797138,-0.48945498979338786,0.5461457631591458,0.5537313432835821,6.508769136971682,0.0,0.0,0.0,4.0,0.0,0.0,0.0,0.0
b2492,143.0,42.013,9.0,9.0,0.7222222222222222,1.5208425639837717,109.0,26.069,4.0,4.0,0.8333333333333334,1.264425471073885,0.9637878273455552,0.5477733497625256,0.6028368794326241,5.645446897643238,6.0,0.0,0.0,4.0,0.0,1.0,0.0,0.0
b2493,203.0,44.2,0.0,0.0,0.0,0.0,189.0,38.075,0.0,0.0,0.0,0.0,0.8041394323353505,0.5756310820652549,0.6912181303116147,5.869296913133774,7.0,0.0,0.0,2.0,0.0,1.0,0.0,0.0
b2494,370.0,91.082,5.0,3.0,0.2,1.5296589829022953,350.0,81.042,1.0,1.0,0.0,1.2001714826256171,1.9395691686559016,0.5965746134144795,0.5893223819301848,6.1903154058531475,0.0,1.0,1.0,5.0,0.0,1.0,0.0,0.0
b2495,119.0,29.614,4.0,3.0,0.0,1.3088692686216632,103.0,18.662,2.0,1.0,0.0,1.7647090994193406,2.4785809237422773,0.6184861945634487,0.6134453781512605,4.787491742782046,0.0,0.0,0.0,2.0,0.0,0.0,0.0,0.0
b2496,459.0,121.888,8.0,8.0,0.7142857142857143,1.2621652070272789,381.0,66.979,1.0,1.0,0.0,0.9820724287313032,0.6937269489236468,0.5439696116153033,0.6137339055793991,5.455321115357702,0.0,0.0,0.0,5.0,0.0,1.0,0.0,0.0
b2497,114.0,37.762,14.0,9.0,0.42857142857142855,2.3077109919605,98.0,26.374,8.0,8.0,0.8571428571428571,2.715998447708451,1.3911116137028026,0.5639181344666951,0.5920745920745921,6.063785208687608,12.0,0.0,0.0,5.0,0.0,1.0,0.0,0.0
b2498,384.0,120.085,33.0,15.0,0.35795454545454547,4.233635309742974,343.0,83.731,9.0,8.0,0.2777777777777778,2.9375386942743917,3.220372247100248,0.6755864210789213,0.6057692307692307,5.342334251964811,0.0,1.0,1.0,5.0,0.0,0.0,3.0,1.0
b2499,355.0,107.115,26.0,15.0,0.5138461538461538,3.231526775578241,325.0,74.905,15.0,9.0,0.6761904761904762,4.623682203708474,2.6637103459920692,0.6423658015023471,0.553623188405797,5.846438775057725,0.0,0.0,1.0,4.0,1.0,0.0,3.0,1.0
b2500,322.0,99.472,29.0,15.0,0.41379310344827586,3.7364692743506636,300.0,66.701,15.0,9.0,0.6095238095238096,4.977533789553576,1.8727970399895983,0.6108845625859779,0.5754716981132075,5.3612921657094255,0.0,0.0,1.0,5.0,0.0,0.0,4.0,1.0
b2501,294.0,69.725,5.0,5.0,0.3,1.0065024013908395,219.0,37.875,4.0,2.0,0.3333333333333333,2.3121383531577706,1.7194141597025934,0.6462516036531297,0.5741279069767442,6.535241271013659,0.0,1.0,1.0,5.0,0.0,1.0,2.0,1.0
b2502,224.0,54.248,5.0,5.0,0.5,0.9965452572162293,197.0,41.795,2.0,2.0,1.0,1.2227083570665513,1.4315245841874509,0.5774544820735154,0.5282651072124757,6.2422232654551655,0.0,1.0,1.0,5.0,0.0,1.0,2.0,1.0
b2503,275.0,81.314,18.0,13.0,0.2222222222222222,3.0727704190467224,256.0,70.238,13.0,11.0,0.16666666666666666,3.063329788490273,-0.023650020996726553,0.5602654245578313,0.5301204819277109,6.617402977974478,9.0,1.0,1.0,5.0,0.0,1.0,0.0,0.0
b2504,56.0,18.545,1.0,1.0,0.0,0.519936853170006,19.0,4.27,0.0,0.0,0.0,0.0,0.34044411484011833,0.6339426469991885,0.5555555555555556,4.1588830833596715,1.0,0.0,0.0,2.0,0.0,1.0,0.0,0.0
b2505,205.0,46.575,3.0,2.0,0.0,1.2427524046050793,200.0,44.72,2.0,1.0,0.0,1.8512922407354173,0.0,0.5493627054361069,0.43023255813953487,5.153291594497779,0.0,0.0,0.0,2.0,0.0,1.0,0.0,0.0
b2506,17.0,7.962,3.0,2.0,0.0,1.1529575054547168,3.0,1.38,1.0,1.0,0.0,1.2380477498576115,-0.007446482167864384,0.5676175639548311,0.4972067039106145,5.19295685089021,0.0,0.0,0.0,2.0,0.0,0.0,0.0,0.0
b2507,1368.0,453.784,86.0,28.0,0.18823529411764706,8.371698331657939,1304.0,313.692,47.0,18.0,0.1692876965772433,11.098132103389037,2.863328809319186,0.6810278303596234,0.5961904761904762,6.26530121273771,0.0,0.0,1.0,5.0,0.0,0.0,3.0,1.0
b2508,487.0,140.168,26.0,15.0,0.4676923076923077,2.9793371396797856,453.0,86.463,2.0,2.0,1.0,0.8457930487694081,3.1417663637023043,0.6429633496491836,0.5307377049180327,6.192362489474872,0.0,1.0,1.0,5.0,0.0,0.0,4.0,1.0
b2509,334.0,90.445,8.0,7.0,0.35714285714285715,1.4086625498614533,293.0,61.874,2.0,2.0,0.0,1.3410048808180624,0.8981764834976765,0.571654111174468,0.5482456140350878,6.124683390894205,0.0,1.0,1.0,5.0,1.0,0.0,1.0,0.0
b2510,19.0,4.911,0.0,0.0,0.0,0.0,16.0,3.933,0.0,0.0,0.0,0.0,0.568201724066995,0.5511897880309305,0.4507042253521127,4.276666119016055,0.0,0.0,0.0,1.0,0.0,0.0,0.0,0.0
b2511,436.0,133.517,22.0,13.0,0.10822510822510822,2.683416906454067,416.0,104.126,11.0,4.0,0.05454545454545454,5.0311965477086344,2.4014177743476224,0.6456162682819289,0.5591836734693878,6.19644412779452,0.0,0.0,0.0,5.0,0.0,0.0,0.0,0.0
b2512,434.0,125.196,21.0,14.0,0.4095238095238095,2.711222187707895,410.0,97.664,5.0,4.0,0.3,2.1485708426305097,2.4727710717808726,0.6040659885517212,0.5637755102040817,5.973809611869261,0.0,0.0,0.0,5.0,0.0,1.0,0.0,0.0
b2513,447.0,122.885,12.0,10.0,0.21212121212121213,1.807728407382514,418.0,109.896,9.0,4.0,0.1388888888888889,4.020521123787945,2.615960567133984,0.5616244496780811,0.46601941747572817,5.332718793265369,1.0,0.0,0.0,5.0,0.0,1.0,0.0,0.0
b2514,601.0,180.811,27.0,18.0,0.5185185185185185,2.851250521553546,589.0,131.789,7.0,4.0,0.14285714285714285,3.3222806895737844,2.640491374945546,0.6026789538119799,0.5660377358490566,6.052089168924417,0.0,0.0,1.0,4.0,1.0,0.0,1.0,1.0
b2515,325.0,88.507,14.0,10.0,0.3516483516483517,2.315685762508362,300.0,60.105,9.0,5.0,0.4444444444444444,3.550218159941782,2.3117750456357395,0.6275854256530375,0.5806451612903226,5.921578419643816,0.0,1.0,1.0,5.0,0.0,0.0,3.0,0.0
b2516,492.0,154.539,46.0,32.0,0.5439613526570048,3.6240914936787423,455.0,108.972,2.0,2.0,1.0,1.1648923926857686,2.565859619993661,0.5206857347961589,0.5074183976261127,5.823045895483019,1.0,0.0,0.0,5.0,0.0,1.0,0.0,0.0
b2517,429.0,121.856,11.0,7.0,0.07272727272727272,2.1912763810698697,393.0,81.236,4.0,3.0,0.0,2.0807805928838627,1.726808682524964,0.6796049626661168,0.625,5.953243334287785,0.0,1.0,1.0,5.0,1.0,0.0,0.0,0.0
b2518,609.0,213.624,65.0,39.0,0.4076923076923077,5.52872759551086,578.0,136.108,15.0,12.0,0.6,2.5402470787763236,3.3182741671575107,0.6640108161302599,0.5104895104895105,4.969813299576001,0.0,1.0,1.0,5.0,1.0,0.0,6.0,1.0
b2519,213.0,58.188,13.0,9.0,0.6410256410256411,2.208602385786161,190.0,38.544,1.0,1.0,0.0,2.9922202274087373,-1.3098039199714864,0.5308085939768036,0.5623376623376624,6.647688373563329,1.0,0.0,1.0,5.0,0.0,1.0,2.0,1.0
b2520,238.0,56.39,3.0,3.0,0.0,1.1295913119324341,203.0,43.005,1.0,1.0,0.0,2.9922202274087373,1.2530955858490316,0.5948408544650575,0.5523290986085905,7.4109518755836366,0.0,0.0,0.0,4.0,0.0,1.0,0.0,0.0
b2521,235.0,64.556,16.0,9.0,0.35833333333333334,2.614784044122101,178.0,33.115,0.0,0.0,0.0,0.0,2.777434072654032,0.5653412327117846,0.498220640569395,5.641907070938114,0.0,0.0,1.0,5.0,1.0,0.0,5.0,0.0
b2522,461.0,126.652,8.0,7.0,0.2857142857142857,1.7120228050315138,411.0,104.226,5.0,4.0,0.4,2.2529819660405166,1.1401936785786313,0.5842762235535106,0.4496124031007752,5.556828061699537,0.0,0.0,0.0,2.0,0.0,0.0,0.0,0.0
b2523,208.0,57.066,18.0,11.0,0.40522875816993464,3.0242671292217476,177.0,32.969,4.0,4.0,0.8333333333333334,1.8986801534712843,2.7881754442836,0.6617201894909733,0.6323185011709602,6.059123195581797,0.0,1.0,1.0,5.0,1.0,0.0,2.0,0.0
b2524,141.0,40.248,12.0,8.0,0.5757575757575758,2.2904638210327803,112.0,27.655,8.0,6.0,0.6785714285714286,3.3953416056689107,2.17900570756482,0.6074724799401167,0.5909090909090909,4.204692619390966,0.0,0.0,0.0,4.0,0.0,0.0,0.0,0.0
b2525,229.0,68.597,19.0,8.0,0.3742690058479532,3.3888385275812225,180.0,30.882,9.0,6.0,0.5833333333333334,3.8250505827332235,2.6374997361825243,0.613582340039719,0.5225225225225225,4.718498871295094,0.0,1.0,0.0,4.0,0.0,0.0,2.0,0.0
b2526,500.0,139.142,20.0,8.0,0.3157894736842105,3.4064559553002622,442.0,74.49,11.0,6.0,0.38181818181818183,4.464510510680783,1.8814417219413933,0.6352761182677563,0.5892857142857143,6.424869023905388,0.0,0.0,0.0,4.0,0.0,0.0,0.0,0.0
b2527,155.0,46.408,14.0,8.0,0.4945054945054945,2.421809772017904,131.0,28.97,9.0,6.0,0.6111111111111112,3.855151714846868,1.8904769089601707,0.6596649722819675,0.5964912280701754,5.147494476813453,0.0,0.0,0.0,4.0,0.0,0.0,0.0,0.0
b2528,132.0,38.648,8.0,8.0,0.8571428571428571,1.5987599617209867,113.0,28.047,7.0,6.0,0.8571428571428571,3.052897143994302,1.8300109359361179,0.6218570875916912,0.5700934579439252,4.68213122712422,0.0,1.0,0.0,5.0,0.0,0.0,0.0,0.0
b2529,328.0,104.48,32.0,8.0,0.23790322580645162,5.494865230822498,273.0,52.493,14.0,6.0,0.3626373626373626,5.64810007711867,2.9735942386469625,0.6567094726861802,0.5859375,4.859812404361672,0.0,0.0,0.0,5.0,0.0,0.0,0.0,0.0
b2530,317.0,99.577,27.0,8.0,0.2535612535612536,4.7479078698803034,287.0,60.081,9.0,6.0,0.5555555555555556,3.991472162804772,3.0374304822753917,0.6850834836642791,0.6039603960396039,6.003887067106539,0.0,1.0,1.0,5.0,1.0,0.0,4.0,1.0
b2531,323.0,86.563,15.0,8.0,0.4095238095238095,2.7413392389829943,255.0,43.206,5.0,4.0,0.6,2.66981118073551,2.8312360993431573,0.6124326750237591,0.5123456790123457,5.093750200806762,0.0,1.0,0.0,4.0,0.0,0.0,0.0,0.0
b2532,226.0,61.811,7.0,6.0,0.47619047619047616,1.4912418742897793,211.0,46.378,1.0,1.0,0.0,0.9026700279343027,2.075583455193813,0.6562614759796574,0.6178861788617886,5.5093883366279774,0.0,0.0,1.0,5.0,1.0,0.0,0.0,0.0
b2533,411.0,104.412,10.0,10.0,0.8,1.0845885775504789,387.0,76.971,1.0,1.0,0.0,1.3625422860604741,2.44092481708748,0.6642635293512696,0.5917602996254682,5.5909869805108565,0.0,1.0,1.0,5.0,1.0,0.0,4.0,0.0
b2534,175.0,36.537,0.0,0.0,0.0,0.0,165.0,34.812,0.0,0.0,0.0,0.0,-1.337242168318426,0.5665331075356702,0.5528169014084507,5.652489180268651,1.0,0.0,0.0,2.0,0.0,1.0,0.0,0.0
b2535,358.0,93.735,5.0,4.0,0.1,1.508576573493066,341.0,86.371,5.0,3.0,0.1,2.550142014788089,0.08278537031645007,0.5368494101798107,0.5234741784037559,6.056784013228625,0.0,0.0,0.0,1.0,0.0,0.0,0.0,0.0
b2536,209.0,45.038,2.0,2.0,1.0,0.8031020430217218,197.0,40.705,0.0,0.0,0.0,0.0,0.7589118923979735,0.5467413326938556,0.6675461741424802,5.940171252720432,12.0,0.0,0.0,3.0,0.0,1.0,0.0,0.0
b2537,205.0,61.773,16.0,6.0,0.041666666666666664,3.9041333700273917,161.0,46.229,10.0,4.0,0.022222222222222223,5.55795278482454,-0.9829666607012196,0.5528843784726524,0.5337837837837838,5.6937321388027,0.0,0.0,0.0,4.0,0.0,0.0,0.0,0.0
b2538,97.0,31.616,11.0,7.0,0.41818181818181815,2.376019447916306,85.0,24.597,10.0,6.0,0.5111111111111111,4.538713822040788,-1.2291479883578558,0.6084451048006542,0.5452538631346578,6.118097198041348,0.0,1.0,1.0,4.0,0.0,0.0,4.0,0.0
b2539,79.0,28.418,13.0,7.0,0.34615384615384615,2.7880918688632157,68.0,21.803,10.0,6.0,0.5111111111111111,4.526613677196995,0.0,0.5907248244714691,0.5813953488372093,5.153291594497779,0.0,0.0,1.0,4.0,0.0,0.0,4.0,0.0
b2540,126.0,34.9,10.0,6.0,0.26666666666666666,2.2191409752658675,118.0,27.752,5.0,5.0,0.6,2.2439940671123546,0.0,0.5592948753764556,0.5943396226415094,4.672828834461906,0.0,0.0,0.0,4.0,0.0,0.0,4.0,0.0
b2541,223.0,62.396,11.0,7.0,0.2909090909090909,2.3217650370401683,181.0,37.758,6.0,5.0,0.7333333333333333,2.688465767791472,-1.0506099933550872,0.5987723027417733,0.5888888888888889,5.602118820879701,0.0,0.0,1.0,4.0,0.0,0.0,4.0,0.0
b2542,423.0,115.433,13.0,7.0,0.11538461538461539,2.49514434059177,386.0,67.878,9.0,5.0,0.16666666666666666,3.7372986751121458,-0.6038006529042637,0.559985530276949,0.5425,5.993961427306569,0.0,1.0,1.0,4.0,0.0,0.0,6.0,0.0
b2543,217.0,55.269,2.0,2.0,0.0,0.9477294456276351,199.0,45.568,0.0,0.0,0.0,0.0,0.30963016742589866,0.510454164469179,0.5571428571428572,4.948759890378168,4.0,0.0,0.0,2.0,0.0,1.0,0.0,0.0
b2544,199.0,46.625,3.0,3.0,0.0,0.8405858277380973,194.0,43.451,2.0,1.0,0.0,1.7403453909272548,-0.8794260687941501,0.5767801863105086,0.5862068965517241,5.673323267171493,0.0,0.0,0.0,2.0,0.0,0.0,0.0,0.0
b2545,132.0,41.128,7.0,6.0,0.19047619047619047,1.165721956363093,111.0,23.722,1.0,1.0,0.0,1.18981487668005,-1.537602002101044,0.6437251237875892,0.5892351274787535,5.869296913133774,0.0,1.0,1.0,2.0,0.0,0.0,0.0,0.0
b2546,222.0,120.906,19.0,15.0,0.3742690058479532,2.9464075213395784,95.0,24.117,15.0,10.0,0.12380952380952381,4.485754851806191,-0.30451832350980257,0.5772632101659266,0.6686746987951807,5.808142489980444,10.0,0.0,0.0,3.0,0.0,1.0,1.0,0.0
b2547,220.0,119.143,17.0,15.0,0.41911764705882354,2.476245272602697,102.0,23.194,11.0,10.0,0.2,3.3347859240284774,-0.30715308072277,0.5971139482511146,0.6262425447316103,6.222576268071369,0.0,0.0,0.0,3.0,0.0,0.0,1.0,0.0
b2548,312.0,143.159,24.0,15.0,0.4963768115942029,3.534707421890792,160.0,38.43,14.0,10.0,0.38461538461538464,4.63299228368134,-0.3861581781239308,0.5500330104438161,0.43119266055045874,5.793013608384144,0.0,0.0,0.0,3.0,0.0,0.0,1.0,0.0
b2549,178.0,43.365,3.0,3.0,1.0,1.5671493387981534,166.0,37.672,0.0,0.0,0.0,0.0,-0.39469495385889053,0.6278875845849246,0.6075022872827082,6.9975959829819265,0.0,0.0,0.0,1.0,0.0,0.0,0.0,0.0
b2550,155.0,40.069,5.0,3.0,0.3,1.9987774160712117,132.0,28.33,2.0,1.0,0.0,1.9838193414599778,-1.7958800173440752,0.6058295440681594,0.5617128463476071,5.986452005284438,0.0,0.0,0.0,1.0,0.0,0.0,0.0,0.0
b2551,788.0,262.605,55.0,15.0,0.15824915824915825,6.775358981882308,698.0,137.435,13.0,9.0,0.44871794871794873,4.125934734518993,3.561341133918774,0.6675884540275496,0.5851318944844125,6.035481432524756,0.0,1.0,1.0,5.0,1.0,0.0,12.0,1.0
b2552,382.0,106.272,14.0,6.0,0.23076923076923078,3.237557504728082,303.0,54.648,3.0,1.0,0.0,4.198145587668714,1.683137131483007,0.6400339081044673,0.5656565656565656,5.983936280687191,0.0,1.0,1.0,5.0,1.0,0.0,0.0,0.0
b2553,154.0,46.87,11.0,8.0,0.41818181818181815,2.209857242860582,95.0,13.347,1.0,1.0,0.0,1.0205209629091574,2.5611133146522547,0.694802781626989,0.5982142857142857,4.727387818712341,0.0,0.0,0.0,5.0,0.0,0.0,1.0,0.0
b2554,246.0,75.29,6.0,5.0,0.3333333333333333,1.424617772959885,206.0,48.855,3.0,2.0,0.3333333333333333,2.097285460369572,1.2530955858490316,0.6192237670049967,0.6013513513513513,6.09807428216624,0.0,0.0,0.0,5.0,1.0,0.0,2.0,0.0
b2555,42.0,14.521,3.0,3.0,0.6666666666666666,0.9247585655237358,19.0,4.556,2.0,2.0,1.0,1.6722743523660142,0.47712125471966244,0.5713412597561989,0.5569620253164557,5.472270673671475,0.0,0.0,0.0,2.0,0.0,0.0,0.0,0.0
b2556,356.0,101.404,10.0,6.0,0.15555555555555556,2.0790931544170905,314.0,77.007,4.0,2.0,0.16666666666666666,2.9521657400909826,1.1878026387184193,0.5399869273827438,0.5726315789473684,6.16541785423142,2.0,0.0,1.0,5.0,0.0,1.0,2.0,0.0
b2557,992.0,279.741,36.0,15.0,0.33650793650793653,4.260339462145247,929.0,217.082,23.0,9.0,0.3675889328063241,7.117105028921921,2.6211866714708982,0.6477740346081083,0.6092664092664093,7.16703787691222,0.0,0.0,1.0,5.0,1.0,0.0,3.0,1.0
b2558,238.0,58.369,9.0,8.0,0.8888888888888888,1.7830719340188823,214.0,44.679,0.0,0.0,0.0,0.0,-0.06499684854634524,0.5968501615066903,0.5598455598455598,6.251903883165888,0.0,0.0,1.0,4.0,0.0,1.0,0.0,0.0
b2559,348.0,101.918,14.0,8.0,0.0989010989010989,2.4885917555023567,307.0,65.926,5.0,3.0,0.0,3.101661314024579,0.22271647114758325,0.6241466867177994,0.5748502994011976,5.123963979403259,0.0,1.0,1.0,5.0,0.0,0.0,0.0,0.0
b2560,189.0,53.047,9.0,9.0,0.5,1.7380742583325568,146.0,25.611,1.0,1.0,0.0,0.756939312799781,0.829946695941636,0.5663741035885118,0.5450236966824644,5.356586274672012,1.0,1.0,1.0,4.0,0.0,1.0,1.0,0.0
b2561,149.0,35.865,1.0,1.0,0.0,0.7634875750652841,124.0,25.252,0.0,0.0,0.0,0.0,0.6117233080073418,0.5663642655219653,0.524822695035461,5.645446897643238,0.0,0.0,0.0,2.0,0.0,0.0,0.0,0.0
b2562,355.0,103.359,17.0,13.0,0.5661764705882353,2.6131621445573994,289.0,62.609,1.0,1.0,0.0,0.6580611210203051,1.3346547668832414,0.6953248782148236,0.5581395348837209,4.465908118654584,0.0,1.0,0.0,3.0,0.0,0.0,0.0,0.0
b2563,229.0,55.828,7.0,6.0,0.2857142857142857,1.2125401308781045,216.0,46.049,4.0,4.0,1.0,2.0892133948246294,1.2579184503140586,0.5370013457554875,0.5,4.844187086458591,0.0,1.0,1.0,5.0,1.0,0.0,4.0,1.0
b2564,241.0,67.06,12.0,7.0,0.22727272727272727,2.1310292615408644,202.0,40.813,7.0,4.0,0.2857142857142857,2.993366769176206,2.283323847618786,0.6525106770257298,0.5967078189300411,5.497168225293202,0.0,0.0,1.0,5.0,1.0,0.0,3.0,0.0
b2565,536.0,156.07,28.0,16.0,0.47619047619047616,3.3974337790824167,493.0,109.637,5.0,4.0,0.6,2.5335476056842996,-0.10679324694015198,0.5493412982193477,0.5743801652892562,5.493061443340548,0.0,0.0,0.0,4.0,0.0,0.0,1.0,0.0
b2566,409.0,126.5,30.0,21.0,0.35402298850574715,2.7121150831888388,388.0,94.518,11.0,4.0,0.10909090909090909,5.544286008775953,1.7818271529324279,0.6786622747875554,0.627906976744186,5.71042701737487,0.0,0.0,0.0,5.0,1.0,1.0,0.0,0.0
b2567,594.0,217.86,75.0,45.0,0.4281081081081081,6.127594876898713,514.0,106.455,6.0,4.0,0.4,2.924422372486725,2.0969447551769407,0.608240734677414,0.5088495575221239,5.424950017481403,0.0,1.0,1.0,5.0,1.0,0.0,1.0,0.0
b2568,810.0,251.33,54.0,18.0,0.21663172606568834,5.950574679089771,773.0,205.127,37.0,15.0,0.27927927927927926,9.305342778593298,1.9289588408808298,0.6465782193559149,0.5648148148148148,5.783825182329737,2.0,0.0,1.0,5.0,0.0,1.0,1.0,1.0
b2569,615.0,226.971,69.0,54.0,0.6867007672634271,4.664929419671379,584.0,141.644,5.0,4.0,0.1,2.2512939959566993,2.4771357309611233,0.6651282424120312,0.6327212020033389,6.396929655216146,0.0,0.0,1.0,5.0,1.0,1.0,0.0,0.0
b2570,309.0,76.263,6.0,6.0,0.26666666666666666,1.3564946237647948,285.0,68.047,4.0,4.0,0.5,2.041453993691865,0.029383777685209667,0.46914725168978766,0.5660377358490566,5.075173815233827,2.0,0.0,0.0,4.0,0.0,1.0,0.0,0.0
b2571,366.0,107.783,8.0,6.0,0.39285714285714285,1.5932981266403623,347.0,95.444,7.0,4.0,0.3333333333333333,3.1673697215526575,2.1761202110560856,0.5316049794895689,0.5408805031446541,5.765191102784844,0.0,0.0,0.0,5.0,0.0,1.0,0.0,0.0
b2572,470.0,159.827,34.0,13.0,0.1497326203208556,4.98755320469193,399.0,117.702,17.0,8.0,0.3088235294117647,6.526321852805329,1.0867156639448825,0.5596121071558336,0.5138888888888888,5.37989735354046,1.0,0.0,0.0,5.0,0.0,1.0,0.0,0.0
b2573,442.0,135.304,25.0,15.0,0.26666666666666666,3.2754172487952853,323.0,54.259,4.0,4.0,0.5,2.0262300338691785,1.8921502779013641,0.5095253478462328,0.4816753926701571,5.2574953720277815,0.0,0.0,0.0,5.0,1.0,1.0,0.0,0.0
b2574,207.0,65.251,32.0,15.0,0.38306451612903225,3.995652057735063,172.0,29.461,3.0,3.0,0.6666666666666666,2.241490927458874,0.8881794939183248,0.5667495145406788,0.5462962962962963,6.293419278846481,0.0,1.0,2.0,5.0,1.0,0.0,4.0,1.0
b2575,248.0,64.309,9.0,6.0,0.1388888888888889,2.1456645422899627,223.0,43.102,0.0,0.0,0.0,0.0,0.34635297445063856,0.566302171855017,0.5428571428571428,5.5053315359323625,0.0,0.0,1.0,3.0,1.0,0.0,0.0,0.0
b2576,316.0,99.503,10.0,7.0,0.2222222222222222,1.4959585512409033,270.0,38.739,0.0,0.0,0.0,0.0,2.164382600963169,0.6550708839704521,0.581081081081081,6.09807428216624,0.0,0.0,1.0,5.0,1.0,0.0,0.0,0.0
b2577,195.0,50.607,9.0,4.0,0.1111111111111111,3.1866614161303657,163.0,39.128,6.0,4.0,0.26666666666666666,3.3549728995682804,-1.431798275933005,0.5288124882200781,0.5187713310580204,5.683579767338681,0.0,0.0,0.0,2.0,0.0,0.0,0.0,0.0
b2578,179.0,39.93,1.0,1.0,0.0,1.0655650523694082,152.0,29.087,0.0,0.0,0.0,0.0,0.0,0.5256791650458988,0.5692307692307692,5.278114659230517,6.0,0.0,0.0,4.0,0.0,1.0,0.0,0.0
b2579,101.0,29.734,7.0,5.0,0.23809523809523808,1.5476835057509135,41.0,9.186,5.0,4.0,0.4,3.063966903218753,3.440753274577391,0.6637449768821428,0.41732283464566927,4.852030263919617,0.0,0.0,0.0,4.0,0.0,0.0,0.0,0.0
b2580,223.0,56.85,7.0,7.0,0.47619047619047616,1.3522205047759077,192.0,30.945,1.0,1.0,0.0,0.9769981931391044,1.3803921600570273,0.5829333994090233,0.5502183406113537,5.438079308923196,0.0,0.0,1.0,5.0,1.0,0.0,1.0,0.0
b2581,448.0,126.415,3.0,3.0,0.0,0.9437700745741073,411.0,93.417,1.0,1.0,0.0,0.8486764045698529,2.540341990301657,0.6572140870761243,0.5739130434782609,5.846438775057725,0.0,0.0,1.0,2.0,0.0,0.0,0.0,0.0
b2582,297.0,77.335,8.0,7.0,0.7142857142857143,1.4829322730226202,258.0,44.991,1.0,1.0,0.0,1.5250879035562435,1.5564231213712854,0.6012267445080497,0.5179856115107914,4.941642422609304,0.0,0.0,1.0,4.0,1.0,0.0,0.0,0.0
b2583,217.0,49.243,4.0,3.0,0.16666666666666666,1.4286285428668846,200.0,42.069,2.0,2.0,1.0,1.5854846796869504,0.15836249209524964,0.48487740333886614,0.5,5.4510384535657,0.0,0.0,1.0,5.0,0.0,0.0,0.0,0.0
b2584,385.0,95.555,11.0,7.0,0.16363636363636364,2.218634436078973,353.0,64.49,2.0,2.0,1.0,1.5854846796869504,1.6542728270977105,0.5438437582450891,0.5744920993227991,6.787844982309579,0.0,0.0,1.0,5.0,0.0,0.0,0.0,0.0
b2585,396.0,119.878,32.0,13.0,0.20161290322580644,4.985656754459638,362.0,81.988,5.0,3.0,0.1,2.71806801604057,2.4828878693764858,0.610160364259234,0.549889135254989,6.113682179832232,0.0,0.0,1.0,5.0,1.0,1.0,4.0,0.0
b2586,24.0,8.948,0.0,0.0,0.0,0.0,6.0,2.053,0.0,0.0,0.0,0.0,0.0,0.4714500634751508,0.5981308411214953,4.68213122712422,0.0,0.0,0.0,1.0,0.0,0.0,0.0,0.0
b2587,138.0,37.077,0.0,0.0,0.0,0.0,96.0,21.276,0.0,0.0,0.0,0.0,1.8494808372439862,0.44662242937489943,0.47685185185185186,6.07073772800249,12.0,0.0,0.0,3.0,0.0,1.0,0.0,0.0
b2588,0.0,0.0,0.0,0.0,0.0,0.0,0.0,0.0,0.0,0.0,0.0,0.0,0.0,0.0,0.0,0.0,0.0,0.0,0.0,0.0,0.0,0.0,1.0,1.0
b2589,0.0,0.0,0.0,0.0,0.0,0.0,0.0,0.0,0.0,0.0,0.0,0.0,0.0,0.0,0.0,0.0,0.0,0.0,0.0,0.0,0.0,0.0,1.0,1.0
b2590,0.0,0.0,0.0,0.0,0.0,0.0,0.0,0.0,0.0,0.0,0.0,0.0,0.0,0.0,0.0,0.0,0.0,0.0,0.0,0.0,0.0,0.0,1.0,1.0
b2591,0.0,0.0,0.0,0.0,0.0,0.0,0.0,0.0,0.0,0.0,0.0,0.0,0.0,0.0,0.0,0.0,0.0,0.0,0.0,0.0,0.0,0.0,1.0,1.0
b2592,518.0,153.928,27.0,15.0,0.43874643874643876,3.5994711747408026,442.0,86.542,14.0,8.0,0.6593406593406593,4.876199864346662,3.0802692374202842,0.6616600979182276,0.5246826516220028,6.754604099487962,0.0,0.0,0.0,5.0,1.0,0.0,0.0,0.0
b2593,262.0,60.622,2.0,2.0,0.0,0.684470976673873,240.0,48.941,1.0,1.0,0.0,2.9922202274087373,1.7642508754387733,0.5457515116261128,0.5390946502057613,5.497168225293202,0.0,1.0,5.0,5.0,1.0,0.0,4.0,1.0
b2594,330.0,116.158,45.0,32.0,0.5676767676767677,4.017755662342972,309.0,70.955,1.0,1.0,0.0,2.9922202274087373,1.9201755220100227,0.6413707679335042,0.5276073619631901,5.7899601708972535,0.0,0.0,1.0,5.0,1.0,0.0,0.0,0.0
b2595,471.0,152.368,29.0,14.0,0.2881773399014778,3.6846744577732973,449.0,126.337,8.0,6.0,0.32142857142857145,2.234195365827749,2.290056882303366,0.630122029177735,0.5510204081632653,5.5053315359323625,0.0,0.0,0.0,5.0,0.0,1.0,0.0,0.0
b2597,447.0,160.538,51.0,30.0,0.5019607843137255,4.423895342822904,398.0,103.724,23.0,15.0,0.7628458498023716,5.33789225670638,3.1473702010483113,0.5870420308328502,0.4778761061946903,4.736198448394496,0.0,0.0,0.0,5.0,0.0,0.0,0.0,0.0
b2598,46.0,16.751,5.0,5.0,0.6,1.2894412692801918,12.0,2.456,0.0,0.0,0.0,0.0,0.0,0.0,0.0,2.772588722239781,0.0,0.0,0.0,2.0,0.0,0.0,0.0,0.0
b2599,967.0,291.935,51.0,15.0,0.21019607843137256,6.6204717953284415,865.0,185.842,13.0,6.0,0.11538461538461539,5.166317530080519,2.588842918606718,0.5858739020255322,0.5207253886010362,5.958424693029782,0.0,0.0,2.0,5.0,1.0,0.0,4.0,0.0
b2600,915.0,281.78,39.0,13.0,0.26045883940620784,4.855424608581644,835.0,190.966,15.0,7.0,0.17142857142857143,5.27901435876354,2.5185271001173364,0.5793212001537824,0.5388739946380697,5.924255797414532,0.0,0.0,2.0,4.0,1.0,0.0,5.0,0.0
b2601,107.0,40.95,16.0,13.0,0.7166666666666667,2.3320441742243205,65.0,9.317,1.0,1.0,0.0,0.7481350698277449,2.220134249570252,0.600289724386252,0.5056179775280899,5.877735781779639,0.0,1.0,1.0,4.0,1.0,0.0,5.0,0.0
b2602,41.0,12.685,0.0,0.0,0.0,0.0,23.0,5.938,0.0,0.0,0.0,0.0,-0.37365963262495766,0.5185159158721474,0.4297520661157025,4.804021044733257,0.0,0.0,0.0,1.0,0.0,0.0,0.0,0.0
b2603,39.0,13.561,2.0,2.0,1.0,0.7846366702891111,7.0,3.047,2.0,2.0,1.0,1.1757126259696329,-0.026872146400301312,0.5167937925286297,0.47093023255813954,5.153291594497779,0.0,0.0,0.0,2.0,0.0,0.0,0.0,0.0
b2604,217.0,65.358,18.0,13.0,0.1111111111111111,3.091659337725769,191.0,51.786,16.0,11.0,0.13333333333333333,4.273931670071377,-0.18375870000821692,0.5635614840392713,0.5073529411764706,6.013715156042802,4.0,1.0,1.0,5.0,0.0,1.0,0.0,0.0
b2605,191.0,43.896,3.0,2.0,0.3333333333333333,0.9334167227508245,179.0,34.708,2.0,2.0,1.0,1.1757126259696329,-0.42712839779951983,0.48002655739352335,0.53125,5.081404364984463,0.0,0.0,0.0,2.0,0.0,1.0,0.0,0.0
b2606,490.0,218.926,117.0,61.0,0.6501620984379605,7.270255627310978,468.0,164.553,71.0,51.0,0.8185110663983903,6.508090787292708,3.525564353123479,0.6073997752835677,0.45217391304347826,4.7535901911063645,0.0,0.0,0.0,5.0,0.0,0.0,1.0,1.0
b2607,519.0,212.305,89.0,59.0,0.5715015321756894,6.681774538453182,493.0,176.099,71.0,51.0,0.7569416498993964,7.378937719769776,1.3803921600570273,0.5198933340913022,0.5372549019607843,5.545177444479562,0.0,0.0,1.0,5.0,1.0,0.0,0.0,0.0
b2608,481.0,176.172,75.0,59.0,0.7812612612612613,4.928011236951347,454.0,151.616,64.0,51.0,0.8407738095238095,5.95055726420055,2.4502645085598513,0.6051952902105615,0.5604395604395604,5.209486152841421,0.0,0.0,0.0,5.0,1.0,0.0,0.0,0.0
b2609,498.0,221.412,115.0,61.0,0.6497330282227307,7.149325105151004,466.0,164.115,77.0,51.0,0.7241968557758032,7.800415167866449,3.5919556663413266,0.5785341808451399,0.47560975609756095,4.418840607796598,0.0,0.0,0.0,5.0,0.0,0.0,1.0,1.0
b2610,547.0,201.085,69.0,52.0,0.6543052003410059,4.640335597116468,511.0,112.459,4.0,4.0,0.16666666666666666,1.7094778591799635,2.414990051283522,0.6192306804387167,0.6423841059602649,6.118097198041348,0.0,0.0,1.0,5.0,1.0,1.0,3.0,1.0
b2611,345.0,92.141,2.0,1.0,0.0,1.3122141370571312,315.0,84.033,2.0,1.0,0.0,2.353054780410554,0.5658478186735176,0.5746223919484528,0.6539923954372624,5.575949103146316,8.0,0.0,0.0,2.0,0.0,1.0,0.0,0.0
b2614,632.0,187.788,33.0,15.0,0.375,4.351576708884699,519.0,103.181,20.0,8.0,0.37894736842105264,7.741792559342104,3.14706076648762,0.6464467864019783,0.49746192893401014,5.288267030694535,0.0,0.0,0.0,5.0,1.0,0.0,0.0,0.0
b2615,412.0,107.484,12.0,10.0,0.5454545454545454,1.9145946420053337,361.0,71.806,2.0,1.0,0.0,2.141949813776243,1.161667412437736,0.6036581504398839,0.5445205479452054,5.680172609017068,0.0,1.0,1.0,5.0,1.0,0.0,3.0,1.0
b2616,364.0,118.88,32.0,16.0,0.4899193548387097,3.995753900664332,309.0,68.835,8.0,4.0,0.35714285714285715,5.030928025623552,0.31806333496276146,0.5805034972396409,0.5045207956600362,6.317164686747284,0.0,0.0,0.0,5.0,1.0,0.0,0.0,0.0
b2617,390.0,120.584,20.0,14.0,0.4052631578947368,2.6645330419551305,358.0,96.387,6.0,5.0,0.6,2.111084086533603,2.556314564335347,0.5310443230301269,0.5132743362831859,4.736198448394496,0.0,0.0,0.0,5.0,0.0,1.0,0.0,0.0
b2618,224.0,59.745,6.0,4.0,0.4,1.7027899320413185,194.0,48.343,4.0,3.0,0.5,2.4020706669440055,1.1306553490220306,0.5730755648760467,0.4895833333333333,4.574710978503383,0.0,0.0,0.0,3.0,0.0,0.0,0.0,0.0
b2619,227.0,60.477,4.0,4.0,0.16666666666666666,1.2369258075231646,177.0,40.873,2.0,2.0,0.0,1.6044175151737459,0.7015679850559273,0.5298348897791485,0.5506329113924051,5.0689042022202315,0.0,0.0,0.0,4.0,0.0,0.0,0.0,0.0
b2620,467.0,177.557,77.0,61.0,0.7928913192071086,4.816275422813375,415.0,93.239,3.0,3.0,0.6666666666666666,0.8182321483556997,1.8876735524544475,0.6416410456857103,0.58125,5.081404364984463,0.0,0.0,0.0,5.0,1.0,0.0,0.0,0.0
b2622,154.0,34.853,4.0,3.0,0.5,1.5437293144891107,116.0,20.585,0.0,0.0,0.0,0.0,-0.5718652059712112,0.4709243438886625,0.45036319612590797,6.025865973825314,0.0,0.0,0.0,4.0,0.0,0.0,0.0,0.0
b2623,7.0,2.359,0.0,0.0,0.0,0.0,7.0,2.423,0.0,0.0,0.0,0.0,0.526339277389844,0.5077635502048189,0.330188679245283,5.765191102784844,0.0,0.0,0.0,1.0,0.0,0.0,0.0,0.0
b2624,95.0,30.164,7.0,5.0,0.42857142857142855,1.9611044107599873,69.0,11.723,0.0,0.0,0.0,0.0,0.0,0.41400755042762777,0.4857142857142857,4.2626798770413155,0.0,0.0,0.0,2.0,0.0,0.0,0.0,0.0
b2625,301.0,68.182,2.0,1.0,0.0,1.9706519494799621,280.0,50.189,1.0,1.0,0.0,2.9922202274087373,0.5065050324048721,0.4818086686259612,0.3411513859275053,6.152732694704104,0.0,0.0,0.0,1.0,0.0,0.0,0.0,0.0
b2626,20.0,6.227,1.0,1.0,0.0,1.240059293930585,16.0,4.694,1.0,1.0,0.0,2.9922202274087373,-0.543633966870957,0.46308806671231256,0.3942307692307692,5.342334251964811,0.0,0.0,0.0,1.0,0.0,0.0,0.0,0.0
b2627,179.0,43.988,3.0,2.0,0.0,1.2936761396152137,135.0,27.316,1.0,1.0,0.0,2.9922202274087373,-0.5482135644757097,0.5170690010443392,0.5775034293552812,6.593044534142437,0.0,0.0,0.0,5.0,0.0,0.0,0.0,0.0
b2628,32.0,9.861,1.0,1.0,0.0,0.7429826633493454,11.0,3.522,1.0,1.0,0.0,2.9922202274087373,0.07188200730612536,0.5061373855173551,0.550185873605948,6.289715570908998,0.0,0.0,0.0,3.0,0.0,0.0,0.0,0.0
b2629,34.0,8.061,0.0,0.0,0.0,0.0,33.0,8.046,0.0,0.0,0.0,0.0,0.0,0.508115328629453,0.5287356321839081,4.477336814478207,0.0,0.0,0.0,1.0,0.0,0.0,0.0,0.0
b2630,84.0,36.712,15.0,14.0,0.8571428571428571,2.127998859344732,21.0,4.59,1.0,1.0,0.0,2.9922202274087373,0.5854607295085006,0.46721900210763057,0.42857142857142855,5.8805329864007,0.0,0.0,1.0,5.0,1.0,0.0,0.0,0.0
b2631,57.0,28.574,16.0,14.0,0.8583333333333333,2.3912464506314204,22.0,4.765,1.0,1.0,0.0,2.9922202274087373,-0.03151705144606486,0.5034825096786848,0.4878048780487805,4.820281565605037,0.0,0.0,0.0,4.0,0.0,0.0,0.0,0.0
b2632,178.0,46.503,2.0,1.0,0.0,1.6868659128728598,154.0,35.705,1.0,1.0,0.0,2.9922202274087373,0.0,0.5223627318066776,0.5714285714285714,5.662960480135946,0.0,0.0,0.0,2.0,0.0,0.0,0.0,0.0
b2633,186.0,41.646,1.0,1.0,0.0,1.1005644327376674,185.0,43.056,1.0,1.0,0.0,2.9922202274087373,0.12710479836480765,0.547843649003989,0.5860805860805861,5.6131281063880705,0.0,0.0,0.0,1.0,0.0,0.0,0.0,0.0
b2634,132.0,38.997,1.0,1.0,0.0,1.0220705825171879,84.0,14.502,1.0,1.0,0.0,2.1698763960742626,0.0,0.5002521963067817,0.6094420600858369,5.455321115357702,0.0,0.0,0.0,2.0,0.0,0.0,0.0,0.0
b2635,36.0,13.965,3.0,2.0,0.0,1.3968861833789497,17.0,4.676,1.0,1.0,0.0,2.1698763960742626,0.0,0.5252227182634085,0.5512820512820513,4.3694478524670215,0.0,0.0,0.0,1.0,0.0,0.0,0.0,0.0
b2636,27.0,8.303,3.0,2.0,0.0,2.164030063737941,16.0,5.48,3.0,1.0,0.0,5.459251721412159,0.37839790094813763,0.6006683334075523,0.5850340136054422,4.997212273764115,0.0,0.0,0.0,3.0,0.0,1.0,0.0,0.0
b2637,29.0,9.202,2.0,2.0,0.0,1.3601048620669802,17.0,5.754,1.0,1.0,0.0,2.1698763960742626,0.0,0.5205890012903562,0.6064516129032258,5.049856007249537,0.0,0.0,0.0,1.0,0.0,0.0,0.0,0.0
b2638,0.0,0.0,0.0,0.0,0.0,0.0,0.0,0.0,0.0,0.0,0.0,0.0,0.0,0.6505726005769327,0.5,4.653960350157523,0.0,0.0,0.0,1.0,0.0,0.0,0.0,0.0
b2642,16.0,4.285,0.0,0.0,0.0,0.0,15.0,4.108,0.0,0.0,0.0,0.0,0.4653828514484183,0.4307716317628408,0.2751322751322751,6.342121418721152,6.0,0.0,0.0,1.0,0.0,1.0,0.0,0.0
b2643,36.0,13.754,5.0,5.0,0.7,1.798698985496691,24.0,8.156,2.0,2.0,1.0,2.868852940807587,0.0,0.5818349435238387,0.6381578947368421,5.030437921392435,0.0,0.0,0.0,1.0,0.0,0.0,0.0,0.0
b2644,133.0,35.881,5.0,5.0,0.6,1.7155755809031956,118.0,28.898,3.0,2.0,0.3333333333333333,4.243676883974863,0.6344772701607315,0.5474157667414926,0.58125,5.081404364984463,0.0,0.0,0.0,2.0,0.0,0.0,0.0,0.0
b2645,58.0,25.482,9.0,5.0,0.2222222222222222,2.65773395710195,19.0,4.619,2.0,1.0,0.0,3.176332473595616,-0.8326826652518239,0.6034875324401907,0.6095238095238096,4.663439094112067,0.0,0.0,0.0,2.0,0.0,0.0,0.0,0.0
b2646,65.0,24.681,6.0,5.0,0.4666666666666667,2.0483938863582716,21.0,3.772,1.0,1.0,0.0,1.8033858978580366,1.3675422735205767,0.5092973630530676,0.47706422018348627,4.700480365792417,0.0,0.0,0.0,3.0,0.0,0.0,0.0,0.0
b2647,307.0,82.15,1.0,1.0,0.0,0.5049226186346145,275.0,69.38,1.0,1.0,0.0,0.8018433927937287,-0.21467016498923297,0.5093211881608292,0.47771952817824376,7.3310603052186325,0.0,0.0,0.0,3.0,0.0,1.0,0.0,0.0
b2648,0.0,0.0,0.0,0.0,0.0,0.0,0.0,0.0,0.0,0.0,0.0,0.0,0.0,0.0,0.0,3.871201010907891,0.0,0.0,0.0,2.0,0.0,0.0,0.0,0.0
b2649,0.0,0.0,0.0,0.0,0.0,0.0,0.0,0.0,0.0,0.0,0.0,0.0,0.0,0.5458348269518587,0.30798479087452474,5.575949103146316,0.0,0.0,0.0,1.0,0.0,0.0,0.0,0.0
b2650,0.0,0.0,0.0,0.0,0.0,0.0,0.0,0.0,0.0,0.0,0.0,0.0,0.0,0.4948073686922716,0.26875,5.081404364984463,0.0,0.0,0.0,1.0,0.0,0.0,0.0,0.0
b2652,0.0,0.0,0.0,0.0,0.0,0.0,0.0,0.0,0.0,0.0,0.0,0.0,0.0,0.0,0.0,0.0,0.0,0.0,0.0,0.0,0.0,0.0,2.0,1.0
b2659,87.0,27.644,5.0,5.0,1.0,1.2118274333353585,77.0,20.962,3.0,3.0,1.0,2.6019745427255865,0.8633228601204559,0.6428896005460536,0.6676923076923077,5.786897381366708,0.0,1.0,1.0,5.0,0.0,0.0,3.0,0.0
b2660,266.0,65.051,6.0,5.0,0.7333333333333333,1.353236065282366,243.0,49.379,4.0,3.0,0.5,3.480600005042231,1.8021577531869615,0.5954029905295456,0.6872037914691943,6.0473721790462776,0.0,1.0,1.0,4.0,0.0,1.0,3.0,0.0
b2661,255.0,78.352,29.0,19.0,0.3522167487684729,3.817921076269164,223.0,39.911,4.0,3.0,0.5,3.1571480266902556,2.5302125090607963,0.6672245811021074,0.7012448132780082,6.180016653652572,0.0,0.0,2.0,5.0,0.0,0.0,7.0,1.0
b2662,273.0,88.219,31.0,15.0,0.26021505376344084,4.453306074079991,239.0,46.839,4.0,3.0,0.5,3.480600005042231,2.4594075671669478,0.6397667150750711,0.7112676056338029,6.056784013228625,0.0,1.0,2.0,5.0,0.0,0.0,8.0,0.0
b2663,79.0,23.247,5.0,5.0,1.0,1.2118274333353585,68.0,13.833,2.0,2.0,0.0,2.0705473071158185,0.06445798922691845,0.5285062334072916,0.6115879828326181,6.1463292576688975,12.0,0.0,0.0,5.0,0.0,1.0,0.0,0.0
b2664,284.0,73.895,5.0,5.0,1.0,1.2118274333353585,268.0,64.88,2.0,2.0,0.0,2.0705473071158185,0.9425041061680807,0.573383961061351,0.5727272727272728,5.3981627015177525,0.0,0.0,0.0,4.0,1.0,0.0,0.0,0.0
b2665,338.0,102.953,25.0,12.0,0.36666666666666664,4.647241931018933,312.0,83.138,19.0,11.0,0.5029239766081871,5.896340043679671,3.518120264382532,0.6513884887894413,0.5369127516778524,5.0106352940962555,0.0,0.0,0.0,4.0,1.0,0.0,0.0,0.0
b2666,108.0,26.804,1.0,1.0,0.0,0.5177575138582262,85.0,15.63,0.0,0.0,0.0,0.0,0.0,0.5833670191752662,0.6730769230769231,3.970291913552122,2.0,0.0,0.0,2.0,0.0,1.0,0.0,0.0
b2667,165.0,35.739,1.0,1.0,0.0,2.4962556165751373,148.0,25.498,1.0,1.0,0.0,2.9922202274087373,0.9708116108725178,0.5150178393716902,0.5555555555555556,4.605170185988092,0.0,0.0,0.0,3.0,0.0,0.0,0.0,0.0
b2668,218.0,53.112,1.0,1.0,0.0,2.4962556165751373,190.0,35.697,1.0,1.0,0.0,2.9922202274087373,1.6533090129384789,0.45999979602027785,0.3850574712643678,5.1647859739235145,2.0,0.0,1.0,5.0,0.0,1.0,0.0,0.0
b2669,361.0,91.591,5.0,4.0,0.3,1.3214877118321875,284.0,62.777,0.0,0.0,0.0,0.0,2.994321552794073,0.5809262674968803,0.4626865671641791,4.90527477843843,0.0,0.0,0.0,5.0,1.0,0.0,0.0,0.0
b2670,49.0,15.967,4.0,3.0,0.16666666666666666,2.027661316378517,12.0,0.915,0.0,0.0,0.0,0.0,0.6757783416740851,0.5887410521905624,0.5906040268456376,5.0106352940962555,4.0,0.0,0.0,4.0,0.0,1.0,0.0,0.0
b2671,51.0,18.313,5.0,3.0,0.2,2.119985609222613,23.0,5.644,0.0,0.0,0.0,0.0,0.38381536598043126,0.5539702662862342,0.38596491228070173,4.74493212836325,0.0,0.0,0.0,1.0,0.0,0.0,0.0,0.0
b2672,438.0,128.834,25.0,11.0,0.36,4.690120608489523,427.0,122.129,21.0,11.0,0.3904761904761905,6.686564288918354,2.431379848841936,0.525560694655044,0.5137614678899083,4.700480365792417,1.0,0.0,0.0,3.0,0.0,1.0,0.0,0.0
b2673,151.0,44.208,8.0,8.0,0.5714285714285714,1.3857129963016968,127.0,25.274,3.0,3.0,1.0,2.992220227408737,1.0257153839013406,0.6366367268701293,0.5061728395061729,4.406719247264253,0.0,0.0,0.0,3.0,0.0,0.0,0.0,0.0
b2674,86.0,27.636,8.0,8.0,0.75,1.381218621327514,67.0,17.697,3.0,3.0,1.0,2.992220227408737,0.4969296480732149,0.6026984037740309,0.6102941176470589,4.919980925828125,0.0,0.0,0.0,2.0,0.0,0.0,0.0,0.0
b2675,213.0,63.514,17.0,12.0,0.5,2.192014005078457,182.0,36.027,3.0,3.0,1.0,2.992220227408737,1.6703386411274421,0.6031547979690177,0.5798319327731093,6.5722825426940075,0.0,0.0,1.0,4.0,0.0,0.0,4.0,1.0
b2676,143.0,43.67,16.0,12.0,0.5833333333333334,2.1243335900032423,105.0,20.521,3.0,3.0,1.0,2.992220227408737,2.0607356034493187,0.5863917765089631,0.5642633228840125,5.768320995793772,0.0,1.0,1.0,4.0,0.0,0.0,4.0,1.0
b2677,290.0,136.43,43.0,32.0,0.583610188261351,5.184455566634028,148.0,24.318,7.0,3.0,0.09523809523809523,3.3110443494620143,1.3893433112520779,0.5589989964708209,0.49,5.993961427306569,0.0,0.0,0.0,5.0,0.0,1.0,1.0,0.0
b2678,296.0,135.738,36.0,32.0,0.7952380952380952,4.215515317494703,143.0,22.583,3.0,2.0,0.3333333333333333,1.9111167298873522,1.303412070596742,0.5682623440455746,0.6610169491525424,5.872117789475416,6.0,0.0,0.0,5.0,0.0,1.0,1.0,0.0
b2679,341.0,137.197,6.0,5.0,0.5333333333333333,1.5591556186690925,152.0,29.073,2.0,2.0,1.0,1.3935415494321535,2.0374663396435,0.664754514352911,0.6181818181818182,5.802118375377063,0.0,0.0,0.0,5.0,0.0,0.0,1.0,0.0
b2681,0.0,0.0,0.0,0.0,0.0,0.0,0.0,0.0,0.0,0.0,0.0,0.0,0.0,0.0,0.0,5.978885764901122,11.0,0.0,0.0,2.0,0.0,1.0,0.0,0.0
b2682,217.0,48.023,2.0,2.0,0.0,1.497576343708678,208.0,42.969,1.0,1.0,0.0,2.9922202274087373,-1.2291479883578558,0.5178637271557419,0.5306122448979592,5.5053315359323625,6.0,0.0,0.0,2.0,0.0,1.0,0.0,0.0
b2683,44.0,12.546,2.0,2.0,0.0,1.176275447795305,20.0,3.749,1.0,1.0,0.0,2.9922202274087373,0.0,0.5417453774477744,0.6036036036036037,4.718498871295094,0.0,0.0,0.0,2.0,0.0,0.0,0.0,0.0
b2684,492.0,141.049,10.0,9.0,0.26666666666666666,1.9873550570159244,467.0,110.556,4.0,4.0,0.8333333333333334,1.3779635613815515,2.281056104583504,0.5965517823381491,0.5511363636363636,5.176149732573829,0.0,0.0,0.0,5.0,0.0,0.0,0.0,0.0
b2685,181.0,60.433,20.0,11.0,0.49473684210526314,3.5193745933415777,150.0,33.027,5.0,3.0,0.0,3.0256222550282734,1.2203696324513946,0.6492069913338048,0.5897435897435898,5.968707559985366,1.0,0.0,0.0,5.0,0.0,1.0,0.0,0.0
b2686,162.0,53.516,19.0,11.0,0.543859649122807,3.2706657720030137,99.0,20.157,2.0,2.0,0.0,1.390912391378306,-1.5528419686577808,0.5829424743030572,0.71484375,6.240275845170769,14.0,0.0,0.0,4.0,0.0,1.0,0.0,0.0
b2687,391.0,116.071,25.0,14.0,0.32,3.547559611974702,264.0,46.647,1.0,1.0,0.0,1.248500683325722,3.0874300080804913,0.6545575566095763,0.6023391812865497,5.147494476813453,0.0,1.0,1.0,4.0,0.0,0.0,5.0,0.0
b2688,255.0,79.221,29.0,14.0,0.37192118226600984,4.150980143041171,186.0,37.67,2.0,2.0,1.0,1.915613515762995,1.9881574725567528,0.6319631723413447,0.5366795366795367,6.251903883165888,0.0,0.0,1.0,4.0,0.0,0.0,6.0,0.0
b2689,174.0,39.83,8.0,4.0,0.42857142857142855,2.3935291276366337,160.0,34.282,2.0,2.0,1.0,1.915613515762995,0.0,0.3879917797071422,0.5140845070422535,4.962844630259907,3.0,0.0,0.0,2.0,0.0,1.0,0.0,0.0
b2690,163.0,40.741,4.0,4.0,0.16666666666666666,1.1645376886532037,132.0,26.578,4.0,2.0,0.16666666666666666,3.0594406550108215,1.2124539610402758,0.531693672105577,0.5159574468085106,5.241747015059643,0.0,1.0,1.0,4.0,0.0,0.0,0.0,0.0
b2691,0.0,0.0,0.0,0.0,0.0,0.0,0.0,0.0,0.0,0.0,0.0,0.0,0.0,0.0,0.0,0.0,0.0,0.0,0.0,0.0,0.0,0.0,1.0,1.0
b2692,0.0,0.0,0.0,0.0,0.0,0.0,0.0,0.0,0.0,0.0,0.0,0.0,0.0,0.0,0.0,0.0,0.0,0.0,0.0,0.0,0.0,0.0,1.0,1.0
b2693,0.0,0.0,0.0,0.0,0.0,0.0,0.0,0.0,0.0,0.0,0.0,0.0,0.0,0.0,0.0,0.0,0.0,0.0,0.0,0.0,0.0,0.0,1.0,1.0
b2694,0.0,0.0,0.0,0.0,0.0,0.0,0.0,0.0,0.0,0.0,0.0,0.0,0.0,0.0,0.0,0.0,0.0,0.0,0.0,0.0,0.0,0.0,1.0,1.0
b2695,0.0,0.0,0.0,0.0,0.0,0.0,0.0,0.0,0.0,0.0,0.0,0.0,0.0,0.0,0.0,0.0,0.0,0.0,0.0,0.0,0.0,0.0,1.0,1.0
b2696,455.0,140.54,24.0,15.0,0.20652173913043478,3.3229683194223565,300.0,52.123,0.0,0.0,0.0,0.0,3.0249000610747316,0.5940310455410073,0.5409836065573771,4.127134385045092,0.0,0.0,0.0,5.0,1.0,0.0,2.0,0.0
b2697,518.0,168.118,33.0,18.0,0.38636363636363635,3.083660007978172,500.0,138.332,13.0,6.0,0.16666666666666666,4.452091880874072,2.7888821774168977,0.6323218488530885,0.5662100456621004,6.776506992372183,0.0,1.0,2.0,5.0,1.0,0.0,1.0,1.0
b2698,399.0,110.758,19.0,16.0,0.7368421052631579,2.451757486836174,357.0,74.946,2.0,2.0,1.0,1.453075962143518,0.4345689040341987,0.6654999891889468,0.4759036144578313,5.117993812416755,0.0,0.0,0.0,3.0,1.0,0.0,0.0,0.0
b2699,1007.0,372.369,112.0,21.0,0.1402831402831403,12.437037698556333,787.0,146.352,11.0,4.0,0.10909090909090909,6.109815313004222,2.9025522147553455,0.6948594386507145,0.6317280453257791,5.869296913133774,0.0,0.0,0.0,5.0,1.0,0.0,1.0,0.0
b2700,204.0,59.689,15.0,12.0,0.5333333333333333,2.4190587986712466,181.0,40.282,4.0,2.0,0.0,3.4783277966694497,1.8698768132667665,0.5935571039851528,0.5515151515151515,5.111987788356544,0.0,0.0,1.0,3.0,0.0,0.0,2.0,1.0
b2701,364.0,101.348,10.0,8.0,0.7111111111111111,1.9029591592824822,303.0,68.166,0.0,0.0,0.0,0.0,1.0090257420869102,0.6346877873990405,0.6509695290858726,5.8916442118257715,0.0,0.0,1.0,5.0,0.0,1.0,0.0,0.0
b2702,115.0,36.725,12.0,8.0,0.5454545454545454,2.47490046212347,103.0,31.813,10.0,5.0,0.5555555555555556,4.065133417634123,-0.46852108295774486,0.6257869784465268,0.5614973262032086,5.236441962829949,3.0,0.0,0.0,3.0,0.0,1.0,3.0,0.0
b2703,114.0,35.992,12.0,8.0,0.5454545454545454,2.47490046212347,98.0,26.947,10.0,5.0,0.5555555555555556,4.065133417634123,0.4183012913197454,0.5809440947885822,0.5736677115987461,5.768320995793772,5.0,0.0,1.0,5.0,0.0,1.0,3.0,0.0
b2704,138.0,40.945,13.0,8.0,0.48717948717948717,2.613120121308657,116.0,28.387,10.0,5.0,0.5555555555555556,4.065133417634123,0.7419390777291989,0.5945578779003543,0.6016260162601627,4.820281565605037,0.0,0.0,0.0,4.0,1.0,0.0,3.0,0.0
b2705,300.0,81.151,17.0,10.0,0.375,2.858175620902866,248.0,49.194,6.0,5.0,0.6666666666666666,2.4551849744121945,0.5899496013257077,0.6167962051270163,0.6177606177606177,5.560681631015528,0.0,0.0,1.0,4.0,0.0,0.0,2.0,0.0
b2706,244.0,64.61,6.0,6.0,0.8,1.3682534547386276,211.0,52.705,5.0,5.0,1.0,2.185246368417885,0.06818586174616162,0.5132979961544747,0.5798319327731093,4.787491742782046,0.0,0.0,0.0,2.0,0.0,0.0,0.0,0.0
b2707,112.0,34.474,6.0,6.0,0.8,1.3682534547386276,78.0,20.054,6.0,5.0,0.6666666666666666,2.4919508497408276,0.6424645202421213,0.6142240555315747,0.5603112840466926,5.552959584921617,0.0,0.0,0.0,2.0,0.0,0.0,0.0,0.0
b2708,787.0,210.662,15.0,11.0,0.4,2.3593705756749124,742.0,152.918,10.0,8.0,0.6666666666666666,3.390166119474114,1.3981136917305026,0.6461227375235441,0.6355140186915887,5.7745515455444085,0.0,0.0,1.0,5.0,0.0,0.0,0.0,0.0
b2709,127.0,36.598,6.0,6.0,0.4,1.4063212492680257,90.0,16.618,1.0,1.0,0.0,0.756926470397672,-0.07987667370927608,0.5631827746488889,0.6150793650793651,6.22455842927536,0.0,0.0,0.0,5.0,0.0,0.0,0.0,0.0
b2710,468.0,117.378,9.0,6.0,0.4722222222222222,2.032515514925179,417.0,76.911,2.0,2.0,0.0,1.2046934754412608,-0.3990271043132517,0.6473355344891939,0.6430062630480167,6.173786103901937,0.0,1.0,0.0,5.0,1.0,0.0,0.0,0.0
b2711,248.0,61.887,9.0,6.0,0.2222222222222222,1.8244699975849359,240.0,52.514,4.0,3.0,0.0,1.8959170665916356,-0.003926345514724675,0.5917271806586282,0.5915119363395226,5.934894195619588,0.0,1.0,1.0,4.0,1.0,0.0,0.0,0.0
b2712,192.0,68.564,16.0,11.0,0.5666666666666667,2.4386758400108968,172.0,52.489,8.0,6.0,0.6428571428571429,2.6483564163041486,0.35024801833416275,0.592795254107203,0.6013333333333334,6.621405651764134,0.0,0.0,1.0,5.0,0.0,0.0,0.0,0.0
b2713,102.0,34.09,11.0,11.0,0.8545454545454545,1.6620328210332649,72.0,21.618,9.0,8.0,0.8611111111111112,2.3259496342032238,1.1142772965615861,0.6719932816000495,0.5085714285714286,5.170483995038151,0.0,1.0,0.0,2.0,0.0,0.0,0.0,0.0
b2714,152.0,43.31,2.0,2.0,1.0,0.6748000543515168,93.0,17.768,0.0,0.0,0.0,0.0,0.3521825181113625,0.5798730576823238,0.5982142857142857,5.820082930352362,0.0,0.0,0.0,3.0,0.0,0.0,0.0,0.0
b2715,299.0,81.44,14.0,10.0,0.5054945054945055,2.587648692379607,229.0,45.965,4.0,4.0,0.3333333333333333,2.207464919740046,-0.12784372725170717,0.620996910468918,0.6577319587628866,6.186208623900494,10.0,0.0,1.0,3.0,0.0,1.0,2.0,1.0
b2716,98.0,38.139,17.0,10.0,0.5,2.8611975394003633,70.0,15.964,5.0,4.0,0.5,2.556580497988497,-0.17979854051435976,0.6680640302342309,0.5928270042194093,6.163314804034641,0.0,0.0,1.0,3.0,0.0,0.0,2.0,1.0
b2717,146.0,51.572,28.0,13.0,0.4603174603174603,3.8239623863132604,124.0,37.664,15.0,12.0,0.7428571428571429,3.29647255331659,1.37675939540488,0.6632319832897696,0.6346153846153846,5.056245805348308,0.0,0.0,1.0,4.0,0.0,0.0,0.0,0.0
b2718,49.0,21.507,11.0,11.0,0.9818181818181818,1.6507834135052033,37.0,14.136,10.0,8.0,0.8222222222222222,2.5181146997110515,0.5024271199844327,0.6403256530463922,0.6176470588235294,4.919980925828125,0.0,0.0,0.0,2.0,0.0,0.0,0.0,0.0
b2719,95.0,43.927,22.0,13.0,0.5497835497835498,2.9778055806465145,71.0,28.237,18.0,12.0,0.5882352941176471,4.027075951342596,1.3963737275365065,0.6623071505525123,0.592156862745098,5.545177444479562,0.0,1.0,0.0,4.0,0.0,0.0,0.0,0.0
b2720,307.0,107.802,33.0,15.0,0.45075757575757575,4.0476942190955,260.0,69.594,25.0,12.0,0.42,5.274593134667323,1.0685568950723632,0.6802293816444921,0.6944444444444444,5.198497031265826,0.0,0.0,0.0,4.0,0.0,0.0,0.0,0.0
b2721,169.0,70.721,36.0,13.0,0.30634920634920637,4.636686951415112,145.0,44.617,18.0,12.0,0.5947712418300654,3.8844378344122004,1.458033192496506,0.7421249012414427,0.6924428822495606,6.345636360828596,0.0,1.0,0.0,4.0,0.0,0.0,0.0,0.0
b2722,114.0,44.941,19.0,13.0,0.695906432748538,2.5839227788530237,87.0,28.758,16.0,12.0,0.7,3.526904464129936,1.0047511555910011,0.6714500836377741,0.7035830618892508,5.730099782973574,8.0,0.0,0.0,4.0,0.0,1.0,0.0,0.0
b2723,126.0,45.502,20.0,13.0,0.6631578947368421,2.693720271237502,107.0,32.136,16.0,12.0,0.7,3.526904464129936,-0.1592667653881932,0.6339676515043637,0.6726973684210527,6.411818267709897,12.0,0.0,0.0,4.0,0.0,1.0,0.0,0.0
b2724,126.0,46.893,18.0,11.0,0.46405228758169936,2.5979678782862954,90.0,26.603,10.0,8.0,0.7555555555555555,2.629343695967791,1.1705550585212086,0.6291419839022344,0.6157635467980296,5.318119993844216,0.0,1.0,0.0,4.0,0.0,0.0,0.0,0.0
b2725,59.0,28.818,15.0,11.0,0.6571428571428571,2.1654031007808623,28.0,12.948,9.0,8.0,0.7777777777777778,2.327743571494136,0.9916690073799486,0.6430916927653444,0.6078431372549019,5.0369526024136295,0.0,0.0,0.0,2.0,0.0,0.0,0.0,0.0
b2726,147.0,49.886,17.0,11.0,0.6102941176470589,2.5362396407364325,101.0,27.642,6.0,6.0,0.6666666666666666,2.0898501783931027,0.07554696139253074,0.5621121828438923,0.5431034482758621,4.762173934797756,0.0,0.0,0.0,5.0,0.0,1.0,0.0,0.0
b2727,166.0,58.815,21.0,11.0,0.42857142857142855,3.3987488044151206,123.0,31.309,11.0,6.0,0.5818181818181818,3.4307510240706396,1.7627535649333739,0.643062914400776,0.596551724137931,5.673323267171493,0.0,0.0,0.0,5.0,0.0,0.0,0.0,0.0
b2728,120.0,40.644,13.0,11.0,0.8205128205128205,2.028817171323702,97.0,27.607,6.0,6.0,0.9333333333333333,2.1245292536072675,1.0378247505883418,0.6271630310995816,0.6555555555555556,4.51085950651685,0.0,0.0,0.0,5.0,0.0,0.0,0.0,0.0
b2729,124.0,45.356,15.0,11.0,0.7142857142857143,2.3653141296645717,84.0,27.701,8.0,6.0,0.7857142857142857,2.656024281885427,0.8981764834976765,0.6507146652929525,0.6085790884718498,5.924255797414532,0.0,1.0,0.0,5.0,0.0,0.0,0.0,0.0
b2730,106.0,38.582,13.0,11.0,0.8205128205128205,2.038939180734024,86.0,25.839,9.0,6.0,0.6111111111111112,3.091911544948269,1.3484995702838378,0.611035452613878,0.5833333333333334,5.820082930352362,0.0,0.0,1.0,5.0,0.0,0.0,0.0,0.0
b2731,202.0,65.074,22.0,11.0,0.36796536796536794,3.043053809037012,138.0,25.704,2.0,2.0,0.0,1.0488992069667886,0.2304489213782739,0.6110056256854125,0.5939306358381503,6.541029999189903,0.0,0.0,0.0,4.0,0.0,0.0,0.0,0.0
b2732,216.0,52.252,8.0,4.0,0.25,3.6102881219596576,192.0,38.478,0.0,0.0,0.0,0.0,-1.6777807052660807,0.6841407698752152,0.5470085470085471,4.770684624465665,0.0,0.0,0.0,1.0,0.0,0.0,0.0,0.0
b2733,298.0,82.365,15.0,10.0,0.34285714285714286,3.057384315574148,278.0,61.142,1.0,1.0,0.0,1.0032719015428462,1.2789821168654432,0.632758619785686,0.6213364595545134,6.74993119378857,0.0,0.0,0.0,5.0,0.0,0.0,1.0,0.0
b2734,191.0,39.968,1.0,1.0,0.0,0.7634875750652841,182.0,35.49,0.0,0.0,0.0,0.0,0.0,0.5321134508628872,0.42201834862385323,5.389071729816501,0.0,1.0,1.0,4.0,0.0,0.0,0.0,0.0
b2735,84.0,27.589,5.0,5.0,1.0,1.7940813977870633,68.0,15.694,0.0,0.0,0.0,0.0,1.0831441431430522,0.5322475575886564,0.5254901960784314,5.545177444479562,0.0,0.0,0.0,2.0,0.0,0.0,0.0,0.0
b2736,67.0,21.231,10.0,5.0,0.37777777777777777,2.999594087883868,51.0,14.901,6.0,3.0,0.2,3.9268283006609255,-0.5171264163912462,0.5040525581003573,0.4900662251655629,5.713732805509369,0.0,0.0,1.0,2.0,0.0,0.0,0.0,0.0
b2737,116.0,30.355,6.0,5.0,0.8666666666666667,2.0879046063459237,100.0,24.74,3.0,3.0,1.0,2.3239750881183157,-0.3018994543766101,0.5445388009437847,0.5283505154639175,5.963579343618446,0.0,0.0,1.0,2.0,0.0,0.0,0.0,0.0
b2738,143.0,36.531,8.0,5.0,0.6785714285714286,2.6173186128533548,120.0,27.056,3.0,3.0,1.0,2.3239750881183157,-0.3316140833099998,0.5510597182578557,0.5660377358490566,5.3612921657094255,0.0,1.0,1.0,3.0,0.0,0.0,0.0,0.0
b2739,102.0,26.015,8.0,5.0,0.6785714285714286,2.6173186128533548,78.0,17.534,3.0,3.0,1.0,2.3239750881183157,-0.22402566887063094,0.5299934873727745,0.5038759689922481,5.556828061699537,0.0,0.0,1.0,3.0,0.0,0.0,0.0,0.0
b2740,55.0,15.124,5.0,5.0,1.0,1.7940813977870633,29.0,6.896,0.0,0.0,0.0,0.0,-0.3372421683184259,0.4762809951985187,0.5308370044052864,6.12029741895095,12.0,0.0,0.0,2.0,0.0,1.0,0.0,0.0
b2741,937.0,318.817,64.0,16.0,0.10367063492063493,8.208449974009747,679.0,104.228,2.0,2.0,0.0,1.1323606303481935,2.348324337700387,0.607713548288661,0.5454545454545454,5.802118375377063,0.0,0.0,0.0,5.0,1.0,0.0,1.0,0.0
b2742,407.0,116.089,13.0,11.0,0.2948717948717949,1.8359984117150927,378.0,89.607,4.0,3.0,0.3333333333333333,1.6849971531450694,1.9112108931375533,0.5580998448883698,0.5329815303430079,5.940171252720432,0.0,0.0,0.0,4.0,0.0,1.0,0.0,0.0
b2743,199.0,48.067,7.0,7.0,0.5714285714285714,1.223241485309906,182.0,38.308,5.0,5.0,1.0,2.01405060111431,1.3981136917305026,0.52086475859235,0.5192307692307693,5.342334251964811,0.0,0.0,1.0,4.0,1.0,0.0,0.0,0.0
b2744,317.0,110.637,54.0,15.0,0.25366876310272535,6.608887760337427,270.0,53.368,6.0,5.0,0.6666666666666666,2.2893922078643474,1.318272080211627,0.5647465549833612,0.5335968379446641,5.537334267018537,0.0,1.0,3.0,5.0,1.0,0.0,6.0,1.0
b2745,326.0,97.474,19.0,10.0,0.19883040935672514,3.1973092751334034,288.0,65.647,5.0,5.0,1.0,2.01405060111431,1.5683190850951119,0.5870721800922069,0.5214899713467048,5.857933154483459,0.0,0.0,1.0,5.0,0.0,0.0,0.0,0.0
b2746,216.0,59.85,15.0,10.0,0.42857142857142855,2.2618646919006644,195.0,42.022,12.0,5.0,0.36363636363636365,4.036007424668814,1.9455178220778397,0.6065676498271663,0.5220125786163522,5.075173815233827,0.0,1.0,1.0,5.0,0.0,0.0,3.0,0.0
b2747,281.0,71.639,13.0,10.0,0.5769230769230769,2.072455242977968,260.0,55.657,10.0,5.0,0.5333333333333333,3.6132222379409193,1.0378247505883418,0.5545179763856222,0.538135593220339,5.4680601411351315,0.0,1.0,1.0,5.0,0.0,0.0,3.0,0.0
b2748,374.0,114.253,24.0,14.0,0.35507246376811596,3.0742276647508957,355.0,100.924,11.0,5.0,0.36363636363636365,3.934499496475423,0.9454685851318197,0.5560768367506618,0.5436893203883495,4.6443908991413725,1.0,0.0,0.0,5.0,0.0,1.0,0.0,0.0
b2749,50.0,17.789,3.0,3.0,1.0,0.7483221795762912,22.0,7.526,2.0,2.0,1.0,0.9000735825347259,0.0,0.5707277072320949,0.5981308411214953,4.68213122712422,3.0,0.0,0.0,2.0,0.0,1.0,0.0,0.0
b2750,239.0,72.765,23.0,12.0,0.45849802371541504,3.3137896526573067,188.0,50.088,23.0,10.0,0.4031620553359684,6.223417983308235,1.3656751404559178,0.5806406401585381,0.5323383084577115,5.308267697401205,0.0,0.0,1.0,5.0,0.0,0.0,5.0,1.0
b2751,165.0,58.869,28.0,12.0,0.37566137566137564,4.100843578418921,119.0,33.988,21.0,10.0,0.5095238095238095,5.472399772816172,2.359854446750358,0.6615938107874593,0.5915789473684211,6.16541785423142,0.0,0.0,1.0,5.0,0.0,0.0,8.0,1.0
b2752,203.0,67.493,26.0,12.0,0.4153846153846154,3.8760266262941223,157.0,37.96,19.0,10.0,0.6140350877192983,4.975913626493175,2.322239974931152,0.7025048710681945,0.6192052980132451,5.713732805509369,0.0,0.0,1.0,5.0,0.0,0.0,8.0,1.0
b2753,335.0,82.829,5.0,3.0,0.1,1.7749679065786685,285.0,66.845,2.0,1.0,0.0,2.190331101239097,0.17609125905568124,0.5148477337923771,0.4782608695652174,5.846438775057725,0.0,0.0,1.0,3.0,0.0,0.0,0.0,0.0
b2754,77.0,25.95,11.0,7.0,0.4909090909090909,2.3766058264617835,40.0,11.74,7.0,6.0,0.9523809523809523,3.0896680123506197,0.0,0.417725214020623,0.43617021276595747,4.553876891600541,0.0,0.0,1.0,5.0,0.0,0.0,0.0,0.0
b2755,90.0,26.717,9.0,7.0,0.6666666666666666,2.1612944638694356,56.0,15.205,7.0,6.0,0.9523809523809523,3.0896680123506197,0.13987908640123656,0.44984858801781236,0.42950819672131146,5.723585101952381,0.0,1.0,1.0,5.0,1.0,0.0,0.0,0.0
b2756,60.0,20.786,7.0,7.0,1.0,1.8399928236647676,47.0,14.085,7.0,6.0,0.9523809523809523,3.0896680123506197,0.45484486000851015,0.45433291593848707,0.39195979899497485,5.298317366548036,0.0,1.0,1.0,5.0,0.0,0.0,0.0,0.0
b2757,38.0,15.032,8.0,7.0,0.8571428571428571,1.979034806213051,19.0,8.103,7.0,6.0,0.9523809523809523,3.0896680123506197,-0.6840296545430822,0.40737199773298344,0.40625,5.41610040220442,0.0,0.0,0.0,5.0,0.0,0.0,0.0,0.0
b2758,36.0,16.526,9.0,7.0,0.6666666666666666,2.120856491315036,23.0,9.106,7.0,6.0,0.9523809523809523,3.0896680123506197,0.20682587603184974,0.5167258997573306,0.3581267217630854,5.8971538676367405,0.0,0.0,0.0,5.0,0.0,0.0,0.0,0.0
b2759,28.0,12.82,7.0,7.0,1.0,1.8399928236647676,10.0,5.938,6.0,6.0,1.0,2.699876872583089,-0.3990271043132517,0.4272315456292645,0.41875,5.081404364984463,0.0,0.0,0.0,5.0,0.0,0.0,0.0,0.0
b2760,85.0,24.738,8.0,7.0,0.75,2.1232975499921323,66.0,17.648,7.0,6.0,0.9523809523809523,3.0896680123506197,-0.24872089601665767,0.47280054321499204,0.37250996015936255,6.220590170099739,0.0,0.0,0.0,5.0,0.0,0.0,0.0,0.0
b2761,77.0,25.66,8.0,7.0,0.8571428571428571,1.979034806213051,41.0,11.033,6.0,6.0,1.0,2.699876872583089,-0.8446639625349381,0.47186677319751097,0.38738738738738737,6.790097235513905,0.0,1.0,2.0,5.0,0.0,0.0,0.0,0.0
b2762,301.0,84.732,24.0,12.0,0.4746376811594203,3.6265507823896597,241.0,54.126,16.0,10.0,0.7583333333333333,4.2200719787255245,2.2504444001899655,0.653928549131775,0.5532786885245902,5.501258210544727,0.0,0.0,1.0,5.0,1.0,0.0,4.0,0.0
b2763,272.0,84.659,27.0,12.0,0.39316239316239315,4.214394355743655,212.0,49.714,18.0,10.0,0.5490196078431373,5.310056231369918,2.5763528698005445,0.6969043151013486,0.6736842105263158,6.3473892096560105,0.0,1.0,1.0,5.0,0.0,0.0,4.0,0.0
b2764,299.0,92.34,33.0,12.0,0.2746212121212121,5.009817648726807,215.0,48.632,20.0,10.0,0.5105263157894737,5.2301622879973895,2.468362102082093,0.608878096187515,0.6076794657762938,6.396929655216146,0.0,1.0,1.0,5.0,0.0,0.0,4.0,0.0
b2765,229.0,59.289,12.0,8.0,0.45454545454545453,2.205457075996032,207.0,40.419,4.0,3.0,0.6666666666666666,3.935739861705173,1.4331295175804857,0.6158409955589004,0.512396694214876,4.804021044733257,0.0,1.0,1.0,5.0,0.0,0.0,3.0,1.0
b2766,65.0,22.602,10.0,7.0,0.4,3.0980108464919547,56.0,17.772,4.0,3.0,0.16666666666666666,2.258934796203156,-0.8181564120552275,0.5675714170903825,0.5460992907801419,6.049733455231958,0.0,1.0,1.0,2.0,0.0,0.0,0.0,0.0
b2767,83.0,28.145,11.0,7.0,0.3090909090909091,2.7931627163625925,69.0,19.16,4.0,3.0,0.16666666666666666,2.276757405057517,0.0,0.5056139208970613,0.5465116279069767,4.465908118654584,0.0,0.0,0.0,2.0,0.0,0.0,0.0,0.0
b2768,187.0,43.588,2.0,2.0,1.0,0.8558841132124334,178.0,41.609,3.0,3.0,0.3333333333333333,1.9464364342600542,-0.3925449767853314,0.6243275003170933,0.5235602094240838,5.2574953720277815,0.0,0.0,0.0,2.0,0.0,0.0,0.0,0.0
b2769,194.0,62.079,13.0,7.0,0.23076923076923078,3.363910080301145,183.0,49.27,6.0,5.0,0.6,2.7123757916922644,-0.44977164694490596,0.5489331405703313,0.5559440559440559,5.659482215759621,0.0,0.0,0.0,2.0,0.0,0.0,0.0,0.0
b2770,201.0,63.721,14.0,7.0,0.3076923076923077,3.064584588049487,186.0,48.927,9.0,5.0,0.5,3.938840821653904,1.2124539610402758,0.5122392054288722,0.5598455598455598,5.560681631015528,0.0,0.0,0.0,3.0,0.0,0.0,0.0,0.0
b2771,151.0,38.811,3.0,3.0,1.0,1.061933347102252,135.0,30.568,3.0,3.0,0.6666666666666666,1.6980465420117279,-0.7447274948966939,0.5284599939589936,0.5640449438202247,6.100318952020064,12.0,0.0,0.0,2.0,0.0,1.0,0.0,0.0
b2774,216.0,60.457,3.0,3.0,0.0,0.895442008036356,167.0,32.066,3.0,3.0,0.3333333333333333,1.7031759659177486,-0.368556230986828,0.5617987539313546,0.4444444444444444,5.568344503761097,0.0,0.0,1.0,2.0,0.0,0.0,0.0,0.0
b2775,210.0,53.458,5.0,3.0,0.2,1.6183122145378432,198.0,49.379,3.0,3.0,0.3333333333333333,1.8798508220575563,-0.6615435063953952,0.5830806651651737,0.6188235294117647,6.054439346269371,12.0,0.0,0.0,2.0,0.0,1.0,0.0,0.0
b2776,213.0,55.137,4.0,3.0,0.16666666666666666,1.4218945421663156,184.0,42.401,4.0,3.0,0.16666666666666666,2.5083658274865566,0.5843312243675308,0.5826518628772409,0.5304878048780488,6.20050917404269,0.0,0.0,1.0,2.0,0.0,0.0,0.0,0.0
b2777,246.0,68.856,10.0,8.0,0.5333333333333333,2.2066012076048294,196.0,44.35,3.0,3.0,1.0,2.985354450182474,1.1142772965615861,0.6016516867252055,0.5515695067264574,5.4116460518550396,0.0,1.0,1.0,4.0,0.0,0.0,2.0,1.0
b2778,146.0,34.535,1.0,1.0,0.0,0.8131815705905894,117.0,23.193,1.0,1.0,0.0,2.9922202274087373,0.28103336724772754,0.4838750014980374,0.3586206896551724,5.673323267171493,3.0,0.0,0.0,2.0,0.0,1.0,0.0,0.0
b2779,778.0,262.714,67.0,27.0,0.3175033921302578,6.051900767218366,685.0,155.758,33.0,21.0,0.4431818181818182,5.843187648200969,3.8421728539996955,0.5883393992718563,0.5138888888888888,6.07073772800249,0.0,1.0,1.0,5.0,1.0,0.0,8.0,1.0
b2780,639.0,218.717,66.0,39.0,0.441025641025641,5.013487268861397,595.0,140.316,9.0,7.0,0.2777777777777778,1.8915864542995775,2.6354937998115653,0.6648135043490361,0.5688073394495413,6.302618975744905,0.0,0.0,1.0,5.0,1.0,0.0,4.0,1.0
b2781,283.0,102.496,53.0,15.0,0.19811320754716982,6.698408342265268,224.0,41.716,0.0,0.0,0.0,0.0,0.8698182079793282,0.5938670706775101,0.5171102661596958,5.575949103146316,0.0,1.0,1.0,5.0,0.0,0.0,6.0,1.0
b2782,250.0,86.213,32.0,21.0,0.5362903225806451,4.3228196242454855,157.0,33.239,3.0,2.0,0.6666666666666666,2.4583132656615114,0.48572142648157995,0.46295664925811186,0.3783783783783784,4.718498871295094,0.0,0.0,1.0,5.0,0.0,0.0,0.0,0.0
b2783,181.0,64.359,27.0,21.0,0.6951566951566952,3.550495686251059,137.0,31.899,4.0,2.0,0.5,3.267143998935255,-0.2831622767004755,0.5928346297293358,0.5853658536585366,4.418840607796598,0.0,0.0,0.0,5.0,0.0,0.0,0.0,0.0
b2784,523.0,197.919,75.0,51.0,0.5243243243243243,5.7978238599455425,389.0,71.244,1.0,1.0,0.0,2.9922202274087373,1.6118294794983736,0.6129674881208778,0.5940860215053764,6.61338421837956,0.0,0.0,1.0,4.0,0.0,0.0,2.0,1.0
b2785,284.0,76.278,6.0,5.0,0.06666666666666667,1.2793678531312531,262.0,60.2,1.0,1.0,0.0,2.9922202274087373,-0.007004901568658489,0.546150927359026,0.5034642032332564,6.073044534100405,0.0,0.0,1.0,5.0,0.0,0.0,0.0,0.0
b2786,1062.0,320.074,35.0,13.0,0.2134453781512605,4.564524009728443,957.0,186.285,11.0,9.0,0.2,2.421977881703947,0.4927603890268375,0.5954825018852397,0.5468409586056645,6.823286122355687,2.0,0.0,1.0,5.0,0.0,1.0,2.0,0.0
b2787,106.0,29.574,6.0,5.0,0.4,1.776786273330521,74.0,14.341,3.0,3.0,1.0,1.9161045729534338,1.1142772965615861,0.6420479924776753,0.547085201793722,6.102558594613569,0.0,1.0,1.0,5.0,0.0,0.0,2.0,0.0
b2788,54.0,14.51,6.0,5.0,0.6,1.7162064009974878,53.0,13.826,6.0,4.0,0.7333333333333333,3.4413636261603195,-0.3098039199714863,0.6070107063005277,0.5515695067264574,6.102558594613569,0.0,1.0,1.0,4.0,0.0,0.0,0.0,0.0
b2789,125.0,32.266,6.0,5.0,0.8,1.7902930003825839,113.0,25.895,5.0,4.0,0.8,2.9358006779641777,0.7126497016272114,0.5778997031833425,0.6488888888888888,6.111467339502679,12.0,0.0,0.0,4.0,0.0,1.0,0.0,0.0
b2790,213.0,51.825,3.0,2.0,0.3333333333333333,1.116607186427545,187.0,39.401,3.0,2.0,0.3333333333333333,2.3620055942804647,2.262474821020941,0.6356800945849486,0.6040268456375839,5.0106352940962555,0.0,1.0,0.0,3.0,0.0,0.0,0.0,0.0
b2791,266.0,68.651,8.0,6.0,0.35714285714285715,2.063087300707155,260.0,52.769,2.0,2.0,1.0,1.95085619386028,0.292256071356476,0.5971937159633779,0.55,5.564520407322694,0.0,0.0,1.0,5.0,0.0,0.0,0.0,0.0
b2792,225.0,54.543,2.0,2.0,1.0,0.9121414122690534,216.0,52.208,2.0,2.0,1.0,1.95085619386028,1.0759117614827776,0.6046325252815494,0.5596330275229358,4.700480365792417,0.0,0.0,0.0,1.0,0.0,0.0,0.0,0.0
b2793,369.0,108.484,15.0,11.0,0.5619047619047619,2.485154644058968,339.0,99.005,14.0,8.0,0.6263736263736264,4.819427034019646,1.303412070596742,0.5588843553579168,0.4861878453038674,5.204006687076795,0.0,0.0,0.0,3.0,1.0,1.0,0.0,0.0
b2794,338.0,86.864,11.0,8.0,0.4727272727272727,2.155446439545542,297.0,61.044,5.0,3.0,0.4,5.025419104435952,1.7135745377720697,0.6301220062768585,0.524822695035461,5.645446897643238,0.0,0.0,1.0,5.0,1.0,0.0,2.0,1.0
b2795,287.0,79.102,20.0,14.0,0.46842105263157896,2.7806019812643616,256.0,53.536,1.0,1.0,0.0,1.303166097495135,1.8751191654625683,0.6135612223049497,0.5881057268722467,6.12029741895095,0.0,0.0,3.0,5.0,0.0,0.0,4.0,1.0
b2796,191.0,47.117,3.0,3.0,0.3333333333333333,0.9230540920438001,145.0,29.088,1.0,1.0,0.0,2.9922202274087373,2.1761202110560856,0.6468948637181275,0.6666666666666666,6.063785208687608,11.0,0.0,0.0,5.0,0.0,1.0,0.0,0.0
b2797,119.0,42.151,21.0,13.0,0.5904761904761905,3.058593087374373,87.0,13.803,1.0,1.0,0.0,2.9922202274087373,1.079543007402906,0.6616098104014727,0.6065934065934065,6.1224928095143865,0.0,1.0,1.0,3.0,0.0,0.0,6.0,0.0
b2798,404.0,112.141,15.0,11.0,0.42857142857142855,2.1461264635613877,384.0,78.632,1.0,1.0,0.0,0.9212360356447625,1.104145550554008,0.5595412669308824,0.545816733067729,5.529429087511423,0.0,1.0,1.0,5.0,0.0,0.0,0.0,0.0
b2799,182.0,57.478,15.0,8.0,0.17142857142857143,2.9356093812223945,168.0,27.203,2.0,1.0,0.0,1.8370801023715893,2.326356346034385,0.5778098330239031,0.5235602094240838,5.948034989180646,0.0,1.0,1.0,5.0,0.0,0.0,4.0,0.0
b2800,167.0,47.756,12.0,7.0,0.2878787878787879,2.449373266762975,155.0,27.369,1.0,1.0,0.0,1.2305424578817101,0.14921911265537988,0.5573729799478376,0.4790697674418605,5.375278407684165,0.0,1.0,2.0,5.0,0.0,0.0,4.0,0.0
b2801,218.0,57.424,10.0,7.0,0.26666666666666666,2.307264934933824,193.0,39.277,1.0,1.0,0.0,1.4055980528678678,-0.33441900898204685,0.49289027355963133,0.5159817351598174,6.0844994130751715,12.0,0.0,0.0,5.0,0.0,1.0,0.0,0.0
b2802,135.0,41.241,10.0,7.0,0.28888888888888886,2.2359017910284376,116.0,25.453,4.0,2.0,0.16666666666666666,4.497271636720664,0.8325089127062363,0.6077005321457817,0.5956006768189509,6.3835066348840055,0.0,1.0,2.0,5.0,1.0,0.0,4.0,0.0
b2803,251.0,64.633,7.0,5.0,0.5238095238095238,1.776362409414081,224.0,45.546,2.0,2.0,1.0,2.446078555708569,0.3926969532596657,0.5371234418632461,0.5338983050847458,6.159095388491933,0.0,1.0,2.0,5.0,0.0,0.0,4.0,0.0
b2804,137.0,35.279,5.0,5.0,0.6,1.2942493474300927,116.0,25.432,2.0,2.0,1.0,2.446078555708569,1.9090744014009042,0.5280363656544208,0.4857142857142857,4.948759890378168,0.0,0.0,2.0,5.0,1.0,0.0,3.0,0.0
b2805,114.0,31.551,4.0,4.0,0.5,1.136433268496425,89.0,19.896,1.0,1.0,0.0,1.626761905538651,1.35237549500052,0.5801461259643098,0.51440329218107,5.497168225293202,0.0,0.0,0.0,3.0,0.0,0.0,0.0,0.0
b2806,262.0,70.605,8.0,6.0,0.21428571428571427,1.9200022565273143,233.0,50.558,3.0,3.0,1.0,2.3377530559795563,1.3946267642722092,0.6563696638402782,0.5683060109289617,5.905361848054571,0.0,0.0,1.0,4.0,1.0,0.0,0.0,0.0
b2807,186.0,44.419,7.0,4.0,0.23809523809523808,2.6630315628914696,169.0,34.832,3.0,3.0,1.0,2.3377530559795563,0.0,0.6252603364860851,0.6641221374045801,4.882801922586371,3.0,0.0,0.0,2.0,0.0,1.0,0.0,0.0
b2808,254.0,67.073,6.0,4.0,0.26666666666666666,1.5713511655385655,221.0,51.292,3.0,3.0,1.0,2.3377530559795563,1.305566313515304,0.5071424998851071,0.46885245901639344,5.723585101952381,0.0,0.0,0.0,3.0,1.0,0.0,1.0,0.0
b2809,78.0,24.115,4.0,2.0,0.0,1.9198961258404856,60.0,15.741,1.0,1.0,0.0,0.9560771022909058,2.9537645225682287,0.6441675374885322,0.56,4.330733340286331,0.0,0.0,0.0,2.0,0.0,1.0,0.0,0.0
b2810,147.0,44.634,8.0,6.0,0.5714285714285714,1.8206270517076601,124.0,25.747,6.0,5.0,0.6,2.8698118467317157,0.8356905714924255,0.6001943204933328,0.5685785536159601,5.996452088619021,0.0,1.0,3.0,5.0,0.0,0.0,0.0,0.0
b2811,184.0,55.444,16.0,8.0,0.23333333333333334,3.2447804971554794,153.0,34.678,7.0,3.0,0.19047619047619047,4.629976573638205,1.7589875468676193,0.5134469216134604,0.6122448979591837,4.997212273764115,0.0,0.0,0.0,5.0,0.0,0.0,0.0,0.0
b2812,211.0,50.254,4.0,3.0,0.16666666666666666,1.1524442711459209,188.0,38.102,0.0,0.0,0.0,0.0,1.1495270137543478,0.6478285322215324,0.5671641791044776,5.594711379601839,1.0,0.0,1.0,5.0,0.0,1.0,0.0,0.0
b2813,305.0,80.449,10.0,8.0,0.7555555555555555,1.9043357394130356,260.0,52.018,0.0,0.0,0.0,0.0,1.1878026387184193,0.6619667940276109,0.5561643835616439,5.902633333401366,0.0,0.0,1.0,5.0,0.0,1.0,0.0,0.0
b2814,0.0,0.0,0.0,0.0,0.0,0.0,0.0,0.0,0.0,0.0,0.0,0.0,0.0,0.0,0.0,0.0,0.0,0.0,0.0,0.0,0.0,0.0,2.0,1.0
b2815,0.0,0.0,0.0,0.0,0.0,0.0,0.0,0.0,0.0,0.0,0.0,0.0,0.0,0.0,0.0,0.0,0.0,0.0,0.0,0.0,0.0,0.0,2.0,1.0
b2816,0.0,0.0,0.0,0.0,0.0,0.0,0.0,0.0,0.0,0.0,0.0,0.0,0.0,0.0,0.0,0.0,0.0,0.0,0.0,0.0,0.0,0.0,2.0,1.0
b2817,263.0,80.389,20.0,13.0,0.4842105263157895,2.9476535562731057,230.0,45.959,0.0,0.0,0.0,0.0,0.45939248775923086,0.5853737516579505,0.592326139088729,6.035481432524756,0.0,0.0,1.0,5.0,0.0,0.0,1.0,0.0
b2818,611.0,165.854,19.0,11.0,0.3742690058479532,2.6899966950438765,582.0,122.57,10.0,7.0,0.7555555555555555,3.334834751593251,1.8820119616266586,0.6087630421040255,0.5981941309255079,6.095824562432225,0.0,0.0,1.0,4.0,1.0,0.0,5.0,0.0
b2819,266.0,78.844,21.0,16.0,0.6666666666666666,2.67900081067861,221.0,38.118,3.0,3.0,1.0,2.434853733699452,0.48572142648157995,0.557363787049306,0.5608552631578947,6.411818267709897,0.0,0.0,1.0,5.0,0.0,0.0,1.0,0.0
b2820,307.0,97.958,26.0,16.0,0.6092307692307692,3.2984257651823006,269.0,50.843,3.0,3.0,1.0,2.434853733699452,0.1553360374650618,0.5823098409080351,0.5898305084745763,7.074116816197362,0.0,1.0,2.0,5.0,0.0,0.0,1.0,0.0
b2821,364.0,90.679,5.0,4.0,0.3,1.1333389599756687,321.0,71.36,3.0,3.0,1.0,2.434853733699452,1.16761267272753,0.5824863567286009,0.581081081081081,6.870053411798126,0.0,1.0,1.0,5.0,0.0,0.0,0.0,0.0
b2822,286.0,80.342,25.0,16.0,0.49666666666666665,3.629262432397896,199.0,42.545,7.0,4.0,0.42857142857142855,4.992192656558581,0.48572142648157995,0.5922205790406665,0.5775401069518716,7.023758954738443,0.0,0.0,0.0,5.0,0.0,0.0,1.0,0.0
b2823,58.0,19.324,5.0,5.0,0.9,1.3783386344247548,43.0,10.317,4.0,4.0,1.0,2.9102519904032396,0.0,0.4936457685804356,0.6542056074766355,4.68213122712422,1.0,0.0,0.0,2.0,0.0,1.0,0.0,0.0
b2824,44.0,16.082,5.0,5.0,0.9,1.3783386344247548,20.0,7.096,4.0,4.0,1.0,2.9102519904032396,0.0,0.49200741570103784,0.5555555555555556,4.912654885736052,0.0,0.0,0.0,1.0,0.0,0.0,0.0,0.0
b2825,80.0,30.764,6.0,5.0,0.6,1.5729105074518144,44.0,10.216,4.0,4.0,1.0,2.9102519904032396,0.0,0.6055502108966012,0.5668449197860963,5.236441962829949,1.0,0.0,0.0,2.0,0.0,1.0,0.0,0.0
b2826,62.0,23.769,7.0,5.0,0.5714285714285714,1.7754805138921277,50.0,14.922,4.0,4.0,1.0,2.9102519904032396,0.0,0.45283514011840126,0.5897435897435898,5.056245805348308,1.0,0.0,0.0,2.0,0.0,1.0,0.0,0.0
b2827,459.0,148.905,35.0,14.0,0.14285714285714285,4.484891346431286,392.0,72.232,8.0,3.0,0.0,4.567172733144396,2.3075174312031312,0.676725495269721,0.5946969696969697,5.579729825986222,0.0,0.0,1.0,5.0,1.0,0.0,5.0,1.0
b2828,370.0,93.464,6.0,6.0,0.13333333333333333,1.088778944814766,360.0,90.23,4.0,3.0,0.16666666666666666,1.9096535122769789,1.190611797813605,0.6522626132484047,0.6185567010309279,5.676753802268282,7.0,0.0,1.0,5.0,0.0,1.0,0.0,0.0
b2829,157.0,41.95,6.0,6.0,0.3333333333333333,1.151201926935629,138.0,32.202,6.0,5.0,0.13333333333333333,2.6468238196246063,1.4801507252732804,0.5592470925024269,0.5508021390374331,6.618738983517219,0.0,1.0,1.0,5.0,1.0,0.0,1.0,0.0
b2830,389.0,110.84,16.0,10.0,0.31666666666666665,2.2996268205352637,356.0,75.218,2.0,2.0,0.0,1.1505670730557405,1.1878026387184193,0.5638831259534868,0.5113636363636364,5.176149732573829,0.0,1.0,1.0,5.0,0.0,0.0,1.0,0.0
b2831,397.0,130.684,33.0,14.0,0.25946969696969696,4.772276832255127,313.0,84.797,11.0,8.0,0.7272727272727273,3.729863336946964,0.5705429398818975,0.5157360318191181,0.5152838427947598,5.438079308923196,0.0,0.0,0.0,5.0,1.0,0.0,1.0,0.0
b2832,96.0,24.757,5.0,3.0,0.4,1.540934553148604,69.0,14.334,1.0,1.0,0.0,1.1357591167262,-0.09582563171583647,0.5632797294292069,0.5780590717299579,5.472270673671475,7.0,0.0,0.0,2.0,0.0,1.0,0.0,0.0
b2833,44.0,15.91,5.0,3.0,0.4,1.6905543695246625,31.0,9.446,2.0,2.0,1.0,1.4890018307125434,2.064495426792728,0.6086861113247305,0.3888888888888889,4.290459441148391,0.0,0.0,0.0,2.0,0.0,1.0,0.0,0.0
b2834,132.0,30.071,3.0,3.0,1.0,1.1303267521420082,115.0,21.309,0.0,0.0,0.0,0.0,2.2304744673611583,0.5906209119055836,0.5895953757225434,5.849324779946859,0.0,0.0,0.0,3.0,0.0,0.0,0.0,0.0
b2835,348.0,98.497,7.0,4.0,0.19047619047619047,1.6728802862583088,313.0,82.947,3.0,2.0,0.0,1.592408869216517,-0.8996294548824371,0.5615254895086601,0.6423173803526449,5.986452005284438,11.0,0.0,0.0,4.0,0.0,1.0,0.0,0.0
b2836,764.0,210.725,20.0,11.0,0.3368421052631579,2.964022850456253,715.0,116.296,1.0,1.0,0.0,0.9000978169948058,0.6364878963533654,0.5906753094866257,0.5632823365785814,6.579251212010101,2.0,0.0,2.0,5.0,0.0,1.0,2.0,0.0
b2837,183.0,53.452,5.0,4.0,0.2,1.1389479684345933,110.0,17.531,0.0,0.0,0.0,0.0,0.33445375115093084,0.5909143568584158,0.5160349854227405,5.840641657373398,0.0,0.0,0.0,4.0,0.0,0.0,0.0,0.0
b2838,521.0,142.96,18.0,10.0,0.2679738562091503,3.3722337802493345,448.0,74.175,3.0,2.0,0.0,1.7400100659577873,1.4282968139828796,0.6115913779714116,0.5285714285714286,6.042632833682381,0.0,1.0,1.0,5.0,0.0,0.0,6.0,0.0
b2839,184.0,46.821,7.0,5.0,0.14285714285714285,1.785016025220085,169.0,42.256,6.0,4.0,0.2,3.4836883065270716,0.456366033129043,0.5280615982106519,0.5273311897106109,5.7430031878094825,0.0,0.0,0.0,3.0,1.0,0.0,0.0,0.0
b2840,116.0,29.075,1.0,1.0,0.0,0.6050873743362167,86.0,16.946,1.0,1.0,0.0,2.9922202274087373,1.0572856444182146,0.5695832152267305,0.47391304347826085,5.442417710521793,0.0,0.0,1.0,3.0,0.0,0.0,6.0,0.0
b2841,145.0,40.621,10.0,7.0,0.3111111111111111,2.7064909982459615,111.0,21.115,1.0,1.0,0.0,2.9922202274087373,-0.47237009912866135,0.5754277544400157,0.5911016949152542,6.159095388491933,12.0,0.0,0.0,5.0,0.0,1.0,0.0,0.0
b2842,322.0,94.632,15.0,10.0,0.38095238095238093,2.5159671833128083,286.0,66.61,4.0,4.0,0.8333333333333334,1.4905506283263923,2.426527526770914,0.6085565362426647,0.5454545454545454,5.537334267018537,0.0,0.0,2.0,5.0,0.0,0.0,3.0,0.0
b2843,237.0,94.963,33.0,16.0,0.39015151515151514,4.772059366349192,200.0,75.597,27.0,15.0,0.5384615384615384,7.249089675985334,2.260095249663711,0.6075606867201174,0.5539568345323741,5.631211781821365,0.0,1.0,1.0,5.0,0.0,0.0,3.0,0.0
b2844,190.0,78.533,41.0,23.0,0.4951219512195122,4.8105574502682025,150.0,31.928,4.0,4.0,0.16666666666666666,1.9124161106054154,1.2151085810530933,0.5141386650423931,0.48346055979643765,5.976350909297934,0.0,0.0,1.0,3.0,1.0,0.0,16.0,0.0
b2845,213.0,50.433,0.0,0.0,0.0,0.0,168.0,34.065,0.0,0.0,0.0,0.0,-0.4400933749638875,0.4901493819869938,0.49144254278728605,6.016157159698354,10.0,0.0,0.0,2.0,0.0,1.0,0.0,0.0
b2846,33.0,11.365,3.0,3.0,1.0,0.6156108530225944,9.0,1.737,0.0,0.0,0.0,0.0,0.3159703454569177,0.49105601786823616,0.3333333333333333,5.351858133476067,0.0,0.0,0.0,1.0,0.0,0.0,0.0,0.0
b2847,34.0,9.306,2.0,1.0,0.0,1.9209651743333205,13.0,2.861,1.0,1.0,0.0,2.9922202274087373,-1.0087739243075051,0.4907069031128218,0.3828996282527881,5.598421958998375,0.0,0.0,0.0,2.0,0.0,0.0,0.0,0.0
b2848,11.0,3.378,1.0,1.0,0.0,1.2105163656286053,11.0,3.236,1.0,1.0,0.0,2.9922202274087373,0.0,0.49080696978653116,0.26875,5.081404364984463,1.0,0.0,0.0,1.0,0.0,1.0,0.0,0.0
b2849,44.0,17.646,6.0,3.0,0.2,3.0316287346976303,28.0,10.649,5.0,3.0,0.3,5.533856582567129,0.0,0.4780605557375045,0.3191489361702128,4.955827057601261,0.0,0.0,0.0,1.0,0.0,0.0,0.0,0.0
b2850,0.0,0.0,0.0,0.0,0.0,0.0,0.0,0.0,0.0,0.0,0.0,0.0,0.0,0.0,0.0,5.003946305945459,0.0,0.0,0.0,1.0,0.0,0.0,0.0,0.0
b2851,162.0,46.521,6.0,3.0,0.26666666666666666,3.164922254006679,115.0,17.671,3.0,3.0,1.0,3.203310811686968,-0.8961962790440431,0.5310485213410844,0.2822085889570552,5.099866427824199,0.0,0.0,0.0,1.0,0.0,0.0,0.0,0.0
b2852,189.0,47.405,4.0,3.0,0.5,2.4786917339498107,160.0,36.274,3.0,3.0,1.0,3.203310811686968,0.0,0.45891269740051926,0.3034934497816594,6.129050210060545,0.0,0.0,0.0,2.0,0.0,0.0,0.0,0.0
b2853,24.0,10.776,8.0,4.0,0.32142857142857145,3.580661947381759,21.0,6.249,3.0,3.0,1.0,3.203310811686968,0.0,0.5345260438625377,0.25,4.290459441148391,0.0,0.0,0.0,1.0,0.0,0.0,0.0,0.0
b2854,0.0,0.0,0.0,0.0,0.0,0.0,0.0,0.0,0.0,0.0,0.0,0.0,0.0,0.0,0.0,5.0689042022202315,0.0,0.0,0.0,2.0,0.0,0.0,0.0,0.0
b2856,0.0,0.0,0.0,0.0,0.0,0.0,0.0,0.0,0.0,0.0,0.0,0.0,0.0,0.0,0.0,4.997212273764115,0.0,0.0,0.0,2.0,0.0,0.0,0.0,0.0
b2858,0.0,0.0,0.0,0.0,0.0,0.0,0.0,0.0,0.0,0.0,0.0,0.0,0.0,0.0,0.0,5.4638318050256105,0.0,0.0,0.0,1.0,0.0,0.0,0.0,0.0
b2859,0.0,0.0,0.0,0.0,0.0,0.0,0.0,0.0,0.0,0.0,0.0,0.0,0.0,0.0,0.0,4.955827057601261,0.0,0.0,0.0,2.0,0.0,0.0,0.0,0.0
b2860,71.0,26.822,15.0,7.0,0.2857142857142857,4.19301197453582,60.0,16.619,8.0,6.0,0.6071428571428571,3.214295164735257,0.45788189673399227,0.4857417400853809,0.5614617940199336,5.71042701737487,0.0,0.0,0.0,2.0,0.0,0.0,0.0,0.0
b2861,63.0,22.469,9.0,7.0,0.6666666666666666,2.4833790340605257,53.0,14.478,8.0,6.0,0.5714285714285714,3.2236596016623045,-0.18111458540599013,0.4483568406013054,0.5371900826446281,4.804021044733257,0.0,0.0,0.0,2.0,0.0,0.0,0.0,0.0
b2862,0.0,0.0,0.0,0.0,0.0,0.0,0.0,0.0,0.0,0.0,0.0,0.0,0.0,0.0,0.0,4.605170185988092,0.0,0.0,0.0,1.0,0.0,0.0,0.0,0.0
b2863,0.0,0.0,0.0,0.0,0.0,0.0,0.0,0.0,0.0,0.0,0.0,0.0,0.0,0.46362694593416953,0.4128787878787879,5.579729825986222,0.0,0.0,0.0,2.0,0.0,1.0,0.0,0.0
b2864,0.0,0.0,0.0,0.0,0.0,0.0,0.0,0.0,0.0,0.0,0.0,0.0,0.0,0.0,0.0,0.0,0.0,0.0,0.0,0.0,0.0,0.0,1.0,1.0
b2865,194.0,47.126,2.0,2.0,1.0,0.6285872277707298,176.0,37.979,0.0,0.0,0.0,0.0,1.0174507295105362,0.5188106424858858,0.49800796812749004,5.529429087511423,0.0,0.0,0.0,3.0,0.0,1.0,0.0,0.0
b2866,67.0,34.369,24.0,13.0,0.5072463768115942,3.3736831417923954,56.0,20.576,14.0,8.0,0.5824175824175825,4.455223873132289,0.608526033577194,0.5452783747469601,0.5305851063829787,6.6240652277998935,0.0,1.0,1.0,4.0,0.0,0.0,4.0,1.0
b2867,165.0,62.989,25.0,13.0,0.4866666666666667,3.523635987184361,134.0,44.091,14.0,8.0,0.5494505494505495,4.5048310057517575,1.079543007402906,0.5862781133532494,0.5273972602739726,5.680172609017068,0.0,1.0,1.0,4.0,0.0,0.0,4.0,1.0
b2868,84.0,40.076,24.0,13.0,0.4963768115942029,3.3765111003250423,66.0,20.601,8.0,6.0,0.6428571428571429,2.819431494955638,-0.11182050608167508,0.5093174645627435,0.5220125786163522,5.075173815233827,0.0,1.0,0.0,3.0,0.0,0.0,4.0,1.0
b2869,107.0,24.988,2.0,2.0,1.0,0.5411543774946173,95.0,19.339,1.0,1.0,0.0,0.756926470397672,0.8881794939183248,0.5292605278804636,0.44256756756756754,6.385194398997726,0.0,0.0,0.0,3.0,0.0,0.0,0.0,0.0
b2870,143.0,46.221,16.0,11.0,0.44166666666666665,2.3924305442214013,118.0,30.368,13.0,8.0,0.5256410256410257,4.151122325772026,2.100405011565889,0.6231566460536857,0.5277777777777778,5.983936280687191,0.0,0.0,1.0,3.0,0.0,0.0,0.0,0.0
b2871,217.0,62.98,13.0,9.0,0.3717948717948718,2.284832252068945,192.0,41.19,11.0,8.0,0.6,3.572093395633041,1.6375897858386999,0.6142655314076219,0.6005025125628141,5.988961416889864,0.0,1.0,1.0,5.0,0.0,0.0,0.0,0.0
b2872,144.0,39.946,11.0,10.0,0.7454545454545455,1.7703454475840228,137.0,29.643,10.0,8.0,0.8888888888888888,3.2041208598770243,2.522457275186833,0.6659625276899637,0.5359801488833746,6.0014148779611505,0.0,1.0,0.0,2.0,0.0,0.0,0.0,0.0
b2873,181.0,55.218,19.0,11.0,0.391812865497076,2.7878673408167325,163.0,44.24,14.0,8.0,0.5274725274725275,4.300705650033014,0.7671558660821804,0.5935482845831048,0.561822125813449,6.135564891081739,0.0,1.0,1.0,5.0,0.0,0.0,4.0,1.0
b2874,84.0,35.164,18.0,11.0,0.39869281045751637,2.7751237600724976,50.0,11.995,3.0,3.0,0.3333333333333333,1.3350687386033802,1.5866998016240492,0.5695513888540159,0.44193548387096776,5.739792912179234,0.0,0.0,0.0,2.0,0.0,0.0,7.0,1.0
b2875,248.0,71.185,22.0,11.0,0.354978354978355,3.1906613257220395,239.0,58.155,16.0,8.0,0.5166666666666667,4.898647610646993,1.509336958017644,0.5366760683212993,0.4879852125693161,6.295266001439646,0.0,0.0,0.0,1.0,0.0,0.0,0.0,0.0
b2876,158.0,47.021,13.0,10.0,0.6282051282051282,2.1166858960990047,135.0,37.937,12.0,8.0,0.7121212121212122,4.253883695586245,-0.2218487496163564,0.49594723122132356,0.46484375,5.54907608489522,0.0,0.0,0.0,1.0,0.0,0.0,0.0,0.0
b2877,132.0,37.469,15.0,11.0,0.5714285714285714,2.314628607812922,118.0,30.172,9.0,8.0,0.8888888888888888,2.997315933410854,0.17609125905568124,0.5142227070303088,0.4166666666666667,5.262690188904886,0.0,1.0,1.0,5.0,0.0,0.0,2.0,1.0
b2878,1007.0,286.856,33.0,13.0,0.19507575757575757,4.4999134383229125,973.0,196.501,20.0,8.0,0.3894736842105263,6.068130275366808,1.628491104967123,0.6162109070050291,0.5668604651162791,6.940222469119639,0.0,1.0,0.0,3.0,0.0,0.0,1.0,0.0
b2879,133.0,40.946,16.0,11.0,0.5666666666666667,2.605837954395542,117.0,30.269,14.0,8.0,0.6483516483516484,4.606552556193431,1.509336958017644,0.583199663511949,0.6063348416289592,6.093569770045136,0.0,0.0,1.0,2.0,0.0,0.0,0.0,0.0
b2880,148.0,46.775,18.0,11.0,0.42483660130718953,2.8340149593920136,126.0,36.596,10.0,8.0,0.7333333333333333,3.5564979221234374,1.5303277897780863,0.5731569838260926,0.5521235521235521,5.560681631015528,0.0,0.0,0.0,1.0,0.0,0.0,1.0,0.0
b2881,211.0,64.14,19.0,11.0,0.4502923976608187,2.845342929308519,190.0,46.607,14.0,8.0,0.4835164835164835,4.998002238413673,1.7348798027926275,0.6068830219952384,0.5481171548117155,6.863803391452954,0.0,1.0,1.0,3.0,0.0,0.0,1.0,0.0
b2882,93.0,30.995,8.0,7.0,0.42857142857142855,1.770297470284857,85.0,24.219,5.0,3.0,0.2,3.3933073393868374,-0.2684112348132613,0.5118371151779392,0.5257510729613734,6.1463292576688975,12.0,0.0,0.0,5.0,0.0,1.0,0.0,0.0
b2883,151.0,47.846,19.0,13.0,0.5029239766081871,2.9221517207607213,128.0,27.096,4.0,3.0,0.3333333333333333,2.4693224420792776,1.2968844755385471,0.6151385655517446,0.5444191343963554,6.0867747269123065,0.0,1.0,1.0,4.0,0.0,0.0,3.0,1.0
b2886,75.0,20.041,1.0,1.0,0.0,0.5999353067615341,69.0,15.696,1.0,1.0,0.0,0.8358648950549727,-0.11690664142431006,0.5306831267506147,0.5617283950617284,5.093750200806762,0.0,0.0,0.0,1.0,0.0,0.0,0.0,0.0
b2887,186.0,48.502,5.0,4.0,0.1,1.3270568884974916,177.0,32.957,5.0,4.0,0.0,2.276729309211706,0.07188200730612536,0.5514940034878506,0.5007824726134585,6.461468176353717,0.0,1.0,0.0,3.0,0.0,0.0,0.0,0.0
b2888,97.0,35.05,11.0,7.0,0.21818181818181817,2.7360233738799815,90.0,24.622,2.0,1.0,0.0,2.211640256960622,0.6866362692622934,0.5056682356459645,0.5414937759336099,6.180016653652572,12.0,0.0,0.0,5.0,0.0,1.0,0.0,0.0
b2889,168.0,45.219,10.0,10.0,0.8,1.66154771738024,127.0,23.65,0.0,0.0,0.0,0.0,0.6180480967120926,0.5522023902096483,0.4835164835164835,5.209486152841421,0.0,1.0,1.0,5.0,1.0,0.0,3.0,0.0
b2890,463.0,152.632,27.0,18.0,0.5242165242165242,2.401791350553804,453.0,122.467,6.0,5.0,0.2,1.3522292860376286,2.940521465345316,0.6951314235374864,0.6138613861386139,6.226536669287466,0.0,1.0,1.0,5.0,1.0,0.0,1.0,1.0
b2891,479.0,193.267,79.0,59.0,0.7117818889970788,5.189969979145498,452.0,118.145,6.0,4.0,0.2,1.8351004099023183,2.625322742178174,0.6415761076935759,0.6027397260273972,5.902633333401366,0.0,0.0,0.0,5.0,1.0,0.0,0.0,0.0
b2892,481.0,145.137,37.0,16.0,0.44144144144144143,4.487878122125497,440.0,92.093,4.0,2.0,0.16666666666666666,2.7071858101969215,0.8034571156484138,0.571189125603597,0.608318890814558,6.359573868672378,0.0,0.0,1.0,3.0,0.0,0.0,3.0,0.0
b2893,372.0,106.654,19.0,11.0,0.23391812865497075,3.1330914288547524,344.0,81.404,4.0,2.0,0.16666666666666666,3.136305555887057,2.3344738569115373,0.5985365654176587,0.5423728813559322,5.4680601411351315,0.0,0.0,0.0,5.0,0.0,0.0,0.0,0.0
b2894,207.0,59.868,14.0,11.0,0.5164835164835165,2.0559170890241973,164.0,30.423,2.0,2.0,1.0,1.692712596198564,0.25527250510330607,0.564695679063309,0.5570469798657718,5.700443573390687,0.0,0.0,0.0,5.0,1.0,0.0,0.0,0.0
b2895,140.0,33.011,0.0,0.0,0.0,0.0,123.0,25.073,0.0,0.0,0.0,0.0,1.4970679363985049,0.6428622409294755,0.6184971098265896,5.159055299214529,0.0,1.0,0.0,2.0,0.0,0.0,0.0,0.0
b2896,25.0,8.796,3.0,3.0,0.3333333333333333,1.0601385321158592,12.0,3.281,1.0,1.0,0.0,1.2997874309799107,0.6232492903979004,0.44009621124457404,0.6074074074074074,4.912654885736052,2.0,0.0,0.0,3.0,0.0,1.0,0.0,0.0
b2897,290.0,74.591,3.0,3.0,0.3333333333333333,0.8693970331437919,256.0,61.503,2.0,1.0,0.0,1.9933107304929656,1.9499264436679122,0.6689559688096426,0.5568181818181818,4.48863636973214,0.0,0.0,0.0,4.0,1.0,0.0,0.0,0.0
b2898,364.0,93.034,2.0,2.0,0.0,0.8254474308629615,324.0,71.675,0.0,0.0,0.0,0.0,2.725102699808259,0.6170845300149351,0.558282208588957,5.7899601708972535,0.0,0.0,0.0,3.0,1.0,0.0,0.0,0.0
b2899,158.0,33.859,0.0,0.0,0.0,0.0,121.0,21.478,0.0,0.0,0.0,0.0,0.3222192947339192,0.5648276147959626,0.6529680365296804,5.393627546352362,7.0,0.0,0.0,2.0,0.0,1.0,0.0,0.0
b2900,11.0,6.025,3.0,2.0,0.0,1.0272775459489647,7.0,2.89,0.0,0.0,0.0,0.0,2.411636538756469,0.625726844930541,0.44660194174757284,4.6443908991413725,0.0,0.0,1.0,5.0,0.0,0.0,0.0,0.0
b2901,114.0,43.549,17.0,10.0,0.49264705882352944,2.7797327626868333,81.0,15.913,5.0,4.0,0.6,2.441133325206253,2.37841607188523,0.6972020539703156,0.6096033402922756,6.173786103901937,0.0,0.0,1.0,4.0,0.0,0.0,2.0,1.0
b2902,222.0,59.817,5.0,3.0,0.1,1.6163730183149252,187.0,33.442,0.0,0.0,0.0,0.0,1.0257153839013406,0.5039431822508582,0.5910931174089069,5.5134287461649825,0.0,0.0,1.0,3.0,0.0,0.0,0.0,0.0
b2903,784.0,229.723,36.0,15.0,0.2571428571428571,4.32651705923326,644.0,121.657,18.0,9.0,0.1830065359477124,6.418427533150696,2.4048508144913168,0.6837095642258334,0.6269592476489029,6.86484777797086,0.0,1.0,1.0,5.0,0.0,0.0,7.0,1.0
b2904,247.0,74.555,26.0,15.0,0.3353846153846154,3.166054253559917,195.0,38.927,4.0,4.0,0.3333333333333333,1.313062134410337,2.6954904323390685,0.6695008782540011,0.5503875968992248,4.867534450455582,0.0,1.0,0.0,4.0,0.0,0.0,7.0,1.0
b2905,347.0,101.92,28.0,15.0,0.3492063492063492,3.831797394239078,290.0,45.693,4.0,4.0,0.5,1.5485270745364978,2.4133165318842655,0.6705993033489379,0.5851648351648352,5.8998973535824915,0.0,0.0,1.0,4.0,0.0,0.0,7.0,1.0
b2906,264.0,73.054,11.0,8.0,0.6363636363636364,2.2938017218203197,219.0,49.149,4.0,3.0,0.5,2.7809552545092395,1.3484995702838378,0.5892555096089365,0.585,5.993961427306569,0.0,1.0,1.0,5.0,1.0,0.0,4.0,1.0
b2907,264.0,69.888,12.0,8.0,0.5454545454545454,2.4672929977685505,224.0,48.476,4.0,3.0,0.5,2.835963195331715,0.7134905430939426,0.5768441072818695,0.6045918367346939,5.973809611869261,0.0,1.0,1.0,5.0,1.0,0.0,4.0,1.0
b2908,348.0,83.401,8.0,7.0,0.25,1.5356095651136228,325.0,63.96,4.0,3.0,0.5,2.4737136736086036,2.562304762772441,0.6526445488529998,0.5782312925170068,6.091309882077698,0.0,1.0,1.0,5.0,1.0,0.0,0.0,0.0
b2909,352.0,96.322,10.0,7.0,0.08888888888888889,2.085272399855211,328.0,85.401,8.0,4.0,0.14285714285714285,4.219044479656146,2.419972261274,0.5557352863466488,0.53125,5.262690188904886,0.0,0.0,0.0,2.0,0.0,0.0,0.0,0.0
b2910,345.0,101.973,27.0,14.0,0.45584045584045585,3.447288894588335,327.0,77.767,2.0,2.0,0.0,1.207352059034606,2.326356346034385,0.5709381708192021,0.47706422018348627,4.700480365792417,0.0,0.0,0.0,5.0,1.0,0.0,0.0,0.0
b2912,286.0,67.463,4.0,4.0,1.0,0.8175027193686274,255.0,48.837,0.0,0.0,0.0,0.0,0.6009728956867482,0.5132176615002711,0.5494505494505495,5.209486152841421,0.0,0.0,1.0,4.0,0.0,0.0,3.0,1.0
b2913,305.0,79.489,4.0,4.0,0.5,0.8342025690761476,284.0,52.983,1.0,1.0,0.0,0.9533137193066696,3.194794530985624,0.6538862382019272,0.5829268292682926,6.018593214496234,0.0,0.0,2.0,5.0,0.0,0.0,8.0,0.0
b2914,371.0,107.466,23.0,13.0,0.4268774703557312,3.273861472124648,313.0,53.963,2.0,2.0,0.0,2.05457519100174,3.16791076036158,0.60796856422475,0.5251141552511416,5.393627546352362,0.0,0.0,1.0,5.0,0.0,0.0,7.0,1.0
b2915,0.0,0.0,0.0,0.0,0.0,0.0,0.0,0.0,0.0,0.0,0.0,0.0,0.0,0.0,0.0,4.343805421853684,0.0,0.0,0.0,1.0,0.0,0.0,0.0,0.0
b2916,200.0,48.127,4.0,3.0,0.16666666666666666,1.2727136530376972,150.0,28.149,1.0,1.0,0.0,2.9922202274087373,2.2504444001899655,0.5649090129767136,0.569023569023569,5.697093486505405,0.0,0.0,0.0,5.0,0.0,0.0,0.0,0.0
b2917,404.0,118.699,16.0,12.0,0.30833333333333335,2.2403741373810675,268.0,44.743,3.0,3.0,1.0,1.9731516566918068,0.5820633629117087,0.6077551522049134,0.6050420168067226,6.5722825426940075,0.0,1.0,1.0,4.0,0.0,0.0,8.0,0.0
b2918,103.0,28.392,8.0,6.0,0.17857142857142858,1.8291501149185876,75.0,15.435,3.0,3.0,1.0,1.9731516566918068,-0.8210230527068306,0.59962982049843,0.5709969788519638,5.805134968916488,0.0,0.0,1.0,4.0,0.0,0.0,1.0,0.0
b2919,241.0,87.718,25.0,15.0,0.4266666666666667,3.41395328085701,149.0,30.811,8.0,5.0,0.35714285714285715,3.812596180075265,0.3636119798921442,0.6497425604079208,0.5632183908045977,5.568344503761097,0.0,0.0,1.0,4.0,0.0,0.0,2.0,0.0
b2920,158.0,49.683,19.0,15.0,0.7368421052631579,2.41254905255778,140.0,27.203,3.0,3.0,1.0,1.9731516566918068,-0.036212172654444715,0.6084342529440995,0.5955284552845529,6.20050917404269,0.0,0.0,1.0,3.0,0.0,0.0,2.0,0.0
b2921,185.0,50.17,6.0,4.0,0.3333333333333333,2.2491740075297693,173.0,43.469,1.0,1.0,0.0,0.88589145148867,0.436162647040756,0.5901947370659428,0.4463087248322148,5.700443573390687,0.0,0.0,0.0,2.0,0.0,0.0,0.0,0.0
b2922,258.0,56.378,0.0,0.0,0.0,0.0,227.0,44.305,0.0,0.0,0.0,0.0,2.809566447830854,0.6044671149762764,0.556910569105691,5.5093883366279774,0.0,0.0,0.0,2.0,0.0,0.0,0.0,0.0
b2923,136.0,31.893,3.0,3.0,0.3333333333333333,1.536085161913161,105.0,20.315,1.0,1.0,0.0,2.9922202274087373,-0.3260580013659122,0.5001132381562592,0.5355450236966824,5.356586274672012,5.0,0.0,0.0,5.0,0.0,1.0,0.0,0.0
b2924,210.0,48.893,4.0,4.0,0.5,1.5401863457603304,184.0,35.962,0.0,0.0,0.0,0.0,2.517209098189543,0.5930634585624092,0.541958041958042,5.659482215759621,3.0,0.0,0.0,5.0,0.0,1.0,0.0,0.0
b2925,411.0,138.588,42.0,18.0,0.45993031358885017,4.965182573201483,363.0,64.655,3.0,3.0,1.0,1.2043614616366423,3.4332912865729064,0.6499925279931128,0.5821727019498607,5.886104031450156,0.0,1.0,1.0,5.0,0.0,0.0,10.0,1.0
b2926,712.0,229.804,55.0,24.0,0.3528619528619529,5.017223932170439,632.0,123.937,11.0,5.0,0.41818181818181815,3.822899483267755,3.776774528535028,0.5815858128397503,0.537467700258398,5.961005339623274,0.0,0.0,1.0,5.0,1.0,0.0,7.0,1.0
b2927,592.0,157.751,23.0,17.0,0.5731225296442688,2.7785163612086325,546.0,92.78,5.0,5.0,0.6,1.7794070111540372,1.3694014136966244,0.5528055448319578,0.5191740412979351,5.8289456176102075,0.0,0.0,1.0,5.0,1.0,0.0,3.0,0.0
b2928,176.0,44.083,5.0,4.0,0.3,1.3664512144774834,150.0,32.12,3.0,3.0,1.0,2.222615502224401,-0.20901152491118416,0.5501750644983858,0.5274261603375527,5.472270673671475,0.0,0.0,0.0,1.0,0.0,0.0,0.0,0.0
b2929,71.0,37.012,25.0,19.0,0.5166666666666667,3.133163212416902,22.0,7.019,4.0,3.0,0.8333333333333334,2.779194005399575,-0.8996294548824371,0.583217865418393,0.5857988165680473,5.135798437050262,0.0,0.0,1.0,2.0,0.0,0.0,6.0,1.0
b2930,143.0,47.317,22.0,11.0,0.4588744588744589,3.258235596465337,105.0,21.31,4.0,3.0,0.8333333333333334,2.779194005399575,-0.8096683018297085,0.5890309629607977,0.632398753894081,5.7745515455444085,0.0,1.0,1.0,5.0,0.0,0.0,9.0,1.0
b2933,80.0,31.938,10.0,7.0,0.4666666666666667,2.0053802422647227,68.0,22.938,6.0,3.0,0.26666666666666666,3.6427504649890303,-0.033389013318065645,0.5657286221517396,0.5432900432900433,6.137727054086234,6.0,0.0,1.0,3.0,0.0,1.0,3.0,0.0
b2934,124.0,39.252,9.0,7.0,0.4722222222222222,1.9188660722660802,107.0,31.297,3.0,3.0,0.3333333333333333,1.6554122578353023,0.0,0.4976647291879456,0.3741496598639456,4.997212273764115,0.0,0.0,0.0,2.0,1.0,0.0,3.0,0.0
b2935,650.0,223.943,73.0,18.0,0.2191780821917808,8.199939265266263,599.0,130.248,18.0,12.0,0.5032679738562091,4.674059276158646,3.055764284323373,0.6455530788381578,0.6078431372549019,6.498282149476434,0.0,1.0,1.0,5.0,0.0,0.0,7.0,1.0
b2936,260.0,55.361,0.0,0.0,0.0,0.0,233.0,43.619,0.0,0.0,0.0,0.0,1.630529571426824,0.5846143668138036,0.5357142857142857,5.53338948872752,0.0,1.0,1.0,5.0,0.0,1.0,0.0,0.0
b2937,376.0,94.048,11.0,6.0,0.4,2.4335680368252035,325.0,52.517,1.0,1.0,0.0,2.3754623539078814,2.526352202628514,0.6729468617118647,0.6078431372549019,5.726847747587197,0.0,1.0,1.0,5.0,0.0,0.0,3.0,0.0
b2938,186.0,46.439,8.0,6.0,0.21428571428571427,1.8226186562878808,141.0,26.684,2.0,1.0,0.0,4.225735974410449,2.45486009814405,0.6334554201861184,0.6139817629179332,6.490723534502507,0.0,1.0,1.0,5.0,0.0,0.0,3.0,0.0
b2939,84.0,30.571,2.0,2.0,0.0,1.1297108414872243,30.0,6.897,1.0,1.0,0.0,2.3754623539078814,0.0,0.45933058833997054,0.4418604651162791,3.784189633918261,0.0,0.0,0.0,2.0,1.0,0.0,0.0,0.0
b2940,17.0,6.627,0.0,0.0,0.0,0.0,6.0,2.196,0.0,0.0,0.0,0.0,0.08635983067474821,0.4358850696459615,0.43661971830985913,4.276666119016055,0.0,0.0,0.0,1.0,0.0,0.0,0.0,0.0
b2941,0.0,0.0,0.0,0.0,0.0,0.0,0.0,0.0,0.0,0.0,0.0,0.0,0.0,0.5169257048575838,0.43373493975903615,4.430816798843313,0.0,0.0,0.0,1.0,0.0,0.0,0.0,0.0
b2942,593.0,178.828,32.0,14.0,0.1774193548387097,4.469322425604285,534.0,102.402,12.0,5.0,0.13636363636363635,4.422749704660755,3.1734805562164117,0.629333315474508,0.5546875,5.953243334287785,0.0,1.0,1.0,5.0,1.0,0.0,7.0,1.0
b2943,223.0,67.283,9.0,7.0,0.19444444444444445,1.708284393570083,127.0,20.368,0.0,0.0,0.0,0.0,1.127428777851599,0.5993619927228391,0.6206896551724138,6.142037405587356,12.0,0.0,0.0,3.0,0.0,1.0,0.0,0.0
b2944,289.0,69.968,2.0,1.0,0.0,1.3548061030964167,262.0,62.174,1.0,1.0,0.0,0.8087321073097962,-0.19997064075586568,0.6000637789170052,0.6060606060606061,5.111987788356544,0.0,1.0,0.0,3.0,1.0,0.0,0.0,0.0
b2945,219.0,56.653,2.0,2.0,0.0,0.6560612854888116,162.0,34.66,1.0,1.0,0.0,1.189734742763539,-1.9208187539523751,0.6618538914981411,0.6170212765957447,5.4638318050256105,0.0,0.0,1.0,4.0,0.0,0.0,0.0,0.0
b2946,405.0,105.313,13.0,8.0,0.23076923076923078,2.3782537781934034,381.0,82.967,3.0,2.0,0.0,2.5983103478630403,1.2482185611900747,0.6029888173105028,0.5596707818930041,5.497168225293202,0.0,0.0,1.0,4.0,1.0,0.0,0.0,0.0
b2947,313.0,85.507,18.0,10.0,0.39215686274509803,2.984503701531523,265.0,52.909,2.0,2.0,0.0,1.8960270336415186,2.3424424210318366,0.6747551310892482,0.629746835443038,5.75890177387728,0.0,1.0,1.0,5.0,0.0,0.0,3.0,0.0
b2948,213.0,52.523,7.0,6.0,0.19047619047619047,1.3262343803399732,204.0,48.32,4.0,2.0,0.0,3.31107157036859,1.9566965648946508,0.6145726471619128,0.5454545454545454,5.236441962829949,0.0,0.0,0.0,2.0,0.0,0.0,0.0,0.0
b2949,345.0,76.395,4.0,4.0,0.3333333333333333,0.9582049838059371,336.0,71.02,1.0,1.0,0.0,1.15512532498929,1.1646502159342969,0.5833487065752171,0.5652173913043478,4.9344739331306915,0.0,0.0,1.0,5.0,1.0,0.0,0.0,0.0
b2950,169.0,44.892,5.0,5.0,0.4,1.207264650997596,151.0,34.817,3.0,3.0,0.6666666666666666,1.4757245350253818,0.08990511143939793,0.5052432985921765,0.5828220858895705,5.7899601708972535,0.0,0.0,0.0,2.0,0.0,0.0,0.0,0.0
b2951,278.0,71.767,9.0,4.0,0.19444444444444445,2.471445884180813,260.0,61.831,6.0,4.0,0.4,3.8217982166806572,2.3979573801038874,0.536599054455137,0.4829059829059829,5.459585514144159,0.0,0.0,0.0,4.0,0.0,0.0,0.0,0.0
b2952,346.0,82.675,4.0,4.0,1.0,1.2967977833824464,315.0,74.824,4.0,4.0,1.0,2.714812961973372,1.3821972103774538,0.6046983421603014,0.648936170212766,5.241747015059643,5.0,0.0,0.0,2.0,0.0,1.0,0.0,0.0
b2953,170.0,39.696,7.0,4.0,0.3333333333333333,2.2915458640800415,163.0,37.26,4.0,4.0,1.0,2.714812961973372,0.8762178405916422,0.631844124012078,0.4895833333333333,4.574710978503383,0.0,0.0,0.0,1.0,0.0,0.0,0.0,0.0
b2954,450.0,119.535,20.0,11.0,0.22105263157894736,3.5899855903932316,435.0,94.962,8.0,4.0,0.21428571428571427,5.647425411267752,2.292278228672973,0.6398652371073591,0.5532994923857868,5.288267030694535,0.0,1.0,1.0,5.0,0.0,0.0,3.0,1.0
b2955,246.0,61.022,5.0,4.0,0.6,1.4892238285744137,227.0,53.461,5.0,4.0,0.6,3.1920609837535525,0.885361220031512,0.6282978144390486,0.5634920634920635,5.937536205082426,0.0,1.0,0.0,4.0,1.0,0.0,0.0,0.0
b2956,22.0,9.804,5.0,5.0,0.5,1.2739173283867167,12.0,2.365,0.0,0.0,0.0,0.0,0.7589118923979735,0.6201469170122609,0.48059701492537316,5.817111159963204,0.0,0.0,0.0,1.0,0.0,0.0,0.0,0.0
b2957,232.0,62.727,17.0,15.0,0.9338235294117647,2.238882545286978,204.0,38.532,0.0,0.0,0.0,0.0,2.46983673757549,0.6208127781380037,0.5977011494252874,5.855071922202427,0.0,0.0,1.0,5.0,0.0,0.0,4.0,0.0
b2958,48.0,16.736,2.0,2.0,0.0,0.9819946837044194,31.0,6.69,0.0,0.0,0.0,0.0,2.3243030374868345,0.684913809630212,0.6150627615062761,5.480638923341991,0.0,0.0,0.0,1.0,0.0,0.0,0.0,0.0
b2959,292.0,75.629,2.0,2.0,0.0,0.8054212646164893,281.0,69.508,1.0,1.0,0.0,2.9922202274087373,2.661822147187612,0.6971836315669586,0.5462962962962963,4.6913478822291435,0.0,0.0,0.0,3.0,0.0,0.0,0.0,0.0
b2960,343.0,99.153,15.0,8.0,0.2,3.017417652212919,332.0,71.986,1.0,1.0,0.0,2.9922202274087373,2.1399105558756824,0.6669734327219202,0.5523012552301255,5.480638923341991,0.0,0.0,1.0,5.0,0.0,0.0,0.0,0.0
b2961,290.0,87.724,17.0,10.0,0.33088235294117646,2.6866430571655213,232.0,41.354,2.0,1.0,0.0,2.3195318349268295,0.27415784926367986,0.5567438930724803,0.6171428571428571,5.860786223465865,0.0,1.0,1.0,4.0,0.0,0.0,1.0,0.0
b2962,290.0,74.379,4.0,3.0,0.0,1.2903440100109091,257.0,60.808,2.0,1.0,0.0,2.822083381243074,2.9717442258094904,0.68929470122836,0.6373626373626373,4.5217885770490405,0.0,0.0,0.0,3.0,0.0,0.0,0.0,0.0
b2963,278.0,71.799,9.0,8.0,0.7222222222222222,1.8737208125510985,252.0,53.349,1.0,1.0,0.0,1.6790197095508002,0.7347998295888469,0.6322109413126016,0.6072423398328691,5.886104031450156,0.0,0.0,1.0,4.0,0.0,1.0,0.0,0.0
b2964,154.0,36.616,2.0,2.0,1.0,0.8379006362644077,130.0,25.752,0.0,0.0,0.0,0.0,1.1370374547895126,0.62583991120479,0.638755980861244,6.037870919922137,12.0,0.0,0.0,5.0,0.0,1.0,0.0,0.0
b2965,98.0,31.908,9.0,6.0,0.5277777777777778,2.1639466315979514,61.0,9.992,1.0,1.0,0.0,2.3754623539078814,0.9754318085092629,0.6031145992842359,0.5654008438818565,6.568077911411976,0.0,1.0,1.0,4.0,0.0,0.0,4.0,0.0
b2966,148.0,31.509,2.0,2.0,1.0,1.2408817545680293,132.0,24.523,0.0,0.0,0.0,0.0,-0.5331323796458906,0.5083883604046667,0.5702127659574469,5.4638318050256105,7.0,0.0,0.0,1.0,0.0,1.0,0.0,0.0
b2967,0.0,0.0,0.0,0.0,0.0,0.0,0.0,0.0,0.0,0.0,0.0,0.0,0.0,0.0,0.0,0.0,0.0,0.0,0.0,0.0,0.0,0.0,1.0,1.0
b2968,272.0,72.945,5.0,3.0,0.3,1.9552781609870233,234.0,57.647,2.0,2.0,1.0,1.0026526803204292,-0.8446639625349381,0.5309162272734892,0.5955056179775281,5.187385805840755,1.0,0.0,0.0,2.0,0.0,1.0,1.0,1.0
b2969,0.0,0.0,0.0,0.0,0.0,0.0,0.0,0.0,0.0,0.0,0.0,0.0,0.0,0.5345878362509656,0.6503496503496503,5.659482215759621,1.0,0.0,0.0,2.0,0.0,1.0,1.0,1.0
b2970,0.0,0.0,0.0,0.0,0.0,0.0,0.0,0.0,0.0,0.0,0.0,0.0,0.0,0.5570067949347538,0.4984894259818731,5.805134968916488,1.0,0.0,0.0,2.0,0.0,1.0,1.0,1.0
b2971,55.0,21.229,5.0,4.0,0.1,1.6934408951299074,12.0,2.738,2.0,2.0,1.0,1.4549733422883215,-0.4921441283041691,0.49182743181635014,0.4632352941176471,4.919980925828125,0.0,0.0,0.0,2.0,0.0,1.0,0.0,0.0
b2972,165.0,48.155,12.0,8.0,0.45454545454545453,2.8394509645097137,148.0,33.914,8.0,5.0,0.39285714285714285,3.6471420488791324,-0.721246399047171,0.4753512394406286,0.5464684014869888,5.598421958998375,6.0,0.0,0.0,3.0,0.0,1.0,0.0,0.0
b2975,107.0,28.585,6.0,6.0,0.6666666666666666,1.2119396308245514,86.0,17.704,1.0,1.0,0.0,1.6934766077240782,0.2944662261615929,0.5618999134082433,0.6178571428571429,6.329720905522696,13.0,0.0,0.0,5.0,0.0,1.0,0.0,0.0
b2976,236.0,98.438,59.0,23.0,0.36820572764465226,6.651452131143633,190.0,36.284,5.0,4.0,0.6,3.680388078037208,2.6344873464819325,0.6424197190237962,0.6016597510373444,6.584791392385716,0.0,1.0,1.0,5.0,1.0,0.0,6.0,0.0
b2977,133.0,31.535,6.0,6.0,0.9333333333333333,1.2349291426961524,121.0,27.832,4.0,4.0,1.0,2.849180436608722,2.4983243406971716,0.6049884450701477,0.5373134328358209,4.90527477843843,0.0,0.0,0.0,2.0,0.0,0.0,0.0,0.0
b2979,166.0,50.921,17.0,10.0,0.49264705882352944,2.665802316798968,142.0,23.012,5.0,4.0,0.6,3.3110800202300013,0.48144262850230496,0.5712884399869612,0.6152304609218436,6.214608098422191,0.0,1.0,1.0,5.0,0.0,1.0,4.0,0.0
b2980,196.0,58.646,8.0,6.0,0.5357142857142857,1.623258708016976,168.0,40.253,2.0,2.0,0.0,1.17002006231276,1.4234097277330935,0.5835342866159328,0.6181102362204725,5.541263545158426,0.0,0.0,0.0,4.0,0.0,0.0,0.0,0.0
b2981,0.0,0.0,0.0,0.0,0.0,0.0,0.0,0.0,0.0,0.0,0.0,0.0,0.0,0.605700993706575,0.5871794871794872,5.968707559985366,0.0,0.0,0.0,2.0,0.0,0.0,2.0,0.0
b2982,40.0,17.842,6.0,5.0,0.6666666666666666,3.3415469727927034,17.0,8.079,6.0,5.0,0.6666666666666666,4.094669588587277,-0.22257317761068865,0.6013635961704563,0.7116564417177914,5.7899601708972535,0.0,0.0,0.0,2.0,0.0,0.0,0.0,0.0
b2983,228.0,58.481,3.0,3.0,1.0,0.9144420154833655,208.0,51.411,3.0,3.0,1.0,1.7218105023913028,0.7371926427047373,0.5553039805498042,0.6112676056338028,5.87493073085203,6.0,0.0,0.0,2.0,0.0,1.0,0.0,0.0
b2984,93.0,23.033,2.0,2.0,0.0,1.3383278141300805,90.0,19.747,2.0,1.0,0.0,4.225735974410449,-0.047691990337874794,0.5772582738471306,0.5952380952380952,5.53338948872752,0.0,0.0,0.0,2.0,0.0,0.0,0.0,0.0
b2985,100.0,26.387,3.0,2.0,0.0,1.8658992145579703,86.0,17.107,1.0,1.0,0.0,2.3754623539078814,-1.0268721464003014,0.528973548670363,0.48945147679324896,5.472270673671475,0.0,0.0,0.0,1.0,0.0,0.0,0.0,0.0
b2986,95.0,25.225,4.0,2.0,0.0,2.0646707485090765,80.0,15.824,1.0,1.0,0.0,2.3754623539078814,-1.080921907623926,0.5142080854526798,0.3869565217391304,5.442417710521793,0.0,0.0,0.0,2.0,0.0,0.0,0.0,0.0
b2987,280.0,72.056,9.0,7.0,0.4444444444444444,1.7000272783227637,225.0,39.283,0.0,0.0,0.0,0.0,0.0,0.5592883943330285,0.5871743486973948,6.214608098422191,10.0,0.0,0.0,4.0,0.0,1.0,0.0,0.0
b2988,241.0,61.018,12.0,9.0,0.4393939393939394,2.2292675208403723,210.0,43.857,0.0,0.0,0.0,0.0,2.0719188103638064,0.6739669373275093,0.6122778675282714,6.429719478039138,0.0,0.0,2.0,5.0,0.0,0.0,2.0,0.0
b2989,181.0,43.896,1.0,1.0,0.0,2.4962556165751373,157.0,26.887,0.0,0.0,0.0,0.0,2.650317238783482,0.6464302067268085,0.59375,5.666426688112432,0.0,0.0,2.0,5.0,0.0,0.0,0.0,0.0
b2990,76.0,28.769,14.0,11.0,0.7362637362637363,2.211645355592556,50.0,16.56,11.0,7.0,0.6545454545454545,3.406979863581986,-1.0457574905606752,0.6077508025126045,0.5487804878048781,4.418840607796598,0.0,0.0,0.0,5.0,0.0,0.0,0.0,0.0
b2991,88.0,33.431,14.0,11.0,0.6593406593406593,2.4979958926733516,65.0,22.462,13.0,7.0,0.5512820512820513,3.9654481113161184,-1.0132282657337552,0.6225982230565341,0.6371681415929203,4.736198448394496,0.0,0.0,0.0,5.0,0.0,0.0,0.0,0.0
b2992,300.0,80.709,13.0,9.0,0.3717948717948718,2.2779513474054736,276.0,68.998,10.0,7.0,0.6,3.330249043442893,0.5599066250361125,0.5547986443161163,0.5679012345679012,5.093750200806762,0.0,0.0,0.0,2.0,0.0,0.0,0.0,0.0
b2993,70.0,28.503,18.0,11.0,0.6143790849673203,2.7556567251094153,56.0,20.247,12.0,7.0,0.6060606060606061,3.588009500338908,1.563599728881531,0.5762814503015791,0.6280487804878049,5.10594547390058,0.0,1.0,1.0,3.0,0.0,0.0,0.0,0.0
b2994,119.0,50.161,25.0,11.0,0.37666666666666665,3.624259381395291,85.0,24.614,15.0,7.0,0.4666666666666667,4.40391615416404,2.127137207191501,0.6764532311034642,0.6102292768959435,6.342121418721152,0.0,1.0,1.0,5.0,0.0,1.0,3.0,0.0
b2995,257.0,82.209,21.0,11.0,0.32857142857142857,3.1140108955525316,237.0,55.623,7.0,7.0,1.0,2.2736397500006635,0.3010299956639812,0.6403679269687949,0.6862244897959183,5.973809611869261,11.0,0.0,0.0,3.0,0.0,1.0,0.0,0.0
b2996,173.0,56.023,13.0,10.0,0.5384615384615384,2.156390374970623,155.0,38.177,8.0,7.0,0.75,2.500308833295646,1.4772659954248526,0.6664812199568804,0.6371951219512195,5.796057750765372,0.0,1.0,0.0,4.0,0.0,0.0,0.0,0.0
b2997,133.0,50.846,23.0,11.0,0.41106719367588934,3.3423149784235955,98.0,28.177,13.0,7.0,0.5641025641025641,3.8230725099684038,1.5392015992941277,0.6206525129097619,0.553763440860215,5.921578419643816,0.0,1.0,1.0,5.0,0.0,1.0,3.0,0.0
b2998,44.0,17.135,4.0,3.0,0.16666666666666666,1.5966724398737566,17.0,4.89,0.0,0.0,0.0,0.0,0.9614210940664483,0.5985095496958729,0.47368421052631576,4.564348191467836,0.0,0.0,0.0,1.0,0.0,0.0,0.0,0.0
b3001,159.0,40.148,5.0,4.0,0.1,1.2869459192055592,128.0,22.675,0.0,0.0,0.0,0.0,2.5910757426396818,0.5964727879622129,0.5780346820809249,5.849324779946859,0.0,0.0,2.0,5.0,0.0,0.0,0.0,0.0
b3002,127.0,28.699,0.0,0.0,0.0,0.0,102.0,18.23,0.0,0.0,0.0,0.0,1.2990712600274095,0.5884682533831536,0.6097560975609756,5.10594547390058,3.0,0.0,0.0,2.0,0.0,1.0,0.0,0.0
b3003,312.0,88.447,8.0,6.0,0.10714285714285714,1.860634661116349,253.0,56.223,4.0,2.0,0.0,3.1502047461587415,2.247997802080121,0.589072320417421,0.5680272108843537,5.68697535633982,0.0,0.0,1.0,3.0,0.0,0.0,0.0,0.0
b3005,298.0,94.005,24.0,13.0,0.35144927536231885,3.4950003569294927,258.0,66.289,9.0,6.0,0.5833333333333334,3.118880778956827,2.2528772925637606,0.6148262190462014,0.6666666666666666,4.955827057601261,1.0,0.0,0.0,5.0,0.0,1.0,0.0,0.0
b3006,309.0,95.108,28.0,13.0,0.35978835978835977,4.14970117481322,287.0,70.35,13.0,6.0,0.3333333333333333,4.591486894391856,2.326356346034385,0.5938660483591148,0.569672131147541,5.501258210544727,3.0,0.0,0.0,5.0,0.0,1.0,0.0,0.0
b3008,277.0,86.998,32.0,14.0,0.3346774193548387,4.3789939054262454,237.0,46.997,7.0,5.0,0.47619047619047616,2.6457031499608687,2.495558212547868,0.5926478449274625,0.5341772151898734,5.981414211254481,0.0,1.0,2.0,5.0,1.0,0.0,5.0,0.0
b3009,94.0,23.76,4.0,4.0,1.0,1.4120392494113447,73.0,14.399,1.0,1.0,0.0,2.3754623539078814,0.5301996982030821,0.5406721886662368,0.5753424657534246,5.393627546352362,4.0,0.0,0.0,4.0,0.0,1.0,0.0,0.0
b3010,257.0,67.003,3.0,3.0,0.3333333333333333,0.8273161594333713,224.0,50.279,0.0,0.0,0.0,0.0,0.5717088318086876,0.5969108776271727,0.60062893081761,5.765191102784844,0.0,0.0,0.0,4.0,0.0,0.0,0.0,0.0
b3011,208.0,65.62,12.0,8.0,0.24242424242424243,2.195598368958485,148.0,26.782,1.0,1.0,0.0,0.6494444746232018,2.4639079129384838,0.6549613534839093,0.599483204134367,5.961005339623274,0.0,1.0,1.0,5.0,0.0,0.0,2.0,0.0
b3012,262.0,83.765,21.0,12.0,0.2619047619047619,3.696751149207582,246.0,62.934,11.0,10.0,0.7636363636363637,3.366089344732113,2.6794369821756994,0.6084337827413785,0.5927272727272728,5.62040086571715,0.0,0.0,3.0,5.0,1.0,0.0,0.0,0.0
b3013,40.0,12.891,1.0,1.0,0.0,0.8145462019687484,19.0,3.481,0.0,0.0,0.0,0.0,-0.44977164694490596,0.5741948498464617,0.474025974025974,5.733341276897746,0.0,0.0,0.0,1.0,0.0,0.0,0.0,0.0
b3014,59.0,20.062,1.0,1.0,0.0,0.7717784823237052,30.0,6.335,0.0,0.0,0.0,0.0,0.08278537031645007,0.492923190265542,0.5176470588235295,4.454347296253507,0.0,0.0,0.0,2.0,0.0,1.0,0.0,0.0
b3017,290.0,73.561,6.0,6.0,0.4666666666666667,1.2138601830926452,221.0,41.483,0.0,0.0,0.0,0.0,1.190611797813605,0.546130801943395,0.5936170212765958,6.154858094016418,0.0,0.0,0.0,5.0,0.0,0.0,0.0,0.0
b3018,352.0,97.021,18.0,10.0,0.42483660130718953,2.887483361514017,333.0,66.122,0.0,0.0,0.0,0.0,1.3857849588433357,0.5888995256909558,0.5673469387755102,5.5053315359323625,0.0,0.0,2.0,4.0,0.0,1.0,4.0,0.0
b3019,672.0,220.239,51.0,16.0,0.26745098039215687,6.074577690458428,596.0,156.358,37.0,15.0,0.4294294294294294,9.18571665134726,1.646501750031612,0.6514917335752015,0.6170212765957447,6.6240652277998935,0.0,0.0,1.0,5.0,0.0,1.0,0.0,0.0
b3020,273.0,102.527,17.0,17.0,0.625,2.2169514655429112,115.0,26.034,4.0,4.0,1.0,1.2670776513372017,1.049605612594973,0.5537014200519813,0.5682242990654206,6.284134161070802,0.0,0.0,0.0,3.0,0.0,0.0,1.0,0.0
b3021,217.0,79.225,27.0,21.0,0.6951566951566952,3.763524682278181,142.0,28.658,1.0,1.0,0.0,2.9922202274087373,0.6404814369704218,0.5180900967953862,0.366412213740458,4.882801922586371,0.0,1.0,0.0,5.0,0.0,0.0,0.0,0.0
b3022,135.0,56.918,30.0,21.0,0.5609195402298851,4.4136137679865595,63.0,10.361,1.0,1.0,0.0,2.9922202274087373,0.053078443483419765,0.48001527079823153,0.3877551020408163,4.59511985013459,0.0,0.0,1.0,5.0,0.0,0.0,0.0,0.0
b3023,195.0,42.669,1.0,1.0,0.0,0.6146911298868436,185.0,38.906,1.0,1.0,0.0,0.9343373432950939,0.04139268515822508,0.6115832320335074,0.56875,5.081404364984463,0.0,0.0,0.0,2.0,0.0,0.0,0.0,0.0
b3024,363.0,91.032,6.0,5.0,0.26666666666666666,1.6920714031515451,329.0,77.524,4.0,3.0,0.16666666666666666,2.2881321978920846,2.9314629560747103,0.6023398513520357,0.5615384615384615,4.875197323201151,0.0,0.0,0.0,3.0,0.0,0.0,0.0,0.0
b3025,234.0,66.899,11.0,8.0,0.09090909090909091,2.191367516272893,179.0,40.86,4.0,3.0,0.0,2.1425997173505023,0.4623979978989561,0.5860788422690208,0.5114155251141552,5.393627546352362,0.0,0.0,0.0,3.0,1.0,0.0,2.0,0.0
b3026,346.0,95.543,11.0,8.0,0.07272727272727272,2.0623116894772906,288.0,63.015,3.0,3.0,0.0,1.8073786405350365,0.7379873263334308,0.5184854144345215,0.5679287305122495,6.1092475827643655,2.0,0.0,1.0,4.0,0.0,1.0,2.0,0.0
b3027,45.0,17.159,3.0,3.0,0.3333333333333333,1.3548134883408753,35.0,8.73,0.0,0.0,0.0,0.0,0.0,0.38881241529211813,0.32727272727272727,4.709530201312334,3.0,0.0,0.0,2.0,0.0,1.0,0.0,0.0
b3028,157.0,39.142,7.0,5.0,0.42857142857142855,2.3709344582663796,126.0,25.539,1.0,1.0,0.0,1.3209974996364944,2.2504444001899655,0.6591305264765078,0.5751295336787565,5.267858159063328,0.0,1.0,1.0,5.0,1.0,0.0,0.0,0.0
b3029,273.0,64.596,4.0,3.0,0.0,1.744002634697255,256.0,57.748,2.0,1.0,0.0,2.0476348633337293,2.8597445646982886,0.6547347147241328,0.5096153846153846,4.653960350157523,0.0,0.0,1.0,4.0,0.0,0.0,0.0,0.0
b3030,545.0,150.564,20.0,14.0,0.29473684210526313,2.7435714697709908,426.0,72.548,4.0,3.0,0.16666666666666666,2.0895464609494803,1.1464381352857747,0.6376664416539516,0.5873015873015873,6.447305862541213,0.0,1.0,1.0,5.0,0.0,0.0,0.0,0.0
b3031,262.0,68.137,11.0,6.0,0.2727272727272727,2.555852899181346,241.0,58.518,5.0,3.0,0.4,2.9681189063634994,2.602070848554295,0.6014069070230122,0.6321243523316062,5.267858159063328,0.0,0.0,1.0,2.0,0.0,0.0,0.0,0.0
b3032,215.0,59.652,16.0,13.0,0.425,2.5009511752376805,181.0,39.625,4.0,3.0,0.6666666666666666,2.592916477546491,1.5290451707657688,0.6238720574069107,0.6254545454545455,5.62040086571715,0.0,1.0,1.0,3.0,0.0,0.0,2.0,1.0
b3033,304.0,78.453,7.0,3.0,0.2857142857142857,2.9372516966052284,270.0,66.342,3.0,3.0,1.0,2.1032811524175705,-1.5686362358410126,0.566792931866055,0.5285714285714286,4.948759890378168,0.0,0.0,0.0,1.0,0.0,0.0,0.0,0.0
b3034,208.0,54.812,9.0,6.0,0.3888888888888889,1.8162847142112892,175.0,35.682,3.0,3.0,1.0,2.1032811524175705,1.8645704068534303,0.5267369275134943,0.5023923444976076,5.3471075307174685,0.0,1.0,1.0,5.0,0.0,0.0,3.0,1.0
b3035,572.0,203.231,59.0,14.0,0.17708942139099942,8.270413622488363,480.0,104.94,9.0,7.0,0.4722222222222222,3.4767373783645343,2.5453194893517352,0.6077211495638031,0.5780933062880325,6.202535517187923,4.0,0.0,0.0,5.0,0.0,1.0,4.0,1.0
b3037,269.0,67.651,2.0,2.0,0.0,1.3757040659133521,255.0,64.012,2.0,2.0,0.0,2.025951061451936,2.0253468345098273,0.5727568773912882,0.5381165919282511,5.4116460518550396,0.0,0.0,0.0,2.0,0.0,0.0,0.0,0.0
b3038,115.0,27.792,3.0,2.0,0.3333333333333333,1.8594543264880428,98.0,20.179,2.0,2.0,0.0,2.025951061451936,1.6405808064896525,0.6413471393330427,0.5880829015544041,5.958424693029782,0.0,0.0,1.0,3.0,0.0,0.0,0.0,0.0
b3039,94.0,25.999,6.0,3.0,0.13333333333333333,3.5995086871937167,81.0,15.725,0.0,0.0,0.0,0.0,0.13353890837021754,0.5401128624983942,0.5977859778597786,5.605802066295998,0.0,1.0,1.0,4.0,1.0,0.0,2.0,0.0
b3040,360.0,95.735,13.0,6.0,0.2692307692307692,3.1903865361122845,325.0,72.673,1.0,1.0,0.0,0.6912365947100009,0.6263403673750423,0.4781374338730818,0.5680933852140078,5.552959584921617,8.0,0.0,0.0,5.0,0.0,1.0,0.0,0.0
b3041,268.0,68.368,5.0,5.0,0.6,0.9998799680834097,199.0,32.435,5.0,4.0,0.6,2.9642354624964358,2.064495426792728,0.6136403734901958,0.4423963133640553,5.384495062789089,0.0,1.0,1.0,5.0,0.0,1.0,4.0,1.0
b3042,290.0,79.057,6.0,6.0,1.0,1.4155466003088562,259.0,61.666,1.0,1.0,0.0,0.9254400378518342,2.6031552027714753,0.5433891601862639,0.53125,4.574710978503383,0.0,0.0,0.0,5.0,1.0,0.0,0.0,0.0
b3043,87.0,28.519,5.0,3.0,0.1,2.1595288266737382,62.0,12.134,0.0,0.0,0.0,0.0,0.0,0.570845221622275,0.39344262295081966,5.214935757608986,0.0,0.0,0.0,2.0,0.0,0.0,0.0,0.0
b3044,66.0,23.722,10.0,7.0,0.6666666666666666,2.6846464312731717,57.0,15.732,8.0,6.0,0.5714285714285714,3.2236596016623045,-0.18111458540599013,0.4483568406013054,0.5371900826446281,4.804021044733257,0.0,0.0,0.0,2.0,0.0,0.0,0.0,0.0
b3045,70.0,24.256,8.0,7.0,0.4642857142857143,2.212247647520948,61.0,16.315,6.0,6.0,0.3333333333333333,2.52476667068513,0.45788189673399227,0.4857417400853809,0.5614617940199336,5.71042701737487,0.0,0.0,0.0,2.0,0.0,0.0,0.0,0.0
b3046,0.0,0.0,0.0,0.0,0.0,0.0,0.0,0.0,0.0,0.0,0.0,0.0,0.0,0.0,0.0,6.71174039505618,0.0,0.0,0.0,3.0,0.0,1.0,0.0,0.0
b3047,222.0,55.627,10.0,9.0,0.15555555555555556,2.5622761768166393,209.0,52.27,10.0,9.0,0.15555555555555556,4.211042099260544,0.23299611039215382,0.5056969789883838,0.37349397590361444,5.521460917862246,0.0,0.0,0.0,2.0,0.0,0.0,0.0,0.0
b3048,69.0,19.819,4.0,2.0,0.0,1.924444287120145,44.0,8.299,1.0,1.0,0.0,0.8066822186553295,-0.595166283380062,0.4856920860685626,0.3163841807909605,5.872117789475416,0.0,0.0,0.0,2.0,0.0,0.0,0.0,0.0
b3049,106.0,31.39,2.0,2.0,0.0,0.9454598351582179,74.0,16.528,1.0,1.0,0.0,1.5498569696066393,1.7987196851850062,0.567731394544394,0.4393939393939394,4.204692619390966,0.0,0.0,0.0,3.0,0.0,0.0,0.0,0.0
b3050,228.0,53.392,3.0,2.0,0.3333333333333333,2.014272094337962,194.0,43.159,2.0,1.0,0.0,2.374977240191221,0.0,0.4823760620791313,0.3923444976076555,5.3471075307174685,3.0,0.0,0.0,2.0,0.0,1.0,0.0,0.0
b3051,189.0,45.6,4.0,3.0,0.3333333333333333,2.0055000486484946,156.0,34.004,1.0,1.0,0.0,1.4636467795116208,0.7371926427047373,0.5467457213446593,0.47377938517179025,6.317164686747284,1.0,0.0,0.0,4.0,0.0,1.0,0.0,0.0
b3052,180.0,51.839,11.0,8.0,0.7090909090909091,1.9002728998975764,150.0,31.505,7.0,4.0,0.5238095238095238,3.6177702388890673,2.4609128699872858,0.6104367843780337,0.6016771488469602,6.169610732491456,0.0,0.0,2.0,5.0,0.0,0.0,3.0,0.0
b3053,316.0,81.083,10.0,8.0,0.5111111111111111,2.198936779999089,231.0,47.586,3.0,2.0,0.0,2.1625212573115884,1.4815859363676223,0.6104827995679523,0.6194503171247357,6.853299093186078,0.0,1.0,2.0,5.0,0.0,0.0,0.0,0.0
b3054,362.0,83.79,1.0,1.0,0.0,0.5616406703473781,324.0,71.696,2.0,2.0,0.0,1.697925278135424,1.6721902511882525,0.6500526272580213,0.6120092378752887,6.073044534100405,0.0,0.0,1.0,4.0,0.0,0.0,0.0,0.0
b3055,346.0,93.588,5.0,3.0,0.1,1.5869970545261827,318.0,81.716,3.0,3.0,0.3333333333333333,1.6224990852958774,2.1673468775856355,0.6537930420571719,0.6213592233009708,5.332718793265369,1.0,0.0,0.0,2.0,0.0,1.0,0.0,0.0
b3056,329.0,90.188,7.0,5.0,0.047619047619047616,1.6214403189941635,306.0,73.442,4.0,3.0,0.16666666666666666,2.1703553942914398,1.1705550585212086,0.6064070150586803,0.5752427184466019,6.023447592961033,0.0,1.0,3.0,5.0,0.0,0.0,0.0,0.0
b3057,378.0,95.697,7.0,6.0,0.42857142857142855,1.2965622194018038,319.0,51.006,0.0,0.0,0.0,0.0,-0.5575202309355514,0.5942378850871575,0.6483516483516484,5.6131281063880705,7.0,0.0,1.0,4.0,0.0,1.0,2.0,1.0
b3058,236.0,61.524,7.0,7.0,0.6190476190476191,1.2846552198655679,206.0,39.031,3.0,3.0,1.0,1.6166819464088262,1.3928727454020795,0.6413813333572016,0.5737704918032787,4.812184355372417,0.0,0.0,2.0,5.0,0.0,0.0,3.0,1.0
b3059,324.0,88.553,13.0,10.0,0.5512820512820513,2.055874245519228,285.0,57.323,2.0,2.0,0.0,1.0737322692422666,0.3979400086720376,0.4887040933529036,0.5853658536585366,5.327876168789581,5.0,0.0,2.0,4.0,0.0,1.0,4.0,0.0
b3060,179.0,51.233,8.0,5.0,0.10714285714285714,1.9692419003264303,144.0,36.381,5.0,4.0,0.0,2.6891068673286473,-0.8664610916297825,0.5656293100363374,0.532258064516129,5.739792912179234,0.0,0.0,0.0,3.0,0.0,0.0,0.0,0.0
b3061,129.0,45.217,23.0,19.0,0.5691699604743083,2.795284338915785,89.0,17.351,3.0,2.0,0.6666666666666666,1.9868887469457996,1.45499721730946,0.5789883805386234,0.6006600660066007,5.717027701406222,0.0,1.0,1.0,4.0,0.0,0.0,2.0,0.0
b3062,108.0,37.816,23.0,19.0,0.5691699604743083,2.795284338915785,82.0,15.948,3.0,2.0,0.6666666666666666,1.9868887469457996,1.4929000111087034,0.7041974352163103,0.6616915422885572,5.308267697401205,0.0,0.0,1.0,3.0,0.0,0.0,2.0,0.0
b3063,151.0,34.98,3.0,3.0,1.0,0.7898861401992072,124.0,24.408,2.0,2.0,1.0,1.5764308562702576,0.5158738437116791,0.5450552372555711,0.6611909650924025,6.1903154058531475,14.0,0.0,0.0,5.0,0.0,1.0,0.0,0.0
b3064,466.0,133.166,5.0,4.0,0.3,1.1466230496427638,439.0,97.634,2.0,2.0,0.0,1.1194163861683815,1.3406423775607053,0.6064229605037366,0.6261127596439169,5.823045895483019,0.0,1.0,1.0,5.0,1.0,0.0,0.0,0.0
b3065,433.0,178.691,102.0,61.0,0.7175305765870704,6.274373730299398,403.0,121.943,33.0,28.0,0.7253787878787878,3.370280121405415,3.8099641944125047,0.6393275820042256,0.4507042253521127,4.276666119016055,0.0,0.0,0.0,4.0,0.0,0.0,1.0,1.0
b3066,623.0,214.601,53.0,21.0,0.2830188679245283,5.055965665835376,559.0,125.889,5.0,3.0,0.0,1.9174718233278458,0.8095597146352678,0.5417426975049723,0.5679862306368331,6.366470447731438,0.0,1.0,1.0,5.0,0.0,0.0,1.0,1.0
b3067,824.0,272.97,56.0,20.0,0.19025974025974027,6.186828212426085,594.0,107.396,6.0,5.0,0.4,1.42234373965966,2.8014105708554515,0.7039822018733103,0.6150081566068516,6.419994928147142,0.0,0.0,0.0,5.0,1.0,0.0,1.0,0.0
b3068,162.0,36.527,2.0,2.0,1.0,0.6830211671790734,148.0,29.448,0.0,0.0,0.0,0.0,2.0969447551769407,0.5420377200290586,0.5476190476190477,5.1298987149230735,0.0,0.0,1.0,4.0,1.0,0.0,1.0,0.0
b3069,0.0,0.0,0.0,0.0,0.0,0.0,0.0,0.0,0.0,0.0,0.0,0.0,0.0,0.0,0.0,0.0,0.0,0.0,0.0,0.0,0.0,0.0,2.0,1.0
b3070,240.0,65.19,11.0,8.0,0.5636363636363636,2.3365916275316883,216.0,54.405,7.0,6.0,0.7142857142857143,2.6431005637970215,1.8987800132898256,0.6099823957814084,0.5826771653543307,5.541263545158426,0.0,0.0,1.0,5.0,1.0,0.0,0.0,0.0
b3071,236.0,51.919,1.0,1.0,0.0,0.5551760064116464,210.0,40.269,1.0,1.0,0.0,0.7695255776555932,1.711891549880579,0.709489385146458,0.5797101449275363,5.337538079701318,0.0,0.0,0.0,5.0,0.0,0.0,0.0,0.0
b3072,323.0,96.078,19.0,13.0,0.5497076023391813,2.1218677466138303,287.0,57.508,7.0,7.0,0.9047619047619048,1.2605102552084102,1.487279816443069,0.6283612718482852,0.616600790513834,6.2285110035911835,2.0,0.0,0.0,4.0,0.0,1.0,2.0,0.0
b3073,326.0,94.066,15.0,7.0,0.2,2.9755649250526766,295.0,57.853,2.0,2.0,1.0,1.0326012263695101,0.9425041061680807,0.5998944290807369,0.6318082788671024,6.131226489483141,0.0,1.0,2.0,5.0,0.0,0.0,4.0,0.0
b3074,265.0,63.404,4.0,3.0,0.16666666666666666,1.2927560985055326,240.0,41.01,1.0,1.0,0.0,0.8970288088350991,0.7581546219673899,0.6341076278844636,0.6272727272727273,4.709530201312334,0.0,0.0,0.0,2.0,0.0,0.0,0.0,0.0
b3075,140.0,38.92,7.0,4.0,0.14285714285714285,1.9255250900807943,121.0,28.529,4.0,1.0,0.0,6.143118441324743,0.3283796034387377,0.6086129067667302,0.5840978593272171,5.793013608384144,0.0,0.0,0.0,3.0,0.0,0.0,0.0,0.0
b3076,194.0,58.605,11.0,7.0,0.4,2.5179114466057015,161.0,37.463,2.0,1.0,0.0,3.2670447409533008,-0.7544873321858502,0.6793654454785878,0.670873786407767,6.93828448401696,0.0,0.0,1.0,4.0,0.0,0.0,3.0,0.0
b3077,55.0,23.516,10.0,7.0,0.4888888888888889,2.15571184591669,21.0,4.422,1.0,1.0,0.0,1.931521162058048,-0.9100948885606021,0.6587926231825362,0.5234899328859061,5.0106352940962555,0.0,0.0,0.0,2.0,0.0,0.0,3.0,0.0
b3078,183.0,46.238,6.0,4.0,0.4,1.7731371445387192,165.0,36.747,3.0,1.0,0.0,4.8214651417529035,0.0,0.5883467633900349,0.6205450733752621,6.169610732491456,13.0,0.0,0.0,2.0,0.0,1.0,0.0,0.0
b3079,33.0,11.908,4.0,4.0,0.16666666666666666,1.3464953688367902,20.0,5.145,1.0,1.0,0.0,1.931521162058048,0.0,0.5861331366458369,0.5730337078651685,5.877735781779639,0.0,0.0,0.0,1.0,0.0,0.0,0.0,0.0
b3080,239.0,62.312,6.0,4.0,0.3333333333333333,1.5641687065404757,227.0,55.062,2.0,1.0,0.0,3.2670447409533008,-0.8961962790440431,0.6538017866559611,0.648786717752235,6.664409020350408,0.0,0.0,1.0,4.0,0.0,0.0,0.0,0.0
b3081,508.0,134.226,19.0,10.0,0.2046783625730994,3.2280354464882284,473.0,82.551,2.0,2.0,0.0,1.1512841050936418,1.4504030861553663,0.5893517368402171,0.6502976190476191,6.511745329644728,0.0,1.0,1.0,5.0,0.0,0.0,0.0,0.0
b3082,225.0,64.364,22.0,21.0,0.9437229437229437,2.896339853852226,176.0,36.229,1.0,1.0,0.0,2.9922202274087373,0.5563025007672873,0.528279633580298,0.4927536231884058,4.9344739331306915,0.0,0.0,0.0,4.0,0.0,0.0,0.0,0.0
b3083,177.0,56.586,24.0,21.0,0.8840579710144928,3.1440336565360147,141.0,30.473,1.0,1.0,0.0,2.9922202274087373,0.30963016742589866,0.5276777363092529,0.38461538461538464,4.653960350157523,0.0,0.0,1.0,4.0,0.0,0.0,0.0,0.0
b3084,288.0,68.207,2.0,2.0,1.0,0.8745113070868284,267.0,55.28,0.0,0.0,0.0,0.0,0.5910646070264992,0.6624529976732408,0.6455026455026455,5.937536205082426,0.0,0.0,1.0,3.0,1.0,0.0,0.0,0.0
b3085,219.0,52.317,1.0,1.0,0.0,1.042065483862477,214.0,50.62,1.0,1.0,0.0,0.6727496851798329,0.19865708695442263,0.603468628719586,0.6227544910179641,5.123963979403259,0.0,0.0,1.0,2.0,0.0,0.0,3.0,1.0
b3086,109.0,23.41,2.0,1.0,0.0,2.614979711387877,103.0,21.1,0.0,0.0,0.0,0.0,0.004321373782642578,0.5571965379226054,0.5521739130434783,5.442417710521793,1.0,0.0,0.0,1.0,0.0,1.0,0.0,0.0
b3087,256.0,67.647,3.0,3.0,0.3333333333333333,1.272248438595354,246.0,50.408,0.0,0.0,0.0,0.0,2.155366406646704,0.6609803247504414,0.6189024390243902,5.796057750765372,0.0,0.0,1.0,2.0,0.0,0.0,0.0,0.0
b3088,126.0,29.465,1.0,1.0,0.0,0.7890686954801566,94.0,17.639,0.0,0.0,0.0,0.0,0.4183012913197454,0.5929514140646226,0.6884735202492211,5.7745515455444085,9.0,0.0,0.0,5.0,0.0,1.0,0.0,0.0
b3089,128.0,33.686,4.0,3.0,0.0,1.4098378174198172,82.0,15.464,0.0,0.0,0.0,0.0,1.8306528137974245,0.5930769574587141,0.6352657004830918,6.028278520230698,8.0,0.0,0.0,5.0,0.0,1.0,0.0,0.0
b3090,260.0,64.221,3.0,3.0,1.0,1.1868745091805322,227.0,49.413,0.0,0.0,0.0,0.0,-0.2620126736665692,0.5506507251127707,0.5683060109289617,5.214935757608986,5.0,0.0,0.0,2.0,0.0,1.0,0.0,0.0
b3091,81.0,29.029,16.0,8.0,0.4583333333333333,2.9880098686247365,63.0,16.179,3.0,3.0,1.0,1.960919956933938,1.0457140589408676,0.6622313763896118,0.6121212121212121,6.206575926724928,0.0,1.0,1.0,4.0,0.0,0.0,3.0,0.0
b3092,120.0,43.675,18.0,8.0,0.27450980392156865,3.8609384668206994,81.0,18.829,5.0,3.0,0.4,2.8049983494751034,2.399691023705375,0.7631641819421782,0.6617021276595745,6.154858094016418,0.0,0.0,1.0,3.0,0.0,0.0,3.0,0.0
b3093,206.0,54.352,7.0,6.0,0.8095238095238095,1.736794548568832,181.0,39.271,1.0,1.0,0.0,1.431250651534593,0.9319661147281726,0.6271583798979725,0.6111111111111112,6.07073772800249,11.0,0.0,0.0,5.0,0.0,1.0,0.0,0.0
b3094,204.0,56.744,10.0,6.0,0.3111111111111111,2.5612695144268858,184.0,41.174,4.0,2.0,0.0,4.5954580300480785,1.413467412985825,0.6535171905650177,0.5775193798449613,5.556828061699537,0.0,0.0,0.0,3.0,0.0,0.0,0.0,0.0
b3095,146.0,39.715,5.0,4.0,0.3,1.6669505029005007,115.0,24.422,2.0,1.0,0.0,2.0279568163288246,0.5820633629117087,0.5625897778982789,0.6136363636363636,5.3981627015177525,5.0,0.0,0.0,4.0,0.0,1.0,0.0,0.0
b3096,78.0,23.706,2.0,2.0,0.0,0.8074508985180966,47.0,10.027,1.0,1.0,0.0,1.3119662244101749,0.0,0.46545323532375127,0.6062992125984252,4.852030263919617,1.0,0.0,0.0,4.0,0.0,1.0,1.0,0.0
b3097,174.0,60.407,16.0,11.0,0.5583333333333333,3.0249337488462453,168.0,58.215,15.0,11.0,0.5904761904761905,4.631547486298632,1.6264430253312947,0.6196993515319554,0.5245901639344263,4.812184355372417,0.0,0.0,0.0,2.0,0.0,0.0,0.0,0.0
b3098,398.0,123.758,26.0,12.0,0.47692307692307695,4.4154539967513635,380.0,116.624,25.0,11.0,0.47333333333333333,7.514533203059256,3.2420467267305946,0.61590055866625,0.5544554455445545,4.624972813284271,1.0,0.0,0.0,4.0,0.0,1.0,0.0,0.0
b3099,110.0,35.94,5.0,4.0,0.8,1.2641905345936673,98.0,29.184,4.0,3.0,0.8333333333333334,1.6072540901690318,1.8319337304667456,0.524921966937599,0.5970149253731343,4.90527477843843,2.0,0.0,0.0,2.0,0.0,1.0,0.0,0.0
b3100,88.0,27.086,3.0,3.0,1.0,0.8957306823683241,58.0,17.656,3.0,3.0,1.0,1.3077043108600575,1.3543005623453597,0.5968943146777594,0.5858585858585859,4.605170185988092,0.0,0.0,0.0,1.0,0.0,0.0,0.0,0.0
b3101,146.0,35.895,5.0,3.0,0.3,2.7292262017558495,127.0,24.89,0.0,0.0,0.0,0.0,0.8549130223078556,0.649473616444997,0.5461538461538461,4.875197323201151,4.0,0.0,0.0,2.0,0.0,1.0,0.0,0.0
b3102,174.0,44.321,1.0,1.0,0.0,2.4962556165751373,166.0,36.098,0.0,0.0,0.0,0.0,2.2528772925637606,0.6598838983225076,0.5609756097560976,5.796057750765372,0.0,0.0,1.0,5.0,0.0,0.0,0.0,0.0
b3103,62.0,15.285,0.0,0.0,0.0,0.0,42.0,8.512,0.0,0.0,0.0,0.0,-0.25103713874383854,0.6025311061412071,0.628099173553719,4.804021044733257,3.0,0.0,0.0,2.0,0.0,1.0,0.0,0.0
b3104,46.0,11.263,1.0,1.0,0.0,1.1759571973000282,38.0,7.083,0.0,0.0,0.0,0.0,-0.08937559511079873,0.5331017842071529,0.4661016949152542,4.77912349311153,3.0,0.0,0.0,2.0,0.0,1.0,0.0,0.0
b3105,224.0,55.765,4.0,3.0,0.3333333333333333,2.422534785589072,191.0,40.941,0.0,0.0,0.0,0.0,1.1961761850399732,0.5643633197315717,0.5973154362416108,5.700443573390687,0.0,0.0,0.0,2.0,0.0,0.0,0.0,0.0
b3106,100.0,26.167,7.0,3.0,0.14285714285714285,3.8421897529022337,84.0,15.925,1.0,1.0,0.0,2.9922202274087373,0.13353890837021754,0.5563645043755839,0.5793991416309013,5.455321115357702,0.0,0.0,0.0,3.0,1.0,0.0,0.0,0.0
b3107,40.0,15.025,2.0,2.0,0.0,1.103329747373373,6.0,1.389,1.0,1.0,0.0,2.9922202274087373,0.0,0.5535260162378002,0.5740740740740741,4.007333185232471,0.0,0.0,0.0,1.0,0.0,0.0,0.0,0.0
b3110,230.0,55.467,3.0,2.0,0.0,1.966870746813433,199.0,42.615,1.0,1.0,0.0,2.9922202274087373,0.35410843914740087,0.5841727798062838,0.6275395033860045,6.095824562432225,11.0,0.0,0.0,4.0,0.0,1.0,0.0,0.0
b3113,82.0,25.146,6.0,5.0,0.6,1.177282586048701,65.0,14.873,4.0,4.0,1.0,2.463509577838718,2.5198411142567365,0.649767448358374,0.6124031007751938,4.867534450455582,0.0,0.0,1.0,4.0,0.0,0.0,0.0,0.0
b3114,225.0,110.395,71.0,23.0,0.3006036217303823,7.949378784386656,115.0,21.255,8.0,4.0,0.21428571428571427,4.618412774284676,2.056942945672877,0.6684891029921105,0.6178010471204188,6.639875833826536,0.0,0.0,2.0,5.0,1.0,0.0,5.0,0.0
b3115,259.0,69.319,11.0,8.0,0.45454545454545453,1.77541067931606,222.0,42.412,6.0,4.0,0.4,3.5105578483202,1.413467412985825,0.5553342196264622,0.4601990049751244,5.998936561946683,0.0,1.0,1.0,4.0,0.0,0.0,2.0,0.0
b3116,210.0,51.773,6.0,5.0,0.5333333333333333,1.4018517784935831,162.0,36.214,4.0,4.0,1.0,2.463509577838718,1.616055194976586,0.6289387611033229,0.6207674943566591,6.095824562432225,11.0,0.0,0.0,5.0,0.0,1.0,0.0,0.0
b3117,247.0,89.134,46.0,15.0,0.26666666666666666,6.034309737796593,210.0,39.0,5.0,4.0,0.6,2.9435396677851036,2.227912401751748,0.6132488351233344,0.44072948328267475,5.799092654460526,0.0,1.0,2.0,5.0,0.0,0.0,6.0,0.0
b3118,255.0,71.562,13.0,5.0,0.10256410256410256,3.288600012870135,231.0,61.812,10.0,4.0,0.1111111111111111,5.357986442651655,1.1075491297446862,0.5106192556457262,0.4166666666666667,5.746203190540153,0.0,0.0,0.0,3.0,0.0,0.0,0.0,0.0
b3119,56.0,19.243,3.0,3.0,0.3333333333333333,1.226983839777659,30.0,7.317,0.0,0.0,0.0,0.0,-1.978810700930062,0.5837113191102026,0.3194444444444444,4.290459441148391,0.0,0.0,0.0,2.0,0.0,0.0,0.0,0.0
b3120,35.0,12.866,4.0,2.0,0.16666666666666666,2.3078745438240778,27.0,8.764,2.0,1.0,0.0,2.7676421852443296,0.0,0.5660074997357663,0.3128491620111732,5.19295685089021,0.0,0.0,0.0,1.0,0.0,0.0,0.0,0.0
b3121,36.0,10.328,1.0,1.0,0.0,0.8709945201705255,25.0,7.199,1.0,1.0,0.0,1.6293442155766047,-1.2218487496163564,0.5011440310509053,0.27848101265822783,5.981414211254481,0.0,0.0,0.0,1.0,0.0,0.0,0.0,0.0
b3124,105.0,32.757,11.0,8.0,0.36363636363636365,1.978475499692517,79.0,18.584,3.0,3.0,0.0,1.8007617168846168,0.09342168516223506,0.606010363054365,0.5354330708661418,5.945420608606575,0.0,0.0,1.0,4.0,0.0,0.0,6.0,0.0
b3125,99.0,32.017,12.0,7.0,0.45454545454545453,2.6728191180548895,78.0,18.495,5.0,4.0,0.6,2.902822691973601,1.842047288509638,0.6192965763851399,0.5510204081632653,5.68697535633982,0.0,0.0,1.0,4.0,0.0,0.0,2.0,0.0
b3126,99.0,30.653,11.0,6.0,0.36363636363636365,2.653994046552872,82.0,20.678,6.0,4.0,0.6,3.3094957095931643,0.631443769013172,0.6296811061851929,0.55859375,5.54907608489522,0.0,1.0,1.0,5.0,0.0,0.0,2.0,0.0
b3127,119.0,33.298,8.0,5.0,0.35714285714285715,2.622675675668698,102.0,26.663,6.0,4.0,0.6,3.5725762469980653,-0.8326826652518239,0.6016866252980794,0.6373873873873874,6.09807428216624,12.0,0.0,0.0,4.0,0.0,1.0,0.0,0.0
b3128,81.0,24.551,7.0,5.0,0.5714285714285714,1.9855361405400191,75.0,22.237,7.0,4.0,0.5238095238095238,3.9482503298641336,0.8401060944567578,0.6047694065662509,0.5602294455066922,6.261491684321042,0.0,1.0,1.0,4.0,0.0,0.0,2.0,0.0
b3129,205.0,57.312,21.0,21.0,1.0,2.779299744746477,164.0,32.629,1.0,1.0,0.0,2.9922202274087373,1.4117880045438689,0.5443164720670092,0.4594594594594595,4.718498871295094,0.0,0.0,0.0,5.0,1.0,0.0,0.0,0.0
b3130,166.0,49.639,22.0,21.0,0.9653679653679653,2.906359376667287,131.0,25.3,1.0,1.0,0.0,2.9922202274087373,0.22271647114758325,0.5081972324903721,0.4025974025974026,5.043425116919247,0.0,0.0,1.0,5.0,0.0,0.0,0.0,0.0
b3131,117.0,31.789,2.0,2.0,1.0,0.7560715986479865,83.0,17.373,0.0,0.0,0.0,0.0,0.5943925503754267,0.5908458046436128,0.5613382899628253,5.598421958998375,0.0,0.0,0.0,3.0,0.0,0.0,0.0,0.0
b3132,160.0,41.731,10.0,7.0,0.4666666666666667,2.1626687645568214,140.0,30.124,2.0,2.0,1.0,1.3308528926479666,1.3406423775607053,0.6393936877738132,0.5985915492957746,6.056784013228625,0.0,0.0,0.0,3.0,0.0,0.0,2.0,0.0
b3133,84.0,26.679,8.0,7.0,0.5357142857142857,1.7550550546655155,74.0,21.155,7.0,5.0,0.5238095238095238,3.6306868684335543,1.2229764498933913,0.5727465720646905,0.535031847133758,5.062595033026967,0.0,0.0,1.0,3.0,1.0,0.0,4.0,0.0
b3134,0.0,0.0,0.0,0.0,0.0,0.0,0.0,0.0,0.0,0.0,0.0,0.0,0.0,0.0,0.0,4.897839799950911,4.0,0.0,0.0,3.0,0.0,1.0,0.0,0.0
b3135,0.0,0.0,0.0,0.0,0.0,0.0,0.0,0.0,0.0,0.0,0.0,0.0,0.0,0.0,0.0,5.123963979403259,0.0,0.0,1.0,2.0,0.0,0.0,0.0,0.0
b3136,196.0,56.015,9.0,7.0,0.4166666666666667,2.0877486727794734,149.0,39.941,8.0,5.0,0.2857142857142857,4.1540975688426345,0.06069784035361165,0.6237278733170036,0.6380208333333334,5.953243334287785,0.0,0.0,1.0,3.0,0.0,0.0,2.0,0.0
b3137,271.0,76.189,15.0,7.0,0.3238095238095238,2.893363152889594,259.0,46.339,3.0,3.0,0.0,1.9873112448362569,0.10037054511756291,0.6345358505025117,0.5594405594405595,5.659482215759621,0.0,1.0,1.0,5.0,0.0,0.0,2.0,0.0
b3138,90.0,29.892,10.0,7.0,0.4444444444444444,2.0546347252292168,75.0,21.372,7.0,5.0,0.5714285714285714,3.5716131116373617,-0.42596873227228116,0.6384186581629571,0.4620253164556962,5.0689042022202315,0.0,0.0,1.0,3.0,1.0,0.0,4.0,0.0
b3139,101.0,33.864,10.0,7.0,0.5777777777777777,2.09165284876784,79.0,24.576,8.0,5.0,0.6071428571428571,4.018310681275391,0.0,0.5382272737470676,0.5655430711610487,5.5909869805108565,7.0,0.0,0.0,3.0,0.0,1.0,4.0,0.0
b3140,105.0,34.618,10.0,7.0,0.5777777777777777,2.0868455263890247,85.0,24.019,8.0,5.0,0.6071428571428571,3.992230657333393,0.0,0.6226972230405279,0.6349809885931559,5.575949103146316,6.0,0.0,0.0,3.0,0.0,1.0,4.0,0.0
b3141,175.0,47.798,8.0,7.0,0.39285714285714285,1.6477787337305867,140.0,25.178,4.0,3.0,0.5,2.382134481751969,-1.2518119729937995,0.5652988689884073,0.5298804780876494,5.529429087511423,0.0,0.0,1.0,3.0,0.0,0.0,0.0,0.0
b3142,67.0,20.952,1.0,1.0,0.0,0.697413565512869,31.0,6.358,0.0,0.0,0.0,0.0,-0.7721132953863264,0.5344111364071742,0.39690721649484534,5.272999558563747,0.0,0.0,0.0,3.0,0.0,0.0,0.0,0.0
b3143,254.0,67.457,10.0,9.0,0.17777777777777778,2.476418016765634,240.0,59.391,10.0,9.0,0.17777777777777778,4.00212265326723,-0.6536470255493614,0.5100726494668943,0.38961038961038963,5.44673737166631,0.0,0.0,0.0,3.0,0.0,0.0,1.0,0.0
b3144,253.0,66.536,12.0,9.0,0.16666666666666666,2.8639338349061445,233.0,57.314,12.0,9.0,0.15151515151515152,4.701232178780424,-0.08512818245994956,0.5607755475667825,0.4797136038186158,6.732210706467206,0.0,0.0,0.0,3.0,0.0,1.0,1.0,0.0
b3145,20.0,9.322,5.0,4.0,0.1,1.8915840497854965,8.0,2.475,2.0,2.0,1.0,1.1218373918035258,0.8419848045901139,0.5022457953325066,0.4820936639118457,5.8971538676367405,0.0,0.0,0.0,3.0,0.0,0.0,0.0,0.0
b3146,365.0,96.622,8.0,7.0,0.21428571428571427,1.5483961647175466,328.0,67.538,1.0,1.0,0.0,1.17244145205179,1.9484618700612835,0.6181467147579045,0.5629370629370629,5.659482215759621,0.0,0.0,1.0,3.0,1.0,0.0,0.0,0.0
b3147,470.0,141.564,16.0,10.0,0.25833333333333336,2.6610965790639076,424.0,115.901,9.0,5.0,0.19444444444444445,4.103050869188291,1.8797264966395772,0.6010932442270103,0.5648967551622419,6.520621127558696,0.0,0.0,0.0,5.0,0.0,1.0,0.0,0.0
b3148,275.0,60.81,5.0,4.0,0.4,1.2996430768251266,263.0,58.241,5.0,3.0,0.4,2.730979209104648,-0.07468790850035051,0.5715159710118355,0.5572519083969466,4.882801922586371,0.0,0.0,0.0,2.0,0.0,0.0,0.0,0.0
b3149,133.0,44.245,10.0,8.0,0.2222222222222222,1.871560197666711,108.0,22.12,7.0,4.0,0.38095238095238093,3.542890329880472,1.5417040232842882,0.5424130213846762,0.4846938775510204,5.2832037287379885,0.0,0.0,0.0,5.0,0.0,0.0,0.0,0.0
b3150,265.0,69.831,4.0,4.0,0.5,1.004449556394219,239.0,54.741,3.0,3.0,1.0,1.7322320165392473,2.330434067009712,0.5707599785484802,0.581151832460733,5.2574953720277815,0.0,0.0,0.0,5.0,0.0,1.0,0.0,0.0
b3151,197.0,44.705,3.0,2.0,0.0,1.4663183004856941,193.0,43.299,0.0,0.0,0.0,0.0,-0.2358238676096693,0.5392111312968444,0.6589595375722543,5.849324779946859,9.0,0.0,0.0,2.0,0.0,1.0,0.0,0.0
b3152,253.0,69.32,12.0,10.0,0.6818181818181818,2.0384471868932157,228.0,45.677,1.0,1.0,0.0,0.6580611210203051,1.0534626049254554,0.5221938161518328,0.6113744075829384,5.356586274672012,0.0,0.0,0.0,1.0,0.0,0.0,0.0,0.0
b3153,225.0,63.019,8.0,6.0,0.17857142857142858,1.5940058218619997,210.0,48.485,2.0,2.0,0.0,1.7409810876095317,2.161397952545797,0.6806379038018927,0.5174418604651163,5.153291594497779,0.0,0.0,3.0,5.0,1.0,0.0,0.0,0.0
b3154,215.0,47.521,0.0,0.0,0.0,0.0,214.0,47.646,0.0,0.0,0.0,0.0,0.42488163663106693,0.5876802967036037,0.6122448979591837,4.997212273764115,0.0,0.0,0.0,1.0,0.0,0.0,0.0,0.0
b3155,114.0,25.087,1.0,1.0,0.0,0.48426060741394666,103.0,19.918,0.0,0.0,0.0,0.0,1.1961761850399732,0.5639746997268588,0.58,4.61512051684126,0.0,0.0,0.0,2.0,0.0,0.0,0.0,0.0
b3156,172.0,46.13,10.0,7.0,0.6,2.6380413570678383,156.0,31.668,1.0,1.0,0.0,1.4981340086110684,2.6170108311990847,0.6788041330946081,0.5508982035928144,5.123963979403259,0.0,0.0,1.0,3.0,0.0,0.0,0.0,0.0
b3157,212.0,50.749,3.0,2.0,0.3333333333333333,1.6412312742934456,194.0,43.365,3.0,2.0,0.3333333333333333,3.692875745964288,-0.02090709936167361,0.6242808472120851,0.5689655172413793,5.1647859739235145,0.0,0.0,0.0,3.0,0.0,0.0,4.0,1.0
b3158,116.0,31.048,2.0,2.0,1.0,1.3199551526930497,93.0,22.119,2.0,2.0,1.0,2.4328368211289546,0.38381536598043126,0.6008064155552117,0.6253776435045317,5.805134968916488,0.0,1.0,1.0,5.0,0.0,0.0,4.0,1.0
b3159,184.0,47.266,5.0,2.0,0.1,2.7716672961517443,166.0,39.325,3.0,2.0,0.3333333333333333,3.2932891503795876,-0.5058454059815573,0.627436991796988,0.6712328767123288,5.680172609017068,0.0,1.0,1.0,5.0,0.0,0.0,4.0,1.0
b3160,128.0,29.122,1.0,1.0,0.0,0.5485833334071784,108.0,20.662,0.0,0.0,0.0,0.0,1.2432861460834461,0.5904451678170164,0.6298507462686567,5.817111159963204,0.0,0.0,0.0,1.0,0.0,0.0,0.0,0.0
b3161,246.0,62.215,6.0,5.0,0.4,1.209958864038875,200.0,42.348,1.0,1.0,0.0,0.8163268884878646,1.7364761820276968,0.6071726261346954,0.6400966183574879,6.028278520230698,11.0,0.0,0.0,4.0,0.0,1.0,0.0,0.0
b3162,287.0,87.5,6.0,5.0,0.2,1.1996330949202518,270.0,44.342,1.0,1.0,0.0,2.9922202274087373,1.8338480495311482,0.6938861762236362,0.5166931637519873,6.4457198193855785,0.0,0.0,1.0,5.0,1.0,0.0,1.0,0.0
b3163,404.0,123.247,16.0,11.0,0.36666666666666664,2.5680776498221998,349.0,94.614,12.0,8.0,0.6060606060606061,3.8017778761586327,1.3998467127129224,0.49423260955283055,0.5204081632653061,5.68697535633982,0.0,0.0,0.0,5.0,0.0,1.0,0.0,0.0
b3164,554.0,207.481,64.0,36.0,0.36755952380952384,5.8063146685641795,501.0,146.533,33.0,27.0,0.6496212121212122,4.050118459954645,3.1007185306076566,0.6566797782876305,0.5527426160337553,6.568077911411976,0.0,1.0,1.0,5.0,1.0,1.0,1.0,0.0
b3165,586.0,251.396,129.0,61.0,0.5375484496124031,8.4708864140955,540.0,166.546,70.0,51.0,0.705175983436853,6.7288869215494955,3.5600274449852796,0.6314643219647609,0.5056179775280899,4.499809670330265,0.0,0.0,0.0,5.0,0.0,0.0,1.0,1.0
b3166,539.0,175.035,34.0,15.0,0.2014260249554367,4.425402386384885,522.0,132.324,9.0,7.0,0.2777777777777778,2.194948143179261,1.1525940779274697,0.6451455503065509,0.5159235668789809,5.752572638825633,0.0,0.0,1.0,5.0,0.0,0.0,0.0,0.0
b3167,421.0,141.563,39.0,31.0,0.6734143049932524,3.728654136449276,393.0,94.477,9.0,8.0,0.6111111111111112,1.396175817572914,2.713498943292817,0.6827118357362829,0.6390977443609023,4.897839799950911,0.0,0.0,0.0,5.0,1.0,0.0,0.0,0.0
b3168,774.0,289.595,96.0,59.0,0.5835526315789473,6.475147152410757,740.0,193.794,35.0,27.0,0.6386554621848739,4.416743509039539,2.922730646665752,0.6682421097007134,0.5426997245179064,6.792344427470809,0.0,0.0,0.0,5.0,1.0,0.0,0.0,0.0
b3169,454.0,184.749,81.0,61.0,0.7089506172839506,5.325152316889549,443.0,163.387,55.0,43.0,0.6612794612794612,6.337042976030036,2.9425090638393487,0.6548670746000527,0.5474747474747474,6.206575926724928,0.0,0.0,0.0,5.0,1.0,0.0,0.0,0.0
b3170,434.0,144.261,35.0,28.0,0.7176470588235294,2.557525597713979,413.0,114.548,12.0,8.0,0.3484848484848485,2.02756533686184,1.8927066378056656,0.5992972070254574,0.48,5.017279836814924,0.0,0.0,0.0,4.0,1.0,0.0,0.0,0.0
b3171,0.0,0.0,0.0,0.0,0.0,0.0,0.0,0.0,0.0,0.0,0.0,0.0,0.0,0.0,0.0,0.0,0.0,0.0,0.0,0.0,0.0,0.0,2.0,1.0
b3172,454.0,130.872,32.0,15.0,0.3870967741935484,4.14595659955676,395.0,77.043,13.0,7.0,0.48717948717948717,4.232303520767524,2.81889200474859,0.6734516083149844,0.5816554809843401,6.104793232414985,0.0,0.0,1.0,5.0,1.0,0.0,5.0,0.0
b3173,176.0,42.146,1.0,1.0,0.0,0.6023392186767739,156.0,34.355,0.0,0.0,0.0,0.0,-0.8356471442155629,0.4672489400093664,0.4214417744916821,6.295266001439646,4.0,0.0,1.0,3.0,0.0,1.0,0.0,0.0
b3174,0.0,0.0,0.0,0.0,0.0,0.0,0.0,0.0,0.0,0.0,0.0,0.0,0.0,0.0,0.0,0.0,0.0,0.0,0.0,0.0,0.0,0.0,1.0,1.0
b3175,469.0,152.559,48.0,40.0,0.7668439716312057,3.243369670269736,440.0,108.875,8.0,8.0,0.9642857142857143,1.1349190654987087,2.4927743532551276,0.5472745965433168,0.509090909090909,4.709530201312334,2.0,0.0,0.0,5.0,0.0,1.0,3.0,1.0
b3176,442.0,120.874,14.0,10.0,0.23076923076923078,2.024146906447271,397.0,76.371,4.0,4.0,0.16666666666666666,1.9210736548291423,2.6981092488324143,0.6343879540506564,0.5595505617977528,6.100318952020064,0.0,1.0,1.0,5.0,0.0,0.0,3.0,0.0
b3177,348.0,98.394,17.0,10.0,0.22794117647058823,2.535504356412811,303.0,57.481,7.0,4.0,0.38095238095238093,3.17494522707124,1.5251744278352715,0.5621844575750756,0.5425531914893617,5.645446897643238,0.0,1.0,1.0,5.0,0.0,0.0,3.0,1.0
b3178,757.0,252.062,61.0,27.0,0.26939890710382514,6.1101043671249835,657.0,125.646,7.0,4.0,0.09523809523809523,2.7939025701478655,2.644448437303621,0.6428402307987466,0.5729813664596274,6.4692503167957724,2.0,1.0,1.0,5.0,0.0,1.0,0.0,0.0
b3179,378.0,125.383,24.0,15.0,0.213768115942029,2.8285490853565873,328.0,76.84,5.0,4.0,0.3,2.1666171084157333,1.6749529480485652,0.5510984609518808,0.49282296650717705,5.3471075307174685,0.0,1.0,1.0,5.0,1.0,0.0,0.0,0.0
b3180,258.0,66.828,5.0,4.0,0.2,0.9593281147907698,230.0,46.895,1.0,1.0,0.0,0.8684773428974437,2.8791016165094967,0.6304399123379231,0.5154639175257731,4.584967478670572,0.0,0.0,0.0,3.0,1.0,0.0,0.0,0.0
b3181,338.0,97.034,13.0,11.0,0.6282051282051282,1.5137495588806589,316.0,67.92,1.0,1.0,0.0,0.9537033608091137,2.8959802506782863,0.6385984578662498,0.4873417721518987,5.0689042022202315,0.0,0.0,0.0,3.0,0.0,0.0,0.0,0.0
b3182,307.0,89.51,23.0,10.0,0.4031620553359684,3.612988467626868,266.0,54.036,0.0,0.0,0.0,0.0,0.5921767573958667,0.5541006744185064,0.5681341719077568,6.169610732491456,0.0,0.0,2.0,5.0,0.0,0.0,2.0,1.0
b3183,460.0,163.295,54.0,38.0,0.5842068483577918,4.216791500880294,414.0,101.191,7.0,6.0,0.47619047619047616,1.7287929715838373,2.5276427877567538,0.6700143610677575,0.5743589743589743,5.968707559985366,0.0,1.0,1.0,5.0,1.0,0.0,0.0,0.0
b3184,278.0,64.04,1.0,1.0,0.0,0.440074938474845,260.0,57.965,1.0,1.0,0.0,0.6583391343431562,-0.9030899869919435,0.5104150675850162,0.616822429906542,5.7745515455444085,10.0,0.0,0.0,3.0,0.0,1.0,0.0,0.0
b3185,510.0,223.963,117.0,61.0,0.6464780430297672,7.24363307525342,481.0,159.046,67.0,51.0,0.8082315694255993,6.302850625167752,3.321600501487978,0.6173903706507211,0.43529411764705883,4.454347296253507,0.0,0.0,0.0,5.0,0.0,0.0,1.0,1.0
b3186,528.0,237.488,124.0,61.0,0.5903488067138736,7.934783251899305,497.0,175.896,84.0,51.0,0.6176133103843947,8.842810444023094,3.3586980010341048,0.6488726514680421,0.4563106796116505,4.6443908991413725,0.0,0.0,0.0,4.0,0.0,0.0,1.0,1.0
b3187,426.0,109.71,4.0,4.0,0.16666666666666666,0.9997381693370534,412.0,90.335,1.0,1.0,0.0,0.7074934905891427,1.6731131042382337,0.583551626900502,0.5510835913312694,5.780743515792329,0.0,1.0,1.0,5.0,0.0,0.0,2.0,0.0
b3188,270.0,64.52,1.0,1.0,0.0,0.8145462019687484,240.0,53.57,0.0,0.0,0.0,0.0,-1.0362121726544447,0.526929345566811,0.5543478260869565,4.532599493153256,0.0,0.0,0.0,2.0,0.0,0.0,0.0,0.0
b3189,597.0,189.105,33.0,15.0,0.29545454545454547,4.1993779854644595,550.0,127.758,12.0,8.0,0.4090909090909091,3.6480759674999073,2.247997802080121,0.6318840883271325,0.522673031026253,6.040254711277414,0.0,0.0,1.0,5.0,1.0,0.0,4.0,1.0
b3190,300.0,80.078,7.0,6.0,0.3333333333333333,1.6201277088738266,286.0,71.993,5.0,5.0,0.6,2.2606187200451213,2.4014177743476224,0.6647828743159587,0.6071428571428571,4.442651256490317,0.0,0.0,0.0,4.0,0.0,0.0,0.0,0.0
b3191,77.0,24.735,6.0,6.0,0.8666666666666667,1.4708506232334946,46.0,14.474,5.0,5.0,0.9,2.286587313643891,2.320167065254232,0.540894813732758,0.6288659793814433,4.584967478670572,0.0,0.0,0.0,5.0,1.0,0.0,1.0,0.0
b3192,318.0,88.486,11.0,6.0,0.36363636363636365,2.2919291944573006,301.0,81.202,7.0,5.0,0.47619047619047616,3.1136183485840676,2.8149198319819124,0.6767893023613119,0.5971563981042654,5.356586274672012,0.0,0.0,0.0,4.0,0.0,0.0,1.0,0.0
b3193,255.0,67.009,9.0,6.0,0.4166666666666667,2.227639836691083,237.0,55.737,6.0,5.0,0.6666666666666666,2.799363653603065,2.1399105558756824,0.6351618784040688,0.4972677595628415,5.214935757608986,1.0,0.0,0.0,5.0,0.0,1.0,1.0,0.0
b3194,418.0,129.551,7.0,6.0,0.6190476190476191,1.5853628105688677,257.0,55.652,5.0,5.0,0.9,2.286587313643891,1.0174507295105362,0.5092870568388556,0.65,5.564520407322694,5.0,0.0,0.0,5.0,0.0,1.0,1.0,0.0
b3195,277.0,74.411,11.0,6.0,0.18181818181818182,1.9999024937802654,253.0,65.207,9.0,5.0,0.16666666666666666,3.0572728881249414,1.7308629920464937,0.5482149078361304,0.5836431226765799,5.598421958998375,0.0,0.0,1.0,5.0,1.0,1.0,1.0,0.0
b3196,170.0,44.524,5.0,5.0,1.0,0.9917336191874367,164.0,38.866,5.0,5.0,1.0,1.9326194463318327,0.4132997640812518,0.4769505599432262,0.56,5.786897381366708,10.0,0.0,0.0,2.0,0.0,1.0,0.0,0.0
b3197,663.0,177.202,17.0,11.0,0.4264705882352941,2.7740575907077827,618.0,137.517,14.0,8.0,0.4835164835164835,5.0007977448111784,1.9484618700612835,0.5715434359044791,0.5274390243902439,5.796057750765372,0.0,0.0,1.0,5.0,0.0,0.0,3.0,0.0
b3198,209.0,59.837,15.0,11.0,0.580952380952381,2.2981128892207554,190.0,50.093,9.0,7.0,0.5,3.1970623511969802,1.9410639882199021,0.5916765574289893,0.5425531914893617,5.241747015059643,0.0,1.0,1.0,4.0,0.0,0.0,3.0,0.0
b3199,485.0,159.593,40.0,13.0,0.16538461538461538,5.817818736827151,462.0,147.557,34.0,8.0,0.14616755793226383,11.819904797786355,1.238297067875394,0.5315440216566132,0.5340314136125655,5.2574953720277815,1.0,0.0,0.0,5.0,0.0,1.0,0.0,0.0
b3200,439.0,123.616,16.0,11.0,0.36666666666666664,2.372685807799635,393.0,97.007,7.0,6.0,0.6666666666666666,2.5587184158210157,2.2122142474199413,0.6361535972469551,0.5945945945945946,5.225746673713202,0.0,0.0,0.0,5.0,0.0,1.0,0.0,0.0
b3201,467.0,196.246,56.0,32.0,0.37532467532467534,6.511108152755015,363.0,81.176,15.0,8.0,0.22857142857142856,4.7821599224625215,2.4014177743476224,0.5927953903750349,0.5892116182572614,5.488937726156687,0.0,0.0,1.0,5.0,1.0,1.0,1.0,0.0
b3202,590.0,196.852,60.0,16.0,0.1384180790960452,7.787826474122088,460.0,112.031,34.0,14.0,0.17825311942959002,12.3164311323216,1.6325585145326718,0.5986607845066398,0.6121593291404612,6.169610732491456,0.0,0.0,0.0,4.0,0.0,0.0,2.0,0.0
b3203,245.0,104.809,56.0,51.0,0.8506493506493507,3.775397870502966,205.0,41.183,3.0,3.0,0.6666666666666666,1.464176067343298,3.186111209084002,0.6301999616572543,0.49473684210526314,4.564348191467836,0.0,0.0,0.0,5.0,0.0,0.0,0.0,0.0
b3204,242.0,84.871,24.0,16.0,0.4057971014492754,3.1321339638499293,236.0,80.464,22.0,14.0,0.49783549783549785,5.969699955575107,2.496943478887436,0.6110833358625767,0.5398773006134969,5.099866427824199,0.0,0.0,0.0,4.0,1.0,0.0,1.0,0.0
b3205,276.0,73.492,10.0,9.0,0.26666666666666666,1.819110267422341,247.0,58.283,4.0,3.0,0.3333333333333333,2.2414668706373035,1.8176314671905154,0.5891167906262217,0.5563380281690141,5.652489180268651,0.0,0.0,0.0,5.0,0.0,0.0,0.0,0.0
b3206,216.0,57.069,10.0,9.0,0.4222222222222222,1.7579586556388271,174.0,40.003,7.0,5.0,0.23809523809523808,2.974906712153427,1.2229764498933913,0.5539528967008888,0.5,4.51085950651685,0.0,0.0,0.0,3.0,1.0,0.0,1.0,0.0
b3207,559.0,148.314,7.0,6.0,0.09523809523809523,1.5365502881955693,376.0,80.715,2.0,2.0,0.0,1.1897420320895145,-0.017728766960431602,0.5801006344147496,0.5428571428571428,5.351858133476067,0.0,0.0,0.0,1.0,0.0,0.0,0.0,0.0
b3208,236.0,67.453,13.0,10.0,0.7307692307692307,1.9714168271010157,201.0,41.57,1.0,1.0,0.0,2.9922202274087373,0.3521825181113625,0.5213389536697899,0.5454545454545454,5.493061443340548,1.0,0.0,1.0,5.0,0.0,1.0,2.0,1.0
b3209,151.0,36.907,4.0,4.0,0.5,0.9010358422752621,115.0,22.031,1.0,1.0,0.0,2.9922202274087373,2.6273760992663315,0.6330851873709983,0.543778801843318,5.384495062789089,0.0,0.0,1.0,4.0,0.0,0.0,0.0,0.0
b3210,1309.0,400.868,59.0,15.0,0.11104617182933957,8.290696599099975,1159.0,230.316,6.0,5.0,0.26666666666666666,1.6280624119395062,1.6885088076565211,0.6357956018121776,0.5732647814910026,6.658011045870748,2.0,0.0,1.0,5.0,0.0,1.0,2.0,0.0
b3211,147.0,36.126,2.0,2.0,0.0,1.4612986743398637,120.0,24.142,0.0,0.0,0.0,0.0,-0.18708664335714442,0.6309931141567743,0.6019417475728155,5.736572297479192,0.0,1.0,0.0,3.0,0.0,0.0,0.0,0.0
b3212,1307.0,442.716,67.0,18.0,0.14473089099954772,8.275086715039041,1030.0,209.049,14.0,5.0,0.0,5.800976751584912,2.540341990301657,0.6612277541003871,0.6561238223418573,7.304515946460155,0.0,1.0,1.0,5.0,0.0,0.0,6.0,0.0
b3213,206.0,75.266,39.0,15.0,0.34547908232118757,4.762900717194355,158.0,28.623,4.0,4.0,0.0,1.5661014473770998,2.5797950252685893,0.709729123812178,0.6440677966101694,6.159095388491933,0.0,1.0,1.0,5.0,0.0,0.0,6.0,0.0
b3214,47.0,15.699,6.0,4.0,0.13333333333333333,1.5880937678829705,10.0,1.848,0.0,0.0,0.0,0.0,-0.530177984021837,0.4914220707186623,0.38976377952755903,5.541263545158426,1.0,0.0,0.0,2.0,0.0,1.0,0.0,0.0
b3215,40.0,14.126,4.0,3.0,0.3333333333333333,1.501682157652959,33.0,9.107,1.0,1.0,0.0,0.812855301742283,-0.6655462488490691,0.49161550244701474,0.35267857142857145,5.41610040220442,0.0,0.0,0.0,2.0,0.0,0.0,0.0,0.0
b3216,236.0,64.722,15.0,9.0,0.02857142857142857,4.174827960552019,220.0,55.932,12.0,9.0,0.015151515151515152,5.139038998562432,-1.0,0.5230749944315468,0.41740226986128626,6.677083461247136,0.0,0.0,0.0,2.0,0.0,1.0,0.0,0.0
b3218,42.0,18.328,5.0,5.0,1.0,2.5232586621961812,19.0,8.467,5.0,5.0,1.0,3.1451260454927996,-0.22257317761068865,0.6013635961704563,0.7116564417177914,5.7899601708972535,0.0,0.0,0.0,2.0,0.0,0.0,0.0,0.0
b3219,38.0,15.721,6.0,3.0,0.06666666666666667,2.9961761597260965,14.0,2.886,0.0,0.0,0.0,0.0,0.0,0.4778043710748392,0.36554621848739494,5.476463551931511,0.0,0.0,0.0,1.0,0.0,0.0,0.0,0.0
b3220,208.0,52.195,2.0,2.0,0.0,1.4314098191471956,178.0,39.028,0.0,0.0,0.0,0.0,0.7958800173440752,0.4997664806059542,0.5013333333333333,5.929589143389895,0.0,0.0,1.0,2.0,0.0,0.0,0.0,0.0
b3221,135.0,36.281,9.0,6.0,0.7222222222222222,2.1453752140767044,126.0,28.502,3.0,3.0,1.0,2.1191397368067153,1.708505880955237,0.5269616506890383,0.5064935064935064,5.043425116919247,0.0,1.0,0.0,5.0,1.0,0.0,0.0,0.0
b3222,154.0,40.44,10.0,7.0,0.6,2.198297315385114,125.0,24.052,5.0,3.0,0.5,3.2102459719834773,0.72916478969277,0.5251439403321816,0.5601374570446735,5.676753802268282,0.0,0.0,1.0,5.0,0.0,0.0,3.0,0.0
b3223,163.0,48.381,13.0,7.0,0.46153846153846156,2.7609818631795635,140.0,32.471,4.0,3.0,0.8333333333333334,2.739006436955097,1.4929000111087034,0.6010702854071668,0.6026200873362445,5.438079308923196,0.0,0.0,1.0,5.0,0.0,0.0,2.0,0.0
b3224,226.0,57.387,11.0,7.0,0.6363636363636364,2.436989509775258,204.0,46.784,3.0,3.0,1.0,2.1191397368067153,0.12710479836480765,0.5834133597789398,0.6129032258064516,6.208590026096629,12.0,0.0,0.0,5.0,0.0,1.0,0.0,0.0
b3225,262.0,69.804,12.0,7.0,0.5303030303030303,2.5852911918296346,244.0,53.379,5.0,3.0,0.5,3.1729610458853523,1.9912703891950998,0.6208097653590218,0.5622895622895623,5.697093486505405,0.0,0.0,1.0,5.0,1.0,0.0,2.0,0.0
b3226,211.0,58.312,11.0,7.0,0.34545454545454546,2.435626537715305,187.0,39.046,1.0,1.0,0.0,1.431250651534593,1.2674064187529042,0.6062028212028084,0.5361216730038023,5.575949103146316,0.0,0.0,0.0,5.0,0.0,0.0,0.0,0.0
b3227,200.0,47.238,1.0,1.0,0.0,0.5939399753400267,166.0,35.952,0.0,0.0,0.0,0.0,-0.4609239012072234,0.556968198380233,0.6197802197802198,6.1224928095143865,10.0,0.0,0.0,3.0,0.0,1.0,0.0,0.0
b3228,351.0,108.334,15.0,11.0,0.1523809523809524,2.1281919449032287,324.0,93.649,10.0,5.0,0.13333333333333333,4.50329854114612,2.3117750456357395,0.5773271675427464,0.5393939393939394,5.111987788356544,0.0,0.0,0.0,5.0,0.0,0.0,0.0,0.0
b3229,398.0,107.828,7.0,7.0,0.47619047619047616,0.9339042921072599,358.0,81.991,1.0,1.0,0.0,0.8321166234776967,3.008178445952952,0.6516698057149964,0.5943396226415094,5.3612921657094255,0.0,0.0,0.0,4.0,0.0,0.0,0.0,0.0
b3230,461.0,213.631,113.0,61.0,0.6597661188369153,7.020197928692185,438.0,155.614,67.0,51.0,0.8272274988692899,6.053806247692488,3.469970681183274,0.6456252736839414,0.49230769230769234,4.875197323201151,0.0,0.0,0.0,5.0,0.0,0.0,1.0,1.0
b3231,554.0,263.656,140.0,61.0,0.5131551901336074,9.074891413378587,527.0,187.606,99.0,51.0,0.531230674087817,10.693032771497165,3.553155763317567,0.6359534275214493,0.5070422535211268,4.962844630259907,0.0,0.0,0.0,5.0,0.0,0.0,1.0,1.0
b3232,199.0,50.945,6.0,6.0,0.4,1.02326675976091,176.0,40.428,3.0,3.0,1.0,1.1345222250929077,1.2407987711173312,0.5657191319413097,0.5413333333333333,5.929589143389895,0.0,0.0,0.0,5.0,1.0,0.0,0.0,0.0
b3233,334.0,100.724,17.0,11.0,0.5661764705882353,2.513436779355632,297.0,86.948,16.0,8.0,0.525,5.6778945710038355,2.8756457198482495,0.6512435059502066,0.5909090909090909,4.890349128221754,1.0,0.0,0.0,4.0,0.0,1.0,0.0,0.0
b3234,395.0,96.996,2.0,2.0,0.0,0.5661300122807299,332.0,63.882,0.0,0.0,0.0,0.0,2.6344873464819325,0.5644673851651899,0.5472527472527473,6.1224928095143865,0.0,0.0,1.0,5.0,0.0,0.0,0.0,0.0
b3235,432.0,110.215,5.0,5.0,0.6,1.0173053568722277,374.0,73.458,0.0,0.0,0.0,0.0,0.9726655922661109,0.612093519289085,0.5746478873239437,5.87493073085203,1.0,0.0,1.0,5.0,0.0,1.0,0.0,0.0
b3236,857.0,278.154,83.0,22.0,0.21774904496032912,8.681087679623337,761.0,136.184,12.0,8.0,0.12121212121212122,4.272377251248945,3.8564878172301387,0.6364847330705219,0.4967948717948718,5.746203190540153,0.0,0.0,1.0,5.0,0.0,0.0,12.0,1.0
b3237,415.0,123.276,19.0,11.0,0.1871345029239766,2.789188958517263,324.0,70.03,9.0,7.0,0.4444444444444444,3.0498011273924566,1.5025636691073634,0.5441115972055649,0.532051282051282,5.056245805348308,0.0,0.0,0.0,5.0,1.0,0.0,0.0,0.0
b3238,76.0,23.473,1.0,1.0,0.0,0.8487503941846738,15.0,1.613,0.0,0.0,0.0,0.0,0.3856062735983121,0.48387576438280666,0.42528735632183906,4.477336814478207,0.0,0.0,0.0,2.0,0.0,0.0,0.0,0.0
b3239,105.0,31.343,2.0,2.0,0.0,0.7574713696045104,92.0,26.078,2.0,2.0,0.0,1.1002037083562632,0.8943160626844384,0.6046689426532605,0.4111111111111111,4.51085950651685,0.0,0.0,0.0,1.0,0.0,0.0,0.0,0.0
b3240,355.0,90.855,7.0,4.0,0.23809523809523808,1.949386391114079,330.0,82.215,5.0,2.0,0.2,3.8265479885845175,-0.021363051615525673,0.5818158013852294,0.5908396946564886,6.486160788944089,11.0,0.0,0.0,3.0,0.0,1.0,0.0,0.0
b3241,199.0,49.838,4.0,3.0,0.5,1.2782102730301244,177.0,42.945,2.0,2.0,1.0,1.9166261604485697,-1.2291479883578558,0.5842941116362157,0.5741935483870968,5.739792912179234,1.0,0.0,0.0,3.0,0.0,1.0,0.0,0.0
b3242,31.0,11.012,5.0,3.0,0.4,2.07494263542243,8.0,3.197,2.0,2.0,1.0,1.9166261604485697,0.0,0.4968337945341084,0.6119402985074627,4.219507705176107,2.0,0.0,0.0,2.0,0.0,1.0,0.0,0.0
b3243,338.0,120.076,42.0,16.0,0.23577235772357724,7.215150949978689,321.0,108.668,35.0,15.0,0.30756302521008405,11.15145730183038,0.48144262850230496,0.5739737065009854,0.6084142394822006,5.736572297479192,0.0,0.0,0.0,4.0,0.0,0.0,0.0,0.0
b3244,139.0,29.61,1.0,1.0,0.0,0.8946830592681162,101.0,17.217,0.0,0.0,0.0,0.0,2.049256797232227,0.6312068181995848,0.5634095634095634,6.1779441140506,0.0,0.0,1.0,3.0,0.0,0.0,0.0,0.0
b3247,267.0,75.368,16.0,10.0,0.3,2.249617048772727,224.0,45.85,3.0,3.0,1.0,1.612772044516061,1.63558426631123,0.6207569999253083,0.5603271983640081,6.194405391104672,0.0,1.0,1.0,5.0,1.0,1.0,0.0,0.0
b3248,235.0,57.623,7.0,5.0,0.2857142857142857,1.4042730456594539,214.0,45.72,5.0,4.0,0.4,2.617356280863134,1.1433271299920464,0.579030457699772,0.5634517766497462,5.288267030694535,0.0,1.0,1.0,5.0,1.0,0.0,3.0,1.0
b3249,426.0,123.284,23.0,15.0,0.4624505928853755,2.872202879111116,404.0,103.858,8.0,4.0,0.2857142857142857,3.492961338242684,-1.337242168318426,0.5469790294376833,0.6666666666666666,5.093750200806762,5.0,0.0,0.0,3.0,0.0,1.0,0.0,0.0
b3250,472.0,145.431,24.0,15.0,0.4855072463768116,2.950192014793689,464.0,128.241,9.0,5.0,0.2777777777777778,3.6721476300188916,0.9116901587538612,0.5702019124265784,0.5422343324250681,5.908082938168931,1.0,0.0,0.0,5.0,0.0,1.0,0.0,0.0
b3251,435.0,142.597,31.0,15.0,0.45376344086021503,3.815835336787992,370.0,78.803,6.0,5.0,0.4666666666666667,2.3004691915177,2.913819148625592,0.6287706720345784,0.5446685878962536,5.8522024797744745,0.0,0.0,0.0,5.0,1.0,1.0,0.0,0.0
b3252,422.0,124.427,28.0,13.0,0.3439153439153439,4.040428922593412,396.0,97.608,10.0,9.0,0.37777777777777777,2.4505456395155116,0.6074550232146685,0.543168948769529,0.5510835913312694,6.472346294500901,2.0,0.0,0.0,5.0,0.0,1.0,0.0,0.0
b3253,237.0,67.462,16.0,15.0,0.8916666666666667,2.042317444614595,213.0,29.056,0.0,0.0,0.0,0.0,2.6483697702978364,0.6045306793536904,0.558641975308642,5.783825182329737,0.0,0.0,1.0,4.0,1.0,0.0,3.0,0.0
b3255,395.0,141.125,44.0,23.0,0.4154334038054968,4.487384199468393,354.0,91.949,11.0,8.0,0.38181818181818183,2.3441964521034757,2.7489706026217804,0.6013345152044415,0.5192307692307693,5.056245805348308,0.0,0.0,0.0,5.0,0.0,0.0,9.0,1.0
b3256,421.0,141.435,45.0,23.0,0.3808080808080808,5.070362624861446,383.0,93.565,13.0,7.0,0.28205128205128205,4.100872363384776,2.6522560133785067,0.671226835338264,0.5902004454342984,6.1092475827643655,0.0,1.0,1.0,5.0,0.0,0.0,9.0,1.0
b3257,265.0,69.128,8.0,5.0,0.39285714285714285,1.8902472159875459,257.0,64.276,5.0,5.0,1.0,1.6748561993357933,0.0,0.5665283714959877,0.6,4.394449154672439,2.0,0.0,0.0,2.0,0.0,1.0,0.0,0.0
b3258,126.0,36.508,6.0,5.0,0.6666666666666666,1.17544817674612,95.0,22.447,5.0,5.0,1.0,1.6748561993357933,-0.5767541260631921,0.5437327198663214,0.6252587991718427,6.182084906716632,13.0,0.0,0.0,4.0,0.0,1.0,0.0,0.0
b3259,312.0,82.462,13.0,8.0,0.19230769230769232,2.18024509214928,279.0,63.634,6.0,5.0,0.6666666666666666,2.3658940201250185,2.0531168749229303,0.6611791460897313,0.5699658703071673,5.683579767338681,0.0,0.0,1.0,5.0,1.0,0.0,0.0,0.0
b3260,444.0,133.261,13.0,10.0,0.48717948717948717,1.5415279247835723,409.0,115.824,12.0,8.0,0.5,2.4129852437213373,0.29885307640970665,0.5021791313831343,0.5420560747663551,5.7745515455444085,0.0,1.0,1.0,4.0,0.0,0.0,0.0,0.0
b3261,500.0,162.124,30.0,15.0,0.1793103448275862,3.769695951059064,370.0,96.04,12.0,8.0,0.5151515151515151,2.364020109344006,2.673951199690897,0.6050906417070988,0.5510204081632653,4.59511985013459,0.0,0.0,0.0,5.0,1.0,0.0,0.0,0.0
b3262,305.0,79.025,6.0,5.0,0.2,1.2839153067401572,255.0,53.597,1.0,1.0,0.0,1.049628723001535,0.24551266781414982,0.6041487436337365,0.5374149659863946,5.68697535633982,0.0,0.0,1.0,3.0,0.0,0.0,0.0,0.0
b3263,34.0,10.416,1.0,1.0,0.0,0.5732098764373772,12.0,3.189,0.0,0.0,0.0,0.0,0.0,0.5427922577343961,0.4915254237288136,4.0943445622221,1.0,0.0,0.0,1.0,0.0,1.0,0.0,0.0
b3264,269.0,64.703,1.0,1.0,0.0,0.5363350971525094,219.0,40.992,0.0,0.0,0.0,0.0,-0.5800442515102421,0.5216474426786487,0.5,5.3981627015177525,0.0,0.0,0.0,3.0,0.0,0.0,0.0,0.0
b3265,114.0,36.916,12.0,10.0,0.5,2.788706764488448,97.0,24.148,6.0,4.0,0.26666666666666666,2.9208577940373344,0.45178643552429015,0.5666819190907729,0.5246753246753246,5.955837369464831,0.0,0.0,0.0,4.0,0.0,1.0,0.0,0.0
b3266,104.0,41.297,18.0,11.0,0.5555555555555556,3.421546522800276,66.0,14.445,4.0,4.0,0.5,1.9661349795424836,0.3283796034387377,0.5446752442993,0.5802707930367504,6.942156705699469,12.0,0.0,0.0,3.0,0.0,1.0,0.0,0.0
b3267,127.0,44.613,9.0,5.0,0.16666666666666666,2.396763604448751,106.0,31.621,4.0,4.0,1.0,1.922908314933025,-1.9208187539523751,0.3886916038741013,0.5342465753424658,4.30406509320417,2.0,0.0,0.0,1.0,0.0,1.0,0.0,0.0
b3268,0.0,0.0,0.0,0.0,0.0,0.0,0.0,0.0,0.0,0.0,0.0,0.0,0.0,0.0,0.0,5.834810737062605,0.0,0.0,0.0,3.0,0.0,0.0,0.0,0.0
b3269,293.0,132.251,17.0,16.0,0.625,2.1955689734823776,165.0,31.11,3.0,3.0,0.6666666666666666,1.095063211436781,-0.5391021572434521,0.4859205185421103,0.5470737913486005,5.976350909297934,8.0,0.0,0.0,3.0,0.0,1.0,1.0,0.0
b3270,299.0,136.893,23.0,16.0,0.4308300395256917,2.9545208758665398,204.0,38.303,13.0,12.0,0.5897435897435898,3.3117210818468146,0.0,0.5470636786656342,0.6103542234332425,5.908082938168931,8.0,0.0,0.0,3.0,0.0,1.0,1.0,0.0
b3271,263.0,135.643,34.0,16.0,0.21212121212121213,4.407583631197143,145.0,34.573,23.0,12.0,0.24110671936758893,5.805223220054835,-0.14327110961711742,0.5198859046110448,0.47619047619047616,5.53338948872752,0.0,0.0,0.0,3.0,0.0,1.0,1.0,0.0
b3272,0.0,0.0,0.0,0.0,0.0,0.0,0.0,0.0,0.0,0.0,0.0,0.0,0.0,0.0,0.0,0.0,0.0,0.0,0.0,0.0,0.0,0.0,1.0,1.0
b3273,0.0,0.0,0.0,0.0,0.0,0.0,0.0,0.0,0.0,0.0,0.0,0.0,0.0,0.0,0.0,0.0,0.0,0.0,0.0,0.0,0.0,0.0,1.0,1.0
b3274,0.0,0.0,0.0,0.0,0.0,0.0,0.0,0.0,0.0,0.0,0.0,0.0,0.0,0.0,0.0,0.0,0.0,0.0,0.0,0.0,0.0,0.0,1.0,1.0
b3275,0.0,0.0,0.0,0.0,0.0,0.0,0.0,0.0,0.0,0.0,0.0,0.0,0.0,0.0,0.0,0.0,0.0,0.0,0.0,0.0,0.0,0.0,1.0,1.0
b3276,0.0,0.0,0.0,0.0,0.0,0.0,0.0,0.0,0.0,0.0,0.0,0.0,0.0,0.0,0.0,0.0,0.0,0.0,0.0,0.0,0.0,0.0,1.0,1.0
b3277,0.0,0.0,0.0,0.0,0.0,0.0,0.0,0.0,0.0,0.0,0.0,0.0,0.0,0.0,0.0,0.0,0.0,0.0,0.0,0.0,0.0,0.0,1.0,1.0
b3278,0.0,0.0,0.0,0.0,0.0,0.0,0.0,0.0,0.0,0.0,0.0,0.0,0.0,0.0,0.0,0.0,0.0,0.0,0.0,0.0,0.0,0.0,1.0,1.0
b3279,115.0,29.159,0.0,0.0,0.0,0.0,79.0,13.276,0.0,0.0,0.0,0.0,2.1959273135972244,0.5796589297723229,0.4945652173913043,5.220355825078324,0.0,0.0,0.0,2.0,0.0,0.0,0.0,0.0
b3280,71.0,24.007,5.0,5.0,1.0,1.2322668575530158,27.0,7.788,5.0,5.0,1.0,2.6293842930010376,0.6020599913279624,0.6065215021438236,0.49411764705882355,4.454347296253507,0.0,0.0,0.0,1.0,0.0,0.0,0.0,0.0
b3281,361.0,110.929,31.0,13.0,0.3139784946236559,4.333097445579661,316.0,64.485,11.0,5.0,0.34545454545454546,5.429657243324863,1.6600112212893308,0.49654836061760366,0.44485294117647056,5.60947179518496,0.0,0.0,1.0,5.0,0.0,0.0,5.0,0.0
b3282,308.0,83.744,9.0,5.0,0.3611111111111111,1.8582658287855165,291.0,64.208,7.0,5.0,0.47619047619047616,3.2598750382847137,1.8949249773595433,0.47424629427108306,0.4789473684210526,5.25227342804663,0.0,0.0,1.0,5.0,1.0,0.0,0.0,0.0
b3283,297.0,72.445,6.0,5.0,0.6666666666666666,1.3867293904311155,269.0,52.336,6.0,5.0,0.6666666666666666,3.2135099868668267,-0.06803388527182737,0.5655831709187257,0.46111111111111114,5.198497031265826,0.0,0.0,0.0,2.0,0.0,0.0,0.0,0.0
b3284,260.0,79.967,7.0,5.0,0.47619047619047616,1.5525515650769282,237.0,67.225,7.0,5.0,0.47619047619047616,3.917816573572156,-1.0,0.5771676984999036,0.4968152866242038,5.062595033026967,0.0,0.0,0.0,1.0,0.0,0.0,0.0,0.0
b3287,439.0,149.975,58.0,52.0,0.8281911675741077,3.8656000241195483,417.0,91.444,4.0,3.0,0.16666666666666666,2.16689260079025,2.4771357309611233,0.5802457013758661,0.42011834319526625,5.135798437050262,0.0,1.0,1.0,5.0,0.0,0.0,0.0,0.0
b3288,403.0,126.534,24.0,13.0,0.12318840579710146,3.5876936161591124,386.0,98.867,14.0,4.0,0.03296703296703297,8.033088934218288,2.3010517098452263,0.5355589289302853,0.49523809523809526,5.755742213586912,0.0,0.0,1.0,5.0,0.0,0.0,2.0,1.0
b3289,845.0,260.312,30.0,14.0,0.11264367816091954,4.220031767152613,805.0,201.835,15.0,5.0,0.0380952380952381,7.514037371831672,1.6694098672877828,0.5286602684957302,0.4522144522144522,6.063785208687608,0.0,0.0,1.0,5.0,1.0,0.0,0.0,0.0
b3290,223.0,59.556,8.0,6.0,0.17857142857142858,1.7262182049824584,202.0,37.065,4.0,2.0,0.16666666666666666,3.1041961755971714,1.290257269394518,0.5710843804995681,0.5,6.129050210060545,0.0,0.0,0.0,3.0,1.0,1.0,0.0,0.0
b3291,284.0,72.555,11.0,5.0,0.14545454545454545,3.229290337831766,206.0,30.065,2.0,2.0,1.0,1.117145822451201,2.346372536824548,0.5812424267124946,0.47794117647058826,4.919980925828125,2.0,0.0,0.0,5.0,0.0,1.0,0.0,0.0
b3292,244.0,64.647,10.0,6.0,0.24444444444444444,2.7092379338036676,189.0,35.224,1.0,1.0,0.0,2.9922202274087373,1.0257153839013406,0.5025913280281771,0.48226950354609927,4.955827057601261,0.0,0.0,0.0,4.0,0.0,0.0,0.0,0.0
b3293,261.0,57.203,2.0,2.0,0.0,1.0145661166383035,241.0,50.507,1.0,1.0,0.0,2.9922202274087373,1.0216027160282422,0.5021526234898718,0.45081967213114754,4.812184355372417,0.0,0.0,0.0,1.0,0.0,0.0,0.0,0.0
b3294,461.0,218.317,126.0,61.0,0.5956825396825397,8.030289405470477,416.0,144.712,78.0,51.0,0.7795537795537796,7.2513258362056625,3.632964179329022,0.6315243380064205,0.5118110236220472,4.852030263919617,0.0,0.0,0.0,4.0,0.0,0.0,1.0,1.0
b3295,730.0,301.651,140.0,61.0,0.37656731757451184,10.799237787770686,637.0,199.555,90.0,51.0,0.6339575530586766,9.571174814959079,3.367730408409235,0.604211935019317,0.5288753799392097,5.799092654460526,0.0,0.0,1.0,5.0,0.0,0.0,1.0,1.0
b3296,574.0,267.308,147.0,61.0,0.45643462864597895,10.144169892814636,505.0,180.402,94.0,51.0,0.6250285975749257,9.03396831146036,3.708421750025235,0.6061890163353448,0.5097087378640777,5.332718793265369,0.0,0.0,0.0,5.0,0.0,0.0,1.0,1.0
b3297,482.0,233.197,138.0,61.0,0.5236432878451285,8.948083614700922,449.0,163.02,80.0,51.0,0.7844936708860759,7.291333846820985,3.3404460979154167,0.5797231142537944,0.4186046511627907,4.867534450455582,0.0,0.0,0.0,5.0,0.0,0.0,1.0,1.0
b3298,487.0,223.317,135.0,61.0,0.5355444997236042,8.647591062112317,444.0,155.162,84.0,51.0,0.7283419391853126,7.847497484310501,3.6997518987169618,0.6108896096980183,0.4915254237288136,4.77912349311153,0.0,0.0,0.0,5.0,0.0,0.0,1.0,1.0
b3299,352.0,167.897,107.0,61.0,0.7277376124140363,6.47461655183746,298.0,105.724,62.0,51.0,0.9159175039661555,5.591772091670989,2.8202080297004177,0.658939861717616,0.5263157894736842,3.6635616461296463,0.0,1.0,0.0,4.0,0.0,0.0,1.0,1.0
b3300,494.0,218.074,109.0,61.0,0.5786612300373768,7.443748927578066,430.0,148.53,72.0,51.0,0.8133802816901409,6.479270480748415,2.3117750456357395,0.5677261779911343,0.54627539503386,6.095824562432225,10.0,0.0,0.0,5.0,0.0,1.0,3.0,1.0
b3301,465.0,230.569,134.0,61.0,0.5639097744360902,8.464756055423388,424.0,153.402,83.0,51.0,0.7325888921539818,7.725048937305509,3.575073481058064,0.6123883459528481,0.4444444444444444,4.976733742420574,0.0,0.0,0.0,4.0,0.0,0.0,1.0,1.0
b3302,375.0,185.525,127.0,61.0,0.6042994625671791,7.884501648480418,346.0,125.954,78.0,51.0,0.7928737928737929,7.1183545131674375,3.4981740397848204,0.6042022561389907,0.4915254237288136,4.0943445622221,0.0,0.0,0.0,4.0,0.0,0.0,1.0,1.0
b3303,531.0,244.405,142.0,61.0,0.5012486265108381,9.25315795558117,486.0,165.973,79.0,51.0,0.7828627069133398,7.198394080165509,3.7303792765766253,0.6017874223597848,0.4550898203592814,5.123963979403259,0.0,0.0,0.0,5.0,0.0,0.0,1.0,1.0
b3304,425.0,202.931,126.0,61.0,0.6162539682539683,7.728138153480444,391.0,148.712,84.0,51.0,0.7277682157200229,7.682451381294783,3.60249515345748,0.5291677237071638,0.4358974358974359,4.770684624465665,0.0,0.0,0.0,5.0,0.0,0.0,1.0,1.0
b3305,506.0,238.028,132.0,61.0,0.5759888965995836,8.305452229803107,457.0,161.986,86.0,51.0,0.706703146374829,8.077689754448688,3.6447349115713483,0.6005666338444889,0.480225988700565,5.181783550292085,0.0,0.0,0.0,5.0,0.0,0.0,1.0,1.0
b3306,467.0,217.921,134.0,61.0,0.5402311749523061,8.547792217492503,420.0,147.639,83.0,51.0,0.7411107846018219,7.664814649992969,3.4739261517564954,0.6603322571984069,0.5,4.875197323201151,0.0,0.0,0.0,5.0,0.0,0.0,1.0,1.0
b3307,434.0,202.487,132.0,61.0,0.5588711542910016,8.343414520752136,400.0,141.344,79.0,51.0,0.7932489451476793,7.107092260599197,3.602169636842479,0.5671078944950582,0.5148514851485149,4.624972813284271,0.0,0.0,0.0,5.0,0.0,0.0,1.0,1.0
b3308,476.0,224.586,134.0,61.0,0.5593087195600943,8.431155879674115,445.0,163.902,87.0,51.0,0.6998128842555467,8.192850400168037,3.6054138755381744,0.6224183033651374,0.547486033519553,5.19295685089021,0.0,0.0,0.0,5.0,0.0,0.0,1.0,1.0
b3309,434.0,210.734,127.0,61.0,0.6002999625046869,7.945128403462887,391.0,134.288,78.0,51.0,0.8021978021978022,7.072777034403628,3.5968180348374843,0.6228834107484149,0.49038461538461536,4.653960350157523,0.0,0.0,0.0,5.0,0.0,0.0,1.0,1.0
b3310,480.0,234.254,132.0,61.0,0.5748322923895443,8.237210285821554,431.0,151.551,84.0,51.0,0.7269076305220884,7.8721022204557105,3.56146036337446,0.6081432863661331,0.5528455284552846,4.820281565605037,0.0,0.0,0.0,5.0,0.0,0.0,1.0,1.0
b3311,455.0,217.549,129.0,61.0,0.5677083333333334,8.208612385235137,415.0,140.464,80.0,51.0,0.7867088607594936,7.2132705262521055,3.3935769579912223,0.6776800469677842,0.5476190476190477,4.442651256490317,0.0,0.0,0.0,5.0,0.0,0.0,1.0,1.0
b3312,368.0,183.885,122.0,61.0,0.6312152824820485,7.534115019254494,330.0,125.793,77.0,51.0,0.7819548872180451,7.394255285614252,3.5220541062304975,0.6502358923957122,0.6666666666666666,4.1588830833596715,0.0,0.0,0.0,5.0,0.0,0.0,1.0,1.0
b3313,431.0,212.502,129.0,61.0,0.5950823643410853,8.09848687594122,391.0,138.276,82.0,51.0,0.7639265281541704,7.460404313899716,3.4942951601865957,0.6407911070705574,0.5073529411764706,4.919980925828125,0.0,0.0,0.0,5.0,0.0,0.0,1.0,1.0
b3314,457.0,220.885,136.0,61.0,0.5313725490196078,8.689736819415026,418.0,154.663,87.0,51.0,0.6974071103982892,8.37721569247519,3.6799736017033027,0.61395445153917,0.48497854077253216,5.455321115357702,0.0,0.0,0.0,5.0,0.0,0.0,1.0,1.0
b3315,449.0,221.628,132.0,61.0,0.5761045570205876,8.243928715777828,397.0,148.388,85.0,51.0,0.7100840336134454,8.397223214502883,3.757624504765811,0.5671760929566096,0.5181818181818182,4.709530201312334,0.0,0.0,0.0,5.0,0.0,0.0,1.0,1.0
b3316,390.0,190.829,133.0,61.0,0.5500113921166553,8.453279131707397,350.0,132.407,82.0,51.0,0.7633242999096658,7.45428949887211,3.519829305841658,0.5808525946947606,0.5108695652173914,4.532599493153256,0.0,0.0,0.0,5.0,0.0,0.0,1.0,1.0
b3317,569.0,267.798,146.0,61.0,0.49003306565895133,9.48061623394587,510.0,161.31,81.0,51.0,0.7814814814814814,7.308507563030493,3.6490436084949596,0.6316670635374821,0.4652014652014652,5.6131281063880705,0.0,0.0,0.0,5.0,0.0,0.0,1.0,1.0
b3318,438.0,204.766,127.0,61.0,0.6057992750906137,7.834733826266625,394.0,145.661,82.0,51.0,0.7455585666967781,7.64890772962059,3.0569086609204823,0.6434606712352361,0.48,4.61512051684126,0.0,0.0,0.0,5.0,0.0,0.0,1.0,1.0
b3319,525.0,247.985,142.0,61.0,0.516332034761762,9.050996162351693,472.0,169.408,86.0,51.0,0.7146374829001368,7.942831647811968,3.5393283179988053,0.5994827553675196,0.5422885572139303,5.308267697401205,0.0,0.0,0.0,5.0,0.0,0.0,1.0,1.0
b3320,501.0,245.861,142.0,61.0,0.5095395065428029,9.328943540999463,461.0,159.48,86.0,51.0,0.7031463748290013,8.01572702220631,3.5606250689775556,0.5619530482668214,0.4880382775119617,5.3471075307174685,0.0,0.0,0.0,5.0,0.0,0.0,1.0,1.0
b3321,549.0,252.953,144.0,61.0,0.4825174825174825,9.412105006711652,499.0,173.95,91.0,51.0,0.6385836385836385,8.816466565186337,3.6167915358559535,0.6697627217844255,0.6116504854368932,4.6443908991413725,0.0,0.0,0.0,5.0,0.0,0.0,1.0,1.0
b3322,60.0,22.037,4.0,4.0,0.16666666666666666,1.0977083032485626,45.0,15.427,1.0,1.0,0.0,0.8805730327460679,0.5158738437116791,0.4910906386454929,0.4460431654676259,4.941642422609304,1.0,0.0,0.0,3.0,0.0,1.0,0.0,0.0
b3323,217.0,55.421,10.0,8.0,0.6444444444444445,2.2382289493438234,202.0,47.962,4.0,3.0,0.5,2.032278137650188,0.26717172840301384,0.44297218481122225,0.47648261758691207,6.194405391104672,1.0,0.0,0.0,3.0,0.0,1.0,0.0,0.0
b3324,238.0,60.882,16.0,11.0,0.625,3.5263578758186314,205.0,48.746,12.0,11.0,0.8636363636363636,3.869076878694384,0.0,0.44810424712972713,0.3837638376383764,5.605802066295998,1.0,0.0,0.0,2.0,0.0,1.0,1.0,1.0
b3325,241.0,63.631,13.0,11.0,0.7692307692307693,2.843300716466793,223.0,54.438,11.0,11.0,1.0,3.4451731300277464,0.469822015978163,0.5766266031946793,0.5446153846153846,6.478509642208569,0.0,0.0,0.0,4.0,0.0,1.0,1.0,1.0
b3326,163.0,49.219,16.0,11.0,0.6833333333333333,3.359979926142994,133.0,34.492,13.0,11.0,0.7692307692307693,4.186096044290515,-1.6020599913279623,0.5454372137998929,0.5537525354969574,6.202535517187923,0.0,1.0,1.0,3.0,0.0,1.0,1.0,1.0
b3327,136.0,44.018,17.0,11.0,0.625,3.5613201622896797,122.0,36.479,14.0,11.0,0.6703296703296703,4.587685287212262,-0.48017200622428124,0.5254047508359224,0.5703517587939698,5.988961416889864,3.0,0.0,0.0,3.0,0.0,1.0,1.0,1.0
b3328,153.0,44.973,16.0,11.0,0.7083333333333334,3.3628202247864776,143.0,39.204,15.0,11.0,0.6285714285714286,4.959631833008394,0.0,0.560184164405007,0.5241379310344828,4.983606621708336,1.0,0.0,0.0,3.0,0.0,1.0,1.0,1.0
b3329,203.0,55.081,14.0,11.0,0.7472527472527473,2.990088589467154,195.0,48.004,11.0,11.0,1.0,3.4451731300277464,0.5843312243675308,0.49902938168353717,0.5798816568047337,5.135798437050262,1.0,0.0,0.0,3.0,0.0,1.0,1.0,1.0
b3330,95.0,31.523,12.0,11.0,0.9242424242424242,2.573667306917279,83.0,24.845,11.0,11.0,1.0,3.4451731300277464,0.0,0.5080326886794189,0.536,4.836281906951478,1.0,0.0,0.0,3.0,0.0,1.0,1.0,1.0
b3331,220.0,56.324,12.0,11.0,0.8636363636363636,2.6983013527345263,210.0,52.04,12.0,11.0,0.8484848484848485,3.8636946333356774,0.1903316981702915,0.5207030568181527,0.5435897435897435,5.278114659230517,1.0,0.0,0.0,3.0,0.0,1.0,1.0,1.0
b3332,180.0,47.218,13.0,11.0,0.782051282051282,2.796367680884597,167.0,41.489,11.0,11.0,1.0,3.4451731300277464,-1.1674910872937636,0.5403960701405426,0.5718654434250765,5.793013608384144,1.0,0.0,0.0,3.0,0.0,1.0,1.0,1.0
b3333,270.0,76.819,15.0,11.0,0.7142857142857143,3.3104407761550982,247.0,65.652,13.0,11.0,0.7435897435897436,4.288702561374622,0.6404814369704218,0.49258991028073446,0.5012919896640827,5.961005339623274,1.0,0.0,0.0,3.0,0.0,1.0,1.0,1.0
b3334,66.0,27.981,18.0,11.0,0.5751633986928104,3.912891885752404,50.0,16.532,11.0,11.0,1.0,3.4451731300277464,-0.4067139329795427,0.4933985021731954,0.5228758169934641,5.0369526024136295,1.0,0.0,0.0,3.0,0.0,1.0,1.0,1.0
b3335,255.0,76.341,18.0,11.0,0.5163398692810458,3.3865344728677798,214.0,52.12,13.0,11.0,0.7692307692307693,4.150023477736295,0.0,0.4719603957128853,0.5511111111111111,5.420534999272286,6.0,0.0,2.0,3.0,0.0,1.0,1.0,1.0
b3336,268.0,67.966,3.0,3.0,0.3333333333333333,1.2457760788365444,192.0,36.217,0.0,0.0,0.0,0.0,2.9978274454924545,0.6492860036850322,0.4430379746835443,5.0689042022202315,0.0,1.0,1.0,5.0,0.0,0.0,1.0,1.0
b3337,317.0,73.799,3.0,3.0,0.3333333333333333,1.2250100709975902,296.0,60.702,0.0,0.0,0.0,0.0,0.0,0.6181326733997438,0.515625,4.174387269895637,0.0,1.0,0.0,3.0,0.0,0.0,0.0,0.0
b3338,133.0,30.904,2.0,2.0,1.0,0.7026800007426097,93.0,17.745,0.0,0.0,0.0,0.0,-0.8181564120552275,0.6070892701987096,0.5061315496098104,6.8001700683022,0.0,0.0,2.0,4.0,0.0,0.0,2.0,0.0
b3339,664.0,270.376,113.0,61.0,0.46523388116308473,8.7821980530602,600.0,193.127,92.0,51.0,0.4479216435738175,12.64772744821212,4.029059356270694,0.6615979279455834,0.5558375634517766,5.978885764901122,0.0,0.0,1.0,5.0,1.0,1.0,0.0,0.0
b3340,652.0,274.411,120.0,61.0,0.5123249299719888,8.441944143826454,610.0,188.058,83.0,51.0,0.7199529826623567,8.0250927042116,3.6140541621495585,0.6247179511426314,0.5170454545454546,6.558197802812269,0.0,0.0,1.0,5.0,1.0,0.0,0.0,0.0
b3341,509.0,244.486,141.0,61.0,0.5068895643363729,9.154548097642882,463.0,171.281,91.0,51.0,0.645909645909646,8.896733887663363,3.773860283388497,0.5567528670433537,0.4245810055865922,5.19295685089021,0.0,0.0,0.0,5.0,0.0,0.0,1.0,1.0
b3342,684.0,303.805,157.0,61.0,0.40682671892862976,11.235888040338022,551.0,171.813,88.0,51.0,0.6797283176593522,8.288128493901933,3.4611997903297236,0.6387749997224195,0.49193548387096775,4.8283137373023015,0.0,0.0,0.0,5.0,0.0,0.0,1.0,1.0
b3343,250.0,63.17,9.0,8.0,0.8333333333333334,1.976225263813396,220.0,47.729,4.0,3.0,0.8333333333333334,2.9264720444281824,1.2407987711173312,0.47784659688179,0.5368421052631579,4.564348191467836,0.0,0.0,0.0,3.0,1.0,0.0,1.0,0.0
b3344,256.0,66.885,9.0,8.0,0.8333333333333334,1.976225263813396,222.0,50.386,4.0,3.0,0.8333333333333334,2.9264720444281824,1.2281436075977417,0.4755517979206427,0.4369747899159664,4.787491742782046,0.0,0.0,0.0,3.0,1.0,0.0,1.0,0.0
b3345,207.0,58.162,10.0,8.0,0.6666666666666666,2.3612111006451926,163.0,38.622,4.0,3.0,0.8333333333333334,2.9264720444281824,1.3803921600570273,0.4897520957203735,0.5546875,4.859812404361672,0.0,0.0,1.0,4.0,1.0,0.0,1.0,0.0
b3346,278.0,66.502,3.0,3.0,1.0,0.9511653030679775,248.0,53.12,3.0,3.0,1.0,2.31699437552205,2.348324337700387,0.6116516847066252,0.5541666666666667,5.484796933490655,0.0,0.0,0.0,1.0,0.0,0.0,0.0,0.0
b3347,335.0,96.158,11.0,9.0,0.45454545454545453,1.6827563179799048,267.0,46.554,0.0,0.0,0.0,0.0,2.86570197669432,0.5580766802762284,0.44074074074074077,5.602118820879701,0.0,0.0,1.0,4.0,0.0,0.0,0.0,0.0
b3348,230.0,61.011,0.0,0.0,0.0,0.0,211.0,53.197,0.0,0.0,0.0,0.0,1.8831501996832776,0.603039097162924,0.5972222222222222,4.290459441148391,0.0,0.0,0.0,1.0,0.0,0.0,0.0,0.0
b3349,351.0,91.055,12.0,9.0,0.13636363636363635,2.0503131795632097,291.0,58.83,0.0,0.0,0.0,0.0,3.1024371361139327,0.6842976055058014,0.5459183673469388,5.2832037287379885,0.0,0.0,1.0,5.0,1.0,0.0,0.0,0.0
b3350,443.0,112.154,7.0,5.0,0.2857142857142857,1.9001791767996399,403.0,73.573,3.0,2.0,0.3333333333333333,2.299368639098382,0.39093510710337914,0.5582668889288204,0.6289517470881864,6.400257445308821,13.0,0.0,0.0,4.0,0.0,1.0,0.0,0.0
b3351,113.0,31.451,3.0,3.0,0.6666666666666666,1.020058172295032,89.0,20.29,3.0,2.0,0.3333333333333333,2.299368639098382,0.4653828514484183,0.5708777628957366,0.625,5.220355825078324,0.0,0.0,1.0,4.0,1.0,1.0,0.0,0.0
b3352,266.0,83.483,2.0,2.0,1.0,1.596100510805204,255.0,51.712,2.0,2.0,1.0,2.9922202274087373,1.3224260524059526,0.6497288135124631,0.6263736263736264,6.45833828334479,0.0,0.0,0.0,5.0,0.0,0.0,0.0,0.0
b3353,179.0,42.964,7.0,2.0,0.09523809523809523,4.365314100037942,158.0,33.589,2.0,2.0,1.0,2.9922202274087373,0.290034611362518,0.6253797728367918,0.5941176470588235,5.831882477283517,0.0,0.0,1.0,2.0,0.0,0.0,0.0,0.0
b3354,194.0,46.755,2.0,2.0,1.0,1.596100510805204,178.0,41.762,2.0,2.0,1.0,2.9922202274087373,0.884228769632604,0.605254505728075,0.5416666666666666,4.290459441148391,0.0,0.0,0.0,1.0,0.0,0.0,0.0,0.0
b3355,193.0,44.582,1.0,1.0,0.0,0.9134588052984507,165.0,36.271,0.0,0.0,0.0,0.0,1.5787537844264345,0.6071790893039667,0.6193771626297578,5.66988092298052,0.0,0.0,1.0,2.0,0.0,0.0,4.0,0.0
b3356,181.0,36.777,1.0,1.0,0.0,0.6641001075558651,173.0,34.588,0.0,0.0,0.0,0.0,2.2175102642940274,0.6209545839761802,0.5298507462686567,4.90527477843843,0.0,0.0,0.0,1.0,0.0,0.0,0.0,0.0
b3357,699.0,223.017,37.0,15.0,0.11561561561561562,5.728321769008415,484.0,62.984,1.0,1.0,0.0,0.955927404168355,3.0013052629537875,0.6801796432055558,0.5476190476190477,5.351858133476067,0.0,0.0,0.0,5.0,0.0,0.0,3.0,0.0
b3358,340.0,91.285,6.0,4.0,0.26666666666666666,2.035116738479471,324.0,86.338,4.0,2.0,0.5,2.8808294428760313,0.11058971029924898,0.5567361278656592,0.5942857142857143,6.55250788703459,9.0,0.0,0.0,2.0,0.0,1.0,0.0,0.0
b3359,310.0,95.843,15.0,10.0,0.3047619047619048,2.6848706332410344,242.0,44.812,7.0,7.0,1.0,2.494888599580696,2.5477870081733904,0.6406030139199395,0.5788177339901478,6.008813185442595,0.0,1.0,2.0,5.0,1.0,0.0,7.0,0.0
b3360,155.0,48.59,16.0,11.0,0.4666666666666667,2.603517388361746,142.0,33.023,10.0,6.0,0.4666666666666667,3.8632689813995515,0.404833716619938,0.5676662304723533,0.5668449197860963,5.236441962829949,0.0,0.0,1.0,5.0,0.0,0.0,2.0,1.0
b3361,288.0,78.77,8.0,6.0,0.25,1.8353724737770665,276.0,73.343,8.0,5.0,0.21428571428571427,3.1330628754314263,1.8312937443770096,0.6149813407862377,0.585,5.303304908059076,0.0,0.0,1.0,3.0,0.0,0.0,0.0,0.0
b3362,134.0,40.925,4.0,4.0,0.3333333333333333,1.1277839441155546,108.0,32.643,3.0,3.0,0.6666666666666666,1.5971274073439694,2.558720567452599,0.4902987392921612,0.509090909090909,4.02535169073515,0.0,0.0,0.0,1.0,0.0,0.0,0.0,0.0
b3363,366.0,106.216,4.0,4.0,0.16666666666666666,0.8186437114371655,328.0,51.81,0.0,0.0,0.0,0.0,2.7109715682220714,0.5986221893490004,0.5684210526315789,5.25227342804663,0.0,0.0,1.0,5.0,0.0,0.0,2.0,0.0
b3364,323.0,83.507,2.0,2.0,0.0,0.8402597889337844,286.0,73.137,1.0,1.0,0.0,1.091915736474871,0.0,0.606353253092928,0.6590330788804071,5.976350909297934,12.0,0.0,0.0,3.0,0.0,1.0,0.0,0.0
b3365,209.0,69.02,22.0,12.0,0.42424242424242425,3.583086478119795,180.0,37.577,7.0,5.0,0.19047619047619047,2.6909209476486846,1.5160062303860475,0.6901511132096894,0.6092089728453365,6.742880635791903,0.0,1.0,1.0,5.0,0.0,0.0,4.0,0.0
b3366,168.0,52.95,21.0,12.0,0.45714285714285713,3.4027106899882527,157.0,37.39,5.0,3.0,0.3,2.2314423706964126,1.1495270137543478,0.746195142463775,0.7314814814814815,4.6913478822291435,0.0,0.0,1.0,3.0,1.0,0.0,4.0,0.0
b3367,165.0,45.091,7.0,7.0,0.8095238095238095,1.3590805148315768,143.0,29.118,3.0,3.0,1.0,1.4453810944888752,-0.2907300390241692,0.5835675907746416,0.6417910447761194,5.594711379601839,6.0,0.0,0.0,3.0,0.0,1.0,0.0,0.0
b3368,657.0,182.903,24.0,10.0,0.17391304347826086,4.349842247686147,582.0,123.084,15.0,7.0,0.18095238095238095,5.123187009804495,1.1495270137543478,0.5902738482599137,0.5733041575492341,6.126869184114185,0.0,0.0,3.0,5.0,0.0,0.0,5.0,1.0
b3369,32.0,10.226,1.0,1.0,0.0,0.7250864770091265,15.0,4.063,0.0,0.0,0.0,0.0,0.0,0.6001445971316612,0.36363636363636365,4.02535169073515,1.0,0.0,0.0,1.0,0.0,1.0,0.0,0.0
b3370,178.0,48.364,4.0,4.0,1.0,1.6310372949299219,148.0,31.613,3.0,3.0,1.0,2.1907421132023708,0.0,0.5779089661759479,0.6584269662921348,6.100318952020064,12.0,0.0,0.0,3.0,0.0,1.0,0.0,0.0
b3371,223.0,57.857,6.0,4.0,0.5333333333333333,2.1318858691463944,191.0,46.231,5.0,3.0,0.5,3.2865892282830136,-0.8664610916297825,0.7163182335208179,0.6529411764705882,5.831882477283517,0.0,0.0,1.0,5.0,0.0,0.0,0.0,0.0
b3374,200.0,53.57,5.0,4.0,0.7,1.8655659589756637,178.0,39.582,3.0,3.0,1.0,2.1907421132023708,-1.3979400086720375,0.6334022172584964,0.6513409961685823,5.568344503761097,0.0,0.0,1.0,4.0,0.0,0.0,0.0,0.0
b3375,198.0,52.847,7.0,4.0,0.3333333333333333,2.505082186719597,170.0,37.676,3.0,3.0,0.3333333333333333,2.10979863162705,0.49554433754644844,0.6408622476195774,0.6049382716049383,5.497168225293202,0.0,0.0,0.0,3.0,0.0,0.0,0.0,0.0
b3376,153.0,39.315,9.0,6.0,0.4722222222222222,2.091464949466836,138.0,29.077,6.0,6.0,1.0,2.6158884895073014,-1.2365720064370627,0.5702462374042411,0.6011080332409973,5.8916442118257715,0.0,0.0,0.0,1.0,0.0,0.0,0.0,0.0
b3377,118.0,31.183,8.0,6.0,0.6071428571428571,1.8671882972395004,101.0,26.441,6.0,6.0,1.0,2.6158884895073014,0.0,0.5674715714999168,0.6059907834101382,6.075346031088684,11.0,0.0,0.0,2.0,0.0,1.0,0.0,0.0
b3378,90.0,22.853,6.0,6.0,1.0,1.4652670748120802,89.0,23.151,6.0,6.0,1.0,2.6158884895073014,1.2151085810530933,0.6490343882046645,0.5384615384615384,4.770684624465665,0.0,0.0,0.0,1.0,0.0,0.0,0.0,0.0
b3379,155.0,42.499,10.0,7.0,0.5111111111111111,2.135583158701145,112.0,31.809,9.0,6.0,0.75,3.699215892334789,0.4065401804339551,0.6234707679595102,0.6643835616438356,5.680172609017068,0.0,1.0,1.0,4.0,0.0,0.0,0.0,0.0
b3380,134.0,45.813,23.0,12.0,0.31620553359683795,3.678157188152959,111.0,30.418,10.0,6.0,0.6,4.304556599004239,-0.7447274948966939,0.6099982997691573,0.5612745098039216,6.013715156042802,0.0,1.0,0.0,2.0,0.0,0.0,3.0,1.0
b3381,93.0,26.549,11.0,7.0,0.4727272727272727,2.270334049154634,90.0,25.278,9.0,6.0,0.75,3.699215892334789,-1.5228787452803376,0.6079085650797789,0.5813953488372093,5.961005339623274,0.0,0.0,0.0,1.0,0.0,0.0,0.0,0.0
b3382,94.0,27.831,7.0,7.0,0.6666666666666666,1.4900299539370485,90.0,23.616,7.0,6.0,0.8571428571428571,3.0185549757279184,-0.7644715530924511,0.5455096062773561,0.5916666666666667,4.795790545596741,0.0,0.0,0.0,1.0,0.0,0.0,0.0,0.0
b3383,137.0,40.047,13.0,7.0,0.3333333333333333,3.035888969485114,127.0,34.383,11.0,6.0,0.5454545454545454,4.676342657272181,-0.22402566887063094,0.6008437583321645,0.574750830564784,5.71042701737487,0.0,0.0,0.0,1.0,0.0,0.0,0.0,0.0
b3384,526.0,152.086,29.0,18.0,0.4482758620689655,3.3677211070868407,504.0,103.89,7.0,5.0,0.38095238095238093,3.6900827029338563,2.760430023192518,0.6847342900041614,0.6107784431137725,5.814130531825066,0.0,0.0,1.0,4.0,1.0,0.0,1.0,1.0
b3385,417.0,105.909,13.0,9.0,0.358974358974359,2.2223726844047245,394.0,81.53,8.0,6.0,0.7142857142857143,3.325275171884363,2.1959273135972244,0.5602151577821733,0.5317460317460317,5.53338948872752,0.0,1.0,1.0,5.0,0.0,0.0,3.0,0.0
b3386,436.0,147.33,30.0,15.0,0.2597701149425287,4.178453569122833,386.0,95.382,9.0,6.0,0.2777777777777778,3.109246230813369,2.750516108716799,0.5985808686346172,0.5466666666666666,5.420534999272286,0.0,1.0,1.0,5.0,0.0,0.0,8.0,1.0
b3387,304.0,81.688,13.0,8.0,0.24358974358974358,2.2787182390441334,276.0,70.26,9.0,6.0,0.5555555555555556,3.6246483133216647,0.7379873263334308,0.5868431736102014,0.5611510791366906,5.631211781821365,0.0,0.0,1.0,5.0,0.0,0.0,1.0,0.0
b3388,524.0,145.522,12.0,10.0,0.21212121212121213,1.8962029775888025,497.0,127.689,3.0,3.0,0.0,1.6270845584840885,2.3075174312031312,0.5903600032681959,0.5070093457943925,6.061456918928017,1.0,0.0,0.0,5.0,0.0,1.0,0.0,0.0
b3389,444.0,131.68,20.0,13.0,0.6105263157894737,2.7050213436837027,398.0,85.315,8.0,5.0,0.5357142857142857,3.621753994005681,2.2787764579556447,0.5339738023963037,0.5662983425414365,5.8944028342648505,0.0,1.0,1.0,5.0,1.0,0.0,4.0,0.0
b3390,432.0,120.558,15.0,13.0,0.6952380952380952,2.2290256346718222,408.0,92.303,6.0,5.0,0.6666666666666666,2.9408118055571353,2.371086342494794,0.6150470028389281,0.4797687861271676,5.159055299214529,0.0,1.0,1.0,5.0,1.0,0.0,4.0,0.0
b3391,243.0,69.536,18.0,8.0,0.1830065359477124,3.8851878137362497,212.0,52.736,5.0,4.0,0.6,3.1117912365515656,0.5563025007672873,0.5300708193039144,0.6067961165048543,6.023447592961033,0.0,0.0,0.0,3.0,0.0,1.0,0.0,0.0
b3392,47.0,17.233,6.0,4.0,0.4,1.8081923841457284,30.0,8.293,4.0,4.0,1.0,2.7050090431708482,0.8102325179950841,0.45801251427911277,0.4925373134328358,4.90527477843843,0.0,0.0,0.0,3.0,0.0,0.0,0.0,0.0
b3393,38.0,11.8,4.0,4.0,1.0,1.3328147370546435,33.0,9.231,4.0,4.0,1.0,2.7050090431708482,0.0,0.46465034903032815,0.6164383561643836,4.990432586778736,1.0,0.0,0.0,3.0,0.0,1.0,0.0,0.0
b3394,98.0,27.261,5.0,4.0,0.7,1.5411463630955673,78.0,16.198,4.0,4.0,1.0,2.7050090431708482,0.6683859166900001,0.47031079895093514,0.5921787709497207,5.19295685089021,1.0,0.0,0.0,3.0,0.0,1.0,0.0,0.0
b3395,101.0,29.384,7.0,4.0,0.38095238095238093,2.0857445598807787,78.0,15.742,4.0,4.0,1.0,2.7050090431708482,-0.6345120151091003,0.5310790038922576,0.6177606177606177,5.560681631015528,0.0,0.0,0.0,3.0,0.0,0.0,0.0,0.0
b3396,315.0,108.534,39.0,15.0,0.33468286099865047,5.136946734044823,263.0,64.923,2.0,2.0,0.0,1.324431850765852,0.7923916894982539,0.6266938002169802,0.6270588235294118,6.7464121285733745,1.0,0.0,2.0,5.0,0.0,1.0,3.0,1.0
b3397,227.0,54.065,6.0,6.0,0.7333333333333333,1.1368401533498043,197.0,39.617,0.0,0.0,0.0,0.0,1.5810389487721672,0.6071333149742234,0.5591397849462365,5.231108616854587,0.0,1.0,1.0,4.0,0.0,0.0,2.0,1.0
b3398,76.0,24.045,6.0,6.0,0.6666666666666666,1.2157596735585963,17.0,3.186,1.0,1.0,0.0,1.0021411120722687,0.711807229041191,0.5836004276114252,0.5738396624472574,6.568077911411976,5.0,0.0,0.0,3.0,0.0,1.0,0.0,0.0
b3399,257.0,92.43,51.0,15.0,0.2776470588235294,6.305513910207882,236.0,47.406,3.0,2.0,0.3333333333333333,1.9521828850353373,0.5634810853944107,0.5722020826256077,0.5630630630630631,5.407171771460119,0.0,1.0,1.0,5.0,0.0,0.0,3.0,1.0
b3400,331.0,104.329,40.0,29.0,0.5692307692307692,3.1543932606123386,268.0,62.156,11.0,8.0,0.6181818181818182,4.172835552358735,1.8156441491319655,0.6043671867402284,0.5639097744360902,4.897839799950911,0.0,0.0,0.0,5.0,0.0,0.0,0.0,0.0
b3401,369.0,100.286,18.0,14.0,0.6601307189542484,2.387699692652155,310.0,69.55,9.0,8.0,0.7222222222222222,3.486730811511879,2.4377664126947316,0.6987775449038078,0.5924657534246576,5.680172609017068,0.0,0.0,0.0,5.0,1.0,0.0,0.0,0.0
b3402,409.0,102.598,9.0,4.0,0.0,3.4806487998896616,395.0,90.32,5.0,3.0,0.0,2.9961946585495705,0.045322978786657475,0.5030948009349409,0.5836236933797909,6.354370040797351,11.0,0.0,0.0,1.0,0.0,1.0,0.0,0.0
b3403,330.0,122.679,58.0,19.0,0.30671506352087113,6.077194086704719,245.0,41.028,1.0,1.0,0.0,1.142972061155578,3.1225467992787417,0.6725539293766268,0.6240740740740741,6.293419278846481,0.0,1.0,1.0,5.0,1.0,0.0,8.0,1.0
b3404,465.0,133.965,16.0,11.0,0.175,2.792715834604259,366.0,83.453,4.0,3.0,0.0,2.0959493933925026,0.30963016742589866,0.5922720318397551,0.6777777777777778,6.111467339502679,2.0,0.0,1.0,5.0,0.0,1.0,2.0,0.0
b3405,430.0,134.933,22.0,11.0,0.1645021645021645,3.2911786105914014,296.0,49.612,3.0,3.0,0.0,1.663385394152648,2.7101258308086793,0.6559909209982002,0.5899581589958159,5.480638923341991,0.0,0.0,0.0,5.0,1.0,0.0,2.0,0.0
b3406,313.0,81.173,11.0,11.0,0.7818181818181819,1.2221785712109394,288.0,57.388,0.0,0.0,0.0,0.0,1.2332500095411003,0.6874954726275934,0.5569620253164557,5.0689042022202315,0.0,0.0,0.0,3.0,0.0,0.0,0.0,0.0
b3407,167.0,39.734,3.0,3.0,1.0,0.5714361198455857,130.0,23.809,0.0,0.0,0.0,0.0,2.0607356034493187,0.6621889422686135,0.6274256144890039,6.651571873589727,0.0,0.0,0.0,3.0,0.0,0.0,0.0,0.0
b3408,257.0,62.549,4.0,4.0,0.6666666666666666,1.0808919843306128,208.0,35.969,2.0,2.0,1.0,2.9922202274087373,1.9232958406555039,0.5994825254643142,0.4666666666666667,4.330733340286331,0.0,0.0,0.0,3.0,1.0,0.0,0.0,0.0
b3409,332.0,85.837,7.0,5.0,0.3333333333333333,1.6476755297274932,230.0,36.294,2.0,2.0,1.0,2.9922202274087373,2.004364371107751,0.6400474516397645,0.6584734799482536,6.651571873589727,10.0,0.0,0.0,5.0,0.0,1.0,0.0,0.0
b3410,48.0,17.276,4.0,4.0,0.3333333333333333,1.203126824792311,22.0,4.145,2.0,2.0,1.0,2.9922202274087373,1.4442009888641596,0.5826733922090565,0.5897435897435898,4.3694478524670215,0.0,0.0,0.0,3.0,0.0,0.0,0.0,0.0
b3411,273.0,64.36,4.0,4.0,0.6666666666666666,1.1196961248198005,242.0,53.071,0.0,0.0,0.0,0.0,-0.9546770212133425,0.530541372411953,0.5068493150684932,5.680172609017068,0.0,1.0,1.0,5.0,0.0,0.0,0.0,0.0
b3412,272.0,72.731,11.0,6.0,0.2727272727272727,2.2986653522814327,232.0,41.744,1.0,1.0,0.0,1.0342720030379906,1.3012470886362115,0.5692026511741615,0.62109375,5.54907608489522,0.0,0.0,1.0,5.0,1.0,0.0,3.0,1.0
b3413,325.0,85.323,7.0,5.0,0.14285714285714285,1.5942293005617378,311.0,81.107,4.0,3.0,0.5,2.279028447930039,-0.7447274948966939,0.47699665203276365,0.5682819383259912,5.429345628954441,0.0,0.0,0.0,3.0,0.0,0.0,0.0,0.0
b3414,557.0,163.902,22.0,8.0,0.1645021645021645,3.445498408515823,485.0,106.978,4.0,3.0,0.3333333333333333,1.493641065209176,2.9164592126935593,0.6104149070327045,0.5916230366492147,5.2574953720277815,0.0,1.0,0.0,5.0,0.0,0.0,0.0,0.0
b3415,69.0,19.925,3.0,3.0,1.0,0.9444468712495704,43.0,6.628,0.0,0.0,0.0,0.0,0.3263358609287514,0.628857128133501,0.6210045662100456,6.0844994130751715,13.0,0.0,0.0,4.0,0.0,1.0,0.0,0.0
b3416,206.0,61.152,22.0,10.0,0.38095238095238093,3.1980119947678687,168.0,37.12,7.0,5.0,0.5238095238095238,2.867617961021423,1.049605612594973,0.5991340379900292,0.6167146974063401,6.543911845564792,0.0,0.0,1.0,3.0,1.0,0.0,3.0,0.0
b3417,228.0,70.749,20.0,10.0,0.3684210526315789,3.044546469723569,179.0,35.832,8.0,5.0,0.39285714285714285,3.2849723936039004,2.262474821020941,0.6941694794265295,0.5997490589711418,6.682108597449809,0.0,1.0,1.0,5.0,0.0,0.0,4.0,0.0
b3418,263.0,72.264,11.0,7.0,0.18181818181818182,2.0660794082514977,223.0,51.673,3.0,3.0,1.0,1.4733996412694814,1.8169700377572995,0.6287069232442267,0.6104328523862376,6.804614520062624,0.0,0.0,0.0,5.0,0.0,0.0,0.0,0.0
b3421,140.0,37.65,4.0,2.0,0.16666666666666666,1.3296411124425869,113.0,25.978,2.0,2.0,1.0,2.9922202274087373,0.3222192947339192,0.6484211686191412,0.5465686274509803,6.013715156042802,0.0,1.0,1.0,5.0,0.0,0.0,0.0,0.0
b3422,145.0,36.853,2.0,2.0,1.0,0.7570421903504618,108.0,26.842,2.0,2.0,1.0,2.9922202274087373,0.1903316981702915,0.6049926419015607,0.6109022556390977,6.278521424165844,0.0,0.0,0.0,3.0,0.0,0.0,0.0,0.0
b3423,0.0,0.0,0.0,0.0,0.0,0.0,0.0,0.0,0.0,0.0,0.0,0.0,0.0,0.0,0.0,5.53338948872752,0.0,0.0,0.0,3.0,0.0,0.0,0.0,0.0
b3424,401.0,97.507,4.0,4.0,0.0,0.9683187935316703,362.0,76.195,1.0,1.0,0.0,2.9922202274087373,0.5634810853944107,0.6024560413851897,0.6231884057971014,5.6240175061873385,6.0,0.0,1.0,5.0,0.0,1.0,0.0,0.0
b3425,266.0,70.321,13.0,9.0,0.34615384615384615,2.375404175742721,223.0,39.526,1.0,1.0,0.0,2.9922202274087373,1.3224260524059526,0.6940816958669346,0.6388888888888888,4.6913478822291435,0.0,0.0,1.0,5.0,1.0,0.0,4.0,0.0
b3426,290.0,91.886,18.0,10.0,0.43790849673202614,3.2027563838403896,201.0,36.235,6.0,6.0,1.0,2.837485370048069,2.7050165252149725,0.6603542534702029,0.6107784431137725,6.218600119691729,0.0,1.0,1.0,5.0,1.0,0.0,3.0,0.0
b3427,0.0,0.0,0.0,0.0,0.0,0.0,0.0,0.0,0.0,0.0,0.0,0.0,0.0,0.48697710421936957,0.5268817204301075,4.543294782270004,0.0,0.0,0.0,1.0,0.0,0.0,0.0,0.0
b3428,219.0,65.146,16.0,10.0,0.48333333333333334,2.640195307117328,188.0,34.594,5.0,5.0,0.7,2.3419571932073797,2.1303659372652075,0.6425908829664617,0.6098159509202454,6.704414354964107,0.0,1.0,1.0,4.0,0.0,0.0,4.0,0.0
b3429,238.0,64.26,8.0,7.0,0.5357142857142857,1.4824301369057922,204.0,42.504,7.0,5.0,0.38095238095238093,3.61761481142399,2.499700825897211,0.5453722032940487,0.5723270440251572,6.169610732491456,0.0,0.0,1.0,4.0,0.0,0.0,4.0,0.0
b3430,353.0,103.871,18.0,10.0,0.33986928104575165,3.0469455250166395,277.0,48.478,7.0,5.0,0.42857142857142855,2.937059186969875,2.494168513490308,0.6361951023749534,0.5986078886310905,6.068425588244111,0.0,0.0,1.0,5.0,0.0,0.0,6.0,0.0
b3431,165.0,47.752,13.0,10.0,0.7051282051282052,2.131777458362819,119.0,23.273,5.0,5.0,0.7,2.3324059876166654,1.1306553490220306,0.5579478097311206,0.5829528158295282,6.489204931325317,0.0,0.0,1.0,5.0,0.0,0.0,2.0,0.0
b3432,296.0,82.205,12.0,10.0,0.4393939393939394,1.9437515516484016,261.0,49.718,9.0,5.0,0.3333333333333333,3.59567462204894,1.926908101705436,0.6400579905980013,0.592032967032967,6.591673732008658,0.0,0.0,1.0,4.0,0.0,0.0,3.0,0.0
b3433,371.0,97.692,11.0,10.0,0.6363636363636364,1.8323456941071408,339.0,66.537,3.0,3.0,0.0,1.4282402148779594,3.21325471004923,0.5854604213793475,0.5885558583106267,5.908082938168931,0.0,0.0,1.0,5.0,0.0,0.0,9.0,0.0
b3434,92.0,22.985,1.0,1.0,0.0,0.7045788857474719,75.0,14.36,0.0,0.0,0.0,0.0,-1.3872161432802645,0.5042430975978556,0.5888324873096447,5.288267030694535,6.0,0.0,0.0,2.0,0.0,1.0,0.0,0.0
b3437,112.0,33.158,10.0,6.0,0.37777777777777777,2.0983273009331613,82.0,16.775,3.0,2.0,0.0,2.924774105517461,1.207095540419218,0.6686436192378828,0.56,5.170483995038151,0.0,0.0,1.0,3.0,0.0,0.0,5.0,1.0
b3438,230.0,65.016,13.0,6.0,0.15384615384615385,2.9265892545177974,130.0,20.78,1.0,1.0,0.0,1.856088885859429,1.9595660466379277,0.6003199047942024,0.5830815709969789,5.805134968916488,0.0,0.0,0.0,3.0,0.0,0.0,0.0,0.0
b3439,97.0,23.107,3.0,3.0,0.3333333333333333,1.8675474747417655,81.0,16.295,0.0,0.0,0.0,0.0,2.1959273135972244,0.7000651504955328,0.6060606060606061,5.44673737166631,0.0,1.0,1.0,4.0,0.0,0.0,0.0,0.0
b3440,204.0,53.574,4.0,3.0,0.16666666666666666,2.0235090641601263,187.0,37.336,0.0,0.0,0.0,0.0,2.056942945672877,0.6512202686635195,0.5768115942028985,5.846438775057725,0.0,0.0,1.0,2.0,0.0,0.0,0.0,0.0
b3441,164.0,46.194,9.0,7.0,0.3333333333333333,1.9213766306707485,152.0,28.864,0.0,0.0,0.0,0.0,0.7347998295888469,0.5569294311718105,0.5740740740740741,5.093750200806762,0.0,0.0,2.0,3.0,0.0,0.0,2.0,0.0
b3442,227.0,54.775,0.0,0.0,0.0,0.0,201.0,44.904,0.0,0.0,0.0,0.0,0.04139268515822508,0.4414073137224876,0.2602040816326531,5.973809611869261,0.0,0.0,0.0,1.0,0.0,0.0,0.0,0.0
b3443,0.0,0.0,0.0,0.0,0.0,0.0,0.0,0.0,0.0,0.0,0.0,0.0,0.0,0.0,0.0,4.9344739331306915,0.0,0.0,0.0,1.0,0.0,0.0,0.0,0.0
b3444,164.0,45.445,6.0,6.0,0.9333333333333333,1.7950004278426672,115.0,27.306,6.0,6.0,0.9333333333333333,2.092617885929455,-0.7011469235902933,0.5312352201668127,0.5494505494505495,4.5217885770490405,0.0,0.0,0.0,2.0,0.0,0.0,0.0,0.0
b3445,145.0,43.9,11.0,7.0,0.6727272727272727,3.0514465955565795,119.0,32.424,11.0,7.0,0.6727272727272727,3.5731969484069372,0.0,0.5339157128324036,0.6646706586826348,5.123963979403259,0.0,0.0,0.0,2.0,0.0,0.0,0.0,0.0
b3446,32.0,10.117,0.0,0.0,0.0,0.0,8.0,1.491,0.0,0.0,0.0,0.0,0.0,0.5522335611504194,0.40425531914893614,4.553876891600541,0.0,0.0,0.0,1.0,0.0,0.0,0.0,0.0
b3447,232.0,67.329,27.0,14.0,0.42450142450142453,3.8873410048885297,182.0,31.087,0.0,0.0,0.0,0.0,1.9395691686559016,0.6189146586645184,0.6310344827586207,6.364750756851911,0.0,0.0,2.0,5.0,0.0,0.0,4.0,0.0
b3448,111.0,35.332,1.0,1.0,0.0,0.712472622036063,89.0,23.33,0.0,0.0,0.0,0.0,2.4440604177407756,0.5439151786969861,0.6506849315068494,4.990432586778736,0.0,0.0,0.0,2.0,0.0,0.0,0.0,0.0
b3449,256.0,63.444,9.0,9.0,0.3611111111111111,1.4659384188615903,223.0,41.657,4.0,4.0,1.0,1.698755405257105,1.6405808064896525,0.5943313890290061,0.6477732793522267,5.5134287461649825,0.0,1.0,1.0,5.0,1.0,0.0,1.0,0.0
b3450,333.0,157.076,50.0,32.0,0.4555102040816327,5.704697809446524,248.0,47.686,13.0,7.0,0.1794871794871795,4.2105304890481,1.844539302129008,0.6590189263668818,0.6460674157303371,5.877735781779639,0.0,0.0,1.0,5.0,0.0,1.0,1.0,0.0
b3451,286.0,144.862,42.0,32.0,0.6097560975609756,4.741019423819716,185.0,32.457,8.0,5.0,0.5,3.0156892559184687,-1.4559319556497243,0.6152077813580241,0.7402135231316725,5.641907070938114,6.0,0.0,0.0,5.0,0.0,1.0,1.0,0.0
b3452,302.0,148.094,42.0,32.0,0.6190476190476191,4.719070268641245,184.0,31.035,6.0,5.0,0.7333333333333333,2.340393666055435,0.0,0.5923402075129736,0.7423728813559322,5.69035945432406,6.0,0.0,0.0,5.0,0.0,1.0,1.0,0.0
b3453,348.0,149.095,19.0,10.0,0.21637426900584794,2.69535471009079,222.0,38.278,7.0,5.0,0.7142857142857143,2.659821778748908,2.722642147730201,0.6418266405248344,0.6575342465753424,6.0844994130751715,0.0,0.0,0.0,5.0,0.0,0.0,1.0,0.0
b3454,270.0,125.936,7.0,7.0,0.7619047619047619,1.2679141736778496,164.0,22.704,5.0,5.0,1.0,2.2228124467465924,1.9320169064342014,0.648686150376093,0.6877637130801688,5.472270673671475,0.0,0.0,0.0,5.0,0.0,0.0,2.0,0.0
b3455,273.0,126.427,8.0,7.0,0.5,1.3819494875252434,168.0,23.203,5.0,5.0,1.0,2.2228124467465924,2.0899404184986348,0.6280433141224192,0.6666666666666666,5.545177444479562,0.0,0.0,0.0,5.0,0.0,0.0,2.0,0.0
b3456,254.0,128.815,25.0,15.0,0.1,3.3165373406090235,146.0,34.009,16.0,10.0,0.08333333333333333,4.927542614191279,0.5526682161121932,0.6197037076458871,0.6941176470588235,6.054439346269371,11.0,0.0,0.0,5.0,0.0,1.0,2.0,0.0
b3457,249.0,121.771,8.0,7.0,0.6071428571428571,1.3683863682333206,125.0,17.629,5.0,5.0,1.0,2.2228124467465924,-0.4634415574284699,0.692702087069227,0.7207792207792207,5.733341276897746,8.0,0.0,0.0,5.0,0.0,1.0,2.0,0.0
b3458,296.0,134.014,10.0,7.0,0.5333333333333333,1.5996859131710761,194.0,27.986,5.0,5.0,1.0,2.2228124467465924,2.7474195769489884,0.6095591827831609,0.6097560975609756,5.91350300563827,0.0,0.0,0.0,4.0,0.0,0.0,2.0,0.0
b3459,69.0,27.263,7.0,6.0,0.42857142857142855,1.737964577482591,42.0,4.366,0.0,0.0,0.0,0.0,1.421768401206924,0.5811930942517104,0.6456692913385826,4.852030263919617,0.0,0.0,0.0,5.0,0.0,0.0,0.0,0.0
b3460,324.0,141.02,13.0,9.0,0.3717948717948718,1.9171692778579397,193.0,28.302,5.0,5.0,1.0,2.2228124467465924,3.694167174182021,0.6673477844506985,0.6267029972752044,5.908082938168931,0.0,0.0,0.0,4.0,0.0,0.0,2.0,0.0
b3461,558.0,168.732,29.0,16.0,0.3472906403940887,3.0194136026296574,464.0,92.718,4.0,3.0,0.16666666666666666,1.743625698288015,1.6637951222194076,0.6309108203185061,0.6267605633802817,5.652489180268651,0.0,0.0,0.0,5.0,1.0,0.0,0.0,0.0
b3462,342.0,95.055,18.0,13.0,0.5882352941176471,2.3989701044032827,319.0,65.92,3.0,2.0,0.3333333333333333,1.7625791496783636,1.540454613671412,0.5925395942980665,0.5965909090909091,5.8664680569332965,4.0,0.0,0.0,5.0,0.0,1.0,1.0,0.0
b3463,342.0,101.54,21.0,14.0,0.44761904761904764,2.6768608016571838,316.0,67.977,6.0,4.0,0.06666666666666667,2.2557164336820956,2.1523189274246453,0.6033136397944368,0.6486486486486487,5.407171771460119,0.0,0.0,0.0,5.0,1.0,1.0,1.0,0.0
b3464,531.0,173.85,52.0,38.0,0.5784313725490197,3.9641091795448578,476.0,91.59,6.0,3.0,0.06666666666666667,3.1355801707400848,2.4814569614170074,0.6342297614514083,0.5573440643863179,6.210600077024653,0.0,0.0,1.0,5.0,1.0,1.0,3.0,1.0
b3465,212.0,56.398,6.0,4.0,0.13333333333333333,1.9575184714356002,207.0,50.008,5.0,2.0,0.0,3.933102622763785,0.9763499790032735,0.5631266421341206,0.5454545454545454,5.293304824724492,0.0,0.0,1.0,3.0,0.0,0.0,0.0,0.0
b3466,88.0,27.496,1.0,1.0,0.0,0.6534587323922415,69.0,19.012,1.0,1.0,0.0,1.1233758744987905,-1.5228787452803376,0.6293949070332628,0.5955056179775281,4.499809670330265,0.0,0.0,0.0,1.0,0.0,0.0,0.0,0.0
b3467,38.0,10.979,2.0,2.0,1.0,2.1194699064337437,30.0,6.035,0.0,0.0,0.0,0.0,1.1734776434529945,0.5937144825544346,0.5546218487394958,4.787491742782046,0.0,0.0,0.0,1.0,0.0,0.0,0.0,0.0
b3468,30.0,8.761,0.0,0.0,0.0,0.0,16.0,4.025,1.0,1.0,0.0,1.1233758744987905,-0.7798919119599449,0.5579864243099824,0.6778846153846154,5.342334251964811,6.0,0.0,0.0,2.0,0.0,1.0,0.0,0.0
b3469,301.0,79.991,12.0,6.0,0.24242424242424243,2.9940529309193677,265.0,45.278,0.0,0.0,0.0,0.0,1.5212688755983852,0.5775515459898697,0.6174863387978142,6.597145701886651,8.0,0.0,3.0,5.0,0.0,1.0,0.0,0.0
b3470,207.0,62.585,16.0,8.0,0.43333333333333335,3.097839557673674,174.0,30.399,0.0,0.0,0.0,0.0,1.7679717213816188,0.6215164774802894,0.5802469135802469,4.406719247264253,0.0,0.0,0.0,5.0,1.0,0.0,1.0,0.0
b3471,211.0,54.553,5.0,4.0,0.3,1.5485102791923244,183.0,38.752,1.0,1.0,0.0,2.9922202274087373,-0.6575773191777937,0.5599151892029185,0.6515837104072398,5.402677381872279,6.0,0.0,0.0,4.0,0.0,1.0,0.0,0.0
b3472,37.0,12.749,2.0,2.0,0.0,0.8177783533155832,12.0,2.228,1.0,1.0,0.0,2.9922202274087373,2.496943478887436,0.6307004509354378,0.6054054054054054,5.225746673713202,0.0,0.0,0.0,4.0,0.0,1.0,0.0,0.0
b3473,238.0,58.92,0.0,0.0,0.0,0.0,207.0,45.371,0.0,0.0,0.0,0.0,0.07554696139253074,0.511851199766118,0.6444444444444445,6.0063531596017325,12.0,0.0,0.0,4.0,0.0,1.0,0.0,0.0
b3474,150.0,33.376,0.0,0.0,0.0,0.0,141.0,29.98,0.0,0.0,0.0,0.0,-0.8961962790440431,0.5237299694441545,0.6217765042979942,5.857933154483459,8.0,0.0,0.0,2.0,0.0,1.0,0.0,0.0
b3475,246.0,62.312,4.0,4.0,0.0,0.9764228828790915,222.0,51.845,1.0,1.0,0.0,0.7867042466848245,0.3138672203691533,0.5413511867001125,0.6102564102564103,5.278114659230517,0.0,0.0,1.0,3.0,0.0,0.0,2.0,1.0
b3476,357.0,150.87,24.0,17.0,0.4492753623188406,3.2755856857321395,216.0,46.307,7.0,6.0,0.5714285714285714,1.9442112263410645,1.1961761850399732,0.6369949435405396,0.6087786259541985,6.263398262591624,0.0,0.0,0.0,4.0,0.0,0.0,1.0,0.0
b3477,281.0,136.779,26.0,17.0,0.5107692307692308,3.5272674385089546,160.0,32.287,20.0,12.0,0.4421052631578947,4.548090833184078,-0.7447274948966939,0.6425263960280106,0.7229299363057324,5.752572638825633,6.0,0.0,0.0,4.0,0.0,1.0,1.0,0.0
b3478,233.0,130.883,37.0,17.0,0.3003003003003003,4.541543579176811,154.0,43.133,28.0,12.0,0.2275132275132275,6.517367134067316,-0.22914798835785583,0.6140517359597986,0.7545126353790613,5.627621113690637,6.0,0.0,0.0,4.0,0.0,1.0,1.0,0.0
b3479,300.0,149.338,42.0,17.0,0.17305458768873402,5.7713795111199,190.0,58.928,31.0,12.0,0.09462365591397849,7.899943309612026,0.27184160653649897,0.5928448333195351,0.6771653543307087,5.541263545158426,0.0,0.0,1.0,3.0,0.0,1.0,1.0,0.0
b3480,310.0,140.501,17.0,16.0,0.5588235294117647,2.255812481780613,238.0,49.7,10.0,8.0,0.4444444444444444,2.508387577327445,0.6148972160331346,0.6141549947961399,0.6417910447761194,5.594711379601839,0.0,0.0,1.0,3.0,0.0,1.0,1.0,0.0
b3481,214.0,59.846,14.0,8.0,0.1978021978021978,2.6550406533293547,155.0,31.232,5.0,5.0,1.0,1.504567147132607,1.8189513116401728,0.6229969826349762,0.6992481203007519,4.897839799950911,0.0,1.0,0.0,5.0,0.0,0.0,0.0,0.0
b3482,301.0,80.492,3.0,2.0,0.0,1.7995578136314831,294.0,76.914,4.0,3.0,0.16666666666666666,2.8620690200569334,-0.2898826348881837,0.5803412044096959,0.669029057406095,7.252762418053187,0.0,0.0,0.0,2.0,0.0,0.0,0.0,0.0
b3483,38.0,13.732,2.0,1.0,0.0,1.8701333584027904,23.0,8.622,2.0,1.0,0.0,2.2537416867974063,-0.4762535331884355,0.47052464254962695,0.29133858267716534,4.852030263919617,0.0,0.0,0.0,1.0,0.0,0.0,0.0,0.0
b3484,127.0,34.941,5.0,4.0,0.5,2.244552473279899,99.0,20.994,0.0,0.0,0.0,0.0,-0.010995384301463193,0.4993155152449463,0.4074074074074074,5.937536205082426,0.0,0.0,0.0,2.0,0.0,0.0,0.0,0.0
b3485,246.0,88.166,6.0,5.0,0.13333333333333333,1.360497857900795,132.0,20.546,3.0,2.0,0.6666666666666666,2.0841668395010893,-0.06348625752110672,0.6004876421620334,0.6925133689839572,5.926926025970411,6.0,0.0,0.0,2.0,0.0,1.0,0.0,0.0
b3486,594.0,183.807,25.0,23.0,0.8466666666666667,2.0498797406410603,503.0,74.444,2.0,2.0,1.0,1.5483137124125024,0.9623693356700211,0.5903192536746722,0.6663007683863886,6.815639990074331,6.0,0.0,0.0,5.0,0.0,1.0,0.0,0.0
b3487,104.0,30.745,6.0,5.0,0.3333333333333333,1.312607923724686,72.0,17.326,5.0,3.0,0.5,2.982342713154949,1.9212181211949504,0.5744416563706003,0.5859154929577465,5.87493073085203,0.0,0.0,0.0,2.0,0.0,0.0,0.0,0.0
b3488,24.0,7.652,2.0,2.0,0.0,1.117610563892623,10.0,2.821,0.0,0.0,0.0,0.0,0.4329692908744057,0.46578329855301387,0.3333333333333333,6.293419278846481,0.0,0.0,0.0,1.0,0.0,0.0,0.0,0.0
b3491,66.0,23.251,3.0,3.0,1.0,0.835696558099169,37.0,6.807,0.0,0.0,0.0,0.0,0.0,0.47206889563663196,0.5028571428571429,5.860786223465865,10.0,0.0,0.0,2.0,0.0,1.0,0.0,0.0
b3492,164.0,41.276,0.0,0.0,0.0,0.0,126.0,24.161,0.0,0.0,0.0,0.0,0.5809249756756193,0.58970215300736,0.63,5.993961427306569,0.0,1.0,1.0,4.0,0.0,0.0,0.0,0.0
b3493,287.0,61.523,0.0,0.0,0.0,0.0,261.0,47.87,0.0,0.0,0.0,0.0,1.7380667147774693,0.5790297821472814,0.6392785571142284,6.214608098422191,10.0,0.0,0.0,5.0,0.0,1.0,0.0,0.0
b3494,142.0,47.982,11.0,6.0,0.23636363636363636,2.6337486378421,121.0,33.364,6.0,3.0,0.3333333333333333,3.1017260333294723,0.5526682161121932,0.5665436855023913,0.4954954954954955,4.718498871295094,2.0,0.0,0.0,3.0,0.0,1.0,0.0,0.0
b3495,448.0,129.21,14.0,10.0,0.4945054945054945,2.4067871861949355,417.0,101.181,10.0,8.0,0.7111111111111111,3.514203805628339,4.478379030378092,0.6215979476413777,0.5694444444444444,4.976733742420574,0.0,0.0,0.0,4.0,1.0,0.0,0.0,0.0
b3496,149.0,36.325,1.0,1.0,0.0,0.7871831442036112,118.0,21.304,0.0,0.0,0.0,0.0,0.28555730900777376,0.5486591956238218,0.6523517382413088,6.194405391104672,14.0,0.0,0.0,5.0,0.0,1.0,0.0,0.0
b3497,250.0,61.861,2.0,2.0,0.0,0.8896368615461505,227.0,48.199,1.0,1.0,0.0,2.9922202274087373,0.795184589682424,0.5997220154552462,0.612,5.5254529391317835,0.0,0.0,1.0,4.0,1.0,0.0,0.0,0.0
b3498,164.0,42.446,2.0,2.0,0.0,0.865989828576176,143.0,29.766,1.0,1.0,0.0,2.9922202274087373,2.610670807432031,0.6811822690622099,0.6308823529411764,6.523562306149512,0.0,1.0,1.0,4.0,0.0,0.0,0.0,0.0
b3499,171.0,44.742,4.0,3.0,0.16666666666666666,1.2422230378608483,146.0,26.089,0.0,0.0,0.0,0.0,1.3821972103774538,0.6569119722198015,0.625,5.638354669333745,0.0,0.0,1.0,5.0,0.0,0.0,0.0,0.0
b3500,404.0,116.506,25.0,11.0,0.21333333333333335,3.860295783037371,346.0,56.994,1.0,1.0,0.0,0.8263511801583198,2.2175102642940274,0.713117450044767,0.62,6.111467339502679,0.0,1.0,1.0,5.0,1.0,0.0,2.0,0.0
b3501,256.0,68.114,13.0,6.0,0.16666666666666666,3.6653685782319814,185.0,29.479,1.0,1.0,0.0,2.3754623539078814,0.146128035678238,0.5166281578100791,0.5726495726495726,4.770684624465665,0.0,0.0,0.0,3.0,0.0,0.0,0.0,0.0
b3502,172.0,39.605,2.0,2.0,1.0,1.074661402659135,144.0,26.43,2.0,1.0,0.0,4.225735974410449,0.0,0.5791264375412263,0.6223776223776224,6.063785208687608,11.0,0.0,0.0,3.0,0.0,1.0,0.0,0.0
b3503,143.0,34.989,2.0,2.0,1.0,1.074661402659135,108.0,19.128,1.0,1.0,0.0,2.3754623539078814,0.7427251313046982,0.709157587154988,0.5815602836879432,4.955827057601261,0.0,0.0,1.0,3.0,0.0,0.0,0.0,0.0
b3504,0.0,0.0,0.0,0.0,0.0,0.0,0.0,0.0,0.0,0.0,0.0,0.0,0.0,0.0,0.0,5.564520407322694,0.0,0.0,0.0,1.0,0.0,0.0,0.0,0.0
b3505,39.0,17.289,6.0,5.0,0.8,2.989009321228127,16.0,7.672,6.0,5.0,0.8,3.727147120241406,-0.2218487496163564,0.6013635961704563,0.7116564417177914,5.7899601708972535,0.0,0.0,0.0,2.0,0.0,0.0,0.0,0.0
b3506,312.0,83.709,14.0,11.0,0.7912087912087912,2.3840684599850746,262.0,58.834,12.0,8.0,0.6818181818181818,4.457992222304859,2.755119898919951,0.5994931718415719,0.4946808510638298,5.241747015059643,0.0,0.0,0.0,4.0,0.0,1.0,0.0,0.0
b3507,82.0,31.23,14.0,11.0,0.5604395604395604,2.57017409009045,47.0,11.414,3.0,3.0,1.0,1.4161568091020527,-0.31785492362616824,0.6009128861689822,0.48295454545454547,5.176149732573829,0.0,0.0,0.0,3.0,0.0,0.0,0.0,0.0
b3508,193.0,51.798,16.0,11.0,0.6166666666666667,2.7905698291776497,178.0,40.09,12.0,8.0,0.6515151515151515,4.472084002910205,-0.1719849357760231,0.4930665441647363,0.4744186046511628,5.375278407684165,5.0,0.0,0.0,3.0,0.0,1.0,0.0,0.0
b3509,134.0,44.393,11.0,11.0,0.9636363636363636,1.9062705036592418,91.0,22.119,8.0,8.0,1.0,3.036447118821544,3.2097856940165737,0.6090525870495529,0.39814814814814814,4.6913478822291435,0.0,0.0,0.0,5.0,0.0,0.0,0.0,0.0
b3510,154.0,52.562,14.0,11.0,0.7362637362637363,2.415749722628021,85.0,22.067,8.0,8.0,1.0,3.0364471188215436,3.647383948254243,0.5735785089917986,0.36363636363636365,4.709530201312334,0.0,0.0,0.0,5.0,0.0,0.0,0.0,0.0
b3511,300.0,87.177,17.0,11.0,0.5882352941176471,3.123829463034795,282.0,75.999,13.0,8.0,0.5641025641025641,5.409266135347133,2.1238842934600077,0.5107247795576616,0.5473684210526316,5.25227342804663,6.0,0.0,0.0,2.0,0.0,1.0,0.0,0.0
b3512,135.0,52.481,22.0,11.0,0.41125541125541126,3.7298089619468047,65.0,17.705,11.0,8.0,0.6545454545454545,4.356979510332542,1.3161800988934527,0.5847366594247083,0.3942857142857143,5.170483995038151,0.0,0.0,0.0,3.0,0.0,0.0,0.0,0.0
b3513,136.0,52.003,19.0,11.0,0.42105263157894735,3.139916705820808,95.0,29.07,13.0,7.0,0.3333333333333333,5.070401290433966,1.7177536932107156,0.5437519518010616,0.6285714285714286,5.955837369464831,0.0,0.0,0.0,4.0,0.0,1.0,0.0,0.0
b3514,116.0,46.004,13.0,11.0,0.3974358974358974,2.291400626648374,77.0,22.099,6.0,4.0,0.4,2.5961461651368323,1.2016701796465816,0.5848064995960864,0.6142719382835101,6.945051063725834,12.0,0.0,0.0,5.0,0.0,1.0,0.0,0.0
b3515,235.0,63.555,14.0,11.0,0.6593406593406593,2.743867580123678,177.0,33.954,2.0,1.0,0.0,2.270778596002487,1.0047511555910011,0.5365621027018377,0.4462809917355372,5.493061443340548,0.0,0.0,0.0,4.0,0.0,0.0,0.0,0.0
b3516,300.0,84.159,15.0,11.0,0.5904761904761905,2.5018549875898435,238.0,51.948,3.0,2.0,0.3333333333333333,2.0680448954499724,-0.14630178822382564,0.44357152227787433,0.3722627737226277,5.616771097666572,0.0,0.0,0.0,4.0,0.0,0.0,0.0,0.0
b3517,310.0,114.745,61.0,15.0,0.20382513661202187,8.379442484241665,194.0,41.353,12.0,8.0,0.6515151515151515,4.432865913599936,3.128402500063537,0.6611402765652872,0.6201716738197425,6.1463292576688975,0.0,1.0,1.0,5.0,0.0,0.0,8.0,0.0
b3518,300.0,78.889,1.0,1.0,0.0,0.5377169478068726,263.0,56.456,0.0,0.0,0.0,0.0,1.9717859378791145,0.583818713139787,0.47956989247311826,6.144185634125646,1.0,1.0,1.0,5.0,0.0,1.0,0.0,0.0
b3519,208.0,48.288,4.0,4.0,1.0,1.0563232468263717,180.0,32.262,0.0,0.0,0.0,0.0,0.34242268082220617,0.6305116100008207,0.6083788706739527,6.309918278226516,0.0,0.0,1.0,4.0,1.0,0.0,3.0,0.0
b3520,185.0,46.891,6.0,6.0,0.0,1.381435567732032,166.0,35.681,6.0,4.0,0.0,3.526313843390203,-1.1023729087095586,0.5573685907141943,0.545,5.303304908059076,0.0,0.0,0.0,2.0,0.0,0.0,0.0,0.0
b3521,188.0,51.754,4.0,4.0,0.0,1.4025459351350822,157.0,38.589,2.0,2.0,0.0,1.3653662533829123,0.06445798922691845,0.5700251692027457,0.5551839464882943,5.703782474656201,0.0,0.0,0.0,2.0,0.0,0.0,0.0,0.0
b3522,312.0,73.386,1.0,1.0,0.0,0.5515663003574444,289.0,65.512,1.0,1.0,0.0,0.8486764045698529,0.8344207036815325,0.5847173069556515,0.6468842729970327,5.823045895483019,6.0,0.0,0.0,2.0,0.0,1.0,0.0,0.0
b3523,102.0,26.401,1.0,1.0,0.0,0.7259090074883707,70.0,11.63,0.0,0.0,0.0,0.0,1.445759836488631,0.5540836382532403,0.6454545454545455,6.089044875446846,12.0,0.0,0.0,2.0,0.0,1.0,0.0,0.0
b3524,258.0,66.198,7.0,6.0,0.38095238095238093,1.5850725075766852,248.0,60.082,2.0,2.0,0.0,1.0407211137736643,1.3946267642722092,0.5706168802286193,0.5728862973760933,6.532334292222349,1.0,0.0,0.0,3.0,0.0,1.0,0.0,0.0
b3525,260.0,95.525,46.0,17.0,0.2782608695652174,5.692454377393678,228.0,75.371,36.0,13.0,0.2492063492063492,6.710526106824756,0.8633228601204559,0.5397460509757455,0.5803921568627451,5.545177444479562,0.0,0.0,1.0,4.0,0.0,0.0,1.0,0.0
b3526,248.0,66.54,14.0,8.0,0.38461538461538464,2.6728900443898618,220.0,42.015,0.0,0.0,0.0,0.0,2.292278228672973,0.6828914586545106,0.6699029126213593,5.736572297479192,0.0,0.0,1.0,4.0,0.0,0.0,4.0,1.0
b3527,513.0,146.121,12.0,10.0,0.3181818181818182,1.9202289695295633,479.0,118.221,7.0,5.0,0.2857142857142857,3.281041960789658,2.033463966077405,0.5893413125386024,0.570281124497992,6.212606095751519,0.0,0.0,0.0,2.0,0.0,0.0,0.0,0.0
b3528,217.0,63.837,10.0,6.0,0.2,1.9326348831950613,169.0,34.912,4.0,4.0,0.5,1.5236388135772831,1.8802989914257526,0.625156847165105,0.6144859813084113,6.061456918928017,8.0,0.0,0.0,5.0,0.0,1.0,1.0,0.0
b3529,223.0,70.252,21.0,13.0,0.30952380952380953,3.2537775556382775,209.0,58.232,15.0,11.0,0.17142857142857143,3.45878249466209,0.8881794939183248,0.5951063717266466,0.595166163141994,6.4967749901858625,2.0,0.0,1.0,3.0,0.0,1.0,0.0,0.0
b3530,690.0,168.141,6.0,5.0,0.2,1.644874458544456,673.0,144.759,3.0,3.0,1.0,2.992220227408737,0.8573324964312685,0.5915076494561056,0.6257562662057045,7.05444965813294,0.0,0.0,0.0,2.0,0.0,0.0,0.0,0.0
b3531,268.0,71.778,11.0,6.0,0.38181818181818183,2.555313309138249,222.0,46.57,3.0,3.0,1.0,2.992220227408737,-0.22329881601158919,0.5661439154203987,0.6385869565217391,5.910796644040527,0.0,0.0,1.0,4.0,0.0,0.0,0.0,0.0
b3532,348.0,89.393,9.0,6.0,0.5,2.3844752874005053,301.0,59.551,3.0,3.0,1.0,2.992220227408737,-0.10679324694015198,0.6367366741962941,0.6469833119383825,6.659293919683638,1.0,0.0,0.0,3.0,0.0,1.0,0.0,0.0
b3533,309.0,93.326,23.0,12.0,0.2490118577075099,4.006235590413896,281.0,53.084,3.0,3.0,1.0,2.992220227408737,0.4132997640812518,0.6199401123353167,0.6708715596330275,6.771935555839602,10.0,1.0,1.0,5.0,0.0,1.0,3.0,0.0
b3534,0.0,0.0,0.0,0.0,0.0,0.0,0.0,0.0,0.0,0.0,0.0,0.0,0.0,0.0,0.0,5.493061443340548,0.0,0.0,0.0,2.0,0.0,0.0,0.0,0.0
b3535,30.0,10.995,6.0,6.0,1.0,1.627514362107424,11.0,2.109,0.0,0.0,0.0,0.0,0.0,0.5970251883196511,0.46774193548387094,4.143134726391533,0.0,0.0,0.0,2.0,0.0,0.0,0.0,0.0
b3536,41.0,16.479,7.0,6.0,0.7619047619047619,1.7774017909417532,19.0,3.723,2.0,2.0,1.0,2.9922202274087373,-0.018634490921455603,0.5598668691085994,0.5086042065009561,6.261491684321042,0.0,0.0,0.0,4.0,0.0,0.0,0.0,0.0
b3537,27.0,11.916,6.0,6.0,1.0,1.627514362107424,11.0,3.027,2.0,2.0,1.0,2.9922202274087373,0.8887409606828927,0.5422384152345656,0.5396825396825397,4.1588830833596715,1.0,0.0,0.0,2.0,0.0,1.0,0.0,0.0
b3538,42.0,14.555,6.0,6.0,1.0,1.627514362107424,11.0,3.561,2.0,2.0,1.0,2.9922202274087373,0.5185139398778874,0.5563449303564506,0.6082289803220036,6.327936783729195,4.0,0.0,0.0,2.0,0.0,1.0,0.0,0.0
b3539,243.0,57.29,1.0,1.0,0.0,0.48744753749802006,203.0,43.881,0.0,0.0,0.0,0.0,-0.17069622716897506,0.5698502976122979,0.5437352245862884,6.049733455231958,11.0,0.0,0.0,2.0,0.0,1.0,0.0,0.0
b3540,254.0,127.915,27.0,17.0,0.6267806267806267,3.600585356310483,142.0,30.49,14.0,12.0,0.5934065934065934,3.194497532030925,1.8007857903277626,0.6302797312387429,0.6586826347305389,5.814130531825066,0.0,0.0,1.0,5.0,0.0,1.0,1.0,0.0
b3541,234.0,126.986,30.0,17.0,0.35402298850574715,3.7783363290436762,130.0,34.554,19.0,12.0,0.3157894736842105,4.640009668414411,1.8954777962757146,0.6337870510190029,0.6483180428134556,5.793013608384144,0.0,0.0,1.0,5.0,0.0,1.0,1.0,0.0
b3542,224.0,126.404,38.0,17.0,0.29445234708392604,4.518390759967641,143.0,40.041,26.0,12.0,0.26461538461538464,5.8320393517753555,0.534026106056135,0.6385658323986602,0.7266666666666667,5.707110264748875,6.0,0.0,0.0,4.0,0.0,1.0,1.0,0.0
b3543,226.0,122.493,26.0,17.0,0.5876923076923077,3.2139108329051242,131.0,27.819,18.0,12.0,0.47058823529411764,4.059344509858162,1.630529571426824,0.6140782710811489,0.696165191740413,5.8289456176102075,7.0,0.0,0.0,4.0,0.0,1.0,1.0,0.0
b3544,349.0,151.585,35.0,17.0,0.35294117647058826,4.338298666653886,224.0,39.541,8.0,8.0,0.6071428571428571,2.0326953882850574,3.370144699049208,0.6776164437437776,0.6130841121495327,6.284134161070802,0.0,0.0,0.0,5.0,0.0,0.0,2.0,0.0
b3545,0.0,0.0,0.0,0.0,0.0,0.0,0.0,0.0,0.0,0.0,0.0,0.0,0.0,0.0,0.0,0.0,0.0,0.0,0.0,0.0,0.0,0.0,1.0,1.0
b3546,306.0,81.091,13.0,9.0,0.5384615384615384,2.2907788232366473,246.0,49.965,2.0,1.0,0.0,1.9256628596788923,0.9132839017604184,0.6295909110087372,0.5772646536412078,6.335054251498059,5.0,1.0,1.0,4.0,0.0,1.0,2.0,1.0
b3547,213.0,52.174,8.0,5.0,0.2857142857142857,2.124189314126655,183.0,37.724,1.0,1.0,0.0,1.270140405952566,-1.207608310501746,0.6096307075657919,0.5895522388059702,5.998936561946683,12.0,0.0,0.0,3.0,0.0,1.0,1.0,0.0
b3548,61.0,20.154,1.0,1.0,0.0,0.6375303105856603,34.0,7.043,0.0,0.0,0.0,0.0,0.0,0.5673154932911126,0.5517241379310345,5.4510384535657,0.0,0.0,0.0,2.0,0.0,0.0,0.0,0.0
b3549,128.0,32.996,5.0,5.0,0.1,1.2073976594631446,93.0,19.705,3.0,3.0,0.0,1.4630003541634369,0.8401060944567578,0.5798894463022121,0.5401069518716578,5.236441962829949,0.0,0.0,1.0,4.0,0.0,0.0,1.0,0.0
b3550,224.0,70.345,11.0,7.0,0.21818181818181817,2.444390850198176,212.0,57.06,4.0,3.0,0.16666666666666666,2.2193550001473317,-1.1023729087095586,0.5921645568256014,0.5753424657534246,4.990432586778736,0.0,0.0,1.0,4.0,0.0,0.0,0.0,0.0
b3551,180.0,53.545,8.0,7.0,0.14285714285714285,1.658054613545909,158.0,29.582,0.0,0.0,0.0,0.0,0.9390197764486664,0.6065076692760711,0.5611325611325612,6.656726524178391,0.0,1.0,2.0,4.0,0.0,0.0,2.0,1.0
b3552,256.0,59.496,0.0,0.0,0.0,0.0,222.0,39.628,0.0,0.0,0.0,0.0,2.049256797232227,0.6408774585585476,0.6118721461187214,5.393627546352362,2.0,0.0,0.0,4.0,0.0,1.0,0.0,0.0
b3553,326.0,97.333,33.0,13.0,0.2746212121212121,5.090861953762903,304.0,53.991,0.0,0.0,0.0,0.0,2.5955072443882807,0.5641064082956819,0.5555555555555556,5.783825182329737,0.0,0.0,3.0,5.0,1.0,0.0,7.0,1.0
b3554,47.0,13.439,0.0,0.0,0.0,0.0,16.0,1.897,0.0,0.0,0.0,0.0,2.5353067815049046,0.6037575170306112,0.4957627118644068,5.4680601411351315,0.0,0.0,0.0,1.0,0.0,0.0,0.0,0.0
b3555,150.0,56.655,14.0,11.0,0.5824175824175825,2.758323926974424,133.0,46.012,13.0,11.0,0.5897435897435898,4.215229868478856,-0.2055119533408304,0.49548109516703837,0.4895833333333333,4.574710978503383,0.0,0.0,0.0,2.0,0.0,0.0,0.0,0.0
b3556,349.0,144.124,71.0,52.0,0.6104627766599597,5.544081658051387,279.0,69.343,14.0,14.0,0.978021978021978,3.180834542275621,2.7958869660001966,0.6230357321823465,0.5571428571428572,4.2626798770413155,0.0,0.0,0.0,5.0,1.0,0.0,0.0,0.0
b3557,116.0,28.858,2.0,2.0,0.0,1.150762784945035,94.0,19.873,1.0,1.0,0.0,2.9922202274087373,0.0,0.4377933799552457,0.42196531791907516,5.159055299214529,0.0,0.0,0.0,1.0,0.0,0.0,0.0,0.0
b3558,47.0,14.772,3.0,2.0,0.0,1.9212259492895736,26.0,6.265,1.0,1.0,0.0,2.9922202274087373,0.7972675408307164,0.47639237615154223,0.4416961130742049,5.648974238161206,0.0,0.0,0.0,3.0,0.0,0.0,0.0,0.0
b3559,261.0,68.652,5.0,5.0,0.8,0.8389668894912095,250.0,60.048,3.0,2.0,0.3333333333333333,1.7669034853375905,2.8825302298505027,0.6786769363823341,0.6081277213352685,6.536691597591305,0.0,0.0,1.0,4.0,1.0,0.0,1.0,1.0
b3560,308.0,86.554,9.0,8.0,0.8055555555555556,1.1872635646756466,293.0,62.269,2.0,2.0,0.0,1.3537684781113581,2.6570654187095046,0.6933949740656221,0.6996699669966997,5.717027701406222,0.0,0.0,1.0,3.0,1.0,0.0,1.0,1.0
b3561,357.0,91.791,7.0,4.0,0.19047619047619047,2.371906252507558,334.0,84.365,5.0,3.0,0.3,3.227539552336062,-1.7958800173440752,0.5643447399519025,0.56797583081571,5.805134968916488,10.0,0.0,1.0,4.0,0.0,1.0,0.0,0.0
b3562,149.0,34.469,3.0,3.0,0.3333333333333333,1.3452897602765872,140.0,31.848,2.0,1.0,0.0,2.664008295698452,0.33243845991560533,0.5233343631427566,0.4068965517241379,4.983606621708336,4.0,0.0,0.0,2.0,0.0,1.0,0.0,0.0
b3563,55.0,19.835,6.0,3.0,0.3333333333333333,2.177553126800766,42.0,12.661,1.0,1.0,0.0,1.601690671614251,0.0,0.48613866852139875,0.4336283185840708,4.736198448394496,4.0,0.0,0.0,2.0,0.0,1.0,0.0,0.0
b3564,221.0,68.87,15.0,8.0,0.3619047619047619,2.793137270917012,188.0,32.146,1.0,1.0,0.0,1.235633802050271,0.28103336724772754,0.4803679260377132,0.5413223140495868,6.184148890937483,0.0,0.0,2.0,5.0,0.0,0.0,2.0,0.0
b3565,208.0,73.452,20.0,8.0,0.18947368421052632,3.6007658455759475,102.0,15.394,3.0,2.0,0.0,2.7531278577956977,1.0759117614827776,0.665607662673772,0.5522727272727272,6.089044875446846,0.0,1.0,1.0,4.0,1.0,0.0,3.0,0.0
b3566,310.0,142.178,26.0,15.0,0.4307692307692308,3.642041237192417,146.0,33.069,4.0,3.0,0.3333333333333333,2.0415381858607016,2.3838333116626265,0.562513607549663,0.43636363636363634,5.802118375377063,0.0,0.0,0.0,4.0,0.0,0.0,1.0,0.0
b3567,235.0,123.059,22.0,15.0,0.3939393939393939,3.1882138740388664,111.0,23.898,12.0,10.0,0.06060606060606061,3.7479704214081315,0.08635983067474821,0.5634684145177035,0.48927875243664715,6.2422232654551655,0.0,0.0,1.0,4.0,0.0,1.0,1.0,0.0
b3568,234.0,123.952,20.0,15.0,0.35789473684210527,3.218704194140408,99.0,21.856,14.0,10.0,0.08791208791208792,4.567333510737904,0.7209857441537391,0.498963519386412,0.5801526717557252,5.976350909297934,11.0,0.0,0.0,3.0,0.0,1.0,1.0,0.0
b3569,368.0,93.047,11.0,8.0,0.2727272727272727,1.98730358986634,315.0,58.587,2.0,2.0,0.0,1.1720458303707262,-0.3260580013659122,0.5395179533633967,0.49744897959183676,5.973809611869261,0.0,0.0,0.0,2.0,0.0,0.0,0.0,0.0
b3570,241.0,53.19,0.0,0.0,0.0,0.0,220.0,47.265,0.0,0.0,0.0,0.0,0.4082399653118495,0.5492717726553724,0.5474452554744526,5.616771097666572,0.0,0.0,0.0,2.0,0.0,0.0,0.0,0.0
b3571,266.0,73.295,13.0,10.0,0.4230769230769231,2.0757150392902353,229.0,49.974,7.0,4.0,0.2857142857142857,3.6661151344724052,-0.15801519540988607,0.5528410017007741,0.5769230769230769,6.517671272912275,0.0,1.0,1.0,5.0,0.0,0.0,3.0,0.0
b3572,199.0,51.311,7.0,6.0,0.3333333333333333,1.5273391869733957,152.0,28.503,1.0,1.0,0.0,0.8943247853496761,1.5683190850951119,0.6304779424776102,0.60431654676259,6.035481432524756,0.0,1.0,1.0,4.0,1.0,0.0,3.0,0.0
b3573,89.0,25.675,1.0,1.0,0.0,0.8123403584098392,70.0,16.599,0.0,0.0,0.0,0.0,0.0,0.557424178040005,0.5477707006369427,5.062595033026967,0.0,0.0,0.0,2.0,0.0,0.0,0.0,0.0
b3574,100.0,32.862,9.0,6.0,0.4166666666666667,2.5655853322486943,61.0,13.696,0.0,0.0,0.0,0.0,1.314077991779213,0.5784114744009106,0.599290780141844,5.645446897643238,0.0,0.0,0.0,4.0,0.0,0.0,0.0,0.0
b3575,124.0,36.844,12.0,8.0,0.5151515151515151,3.569734627247127,101.0,23.561,2.0,1.0,0.0,4.225735974410449,0.17026171539495738,0.6014220559543015,0.5933734939759037,5.808142489980444,0.0,0.0,1.0,5.0,1.0,0.0,3.0,0.0
b3576,154.0,40.113,9.0,8.0,0.9166666666666666,2.305195065444314,125.0,27.848,1.0,1.0,0.0,2.3754623539078814,-0.2298847052128984,0.6172390785148526,0.4645161290322581,5.049856007249537,0.0,0.0,0.0,2.0,0.0,0.0,0.0,0.0
b3577,179.0,49.947,10.0,8.0,0.6222222222222222,2.7913031296354487,141.0,35.481,6.0,6.0,1.0,2.6108648770276615,0.0,0.47229917387058645,0.445859872611465,5.062595033026967,4.0,0.0,0.0,4.0,0.0,1.0,1.0,0.0
b3578,117.0,32.343,9.0,8.0,0.7777777777777778,2.3567960300898876,97.0,23.429,6.0,6.0,1.0,2.6108648770276615,-1.0087739243075051,0.5391338538634165,0.5788235294117647,6.054439346269371,11.0,0.0,0.0,4.0,0.0,1.0,1.0,0.0
b3579,125.0,35.52,11.0,8.0,0.6181818181818182,2.8044478324533,103.0,26.905,6.0,6.0,1.0,2.6108648770276615,0.7185016888672742,0.5979554377540823,0.5823170731707317,5.796057750765372,0.0,0.0,0.0,4.0,0.0,0.0,1.0,0.0
b3580,174.0,52.798,14.0,8.0,0.4725274725274725,3.2349540241503214,157.0,37.102,6.0,6.0,1.0,2.6108648770276615,-1.0555173278498313,0.5977316097392932,0.6566265060240963,6.212606095751519,0.0,0.0,2.0,5.0,0.0,0.0,3.0,0.0
b3581,97.0,34.118,16.0,8.0,0.55,3.5973315550269596,80.0,24.544,11.0,6.0,0.5272727272727272,4.365547000427252,0.11394335230683679,0.5558338780035006,0.6227272727272727,5.3981627015177525,0.0,1.0,1.0,4.0,0.0,0.0,4.0,0.0
b3582,74.0,29.117,19.0,8.0,0.43859649122807015,4.122303157438467,63.0,20.885,12.0,6.0,0.45454545454545453,4.726767875173379,0.546542663478131,0.6160269639493102,0.6258741258741258,5.659482215759621,0.0,0.0,1.0,3.0,0.0,0.0,4.0,0.0
b3583,104.0,36.532,18.0,8.0,0.39215686274509803,3.8017111192013564,89.0,22.888,8.0,6.0,0.5714285714285714,3.5833684434134723,0.0,0.6064935923251497,0.6623376623376623,5.44673737166631,0.0,1.0,1.0,4.0,0.0,0.0,4.0,0.0
b3584,231.0,55.592,4.0,3.0,0.3333333333333333,1.8279754108511554,214.0,47.589,0.0,0.0,0.0,0.0,0.19865708695442263,0.5586621603454539,0.4959349593495935,5.5093883366279774,0.0,0.0,0.0,2.0,0.0,1.0,0.0,0.0
b3585,196.0,57.519,11.0,5.0,0.12727272727272726,3.403723481891621,174.0,45.506,3.0,3.0,0.0,1.5992829228854974,-0.45717457304082004,0.5546107248061813,0.5246913580246914,5.783825182329737,0.0,0.0,0.0,2.0,0.0,0.0,0.0,0.0
b3586,177.0,41.097,3.0,2.0,0.0,1.4188422222508534,174.0,40.653,1.0,1.0,0.0,2.9922202274087373,-0.39147396642280585,0.5908535708781364,0.5396825396825397,5.937536205082426,2.0,0.0,0.0,2.0,0.0,1.0,0.0,0.0
b3587,23.0,6.127,1.0,1.0,0.0,0.7784105938976534,16.0,2.88,1.0,1.0,0.0,2.9922202274087373,0.3926969532596657,0.536830521455996,0.514018691588785,4.68213122712422,2.0,0.0,0.0,2.0,0.0,1.0,0.0,0.0
b3588,331.0,95.464,18.0,10.0,0.33986928104575165,2.629939128313889,294.0,48.428,2.0,2.0,0.0,1.2993260362610766,2.9790974577443428,0.6477276464150367,0.62890625,6.240275845170769,0.0,0.0,1.0,5.0,0.0,0.0,5.0,1.0
b3589,228.0,68.272,14.0,8.0,0.4835164835164835,2.1817632597752916,179.0,26.936,1.0,1.0,0.0,0.7908434975831085,0.6434526764861874,0.6002645253808907,0.5169712793733682,5.950642552587727,0.0,1.0,2.0,5.0,0.0,0.0,10.0,1.0
b3590,299.0,120.004,69.0,54.0,0.6300085251491901,5.032747900794088,250.0,51.193,9.0,6.0,0.6111111111111112,4.437431763234184,1.5466660250701842,0.6143729069688333,0.5863192182410424,6.421622267806518,0.0,0.0,0.0,5.0,1.0,0.0,0.0,0.0
b3591,134.0,41.579,14.0,10.0,0.3626373626373626,2.3709018446500383,110.0,26.341,6.0,4.0,0.4,3.494179653222939,1.161667412437736,0.564147974898103,0.5896328293736501,6.139884552226255,0.0,1.0,1.0,5.0,1.0,0.0,3.0,1.0
b3592,300.0,68.238,1.0,1.0,0.0,0.5181311070305037,280.0,52.983,1.0,1.0,0.0,0.943591433186503,2.193152436852077,0.6081536755010157,0.5792079207920792,5.313205979041787,0.0,0.0,0.0,3.0,0.0,0.0,0.0,0.0
b3593,302.0,78.191,2.0,2.0,0.0,1.077481506210415,284.0,70.836,3.0,2.0,0.0,2.428982999208335,-0.4473317838878068,0.570864262830131,0.6790123456790124,7.228388451573604,0.0,0.0,0.0,2.0,0.0,0.0,0.0,0.0
b3594,217.0,51.474,2.0,2.0,0.0,1.30955275803215,187.0,37.801,1.0,1.0,0.0,1.1367919557409283,0.6201360549737575,0.4535273415910704,0.26785714285714285,5.638354669333745,0.0,0.0,0.0,2.0,0.0,0.0,0.0,0.0
b3595,0.0,0.0,0.0,0.0,0.0,0.0,0.0,0.0,0.0,0.0,0.0,0.0,0.0,0.0,0.0,5.455321115357702,0.0,0.0,0.0,1.0,0.0,0.0,0.0,0.0
b3596,76.0,22.604,1.0,1.0,0.0,1.2129484117680993,49.0,10.231,1.0,1.0,0.0,1.4137279116622026,0.0,0.47543383669688916,0.3137254901960784,5.0369526024136295,0.0,0.0,0.0,1.0,0.0,0.0,0.0,0.0
b3597,189.0,45.114,3.0,2.0,0.0,1.60352320772493,175.0,40.074,1.0,1.0,0.0,2.9922202274087373,0.9969492484953811,0.5643787755596689,0.6084656084656085,5.937536205082426,6.0,0.0,0.0,2.0,0.0,1.0,0.0,0.0
b3598,34.0,11.229,3.0,2.0,0.0,1.8018837810524648,10.0,2.726,1.0,1.0,0.0,2.9922202274087373,0.0,0.5841783287007057,0.625,4.795790545596741,0.0,0.0,0.0,1.0,0.0,0.0,0.0,0.0
b3599,177.0,66.198,22.0,9.0,0.19913419913419914,4.51243052806873,126.0,34.767,12.0,5.0,0.10606060606060606,6.123035445368349,2.336479746957996,0.6489002177319048,0.6122448979591837,6.45833828334479,6.0,0.0,1.0,5.0,0.0,1.0,3.0,0.0
b3600,130.0,42.998,16.0,10.0,0.43333333333333335,2.8559086752801397,83.0,18.573,4.0,3.0,0.3333333333333333,2.7175938101001575,2.582074731728398,0.6149933186210916,0.5287958115183246,5.948034989180646,0.0,0.0,1.0,3.0,0.0,0.0,2.0,0.0
b3601,47.0,14.854,4.0,3.0,0.3333333333333333,1.1216295675331085,7.0,2.456,2.0,1.0,0.0,2.2045565274103978,0.3654879848908996,0.5775441130893132,0.5692307692307692,5.278114659230517,0.0,0.0,0.0,3.0,0.0,0.0,0.0,0.0
b3602,52.0,17.767,3.0,3.0,0.0,1.0185525638640538,22.0,4.619,1.0,1.0,0.0,1.3916789158226555,2.434584870449594,0.6340731147674966,0.575,4.795790545596741,0.0,0.0,0.0,2.0,1.0,0.0,0.0,0.0
b3603,176.0,47.626,4.0,3.0,0.3333333333333333,0.915054096250474,129.0,24.083,2.0,2.0,1.0,2.944059113344015,0.2764618041732441,0.5460907706770941,0.662431941923775,6.313548046277095,13.0,0.0,0.0,5.0,0.0,1.0,0.0,0.0
b3604,147.0,39.685,3.0,3.0,0.3333333333333333,0.8099105567259658,126.0,28.781,2.0,2.0,1.0,2.944059113344015,0.30319605742048883,0.5747758259158653,0.5542635658914729,5.556828061699537,0.0,0.0,0.0,4.0,0.0,0.0,0.0,0.0
b3605,353.0,100.806,27.0,18.0,0.6638176638176638,3.4081221847123304,311.0,49.829,3.0,2.0,0.3333333333333333,4.387286075222842,1.8543667780408697,0.6051354979926576,0.5681818181818182,5.983936280687191,0.0,1.0,1.0,5.0,0.0,1.0,2.0,0.0
b3606,239.0,65.444,15.0,8.0,0.2761904761904762,2.9392150206809347,212.0,37.444,0.0,0.0,0.0,0.0,0.7641761323903307,0.5841732084735035,0.5923566878980892,5.062595033026967,0.0,0.0,1.0,5.0,1.0,0.0,0.0,0.0
b3607,291.0,78.996,19.0,13.0,0.4269005847953216,2.6202701779284614,226.0,41.353,4.0,3.0,0.3333333333333333,1.708761718354014,2.1139767582898465,0.5940846030015583,0.5677655677655677,5.6131281063880705,0.0,0.0,1.0,4.0,1.0,0.0,8.0,0.0
b3608,489.0,129.351,19.0,10.0,0.3216374269005848,3.129269346745145,462.0,89.129,4.0,2.0,0.0,2.384492246757013,2.1461590556048185,0.5916116743714331,0.584070796460177,5.8289456176102075,0.0,0.0,1.0,5.0,1.0,0.0,3.0,0.0
b3609,362.0,113.276,31.0,15.0,0.3010752688172043,3.7089680904415694,308.0,69.465,4.0,2.0,0.16666666666666666,3.3979141850295767,3.2875800488588087,0.675961583370784,0.5612903225806452,5.049856007249537,0.0,0.0,0.0,5.0,1.0,0.0,3.0,1.0
b3610,279.0,73.124,9.0,7.0,0.25,1.8005177980411475,263.0,55.25,2.0,2.0,1.0,1.8359848019071896,2.905801275296868,0.6536063311653818,0.5783132530120482,4.430816798843313,0.0,0.0,0.0,4.0,0.0,0.0,0.0,0.0
b3611,413.0,108.799,4.0,3.0,0.5,1.2948926962384808,396.0,97.006,3.0,2.0,0.3333333333333333,2.3332837567498252,2.6096050797202244,0.5769063092159584,0.5244755244755245,4.969813299576001,0.0,0.0,0.0,2.0,0.0,0.0,0.0,0.0
b3612,302.0,86.928,24.0,18.0,0.5615942028985508,3.2097752769845327,230.0,37.033,5.0,3.0,0.4,2.33092717270033,2.734807827571958,0.6297702088709899,0.5817120622568094,6.244166900663736,0.0,1.0,1.0,5.0,0.0,0.0,8.0,1.0
b3613,309.0,76.853,7.0,5.0,0.23809523809523808,1.570443269920201,290.0,66.997,3.0,2.0,0.3333333333333333,1.9407081465708904,0.7363965022766424,0.6013680794348981,0.5918854415274463,6.040254711277414,0.0,0.0,0.0,5.0,0.0,0.0,0.0,0.0
b3614,226.0,49.978,2.0,2.0,1.0,0.6786785559290418,217.0,45.732,2.0,2.0,1.0,1.3958892974711348,0.46834733041215726,0.5907467550641602,0.6081504702194357,5.768320995793772,0.0,0.0,0.0,1.0,0.0,0.0,0.0,0.0
b3615,318.0,79.348,2.0,2.0,1.0,0.6590074357656025,284.0,58.895,2.0,2.0,1.0,0.9501433698327525,0.6551384348113821,0.5763227699877855,0.4941860465116279,5.84354441703136,0.0,0.0,1.0,2.0,0.0,0.0,1.0,1.0
b3616,135.0,36.728,6.0,6.0,0.6,1.2724188020939393,103.0,14.497,1.0,1.0,0.0,1.4155500590530952,2.079217435746567,0.6765888878795603,0.5718475073313783,5.834810737062605,0.0,1.0,1.0,5.0,1.0,0.0,2.0,0.0
b3617,222.0,57.561,7.0,6.0,0.2857142857142857,1.7836381166957385,178.0,30.887,2.0,1.0,0.0,2.265516938953499,2.3075174312031312,0.6631413330003884,0.5527638190954773,5.988961416889864,0.0,1.0,1.0,5.0,0.0,0.0,2.0,0.0
b3618,22.0,8.696,1.0,1.0,0.0,0.5913521301743063,17.0,4.901,0.0,0.0,0.0,0.0,0.8115750058705933,0.4911969040937865,0.3543859649122807,5.655991810819852,0.0,0.0,0.0,1.0,0.0,0.0,0.0,0.0
b3619,309.0,102.273,24.0,13.0,0.4492753623188406,2.6666816637394035,267.0,43.364,4.0,4.0,0.8333333333333334,2.253618757998119,2.8802474977877197,0.6988568342808663,0.6290322580645161,5.739792912179234,0.0,1.0,1.0,5.0,0.0,0.0,3.0,0.0
b3620,268.0,79.471,19.0,10.0,0.49122807017543857,3.0401749008594923,229.0,46.68,6.0,4.0,0.5333333333333333,3.182073905164052,0.8369567370595504,0.5807658869227276,0.5632183908045977,5.855071922202427,0.0,0.0,1.0,4.0,0.0,0.0,2.0,1.0
b3621,289.0,84.377,18.0,10.0,0.48366013071895425,2.8549086016993703,240.0,47.657,5.0,4.0,0.6,2.6682472824511296,0.5132176000679389,0.48892945122005466,0.48589341692789967,5.768320995793772,0.0,0.0,1.0,5.0,1.0,1.0,2.0,1.0
b3622,371.0,120.314,35.0,12.0,0.2453781512605042,5.988394424921897,350.0,87.772,13.0,4.0,0.1282051282051282,7.00645093968504,-0.623423042943488,0.3951923417674855,0.2529832935560859,6.040254711277414,12.0,0.0,1.0,5.0,0.0,1.0,2.0,1.0
b3623,284.0,82.879,16.0,10.0,0.5083333333333333,3.0537747458833002,243.0,61.439,11.0,6.0,0.43636363636363634,4.860433871116057,1.127428777851599,0.47752169053804033,0.23249299719887956,5.8805329864007,0.0,0.0,1.0,3.0,0.0,0.0,2.0,1.0
b3624,84.0,28.809,13.0,10.0,0.8205128205128205,2.271605904514089,56.0,14.852,7.0,6.0,0.9523809523809523,3.0152189741324755,0.029383777685209667,0.5147371381527773,0.2579505300353357,5.648974238161206,0.0,0.0,1.0,4.0,1.0,1.0,1.0,1.0
b3625,103.0,32.523,12.0,10.0,0.9242424242424242,2.1391998016578118,68.0,13.648,6.0,6.0,1.0,2.6356167953401624,0.9599948383284161,0.5600109080590947,0.35344827586206895,5.4510384535657,0.0,0.0,1.0,3.0,0.0,0.0,2.0,1.0
b3626,267.0,73.756,13.0,10.0,0.8717948717948718,2.2384670424183786,237.0,58.551,8.0,6.0,0.8571428571428571,3.4048382219169846,0.8836614351536176,0.4543605538380675,0.2485207100591716,5.82600010738045,0.0,1.0,1.0,4.0,0.0,1.0,2.0,1.0
b3627,263.0,73.136,15.0,10.0,0.6666666666666666,2.6046753818931223,242.0,59.739,11.0,6.0,0.5454545454545454,4.739344963160409,-0.08039897621588903,0.522677080218232,0.32448377581120946,5.8289456176102075,0.0,1.0,1.0,5.0,0.0,0.0,2.0,1.0
b3628,267.0,70.624,10.0,10.0,1.0,1.8614093313098503,238.0,53.077,9.0,6.0,0.7777777777777778,3.7973192091305346,0.2944662261615929,0.5287365186294775,0.3342618384401114,5.886104031450156,0.0,0.0,1.0,3.0,0.0,0.0,2.0,1.0
b3629,71.0,26.072,10.0,10.0,1.0,1.8614093313098503,44.0,14.815,9.0,6.0,0.7777777777777778,3.797319209130535,0.5786392099680723,0.4940634252670309,0.2282958199356913,5.7430031878094825,0.0,0.0,0.0,3.0,0.0,0.0,1.0,1.0
b3630,289.0,78.424,17.0,10.0,0.6176470588235294,2.955698625924067,251.0,56.752,10.0,6.0,0.6,4.381241648089571,1.5120169694961267,0.4876164469882609,0.4037735849056604,5.583496308781699,0.0,1.0,1.0,3.0,0.0,0.0,2.0,1.0
b3631,293.0,80.208,18.0,10.0,0.5882352941176471,3.108185792098193,251.0,53.715,8.0,5.0,0.6428571428571429,3.626646728090275,0.5428254269591799,0.5082979199937463,0.37433155080213903,5.926926025970411,0.0,0.0,1.0,5.0,1.0,1.0,2.0,1.0
b3632,211.0,67.528,24.0,10.0,0.38768115942028986,3.6484166841856704,166.0,39.266,10.0,5.0,0.35555555555555557,4.579145830375353,0.6374897295125107,0.5076424942817616,0.40988372093023256,5.84354441703136,0.0,0.0,1.0,4.0,0.0,0.0,2.0,1.0
b3633,259.0,79.458,22.0,11.0,0.42857142857142855,3.3445858867569336,238.0,57.337,10.0,8.0,0.7777777777777778,3.625016380652572,1.0759117614827776,0.5548889354366068,0.5435294117647059,6.054439346269371,1.0,0.0,2.0,5.0,1.0,1.0,2.0,1.0
b3634,423.0,118.604,8.0,5.0,0.2857142857142857,1.7127430004895372,383.0,74.218,2.0,2.0,0.0,1.4322454806785665,1.5833121519830777,0.6713173720824888,0.610062893081761,5.075173815233827,0.0,1.0,1.0,5.0,1.0,0.0,3.0,1.0
b3635,235.0,75.301,18.0,10.0,0.45751633986928103,2.701854042911379,185.0,35.493,2.0,2.0,0.0,1.594342917494339,0.4456042032735975,0.5780712541354341,0.5762081784386617,5.598421958998375,0.0,1.0,2.0,5.0,0.0,0.0,1.0,0.0
b3636,402.0,187.528,113.0,61.0,0.6809418457648546,6.928083129379956,354.0,119.645,66.0,51.0,0.868997668997669,5.922624430390821,3.4443586867405043,0.688311406869362,0.43636363636363634,4.02535169073515,0.0,0.0,0.0,5.0,0.0,0.0,1.0,1.0
b3637,439.0,196.547,112.0,61.0,0.681949806949807,6.845270181555707,407.0,137.594,72.0,51.0,0.7742566510172144,6.713177718709279,3.6336714155678944,0.6810771983255474,0.5641025641025641,4.3694478524670215,0.0,0.0,0.0,5.0,0.0,0.0,1.0,1.0
b3638,153.0,41.071,1.0,1.0,0.0,0.5481267654710689,130.0,30.061,0.0,0.0,0.0,0.0,-0.22402566887063094,0.520316190888582,0.5180180180180181,5.407171771460119,0.0,0.0,0.0,2.0,0.0,0.0,0.0,0.0
b3639,452.0,116.268,17.0,10.0,0.16911764705882354,2.7306608523187945,416.0,88.14,3.0,3.0,0.3333333333333333,1.8051341292880463,2.155366406646704,0.5158907307511533,0.5320197044334976,6.008813185442595,0.0,1.0,2.0,5.0,0.0,0.0,3.0,1.0
b3640,359.0,98.579,17.0,12.0,0.33088235294117646,2.3481446571475244,341.0,67.695,3.0,3.0,0.3333333333333333,1.9759302249367459,2.4771357309611233,0.5855727531554765,0.5789473684210527,5.030437921392435,0.0,1.0,1.0,5.0,1.0,0.0,3.0,1.0
b3641,268.0,77.589,15.0,12.0,0.5142857142857142,2.084061939432469,228.0,53.129,3.0,3.0,0.3333333333333333,1.697709903235,1.344588742578714,0.6593859769147636,0.5858585858585859,5.293304824724492,0.0,0.0,0.0,5.0,1.0,0.0,0.0,0.0
b3642,465.0,131.461,24.0,15.0,0.4855072463768116,2.9306289441402686,399.0,72.938,11.0,8.0,0.7272727272727273,3.531703173149567,1.5173278822943734,0.6229254491653873,0.6103286384976526,5.365976015021851,0.0,1.0,1.0,5.0,0.0,0.0,3.0,1.0
b3643,0.0,0.0,0.0,0.0,0.0,0.0,0.0,0.0,0.0,0.0,0.0,0.0,0.0,0.587859383945516,0.5921052631578947,5.43372200355424,0.0,0.0,0.0,5.0,0.0,0.0,0.0,0.0
b3644,219.0,50.415,3.0,3.0,0.3333333333333333,0.6439129075889444,201.0,44.207,2.0,2.0,0.0,1.1381428271010137,2.4814569614170074,0.6534648321687161,0.6062717770034843,5.662960480135946,0.0,1.0,1.0,3.0,0.0,0.0,0.0,0.0
b3645,165.0,41.411,5.0,5.0,1.0,0.9536491113939262,124.0,23.205,0.0,0.0,0.0,0.0,-0.2798406965940431,0.5096094214867427,0.4489051094890511,5.616771097666572,0.0,0.0,0.0,2.0,0.0,0.0,0.0,0.0
b3646,83.0,19.579,0.0,0.0,0.0,0.0,70.0,13.876,0.0,0.0,0.0,0.0,-0.35753547975787864,0.5832491018432654,0.5951219512195122,5.327876168789581,6.0,0.0,0.0,2.0,0.0,1.0,0.0,0.0
b3647,374.0,88.312,2.0,2.0,1.0,0.6673207800131409,348.0,70.397,1.0,1.0,0.0,0.8753564287779906,-0.1106982974936897,0.5214167140465404,0.5303571428571429,6.329720905522696,0.0,1.0,1.0,3.0,0.0,0.0,4.0,1.0
b3648,617.0,200.375,48.0,15.0,0.15602836879432624,5.58558789961892,569.0,125.852,7.0,5.0,0.0,2.7740202123309743,2.1430460433375877,0.5941475697875223,0.4975845410628019,5.337538079701318,0.0,0.0,1.0,4.0,1.0,0.0,3.0,1.0
b3649,613.0,222.559,91.0,59.0,0.4673992673992674,7.129689795806896,556.0,147.456,30.0,25.0,0.6942528735632184,4.503607449954604,3.2129888442170857,0.6004832585541907,0.4945054945054945,4.5217885770490405,0.0,0.0,1.0,5.0,0.0,0.0,1.0,1.0
b3650,362.0,104.834,22.0,12.0,0.36796536796536794,2.7744328239792146,341.0,74.999,4.0,3.0,0.5,1.9176158247034398,1.320354032817672,0.6402834874502473,0.6153846153846154,6.555356891810665,0.0,1.0,2.0,5.0,1.0,0.0,2.0,1.0
b3651,349.0,99.94,16.0,10.0,0.21666666666666667,2.6025311696818347,326.0,66.498,3.0,3.0,1.0,1.3728002792273315,1.1338581252033346,0.5771543382638513,0.6026200873362445,5.438079308923196,0.0,0.0,1.0,3.0,0.0,0.0,0.0,0.0
b3652,397.0,135.304,39.0,16.0,0.37516869095816463,4.428885437158993,341.0,75.361,3.0,3.0,1.0,1.3728002792273315,0.7101173651118162,0.6011968555555779,0.6305916305916306,6.542471960506805,0.0,1.0,1.0,5.0,0.0,0.0,1.0,0.0
b3653,220.0,52.594,3.0,2.0,0.0,1.1812214505623084,164.0,28.927,0.0,0.0,0.0,0.0,0.8686444383948257,0.5667312993280724,0.6458852867830424,5.996452088619021,10.0,0.0,0.0,4.0,0.0,1.0,0.0,0.0
b3654,134.0,44.544,15.0,10.0,0.44761904761904764,2.379216540128513,108.0,30.725,9.0,8.0,0.7777777777777778,3.1462294131496242,-0.44611697335612566,0.617285202769775,0.6306695464362851,6.139884552226255,12.0,0.0,0.0,4.0,0.0,1.0,0.0,0.0
b3655,41.0,11.916,6.0,6.0,0.5333333333333333,1.3594145588768605,31.0,5.703,1.0,1.0,0.0,0.7460951062834051,1.3224260524059526,0.5734833843922031,0.6028119507908611,6.345636360828596,1.0,0.0,0.0,2.0,0.0,1.0,0.0,0.0
b3656,181.0,45.53,3.0,2.0,0.3333333333333333,2.2405043781450265,109.0,20.761,1.0,1.0,0.0,2.9922202274087373,-0.6819366650372384,0.6267218099593344,0.582901554404145,6.650279048587422,0.0,0.0,1.0,4.0,0.0,0.0,0.0,0.0
b3657,124.0,30.114,2.0,2.0,1.0,1.8136890072573342,105.0,20.774,1.0,1.0,0.0,2.9922202274087373,-1.2596373105057561,0.5737210124480796,0.5717391304347826,6.133398042996649,11.0,0.0,0.0,2.0,0.0,1.0,0.0,0.0
b3658,0.0,0.0,0.0,0.0,0.0,0.0,0.0,0.0,0.0,0.0,0.0,0.0,0.0,0.0,0.0,0.0,0.0,0.0,0.0,0.0,0.0,0.0,1.0,1.0
b3659,251.0,56.57,0.0,0.0,0.0,0.0,222.0,46.045,0.0,0.0,0.0,0.0,-0.5114492834995558,0.4747698113652001,0.48223350253807107,5.978885764901122,11.0,0.0,0.0,3.0,0.0,1.0,0.0,0.0
b3660,212.0,49.494,3.0,2.0,0.3333333333333333,2.78102499075723,174.0,32.057,0.0,0.0,0.0,0.0,-1.9208187539523751,0.4804521069862446,0.5570032573289903,5.730099782973574,9.0,0.0,0.0,2.0,0.0,1.0,0.0,0.0
b3661,112.0,35.496,7.0,7.0,0.42857142857142855,1.1562615349335408,77.0,19.317,5.0,5.0,0.4,1.7172203058272901,2.2966871237724016,0.5525793506248404,0.4632352941176471,5.60947179518496,0.0,0.0,0.0,3.0,0.0,1.0,1.0,0.0
b3662,178.0,39.78,2.0,2.0,0.0,1.251821780699397,146.0,28.569,1.0,1.0,0.0,2.9922202274087373,-1.8239087409443189,0.5060185161940937,0.6186868686868687,5.983936280687191,12.0,0.0,0.0,5.0,0.0,1.0,0.0,0.0
b3663,21.0,6.958,2.0,2.0,0.0,1.1800756795172505,5.0,2.217,1.0,1.0,0.0,2.9922202274087373,0.4409090820652177,0.5334059269403791,0.5933333333333334,5.017279836814924,0.0,0.0,0.0,1.0,0.0,0.0,0.0,0.0
b3664,86.0,29.651,8.0,7.0,0.17857142857142858,1.8231811025740778,62.0,13.015,0.0,0.0,0.0,0.0,0.6106601630898799,0.5379089455159368,0.5427927927927928,6.09807428216624,12.0,0.0,0.0,3.0,0.0,1.0,0.0,0.0
b3665,164.0,49.884,15.0,13.0,0.5714285714285714,2.1667286068320037,120.0,23.593,0.0,0.0,0.0,0.0,0.13353890837021754,0.5790004648722742,0.5867346938775511,6.3784261836515865,0.0,1.0,1.0,4.0,0.0,0.0,3.0,1.0
b3666,182.0,45.079,7.0,6.0,0.3333333333333333,1.4914800114878313,144.0,29.31,1.0,1.0,0.0,0.9767467326463847,-0.15801519540988607,0.6388101631992448,0.6587473002159827,6.139884552226255,12.0,0.0,0.0,5.0,0.0,1.0,1.0,0.0
b3667,116.0,29.79,4.0,4.0,0.6666666666666666,1.0772198022608879,102.0,23.091,2.0,2.0,1.0,1.4403073831009563,-0.4156687756324692,0.5578447100605319,0.6378132118451025,6.0867747269123065,12.0,0.0,0.0,4.0,0.0,1.0,1.0,0.0
b3668,204.0,53.106,8.0,6.0,0.10714285714285714,1.814914414488354,178.0,43.888,9.0,4.0,0.027777777777777776,5.5205408390618365,0.36172783601759284,0.5610154108936449,0.668,6.2166061010848646,8.0,0.0,2.0,5.0,0.0,1.0,1.0,0.0
b3669,129.0,37.855,11.0,6.0,0.14545454545454545,2.168631241669057,108.0,24.455,8.0,4.0,0.10714285714285714,4.3929756190717555,1.1556396337597763,0.6016541771644435,0.6479591836734694,5.2832037287379885,0.0,0.0,0.0,4.0,1.0,0.0,1.0,0.0
b3670,241.0,77.208,30.0,18.0,0.5701149425287356,3.5570327478038872,195.0,43.695,7.0,5.0,0.14285714285714285,3.357764245819579,2.2944882710072565,0.6608196266216428,0.6041666666666666,4.574710978503383,0.0,0.0,1.0,4.0,0.0,0.0,8.0,1.0
b3671,204.0,70.875,30.0,18.0,0.5816091954022988,3.614564153412708,162.0,34.753,10.0,6.0,0.4666666666666667,4.194911642232592,2.6127944491388995,0.6393212780126285,0.6387900355871886,6.333279628139691,0.0,1.0,1.0,4.0,0.0,0.0,8.0,1.0
b3672,30.0,12.965,5.0,5.0,0.4,1.2420100851582039,13.0,3.809,1.0,1.0,0.0,0.8574281288167213,0.0,0.5209804192473858,0.625,3.4965075614664802,0.0,0.0,0.0,2.0,0.0,0.0,0.0,0.0
b3673,206.0,58.075,14.0,10.0,0.37362637362637363,2.580911737699398,156.0,29.359,0.0,0.0,0.0,0.0,0.0,0.5335327136012274,0.6954314720812182,5.978885764901122,12.0,0.0,0.0,3.0,0.0,1.0,0.0,0.0
b3674,216.0,52.694,5.0,3.0,0.3,2.8278556218343263,215.0,52.841,4.0,2.0,0.16666666666666666,4.605721522904835,0.38381536598043126,0.5201132204130331,0.593939393939394,5.111987788356544,0.0,0.0,0.0,1.0,0.0,0.0,0.0,0.0
b3675,4.0,2.517,2.0,2.0,1.0,1.3604098226034755,4.0,2.547,2.0,2.0,1.0,2.483546879757145,-0.1655792963184674,0.5549158382790672,0.6083333333333333,4.795790545596741,3.0,0.0,0.0,2.0,0.0,1.0,0.0,0.0
b3676,181.0,43.327,3.0,2.0,0.3333333333333333,1.7548983630441117,163.0,35.905,2.0,2.0,1.0,2.483546879757145,0.5378190950732741,0.49900360488855505,0.6086956521739131,4.7535901911063645,3.0,0.0,0.0,2.0,0.0,1.0,0.0,0.0
b3677,7.0,2.752,0.0,0.0,0.0,0.0,5.0,2.067,0.0,0.0,0.0,0.0,1.7818271529324279,0.5382541127554886,0.5302013422818792,5.0106352940962555,3.0,0.0,0.0,2.0,0.0,1.0,0.0,0.0
b3678,216.0,58.123,6.0,3.0,0.2,2.5393062839403573,192.0,47.648,3.0,2.0,0.0,3.2535912730109042,0.02530586526477026,0.6201524378849746,0.5835010060362174,6.210600077024653,0.0,1.0,1.0,2.0,0.0,0.0,0.0,0.0
b3679,147.0,34.924,2.0,2.0,0.0,1.2119589029913793,131.0,27.948,1.0,1.0,0.0,1.369874902421504,0.0,0.6046641926060168,0.681260945709282,6.349138991379798,14.0,0.0,0.0,2.0,0.0,1.0,0.0,0.0
b3680,143.0,46.974,12.0,6.0,0.18181818181818182,3.512060065178348,121.0,31.959,5.0,3.0,0.3,3.8417854084897116,0.5289167002776547,0.53168243664316,0.45791245791245794,5.697093486505405,0.0,0.0,0.0,2.0,0.0,0.0,0.0,0.0
b3682,0.0,0.0,0.0,0.0,0.0,0.0,0.0,0.0,0.0,0.0,0.0,0.0,0.0,0.648171438989403,0.5714285714285714,5.087596335232384,1.0,0.0,1.0,2.0,0.0,1.0,2.0,0.0
b3683,0.0,0.0,0.0,0.0,0.0,0.0,0.0,0.0,0.0,0.0,0.0,0.0,0.0,0.6029204493744328,0.6277173913043478,5.910796644040527,10.0,0.0,0.0,3.0,0.0,1.0,2.0,0.0
b3684,197.0,47.383,1.0,1.0,0.0,0.5269161315272086,176.0,41.993,1.0,1.0,0.0,0.989683445845935,-1.0177287669604316,0.5636310759554223,0.6092436974789915,5.476463551931511,0.0,0.0,0.0,2.0,0.0,0.0,0.0,0.0
b3685,159.0,37.753,1.0,1.0,0.0,0.59518944731079,122.0,25.638,0.0,0.0,0.0,0.0,0.5538830266438743,0.5826793487187392,0.6075949367088608,6.317164686747284,11.0,0.0,0.0,2.0,0.0,1.0,0.0,0.0
b3686,319.0,84.74,15.0,13.0,0.7714285714285715,2.0429122312566514,259.0,51.647,5.0,5.0,1.0,2.003819730593627,2.0086427475652853,0.6338134632373263,0.528169014084507,4.962844630259907,0.0,0.0,0.0,5.0,1.0,0.0,0.0,0.0
b3687,348.0,95.667,18.0,14.0,0.6797385620915033,2.4357335592292078,261.0,51.921,10.0,8.0,0.6666666666666666,3.9098055486096017,2.155366406646704,0.6381600870630008,0.5036496350364964,4.927253685157205,0.0,0.0,0.0,5.0,1.0,0.0,0.0,0.0
b3688,39.0,14.557,1.0,1.0,0.0,0.7092219052882749,19.0,2.09,0.0,0.0,0.0,0.0,1.1878026387184193,0.5039080936442092,0.6272727272727273,4.709530201312334,0.0,0.0,0.0,2.0,0.0,0.0,0.0,0.0
b3689,331.0,85.073,4.0,4.0,0.5,1.5515887397678823,313.0,75.155,1.0,1.0,0.0,0.8486764045698529,1.1821292140529984,0.6186151589125555,0.5831325301204819,6.030685260261263,0.0,0.0,0.0,1.0,0.0,0.0,0.0,0.0
b3690,289.0,74.299,5.0,3.0,0.1,1.575934123910611,274.0,65.668,1.0,1.0,0.0,0.9186221934327229,-0.15989390554324215,0.5902094669292227,0.596045197740113,5.872117789475416,0.0,0.0,0.0,2.0,0.0,0.0,0.0,0.0
b3691,142.0,35.491,5.0,4.0,0.8,2.0554350969835538,126.0,26.596,1.0,1.0,0.0,1.3426405465601248,-0.20901152491118416,0.6272391257677763,0.6069767441860465,6.066108090103747,12.0,0.0,0.0,5.0,0.0,1.0,0.0,0.0
b3693,182.0,44.496,5.0,4.0,0.8,1.9612434773246643,160.0,38.132,4.0,3.0,0.5,4.201336935172424,-0.575118363368933,0.4909571671364969,0.5582191780821918,5.680172609017068,0.0,0.0,1.0,3.0,0.0,0.0,2.0,0.0
b3696,40.0,15.84,4.0,3.0,0.3333333333333333,1.6497834416972823,12.0,2.662,0.0,0.0,0.0,0.0,-1.0132282657337552,0.4990734459108262,0.42660550458715596,5.389071729816501,1.0,0.0,0.0,1.0,0.0,1.0,0.0,0.0
b3697,187.0,48.577,8.0,5.0,0.03571428571428571,2.0529002074591283,150.0,31.578,4.0,2.0,0.0,3.3283437941472984,2.0969447551769407,0.6580385077797721,0.5888888888888889,5.602118820879701,0.0,1.0,1.0,5.0,0.0,0.0,0.0,0.0
b3698,199.0,45.695,4.0,4.0,0.16666666666666666,1.2026117970643224,178.0,38.11,1.0,1.0,0.0,1.157431710810726,2.387407624928183,0.5594578796825752,0.5075757575757576,4.890349128221754,0.0,0.0,0.0,1.0,0.0,0.0,0.0,0.0
b3699,579.0,195.687,45.0,19.0,0.2404040404040404,4.500361844540742,454.0,79.527,8.0,4.0,0.14285714285714285,3.117170623040056,2.5198411142567365,0.6992243955355821,0.6554726368159204,6.690842277418564,0.0,1.0,1.0,5.0,1.0,0.0,0.0,0.0
b3700,412.0,131.087,36.0,16.0,0.49682539682539684,4.185487531827478,342.0,69.987,4.0,3.0,0.6666666666666666,2.37417420257,0.6560982020128319,0.5616199641241665,0.6302521008403361,5.8805329864007,0.0,0.0,0.0,5.0,1.0,0.0,1.0,0.0
b3701,575.0,200.916,64.0,16.0,0.19047619047619047,7.252513884663382,522.0,117.353,7.0,3.0,0.14285714285714285,4.382364932011727,2.283323847618786,0.6554199173942407,0.5956284153005464,5.905361848054571,0.0,0.0,0.0,5.0,1.0,0.0,3.0,1.0
b3702,573.0,195.031,54.0,16.0,0.2103424178895877,6.3566176206152525,448.0,79.592,4.0,3.0,0.6666666666666666,2.37417420257,1.4299136977637545,0.6254931746379105,0.6167023554603854,6.148468295917647,0.0,0.0,1.0,5.0,1.0,1.0,1.0,0.0
b3703,347.0,165.381,108.0,61.0,0.6497057805469021,6.968353639342117,317.0,93.408,28.0,25.0,0.7645502645502645,3.145401141551301,3.320148364070111,0.6014475456694791,0.391304347826087,3.8501476017100584,0.0,0.0,0.0,3.0,0.0,0.0,1.0,1.0
b3704,521.0,175.119,41.0,28.0,0.47560975609756095,3.3165701031085684,497.0,147.225,28.0,22.0,0.5925925925925926,3.7412900331168353,1.464042205438811,0.48590219806033363,0.5798319327731093,4.787491742782046,0.0,0.0,1.0,4.0,0.0,0.0,0.0,0.0
b3705,577.0,198.429,39.0,20.0,0.2321187584345479,4.073522423769374,523.0,144.023,9.0,4.0,0.1388888888888889,3.158466579936747,2.1761202110560856,0.6715686678720463,0.6879562043795621,6.3080984415095305,6.0,0.0,0.0,5.0,0.0,1.0,3.0,1.0
b3706,457.0,143.61,32.0,15.0,0.2217741935483871,3.8793273723151867,358.0,70.152,4.0,3.0,0.3333333333333333,1.8093092819868468,1.9590891143673923,0.5868789703175238,0.5903083700440529,6.12029741895095,0.0,1.0,1.0,5.0,1.0,1.0,0.0,0.0
b3707,140.0,69.992,58.0,54.0,0.896551724137931,3.693914603365345,31.0,7.784,2.0,2.0,1.0,2.9922202274087373,0.0,0.0,0.0,3.2188758248682006,0.0,0.0,0.0,3.0,0.0,0.0,0.0,0.0
b3708,254.0,69.263,8.0,6.0,0.21428571428571427,1.3651641245070807,140.0,25.904,2.0,2.0,1.0,2.9922202274087373,3.2164324693523305,0.6926683704919219,0.5753715498938429,6.156978985585555,0.0,1.0,1.0,5.0,1.0,0.0,2.0,0.0
b3709,247.0,60.176,5.0,5.0,0.3,1.004669796937399,207.0,43.363,2.0,2.0,1.0,2.9922202274087373,0.6503075231319364,0.5517564965614374,0.5614457831325301,6.030685260261263,11.0,0.0,0.0,4.0,0.0,1.0,0.0,0.0
b3710,194.0,51.01,5.0,4.0,0.3,1.4091807553948108,157.0,31.602,1.0,1.0,0.0,2.9922202274087373,-0.37365963262495766,0.5030588778854747,0.5831202046035806,5.971261839790462,12.0,0.0,0.0,3.0,0.0,1.0,0.0,0.0
b3711,240.0,59.584,2.0,2.0,0.0,0.9041324017240021,203.0,44.455,1.0,1.0,0.0,2.9922202274087373,-0.8860566476931632,0.6016172386362308,0.6269592476489029,5.768320995793772,0.0,0.0,0.0,2.0,0.0,0.0,0.0,0.0
b3712,61.0,18.128,2.0,2.0,0.0,0.7738124857546534,47.0,12.587,2.0,1.0,0.0,1.8316046131429424,0.0017337128090005314,0.5632865489509867,0.5461847389558233,5.521460917862246,0.0,0.0,0.0,2.0,0.0,0.0,0.0,0.0
b3713,177.0,43.102,6.0,5.0,0.4,1.9500480843253127,147.0,25.341,1.0,1.0,0.0,1.2291128424425057,2.955211352309952,0.6092901911393408,0.5851063829787234,5.241747015059643,0.0,1.0,2.0,5.0,0.0,0.0,0.0,0.0
b3714,70.0,23.543,8.0,7.0,0.4642857142857143,1.6932588344426616,54.0,12.036,2.0,2.0,1.0,1.2384930075454268,0.7543483357110189,0.5904220517768679,0.6292134831460674,6.100318952020064,12.0,0.0,0.0,5.0,0.0,1.0,0.0,0.0
b3715,159.0,41.068,6.0,4.0,0.06666666666666667,1.5934782517582353,137.0,27.189,3.0,2.0,0.0,2.0603863903610096,-0.07007043991541213,0.5894596624147943,0.5067873303167421,5.402677381872279,0.0,1.0,1.0,4.0,0.0,0.0,0.0,0.0
b3716,53.0,16.616,3.0,2.0,0.0,1.2444827371385034,22.0,3.385,1.0,1.0,0.0,2.9922202274087373,0.0,0.4171290970534023,0.3935483870967742,5.049856007249537,4.0,0.0,0.0,2.0,0.0,1.0,0.0,0.0
b3717,43.0,13.056,2.0,2.0,0.0,0.8805475622608461,22.0,4.064,1.0,1.0,0.0,2.9922202274087373,-0.8124792791635369,0.5683552055943762,0.4,5.278114659230517,0.0,0.0,0.0,2.0,0.0,0.0,0.0,0.0
b3718,143.0,37.771,5.0,4.0,0.6,1.2549545759626823,133.0,25.279,3.0,2.0,0.3333333333333333,2.426830375519383,0.10037054511756291,0.6092959187554252,0.5458333333333333,5.484796933490655,0.0,0.0,0.0,2.0,0.0,0.0,0.0,0.0
b3719,185.0,46.163,4.0,4.0,1.0,1.0733223266399654,173.0,39.88,2.0,2.0,1.0,1.7302710808628872,0.45024910831936105,0.5996923418599456,0.5089974293059126,5.966146739123692,0.0,0.0,0.0,2.0,0.0,0.0,0.0,0.0
b3720,290.0,81.64,6.0,4.0,0.5333333333333333,1.3860353838575354,266.0,62.905,4.0,2.0,0.16666666666666666,2.787503230619946,-0.7594507517174003,0.6282724491901329,0.46654275092936803,6.289715570908998,0.0,0.0,0.0,4.0,0.0,1.0,0.0,0.0
b3721,171.0,54.955,19.0,10.0,0.4327485380116959,3.21199117334368,140.0,28.613,5.0,4.0,0.3,2.7522787138618043,0.0,0.5806091997634043,0.5191489361702127,6.154858094016418,0.0,0.0,1.0,3.0,0.0,0.0,2.0,1.0
b3722,609.0,181.921,19.0,10.0,0.34502923976608185,3.2381154218221684,458.0,81.519,10.0,4.0,0.2,4.804713679200986,-0.03715731879875755,0.5476029954629289,0.5584,6.439350371100098,11.0,0.0,1.0,4.0,0.0,1.0,1.0,0.0
b3723,209.0,62.008,15.0,10.0,0.4666666666666667,2.624864732727971,168.0,40.495,9.0,4.0,0.3055555555555556,4.605604451606013,-0.5199930570428494,0.5500710677806182,0.45323741007194246,5.631211781821365,0.0,0.0,0.0,3.0,0.0,0.0,0.0,0.0
b3724,399.0,120.083,29.0,16.0,0.4753694581280788,3.6552739050933383,355.0,88.111,24.0,15.0,0.6159420289855072,6.031362845636832,2.079217435746567,0.7258040235403056,0.6556016597510373,5.488937726156687,0.0,0.0,0.0,5.0,1.0,0.0,0.0,0.0
b3725,445.0,175.886,15.0,10.0,0.2571428571428571,2.2178786496741307,262.0,36.942,6.0,4.0,0.4,2.232048227447921,1.971322245242813,0.675663349312692,0.6575875486381323,5.552959584921617,0.0,0.0,1.0,5.0,0.0,1.0,1.0,0.0
b3726,389.0,158.255,12.0,10.0,0.5303030303030303,1.870827914978431,206.0,28.32,4.0,4.0,1.0,1.7015359686143179,0.6106601630898799,0.6552494354366221,0.7027027027027027,5.6937321388027,6.0,0.0,0.0,3.0,0.0,1.0,1.0,0.0
b3727,335.0,142.071,10.0,10.0,0.6,1.5666980200239211,171.0,23.879,4.0,4.0,1.0,1.7015359686143179,1.6513749439130432,0.6391717065637268,0.6833855799373041,5.768320995793772,6.0,0.0,0.0,3.0,0.0,1.0,1.0,0.0
b3728,446.0,172.741,14.0,10.0,0.38461538461538464,2.1381031370126866,223.0,33.185,4.0,4.0,1.0,1.7015359686143179,2.7745242647341364,0.6392545135710842,0.5549132947976878,5.849324779946859,0.0,0.0,0.0,4.0,0.0,0.0,2.0,0.0
b3729,562.0,164.014,19.0,12.0,0.24561403508771928,2.6486005883224135,484.0,82.731,1.0,1.0,0.0,0.7233507856691433,2.754355981673324,0.6666319561414984,0.5681444991789819,6.413458957167357,0.0,0.0,1.0,5.0,1.0,0.0,4.0,0.0
b3730,480.0,133.844,17.0,12.0,0.22058823529411764,2.2136856095406454,435.0,90.483,8.0,6.0,0.10714285714285714,2.5861066862924185,2.1335708406140395,0.6614862335955092,0.543859649122807,6.124683390894205,0.0,1.0,2.0,5.0,1.0,0.0,4.0,0.0
b3731,465.0,151.196,34.0,19.0,0.4117647058823529,3.28482949548958,413.0,106.213,19.0,14.0,0.4853801169590643,2.7053460586459677,3.0484456880990596,0.6489308648482829,0.6330935251798561,4.941642422609304,0.0,0.0,0.0,5.0,0.0,1.0,2.0,1.0
b3732,586.0,208.415,61.0,44.0,0.6098360655737705,4.523933099838443,506.0,127.267,45.0,38.0,0.7767676767676768,4.928818777652694,3.583313285613762,0.6601340296357061,0.5978260869565217,6.133398042996649,0.0,0.0,1.0,5.0,0.0,1.0,2.0,1.0
b3733,540.0,211.01,83.0,49.0,0.4584190420217455,6.559800482721518,484.0,159.493,61.0,46.0,0.6825136612021858,6.5726138537868435,3.033427776713536,0.6380427913309806,0.6550522648083623,5.662960480135946,0.0,0.0,0.0,5.0,0.0,1.0,2.0,1.0
b3734,638.0,244.587,95.0,51.0,0.3973124300111982,7.442908772987074,539.0,160.068,62.0,46.0,0.671602326811211,7.0216199080703365,3.4527077578711003,0.619840916842561,0.543859649122807,6.2422232654551655,0.0,0.0,1.0,5.0,0.0,1.0,2.0,1.0
b3735,557.0,196.691,70.0,53.0,0.7209109730848862,4.760181064503795,512.0,165.964,60.0,48.0,0.7830508474576271,5.80638417485507,2.9925579358613614,0.5275314266722377,0.5084745762711864,5.181783550292085,0.0,0.0,0.0,4.0,0.0,1.0,2.0,1.0
b3736,441.0,158.079,61.0,50.0,0.774863387978142,4.112328386103367,405.0,137.568,55.0,47.0,0.8538720538720539,5.136288301120318,3.0515422474651803,0.5568260063738673,0.5512820512820513,5.056245805348308,1.0,0.0,0.0,4.0,0.0,1.0,2.0,1.0
b3737,521.0,171.801,50.0,39.0,0.6677551020408163,3.601794912597453,477.0,133.264,46.0,37.0,0.6801932367149759,5.376848648773473,2.9003725914457847,0.5881695368596938,0.5949367088607594,4.382026634673881,2.0,0.0,0.0,5.0,0.0,1.0,2.0,1.0
b3738,551.0,180.102,44.0,27.0,0.4725158562367865,3.7175755197662497,493.0,141.073,36.0,26.0,0.5523809523809524,4.343966550080952,1.8351195904245496,0.610012037349221,0.6531365313653137,5.605802066295998,5.0,0.0,0.0,5.0,0.0,1.0,2.0,1.0
b3739,96.0,29.361,9.0,8.0,0.7777777777777778,1.1605934003290057,73.0,20.387,5.0,5.0,1.0,0.9063681344363699,0.7596678446896304,0.4477529659644725,0.6190476190476191,4.844187086458591,4.0,0.0,0.0,3.0,0.0,1.0,0.0,0.0
b3740,402.0,118.572,10.0,8.0,0.2,1.6748907892470133,367.0,79.35,3.0,3.0,0.3333333333333333,1.6156191667401936,1.4488608456074408,0.6090625992168982,0.4927536231884058,5.337538079701318,0.0,0.0,1.0,5.0,1.0,0.0,0.0,0.0
b3741,449.0,136.019,13.0,9.0,0.24358974358974358,1.9903459634909546,408.0,81.901,6.0,3.0,0.13333333333333333,2.4850773718629924,1.5647843845039868,0.6174798209285782,0.5659777424483307,6.4457198193855785,0.0,1.0,0.0,5.0,1.0,0.0,0.0,0.0
b3742,202.0,51.249,5.0,5.0,0.2,1.0651275646882559,184.0,37.319,2.0,2.0,0.0,1.051757060177128,2.5211511646661284,0.552788006708814,0.48299319727891155,4.997212273764115,0.0,1.0,0.0,4.0,0.0,0.0,0.0,0.0
b3743,251.0,69.91,7.0,5.0,0.14285714285714285,1.6615466389047013,220.0,52.643,1.0,1.0,0.0,0.9792853558649288,2.2787764579556447,0.6017319420402674,0.6118421052631579,5.030437921392435,0.0,0.0,0.0,4.0,0.0,0.0,0.0,0.0
b3744,137.0,41.942,19.0,15.0,0.7426900584795322,2.5270642451638134,105.0,18.982,0.0,0.0,0.0,0.0,2.46983673757549,0.6235713313791159,0.6060606060606061,5.802118375377063,0.0,0.0,1.0,5.0,1.0,0.0,5.0,0.0
b3745,343.0,87.805,4.0,4.0,0.3333333333333333,1.2059276188314483,326.0,83.507,3.0,2.0,0.3333333333333333,2.114418240065288,0.9763499790032735,0.5903355539749489,0.556935817805383,6.182084906716632,0.0,0.0,0.0,5.0,1.0,1.0,0.0,0.0
b3746,279.0,64.809,4.0,4.0,0.6666666666666666,1.3250857216405887,249.0,49.662,1.0,1.0,0.0,1.0480309209121048,1.1142772965615861,0.5823166073292763,0.4979919678714859,6.212606095751519,0.0,0.0,1.0,5.0,1.0,1.0,0.0,0.0
b3747,167.0,45.871,9.0,6.0,0.4166666666666667,1.7932232707294564,117.0,22.795,0.0,0.0,0.0,0.0,0.3673559210260189,0.548378105838284,0.6109324758842444,6.434546518787453,12.0,0.0,0.0,5.0,0.0,1.0,0.0,0.0
b3748,165.0,53.45,12.0,10.0,0.48484848484848486,1.8952148310793824,117.0,37.44,12.0,9.0,0.3939393939393939,4.379021864981276,2.4393484860697474,0.606459827195523,0.49640287769784175,4.941642422609304,0.0,0.0,1.0,5.0,1.0,0.0,1.0,0.0
b3749,258.0,139.581,54.0,32.0,0.42907058001397624,6.151952652377055,108.0,25.166,15.0,10.0,0.3047619047619048,4.6537294439328845,1.2968844755385471,0.6278868228055096,0.5728542914171657,6.218600119691729,0.0,0.0,1.0,5.0,0.0,1.0,1.0,0.0
b3750,237.0,135.207,52.0,32.0,0.4358974358974359,5.8701680825955105,101.0,24.978,15.0,10.0,0.14285714285714285,4.705143126772755,0.6009728956867482,0.5528235775176294,0.6199376947040498,5.7745515455444085,6.0,0.0,0.0,5.0,0.0,1.0,1.0,0.0
b3751,309.0,149.713,33.0,15.0,0.3333333333333333,4.315516494044687,139.0,33.238,14.0,10.0,0.34065934065934067,4.3989780845031605,3.2911489831813547,0.5970117222606057,0.5675675675675675,5.6937321388027,0.0,0.0,0.0,5.0,0.0,0.0,2.0,0.0
b3752,228.0,68.184,19.0,13.0,0.30409356725146197,3.0146399415153646,201.0,39.199,9.0,4.0,0.16666666666666666,5.179384549228147,1.7498135852929377,0.5521784721765899,0.44983818770226536,5.736572297479192,0.0,1.0,1.0,5.0,1.0,0.0,2.0,1.0
b3753,136.0,36.365,6.0,6.0,0.6666666666666666,1.066960850610804,90.0,18.482,1.0,1.0,0.0,0.9399302059774151,-0.7189666327522725,0.5870618481206965,0.503030303030303,5.802118375377063,0.0,0.0,0.0,4.0,0.0,0.0,0.0,0.0
b3754,111.0,24.993,4.0,4.0,0.0,1.1290642676730398,96.0,20.342,3.0,2.0,0.0,2.2476278545787567,-0.8569851997459049,0.4619968804939307,0.5221052631578947,6.16541785423142,14.0,0.0,0.0,3.0,0.0,1.0,0.0,0.0
b3755,195.0,51.446,4.0,4.0,0.0,1.357090687440271,151.0,32.024,4.0,2.0,0.0,4.040375352354748,1.5503506723016154,0.5258159916483074,0.5260869565217391,5.442417710521793,0.0,0.0,0.0,2.0,0.0,0.0,0.0,0.0
b3756,0.0,0.0,0.0,0.0,0.0,0.0,0.0,0.0,0.0,0.0,0.0,0.0,0.0,0.0,0.0,0.0,0.0,0.0,0.0,0.0,0.0,0.0,1.0,1.0
b3757,0.0,0.0,0.0,0.0,0.0,0.0,0.0,0.0,0.0,0.0,0.0,0.0,0.0,0.0,0.0,0.0,0.0,0.0,0.0,0.0,0.0,0.0,1.0,1.0
b3758,0.0,0.0,0.0,0.0,0.0,0.0,0.0,0.0,0.0,0.0,0.0,0.0,0.0,0.0,0.0,0.0,0.0,0.0,0.0,0.0,0.0,0.0,1.0,1.0
b3759,0.0,0.0,0.0,0.0,0.0,0.0,0.0,0.0,0.0,0.0,0.0,0.0,0.0,0.0,0.0,0.0,0.0,0.0,0.0,0.0,0.0,0.0,1.0,1.0
b3760,0.0,0.0,0.0,0.0,0.0,0.0,0.0,0.0,0.0,0.0,0.0,0.0,0.0,0.0,0.0,0.0,0.0,0.0,0.0,0.0,0.0,0.0,1.0,1.0
b3761,0.0,0.0,0.0,0.0,0.0,0.0,0.0,0.0,0.0,0.0,0.0,0.0,0.0,0.0,0.0,0.0,0.0,0.0,0.0,0.0,0.0,0.0,1.0,1.0
b3764,307.0,87.833,4.0,4.0,0.3333333333333333,0.9882282192851433,278.0,76.94,1.0,1.0,0.0,0.7445833650090062,3.139252369189213,0.6107783889399584,0.4375,4.727387818712341,0.0,0.0,0.0,5.0,0.0,0.0,0.0,0.0
b3765,248.0,58.449,5.0,4.0,0.2,1.2735376687885582,226.0,47.091,4.0,3.0,0.3333333333333333,2.2901093217546187,0.0,0.4846721359814276,0.4624505928853755,6.2285110035911835,0.0,0.0,0.0,2.0,0.0,0.0,0.0,0.0
b3766,59.0,20.626,7.0,5.0,0.38095238095238093,2.053176960914037,24.0,3.027,0.0,0.0,0.0,0.0,0.0,0.41499407965838514,0.5,3.4965075614664802,0.0,0.0,0.0,1.0,0.0,0.0,0.0,0.0
b3769,322.0,101.619,27.0,17.0,0.5413105413105413,3.1999413224316737,288.0,75.74,6.0,3.0,0.26666666666666666,3.1097611546102875,0.0,0.5174697910295308,0.5287356321839081,4.477336814478207,0.0,1.0,1.0,4.0,0.0,0.0,8.0,1.0
b3770,467.0,132.272,29.0,15.0,0.37438423645320196,3.608894525285232,411.0,73.547,4.0,3.0,0.6666666666666666,2.0712694452371134,2.4639079129384838,0.6633992121231208,0.6084142394822006,5.736572297479192,0.0,1.0,1.0,5.0,0.0,0.0,9.0,1.0
b3771,248.0,78.714,18.0,15.0,0.5032679738562091,2.3918764115405686,194.0,43.232,13.0,7.0,0.38461538461538464,5.428148465153723,1.9026011306665314,0.6385569452662117,0.6233766233766234,6.424869023905388,0.0,1.0,1.0,5.0,0.0,0.0,6.0,1.0
b3772,260.0,95.084,47.0,15.0,0.29879740980573544,5.920709761906751,210.0,36.198,3.0,3.0,1.0,1.6853028484383172,1.3012470886362115,0.6478615656409079,0.6867704280155642,6.244166900663736,0.0,1.0,1.0,5.0,0.0,0.0,6.0,0.0
b3773,188.0,44.359,1.0,1.0,0.0,0.49394031389795195,147.0,29.526,1.0,1.0,0.0,0.8173710669089662,0.14301480025409505,0.6334647104500943,0.6632996632996633,5.697093486505405,0.0,0.0,0.0,3.0,1.0,0.0,0.0,0.0
b3774,453.0,137.359,29.0,15.0,0.31773399014778325,4.083684680478297,363.0,71.544,16.0,7.0,0.2833333333333333,6.9354966011811765,3.3749333856676276,0.7094151419423541,0.615071283095723,6.198478716492308,0.0,1.0,1.0,5.0,1.0,0.0,6.0,1.0
b3775,261.0,59.225,3.0,3.0,0.0,0.834012979676533,220.0,34.933,0.0,0.0,0.0,0.0,2.5526803810533547,0.6328087837724702,0.5913978494623656,4.543294782270004,0.0,0.0,1.0,4.0,1.0,0.0,0.0,0.0
b3777,0.0,0.0,0.0,0.0,0.0,0.0,0.0,0.0,0.0,0.0,0.0,0.0,0.0,0.0,0.0,5.0106352940962555,0.0,0.0,0.0,1.0,0.0,0.0,0.0,0.0
b3778,317.0,89.14,9.0,8.0,0.5277777777777778,1.4417494107925766,296.0,63.457,1.0,1.0,0.0,1.1887771840356158,0.8609366207000937,0.6383637198123949,0.637444279346211,6.513230110912307,0.0,0.0,1.0,5.0,0.0,0.0,0.0,0.0
b3779,262.0,61.64,5.0,5.0,0.4,1.0040837482741032,239.0,49.414,1.0,1.0,0.0,0.9404896489064168,1.0338256939533104,0.5854774629576589,0.5546558704453441,6.20455776256869,0.0,0.0,1.0,5.0,0.0,0.0,2.0,1.0
b3780,325.0,102.188,17.0,10.0,0.3897058823529412,2.193020838261143,297.0,47.408,1.0,1.0,0.0,0.8916440136732753,2.3560449886872297,0.6129731078646029,0.5320665083135392,6.045005314036012,0.0,0.0,1.0,5.0,1.0,0.0,1.0,0.0
b3781,472.0,151.234,22.0,11.0,0.1774891774891775,3.1850684678251864,414.0,74.892,2.0,1.0,0.0,1.7591334539728567,3.2533404288376584,0.6610661938593629,0.5871559633027523,4.700480365792417,0.0,0.0,0.0,5.0,0.0,0.0,0.0,0.0
b3782,0.0,0.0,0.0,0.0,0.0,0.0,0.0,0.0,0.0,0.0,0.0,0.0,0.0,0.5364614238901245,0.45454545454545453,3.5263605246161616,0.0,0.0,0.0,2.0,0.0,0.0,0.0,0.0
b3783,648.0,214.901,40.0,20.0,0.23333333333333334,4.152269670009443,547.0,120.895,9.0,7.0,0.2222222222222222,2.4691474890522254,3.136406620470701,0.6543952082213227,0.5536992840095465,6.040254711277414,0.0,0.0,2.0,5.0,1.0,0.0,1.0,0.0
b3784,412.0,113.39,20.0,12.0,0.49473684210526314,2.9541656329984014,386.0,86.547,6.0,6.0,0.9333333333333333,2.075369019822059,-0.14387555575769967,0.5517071834499969,0.5640326975476839,5.908082938168931,11.0,1.0,1.0,5.0,0.0,1.0,4.0,0.0
b3785,117.0,41.109,15.0,11.0,0.6857142857142857,2.3427516246801985,71.0,17.011,6.0,6.0,0.9333333333333333,2.075369019822059,1.595606434865603,0.5552228322471428,0.5747126436781609,5.855071922202427,2.0,0.0,0.0,4.0,0.0,1.0,0.0,0.0
b3786,259.0,81.876,21.0,12.0,0.38571428571428573,3.386605397936991,248.0,59.945,12.0,9.0,0.696969696969697,3.676823662946233,1.5238764756381313,0.5914201615687856,0.5797872340425532,5.932245187448011,0.0,0.0,1.0,5.0,1.0,0.0,5.0,0.0
b3787,213.0,61.953,12.0,11.0,0.8636363636363636,1.950657929936188,207.0,52.817,12.0,9.0,0.696969696969697,3.676823662946233,1.1007150865730817,0.6081554515723734,0.5761904761904761,6.042632833682381,0.0,0.0,1.0,5.0,0.0,0.0,4.0,0.0
b3788,176.0,55.241,18.0,12.0,0.6470588235294118,2.7146966850067797,167.0,44.494,15.0,9.0,0.5047619047619047,4.49443331608936,0.8965262174895553,0.6447025649621789,0.5971830985915493,5.87493073085203,0.0,1.0,1.0,5.0,0.0,0.0,7.0,0.0
b3789,120.0,42.872,21.0,12.0,0.5380952380952381,3.075321346778572,111.0,32.228,14.0,9.0,0.5274725274725275,4.16244753733323,1.2555137128195333,0.662769123798878,0.6484641638225256,5.683579767338681,0.0,1.0,1.0,5.0,0.0,0.0,8.0,0.0
b3790,414.0,128.755,19.0,11.0,0.36257309941520466,3.2741641122858502,390.0,112.476,17.0,9.0,0.375,5.804272221648052,-0.45469288353417586,0.5427825520047787,0.5267857142857143,5.41610040220442,0.0,0.0,1.0,3.0,0.0,0.0,3.0,0.0
b3791,184.0,54.907,16.0,11.0,0.625,2.439542734102845,179.0,44.702,11.0,9.0,0.6545454545454545,3.348416421394393,1.3963737275365065,0.6956689787189094,0.648936170212766,5.932245187448011,0.0,1.0,1.0,5.0,0.0,0.0,3.0,0.0
b3792,401.0,123.0,27.0,12.0,0.42450142450142453,3.836823772420208,362.0,90.931,9.0,9.0,1.0,2.8515678989797,-0.23136189875238555,0.5360297621972838,0.6225961538461539,6.0330862217988015,12.0,0.0,0.0,4.0,0.0,1.0,0.0,0.0
b3793,100.0,44.008,26.0,12.0,0.4707692307692308,3.691626292458646,31.0,11.634,10.0,9.0,0.8888888888888888,3.1471990798720255,-0.9871627752948278,0.6297474754768468,0.6933333333333334,6.111467339502679,11.0,0.0,0.0,3.0,0.0,1.0,0.0,0.0
b3794,177.0,46.113,11.0,11.0,1.0,1.8212429893603086,150.0,32.532,10.0,9.0,0.8888888888888888,3.1471990798720255,1.3543005623453597,0.5997367813575969,0.573170731707317,5.5093883366279774,0.0,0.0,1.0,3.0,0.0,0.0,1.0,0.0
b3795,65.0,19.295,0.0,0.0,0.0,0.0,50.0,11.699,0.0,0.0,0.0,0.0,0.9689496809813426,0.6282312573797786,0.6550976138828634,6.135564891081739,12.0,0.0,0.0,5.0,0.0,1.0,0.0,0.0
b3796,0.0,0.0,0.0,0.0,0.0,0.0,0.0,0.0,0.0,0.0,0.0,0.0,0.0,0.0,0.0,0.0,0.0,0.0,0.0,0.0,0.0,0.0,1.0,1.0
b3797,0.0,0.0,0.0,0.0,0.0,0.0,0.0,0.0,0.0,0.0,0.0,0.0,0.0,0.0,0.0,0.0,0.0,0.0,0.0,0.0,0.0,0.0,1.0,1.0
b3798,0.0,0.0,0.0,0.0,0.0,0.0,0.0,0.0,0.0,0.0,0.0,0.0,0.0,0.0,0.0,0.0,0.0,0.0,0.0,0.0,0.0,0.0,1.0,1.0
b3799,0.0,0.0,0.0,0.0,0.0,0.0,0.0,0.0,0.0,0.0,0.0,0.0,0.0,0.0,0.0,0.0,0.0,0.0,0.0,0.0,0.0,0.0,1.0,1.0
b3800,140.0,34.147,5.0,3.0,0.1,2.419111243216902,106.0,21.309,4.0,2.0,0.0,4.623029637758012,-0.640164517660112,0.599521628889349,0.5742092457420924,6.021023349349527,0.0,1.0,0.0,2.0,0.0,0.0,0.0,0.0
b3801,225.0,56.479,3.0,3.0,0.6666666666666666,1.733494809520103,194.0,42.702,1.0,1.0,0.0,1.433750585362908,-0.906578314837765,0.6137790703489217,0.5970961887477314,6.313548046277095,0.0,1.0,1.0,3.0,0.0,0.0,2.0,0.0
b3802,363.0,105.255,9.0,8.0,0.3055555555555556,1.6936268389308768,347.0,98.782,7.0,4.0,0.23809523809523808,3.1340988186792016,1.9818638909913504,0.6315015686657224,0.5829145728643216,5.988961416889864,2.0,0.0,0.0,2.0,0.0,1.0,0.0,0.0
b3803,383.0,104.616,8.0,8.0,0.35714285714285715,1.456413096582452,367.0,99.964,6.0,4.0,0.3333333333333333,2.689074556056811,2.2552966319043404,0.5746798986553208,0.5623409669211196,5.976350909297934,1.0,0.0,0.0,2.0,0.0,1.0,5.0,1.0
b3804,448.0,121.284,19.0,8.0,0.3508771929824561,3.023350192423014,419.0,101.981,5.0,4.0,0.4,2.4843688576889975,1.127428777851599,0.48743029414446754,0.5040650406504065,5.5093883366279774,0.0,0.0,1.0,3.0,0.0,0.0,5.0,1.0
b3805,258.0,67.658,10.0,8.0,0.5555555555555556,1.846920149787393,226.0,43.758,8.0,4.0,0.39285714285714285,3.5077689151827003,1.3504418565350613,0.5912200063702608,0.5463258785942492,5.749392985908253,0.0,1.0,1.0,5.0,0.0,0.0,5.0,1.0
b3806,468.0,139.962,24.0,13.0,0.22826086956521738,3.2937030631026323,306.0,76.015,4.0,3.0,0.16666666666666666,2.383943618571922,1.0902580529313164,0.6279154358521861,0.6014150943396226,6.744059186311348,0.0,0.0,1.0,5.0,1.0,0.0,3.0,1.0
b3807,266.0,71.191,9.0,8.0,0.5833333333333334,1.973494617217264,187.0,34.877,3.0,3.0,1.0,1.5189347476985153,2.281056104583504,0.7564625276062057,0.660377358490566,4.672828834461906,0.0,0.0,0.0,5.0,0.0,0.0,0.0,0.0
b3808,0.0,0.0,0.0,0.0,0.0,0.0,0.0,0.0,0.0,0.0,0.0,0.0,0.0,0.5425853800472854,0.5217391304347826,5.087596335232384,0.0,0.0,0.0,2.0,0.0,0.0,0.0,0.0
b3809,370.0,103.762,14.0,10.0,0.21978021978021978,2.666762881177314,334.0,67.324,6.0,3.0,0.2,3.271365094494674,1.7987196851850062,0.622824875728738,0.572992700729927,5.616771097666572,0.0,0.0,1.0,5.0,1.0,0.0,6.0,0.0
b3810,374.0,108.224,12.0,9.0,0.21212121212121213,2.2175251430752496,360.0,105.81,11.0,6.0,0.2,4.668763840944511,1.0937717814987298,0.5770189531189905,0.5872340425531914,5.4638318050256105,0.0,0.0,0.0,1.0,0.0,0.0,0.0,0.0
b3811,214.0,63.346,13.0,10.0,0.358974358974359,2.0662614482834845,172.0,34.444,3.0,3.0,1.0,1.778218617009243,0.5751878449276611,0.5991988555906853,0.5838926174496645,5.700443573390687,0.0,0.0,0.0,5.0,1.0,0.0,0.0,0.0
b3812,283.0,73.798,12.0,9.0,0.4393939393939394,2.0534077284684464,253.0,56.011,3.0,3.0,1.0,1.778218617009243,1.5466660250701842,0.5917412627506522,0.634453781512605,5.476463551931511,0.0,1.0,1.0,5.0,0.0,0.0,4.0,1.0
b3813,363.0,128.345,47.0,16.0,0.37187789084181316,5.508818417028832,325.0,71.19,2.0,2.0,1.0,1.9227875624120758,1.570659670021534,0.6457886190624867,0.6944444444444444,6.580639137284949,0.0,0.0,1.0,5.0,0.0,0.0,2.0,0.0
b3816,197.0,42.75,1.0,1.0,0.0,0.661885329311068,182.0,36.063,0.0,0.0,0.0,0.0,2.1430460433375877,0.6537857348108432,0.6265822784810127,5.75890177387728,2.0,0.0,0.0,5.0,0.0,1.0,0.0,0.0
b3817,40.0,13.435,2.0,2.0,1.0,1.3074228985152105,17.0,5.387,1.0,1.0,0.0,2.9922202274087373,-0.0501222959631252,0.433463572290238,0.2857142857142857,4.844187086458591,0.0,0.0,0.0,1.0,0.0,0.0,0.0,0.0
b3818,47.0,16.994,6.0,3.0,0.26666666666666666,2.663579091090467,31.0,8.923,1.0,1.0,0.0,2.9922202274087373,0.20682587603184974,0.5044009526279097,0.30952380952380953,4.844187086458591,4.0,0.0,0.0,2.0,0.0,1.0,0.0,0.0
b3819,130.0,31.797,6.0,2.0,0.13333333333333333,3.858417613215671,111.0,22.041,1.0,1.0,0.0,2.9922202274087373,-1.6020599913279623,0.5905381878235496,0.6216216216216216,5.6937321388027,10.0,0.0,0.0,2.0,0.0,1.0,0.0,0.0
b3820,259.0,62.307,1.0,1.0,0.0,0.9259289401237836,230.0,51.286,1.0,1.0,0.0,2.9922202274087373,1.694692926331484,0.5460171464547977,0.5612903225806452,5.049856007249537,0.0,0.0,1.0,5.0,1.0,0.0,0.0,0.0
b3821,283.0,81.328,17.0,11.0,0.2426470588235294,2.678870993714407,226.0,46.54,0.0,0.0,0.0,0.0,1.4032921451582543,0.6418863751366513,0.6193771626297578,5.66988092298052,12.0,1.0,2.0,5.0,0.0,1.0,5.0,0.0
b3822,338.0,120.371,52.0,16.0,0.30693815987933637,6.084236040593789,265.0,46.287,4.0,2.0,0.0,2.8532581567516946,0.6785183790401139,0.6621935634798345,0.632183908045977,6.413458957167357,0.0,1.0,1.0,5.0,0.0,0.0,1.0,0.0
b3823,234.0,63.053,4.0,2.0,0.16666666666666666,1.498732446341895,213.0,52.348,2.0,1.0,0.0,2.0403046465388632,-0.3196644865854368,0.6054785920816431,0.5922330097087378,5.332718793265369,4.0,0.0,0.0,3.0,0.0,1.0,0.0,0.0
b3824,136.0,32.38,2.0,2.0,1.0,1.0659812485974243,109.0,21.459,1.0,1.0,0.0,1.3205671431010413,-1.0362121726544447,0.5192101572179971,0.6019417475728155,5.332718793265369,6.0,0.0,0.0,3.0,0.0,1.0,0.0,0.0
b3825,356.0,99.637,11.0,9.0,0.18181818181818182,1.9847700918474427,318.0,75.88,2.0,2.0,1.0,2.9922202274087373,0.8750612633917001,0.5520747036394368,0.5352941176470588,5.831882477283517,0.0,0.0,1.0,3.0,0.0,1.0,1.0,0.0
b3826,239.0,58.244,4.0,3.0,0.3333333333333333,1.181856041612358,212.0,43.725,2.0,2.0,1.0,2.9922202274087373,1.513350798805957,0.674219225497573,0.5902255639097744,5.58724865840025,0.0,1.0,2.0,5.0,0.0,0.0,2.0,0.0
b3827,215.0,50.105,4.0,3.0,0.3333333333333333,1.1771060841630663,203.0,43.176,2.0,2.0,1.0,2.9922202274087373,0.0,0.6615465197204696,0.6822742474916388,5.703782474656201,10.0,0.0,0.0,4.0,0.0,1.0,0.0,0.0
b3828,203.0,55.095,14.0,11.0,0.6263736263736264,2.166933412226142,170.0,42.014,10.0,6.0,0.5111111111111111,3.7130872387696927,0.9449759084120479,0.5750157591141175,0.61198738170347,5.762051382780177,0.0,0.0,0.0,3.0,1.0,0.0,0.0,0.0
b3829,309.0,96.836,23.0,14.0,0.4743083003952569,3.0387410029649717,240.0,36.182,6.0,5.0,0.4666666666666667,2.341606790804427,3.354878340773843,0.646790104472624,0.6241699867197875,6.625392368007956,0.0,1.0,1.0,5.0,0.0,0.0,5.0,0.0
b3830,219.0,45.991,1.0,1.0,0.0,0.8727046182783291,209.0,41.351,0.0,0.0,0.0,0.0,2.5910757426396818,0.5424343029667951,0.5461254612546126,5.605802066295998,0.0,0.0,1.0,2.0,0.0,0.0,5.0,0.0
b3831,151.0,52.999,22.0,14.0,0.5108225108225108,3.152117059082402,103.0,19.671,1.0,1.0,0.0,1.3583730906123272,3.3138693285896768,0.6347529349630484,0.541501976284585,5.537334267018537,0.0,0.0,1.0,5.0,1.0,0.0,3.0,1.0
b3832,232.0,54.411,0.0,0.0,0.0,0.0,201.0,38.789,0.0,0.0,0.0,0.0,0.5611013836490559,0.6281594774020041,0.5957894736842105,6.16541785423142,0.0,0.0,0.0,2.0,0.0,0.0,0.0,0.0
b3833,269.0,76.808,19.0,8.0,0.2982456140350877,3.5371057556322483,233.0,48.769,5.0,3.0,0.4,2.921369000047103,2.4828878693764858,0.6590985856011112,0.6055776892430279,5.529429087511423,0.0,0.0,2.0,5.0,1.0,0.0,4.0,1.0
b3834,359.0,104.783,13.0,8.0,0.5,2.7751893939456513,340.0,92.857,5.0,3.0,0.3,2.720063571724089,1.3998467127129224,0.5735641291008192,0.572139303482587,5.308267697401205,0.0,0.0,0.0,4.0,1.0,0.0,0.0,0.0
b3835,260.0,64.26,9.0,8.0,0.5833333333333334,1.8519221705764415,241.0,53.922,3.0,3.0,0.6666666666666666,1.8459207601331942,1.0047511555910011,0.570528692727735,0.5457875457875457,6.304448802421981,2.0,0.0,1.0,5.0,0.0,1.0,0.0,0.0
b3836,316.0,85.447,14.0,8.0,0.31868131868131866,2.4905484004272567,291.0,62.003,5.0,3.0,0.4,2.5594527288218165,2.46983673757549,0.6302236215126176,0.4943820224719101,4.499809670330265,1.0,0.0,0.0,5.0,1.0,1.0,2.0,1.0
b3838,426.0,109.978,16.0,8.0,0.2833333333333333,2.7471312812314763,399.0,84.268,6.0,3.0,0.4666666666666667,2.9518431076547778,1.9063889211528309,0.5447304524707778,0.5906432748538012,5.147494476813453,1.0,0.0,0.0,5.0,0.0,1.0,2.0,1.0
b3839,366.0,95.62,12.0,8.0,0.3939393939393939,2.2122671120980875,319.0,59.944,4.0,3.0,0.5,2.203240499353897,1.6767850304192053,0.6252450265830088,0.6356589147286822,5.556828061699537,6.0,0.0,0.0,5.0,0.0,1.0,2.0,1.0
b3842,465.0,142.592,38.0,34.0,0.8065433854907539,2.669396435694985,411.0,101.099,27.0,27.0,0.9772079772079773,2.606339584728665,1.09725730969342,0.5810821088862784,0.5555555555555556,5.093750200806762,0.0,0.0,0.0,5.0,0.0,0.0,0.0,0.0
b3843,158.0,41.655,12.0,8.0,0.5,2.3932544728840384,124.0,25.534,4.0,2.0,0.0,2.9616015146194044,1.9489506102455483,0.6362010235540622,0.5875251509054326,6.210600077024653,0.0,1.0,1.0,5.0,0.0,1.0,4.0,1.0
b3844,380.0,102.386,22.0,11.0,0.23809523809523808,3.400951136709135,349.0,76.164,11.0,8.0,0.6909090909090909,3.8870448638801185,1.9727118405470665,0.5986099179251027,0.5579399141630901,5.455321115357702,0.0,0.0,1.0,5.0,0.0,0.0,2.0,1.0
b3845,233.0,86.746,39.0,19.0,0.3792172739541161,4.709894612959631,190.0,39.014,6.0,5.0,0.6,2.458071765917944,2.38203506271893,0.6248763164952554,0.6072351421188631,5.961005339623274,0.0,0.0,1.0,5.0,1.0,0.0,10.0,0.0
b3846,733.0,234.618,47.0,15.0,0.23219241443108232,6.360798125639304,619.0,119.74,16.0,5.0,0.16666666666666666,6.583628739479232,2.5198411142567365,0.6694804163941048,0.6241426611796982,6.593044534142437,0.0,0.0,4.0,5.0,0.0,0.0,15.0,0.0
b3847,351.0,82.276,6.0,4.0,0.4,1.3756505098436993,327.0,62.585,1.0,1.0,0.0,2.9922202274087373,2.6042368562954232,0.708076433258561,0.636568848758465,6.095824562432225,0.0,1.0,1.0,5.0,0.0,0.0,0.0,0.0
b3848,213.0,50.88,3.0,3.0,0.6666666666666666,0.9409703864570385,183.0,36.708,1.0,1.0,0.0,2.9922202274087373,0.4742162640762552,0.5640218572530986,0.5980392156862745,5.3230099791384085,0.0,0.0,0.0,3.0,0.0,0.0,0.0,0.0
b3849,194.0,52.051,9.0,6.0,0.1111111111111111,2.048754214413093,155.0,27.511,3.0,2.0,0.0,2.7980175555337294,-1.2518119729937995,0.5917054375301073,0.6273291925465838,6.182084906716632,7.0,0.0,0.0,4.0,0.0,1.0,0.0,0.0
b3850,169.0,44.016,10.0,8.0,0.5555555555555556,2.0837779205495055,144.0,27.882,1.0,1.0,0.0,1.244042743244925,1.6795187436957892,0.637002203414839,0.6022099447513812,5.204006687076795,0.0,1.0,1.0,5.0,0.0,1.0,4.0,1.0
b3851,0.0,0.0,0.0,0.0,0.0,0.0,0.0,0.0,0.0,0.0,0.0,0.0,0.0,0.0,0.0,0.0,0.0,0.0,0.0,0.0,0.0,0.0,1.0,1.0
b3852,0.0,0.0,0.0,0.0,0.0,0.0,0.0,0.0,0.0,0.0,0.0,0.0,0.0,0.0,0.0,0.0,0.0,0.0,0.0,0.0,0.0,0.0,1.0,1.0
b3853,0.0,0.0,0.0,0.0,0.0,0.0,0.0,0.0,0.0,0.0,0.0,0.0,0.0,0.0,0.0,0.0,0.0,0.0,0.0,0.0,0.0,0.0,1.0,1.0
b3854,0.0,0.0,0.0,0.0,0.0,0.0,0.0,0.0,0.0,0.0,0.0,0.0,0.0,0.0,0.0,0.0,0.0,0.0,0.0,0.0,0.0,0.0,1.0,1.0
b3855,0.0,0.0,0.0,0.0,0.0,0.0,0.0,0.0,0.0,0.0,0.0,0.0,0.0,0.0,0.0,0.0,0.0,0.0,0.0,0.0,0.0,0.0,1.0,1.0
b3856,185.0,48.936,8.0,7.0,0.6785714285714286,1.7418574662246233,166.0,36.539,2.0,2.0,1.0,1.23826092961263,0.42651126136457523,0.49394786442503114,0.48,5.170483995038151,0.0,0.0,0.0,4.0,0.0,0.0,0.0,0.0
b3857,201.0,56.589,12.0,8.0,0.30303030303030304,2.159264890408014,189.0,44.235,5.0,4.0,0.3,2.3041722642780185,1.1961761850399732,0.5150059157014732,0.4484536082474227,5.272999558563747,0.0,1.0,1.0,5.0,1.0,0.0,2.0,1.0
b3858,58.0,20.407,3.0,2.0,0.3333333333333333,1.0190187267729578,17.0,4.923,2.0,2.0,1.0,1.4387331344006873,2.8876229258754917,0.6581934766053731,0.5168539325842697,4.499809670330265,0.0,0.0,0.0,1.0,0.0,0.0,0.0,0.0
b3859,256.0,58.468,2.0,2.0,1.0,0.7876632174451251,222.0,45.824,2.0,2.0,1.0,1.4387331344006873,0.404833716619938,0.5146897191178502,0.47560975609756095,5.796057750765372,0.0,1.0,1.0,5.0,1.0,0.0,0.0,0.0
b3860,483.0,157.798,33.0,14.0,0.24242424242424243,4.820654595093128,424.0,109.555,11.0,6.0,0.21818181818181817,4.8866670489775705,2.6232596306196103,0.6805290544797395,0.5240384615384616,5.342334251964811,0.0,0.0,0.0,5.0,0.0,0.0,1.0,0.0
b3861,56.0,16.245,1.0,1.0,0.0,0.5064394576093281,25.0,5.066,0.0,0.0,0.0,0.0,-0.4962093169428189,0.537864444890511,0.39915966386554624,6.1675164908883415,0.0,0.0,0.0,1.0,0.0,0.0,0.0,0.0
b3862,285.0,64.584,0.0,0.0,0.0,0.0,251.0,50.438,0.0,0.0,0.0,0.0,0.26245108973042947,0.5531469323422306,0.5064516129032258,5.739792912179234,1.0,0.0,1.0,4.0,0.0,1.0,0.0,0.0
b3863,1279.0,391.304,59.0,16.0,0.255406195207481,6.872768804890545,1198.0,245.413,4.0,2.0,0.0,2.562907544650209,2.399691023705375,0.6296858870266896,0.552801724137931,6.834108738813838,0.0,0.0,1.0,5.0,0.0,0.0,4.0,1.0
b3865,327.0,91.365,13.0,11.0,0.47435897435897434,1.5601293813925288,296.0,63.873,0.0,0.0,0.0,0.0,2.2504444001899655,0.6253928988663574,0.5714285714285714,5.351858133476067,0.0,1.0,0.0,3.0,0.0,0.0,0.0,0.0
b3866,386.0,114.626,16.0,11.0,0.4,2.566204372514926,365.0,106.297,14.0,8.0,0.4725274725274725,5.232646126210039,2.4609128699872858,0.660520671970353,0.4970414201183432,5.135798437050262,0.0,0.0,0.0,5.0,0.0,0.0,0.0,0.0
b3867,256.0,65.826,11.0,8.0,0.5454545454545454,2.048314386477397,222.0,44.772,2.0,1.0,0.0,1.7986112175761397,1.0572856444182146,0.6809266904395985,0.6433260393873085,6.126869184114185,0.0,1.0,1.0,5.0,1.0,0.0,4.0,1.0
b3868,300.0,97.215,14.0,8.0,0.3076923076923077,2.4740819198290427,213.0,47.082,2.0,2.0,0.0,1.2445293521715233,1.7050936105478731,0.6051954355845958,0.603411513859275,6.152732694704104,0.0,0.0,0.0,5.0,1.0,0.0,1.0,0.0
b3869,285.0,83.672,15.0,8.0,0.34285714285714286,2.598140112161276,245.0,56.228,5.0,3.0,0.1,2.867527618575544,1.342620042553348,0.57755446107508,0.6246418338108882,5.857933154483459,0.0,0.0,2.0,5.0,1.0,0.0,1.0,0.0
b3870,569.0,176.292,51.0,15.0,0.2172549019607843,6.608052061093742,450.0,65.335,4.0,2.0,0.0,2.6329359176150624,3.1482971840938685,0.6562504896252669,0.5842217484008528,6.152732694704104,0.0,1.0,1.0,5.0,1.0,0.0,9.0,0.0
b3871,470.0,139.948,8.0,8.0,0.32142857142857145,0.9951438830602382,429.0,112.404,3.0,3.0,0.0,1.4150150514992776,2.766420283598079,0.6768273600697364,0.5947281713344317,6.410174881966167,0.0,0.0,1.0,5.0,1.0,0.0,0.0,0.0
b3872,186.0,42.747,2.0,2.0,0.0,0.8316665193863293,176.0,40.318,2.0,2.0,0.0,1.9199631441262066,0.21218760440395784,0.576046183868155,0.5254237288135594,5.4680601411351315,0.0,0.0,0.0,2.0,0.0,0.0,0.0,0.0
b3873,218.0,54.45,8.0,3.0,0.14285714285714285,2.845782698401535,209.0,48.838,4.0,2.0,0.16666666666666666,4.361022267202189,0.9084850188786497,0.5430413600615585,0.42024539877300615,5.7899601708972535,0.0,0.0,0.0,1.0,0.0,0.0,0.0,0.0
b3874,182.0,43.968,3.0,3.0,0.3333333333333333,1.1765662244984285,161.0,33.487,1.0,1.0,0.0,1.3791127323915822,0.8247764624755457,0.5506082928215389,0.5130641330166271,6.045005314036012,11.0,0.0,0.0,2.0,0.0,1.0,0.0,0.0
b3875,99.0,31.859,4.0,4.0,0.8333333333333334,1.158650516374889,69.0,12.795,0.0,0.0,0.0,0.0,-0.6289321377282637,0.6122018334018814,0.4608695652173913,5.442417710521793,0.0,0.0,0.0,4.0,0.0,1.0,0.0,0.0
b3876,112.0,32.46,9.0,7.0,0.6388888888888888,2.118134378544846,96.0,21.505,1.0,1.0,0.0,1.355311246168539,-1.2291479883578558,0.5465204765374474,0.4989293361884368,6.148468295917647,12.0,0.0,0.0,4.0,0.0,1.0,0.0,0.0
b3877,125.0,34.457,8.0,7.0,0.8214285714285714,1.9014580171521438,116.0,26.108,2.0,2.0,1.0,2.063060288231867,0.0,0.6279864037488125,0.6550976138828634,6.135564891081739,12.0,0.0,0.0,3.0,0.0,1.0,0.0,0.0
b3878,221.0,57.039,10.0,7.0,0.6666666666666666,2.3433764653167954,167.0,32.856,3.0,2.0,0.3333333333333333,3.187735601544966,-0.266000713461613,0.6510953222488686,0.6430678466076696,6.520621127558696,0.0,0.0,1.0,5.0,0.0,0.0,2.0,0.0
b3879,202.0,57.952,17.0,7.0,0.35294117647058826,3.2592964729340608,187.0,39.046,4.0,2.0,0.3333333333333333,3.3238023850860614,0.0,0.545408896589508,0.4967532467532468,5.733341276897746,0.0,0.0,0.0,2.0,0.0,0.0,2.0,0.0
b3880,171.0,44.321,9.0,7.0,0.75,1.9949507399116067,158.0,36.485,4.0,2.0,0.3333333333333333,2.918086262431413,-0.7375489102695706,0.6557528892131346,0.6004842615012107,6.025865973825314,0.0,0.0,1.0,5.0,0.0,0.0,2.0,0.0
b3881,275.0,77.61,12.0,7.0,0.4696969696969697,2.542989299371443,261.0,70.127,7.0,3.0,0.09523809523809523,3.859461418819408,-0.0329202658555029,0.5670434907001661,0.571917808219178,5.680172609017068,0.0,0.0,1.0,4.0,0.0,0.0,2.0,0.0
b3882,146.0,46.28,13.0,7.0,0.4230769230769231,2.5382856861237895,117.0,26.991,4.0,3.0,0.16666666666666666,2.540249787569692,0.27184160653649897,0.5547649506072023,0.6040268456375839,5.700443573390687,0.0,0.0,2.0,5.0,0.0,0.0,4.0,0.0
b3883,187.0,52.828,10.0,7.0,0.6,2.135753966087231,177.0,43.544,3.0,2.0,0.0,2.1202429206129234,-1.853871964321762,0.5526824349134468,0.5637583892617449,5.700443573390687,0.0,0.0,1.0,5.0,0.0,0.0,2.0,0.0
b3884,114.0,36.449,8.0,7.0,0.9642857142857143,1.8596779837168353,80.0,20.48,1.0,1.0,0.0,1.0505163116199696,1.537944959291487,0.5561043889177982,0.5593869731800766,5.568344503761097,0.0,0.0,0.0,4.0,0.0,0.0,0.0,0.0
b3885,205.0,56.606,15.0,10.0,0.45714285714285713,2.6614376045970363,183.0,40.316,3.0,3.0,1.0,1.8732674628332728,2.033463966077405,0.6286596210854886,0.5728643216080402,5.298317366548036,0.0,1.0,1.0,5.0,0.0,0.0,2.0,1.0
b3886,210.0,48.916,5.0,3.0,0.4,1.4565058337210828,181.0,40.066,4.0,3.0,0.5,2.3132187350141256,-0.5528419686577808,0.5185215343220996,0.6068965517241379,5.673323267171493,6.0,0.0,0.0,2.0,0.0,1.0,0.0,0.0
b3887,210.0,46.426,3.0,3.0,1.0,0.9548107958465707,191.0,39.54,3.0,3.0,1.0,1.8732674628332728,2.1303659372652075,0.5699087161589924,0.6068965517241379,4.983606621708336,0.0,0.0,1.0,5.0,1.0,0.0,0.0,0.0
b3888,499.0,138.001,17.0,7.0,0.2867647058823529,3.598355318144449,475.0,114.34,7.0,4.0,0.42857142857142855,3.2976291432264384,1.8949249773595433,0.5964029925667143,0.6048632218844985,5.799092654460526,0.0,0.0,1.0,4.0,0.0,0.0,0.0,0.0
b3889,6.0,3.718,2.0,2.0,0.0,0.9847245062783591,2.0,0.497,0.0,0.0,0.0,0.0,0.00860017176191757,0.5106253428834909,0.4305555555555556,4.290459441148391,0.0,0.0,0.0,2.0,0.0,0.0,0.0,0.0
b3890,20.0,7.434,3.0,2.0,0.0,1.5259473627418276,7.0,1.432,0.0,0.0,0.0,0.0,-0.9829666607012196,0.455837067975886,0.4305555555555556,4.290459441148391,0.0,0.0,0.0,1.0,0.0,0.0,0.0,0.0
b3891,217.0,57.13,10.0,8.0,0.8666666666666667,1.5194305643085961,174.0,40.071,8.0,6.0,0.75,3.8662969749591714,1.8675264111997434,0.6402189089244699,0.6181229773462783,5.736572297479192,0.0,0.0,0.0,3.0,1.0,0.0,0.0,0.0
b3892,174.0,66.006,32.0,19.0,0.4112903225806452,3.8583467116802064,129.0,28.649,6.0,6.0,0.8666666666666667,2.9473018298142066,1.4379090355394983,0.663299992515762,0.6824644549763034,5.356586274672012,4.0,1.0,0.0,5.0,0.0,1.0,5.0,0.0
b3893,158.0,67.722,31.0,19.0,0.43010752688172044,3.7090989228974625,123.0,24.185,6.0,6.0,0.8666666666666667,2.9473018298142066,1.7910587435918255,0.654161722624799,0.6533333333333333,5.707110264748875,1.0,1.0,0.0,5.0,0.0,1.0,5.0,0.0
b3894,180.0,78.65,39.0,19.0,0.29554655870445345,4.754669914828587,124.0,27.605,8.0,6.0,0.5357142857142857,3.901518885487986,1.9435439771534544,0.6422279592349128,0.655511811023622,6.92461239604856,0.0,1.0,1.0,5.0,0.0,0.0,5.0,0.0
b3895,210.0,62.553,10.0,8.0,0.4222222222222222,1.67355503120668,173.0,36.2,3.0,3.0,0.0,1.6147346829205935,0.40312052117581787,0.5422839711151106,0.5342960288808665,5.627621113690637,0.0,0.0,0.0,5.0,1.0,0.0,0.0,0.0
b3896,37.0,12.218,3.0,3.0,0.0,0.7883948952909677,16.0,3.524,0.0,0.0,0.0,0.0,1.0831441431430522,0.5715440986860147,0.45014245014245013,5.863631175598097,0.0,0.0,0.0,1.0,0.0,0.0,0.0,0.0
b3897,377.0,105.657,12.0,5.0,0.15151515151515152,3.234476945466361,366.0,96.438,12.0,4.0,0.13636363636363635,6.160105066355595,0.9289076902439527,0.5709797087705041,0.5412371134020618,6.368187186350492,0.0,0.0,1.0,2.0,0.0,0.0,0.0,0.0
b3898,91.0,22.003,5.0,3.0,0.3,1.929639168932326,84.0,18.688,3.0,3.0,1.0,1.5858214408515448,-0.7471469690201068,0.6360689301852,0.598314606741573,5.877735781779639,0.0,1.0,1.0,2.0,0.0,0.0,0.0,0.0
b3899,201.0,57.532,11.0,8.0,0.43636363636363634,2.261873796068185,174.0,39.114,9.0,5.0,0.3611111111111111,3.783502590345622,0.42324587393680785,0.594484675570333,0.6583850931677019,6.182084906716632,10.0,0.0,1.0,3.0,0.0,1.0,0.0,0.0
b3900,108.0,36.18,12.0,6.0,0.15151515151515152,2.778372086116863,86.0,27.008,10.0,5.0,0.2222222222222222,4.0293642904485685,0.30963016742589866,0.6185952193895251,0.5675675675675675,5.003946305945459,0.0,0.0,0.0,2.0,1.0,0.0,0.0,0.0
b3901,159.0,44.894,6.0,5.0,0.4666666666666667,1.874113918648108,147.0,36.137,3.0,3.0,1.0,2.8186692679662824,0.0,0.6709177561738681,0.5769230769230769,4.653960350157523,0.0,0.0,1.0,5.0,1.0,0.0,0.0,0.0
b3902,201.0,55.432,14.0,7.0,0.2857142857142857,2.8904720634488186,165.0,33.264,3.0,3.0,1.0,2.8186692679662824,-0.4609239012072234,0.5840075017470382,0.6788321167883211,5.616771097666572,0.0,1.0,1.0,5.0,1.0,0.0,4.0,0.0
b3903,119.0,34.825,10.0,6.0,0.4,2.47704028918112,87.0,19.625,3.0,3.0,1.0,2.8186692679662824,-0.8041003475907662,0.6050617496561068,0.630071599045346,6.040254711277414,0.0,1.0,1.0,5.0,1.0,0.0,3.0,0.0
b3904,178.0,48.428,10.0,7.0,0.4,2.3282692423816878,147.0,30.808,6.0,3.0,0.2,5.449049928533819,0.5809249756756193,0.6025008681526369,0.6094069529652352,6.194405391104672,0.0,1.0,1.0,5.0,0.0,0.0,4.0,0.0
b3905,254.0,66.084,12.0,7.0,0.3787878787878788,2.516763502655092,234.0,54.603,3.0,3.0,0.6666666666666666,2.294723246261372,-0.28483264215154214,0.5923102510969882,0.5575539568345323,5.631211781821365,0.0,0.0,0.0,5.0,1.0,0.0,0.0,0.0
b3906,379.0,96.975,13.0,7.0,0.2692307692307692,2.8145114417498593,363.0,80.012,7.0,3.0,0.23809523809523808,5.012314016673792,0.5224442335063199,0.5744828695642745,0.5390070921985816,5.645446897643238,0.0,0.0,0.0,4.0,1.0,0.0,0.0,0.0
b3907,217.0,53.219,6.0,5.0,0.8666666666666667,1.5901309339997534,197.0,43.68,1.0,1.0,0.0,1.2209893662624542,0.0,0.5621464479763177,0.6424418604651163,5.84354441703136,10.0,0.0,0.0,5.0,0.0,1.0,0.0,0.0
b3908,571.0,184.891,18.0,11.0,0.30718954248366015,2.682599953207727,500.0,67.042,1.0,1.0,0.0,0.6772189310325127,3.760423237406033,0.6997787716122411,0.6213592233009708,5.332718793265369,0.0,1.0,1.0,5.0,0.0,0.0,1.0,0.0
b3909,200.0,50.57,5.0,4.0,0.6,1.1621320358575922,150.0,29.931,0.0,0.0,0.0,0.0,-0.29413628771608075,0.5234188943902613,0.5718654434250765,5.793013608384144,10.0,0.0,0.0,5.0,0.0,1.0,0.0,0.0
b3910,169.0,45.944,7.0,6.0,0.42857142857142855,1.4997217813744244,155.0,31.995,2.0,1.0,0.0,2.38523757050189,2.1430460433375877,0.5322446975392622,0.5892857142857143,5.41610040220442,0.0,1.0,1.0,5.0,0.0,0.0,0.0,0.0
b3911,482.0,143.23,23.0,11.0,0.1067193675889328,3.76791371281572,381.0,91.692,13.0,4.0,0.01282051282051282,5.7785787435529095,0.8864907251724818,0.63837957530484,0.6214442013129103,6.126869184114185,2.0,1.0,1.0,5.0,0.0,1.0,2.0,0.0
b3912,325.0,100.839,22.0,11.0,0.1471861471861472,3.5003556150231105,246.0,47.837,8.0,4.0,0.0,3.7855756029204817,2.9052614503875196,0.5717570763253956,0.5517241379310345,5.4510384535657,0.0,0.0,0.0,5.0,1.0,0.0,2.0,0.0
b3915,271.0,65.257,8.0,6.0,0.10714285714285714,1.999696751831925,247.0,46.941,2.0,2.0,0.0,1.2797929973253641,0.5105450102066121,0.47774750865256466,0.5533333333333333,5.707110264748875,6.0,0.0,0.0,5.0,0.0,1.0,0.0,0.0
b3916,528.0,169.021,42.0,18.0,0.3681765389082462,5.442482398000372,433.0,72.973,7.0,5.0,0.42857142857142855,2.6283226695712534,2.9385247285403193,0.6683066783863705,0.578125,5.771441123130016,0.0,1.0,1.0,5.0,1.0,0.0,11.0,1.0
b3917,279.0,135.304,18.0,12.0,0.5555555555555556,2.672363644673241,123.0,25.475,8.0,8.0,0.9285714285714286,2.2447403879569117,1.3306166672944384,0.6298972582769294,0.5623100303951368,5.799092654460526,0.0,0.0,0.0,4.0,0.0,0.0,2.0,0.0
b3918,251.0,65.126,8.0,7.0,0.4642857142857143,1.5192463811798786,229.0,54.269,0.0,0.0,0.0,0.0,0.7458551951737289,0.5383821236642432,0.4860557768924303,5.529429087511423,1.0,0.0,1.0,3.0,0.0,1.0,2.0,0.0
b3919,904.0,296.194,47.0,18.0,0.32469935245143383,5.494543590379807,751.0,140.535,11.0,5.0,0.43636363636363634,3.771273393484681,3.3666115775186047,0.5813447688997994,0.5098039215686274,5.545177444479562,0.0,0.0,1.0,5.0,1.0,0.0,9.0,1.0
b3920,11.0,3.914,0.0,0.0,0.0,0.0,6.0,1.882,0.0,0.0,0.0,0.0,1.1556396337597763,0.4969519790793475,0.5025125628140703,5.298317366548036,0.0,0.0,0.0,1.0,0.0,0.0,0.0,0.0
b3921,299.0,81.933,8.0,4.0,0.42857142857142855,3.172382797594238,271.0,68.684,1.0,1.0,0.0,1.6372162647970914,0.0,0.586499089471787,0.5342465753424658,4.990432586778736,0.0,0.0,0.0,1.0,0.0,0.0,0.0,0.0
b3922,64.0,18.981,2.0,2.0,0.0,0.9204487671026336,40.0,6.258,1.0,1.0,0.0,0.8538783698001338,2.414990051283522,0.544002267092018,0.48484848484848486,4.605170185988092,0.0,0.0,0.0,1.0,0.0,0.0,0.0,0.0
b3923,358.0,94.497,8.0,5.0,0.2857142857142857,1.937437294935963,342.0,83.212,5.0,4.0,0.6,2.381781475838614,2.45638121798532,0.5746735436758589,0.5070422535211268,4.962844630259907,0.0,0.0,0.0,3.0,1.0,0.0,0.0,0.0
b3924,213.0,50.964,5.0,5.0,0.3,1.2228911196380658,183.0,36.266,1.0,1.0,0.0,2.9922202274087373,2.08639542712425,0.5668793185678644,0.5806451612903226,5.517452896464707,0.0,1.0,2.0,5.0,1.0,0.0,0.0,0.0
b3925,173.0,55.613,20.0,11.0,0.5157894736842106,2.862741249255091,115.0,18.405,1.0,1.0,0.0,2.9922202274087373,1.320354032817672,0.6802255575988487,0.6279761904761905,5.820082930352362,0.0,1.0,1.0,5.0,1.0,0.0,9.0,1.0
b3926,499.0,149.133,18.0,10.0,0.2679738562091503,2.7712937159522255,364.0,52.105,8.0,6.0,0.7142857142857143,3.8496494873233114,2.9464571778187914,0.6877724569921093,0.6175298804780877,6.220590170099739,0.0,0.0,1.0,5.0,0.0,0.0,3.0,0.0
b3927,351.0,95.407,14.0,10.0,0.37362637362637363,2.1966911433073735,264.0,39.528,7.0,6.0,0.9523809523809523,3.2625541352126515,1.6749529480485652,0.4997565608082892,0.5124555160142349,5.641907070938114,6.0,0.0,0.0,5.0,0.0,1.0,0.0,0.0
b3928,387.0,122.51,30.0,14.0,0.30344827586206896,4.171092252457235,353.0,100.417,17.0,8.0,0.47794117647058826,6.00619731765702,3.457126142162829,0.7368572297826859,0.5925925925925926,4.406719247264253,0.0,0.0,0.0,5.0,1.0,0.0,0.0,0.0
b3929,217.0,56.447,7.0,7.0,0.5238095238095238,1.1317858796167364,176.0,35.012,1.0,1.0,0.0,0.752940941060278,2.6483697702978364,0.6155252941643657,0.5217391304347826,5.087596335232384,0.0,0.0,0.0,5.0,1.0,0.0,0.0,0.0
b3930,157.0,41.089,6.0,5.0,0.6,1.410849463596071,142.0,31.163,2.0,2.0,1.0,1.063950840895924,0.4099331233312945,0.5525219170464836,0.5844155844155844,5.733341276897746,9.0,0.0,1.0,4.0,0.0,1.0,4.0,1.0
b3931,278.0,83.937,23.0,14.0,0.5810276679841897,2.887725895090291,224.0,54.005,15.0,8.0,0.5904761904761905,5.06379877713387,2.625322742178174,0.683712330507836,0.5914221218961625,6.095824562432225,0.0,0.0,0.0,5.0,1.0,0.0,0.0,0.0
b3932,275.0,80.287,20.0,14.0,0.6684210526315789,2.6043658871927984,221.0,52.801,14.0,8.0,0.6813186813186813,4.854712903453748,2.2855798107295944,0.636220846302725,0.5625,5.176149732573829,0.0,0.0,1.0,5.0,1.0,0.0,0.0,0.0
b3933,546.0,199.56,64.0,15.0,0.17509920634920634,8.35932879998668,523.0,169.029,31.0,8.0,0.2086021505376344,11.085932011421278,1.462547728802664,0.5502898024843823,0.5611285266457681,5.768320995793772,1.0,0.0,0.0,5.0,0.0,1.0,0.0,0.0
b3934,153.0,42.857,5.0,5.0,0.2,1.127520160413863,97.0,17.514,0.0,0.0,0.0,0.0,0.7168377232995244,0.5889083258893846,0.5601173020527859,5.834810737062605,0.0,0.0,0.0,5.0,1.0,0.0,0.0,0.0
b3935,304.0,85.251,10.0,9.0,0.4666666666666667,1.4405657392446631,284.0,67.581,1.0,1.0,0.0,0.9374915990650864,0.021189299069938092,0.6120857791251774,0.6188524590163934,6.597145701886651,0.0,1.0,1.0,5.0,0.0,0.0,1.0,0.0
b3936,371.0,155.537,89.0,61.0,0.8125638406537283,5.40764575509801,346.0,98.148,21.0,20.0,0.8428571428571429,2.3968926006160256,3.086007268314859,0.7171772859972413,0.6,4.2626798770413155,0.0,1.0,0.0,5.0,0.0,0.0,1.0,1.0
b3937,206.0,52.813,4.0,2.0,0.3333333333333333,1.914695493107368,154.0,32.749,0.0,0.0,0.0,0.0,-0.8210230527068306,0.6236688903346429,0.6188118811881188,5.313205979041787,0.0,0.0,0.0,1.0,0.0,0.0,0.0,0.0
b3938,365.0,118.196,27.0,13.0,0.2706552706552707,3.8480576386458027,299.0,90.703,16.0,8.0,0.375,5.421550193999274,2.734807827571958,0.6395092816199198,0.6095238095238096,4.663439094112067,0.0,0.0,0.0,4.0,1.0,0.0,0.0,0.0
b3939,268.0,88.83,36.0,14.0,0.2777777777777778,4.901084791289691,220.0,44.567,15.0,6.0,0.29523809523809524,5.215048378612308,2.3927145356762956,0.5952178741885612,0.5777202072538861,5.958424693029782,0.0,1.0,1.0,5.0,1.0,0.0,7.0,0.0
b3940,928.0,296.726,60.0,15.0,0.1768361581920904,7.45881042399825,878.0,204.357,20.0,7.0,0.1368421052631579,6.994907344076613,1.791760804012905,0.6368112552229173,0.654320987654321,6.698268054115413,0.0,1.0,2.0,5.0,0.0,0.0,8.0,0.0
b3941,348.0,98.345,21.0,14.0,0.41904761904761906,2.852845302280454,296.0,54.048,11.0,6.0,0.45454545454545453,3.9643393426368494,2.522457275186833,0.6699714392483569,0.5709459459459459,5.6937321388027,0.0,1.0,1.0,5.0,0.0,0.0,5.0,1.0
b3942,265.0,87.433,27.0,12.0,0.2564102564102564,3.726324694246425,78.0,7.444,0.0,0.0,0.0,0.0,3.1411392280753123,0.6512979018497983,0.5950413223140496,6.588926477533519,0.0,1.0,1.0,5.0,0.0,0.0,4.0,0.0
b3943,240.0,55.259,4.0,3.0,0.3333333333333333,1.3858008820050416,227.0,47.396,0.0,0.0,0.0,0.0,-0.3925449767853314,0.5362016931455952,0.6345514950166113,5.71042701737487,10.0,0.0,0.0,4.0,0.0,1.0,0.0,0.0
b3944,193.0,48.524,1.0,1.0,0.0,0.8190594976637149,152.0,32.879,0.0,0.0,0.0,0.0,-1.1426675035687315,0.5869361478792923,0.5658536585365853,5.327876168789581,0.0,0.0,0.0,1.0,0.0,0.0,0.0,0.0
b3945,201.0,63.459,18.0,9.0,0.20261437908496732,3.0436510180114658,125.0,22.149,2.0,2.0,1.0,1.3910328167600894,2.5078693588926737,0.6243268774813303,0.5340599455040872,5.908082938168931,0.0,1.0,2.0,5.0,0.0,0.0,4.0,0.0
b3946,216.0,54.059,5.0,5.0,0.2,1.006074938058892,198.0,36.565,2.0,2.0,1.0,1.3910328167600894,0.6954816764901974,0.5391188565985131,0.5409090909090909,5.3981627015177525,0.0,0.0,1.0,4.0,1.0,0.0,0.0,0.0
b3947,777.0,212.944,23.0,10.0,0.32806324110671936,3.74452247910862,729.0,157.224,18.0,5.0,0.28104575163398693,7.428669017385061,0.658964842664435,0.6328240543123039,0.6158463385354142,6.726233402358747,0.0,1.0,2.0,4.0,1.0,0.0,0.0,0.0
b3949,51.0,20.533,8.0,6.0,0.6428571428571429,1.7206855741774325,44.0,16.734,7.0,5.0,0.6666666666666666,2.8716189605695144,0.18184358794477254,0.6018258807441011,0.596100278551532,5.886104031450156,9.0,0.0,0.0,3.0,0.0,1.0,0.0,0.0
b3950,50.0,20.062,9.0,6.0,0.4444444444444444,2.298103268945523,43.0,15.973,7.0,5.0,0.7142857142857143,2.8678629002983738,1.3803921600570273,0.6410143738516119,0.4811320754716981,4.672828834461906,0.0,0.0,1.0,3.0,1.0,0.0,0.0,0.0
b3951,189.0,87.069,66.0,23.0,0.331002331002331,7.337207757073189,137.0,29.213,6.0,4.0,0.3333333333333333,3.458097405364207,-0.2218487496163564,0.6069892550200604,0.6300653594771242,6.641182169740591,0.0,0.0,1.0,2.0,0.0,0.0,0.0,0.0
b3952,133.0,36.599,8.0,6.0,0.32142857142857145,1.4355317855289988,113.0,26.608,6.0,4.0,0.13333333333333333,3.499407573870687,1.2203696324513946,0.5857913110737448,0.613013698630137,5.680172609017068,0.0,1.0,1.0,3.0,1.0,0.0,0.0,0.0
b3953,63.0,23.563,9.0,6.0,0.4722222222222222,1.8318835733043755,56.0,19.029,9.0,5.0,0.4444444444444444,3.839468578126268,-0.2984320149440726,0.6032144279337875,0.6194690265486725,4.736198448394496,0.0,0.0,1.0,3.0,1.0,0.0,0.0,0.0
b3954,242.0,58.533,2.0,2.0,0.0,0.8014585915224957,216.0,48.57,1.0,1.0,0.0,1.0712540371062156,0.21748394421390627,0.5905906171784099,0.5830388692579506,5.648974238161206,0.0,0.0,0.0,2.0,0.0,0.0,0.0,0.0
b3955,271.0,69.508,6.0,5.0,0.3333333333333333,1.276029703476927,237.0,54.294,5.0,3.0,0.5,2.6132211869834276,1.2857822737793947,0.6615459788844568,0.6135181975736569,6.359573868672378,5.0,0.0,1.0,3.0,0.0,1.0,1.0,1.0
b3956,457.0,144.284,39.0,19.0,0.41025641025641024,4.225955853545185,330.0,52.955,2.0,2.0,0.0,1.2089037065112513,2.9237671371325593,0.6534780326755794,0.6308040770101925,6.784457062637643,0.0,1.0,1.0,5.0,0.0,0.0,7.0,0.0
b3957,290.0,73.551,10.0,9.0,0.6222222222222222,1.6062144825093827,275.0,56.189,8.0,7.0,0.5357142857142857,2.9740643826792246,2.1173044466410027,0.5731091487402721,0.5378590078328982,5.950642552587727,0.0,1.0,1.0,5.0,1.0,0.0,5.0,0.0
b3958,348.0,101.255,15.0,10.0,0.49523809523809526,2.2901097242823285,297.0,65.836,12.0,7.0,0.5606060606060606,4.055679290043856,1.6885088076565211,0.6312452941127722,0.5898203592814372,5.814130531825066,0.0,0.0,1.0,3.0,1.0,0.0,5.0,0.0
b3959,369.0,105.277,17.0,11.0,0.3897058823529412,2.541463346358007,343.0,82.594,12.0,7.0,0.5606060606060606,4.132273845238029,2.4082569296087173,0.6098878931049648,0.6162790697674418,5.556828061699537,0.0,0.0,1.0,5.0,1.0,0.0,5.0,0.0
b3960,349.0,113.699,40.0,19.0,0.23846153846153847,4.970035249483054,292.0,63.548,13.0,7.0,0.46153846153846156,4.451436633478464,2.2787764579556447,0.6296024827506259,0.6236323851203501,6.126869184114185,0.0,0.0,1.0,2.0,1.0,0.0,5.0,0.0
b3961,308.0,104.956,21.0,11.0,0.28095238095238095,3.5325950415298446,172.0,29.997,1.0,1.0,0.0,0.9426901198124983,2.1173044466410027,0.6332241164217616,0.6098360655737705,5.723585101952381,0.0,0.0,0.0,5.0,0.0,0.0,1.0,0.0
b3962,420.0,118.028,23.0,14.0,0.31620553359683795,2.9740130734988814,371.0,70.663,7.0,5.0,0.47619047619047616,2.618751508081899,2.474230837472069,0.6253797067282568,0.5665236051502146,6.1463292576688975,0.0,1.0,1.0,5.0,1.0,0.0,2.0,1.0
b3963,289.0,85.815,10.0,9.0,0.4444444444444444,1.8751340137023538,243.0,64.518,7.0,5.0,0.47619047619047616,3.37027514234745,1.63558426631123,0.5625039807885729,0.5470085470085471,5.459585514144159,0.0,0.0,0.0,4.0,1.0,0.0,0.0,0.0
b3964,22.0,8.514,4.0,3.0,0.16666666666666666,1.6385059832694626,5.0,1.786,1.0,1.0,0.0,0.8582695101087698,0.0,0.5846054064092471,0.5210084033613446,4.787491742782046,4.0,0.0,0.0,3.0,0.0,1.0,0.0,0.0
b3965,269.0,66.409,3.0,3.0,1.0,0.7955677296161587,262.0,60.57,0.0,0.0,0.0,0.0,1.458033192496506,0.6416546206105994,0.5983606557377049,5.905361848054571,0.0,0.0,2.0,5.0,0.0,0.0,0.0,0.0
b3966,309.0,88.748,19.0,13.0,0.26900584795321636,2.5798007137397585,238.0,46.565,1.0,1.0,0.0,1.0777750857052515,1.5328817194073971,0.6028557915920318,0.5146579804560261,6.421622267806518,22.0,0.0,0.0,5.0,0.0,1.0,0.0,0.0
b3967,418.0,103.669,13.0,11.0,0.38461538461538464,1.8962662866011781,381.0,71.519,3.0,2.0,0.0,2.2138278450607114,1.0534626049254554,0.46997426203402065,0.4666666666666667,5.655991810819852,0.0,0.0,1.0,5.0,0.0,0.0,2.0,0.0
b3968,0.0,0.0,0.0,0.0,0.0,0.0,0.0,0.0,0.0,0.0,0.0,0.0,0.0,0.0,0.0,0.0,0.0,0.0,0.0,0.0,0.0,0.0,1.0,1.0
b3969,0.0,0.0,0.0,0.0,0.0,0.0,0.0,0.0,0.0,0.0,0.0,0.0,0.0,0.0,0.0,0.0,0.0,0.0,0.0,0.0,0.0,0.0,1.0,1.0
b3970,0.0,0.0,0.0,0.0,0.0,0.0,0.0,0.0,0.0,0.0,0.0,0.0,0.0,0.0,0.0,0.0,0.0,0.0,0.0,0.0,0.0,0.0,1.0,1.0
b3971,0.0,0.0,0.0,0.0,0.0,0.0,0.0,0.0,0.0,0.0,0.0,0.0,0.0,0.0,0.0,0.0,0.0,0.0,0.0,0.0,0.0,0.0,1.0,1.0
b3972,458.0,121.39,21.0,14.0,0.5238095238095238,2.673580157301315,411.0,80.239,6.0,4.0,0.2,2.403979114878354,1.5303277897780863,0.5302566784551255,0.3742690058479532,5.8377304471659395,0.0,1.0,1.0,5.0,1.0,0.0,4.0,1.0
b3973,1017.0,287.592,22.0,9.0,0.09523809523809523,3.6699236001177704,914.0,181.182,5.0,3.0,0.0,2.705470821209856,1.0534626049254554,0.5226582867802669,0.48909657320872274,5.7745515455444085,0.0,0.0,1.0,5.0,0.0,0.0,2.0,1.0
b3974,134.0,34.213,6.0,5.0,0.6,1.306510668842919,112.0,19.493,0.0,0.0,0.0,0.0,1.3911116137028026,0.5222039393738782,0.43670886075949367,5.75890177387728,0.0,0.0,1.0,4.0,1.0,0.0,3.0,1.0
b3976,0.0,0.0,0.0,0.0,0.0,0.0,0.0,0.0,0.0,0.0,0.0,0.0,0.0,0.0,0.0,0.0,0.0,0.0,0.0,0.0,0.0,0.0,1.0,1.0
b3977,0.0,0.0,0.0,0.0,0.0,0.0,0.0,0.0,0.0,0.0,0.0,0.0,0.0,0.0,0.0,0.0,0.0,0.0,0.0,0.0,0.0,0.0,1.0,1.0
b3978,0.0,0.0,0.0,0.0,0.0,0.0,0.0,0.0,0.0,0.0,0.0,0.0,0.0,0.0,0.0,0.0,0.0,0.0,0.0,0.0,0.0,0.0,1.0,1.0
b3979,0.0,0.0,0.0,0.0,0.0,0.0,0.0,0.0,0.0,0.0,0.0,0.0,0.0,0.0,0.0,0.0,0.0,0.0,0.0,0.0,0.0,0.0,1.0,1.0
b3980,645.0,262.62,114.0,61.0,0.47414997671169073,8.873064705641061,598.0,195.134,96.0,51.0,0.4456140350877193,13.038797037145887,3.9636466586977885,0.6629201999522147,0.565989847715736,5.978885764901122,0.0,0.0,1.0,5.0,1.0,1.0,0.0,0.0
b3981,523.0,198.044,80.0,58.0,0.6395569620253164,5.518660567860324,480.0,151.402,44.0,40.0,0.857293868921776,4.210039518341898,1.5810389487721672,0.5725688859698262,0.5669291338582677,4.852030263919617,3.0,0.0,0.0,5.0,0.0,1.0,3.0,1.0
b3982,447.0,183.218,82.0,61.0,0.7286961758506474,5.299371147265829,423.0,139.937,52.0,43.0,0.77526395173454,5.254665725045536,3.0257194771382427,0.6796579271868551,0.5414364640883977,5.204006687076795,0.0,0.0,0.0,5.0,0.0,0.0,0.0,0.0
b3983,473.0,230.243,130.0,61.0,0.5638640429338104,8.272661454889299,419.0,155.083,84.0,51.0,0.7251864601262191,7.81976550243144,3.550596429819389,0.5793018795017445,0.5422535211267606,4.962844630259907,0.0,0.0,0.0,5.0,0.0,0.0,1.0,1.0
b3984,482.0,220.868,113.0,61.0,0.6452275600505689,7.069631222205557,460.0,175.397,89.0,51.0,0.660367722165475,8.824118977529203,3.594172584751188,0.5631197155566877,0.5085470085470085,5.459585514144159,0.0,0.0,0.0,5.0,0.0,0.0,1.0,1.0
b3985,532.0,225.472,120.0,61.0,0.6085434173669467,7.571121770204978,507.0,174.717,83.0,51.0,0.7355274757566853,7.867972308269784,3.6497251588103365,0.550918211957433,0.44242424242424244,5.111987788356544,0.0,0.0,0.0,5.0,0.0,0.0,1.0,1.0
b3986,418.0,181.48,100.0,61.0,0.7371717171717171,6.153825958442456,383.0,139.362,75.0,51.0,0.8007207207207208,6.794660467201034,4.062356694293246,0.43000790390222854,0.2892561983471074,4.804021044733257,0.0,0.0,0.0,5.0,0.0,0.0,1.0,1.0
b3987,855.0,349.356,144.0,61.0,0.34294871794871795,11.291831905546076,658.0,170.117,69.0,50.0,0.7331628303495311,7.187470886559617,3.175804530066647,0.6685219946667187,0.5909090909090909,7.202661196523238,0.0,0.0,1.0,5.0,0.0,0.0,1.0,1.0
b3988,605.0,243.5,110.0,61.0,0.4572143452877398,8.2488645215536,515.0,136.482,52.0,43.0,0.7873303167420814,5.638390804187485,3.2576809742795834,0.6764461556262944,0.5735607675906184,7.249925536717988,0.0,1.0,1.0,5.0,0.0,0.0,1.0,1.0
b3989,34.0,9.263,1.0,1.0,0.0,0.964114518702438,5.0,1.261,0.0,0.0,0.0,0.0,-0.6536470255493614,0.5325852786095263,0.4245810055865922,5.19295685089021,0.0,0.0,0.0,2.0,0.0,0.0,0.0,0.0
b3990,243.0,72.554,13.0,8.0,0.46153846153846156,2.1957998766987026,189.0,45.272,8.0,6.0,0.5714285714285714,3.0743739701604818,0.004321373782642578,0.5395725613460844,0.596816976127321,5.934894195619588,0.0,1.0,1.0,5.0,0.0,0.0,3.0,1.0
b3991,168.0,51.506,13.0,8.0,0.48717948717948717,2.527479150733503,129.0,26.203,9.0,6.0,0.5555555555555556,4.6085285884269185,1.6181527333785195,0.5620249661883153,0.625,5.54907608489522,0.0,0.0,1.0,5.0,1.0,0.0,3.0,1.0
b3992,233.0,70.908,16.0,8.0,0.38333333333333336,2.9474662626320605,198.0,39.924,8.0,6.0,0.7142857142857143,3.671393536352386,1.755188585608325,0.5329984579303426,0.6215139442231076,5.529429087511423,0.0,1.0,1.0,5.0,0.0,0.0,4.0,1.0
b3993,243.0,65.766,14.0,8.0,0.43956043956043955,2.5186352767283435,207.0,39.33,8.0,6.0,0.7142857142857143,3.9266684406805714,2.3096514558493193,0.5631142349208165,0.5829383886255924,5.356586274672012,0.0,1.0,1.0,4.0,0.0,0.0,3.0,1.0
b3994,208.0,59.761,12.0,8.0,0.5,2.2085770840312993,148.0,25.497,7.0,6.0,0.9523809523809523,3.2574693314243546,1.999608958971417,0.6539924547781119,0.6291600633914421,6.448889394146858,0.0,1.0,1.0,4.0,0.0,0.0,3.0,1.0
b3995,345.0,93.004,14.0,12.0,0.2967032967032967,2.1665888732147036,290.0,64.274,1.0,1.0,0.0,1.0637271246311488,2.534038804539547,0.5887191506417014,0.5506329113924051,5.0689042022202315,0.0,0.0,0.0,4.0,1.0,0.0,0.0,0.0
b3996,236.0,64.734,19.0,12.0,0.47368421052631576,2.7877815299984037,211.0,41.607,1.0,1.0,0.0,0.9790329790915585,1.2357808703275603,0.580703102425679,0.5680933852140078,5.552959584921617,0.0,1.0,2.0,5.0,0.0,0.0,3.0,1.0
b3997,368.0,98.63,15.0,8.0,0.3904761904761905,2.630831634081885,322.0,58.675,6.0,3.0,0.13333333333333333,3.7332017636422132,1.978226181674526,0.6639720110887228,0.6073446327683616,5.872117789475416,0.0,0.0,1.0,4.0,1.0,0.0,4.0,1.0
b3998,183.0,51.665,8.0,8.0,0.39285714285714285,1.4869457965468347,144.0,29.615,2.0,2.0,1.0,1.2914551260874407,1.207095540419218,0.5939937073343392,0.6367713004484304,5.4116460518550396,0.0,1.0,1.0,5.0,1.0,0.0,0.0,0.0
b3999,347.0,101.194,10.0,8.0,0.4666666666666667,1.6825146973315437,346.0,103.073,11.0,8.0,0.509090909090909,4.040701142773791,1.8202671571609645,0.5873776437457393,0.5204081632653061,5.2832037287379885,0.0,0.0,0.0,1.0,0.0,0.0,0.0,0.0
b4000,321.0,94.99,9.0,7.0,0.3055555555555556,1.8708686306451567,277.0,52.836,1.0,1.0,0.0,2.9922202274087373,3.744606657362548,0.5482750791984458,0.4444444444444444,4.51085950651685,0.0,0.0,0.0,5.0,1.0,0.0,0.0,0.0
b4001,109.0,35.48,4.0,3.0,0.0,2.06961582766937,77.0,22.932,1.0,1.0,0.0,2.9922202274087373,0.8195439355418687,0.5768520042819333,0.5627705627705628,5.44673737166631,0.0,0.0,0.0,1.0,0.0,0.0,0.0,0.0
b4002,343.0,87.048,3.0,3.0,0.3333333333333333,0.9590702153402128,306.0,71.601,1.0,1.0,0.0,0.8917026873256513,2.1303659372652075,0.5650877887156595,0.5815602836879432,4.955827057601261,0.0,0.0,0.0,5.0,0.0,0.0,1.0,0.0
b4003,350.0,91.497,11.0,7.0,0.18181818181818182,2.1658332025923603,316.0,72.194,7.0,4.0,0.0,3.635272616197917,0.01703333929878037,0.5360691151026035,0.5913978494623656,6.144185634125646,2.0,0.0,1.0,5.0,0.0,1.0,1.0,0.0
b4004,212.0,65.249,5.0,4.0,0.2,1.19657372880112,175.0,41.01,2.0,2.0,0.0,1.1997961236120127,-0.07623803917129975,0.6228036876878443,0.6303854875283447,6.091309882077698,0.0,0.0,0.0,5.0,1.0,0.0,1.0,0.0
b4005,365.0,105.682,24.0,15.0,0.6123188405797102,2.895524385451643,317.0,67.658,16.0,9.0,0.6083333333333333,4.653813834462716,2.5390886504750334,0.6767291537696098,0.6573426573426573,6.063785208687608,0.0,1.0,1.0,5.0,0.0,0.0,3.0,1.0
b4006,397.0,126.107,38.0,15.0,0.3684210526315789,4.510861243354845,358.0,77.721,17.0,9.0,0.6176470588235294,4.851760926375683,2.7993474429620764,0.6526578051597086,0.6427221172022685,6.272877006546167,0.0,0.0,2.0,3.0,0.0,0.0,4.0,1.0
b4007,0.0,0.0,0.0,0.0,0.0,0.0,0.0,0.0,0.0,0.0,0.0,0.0,0.0,0.0,0.0,0.0,0.0,0.0,0.0,0.0,0.0,0.0,1.0,1.0
b4008,0.0,0.0,0.0,0.0,0.0,0.0,0.0,0.0,0.0,0.0,0.0,0.0,0.0,0.0,0.0,0.0,0.0,0.0,0.0,0.0,0.0,0.0,1.0,1.0
b4009,0.0,0.0,0.0,0.0,0.0,0.0,0.0,0.0,0.0,0.0,0.0,0.0,0.0,0.0,0.0,0.0,0.0,0.0,0.0,0.0,0.0,0.0,1.0,1.0
b4010,0.0,0.0,0.0,0.0,0.0,0.0,0.0,0.0,0.0,0.0,0.0,0.0,0.0,0.0,0.0,0.0,0.0,0.0,0.0,0.0,0.0,0.0,1.0,1.0
b4011,174.0,50.616,9.0,8.0,0.4166666666666667,1.4880664277635005,121.0,18.243,0.0,0.0,0.0,0.0,-0.6126101736612706,0.5685951865722474,0.4251968503937008,4.852030263919617,0.0,0.0,0.0,2.0,0.0,0.0,0.0,0.0
b4012,143.0,42.145,13.0,7.0,0.5128205128205128,3.0421633680968223,132.0,25.277,0.0,0.0,0.0,0.0,0.30963016742589866,0.5385846853535684,0.5850340136054422,4.997212273764115,0.0,0.0,1.0,3.0,0.0,0.0,0.0,0.0
b4013,144.0,51.193,27.0,14.0,0.396011396011396,3.803421749418863,125.0,37.073,11.0,6.0,0.4,4.013507878497795,2.2148703286112195,0.626850906430827,0.5533980582524272,5.736572297479192,0.0,0.0,1.0,5.0,1.0,0.0,6.0,0.0
b4014,244.0,105.485,59.0,23.0,0.3839859731151373,6.450992734073956,180.0,30.267,2.0,2.0,1.0,2.2638700318984872,3.296447988715667,0.6305544478841069,0.5834896810506567,6.280395838960195,0.0,0.0,1.0,3.0,1.0,0.0,6.0,0.0
b4015,256.0,96.633,33.0,19.0,0.375,3.9561167452421797,158.0,25.161,3.0,2.0,0.3333333333333333,3.0017656510255435,3.8245820266665462,0.6714010722169251,0.6129032258064516,6.075346031088684,0.0,1.0,1.0,5.0,0.0,0.0,6.0,0.0
b4016,208.0,51.135,6.0,6.0,0.8,1.0183539453469375,152.0,29.182,2.0,2.0,1.0,2.2638700318984872,0.9947569445876281,0.5947260943825854,0.5934256055363322,6.361302477572996,0.0,0.0,2.0,5.0,1.0,0.0,0.0,0.0
b4017,102.0,28.197,2.0,2.0,1.0,0.633360459185621,73.0,14.871,0.0,0.0,0.0,0.0,0.09691001300805642,0.5013853743380854,0.34615384615384615,6.591673732008658,0.0,0.0,0.0,2.0,0.0,0.0,0.0,0.0
b4018,189.0,57.789,10.0,8.0,0.5111111111111111,1.5107256553207689,111.0,15.599,0.0,0.0,0.0,0.0,0.5943925503754267,0.5747211310786337,0.5547445255474452,5.616771097666572,0.0,0.0,0.0,5.0,0.0,0.0,0.0,0.0
b4019,712.0,209.205,35.0,14.0,0.2504201680672269,4.6142510986304615,646.0,115.798,2.0,2.0,1.0,1.0655748037554413,1.845160077651946,0.658313131653882,0.6519967400162999,7.113142108707088,0.0,1.0,1.0,5.0,0.0,0.0,8.0,1.0
b4020,245.0,56.537,0.0,0.0,0.0,0.0,223.0,46.0,0.0,0.0,0.0,0.0,0.5751878449276611,0.5562802941569762,0.6335174953959485,6.298949246855942,9.0,0.0,0.0,3.0,0.0,1.0,0.0,0.0
b4021,194.0,45.666,2.0,2.0,0.0,0.8174766388576272,166.0,31.189,0.0,0.0,0.0,0.0,2.2405742070183843,0.5939455902068225,0.537117903930131,5.438079308923196,0.0,0.0,1.0,3.0,1.0,0.0,0.0,0.0
b4022,163.0,41.548,7.0,6.0,0.5714285714285714,1.6361261741600996,154.0,31.863,0.0,0.0,0.0,0.0,1.0257153839013406,0.6506992385264387,0.6068965517241379,5.673323267171493,0.0,0.0,2.0,5.0,0.0,0.0,0.0,0.0
b4023,10.0,5.428,4.0,2.0,0.16666666666666666,1.847119307335926,2.0,0.563,0.0,0.0,0.0,0.0,1.5066403055665025,0.5671251654160474,0.5333333333333333,4.51085950651685,0.0,0.0,0.0,1.0,0.0,0.0,0.0,0.0
b4024,419.0,123.413,24.0,14.0,0.4782608695652174,3.2083944013841346,360.0,69.389,2.0,2.0,0.0,1.2581712934383449,2.330434067009712,0.5929314564765935,0.5545657015590201,6.1092475827643655,0.0,0.0,1.0,5.0,0.0,0.0,9.0,0.0
b4025,737.0,244.27,65.0,19.0,0.2831730769230769,7.246114823664933,664.0,112.079,9.0,5.0,0.5555555555555556,3.0712019385893448,3.0614562489882085,0.7019522527615148,0.6265938069216758,6.309918278226516,0.0,0.0,1.0,5.0,1.0,0.0,9.0,1.0
b4026,67.0,22.028,4.0,4.0,1.0,1.1754876329083206,26.0,8.063,4.0,4.0,1.0,1.901019728503205,0.0,0.5014740641946651,0.5875,4.394449154672439,0.0,0.0,0.0,2.0,0.0,0.0,0.0,0.0
b4027,66.0,22.471,5.0,4.0,0.6,1.5344296555992463,45.0,11.82,5.0,4.0,0.6,2.7096841763037505,0.0,0.6165980734701313,0.6226415094339622,5.3612921657094255,0.0,0.0,0.0,2.0,0.0,1.0,0.0,0.0
b4028,325.0,89.919,14.0,6.0,0.15384615384615385,3.363337299100123,320.0,86.136,11.0,4.0,0.21818181818181817,4.381572696116643,1.426673888021373,0.5272837580324843,0.6571428571428571,5.5053315359323625,0.0,0.0,0.0,1.0,0.0,0.0,0.0,0.0
b4029,294.0,76.011,9.0,6.0,0.3333333333333333,2.1647912717663993,260.0,64.677,9.0,4.0,0.3333333333333333,3.792196951624119,-1.3872161432802645,0.6355149254111043,0.6375358166189111,6.54965074223381,0.0,0.0,0.0,2.0,0.0,1.0,0.0,0.0
b4030,267.0,62.638,1.0,1.0,0.0,0.7201163852136205,223.0,47.919,0.0,0.0,0.0,0.0,0.12710479836480765,0.6085516778283001,0.6470588235294118,4.919980925828125,4.0,0.0,0.0,2.0,0.0,1.0,0.0,0.0
b4031,202.0,51.909,8.0,7.0,0.4642857142857143,1.7530462060180507,168.0,26.951,0.0,0.0,0.0,0.0,-0.46597389394386496,0.5883544746769439,0.5417515274949084,6.198478716492308,12.0,0.0,0.0,5.0,0.0,1.0,0.0,0.0
b4032,307.0,146.482,41.0,32.0,0.65,4.60196824604974,175.0,34.159,9.0,5.0,0.5277777777777778,3.6192159391028733,-0.046240308266771224,0.5773322187379082,0.6351351351351351,5.6937321388027,6.0,0.0,0.0,5.0,0.0,1.0,1.0,0.0
b4033,368.0,160.731,45.0,32.0,0.5505050505050505,5.069430315710654,209.0,41.731,11.0,5.0,0.4,4.327260823186852,0.34830486304816066,0.6485385393017576,0.6750972762645915,6.244166900663736,8.0,0.0,0.0,5.0,0.0,1.0,1.0,0.0
b4034,614.0,245.43,51.0,16.0,0.12156862745098039,6.431193674028205,236.0,47.007,11.0,5.0,0.43636363636363634,4.421668897091562,3.2472390073067245,0.6419561492337112,0.5909090909090909,5.983936280687191,0.0,0.0,0.0,5.0,0.0,0.0,2.0,0.0
b4035,336.0,162.136,49.0,32.0,0.4804421768707483,5.586582319037401,243.0,44.479,14.0,5.0,0.2967032967032967,4.959682354443913,2.2355536958527553,0.624717091976308,0.5983827493261455,5.918893854273146,0.0,0.0,1.0,5.0,0.0,1.0,1.0,0.0
b4036,336.0,105.601,33.0,14.0,0.2689393939393939,4.2506744412210065,233.0,53.621,9.0,5.0,0.5833333333333334,3.688430309170827,2.1430460433375877,0.613664222180353,0.5986547085201793,6.102558594613569,18.0,0.0,0.0,5.0,0.0,1.0,0.0,0.0
b4037,56.0,18.167,6.0,6.0,1.0,1.0012980572665036,29.0,10.064,5.0,5.0,1.0,2.1163920350744196,2.7902922027846606,0.550261100176771,0.5620915032679739,5.726847747587197,0.0,0.0,0.0,2.0,0.0,0.0,0.0,0.0
b4038,0.0,0.0,0.0,0.0,0.0,0.0,0.0,0.0,0.0,0.0,0.0,0.0,0.0,0.0,0.0,6.093569770045136,0.0,0.0,0.0,1.0,0.0,0.0,0.0,0.0
b4039,318.0,82.871,12.0,10.0,0.5909090909090909,1.8756014355616442,270.0,57.729,1.0,1.0,0.0,1.2005655581187713,0.983175072037813,0.5217021557321796,0.5575757575757576,5.111987788356544,0.0,0.0,1.0,5.0,1.0,0.0,4.0,1.0
b4040,348.0,90.904,13.0,8.0,0.4358974358974359,2.5187718268648234,312.0,59.773,4.0,2.0,0.0,3.5267486401195858,0.7678976160180906,0.5624385484334787,0.603448275862069,5.673323267171493,8.0,1.0,1.0,5.0,0.0,1.0,4.0,1.0
b4041,334.0,106.132,23.0,10.0,0.25691699604743085,3.6719790836499073,289.0,68.628,1.0,1.0,0.0,0.8582695101087698,2.1139767582898465,0.6283310470366462,0.6517967781908303,6.694562058521095,0.0,0.0,1.0,5.0,1.0,1.0,4.0,0.0
b4042,228.0,59.787,12.0,10.0,0.4393939393939394,2.1094953632167073,186.0,36.168,2.0,2.0,0.0,1.5921711496486846,1.3981136917305026,0.5774097762398891,0.5901639344262295,4.812184355372417,3.0,1.0,1.0,5.0,0.0,1.0,4.0,0.0
b4043,412.0,137.273,40.0,16.0,0.28717948717948716,5.334237546006522,246.0,42.328,7.0,4.0,0.23809523809523808,4.93071856649289,1.9619428831413872,0.597213181956163,0.5297029702970297,5.313205979041787,0.0,0.0,1.0,5.0,0.0,0.0,0.0,0.0
b4044,247.0,56.848,2.0,2.0,0.0,0.6515462764224592,228.0,43.32,1.0,1.0,0.0,1.049628723001535,0.3159703454569177,0.529250731579429,0.6230936819172114,6.131226489483141,12.0,0.0,0.0,2.0,0.0,1.0,0.0,0.0
b4045,250.0,71.862,9.0,5.0,0.3333333333333333,2.4181470722904277,231.0,54.578,5.0,2.0,0.3,2.9820912683239715,3.111601883680104,0.8270151770683234,0.42028985507246375,4.248495242049359,0.0,0.0,0.0,2.0,0.0,0.0,0.0,0.0
b4046,266.0,61.241,1.0,1.0,0.0,0.628742216449298,242.0,44.124,0.0,0.0,0.0,0.0,1.9800488450649567,0.6376687653100178,0.5321637426900585,5.147494476813453,0.0,0.0,0.0,4.0,0.0,0.0,1.0,0.0
b4047,28.0,10.639,2.0,2.0,0.0,1.4457015401186517,26.0,9.559,2.0,1.0,0.0,2.7676421852443296,-0.6055483191737837,0.5255542382688322,0.20238095238095238,4.442651256490317,0.0,0.0,0.0,1.0,0.0,0.0,0.0,0.0
b4048,122.0,37.601,2.0,2.0,0.0,1.512996010205936,90.0,25.357,1.0,1.0,0.0,1.6293442155766047,-1.2006594505464183,0.5094504934665125,0.33191489361702126,5.4638318050256105,0.0,0.0,0.0,1.0,0.0,0.0,0.0,0.0
b4049,260.0,64.515,3.0,3.0,0.0,0.8550864950310572,221.0,42.338,1.0,1.0,0.0,0.7772910471181149,1.585573518622731,0.6323392901428598,0.6,5.846438775057725,0.0,1.0,2.0,5.0,0.0,0.0,0.0,0.0
b4050,50.0,15.143,5.0,5.0,1.0,1.3901979831665399,22.0,3.536,0.0,0.0,0.0,0.0,-0.638272163982407,0.5938286699302364,0.6375,4.394449154672439,2.0,0.0,0.0,3.0,0.0,1.0,0.0,0.0
b4051,316.0,77.774,4.0,4.0,0.5,0.8220623618483612,276.0,52.466,3.0,3.0,0.6666666666666666,1.1844337826436546,2.8615403846072502,0.6023868615422157,0.5657492354740061,5.793013608384144,0.0,0.0,1.0,4.0,0.0,0.0,0.0,0.0
b4052,434.0,146.273,37.0,16.0,0.37537537537537535,4.201637003592235,403.0,92.183,4.0,3.0,0.0,1.4492721289613582,1.487279816443069,0.6074887720937641,0.5944798301486199,6.156978985585555,0.0,1.0,1.0,5.0,0.0,0.0,1.0,1.0
b4053,338.0,89.579,12.0,10.0,0.4696969696969697,1.8183618226870135,298.0,60.551,2.0,2.0,0.0,1.0176580617628725,1.2924775936677841,0.592300780611119,0.5431754874651811,5.886104031450156,0.0,1.0,1.0,5.0,0.0,0.0,3.0,0.0
b4054,282.0,86.614,25.0,13.0,0.25,3.7615001630439444,238.0,32.077,0.0,0.0,0.0,0.0,2.5078693588926737,0.5423033526085334,0.5365239294710328,5.986452005284438,0.0,1.0,2.0,5.0,1.0,0.0,8.0,0.0
b4055,40.0,17.224,7.0,7.0,0.9047619047619048,1.3218420355258313,13.0,3.0,0.0,0.0,0.0,0.0,1.965718970244221,0.5686937956640657,0.4936708860759494,5.472270673671475,0.0,1.0,1.0,5.0,0.0,0.0,2.0,1.0
b4056,148.0,38.012,2.0,2.0,0.0,1.0733640220861063,121.0,23.296,1.0,1.0,0.0,2.3754623539078814,1.5225746326911767,0.5310271043124943,0.572463768115942,4.9344739331306915,0.0,0.0,0.0,1.0,0.0,0.0,0.0,0.0
b4057,158.0,37.438,3.0,2.0,0.0,1.335553161257307,136.0,26.523,2.0,1.0,0.0,4.225735974410449,2.495558212547868,0.6478554806382016,0.559322033898305,4.77912349311153,0.0,0.0,0.0,1.0,0.0,0.0,0.0,0.0
b4058,417.0,141.292,44.0,16.0,0.35200845665961944,5.587784430424805,352.0,65.666,4.0,3.0,0.5,3.4490213115370825,1.8927066378056656,0.6491563715709533,0.6404255319148936,6.846943139585379,0.0,0.0,0.0,5.0,1.0,0.0,1.0,0.0
b4059,423.0,150.844,45.0,16.0,0.29797979797979796,4.78402990433891,388.0,96.031,13.0,10.0,0.5769230769230769,2.340116644332227,2.7745242647341364,0.692188819661805,0.5786516853932584,5.187385805840755,0.0,0.0,0.0,5.0,0.0,0.0,3.0,1.0
b4060,22.0,7.817,1.0,1.0,0.0,2.4962556165751373,8.0,0.872,0.0,0.0,0.0,0.0,0.0,0.4635531011209552,0.6236559139784946,4.543294782270004,0.0,0.0,0.0,1.0,0.0,0.0,0.0,0.0
b4061,160.0,48.437,13.0,13.0,0.07692307692307693,2.1655469613672627,121.0,32.438,12.0,11.0,0.045454545454545456,2.9049105368386896,-0.38195190328790724,0.5334457735494592,0.4602272727272727,6.270988431858299,2.0,0.0,1.0,3.0,0.0,1.0,0.0,0.0
b4062,275.0,89.363,29.0,12.0,0.1748768472906404,4.287472814565692,167.0,28.859,4.0,3.0,0.5,2.906689722575233,0.43775056282038793,0.6118369806276858,0.5981308411214953,4.68213122712422,0.0,0.0,0.0,4.0,1.0,0.0,0.0,0.0
b4063,344.0,100.029,15.0,10.0,0.2571428571428571,2.648393557753296,223.0,37.682,0.0,0.0,0.0,0.0,0.4800069429571506,0.5795889310023777,0.5194805194805194,5.043425116919247,0.0,0.0,0.0,4.0,0.0,0.0,0.0,0.0
b4064,70.0,24.686,8.0,7.0,0.4642857142857143,1.6932588344426613,52.0,12.819,2.0,2.0,1.0,1.2384930075454268,2.1492499125902818,0.5991737019584445,0.6280623608017817,6.1092475827643655,12.0,0.0,0.0,5.0,0.0,1.0,0.0,0.0
b4065,249.0,54.297,2.0,2.0,1.0,0.7645698647575365,224.0,39.567,0.0,0.0,0.0,0.0,0.5763413502057928,0.6052198362072819,0.6648451730418944,6.309918278226516,12.0,0.0,0.0,2.0,0.0,1.0,0.0,0.0
b4066,217.0,48.109,1.0,1.0,0.0,0.45007069478945116,190.0,33.987,0.0,0.0,0.0,0.0,0.546542663478131,0.5309191290395966,0.31627906976744186,6.066108090103747,0.0,0.0,0.0,1.0,0.0,0.0,0.0,0.0
b4067,234.0,60.615,4.0,3.0,0.5,1.2667365970745341,175.0,34.253,3.0,3.0,1.0,1.5320479381129986,2.056942945672877,0.6567425685347851,0.692167577413479,6.309918278226516,13.0,0.0,0.0,5.0,0.0,1.0,0.0,0.0
b4068,199.0,49.696,3.0,3.0,1.0,0.8577199615110724,179.0,41.165,3.0,3.0,1.0,1.5320479381129986,2.17900570756482,0.5761877813944462,0.5673076923076923,4.653960350157523,2.0,0.0,0.0,2.0,0.0,1.0,0.0,0.0
b4069,403.0,145.136,57.0,23.0,0.3609022556390977,6.603649760471048,343.0,72.856,12.0,6.0,0.25757575757575757,4.223682912569192,3.2019457913734963,0.6796319300293331,0.6687116564417178,6.481577129276431,0.0,1.0,1.0,5.0,0.0,0.0,10.0,1.0
b4070,237.0,82.512,34.0,12.0,0.24420677361853832,5.554587553973338,190.0,40.849,4.0,4.0,0.8333333333333334,1.8786859809550056,1.5588285248170117,0.6329551312044202,0.5815899581589958,6.171700597410915,0.0,1.0,1.0,5.0,0.0,0.0,4.0,0.0
b4071,286.0,80.705,10.0,8.0,0.4444444444444444,2.0492939574351148,275.0,74.786,7.0,4.0,0.42857142857142855,3.102101347159066,1.2968844755385471,0.6313703353241797,0.6170212765957447,5.241747015059643,0.0,0.0,0.0,4.0,0.0,0.0,0.0,0.0
b4072,120.0,41.817,10.0,8.0,0.4222222222222222,1.8437777930087846,97.0,27.327,4.0,4.0,0.8333333333333334,1.8326311136927684,1.2650537885040147,0.6367806614167737,0.6905829596412556,5.4116460518550396,0.0,0.0,0.0,3.0,0.0,0.0,0.0,0.0
b4073,268.0,73.475,7.0,7.0,0.8095238095238095,1.4629547448013247,261.0,67.44,7.0,4.0,0.5238095238095238,2.7354983255413106,1.0831441431430522,0.5944175340702365,0.7264150943396226,5.765191102784844,8.0,0.0,0.0,2.0,0.0,1.0,0.0,0.0
b4074,98.0,32.06,13.0,8.0,0.48717948717948717,2.4147642811851817,85.0,23.903,11.0,7.0,0.509090909090909,3.5719737902943716,-0.958607314841775,0.5482905311429502,0.6539855072463768,6.315358001522335,12.0,0.0,0.0,3.0,0.0,1.0,0.0,0.0
b4075,125.0,38.698,12.0,8.0,0.5909090909090909,2.1973548773134928,98.0,26.402,9.0,7.0,0.6666666666666666,2.8186930972429542,0.0,0.5711527362316711,0.6299212598425197,4.852030263919617,0.0,0.0,0.0,3.0,0.0,0.0,0.0,0.0
b4076,240.0,63.045,10.0,8.0,0.6222222222222222,1.9059214290043252,231.0,58.705,6.0,4.0,0.6,2.341831711045111,0.0,0.5701717992479273,0.6161616161616161,5.293304824724492,0.0,0.0,0.0,2.0,0.0,0.0,0.0,0.0
b4077,183.0,45.634,2.0,2.0,0.0,1.0976187450086157,118.0,16.245,0.0,0.0,0.0,0.0,0.6063813651106049,0.6617364186996695,0.6613272311212814,6.082218910376446,8.0,0.0,0.0,5.0,0.0,1.0,0.0,0.0
b4078,274.0,71.159,3.0,2.0,0.0,1.3635572642102902,254.0,57.706,1.0,1.0,0.0,1.1257781444330888,-0.7772835288524167,0.5645353747837151,0.5589519650655022,5.438079308923196,0.0,0.0,0.0,1.0,0.0,0.0,0.0,0.0
b4079,284.0,115.489,48.0,15.0,0.1595744680851064,6.353144612126954,233.0,59.495,15.0,5.0,0.06666666666666667,5.188131563238419,1.8609964367571958,0.669922080139951,0.6265734265734266,6.573680166960646,0.0,1.0,1.0,5.0,0.0,0.0,5.0,0.0
b4080,251.0,78.885,19.0,11.0,0.36257309941520466,3.535769124521187,209.0,46.095,6.0,3.0,0.2,3.726416133989647,-0.24795155218056142,0.571155916997805,0.610655737704918,6.192362489474872,0.0,0.0,0.0,3.0,0.0,1.0,0.0,0.0
b4081,257.0,72.864,5.0,5.0,0.9,1.263334666620054,197.0,40.781,3.0,3.0,1.0,2.258306478699555,-0.08354605145007493,0.5469105362591149,0.6281112737920937,6.52795791762255,9.0,0.0,0.0,4.0,0.0,1.0,0.0,0.0
b4082,229.0,63.901,9.0,7.0,0.2777777777777778,1.8619804065531613,177.0,40.14,3.0,3.0,1.0,2.258306478699555,-0.33441900898204685,0.5786048635835364,0.577259475218659,5.840641657373398,1.0,0.0,0.0,4.0,0.0,1.0,0.0,0.0
b4083,112.0,33.102,10.0,7.0,0.5333333333333333,2.092107613535111,92.0,20.572,0.0,0.0,0.0,0.0,-0.8386319977650251,0.692222581648729,0.6384266263237519,6.495265555937008,0.0,1.0,1.0,5.0,0.0,0.0,0.0,0.0
b4084,179.0,50.46,11.0,7.0,0.38181818181818183,2.398739954401568,160.0,36.577,8.0,4.0,0.32142857142857145,4.090091361117506,0.11058971029924898,0.544362598571608,0.5663430420711975,5.736572297479192,0.0,0.0,1.0,4.0,0.0,0.0,3.0,0.0
b4085,253.0,78.088,19.0,11.0,0.4152046783625731,2.982349668028778,239.0,55.298,7.0,5.0,0.42857142857142855,2.561742058532342,0.06445798922691845,0.6241583596509653,0.5541125541125541,5.44673737166631,0.0,1.0,1.0,5.0,0.0,0.0,3.0,0.0
b4086,262.0,135.606,22.0,15.0,0.33766233766233766,3.3522700744474525,122.0,30.893,18.0,10.0,0.13725490196078433,5.618783423391748,-0.5044556624535516,0.5750430843677521,0.6503067484662577,5.7899601708972535,10.0,0.0,0.0,3.0,0.0,1.0,1.0,0.0
b4087,238.0,127.558,24.0,15.0,0.29347826086956524,3.7838481490775906,114.0,26.657,14.0,10.0,0.2857142857142857,4.351237314439409,0.9547247909790629,0.5876220851019506,0.5450980392156862,6.236369590203704,0.0,0.0,1.0,4.0,0.0,1.0,1.0,0.0
b4088,268.0,139.134,27.0,15.0,0.4017094017094017,3.919728688170287,128.0,32.242,17.0,10.0,0.27205882352941174,5.41508238758845,1.6315452278343094,0.5791269377316987,0.4983922829581994,5.7430031878094825,0.0,0.0,0.0,3.0,0.0,0.0,1.0,0.0
b4089,162.0,47.469,7.0,7.0,0.6190476190476191,1.3145565061339743,127.0,28.289,6.0,4.0,0.4666666666666667,2.7287392307283,0.8767949762007006,0.5157226518692447,0.4831081081081081,5.6937321388027,0.0,0.0,0.0,3.0,0.0,0.0,0.0,0.0
b4090,298.0,91.053,27.0,13.0,0.26495726495726496,3.8851651254282573,264.0,52.982,5.0,4.0,0.2,2.2991097291024016,1.7694511794020376,0.5358956497034469,0.44966442953020136,5.0106352940962555,0.0,0.0,1.0,5.0,0.0,0.0,8.0,1.0
b4092,280.0,67.808,12.0,12.0,1.0,2.158357215323337,262.0,55.785,10.0,9.0,0.8666666666666667,2.9226162147112085,0.31175386105575426,0.6276831087454436,0.6944444444444444,5.53338948872752,0.0,1.0,1.0,5.0,0.0,0.0,2.0,0.0
b4093,205.0,61.292,17.0,12.0,0.5441176470588235,3.083151074582895,185.0,40.108,4.0,4.0,1.0,1.4251617053857453,0.9749719942980689,0.6599899785075383,0.7152777777777778,4.976733742420574,0.0,1.0,2.0,4.0,0.0,0.0,1.0,0.0
b4094,92.0,33.153,16.0,12.0,0.5833333333333334,2.5922187171408635,71.0,22.431,12.0,10.0,0.8484848484848485,3.4294319378817684,0.6344772701607315,0.6170620818868474,0.7243243243243244,5.225746673713202,0.0,0.0,1.0,3.0,0.0,0.0,2.0,1.0
b4095,44.0,19.837,12.0,12.0,1.0,2.158357215323337,39.0,15.942,12.0,10.0,0.8484848484848485,3.4294319378817684,-0.047691990337874794,0.6970789585492017,0.7592592592592593,5.937536205082426,0.0,0.0,1.0,3.0,0.0,0.0,2.0,0.0
b4096,62.0,24.514,12.0,12.0,1.0,2.158357215323337,55.0,20.318,12.0,10.0,0.8484848484848485,3.4294319378817684,-0.14874165128092473,0.6374227493703053,0.7035398230088495,5.424950017481403,0.0,0.0,1.0,4.0,0.0,0.0,2.0,0.0
b4097,72.0,31.656,18.0,12.0,0.45751633986928103,2.8884206683416465,66.0,26.349,16.0,10.0,0.44166666666666665,4.119541253097536,1.1705550585212086,0.6341083377214991,0.7579365079365079,5.53338948872752,0.0,0.0,0.0,4.0,0.0,0.0,0.0,0.0
b4098,61.0,26.086,13.0,12.0,0.8974358974358975,2.340751324437553,53.0,20.125,11.0,10.0,0.9636363636363636,3.1280295034312835,0.42975228000240795,0.6813990026690847,0.7473309608540926,5.641907070938114,0.0,1.0,1.0,5.0,0.0,0.0,2.0,0.0
b4099,66.0,26.059,12.0,12.0,1.0,2.158357215323337,58.0,19.854,11.0,10.0,0.9636363636363636,3.1280295034312835,0.0,0.6583985829453893,0.7570621468926554,5.872117789475416,0.0,0.0,1.0,5.0,0.0,0.0,2.0,0.0
b4100,70.0,26.542,13.0,12.0,0.8974358974358975,2.340751324437553,64.0,21.088,11.0,10.0,0.9636363636363636,3.1280295034312835,0.0,0.6835231045679545,0.7268041237113402,5.272999558563747,0.0,0.0,1.0,5.0,0.0,0.0,2.0,0.0
b4101,46.0,22.319,12.0,12.0,1.0,2.158357215323337,39.0,16.289,11.0,10.0,0.9636363636363636,3.1280295034312835,0.22530928172586284,0.6137863803287044,0.7133333333333334,5.017279836814924,0.0,0.0,1.0,4.0,0.0,0.0,2.0,0.0
b4102,151.0,46.41,14.0,12.0,0.7582417582417582,2.497273780277678,143.0,39.754,12.0,10.0,0.803030303030303,3.651928943939178,-0.31605286924848786,0.630170548021659,0.7510373443983402,5.488937726156687,0.0,0.0,0.0,2.0,0.0,0.0,0.0,0.0
b4103,0.0,0.0,0.0,0.0,0.0,0.0,0.0,0.0,0.0,0.0,0.0,0.0,0.0,0.0,0.0,4.812184355372417,4.0,0.0,0.0,3.0,0.0,1.0,0.0,0.0
b4104,0.0,0.0,0.0,0.0,0.0,0.0,0.0,0.0,0.0,0.0,0.0,0.0,0.0,0.0,0.0,5.332718793265369,3.0,0.0,0.0,2.0,0.0,1.0,0.0,0.0
b4105,309.0,113.11,22.0,12.0,0.37662337662337664,3.664499181346762,198.0,37.107,12.0,10.0,0.7121212121212122,3.5717670500820025,0.9143431571194407,0.6717693989684964,0.7633136094674556,5.82600010738045,0.0,0.0,0.0,3.0,0.0,0.0,1.0,0.0
b4106,161.0,48.983,21.0,12.0,0.4,3.5272731614664203,133.0,35.199,13.0,10.0,0.6025641025641025,3.8030199918100154,-0.6615435063953952,0.69552261387926,0.7213740458015268,5.572154032177765,0.0,0.0,1.0,3.0,0.0,1.0,1.0,0.0
b4107,266.0,70.677,8.0,6.0,0.2857142857142857,1.7403480963381261,249.0,58.933,2.0,2.0,0.0,1.3671207927862394,2.45486009814405,0.6020058986441131,0.5918367346938775,4.997212273764115,0.0,0.0,0.0,2.0,0.0,0.0,0.0,0.0
b4108,112.0,33.324,6.0,6.0,0.8,1.2871350898077691,59.0,9.493,0.0,0.0,0.0,0.0,2.644448437303621,0.7000386927345801,0.5855855855855856,4.718498871295094,0.0,0.0,1.0,3.0,0.0,0.0,0.0,0.0
b4109,284.0,77.317,6.0,4.0,0.2,1.763208018483894,242.0,58.385,4.0,3.0,0.16666666666666666,2.0487359543524564,0.49415459401844275,0.5375443994049194,0.5485175202156334,6.610696044717759,0.0,0.0,1.0,5.0,1.0,0.0,0.0,0.0
b4110,70.0,27.967,8.0,5.0,0.32142857142857145,1.5680248934532595,50.0,17.349,6.0,5.0,0.4666666666666667,1.4751323935095217,1.7782236267660965,0.5296533210972318,0.6061643835616438,5.680172609017068,0.0,0.0,0.0,3.0,0.0,0.0,0.0,0.0
b4111,185.0,48.96,5.0,4.0,0.0,1.5631825513484718,136.0,24.552,0.0,0.0,0.0,0.0,1.8710472613054994,0.600449823158531,0.576,6.2166061010848646,12.0,0.0,0.0,5.0,0.0,1.0,0.0,0.0
b4112,345.0,103.287,32.0,11.0,0.1592741935483871,5.102276827834749,271.0,59.753,12.0,4.0,0.015151515151515152,5.457311493299499,0.8162412999917831,0.5664613844232306,0.6336088154269972,5.8971538676367405,2.0,0.0,1.0,5.0,0.0,1.0,2.0,0.0
b4113,288.0,89.191,25.0,11.0,0.21666666666666667,3.980861763645943,196.0,42.462,5.0,4.0,0.1,2.472514299660281,1.9489506102455483,0.6181592814630088,0.6126126126126126,5.407171771460119,0.0,0.0,0.0,4.0,1.0,0.0,2.0,0.0
b4114,313.0,100.794,28.0,11.0,0.25925925925925924,4.385537141883897,270.0,70.484,6.0,4.0,0.4,2.3281162118170973,-0.1985962899826449,0.5849322551794585,0.5923217550274223,6.306275286948016,5.0,0.0,1.0,4.0,0.0,1.0,3.0,1.0
b4115,168.0,44.695,3.0,3.0,0.3333333333333333,0.9290917348274003,137.0,28.343,1.0,1.0,0.0,2.9922202274087373,0.9907826918031378,0.5334017512795886,0.6089887640449438,6.100318952020064,12.0,0.0,0.0,5.0,0.0,1.0,0.0,0.0
b4116,292.0,74.423,3.0,3.0,0.3333333333333333,0.9505493382352511,253.0,58.78,0.0,0.0,0.0,0.0,-1.3979400086720375,0.507542382855386,0.45849802371541504,5.537334267018537,0.0,0.0,0.0,5.0,1.0,0.0,0.0,0.0
b4117,98.0,30.673,11.0,6.0,0.16363636363636364,2.175566025060176,72.0,13.822,1.0,1.0,0.0,2.9922202274087373,1.3998467127129224,0.6390645099808577,0.5947019867549669,6.628041376179533,0.0,1.0,1.0,5.0,1.0,0.0,3.0,0.0
b4118,210.0,61.185,11.0,7.0,0.3090909090909091,2.2049253746236377,189.0,48.123,5.0,3.0,0.1,4.049925705041824,-0.3233063903751334,0.6721987826487993,0.6225165562913907,5.713732805509369,0.0,0.0,0.0,3.0,0.0,0.0,0.0,0.0
b4119,150.0,42.117,9.0,7.0,0.3055555555555556,1.993060387236849,133.0,29.35,2.0,2.0,0.0,1.840983506658881,1.7731279240333346,0.6071506032006108,0.5920177383592018,6.113682179832232,0.0,1.0,1.0,4.0,0.0,0.0,4.0,0.0
b4120,135.0,35.277,4.0,4.0,0.3333333333333333,1.055561684442396,112.0,22.089,2.0,2.0,0.0,1.6510460764024715,0.09342168516223506,0.5371603507143353,0.49471458773784355,6.161207321695077,12.0,0.0,0.0,5.0,0.0,1.0,0.0,0.0
b4121,78.0,16.032,0.0,0.0,0.0,0.0,73.0,13.891,0.0,0.0,0.0,0.0,0.0,0.5351524617273938,0.6602870813397129,5.3471075307174685,5.0,0.0,0.0,2.0,0.0,1.0,0.0,0.0
b4122,405.0,124.795,37.0,19.0,0.45495495495495497,4.097146873475279,340.0,63.202,3.0,2.0,0.0,1.8930203512562949,2.15839265038712,0.6835948180266018,0.6441605839416058,6.3080984415095305,0.0,1.0,2.0,5.0,0.0,0.0,7.0,1.0
b4123,176.0,47.369,9.0,5.0,0.19444444444444445,2.3186177576229645,153.0,30.341,1.0,1.0,0.0,0.9856435277180232,1.6911699341316038,0.6109852339126447,0.6121076233183856,6.102558594613569,9.0,0.0,0.0,5.0,0.0,1.0,1.0,0.0
b4124,207.0,54.025,5.0,5.0,0.5,1.4151510998076196,152.0,31.133,3.0,2.0,0.0,4.263913824057452,1.0417873189717517,0.5826975128040041,0.5857740585774058,5.480638923341991,0.0,0.0,0.0,4.0,1.0,0.0,1.0,0.0
b4125,173.0,47.392,7.0,5.0,0.42857142857142855,1.7946450224509327,146.0,30.077,2.0,2.0,0.0,2.8927546642725073,-0.8386319977650251,0.5533417548424056,0.570902394106814,6.298949246855942,2.0,0.0,1.0,5.0,0.0,1.0,1.0,0.0
b4126,200.0,46.831,2.0,2.0,0.0,0.8283006457711328,197.0,45.479,1.0,1.0,0.0,1.8057530444814034,1.0759117614827776,0.685983873359774,0.5657894736842105,4.343805421853684,0.0,0.0,0.0,1.0,0.0,0.0,0.0,0.0
b4127,229.0,68.029,14.0,7.0,0.37362637362637363,3.734115801561327,215.0,51.623,2.0,1.0,0.0,3.191151353681197,1.6181527333785195,0.6786999619596663,0.4,4.51085950651685,0.0,0.0,0.0,1.0,0.0,0.0,0.0,0.0
b4128,71.0,26.988,6.0,5.0,0.4,1.5911076119627126,11.0,2.678,0.0,0.0,0.0,0.0,-0.009217308196862183,0.4649019900180135,0.3877551020408163,4.59511985013459,0.0,0.0,1.0,5.0,0.0,0.0,0.0,0.0
b4129,384.0,125.332,25.0,18.0,0.5233333333333333,2.520310401073234,364.0,91.195,4.0,3.0,0.0,1.6748963781690374,2.6063921148409777,0.6156315411566816,0.4495049504950495,6.226536669287466,0.0,1.0,1.0,5.0,1.0,0.0,1.0,1.0
b4130,122.0,28.825,2.0,2.0,0.0,0.6874545924225972,111.0,23.105,1.0,1.0,0.0,0.8044926556761228,0.0,0.5346457608330244,0.5711340206185567,6.186208623900494,14.0,0.0,0.0,5.0,0.0,1.0,0.0,0.0
b4131,83.0,27.535,10.0,5.0,0.2222222222222222,2.54127093156713,60.0,12.574,1.0,1.0,0.0,2.3754623539078814,1.8954777962757146,0.6816999885340764,0.5384615384615384,6.573680166960646,0.0,1.0,1.0,5.0,1.0,0.0,4.0,0.0
b4132,182.0,47.125,5.0,4.0,0.2,1.4069171108593492,137.0,27.982,2.0,1.0,0.0,4.225735974410449,0.7339992865383869,0.5606313391797144,0.49099099099099097,6.09807428216624,12.0,0.0,0.0,5.0,0.0,1.0,0.0,0.0
b4133,258.0,69.555,4.0,4.0,0.16666666666666666,1.2498033028918205,209.0,47.902,1.0,1.0,0.0,2.3754623539078814,-0.04817696468408802,0.5074161801268606,0.390625,6.240275845170769,1.0,0.0,0.0,5.0,0.0,1.0,0.0,0.0
b4134,0.0,0.0,0.0,0.0,0.0,0.0,0.0,0.0,0.0,0.0,0.0,0.0,0.0,0.0,0.0,0.0,0.0,0.0,0.0,0.0,0.0,0.0,1.0,1.0
b4135,311.0,78.979,3.0,3.0,0.3333333333333333,0.9777662769985966,273.0,62.219,0.0,0.0,0.0,0.0,2.3838333116626265,0.5864776569576956,0.5497382198952879,5.2574953720277815,0.0,0.0,0.0,2.0,0.0,0.0,0.0,0.0
b4136,290.0,74.103,16.0,10.0,0.2833333333333333,2.8434360253245914,243.0,46.975,1.0,1.0,0.0,2.9922202274087373,0.31175386105575426,0.5664462664230515,0.6123893805309735,6.338594078203183,8.0,0.0,1.0,5.0,0.0,1.0,0.0,0.0
b4137,153.0,39.733,7.0,5.0,0.3333333333333333,1.483826205297862,115.0,21.631,1.0,1.0,0.0,2.9922202274087373,1.716921073166761,0.5442811127932212,0.5089285714285714,4.727387818712341,0.0,1.0,0.0,4.0,1.0,0.0,0.0,0.0
b4138,133.0,31.367,1.0,1.0,0.0,0.48744874089698664,117.0,25.839,1.0,1.0,0.0,1.2237260030924546,2.262474821020941,0.5895732436550654,0.6143187066974596,6.073044534100405,10.0,0.0,0.0,5.0,0.0,1.0,0.0,0.0
b4139,172.0,57.561,30.0,15.0,0.41379310344827586,3.9960847627184326,120.0,23.074,2.0,1.0,0.0,1.8191927757677382,3.2403020793761064,0.6467564361443839,0.5523012552301255,6.171700597410915,0.0,0.0,1.0,5.0,0.0,0.0,2.0,0.0
b4140,228.0,57.031,5.0,4.0,0.4,1.1572746647379248,212.0,49.087,1.0,1.0,0.0,0.781212885908644,0.5865873046717549,0.5408100847657623,0.5316455696202531,5.0689042022202315,2.0,0.0,0.0,3.0,0.0,1.0,0.0,0.0
b4141,262.0,61.937,1.0,1.0,0.0,0.4940313961156321,220.0,45.009,0.0,0.0,0.0,0.0,-1.3665315444204134,0.5128789928313949,0.5598086124401914,6.037870919922137,11.0,0.0,0.0,5.0,0.0,1.0,0.0,0.0
b4142,631.0,193.204,29.0,15.0,0.4064039408866995,3.4894725251145506,516.0,92.399,8.0,8.0,1.0,2.8625484234896073,3.623353715325102,0.6688072678498783,0.5257731958762887,4.584967478670572,0.0,0.0,0.0,5.0,1.0,0.0,0.0,0.0
b4143,979.0,321.532,57.0,20.0,0.20739348370927319,6.48849973469878,740.0,104.3,11.0,8.0,0.6727272727272727,3.967369110166262,3.792182196963188,0.5980434571736902,0.5182481751824818,6.3080984415095305,0.0,0.0,1.0,5.0,1.0,0.0,2.0,0.0
b4144,39.0,15.133,1.0,1.0,0.0,0.6664994159826559,17.0,2.432,0.0,0.0,0.0,0.0,2.7299823730447743,0.5640136338409599,0.5897435897435898,4.770684624465665,0.0,0.0,0.0,1.0,0.0,0.0,0.0,0.0
b4145,41.0,17.287,3.0,3.0,0.0,1.0467617615391906,13.0,2.717,1.0,1.0,0.0,0.9458998023371926,0.5065050324048721,0.6138200883689743,0.4532871972318339,5.66988092298052,0.0,0.0,0.0,1.0,0.0,0.0,0.0,0.0
b4146,257.0,70.057,10.0,6.0,0.15555555555555556,1.7971809205249736,215.0,48.419,4.0,2.0,0.0,2.3357996650226234,0.31806333496276146,0.5826486667853574,0.5789473684210527,5.8377304471659395,0.0,1.0,1.0,4.0,0.0,0.0,0.0,0.0
b4147,560.0,207.497,70.0,59.0,0.7590062111801242,4.694447426543843,531.0,151.675,33.0,28.0,0.7537878787878788,3.773329574471546,2.9925579358613614,0.6377955981052059,0.48936170212765956,5.241747015059643,0.0,0.0,0.0,5.0,1.0,0.0,0.0,0.0
b4148,127.0,36.929,4.0,3.0,0.3333333333333333,1.5595253393910762,68.0,10.29,0.0,0.0,0.0,0.0,0.0,0.515172589169069,0.5904761904761905,4.663439094112067,4.0,0.0,0.0,4.0,0.0,1.0,0.0,0.0
b4149,261.0,66.173,6.0,5.0,0.2,1.5434603289750592,214.0,50.31,3.0,2.0,0.0,1.765176028681929,1.7033773685123494,0.589199408775045,0.5254237288135594,5.181783550292085,0.0,0.0,0.0,3.0,0.0,1.0,0.0,0.0
b4150,336.0,97.52,23.0,11.0,0.22134387351778656,3.641300280276297,247.0,45.763,2.0,2.0,0.0,1.6390198702832701,0.7307822756663892,0.4957423468384434,0.5119363395225465,5.934894195619588,0.0,0.0,1.0,5.0,0.0,0.0,2.0,0.0
b4151,277.0,86.482,26.0,19.0,0.48,3.146322349254919,217.0,49.535,4.0,4.0,0.6666666666666666,1.7124587048310107,1.305566313515304,0.6267272198572217,0.6470588235294118,4.787491742782046,3.0,0.0,0.0,5.0,0.0,1.0,10.0,1.0
b4152,290.0,92.822,25.0,19.0,0.5166666666666667,2.9178537689306747,228.0,52.326,4.0,4.0,0.6666666666666666,1.7124587048310107,1.8998751960210107,0.6428545975263148,0.5877862595419847,4.882801922586371,3.0,0.0,0.0,5.0,0.0,1.0,10.0,1.0
b4153,380.0,129.989,39.0,19.0,0.407557354925776,4.247533935832776,343.0,77.283,9.0,6.0,0.3611111111111111,2.769291327703447,2.7007123683433525,0.7063536605032633,0.6639344262295082,5.501258210544727,0.0,1.0,1.0,5.0,1.0,1.0,10.0,1.0
b4154,464.0,154.269,48.0,19.0,0.2969858156028369,5.564196459515391,416.0,81.255,10.0,6.0,0.24444444444444444,3.8816110133758372,2.5740428487594897,0.6724931263334754,0.6029900332225914,6.401917196727186,0.0,1.0,1.0,5.0,1.0,1.0,10.0,1.0
b4155,214.0,53.183,7.0,6.0,0.2857142857142857,1.4495939914222002,175.0,37.662,4.0,2.0,0.16666666666666666,3.2395636300584334,1.0174507295105362,0.5753303328716132,0.5723076923076923,5.786897381366708,0.0,0.0,1.0,5.0,0.0,0.0,0.0,0.0
b4156,164.0,45.658,8.0,5.0,0.35714285714285715,2.7348054519655336,143.0,31.072,3.0,2.0,0.6666666666666666,2.807463712228301,0.0,0.5187827833753743,0.538,6.2166061010848646,12.0,0.0,0.0,2.0,0.0,1.0,0.0,0.0
b4157,20.0,9.345,6.0,5.0,0.8,1.9989401677626404,14.0,4.385,2.0,2.0,1.0,2.0445011966615825,0.0,0.5928002759951286,0.5288461538461539,4.653960350157523,0.0,0.0,0.0,1.0,0.0,0.0,0.0,0.0
b4158,41.0,19.669,11.0,6.0,0.3090909090909091,2.829397715158551,28.0,7.25,3.0,2.0,0.6666666666666666,2.807463712228301,0.0,0.6075975025989904,0.6346153846153846,4.653960350157523,3.0,0.0,0.0,2.0,0.0,1.0,0.0,0.0
b4159,608.0,150.877,7.0,5.0,0.23809523809523808,1.7859103472665054,599.0,137.201,4.0,3.0,0.0,2.06760387667043,0.00860017176191757,0.5995715282740625,0.6567299006323396,7.010311867307229,11.0,0.0,0.0,3.0,0.0,1.0,0.0,0.0
b4160,331.0,82.66,13.0,9.0,0.4358974358974359,2.4532436347108226,296.0,55.62,2.0,2.0,0.0,1.640577369715318,2.485735618879807,0.6260389637504065,0.6149068322981367,5.777652323222656,0.0,1.0,1.0,5.0,0.0,1.0,3.0,0.0
b4161,311.0,96.133,34.0,26.0,0.5329768270944741,2.913550116089999,273.0,59.359,0.0,0.0,0.0,0.0,1.9538079976653073,0.6389469489816288,0.6457142857142857,5.860786223465865,0.0,1.0,1.0,5.0,1.0,0.0,2.0,1.0
b4162,217.0,60.983,13.0,10.0,0.46153846153846156,1.929517477931335,187.0,41.195,2.0,2.0,0.0,1.7680935015633548,2.127137207191501,0.6838661058851978,0.6464088397790055,5.204006687076795,0.0,0.0,1.0,5.0,1.0,0.0,1.0,0.0
b4163,0.0,0.0,0.0,0.0,0.0,0.0,0.0,0.0,0.0,0.0,0.0,0.0,0.0,0.0,0.0,0.0,0.0,0.0,0.0,0.0,0.0,0.0,1.0,1.0
b4164,0.0,0.0,0.0,0.0,0.0,0.0,0.0,0.0,0.0,0.0,0.0,0.0,0.0,0.0,0.0,0.0,0.0,0.0,0.0,0.0,0.0,0.0,1.0,1.0
b4165,0.0,0.0,0.0,0.0,0.0,0.0,0.0,0.0,0.0,0.0,0.0,0.0,0.0,0.0,0.0,0.0,0.0,0.0,0.0,0.0,0.0,0.0,1.0,1.0
b4166,206.0,55.978,8.0,8.0,0.6785714285714286,1.594156934563414,188.0,40.011,0.0,0.0,0.0,0.0,-0.09745322068600858,0.5508260492729552,0.5593667546174143,5.940171252720432,0.0,1.0,1.0,4.0,1.0,0.0,0.0,0.0
b4167,965.0,236.05,16.0,9.0,0.2,2.5593170780267855,944.0,219.056,5.0,4.0,0.6,2.7880504326124433,1.4315245841874509,0.5423509091642001,0.566990291262136,6.246106765481563,0.0,1.0,2.0,5.0,0.0,0.0,0.0,0.0
b4168,319.0,86.014,12.0,9.0,0.42424242424242425,1.8972060290138362,290.0,65.904,5.0,4.0,0.6,3.004971153416525,2.0414321646802653,0.5366588137918332,0.5359477124183006,5.0369526024136295,0.0,0.0,0.0,5.0,1.0,0.0,0.0,0.0
b4169,271.0,81.037,21.0,11.0,0.2761904761904762,3.184481256801852,249.0,56.652,4.0,4.0,1.0,2.437266869325237,0.5587085705331657,0.5907843764484288,0.5842696629213483,6.100318952020064,0.0,0.0,1.0,3.0,0.0,0.0,1.0,0.0
b4170,488.0,159.225,50.0,16.0,0.2530612244897959,5.999344842173433,415.0,77.201,5.0,4.0,0.6,3.2554493284582793,0.9849771264154934,0.5977849340668179,0.583739837398374,6.423246963533519,0.0,0.0,0.0,5.0,0.0,0.0,1.0,0.0
b4171,535.0,155.315,17.0,10.0,0.23529411764705882,2.4518344176271083,499.0,113.559,10.0,4.0,0.26666666666666666,5.253962766408289,1.0132586652835165,0.47262449532184847,0.5284810126582279,5.75890177387728,0.0,1.0,1.0,5.0,0.0,0.0,2.0,0.0
b4172,694.0,233.615,49.0,16.0,0.13350340136054423,6.03400602265889,520.0,105.43,8.0,4.0,0.21428571428571427,3.8333711842720755,2.8959802506782863,0.6348613185031077,0.5392156862745098,4.634728988229636,0.0,0.0,0.0,5.0,1.0,0.0,2.0,0.0
b4173,392.0,128.999,50.0,35.0,0.5102040816326531,3.918682494635525,360.0,70.171,4.0,4.0,1.0,2.2717373614449228,1.9360611166099886,0.5494449000614392,0.5586854460093896,6.056784013228625,0.0,1.0,0.0,5.0,1.0,1.0,0.0,0.0
b4174,353.0,91.443,12.0,9.0,0.4393939393939394,1.7831035028812185,324.0,70.11,4.0,4.0,1.0,2.2717373614449228,2.584342533972404,0.6708429274155858,0.5918854415274463,6.040254711277414,1.0,0.0,0.0,5.0,0.0,1.0,0.0,0.0
b4175,353.0,88.842,11.0,9.0,0.4909090909090909,1.6903898915843278,321.0,64.24,4.0,4.0,1.0,2.2717373614449228,2.44092481708748,0.6638838102695778,0.5838323353293413,5.814130531825066,1.0,0.0,0.0,5.0,0.0,1.0,0.0,0.0
b4176,53.0,19.142,5.0,5.0,0.6,0.9245544042570825,33.0,9.23,0.0,0.0,0.0,0.0,-1.3872161432802645,0.4767020288702273,0.6,4.189654742026425,2.0,0.0,0.0,1.0,0.0,1.0,0.0,0.0
b4177,602.0,203.001,57.0,15.0,0.2337092731829574,6.1723325104332725,560.0,128.482,15.0,9.0,0.3047619047619048,3.4676643196825037,3.382739064823395,0.6637825248857884,0.5532407407407407,6.07073772800249,0.0,1.0,1.0,5.0,1.0,0.0,5.0,1.0
b4178,277.0,71.158,10.0,6.0,0.37777777777777777,2.4376418195345786,230.0,37.644,1.0,1.0,0.0,2.3754623539078814,1.4655315569735499,0.5376911729679738,0.5106382978723404,4.955827057601261,0.0,1.0,0.0,3.0,0.0,0.0,0.0,0.0
b4179,429.0,133.35,21.0,10.0,0.319047619047619,2.853065621662543,380.0,68.741,2.0,1.0,0.0,4.225735974410449,2.198684573077143,0.675486787148425,0.6100861008610086,6.70196036600254,0.0,1.0,1.0,5.0,1.0,0.0,1.0,0.0
b4180,301.0,91.289,16.0,10.0,0.16666666666666666,2.4304479561945844,285.0,61.865,1.0,1.0,0.0,2.3754623539078814,1.899327949877654,0.6474563900953912,0.6172839506172839,5.497168225293202,0.0,0.0,1.0,4.0,1.0,0.0,0.0,0.0
b4181,49.0,14.811,3.0,3.0,0.0,1.1269787201952783,40.0,12.34,2.0,2.0,0.0,1.6845582571991222,0.0,0.5257159079573032,0.41353383458646614,4.897839799950911,0.0,0.0,0.0,1.0,0.0,0.0,0.0,0.0
b4182,216.0,56.179,10.0,3.0,0.13333333333333333,4.69715624115169,194.0,48.66,6.0,3.0,0.13333333333333333,4.8351865738473405,0.37839790094813763,0.5416042370083545,0.4870689655172414,5.4510384535657,0.0,0.0,0.0,2.0,0.0,0.0,0.0,0.0
b4183,16.0,6.367,3.0,3.0,1.0,1.7445876978459873,14.0,5.845,3.0,3.0,1.0,2.6234180860385967,0.7032913781186614,0.6420275651044427,0.5205479452054794,5.393627546352362,0.0,0.0,0.0,1.0,0.0,0.0,0.0,0.0
b4184,146.0,34.936,5.0,3.0,0.5,2.7106977638989864,146.0,35.666,5.0,3.0,0.4,4.198790243794896,0.0,0.5238953451341025,0.4621212121212121,4.890349128221754,4.0,0.0,0.0,2.0,0.0,1.0,0.0,0.0
b4185,28.0,10.869,5.0,3.0,0.4,2.552148185488017,23.0,7.725,3.0,3.0,1.0,2.6234180860385967,0.0,0.5998556861032718,0.49056603773584906,5.3612921657094255,0.0,0.0,0.0,1.0,0.0,0.0,0.0,0.0
b4186,104.0,25.784,5.0,3.0,0.4,2.758875824445078,98.0,22.631,5.0,3.0,0.4,4.198790243794896,-1.408935392973501,0.6115934369644874,0.6020671834625323,5.961005339623274,0.0,0.0,1.0,3.0,0.0,0.0,0.0,0.0
b4187,374.0,106.908,10.0,7.0,0.1111111111111111,1.982740263293548,339.0,78.814,4.0,3.0,0.16666666666666666,1.9996113237733646,1.0004340774793186,0.5482589717627505,0.5674676524953789,6.295266001439646,0.0,1.0,1.0,5.0,1.0,0.0,0.0,0.0
b4188,65.0,20.48,2.0,1.0,0.0,1.928380427148557,35.0,7.24,0.0,0.0,0.0,0.0,0.3074960379132129,0.5494480814961799,0.5274725274725275,4.5217885770490405,0.0,0.0,0.0,2.0,0.0,0.0,0.0,0.0
b4189,70.0,22.69,1.0,1.0,0.0,1.200063224885682,37.0,4.761,0.0,0.0,0.0,0.0,1.3619166186686433,0.450424925561889,0.47706422018348627,4.700480365792417,0.0,0.0,0.0,3.0,0.0,1.0,0.0,0.0
b4190,210.0,52.124,4.0,4.0,0.5,1.1619491325983493,178.0,37.754,0.0,0.0,0.0,0.0,1.0297894708318556,0.4893708492592138,0.5140562248995983,5.521460917862246,0.0,0.0,1.0,3.0,0.0,0.0,0.0,0.0
b4191,137.0,42.586,11.0,7.0,0.38181818181818183,2.4520226007254298,97.0,22.943,2.0,1.0,0.0,2.085150894765093,0.9400181550076632,0.6195335636427751,0.5577689243027888,5.529429087511423,0.0,0.0,0.0,4.0,1.0,0.0,0.0,0.0
b4192,138.0,38.371,10.0,8.0,0.8444444444444444,2.2149773873233847,120.0,29.123,7.0,6.0,0.9047619047619048,2.8479902848472807,1.8089532991559112,0.6948372268719235,0.615819209039548,5.872117789475416,0.0,1.0,1.0,4.0,1.0,0.0,3.0,0.0
b4193,193.0,59.052,13.0,8.0,0.5128205128205128,2.6560464929139904,168.0,45.216,11.0,6.0,0.4727272727272727,4.375526156456801,0.0,0.6567624373677851,0.7075268817204301,6.144185634125646,10.0,0.0,0.0,5.0,0.0,1.0,4.0,0.0
b4194,165.0,45.036,10.0,8.0,0.8,2.154450449305546,154.0,37.771,8.0,6.0,0.8214285714285714,3.2337914247370514,1.839540892968969,0.6844434819132111,0.6633663366336634,4.624972813284271,0.0,0.0,1.0,4.0,1.0,0.0,4.0,0.0
b4195,102.0,34.151,10.0,8.0,0.8,2.154450449305546,97.0,28.422,8.0,6.0,0.8214285714285714,3.2337914247370514,1.3749315539781881,0.6746839452929476,0.6233766233766234,5.043425116919247,0.0,0.0,0.0,4.0,1.0,0.0,4.0,0.0
b4196,106.0,34.399,10.0,8.0,0.8444444444444444,2.2149773873233847,87.0,23.833,7.0,6.0,0.8571428571428571,2.8893085930144253,1.230704313612569,0.6930336258049457,0.6527777777777778,5.37989735354046,0.0,1.0,1.0,5.0,0.0,0.0,4.0,0.0
b4197,82.0,29.335,14.0,8.0,0.5604395604395604,2.9241255821986076,64.0,17.748,9.0,6.0,0.5555555555555556,3.7194754928866884,0.5843312243675308,0.673606107929205,0.6795774647887324,5.652489180268651,0.0,0.0,1.0,3.0,0.0,0.0,4.0,0.0
b4198,86.0,32.383,18.0,8.0,0.4117647058823529,3.572097210765216,76.0,19.239,7.0,5.0,0.5238095238095238,3.1593922395369853,1.0937717814987298,0.656914531348325,0.7017543859649122,5.43372200355424,0.0,1.0,1.0,4.0,0.0,0.0,4.0,0.0
b4199,24.0,10.493,5.0,2.0,0.1,3.03788794933542,14.0,3.372,0.0,0.0,0.0,0.0,0.0,0.5457074646851069,0.46153846153846156,4.5217885770490405,0.0,0.0,0.0,2.0,0.0,0.0,0.0,0.0
b4200,563.0,241.542,119.0,61.0,0.6198547215496368,7.666308929880443,520.0,176.628,78.0,51.0,0.7632367632367633,7.268988708024769,3.6042271334176585,0.6332863455881081,0.5572519083969466,4.912654885736052,0.0,0.0,0.0,5.0,0.0,0.0,1.0,1.0
b4201,472.0,176.134,77.0,58.0,0.6766917293233082,5.338061812154784,431.0,146.455,64.0,51.0,0.9017857142857143,5.775044851421517,0.17609125905568124,0.5093106414113789,0.5865384615384616,4.653960350157523,0.0,0.0,0.0,5.0,0.0,0.0,1.0,0.0
b4202,433.0,191.864,108.0,61.0,0.7088958116995501,6.627366422158615,412.0,155.845,75.0,51.0,0.7913513513513514,6.879523696817731,3.610767658958397,0.6912180306036596,0.5866666666666667,4.330733340286331,0.0,0.0,0.0,5.0,0.0,0.0,1.0,1.0
b4203,480.0,207.083,110.0,61.0,0.6912427022518766,6.740252113667053,460.0,152.136,60.0,51.0,0.9248587570621469,5.387982640543901,3.667827312113615,0.5336692489531063,0.42953020134228187,5.0106352940962555,0.0,0.0,0.0,5.0,0.0,0.0,1.0,1.0
b4204,38.0,10.682,0.0,0.0,0.0,0.0,15.0,2.218,0.0,0.0,0.0,0.0,-1.0222763947111522,0.4421181934586687,0.36742424242424243,5.579729825986222,1.0,0.0,0.0,1.0,0.0,1.0,0.0,0.0
b4205,0.0,0.0,0.0,0.0,0.0,0.0,0.0,0.0,0.0,0.0,0.0,0.0,0.0,0.0,0.0,4.6913478822291435,0.0,0.0,0.0,1.0,0.0,0.0,0.0,0.0
b4206,28.0,10.093,4.0,3.0,0.3333333333333333,1.5125275765179682,13.0,2.399,0.0,0.0,0.0,0.0,1.8615941446438653,0.5853083733925476,0.5754716981132075,5.3612921657094255,1.0,0.0,0.0,4.0,0.0,1.0,0.0,0.0
b4207,282.0,70.45,4.0,3.0,0.16666666666666666,1.1022676657186172,247.0,43.966,0.0,0.0,0.0,0.0,2.919606249919717,0.6626124642904271,0.5339805825242718,5.332718793265369,0.0,0.0,1.0,5.0,1.0,0.0,0.0,0.0
b4208,112.0,30.864,2.0,2.0,0.0,1.1018737258851279,57.0,8.18,0.0,0.0,0.0,0.0,2.1399105558756824,0.5457377475006956,0.6404255319148936,6.154858094016418,12.0,0.0,0.0,5.0,0.0,1.0,0.0,0.0
b4209,206.0,53.251,9.0,5.0,0.4166666666666667,2.660520894408043,158.0,32.533,1.0,1.0,0.0,1.653970468394295,1.1934029030624176,0.6785675160087404,0.5954545454545455,5.3981627015177525,0.0,0.0,0.0,4.0,1.0,0.0,0.0,0.0
b4210,235.0,58.458,3.0,3.0,0.6666666666666666,1.7402959680014212,211.0,46.954,0.0,0.0,0.0,0.0,-0.36957212497497616,0.5325415044038152,0.6417445482866043,5.7745515455444085,10.0,0.0,0.0,2.0,0.0,1.0,0.0,0.0
b4211,198.0,59.131,14.0,11.0,0.5054945054945055,2.1353318129222982,172.0,32.812,2.0,1.0,0.0,1.6286118266519458,1.5540043210119028,0.5634795822951846,0.534965034965035,5.659482215759621,0.0,0.0,1.0,5.0,0.0,0.0,4.0,1.0
b4212,127.0,30.157,2.0,2.0,0.0,0.656365161337285,106.0,22.272,1.0,1.0,0.0,1.1417850502989042,-0.06499684854634524,0.5818199293678918,0.6428571428571429,4.844187086458591,0.0,0.0,0.0,2.0,0.0,0.0,0.0,0.0
b4213,184.0,49.04,13.0,12.0,0.7564102564102564,1.9355340045646647,161.0,27.854,0.0,0.0,0.0,0.0,2.056942945672877,0.6277569465755813,0.5455950540958269,6.473890696352274,0.0,1.0,2.0,4.0,0.0,0.0,3.0,1.0
b4214,270.0,67.926,7.0,6.0,0.3333333333333333,1.5181951849655448,223.0,45.231,1.0,1.0,0.0,0.6787105353085043,2.586598555678398,0.6122628813503269,0.5894308943089431,5.5093883366279774,0.0,1.0,1.0,5.0,1.0,1.0,3.0,0.0
b4215,50.0,16.409,0.0,0.0,0.0,0.0,25.0,5.328,0.0,0.0,0.0,0.0,0.8698182079793282,0.5325502610416497,0.3333333333333333,5.746203190540153,0.0,0.0,0.0,1.0,0.0,0.0,0.0,0.0
b4216,69.0,18.711,0.0,0.0,0.0,0.0,40.0,6.545,0.0,0.0,0.0,0.0,2.5797950252685893,0.621563505377309,0.6032608695652174,5.220355825078324,0.0,0.0,0.0,2.0,0.0,0.0,0.0,0.0
b4217,66.0,20.612,1.0,1.0,0.0,0.5058009918704138,41.0,6.612,0.0,0.0,0.0,0.0,0.7435097647284298,0.5331022476663474,0.5588235294117647,4.23410650459726,0.0,0.0,0.0,2.0,0.0,0.0,0.0,0.0
b4218,209.0,48.04,0.0,0.0,0.0,0.0,190.0,37.325,0.0,0.0,0.0,0.0,0.7730546933642626,0.6407522602163432,0.6331096196868009,6.104793232414985,4.0,0.0,0.0,3.0,0.0,1.0,0.0,0.0
b4219,345.0,90.369,9.0,7.0,0.25,1.6583290529978705,302.0,44.986,3.0,2.0,0.0,1.8815347016226576,2.6053158225454203,0.5997141816639058,0.5518867924528302,5.3612921657094255,0.0,0.0,1.0,5.0,0.0,0.0,0.0,0.0
b4220,290.0,76.087,4.0,2.0,0.3333333333333333,1.6508466468069354,270.0,66.618,2.0,2.0,1.0,1.910260494746244,1.1821292140529984,0.6245334839461087,0.5927209705372617,6.359573868672378,16.0,0.0,0.0,5.0,0.0,1.0,0.0,0.0
b4221,340.0,94.417,17.0,10.0,0.22058823529411764,3.33598318228547,314.0,79.932,6.0,2.0,0.2,4.5652356976694515,0.651278013998144,0.6140940753236842,0.6393963463065926,7.138866999945524,1.0,0.0,0.0,5.0,0.0,1.0,0.0,0.0
b4222,243.0,58.533,2.0,2.0,1.0,0.8876404177778909,224.0,50.764,2.0,2.0,1.0,1.910260494746244,2.0170750963760593,0.5243644106171435,0.5929203539823009,4.736198448394496,0.0,0.0,0.0,2.0,0.0,0.0,0.0,0.0
b4224,166.0,50.175,21.0,21.0,1.0,2.779299744746477,144.0,33.024,3.0,2.0,0.6666666666666666,2.6481869043263218,0.0,0.5196489877934198,0.5903614457831325,4.430816798843313,0.0,0.0,0.0,4.0,0.0,0.0,0.0,0.0
b4225,148.0,49.057,24.0,21.0,0.8586956521739131,3.187612446408747,106.0,22.466,2.0,2.0,1.0,1.895514002783901,-0.030118356253500032,0.5553087397225105,0.5172413793103449,4.762173934797756,0.0,0.0,1.0,5.0,0.0,0.0,0.0,0.0
b4226,594.0,181.023,20.0,17.0,0.45789473684210524,1.8560859531314053,521.0,116.049,5.0,4.0,0.6,1.3770472926374457,3.4753820466030505,0.6493784075298951,0.6022727272727273,5.176149732573829,0.0,1.0,1.0,5.0,1.0,0.0,1.0,1.0
b4227,339.0,152.636,26.0,15.0,0.4523076923076923,3.542699360519992,189.0,45.524,11.0,10.0,0.2,3.4908150679741388,2.7759816056828805,0.5899732081875194,0.5754716981132075,5.765191102784844,0.0,0.0,0.0,5.0,0.0,0.0,1.0,0.0
b4230,253.0,128.48,19.0,15.0,0.5906432748538012,2.6293039642694045,126.0,28.837,13.0,10.0,0.24358974358974358,3.900100940671833,-0.9507819773298184,0.5353364037224484,0.6920821114369502,5.834810737062605,10.0,0.0,0.0,3.0,0.0,1.0,1.0,0.0
b4231,242.0,123.554,17.0,15.0,0.6102941176470589,2.4081208186244947,106.0,25.457,14.0,10.0,0.21978021978021978,4.324712804749972,0.0,0.5430806326109757,0.6042296072507553,5.805134968916488,8.0,0.0,0.0,3.0,0.0,1.0,1.0,0.0
b4232,331.0,103.897,28.0,17.0,0.4894179894179894,3.461389326509839,273.0,43.504,1.0,1.0,0.0,0.6824267057546697,2.5551065457491644,0.6556793377408152,0.5963855421686747,5.808142489980444,0.0,1.0,1.0,5.0,1.0,0.0,9.0,1.0
b4233,396.0,104.256,14.0,8.0,0.37362637362637363,2.664337046977071,357.0,77.947,7.0,6.0,0.5238095238095238,2.5763108256558347,2.064495426792728,0.6631852076716012,0.6083150984682714,6.126869184114185,0.0,1.0,1.0,5.0,0.0,0.0,0.0,0.0
b4234,285.0,87.308,33.0,32.0,0.9412878787878788,2.277602870626347,244.0,53.139,0.0,0.0,0.0,0.0,2.719339574967275,0.6431511517840478,0.6010928961748634,5.214935757608986,0.0,0.0,0.0,5.0,1.0,0.0,0.0,0.0
b4235,155.0,34.852,3.0,2.0,0.0,1.8052111081213535,136.0,27.564,1.0,1.0,0.0,0.7615422467089705,2.468362102082093,0.616287005116064,0.5755555555555556,6.111467339502679,0.0,0.0,1.0,3.0,1.0,0.0,0.0,0.0
b4237,171.0,42.739,8.0,8.0,0.5357142857142857,1.4403641157866147,150.0,28.213,3.0,2.0,0.3333333333333333,3.32078888548241,0.6424645202421213,0.6542888804071927,0.5909090909090909,5.043425116919247,0.0,1.0,1.0,5.0,1.0,0.0,0.0,0.0
b4238,185.0,57.239,22.0,12.0,0.4069264069264069,2.857459491781185,133.0,23.343,1.0,1.0,0.0,1.3897187423775446,1.5945030438200891,0.7037972392399346,0.6235955056179775,6.569481420414296,0.0,0.0,1.0,5.0,0.0,0.0,4.0,1.0
b4239,188.0,52.112,8.0,5.0,0.42857142857142855,1.8413474513359536,161.0,31.625,2.0,2.0,0.0,1.4921809571249856,1.4363217001397333,0.5913916440458823,0.6079854809437386,6.313548046277095,0.0,0.0,1.0,4.0,1.0,0.0,2.0,0.0
b4240,337.0,89.951,11.0,9.0,0.3090909090909091,2.146470739969509,261.0,50.432,4.0,2.0,0.0,2.8316585617008383,1.4998244958395797,0.615798698360497,0.6575052854122622,6.161207321695077,10.0,0.0,1.0,4.0,0.0,1.0,2.0,0.0
b4241,178.0,43.136,2.0,2.0,1.0,0.736346855701798,140.0,28.177,1.0,1.0,0.0,1.0519533555820868,0.5820633629117087,0.5549941920832053,0.5841269841269842,5.755742213586912,0.0,0.0,0.0,4.0,0.0,0.0,0.0,0.0
b4242,406.0,97.005,9.0,6.0,0.1111111111111111,2.1212058866268992,328.0,52.338,0.0,0.0,0.0,0.0,1.1142772965615861,0.6050366406477694,0.5946547884187082,6.80128303447162,10.0,0.0,1.0,5.0,0.0,1.0,0.0,0.0
b4243,135.0,37.918,5.0,4.0,0.1,1.1652056545010896,115.0,24.988,2.0,2.0,1.0,1.0461514892705903,3.5809261155546532,0.6144076198719147,0.5703125,4.859812404361672,0.0,0.0,1.0,5.0,1.0,0.0,0.0,0.0
b4244,226.0,69.087,33.0,15.0,0.3806818181818182,4.3785290047994625,206.0,47.84,11.0,8.0,0.6,3.930217801064838,3.32592800625993,0.6709263193404642,0.5751633986928104,5.0369526024136295,0.0,1.0,0.0,4.0,0.0,0.0,4.0,1.0
b4245,421.0,132.897,51.0,15.0,0.2580392156862745,6.439461769780144,383.0,85.129,20.0,8.0,0.3631578947368421,6.902607147264419,3.331631741364648,0.6384450606625969,0.6270096463022508,5.7430031878094825,0.0,0.0,1.0,5.0,0.0,0.0,4.0,1.0
b4246,39.0,13.494,2.0,2.0,1.0,0.5942920270467849,21.0,4.763,2.0,2.0,1.0,1.0461514892705903,0.0,0.480383899769409,0.5454545454545454,3.8066624897703196,0.0,0.0,0.0,2.0,0.0,0.0,0.0,0.0
b4248,211.0,52.312,3.0,3.0,0.3333333333333333,1.132204211764685,200.0,44.639,0.0,0.0,0.0,0.0,0.8215135284047731,0.503838980496582,0.3969465648854962,4.882801922586371,0.0,0.0,0.0,2.0,0.0,0.0,0.0,0.0
b4249,268.0,62.949,3.0,3.0,0.3333333333333333,1.0696781853218054,212.0,41.04,1.0,1.0,0.0,2.9922202274087373,-1.9208187539523751,0.4779132320066882,0.5021097046413502,5.472270673671475,0.0,0.0,0.0,4.0,0.0,0.0,0.0,0.0
b4251,150.0,39.411,5.0,3.0,0.2,1.5011794231455158,123.0,25.694,1.0,1.0,0.0,2.9922202274087373,0.7226339225338122,0.4902566877585861,0.38578680203045684,5.288267030694535,0.0,0.0,0.0,3.0,0.0,0.0,0.0,0.0
b4252,203.0,45.196,2.0,2.0,0.0,0.9763261910057704,156.0,30.002,0.0,0.0,0.0,0.0,2.45486009814405,0.5843866399845926,0.52,5.017279836814924,0.0,0.0,0.0,3.0,0.0,0.0,0.0,0.0
b4253,41.0,14.497,5.0,3.0,0.2,2.056216410925309,16.0,2.755,0.0,0.0,0.0,0.0,0.421603926869831,0.5035744006385601,0.29635761589403975,6.405228458030842,0.0,0.0,0.0,2.0,0.0,0.0,0.0,0.0
b4254,151.0,50.483,18.0,11.0,0.49673202614379086,2.6488277228655184,128.0,29.349,12.0,7.0,0.5,4.295803673500764,2.37841607188523,0.5994321721333267,0.5808383233532934,5.814130531825066,0.0,0.0,1.0,5.0,1.0,0.0,4.0,0.0
b4255,358.0,110.091,21.0,11.0,0.36666666666666664,3.1017276303563905,311.0,88.879,17.0,8.0,0.5147058823529411,5.703527727989005,3.1482971840938685,0.6768432406436842,0.4855072463768116,4.9344739331306915,0.0,0.0,0.0,5.0,1.0,0.0,0.0,0.0
b4256,145.0,39.209,11.0,7.0,0.6909090909090909,2.7073353659337998,131.0,24.492,0.0,0.0,0.0,0.0,1.4442009888641596,0.5584954198763674,0.5508982035928144,5.123963979403259,0.0,0.0,1.0,2.0,0.0,0.0,0.0,0.0
b4257,241.0,62.457,5.0,3.0,0.2,1.856887274999517,211.0,49.527,2.0,2.0,1.0,1.0007731591908713,0.0,0.4597890196782753,0.3592964824120603,5.988961416889864,8.0,0.0,0.0,2.0,0.0,1.0,0.0,0.0
b4258,543.0,164.781,28.0,18.0,0.5502645502645502,2.7642699272108575,524.0,117.596,6.0,4.0,0.26666666666666666,2.844762733012652,2.6127944491388995,0.7160747090747575,0.6435331230283912,6.858565034791365,0.0,0.0,1.0,5.0,1.0,0.0,1.0,1.0
b4259,377.0,110.103,18.0,13.0,0.5424836601307189,2.2614027969324964,342.0,77.198,2.0,1.0,0.0,1.9342002557416722,1.1705550585212086,0.5952790699902466,0.5510204081632653,4.997212273764115,0.0,0.0,1.0,5.0,0.0,0.0,3.0,1.0
b4260,221.0,60.301,17.0,11.0,0.4338235294117647,2.577635979717806,193.0,34.4,1.0,1.0,0.0,1.2743254077351545,2.4713063829219797,0.6363309404054242,0.614314115308151,6.222576268071369,0.0,1.0,2.0,5.0,0.0,0.0,2.0,0.0
b4261,538.0,211.507,41.0,32.0,0.6524390243902439,4.456055028356033,355.0,95.657,4.0,3.0,0.3333333333333333,2.0411351916409695,1.4315245841874509,0.5723135824585377,0.6557377049180327,5.905361848054571,6.0,0.0,0.0,4.0,0.0,1.0,1.0,0.0
b4262,479.0,190.101,38.0,32.0,0.7382645803698435,4.117714038029454,311.0,72.009,1.0,1.0,0.0,0.8827692664599318,1.40671045860979,0.6218981255662401,0.6916666666666667,5.8888779583328805,6.0,0.0,0.0,4.0,0.0,1.0,1.0,0.0
b4263,159.0,37.879,2.0,2.0,0.0,0.8764480509868517,153.0,35.05,0.0,0.0,0.0,0.0,1.97913846954681,0.5624033026236308,0.61,6.2166061010848646,0.0,0.0,0.0,1.0,0.0,0.0,0.0,0.0
b4264,133.0,34.672,5.0,4.0,0.6,1.6081723485159147,94.0,19.311,1.0,1.0,0.0,1.856088885859429,0.3979400086720376,0.5568768515887607,0.5301204819277109,5.808142489980444,0.0,0.0,0.0,2.0,0.0,0.0,0.0,0.0
b4265,66.0,18.305,7.0,4.0,0.3333333333333333,2.2446715047998937,42.0,9.041,1.0,1.0,0.0,1.152816922389535,1.4184670209466004,0.5340537756929957,0.5421412300683371,6.0867747269123065,12.0,0.0,0.0,5.0,0.0,1.0,0.0,0.0
b4266,223.0,55.29,6.0,4.0,0.4,1.6538637310393898,187.0,34.947,3.0,2.0,0.0,2.455357476145146,0.7363965022766424,0.5774462616588848,0.4921259842519685,5.541263545158426,0.0,0.0,1.0,4.0,0.0,0.0,0.0,0.0
b4267,132.0,33.238,4.0,4.0,1.0,1.358222738598764,124.0,25.828,2.0,2.0,0.0,1.9149917566444907,-0.9706162223147904,0.5497018189545493,0.4489795918367347,5.840641657373398,0.0,1.0,1.0,3.0,0.0,0.0,0.0,0.0
b4268,119.0,35.121,13.0,6.0,0.2564102564102564,3.035448765840564,97.0,18.941,3.0,2.0,0.0,2.643299571929989,-0.721246399047171,0.5224977252704429,0.36363636363636365,5.236441962829949,0.0,0.0,1.0,3.0,0.0,0.0,5.0,1.0
b4269,212.0,61.486,11.0,8.0,0.509090909090909,2.0277050820635236,188.0,35.384,0.0,0.0,0.0,0.0,1.854973673726417,0.6095532298904913,0.6194690265486725,5.8289456176102075,0.0,1.0,1.0,5.0,0.0,0.0,6.0,1.0
b4270,0.0,0.0,0.0,0.0,0.0,0.0,0.0,0.0,0.0,0.0,0.0,0.0,0.0,0.0,0.0,0.0,0.0,0.0,0.0,0.0,0.0,0.0,1.0,1.0
b4271,0.0,0.0,0.0,0.0,0.0,0.0,0.0,0.0,0.0,0.0,0.0,0.0,0.0,0.0,0.0,5.983936280687191,0.0,0.0,0.0,3.0,0.0,0.0,0.0,0.0
b4272,64.0,22.254,9.0,7.0,0.6111111111111112,2.4538684698132336,53.0,13.767,7.0,6.0,0.42857142857142855,2.894704442033112,-0.18111458540599013,0.4483568406013054,0.5371900826446281,4.804021044733257,0.0,0.0,0.0,2.0,0.0,0.0,0.0,0.0
b4273,63.0,21.706,8.0,7.0,0.4642857142857143,2.212247647520948,54.0,13.12,6.0,6.0,0.3333333333333333,2.52476667068513,0.45788189673399227,0.4857417400853809,0.5614617940199336,5.71042701737487,0.0,0.0,0.0,2.0,0.0,0.0,0.0,0.0
b4274,0.0,0.0,0.0,0.0,0.0,0.0,0.0,0.0,0.0,0.0,0.0,0.0,0.0,0.0,0.0,4.718498871295094,0.0,0.0,0.0,1.0,0.0,0.0,0.0,0.0
b4277,36.0,11.804,3.0,2.0,0.3333333333333333,3.195460723709398,16.0,3.721,0.0,0.0,0.0,0.0,0.0,0.4217007852498425,0.5596330275229358,4.700480365792417,0.0,0.0,0.0,1.0,0.0,0.0,0.0,0.0
b4278,225.0,51.954,1.0,1.0,0.0,1.2914663252160585,203.0,46.014,0.0,0.0,0.0,0.0,0.4800069429571506,0.5209583920530397,0.5995475113122172,6.093569770045136,0.0,0.0,0.0,2.0,0.0,0.0,0.0,0.0
b4279,129.0,38.161,5.0,5.0,0.5,1.4350720820979574,108.0,22.687,2.0,1.0,0.0,3.1168193228596075,-1.6197887582883939,0.4042930037347697,0.24444444444444444,6.0063531596017325,12.0,0.0,0.0,4.0,0.0,1.0,0.0,0.0
b4280,209.0,59.837,6.0,5.0,0.8,1.5807056346672557,195.0,43.186,1.0,1.0,0.0,1.799794569921748,1.2407987711173312,0.48754026905974374,0.3118279569892473,5.921578419643816,0.0,1.0,1.0,5.0,0.0,0.0,0.0,0.0
b4281,0.0,0.0,0.0,0.0,0.0,0.0,0.0,0.0,0.0,0.0,0.0,0.0,0.0,0.0,0.0,4.343805421853684,0.0,0.0,0.0,1.0,0.0,0.0,0.0,0.0
b4282,0.0,0.0,0.0,0.0,0.0,0.0,0.0,0.0,0.0,0.0,0.0,0.0,0.0,0.0,0.0,4.418840607796598,2.0,0.0,0.0,2.0,0.0,1.0,0.0,0.0
b4283,0.0,0.0,0.0,0.0,0.0,0.0,0.0,0.0,0.0,0.0,0.0,0.0,0.0,0.0,0.0,4.48863636973214,0.0,0.0,0.0,2.0,0.0,0.0,0.0,0.0
b4284,45.0,19.103,12.0,7.0,0.6666666666666666,3.1609702000096043,38.0,4.211,0.0,0.0,0.0,0.0,0.12710479836480765,0.4299611189088026,0.40992167101827676,5.950642552587727,0.0,0.0,0.0,2.0,0.0,0.0,0.0,0.0
b4285,0.0,0.0,0.0,0.0,0.0,0.0,0.0,0.0,0.0,0.0,0.0,0.0,0.0,0.0,0.0,5.293304824724492,0.0,0.0,0.0,2.0,0.0,0.0,0.0,0.0
b4286,0.0,0.0,0.0,0.0,0.0,0.0,0.0,0.0,0.0,0.0,0.0,0.0,0.0,0.0,0.0,4.927253685157205,0.0,0.0,0.0,1.0,0.0,0.0,0.0,0.0
b4287,277.0,132.11,15.0,11.0,0.5047619047619047,2.1351556182905425,155.0,30.806,10.0,5.0,0.35555555555555557,3.752800756126985,0.22010808804005508,0.43718343923567443,0.6,5.545177444479562,0.0,0.0,1.0,4.0,0.0,1.0,1.0,0.0
b4288,244.0,122.962,14.0,11.0,0.5824175824175825,1.982145235699326,118.0,21.693,7.0,5.0,0.6666666666666666,2.684633417847742,-1.0457574905606752,0.5466921239721618,0.7012578616352201,5.765191102784844,8.0,0.0,0.0,5.0,0.0,1.0,1.0,0.0
b4289,237.0,121.7,12.0,11.0,0.6363636363636364,1.7670705264015973,103.0,19.738,7.0,5.0,0.6666666666666666,2.684633417847742,-0.9829666607012196,0.5605632170237108,0.677710843373494,5.808142489980444,8.0,0.0,0.0,5.0,0.0,1.0,1.0,0.0
b4290,331.0,140.067,18.0,13.0,0.46405228758169936,2.40312151866222,159.0,34.108,7.0,5.0,0.5238095238095238,2.6649051226286766,0.3961993470957363,0.5793040247047868,0.66,5.707110264748875,0.0,0.0,0.0,5.0,0.0,0.0,1.0,0.0
b4291,259.0,73.797,11.0,11.0,0.5636363636363636,1.7127732278168284,217.0,50.728,6.0,5.0,0.5333333333333333,2.4384093220076943,1.2579184503140586,0.6519742184595684,0.7144702842377261,6.652863029353347,0.0,0.0,0.0,5.0,0.0,1.0,0.0,0.0
b4292,201.0,58.419,11.0,11.0,0.6545454545454545,1.7081288957687872,181.0,47.107,4.0,4.0,0.5,1.7336667488446853,0.2966651902615311,0.602147112130298,0.6656151419558359,5.762051382780177,1.0,0.0,0.0,4.0,0.0,1.0,1.0,0.0
b4293,299.0,85.654,20.0,13.0,0.3263157894736842,2.629742642188443,256.0,55.485,7.0,5.0,0.5714285714285714,2.6915641724752355,0.17318626841227402,0.533038839308819,0.6416184971098265,5.159055299214529,0.0,0.0,0.0,4.0,0.0,0.0,1.0,0.0
b4294,177.0,48.702,6.0,6.0,0.9333333333333333,1.7950004278426672,126.0,30.305,6.0,6.0,0.9333333333333333,2.092617885929455,-1.1611509092627448,0.5443538621385,0.5494505494505495,4.5217885770490405,0.0,0.0,0.0,2.0,0.0,0.0,0.0,0.0
b4295,149.0,38.609,4.0,3.0,0.16666666666666666,1.275517234862797,126.0,29.067,1.0,1.0,0.0,0.9910660076373642,1.7612510743086627,0.5058186672223123,0.5304878048780488,5.796057750765372,0.0,0.0,0.0,2.0,0.0,0.0,0.0,0.0
b4296,68.0,19.758,2.0,2.0,0.0,0.8276940732912429,47.0,11.768,0.0,0.0,0.0,0.0,0.0,0.5191016436932502,0.5412026726057907,6.1092475827643655,12.0,0.0,0.0,2.0,0.0,1.0,0.0,0.0
b4297,251.0,76.038,12.0,8.0,0.36363636363636365,2.1832494968590135,223.0,51.969,8.0,5.0,0.32142857142857145,3.623915672014667,0.1846914308175988,0.5325807500017825,0.5740458015267176,6.486160788944089,0.0,0.0,1.0,4.0,0.0,0.0,2.0,0.0
b4298,255.0,71.399,7.0,6.0,0.38095238095238093,1.6231920728653806,241.0,55.115,3.0,2.0,0.3333333333333333,1.7964501823657055,0.07554696139253074,0.5571764991788563,0.5813953488372093,5.71042701737487,0.0,0.0,1.0,3.0,1.0,0.0,2.0,0.0
b4299,106.0,30.536,3.0,3.0,0.3333333333333333,1.156939424639661,67.0,17.072,2.0,2.0,1.0,1.3433281098699794,-0.3115801779972894,0.4766921965711841,0.4312977099236641,5.572154032177765,0.0,0.0,0.0,2.0,0.0,0.0,0.0,0.0
b4300,100.0,28.273,7.0,5.0,0.42857142857142855,2.020934405317304,93.0,26.07,6.0,5.0,0.6666666666666666,3.1921342081441977,-0.9625735020593764,0.5511736628483324,0.5423076923076923,5.564520407322694,0.0,0.0,0.0,2.0,0.0,0.0,0.0,0.0
b4301,239.0,62.164,4.0,4.0,1.0,1.2566923892738353,233.0,53.805,5.0,5.0,1.0,2.387627949167622,-0.09799710864927055,0.4967705317840332,0.6047619047619047,5.351858133476067,0.0,1.0,1.0,3.0,0.0,0.0,0.0,0.0
b4302,113.0,37.395,13.0,8.0,0.3717948717948718,2.979745899935618,97.0,30.441,9.0,5.0,0.4166666666666667,3.810843443492073,1.6981875698661224,0.5427643334334108,0.5874125874125874,4.969813299576001,0.0,0.0,0.0,2.0,1.0,0.0,3.0,0.0
b4303,133.0,32.927,7.0,5.0,0.6190476190476191,2.098502151696407,120.0,28.006,6.0,5.0,0.8666666666666667,2.7563037485072197,2.2764847821093834,0.5646734877440344,0.6156716417910447,5.594711379601839,0.0,0.0,0.0,1.0,0.0,0.0,0.0,0.0
b4304,199.0,65.3,15.0,8.0,0.4095238095238095,3.2452152461525454,171.0,53.846,13.0,5.0,0.34615384615384615,5.233603091692979,0.6674529528899539,0.5432922993422429,0.6109839816933639,6.082218910376446,12.0,0.0,0.0,3.0,0.0,1.0,3.0,0.0
b4305,114.0,29.327,6.0,5.0,0.6666666666666666,1.8265407358276242,108.0,25.846,6.0,5.0,0.8666666666666667,2.7563037485072197,2.120606831056773,0.5037712023605402,0.5254691689008043,5.924255797414532,0.0,1.0,1.0,2.0,0.0,0.0,0.0,0.0
b4306,143.0,35.9,3.0,3.0,0.3333333333333333,1.241042191449744,127.0,23.801,1.0,1.0,0.0,2.3754623539078814,-0.45222529461217736,0.5786517808451851,0.6814516129032258,5.517452896464707,1.0,0.0,0.0,1.0,0.0,1.0,0.0,0.0
b4307,145.0,41.014,8.0,6.0,0.4642857142857143,2.5649694854756064,115.0,21.595,2.0,1.0,0.0,4.225735974410449,0.0,0.48452444827119756,0.6022099447513812,5.204006687076795,0.0,0.0,1.0,2.0,0.0,0.0,0.0,0.0
b4308,0.0,0.0,0.0,0.0,0.0,0.0,0.0,0.0,0.0,0.0,0.0,0.0,0.0,0.0,0.0,5.82600010738045,0.0,0.0,0.0,2.0,0.0,0.0,0.0,0.0
b4309,113.0,34.564,6.0,6.0,0.6,1.4174642253588186,76.0,8.732,2.0,2.0,1.0,2.9922202274087373,-0.08354605145007493,0.5223335058579218,0.4570552147239264,5.7899601708972535,0.0,0.0,1.0,3.0,0.0,0.0,0.0,0.0
b4310,159.0,40.343,9.0,6.0,0.6944444444444444,2.156788750835346,142.0,30.805,2.0,2.0,1.0,2.9922202274087373,1.0759117614827776,0.5205084867948141,0.4076086956521739,5.910796644040527,0.0,0.0,1.0,5.0,0.0,0.0,0.0,0.0
b4311,112.0,38.857,13.0,7.0,0.3717948717948718,2.547325085039897,59.0,9.193,2.0,2.0,1.0,2.9922202274087373,0.012837224705172217,0.5486976001010506,0.41596638655462187,5.476463551931511,12.0,0.0,0.0,5.0,0.0,1.0,0.0,0.0
b4312,232.0,62.549,12.0,10.0,0.6212121212121212,2.1114412988544324,170.0,29.057,0.0,0.0,0.0,0.0,0.7435097647284298,0.4694946108682006,0.405,5.303304908059076,0.0,0.0,0.0,3.0,0.0,0.0,0.0,0.0
b4313,195.0,51.136,11.0,10.0,0.6,1.9739241770099256,160.0,27.67,0.0,0.0,0.0,0.0,0.08278537031645007,0.49278300930568164,0.37373737373737376,5.293304824724492,0.0,0.0,0.0,3.0,0.0,0.0,0.0,0.0
b4314,401.0,120.054,34.0,10.0,0.26024955436720143,6.032673251840001,330.0,77.11,17.0,9.0,0.4338235294117647,6.4482857136143945,1.7604978752265266,0.4983168985129456,0.43956043956043955,5.209486152841421,0.0,0.0,0.0,3.0,0.0,0.0,0.0,0.0
b4315,67.0,24.815,12.0,10.0,0.7575757575757576,2.156550722464678,10.0,4.611,2.0,2.0,1.0,1.1102017870210772,-0.7644715530924511,0.5019793655662685,0.4748603351955307,5.19295685089021,0.0,0.0,0.0,2.0,0.0,0.0,0.0,0.0
b4316,317.0,91.96,24.0,10.0,0.2971014492753623,4.091250299275637,265.0,63.608,13.0,9.0,0.19230769230769232,5.18724845653322,1.290257269394518,0.4967031743072364,0.4315352697095436,5.488937726156687,0.0,0.0,0.0,4.0,0.0,0.0,1.0,0.0
b4317,252.0,68.201,15.0,9.0,0.2571428571428571,3.1419957877426614,239.0,60.971,14.0,9.0,0.17582417582417584,5.41464590886968,0.19865708695442263,0.5251458990804054,0.4783599088838269,6.778784897685177,0.0,0.0,0.0,3.0,0.0,1.0,1.0,0.0
b4318,52.0,22.621,12.0,10.0,0.7424242424242424,2.138358801419816,13.0,5.184,4.0,4.0,1.0,1.9024905171074111,-0.6840296545430822,0.47630171902235835,0.48863636363636365,5.176149732573829,0.0,0.0,0.0,4.0,0.0,0.0,0.0,0.0
b4319,27.0,11.318,6.0,6.0,1.0,1.2702898071884514,9.0,5.38,5.0,4.0,0.8,2.2470773682069756,-0.3010299956639812,0.4864059288740963,0.5688622754491018,5.123963979403259,0.0,0.0,0.0,4.0,0.0,0.0,0.0,0.0
b4320,132.0,62.449,35.0,13.0,0.2235294117647059,4.799808788962007,22.0,5.662,4.0,4.0,1.0,1.9024905171074111,-0.12784372725170717,0.5412648494092698,0.51,5.707110264748875,0.0,0.0,0.0,5.0,0.0,0.0,0.0,0.0
b4321,103.0,28.343,1.0,1.0,0.0,0.5491149704969966,74.0,11.316,0.0,0.0,0.0,0.0,-1.3979400086720375,0.6038019431372028,0.6465324384787472,6.104793232414985,13.0,0.0,0.0,4.0,0.0,1.0,0.0,0.0
b4322,134.0,45.304,18.0,8.0,0.3790849673202614,3.6887160123357097,104.0,24.601,4.0,3.0,0.6666666666666666,2.51869514932236,2.3010517098452263,0.7144046331822014,0.6192893401015228,5.978885764901122,0.0,1.0,1.0,5.0,0.0,0.0,3.0,0.0
b4323,115.0,33.297,10.0,7.0,0.4666666666666667,2.286606185648908,96.0,19.851,3.0,3.0,0.3333333333333333,1.8962691134408665,1.7490402687034572,0.7160851229702311,0.6646090534979424,6.18826412308259,0.0,0.0,1.0,3.0,0.0,0.0,3.0,0.0
b4324,168.0,45.992,8.0,4.0,0.21428571428571427,2.3347861277756654,143.0,28.975,1.0,1.0,0.0,1.3055484973117615,0.4345689040341987,0.5999614648965287,0.622568093385214,5.552959584921617,0.0,0.0,0.0,2.0,0.0,0.0,0.0,0.0
b4325,45.0,16.392,2.0,2.0,1.0,1.0742303860435165,15.0,2.907,0.0,0.0,0.0,0.0,0.0,0.4493250644206515,0.3115942028985507,5.6240175061873385,0.0,0.0,0.0,1.0,0.0,0.0,0.0,0.0
b4326,49.0,15.246,4.0,4.0,1.0,1.0869465574056387,10.0,1.952,0.0,0.0,0.0,0.0,0.0,0.5362892915357942,0.5153846153846153,4.875197323201151,0.0,0.0,0.0,4.0,1.0,0.0,0.0,0.0
b4327,282.0,81.124,7.0,5.0,0.09523809523809523,2.0367346045145402,261.0,71.439,4.0,3.0,0.16666666666666666,2.4578518333817247,0.3692158574101428,0.5920059558384688,0.5841584158415841,5.717027701406222,0.0,0.0,0.0,4.0,0.0,0.0,0.0,0.0
b4328,179.0,43.409,2.0,2.0,1.0,1.2760337916152444,171.0,34.945,2.0,2.0,1.0,2.1830243506623357,1.6097011023793995,0.6298695121824099,0.6307692307692307,5.968707559985366,0.0,1.0,1.0,5.0,1.0,0.0,0.0,0.0
b4329,214.0,49.297,3.0,2.0,0.3333333333333333,1.6104446028002528,195.0,44.066,3.0,2.0,0.3333333333333333,2.8311422926348997,-0.11125903931710739,0.5598481046179653,0.6143790849673203,5.0369526024136295,4.0,0.0,0.0,2.0,0.0,1.0,0.0,0.0
b4330,23.0,9.92,6.0,3.0,0.26666666666666666,3.091942069612796,15.0,4.944,2.0,2.0,1.0,2.1830243506623357,0.0,0.5549977313220357,0.5594713656387665,5.429345628954441,4.0,0.0,0.0,2.0,0.0,1.0,0.0,0.0
b4331,118.0,30.669,1.0,1.0,0.0,0.8164674604818392,104.0,24.633,0.0,0.0,0.0,0.0,-0.15614457737683893,0.5135512478711681,0.5108695652173914,5.220355825078324,0.0,0.0,1.0,3.0,0.0,0.0,0.0,0.0
b4332,234.0,49.798,0.0,0.0,0.0,0.0,228.0,46.603,1.0,1.0,0.0,0.9757256352106535,0.0,0.47501666847248636,0.5969387755102041,5.973809611869261,12.0,0.0,0.0,2.0,0.0,1.0,0.0,0.0
b4333,208.0,50.994,3.0,3.0,1.0,0.8502077681003996,185.0,43.85,4.0,3.0,0.5,2.479717571035337,0.9921114877869497,0.6007836958192556,0.44405594405594406,5.659482215759621,1.0,0.0,0.0,2.0,0.0,1.0,0.0,0.0
b4334,115.0,27.145,4.0,3.0,0.3333333333333333,1.8741620916134707,110.0,25.252,1.0,1.0,0.0,1.2032698021338368,-0.51427857351842,0.5710058200138682,0.5843137254901961,5.545177444479562,0.0,1.0,0.0,2.0,0.0,0.0,0.0,0.0
b4335,145.0,41.51,11.0,4.0,0.2727272727272727,4.539960192044064,124.0,29.306,2.0,1.0,0.0,1.7721578691843616,0.3283796034387377,0.6500759464924014,0.6135770234986945,5.950642552587727,0.0,0.0,1.0,2.0,0.0,0.0,0.0,0.0
b4336,184.0,46.521,4.0,4.0,0.5,1.828209281733834,159.0,32.568,0.0,0.0,0.0,0.0,0.724275869600789,0.5969621070327013,0.5845070422535211,6.056784013228625,3.0,0.0,0.0,1.0,0.0,1.0,0.0,0.0
b4337,231.0,63.495,5.0,4.0,0.4,1.6450126859112484,176.0,32.827,0.0,0.0,0.0,0.0,-0.6556077263148893,0.5417418272647075,0.6414634146341464,6.018593214496234,12.0,0.0,0.0,5.0,0.0,1.0,0.0,0.0
b4338,0.0,0.0,0.0,0.0,0.0,0.0,0.0,0.0,0.0,0.0,0.0,0.0,0.0,0.0,0.0,4.6443908991413725,0.0,0.0,0.0,3.0,0.0,0.0,0.0,0.0
b4339,0.0,0.0,0.0,0.0,0.0,0.0,0.0,0.0,0.0,0.0,0.0,0.0,0.0,0.0,0.0,5.231108616854587,0.0,0.0,0.0,2.0,0.0,0.0,0.0,0.0
b4340,182.0,40.078,0.0,0.0,0.0,0.0,161.0,28.254,0.0,0.0,0.0,0.0,-0.393618634889395,0.6190356704595961,0.6340425531914894,6.154858094016418,0.0,0.0,0.0,2.0,0.0,0.0,0.0,0.0
b4341,39.0,12.781,4.0,3.0,0.5,1.8933731401588834,20.0,4.084,0.0,0.0,0.0,0.0,-0.6595558851598816,0.5029075778842851,0.6851851851851852,4.007333185232471,0.0,0.0,0.0,1.0,0.0,0.0,0.0,0.0
b4342,0.0,0.0,0.0,0.0,0.0,0.0,0.0,0.0,0.0,0.0,0.0,0.0,0.0,0.4339747331828043,0.3504950495049505,6.257667587882639,0.0,0.0,0.0,1.0,0.0,0.0,0.0,0.0
b4345,98.0,27.227,8.0,8.0,0.8214285714285714,1.4027578043044193,73.0,15.468,1.0,1.0,0.0,1.4371803972992403,0.48429983934678583,0.49559957673336985,0.35919540229885055,5.855071922202427,0.0,0.0,0.0,3.0,0.0,0.0,0.0,0.0
b4346,91.0,26.769,11.0,8.0,0.6545454545454545,1.7570674230590102,74.0,15.944,2.0,1.0,0.0,2.319421128481493,-0.04191415147891488,0.5487270498277146,0.4228187919463087,6.131226489483141,0.0,0.0,1.0,5.0,0.0,0.0,0.0,0.0
b4347,101.0,34.821,6.0,5.0,0.6666666666666666,1.7045651856542356,41.0,5.449,0.0,0.0,0.0,0.0,0.0,0.6315804471311064,0.5929203539823009,4.736198448394496,0.0,0.0,1.0,4.0,1.0,0.0,0.0,0.0
b4348,175.0,51.363,10.0,8.0,0.5555555555555556,1.8751656889755923,136.0,29.558,4.0,2.0,0.16666666666666666,3.020839243236805,0.421603926869831,0.4916386819034565,0.3168103448275862,6.142037405587356,0.0,0.0,0.0,4.0,0.0,0.0,0.0,0.0
b4349,196.0,52.217,6.0,5.0,0.4,1.166660564938687,160.0,30.598,3.0,2.0,0.6666666666666666,1.7253407348174175,1.5225746326911767,0.7078451888499356,0.6578449905482041,6.272877006546167,0.0,0.0,1.0,4.0,0.0,0.0,0.0,0.0
b4350,371.0,115.851,26.0,19.0,0.5015384615384615,2.4931121691707556,343.0,89.219,17.0,14.0,0.5441176470588235,3.273066556743925,1.1821292140529984,0.6778609696699582,0.6427350427350428,7.065613363597717,0.0,0.0,1.0,5.0,0.0,0.0,0.0,0.0
b4351,176.0,51.969,15.0,9.0,0.4857142857142857,2.2243319031678515,140.0,28.702,2.0,2.0,1.0,1.1017621490758764,0.9232440186302765,0.5217449896236698,0.4605263157894737,5.720311776607412,0.0,0.0,0.0,3.0,0.0,0.0,0.0,0.0
b4352,190.0,46.8,6.0,3.0,0.13333333333333333,1.9938985443543056,156.0,31.527,2.0,2.0,1.0,2.3821319136099706,1.6021685513789972,0.6674669585289965,0.6823899371069182,5.765191102784844,0.0,0.0,1.0,5.0,0.0,0.0,0.0,0.0
b4353,125.0,32.743,4.0,3.0,0.16666666666666666,1.4285727420869345,120.0,30.017,3.0,2.0,0.3333333333333333,3.378229314999373,-0.518557371497695,0.6801847777852295,0.6567164179104478,4.219507705176107,0.0,0.0,0.0,1.0,0.0,0.0,0.0,0.0
b4354,131.0,37.05,8.0,5.0,0.32142857142857145,2.523288590585825,95.0,19.651,3.0,2.0,0.3333333333333333,3.435383849329991,1.934548947666147,0.6606746780150606,0.6913407821229051,6.57507584059962,16.0,0.0,0.0,5.0,0.0,1.0,1.0,0.0
b4355,162.0,58.127,22.0,19.0,0.9177489177489178,1.9211902270076018,122.0,38.389,16.0,15.0,0.9083333333333333,2.0755681173690474,2.1238842934600077,0.6087113178740066,0.6152450090744102,6.313548046277095,2.0,0.0,0.0,5.0,0.0,1.0,2.0,0.0
b4356,136.0,32.546,2.0,2.0,1.0,0.9095644376010535,111.0,22.516,0.0,0.0,0.0,0.0,-1.3187587626244128,0.5459775225651766,0.5805739514348786,6.118097198041348,11.0,0.0,0.0,4.0,0.0,1.0,0.0,0.0
b4357,284.0,68.867,5.0,4.0,0.1,1.6379556295141104,277.0,62.314,2.0,1.0,0.0,2.1532557302624378,-0.37059040089728107,0.5584697566824021,0.5098684210526315,5.720311776607412,0.0,0.0,0.0,3.0,0.0,0.0,0.0,0.0
b4358,121.0,34.077,6.0,4.0,0.2,1.7966792202773463,101.0,18.571,1.0,1.0,0.0,1.362973370735417,0.02530586526477026,0.5825684685221175,0.4970588235294118,5.831882477283517,0.0,1.0,1.0,5.0,0.0,0.0,2.0,0.0
b4359,354.0,95.89,4.0,3.0,0.3333333333333333,1.3752563067299084,323.0,83.148,5.0,4.0,0.2,2.8039207926933356,0.5797835966168101,0.6268079809477428,0.6133682830930537,6.638567789166521,4.0,0.0,1.0,4.0,0.0,1.0,0.0,0.0
b4360,57.0,18.254,3.0,3.0,0.6666666666666666,0.932034611821559,14.0,3.39,1.0,1.0,0.0,2.3754623539078814,1.9212181211949504,0.6100996447590575,0.6097560975609756,5.10594547390058,0.0,0.0,0.0,2.0,0.0,0.0,0.0,0.0
b4361,285.0,85.501,19.0,13.0,0.5380116959064327,2.5230475761140845,231.0,50.006,2.0,1.0,0.0,4.225735974410449,0.885926339801431,0.652430116745634,0.6244897959183674,5.5053315359323625,0.0,0.0,1.0,5.0,0.0,0.0,0.0,0.0
b4362,83.0,36.972,15.0,11.0,0.5714285714285714,2.27636169267794,33.0,6.199,1.0,1.0,0.0,2.3754623539078814,0.8744818176994665,0.5417769536067831,0.5642458100558659,5.19295685089021,0.0,0.0,0.0,5.0,0.0,0.0,1.0,0.0
b4363,278.0,65.761,4.0,3.0,0.3333333333333333,1.480653962842346,229.0,50.467,2.0,2.0,1.0,2.944059113344015,0.0,0.49853778852312997,0.5987261146496815,5.062595033026967,4.0,0.0,0.0,4.0,0.0,1.0,0.0,0.0
b4364,206.0,46.085,2.0,2.0,1.0,0.9834468898123935,193.0,44.109,2.0,2.0,1.0,2.944059113344015,0.3443922736851107,0.532289050977453,0.546875,5.54907608489522,5.0,0.0,0.0,4.0,0.0,1.0,0.0,0.0
b4365,85.0,24.564,2.0,2.0,1.0,0.8868318034305346,52.0,5.642,1.0,1.0,0.0,1.5298655380462112,0.0,0.46757871433394066,0.4315352697095436,5.488937726156687,0.0,0.0,0.0,3.0,0.0,0.0,0.0,0.0
b4366,342.0,90.963,11.0,6.0,0.21818181818181817,2.9184951653384483,317.0,72.676,2.0,1.0,0.0,2.540991808733561,-1.0222763947111522,0.5094193705509273,0.4888888888888889,5.420534999272286,0.0,0.0,0.0,4.0,0.0,0.0,0.0,0.0
b4367,349.0,102.41,15.0,12.0,0.49523809523809526,2.6098582607390126,320.0,89.173,12.0,6.0,0.3484848484848485,4.772717127403211,1.127428777851599,0.5838265271857792,0.5763358778625954,5.572154032177765,0.0,1.0,0.0,5.0,1.0,1.0,0.0,0.0
b4368,0.0,0.0,0.0,0.0,0.0,0.0,0.0,0.0,0.0,0.0,0.0,0.0,0.0,0.0,0.0,0.0,0.0,0.0,0.0,0.0,0.0,0.0,1.0,1.0
b4369,0.0,0.0,0.0,0.0,0.0,0.0,0.0,0.0,0.0,0.0,0.0,0.0,0.0,0.0,0.0,0.0,0.0,0.0,0.0,0.0,0.0,0.0,1.0,1.0
b4370,0.0,0.0,0.0,0.0,0.0,0.0,0.0,0.0,0.0,0.0,0.0,0.0,0.0,0.0,0.0,0.0,0.0,0.0,0.0,0.0,0.0,0.0,1.0,1.0
b4371,310.0,83.422,7.0,6.0,0.23809523809523808,1.537694552375144,295.0,63.722,0.0,0.0,0.0,0.0,1.8293681079888202,0.6366720636479557,0.6151603498542274,5.840641657373398,0.0,1.0,1.0,5.0,1.0,0.0,0.0,0.0
b4372,155.0,55.768,21.0,13.0,0.40476190476190477,2.7030130507153602,116.0,23.165,3.0,2.0,0.3333333333333333,2.647141152383397,0.9929950984313415,0.5257184145411354,0.6058394160583942,4.927253685157205,0.0,0.0,1.0,5.0,0.0,0.0,3.0,1.0
b4373,226.0,61.21,10.0,7.0,0.2222222222222222,2.199875465264142,207.0,43.274,3.0,2.0,0.3333333333333333,2.5867352839492233,0.6117233080073418,0.5895180753226568,0.6013513513513513,5.003946305945459,0.0,0.0,2.0,5.0,1.0,0.0,0.0,0.0
b4374,213.0,79.758,50.0,15.0,0.28816326530612246,6.351901586639841,193.0,34.992,2.0,2.0,1.0,1.9358241891045482,0.6608654780038692,0.6494763418810462,0.6311111111111111,5.420534999272286,0.0,1.0,1.0,5.0,1.0,0.0,3.0,1.0
b4375,406.0,149.96,68.0,59.0,0.7857769973661106,4.251512664260767,373.0,75.573,2.0,2.0,0.0,1.4993181179690098,2.1430460433375877,0.6865222532824945,0.6389413988657845,6.272877006546167,0.0,0.0,0.0,5.0,1.0,0.0,0.0,0.0
b4376,396.0,114.434,24.0,12.0,0.39855072463768115,4.308843744405581,362.0,94.922,19.0,11.0,0.43859649122807015,6.503695221143371,2.9523128566717056,0.6436733387731749,0.5870646766169154,5.308267697401205,0.0,0.0,0.0,2.0,0.0,0.0,0.0,0.0
b4377,232.0,56.344,3.0,2.0,0.0,1.3973231931206702,199.0,44.617,2.0,1.0,0.0,1.755802923397514,0.9894498176666918,0.5700797813026425,0.5826330532212886,5.8805329864007,0.0,0.0,1.0,2.0,0.0,0.0,0.0,0.0
b4378,209.0,48.799,2.0,2.0,0.0,1.1201550114643335,197.0,46.251,1.0,1.0,0.0,1.1961658030053062,1.1495270137543478,0.6088396123919684,0.61003861003861,5.560681631015528,0.0,1.0,1.0,3.0,0.0,0.0,0.0,0.0
b4379,137.0,37.857,8.0,5.0,0.2857142857142857,1.7831164819479988,117.0,27.12,6.0,4.0,0.06666666666666667,4.001784550902162,0.3944516808262163,0.6008909766597229,0.6655052264808362,5.662960480135946,0.0,1.0,1.0,3.0,0.0,0.0,0.0,0.0
b4380,246.0,63.072,3.0,3.0,0.3333333333333333,1.2002636858637696,217.0,49.856,1.0,1.0,0.0,1.0141993929542983,0.8109042806687004,0.627051119685709,0.5775193798449613,6.248042874508429,0.0,0.0,0.0,2.0,0.0,0.0,0.0,0.0
b4381,287.0,88.919,35.0,18.0,0.4,4.188124607743324,236.0,40.653,3.0,3.0,1.0,2.47605149511617,2.7874675591993214,0.6799636162875359,0.6216216216216216,5.560681631015528,0.0,0.0,1.0,5.0,1.0,0.0,2.0,1.0
b4382,196.0,63.972,22.0,14.0,0.5108225108225108,3.0916737793113502,157.0,29.983,4.0,3.0,0.5,2.9226950767054993,2.2577025683766574,0.6725459591209546,0.6,6.089044875446846,0.0,0.0,1.0,4.0,0.0,0.0,3.0,1.0
b4383,131.0,40.623,17.0,13.0,0.4411764705882353,2.4099006133110703,97.0,18.116,3.0,3.0,1.0,2.47605149511617,2.8591443040922973,0.6814508071161104,0.5847665847665847,6.0112671744041615,0.0,1.0,1.0,5.0,1.0,0.0,3.0,1.0
b4384,157.0,68.761,44.0,14.0,0.28858350951374206,5.866320052753438,90.0,14.795,3.0,3.0,1.0,2.47605149511617,2.938024106610897,0.6199401275930796,0.5899581589958159,5.480638923341991,0.0,0.0,1.0,5.0,0.0,0.0,5.0,1.0
b4385,182.0,44.104,0.0,0.0,0.0,0.0,146.0,30.19,0.0,0.0,0.0,0.0,-0.08618614761628328,0.5471987610101285,0.5485327313769752,6.095824562432225,0.0,0.0,1.0,3.0,0.0,0.0,0.0,0.0
b4386,202.0,49.364,10.0,8.0,0.4888888888888889,1.6554701740712336,175.0,34.57,2.0,1.0,0.0,3.4710086622077143,1.4442009888641596,0.6096350561853601,0.6893491124260355,5.82600010738045,0.0,0.0,1.0,5.0,1.0,0.0,3.0,0.0
b4387,42.0,13.374,2.0,2.0,0.0,0.6420172970770074,5.0,2.555,1.0,1.0,0.0,2.0274492583857358,0.4828735836087537,0.62459387104849,0.616822429906542,5.3706380281276624,1.0,0.0,0.0,2.0,0.0,1.0,0.0,0.0
b4388,315.0,87.139,17.0,13.0,0.4632352941176471,2.5426267627341987,279.0,52.673,2.0,2.0,0.0,1.2887792392985364,1.420120848085703,0.6649585815105056,0.639751552795031,5.777652323222656,0.0,1.0,1.0,5.0,0.0,0.0,7.0,0.0
b4389,381.0,112.171,17.0,14.0,0.6323529411764706,2.2491791846142215,322.0,60.793,5.0,3.0,0.1,3.124911912362754,1.0572856444182146,0.5997880329774291,0.6434782608695652,6.133398042996649,0.0,0.0,1.0,5.0,0.0,0.0,0.0,0.0
b4390,609.0,177.185,36.0,12.0,0.17777777777777778,6.4455517154044815,559.0,130.12,15.0,3.0,0.009523809523809525,9.50911842711403,1.4787107555127594,0.6558392244776505,0.6317073170731707,6.018593214496234,0.0,0.0,2.0,5.0,1.0,1.0,2.0,1.0
b4391,255.0,83.481,4.0,4.0,1.0,0.5852209717585793,237.0,43.473,0.0,0.0,0.0,0.0,2.7979665591993648,0.698130118332711,0.6108108108108108,6.320768294250582,0.0,0.0,1.0,5.0,1.0,0.0,0.0,0.0
b4392,367.0,112.238,18.0,9.0,0.35294117647058826,3.030594645795723,340.0,88.748,3.0,3.0,0.3333333333333333,1.407032307407619,1.8954777962757146,0.5878177492070034,0.6,6.470799503782602,0.0,0.0,1.0,5.0,0.0,0.0,0.0,0.0
b4393,480.0,149.076,27.0,13.0,0.150997150997151,3.906399136624734,429.0,121.112,11.0,7.0,0.2,3.8310406668653014,2.45486009814405,0.5833181279159564,0.6203703703703703,4.6913478822291435,0.0,0.0,0.0,4.0,1.0,0.0,0.0,0.0
b4394,210.0,50.547,4.0,4.0,0.16666666666666666,0.8832700461213442,179.0,35.457,0.0,0.0,0.0,0.0,1.4655315569735499,0.5841363679777052,0.5647058823529412,5.14166355650266,0.0,1.0,1.0,5.0,0.0,0.0,3.0,1.0
b4395,248.0,68.958,19.0,15.0,0.5555555555555556,2.5409323905286993,215.0,40.035,0.0,0.0,0.0,0.0,1.9484618700612835,0.591551262921395,0.586046511627907,5.375278407684165,0.0,0.0,1.0,3.0,0.0,0.0,8.0,1.0
b4396,286.0,78.803,16.0,11.0,0.26666666666666666,2.3723257230059125,242.0,51.422,4.0,3.0,0.3333333333333333,2.889606435156957,2.2304744673611583,0.6335918340391715,0.5674740484429066,5.66988092298052,0.0,0.0,0.0,3.0,0.0,0.0,0.0,0.0
b4397,158.0,36.399,3.0,3.0,1.0,1.0566485881840542,131.0,27.242,2.0,2.0,1.0,1.6884545830523,1.9557358422776658,0.5680261517237093,0.535031847133758,5.062595033026967,0.0,0.0,0.0,2.0,0.0,0.0,0.0,0.0
b4398,178.0,51.737,10.0,7.0,0.08888888888888889,2.240479118383422,146.0,38.002,7.0,4.0,0.047619047619047616,3.9527356742734883,0.9283958522567138,0.5424477814262985,0.6419213973799127,5.438079308923196,0.0,0.0,0.0,4.0,1.0,0.0,1.0,0.0
b4399,287.0,74.054,7.0,5.0,0.19047619047619047,1.687498260561957,244.0,51.083,3.0,2.0,0.3333333333333333,2.67336961681605,0.11394335230683679,0.531618534275237,0.569620253164557,6.163314804034641,3.0,0.0,1.0,4.0,0.0,1.0,1.0,0.0
b4400,236.0,61.479,4.0,3.0,0.5,1.3399774541314047,219.0,55.075,1.0,1.0,0.0,1.2091502942177668,0.3159703454569177,0.5586173436065686,0.5555555555555556,6.111467339502679,6.0,0.0,0.0,2.0,0.0,1.0,0.0,0.0
b4401,286.0,77.61,5.0,5.0,0.2,1.0608279917929941,259.0,64.638,3.0,3.0,0.0,1.5062362732235757,3.1360892720397597,0.6886980905554395,0.5882352941176471,5.476463551931511,0.0,0.0,0.0,5.0,1.0,0.0,2.0,0.0
b4402,63.0,21.029,0.0,0.0,0.0,0.0,9.0,1.395,0.0,0.0,0.0,0.0,0.0,0.46397132797681695,0.4782608695652174,3.8501476017100584,0.0,0.0,0.0,1.0,0.0,0.0,0.0,0.0
b4403,227.0,56.426,5.0,3.0,0.1,1.7121328000700349,195.0,39.106,0.0,0.0,0.0,0.0,1.2482185611900747,0.4903873791373998,0.49122807017543857,5.43372200355424,0.0,0.0,1.0,3.0,0.0,0.0,0.0,0.0
b4406,28.0,11.789,4.0,3.0,0.16666666666666666,1.3683475332178152,7.0,2.853,1.0,1.0,0.0,2.9922202274087373,2.1399105558756824,0.4675343447970367,0.5454545454545454,4.204692619390966,0.0,0.0,0.0,1.0,0.0,0.0,0.0,0.0
b4407,281.0,76.803,12.0,8.0,0.36363636363636365,2.6128070563848693,258.0,59.527,7.0,6.0,0.9523809523809523,3.2574693314243546,1.8639767839043868,0.614979498886699,0.6060606060606061,4.204692619390966,0.0,0.0,0.0,5.0,0.0,0.0,1.0,0.0
b4408,0.0,0.0,0.0,0.0,0.0,0.0,0.0,0.0,0.0,0.0,0.0,0.0,0.0,0.0,0.0,0.0,0.0,0.0,0.0,0.0,0.0,0.0,1.0,0.0
b4409,71.0,24.148,2.0,2.0,0.0,0.8853189315816434,11.0,3.413,0.0,0.0,0.0,0.0,0.0,0.45858060729168726,0.3902439024390244,3.7376696182833684,1.0,0.0,0.0,5.0,0.0,1.0,0.0,0.0
b4410,52.0,14.928,1.0,1.0,0.0,2.4962556165751373,10.0,2.719,0.0,0.0,0.0,0.0,0.08990511143939793,0.490799587580464,0.6585365853658537,3.7376696182833684,0.0,0.0,0.0,3.0,0.0,1.0,0.0,0.0
b4411,70.0,23.171,1.0,1.0,0.0,2.4962556165751373,29.0,4.327,0.0,0.0,0.0,0.0,2.924801159791966,0.5619993148871676,0.4583333333333333,3.8918202981106265,0.0,0.0,0.0,3.0,0.0,1.0,0.0,0.0
b4412,49.0,15.631,3.0,3.0,1.0,1.2322252929270372,5.0,0.415,0.0,0.0,0.0,0.0,0.0,0.5170758802427692,0.68,3.9318256327243257,1.0,0.0,0.0,4.0,0.0,1.0,0.0,0.0
b4415,66.0,21.426,6.0,4.0,0.4,1.8116908406987475,4.0,0.832,0.0,0.0,0.0,0.0,0.05690485133647256,0.4675505309072426,0.56,3.9318256327243257,1.0,0.0,0.0,2.0,0.0,1.0,0.0,0.0
b4419,58.0,21.071,5.0,4.0,0.3,1.9724772061930904,4.0,1.141,1.0,1.0,0.0,2.9922202274087373,0.0,0.6040493837563955,0.7142857142857143,3.58351893845611,1.0,0.0,0.0,2.0,0.0,1.0,0.0,0.0
b4421,50.0,15.397,3.0,3.0,0.3333333333333333,1.3414866190646964,3.0,1.089,1.0,1.0,0.0,2.9922202274087373,0.0,0.628784369153449,0.7428571428571429,3.58351893845611,1.0,0.0,0.0,2.0,0.0,1.0,0.0,0.0
b4423,49.0,18.414,7.0,5.0,0.6666666666666666,2.5146061320805306,0.0,0.0,0.0,0.0,0.0,0.0,0.0,0.6040493837563955,0.7142857142857143,3.58351893845611,1.0,0.0,0.0,2.0,0.0,1.0,0.0,0.0
b4426,0.0,0.0,0.0,0.0,0.0,0.0,0.0,0.0,0.0,0.0,0.0,0.0,0.0,0.0,0.0,0.0,0.0,0.0,0.0,0.0,0.0,0.0,1.0,0.0
b4428,40.0,16.692,9.0,4.0,0.19444444444444445,2.913147123616149,5.0,1.43,1.0,1.0,0.0,2.9922202274087373,0.0,0.48968827292715517,0.7142857142857143,3.912023005428146,1.0,0.0,0.0,3.0,0.0,1.0,0.0,0.0
b4431,0.0,0.0,0.0,0.0,0.0,0.0,0.0,0.0,0.0,0.0,0.0,0.0,0.0,0.0,0.0,0.0,0.0,0.0,0.0,0.0,0.0,0.0,1.0,0.0
b4441,0.0,0.0,0.0,0.0,0.0,0.0,0.0,0.0,0.0,0.0,0.0,0.0,0.0,0.0,0.0,0.0,0.0,0.0,0.0,0.0,0.0,0.0,1.0,0.0
b4443,0.0,0.0,0.0,0.0,0.0,0.0,0.0,0.0,0.0,0.0,0.0,0.0,0.0,0.0,0.0,0.0,0.0,0.0,0.0,0.0,0.0,0.0,1.0,0.0
b4444,0.0,0.0,0.0,0.0,0.0,0.0,0.0,0.0,0.0,0.0,0.0,0.0,0.0,0.0,0.0,0.0,0.0,0.0,0.0,0.0,0.0,0.0,1.0,0.0
b4445,0.0,0.0,0.0,0.0,0.0,0.0,0.0,0.0,0.0,0.0,0.0,0.0,0.0,0.0,0.0,0.0,0.0,0.0,0.0,0.0,0.0,0.0,1.0,0.0
b4450,0.0,0.0,0.0,0.0,0.0,0.0,0.0,0.0,0.0,0.0,0.0,0.0,0.0,0.0,0.0,0.0,0.0,0.0,0.0,0.0,0.0,0.0,1.0,0.0
b4453,48.0,17.935,8.0,5.0,0.35714285714285715,2.653572138523203,2.0,0.106,0.0,0.0,0.0,0.0,0.0,0.4944604560035985,0.7142857142857143,3.58351893845611,1.0,0.0,0.0,2.0,0.0,1.0,0.0,0.0
b4455,56.0,18.713,4.0,3.0,0.8333333333333334,1.5126205501752379,3.0,1.159,0.0,0.0,0.0,0.0,0.22010808804005508,0.46914846483937955,0.44,3.9318256327243257,1.0,0.0,0.0,2.0,0.0,1.0,0.0,0.0
b4457,0.0,0.0,0.0,0.0,0.0,0.0,0.0,0.0,0.0,0.0,0.0,0.0,0.0,0.0,0.0,0.0,0.0,0.0,0.0,0.0,0.0,0.0,1.0,0.0
b4458,0.0,0.0,0.0,0.0,0.0,0.0,0.0,0.0,0.0,0.0,0.0,0.0,0.0,0.0,0.0,0.0,0.0,0.0,0.0,0.0,0.0,0.0,1.0,0.0
b4460,257.0,131.098,20.0,15.0,0.3736842105263158,2.7799891561965704,84.0,23.348,15.0,10.0,0.12380952380952381,4.629993412259833,-0.6420651529995461,0.5704986263920987,0.5792682926829268,5.796057750765372,10.0,0.0,0.0,3.0,0.0,1.0,1.0,0.0
b4461,203.0,46.287,1.0,1.0,0.0,0.9399389487385919,155.0,31.585,1.0,1.0,0.0,1.4544905186961146,0.7686381012476144,0.6122106552321355,0.616822429906542,6.061456918928017,4.0,0.0,0.0,3.0,0.0,1.0,0.0,0.0
b4462,0.0,0.0,0.0,0.0,0.0,0.0,0.0,0.0,0.0,0.0,0.0,0.0,0.0,0.0,0.0,6.621405651764134,0.0,0.0,0.0,2.0,0.0,0.0,0.0,0.0
b4463,189.0,45.159,5.0,3.0,0.3,1.6418093402692253,182.0,40.33,4.0,3.0,0.3333333333333333,2.318640207648242,-0.024108863598207207,0.6689347553936714,0.5867768595041323,6.184148890937483,0.0,0.0,1.0,2.0,0.0,0.0,0.0,0.0
b4464,66.0,22.318,7.0,7.0,0.2857142857142857,1.5432152910582593,53.0,13.219,1.0,1.0,0.0,1.0272277277681372,1.0216027160282422,0.5325585897740808,0.5736263736263736,6.1224928095143865,12.0,0.0,0.0,4.0,0.0,1.0,0.0,0.0
b4465,193.0,57.883,10.0,7.0,0.3111111111111111,2.1330843688116055,176.0,39.536,4.0,3.0,0.8333333333333334,2.779194005399575,0.0,0.6139221380081141,0.5458823529411765,6.054439346269371,0.0,0.0,0.0,1.0,0.0,0.0,2.0,0.0
b4466,165.0,41.024,4.0,3.0,0.3333333333333333,1.4867975092315764,119.0,25.69,2.0,2.0,1.0,1.4549733422883215,-0.025488307262671598,0.6259065656303426,0.5888157894736842,7.327123292259293,0.0,0.0,0.0,3.0,0.0,1.0,0.0,0.0
b4467,151.0,46.026,20.0,10.0,0.3736842105263158,3.6279528004193495,134.0,26.792,4.0,4.0,1.0,2.849180436608722,1.09725730969342,0.6030220007812508,0.5724815724815725,6.0112671744041615,0.0,1.0,1.0,5.0,0.0,1.0,4.0,0.0
b4468,138.0,41.94,15.0,10.0,0.6,2.347081244003746,111.0,21.11,4.0,4.0,1.0,2.849180436608722,0.27184160653649897,0.565617741317491,0.6114285714285714,5.860786223465865,0.0,1.0,1.0,5.0,0.0,1.0,4.0,0.0
b4469,176.0,43.804,1.0,1.0,0.0,0.7232837636954204,154.0,29.694,0.0,0.0,0.0,0.0,0.33445375115093084,0.6628678998599375,0.6075778078484438,6.606650186198215,0.0,1.0,0.0,2.0,0.0,0.0,0.0,0.0
b4470,191.0,44.272,1.0,1.0,0.0,0.9428459941155455,140.0,27.691,1.0,1.0,0.0,2.9922202274087373,-0.25181197299379954,0.5648284952270901,0.6284403669724771,6.07993319509559,0.0,0.0,0.0,3.0,0.0,0.0,0.0,0.0
b4471,107.0,40.048,23.0,13.0,0.5177865612648221,3.201038205819629,80.0,15.503,0.0,0.0,0.0,0.0,1.509336958017644,0.5892842905314176,0.566079295154185,6.12029741895095,0.0,1.0,1.0,3.0,0.0,0.0,6.0,0.0
b4472,380.0,99.423,9.0,6.0,0.19444444444444445,1.8327003129455204,350.0,86.617,4.0,4.0,0.16666666666666666,2.1139248084645157,0.5037906830571811,0.5909532585581634,0.566350710900474,7.144407180321139,1.0,0.0,0.0,4.0,0.0,1.0,0.0,0.0
b4473,363.0,101.332,10.0,5.0,0.26666666666666666,2.083720744956292,343.0,92.39,9.0,5.0,0.3333333333333333,4.55458745835197,-0.6020599913279624,0.44387559326240844,0.42245989304812837,5.926926025970411,0.0,0.0,0.0,2.0,0.0,0.0,0.0,0.0
b4474,197.0,50.539,5.0,4.0,0.7,1.905024063648946,188.0,49.85,5.0,3.0,0.5,3.2865892282830136,-0.8326826652518239,0.646116283336107,0.6521739130434783,5.6240175061873385,0.0,1.0,1.0,5.0,0.0,0.0,0.0,0.0
b4475,180.0,53.288,16.0,13.0,0.6666666666666666,1.879156924693318,164.0,37.475,2.0,2.0,1.0,2.9922202274087373,-0.3595185630295782,0.5642610112745281,0.6420118343195266,5.82600010738045,0.0,0.0,1.0,5.0,1.0,0.0,0.0,0.0
b4476,54.0,15.114,3.0,3.0,1.0,0.9444468712495704,33.0,6.74,1.0,1.0,0.0,1.2924003567467843,-1.6382721639824072,0.5861620802384343,0.6165919282511211,6.102558594613569,13.0,0.0,0.0,3.0,0.0,1.0,0.0,0.0
b4477,129.0,39.047,9.0,5.0,0.4444444444444444,2.5153232909487033,110.0,28.084,3.0,3.0,1.0,3.080640850380766,-0.48678239993206096,0.5589476341423367,0.6439024390243903,5.327876168789581,0.0,0.0,1.0,5.0,0.0,0.0,2.0,0.0
b4478,79.0,23.431,6.0,4.0,0.6666666666666666,2.3971866157822874,68.0,16.075,3.0,3.0,1.0,3.080640850380766,-0.43062609038495414,0.6589647879845615,0.5785340314136126,5.948034989180646,0.0,1.0,1.0,5.0,0.0,0.0,3.0,0.0
b4479,184.0,48.115,7.0,4.0,0.47619047619047616,2.635588378328823,160.0,38.534,4.0,3.0,0.5,4.072331588390477,1.0216027160282422,0.6139614397669706,0.6462882096069869,5.438079308923196,0.0,0.0,0.0,5.0,0.0,0.0,0.0,0.0
b4480,196.0,54.207,6.0,4.0,0.06666666666666667,1.7131994312005199,146.0,36.754,5.0,3.0,0.1,2.878689887965483,1.6181527333785195,0.5260243139912569,0.4731182795698925,5.634789603169249,0.0,0.0,0.0,3.0,0.0,0.0,0.0,0.0
b4481,589.0,167.545,19.0,11.0,0.3508771929824561,3.2024205156785657,516.0,130.415,17.0,9.0,0.3088235294117647,5.829050180868653,0.49415459401844275,0.5714057862313926,0.596100278551532,5.886104031450156,0.0,0.0,1.0,3.0,0.0,1.0,1.0,0.0
b4482,180.0,42.977,2.0,2.0,0.0,1.2763777211231497,155.0,32.376,0.0,0.0,0.0,0.0,-0.9546770212133425,0.5803791803554851,0.5196850393700787,5.541263545158426,0.0,0.0,0.0,1.0,0.0,0.0,0.0,0.0
b4483,238.0,57.473,4.0,4.0,1.0,1.0099245036350435,215.0,47.561,0.0,0.0,0.0,0.0,1.0174507295105362,0.575895483498292,0.5423076923076923,5.564520407322694,0.0,1.0,2.0,5.0,1.0,0.0,0.0,0.0
b4484,115.0,36.232,4.0,4.0,0.8333333333333334,0.9276201301773825,15.0,3.462,0.0,0.0,0.0,0.0,0.9965116721541787,0.5128974118398014,0.5060240963855421,5.117993812416755,0.0,0.0,0.0,5.0,0.0,0.0,0.0,0.0
b4485,267.0,133.519,20.0,15.0,0.42105263157894735,2.8875461919191117,154.0,28.628,12.0,10.0,0.16666666666666666,3.584869628631037,0.3996737214810381,0.5689545308231965,0.626,6.2166061010848646,0.0,0.0,1.0,3.0,0.0,1.0,1.0,0.0
b4486,0.0,0.0,0.0,0.0,0.0,0.0,0.0,0.0,0.0,0.0,0.0,0.0,0.0,0.0,0.0,6.810142450115136,0.0,0.0,0.0,2.0,0.0,0.0,0.0,0.0
b4487,8.0,2.021,0.0,0.0,0.0,0.0,8.0,2.021,0.0,0.0,0.0,0.0,1.9112108931375533,0.551606417503135,0.6055045871559633,4.700480365792417,0.0,0.0,0.0,1.0,0.0,0.0,0.0,0.0
b4488,0.0,0.0,0.0,0.0,0.0,0.0,0.0,0.0,0.0,0.0,0.0,0.0,0.0,0.0,0.0,5.793013608384144,0.0,1.0,0.0,3.0,0.0,0.0,0.0,0.0
b4490,0.0,0.0,0.0,0.0,0.0,0.0,0.0,0.0,0.0,0.0,0.0,0.0,0.0,0.0,0.0,5.6240175061873385,7.0,0.0,0.0,3.0,0.0,1.0,0.0,0.0
b4492,0.0,0.0,0.0,0.0,0.0,0.0,0.0,0.0,0.0,0.0,0.0,0.0,0.0,0.0,0.0,6.748759547491679,0.0,0.0,0.0,2.0,0.0,0.0,0.0,0.0
b4494,0.0,0.0,0.0,0.0,0.0,0.0,0.0,0.0,0.0,0.0,0.0,0.0,0.0,0.0,0.0,5.062595033026967,0.0,0.0,0.0,1.0,0.0,0.0,0.0,0.0
b4496,0.0,0.0,0.0,0.0,0.0,0.0,0.0,0.0,0.0,0.0,0.0,0.0,0.0,0.0,0.0,5.087596335232384,0.0,0.0,0.0,2.0,0.0,1.0,0.0,0.0
b4497,0.0,0.0,0.0,0.0,0.0,0.0,0.0,0.0,0.0,0.0,0.0,0.0,0.0,0.0,0.0,5.459585514144159,0.0,0.0,0.0,1.0,0.0,0.0,0.0,0.0
b4498,0.0,0.0,0.0,0.0,0.0,0.0,0.0,0.0,0.0,0.0,0.0,0.0,0.0,0.0,0.0,4.727387818712341,0.0,0.0,0.0,2.0,0.0,0.0,0.0,0.0
b4500,0.0,0.0,0.0,0.0,0.0,0.0,0.0,0.0,0.0,0.0,0.0,0.0,0.0,0.0,0.0,7.221105098182496,0.0,0.0,0.0,2.0,0.0,0.0,0.0,0.0
b4501,34.0,12.014,2.0,2.0,0.0,0.8678022700164314,15.0,3.334,0.0,0.0,0.0,0.0,0.0,0.5048145669946048,0.4696969696969697,4.204692619390966,0.0,0.0,0.0,4.0,0.0,0.0,0.0,0.0
b4502,184.0,45.214,5.0,3.0,0.3,2.5864752167055096,158.0,29.829,0.0,0.0,0.0,0.0,0.0,0.5460626460870296,0.5595238095238095,4.442651256490317,0.0,0.0,0.0,1.0,0.0,0.0,0.0,0.0
b4503,0.0,0.0,0.0,0.0,0.0,0.0,0.0,0.0,0.0,0.0,0.0,0.0,0.0,0.0,0.0,4.143134726391533,0.0,0.0,0.0,1.0,0.0,0.0,0.0,0.0
b4504,29.0,11.506,6.0,5.0,0.8,2.2155659589310672,12.0,5.73,5.0,4.0,0.9,3.1820251894723666,0.0,0.6147228796814751,0.7123287671232876,4.30406509320417,0.0,0.0,0.0,1.0,0.0,0.0,0.0,0.0
b4505,0.0,0.0,0.0,0.0,0.0,0.0,0.0,0.0,0.0,0.0,0.0,0.0,0.0,0.0,0.0,4.727387818712341,0.0,0.0,0.0,2.0,0.0,0.0,0.0,0.0
b4506,374.0,150.411,62.0,57.0,0.9227921734531994,3.8479261445058097,293.0,91.832,46.0,42.0,0.9120772946859903,4.2480090860545126,2.164382600963169,0.5801730670333468,0.32608695652173914,3.8501476017100584,0.0,0.0,0.0,2.0,0.0,0.0,1.0,1.0
b4508,0.0,0.0,0.0,0.0,0.0,0.0,0.0,0.0,0.0,0.0,0.0,0.0,0.0,0.0,0.0,4.3694478524670215,0.0,0.0,0.0,2.0,0.0,0.0,0.0,0.0
b4509,70.0,31.275,8.0,5.0,0.5714285714285714,3.2403028379587795,8.0,5.415,5.0,5.0,1.0,2.9922202274087377,-0.4814860601221125,0.47560264767563953,0.4782608695652174,3.8501476017100584,0.0,0.0,0.0,1.0,0.0,0.0,0.0,0.0
b4510,35.0,16.752,8.0,4.0,0.25,3.035078313494631,0.0,0.0,0.0,0.0,0.0,0.0,0.0,0.45826196802120706,0.7,4.110873864173311,0.0,0.0,0.0,2.0,0.0,1.0,0.0,0.0
b4511,161.0,45.565,12.0,12.0,0.8181818181818182,1.8422204181511512,146.0,39.527,9.0,9.0,1.0,2.704041898790494,1.9047696259065952,0.6074203440360262,0.6388888888888888,4.290459441148391,0.0,0.0,0.0,3.0,0.0,0.0,0.0,0.0
b4512,151.0,39.97,4.0,3.0,0.0,1.6177820321891125,134.0,30.635,2.0,2.0,0.0,2.364855006770323,0.38201704257486835,0.6279858321471644,0.5846153846153846,4.189654742026425,0.0,0.0,0.0,1.0,0.0,0.0,0.0,0.0
b4513,236.0,130.447,34.0,32.0,0.8966131907308378,3.7000648008255164,8.0,4.514,5.0,5.0,1.0,2.76304773277559,0.0,0.5687399210578294,0.5862068965517241,3.4011973816621555,1.0,0.0,0.0,5.0,0.0,1.0,1.0,0.0
b4514,0.0,0.0,0.0,0.0,0.0,0.0,0.0,0.0,0.0,0.0,0.0,0.0,0.0,0.503604174676444,0.3333333333333333,4.442651256490317,0.0,0.0,0.0,1.0,0.0,0.0,0.0,0.0
b4515,85.0,38.847,13.0,9.0,0.5256410256410257,2.365392471858455,9.0,1.724,0.0,0.0,0.0,0.0,0.0,0.49907208280103593,0.5405405405405406,3.6375861597263857,1.0,0.0,1.0,5.0,0.0,1.0,3.0,1.0
b4516,172.0,47.821,6.0,6.0,0.9333333333333333,1.7950004278426672,120.0,29.593,6.0,6.0,0.9333333333333333,2.092617885929455,-1.2518119729937995,0.5377575226370416,0.5494505494505495,4.5217885770490405,0.0,0.0,0.0,2.0,0.0,0.0,0.0,0.0
b4517,48.0,16.346,1.0,1.0,0.0,0.8088691679918386,3.0,1.511,1.0,1.0,0.0,2.9922202274087373,2.3927145356762956,0.6043607580061209,0.45614035087719296,4.060443010546419,0.0,0.0,0.0,3.0,0.0,0.0,0.0,0.0
b4518,56.0,16.245,0.0,0.0,0.0,0.0,23.0,4.104,0.0,0.0,0.0,0.0,2.489972534035017,0.5857525001939698,0.42105263157894735,4.060443010546419,0.0,0.0,0.0,2.0,0.0,0.0,0.0,0.0
b4520,43.0,18.016,5.0,4.0,0.6,1.140668328484982,8.0,1.834,0.0,0.0,0.0,0.0,0.0,0.4886327113240272,0.4861111111111111,4.290459441148391,2.0,0.0,0.0,4.0,0.0,1.0,0.0,0.0
b4521,0.0,0.0,0.0,0.0,0.0,0.0,0.0,0.0,0.0,0.0,0.0,0.0,0.0,0.0,0.0,4.997212273764115,0.0,0.0,0.0,2.0,0.0,0.0,0.0,0.0
b4522,64.0,22.623,1.0,1.0,0.0,2.4962556165751373,5.0,2.005,1.0,1.0,0.0,2.9922202274087373,-1.3279021420642825,0.4548817740664687,0.43478260869565216,3.8501476017100584,1.0,0.0,0.0,2.0,0.0,1.0,0.0,0.0
b4523,33.0,12.791,1.0,1.0,0.0,2.4962556165751373,5.0,2.005,1.0,1.0,0.0,2.9922202274087373,0.0,0.48119431953093317,0.43636363636363634,4.02535169073515,0.0,0.0,0.0,1.0,0.0,0.0,0.0,0.0
b4524,0.0,0.0,0.0,0.0,0.0,0.0,0.0,0.0,0.0,0.0,0.0,0.0,0.0,0.0,0.0,5.8888779583328805,0.0,0.0,1.0,4.0,0.0,1.0,0.0,0.0
b4525,0.0,0.0,0.0,0.0,0.0,0.0,0.0,0.0,0.0,0.0,0.0,0.0,0.0,0.5692668975985808,0.31666666666666665,4.110873864173311,0.0,0.0,0.0,1.0,0.0,0.0,0.0,0.0
b4526,28.0,12.004,6.0,5.0,0.3333333333333333,1.929909647728293,9.0,3.55,1.0,1.0,0.0,1.3057295693141642,0.49415459401844275,0.48071213647335764,0.35714285714285715,4.04305126783455,0.0,0.0,0.0,1.0,0.0,0.0,0.0,0.0
b4527,33.0,16.57,10.0,5.0,0.2222222222222222,3.4324671565168967,6.0,2.308,1.0,1.0,0.0,2.9922202274087373,0.0,0.6201622915153949,0.6470588235294118,3.9512437185814275,0.0,0.0,0.0,1.0,0.0,0.0,0.0,0.0
b4528,40.0,16.714,6.0,4.0,0.3333333333333333,2.244074035414255,2.0,0.75,0.0,0.0,0.0,0.0,0.0,0.4824018642816942,0.7377049180327869,4.127134385045092,0.0,0.0,0.0,2.0,0.0,1.0,0.0,0.0
b4529,26.0,8.889,1.0,1.0,0.0,0.9580940376257027,6.0,1.384,0.0,0.0,0.0,0.0,0.0,0.43845642410881375,0.4772727272727273,4.48863636973214,0.0,0.0,0.0,1.0,0.0,0.0,0.0,0.0
b4532,66.0,34.06,23.0,21.0,0.9090909090909091,3.017029764947941,16.0,3.556,0.0,0.0,0.0,0.0,-1.0969100130080565,0.5433176194968228,0.5344827586206896,4.07753744390572,0.0,0.0,1.0,4.0,0.0,0.0,0.0,0.0
b4533,52.0,17.151,6.0,3.0,0.2,2.9358686660596915,26.0,4.383,0.0,0.0,0.0,0.0,0.0,0.4632566458350802,0.4675324675324675,4.356708826689592,0.0,0.0,0.0,1.0,0.0,0.0,0.0,0.0
b4534,0.0,0.0,0.0,0.0,0.0,0.0,0.0,0.0,0.0,0.0,0.0,0.0,0.0,0.49051595022884326,0.4166666666666667,3.6109179126442243,0.0,0.0,0.0,1.0,0.0,0.0,0.0,0.0
b4535,48.0,21.002,8.0,5.0,0.5357142857142857,3.242260478528552,0.0,0.0,0.0,0.0,0.0,0.0,0.0,0.4911450499835185,0.5714285714285714,3.58351893845611,1.0,0.0,0.0,2.0,0.0,1.0,0.0,0.0
b4536,25.0,8.954,2.0,2.0,0.0,1.1653568461040187,2.0,0.946,0.0,0.0,0.0,0.0,1.2720737875000099,0.45771951943024836,0.45569620253164556,4.382026634673881,0.0,0.0,0.0,1.0,0.0,0.0,0.0,0.0
b4537,19.0,6.065,1.0,1.0,0.0,0.8947541469123189,3.0,1.052,0.0,0.0,0.0,0.0,2.187548920861271,0.5632955340793551,0.5301204819277109,4.430816798843313,0.0,0.0,0.0,1.0,0.0,0.0,0.0,0.0
b4538,0.0,0.0,0.0,0.0,0.0,0.0,0.0,0.0,0.0,0.0,0.0,0.0,0.0,0.4602104074968534,0.4322033898305085,4.77912349311153,0.0,0.0,0.0,1.0,0.0,0.0,0.0,0.0
b4539,105.0,48.374,27.0,21.0,0.7264957264957265,3.660975469239281,26.0,7.268,1.0,1.0,0.0,2.9922202274087373,0.0,0.563176924497467,0.44047619047619047,4.442651256490317,0.0,0.0,1.0,5.0,0.0,0.0,0.0,0.0
b4541,8.0,4.021,1.0,1.0,0.0,0.7381032885928922,4.0,1.788,0.0,0.0,0.0,0.0,0.47856649559384334,0.46628845287280024,0.2857142857142857,4.663439094112067,0.0,0.0,0.0,1.0,0.0,0.0,0.0,0.0
b4542,57.0,22.656,8.0,5.0,0.5357142857142857,3.242260478528552,15.0,2.289,0.0,0.0,0.0,0.0,0.0,0.49203955239059816,0.5428571428571428,3.58351893845611,1.0,0.0,0.0,2.0,0.0,1.0,0.0,0.0
b4543,0.0,0.0,0.0,0.0,0.0,0.0,0.0,0.0,0.0,0.0,0.0,0.0,0.0,0.0,0.0,4.127134385045092,0.0,0.0,0.0,1.0,0.0,0.0,0.0,0.0
b4544,241.0,60.423,7.0,7.0,1.0,1.3444347934200362,219.0,50.564,6.0,6.0,1.0,2.813038333611999,0.0,0.5129751903599639,0.6396396396396397,4.718498871295094,3.0,0.0,0.0,5.0,0.0,1.0,1.0,0.0
b4545,0.0,0.0,0.0,0.0,0.0,0.0,0.0,0.0,0.0,0.0,0.0,0.0,0.0,0.40535679710235095,0.43478260869565216,3.8501476017100584,0.0,0.0,0.0,2.0,0.0,0.0,0.0,0.0
b4546,109.0,23.344,2.0,1.0,0.0,1.3662365728935053,103.0,21.35,1.0,1.0,0.0,1.2880437010519346,0.46834733041215726,0.5648818469539743,0.6527777777777778,4.290459441148391,0.0,0.0,0.0,1.0,0.0,0.0,0.0,0.0
b4547,13.0,6.904,3.0,3.0,0.0,1.184280066695653,4.0,1.762,0.0,0.0,0.0,0.0,0.6748611407378116,0.6101766135941683,0.6666666666666666,4.204692619390966,1.0,0.0,0.0,2.0,0.0,1.0,0.0,0.0
b4548,50.0,14.638,5.0,5.0,0.6,1.8499776804690575,43.0,10.173,2.0,2.0,1.0,2.868852940807587,0.0,0.5214380590884593,0.6060606060606061,4.204692619390966,0.0,0.0,0.0,1.0,0.0,0.0,0.0,0.0
b4550,100.0,71.082,59.0,57.0,0.9824663939216832,3.5300817113093133,34.0,7.607,0.0,0.0,0.0,0.0,0.0,0.4927358057425903,0.4166666666666667,4.290459441148391,0.0,0.0,0.0,5.0,0.0,0.0,0.0,0.0
b4551,258.0,73.633,8.0,6.0,0.42857142857142855,1.7355997127112401,258.0,74.312,8.0,6.0,0.42857142857142855,3.5823949196145572,1.2674064187529042,0.6807422450491815,0.45454545454545453,4.204692619390966,0.0,0.0,0.0,1.0,0.0,0.0,0.0,0.0
b4553,49.0,19.674,4.0,3.0,0.5,2.050400650626169,15.0,4.515,0.0,0.0,0.0,0.0,0.0,0.5619651756148069,0.5353535353535354,4.605170185988092,0.0,0.0,0.0,1.0,0.0,1.0,0.0,0.0
b4554,47.0,15.246,2.0,2.0,1.0,0.8701038823729588,5.0,1.352,0.0,0.0,0.0,0.0,2.3384764149129227,0.4911520186177905,0.4927536231884058,4.248495242049359,0.0,0.0,0.0,1.0,0.0,0.0,0.0,0.0
b4555,31.0,9.052,0.0,0.0,0.0,0.0,11.0,2.798,0.0,0.0,0.0,0.0,0.3384564936046048,0.5534223740527345,0.4639175257731959,4.584967478670572,0.0,0.0,0.0,1.0,0.0,0.0,0.0,0.0
b4556,0.0,0.0,0.0,0.0,0.0,0.0,0.0,0.0,0.0,0.0,0.0,0.0,0.0,0.0,0.0,5.3612921657094255,0.0,0.0,0.0,2.0,0.0,0.0,0.0,0.0
b4557,172.0,42.541,7.0,6.0,0.38095238095238093,1.2133790896623766,147.0,33.125,5.0,4.0,0.3,1.412752512839911,0.5693739096150459,0.43672516163469993,0.5294117647058824,4.454347296253507,0.0,0.0,0.0,3.0,1.0,1.0,0.0,0.0
b4558,37.0,13.665,1.0,1.0,0.0,0.5364945266643742,15.0,5.292,1.0,1.0,0.0,0.9127177912573626,2.245537342935994,0.6205012709541885,0.5671641791044776,4.219507705176107,0.0,0.0,0.0,4.0,0.0,1.0,0.0,0.0
b4559,82.0,33.806,11.0,5.0,0.36363636363636365,2.3386783055397378,5.0,2.005,0.0,0.0,0.0,0.0,0.0,0.467018373687851,0.3508771929824561,4.060443010546419,2.0,0.0,0.0,4.0,0.0,1.0,0.0,0.0
b4565,142.0,46.567,11.0,8.0,0.6181818181818182,2.4562452496612845,115.0,32.353,8.0,5.0,0.5714285714285714,3.3241552129433516,2.2878241156667793,0.5329460834258266,0.5760869565217391,4.532599493153256,0.0,0.0,1.0,2.0,1.0,0.0,3.0,0.0
b4566,171.0,37.133,1.0,1.0,0.0,0.6488885666251651,138.0,27.656,1.0,1.0,0.0,2.3754623539078814,-0.8013429130455774,0.589959282462808,0.5764705882352941,4.454347296253507,0.0,0.0,0.0,1.0,0.0,0.0,0.0,0.0
b4567,44.0,14.672,2.0,2.0,1.0,0.7557178365135805,28.0,5.76,0.0,0.0,0.0,0.0,0.0,0.43144260868378775,0.6025641025641025,4.3694478524670215,0.0,0.0,0.0,1.0,0.0,0.0,0.0,0.0
b4568,139.0,33.219,3.0,3.0,0.6666666666666666,1.045870583421431,121.0,28.035,3.0,2.0,0.6666666666666666,1.8799194225321212,0.0,0.47239070134736744,0.5283018867924528,3.9889840465642745,2.0,0.0,0.0,2.0,0.0,1.0,0.0,0.0
b4569,0.0,0.0,0.0,0.0,0.0,0.0,0.0,0.0,0.0,0.0,0.0,0.0,0.0,0.0,0.0,5.204006687076795,0.0,0.0,0.0,1.0,0.0,0.0,0.0,0.0
b4570,0.0,0.0,0.0,0.0,0.0,0.0,0.0,0.0,0.0,0.0,0.0,0.0,0.0,0.0,0.0,3.9512437185814275,0.0,0.0,0.0,1.0,0.0,0.0,0.0,0.0
b4571,0.0,0.0,0.0,0.0,0.0,0.0,0.0,0.0,0.0,0.0,0.0,0.0,0.0,0.0,0.0,5.579729825986222,0.0,0.0,1.0,3.0,0.0,0.0,0.0,0.0
b4572,207.0,60.624,8.0,6.0,0.4642857142857143,1.7453244966679826,182.0,43.022,8.0,5.0,0.5,3.0994063237015292,-1.4559319556497243,0.6163209557477922,0.6252983293556086,6.040254711277414,0.0,1.0,1.0,4.0,0.0,0.0,3.0,1.0
b4573,0.0,0.0,0.0,0.0,0.0,0.0,0.0,0.0,0.0,0.0,0.0,0.0,0.0,0.0,0.0,5.703782474656201,0.0,0.0,0.0,2.0,0.0,0.0,0.0,0.0
b4575,0.0,0.0,0.0,0.0,0.0,0.0,0.0,0.0,0.0,0.0,0.0,0.0,0.0,0.0,0.0,4.787491742782046,2.0,0.0,1.0,2.0,0.0,1.0,0.0,0.0
b4579,0.0,0.0,0.0,0.0,0.0,0.0,0.0,0.0,0.0,0.0,0.0,0.0,0.0,0.0,0.0,5.442417710521793,0.0,0.0,1.0,2.0,0.0,0.0,0.0,0.0
b4580,0.0,0.0,0.0,0.0,0.0,0.0,0.0,0.0,0.0,0.0,0.0,0.0,0.0,0.0,0.0,6.876264611890766,0.0,0.0,0.0,2.0,0.0,0.0,0.0,0.0
b4581,0.0,0.0,0.0,0.0,0.0,0.0,0.0,0.0,0.0,0.0,0.0,0.0,0.0,0.0,0.0,4.330733340286331,0.0,0.0,0.0,2.0,0.0,0.0,0.0,0.0
b4582,0.0,0.0,0.0,0.0,0.0,0.0,0.0,0.0,0.0,0.0,0.0,0.0,0.0,0.0,0.0,4.875197323201151,0.0,0.0,0.0,2.0,0.0,0.0,0.0,0.0
b4586,13.0,6.662,3.0,2.0,0.0,1.6903264356897172,0.0,0.0,0.0,0.0,0.0,0.0,0.0,0.3997188110122493,0.2893081761006289,5.075173815233827,3.0,0.0,0.0,2.0,0.0,1.0,0.0,0.0
b4588,57.0,26.463,9.0,5.0,0.5277777777777778,3.609953126560909,8.0,5.415,5.0,5.0,1.0,2.9922202274087377,0.0,0.5053064835688771,0.5454545454545454,3.5263605246161616,0.0,0.0,0.0,1.0,0.0,0.0,0.0,0.0
b4589,2.0,0.914,0.0,0.0,0.0,0.0,1.0,0.314,0.0,0.0,0.0,0.0,0.0,0.4555732796842076,0.4375,4.174387269895637,0.0,0.0,0.0,1.0,0.0,0.0,0.0,0.0
b4590,18.0,7.068,3.0,3.0,0.6666666666666666,0.9896748169824088,2.0,1.072,0.0,0.0,0.0,0.0,0.0,0.0,0.0,0.0,0.0,0.0,0.0,0.0,0.0,0.0,0.0,0.0
b4592,99.0,33.565,5.0,5.0,0.5,1.0986470576116805,9.0,4.746,2.0,2.0,1.0,1.015766940133705,0.0,0.4210749314957361,0.6666666666666666,3.4339872044851463,1.0,0.0,0.0,3.0,0.0,1.0,3.0,1.0
b4593,36.0,19.635,7.0,4.0,0.2857142857142857,2.42859060844807,3.0,2.091,2.0,2.0,1.0,2.9922202274087373,0.0,0.5487520412754282,0.42105263157894735,4.060443010546419,0.0,0.0,0.0,1.0,0.0,0.0,0.0,0.0
b4594,3.0,1.634,0.0,0.0,0.0,0.0,3.0,1.634,0.0,0.0,0.0,0.0,0.0,0.4682065052181903,0.32786885245901637,4.127134385045092,0.0,0.0,0.0,1.0,0.0,0.0,0.0,0.0
b4595,13.0,5.835,1.0,1.0,0.0,0.8436771316125814,2.0,1.016,0.0,0.0,0.0,0.0,0.9459607035775686,0.4726889885230618,0.631578947368421,4.060443010546419,0.0,0.0,0.0,1.0,0.0,0.0,0.0,0.0
b4596,28.0,16.863,12.0,4.0,0.22727272727272727,5.208264012399153,4.0,1.805,0.0,0.0,0.0,0.0,0.8802417758954804,0.5472318346865509,0.47368421052631576,4.060443010546419,0.0,0.0,0.0,1.0,0.0,0.0,0.0,0.0
b4597,0.0,0.0,0.0,0.0,0.0,0.0,0.0,0.0,0.0,0.0,0.0,0.0,0.0,0.0,0.0,0.0,0.0,0.0,0.0,0.0,0.0,0.0,1.0,0.0
b4598,50.0,19.586,5.0,3.0,0.3,2.273526062859366,2.0,0.865,0.0,0.0,0.0,0.0,0.0,0.38989648228158363,0.2903225806451613,3.4657359027997265,1.0,0.0,0.0,2.0,0.0,1.0,0.0,0.0
b4599,57.0,21.488,3.0,3.0,0.3333333333333333,0.9718874219763504,2.0,0.836,0.0,0.0,0.0,0.0,0.0,0.5920957402878697,0.45161290322580644,3.4657359027997265,1.0,0.0,0.0,5.0,0.0,1.0,0.0,0.0
b4601,45.0,12.305,1.0,1.0,0.0,0.9598704184077668,2.0,1.061,0.0,0.0,0.0,0.0,0.0,0.0,0.0,3.332204510175204,0.0,0.0,0.0,1.0,0.0,0.0,0.0,0.0
b4602,74.0,35.628,12.0,9.0,0.5454545454545454,2.5596897362595867,2.0,0.87,0.0,0.0,0.0,0.0,0.0,0.503272701557186,0.6206896551724138,3.4011973816621555,1.0,0.0,0.0,3.0,0.0,1.0,0.0,0.0
b4604,0.0,0.0,0.0,0.0,0.0,0.0,0.0,0.0,0.0,0.0,0.0,0.0,0.0,0.49352272052993224,0.3333333333333333,4.007333185232471,0.0,0.0,0.0,1.0,0.0,0.0,0.0,0.0
b4605,0.0,0.0,0.0,0.0,0.0,0.0,0.0,0.0,0.0,0.0,0.0,0.0,0.0,0.45168631988548213,0.46808510638297873,3.871201010907891,0.0,0.0,0.0,1.0,0.0,0.0,0.0,0.0
b4606,57.0,23.976,3.0,3.0,1.0,1.4120074642810647,3.0,0.936,0.0,0.0,0.0,0.0,0.0,0.0,0.0,2.995732273553991,0.0,0.0,0.0,1.0,1.0,0.0,0.0,0.0
b4610,0.0,0.0,0.0,0.0,0.0,0.0,0.0,0.0,0.0,0.0,0.0,0.0,0.0,0.5056038573677272,0.3541666666666667,3.8918202981106265,0.0,0.0,0.0,1.0,0.0,0.0,0.0,0.0
b4612,0.0,0.0,0.0,0.0,0.0,0.0,0.0,0.0,0.0,0.0,0.0,0.0,0.0,0.4616287024112108,0.3333333333333333,3.9512437185814275,0.0,0.0,0.0,1.0,0.0,0.0,0.0,0.0
b4613,65.0,24.04,7.0,5.0,0.6190476190476191,2.1505044759641123,0.0,0.0,0.0,0.0,0.0,0.0,0.0,0.0,0.0,3.332204510175204,1.0,0.0,0.0,2.0,0.0,1.0,0.0,0.0
b4615,0.0,0.0,0.0,0.0,0.0,0.0,0.0,0.0,0.0,0.0,0.0,0.0,0.0,0.392799477075168,0.2972972972972973,4.718498871295094,0.0,0.0,0.0,1.0,0.0,0.0,0.0,0.0
b4618,74.0,31.411,13.0,5.0,0.28205128205128205,3.1112337551498292,1.0,0.412,0.0,0.0,0.0,0.0,0.0,0.5367686833513824,0.5172413793103449,3.4011973816621555,1.0,0.0,0.0,4.0,0.0,1.0,0.0,0.0
b4620,24.0,13.732,12.0,4.0,0.24242424242424243,4.823011884250431,1.0,0.435,0.0,0.0,0.0,0.0,-0.45593195564972433,0.3947635769501497,0.4782608695652174,4.532599493153256,0.0,0.0,0.0,2.0,0.0,0.0,0.0,0.0
b4621,16.0,6.498,1.0,1.0,0.0,0.9513832009536848,0.0,0.0,0.0,0.0,0.0,0.0,-0.8326826652518239,0.4488998540116665,0.31343283582089554,4.219507705176107,0.0,0.0,0.0,1.0,0.0,0.0,0.0,0.0
b4622,40.0,19.712,9.0,5.0,0.3888888888888889,2.5432657748264984,15.0,5.222,3.0,3.0,1.0,2.258306478699555,0.6776069527204931,0.44893406668682756,0.5604395604395604,4.5217885770490405,2.0,0.0,0.0,2.0,0.0,1.0,0.0,0.0
b4636,0.0,0.0,0.0,0.0,0.0,0.0,0.0,0.0,0.0,0.0,0.0,0.0,0.0,0.0,0.0,4.189654742026425,0.0,0.0,0.0,2.0,0.0,0.0,0.0,0.0
b4637,32.0,11.071,2.0,2.0,0.0,1.0324204234485828,7.0,2.267,1.0,1.0,0.0,1.036416113029756,0.0,0.0,0.0,3.367295829986474,0.0,0.0,0.0,2.0,0.0,0.0,0.0,0.0
b4644,0.0,0.0,0.0,0.0,0.0,0.0,0.0,0.0,0.0,0.0,0.0,0.0,0.0,0.0,0.0,4.51085950651685,0.0,0.0,0.0,1.0,0.0,0.0,0.0,0.0
b4655,46.0,14.487,3.0,2.0,0.0,2.014415567015056,2.0,1.251,0.0,0.0,0.0,0.0,0.0,0.48139603722166946,0.4146341463414634,3.7376696182833684,1.0,0.0,0.0,1.0,0.0,1.0,0.0,0.0
b4658,0.0,0.0,0.0,0.0,0.0,0.0,0.0,0.0,0.0,0.0,0.0,0.0,0.0,0.0,0.0,4.770684624465665,0.0,0.0,0.0,1.0,0.0,0.0,0.0,0.0
b4660,0.0,0.0,0.0,0.0,0.0,0.0,0.0,0.0,0.0,0.0,0.0,0.0,0.0,0.0,0.0,6.284134161070802,0.0,0.0,0.0,2.0,0.0,0.0,0.0,0.0
b4661,0.0,0.0,0.0,0.0,0.0,0.0,0.0,0.0,0.0,0.0,0.0,0.0,0.0,0.0,0.0,6.782192056006791,0.0,0.0,0.0,3.0,0.0,1.0,0.0,0.0
b4662,59.0,21.79,5.0,3.0,0.2,1.6622381267967858,5.0,2.122,0.0,0.0,0.0,0.0,0.0,0.5693882199549635,0.5348837209302325,3.784189633918261,0.0,0.0,0.0,2.0,0.0,0.0,0.0,0.0
b4663,65.0,25.46,2.0,2.0,0.0,0.9253511520115199,3.0,1.243,0.0,0.0,0.0,0.0,0.0,0.0,0.0,3.367295829986474,0.0,0.0,0.0,2.0,0.0,1.0,0.0,0.0
b4664,34.0,13.391,4.0,4.0,1.0,1.7616817646164427,4.0,1.464,0.0,0.0,0.0,0.0,0.0,0.0,0.0,2.995732273553991,1.0,0.0,0.0,3.0,0.0,1.0,0.0,0.0
b4665,33.0,13.879,8.0,4.0,0.42857142857142855,2.8299695883566685,2.0,0.698,0.0,0.0,0.0,0.0,0.0,0.0,0.0,2.995732273553991,0.0,0.0,0.0,3.0,0.0,0.0,0.0,0.0
b4666,14.0,7.704,5.0,4.0,0.6,1.9376297720630746,4.0,1.08,0.0,0.0,0.0,0.0,0.0,0.0,0.0,2.995732273553991,0.0,0.0,0.0,3.0,0.0,0.0,0.0,0.0
b4667,32.0,11.873,4.0,4.0,1.0,1.7616817646164427,11.0,3.222,0.0,0.0,0.0,0.0,0.0,0.0,0.0,2.995732273553991,0.0,0.0,0.0,3.0,0.0,0.0,0.0,0.0
b4668,29.0,12.026,4.0,4.0,1.0,1.7616817646164427,11.0,3.992,0.0,0.0,0.0,0.0,0.0,0.0,0.0,2.9444389791664403,0.0,0.0,0.0,2.0,0.0,0.0,0.0,0.0
b4669,45.0,14.518,2.0,2.0,0.0,1.0449098807494115,2.0,0.814,0.0,0.0,0.0,0.0,0.0,0.0,0.0,2.833213344056216,0.0,0.0,0.0,1.0,0.0,0.0,0.0,0.0
b4670,47.0,20.405,8.0,5.0,0.5357142857142857,3.242260478528552,0.0,0.0,0.0,0.0,0.0,0.0,0.0,0.0,0.0,2.8903717578961645,0.0,0.0,0.0,1.0,0.0,0.0,0.0,0.0
b4671,47.0,17.067,6.0,3.0,0.13333333333333333,2.776951608067533,2.0,0.782,0.0,0.0,0.0,0.0,0.0,0.6360236004873592,0.3333333333333333,3.5263605246161616,1.0,0.0,0.0,2.0,0.0,1.0,0.0,0.0
b4672,18.0,7.825,3.0,3.0,0.0,1.2706644481103633,4.0,1.401,0.0,0.0,0.0,0.0,0.0,0.5565924772335067,0.38235294117647056,3.5553480614894135,1.0,0.0,0.0,1.0,0.0,1.0,0.0,0.0
b4673,0.0,0.0,0.0,0.0,0.0,0.0,0.0,0.0,0.0,0.0,0.0,0.0,0.0,0.0,0.0,3.091042453358316,0.0,0.0,0.0,1.0,0.0,0.0,0.0,0.0
b4674,40.0,14.219,4.0,3.0,0.5,2.003609784942743,0.0,0.0,0.0,0.0,0.0,0.0,0.0,0.0,0.0,3.091042453358316,0.0,0.0,0.0,1.0,0.0,0.0,0.0,0.0
b4675,55.0,20.521,5.0,3.0,0.2,2.2270711848465203,3.0,1.879,1.0,1.0,0.0,2.9922202274087373,0.0,0.0,0.0,3.2188758248682006,1.0,0.0,0.0,2.0,0.0,1.0,0.0,0.0
b4676,42.0,16.465,5.0,3.0,0.3,2.0731409302907045,3.0,1.879,1.0,1.0,0.0,2.9922202274087373,0.0,0.5248793417710168,0.375,3.4965075614664802,1.0,0.0,0.0,2.0,0.0,1.0,0.0,0.0
b4677,42.0,15.069,4.0,3.0,0.5,2.003609784942743,3.0,1.526,0.0,0.0,0.0,0.0,0.0,0.0,0.0,3.091042453358316,0.0,0.0,0.0,1.0,0.0,0.0,0.0,0.0
b4678,66.0,21.394,6.0,3.0,0.06666666666666667,3.2947523380391517,16.0,4.641,1.0,1.0,0.0,2.9922202274087373,0.0,0.0,0.0,3.044522437723423,0.0,0.0,0.0,1.0,0.0,0.0,0.0,0.0
b4679,46.0,18.357,4.0,3.0,0.16666666666666666,1.9632007080251939,0.0,0.0,0.0,0.0,0.0,0.0,0.0,0.0,0.0,3.332204510175204,1.0,0.0,0.0,2.0,0.0,1.0,0.0,0.0
b4680,48.0,17.29,4.0,3.0,0.16666666666666666,2.147167267492973,2.0,0.612,0.0,0.0,0.0,0.0,0.0,0.0,0.0,3.1780538303479458,1.0,0.0,0.0,2.0,0.0,1.0,0.0,0.0
b4682,40.0,15.426,4.0,3.0,0.16666666666666666,2.0383541183458536,2.0,1.27,1.0,1.0,0.0,2.9922202274087373,0.0,0.6736970527145185,0.2391304347826087,3.8501476017100584,0.0,0.0,0.0,1.0,0.0,0.0,0.0,0.0
b4683,34.0,10.875,0.0,0.0,0.0,0.0,0.0,0.0,0.0,0.0,0.0,0.0,0.0,0.0,0.0,3.295836866004329,0.0,0.0,0.0,1.0,0.0,0.0,0.0,0.0
b4684,47.0,17.264,6.0,3.0,0.2,2.5337799103137106,2.0,1.272,1.0,1.0,0.0,1.389170604022386,0.0,0.411805014017853,0.3902439024390244,3.7376696182833684,0.0,0.0,0.0,1.0,0.0,0.0,0.0,0.0
b4685,53.0,17.363,4.0,3.0,0.16666666666666666,1.65610854314295,10.0,3.23,1.0,1.0,0.0,2.9922202274087373,0.0,0.0,0.0,3.295836866004329,0.0,0.0,0.0,1.0,0.0,0.0,0.0,0.0
b4686,52.0,17.44,5.0,3.0,0.2,2.097907215553572,6.0,1.831,0.0,0.0,0.0,0.0,0.0,0.47153855689946617,0.5,3.6109179126442243,0.0,0.0,0.0,1.0,0.0,0.0,0.0,0.0
b4687,54.0,20.229,8.0,5.0,0.4642857142857143,2.2866117482419193,0.0,0.0,0.0,0.0,0.0,0.0,0.0,0.0,0.0,3.295836866004329,1.0,0.0,0.0,2.0,0.0,1.0,0.0,0.0
b4688,0.0,0.0,0.0,0.0,0.0,0.0,0.0,0.0,0.0,0.0,0.0,0.0,0.0,0.41178467937353874,0.42857142857142855,3.7612001156935624,0.0,0.0,0.0,1.0,0.0,0.0,0.0,0.0
b4689,3.0,1.35,0.0,0.0,0.0,0.0,3.0,1.35,0.0,0.0,0.0,0.0,0.0,0.5031734465547045,0.6309523809523809,4.442651256490317,0.0,0.0,0.0,2.0,0.0,1.0,0.0,0.0
b4695,0.0,0.0,0.0,0.0,0.0,0.0,0.0,0.0,0.0,0.0,0.0,0.0,0.0,0.0,0.0,4.919980925828125,0.0,0.0,0.0,1.0,0.0,0.0,0.0,0.0
b4698,0.0,0.0,0.0,0.0,0.0,0.0,0.0,0.0,0.0,0.0,0.0,0.0,0.0,0.0,0.0,0.0,0.0,0.0,0.0,0.0,0.0,0.0,1.0,0.0
b4702,35.0,12.147,2.0,2.0,0.0,1.0161322720525514,6.0,2.0,0.0,0.0,0.0,0.0,0.0,0.0,0.0,2.8903717578961645,0.0,0.0,0.0,2.0,0.0,0.0,0.0,0.0
b4703,37.0,15.215,6.0,6.0,1.0,1.232335348449795,3.0,1.113,0.0,0.0,0.0,0.0,0.0,0.6867857000678682,0.5862068965517241,3.4011973816621555,1.0,0.0,0.0,2.0,0.0,1.0,0.0,0.0
b4705,36.0,13.61,4.0,3.0,0.3333333333333333,1.2318613843740676,3.0,1.52,0.0,0.0,0.0,0.0,0.0,0.5482658899127388,0.5476190476190477,3.7612001156935624,0.0,0.0,0.0,4.0,1.0,1.0,0.0,0.0
b4706,4.0,3.023,3.0,3.0,0.0,1.2208672091725468,0.0,0.0,0.0,0.0,0.0,0.0,0.15836249209524964,0.0,0.0,3.091042453358316,0.0,0.0,0.0,2.0,0.0,0.0,0.0,0.0
b4709,0.0,0.0,0.0,0.0,0.0,0.0,0.0,0.0,0.0,0.0,0.0,0.0,0.0,0.5312352201668127,0.5494505494505495,4.5217885770490405,0.0,0.0,0.0,2.0,0.0,0.0,0.0,0.0
b4710,0.0,0.0,0.0,0.0,0.0,0.0,0.0,0.0,0.0,0.0,0.0,0.0,0.0,0.5339157128324036,0.6646706586826348,5.123963979403259,0.0,0.0,0.0,2.0,0.0,0.0,0.0,0.0
b4711,0.0,0.0,0.0,0.0,0.0,0.0,0.0,0.0,0.0,0.0,0.0,0.0,0.0,0.6013635961704563,0.7116564417177914,5.7899601708972535,0.0,0.0,0.0,2.0,0.0,0.0,0.0,0.0
b4715,0.0,0.0,0.0,0.0,0.0,0.0,0.0,0.0,0.0,0.0,0.0,0.0,0.0,0.5639153669924617,0.5764705882352941,4.454347296253507,0.0,0.0,0.0,1.0,0.0,0.0,0.0,0.0
b4720,0.0,0.0,0.0,0.0,0.0,0.0,0.0,0.0,0.0,0.0,0.0,0.0,0.0,0.5890557820253735,0.24242424242424243,3.5263605246161616,1.0,0.0,0.0,2.0,0.0,1.0,0.0,0.0
b4721,0.0,0.0,0.0,0.0,0.0,0.0,0.0,0.0,0.0,0.0,0.0,0.0,0.0,0.567989363212677,0.3191489361702128,3.871201010907891,0.0,0.0,0.0,2.0,0.0,0.0,0.0,0.0
b4722,0.0,0.0,0.0,0.0,0.0,0.0,0.0,0.0,0.0,0.0,0.0,0.0,0.0,0.0,0.0,3.332204510175204,0.0,0.0,0.0,2.0,0.0,0.0,0.0,0.0
b4723,0.0,0.0,0.0,0.0,0.0,0.0,0.0,0.0,0.0,0.0,0.0,0.0,0.0,0.5513826267262438,0.4838709677419355,4.143134726391533,0.0,0.0,0.0,1.0,0.0,0.0,0.0,0.0
b4724,0.0,0.0,0.0,0.0,0.0,0.0,0.0,0.0,0.0,0.0,0.0,0.0,0.0,0.5250063274529746,0.3225806451612903,4.143134726391533,0.0,0.0,0.0,1.0,0.0,0.0,0.0,0.0
b4725,0.0,0.0,0.0,0.0,0.0,0.0,0.0,0.0,0.0,0.0,0.0,0.0,0.0,0.42386653530151774,0.49019607843137253,3.9512437185814275,0.0,0.0,0.0,2.0,0.0,0.0,0.0,0.0
b4726,0.0,0.0,0.0,0.0,0.0,0.0,0.0,0.0,0.0,0.0,0.0,0.0,0.0,0.0,0.0,2.70805020110221,0.0,0.0,0.0,1.0,0.0,0.0,0.0,0.0
b4727,0.0,0.0,0.0,0.0,0.0,0.0,0.0,0.0,0.0,0.0,0.0,0.0,0.0,0.0,0.0,2.70805020110221,0.0,0.0,0.0,1.0,0.0,0.0,0.0,0.0
b4728,0.0,0.0,0.0,0.0,0.0,0.0,0.0,0.0,0.0,0.0,0.0,0.0,0.0,0.0,0.0,3.091042453358316,0.0,0.0,0.0,1.0,0.0,0.0,0.0,0.0
b4729,0.0,0.0,0.0,0.0,0.0,0.0,0.0,0.0,0.0,0.0,0.0,0.0,0.0,0.500758240097116,0.36486486486486486,4.31748811353631,0.0,0.0,0.0,1.0,0.0,0.0,0.0,0.0
b4730,0.0,0.0,0.0,0.0,0.0,0.0,0.0,0.0,0.0,0.0,0.0,0.0,0.0,0.0,0.0,3.2188758248682006,1.0,0.0,0.0,1.0,0.0,1.0,0.0,0.0
b4731,0.0,0.0,0.0,0.0,0.0,0.0,0.0,0.0,0.0,0.0,0.0,0.0,0.0,0.5177289255349636,0.6923076923076923,3.6888794541139363,1.0,0.0,0.0,1.0,0.0,1.0,0.0,0.0
b4732,0.0,0.0,0.0,0.0,0.0,0.0,0.0,0.0,0.0,0.0,0.0,0.0,0.0,0.0,0.0,3.332204510175204,0.0,0.0,0.0,1.0,0.0,0.0,0.0,0.0
b4733,0.0,0.0,0.0,0.0,0.0,0.0,0.0,0.0,0.0,0.0,0.0,0.0,0.0,0.4396974541674436,0.30612244897959184,3.912023005428146,0.0,0.0,0.0,1.0,0.0,0.0,0.0,0.0
b4734,0.0,0.0,0.0,0.0,0.0,0.0,0.0,0.0,0.0,0.0,0.0,0.0,0.0,0.5557135088728669,0.5862068965517241,3.4011973816621555,1.0,0.0,0.0,1.0,0.0,1.0,0.0,0.0
b4735,0.0,0.0,0.0,0.0,0.0,0.0,0.0,0.0,0.0,0.0,0.0,0.0,0.0,0.49357376178123463,0.2857142857142857,3.58351893845611,0.0,0.0,0.0,1.0,0.0,0.0,0.0,0.0
b4736,0.0,0.0,0.0,0.0,0.0,0.0,0.0,0.0,0.0,0.0,0.0,0.0,0.0,0.0,0.0,3.091042453358316,0.0,0.0,0.0,1.0,0.0,0.0,0.0,0.0
b4737,0.0,0.0,0.0,0.0,0.0,0.0,0.0,0.0,0.0,0.0,0.0,0.0,0.0,0.0,0.0,2.1972245773362196,0.0,0.0,0.0,1.0,0.0,0.0,0.0,0.0
b4738,0.0,0.0,0.0,0.0,0.0,0.0,0.0,0.0,0.0,0.0,0.0,0.0,0.0,0.0,0.0,2.70805020110221,0.0,0.0,0.0,1.0,0.0,0.0,0.0,0.0
b4739,0.0,0.0,0.0,0.0,0.0,0.0,0.0,0.0,0.0,0.0,0.0,0.0,0.0,0.42237091866453863,0.3888888888888889,3.6109179126442243,0.0,0.0,0.0,1.0,0.0,0.0,0.0,0.0
b4740,0.0,0.0,0.0,0.0,0.0,0.0,0.0,0.0,0.0,0.0,0.0,0.0,0.0,0.49425118288052694,0.6268656716417911,4.219507705176107,0.0,0.0,0.0,1.0,0.0,0.0,0.0,0.0
b4741,0.0,0.0,0.0,0.0,0.0,0.0,0.0,0.0,0.0,0.0,0.0,0.0,0.0,0.604490566007729,0.7096774193548387,3.4657359027997265,1.0,0.0,0.0,1.0,0.0,1.0,0.0,0.0
b4742,0.0,0.0,0.0,0.0,0.0,0.0,0.0,0.0,0.0,0.0,0.0,0.0,0.0,0.3758660496903674,0.5555555555555556,4.007333185232471,0.0,0.0,0.0,1.0,0.0,0.0,0.0,0.0
b4743,0.0,0.0,0.0,0.0,0.0,0.0,0.0,0.0,0.0,0.0,0.0,0.0,0.0,0.4259726001968405,0.43859649122807015,4.060443010546419,0.0,0.0,0.0,1.0,0.0,0.0,0.0,0.0
b4744,0.0,0.0,0.0,0.0,0.0,0.0,0.0,0.0,0.0,0.0,0.0,0.0,0.0,0.40403412781604353,0.43243243243243246,3.6375861597263857,1.0,0.0,0.0,1.0,0.0,1.0,0.0,0.0
b4745,0.0,0.0,0.0,0.0,0.0,0.0,0.0,0.0,0.0,0.0,0.0,0.0,0.0,0.6363786806077744,0.39344262295081966,4.127134385045092,1.0,0.0,0.0,1.0,0.0,1.0,0.0,0.0
b4746,0.0,0.0,0.0,0.0,0.0,0.0,0.0,0.0,0.0,0.0,0.0,0.0,0.0,0.0,0.0,2.6390573296152584,0.0,0.0,0.0,1.0,0.0,0.0,0.0,0.0
b4747,0.0,0.0,0.0,0.0,0.0,0.0,0.0,0.0,0.0,0.0,0.0,0.0,0.0,0.3425545223587616,0.4,3.713572066704308,0.0,0.0,0.0,1.0,0.0,0.0,0.0,0.0
b4748,0.0,0.0,0.0,0.0,0.0,0.0,0.0,0.0,0.0,0.0,0.0,0.0,0.0,0.4272925372210853,0.43243243243243246,3.6375861597263857,1.0,0.0,0.0,2.0,0.0,1.0,0.0,0.0
b4749,0.0,0.0,0.0,0.0,0.0,0.0,0.0,0.0,0.0,0.0,0.0,0.0,0.0,0.0,0.0,3.091042453358316,0.0,0.0,0.0,1.0,0.0,0.0,0.0,0.0
b4750,0.0,0.0,0.0,0.0,0.0,0.0,0.0,0.0,0.0,0.0,0.0,0.0,0.0,0.34392500070038196,0.4482758620689655,3.4011973816621555,1.0,0.0,0.0,1.0,0.0,1.0,0.0,0.0
b4751,0.0,0.0,0.0,0.0,0.0,0.0,0.0,0.0,0.0,0.0,0.0,0.0,0.0,0.4904011221028697,0.5,3.970291913552122,0.0,0.0,0.0,2.0,0.0,0.0,0.0,0.0
b4752,0.0,0.0,0.0,0.0,0.0,0.0,0.0,0.0,0.0,0.0,0.0,0.0,0.0,0.4851750156274083,0.41379310344827586,4.07753744390572,0.0,0.0,0.0,1.0,0.0,0.0,0.0,0.0
b4753,0.0,0.0,0.0,0.0,0.0,0.0,0.0,0.0,0.0,0.0,0.0,0.0,0.0,0.0,0.0,3.1780538303479458,0.0,0.0,0.0,1.0,0.0,0.0,0.0,0.0
b4754,0.0,0.0,0.0,0.0,0.0,0.0,0.0,0.0,0.0,0.0,0.0,0.0,0.0,0.0,0.0,3.332204510175204,0.0,0.0,0.0,1.0,0.0,0.0,0.0,0.0
b4755,0.0,0.0,0.0,0.0,0.0,0.0,0.0,0.0,0.0,0.0,0.0,0.0,0.0,0.5059752913535976,0.5957446808510638,3.871201010907891,0.0,0.0,0.0,1.0,0.0,0.0,0.0,0.0
b4756,0.0,0.0,0.0,0.0,0.0,0.0,0.0,0.0,0.0,0.0,0.0,0.0,0.0,0.48752590664475465,0.5178571428571429,4.04305126783455,1.0,0.0,0.0,1.0,0.0,1.0,0.0,0.0
b4757,0.0,0.0,0.0,0.0,0.0,0.0,0.0,0.0,0.0,0.0,0.0,0.0,0.0,0.0,0.0,3.295836866004329,0.0,0.0,0.0,1.0,0.0,0.0,0.0,0.0
b4765,0.0,0.0,0.0,0.0,0.0,0.0,0.0,0.0,0.0,0.0,0.0,0.0,0.0,0.0,0.0,2.772588722239781,0.0,0.0,0.0,1.0,0.0,0.0,0.0,0.0
b4766,0.0,0.0,0.0,0.0,0.0,0.0,0.0,0.0,0.0,0.0,0.0,0.0,0.0,0.5977936643454511,0.3225806451612903,3.4657359027997265,0.0,0.0,0.0,2.0,0.0,0.0,0.0,0.0
b4767,0.0,0.0,0.0,0.0,0.0,0.0,0.0,0.0,0.0,0.0,0.0,0.0,0.0,0.0,0.0,2.9444389791664403,0.0,0.0,0.0,1.0,0.0,0.0,0.0,0.0
b4768,0.0,0.0,0.0,0.0,0.0,0.0,0.0,0.0,0.0,0.0,0.0,0.0,0.0,0.0,0.0,2.3978952727983707,0.0,0.0,0.0,1.0,0.0,0.0,0.0,0.0
b4769,0.0,0.0,0.0,0.0,0.0,0.0,0.0,0.0,0.0,0.0,0.0,0.0,0.0,0.0,0.0,2.995732273553991,0.0,0.0,0.0,1.0,0.0,0.0,0.0,0.0
b4770,0.0,0.0,0.0,0.0,0.0,0.0,0.0,0.0,0.0,0.0,0.0,0.0,0.0,0.0,0.0,3.2188758248682006,0.0,0.0,0.0,1.0,0.0,0.0,0.0,0.0
b4771,0.0,0.0,0.0,0.0,0.0,0.0,0.0,0.0,0.0,0.0,0.0,0.0,0.0,0.0,0.0,2.8903717578961645,0.0,0.0,0.0,1.0,0.0,0.0,0.0,0.0
b4772,0.0,0.0,0.0,0.0,0.0,0.0,0.0,0.0,0.0,0.0,0.0,0.0,0.0,0.36842031549043996,0.30952380952380953,3.7612001156935624,0.0,0.0,0.0,1.0,0.0,0.0,0.0,0.0
b4773,0.0,0.0,0.0,0.0,0.0,0.0,0.0,0.0,0.0,0.0,0.0,0.0,0.0,0.0,0.0,2.772588722239781,0.0,0.0,0.0,1.0,0.0,0.0,0.0,0.0
b4774,0.0,0.0,0.0,0.0,0.0,0.0,0.0,0.0,0.0,0.0,0.0,0.0,0.0,0.0,0.0,3.1354942159291497,0.0,0.0,0.0,1.0,0.0,0.0,0.0,0.0
b4775,0.0,0.0,0.0,0.0,0.0,0.0,0.0,0.0,0.0,0.0,0.0,0.0,0.0,0.41065362935793037,0.47058823529411764,3.5553480614894135,0.0,0.0,0.0,1.0,0.0,0.0,0.0,0.0
b4776,0.0,0.0,0.0,0.0,0.0,0.0,0.0,0.0,0.0,0.0,0.0,0.0,0.0,0.5439772221880278,0.35714285714285715,4.04305126783455,0.0,1.0,0.0,1.0,0.0,0.0,0.0,0.0
b4777,0.0,0.0,0.0,0.0,0.0,0.0,0.0,0.0,0.0,0.0,0.0,0.0,0.0,0.4603792303329616,0.5757575757575758,3.5263605246161616,0.0,0.0,0.0,1.0,0.0,0.0,0.0,0.0
b4778,0.0,0.0,0.0,0.0,0.0,0.0,0.0,0.0,0.0,0.0,0.0,0.0,0.0,0.0,0.0,2.70805020110221,0.0,0.0,0.0,1.0,0.0,0.0,0.0,0.0
b4779,0.0,0.0,0.0,0.0,0.0,0.0,0.0,0.0,0.0,0.0,0.0,0.0,0.0,0.0,0.0,2.4849066497880004,0.0,0.0,0.0,1.0,0.0,0.0,0.0,0.0
b4780,0.0,0.0,0.0,0.0,0.0,0.0,0.0,0.0,0.0,0.0,0.0,0.0,0.0,0.3314368681086521,0.2708333333333333,3.8918202981106265,0.0,0.0,0.0,1.0,0.0,0.0,0.0,0.0
b4781,0.0,0.0,0.0,0.0,0.0,0.0,0.0,0.0,0.0,0.0,0.0,0.0,0.0,0.0,0.0,2.302585092994046,0.0,0.0,0.0,1.0,0.0,0.0,0.0,0.0
b4782,0.0,0.0,0.0,0.0,0.0,0.0,0.0,0.0,0.0,0.0,0.0,0.0,0.0,0.0,0.0,2.6390573296152584,0.0,0.0,0.0,2.0,0.0,0.0,0.0,0.0
b4783,0.0,0.0,0.0,0.0,0.0,0.0,0.0,0.0,0.0,0.0,0.0,0.0,0.0,0.0,0.0,3.044522437723423,0.0,0.0,0.0,1.0,0.0,0.0,0.0,0.0
b4784,0.0,0.0,0.0,0.0,0.0,0.0,0.0,0.0,0.0,0.0,0.0,0.0,0.0,0.4934719080877287,0.46808510638297873,3.871201010907891,0.0,0.0,0.0,1.0,0.0,0.0,0.0,0.0
b4785,0.0,0.0,0.0,0.0,0.0,0.0,0.0,0.0,0.0,0.0,0.0,0.0,0.0,0.0,0.0,3.332204510175204,0.0,0.0,0.0,1.0,0.0,0.0,0.0,0.0
b4786,0.0,0.0,0.0,0.0,0.0,0.0,0.0,0.0,0.0,0.0,0.0,0.0,0.0,0.0,0.0,2.995732273553991,0.0,0.0,0.0,1.0,0.0,0.0,0.0,0.0
b4787,0.0,0.0,0.0,0.0,0.0,0.0,0.0,0.0,0.0,0.0,0.0,0.0,0.0,0.0,0.0,3.332204510175204,0.0,0.0,0.0,1.0,0.0,0.0,0.0,0.0
b4788,0.0,0.0,0.0,0.0,0.0,0.0,0.0,0.0,0.0,0.0,0.0,0.0,0.0,0.0,0.0,2.6390573296152584,0.0,0.0,0.0,1.0,0.0,0.0,0.0,0.0
b4789,0.0,0.0,0.0,0.0,0.0,0.0,0.0,0.0,0.0,0.0,0.0,0.0,0.0,0.0,0.0,2.302585092994046,0.0,0.0,0.0,1.0,0.0,0.0,0.0,0.0
b4790,0.0,0.0,0.0,0.0,0.0,0.0,0.0,0.0,0.0,0.0,0.0,0.0,0.0,0.3691059803306899,0.4864864864864865,3.6375861597263857,0.0,0.0,0.0,1.0,0.0,0.0,0.0,0.0
b4791,0.0,0.0,0.0,0.0,0.0,0.0,0.0,0.0,0.0,0.0,0.0,0.0,0.0,0.0,0.0,3.2188758248682006,0.0,0.0,0.0,1.0,0.0,0.0,0.0,0.0
b4792,0.0,0.0,0.0,0.0,0.0,0.0,0.0,0.0,0.0,0.0,0.0,0.0,0.0,0.0,0.0,2.8903717578961645,0.0,0.0,0.0,1.0,0.0,0.0,0.0,0.0
b4793,0.0,0.0,0.0,0.0,0.0,0.0,0.0,0.0,0.0,0.0,0.0,0.0,0.0,0.0,0.0,3.1780538303479458,0.0,0.0,0.0,1.0,0.0,0.0,0.0,0.0
b4794,0.0,0.0,0.0,0.0,0.0,0.0,0.0,0.0,0.0,0.0,0.0,0.0,0.0,0.0,0.0,2.1972245773362196,0.0,0.0,0.0,2.0,0.0,0.0,0.0,0.0
b4795,0.0,0.0,0.0,0.0,0.0,0.0,0.0,0.0,0.0,0.0,0.0,0.0,0.0,0.35341038764672045,0.2875,4.394449154672439,0.0,0.0,0.0,2.0,0.0,0.0,0.0,0.0
b4796,0.0,0.0,0.0,0.0,0.0,0.0,0.0,0.0,0.0,0.0,0.0,0.0,0.0,0.41361948120793995,0.3888888888888889,3.6109179126442243,0.0,0.0,0.0,1.0,0.0,0.0,0.0,0.0
b4797,0.0,0.0,0.0,0.0,0.0,0.0,0.0,0.0,0.0,0.0,0.0,0.0,0.0,0.0,0.0,2.995732273553991,0.0,0.0,0.0,1.0,0.0,0.0,0.0,0.0
b4798,0.0,0.0,0.0,0.0,0.0,0.0,0.0,0.0,0.0,0.0,0.0,0.0,0.0,0.0,0.0,3.2188758248682006,0.0,0.0,0.0,1.0,0.0,0.0,0.0,0.0
b4799,0.0,0.0,0.0,0.0,0.0,0.0,0.0,0.0,0.0,0.0,0.0,0.0,0.0,0.0,0.0,2.9444389791664403,0.0,0.0,0.0,1.0,0.0,0.0,0.0,0.0
b4800,0.0,0.0,0.0,0.0,0.0,0.0,0.0,0.0,0.0,0.0,0.0,0.0,0.0,0.0,0.0,2.833213344056216,0.0,0.0,0.0,1.0,0.0,0.0,0.0,0.0
b4801,0.0,0.0,0.0,0.0,0.0,0.0,0.0,0.0,0.0,0.0,0.0,0.0,0.0,0.0,0.0,3.1354942159291497,0.0,0.0,0.0,1.0,0.0,0.0,0.0,0.0
b4802,0.0,0.0,0.0,0.0,0.0,0.0,0.0,0.0,0.0,0.0,0.0,0.0,0.0,0.38533449650393425,0.4375,3.4965075614664802,0.0,0.0,0.0,1.0,0.0,0.0,0.0,0.0
b4803,0.0,0.0,0.0,0.0,0.0,0.0,0.0,0.0,0.0,0.0,0.0,0.0,0.0,0.5343719232127915,0.5294117647058824,3.5553480614894135,0.0,0.0,0.0,5.0,0.0,0.0,0.0,0.0
b4812,0.0,0.0,0.0,0.0,0.0,0.0,0.0,0.0,0.0,0.0,0.0,0.0,0.0,0.5023664081524062,0.5609756097560976,3.7376696182833684,1.0,0.0,0.0,2.0,0.0,1.0,0.0,0.0
b4815,0.0,0.0,0.0,0.0,0.0,0.0,0.0,0.0,0.0,0.0,0.0,0.0,0.0,0.0,0.0,2.3978952727983707,0.0,0.0,0.0,1.0,0.0,0.0,0.0,0.0
b4816,0.0,0.0,0.0,0.0,0.0,0.0,0.0,0.0,0.0,0.0,0.0,0.0,0.0,0.0,0.0,2.995732273553991,0.0,0.0,0.0,1.0,0.0,0.0,0.0,0.0
b4817,0.0,0.0,0.0,0.0,0.0,0.0,0.0,0.0,0.0,0.0,0.0,0.0,0.0,0.40394004738917766,0.46875,4.174387269895637,0.0,0.0,0.0,1.0,0.0,0.0,0.0,0.0
b4818,0.0,0.0,0.0,0.0,0.0,0.0,0.0,0.0,0.0,0.0,0.0,0.0,0.0,0.0,0.0,2.833213344056216,0.0,0.0,0.0,1.0,0.0,0.0,0.0,0.0
b4819,0.0,0.0,0.0,0.0,0.0,0.0,0.0,0.0,0.0,0.0,0.0,0.0,0.0,0.4658085261207832,0.41379310344827586,3.4011973816621555,0.0,0.0,0.0,1.0,0.0,0.0,0.0,0.0
b4820,0.0,0.0,0.0,0.0,0.0,0.0,0.0,0.0,0.0,0.0,0.0,0.0,0.0,0.0,0.0,2.8903717578961645,0.0,0.0,0.0,1.0,0.0,0.0,0.0,0.0
b4821,0.0,0.0,0.0,0.0,0.0,0.0,0.0,0.0,0.0,0.0,0.0,0.0,0.0,0.0,0.0,2.9444389791664403,0.0,0.0,0.0,1.0,0.0,0.0,0.0,0.0
b4822,0.0,0.0,0.0,0.0,0.0,0.0,0.0,0.0,0.0,0.0,0.0,0.0,0.0,0.0,0.0,2.9444389791664403,0.0,0.0,0.0,1.0,0.0,0.0,0.0,0.0
b4823,0.0,0.0,0.0,0.0,0.0,0.0,0.0,0.0,0.0,0.0,0.0,0.0,0.0,0.0,0.0,2.4849066497880004,0.0,0.0,0.0,1.0,0.0,0.0,0.0,0.0
b4824,0.0,0.0,0.0,0.0,0.0,0.0,0.0,0.0,0.0,0.0,0.0,0.0,0.0,0.0,0.0,2.8903717578961645,0.0,0.0,0.0,1.0,0.0,0.0,0.0,0.0
b4837,0.0,0.0,0.0,0.0,0.0,0.0,0.0,0.0,0.0,0.0,0.0,0.0,0.0,0.0,0.0,2.772588722239781,0.0,0.0,0.0,4.0,0.0,0.0,0.0,0.0
b4845,0.0,0.0,0.0,0.0,0.0,0.0,0.0,0.0,0.0,0.0,0.0,0.0,0.0,0.3679884921409641,0.48333333333333334,4.110873864173311,0.0,0.0,0.0,2.0,0.0,0.0,0.0,0.0
b4847,0.0,0.0,0.0,0.0,0.0,0.0,0.0,0.0,0.0,0.0,0.0,0.0,0.0,0.0,0.0,4.875197323201151,0.0,0.0,0.0,1.0,0.0,0.0,0.0,0.0
